기준년월,행정동코드,행정동명,나이대,평균주거인구수,평균직장인구수,평균방문인구수
202412,2611051000,중구 중앙동,20대,622,843,1094
202412,2611051000,중구 중앙동,20대미만,322,67,376
202412,2611051000,중구 중앙동,30대,616,1246,1222
202412,2611051000,중구 중앙동,40대,631,1103,1173
202412,2611051000,중구 중앙동,50대,862,1135,1286
202412,2611051000,중구 중앙동,60대이상,1826,672,1809
202412,2611052000,중구 동광동,20대,117,61,154
202412,2611052000,중구 동광동,20대미만,37,4,48
202412,2611052000,중구 동광동,30대,139,78,142
202412,2611052000,중구 동광동,40대,186,113,164
202412,2611052000,중구 동광동,50대,272,107,202
202412,2611052000,중구 동광동,60대이상,1053,98,339
202412,2611053000,중구 대청동,20대,514,177,345
202412,2611053000,중구 대청동,20대미만,227,68,151
202412,2611053000,중구 대청동,30대,393,275,312
202412,2611053000,중구 대청동,40대,515,231,299
202412,2611053000,중구 대청동,50대,724,248,357
202412,2611053000,중구 대청동,60대이상,2095,247,642
202412,2611054500,중구 보수동,20대,1034,116,223
202412,2611054500,중구 보수동,20대미만,388,38,97
202412,2611054500,중구 보수동,30대,542,66,155
202412,2611054500,중구 보수동,40대,664,92,185
202412,2611054500,중구 보수동,50대,1105,148,240
202412,2611054500,중구 보수동,60대이상,2356,134,528
202412,2611056000,중구 부평동,20대,283,127,868
202412,2611056000,중구 부평동,20대미만,160,15,246
202412,2611056000,중구 부평동,30대,263,192,724
202412,2611056000,중구 부평동,40대,331,202,751
202412,2611056000,중구 부평동,50대,503,259,1002
202412,2611056000,중구 부평동,60대이상,1585,325,1805
202412,2611057000,중구 광복동,20대,34,104,253
202412,2611057000,중구 광복동,20대미만,6,31,137
202412,2611057000,중구 광복동,30대,13,68,201
202412,2611057000,중구 광복동,40대,47,84,238
202412,2611057000,중구 광복동,50대,36,100,264
202412,2611057000,중구 광복동,60대이상,194,183,417
202412,2611058000,중구 남포동,20대,215,321,1020
202412,2611058000,중구 남포동,20대미만,43,16,522
202412,2611058000,중구 남포동,30대,240,392,871
202412,2611058000,중구 남포동,40대,255,373,995
202412,2611058000,중구 남포동,50대,393,495,1444
202412,2611058000,중구 남포동,60대이상,1045,787,3235
202412,2611059000,중구 영주1동,20대,49,16,68
202412,2611059000,중구 영주1동,20대미만,13,0,16
202412,2611059000,중구 영주1동,30대,36,18,56
202412,2611059000,중구 영주1동,40대,38,20,59
202412,2611059000,중구 영주1동,50대,52,17,85
202412,2611059000,중구 영주1동,60대이상,138,21,121
202412,2611060000,중구 영주2동,20대,372,44,120
202412,2611060000,중구 영주2동,20대미만,253,22,75
202412,2611060000,중구 영주2동,30대,368,46,121
202412,2611060000,중구 영주2동,40대,507,54,141
202412,2611060000,중구 영주2동,50대,882,90,196
202412,2611060000,중구 영주2동,60대이상,2680,88,461
202412,2614051000,서구 동대신1동,20대,327,28,160
202412,2614051000,서구 동대신1동,20대미만,255,28,124
202412,2614051000,서구 동대신1동,30대,395,42,145
202412,2614051000,서구 동대신1동,40대,450,49,158
202412,2614051000,서구 동대신1동,50대,565,62,214
202412,2614051000,서구 동대신1동,60대이상,1516,88,421
202412,2614052000,서구 동대신2동,20대,141,13,54
202412,2614052000,서구 동대신2동,20대미만,127,9,48
202412,2614052000,서구 동대신2동,30대,147,9,39
202412,2614052000,서구 동대신2동,40대,306,30,64
202412,2614052000,서구 동대신2동,50대,413,37,84
202412,2614052000,서구 동대신2동,60대이상,1460,41,207
202412,2614053000,서구 동대신3동,20대,718,291,495
202412,2614053000,서구 동대신3동,20대미만,498,184,355
202412,2614053000,서구 동대신3동,30대,478,252,407
202412,2614053000,서구 동대신3동,40대,623,249,504
202412,2614053000,서구 동대신3동,50대,766,274,640
202412,2614053000,서구 동대신3동,60대이상,2208,196,1373
202412,2614054000,서구 서대신1동,20대,1073,157,312
202412,2614054000,서구 서대신1동,20대미만,1218,17,214
202412,2614054000,서구 서대신1동,30대,1264,184,286
202412,2614054000,서구 서대신1동,40대,1736,228,362
202412,2614054000,서구 서대신1동,50대,1600,251,470
202412,2614054000,서구 서대신1동,60대이상,3857,246,860
202412,2614056000,서구 서대신3동,20대,260,41,94
202412,2614056000,서구 서대신3동,20대미만,317,130,141
202412,2614056000,서구 서대신3동,30대,244,61,101
202412,2614056000,서구 서대신3동,40대,404,92,138
202412,2614056000,서구 서대신3동,50대,458,75,189
202412,2614056000,서구 서대신3동,60대이상,1084,71,355
202412,2614057000,서구 서대신4동,20대,446,59,190
202412,2614057000,서구 서대신4동,20대미만,572,57,124
202412,2614057000,서구 서대신4동,30대,427,67,136
202412,2614057000,서구 서대신4동,40대,696,73,194
202412,2614057000,서구 서대신4동,50대,806,103,279
202412,2614057000,서구 서대신4동,60대이상,1968,107,556
202412,2614059000,서구 부민동,20대,604,169,336
202412,2614059000,서구 부민동,20대미만,408,25,147
202412,2614059000,서구 부민동,30대,374,62,120
202412,2614059000,서구 부민동,40대,448,74,133
202412,2614059000,서구 부민동,50대,480,73,181
202412,2614059000,서구 부민동,60대이상,1331,70,283
202412,2614061500,서구 아미동,20대,488,53,223
202412,2614061500,서구 아미동,20대미만,176,2,52
202412,2614061500,서구 아미동,30대,483,113,272
202412,2614061500,서구 아미동,40대,395,82,227
202412,2614061500,서구 아미동,50대,631,93,293
202412,2614061500,서구 아미동,60대이상,2691,102,625
202412,2614063000,서구 초장동,20대,169,43,113
202412,2614063000,서구 초장동,20대미만,112,43,62
202412,2614063000,서구 초장동,30대,189,13,63
202412,2614063000,서구 초장동,40대,297,28,95
202412,2614063000,서구 초장동,50대,458,57,155
202412,2614063000,서구 초장동,60대이상,1731,57,327
202412,2614064000,서구 충무동,20대,543,84,142
202412,2614064000,서구 충무동,20대미만,306,95,91
202412,2614064000,서구 충무동,30대,438,125,134
202412,2614064000,서구 충무동,40대,553,152,184
202412,2614064000,서구 충무동,50대,766,183,279
202412,2614064000,서구 충무동,60대이상,2136,179,625
202412,2614065000,서구 남부민1동,20대,142,12,50
202412,2614065000,서구 남부민1동,20대미만,54,4,28
202412,2614065000,서구 남부민1동,30대,86,28,58
202412,2614065000,서구 남부민1동,40대,173,40,85
202412,2614065000,서구 남부민1동,50대,447,68,128
202412,2614065000,서구 남부민1동,60대이상,1228,58,296
202412,2614066000,서구 남부민2동,20대,389,66,220
202412,2614066000,서구 남부민2동,20대미만,338,43,162
202412,2614066000,서구 남부민2동,30대,398,76,269
202412,2614066000,서구 남부민2동,40대,595,89,305
202412,2614066000,서구 남부민2동,50대,945,101,394
202412,2614066000,서구 남부민2동,60대이상,3186,124,800
202412,2614068000,서구 암남동,20대,1097,335,670
202412,2614068000,서구 암남동,20대미만,818,59,228
202412,2614068000,서구 암남동,30대,1231,438,682
202412,2614068000,서구 암남동,40대,1522,516,860
202412,2614068000,서구 암남동,50대,2031,621,1130
202412,2614068000,서구 암남동,60대이상,5060,455,1808
202412,2617051000,동구 초량1동,20대,174,148,387
202412,2617051000,동구 초량1동,20대미만,112,25,108
202412,2617051000,동구 초량1동,30대,161,223,386
202412,2617051000,동구 초량1동,40대,234,188,348
202412,2617051000,동구 초량1동,50대,352,172,408
202412,2617051000,동구 초량1동,60대이상,1069,147,595
202412,2617052000,동구 초량2동,20대,280,139,630
202412,2617052000,동구 초량2동,20대미만,220,96,238
202412,2617052000,동구 초량2동,30대,276,183,516
202412,2617052000,동구 초량2동,40대,393,168,497
202412,2617052000,동구 초량2동,50대,657,194,649
202412,2617052000,동구 초량2동,60대이상,2076,209,1244
202412,2617053000,동구 초량3동,20대,1059,458,1293
202412,2617053000,동구 초량3동,20대미만,658,95,443
202412,2617053000,동구 초량3동,30대,1635,578,1290
202412,2617053000,동구 초량3동,40대,1425,531,1253
202412,2617053000,동구 초량3동,50대,1258,585,1604
202412,2617053000,동구 초량3동,60대이상,2222,421,2095
202412,2617055000,동구 초량6동,20대,93,28,133
202412,2617055000,동구 초량6동,20대미만,62,31,122
202412,2617055000,동구 초량6동,30대,95,21,134
202412,2617055000,동구 초량6동,40대,102,30,144
202412,2617055000,동구 초량6동,50대,213,47,140
202412,2617055000,동구 초량6동,60대이상,536,27,185
202412,2617056000,동구 수정1동,20대,287,68,161
202412,2617056000,동구 수정1동,20대미만,283,35,101
202412,2617056000,동구 수정1동,30대,257,81,177
202412,2617056000,동구 수정1동,40대,386,76,160
202412,2617056000,동구 수정1동,50대,474,91,198
202412,2617056000,동구 수정1동,60대이상,1395,81,384
202412,2617057000,동구 수정2동,20대,407,80,108
202412,2617057000,동구 수정2동,20대미만,358,82,102
202412,2617057000,동구 수정2동,30대,626,123,152
202412,2617057000,동구 수정2동,40대,629,148,168
202412,2617057000,동구 수정2동,50대,853,172,292
202412,2617057000,동구 수정2동,60대이상,2816,149,528
202412,2617059000,동구 수정4동,20대,123,18,29
202412,2617059000,동구 수정4동,20대미만,93,0,26
202412,2617059000,동구 수정4동,30대,123,8,33
202412,2617059000,동구 수정4동,40대,191,18,39
202412,2617059000,동구 수정4동,50대,400,22,65
202412,2617059000,동구 수정4동,60대이상,1321,32,167
202412,2617060000,동구 수정5동,20대,269,25,39
202412,2617060000,동구 수정5동,20대미만,235,30,43
202412,2617060000,동구 수정5동,30대,217,31,51
202412,2617060000,동구 수정5동,40대,373,45,69
202412,2617060000,동구 수정5동,50대,607,58,89
202412,2617060000,동구 수정5동,60대이상,2143,49,211
202412,2617064500,동구 좌천동,20대,230,27,189
202412,2617064500,동구 좌천동,20대미만,120,27,129
202412,2617064500,동구 좌천동,30대,260,36,227
202412,2617064500,동구 좌천동,40대,250,45,232
202412,2617064500,동구 좌천동,50대,440,78,322
202412,2617064500,동구 좌천동,60대이상,1445,77,772
202412,2617065000,동구 범일1동,20대,574,65,192
202412,2617065000,동구 범일1동,20대미만,279,40,77
202412,2617065000,동구 범일1동,30대,656,105,249
202412,2617065000,동구 범일1동,40대,770,130,232
202412,2617065000,동구 범일1동,50대,1101,171,287
202412,2617065000,동구 범일1동,60대이상,4078,204,630
202412,2617066000,동구 범일2동,20대,593,403,613
202412,2617066000,동구 범일2동,20대미만,336,69,190
202412,2617066000,동구 범일2동,30대,713,726,820
202412,2617066000,동구 범일2동,40대,678,897,848
202412,2617066000,동구 범일2동,50대,931,1027,1157
202412,2617066000,동구 범일2동,60대이상,2234,903,2099
202412,2617068000,동구 범일5동,20대,542,72,348
202412,2617068000,동구 범일5동,20대미만,409,92,207
202412,2617068000,동구 범일5동,30대,1364,128,448
202412,2617068000,동구 범일5동,40대,1029,176,485
202412,2617068000,동구 범일5동,50대,850,222,608
202412,2617068000,동구 범일5동,60대이상,1680,324,1265
202412,2620053000,영도구 남항동,20대,592,197,472
202412,2620053000,영도구 남항동,20대미만,419,26,204
202412,2620053000,영도구 남항동,30대,621,252,492
202412,2620053000,영도구 남항동,40대,848,343,651
202412,2620053000,영도구 남항동,50대,1350,466,929
202412,2620053000,영도구 남항동,60대이상,4262,529,1875
202412,2620054000,영도구 영선1동,20대,68,13,45
202412,2620054000,영도구 영선1동,20대미만,51,3,33
202412,2620054000,영도구 영선1동,30대,62,17,59
202412,2620054000,영도구 영선1동,40대,135,33,83
202412,2620054000,영도구 영선1동,50대,196,58,132
202412,2620054000,영도구 영선1동,60대이상,545,84,285
202412,2620055000,영도구 영선2동,20대,419,51,180
202412,2620055000,영도구 영선2동,20대미만,387,66,108
202412,2620055000,영도구 영선2동,30대,423,50,132
202412,2620055000,영도구 영선2동,40대,501,69,132
202412,2620055000,영도구 영선2동,50대,888,90,201
202412,2620055000,영도구 영선2동,60대이상,2921,117,439
202412,2620058500,영도구 신선동,20대,264,30,64
202412,2620058500,영도구 신선동,20대미만,229,115,104
202412,2620058500,영도구 신선동,30대,294,44,85
202412,2620058500,영도구 신선동,40대,540,64,112
202412,2620058500,영도구 신선동,50대,829,88,165
202412,2620058500,영도구 신선동,60대이상,2956,71,370
202412,2620059000,영도구 봉래1동,20대,268,32,153
202412,2620059000,영도구 봉래1동,20대미만,295,4,105
202412,2620059000,영도구 봉래1동,30대,302,79,195
202412,2620059000,영도구 봉래1동,40대,463,95,240
202412,2620059000,영도구 봉래1동,50대,598,156,290
202412,2620059000,영도구 봉래1동,60대이상,2002,189,568
202412,2620060500,영도구 봉래2동,20대,363,54,161
202412,2620060500,영도구 봉래2동,20대미만,323,31,117
202412,2620060500,영도구 봉래2동,30대,475,75,179
202412,2620060500,영도구 봉래2동,40대,526,153,221
202412,2620060500,영도구 봉래2동,50대,882,168,264
202412,2620060500,영도구 봉래2동,60대이상,2458,186,468
202412,2620063000,영도구 청학1동,20대,211,62,123
202412,2620063000,영도구 청학1동,20대미만,193,19,66
202412,2620063000,영도구 청학1동,30대,260,76,111
202412,2620063000,영도구 청학1동,40대,443,170,197
202412,2620063000,영도구 청학1동,50대,576,193,259
202412,2620063000,영도구 청학1동,60대이상,1943,150,410
202412,2620064000,영도구 청학2동,20대,702,127,244
202412,2620064000,영도구 청학2동,20대미만,779,11,151
202412,2620064000,영도구 청학2동,30대,1010,194,256
202412,2620064000,영도구 청학2동,40대,1346,277,345
202412,2620064000,영도구 청학2동,50대,1918,352,414
202412,2620064000,영도구 청학2동,60대이상,5095,270,817
202412,2620065000,영도구 동삼1동,20대,1873,341,455
202412,2620065000,영도구 동삼1동,20대미만,2028,181,289
202412,2620065000,영도구 동삼1동,30대,1841,365,431
202412,2620065000,영도구 동삼1동,40대,2538,475,539
202412,2620065000,영도구 동삼1동,50대,3500,568,672
202412,2620065000,영도구 동삼1동,60대이상,9479,443,1111
202412,2620066000,영도구 동삼2동,20대,1044,288,588
202412,2620066000,영도구 동삼2동,20대미만,536,72,402
202412,2620066000,영도구 동삼2동,30대,341,124,426
202412,2620066000,영도구 동삼2동,40대,440,150,525
202412,2620066000,영도구 동삼2동,50대,509,173,594
202412,2620066000,영도구 동삼2동,60대이상,1412,103,967
202412,2620067000,영도구 동삼3동,20대,392,73,182
202412,2620067000,영도구 동삼3동,20대미만,355,65,173
202412,2620067000,영도구 동삼3동,30대,444,91,231
202412,2620067000,영도구 동삼3동,40대,652,109,301
202412,2620067000,영도구 동삼3동,50대,1014,153,357
202412,2620067000,영도구 동삼3동,60대이상,3853,165,691
202412,2623051000,부산진구 부전1동,20대,2360,762,1752
202412,2623051000,부산진구 부전1동,20대미만,419,49,443
202412,2623051000,부산진구 부전1동,30대,1890,857,1355
202412,2623051000,부산진구 부전1동,40대,1118,783,1188
202412,2623051000,부산진구 부전1동,50대,1412,930,1743
202412,2623051000,부산진구 부전1동,60대이상,3075,1169,4547
202412,2623052000,부산진구 부전2동,20대,1966,1930,6649
202412,2623052000,부산진구 부전2동,20대미만,379,141,1837
202412,2623052000,부산진구 부전2동,30대,1816,1420,3620
202412,2623052000,부산진구 부전2동,40대,1224,1003,2381
202412,2623052000,부산진구 부전2동,50대,1151,979,2223
202412,2623052000,부산진구 부전2동,60대이상,1762,721,2827
202412,2623054000,부산진구 연지동,20대,649,79,163
202412,2623054000,부산진구 연지동,20대미만,645,65,167
202412,2623054000,부산진구 연지동,30대,923,88,218
202412,2623054000,부산진구 연지동,40대,1221,142,244
202412,2623054000,부산진구 연지동,50대,1392,165,274
202412,2623054000,부산진구 연지동,60대이상,3850,168,553
202412,2623055000,부산진구 초읍동,20대,1304,212,354
202412,2623055000,부산진구 초읍동,20대미만,1815,106,271
202412,2623055000,부산진구 초읍동,30대,1729,217,496
202412,2623055000,부산진구 초읍동,40대,2174,360,631
202412,2623055000,부산진구 초읍동,50대,2701,441,751
202412,2623055000,부산진구 초읍동,60대이상,7682,391,1409
202412,2623056000,부산진구 양정1동,20대,1691,462,751
202412,2623056000,부산진구 양정1동,20대미만,1235,249,351
202412,2623056000,부산진구 양정1동,30대,1738,377,641
202412,2623056000,부산진구 양정1동,40대,1712,415,640
202412,2623056000,부산진구 양정1동,50대,2434,497,747
202412,2623056000,부산진구 양정1동,60대이상,5472,456,1210
202412,2623057000,부산진구 양정2동,20대,1793,245,463
202412,2623057000,부산진구 양정2동,20대미만,556,203,216
202412,2623057000,부산진구 양정2동,30대,1602,264,429
202412,2623057000,부산진구 양정2동,40대,1120,266,423
202412,2623057000,부산진구 양정2동,50대,1045,336,637
202412,2623057000,부산진구 양정2동,60대이상,2251,221,1084
202412,2623060000,부산진구 전포1동,20대,2899,741,2253
202412,2623060000,부산진구 전포1동,20대미만,715,308,650
202412,2623060000,부산진구 전포1동,30대,2719,633,1230
202412,2623060000,부산진구 전포1동,40대,1509,377,640
202412,2623060000,부산진구 전포1동,50대,1704,373,602
202412,2623060000,부산진구 전포1동,60대이상,2841,313,696
202412,2623061000,부산진구 전포2동,20대,2350,504,1779
202412,2623061000,부산진구 전포2동,20대미만,1081,64,593
202412,2623061000,부산진구 전포2동,30대,2682,481,1203
202412,2623061000,부산진구 전포2동,40대,2210,357,700
202412,2623061000,부산진구 전포2동,50대,2346,438,670
202412,2623061000,부산진구 전포2동,60대이상,5622,368,1121
202412,2623064000,부산진구 부암1동,20대,1499,185,486
202412,2623064000,부산진구 부암1동,20대미만,1143,35,221
202412,2623064000,부산진구 부암1동,30대,2273,261,548
202412,2623064000,부산진구 부암1동,40대,2048,263,518
202412,2623064000,부산진구 부암1동,50대,2277,336,643
202412,2623064000,부산진구 부암1동,60대이상,4981,296,1050
202412,2623066000,부산진구 부암3동,20대,1228,119,357
202412,2623066000,부산진구 부암3동,20대미만,1576,138,323
202412,2623066000,부산진구 부암3동,30대,1930,144,398
202412,2623066000,부산진구 부암3동,40대,2048,249,481
202412,2623066000,부산진구 부암3동,50대,2684,327,679
202412,2623066000,부산진구 부암3동,60대이상,5293,269,1525
202412,2623067000,부산진구 당감1동,20대,1342,187,311
202412,2623067000,부산진구 당감1동,20대미만,1269,147,349
202412,2623067000,부산진구 당감1동,30대,1416,170,359
202412,2623067000,부산진구 당감1동,40대,1735,220,438
202412,2623067000,부산진구 당감1동,50대,2916,352,645
202412,2623067000,부산진구 당감1동,60대이상,6392,349,1108
202412,2623068000,부산진구 당감2동,20대,468,46,176
202412,2623068000,부산진구 당감2동,20대미만,320,6,88
202412,2623068000,부산진구 당감2동,30대,595,65,243
202412,2623068000,부산진구 당감2동,40대,719,71,258
202412,2623068000,부산진구 당감2동,50대,758,117,318
202412,2623068000,부산진구 당감2동,60대이상,1721,86,591
202412,2623070000,부산진구 당감4동,20대,552,49,182
202412,2623070000,부산진구 당감4동,20대미만,687,28,156
202412,2623070000,부산진구 당감4동,30대,613,73,255
202412,2623070000,부산진구 당감4동,40대,848,83,271
202412,2623070000,부산진구 당감4동,50대,1167,141,337
202412,2623070000,부산진구 당감4동,60대이상,2506,151,586
202412,2623071000,부산진구 가야1동,20대,1799,586,998
202412,2623071000,부산진구 가야1동,20대미만,1175,215,473
202412,2623071000,부산진구 가야1동,30대,1206,233,560
202412,2623071000,부산진구 가야1동,40대,1500,293,594
202412,2623071000,부산진구 가야1동,50대,1886,379,741
202412,2623071000,부산진구 가야1동,60대이상,5268,323,1262
202412,2623072000,부산진구 가야2동,20대,760,74,279
202412,2623072000,부산진구 가야2동,20대미만,545,47,229
202412,2623072000,부산진구 가야2동,30대,685,60,315
202412,2623072000,부산진구 가야2동,40대,903,83,360
202412,2623072000,부산진구 가야2동,50대,1163,156,514
202412,2623072000,부산진구 가야2동,60대이상,3180,160,956
202412,2623074000,부산진구 개금1동,20대,2221,202,481
202412,2623074000,부산진구 개금1동,20대미만,702,36,234
202412,2623074000,부산진구 개금1동,30대,1793,168,405
202412,2623074000,부산진구 개금1동,40대,1488,196,408
202412,2623074000,부산진구 개금1동,50대,1883,285,505
202412,2623074000,부산진구 개금1동,60대이상,3743,263,858
202412,2623075000,부산진구 개금2동,20대,766,165,462
202412,2623075000,부산진구 개금2동,20대미만,586,17,172
202412,2623075000,부산진구 개금2동,30대,602,200,409
202412,2623075000,부산진구 개금2동,40대,769,164,370
202412,2623075000,부산진구 개금2동,50대,1146,173,477
202412,2623075000,부산진구 개금2동,60대이상,2923,139,998
202412,2623076000,부산진구 개금3동,20대,1520,161,312
202412,2623076000,부산진구 개금3동,20대미만,1619,125,289
202412,2623076000,부산진구 개금3동,30대,1957,179,414
202412,2623076000,부산진구 개금3동,40대,2250,221,389
202412,2623076000,부산진구 개금3동,50대,2814,318,534
202412,2623076000,부산진구 개금3동,60대이상,7921,335,974
202412,2623077000,부산진구 범천1동,20대,1620,457,982
202412,2623077000,부산진구 범천1동,20대미만,431,17,321
202412,2623077000,부산진구 범천1동,30대,1767,616,1069
202412,2623077000,부산진구 범천1동,40대,1165,598,966
202412,2623077000,부산진구 범천1동,50대,1225,735,1195
202412,2623077000,부산진구 범천1동,60대이상,2770,644,2136
202412,2623078000,부산진구 범천2동,20대,1381,113,406
202412,2623078000,부산진구 범천2동,20대미만,696,17,133
202412,2623078000,부산진구 범천2동,30대,2329,212,514
202412,2623078000,부산진구 범천2동,40대,1944,218,374
202412,2623078000,부산진구 범천2동,50대,2099,271,435
202412,2623078000,부산진구 범천2동,60대이상,5578,266,889
202412,2626051000,동래구 수민동,20대,1671,241,555
202412,2626051000,동래구 수민동,20대미만,1549,84,516
202412,2626051000,동래구 수민동,30대,1954,336,636
202412,2626051000,동래구 수민동,40대,2343,406,846
202412,2626051000,동래구 수민동,50대,2943,512,1131
202412,2626051000,동래구 수민동,60대이상,8325,464,2337
202412,2626052000,동래구 복산동,20대,458,61,106
202412,2626052000,동래구 복산동,20대미만,354,26,136
202412,2626052000,동래구 복산동,30대,451,64,128
202412,2626052000,동래구 복산동,40대,613,94,192
202412,2626052000,동래구 복산동,50대,1003,126,258
202412,2626052000,동래구 복산동,60대이상,3189,161,447
202412,2626054500,동래구 명륜동,20대,1560,479,1443
202412,2626054500,동래구 명륜동,20대미만,2367,313,686
202412,2626054500,동래구 명륜동,30대,1981,557,1229
202412,2626054500,동래구 명륜동,40대,3312,606,1347
202412,2626054500,동래구 명륜동,50대,3178,771,1563
202412,2626054500,동래구 명륜동,60대이상,4736,583,2582
202412,2626055000,동래구 온천1동,20대,2745,415,986
202412,2626055000,동래구 온천1동,20대미만,2206,220,638
202412,2626055000,동래구 온천1동,30대,4006,483,1193
202412,2626055000,동래구 온천1동,40대,3651,530,1406
202412,2626055000,동래구 온천1동,50대,3258,652,1543
202412,2626055000,동래구 온천1동,60대이상,6104,552,2528
202412,2626056000,동래구 온천2동,20대,862,215,435
202412,2626056000,동래구 온천2동,20대미만,1288,178,283
202412,2626056000,동래구 온천2동,30대,1209,305,457
202412,2626056000,동래구 온천2동,40대,1686,358,529
202412,2626056000,동래구 온천2동,50대,1497,370,687
202412,2626056000,동래구 온천2동,60대이상,3611,316,1261
202412,2626057000,동래구 온천3동,20대,2998,265,1315
202412,2626057000,동래구 온천3동,20대미만,2299,155,1682
202412,2626057000,동래구 온천3동,30대,3121,325,1939
202412,2626057000,동래구 온천3동,40대,3375,447,2342
202412,2626057000,동래구 온천3동,50대,4259,531,2027
202412,2626057000,동래구 온천3동,60대이상,9429,512,3784
202412,2626058000,동래구 사직1동,20대,656,201,565
202412,2626058000,동래구 사직1동,20대미만,914,104,748
202412,2626058000,동래구 사직1동,30대,902,205,656
202412,2626058000,동래구 사직1동,40대,1085,224,830
202412,2626058000,동래구 사직1동,50대,1016,235,871
202412,2626058000,동래구 사직1동,60대이상,2421,227,1402
202412,2626059000,동래구 사직2동,20대,1478,199,546
202412,2626059000,동래구 사직2동,20대미만,3187,375,753
202412,2626059000,동래구 사직2동,30대,1470,175,545
202412,2626059000,동래구 사직2동,40대,2870,358,902
202412,2626059000,동래구 사직2동,50대,3183,364,816
202412,2626059000,동래구 사직2동,60대이상,4362,274,1246
202412,2626060000,동래구 사직3동,20대,999,143,319
202412,2626060000,동래구 사직3동,20대미만,1642,82,444
202412,2626060000,동래구 사직3동,30대,1172,186,347
202412,2626060000,동래구 사직3동,40대,2177,251,528
202412,2626060000,동래구 사직3동,50대,1795,257,539
202412,2626060000,동래구 사직3동,60대이상,3948,201,848
202412,2626074000,동래구 안락1동,20대,730,149,297
202412,2626074000,동래구 안락1동,20대미만,638,46,231
202412,2626074000,동래구 안락1동,30대,855,179,389
202412,2626074000,동래구 안락1동,40대,977,204,510
202412,2626074000,동래구 안락1동,50대,1280,273,684
202412,2626074000,동래구 안락1동,60대이상,4064,324,1406
202412,2626075000,동래구 안락2동,20대,1746,209,422
202412,2626075000,동래구 안락2동,20대미만,1984,106,402
202412,2626075000,동래구 안락2동,30대,1992,290,488
202412,2626075000,동래구 안락2동,40대,2418,390,622
202412,2626075000,동래구 안락2동,50대,3244,498,662
202412,2626075000,동래구 안락2동,60대이상,7057,386,1152
202412,2626076100,동래구 명장1동,20대,780,87,212
202412,2626076100,동래구 명장1동,20대미만,981,216,216
202412,2626076100,동래구 명장1동,30대,1045,125,237
202412,2626076100,동래구 명장1동,40대,1377,181,305
202412,2626076100,동래구 명장1동,50대,1516,249,368
202412,2626076100,동래구 명장1동,60대이상,4331,241,823
202412,2626076200,동래구 명장2동,20대,444,43,90
202412,2626076200,동래구 명장2동,20대미만,497,151,181
202412,2626076200,동래구 명장2동,30대,684,52,137
202412,2626076200,동래구 명장2동,40대,784,77,181
202412,2626076200,동래구 명장2동,50대,912,121,207
202412,2626076200,동래구 명장2동,60대이상,2367,139,380
202412,2629051000,남구 대연1동,20대,2595,301,1158
202412,2629051000,남구 대연1동,20대미만,815,77,608
202412,2629051000,남구 대연1동,30대,1199,215,855
202412,2629051000,남구 대연1동,40대,1195,239,901
202412,2629051000,남구 대연1동,50대,1657,310,1125
202412,2629051000,남구 대연1동,60대이상,4295,258,1766
202412,2629053000,남구 대연3동,20대,5457,2200,2923
202412,2629053000,남구 대연3동,20대미만,3779,489,1339
202412,2629053000,남구 대연3동,30대,3151,880,1303
202412,2629053000,남구 대연3동,40대,4262,902,1352
202412,2629053000,남구 대연3동,50대,3879,828,1425
202412,2629053000,남구 대연3동,60대이상,6402,556,1781
202412,2629054000,남구 대연4동,20대,775,76,197
202412,2629054000,남구 대연4동,20대미만,918,76,184
202412,2629054000,남구 대연4동,30대,1407,110,235
202412,2629054000,남구 대연4동,40대,1481,154,292
202412,2629054000,남구 대연4동,50대,1385,193,364
202412,2629054000,남구 대연4동,60대이상,3345,195,742
202412,2629055000,남구 대연5동,20대,1668,214,406
202412,2629055000,남구 대연5동,20대미만,893,111,224
202412,2629055000,남구 대연5동,30대,1168,186,288
202412,2629055000,남구 대연5동,40대,1364,217,319
202412,2629055000,남구 대연5동,50대,1760,265,393
202412,2629055000,남구 대연5동,60대이상,4002,233,706
202412,2629056000,남구 대연6동,20대,858,154,205
202412,2629056000,남구 대연6동,20대미만,1456,151,199
202412,2629056000,남구 대연6동,30대,1235,231,227
202412,2629056000,남구 대연6동,40대,1897,309,299
202412,2629056000,남구 대연6동,50대,1564,273,365
202412,2629056000,남구 대연6동,60대이상,2786,159,559
202412,2629057000,남구 용호1동,20대,2174,292,607
202412,2629057000,남구 용호1동,20대미만,4175,178,448
202412,2629057000,남구 용호1동,30대,2542,306,638
202412,2629057000,남구 용호1동,40대,4514,480,748
202412,2629057000,남구 용호1동,50대,5833,632,913
202412,2629057000,남구 용호1동,60대이상,10793,522,1726
202412,2629058000,남구 용호2동,20대,1023,152,389
202412,2629058000,남구 용호2동,20대미만,1555,49,197
202412,2629058000,남구 용호2동,30대,1502,142,361
202412,2629058000,남구 용호2동,40대,2288,233,436
202412,2629058000,남구 용호2동,50대,2075,247,511
202412,2629058000,남구 용호2동,60대이상,5073,220,924
202412,2629059000,남구 용호3동,20대,710,96,201
202412,2629059000,남구 용호3동,20대미만,652,212,229
202412,2629059000,남구 용호3동,30대,649,103,210
202412,2629059000,남구 용호3동,40대,858,149,318
202412,2629059000,남구 용호3동,50대,1296,238,425
202412,2629059000,남구 용호3동,60대이상,4092,251,804
202412,2629060000,남구 용호4동,20대,389,122,317
202412,2629060000,남구 용호4동,20대미만,417,35,146
202412,2629060000,남구 용호4동,30대,431,66,236
202412,2629060000,남구 용호4동,40대,599,125,269
202412,2629060000,남구 용호4동,50대,747,139,325
202412,2629060000,남구 용호4동,60대이상,2055,133,628
202412,2629061000,남구 용당동,20대,556,256,423
202412,2629061000,남구 용당동,20대미만,484,93,197
202412,2629061000,남구 용당동,30대,462,204,286
202412,2629061000,남구 용당동,40대,673,248,471
202412,2629061000,남구 용당동,50대,1094,268,597
202412,2629061000,남구 용당동,60대이상,2157,227,712
202412,2629062000,남구 감만1동,20대,378,125,202
202412,2629062000,남구 감만1동,20대미만,290,47,73
202412,2629062000,남구 감만1동,30대,348,193,321
202412,2629062000,남구 감만1동,40대,549,196,477
202412,2629062000,남구 감만1동,50대,698,244,655
202412,2629062000,남구 감만1동,60대이상,2008,244,667
202412,2629063000,남구 감만2동,20대,215,18,107
202412,2629063000,남구 감만2동,20대미만,245,38,149
202412,2629063000,남구 감만2동,30대,181,38,134
202412,2629063000,남구 감만2동,40대,300,42,217
202412,2629063000,남구 감만2동,50대,627,81,316
202412,2629063000,남구 감만2동,60대이상,1554,64,758
202412,2629064500,남구 우암동,20대,672,120,278
202412,2629064500,남구 우암동,20대미만,816,85,180
202412,2629064500,남구 우암동,30대,685,141,332
202412,2629064500,남구 우암동,40대,1087,186,395
202412,2629064500,남구 우암동,50대,1398,265,605
202412,2629064500,남구 우암동,60대이상,4750,257,1130
202412,2629068000,남구 문현1동,20대,583,60,200
202412,2629068000,남구 문현1동,20대미만,630,102,245
202412,2629068000,남구 문현1동,30대,443,57,251
202412,2629068000,남구 문현1동,40대,742,106,291
202412,2629068000,남구 문현1동,50대,1101,150,361
202412,2629068000,남구 문현1동,60대이상,2720,150,676
202412,2629069000,남구 문현2동,20대,412,341,384
202412,2629069000,남구 문현2동,20대미만,185,53,191
202412,2629069000,남구 문현2동,30대,643,650,490
202412,2629069000,남구 문현2동,40대,508,496,441
202412,2629069000,남구 문현2동,50대,566,441,523
202412,2629069000,남구 문현2동,60대이상,1844,227,745
202412,2629070000,남구 문현3동,20대,688,86,707
202412,2629070000,남구 문현3동,20대미만,689,67,843
202412,2629070000,남구 문현3동,30대,809,99,743
202412,2629070000,남구 문현3동,40대,1239,153,1030
202412,2629070000,남구 문현3동,50대,1081,155,1334
202412,2629070000,남구 문현3동,60대이상,3334,206,2719
202412,2629071000,남구 문현4동,20대,418,78,217
202412,2629071000,남구 문현4동,20대미만,286,33,159
202412,2629071000,남구 문현4동,30대,494,115,256
202412,2629071000,남구 문현4동,40대,506,120,258
202412,2629071000,남구 문현4동,50대,701,112,284
202412,2629071000,남구 문현4동,60대이상,1755,117,458
202412,2632051000,북구 구포1동,20대,1058,126,436
202412,2632051000,북구 구포1동,20대미만,636,5,182
202412,2632051000,북구 구포1동,30대,1335,179,519
202412,2632051000,북구 구포1동,40대,1222,233,543
202412,2632051000,북구 구포1동,50대,1780,389,931
202412,2632051000,북구 구포1동,60대이상,4625,536,2132
202412,2632052000,북구 구포2동,20대,1665,191,301
202412,2632052000,북구 구포2동,20대미만,1197,178,200
202412,2632052000,북구 구포2동,30대,1937,293,361
202412,2632052000,북구 구포2동,40대,2088,341,397
202412,2632052000,북구 구포2동,50대,3040,466,577
202412,2632052000,북구 구포2동,60대이상,7221,398,1023
202412,2632052100,북구 구포3동,20대,1440,120,228
202412,2632052100,북구 구포3동,20대미만,1155,147,135
202412,2632052100,북구 구포3동,30대,1274,110,190
202412,2632052100,북구 구포3동,40대,1643,180,207
202412,2632052100,북구 구포3동,50대,2744,308,361
202412,2632052100,북구 구포3동,60대이상,5990,272,616
202412,2632053000,북구 금곡동,20대,2254,237,388
202412,2632053000,북구 금곡동,20대미만,2232,111,322
202412,2632053000,북구 금곡동,30대,2412,257,522
202412,2632053000,북구 금곡동,40대,2978,326,553
202412,2632053000,북구 금곡동,50대,4758,580,831
202412,2632053000,북구 금곡동,60대이상,12541,530,1532
202412,2632054100,북구 화명1동,20대,2719,249,887
202412,2632054100,북구 화명1동,20대미만,2960,53,979
202412,2632054100,북구 화명1동,30대,3333,236,1100
202412,2632054100,북구 화명1동,40대,3665,331,1102
202412,2632054100,북구 화명1동,50대,5157,517,1376
202412,2632054100,북구 화명1동,60대이상,8073,436,1999
202412,2632054200,북구 화명2동,20대,1350,173,313
202412,2632054200,북구 화명2동,20대미만,1401,140,266
202412,2632054200,북구 화명2동,30대,1569,165,379
202412,2632054200,북구 화명2동,40대,1576,192,374
202412,2632054200,북구 화명2동,50대,2272,292,556
202412,2632054200,북구 화명2동,60대이상,4526,259,857
202412,2632054300,북구 화명3동,20대,2063,375,824
202412,2632054300,북구 화명3동,20대미만,2546,314,652
202412,2632054300,북구 화명3동,30대,1772,318,740
202412,2632054300,북구 화명3동,40대,2506,433,734
202412,2632054300,북구 화명3동,50대,3465,550,1007
202412,2632054300,북구 화명3동,60대이상,5065,319,1455
202412,2632055000,북구 덕천1동,20대,979,173,350
202412,2632055000,북구 덕천1동,20대미만,514,41,175
202412,2632055000,북구 덕천1동,30대,1432,194,355
202412,2632055000,북구 덕천1동,40대,1087,223,370
202412,2632055000,북구 덕천1동,50대,1446,327,544
202412,2632055000,북구 덕천1동,60대이상,4330,268,1101
202412,2632056000,북구 덕천2동,20대,893,350,994
202412,2632056000,북구 덕천2동,20대미만,534,191,569
202412,2632056000,북구 덕천2동,30대,900,417,1031
202412,2632056000,북구 덕천2동,40대,885,400,988
202412,2632056000,북구 덕천2동,50대,1323,519,1323
202412,2632056000,북구 덕천2동,60대이상,3680,429,2273
202412,2632056100,북구 덕천3동,20대,382,35,74
202412,2632056100,북구 덕천3동,20대미만,240,7,41
202412,2632056100,북구 덕천3동,30대,383,31,98
202412,2632056100,북구 덕천3동,40대,576,42,102
202412,2632056100,북구 덕천3동,50대,993,93,161
202412,2632056100,북구 덕천3동,60대이상,3009,79,327
202412,2632057100,북구 만덕1동,20대,922,92,205
202412,2632057100,북구 만덕1동,20대미만,962,69,169
202412,2632057100,북구 만덕1동,30대,1900,129,334
202412,2632057100,북구 만덕1동,40대,1632,132,313
202412,2632057100,북구 만덕1동,50대,1551,154,342
202412,2632057100,북구 만덕1동,60대이상,3984,187,774
202412,2632057200,북구 만덕2동,20대,1690,160,275
202412,2632057200,북구 만덕2동,20대미만,2450,183,254
202412,2632057200,북구 만덕2동,30대,2372,217,388
202412,2632057200,북구 만덕2동,40대,2814,295,411
202412,2632057200,북구 만덕2동,50대,3055,321,498
202412,2632057200,북구 만덕2동,60대이상,7036,341,996
202412,2632057300,북구 만덕3동,20대,1087,82,206
202412,2632057300,북구 만덕3동,20대미만,1048,30,198
202412,2632057300,북구 만덕3동,30대,1291,101,252
202412,2632057300,북구 만덕3동,40대,1453,127,285
202412,2632057300,북구 만덕3동,50대,2068,181,360
202412,2632057300,북구 만덕3동,60대이상,5343,259,678
202412,2635051000,해운대구 우1동,20대,1826,709,2502
202412,2635051000,해운대구 우1동,20대미만,1942,401,1403
202412,2635051000,해운대구 우1동,30대,2164,686,2354
202412,2635051000,해운대구 우1동,40대,2659,671,2347
202412,2635051000,해운대구 우1동,50대,2888,734,2279
202412,2635051000,해운대구 우1동,60대이상,6188,739,3067
202412,2635052000,해운대구 우2동,20대,1812,1871,2229
202412,2635052000,해운대구 우2동,20대미만,2830,391,1594
202412,2635052000,해운대구 우2동,30대,2347,2176,2785
202412,2635052000,해운대구 우2동,40대,3496,1599,2573
202412,2635052000,해운대구 우2동,50대,3970,1500,2331
202412,2635052000,해운대구 우2동,60대이상,6787,831,3021
202412,2635052500,해운대구 우3동,20대,1091,187,444
202412,2635052500,해운대구 우3동,20대미만,1659,97,389
202412,2635052500,해운대구 우3동,30대,1293,228,557
202412,2635052500,해운대구 우3동,40대,2134,316,700
202412,2635052500,해운대구 우3동,50대,2628,320,754
202412,2635052500,해운대구 우3동,60대이상,5649,330,1055
202412,2635053000,해운대구 중1동,20대,2010,650,1833
202412,2635053000,해운대구 중1동,20대미만,1920,109,1174
202412,2635053000,해운대구 중1동,30대,2376,646,2154
202412,2635053000,해운대구 중1동,40대,3280,706,2080
202412,2635053000,해운대구 중1동,50대,3540,844,2006
202412,2635053000,해운대구 중1동,60대이상,6004,630,2464
202412,2635054000,해운대구 중2동,20대,922,150,498
202412,2635054000,해운대구 중2동,20대미만,1384,51,256
202412,2635054000,해운대구 중2동,30대,1390,201,573
202412,2635054000,해운대구 중2동,40대,1892,216,604
202412,2635054000,해운대구 중2동,50대,1975,246,705
202412,2635054000,해운대구 중2동,60대이상,3938,240,1068
202412,2635055100,해운대구 좌1동,20대,1395,393,740
202412,2635055100,해운대구 좌1동,20대미만,1126,58,614
202412,2635055100,해운대구 좌1동,30대,1309,327,709
202412,2635055100,해운대구 좌1동,40대,1631,386,800
202412,2635055100,해운대구 좌1동,50대,2359,488,994
202412,2635055100,해운대구 좌1동,60대이상,3391,379,1372
202412,2635055200,해운대구 좌2동,20대,2695,256,515
202412,2635055200,해운대구 좌2동,20대미만,2206,134,428
202412,2635055200,해운대구 좌2동,30대,3091,278,505
202412,2635055200,해운대구 좌2동,40대,3215,346,482
202412,2635055200,해운대구 좌2동,50대,4010,426,547
202412,2635055200,해운대구 좌2동,60대이상,6916,326,862
202412,2635055300,해운대구 좌3동,20대,1007,102,228
202412,2635055300,해운대구 좌3동,20대미만,1117,256,307
202412,2635055300,해운대구 좌3동,30대,1086,93,250
202412,2635055300,해운대구 좌3동,40대,1349,116,279
202412,2635055300,해운대구 좌3동,50대,2104,185,370
202412,2635055300,해운대구 좌3동,60대이상,4271,186,653
202412,2635055400,해운대구 좌4동,20대,1712,397,624
202412,2635055400,해운대구 좌4동,20대미만,2677,290,486
202412,2635055400,해운대구 좌4동,30대,1646,330,603
202412,2635055400,해운대구 좌4동,40대,2447,430,699
202412,2635055400,해운대구 좌4동,50대,2993,444,918
202412,2635055400,해운대구 좌4동,60대이상,4906,353,1640
202412,2635056000,해운대구 송정동,20대,539,286,1088
202412,2635056000,해운대구 송정동,20대미만,605,119,522
202412,2635056000,해운대구 송정동,30대,734,321,1088
202412,2635056000,해운대구 송정동,40대,847,328,1103
202412,2635056000,해운대구 송정동,50대,1106,460,1234
202412,2635056000,해운대구 송정동,60대이상,3347,327,1547
202412,2635057000,해운대구 반여1동,20대,2700,386,532
202412,2635057000,해운대구 반여1동,20대미만,4089,221,398
202412,2635057000,해운대구 반여1동,30대,2825,436,676
202412,2635057000,해운대구 반여1동,40대,4171,576,788
202412,2635057000,해운대구 반여1동,50대,4934,726,969
202412,2635057000,해운대구 반여1동,60대이상,8215,527,1614
202412,2635058000,해운대구 반여2동,20대,708,67,226
202412,2635058000,해운대구 반여2동,20대미만,418,42,141
202412,2635058000,해운대구 반여2동,30대,892,75,236
202412,2635058000,해운대구 반여2동,40대,1078,103,282
202412,2635058000,해운대구 반여2동,50대,1567,168,505
202412,2635058000,해운대구 반여2동,60대이상,4276,157,931
202412,2635059000,해운대구 반여3동,20대,375,28,59
202412,2635059000,해운대구 반여3동,20대미만,192,12,28
202412,2635059000,해운대구 반여3동,30대,390,29,71
202412,2635059000,해운대구 반여3동,40대,530,41,76
202412,2635059000,해운대구 반여3동,50대,826,80,123
202412,2635059000,해운대구 반여3동,60대이상,1887,94,222
202412,2635059500,해운대구 반여4동,20대,738,52,152
202412,2635059500,해운대구 반여4동,20대미만,761,29,169
202412,2635059500,해운대구 반여4동,30대,751,53,204
202412,2635059500,해운대구 반여4동,40대,958,89,223
202412,2635059500,해운대구 반여4동,50대,1105,101,266
202412,2635059500,해운대구 반여4동,60대이상,2024,85,557
202412,2635061000,해운대구 반송1동,20대,761,121,160
202412,2635061000,해운대구 반송1동,20대미만,312,86,78
202412,2635061000,해운대구 반송1동,30대,527,130,160
202412,2635061000,해운대구 반송1동,40대,679,142,230
202412,2635061000,해운대구 반송1동,50대,1132,240,352
202412,2635061000,해운대구 반송1동,60대이상,3366,225,586
202412,2635062000,해운대구 반송2동,20대,1112,101,129
202412,2635062000,해운대구 반송2동,20대미만,1044,21,74
202412,2635062000,해운대구 반송2동,30대,1178,97,153
202412,2635062000,해운대구 반송2동,40대,1806,187,216
202412,2635062000,해운대구 반송2동,50대,2852,342,328
202412,2635062000,해운대구 반송2동,60대이상,8607,327,593
202412,2635065000,해운대구 재송1동,20대,2376,460,638
202412,2635065000,해운대구 재송1동,20대미만,4367,210,443
202412,2635065000,해운대구 재송1동,30대,2807,623,730
202412,2635065000,해운대구 재송1동,40대,5293,772,918
202412,2635065000,해운대구 재송1동,50대,4321,665,1010
202412,2635065000,해운대구 재송1동,60대이상,6761,529,1504
202412,2635066000,해운대구 재송2동,20대,1551,166,300
202412,2635066000,해운대구 재송2동,20대미만,1315,50,217
202412,2635066000,해운대구 재송2동,30대,1636,210,383
202412,2635066000,해운대구 재송2동,40대,2296,250,440
202412,2635066000,해운대구 재송2동,50대,2981,312,506
202412,2635066000,해운대구 재송2동,60대이상,6722,313,862
202412,2638051000,사하구 괴정1동,20대,1139,109,371
202412,2638051000,사하구 괴정1동,20대미만,1231,119,315
202412,2638051000,사하구 괴정1동,30대,1099,101,393
202412,2638051000,사하구 괴정1동,40대,1661,149,465
202412,2638051000,사하구 괴정1동,50대,2068,230,614
202412,2638051000,사하구 괴정1동,60대이상,5919,219,1062
202412,2638052000,사하구 괴정2동,20대,860,58,141
202412,2638052000,사하구 괴정2동,20대미만,756,67,96
202412,2638052000,사하구 괴정2동,30대,926,56,119
202412,2638052000,사하구 괴정2동,40대,1158,109,146
202412,2638052000,사하구 괴정2동,50대,1442,118,180
202412,2638052000,사하구 괴정2동,60대이상,4386,110,432
202412,2638053000,사하구 괴정3동,20대,837,213,385
202412,2638053000,사하구 괴정3동,20대미만,650,68,290
202412,2638053000,사하구 괴정3동,30대,827,160,323
202412,2638053000,사하구 괴정3동,40대,1036,224,407
202412,2638053000,사하구 괴정3동,50대,1450,298,559
202412,2638053000,사하구 괴정3동,60대이상,4493,323,1109
202412,2638054000,사하구 괴정4동,20대,864,68,197
202412,2638054000,사하구 괴정4동,20대미만,1163,110,290
202412,2638054000,사하구 괴정4동,30대,1112,120,229
202412,2638054000,사하구 괴정4동,40대,1630,166,313
202412,2638054000,사하구 괴정4동,50대,1516,138,367
202412,2638054000,사하구 괴정4동,60대이상,3612,145,809
202412,2638055000,사하구 당리동,20대,1734,265,646
202412,2638055000,사하구 당리동,20대미만,1602,128,433
202412,2638055000,사하구 당리동,30대,1690,294,601
202412,2638055000,사하구 당리동,40대,2452,424,625
202412,2638055000,사하구 당리동,50대,3034,463,837
202412,2638055000,사하구 당리동,60대이상,7419,380,1550
202412,2638056100,사하구 하단1동,20대,2127,176,405
202412,2638056100,사하구 하단1동,20대미만,1127,70,211
202412,2638056100,사하구 하단1동,30대,1985,196,437
202412,2638056100,사하구 하단1동,40대,1933,235,482
202412,2638056100,사하구 하단1동,50대,2526,281,585
202412,2638056100,사하구 하단1동,60대이상,5741,319,1003
202412,2638056200,사하구 하단2동,20대,3627,1249,1573
202412,2638056200,사하구 하단2동,20대미만,1805,265,598
202412,2638056200,사하구 하단2동,30대,2237,430,865
202412,2638056200,사하구 하단2동,40대,2374,473,786
202412,2638056200,사하구 하단2동,50대,2930,558,855
202412,2638056200,사하구 하단2동,60대이상,6020,386,1261
202412,2638057100,사하구 신평1동,20대,896,163,221
202412,2638057100,사하구 신평1동,20대미만,934,123,210
202412,2638057100,사하구 신평1동,30대,1122,348,349
202412,2638057100,사하구 신평1동,40대,1631,382,376
202412,2638057100,사하구 신평1동,50대,2102,545,569
202412,2638057100,사하구 신평1동,60대이상,5215,370,791
202412,2638057200,사하구 신평2동,20대,1113,224,272
202412,2638057200,사하구 신평2동,20대미만,1254,81,175
202412,2638057200,사하구 신평2동,30대,1689,309,404
202412,2638057200,사하구 신평2동,40대,1785,402,424
202412,2638057200,사하구 신평2동,50대,2210,460,600
202412,2638057200,사하구 신평2동,60대이상,4317,404,928
202412,2638058000,사하구 장림1동,20대,748,214,295
202412,2638058000,사하구 장림1동,20대미만,1196,53,225
202412,2638058000,사하구 장림1동,30대,1271,338,474
202412,2638058000,사하구 장림1동,40대,1682,439,556
202412,2638058000,사하구 장림1동,50대,1493,663,723
202412,2638058000,사하구 장림1동,60대이상,2954,576,1123
202412,2638059000,사하구 장림2동,20대,1766,238,420
202412,2638059000,사하구 장림2동,20대미만,1874,132,331
202412,2638059000,사하구 장림2동,30대,2029,315,588
202412,2638059000,사하구 장림2동,40대,2746,507,664
202412,2638059000,사하구 장림2동,50대,3332,606,719
202412,2638059000,사하구 장림2동,60대이상,6473,543,1245
202412,2638060100,사하구 다대1동,20대,2183,361,386
202412,2638060100,사하구 다대1동,20대미만,2974,74,242
202412,2638060100,사하구 다대1동,30대,2507,467,448
202412,2638060100,사하구 다대1동,40대,3835,678,546
202412,2638060100,사하구 다대1동,50대,5339,898,829
202412,2638060100,사하구 다대1동,60대이상,10922,730,1293
202412,2638060200,사하구 다대2동,20대,1800,241,270
202412,2638060200,사하구 다대2동,20대미만,2177,89,151
202412,2638060200,사하구 다대2동,30대,1588,236,286
202412,2638060200,사하구 다대2동,40대,2551,383,346
202412,2638060200,사하구 다대2동,50대,3845,505,491
202412,2638060200,사하구 다대2동,60대이상,8825,458,803
202412,2638061000,사하구 구평동,20대,707,146,164
202412,2638061000,사하구 구평동,20대미만,994,84,145
202412,2638061000,사하구 구평동,30대,1430,279,258
202412,2638061000,사하구 구평동,40대,1520,355,364
202412,2638061000,사하구 구평동,50대,1380,464,499
202412,2638061000,사하구 구평동,60대이상,2574,451,786
202412,2638062000,사하구 감천1동,20대,997,148,190
202412,2638062000,사하구 감천1동,20대미만,1084,165,266
202412,2638062000,사하구 감천1동,30대,1028,187,261
202412,2638062000,사하구 감천1동,40대,1496,271,373
202412,2638062000,사하구 감천1동,50대,2213,419,548
202412,2638062000,사하구 감천1동,60대이상,6277,341,855
202412,2638063000,사하구 감천2동,20대,220,20,46
202412,2638063000,사하구 감천2동,20대미만,118,1,29
202412,2638063000,사하구 감천2동,30대,204,16,47
202412,2638063000,사하구 감천2동,40대,394,44,64
202412,2638063000,사하구 감천2동,50대,765,58,114
202412,2638063000,사하구 감천2동,60대이상,1969,49,182
202412,2641051000,금정구 서1동,20대,213,23,43
202412,2641051000,금정구 서1동,20대미만,128,11,34
202412,2641051000,금정구 서1동,30대,235,18,69
202412,2641051000,금정구 서1동,40대,359,46,87
202412,2641051000,금정구 서1동,50대,534,89,139
202412,2641051000,금정구 서1동,60대이상,1844,98,325
202412,2641052000,금정구 서2동,20대,335,59,147
202412,2641052000,금정구 서2동,20대미만,209,28,89
202412,2641052000,금정구 서2동,30대,520,63,180
202412,2641052000,금정구 서2동,40대,541,90,218
202412,2641052000,금정구 서2동,50대,900,161,376
202412,2641052000,금정구 서2동,60대이상,2554,217,713
202412,2641053000,금정구 서3동,20대,545,54,117
202412,2641053000,금정구 서3동,20대미만,316,62,101
202412,2641053000,금정구 서3동,30대,608,88,167
202412,2641053000,금정구 서3동,40대,648,103,173
202412,2641053000,금정구 서3동,50대,1318,169,319
202412,2641053000,금정구 서3동,60대이상,3852,240,699
202412,2641055500,금정구 금사회동동,20대,296,269,229
202412,2641055500,금정구 금사회동동,20대미만,257,37,111
202412,2641055500,금정구 금사회동동,30대,412,496,386
202412,2641055500,금정구 금사회동동,40대,550,529,488
202412,2641055500,금정구 금사회동동,50대,842,690,779
202412,2641055500,금정구 금사회동동,60대이상,2853,576,1173
202412,2641057000,금정구 부곡1동,20대,380,34,99
202412,2641057000,금정구 부곡1동,20대미만,349,123,118
202412,2641057000,금정구 부곡1동,30대,409,48,109
202412,2641057000,금정구 부곡1동,40대,614,77,151
202412,2641057000,금정구 부곡1동,50대,814,100,195
202412,2641057000,금정구 부곡1동,60대이상,2886,118,392
202412,2641058000,금정구 부곡2동,20대,1590,261,455
202412,2641058000,금정구 부곡2동,20대미만,1363,326,373
202412,2641058000,금정구 부곡2동,30대,1196,269,494
202412,2641058000,금정구 부곡2동,40대,1631,362,541
202412,2641058000,금정구 부곡2동,50대,2125,379,586
202412,2641058000,금정구 부곡2동,60대이상,4684,333,1140
202412,2641059000,금정구 부곡3동,20대,1253,314,382
202412,2641059000,금정구 부곡3동,20대미만,949,268,323
202412,2641059000,금정구 부곡3동,30대,1155,289,347
202412,2641059000,금정구 부곡3동,40대,1318,271,414
202412,2641059000,금정구 부곡3동,50대,1786,334,551
202412,2641059000,금정구 부곡3동,60대이상,3878,256,907
202412,2641059100,금정구 부곡4동,20대,452,55,208
202412,2641059100,금정구 부곡4동,20대미만,355,16,195
202412,2641059100,금정구 부곡4동,30대,726,77,229
202412,2641059100,금정구 부곡4동,40대,707,84,269
202412,2641059100,금정구 부곡4동,50대,1059,118,341
202412,2641059100,금정구 부곡4동,60대이상,2878,180,740
202412,2641060000,금정구 장전1동,20대,4337,436,899
202412,2641060000,금정구 장전1동,20대미만,954,82,346
202412,2641060000,금정구 장전1동,30대,1356,193,412
202412,2641060000,금정구 장전1동,40대,1355,219,396
202412,2641060000,금정구 장전1동,50대,1491,241,493
202412,2641060000,금정구 장전1동,60대이상,3483,215,688
202412,2641061000,금정구 장전2동,20대,2022,1720,2340
202412,2641061000,금정구 장전2동,20대미만,2320,303,962
202412,2641061000,금정구 장전2동,30대,2269,721,1094
202412,2641061000,금정구 장전2동,40대,3226,768,1158
202412,2641061000,금정구 장전2동,50대,2745,668,1130
202412,2641061000,금정구 장전2동,60대이상,5898,518,1763
202412,2641063500,금정구 선두구동,20대,70,26,114
202412,2641063500,금정구 선두구동,20대미만,58,1,56
202412,2641063500,금정구 선두구동,30대,68,51,155
202412,2641063500,금정구 선두구동,40대,114,88,224
202412,2641063500,금정구 선두구동,50대,219,124,315
202412,2641063500,금정구 선두구동,60대이상,857,100,506
202412,2641066500,금정구 청룡노포동,20대,521,99,297
202412,2641066500,금정구 청룡노포동,20대미만,517,53,134
202412,2641066500,금정구 청룡노포동,30대,497,138,292
202412,2641066500,금정구 청룡노포동,40대,650,160,398
202412,2641066500,금정구 청룡노포동,50대,1068,239,715
202412,2641066500,금정구 청룡노포동,60대이상,3359,276,1395
202412,2641067000,금정구 남산동,20대,2148,419,766
202412,2641067000,금정구 남산동,20대미만,1308,129,507
202412,2641067000,금정구 남산동,30대,1573,246,592
202412,2641067000,금정구 남산동,40대,1808,371,690
202412,2641067000,금정구 남산동,50대,3105,536,1011
202412,2641067000,금정구 남산동,60대이상,7911,476,1886
202412,2641068000,금정구 구서1동,20대,853,166,364
202412,2641068000,금정구 구서1동,20대미만,1087,335,301
202412,2641068000,금정구 구서1동,30대,1024,235,375
202412,2641068000,금정구 구서1동,40대,1336,275,535
202412,2641068000,금정구 구서1동,50대,1570,278,589
202412,2641068000,금정구 구서1동,60대이상,3439,255,890
202412,2641069000,금정구 구서2동,20대,1927,212,917
202412,2641069000,금정구 구서2동,20대미만,2225,127,529
202412,2641069000,금정구 구서2동,30대,2115,266,808
202412,2641069000,금정구 구서2동,40대,2970,352,845
202412,2641069000,금정구 구서2동,50대,3933,487,1281
202412,2641069000,금정구 구서2동,60대이상,8261,480,2655
202412,2641070000,금정구 금성동,20대,37,10,32
202412,2641070000,금정구 금성동,20대미만,82,9,36
202412,2641070000,금정구 금성동,30대,41,16,56
202412,2641070000,금정구 금성동,40대,84,16,91
202412,2641070000,금정구 금성동,50대,91,30,162
202412,2641070000,금정구 금성동,60대이상,335,36,284
202412,2644051000,강서구 대저1동,20대,573,389,402
202412,2644051000,강서구 대저1동,20대미만,225,89,121
202412,2644051000,강서구 대저1동,30대,389,562,435
202412,2644051000,강서구 대저1동,40대,424,680,553
202412,2644051000,강서구 대저1동,50대,695,828,754
202412,2644051000,강서구 대저1동,60대이상,2830,654,1314
202412,2644052000,강서구 대저2동,20대,913,702,3239
202412,2644052000,강서구 대저2동,20대미만,515,38,1215
202412,2644052000,강서구 대저2동,30대,827,1038,3460
202412,2644052000,강서구 대저2동,40대,589,1010,3287
202412,2644052000,강서구 대저2동,50대,674,1312,3706
202412,2644052000,강서구 대저2동,60대이상,2324,951,3840
202412,2644053000,강서구 강동동,20대,62,45,77
202412,2644053000,강서구 강동동,20대미만,46,4,26
202412,2644053000,강서구 강동동,30대,159,120,119
202412,2644053000,강서구 강동동,40대,206,153,198
202412,2644053000,강서구 강동동,50대,245,226,304
202412,2644053000,강서구 강동동,60대이상,1567,251,491
202412,2644053500,강서구 명지1동,20대,2845,650,880
202412,2644053500,강서구 명지1동,20대미만,7394,190,511
202412,2644053500,강서구 명지1동,30대,8238,1372,1488
202412,2644053500,강서구 명지1동,40대,9451,1609,1511
202412,2644053500,강서구 명지1동,50대,3959,946,1303
202412,2644053500,강서구 명지1동,60대이상,6344,625,1505
202412,2644054500,강서구 명지2동,20대,1369,304,392
202412,2644054500,강서구 명지2동,20대미만,4466,108,287
202412,2644054500,강서구 명지2동,30대,2536,485,499
202412,2644054500,강서구 명지2동,40대,5372,798,609
202412,2644054500,강서구 명지2동,50대,3116,464,515
202412,2644054500,강서구 명지2동,60대이상,3721,254,588
202412,2644055000,강서구 가락동,20대,44,52,72
202412,2644055000,강서구 가락동,20대미만,100,7,37
202412,2644055000,강서구 가락동,30대,104,126,152
202412,2644055000,강서구 가락동,40대,140,159,172
202412,2644055000,강서구 가락동,50대,252,255,284
202412,2644055000,강서구 가락동,60대이상,1129,229,455
202412,2644056000,강서구 녹산동,20대,2070,1629,1066
202412,2644056000,강서구 녹산동,20대미만,3629,94,279
202412,2644056000,강서구 녹산동,30대,4099,3493,1936
202412,2644056000,강서구 녹산동,40대,5460,4428,2679
202412,2644056000,강서구 녹산동,50대,3670,3641,2725
202412,2644056000,강서구 녹산동,60대이상,6661,2209,2726
202412,2644058000,강서구 가덕도동,20대,177,100,271
202412,2644058000,강서구 가덕도동,20대미만,125,28,65
202412,2644058000,강서구 가덕도동,30대,267,151,534
202412,2644058000,강서구 가덕도동,40대,341,196,917
202412,2644058000,강서구 가덕도동,50대,424,200,954
202412,2644058000,강서구 가덕도동,60대이상,1632,142,769
202412,2647061000,연제구 거제1동,20대,1919,565,622
202412,2647061000,연제구 거제1동,20대미만,2043,262,659
202412,2647061000,연제구 거제1동,30대,1856,716,681
202412,2647061000,연제구 거제1동,40대,2789,948,917
202412,2647061000,연제구 거제1동,50대,2738,953,1070
202412,2647061000,연제구 거제1동,60대이상,5868,696,1574
202412,2647062000,연제구 거제2동,20대,1486,206,384
202412,2647062000,연제구 거제2동,20대미만,2736,174,481
202412,2647062000,연제구 거제2동,30대,2284,311,550
202412,2647062000,연제구 거제2동,40대,3390,415,769
202412,2647062000,연제구 거제2동,50대,2643,449,835
202412,2647062000,연제구 거제2동,60대이상,3663,357,1623
202412,2647063000,연제구 거제3동,20대,615,101,763
202412,2647063000,연제구 거제3동,20대미만,400,5,283
202412,2647063000,연제구 거제3동,30대,638,132,1092
202412,2647063000,연제구 거제3동,40대,659,146,1073
202412,2647063000,연제구 거제3동,50대,981,185,1124
202412,2647063000,연제구 거제3동,60대이상,1899,179,1300
202412,2647064000,연제구 거제4동,20대,643,43,209
202412,2647064000,연제구 거제4동,20대미만,869,90,241
202412,2647064000,연제구 거제4동,30대,578,79,391
202412,2647064000,연제구 거제4동,40대,892,84,370
202412,2647064000,연제구 거제4동,50대,1207,150,354
202412,2647064000,연제구 거제4동,60대이상,2655,134,564
202412,2647065000,연제구 연산1동,20대,880,170,405
202412,2647065000,연제구 연산1동,20대미만,1170,145,326
202412,2647065000,연제구 연산1동,30대,1256,247,459
202412,2647065000,연제구 연산1동,40대,1583,282,530
202412,2647065000,연제구 연산1동,50대,1520,341,592
202412,2647065000,연제구 연산1동,60대이상,3995,312,1089
202412,2647066000,연제구 연산2동,20대,1595,269,1042
202412,2647066000,연제구 연산2동,20대미만,1257,166,830
202412,2647066000,연제구 연산2동,30대,2872,510,1704
202412,2647066000,연제구 연산2동,40대,2255,489,1547
202412,2647066000,연제구 연산2동,50대,2218,542,1460
202412,2647066000,연제구 연산2동,60대이상,4941,377,2767
202412,2647067000,연제구 연산3동,20대,261,12,45
202412,2647067000,연제구 연산3동,20대미만,163,37,62
202412,2647067000,연제구 연산3동,30대,378,27,81
202412,2647067000,연제구 연산3동,40대,523,37,89
202412,2647067000,연제구 연산3동,50대,650,58,110
202412,2647067000,연제구 연산3동,60대이상,1900,60,243
202412,2647068000,연제구 연산4동,20대,1056,270,955
202412,2647068000,연제구 연산4동,20대미만,684,23,277
202412,2647068000,연제구 연산4동,30대,1461,299,1055
202412,2647068000,연제구 연산4동,40대,1565,339,988
202412,2647068000,연제구 연산4동,50대,1897,397,1167
202412,2647068000,연제구 연산4동,60대이상,5073,389,2318
202412,2647069000,연제구 연산5동,20대,1672,340,679
202412,2647069000,연제구 연산5동,20대미만,451,25,142
202412,2647069000,연제구 연산5동,30대,1857,504,689
202412,2647069000,연제구 연산5동,40대,1177,523,688
202412,2647069000,연제구 연산5동,50대,1314,632,869
202412,2647069000,연제구 연산5동,60대이상,2929,546,1365
202412,2647070000,연제구 연산6동,20대,804,100,516
202412,2647070000,연제구 연산6동,20대미만,712,99,346
202412,2647070000,연제구 연산6동,30대,1129,119,562
202412,2647070000,연제구 연산6동,40대,1312,153,615
202412,2647070000,연제구 연산6동,50대,1506,221,819
202412,2647070000,연제구 연산6동,60대이상,4559,251,1930
202412,2647072000,연제구 연산8동,20대,435,70,288
202412,2647072000,연제구 연산8동,20대미만,534,91,352
202412,2647072000,연제구 연산8동,30대,615,87,362
202412,2647072000,연제구 연산8동,40대,803,114,459
202412,2647072000,연제구 연산8동,50대,1031,124,554
202412,2647072000,연제구 연산8동,60대이상,2326,125,1176
202412,2647073000,연제구 연산9동,20대,2217,313,478
202412,2647073000,연제구 연산9동,20대미만,2457,170,390
202412,2647073000,연제구 연산9동,30대,2616,322,616
202412,2647073000,연제구 연산9동,40대,3317,498,767
202412,2647073000,연제구 연산9동,50대,4217,581,958
202412,2647073000,연제구 연산9동,60대이상,9438,529,1484
202412,2650066000,수영구 남천1동,20대,1180,368,777
202412,2650066000,수영구 남천1동,20대미만,1369,197,623
202412,2650066000,수영구 남천1동,30대,1445,476,834
202412,2650066000,수영구 남천1동,40대,1609,529,946
202412,2650066000,수영구 남천1동,50대,1844,539,1046
202412,2650066000,수영구 남천1동,60대이상,3829,442,1703
202412,2650067000,수영구 남천2동,20대,482,77,557
202412,2650067000,수영구 남천2동,20대미만,544,28,222
202412,2650067000,수영구 남천2동,30대,900,113,434
202412,2650067000,수영구 남천2동,40대,891,114,402
202412,2650067000,수영구 남천2동,50대,1286,157,440
202412,2650067000,수영구 남천2동,60대이상,2717,135,722
202412,2650073000,수영구 수영동,20대,1045,160,419
202412,2650073000,수영구 수영동,20대미만,555,70,193
202412,2650073000,수영구 수영동,30대,1102,195,449
202412,2650073000,수영구 수영동,40대,1119,172,422
202412,2650073000,수영구 수영동,50대,1527,261,555
202412,2650073000,수영구 수영동,60대이상,5303,299,1140
202412,2650074000,수영구 망미1동,20대,1592,195,374
202412,2650074000,수영구 망미1동,20대미만,1787,70,250
202412,2650074000,수영구 망미1동,30대,2005,234,452
202412,2650074000,수영구 망미1동,40대,2551,320,492
202412,2650074000,수영구 망미1동,50대,2777,380,569
202412,2650074000,수영구 망미1동,60대이상,9034,414,1185
202412,2650075000,수영구 망미2동,20대,447,69,252
202412,2650075000,수영구 망미2동,20대미만,546,33,203
202412,2650075000,수영구 망미2동,30대,506,81,298
202412,2650075000,수영구 망미2동,40대,763,106,422
202412,2650075000,수영구 망미2동,50대,1143,146,455
202412,2650075000,수영구 망미2동,60대이상,2605,143,756
202412,2650076000,수영구 광안1동,20대,2051,160,512
202412,2650076000,수영구 광안1동,20대미만,830,58,190
202412,2650076000,수영구 광안1동,30대,2232,188,425
202412,2650076000,수영구 광안1동,40대,1511,215,430
202412,2650076000,수영구 광안1동,50대,1531,221,491
202412,2650076000,수영구 광안1동,60대이상,4061,233,955
202412,2650077000,수영구 광안2동,20대,1583,312,1950
202412,2650077000,수영구 광안2동,20대미만,1006,152,528
202412,2650077000,수영구 광안2동,30대,1738,371,1271
202412,2650077000,수영구 광안2동,40대,1722,302,848
202412,2650077000,수영구 광안2동,50대,1786,340,865
202412,2650077000,수영구 광안2동,60대이상,4255,321,1263
202412,2650078000,수영구 광안3동,20대,1206,168,707
202412,2650078000,수영구 광안3동,20대미만,305,26,250
202412,2650078000,수영구 광안3동,30대,1113,184,625
202412,2650078000,수영구 광안3동,40대,790,219,571
202412,2650078000,수영구 광안3동,50대,864,215,646
202412,2650078000,수영구 광안3동,60대이상,2714,247,1267
202412,2650079000,수영구 광안4동,20대,909,118,601
202412,2650079000,수영구 광안4동,20대미만,625,195,431
202412,2650079000,수영구 광안4동,30대,1007,130,690
202412,2650079000,수영구 광안4동,40대,1159,166,673
202412,2650079000,수영구 광안4동,50대,1459,171,668
202412,2650079000,수영구 광안4동,60대이상,3062,177,1278
202412,2650080000,수영구 민락동,20대,2075,373,2295
202412,2650080000,수영구 민락동,20대미만,1462,37,635
202412,2650080000,수영구 민락동,30대,2880,385,1575
202412,2650080000,수영구 민락동,40대,2992,369,1108
202412,2650080000,수영구 민락동,50대,3374,497,1206
202412,2650080000,수영구 민락동,60대이상,7541,477,1609
202412,2653058000,사상구 삼락동,20대,244,162,253
202412,2653058000,사상구 삼락동,20대미만,198,51,216
202412,2653058000,사상구 삼락동,30대,296,282,385
202412,2653058000,사상구 삼락동,40대,299,364,479
202412,2653058000,사상구 삼락동,50대,650,585,718
202412,2653058000,사상구 삼락동,60대이상,1595,518,1243
202412,2653059100,사상구 모라1동,20대,1631,327,352
202412,2653059100,사상구 모라1동,20대미만,1354,84,187
202412,2653059100,사상구 모라1동,30대,2086,469,435
202412,2653059100,사상구 모라1동,40대,1964,498,501
202412,2653059100,사상구 모라1동,50대,3299,762,782
202412,2653059100,사상구 모라1동,60대이상,8417,780,1279
202412,2653059300,사상구 모라3동,20대,356,70,73
202412,2653059300,사상구 모라3동,20대미만,330,48,82
202412,2653059300,사상구 모라3동,30대,428,40,105
202412,2653059300,사상구 모라3동,40대,704,74,153
202412,2653059300,사상구 모라3동,50대,1283,155,241
202412,2653059300,사상구 모라3동,60대이상,4752,189,561
202412,2653060000,사상구 덕포1동,20대,655,72,199
202412,2653060000,사상구 덕포1동,20대미만,664,81,127
202412,2653060000,사상구 덕포1동,30대,1080,92,218
202412,2653060000,사상구 덕포1동,40대,957,107,210
202412,2653060000,사상구 덕포1동,50대,1157,190,295
202412,2653060000,사상구 덕포1동,60대이상,2453,165,566
202412,2653061000,사상구 덕포2동,20대,862,202,385
202412,2653061000,사상구 덕포2동,20대미만,857,103,263
202412,2653061000,사상구 덕포2동,30대,896,255,365
202412,2653061000,사상구 덕포2동,40대,1019,334,369
202412,2653061000,사상구 덕포2동,50대,1571,451,545
202412,2653061000,사상구 덕포2동,60대이상,3736,400,832
202412,2653062000,사상구 괘법동,20대,3052,788,1692
202412,2653062000,사상구 괘법동,20대미만,822,78,540
202412,2653062000,사상구 괘법동,30대,2965,572,1258
202412,2653062000,사상구 괘법동,40대,2043,669,1102
202412,2653062000,사상구 괘법동,50대,2879,809,1553
202412,2653062000,사상구 괘법동,60대이상,5679,752,2525
202412,2653064500,사상구 감전동,20대,624,445,453
202412,2653064500,사상구 감전동,20대미만,315,55,145
202412,2653064500,사상구 감전동,30대,833,731,561
202412,2653064500,사상구 감전동,40대,833,752,633
202412,2653064500,사상구 감전동,50대,1371,962,915
202412,2653064500,사상구 감전동,60대이상,3580,907,1169
202412,2653065000,사상구 주례1동,20대,1191,261,332
202412,2653065000,사상구 주례1동,20대미만,1237,28,112
202412,2653065000,사상구 주례1동,30대,1627,306,366
202412,2653065000,사상구 주례1동,40대,1601,319,356
202412,2653065000,사상구 주례1동,50대,2129,424,539
202412,2653065000,사상구 주례1동,60대이상,4445,420,1057
202412,2653066000,사상구 주례2동,20대,2683,604,906
202412,2653066000,사상구 주례2동,20대미만,1625,189,387
202412,2653066000,사상구 주례2동,30대,1852,323,483
202412,2653066000,사상구 주례2동,40대,2060,342,499
202412,2653066000,사상구 주례2동,50대,2481,397,722
202412,2653066000,사상구 주례2동,60대이상,5413,400,1258
202412,2653066100,사상구 주례3동,20대,472,71,160
202412,2653066100,사상구 주례3동,20대미만,372,56,80
202412,2653066100,사상구 주례3동,30대,390,90,178
202412,2653066100,사상구 주례3동,40대,591,131,202
202412,2653066100,사상구 주례3동,50대,830,131,243
202412,2653066100,사상구 주례3동,60대이상,1954,128,409
202412,2653067000,사상구 학장동,20대,990,322,448
202412,2653067000,사상구 학장동,20대미만,1054,128,314
202412,2653067000,사상구 학장동,30대,1166,427,578
202412,2653067000,사상구 학장동,40대,1798,547,719
202412,2653067000,사상구 학장동,50대,2212,749,1027
202412,2653067000,사상구 학장동,60대이상,5447,618,1772
202412,2653068000,사상구 엄궁동,20대,1729,262,263
202412,2653068000,사상구 엄궁동,20대미만,2616,33,126
202412,2653068000,사상구 엄궁동,30대,1960,311,402
202412,2653068000,사상구 엄궁동,40대,2731,483,481
202412,2653068000,사상구 엄궁동,50대,3600,592,678
202412,2653068000,사상구 엄궁동,60대이상,6173,456,1004
202412,2671025000,기장군 기장읍,20대,3906,1097,1837
202412,2671025000,기장군 기장읍,20대미만,3936,119,1317
202412,2671025000,기장군 기장읍,30대,4388,1176,2766
202412,2671025000,기장군 기장읍,40대,5745,1449,2866
202412,2671025000,기장군 기장읍,50대,7579,1784,2913
202412,2671025000,기장군 기장읍,60대이상,17405,1206,3515
202412,2671025300,기장군 장안읍,20대,557,581,602
202412,2671025300,기장군 장안읍,20대미만,398,196,373
202412,2671025300,기장군 장안읍,30대,710,1008,1005
202412,2671025300,기장군 장안읍,40대,709,1165,1280
202412,2671025300,기장군 장안읍,50대,1094,1078,1301
202412,2671025300,기장군 장안읍,60대이상,3127,620,1585
202412,2671025600,기장군 정관읍,20대,4788,924,733
202412,2671025600,기장군 정관읍,20대미만,13969,92,340
202412,2671025600,기장군 정관읍,30대,7059,1226,853
202412,2671025600,기장군 정관읍,40대,14496,2457,1206
202412,2671025600,기장군 정관읍,50대,8893,1881,1262
202412,2671025600,기장군 정관읍,60대이상,13566,957,1533
202412,2671025900,기장군 일광읍,20대,1915,318,684
202412,2671025900,기장군 일광읍,20대미만,2543,50,329
202412,2671025900,기장군 일광읍,30대,3743,500,878
202412,2671025900,기장군 일광읍,40대,4017,662,978
202412,2671025900,기장군 일광읍,50대,3213,568,1156
202412,2671025900,기장군 일광읍,60대이상,5683,429,1512
202412,2671033000,기장군 철마면,20대,169,50,85
202412,2671033000,기장군 철마면,20대미만,188,11,45
202412,2671033000,기장군 철마면,30대,246,91,147
202412,2671033000,기장군 철마면,40대,436,120,213
202412,2671033000,기장군 철마면,50대,592,224,405
202412,2671033000,기장군 철마면,60대이상,3247,222,840
202411,2611051000,중구 중앙동,20대,555,823,1018
202411,2611051000,중구 중앙동,20대미만,316,71,295
202411,2611051000,중구 중앙동,30대,613,1287,1097
202411,2611051000,중구 중앙동,40대,710,1086,1057
202411,2611051000,중구 중앙동,50대,886,1090,1215
202411,2611051000,중구 중앙동,60대이상,1689,662,1663
202411,2611052000,중구 동광동,20대,127,66,162
202411,2611052000,중구 동광동,20대미만,34,9,51
202411,2611052000,중구 동광동,30대,141,82,147
202411,2611052000,중구 동광동,40대,193,120,157
202411,2611052000,중구 동광동,50대,274,111,182
202411,2611052000,중구 동광동,60대이상,1046,108,341
202411,2611053000,중구 대청동,20대,523,198,323
202411,2611053000,중구 대청동,20대미만,236,80,128
202411,2611053000,중구 대청동,30대,387,291,285
202411,2611053000,중구 대청동,40대,520,242,292
202411,2611053000,중구 대청동,50대,712,270,341
202411,2611053000,중구 대청동,60대이상,2083,261,603
202411,2611054500,중구 보수동,20대,1017,133,239
202411,2611054500,중구 보수동,20대미만,386,69,109
202411,2611054500,중구 보수동,30대,549,72,157
202411,2611054500,중구 보수동,40대,695,106,181
202411,2611054500,중구 보수동,50대,1080,145,244
202411,2611054500,중구 보수동,60대이상,2218,139,537
202411,2611056000,중구 부평동,20대,362,154,840
202411,2611056000,중구 부평동,20대미만,165,9,203
202411,2611056000,중구 부평동,30대,265,214,709
202411,2611056000,중구 부평동,40대,339,238,699
202411,2611056000,중구 부평동,50대,507,291,976
202411,2611056000,중구 부평동,60대이상,1579,329,1830
202411,2611057000,중구 광복동,20대,42,104,212
202411,2611057000,중구 광복동,20대미만,5,37,90
202411,2611057000,중구 광복동,30대,17,64,164
202411,2611057000,중구 광복동,40대,48,83,189
202411,2611057000,중구 광복동,50대,36,104,225
202411,2611057000,중구 광복동,60대이상,151,162,365
202411,2611058000,중구 남포동,20대,224,313,897
202411,2611058000,중구 남포동,20대미만,36,10,375
202411,2611058000,중구 남포동,30대,237,406,790
202411,2611058000,중구 남포동,40대,261,389,902
202411,2611058000,중구 남포동,50대,398,493,1381
202411,2611058000,중구 남포동,60대이상,1202,825,3184
202411,2611059000,중구 영주1동,20대,49,17,63
202411,2611059000,중구 영주1동,20대미만,8,0,19
202411,2611059000,중구 영주1동,30대,35,28,56
202411,2611059000,중구 영주1동,40대,38,33,59
202411,2611059000,중구 영주1동,50대,53,33,84
202411,2611059000,중구 영주1동,60대이상,145,22,124
202411,2611060000,중구 영주2동,20대,381,33,104
202411,2611060000,중구 영주2동,20대미만,267,31,67
202411,2611060000,중구 영주2동,30대,357,46,108
202411,2611060000,중구 영주2동,40대,504,58,121
202411,2611060000,중구 영주2동,50대,868,83,202
202411,2611060000,중구 영주2동,60대이상,2645,88,441
202411,2614051000,서구 동대신1동,20대,327,31,141
202411,2614051000,서구 동대신1동,20대미만,244,22,112
202411,2614051000,서구 동대신1동,30대,384,41,127
202411,2614051000,서구 동대신1동,40대,466,41,156
202411,2614051000,서구 동대신1동,50대,562,61,210
202411,2614051000,서구 동대신1동,60대이상,1485,87,395
202411,2614052000,서구 동대신2동,20대,135,18,49
202411,2614052000,서구 동대신2동,20대미만,127,16,55
202411,2614052000,서구 동대신2동,30대,146,10,36
202411,2614052000,서구 동대신2동,40대,319,25,51
202411,2614052000,서구 동대신2동,50대,396,45,70
202411,2614052000,서구 동대신2동,60대이상,1448,49,184
202411,2614053000,서구 동대신3동,20대,714,329,501
202411,2614053000,서구 동대신3동,20대미만,497,225,397
202411,2614053000,서구 동대신3동,30대,491,280,420
202411,2614053000,서구 동대신3동,40대,629,262,521
202411,2614053000,서구 동대신3동,50대,759,297,621
202411,2614053000,서구 동대신3동,60대이상,2221,200,1431
202411,2614054000,서구 서대신1동,20대,1078,151,303
202411,2614054000,서구 서대신1동,20대미만,1176,20,218
202411,2614054000,서구 서대신1동,30대,1277,181,296
202411,2614054000,서구 서대신1동,40대,1694,234,352
202411,2614054000,서구 서대신1동,50대,1582,250,451
202411,2614054000,서구 서대신1동,60대이상,3829,244,792
202411,2614056000,서구 서대신3동,20대,254,44,93
202411,2614056000,서구 서대신3동,20대미만,296,130,156
202411,2614056000,서구 서대신3동,30대,251,64,111
202411,2614056000,서구 서대신3동,40대,409,93,145
202411,2614056000,서구 서대신3동,50대,468,76,197
202411,2614056000,서구 서대신3동,60대이상,1067,60,358
202411,2614057000,서구 서대신4동,20대,452,62,197
202411,2614057000,서구 서대신4동,20대미만,581,85,119
202411,2614057000,서구 서대신4동,30대,432,70,129
202411,2614057000,서구 서대신4동,40대,721,101,203
202411,2614057000,서구 서대신4동,50대,813,104,283
202411,2614057000,서구 서대신4동,60대이상,1978,111,591
202411,2614059000,서구 부민동,20대,613,288,365
202411,2614059000,서구 부민동,20대미만,412,60,142
202411,2614059000,서구 부민동,30대,371,64,122
202411,2614059000,서구 부민동,40대,431,70,138
202411,2614059000,서구 부민동,50대,463,69,183
202411,2614059000,서구 부민동,60대이상,1391,61,257
202411,2614061500,서구 아미동,20대,518,67,219
202411,2614061500,서구 아미동,20대미만,176,2,47
202411,2614061500,서구 아미동,30대,467,116,243
202411,2614061500,서구 아미동,40대,415,89,198
202411,2614061500,서구 아미동,50대,625,83,257
202411,2614061500,서구 아미동,60대이상,2611,123,561
202411,2614063000,서구 초장동,20대,171,57,117
202411,2614063000,서구 초장동,20대미만,109,55,61
202411,2614063000,서구 초장동,30대,184,13,75
202411,2614063000,서구 초장동,40대,293,35,96
202411,2614063000,서구 초장동,50대,466,59,171
202411,2614063000,서구 초장동,60대이상,1720,56,310
202411,2614064000,서구 충무동,20대,548,80,134
202411,2614064000,서구 충무동,20대미만,295,100,86
202411,2614064000,서구 충무동,30대,436,116,124
202411,2614064000,서구 충무동,40대,545,125,172
202411,2614064000,서구 충무동,50대,728,158,248
202411,2614064000,서구 충무동,60대이상,2020,150,566
202411,2614065000,서구 남부민1동,20대,147,14,50
202411,2614065000,서구 남부민1동,20대미만,59,6,24
202411,2614065000,서구 남부민1동,30대,84,30,56
202411,2614065000,서구 남부민1동,40대,187,33,85
202411,2614065000,서구 남부민1동,50대,452,51,132
202411,2614065000,서구 남부민1동,60대이상,1225,56,300
202411,2614066000,서구 남부민2동,20대,372,66,187
202411,2614066000,서구 남부민2동,20대미만,325,65,137
202411,2614066000,서구 남부민2동,30대,395,72,257
202411,2614066000,서구 남부민2동,40대,572,102,301
202411,2614066000,서구 남부민2동,50대,937,107,377
202411,2614066000,서구 남부민2동,60대이상,3156,125,840
202411,2614068000,서구 암남동,20대,1150,393,661
202411,2614068000,서구 암남동,20대미만,793,55,223
202411,2614068000,서구 암남동,30대,1237,465,702
202411,2614068000,서구 암남동,40대,1572,558,856
202411,2614068000,서구 암남동,50대,2010,663,1116
202411,2614068000,서구 암남동,60대이상,5000,465,1831
202411,2617051000,동구 초량1동,20대,141,165,377
202411,2617051000,동구 초량1동,20대미만,103,25,91
202411,2617051000,동구 초량1동,30대,139,236,371
202411,2617051000,동구 초량1동,40대,211,211,371
202411,2617051000,동구 초량1동,50대,315,180,423
202411,2617051000,동구 초량1동,60대이상,928,125,644
202411,2617052000,동구 초량2동,20대,283,154,632
202411,2617052000,동구 초량2동,20대미만,215,144,247
202411,2617052000,동구 초량2동,30대,276,187,537
202411,2617052000,동구 초량2동,40대,395,204,529
202411,2617052000,동구 초량2동,50대,644,227,673
202411,2617052000,동구 초량2동,60대이상,2052,208,1331
202411,2617053000,동구 초량3동,20대,1120,461,1276
202411,2617053000,동구 초량3동,20대미만,672,112,412
202411,2617053000,동구 초량3동,30대,1573,627,1290
202411,2617053000,동구 초량3동,40대,1347,513,1302
202411,2617053000,동구 초량3동,50대,1221,558,1644
202411,2617053000,동구 초량3동,60대이상,2206,420,2250
202411,2617055000,동구 초량6동,20대,85,23,96
202411,2617055000,동구 초량6동,20대미만,49,36,79
202411,2617055000,동구 초량6동,30대,72,21,115
202411,2617055000,동구 초량6동,40대,81,26,125
202411,2617055000,동구 초량6동,50대,177,45,125
202411,2617055000,동구 초량6동,60대이상,440,19,161
202411,2617056000,동구 수정1동,20대,286,82,158
202411,2617056000,동구 수정1동,20대미만,266,32,98
202411,2617056000,동구 수정1동,30대,260,93,186
202411,2617056000,동구 수정1동,40대,389,87,166
202411,2617056000,동구 수정1동,50대,472,84,218
202411,2617056000,동구 수정1동,60대이상,1388,82,406
202411,2617057000,동구 수정2동,20대,417,81,115
202411,2617057000,동구 수정2동,20대미만,366,94,125
202411,2617057000,동구 수정2동,30대,654,130,160
202411,2617057000,동구 수정2동,40대,631,148,181
202411,2617057000,동구 수정2동,50대,907,186,271
202411,2617057000,동구 수정2동,60대이상,2897,161,513
202411,2617059000,동구 수정4동,20대,129,17,25
202411,2617059000,동구 수정4동,20대미만,93,3,24
202411,2617059000,동구 수정4동,30대,132,8,31
202411,2617059000,동구 수정4동,40대,184,15,34
202411,2617059000,동구 수정4동,50대,392,30,62
202411,2617059000,동구 수정4동,60대이상,1360,36,158
202411,2617060000,동구 수정5동,20대,270,22,40
202411,2617060000,동구 수정5동,20대미만,241,35,41
202411,2617060000,동구 수정5동,30대,228,39,46
202411,2617060000,동구 수정5동,40대,377,43,73
202411,2617060000,동구 수정5동,50대,602,55,88
202411,2617060000,동구 수정5동,60대이상,2100,52,206
202411,2617064500,동구 좌천동,20대,245,21,175
202411,2617064500,동구 좌천동,20대미만,129,37,169
202411,2617064500,동구 좌천동,30대,248,42,228
202411,2617064500,동구 좌천동,40대,244,41,215
202411,2617064500,동구 좌천동,50대,408,70,322
202411,2617064500,동구 좌천동,60대이상,1356,64,771
202411,2617065000,동구 범일1동,20대,593,65,169
202411,2617065000,동구 범일1동,20대미만,293,51,82
202411,2617065000,동구 범일1동,30대,643,110,236
202411,2617065000,동구 범일1동,40대,779,133,235
202411,2617065000,동구 범일1동,50대,1101,161,294
202411,2617065000,동구 범일1동,60대이상,4063,189,616
202411,2617066000,동구 범일2동,20대,593,457,609
202411,2617066000,동구 범일2동,20대미만,328,78,181
202411,2617066000,동구 범일2동,30대,715,771,874
202411,2617066000,동구 범일2동,40대,693,952,887
202411,2617066000,동구 범일2동,50대,943,1047,1185
202411,2617066000,동구 범일2동,60대이상,2202,893,2159
202411,2617068000,동구 범일5동,20대,550,87,382
202411,2617068000,동구 범일5동,20대미만,413,144,208
202411,2617068000,동구 범일5동,30대,1366,158,481
202411,2617068000,동구 범일5동,40대,988,203,570
202411,2617068000,동구 범일5동,50대,845,226,713
202411,2617068000,동구 범일5동,60대이상,1656,341,1445
202411,2620053000,영도구 남항동,20대,581,208,443
202411,2620053000,영도구 남항동,20대미만,420,35,167
202411,2620053000,영도구 남항동,30대,626,265,498
202411,2620053000,영도구 남항동,40대,870,363,639
202411,2620053000,영도구 남항동,50대,1337,483,948
202411,2620053000,영도구 남항동,60대이상,4240,555,1872
202411,2620054000,영도구 영선1동,20대,49,12,30
202411,2620054000,영도구 영선1동,20대미만,41,2,24
202411,2620054000,영도구 영선1동,30대,32,12,49
202411,2620054000,영도구 영선1동,40대,109,24,63
202411,2620054000,영도구 영선1동,50대,149,51,109
202411,2620054000,영도구 영선1동,60대이상,430,78,242
202411,2620055000,영도구 영선2동,20대,416,68,170
202411,2620055000,영도구 영선2동,20대미만,385,90,112
202411,2620055000,영도구 영선2동,30대,437,53,139
202411,2620055000,영도구 영선2동,40대,498,78,151
202411,2620055000,영도구 영선2동,50대,870,96,214
202411,2620055000,영도구 영선2동,60대이상,2896,121,442
202411,2620058500,영도구 신선동,20대,257,33,57
202411,2620058500,영도구 신선동,20대미만,256,151,100
202411,2620058500,영도구 신선동,30대,301,39,76
202411,2620058500,영도구 신선동,40대,548,70,111
202411,2620058500,영도구 신선동,50대,854,100,139
202411,2620058500,영도구 신선동,60대이상,2984,69,350
202411,2620059000,영도구 봉래1동,20대,270,38,132
202411,2620059000,영도구 봉래1동,20대미만,291,2,84
202411,2620059000,영도구 봉래1동,30대,303,84,180
202411,2620059000,영도구 봉래1동,40대,461,100,235
202411,2620059000,영도구 봉래1동,50대,585,160,308
202411,2620059000,영도구 봉래1동,60대이상,1977,201,619
202411,2620060500,영도구 봉래2동,20대,366,46,113
202411,2620060500,영도구 봉래2동,20대미만,326,25,110
202411,2620060500,영도구 봉래2동,30대,422,74,141
202411,2620060500,영도구 봉래2동,40대,577,149,181
202411,2620060500,영도구 봉래2동,50대,869,168,233
202411,2620060500,영도구 봉래2동,60대이상,2459,191,469
202411,2620063000,영도구 청학1동,20대,194,66,98
202411,2620063000,영도구 청학1동,20대미만,189,17,57
202411,2620063000,영도구 청학1동,30대,259,76,109
202411,2620063000,영도구 청학1동,40대,421,193,198
202411,2620063000,영도구 청학1동,50대,589,195,267
202411,2620063000,영도구 청학1동,60대이상,1946,146,414
202411,2620064000,영도구 청학2동,20대,692,143,229
202411,2620064000,영도구 청학2동,20대미만,778,11,143
202411,2620064000,영도구 청학2동,30대,1007,200,266
202411,2620064000,영도구 청학2동,40대,1298,274,374
202411,2620064000,영도구 청학2동,50대,1769,339,441
202411,2620064000,영도구 청학2동,60대이상,4934,289,843
202411,2620065000,영도구 동삼1동,20대,1869,405,407
202411,2620065000,영도구 동삼1동,20대미만,2059,233,273
202411,2620065000,영도구 동삼1동,30대,1846,345,401
202411,2620065000,영도구 동삼1동,40대,2571,467,516
202411,2620065000,영도구 동삼1동,50대,3490,547,664
202411,2620065000,영도구 동삼1동,60대이상,9396,417,1117
202411,2620066000,영도구 동삼2동,20대,1066,381,545
202411,2620066000,영도구 동삼2동,20대미만,619,95,363
202411,2620066000,영도구 동삼2동,30대,350,132,425
202411,2620066000,영도구 동삼2동,40대,479,158,517
202411,2620066000,영도구 동삼2동,50대,524,180,604
202411,2620066000,영도구 동삼2동,60대이상,1378,108,971
202411,2620067000,영도구 동삼3동,20대,393,75,178
202411,2620067000,영도구 동삼3동,20대미만,334,76,155
202411,2620067000,영도구 동삼3동,30대,443,86,208
202411,2620067000,영도구 동삼3동,40대,653,111,274
202411,2620067000,영도구 동삼3동,50대,1001,140,362
202411,2620067000,영도구 동삼3동,60대이상,3850,158,673
202411,2623051000,부산진구 부전1동,20대,2392,794,1637
202411,2623051000,부산진구 부전1동,20대미만,404,53,404
202411,2623051000,부산진구 부전1동,30대,1880,867,1347
202411,2623051000,부산진구 부전1동,40대,1143,785,1196
202411,2623051000,부산진구 부전1동,50대,1405,937,1747
202411,2623051000,부산진구 부전1동,60대이상,3112,1172,4575
202411,2623052000,부산진구 부전2동,20대,2013,2059,6342
202411,2623052000,부산진구 부전2동,20대미만,427,146,1507
202411,2623052000,부산진구 부전2동,30대,1866,1484,3507
202411,2623052000,부산진구 부전2동,40대,1254,1017,2255
202411,2623052000,부산진구 부전2동,50대,1185,971,2131
202411,2623052000,부산진구 부전2동,60대이상,1831,752,2789
202411,2623054000,부산진구 연지동,20대,677,75,160
202411,2623054000,부산진구 연지동,20대미만,584,72,184
202411,2623054000,부산진구 연지동,30대,910,99,222
202411,2623054000,부산진구 연지동,40대,1159,156,250
202411,2623054000,부산진구 연지동,50대,1335,167,256
202411,2623054000,부산진구 연지동,60대이상,3806,162,546
202411,2623055000,부산진구 초읍동,20대,1308,203,345
202411,2623055000,부산진구 초읍동,20대미만,1782,119,262
202411,2623055000,부산진구 초읍동,30대,1714,236,499
202411,2623055000,부산진구 초읍동,40대,2140,340,623
202411,2623055000,부산진구 초읍동,50대,2651,434,759
202411,2623055000,부산진구 초읍동,60대이상,7590,402,1418
202411,2623056000,부산진구 양정1동,20대,1713,606,688
202411,2623056000,부산진구 양정1동,20대미만,1251,379,316
202411,2623056000,부산진구 양정1동,30대,1753,391,631
202411,2623056000,부산진구 양정1동,40대,1728,415,640
202411,2623056000,부산진구 양정1동,50대,2439,528,774
202411,2623056000,부산진구 양정1동,60대이상,5401,493,1199
202411,2623057000,부산진구 양정2동,20대,1755,291,443
202411,2623057000,부산진구 양정2동,20대미만,540,258,210
202411,2623057000,부산진구 양정2동,30대,1540,267,430
202411,2623057000,부산진구 양정2동,40대,1020,296,427
202411,2623057000,부산진구 양정2동,50대,943,356,597
202411,2623057000,부산진구 양정2동,60대이상,2098,230,1005
202411,2623060000,부산진구 전포1동,20대,2945,781,1914
202411,2623060000,부산진구 전포1동,20대미만,728,368,515
202411,2623060000,부산진구 전포1동,30대,2728,653,1107
202411,2623060000,부산진구 전포1동,40대,1504,394,577
202411,2623060000,부산진구 전포1동,50대,1662,367,542
202411,2623060000,부산진구 전포1동,60대이상,2801,303,656
202411,2623061000,부산진구 전포2동,20대,2413,543,1746
202411,2623061000,부산진구 전포2동,20대미만,997,76,459
202411,2623061000,부산진구 전포2동,30대,2692,508,1160
202411,2623061000,부산진구 전포2동,40대,2099,379,670
202411,2623061000,부산진구 전포2동,50대,2368,447,646
202411,2623061000,부산진구 전포2동,60대이상,5403,365,1115
202411,2623064000,부산진구 부암1동,20대,1516,190,452
202411,2623064000,부산진구 부암1동,20대미만,1079,26,206
202411,2623064000,부산진구 부암1동,30대,2290,264,563
202411,2623064000,부산진구 부암1동,40대,1883,280,486
202411,2623064000,부산진구 부암1동,50대,2253,328,645
202411,2623064000,부산진구 부암1동,60대이상,4785,255,1038
202411,2623066000,부산진구 부암3동,20대,1173,106,359
202411,2623066000,부산진구 부암3동,20대미만,1449,144,318
202411,2623066000,부산진구 부암3동,30대,1908,154,401
202411,2623066000,부산진구 부암3동,40대,1941,193,472
202411,2623066000,부산진구 부암3동,50대,2536,305,677
202411,2623066000,부산진구 부암3동,60대이상,4808,297,1508
202411,2623067000,부산진구 당감1동,20대,1319,199,312
202411,2623067000,부산진구 당감1동,20대미만,1287,143,311
202411,2623067000,부산진구 당감1동,30대,1424,184,367
202411,2623067000,부산진구 당감1동,40대,1578,235,431
202411,2623067000,부산진구 당감1동,50대,2883,378,625
202411,2623067000,부산진구 당감1동,60대이상,5699,344,1125
202411,2623068000,부산진구 당감2동,20대,420,37,157
202411,2623068000,부산진구 당감2동,20대미만,306,6,84
202411,2623068000,부산진구 당감2동,30대,578,70,206
202411,2623068000,부산진구 당감2동,40대,722,68,228
202411,2623068000,부산진구 당감2동,50대,808,127,263
202411,2623068000,부산진구 당감2동,60대이상,1664,85,489
202411,2623070000,부산진구 당감4동,20대,540,57,190
202411,2623070000,부산진구 당감4동,20대미만,692,44,151
202411,2623070000,부산진구 당감4동,30대,613,80,249
202411,2623070000,부산진구 당감4동,40대,826,80,261
202411,2623070000,부산진구 당감4동,50대,1157,129,357
202411,2623070000,부산진구 당감4동,60대이상,2467,140,646
202411,2623071000,부산진구 가야1동,20대,1783,941,1018
202411,2623071000,부산진구 가야1동,20대미만,1156,332,452
202411,2623071000,부산진구 가야1동,30대,1215,232,581
202411,2623071000,부산진구 가야1동,40대,1476,322,619
202411,2623071000,부산진구 가야1동,50대,1890,408,747
202411,2623071000,부산진구 가야1동,60대이상,5193,342,1288
202411,2623072000,부산진구 가야2동,20대,778,76,286
202411,2623072000,부산진구 가야2동,20대미만,595,70,236
202411,2623072000,부산진구 가야2동,30대,816,76,344
202411,2623072000,부산진구 가야2동,40대,967,88,365
202411,2623072000,부산진구 가야2동,50대,1203,161,501
202411,2623072000,부산진구 가야2동,60대이상,3308,175,950
202411,2623074000,부산진구 개금1동,20대,2199,223,454
202411,2623074000,부산진구 개금1동,20대미만,694,41,241
202411,2623074000,부산진구 개금1동,30대,1839,156,372
202411,2623074000,부산진구 개금1동,40대,1507,194,375
202411,2623074000,부산진구 개금1동,50대,1706,261,502
202411,2623074000,부산진구 개금1동,60대이상,3762,272,863
202411,2623075000,부산진구 개금2동,20대,771,188,439
202411,2623075000,부산진구 개금2동,20대미만,584,20,158
202411,2623075000,부산진구 개금2동,30대,599,204,384
202411,2623075000,부산진구 개금2동,40대,772,164,346
202411,2623075000,부산진구 개금2동,50대,1123,188,465
202411,2623075000,부산진구 개금2동,60대이상,2925,156,971
202411,2623076000,부산진구 개금3동,20대,1490,170,284
202411,2623076000,부산진구 개금3동,20대미만,1559,144,296
202411,2623076000,부산진구 개금3동,30대,1943,194,398
202411,2623076000,부산진구 개금3동,40대,2044,207,349
202411,2623076000,부산진구 개금3동,50대,2937,331,536
202411,2623076000,부산진구 개금3동,60대이상,7680,346,947
202411,2623077000,부산진구 범천1동,20대,1607,465,995
202411,2623077000,부산진구 범천1동,20대미만,414,20,342
202411,2623077000,부산진구 범천1동,30대,1781,638,1082
202411,2623077000,부산진구 범천1동,40대,1151,615,983
202411,2623077000,부산진구 범천1동,50대,1212,724,1249
202411,2623077000,부산진구 범천1동,60대이상,2735,664,2217
202411,2623078000,부산진구 범천2동,20대,1362,119,315
202411,2623078000,부산진구 범천2동,20대미만,610,15,121
202411,2623078000,부산진구 범천2동,30대,2305,184,395
202411,2623078000,부산진구 범천2동,40대,1936,194,318
202411,2623078000,부산진구 범천2동,50대,2053,281,398
202411,2623078000,부산진구 범천2동,60대이상,5375,269,776
202411,2626051000,동래구 수민동,20대,1688,264,532
202411,2626051000,동래구 수민동,20대미만,1502,86,539
202411,2626051000,동래구 수민동,30대,2293,352,656
202411,2626051000,동래구 수민동,40대,2323,415,811
202411,2626051000,동래구 수민동,50대,2689,492,1115
202411,2626051000,동래구 수민동,60대이상,8193,433,2254
202411,2626052000,동래구 복산동,20대,487,60,109
202411,2626052000,동래구 복산동,20대미만,353,24,142
202411,2626052000,동래구 복산동,30대,446,71,123
202411,2626052000,동래구 복산동,40대,622,103,193
202411,2626052000,동래구 복산동,50대,1008,132,228
202411,2626052000,동래구 복산동,60대이상,3244,165,426
202411,2626054500,동래구 명륜동,20대,1452,480,1393
202411,2626054500,동래구 명륜동,20대미만,2288,301,663
202411,2626054500,동래구 명륜동,30대,2010,547,1175
202411,2626054500,동래구 명륜동,40대,3197,632,1237
202411,2626054500,동래구 명륜동,50대,3159,776,1451
202411,2626054500,동래구 명륜동,60대이상,4709,578,2559
202411,2626055000,동래구 온천1동,20대,2716,397,927
202411,2626055000,동래구 온천1동,20대미만,2079,236,548
202411,2626055000,동래구 온천1동,30대,3901,477,1182
202411,2626055000,동래구 온천1동,40대,3505,535,1330
202411,2626055000,동래구 온천1동,50대,3207,669,1458
202411,2626055000,동래구 온천1동,60대이상,5927,562,2372
202411,2626056000,동래구 온천2동,20대,872,216,418
202411,2626056000,동래구 온천2동,20대미만,1314,250,272
202411,2626056000,동래구 온천2동,30대,1162,336,445
202411,2626056000,동래구 온천2동,40대,1603,349,511
202411,2626056000,동래구 온천2동,50대,1416,345,666
202411,2626056000,동래구 온천2동,60대이상,3513,313,1252
202411,2626057000,동래구 온천3동,20대,2995,285,1279
202411,2626057000,동래구 온천3동,20대미만,2239,211,1660
202411,2626057000,동래구 온천3동,30대,3131,324,1967
202411,2626057000,동래구 온천3동,40대,3378,429,2438
202411,2626057000,동래구 온천3동,50대,4206,510,2061
202411,2626057000,동래구 온천3동,60대이상,9383,476,3813
202411,2626058000,동래구 사직1동,20대,664,206,549
202411,2626058000,동래구 사직1동,20대미만,921,99,824
202411,2626058000,동래구 사직1동,30대,903,243,648
202411,2626058000,동래구 사직1동,40대,1115,232,860
202411,2626058000,동래구 사직1동,50대,1015,255,875
202411,2626058000,동래구 사직1동,60대이상,2483,231,1381
202411,2626059000,동래구 사직2동,20대,1494,164,613
202411,2626059000,동래구 사직2동,20대미만,3401,401,775
202411,2626059000,동래구 사직2동,30대,1513,171,568
202411,2626059000,동래구 사직2동,40대,3328,390,852
202411,2626059000,동래구 사직2동,50대,3157,341,820
202411,2626059000,동래구 사직2동,60대이상,4419,245,1185
202411,2626060000,동래구 사직3동,20대,1012,152,325
202411,2626060000,동래구 사직3동,20대미만,1599,95,471
202411,2626060000,동래구 사직3동,30대,1152,202,333
202411,2626060000,동래구 사직3동,40대,2176,259,513
202411,2626060000,동래구 사직3동,50대,1773,288,514
202411,2626060000,동래구 사직3동,60대이상,3901,221,777
202411,2626074000,동래구 안락1동,20대,732,163,296
202411,2626074000,동래구 안락1동,20대미만,656,47,230
202411,2626074000,동래구 안락1동,30대,845,189,386
202411,2626074000,동래구 안락1동,40대,1013,202,516
202411,2626074000,동래구 안락1동,50대,1307,284,679
202411,2626074000,동래구 안락1동,60대이상,4114,342,1383
202411,2626075000,동래구 안락2동,20대,1682,220,419
202411,2626075000,동래구 안락2동,20대미만,2002,150,401
202411,2626075000,동래구 안락2동,30대,1987,327,472
202411,2626075000,동래구 안락2동,40대,2464,432,603
202411,2626075000,동래구 안락2동,50대,3209,478,652
202411,2626075000,동래구 안락2동,60대이상,6934,389,1116
202411,2626076100,동래구 명장1동,20대,782,86,206
202411,2626076100,동래구 명장1동,20대미만,951,299,214
202411,2626076100,동래구 명장1동,30대,1032,122,236
202411,2626076100,동래구 명장1동,40대,1350,172,308
202411,2626076100,동래구 명장1동,50대,1511,243,396
202411,2626076100,동래구 명장1동,60대이상,4271,252,802
202411,2626076200,동래구 명장2동,20대,423,43,82
202411,2626076200,동래구 명장2동,20대미만,461,178,207
202411,2626076200,동래구 명장2동,30대,555,49,137
202411,2626076200,동래구 명장2동,40대,721,75,157
202411,2626076200,동래구 명장2동,50대,878,112,187
202411,2626076200,동래구 명장2동,60대이상,2246,120,368
202411,2629051000,남구 대연1동,20대,2641,342,1082
202411,2629051000,남구 대연1동,20대미만,840,93,605
202411,2629051000,남구 대연1동,30대,1198,236,812
202411,2629051000,남구 대연1동,40대,1216,236,918
202411,2629051000,남구 대연1동,50대,1633,325,1085
202411,2629051000,남구 대연1동,60대이상,4308,259,1773
202411,2629053000,남구 대연3동,20대,5480,2700,2887
202411,2629053000,남구 대연3동,20대미만,3820,662,1283
202411,2629053000,남구 대연3동,30대,3141,921,1328
202411,2629053000,남구 대연3동,40대,4262,923,1263
202411,2629053000,남구 대연3동,50대,3797,852,1435
202411,2629053000,남구 대연3동,60대이상,6329,573,1788
202411,2629054000,남구 대연4동,20대,761,60,171
202411,2629054000,남구 대연4동,20대미만,864,81,179
202411,2629054000,남구 대연4동,30대,1425,102,213
202411,2629054000,남구 대연4동,40대,1397,142,236
202411,2629054000,남구 대연4동,50대,1305,160,310
202411,2629054000,남구 대연4동,60대이상,3022,186,610
202411,2629055000,남구 대연5동,20대,1703,248,398
202411,2629055000,남구 대연5동,20대미만,949,129,235
202411,2629055000,남구 대연5동,30대,1150,205,286
202411,2629055000,남구 대연5동,40대,1377,220,322
202411,2629055000,남구 대연5동,50대,1781,265,409
202411,2629055000,남구 대연5동,60대이상,3991,243,733
202411,2629056000,남구 대연6동,20대,855,152,174
202411,2629056000,남구 대연6동,20대미만,1424,187,189
202411,2629056000,남구 대연6동,30대,1219,236,206
202411,2629056000,남구 대연6동,40대,1806,291,272
202411,2629056000,남구 대연6동,50대,1540,260,322
202411,2629056000,남구 대연6동,60대이상,2826,145,516
202411,2629057000,남구 용호1동,20대,2179,299,569
202411,2629057000,남구 용호1동,20대미만,4239,208,450
202411,2629057000,남구 용호1동,30대,2575,303,584
202411,2629057000,남구 용호1동,40대,4325,468,712
202411,2629057000,남구 용호1동,50대,5553,585,905
202411,2629057000,남구 용호1동,60대이상,10442,508,1666
202411,2629058000,남구 용호2동,20대,1067,129,373
202411,2629058000,남구 용호2동,20대미만,1487,40,178
202411,2629058000,남구 용호2동,30대,1537,141,322
202411,2629058000,남구 용호2동,40대,2274,232,411
202411,2629058000,남구 용호2동,50대,2076,226,517
202411,2629058000,남구 용호2동,60대이상,4815,196,913
202411,2629059000,남구 용호3동,20대,652,101,212
202411,2629059000,남구 용호3동,20대미만,668,277,248
202411,2629059000,남구 용호3동,30대,655,110,229
202411,2629059000,남구 용호3동,40대,872,159,342
202411,2629059000,남구 용호3동,50대,1303,244,440
202411,2629059000,남구 용호3동,60대이상,4138,262,847
202411,2629060000,남구 용호4동,20대,416,136,277
202411,2629060000,남구 용호4동,20대미만,420,40,166
202411,2629060000,남구 용호4동,30대,435,69,215
202411,2629060000,남구 용호4동,40대,661,125,263
202411,2629060000,남구 용호4동,50대,783,150,322
202411,2629060000,남구 용호4동,60대이상,2104,157,640
202411,2629061000,남구 용당동,20대,570,347,382
202411,2629061000,남구 용당동,20대미만,424,138,160
202411,2629061000,남구 용당동,30대,432,217,265
202411,2629061000,남구 용당동,40대,647,259,455
202411,2629061000,남구 용당동,50대,1035,279,568
202411,2629061000,남구 용당동,60대이상,2139,223,666
202411,2629062000,남구 감만1동,20대,418,117,215
202411,2629062000,남구 감만1동,20대미만,292,44,82
202411,2629062000,남구 감만1동,30대,339,182,323
202411,2629062000,남구 감만1동,40대,613,198,489
202411,2629062000,남구 감만1동,50대,716,251,671
202411,2629062000,남구 감만1동,60대이상,1993,225,692
202411,2629063000,남구 감만2동,20대,192,18,112
202411,2629063000,남구 감만2동,20대미만,247,48,141
202411,2629063000,남구 감만2동,30대,207,37,130
202411,2629063000,남구 감만2동,40대,321,52,224
202411,2629063000,남구 감만2동,50대,608,73,356
202411,2629063000,남구 감만2동,60대이상,1501,73,795
202411,2629064500,남구 우암동,20대,681,117,252
202411,2629064500,남구 우암동,20대미만,809,87,156
202411,2629064500,남구 우암동,30대,682,139,306
202411,2629064500,남구 우암동,40대,1094,190,376
202411,2629064500,남구 우암동,50대,1372,283,594
202411,2629064500,남구 우암동,60대이상,4680,272,1096
202411,2629068000,남구 문현1동,20대,583,58,180
202411,2629068000,남구 문현1동,20대미만,629,160,231
202411,2629068000,남구 문현1동,30대,444,65,256
202411,2629068000,남구 문현1동,40대,716,100,282
202411,2629068000,남구 문현1동,50대,1102,158,357
202411,2629068000,남구 문현1동,60대이상,2670,154,668
202411,2629069000,남구 문현2동,20대,409,351,383
202411,2629069000,남구 문현2동,20대미만,178,63,185
202411,2629069000,남구 문현2동,30대,627,662,505
202411,2629069000,남구 문현2동,40대,486,523,449
202411,2629069000,남구 문현2동,50대,556,460,514
202411,2629069000,남구 문현2동,60대이상,1812,259,790
202411,2629070000,남구 문현3동,20대,790,89,709
202411,2629070000,남구 문현3동,20대미만,696,28,867
202411,2629070000,남구 문현3동,30대,826,80,737
202411,2629070000,남구 문현3동,40대,1276,160,994
202411,2629070000,남구 문현3동,50대,1148,178,1289
202411,2629070000,남구 문현3동,60대이상,3164,210,2698
202411,2629071000,남구 문현4동,20대,431,85,219
202411,2629071000,남구 문현4동,20대미만,256,37,133
202411,2629071000,남구 문현4동,30대,510,115,249
202411,2629071000,남구 문현4동,40대,491,108,243
202411,2629071000,남구 문현4동,50대,692,109,254
202411,2629071000,남구 문현4동,60대이상,1662,101,419
202411,2632051000,북구 구포1동,20대,1049,139,402
202411,2632051000,북구 구포1동,20대미만,588,4,191
202411,2632051000,북구 구포1동,30대,1315,197,537
202411,2632051000,북구 구포1동,40대,1185,253,550
202411,2632051000,북구 구포1동,50대,1730,413,925
202411,2632051000,북구 구포1동,60대이상,4493,510,2110
202411,2632052000,북구 구포2동,20대,1721,192,297
202411,2632052000,북구 구포2동,20대미만,1208,193,206
202411,2632052000,북구 구포2동,30대,1907,293,362
202411,2632052000,북구 구포2동,40대,2103,359,386
202411,2632052000,북구 구포2동,50대,3025,462,594
202411,2632052000,북구 구포2동,60대이상,7090,397,1070
202411,2632052100,북구 구포3동,20대,1475,152,227
202411,2632052100,북구 구포3동,20대미만,1128,196,138
202411,2632052100,북구 구포3동,30대,1256,104,188
202411,2632052100,북구 구포3동,40대,1651,168,218
202411,2632052100,북구 구포3동,50대,2781,301,378
202411,2632052100,북구 구포3동,60대이상,5876,252,621
202411,2632053000,북구 금곡동,20대,2221,250,350
202411,2632053000,북구 금곡동,20대미만,2201,120,300
202411,2632053000,북구 금곡동,30대,2363,264,506
202411,2632053000,북구 금곡동,40대,2981,343,587
202411,2632053000,북구 금곡동,50대,4678,556,852
202411,2632053000,북구 금곡동,60대이상,12286,505,1553
202411,2632054100,북구 화명1동,20대,2755,249,854
202411,2632054100,북구 화명1동,20대미만,2977,65,975
202411,2632054100,북구 화명1동,30대,3326,232,1084
202411,2632054100,북구 화명1동,40대,3621,332,1104
202411,2632054100,북구 화명1동,50대,4994,501,1383
202411,2632054100,북구 화명1동,60대이상,7964,406,2076
202411,2632054200,북구 화명2동,20대,1378,172,287
202411,2632054200,북구 화명2동,20대미만,1386,167,277
202411,2632054200,북구 화명2동,30대,1512,179,357
202411,2632054200,북구 화명2동,40대,1568,208,390
202411,2632054200,북구 화명2동,50대,2257,310,560
202411,2632054200,북구 화명2동,60대이상,4444,275,842
202411,2632054300,북구 화명3동,20대,1932,383,802
202411,2632054300,북구 화명3동,20대미만,2497,396,646
202411,2632054300,북구 화명3동,30대,1722,309,715
202411,2632054300,북구 화명3동,40대,2603,430,727
202411,2632054300,북구 화명3동,50대,3317,540,952
202411,2632054300,북구 화명3동,60대이상,4846,331,1450
202411,2632055000,북구 덕천1동,20대,1011,245,342
202411,2632055000,북구 덕천1동,20대미만,513,55,169
202411,2632055000,북구 덕천1동,30대,1431,200,353
202411,2632055000,북구 덕천1동,40대,1100,208,367
202411,2632055000,북구 덕천1동,50대,1443,299,516
202411,2632055000,북구 덕천1동,60대이상,4251,263,1081
202411,2632056000,북구 덕천2동,20대,893,351,1012
202411,2632056000,북구 덕천2동,20대미만,531,218,550
202411,2632056000,북구 덕천2동,30대,911,433,1084
202411,2632056000,북구 덕천2동,40대,888,403,1022
202411,2632056000,북구 덕천2동,50대,1287,469,1342
202411,2632056000,북구 덕천2동,60대이상,3608,400,2332
202411,2632056100,북구 덕천3동,20대,363,34,76
202411,2632056100,북구 덕천3동,20대미만,232,8,33
202411,2632056100,북구 덕천3동,30대,365,25,94
202411,2632056100,북구 덕천3동,40대,575,41,88
202411,2632056100,북구 덕천3동,50대,873,92,144
202411,2632056100,북구 덕천3동,60대이상,2750,75,313
202411,2632057100,북구 만덕1동,20대,932,97,186
202411,2632057100,북구 만덕1동,20대미만,964,80,176
202411,2632057100,북구 만덕1동,30대,1887,137,299
202411,2632057100,북구 만덕1동,40대,1614,139,297
202411,2632057100,북구 만덕1동,50대,1524,157,314
202411,2632057100,북구 만덕1동,60대이상,3815,195,727
202411,2632057200,북구 만덕2동,20대,1668,172,261
202411,2632057200,북구 만덕2동,20대미만,2400,223,242
202411,2632057200,북구 만덕2동,30대,2340,206,363
202411,2632057200,북구 만덕2동,40대,2827,293,410
202411,2632057200,북구 만덕2동,50대,3001,346,468
202411,2632057200,북구 만덕2동,60대이상,6926,306,996
202411,2632057300,북구 만덕3동,20대,1106,95,201
202411,2632057300,북구 만덕3동,20대미만,1100,30,205
202411,2632057300,북구 만덕3동,30대,1321,77,249
202411,2632057300,북구 만덕3동,40대,1500,128,279
202411,2632057300,북구 만덕3동,50대,2056,179,341
202411,2632057300,북구 만덕3동,60대이상,5382,243,711
202411,2635051000,해운대구 우1동,20대,1787,719,2381
202411,2635051000,해운대구 우1동,20대미만,1987,535,1166
202411,2635051000,해운대구 우1동,30대,2136,718,2382
202411,2635051000,해운대구 우1동,40대,2600,734,2336
202411,2635051000,해운대구 우1동,50대,2819,771,2316
202411,2635051000,해운대구 우1동,60대이상,6105,772,3092
202411,2635052000,해운대구 우2동,20대,1755,2131,2940
202411,2635052000,해운대구 우2동,20대미만,2384,565,1643
202411,2635052000,해운대구 우2동,30대,2366,2315,3019
202411,2635052000,해운대구 우2동,40대,3501,1759,2576
202411,2635052000,해운대구 우2동,50대,3928,1489,2301
202411,2635052000,해운대구 우2동,60대이상,6615,812,2816
202411,2635052500,해운대구 우3동,20대,1093,219,448
202411,2635052500,해운대구 우3동,20대미만,1796,114,385
202411,2635052500,해운대구 우3동,30대,1383,254,569
202411,2635052500,해운대구 우3동,40대,2374,372,705
202411,2635052500,해운대구 우3동,50대,3077,334,754
202411,2635052500,해운대구 우3동,60대이상,5955,317,1079
202411,2635053000,해운대구 중1동,20대,2007,631,1616
202411,2635053000,해운대구 중1동,20대미만,1838,105,846
202411,2635053000,해운대구 중1동,30대,2356,631,1997
202411,2635053000,해운대구 중1동,40대,3263,662,1885
202411,2635053000,해운대구 중1동,50대,3448,774,1904
202411,2635053000,해운대구 중1동,60대이상,5923,601,2400
202411,2635054000,해운대구 중2동,20대,922,161,470
202411,2635054000,해운대구 중2동,20대미만,1360,58,227
202411,2635054000,해운대구 중2동,30대,1381,220,561
202411,2635054000,해운대구 중2동,40대,1885,229,581
202411,2635054000,해운대구 중2동,50대,1940,250,714
202411,2635054000,해운대구 중2동,60대이상,3859,238,1122
202411,2635055100,해운대구 좌1동,20대,1419,348,741
202411,2635055100,해운대구 좌1동,20대미만,1145,58,591
202411,2635055100,해운대구 좌1동,30대,1373,359,702
202411,2635055100,해운대구 좌1동,40대,1663,386,826
202411,2635055100,해운대구 좌1동,50대,2342,497,986
202411,2635055100,해운대구 좌1동,60대이상,3373,382,1371
202411,2635055200,해운대구 좌2동,20대,2638,270,481
202411,2635055200,해운대구 좌2동,20대미만,2139,122,455
202411,2635055200,해운대구 좌2동,30대,3084,288,456
202411,2635055200,해운대구 좌2동,40대,3071,343,454
202411,2635055200,해운대구 좌2동,50대,3814,349,530
202411,2635055200,해운대구 좌2동,60대이상,6773,317,789
202411,2635055300,해운대구 좌3동,20대,1012,101,224
202411,2635055300,해운대구 좌3동,20대미만,1099,321,291
202411,2635055300,해운대구 좌3동,30대,1097,92,223
202411,2635055300,해운대구 좌3동,40대,1203,114,283
202411,2635055300,해운대구 좌3동,50대,2054,190,378
202411,2635055300,해운대구 좌3동,60대이상,4169,163,640
202411,2635055400,해운대구 좌4동,20대,1712,403,673
202411,2635055400,해운대구 좌4동,20대미만,2649,386,489
202411,2635055400,해운대구 좌4동,30대,1661,347,599
202411,2635055400,해운대구 좌4동,40대,2426,437,710
202411,2635055400,해운대구 좌4동,50대,2964,462,942
202411,2635055400,해운대구 좌4동,60대이상,4828,333,1651
202411,2635056000,해운대구 송정동,20대,552,287,1098
202411,2635056000,해운대구 송정동,20대미만,583,117,514
202411,2635056000,해운대구 송정동,30대,740,339,1049
202411,2635056000,해운대구 송정동,40대,856,356,1055
202411,2635056000,해운대구 송정동,50대,1111,476,1244
202411,2635056000,해운대구 송정동,60대이상,3300,352,1605
202411,2635057000,해운대구 반여1동,20대,2706,405,517
202411,2635057000,해운대구 반여1동,20대미만,4081,293,358
202411,2635057000,해운대구 반여1동,30대,2823,474,697
202411,2635057000,해운대구 반여1동,40대,4075,591,819
202411,2635057000,해운대구 반여1동,50대,4869,737,1006
202411,2635057000,해운대구 반여1동,60대이상,7990,556,1707
202411,2635058000,해운대구 반여2동,20대,696,77,259
202411,2635058000,해운대구 반여2동,20대미만,425,53,155
202411,2635058000,해운대구 반여2동,30대,909,80,254
202411,2635058000,해운대구 반여2동,40대,1061,115,318
202411,2635058000,해운대구 반여2동,50대,1591,180,577
202411,2635058000,해운대구 반여2동,60대이상,4251,175,958
202411,2635059000,해운대구 반여3동,20대,373,19,59
202411,2635059000,해운대구 반여3동,20대미만,174,14,26
202411,2635059000,해운대구 반여3동,30대,372,25,63
202411,2635059000,해운대구 반여3동,40대,513,43,63
202411,2635059000,해운대구 반여3동,50대,718,69,114
202411,2635059000,해운대구 반여3동,60대이상,1775,77,210
202411,2635059500,해운대구 반여4동,20대,720,53,162
202411,2635059500,해운대구 반여4동,20대미만,731,34,169
202411,2635059500,해운대구 반여4동,30대,832,57,208
202411,2635059500,해운대구 반여4동,40대,889,94,241
202411,2635059500,해운대구 반여4동,50대,1051,89,277
202411,2635059500,해운대구 반여4동,60대이상,1969,91,607
202411,2635061000,해운대구 반송1동,20대,777,151,186
202411,2635061000,해운대구 반송1동,20대미만,320,129,89
202411,2635061000,해운대구 반송1동,30대,511,133,184
202411,2635061000,해운대구 반송1동,40대,726,167,231
202411,2635061000,해운대구 반송1동,50대,1095,234,390
202411,2635061000,해운대구 반송1동,60대이상,3196,222,649
202411,2635062000,해운대구 반송2동,20대,1151,95,120
202411,2635062000,해운대구 반송2동,20대미만,1022,20,64
202411,2635062000,해운대구 반송2동,30대,1171,104,149
202411,2635062000,해운대구 반송2동,40대,1901,198,214
202411,2635062000,해운대구 반송2동,50대,2762,360,304
202411,2635062000,해운대구 반송2동,60대이상,8268,329,613
202411,2635065000,해운대구 재송1동,20대,2347,487,609
202411,2635065000,해운대구 재송1동,20대미만,4391,282,420
202411,2635065000,해운대구 재송1동,30대,2800,639,749
202411,2635065000,해운대구 재송1동,40대,5343,739,959
202411,2635065000,해운대구 재송1동,50대,4254,670,1013
202411,2635065000,해운대구 재송1동,60대이상,6727,522,1410
202411,2635066000,해운대구 재송2동,20대,1509,162,269
202411,2635066000,해운대구 재송2동,20대미만,1191,35,215
202411,2635066000,해운대구 재송2동,30대,1608,194,372
202411,2635066000,해운대구 재송2동,40대,2279,259,399
202411,2635066000,해운대구 재송2동,50대,2917,288,488
202411,2635066000,해운대구 재송2동,60대이상,6634,298,808
202411,2638051000,사하구 괴정1동,20대,1139,112,367
202411,2638051000,사하구 괴정1동,20대미만,1249,135,328
202411,2638051000,사하구 괴정1동,30대,1096,106,386
202411,2638051000,사하구 괴정1동,40대,1685,146,469
202411,2638051000,사하구 괴정1동,50대,2059,231,627
202411,2638051000,사하구 괴정1동,60대이상,5925,196,1086
202411,2638052000,사하구 괴정2동,20대,871,61,128
202411,2638052000,사하구 괴정2동,20대미만,732,84,83
202411,2638052000,사하구 괴정2동,30대,923,57,113
202411,2638052000,사하구 괴정2동,40대,1151,115,148
202411,2638052000,사하구 괴정2동,50대,1426,122,174
202411,2638052000,사하구 괴정2동,60대이상,4337,139,398
202411,2638053000,사하구 괴정3동,20대,845,292,355
202411,2638053000,사하구 괴정3동,20대미만,651,81,255
202411,2638053000,사하구 괴정3동,30대,821,162,327
202411,2638053000,사하구 괴정3동,40대,1043,229,398
202411,2638053000,사하구 괴정3동,50대,1441,292,520
202411,2638053000,사하구 괴정3동,60대이상,4467,304,1094
202411,2638054000,사하구 괴정4동,20대,868,73,188
202411,2638054000,사하구 괴정4동,20대미만,1139,105,330
202411,2638054000,사하구 괴정4동,30대,1144,111,222
202411,2638054000,사하구 괴정4동,40대,1629,157,315
202411,2638054000,사하구 괴정4동,50대,1509,143,353
202411,2638054000,사하구 괴정4동,60대이상,3559,149,817
202411,2638055000,사하구 당리동,20대,1650,271,608
202411,2638055000,사하구 당리동,20대미만,1531,120,442
202411,2638055000,사하구 당리동,30대,1700,291,613
202411,2638055000,사하구 당리동,40대,2452,424,657
202411,2638055000,사하구 당리동,50대,2997,447,826
202411,2638055000,사하구 당리동,60대이상,7347,384,1554
202411,2638056100,사하구 하단1동,20대,2131,182,404
202411,2638056100,사하구 하단1동,20대미만,1081,66,223
202411,2638056100,사하구 하단1동,30대,1965,188,436
202411,2638056100,사하구 하단1동,40대,2001,225,467
202411,2638056100,사하구 하단1동,50대,2513,267,569
202411,2638056100,사하구 하단1동,60대이상,5657,309,992
202411,2638056200,사하구 하단2동,20대,3618,1667,1558
202411,2638056200,사하구 하단2동,20대미만,1821,385,571
202411,2638056200,사하구 하단2동,30대,2243,452,848
202411,2638056200,사하구 하단2동,40대,2355,495,736
202411,2638056200,사하구 하단2동,50대,2929,548,815
202411,2638056200,사하구 하단2동,60대이상,5952,386,1265
202411,2638057100,사하구 신평1동,20대,902,189,216
202411,2638057100,사하구 신평1동,20대미만,929,154,206
202411,2638057100,사하구 신평1동,30대,1127,370,374
202411,2638057100,사하구 신평1동,40대,1629,421,413
202411,2638057100,사하구 신평1동,50대,2077,592,528
202411,2638057100,사하구 신평1동,60대이상,5172,357,767
202411,2638057200,사하구 신평2동,20대,1095,234,241
202411,2638057200,사하구 신평2동,20대미만,1198,77,170
202411,2638057200,사하구 신평2동,30대,1655,319,376
202411,2638057200,사하구 신평2동,40대,1776,390,419
202411,2638057200,사하구 신평2동,50대,2189,476,585
202411,2638057200,사하구 신평2동,60대이상,4213,431,871
202411,2638058000,사하구 장림1동,20대,705,226,294
202411,2638058000,사하구 장림1동,20대미만,1111,69,222
202411,2638058000,사하구 장림1동,30대,1177,347,481
202411,2638058000,사하구 장림1동,40대,1612,433,570
202411,2638058000,사하구 장림1동,50대,1466,670,736
202411,2638058000,사하구 장림1동,60대이상,2858,593,1151
202411,2638059000,사하구 장림2동,20대,1780,249,413
202411,2638059000,사하구 장림2동,20대미만,1865,169,306
202411,2638059000,사하구 장림2동,30대,2019,328,586
202411,2638059000,사하구 장림2동,40대,2786,495,602
202411,2638059000,사하구 장림2동,50대,3316,608,731
202411,2638059000,사하구 장림2동,60대이상,6457,563,1216
202411,2638060100,사하구 다대1동,20대,2173,362,393
202411,2638060100,사하구 다대1동,20대미만,2936,97,243
202411,2638060100,사하구 다대1동,30대,2500,504,482
202411,2638060100,사하구 다대1동,40대,3871,693,591
202411,2638060100,사하구 다대1동,50대,5028,890,881
202411,2638060100,사하구 다대1동,60대이상,10740,716,1483
202411,2638060200,사하구 다대2동,20대,1621,249,242
202411,2638060200,사하구 다대2동,20대미만,2105,100,141
202411,2638060200,사하구 다대2동,30대,1594,235,291
202411,2638060200,사하구 다대2동,40대,2539,409,341
202411,2638060200,사하구 다대2동,50대,3835,467,499
202411,2638060200,사하구 다대2동,60대이상,8705,468,813
202411,2638061000,사하구 구평동,20대,725,140,163
202411,2638061000,사하구 구평동,20대미만,1036,85,128
202411,2638061000,사하구 구평동,30대,1445,298,252
202411,2638061000,사하구 구평동,40대,1561,359,349
202411,2638061000,사하구 구평동,50대,1376,493,484
202411,2638061000,사하구 구평동,60대이상,2648,461,748
202411,2638062000,사하구 감천1동,20대,983,159,169
202411,2638062000,사하구 감천1동,20대미만,1064,270,275
202411,2638062000,사하구 감천1동,30대,1058,202,233
202411,2638062000,사하구 감천1동,40대,1525,268,355
202411,2638062000,사하구 감천1동,50대,2261,393,541
202411,2638062000,사하구 감천1동,60대이상,6291,344,790
202411,2638063000,사하구 감천2동,20대,216,17,46
202411,2638063000,사하구 감천2동,20대미만,115,0,36
202411,2638063000,사하구 감천2동,30대,209,19,47
202411,2638063000,사하구 감천2동,40대,401,49,65
202411,2638063000,사하구 감천2동,50대,697,57,115
202411,2638063000,사하구 감천2동,60대이상,1939,44,191
202411,2641051000,금정구 서1동,20대,221,22,47
202411,2641051000,금정구 서1동,20대미만,129,9,33
202411,2641051000,금정구 서1동,30대,233,16,70
202411,2641051000,금정구 서1동,40대,370,42,85
202411,2641051000,금정구 서1동,50대,535,86,127
202411,2641051000,금정구 서1동,60대이상,1840,90,310
202411,2641052000,금정구 서2동,20대,288,47,131
202411,2641052000,금정구 서2동,20대미만,171,38,82
202411,2641052000,금정구 서2동,30대,458,64,150
202411,2641052000,금정구 서2동,40대,504,88,203
202411,2641052000,금정구 서2동,50대,697,148,332
202411,2641052000,금정구 서2동,60대이상,2221,185,635
202411,2641053000,금정구 서3동,20대,517,68,117
202411,2641053000,금정구 서3동,20대미만,362,106,97
202411,2641053000,금정구 서3동,30대,633,107,159
202411,2641053000,금정구 서3동,40대,677,115,192
202411,2641053000,금정구 서3동,50대,1315,195,309
202411,2641053000,금정구 서3동,60대이상,3865,250,703
202411,2641055500,금정구 금사회동동,20대,313,288,218
202411,2641055500,금정구 금사회동동,20대미만,241,42,117
202411,2641055500,금정구 금사회동동,30대,404,528,407
202411,2641055500,금정구 금사회동동,40대,552,563,482
202411,2641055500,금정구 금사회동동,50대,858,732,808
202411,2641055500,금정구 금사회동동,60대이상,2829,617,1219
202411,2641057000,금정구 부곡1동,20대,377,40,84
202411,2641057000,금정구 부곡1동,20대미만,331,123,128
202411,2641057000,금정구 부곡1동,30대,418,45,96
202411,2641057000,금정구 부곡1동,40대,605,69,140
202411,2641057000,금정구 부곡1동,50대,813,100,181
202411,2641057000,금정구 부곡1동,60대이상,2865,113,367
202411,2641058000,금정구 부곡2동,20대,1588,343,425
202411,2641058000,금정구 부곡2동,20대미만,1321,400,373
202411,2641058000,금정구 부곡2동,30대,1188,305,488
202411,2641058000,금정구 부곡2동,40대,1624,372,538
202411,2641058000,금정구 부곡2동,50대,2102,362,609
202411,2641058000,금정구 부곡2동,60대이상,4633,326,1165
202411,2641059000,금정구 부곡3동,20대,1272,438,368
202411,2641059000,금정구 부곡3동,20대미만,973,437,293
202411,2641059000,금정구 부곡3동,30대,1107,311,352
202411,2641059000,금정구 부곡3동,40대,1307,303,431
202411,2641059000,금정구 부곡3동,50대,1770,333,582
202411,2641059000,금정구 부곡3동,60대이상,3903,256,950
202411,2641059100,금정구 부곡4동,20대,517,55,186
202411,2641059100,금정구 부곡4동,20대미만,328,23,184
202411,2641059100,금정구 부곡4동,30대,678,67,233
202411,2641059100,금정구 부곡4동,40대,713,90,259
202411,2641059100,금정구 부곡4동,50대,1047,119,325
202411,2641059100,금정구 부곡4동,60대이상,2775,186,719
202411,2641060000,금정구 장전1동,20대,4353,555,834
202411,2641060000,금정구 장전1동,20대미만,930,106,326
202411,2641060000,금정구 장전1동,30대,1361,194,414
202411,2641060000,금정구 장전1동,40대,1351,231,416
202411,2641060000,금정구 장전1동,50대,1489,280,499
202411,2641060000,금정구 장전1동,60대이상,3401,223,703
202411,2641061000,금정구 장전2동,20대,2039,2239,2307
202411,2641061000,금정구 장전2동,20대미만,2397,386,880
202411,2641061000,금정구 장전2동,30대,2314,762,1073
202411,2641061000,금정구 장전2동,40대,3213,820,1099
202411,2641061000,금정구 장전2동,50대,2650,724,1107
202411,2641061000,금정구 장전2동,60대이상,5773,510,1720
202411,2641063500,금정구 선두구동,20대,76,32,117
202411,2641063500,금정구 선두구동,20대미만,55,1,55
202411,2641063500,금정구 선두구동,30대,53,59,155
202411,2641063500,금정구 선두구동,40대,111,85,248
202411,2641063500,금정구 선두구동,50대,213,132,340
202411,2641063500,금정구 선두구동,60대이상,866,106,559
202411,2641066500,금정구 청룡노포동,20대,509,104,327
202411,2641066500,금정구 청룡노포동,20대미만,498,58,135
202411,2641066500,금정구 청룡노포동,30대,504,147,354
202411,2641066500,금정구 청룡노포동,40대,628,179,471
202411,2641066500,금정구 청룡노포동,50대,1071,214,786
202411,2641066500,금정구 청룡노포동,60대이상,3311,264,1497
202411,2641067000,금정구 남산동,20대,2213,584,709
202411,2641067000,금정구 남산동,20대미만,1357,171,484
202411,2641067000,금정구 남산동,30대,1621,237,536
202411,2641067000,금정구 남산동,40대,1800,377,658
202411,2641067000,금정구 남산동,50대,3065,506,982
202411,2641067000,금정구 남산동,60대이상,7829,435,1846
202411,2641068000,금정구 구서1동,20대,729,162,355
202411,2641068000,금정구 구서1동,20대미만,1076,395,299
202411,2641068000,금정구 구서1동,30대,1006,261,389
202411,2641068000,금정구 구서1동,40대,1356,276,493
202411,2641068000,금정구 구서1동,50대,1528,257,561
202411,2641068000,금정구 구서1동,60대이상,3189,241,871
202411,2641069000,금정구 구서2동,20대,2123,255,872
202411,2641069000,금정구 구서2동,20대미만,2133,121,515
202411,2641069000,금정구 구서2동,30대,2099,257,754
202411,2641069000,금정구 구서2동,40대,3011,331,879
202411,2641069000,금정구 구서2동,50대,3759,503,1316
202411,2641069000,금정구 구서2동,60대이상,8108,507,2605
202411,2641070000,금정구 금성동,20대,39,10,47
202411,2641070000,금정구 금성동,20대미만,86,9,55
202411,2641070000,금정구 금성동,30대,43,20,78
202411,2641070000,금정구 금성동,40대,88,11,126
202411,2641070000,금정구 금성동,50대,93,30,193
202411,2641070000,금정구 금성동,60대이상,343,46,316
202411,2644051000,강서구 대저1동,20대,541,418,452
202411,2644051000,강서구 대저1동,20대미만,215,122,148
202411,2644051000,강서구 대저1동,30대,382,616,481
202411,2644051000,강서구 대저1동,40대,423,752,616
202411,2644051000,강서구 대저1동,50대,705,859,829
202411,2644051000,강서구 대저1동,60대이상,2810,677,1435
202411,2644052000,강서구 대저2동,20대,919,735,2699
202411,2644052000,강서구 대저2동,20대미만,512,36,848
202411,2644052000,강서구 대저2동,30대,823,1115,3335
202411,2644052000,강서구 대저2동,40대,577,1028,3247
202411,2644052000,강서구 대저2동,50대,693,1359,3878
202411,2644052000,강서구 대저2동,60대이상,2263,986,4422
202411,2644053000,강서구 강동동,20대,66,50,85
202411,2644053000,강서구 강동동,20대미만,43,5,18
202411,2644053000,강서구 강동동,30대,149,116,134
202411,2644053000,강서구 강동동,40대,206,138,203
202411,2644053000,강서구 강동동,50대,240,204,303
202411,2644053000,강서구 강동동,60대이상,1486,243,520
202411,2644053500,강서구 명지1동,20대,2820,677,839
202411,2644053500,강서구 명지1동,20대미만,7350,274,471
202411,2644053500,강서구 명지1동,30대,8247,1304,1436
202411,2644053500,강서구 명지1동,40대,9236,1588,1441
202411,2644053500,강서구 명지1동,50대,3858,971,1243
202411,2644053500,강서구 명지1동,60대이상,6265,592,1465
202411,2644054500,강서구 명지2동,20대,1357,307,374
202411,2644054500,강서구 명지2동,20대미만,4358,141,288
202411,2644054500,강서구 명지2동,30대,2530,488,513
202411,2644054500,강서구 명지2동,40대,5265,756,627
202411,2644054500,강서구 명지2동,50대,3043,447,521
202411,2644054500,강서구 명지2동,60대이상,3700,240,591
202411,2644055000,강서구 가락동,20대,50,52,87
202411,2644055000,강서구 가락동,20대미만,107,7,38
202411,2644055000,강서구 가락동,30대,100,136,175
202411,2644055000,강서구 가락동,40대,139,160,212
202411,2644055000,강서구 가락동,50대,251,269,319
202411,2644055000,강서구 가락동,60대이상,1138,243,503
202411,2644056000,강서구 녹산동,20대,2106,1794,1093
202411,2644056000,강서구 녹산동,20대미만,3566,102,241
202411,2644056000,강서구 녹산동,30대,4130,3572,2053
202411,2644056000,강서구 녹산동,40대,5445,4651,2753
202411,2644056000,강서구 녹산동,50대,3663,3743,2796
202411,2644056000,강서구 녹산동,60대이상,6602,2296,2714
202411,2644058000,강서구 가덕도동,20대,187,100,307
202411,2644058000,강서구 가덕도동,20대미만,123,34,72
202411,2644058000,강서구 가덕도동,30대,262,155,588
202411,2644058000,강서구 가덕도동,40대,327,202,971
202411,2644058000,강서구 가덕도동,50대,424,199,986
202411,2644058000,강서구 가덕도동,60대이상,1644,149,840
202411,2647061000,연제구 거제1동,20대,1932,669,589
202411,2647061000,연제구 거제1동,20대미만,2087,352,700
202411,2647061000,연제구 거제1동,30대,1862,746,687
202411,2647061000,연제구 거제1동,40대,2561,974,892
202411,2647061000,연제구 거제1동,50대,2797,977,1044
202411,2647061000,연제구 거제1동,60대이상,5797,715,1535
202411,2647062000,연제구 거제2동,20대,1492,210,366
202411,2647062000,연제구 거제2동,20대미만,2672,200,403
202411,2647062000,연제구 거제2동,30대,2300,298,534
202411,2647062000,연제구 거제2동,40대,3355,390,739
202411,2647062000,연제구 거제2동,50대,2576,454,784
202411,2647062000,연제구 거제2동,60대이상,3660,356,1600
202411,2647063000,연제구 거제3동,20대,602,108,776
202411,2647063000,연제구 거제3동,20대미만,366,6,257
202411,2647063000,연제구 거제3동,30대,648,130,1098
202411,2647063000,연제구 거제3동,40대,655,163,1100
202411,2647063000,연제구 거제3동,50대,870,186,1209
202411,2647063000,연제구 거제3동,60대이상,1814,159,1264
202411,2647064000,연제구 거제4동,20대,636,54,217
202411,2647064000,연제구 거제4동,20대미만,852,104,246
202411,2647064000,연제구 거제4동,30대,594,92,401
202411,2647064000,연제구 거제4동,40대,889,88,393
202411,2647064000,연제구 거제4동,50대,1187,155,356
202411,2647064000,연제구 거제4동,60대이상,2673,123,618
202411,2647065000,연제구 연산1동,20대,894,181,378
202411,2647065000,연제구 연산1동,20대미만,1200,148,319
202411,2647065000,연제구 연산1동,30대,1249,276,463
202411,2647065000,연제구 연산1동,40대,1587,304,520
202411,2647065000,연제구 연산1동,50대,1556,335,604
202411,2647065000,연제구 연산1동,60대이상,4015,315,1119
202411,2647066000,연제구 연산2동,20대,1625,278,1085
202411,2647066000,연제구 연산2동,20대미만,1207,207,816
202411,2647066000,연제구 연산2동,30대,2878,513,1739
202411,2647066000,연제구 연산2동,40대,2215,512,1580
202411,2647066000,연제구 연산2동,50대,2197,509,1519
202411,2647066000,연제구 연산2동,60대이상,4846,331,2798
202411,2647067000,연제구 연산3동,20대,285,16,42
202411,2647067000,연제구 연산3동,20대미만,161,47,70
202411,2647067000,연제구 연산3동,30대,443,22,80
202411,2647067000,연제구 연산3동,40대,536,29,92
202411,2647067000,연제구 연산3동,50대,563,55,106
202411,2647067000,연제구 연산3동,60대이상,1793,50,219
202411,2647068000,연제구 연산4동,20대,1013,263,955
202411,2647068000,연제구 연산4동,20대미만,616,13,265
202411,2647068000,연제구 연산4동,30대,1364,305,1064
202411,2647068000,연제구 연산4동,40대,1436,335,1002
202411,2647068000,연제구 연산4동,50대,1810,379,1168
202411,2647068000,연제구 연산4동,60대이상,4644,386,2350
202411,2647069000,연제구 연산5동,20대,1670,353,674
202411,2647069000,연제구 연산5동,20대미만,441,23,150
202411,2647069000,연제구 연산5동,30대,1853,491,712
202411,2647069000,연제구 연산5동,40대,1177,511,659
202411,2647069000,연제구 연산5동,50대,1260,589,829
202411,2647069000,연제구 연산5동,60대이상,2856,544,1394
202411,2647070000,연제구 연산6동,20대,805,99,497
202411,2647070000,연제구 연산6동,20대미만,709,139,317
202411,2647070000,연제구 연산6동,30대,1091,121,558
202411,2647070000,연제구 연산6동,40대,1350,166,598
202411,2647070000,연제구 연산6동,50대,1483,218,819
202411,2647070000,연제구 연산6동,60대이상,4568,243,1912
202411,2647072000,연제구 연산8동,20대,415,66,255
202411,2647072000,연제구 연산8동,20대미만,432,159,301
202411,2647072000,연제구 연산8동,30대,512,74,311
202411,2647072000,연제구 연산8동,40대,744,99,388
202411,2647072000,연제구 연산8동,50대,878,131,468
202411,2647072000,연제구 연산8동,60대이상,2228,134,1064
202411,2647073000,연제구 연산9동,20대,2215,304,464
202411,2647073000,연제구 연산9동,20대미만,2423,202,375
202411,2647073000,연제구 연산9동,30대,2580,319,584
202411,2647073000,연제구 연산9동,40대,3323,518,744
202411,2647073000,연제구 연산9동,50대,4184,575,932
202411,2647073000,연제구 연산9동,60대이상,9273,548,1400
202411,2650066000,수영구 남천1동,20대,1222,412,727
202411,2650066000,수영구 남천1동,20대미만,1388,243,674
202411,2650066000,수영구 남천1동,30대,1465,507,795
202411,2650066000,수영구 남천1동,40대,1632,521,918
202411,2650066000,수영구 남천1동,50대,1853,521,1025
202411,2650066000,수영구 남천1동,60대이상,3831,451,1674
202411,2650067000,수영구 남천2동,20대,443,70,498
202411,2650067000,수영구 남천2동,20대미만,522,21,222
202411,2650067000,수영구 남천2동,30대,881,99,428
202411,2650067000,수영구 남천2동,40대,819,106,416
202411,2650067000,수영구 남천2동,50대,1262,130,455
202411,2650067000,수영구 남천2동,60대이상,2636,121,733
202411,2650073000,수영구 수영동,20대,1029,166,402
202411,2650073000,수영구 수영동,20대미만,549,70,190
202411,2650073000,수영구 수영동,30대,1128,195,457
202411,2650073000,수영구 수영동,40대,1121,194,421
202411,2650073000,수영구 수영동,50대,1543,266,565
202411,2650073000,수영구 수영동,60대이상,5269,325,1103
202411,2650074000,수영구 망미1동,20대,1578,216,350
202411,2650074000,수영구 망미1동,20대미만,1818,98,236
202411,2650074000,수영구 망미1동,30대,2019,251,429
202411,2650074000,수영구 망미1동,40대,2572,327,465
202411,2650074000,수영구 망미1동,50대,2801,361,570
202411,2650074000,수영구 망미1동,60대이상,8939,431,1170
202411,2650075000,수영구 망미2동,20대,420,65,222
202411,2650075000,수영구 망미2동,20대미만,520,38,174
202411,2650075000,수영구 망미2동,30대,543,83,269
202411,2650075000,수영구 망미2동,40대,764,103,386
202411,2650075000,수영구 망미2동,50대,1116,132,380
202411,2650075000,수영구 망미2동,60대이상,2432,127,691
202411,2650076000,수영구 광안1동,20대,2742,220,507
202411,2650076000,수영구 광안1동,20대미만,869,54,197
202411,2650076000,수영구 광안1동,30대,1859,187,457
202411,2650076000,수영구 광안1동,40대,1515,222,424
202411,2650076000,수영구 광안1동,50대,1480,217,492
202411,2650076000,수영구 광안1동,60대이상,4113,215,999
202411,2650077000,수영구 광안2동,20대,1595,344,1944
202411,2650077000,수영구 광안2동,20대미만,990,172,542
202411,2650077000,수영구 광안2동,30대,1731,365,1309
202411,2650077000,수영구 광안2동,40대,1708,324,936
202411,2650077000,수영구 광안2동,50대,1789,337,907
202411,2650077000,수영구 광안2동,60대이상,4213,330,1336
202411,2650078000,수영구 광안3동,20대,1196,182,722
202411,2650078000,수영구 광안3동,20대미만,297,28,255
202411,2650078000,수영구 광안3동,30대,1098,177,606
202411,2650078000,수영구 광안3동,40대,811,202,549
202411,2650078000,수영구 광안3동,50대,840,200,628
202411,2650078000,수영구 광안3동,60대이상,2691,242,1196
202411,2650079000,수영구 광안4동,20대,770,113,593
202411,2650079000,수영구 광안4동,20대미만,606,192,375
202411,2650079000,수영구 광안4동,30대,1010,125,663
202411,2650079000,수영구 광안4동,40대,1126,164,624
202411,2650079000,수영구 광안4동,50대,1455,165,608
202411,2650079000,수영구 광안4동,60대이상,3029,167,1272
202411,2650080000,수영구 민락동,20대,2088,386,2175
202411,2650080000,수영구 민락동,20대미만,1446,38,576
202411,2650080000,수영구 민락동,30대,2890,409,1546
202411,2650080000,수영구 민락동,40대,2844,378,1166
202411,2650080000,수영구 민락동,50대,3358,477,1168
202411,2650080000,수영구 민락동,60대이상,7473,434,1645
202411,2653058000,사상구 삼락동,20대,245,168,287
202411,2653058000,사상구 삼락동,20대미만,182,79,215
202411,2653058000,사상구 삼락동,30대,286,300,425
202411,2653058000,사상구 삼락동,40대,294,395,503
202411,2653058000,사상구 삼락동,50대,619,600,772
202411,2653058000,사상구 삼락동,60대이상,1497,559,1311
202411,2653059100,사상구 모라1동,20대,1638,311,340
202411,2653059100,사상구 모라1동,20대미만,1324,123,179
202411,2653059100,사상구 모라1동,30대,2031,466,434
202411,2653059100,사상구 모라1동,40대,1916,515,484
202411,2653059100,사상구 모라1동,50대,3289,769,767
202411,2653059100,사상구 모라1동,60대이상,8228,747,1318
202411,2653059300,사상구 모라3동,20대,356,58,62
202411,2653059300,사상구 모라3동,20대미만,319,41,58
202411,2653059300,사상구 모라3동,30대,427,44,82
202411,2653059300,사상구 모라3동,40대,721,77,137
202411,2653059300,사상구 모라3동,50대,1309,135,266
202411,2653059300,사상구 모라3동,60대이상,4665,189,552
202411,2653060000,사상구 덕포1동,20대,669,58,148
202411,2653060000,사상구 덕포1동,20대미만,589,96,107
202411,2653060000,사상구 덕포1동,30대,1040,69,168
202411,2653060000,사상구 덕포1동,40대,908,86,156
202411,2653060000,사상구 덕포1동,50대,1126,127,232
202411,2653060000,사상구 덕포1동,60대이상,2333,129,454
202411,2653061000,사상구 덕포2동,20대,862,205,378
202411,2653061000,사상구 덕포2동,20대미만,858,109,272
202411,2653061000,사상구 덕포2동,30대,905,255,363
202411,2653061000,사상구 덕포2동,40대,1031,338,377
202411,2653061000,사상구 덕포2동,50대,1567,464,556
202411,2653061000,사상구 덕포2동,60대이상,3732,420,846
202411,2653062000,사상구 괘법동,20대,3098,1042,1693
202411,2653062000,사상구 괘법동,20대미만,944,142,520
202411,2653062000,사상구 괘법동,30대,3041,659,1269
202411,2653062000,사상구 괘법동,40대,2058,731,1138
202411,2653062000,사상구 괘법동,50대,2826,899,1573
202411,2653062000,사상구 괘법동,60대이상,6023,849,2722
202411,2653064500,사상구 감전동,20대,642,484,475
202411,2653064500,사상구 감전동,20대미만,330,54,136
202411,2653064500,사상구 감전동,30대,847,811,588
202411,2653064500,사상구 감전동,40대,839,839,644
202411,2653064500,사상구 감전동,50대,1391,1006,897
202411,2653064500,사상구 감전동,60대이상,3554,887,1217
202411,2653065000,사상구 주례1동,20대,1198,261,326
202411,2653065000,사상구 주례1동,20대미만,1243,24,120
202411,2653065000,사상구 주례1동,30대,1661,311,357
202411,2653065000,사상구 주례1동,40대,1603,317,368
202411,2653065000,사상구 주례1동,50대,2138,443,535
202411,2653065000,사상구 주례1동,60대이상,4444,433,1093
202411,2653066000,사상구 주례2동,20대,2691,933,862
202411,2653066000,사상구 주례2동,20대미만,1700,259,351
202411,2653066000,사상구 주례2동,30대,1864,351,492
202411,2653066000,사상구 주례2동,40대,2078,352,504
202411,2653066000,사상구 주례2동,50대,2470,432,728
202411,2653066000,사상구 주례2동,60대이상,5329,388,1267
202411,2653066100,사상구 주례3동,20대,458,72,141
202411,2653066100,사상구 주례3동,20대미만,356,62,89
202411,2653066100,사상구 주례3동,30대,412,87,153
202411,2653066100,사상구 주례3동,40대,594,132,186
202411,2653066100,사상구 주례3동,50대,832,127,211
202411,2653066100,사상구 주례3동,60대이상,1930,112,363
202411,2653067000,사상구 학장동,20대,978,316,403
202411,2653067000,사상구 학장동,20대미만,1001,151,278
202411,2653067000,사상구 학장동,30대,1124,433,552
202411,2653067000,사상구 학장동,40대,1763,516,693
202411,2653067000,사상구 학장동,50대,2118,738,997
202411,2653067000,사상구 학장동,60대이상,5307,618,1655
202411,2653068000,사상구 엄궁동,20대,1735,272,271
202411,2653068000,사상구 엄궁동,20대미만,2569,25,114
202411,2653068000,사상구 엄궁동,30대,1963,320,402
202411,2653068000,사상구 엄궁동,40대,2699,501,473
202411,2653068000,사상구 엄궁동,50대,3545,569,709
202411,2653068000,사상구 엄궁동,60대이상,6072,421,1032
202411,2671025000,기장군 기장읍,20대,3928,1106,1672
202411,2671025000,기장군 기장읍,20대미만,3950,124,1100
202411,2671025000,기장군 기장읍,30대,4394,1186,2478
202411,2671025000,기장군 기장읍,40대,5795,1442,2628
202411,2671025000,기장군 기장읍,50대,7557,1727,2812
202411,2671025000,기장군 기장읍,60대이상,17259,1210,3590
202411,2671025300,기장군 장안읍,20대,559,644,620
202411,2671025300,기장군 장안읍,20대미만,410,238,364
202411,2671025300,기장군 장안읍,30대,710,1064,1122
202411,2671025300,기장군 장안읍,40대,726,1284,1349
202411,2671025300,기장군 장안읍,50대,1104,1129,1412
202411,2671025300,기장군 장안읍,60대이상,3118,651,1809
202411,2671025600,기장군 정관읍,20대,4784,888,703
202411,2671025600,기장군 정관읍,20대미만,14006,92,327
202411,2671025600,기장군 정관읍,30대,7130,1221,846
202411,2671025600,기장군 정관읍,40대,14487,2465,1187
202411,2671025600,기장군 정관읍,50대,8846,1779,1280
202411,2671025600,기장군 정관읍,60대이상,13444,992,1521
202411,2671025900,기장군 일광읍,20대,1922,344,663
202411,2671025900,기장군 일광읍,20대미만,2475,47,327
202411,2671025900,기장군 일광읍,30대,3750,532,904
202411,2671025900,기장군 일광읍,40대,3964,616,1089
202411,2671025900,기장군 일광읍,50대,3197,553,1206
202411,2671025900,기장군 일광읍,60대이상,5514,448,1532
202411,2671033000,기장군 철마면,20대,182,54,90
202411,2671033000,기장군 철마면,20대미만,185,13,46
202411,2671033000,기장군 철마면,30대,240,108,155
202411,2671033000,기장군 철마면,40대,445,140,234
202411,2671033000,기장군 철마면,50대,617,280,429
202411,2671033000,기장군 철마면,60대이상,3212,248,926
202410,2611051000,중구 중앙동,20대,553,816,972
202410,2611051000,중구 중앙동,20대미만,308,45,325
202410,2611051000,중구 중앙동,30대,616,1188,1082
202410,2611051000,중구 중앙동,40대,739,1036,1005
202410,2611051000,중구 중앙동,50대,893,1061,1143
202410,2611051000,중구 중앙동,60대이상,1960,648,1606
202410,2611052000,중구 동광동,20대,107,59,148
202410,2611052000,중구 동광동,20대미만,38,6,50
202410,2611052000,중구 동광동,30대,136,76,141
202410,2611052000,중구 동광동,40대,193,112,147
202410,2611052000,중구 동광동,50대,268,110,188
202410,2611052000,중구 동광동,60대이상,1057,100,333
202410,2611053000,중구 대청동,20대,522,212,322
202410,2611053000,중구 대청동,20대미만,224,68,130
202410,2611053000,중구 대청동,30대,396,270,298
202410,2611053000,중구 대청동,40대,520,239,292
202410,2611053000,중구 대청동,50대,699,269,347
202410,2611053000,중구 대청동,60대이상,2067,252,621
202410,2611054500,중구 보수동,20대,1036,137,234
202410,2611054500,중구 보수동,20대미만,399,63,101
202410,2611054500,중구 보수동,30대,558,81,158
202410,2611054500,중구 보수동,40대,696,112,167
202410,2611054500,중구 보수동,50대,1092,158,237
202410,2611054500,중구 보수동,60대이상,2199,155,528
202410,2611056000,중구 부평동,20대,372,153,819
202410,2611056000,중구 부평동,20대미만,164,8,198
202410,2611056000,중구 부평동,30대,271,220,694
202410,2611056000,중구 부평동,40대,348,241,698
202410,2611056000,중구 부평동,50대,497,307,926
202410,2611056000,중구 부평동,60대이상,1575,346,1770
202410,2611057000,중구 광복동,20대,20,110,197
202410,2611057000,중구 광복동,20대미만,3,32,90
202410,2611057000,중구 광복동,30대,13,72,154
202410,2611057000,중구 광복동,40대,48,86,177
202410,2611057000,중구 광복동,50대,36,102,208
202410,2611057000,중구 광복동,60대이상,137,161,358
202410,2611058000,중구 남포동,20대,243,313,907
202410,2611058000,중구 남포동,20대미만,42,16,401
202410,2611058000,중구 남포동,30대,246,419,821
202410,2611058000,중구 남포동,40대,256,403,913
202410,2611058000,중구 남포동,50대,414,518,1349
202410,2611058000,중구 남포동,60대이상,1107,863,3344
202410,2611059000,중구 영주1동,20대,46,19,63
202410,2611059000,중구 영주1동,20대미만,7,1,29
202410,2611059000,중구 영주1동,30대,35,28,51
202410,2611059000,중구 영주1동,40대,38,32,58
202410,2611059000,중구 영주1동,50대,60,31,72
202410,2611059000,중구 영주1동,60대이상,149,25,118
202410,2611060000,중구 영주2동,20대,389,44,105
202410,2611060000,중구 영주2동,20대미만,267,29,72
202410,2611060000,중구 영주2동,30대,365,52,106
202410,2611060000,중구 영주2동,40대,524,61,128
202410,2611060000,중구 영주2동,50대,861,99,203
202410,2611060000,중구 영주2동,60대이상,2650,95,504
202410,2614051000,서구 동대신1동,20대,329,39,146
202410,2614051000,서구 동대신1동,20대미만,244,7,114
202410,2614051000,서구 동대신1동,30대,385,36,126
202410,2614051000,서구 동대신1동,40대,445,54,141
202410,2614051000,서구 동대신1동,50대,565,64,202
202410,2614051000,서구 동대신1동,60대이상,1486,84,377
202410,2614052000,서구 동대신2동,20대,160,13,44
202410,2614052000,서구 동대신2동,20대미만,124,21,46
202410,2614052000,서구 동대신2동,30대,139,14,34
202410,2614052000,서구 동대신2동,40대,324,32,51
202410,2614052000,서구 동대신2동,50대,397,42,73
202410,2614052000,서구 동대신2동,60대이상,1466,39,177
202410,2614053000,서구 동대신3동,20대,727,325,504
202410,2614053000,서구 동대신3동,20대미만,520,256,390
202410,2614053000,서구 동대신3동,30대,487,264,442
202410,2614053000,서구 동대신3동,40대,642,263,544
202410,2614053000,서구 동대신3동,50대,774,285,658
202410,2614053000,서구 동대신3동,60대이상,2221,196,1432
202410,2614054000,서구 서대신1동,20대,1108,179,285
202410,2614054000,서구 서대신1동,20대미만,1162,30,213
202410,2614054000,서구 서대신1동,30대,1290,195,287
202410,2614054000,서구 서대신1동,40대,1674,226,357
202410,2614054000,서구 서대신1동,50대,1590,264,459
202410,2614054000,서구 서대신1동,60대이상,3785,240,818
202410,2614056000,서구 서대신3동,20대,274,45,100
202410,2614056000,서구 서대신3동,20대미만,315,110,138
202410,2614056000,서구 서대신3동,30대,262,72,102
202410,2614056000,서구 서대신3동,40대,395,80,164
202410,2614056000,서구 서대신3동,50대,497,76,187
202410,2614056000,서구 서대신3동,60대이상,1050,67,348
202410,2614057000,서구 서대신4동,20대,469,72,209
202410,2614057000,서구 서대신4동,20대미만,593,83,134
202410,2614057000,서구 서대신4동,30대,443,62,143
202410,2614057000,서구 서대신4동,40대,738,95,205
202410,2614057000,서구 서대신4동,50대,814,112,309
202410,2614057000,서구 서대신4동,60대이상,1977,132,639
202410,2614059000,서구 부민동,20대,615,277,396
202410,2614059000,서구 부민동,20대미만,437,53,147
202410,2614059000,서구 부민동,30대,366,57,123
202410,2614059000,서구 부민동,40대,446,81,137
202410,2614059000,서구 부민동,50대,539,84,173
202410,2614059000,서구 부민동,60대이상,1208,67,279
202410,2614061500,서구 아미동,20대,523,59,209
202410,2614061500,서구 아미동,20대미만,187,1,64
202410,2614061500,서구 아미동,30대,476,104,226
202410,2614061500,서구 아미동,40대,406,92,182
202410,2614061500,서구 아미동,50대,630,97,234
202410,2614061500,서구 아미동,60대이상,2586,114,495
202410,2614063000,서구 초장동,20대,171,65,133
202410,2614063000,서구 초장동,20대미만,121,45,64
202410,2614063000,서구 초장동,30대,179,19,71
202410,2614063000,서구 초장동,40대,306,34,98
202410,2614063000,서구 초장동,50대,461,54,161
202410,2614063000,서구 초장동,60대이상,1713,60,333
202410,2614064000,서구 충무동,20대,590,106,135
202410,2614064000,서구 충무동,20대미만,295,93,99
202410,2614064000,서구 충무동,30대,437,124,122
202410,2614064000,서구 충무동,40대,545,131,169
202410,2614064000,서구 충무동,50대,648,155,253
202410,2614064000,서구 충무동,60대이상,2039,152,564
202410,2614065000,서구 남부민1동,20대,148,21,55
202410,2614065000,서구 남부민1동,20대미만,63,4,28
202410,2614065000,서구 남부민1동,30대,78,33,57
202410,2614065000,서구 남부민1동,40대,197,36,84
202410,2614065000,서구 남부민1동,50대,447,57,139
202410,2614065000,서구 남부민1동,60대이상,1269,57,318
202410,2614066000,서구 남부민2동,20대,397,61,181
202410,2614066000,서구 남부민2동,20대미만,324,52,144
202410,2614066000,서구 남부민2동,30대,399,74,255
202410,2614066000,서구 남부민2동,40대,576,92,306
202410,2614066000,서구 남부민2동,50대,933,118,378
202410,2614066000,서구 남부민2동,60대이상,3231,110,822
202410,2614068000,서구 암남동,20대,1170,398,664
202410,2614068000,서구 암남동,20대미만,795,47,289
202410,2614068000,서구 암남동,30대,1213,461,749
202410,2614068000,서구 암남동,40대,1555,557,923
202410,2614068000,서구 암남동,50대,1983,643,1186
202410,2614068000,서구 암남동,60대이상,4925,455,2033
202410,2617051000,동구 초량1동,20대,162,157,352
202410,2617051000,동구 초량1동,20대미만,101,27,82
202410,2617051000,동구 초량1동,30대,121,232,351
202410,2617051000,동구 초량1동,40대,220,208,357
202410,2617051000,동구 초량1동,50대,324,173,432
202410,2617051000,동구 초량1동,60대이상,920,125,665
202410,2617052000,동구 초량2동,20대,300,151,596
202410,2617052000,동구 초량2동,20대미만,216,139,223
202410,2617052000,동구 초량2동,30대,273,175,520
202410,2617052000,동구 초량2동,40대,393,192,521
202410,2617052000,동구 초량2동,50대,636,215,686
202410,2617052000,동구 초량2동,60대이상,2029,205,1346
202410,2617053000,동구 초량3동,20대,1152,475,1205
202410,2617053000,동구 초량3동,20대미만,697,108,405
202410,2617053000,동구 초량3동,30대,1618,617,1263
202410,2617053000,동구 초량3동,40대,1367,511,1272
202410,2617053000,동구 초량3동,50대,1231,572,1623
202410,2617053000,동구 초량3동,60대이상,2176,428,2300
202410,2617055000,동구 초량6동,20대,77,26,91
202410,2617055000,동구 초량6동,20대미만,53,35,84
202410,2617055000,동구 초량6동,30대,73,22,105
202410,2617055000,동구 초량6동,40대,82,27,122
202410,2617055000,동구 초량6동,50대,174,39,122
202410,2617055000,동구 초량6동,60대이상,448,23,156
202410,2617056000,동구 수정1동,20대,292,75,161
202410,2617056000,동구 수정1동,20대미만,255,26,103
202410,2617056000,동구 수정1동,30대,254,83,170
202410,2617056000,동구 수정1동,40대,391,93,166
202410,2617056000,동구 수정1동,50대,471,88,214
202410,2617056000,동구 수정1동,60대이상,1398,82,402
202410,2617057000,동구 수정2동,20대,422,75,116
202410,2617057000,동구 수정2동,20대미만,363,94,113
202410,2617057000,동구 수정2동,30대,581,123,158
202410,2617057000,동구 수정2동,40대,644,156,175
202410,2617057000,동구 수정2동,50대,911,177,263
202410,2617057000,동구 수정2동,60대이상,2809,159,518
202410,2617059000,동구 수정4동,20대,121,22,27
202410,2617059000,동구 수정4동,20대미만,90,5,21
202410,2617059000,동구 수정4동,30대,130,10,24
202410,2617059000,동구 수정4동,40대,200,13,32
202410,2617059000,동구 수정4동,50대,392,30,62
202410,2617059000,동구 수정4동,60대이상,1371,35,167
202410,2617060000,동구 수정5동,20대,261,28,32
202410,2617060000,동구 수정5동,20대미만,254,30,51
202410,2617060000,동구 수정5동,30대,230,34,48
202410,2617060000,동구 수정5동,40대,361,50,63
202410,2617060000,동구 수정5동,50대,612,59,89
202410,2617060000,동구 수정5동,60대이상,2089,51,223
202410,2617064500,동구 좌천동,20대,260,36,169
202410,2617064500,동구 좌천동,20대미만,149,44,164
202410,2617064500,동구 좌천동,30대,292,35,219
202410,2617064500,동구 좌천동,40대,269,39,210
202410,2617064500,동구 좌천동,50대,412,84,319
202410,2617064500,동구 좌천동,60대이상,1386,58,746
202410,2617065000,동구 범일1동,20대,586,66,183
202410,2617065000,동구 범일1동,20대미만,280,60,80
202410,2617065000,동구 범일1동,30대,650,99,221
202410,2617065000,동구 범일1동,40대,794,129,220
202410,2617065000,동구 범일1동,50대,1087,170,273
202410,2617065000,동구 범일1동,60대이상,3998,194,612
202410,2617066000,동구 범일2동,20대,600,449,591
202410,2617066000,동구 범일2동,20대미만,331,69,180
202410,2617066000,동구 범일2동,30대,750,732,868
202410,2617066000,동구 범일2동,40대,699,938,872
202410,2617066000,동구 범일2동,50대,924,1086,1127
202410,2617066000,동구 범일2동,60대이상,2209,949,2160
202410,2617068000,동구 범일5동,20대,556,104,388
202410,2617068000,동구 범일5동,20대미만,417,145,193
202410,2617068000,동구 범일5동,30대,1327,151,476
202410,2617068000,동구 범일5동,40대,994,201,551
202410,2617068000,동구 범일5동,50대,839,224,700
202410,2617068000,동구 범일5동,60대이상,1667,372,1434
202410,2620053000,영도구 남항동,20대,587,212,450
202410,2620053000,영도구 남항동,20대미만,425,24,186
202410,2620053000,영도구 남항동,30대,639,273,469
202410,2620053000,영도구 남항동,40대,865,356,619
202410,2620053000,영도구 남항동,50대,1326,482,910
202410,2620053000,영도구 남항동,60대이상,4228,547,1863
202410,2620054000,영도구 영선1동,20대,46,15,34
202410,2620054000,영도구 영선1동,20대미만,44,3,24
202410,2620054000,영도구 영선1동,30대,46,12,48
202410,2620054000,영도구 영선1동,40대,120,27,60
202410,2620054000,영도구 영선1동,50대,137,53,120
202410,2620054000,영도구 영선1동,60대이상,466,71,238
202410,2620055000,영도구 영선2동,20대,439,75,186
202410,2620055000,영도구 영선2동,20대미만,405,89,119
202410,2620055000,영도구 영선2동,30대,436,51,143
202410,2620055000,영도구 영선2동,40대,492,78,157
202410,2620055000,영도구 영선2동,50대,890,117,202
202410,2620055000,영도구 영선2동,60대이상,2924,135,464
202410,2620058500,영도구 신선동,20대,258,30,60
202410,2620058500,영도구 신선동,20대미만,254,121,98
202410,2620058500,영도구 신선동,30대,279,46,71
202410,2620058500,영도구 신선동,40대,561,71,107
202410,2620058500,영도구 신선동,50대,886,105,142
202410,2620058500,영도구 신선동,60대이상,2987,82,332
202410,2620059000,영도구 봉래1동,20대,259,42,136
202410,2620059000,영도구 봉래1동,20대미만,297,5,93
202410,2620059000,영도구 봉래1동,30대,311,84,189
202410,2620059000,영도구 봉래1동,40대,455,103,250
202410,2620059000,영도구 봉래1동,50대,599,154,321
202410,2620059000,영도구 봉래1동,60대이상,1966,199,633
202410,2620060500,영도구 봉래2동,20대,364,60,110
202410,2620060500,영도구 봉래2동,20대미만,304,28,102
202410,2620060500,영도구 봉래2동,30대,468,85,124
202410,2620060500,영도구 봉래2동,40대,557,158,165
202410,2620060500,영도구 봉래2동,50대,883,170,223
202410,2620060500,영도구 봉래2동,60대이상,2464,171,454
202410,2620063000,영도구 청학1동,20대,217,66,130
202410,2620063000,영도구 청학1동,20대미만,190,27,61
202410,2620063000,영도구 청학1동,30대,260,74,113
202410,2620063000,영도구 청학1동,40대,416,186,211
202410,2620063000,영도구 청학1동,50대,583,196,254
202410,2620063000,영도구 청학1동,60대이상,1913,150,408
202410,2620064000,영도구 청학2동,20대,707,149,240
202410,2620064000,영도구 청학2동,20대미만,797,8,159
202410,2620064000,영도구 청학2동,30대,983,219,296
202410,2620064000,영도구 청학2동,40대,1329,276,390
202410,2620064000,영도구 청학2동,50대,1658,333,451
202410,2620064000,영도구 청학2동,60대이상,4957,277,880
202410,2620065000,영도구 동삼1동,20대,1908,411,410
202410,2620065000,영도구 동삼1동,20대미만,2031,239,277
202410,2620065000,영도구 동삼1동,30대,1833,355,431
202410,2620065000,영도구 동삼1동,40대,2531,447,493
202410,2620065000,영도구 동삼1동,50대,3413,554,675
202410,2620065000,영도구 동삼1동,60대이상,9342,421,1127
202410,2620066000,영도구 동삼2동,20대,1119,388,571
202410,2620066000,영도구 동삼2동,20대미만,678,97,437
202410,2620066000,영도구 동삼2동,30대,326,130,474
202410,2620066000,영도구 동삼2동,40대,494,163,576
202410,2620066000,영도구 동삼2동,50대,513,172,644
202410,2620066000,영도구 동삼2동,60대이상,1378,110,1016
202410,2620067000,영도구 동삼3동,20대,405,79,183
202410,2620067000,영도구 동삼3동,20대미만,338,70,148
202410,2620067000,영도구 동삼3동,30대,445,95,210
202410,2620067000,영도구 동삼3동,40대,645,103,266
202410,2620067000,영도구 동삼3동,50대,1006,158,331
202410,2620067000,영도구 동삼3동,60대이상,3868,170,710
202410,2623051000,부산진구 부전1동,20대,2456,788,1604
202410,2623051000,부산진구 부전1동,20대미만,433,58,391
202410,2623051000,부산진구 부전1동,30대,1872,870,1350
202410,2623051000,부산진구 부전1동,40대,1155,743,1215
202410,2623051000,부산진구 부전1동,50대,1454,979,1713
202410,2623051000,부산진구 부전1동,60대이상,3228,1217,4565
202410,2623052000,부산진구 부전2동,20대,2016,2127,6003
202410,2623052000,부산진구 부전2동,20대미만,410,166,1360
202410,2623052000,부산진구 부전2동,30대,1845,1489,3403
202410,2623052000,부산진구 부전2동,40대,1255,1035,2099
202410,2623052000,부산진구 부전2동,50대,1184,984,1999
202410,2623052000,부산진구 부전2동,60대이상,1846,764,2774
202410,2623054000,부산진구 연지동,20대,655,86,178
202410,2623054000,부산진구 연지동,20대미만,593,71,176
202410,2623054000,부산진구 연지동,30대,889,111,226
202410,2623054000,부산진구 연지동,40대,1170,155,241
202410,2623054000,부산진구 연지동,50대,1351,187,255
202410,2623054000,부산진구 연지동,60대이상,3823,169,554
202410,2623055000,부산진구 초읍동,20대,1308,229,350
202410,2623055000,부산진구 초읍동,20대미만,1844,129,264
202410,2623055000,부산진구 초읍동,30대,1729,243,514
202410,2623055000,부산진구 초읍동,40대,2168,342,598
202410,2623055000,부산진구 초읍동,50대,2671,449,773
202410,2623055000,부산진구 초읍동,60대이상,7582,398,1432
202410,2623056000,부산진구 양정1동,20대,1737,658,699
202410,2623056000,부산진구 양정1동,20대미만,1317,367,312
202410,2623056000,부산진구 양정1동,30대,1760,395,647
202410,2623056000,부산진구 양정1동,40대,1780,442,636
202410,2623056000,부산진구 양정1동,50대,2423,551,786
202410,2623056000,부산진구 양정1동,60대이상,5393,486,1216
202410,2623057000,부산진구 양정2동,20대,1837,260,455
202410,2623057000,부산진구 양정2동,20대미만,544,246,191
202410,2623057000,부산진구 양정2동,30대,1644,264,445
202410,2623057000,부산진구 양정2동,40대,1124,307,394
202410,2623057000,부산진구 양정2동,50대,987,333,570
202410,2623057000,부산진구 양정2동,60대이상,2105,235,918
202410,2623060000,부산진구 전포1동,20대,2876,831,1806
202410,2623060000,부산진구 전포1동,20대미만,730,359,473
202410,2623060000,부산진구 전포1동,30대,2893,660,1077
202410,2623060000,부산진구 전포1동,40대,1469,407,566
202410,2623060000,부산진구 전포1동,50대,1500,365,548
202410,2623060000,부산진구 전포1동,60대이상,2898,291,663
202410,2623061000,부산진구 전포2동,20대,2411,541,1631
202410,2623061000,부산진구 전포2동,20대미만,948,61,433
202410,2623061000,부산진구 전포2동,30대,2716,506,1110
202410,2623061000,부산진구 전포2동,40대,2042,376,644
202410,2623061000,부산진구 전포2동,50대,2328,455,656
202410,2623061000,부산진구 전포2동,60대이상,5242,394,1054
202410,2623064000,부산진구 부암1동,20대,1496,206,427
202410,2623064000,부산진구 부암1동,20대미만,1054,31,205
202410,2623064000,부산진구 부암1동,30대,2138,285,536
202410,2623064000,부산진구 부암1동,40대,1785,288,446
202410,2623064000,부산진구 부암1동,50대,2185,330,617
202410,2623064000,부산진구 부암1동,60대이상,4514,268,1025
202410,2623066000,부산진구 부암3동,20대,1181,130,332
202410,2623066000,부산진구 부암3동,20대미만,1455,136,328
202410,2623066000,부산진구 부암3동,30대,1917,139,375
202410,2623066000,부산진구 부암3동,40대,1890,216,454
202410,2623066000,부산진구 부암3동,50대,2525,311,683
202410,2623066000,부산진구 부암3동,60대이상,4746,298,1447
202410,2623067000,부산진구 당감1동,20대,1351,184,298
202410,2623067000,부산진구 당감1동,20대미만,1296,136,276
202410,2623067000,부산진구 당감1동,30대,1407,181,372
202410,2623067000,부산진구 당감1동,40대,1691,237,401
202410,2623067000,부산진구 당감1동,50대,2884,368,603
202410,2623067000,부산진구 당감1동,60대이상,5593,314,1050
202410,2623068000,부산진구 당감2동,20대,381,43,150
202410,2623068000,부산진구 당감2동,20대미만,315,4,85
202410,2623068000,부산진구 당감2동,30대,571,62,219
202410,2623068000,부산진구 당감2동,40대,756,73,210
202410,2623068000,부산진구 당감2동,50대,695,118,277
202410,2623068000,부산진구 당감2동,60대이상,1689,92,464
202410,2623070000,부산진구 당감4동,20대,550,62,178
202410,2623070000,부산진구 당감4동,20대미만,748,44,150
202410,2623070000,부산진구 당감4동,30대,631,82,251
202410,2623070000,부산진구 당감4동,40대,833,89,261
202410,2623070000,부산진구 당감4동,50대,1166,143,353
202410,2623070000,부산진구 당감4동,60대이상,2590,148,586
202410,2623071000,부산진구 가야1동,20대,1820,828,1017
202410,2623071000,부산진구 가야1동,20대미만,1225,261,483
202410,2623071000,부산진구 가야1동,30대,1204,239,575
202410,2623071000,부산진구 가야1동,40대,1477,303,601
202410,2623071000,부산진구 가야1동,50대,1919,406,708
202410,2623071000,부산진구 가야1동,60대이상,5130,335,1271
202410,2623072000,부산진구 가야2동,20대,757,96,299
202410,2623072000,부산진구 가야2동,20대미만,593,70,243
202410,2623072000,부산진구 가야2동,30대,829,73,348
202410,2623072000,부산진구 가야2동,40대,980,88,374
202410,2623072000,부산진구 가야2동,50대,1246,160,488
202410,2623072000,부산진구 가야2동,60대이상,3339,180,952
202410,2623074000,부산진구 개금1동,20대,2263,220,448
202410,2623074000,부산진구 개금1동,20대미만,716,41,242
202410,2623074000,부산진구 개금1동,30대,1840,164,369
202410,2623074000,부산진구 개금1동,40대,1491,197,371
202410,2623074000,부산진구 개금1동,50대,1714,262,497
202410,2623074000,부산진구 개금1동,60대이상,3718,277,829
202410,2623075000,부산진구 개금2동,20대,793,184,431
202410,2623075000,부산진구 개금2동,20대미만,580,21,157
202410,2623075000,부산진구 개금2동,30대,587,204,377
202410,2623075000,부산진구 개금2동,40대,770,186,349
202410,2623075000,부산진구 개금2동,50대,1120,183,454
202410,2623075000,부산진구 개금2동,60대이상,2884,170,958
202410,2623076000,부산진구 개금3동,20대,1485,186,256
202410,2623076000,부산진구 개금3동,20대미만,1490,121,286
202410,2623076000,부산진구 개금3동,30대,1929,195,405
202410,2623076000,부산진구 개금3동,40대,2091,219,346
202410,2623076000,부산진구 개금3동,50대,3090,347,506
202410,2623076000,부산진구 개금3동,60대이상,7534,328,921
202410,2623077000,부산진구 범천1동,20대,1643,463,1020
202410,2623077000,부산진구 범천1동,20대미만,434,20,347
202410,2623077000,부산진구 범천1동,30대,1775,609,1079
202410,2623077000,부산진구 범천1동,40대,1157,591,974
202410,2623077000,부산진구 범천1동,50대,1229,726,1194
202410,2623077000,부산진구 범천1동,60대이상,2702,638,2251
202410,2623078000,부산진구 범천2동,20대,1329,125,294
202410,2623078000,부산진구 범천2동,20대미만,603,15,105
202410,2623078000,부산진구 범천2동,30대,2289,175,417
202410,2623078000,부산진구 범천2동,40대,1829,185,328
202410,2623078000,부산진구 범천2동,50대,2047,253,355
202410,2623078000,부산진구 범천2동,60대이상,5257,283,754
202410,2626051000,동래구 수민동,20대,1721,286,511
202410,2626051000,동래구 수민동,20대미만,1539,82,528
202410,2626051000,동래구 수민동,30대,1941,370,622
202410,2626051000,동래구 수민동,40대,2333,405,802
202410,2626051000,동래구 수민동,50대,2698,519,1063
202410,2626051000,동래구 수민동,60대이상,8037,444,2222
202410,2626052000,동래구 복산동,20대,480,57,105
202410,2626052000,동래구 복산동,20대미만,358,20,149
202410,2626052000,동래구 복산동,30대,448,71,129
202410,2626052000,동래구 복산동,40대,620,100,211
202410,2626052000,동래구 복산동,50대,1024,133,251
202410,2626052000,동래구 복산동,60대이상,3121,179,417
202410,2626054500,동래구 명륜동,20대,1410,514,1362
202410,2626054500,동래구 명륜동,20대미만,2376,310,643
202410,2626054500,동래구 명륜동,30대,1987,558,1153
202410,2626054500,동래구 명륜동,40대,3411,630,1230
202410,2626054500,동래구 명륜동,50대,3156,814,1461
202410,2626054500,동래구 명륜동,60대이상,4694,612,2573
202410,2626055000,동래구 온천1동,20대,2626,425,867
202410,2626055000,동래구 온천1동,20대미만,1871,207,595
202410,2626055000,동래구 온천1동,30대,3578,470,1201
202410,2626055000,동래구 온천1동,40대,3220,566,1362
202410,2626055000,동래구 온천1동,50대,2965,669,1478
202410,2626055000,동래구 온천1동,60대이상,5580,573,2336
202410,2626056000,동래구 온천2동,20대,870,223,393
202410,2626056000,동래구 온천2동,20대미만,1325,201,277
202410,2626056000,동래구 온천2동,30대,1115,319,413
202410,2626056000,동래구 온천2동,40대,1578,353,488
202410,2626056000,동래구 온천2동,50대,1388,344,644
202410,2626056000,동래구 온천2동,60대이상,3410,310,1221
202410,2626057000,동래구 온천3동,20대,3076,302,1284
202410,2626057000,동래구 온천3동,20대미만,2276,189,1724
202410,2626057000,동래구 온천3동,30대,3168,333,1965
202410,2626057000,동래구 온천3동,40대,3406,454,2496
202410,2626057000,동래구 온천3동,50대,4205,520,2093
202410,2626057000,동래구 온천3동,60대이상,9331,467,3831
202410,2626058000,동래구 사직1동,20대,650,222,556
202410,2626058000,동래구 사직1동,20대미만,888,117,770
202410,2626058000,동래구 사직1동,30대,896,246,652
202410,2626058000,동래구 사직1동,40대,1080,237,829
202410,2626058000,동래구 사직1동,50대,988,252,910
202410,2626058000,동래구 사직1동,60대이상,2410,249,1408
202410,2626059000,동래구 사직2동,20대,1490,204,515
202410,2626059000,동래구 사직2동,20대미만,3280,397,721
202410,2626059000,동래구 사직2동,30대,1488,166,552
202410,2626059000,동래구 사직2동,40대,2901,357,856
202410,2626059000,동래구 사직2동,50대,3161,370,785
202410,2626059000,동래구 사직2동,60대이상,4285,238,1209
202410,2626060000,동래구 사직3동,20대,985,167,314
202410,2626060000,동래구 사직3동,20대미만,1651,65,458
202410,2626060000,동래구 사직3동,30대,1167,228,320
202410,2626060000,동래구 사직3동,40대,2162,282,490
202410,2626060000,동래구 사직3동,50대,1775,291,527
202410,2626060000,동래구 사직3동,60대이상,3958,231,783
202410,2626074000,동래구 안락1동,20대,751,147,295
202410,2626074000,동래구 안락1동,20대미만,648,45,239
202410,2626074000,동래구 안락1동,30대,858,177,377
202410,2626074000,동래구 안락1동,40대,1008,223,508
202410,2626074000,동래구 안락1동,50대,1318,296,686
202410,2626074000,동래구 안락1동,60대이상,4092,334,1383
202410,2626075000,동래구 안락2동,20대,1689,249,396
202410,2626075000,동래구 안락2동,20대미만,2011,124,410
202410,2626075000,동래구 안락2동,30대,1989,318,476
202410,2626075000,동래구 안락2동,40대,2506,410,616
202410,2626075000,동래구 안락2동,50대,3189,507,645
202410,2626075000,동래구 안락2동,60대이상,6959,397,1155
202410,2626076100,동래구 명장1동,20대,809,96,179
202410,2626076100,동래구 명장1동,20대미만,962,294,215
202410,2626076100,동래구 명장1동,30대,1043,140,216
202410,2626076100,동래구 명장1동,40대,1364,181,288
202410,2626076100,동래구 명장1동,50대,1516,238,376
202410,2626076100,동래구 명장1동,60대이상,4282,269,777
202410,2626076200,동래구 명장2동,20대,406,48,72
202410,2626076200,동래구 명장2동,20대미만,454,179,176
202410,2626076200,동래구 명장2동,30대,556,53,110
202410,2626076200,동래구 명장2동,40대,691,93,126
202410,2626076200,동래구 명장2동,50대,871,133,157
202410,2626076200,동래구 명장2동,60대이상,2153,116,352
202410,2629051000,남구 대연1동,20대,2689,341,1061
202410,2629051000,남구 대연1동,20대미만,841,74,620
202410,2629051000,남구 대연1동,30대,1221,243,830
202410,2629051000,남구 대연1동,40대,1209,245,925
202410,2629051000,남구 대연1동,50대,1641,353,1096
202410,2629051000,남구 대연1동,60대이상,4269,287,1794
202410,2629053000,남구 대연3동,20대,5635,2805,2909
202410,2629053000,남구 대연3동,20대미만,3911,670,1298
202410,2629053000,남구 대연3동,30대,3144,919,1284
202410,2629053000,남구 대연3동,40대,4292,934,1261
202410,2629053000,남구 대연3동,50대,3814,878,1406
202410,2629053000,남구 대연3동,60대이상,6341,579,1740
202410,2629054000,남구 대연4동,20대,766,76,173
202410,2629054000,남구 대연4동,20대미만,905,57,179
202410,2629054000,남구 대연4동,30대,1427,121,203
202410,2629054000,남구 대연4동,40대,1405,148,241
202410,2629054000,남구 대연4동,50대,1305,169,297
202410,2629054000,남구 대연4동,60대이상,3111,178,598
202410,2629055000,남구 대연5동,20대,1749,254,408
202410,2629055000,남구 대연5동,20대미만,938,140,231
202410,2629055000,남구 대연5동,30대,1154,179,305
202410,2629055000,남구 대연5동,40대,1387,222,313
202410,2629055000,남구 대연5동,50대,1741,278,412
202410,2629055000,남구 대연5동,60대이상,3971,247,754
202410,2629056000,남구 대연6동,20대,854,171,169
202410,2629056000,남구 대연6동,20대미만,1392,178,186
202410,2629056000,남구 대연6동,30대,1268,221,200
202410,2629056000,남구 대연6동,40대,1929,291,251
202410,2629056000,남구 대연6동,50대,1520,284,332
202410,2629056000,남구 대연6동,60대이상,2799,140,500
202410,2629057000,남구 용호1동,20대,2444,370,544
202410,2629057000,남구 용호1동,20대미만,4112,201,438
202410,2629057000,남구 용호1동,30대,2577,306,585
202410,2629057000,남구 용호1동,40대,4411,480,725
202410,2629057000,남구 용호1동,50대,5849,587,878
202410,2629057000,남구 용호1동,60대이상,10518,525,1691
202410,2629058000,남구 용호2동,20대,1012,225,348
202410,2629058000,남구 용호2동,20대미만,1477,42,175
202410,2629058000,남구 용호2동,30대,1549,156,326
202410,2629058000,남구 용호2동,40대,2280,252,395
202410,2629058000,남구 용호2동,50대,1943,239,491
202410,2629058000,남구 용호2동,60대이상,4738,192,916
202410,2629059000,남구 용호3동,20대,669,98,203
202410,2629059000,남구 용호3동,20대미만,671,234,235
202410,2629059000,남구 용호3동,30대,634,120,213
202410,2629059000,남구 용호3동,40대,869,172,306
202410,2629059000,남구 용호3동,50대,1309,245,434
202410,2629059000,남구 용호3동,60대이상,4183,251,824
202410,2629060000,남구 용호4동,20대,431,130,319
202410,2629060000,남구 용호4동,20대미만,441,49,153
202410,2629060000,남구 용호4동,30대,456,62,207
202410,2629060000,남구 용호4동,40대,665,99,278
202410,2629060000,남구 용호4동,50대,794,136,319
202410,2629060000,남구 용호4동,60대이상,2084,177,598
202410,2629061000,남구 용당동,20대,578,318,438
202410,2629061000,남구 용당동,20대미만,404,120,160
202410,2629061000,남구 용당동,30대,368,213,267
202410,2629061000,남구 용당동,40대,609,257,436
202410,2629061000,남구 용당동,50대,1035,287,556
202410,2629061000,남구 용당동,60대이상,2074,230,668
202410,2629062000,남구 감만1동,20대,360,136,201
202410,2629062000,남구 감만1동,20대미만,272,39,71
202410,2629062000,남구 감만1동,30대,375,180,309
202410,2629062000,남구 감만1동,40대,539,189,459
202410,2629062000,남구 감만1동,50대,690,245,618
202410,2629062000,남구 감만1동,60대이상,1962,236,669
202410,2629063000,남구 감만2동,20대,247,18,116
202410,2629063000,남구 감만2동,20대미만,237,31,150
202410,2629063000,남구 감만2동,30대,217,40,133
202410,2629063000,남구 감만2동,40대,329,47,211
202410,2629063000,남구 감만2동,50대,567,64,339
202410,2629063000,남구 감만2동,60대이상,1470,84,792
202410,2629064500,남구 우암동,20대,675,145,237
202410,2629064500,남구 우암동,20대미만,824,91,156
202410,2629064500,남구 우암동,30대,678,149,301
202410,2629064500,남구 우암동,40대,1088,200,365
202410,2629064500,남구 우암동,50대,1382,259,585
202410,2629064500,남구 우암동,60대이상,4672,257,1093
202410,2629068000,남구 문현1동,20대,584,65,170
202410,2629068000,남구 문현1동,20대미만,627,138,236
202410,2629068000,남구 문현1동,30대,444,69,250
202410,2629068000,남구 문현1동,40대,734,117,270
202410,2629068000,남구 문현1동,50대,1109,163,353
202410,2629068000,남구 문현1동,60대이상,2663,151,676
202410,2629069000,남구 문현2동,20대,414,349,363
202410,2629069000,남구 문현2동,20대미만,192,56,183
202410,2629069000,남구 문현2동,30대,627,672,477
202410,2629069000,남구 문현2동,40대,491,528,432
202410,2629069000,남구 문현2동,50대,556,440,506
202410,2629069000,남구 문현2동,60대이상,1803,259,757
202410,2629070000,남구 문현3동,20대,832,101,713
202410,2629070000,남구 문현3동,20대미만,729,40,869
202410,2629070000,남구 문현3동,30대,1001,100,713
202410,2629070000,남구 문현3동,40대,1285,156,1025
202410,2629070000,남구 문현3동,50대,1210,187,1272
202410,2629070000,남구 문현3동,60대이상,3610,233,2669
202410,2629071000,남구 문현4동,20대,444,94,189
202410,2629071000,남구 문현4동,20대미만,245,40,122
202410,2629071000,남구 문현4동,30대,520,107,217
202410,2629071000,남구 문현4동,40대,482,115,203
202410,2629071000,남구 문현4동,50대,679,93,237
202410,2629071000,남구 문현4동,60대이상,1627,98,375
202410,2632051000,북구 구포1동,20대,1062,160,426
202410,2632051000,북구 구포1동,20대미만,638,6,190
202410,2632051000,북구 구포1동,30대,1299,210,537
202410,2632051000,북구 구포1동,40대,1190,245,554
202410,2632051000,북구 구포1동,50대,1735,423,940
202410,2632051000,북구 구포1동,60대이상,4464,533,2190
202410,2632052000,북구 구포2동,20대,1714,210,314
202410,2632052000,북구 구포2동,20대미만,1212,175,209
202410,2632052000,북구 구포2동,30대,1941,302,363
202410,2632052000,북구 구포2동,40대,2087,404,383
202410,2632052000,북구 구포2동,50대,3043,471,571
202410,2632052000,북구 구포2동,60대이상,7044,422,1048
202410,2632052100,북구 구포3동,20대,1480,172,206
202410,2632052100,북구 구포3동,20대미만,1172,191,140
202410,2632052100,북구 구포3동,30대,1254,125,186
202410,2632052100,북구 구포3동,40대,1647,195,196
202410,2632052100,북구 구포3동,50대,2770,295,373
202410,2632052100,북구 구포3동,60대이상,5878,292,617
202410,2632053000,북구 금곡동,20대,2240,248,366
202410,2632053000,북구 금곡동,20대미만,2200,122,303
202410,2632053000,북구 금곡동,30대,2359,282,511
202410,2632053000,북구 금곡동,40대,2958,352,576
202410,2632053000,북구 금곡동,50대,4725,587,878
202410,2632053000,북구 금곡동,60대이상,12241,513,1564
202410,2632054100,북구 화명1동,20대,2738,298,906
202410,2632054100,북구 화명1동,20대미만,2990,50,1030
202410,2632054100,북구 화명1동,30대,3528,260,1119
202410,2632054100,북구 화명1동,40대,3467,331,1186
202410,2632054100,북구 화명1동,50대,5190,514,1434
202410,2632054100,북구 화명1동,60대이상,7816,448,2147
202410,2632054200,북구 화명2동,20대,1372,202,304
202410,2632054200,북구 화명2동,20대미만,1414,164,278
202410,2632054200,북구 화명2동,30대,1544,174,362
202410,2632054200,북구 화명2동,40대,1575,201,369
202410,2632054200,북구 화명2동,50대,2247,326,546
202410,2632054200,북구 화명2동,60대이상,4393,258,856
202410,2632054300,북구 화명3동,20대,1971,420,785
202410,2632054300,북구 화명3동,20대미만,2460,366,645
202410,2632054300,북구 화명3동,30대,1688,317,720
202410,2632054300,북구 화명3동,40대,2591,455,712
202410,2632054300,북구 화명3동,50대,3304,536,945
202410,2632054300,북구 화명3동,60대이상,4689,353,1477
202410,2632055000,북구 덕천1동,20대,1034,234,354
202410,2632055000,북구 덕천1동,20대미만,537,38,183
202410,2632055000,북구 덕천1동,30대,1439,199,362
202410,2632055000,북구 덕천1동,40대,1095,211,367
202410,2632055000,북구 덕천1동,50대,1437,308,517
202410,2632055000,북구 덕천1동,60대이상,4234,260,1108
202410,2632056000,북구 덕천2동,20대,892,364,1005
202410,2632056000,북구 덕천2동,20대미만,522,244,531
202410,2632056000,북구 덕천2동,30대,935,403,1087
202410,2632056000,북구 덕천2동,40대,894,412,1027
202410,2632056000,북구 덕천2동,50대,1312,472,1361
202410,2632056000,북구 덕천2동,60대이상,3571,410,2392
202410,2632056100,북구 덕천3동,20대,356,40,63
202410,2632056100,북구 덕천3동,20대미만,223,6,32
202410,2632056100,북구 덕천3동,30대,342,31,96
202410,2632056100,북구 덕천3동,40대,580,30,80
202410,2632056100,북구 덕천3동,50대,905,81,131
202410,2632056100,북구 덕천3동,60대이상,2588,73,302
202410,2632057100,북구 만덕1동,20대,906,117,185
202410,2632057100,북구 만덕1동,20대미만,954,80,172
202410,2632057100,북구 만덕1동,30대,1922,142,317
202410,2632057100,북구 만덕1동,40대,1606,139,304
202410,2632057100,북구 만덕1동,50대,1545,151,325
202410,2632057100,북구 만덕1동,60대이상,3796,189,728
202410,2632057200,북구 만덕2동,20대,1659,168,271
202410,2632057200,북구 만덕2동,20대미만,2416,208,247
202410,2632057200,북구 만덕2동,30대,2357,191,364
202410,2632057200,북구 만덕2동,40대,2835,299,396
202410,2632057200,북구 만덕2동,50대,3023,343,476
202410,2632057200,북구 만덕2동,60대이상,6912,305,941
202410,2632057300,북구 만덕3동,20대,1075,110,216
202410,2632057300,북구 만덕3동,20대미만,1110,35,197
202410,2632057300,북구 만덕3동,30대,1324,76,259
202410,2632057300,북구 만덕3동,40대,1541,138,274
202410,2632057300,북구 만덕3동,50대,2071,194,328
202410,2632057300,북구 만덕3동,60대이상,5365,255,690
202410,2635051000,해운대구 우1동,20대,1777,744,2220
202410,2635051000,해운대구 우1동,20대미만,1985,549,1275
202410,2635051000,해운대구 우1동,30대,2123,700,2354
202410,2635051000,해운대구 우1동,40대,2584,732,2407
202410,2635051000,해운대구 우1동,50대,2848,786,2297
202410,2635051000,해운대구 우1동,60대이상,6040,767,3121
202410,2635052000,해운대구 우2동,20대,1692,2154,2295
202410,2635052000,해운대구 우2동,20대미만,2410,579,1416
202410,2635052000,해운대구 우2동,30대,2340,2253,2682
202410,2635052000,해운대구 우2동,40대,3494,1743,2434
202410,2635052000,해운대구 우2동,50대,3922,1519,2227
202410,2635052000,해운대구 우2동,60대이상,6644,834,2716
202410,2635052500,해운대구 우3동,20대,1154,230,480
202410,2635052500,해운대구 우3동,20대미만,1847,104,422
202410,2635052500,해운대구 우3동,30대,1707,303,612
202410,2635052500,해운대구 우3동,40대,2544,415,729
202410,2635052500,해운대구 우3동,50대,3086,377,763
202410,2635052500,해운대구 우3동,60대이상,6008,341,1077
202410,2635053000,해운대구 중1동,20대,1986,647,1484
202410,2635053000,해운대구 중1동,20대미만,1781,94,941
202410,2635053000,해운대구 중1동,30대,2320,609,1946
202410,2635053000,해운대구 중1동,40대,3210,690,1893
202410,2635053000,해운대구 중1동,50대,3440,763,1807
202410,2635053000,해운대구 중1동,60대이상,5807,610,2415
202410,2635054000,해운대구 중2동,20대,899,174,477
202410,2635054000,해운대구 중2동,20대미만,1439,51,238
202410,2635054000,해운대구 중2동,30대,1402,215,568
202410,2635054000,해운대구 중2동,40대,1889,219,604
202410,2635054000,해운대구 중2동,50대,1943,268,721
202410,2635054000,해운대구 중2동,60대이상,3850,252,1106
202410,2635055100,해운대구 좌1동,20대,1424,410,728
202410,2635055100,해운대구 좌1동,20대미만,1171,68,591
202410,2635055100,해운대구 좌1동,30대,1368,385,687
202410,2635055100,해운대구 좌1동,40대,1756,441,829
202410,2635055100,해운대구 좌1동,50대,2346,494,1042
202410,2635055100,해운대구 좌1동,60대이상,3358,405,1427
202410,2635055200,해운대구 좌2동,20대,2638,297,469
202410,2635055200,해운대구 좌2동,20대미만,2119,153,427
202410,2635055200,해운대구 좌2동,30대,3097,311,432
202410,2635055200,해운대구 좌2동,40대,3212,374,426
202410,2635055200,해운대구 좌2동,50대,3808,394,517
202410,2635055200,해운대구 좌2동,60대이상,6744,330,760
202410,2635055300,해운대구 좌3동,20대,1050,100,218
202410,2635055300,해운대구 좌3동,20대미만,1105,338,281
202410,2635055300,해운대구 좌3동,30대,944,104,239
202410,2635055300,해운대구 좌3동,40대,1229,118,294
202410,2635055300,해운대구 좌3동,50대,2032,193,371
202410,2635055300,해운대구 좌3동,60대이상,4146,181,638
202410,2635055400,해운대구 좌4동,20대,1642,287,438
202410,2635055400,해운대구 좌4동,20대미만,2314,325,440
202410,2635055400,해운대구 좌4동,30대,1652,225,437
202410,2635055400,해운대구 좌4동,40대,2431,320,563
202410,2635055400,해운대구 좌4동,50대,2906,377,725
202410,2635055400,해운대구 좌4동,60대이상,4717,291,1230
202410,2635056000,해운대구 송정동,20대,862,432,1312
202410,2635056000,해운대구 송정동,20대미만,794,147,668
202410,2635056000,해운대구 송정동,30대,744,422,1270
202410,2635056000,해운대구 송정동,40대,1361,463,1411
202410,2635056000,해운대구 송정동,50대,1117,577,1509
202410,2635056000,해운대구 송정동,60대이상,3276,448,2111
202410,2635057000,해운대구 반여1동,20대,2717,424,515
202410,2635057000,해운대구 반여1동,20대미만,4104,259,376
202410,2635057000,해운대구 반여1동,30대,2798,471,709
202410,2635057000,해운대구 반여1동,40대,4142,601,827
202410,2635057000,해운대구 반여1동,50대,4847,796,984
202410,2635057000,해운대구 반여1동,60대이상,7993,561,1716
202410,2635058000,해운대구 반여2동,20대,709,75,188
202410,2635058000,해운대구 반여2동,20대미만,442,42,113
202410,2635058000,해운대구 반여2동,30대,887,83,212
202410,2635058000,해운대구 반여2동,40대,1077,123,226
202410,2635058000,해운대구 반여2동,50대,1547,178,428
202410,2635058000,해운대구 반여2동,60대이상,4462,173,720
202410,2635059000,해운대구 반여3동,20대,446,27,49
202410,2635059000,해운대구 반여3동,20대미만,185,9,25
202410,2635059000,해운대구 반여3동,30대,436,38,61
202410,2635059000,해운대구 반여3동,40대,526,48,73
202410,2635059000,해운대구 반여3동,50대,828,74,126
202410,2635059000,해운대구 반여3동,60대이상,1750,82,231
202410,2635059500,해운대구 반여4동,20대,722,76,139
202410,2635059500,해운대구 반여4동,20대미만,719,22,178
202410,2635059500,해운대구 반여4동,30대,664,50,202
202410,2635059500,해운대구 반여4동,40대,906,92,233
202410,2635059500,해운대구 반여4동,50대,1005,95,299
202410,2635059500,해운대구 반여4동,60대이상,1909,87,594
202410,2635061000,해운대구 반송1동,20대,816,153,182
202410,2635061000,해운대구 반송1동,20대미만,344,104,75
202410,2635061000,해운대구 반송1동,30대,595,128,172
202410,2635061000,해운대구 반송1동,40대,704,156,235
202410,2635061000,해운대구 반송1동,50대,1123,248,369
202410,2635061000,해운대구 반송1동,60대이상,3270,229,641
202410,2635062000,해운대구 반송2동,20대,1163,102,111
202410,2635062000,해운대구 반송2동,20대미만,1030,19,69
202410,2635062000,해운대구 반송2동,30대,1223,92,141
202410,2635062000,해운대구 반송2동,40대,1808,199,192
202410,2635062000,해운대구 반송2동,50대,2813,351,307
202410,2635062000,해운대구 반송2동,60대이상,8229,350,600
202410,2635065000,해운대구 재송1동,20대,2349,532,647
202410,2635065000,해운대구 재송1동,20대미만,4344,261,406
202410,2635065000,해운대구 재송1동,30대,2779,664,771
202410,2635065000,해운대구 재송1동,40대,5263,776,920
202410,2635065000,해운대구 재송1동,50대,4266,674,1017
202410,2635065000,해운대구 재송1동,60대이상,6669,512,1439
202410,2635066000,해운대구 재송2동,20대,1561,151,267
202410,2635066000,해운대구 재송2동,20대미만,1147,52,204
202410,2635066000,해운대구 재송2동,30대,1642,208,360
202410,2635066000,해운대구 재송2동,40대,2323,249,410
202410,2635066000,해운대구 재송2동,50대,2946,320,503
202410,2635066000,해운대구 재송2동,60대이상,6536,299,813
202410,2638051000,사하구 괴정1동,20대,1249,124,381
202410,2638051000,사하구 괴정1동,20대미만,1219,136,331
202410,2638051000,사하구 괴정1동,30대,1104,110,363
202410,2638051000,사하구 괴정1동,40대,1681,155,493
202410,2638051000,사하구 괴정1동,50대,2041,257,619
202410,2638051000,사하구 괴정1동,60대이상,5897,231,1111
202410,2638052000,사하구 괴정2동,20대,882,62,118
202410,2638052000,사하구 괴정2동,20대미만,771,76,91
202410,2638052000,사하구 괴정2동,30대,923,65,111
202410,2638052000,사하구 괴정2동,40대,1163,128,162
202410,2638052000,사하구 괴정2동,50대,1539,133,182
202410,2638052000,사하구 괴정2동,60대이상,4168,147,409
202410,2638053000,사하구 괴정3동,20대,837,311,360
202410,2638053000,사하구 괴정3동,20대미만,659,86,269
202410,2638053000,사하구 괴정3동,30대,834,163,305
202410,2638053000,사하구 괴정3동,40대,1052,224,396
202410,2638053000,사하구 괴정3동,50대,1460,289,531
202410,2638053000,사하구 괴정3동,60대이상,4495,307,1103
202410,2638054000,사하구 괴정4동,20대,857,81,177
202410,2638054000,사하구 괴정4동,20대미만,1170,100,308
202410,2638054000,사하구 괴정4동,30대,1137,128,230
202410,2638054000,사하구 괴정4동,40대,1581,172,297
202410,2638054000,사하구 괴정4동,50대,1527,164,352
202410,2638054000,사하구 괴정4동,60대이상,3514,144,798
202410,2638055000,사하구 당리동,20대,1629,281,644
202410,2638055000,사하구 당리동,20대미만,1556,118,429
202410,2638055000,사하구 당리동,30대,1736,287,627
202410,2638055000,사하구 당리동,40대,2204,377,655
202410,2638055000,사하구 당리동,50대,2942,460,837
202410,2638055000,사하구 당리동,60대이상,7337,396,1595
202410,2638056100,사하구 하단1동,20대,2060,196,383
202410,2638056100,사하구 하단1동,20대미만,1132,63,198
202410,2638056100,사하구 하단1동,30대,2007,172,437
202410,2638056100,사하구 하단1동,40대,2058,241,449
202410,2638056100,사하구 하단1동,50대,2500,292,565
202410,2638056100,사하구 하단1동,60대이상,5663,285,1019
202410,2638056200,사하구 하단2동,20대,3659,1636,1468
202410,2638056200,사하구 하단2동,20대미만,1885,376,534
202410,2638056200,사하구 하단2동,30대,2231,461,821
202410,2638056200,사하구 하단2동,40대,2383,486,755
202410,2638056200,사하구 하단2동,50대,2872,581,831
202410,2638056200,사하구 하단2동,60대이상,5854,397,1232
202410,2638057100,사하구 신평1동,20대,909,194,223
202410,2638057100,사하구 신평1동,20대미만,965,141,193
202410,2638057100,사하구 신평1동,30대,1126,375,338
202410,2638057100,사하구 신평1동,40대,1666,406,399
202410,2638057100,사하구 신평1동,50대,2114,585,549
202410,2638057100,사하구 신평1동,60대이상,5151,376,760
202410,2638057200,사하구 신평2동,20대,1079,245,244
202410,2638057200,사하구 신평2동,20대미만,1233,59,185
202410,2638057200,사하구 신평2동,30대,1652,343,397
202410,2638057200,사하구 신평2동,40대,1827,403,426
202410,2638057200,사하구 신평2동,50대,2152,488,608
202410,2638057200,사하구 신평2동,60대이상,4216,420,883
202410,2638058000,사하구 장림1동,20대,648,230,273
202410,2638058000,사하구 장림1동,20대미만,1011,66,225
202410,2638058000,사하구 장림1동,30대,992,332,492
202410,2638058000,사하구 장림1동,40대,1471,430,528
202410,2638058000,사하구 장림1동,50대,1378,653,732
202410,2638058000,사하구 장림1동,60대이상,2755,627,1087
202410,2638059000,사하구 장림2동,20대,1776,271,386
202410,2638059000,사하구 장림2동,20대미만,1880,155,331
202410,2638059000,사하구 장림2동,30대,2068,326,569
202410,2638059000,사하구 장림2동,40대,2815,510,620
202410,2638059000,사하구 장림2동,50대,3333,642,715
202410,2638059000,사하구 장림2동,60대이상,6431,541,1214
202410,2638060100,사하구 다대1동,20대,2172,403,407
202410,2638060100,사하구 다대1동,20대미만,2945,89,252
202410,2638060100,사하구 다대1동,30대,2512,498,477
202410,2638060100,사하구 다대1동,40대,3854,738,623
202410,2638060100,사하구 다대1동,50대,5070,910,904
202410,2638060100,사하구 다대1동,60대이상,10728,712,1623
202410,2638060200,사하구 다대2동,20대,1643,242,229
202410,2638060200,사하구 다대2동,20대미만,2120,79,141
202410,2638060200,사하구 다대2동,30대,1605,231,262
202410,2638060200,사하구 다대2동,40대,2560,406,328
202410,2638060200,사하구 다대2동,50대,3802,509,490
202410,2638060200,사하구 다대2동,60대이상,8664,448,804
202410,2638061000,사하구 구평동,20대,734,161,146
202410,2638061000,사하구 구평동,20대미만,1062,80,131
202410,2638061000,사하구 구평동,30대,1474,265,270
202410,2638061000,사하구 구평동,40대,1540,362,345
202410,2638061000,사하구 구평동,50대,1389,470,489
202410,2638061000,사하구 구평동,60대이상,2599,440,739
202410,2638062000,사하구 감천1동,20대,1028,159,169
202410,2638062000,사하구 감천1동,20대미만,1096,277,229
202410,2638062000,사하구 감천1동,30대,1065,208,216
202410,2638062000,사하구 감천1동,40대,1585,280,354
202410,2638062000,사하구 감천1동,50대,2244,409,510
202410,2638062000,사하구 감천1동,60대이상,6298,344,803
202410,2638063000,사하구 감천2동,20대,212,19,48
202410,2638063000,사하구 감천2동,20대미만,118,0,54
202410,2638063000,사하구 감천2동,30대,210,18,54
202410,2638063000,사하구 감천2동,40대,426,38,69
202410,2638063000,사하구 감천2동,50대,689,67,126
202410,2638063000,사하구 감천2동,60대이상,1878,43,213
202410,2641051000,금정구 서1동,20대,218,18,43
202410,2641051000,금정구 서1동,20대미만,132,6,33
202410,2641051000,금정구 서1동,30대,232,17,73
202410,2641051000,금정구 서1동,40대,366,45,85
202410,2641051000,금정구 서1동,50대,552,72,132
202410,2641051000,금정구 서1동,60대이상,1838,99,313
202410,2641052000,금정구 서2동,20대,344,59,135
202410,2641052000,금정구 서2동,20대미만,190,56,79
202410,2641052000,금정구 서2동,30대,521,70,165
202410,2641052000,금정구 서2동,40대,540,94,203
202410,2641052000,금정구 서2동,50대,879,184,324
202410,2641052000,금정구 서2동,60대이상,2321,203,655
202410,2641053000,금정구 서3동,20대,518,79,115
202410,2641053000,금정구 서3동,20대미만,330,84,95
202410,2641053000,금정구 서3동,30대,640,106,173
202410,2641053000,금정구 서3동,40대,674,122,183
202410,2641053000,금정구 서3동,50대,1333,191,325
202410,2641053000,금정구 서3동,60대이상,3851,256,702
202410,2641055500,금정구 금사회동동,20대,311,302,207
202410,2641055500,금정구 금사회동동,20대미만,218,37,113
202410,2641055500,금정구 금사회동동,30대,410,492,379
202410,2641055500,금정구 금사회동동,40대,543,541,502
202410,2641055500,금정구 금사회동동,50대,853,729,818
202410,2641055500,금정구 금사회동동,60대이상,2859,581,1253
202410,2641057000,금정구 부곡1동,20대,392,39,83
202410,2641057000,금정구 부곡1동,20대미만,320,115,119
202410,2641057000,금정구 부곡1동,30대,413,43,93
202410,2641057000,금정구 부곡1동,40대,627,67,137
202410,2641057000,금정구 부곡1동,50대,818,91,182
202410,2641057000,금정구 부곡1동,60대이상,2865,126,358
202410,2641058000,금정구 부곡2동,20대,1598,358,409
202410,2641058000,금정구 부곡2동,20대미만,1338,365,340
202410,2641058000,금정구 부곡2동,30대,1216,278,493
202410,2641058000,금정구 부곡2동,40대,1643,358,538
202410,2641058000,금정구 부곡2동,50대,2078,390,596
202410,2641058000,금정구 부곡2동,60대이상,4601,321,1102
202410,2641059000,금정구 부곡3동,20대,1314,416,375
202410,2641059000,금정구 부곡3동,20대미만,1066,369,294
202410,2641059000,금정구 부곡3동,30대,1151,314,358
202410,2641059000,금정구 부곡3동,40대,1396,295,432
202410,2641059000,금정구 부곡3동,50대,1786,320,578
202410,2641059000,금정구 부곡3동,60대이상,3995,283,955
202410,2641059100,금정구 부곡4동,20대,545,61,192
202410,2641059100,금정구 부곡4동,20대미만,359,16,190
202410,2641059100,금정구 부곡4동,30대,734,75,222
202410,2641059100,금정구 부곡4동,40대,717,101,268
202410,2641059100,금정구 부곡4동,50대,1047,138,349
202410,2641059100,금정구 부곡4동,60대이상,2907,180,744
202410,2641060000,금정구 장전1동,20대,4384,625,782
202410,2641060000,금정구 장전1동,20대미만,969,92,316
202410,2641060000,금정구 장전1동,30대,1359,204,430
202410,2641060000,금정구 장전1동,40대,1371,241,419
202410,2641060000,금정구 장전1동,50대,1466,283,514
202410,2641060000,금정구 장전1동,60대이상,3437,236,746
202410,2641061000,금정구 장전2동,20대,2058,2170,2308
202410,2641061000,금정구 장전2동,20대미만,2390,355,858
202410,2641061000,금정구 장전2동,30대,2215,792,1024
202410,2641061000,금정구 장전2동,40대,3200,847,1055
202410,2641061000,금정구 장전2동,50대,2668,711,1099
202410,2641061000,금정구 장전2동,60대이상,5723,516,1562
202410,2641063500,금정구 선두구동,20대,78,40,119
202410,2641063500,금정구 선두구동,20대미만,61,2,53
202410,2641063500,금정구 선두구동,30대,67,67,170
202410,2641063500,금정구 선두구동,40대,120,108,279
202410,2641063500,금정구 선두구동,50대,217,137,373
202410,2641063500,금정구 선두구동,60대이상,885,126,592
202410,2641066500,금정구 청룡노포동,20대,509,119,273
202410,2641066500,금정구 청룡노포동,20대미만,476,51,117
202410,2641066500,금정구 청룡노포동,30대,515,139,326
202410,2641066500,금정구 청룡노포동,40대,634,176,442
202410,2641066500,금정구 청룡노포동,50대,1078,228,748
202410,2641066500,금정구 청룡노포동,60대이상,3299,268,1456
202410,2641067000,금정구 남산동,20대,2277,545,664
202410,2641067000,금정구 남산동,20대미만,1386,137,468
202410,2641067000,금정구 남산동,30대,1591,266,528
202410,2641067000,금정구 남산동,40대,1816,366,643
202410,2641067000,금정구 남산동,50대,3064,534,952
202410,2641067000,금정구 남산동,60대이상,7769,426,1823
202410,2641068000,금정구 구서1동,20대,756,181,349
202410,2641068000,금정구 구서1동,20대미만,1092,367,325
202410,2641068000,금정구 구서1동,30대,1129,248,400
202410,2641068000,금정구 구서1동,40대,1405,303,496
202410,2641068000,금정구 구서1동,50대,1543,282,554
202410,2641068000,금정구 구서1동,60대이상,3372,265,859
202410,2641069000,금정구 구서2동,20대,2135,263,847
202410,2641069000,금정구 구서2동,20대미만,2153,154,506
202410,2641069000,금정구 구서2동,30대,2104,255,768
202410,2641069000,금정구 구서2동,40대,2995,369,861
202410,2641069000,금정구 구서2동,50대,3802,518,1297
202410,2641069000,금정구 구서2동,60대이상,8024,506,2636
202410,2641070000,금정구 금성동,20대,39,11,49
202410,2641070000,금정구 금성동,20대미만,85,9,88
202410,2641070000,금정구 금성동,30대,40,19,82
202410,2641070000,금정구 금성동,40대,83,17,132
202410,2641070000,금정구 금성동,50대,96,30,198
202410,2641070000,금정구 금성동,60대이상,349,45,297
202410,2644051000,강서구 대저1동,20대,555,438,455
202410,2644051000,강서구 대저1동,20대미만,199,124,144
202410,2644051000,강서구 대저1동,30대,390,612,493
202410,2644051000,강서구 대저1동,40대,423,695,645
202410,2644051000,강서구 대저1동,50대,707,832,852
202410,2644051000,강서구 대저1동,60대이상,2805,682,1550
202410,2644052000,강서구 대저2동,20대,919,713,2390
202410,2644052000,강서구 대저2동,20대미만,533,35,806
202410,2644052000,강서구 대저2동,30대,821,1054,3232
202410,2644052000,강서구 대저2동,40대,596,997,2991
202410,2644052000,강서구 대저2동,50대,704,1298,3607
202410,2644052000,강서구 대저2동,60대이상,2242,949,4339
202410,2644053000,강서구 강동동,20대,75,54,84
202410,2644053000,강서구 강동동,20대미만,44,3,25
202410,2644053000,강서구 강동동,30대,146,110,144
202410,2644053000,강서구 강동동,40대,188,145,209
202410,2644053000,강서구 강동동,50대,229,217,300
202410,2644053000,강서구 강동동,60대이상,1482,257,511
202410,2644053500,강서구 명지1동,20대,2836,686,813
202410,2644053500,강서구 명지1동,20대미만,7474,281,470
202410,2644053500,강서구 명지1동,30대,8322,1350,1440
202410,2644053500,강서구 명지1동,40대,9418,1607,1436
202410,2644053500,강서구 명지1동,50대,3917,931,1279
202410,2644053500,강서구 명지1동,60대이상,6148,613,1461
202410,2644054500,강서구 명지2동,20대,1344,320,369
202410,2644054500,강서구 명지2동,20대미만,4349,126,292
202410,2644054500,강서구 명지2동,30대,2561,497,553
202410,2644054500,강서구 명지2동,40대,5346,825,622
202410,2644054500,강서구 명지2동,50대,3058,450,521
202410,2644054500,강서구 명지2동,60대이상,3636,242,612
202410,2644055000,강서구 가락동,20대,55,54,83
202410,2644055000,강서구 가락동,20대미만,98,5,52
202410,2644055000,강서구 가락동,30대,100,131,175
202410,2644055000,강서구 가락동,40대,142,164,197
202410,2644055000,강서구 가락동,50대,253,265,329
202410,2644055000,강서구 가락동,60대이상,1129,244,493
202410,2644056000,강서구 녹산동,20대,2153,1712,1092
202410,2644056000,강서구 녹산동,20대미만,3602,77,263
202410,2644056000,강서구 녹산동,30대,4156,3487,2007
202410,2644056000,강서구 녹산동,40대,5414,4452,2703
202410,2644056000,강서구 녹산동,50대,3692,3638,2764
202410,2644056000,강서구 녹산동,60대이상,6586,2171,2666
202410,2644058000,강서구 가덕도동,20대,200,102,329
202410,2644058000,강서구 가덕도동,20대미만,115,31,86
202410,2644058000,강서구 가덕도동,30대,269,140,623
202410,2644058000,강서구 가덕도동,40대,332,200,1042
202410,2644058000,강서구 가덕도동,50대,448,208,1041
202410,2644058000,강서구 가덕도동,60대이상,1648,153,915
202410,2647061000,연제구 거제1동,20대,2036,649,598
202410,2647061000,연제구 거제1동,20대미만,2118,449,671
202410,2647061000,연제구 거제1동,30대,1832,731,649
202410,2647061000,연제구 거제1동,40대,2703,954,883
202410,2647061000,연제구 거제1동,50대,2779,976,1065
202410,2647061000,연제구 거제1동,60대이상,5691,710,1532
202410,2647062000,연제구 거제2동,20대,1474,220,350
202410,2647062000,연제구 거제2동,20대미만,2597,182,424
202410,2647062000,연제구 거제2동,30대,2304,296,527
202410,2647062000,연제구 거제2동,40대,3340,437,704
202410,2647062000,연제구 거제2동,50대,2602,474,783
202410,2647062000,연제구 거제2동,60대이상,3594,354,1656
202410,2647063000,연제구 거제3동,20대,605,112,824
202410,2647063000,연제구 거제3동,20대미만,415,11,290
202410,2647063000,연제구 거제3동,30대,656,140,1180
202410,2647063000,연제구 거제3동,40대,690,171,1209
202410,2647063000,연제구 거제3동,50대,1078,211,1278
202410,2647063000,연제구 거제3동,60대이상,1909,186,1348
202410,2647064000,연제구 거제4동,20대,604,50,233
202410,2647064000,연제구 거제4동,20대미만,853,108,236
202410,2647064000,연제구 거제4동,30대,577,96,365
202410,2647064000,연제구 거제4동,40대,898,87,369
202410,2647064000,연제구 거제4동,50대,1184,141,366
202410,2647064000,연제구 거제4동,60대이상,2634,136,590
202410,2647065000,연제구 연산1동,20대,888,198,347
202410,2647065000,연제구 연산1동,20대미만,1206,149,295
202410,2647065000,연제구 연산1동,30대,1247,273,434
202410,2647065000,연제구 연산1동,40대,1588,309,498
202410,2647065000,연제구 연산1동,50대,1568,348,621
202410,2647065000,연제구 연산1동,60대이상,3964,313,1069
202410,2647066000,연제구 연산2동,20대,1634,278,1021
202410,2647066000,연제구 연산2동,20대미만,1224,190,812
202410,2647066000,연제구 연산2동,30대,2903,488,1616
202410,2647066000,연제구 연산2동,40대,2215,487,1438
202410,2647066000,연제구 연산2동,50대,2222,525,1464
202410,2647066000,연제구 연산2동,60대이상,4868,355,2790
202410,2647067000,연제구 연산3동,20대,265,23,40
202410,2647067000,연제구 연산3동,20대미만,148,57,66
202410,2647067000,연제구 연산3동,30대,426,24,85
202410,2647067000,연제구 연산3동,40대,543,33,83
202410,2647067000,연제구 연산3동,50대,569,46,106
202410,2647067000,연제구 연산3동,60대이상,1737,50,200
202410,2647068000,연제구 연산4동,20대,1045,265,899
202410,2647068000,연제구 연산4동,20대미만,620,23,249
202410,2647068000,연제구 연산4동,30대,1331,303,1004
202410,2647068000,연제구 연산4동,40대,1352,311,960
202410,2647068000,연제구 연산4동,50대,1846,430,1126
202410,2647068000,연제구 연산4동,60대이상,4511,414,2309
202410,2647069000,연제구 연산5동,20대,1678,358,660
202410,2647069000,연제구 연산5동,20대미만,452,32,134
202410,2647069000,연제구 연산5동,30대,1879,503,744
202410,2647069000,연제구 연산5동,40대,1191,486,622
202410,2647069000,연제구 연산5동,50대,1229,589,795
202410,2647069000,연제구 연산5동,60대이상,2857,503,1355
202410,2647070000,연제구 연산6동,20대,784,124,525
202410,2647070000,연제구 연산6동,20대미만,686,114,342
202410,2647070000,연제구 연산6동,30대,1086,111,569
202410,2647070000,연제구 연산6동,40대,1321,164,603
202410,2647070000,연제구 연산6동,50대,1464,233,864
202410,2647070000,연제구 연산6동,60대이상,4499,235,1999
202410,2647072000,연제구 연산8동,20대,402,68,266
202410,2647072000,연제구 연산8동,20대미만,419,149,286
202410,2647072000,연제구 연산8동,30대,518,76,308
202410,2647072000,연제구 연산8동,40대,708,94,420
202410,2647072000,연제구 연산8동,50대,865,140,493
202410,2647072000,연제구 연산8동,60대이상,2179,126,1089
202410,2647073000,연제구 연산9동,20대,2235,298,472
202410,2647073000,연제구 연산9동,20대미만,2484,195,381
202410,2647073000,연제구 연산9동,30대,2575,340,573
202410,2647073000,연제구 연산9동,40대,3313,546,734
202410,2647073000,연제구 연산9동,50대,4216,619,939
202410,2647073000,연제구 연산9동,60대이상,9213,520,1438
202410,2650066000,수영구 남천1동,20대,1211,413,662
202410,2650066000,수영구 남천1동,20대미만,1399,243,665
202410,2650066000,수영구 남천1동,30대,1463,525,766
202410,2650066000,수영구 남천1동,40대,1625,499,895
202410,2650066000,수영구 남천1동,50대,1806,521,977
202410,2650066000,수영구 남천1동,60대이상,3798,443,1605
202410,2650067000,수영구 남천2동,20대,454,51,377
202410,2650067000,수영구 남천2동,20대미만,524,23,183
202410,2650067000,수영구 남천2동,30대,878,79,368
202410,2650067000,수영구 남천2동,40대,774,93,370
202410,2650067000,수영구 남천2동,50대,1245,150,401
202410,2650067000,수영구 남천2동,60대이상,2205,90,701
202410,2650073000,수영구 수영동,20대,1033,196,377
202410,2650073000,수영구 수영동,20대미만,557,78,169
202410,2650073000,수영구 수영동,30대,1146,206,416
202410,2650073000,수영구 수영동,40대,1145,177,416
202410,2650073000,수영구 수영동,50대,1551,283,534
202410,2650073000,수영구 수영동,60대이상,5252,317,1108
202410,2650074000,수영구 망미1동,20대,1567,251,336
202410,2650074000,수영구 망미1동,20대미만,1858,100,231
202410,2650074000,수영구 망미1동,30대,2033,251,417
202410,2650074000,수영구 망미1동,40대,2594,339,464
202410,2650074000,수영구 망미1동,50대,2811,388,592
202410,2650074000,수영구 망미1동,60대이상,8972,435,1203
202410,2650075000,수영구 망미2동,20대,425,71,222
202410,2650075000,수영구 망미2동,20대미만,524,32,185
202410,2650075000,수영구 망미2동,30대,532,85,268
202410,2650075000,수영구 망미2동,40대,827,112,385
202410,2650075000,수영구 망미2동,50대,1112,125,356
202410,2650075000,수영구 망미2동,60대이상,2440,131,683
202410,2650076000,수영구 광안1동,20대,2746,219,485
202410,2650076000,수영구 광안1동,20대미만,925,42,183
202410,2650076000,수영구 광안1동,30대,2349,220,415
202410,2650076000,수영구 광안1동,40대,1542,205,388
202410,2650076000,수영구 광안1동,50대,1475,219,469
202410,2650076000,수영구 광안1동,60대이상,4141,220,954
202410,2650077000,수영구 광안2동,20대,1587,383,1820
202410,2650077000,수영구 광안2동,20대미만,1025,154,427
202410,2650077000,수영구 광안2동,30대,1742,385,1261
202410,2650077000,수영구 광안2동,40대,1739,347,873
202410,2650077000,수영구 광안2동,50대,1801,320,887
202410,2650077000,수영구 광안2동,60대이상,4235,329,1292
202410,2650078000,수영구 광안3동,20대,1220,203,718
202410,2650078000,수영구 광안3동,20대미만,307,35,235
202410,2650078000,수영구 광안3동,30대,1108,191,626
202410,2650078000,수영구 광안3동,40대,810,216,553
202410,2650078000,수영구 광안3동,50대,851,218,615
202410,2650078000,수영구 광안3동,60대이상,2671,251,1217
202410,2650079000,수영구 광안4동,20대,768,128,569
202410,2650079000,수영구 광안4동,20대미만,614,151,379
202410,2650079000,수영구 광안4동,30대,983,132,618
202410,2650079000,수영구 광안4동,40대,1132,170,622
202410,2650079000,수영구 광안4동,50대,1469,166,605
202410,2650079000,수영구 광안4동,60대이상,3015,169,1243
202410,2650080000,수영구 민락동,20대,2108,403,2102
202410,2650080000,수영구 민락동,20대미만,1444,32,512
202410,2650080000,수영구 민락동,30대,2867,395,1522
202410,2650080000,수영구 민락동,40대,2951,393,1085
202410,2650080000,수영구 민락동,50대,3369,464,1117
202410,2650080000,수영구 민락동,60대이상,7449,476,1594
202410,2653058000,사상구 삼락동,20대,246,173,858
202410,2653058000,사상구 삼락동,20대미만,201,71,286
202410,2653058000,사상구 삼락동,30대,284,311,740
202410,2653058000,사상구 삼락동,40대,296,399,624
202410,2653058000,사상구 삼락동,50대,665,597,883
202410,2653058000,사상구 삼락동,60대이상,1484,566,1407
202410,2653059100,사상구 모라1동,20대,1644,326,320
202410,2653059100,사상구 모라1동,20대미만,1326,113,166
202410,2653059100,사상구 모라1동,30대,2150,452,405
202410,2653059100,사상구 모라1동,40대,1989,530,453
202410,2653059100,사상구 모라1동,50대,3398,809,756
202410,2653059100,사상구 모라1동,60대이상,8201,774,1331
202410,2653059300,사상구 모라3동,20대,364,57,75
202410,2653059300,사상구 모라3동,20대미만,322,43,74
202410,2653059300,사상구 모라3동,30대,436,46,95
202410,2653059300,사상구 모라3동,40대,709,64,147
202410,2653059300,사상구 모라3동,50대,1296,148,253
202410,2653059300,사상구 모라3동,60대이상,4618,205,547
202410,2653060000,사상구 덕포1동,20대,658,69,147
202410,2653060000,사상구 덕포1동,20대미만,595,82,103
202410,2653060000,사상구 덕포1동,30대,1046,82,161
202410,2653060000,사상구 덕포1동,40대,901,88,146
202410,2653060000,사상구 덕포1동,50대,1110,135,224
202410,2653060000,사상구 덕포1동,60대이상,2280,132,411
202410,2653061000,사상구 덕포2동,20대,889,200,352
202410,2653061000,사상구 덕포2동,20대미만,908,124,217
202410,2653061000,사상구 덕포2동,30대,898,251,325
202410,2653061000,사상구 덕포2동,40대,1061,333,375
202410,2653061000,사상구 덕포2동,50대,1566,467,533
202410,2653061000,사상구 덕포2동,60대이상,3708,409,808
202410,2653062000,사상구 괘법동,20대,3181,1023,1758
202410,2653062000,사상구 괘법동,20대미만,969,133,552
202410,2653062000,사상구 괘법동,30대,3031,629,1318
202410,2653062000,사상구 괘법동,40대,2077,734,1163
202410,2653062000,사상구 괘법동,50대,2815,930,1618
202410,2653062000,사상구 괘법동,60대이상,6082,852,2732
202410,2653064500,사상구 감전동,20대,643,447,474
202410,2653064500,사상구 감전동,20대미만,340,58,125
202410,2653064500,사상구 감전동,30대,841,802,566
202410,2653064500,사상구 감전동,40대,837,823,626
202410,2653064500,사상구 감전동,50대,1409,983,905
202410,2653064500,사상구 감전동,60대이상,3497,875,1230
202410,2653065000,사상구 주례1동,20대,1221,266,336
202410,2653065000,사상구 주례1동,20대미만,1261,23,124
202410,2653065000,사상구 주례1동,30대,1649,327,366
202410,2653065000,사상구 주례1동,40대,1578,359,364
202410,2653065000,사상구 주례1동,50대,2130,469,527
202410,2653065000,사상구 주례1동,60대이상,4367,447,1097
202410,2653066000,사상구 주례2동,20대,2752,989,879
202410,2653066000,사상구 주례2동,20대미만,1731,265,361
202410,2653066000,사상구 주례2동,30대,1884,349,457
202410,2653066000,사상구 주례2동,40대,2078,360,516
202410,2653066000,사상구 주례2동,50대,2456,447,715
202410,2653066000,사상구 주례2동,60대이상,5300,389,1258
202410,2653066100,사상구 주례3동,20대,481,67,134
202410,2653066100,사상구 주례3동,20대미만,366,44,76
202410,2653066100,사상구 주례3동,30대,416,87,153
202410,2653066100,사상구 주례3동,40대,568,121,192
202410,2653066100,사상구 주례3동,50대,836,136,216
202410,2653066100,사상구 주례3동,60대이상,1858,119,350
202410,2653067000,사상구 학장동,20대,963,321,373
202410,2653067000,사상구 학장동,20대미만,978,144,285
202410,2653067000,사상구 학장동,30대,1100,410,551
202410,2653067000,사상구 학장동,40대,1768,513,689
202410,2653067000,사상구 학장동,50대,2077,746,980
202410,2653067000,사상구 학장동,60대이상,5240,612,1688
202410,2653068000,사상구 엄궁동,20대,1735,311,276
202410,2653068000,사상구 엄궁동,20대미만,2562,22,110
202410,2653068000,사상구 엄궁동,30대,1961,308,383
202410,2653068000,사상구 엄궁동,40대,2735,502,452
202410,2653068000,사상구 엄궁동,50대,3549,601,675
202410,2653068000,사상구 엄궁동,60대이상,6057,427,1009
202410,2671025000,기장군 기장읍,20대,3942,1158,1574
202410,2671025000,기장군 기장읍,20대미만,3976,145,1380
202410,2671025000,기장군 기장읍,30대,4378,1191,2506
202410,2671025000,기장군 기장읍,40대,5747,1447,2731
202410,2671025000,기장군 기장읍,50대,7577,1761,2764
202410,2671025000,기장군 기장읍,60대이상,17222,1238,3545
202410,2671025300,기장군 장안읍,20대,568,607,613
202410,2671025300,기장군 장안읍,20대미만,424,231,340
202410,2671025300,기장군 장안읍,30대,711,1034,1046
202410,2671025300,기장군 장안읍,40대,720,1179,1392
202410,2671025300,기장군 장안읍,50대,1117,1112,1467
202410,2671025300,기장군 장안읍,60대이상,3040,613,1829
202410,2671025600,기장군 정관읍,20대,4736,984,678
202410,2671025600,기장군 정관읍,20대미만,14109,102,313
202410,2671025600,기장군 정관읍,30대,7174,1298,809
202410,2671025600,기장군 정관읍,40대,14631,2489,1220
202410,2671025600,기장군 정관읍,50대,8690,1935,1263
202410,2671025600,기장군 정관읍,60대이상,13349,988,1511
202410,2671025900,기장군 일광읍,20대,1968,381,733
202410,2671025900,기장군 일광읍,20대미만,2493,55,381
202410,2671025900,기장군 일광읍,30대,3706,585,973
202410,2671025900,기장군 일광읍,40대,4024,607,1215
202410,2671025900,기장군 일광읍,50대,3217,567,1325
202410,2671025900,기장군 일광읍,60대이상,5569,451,1632
202410,2671033000,기장군 철마면,20대,146,53,78
202410,2671033000,기장군 철마면,20대미만,198,11,46
202410,2671033000,기장군 철마면,30대,244,106,152
202410,2671033000,기장군 철마면,40대,454,139,239
202410,2671033000,기장군 철마면,50대,609,274,455
202410,2671033000,기장군 철마면,60대이상,3235,277,969
202409,2611051000,중구 중앙동,20대,554,772,958
202409,2611051000,중구 중앙동,20대미만,291,71,294
202409,2611051000,중구 중앙동,30대,601,1114,1080
202409,2611051000,중구 중앙동,40대,734,995,994
202409,2611051000,중구 중앙동,50대,894,1009,1123
202409,2611051000,중구 중앙동,60대이상,1645,565,1584
202409,2611052000,중구 동광동,20대,119,69,165
202409,2611052000,중구 동광동,20대미만,49,16,68
202409,2611052000,중구 동광동,30대,131,81,150
202409,2611052000,중구 동광동,40대,182,128,157
202409,2611052000,중구 동광동,50대,276,105,197
202409,2611052000,중구 동광동,60대이상,1043,103,330
202409,2611053000,중구 대청동,20대,518,195,345
202409,2611053000,중구 대청동,20대미만,223,67,131
202409,2611053000,중구 대청동,30대,401,238,298
202409,2611053000,중구 대청동,40대,541,215,301
202409,2611053000,중구 대청동,50대,710,248,328
202409,2611053000,중구 대청동,60대이상,2090,255,579
202409,2611054500,중구 보수동,20대,1029,120,230
202409,2611054500,중구 보수동,20대미만,329,81,120
202409,2611054500,중구 보수동,30대,557,70,164
202409,2611054500,중구 보수동,40대,625,88,198
202409,2611054500,중구 보수동,50대,948,138,249
202409,2611054500,중구 보수동,60대이상,2397,125,528
202409,2611056000,중구 부평동,20대,379,136,883
202409,2611056000,중구 부평동,20대미만,159,10,222
202409,2611056000,중구 부평동,30대,270,197,733
202409,2611056000,중구 부평동,40대,342,206,720
202409,2611056000,중구 부평동,50대,505,259,969
202409,2611056000,중구 부평동,60대이상,1616,305,1793
202409,2611057000,중구 광복동,20대,20,126,216
202409,2611057000,중구 광복동,20대미만,4,34,92
202409,2611057000,중구 광복동,30대,16,71,174
202409,2611057000,중구 광복동,40대,42,78,190
202409,2611057000,중구 광복동,50대,26,101,202
202409,2611057000,중구 광복동,60대이상,153,155,325
202409,2611058000,중구 남포동,20대,225,268,882
202409,2611058000,중구 남포동,20대미만,38,13,359
202409,2611058000,중구 남포동,30대,228,358,781
202409,2611058000,중구 남포동,40대,240,336,871
202409,2611058000,중구 남포동,50대,395,459,1296
202409,2611058000,중구 남포동,60대이상,1158,787,3019
202409,2611059000,중구 영주1동,20대,43,14,46
202409,2611059000,중구 영주1동,20대미만,8,0,18
202409,2611059000,중구 영주1동,30대,39,16,41
202409,2611059000,중구 영주1동,40대,37,19,46
202409,2611059000,중구 영주1동,50대,52,21,67
202409,2611059000,중구 영주1동,60대이상,131,17,90
202409,2611060000,중구 영주2동,20대,388,41,133
202409,2611060000,중구 영주2동,20대미만,288,31,82
202409,2611060000,중구 영주2동,30대,366,47,123
202409,2611060000,중구 영주2동,40대,534,57,152
202409,2611060000,중구 영주2동,50대,865,93,221
202409,2611060000,중구 영주2동,60대이상,2672,104,455
202409,2614051000,서구 동대신1동,20대,312,39,168
202409,2614051000,서구 동대신1동,20대미만,254,8,120
202409,2614051000,서구 동대신1동,30대,404,42,142
202409,2614051000,서구 동대신1동,40대,478,51,167
202409,2614051000,서구 동대신1동,50대,568,54,208
202409,2614051000,서구 동대신1동,60대이상,1542,85,405
202409,2614052000,서구 동대신2동,20대,158,12,61
202409,2614052000,서구 동대신2동,20대미만,129,20,61
202409,2614052000,서구 동대신2동,30대,153,13,45
202409,2614052000,서구 동대신2동,40대,305,27,66
202409,2614052000,서구 동대신2동,50대,394,35,83
202409,2614052000,서구 동대신2동,60대이상,1454,38,201
202409,2614053000,서구 동대신3동,20대,720,307,531
202409,2614053000,서구 동대신3동,20대미만,518,229,424
202409,2614053000,서구 동대신3동,30대,499,249,467
202409,2614053000,서구 동대신3동,40대,649,249,569
202409,2614053000,서구 동대신3동,50대,789,258,669
202409,2614053000,서구 동대신3동,60대이상,2217,189,1373
202409,2614054000,서구 서대신1동,20대,1101,180,333
202409,2614054000,서구 서대신1동,20대미만,1167,23,227
202409,2614054000,서구 서대신1동,30대,1274,173,334
202409,2614054000,서구 서대신1동,40대,1720,212,385
202409,2614054000,서구 서대신1동,50대,1633,226,471
202409,2614054000,서구 서대신1동,60대이상,3838,217,809
202409,2614056000,서구 서대신3동,20대,253,55,102
202409,2614056000,서구 서대신3동,20대미만,299,112,150
202409,2614056000,서구 서대신3동,30대,275,65,120
202409,2614056000,서구 서대신3동,40대,394,70,179
202409,2614056000,서구 서대신3동,50대,511,59,200
202409,2614056000,서구 서대신3동,60대이상,1075,63,336
202409,2614057000,서구 서대신4동,20대,456,60,206
202409,2614057000,서구 서대신4동,20대미만,556,73,156
202409,2614057000,서구 서대신4동,30대,444,60,156
202409,2614057000,서구 서대신4동,40대,746,83,221
202409,2614057000,서구 서대신4동,50대,847,96,287
202409,2614057000,서구 서대신4동,60대이상,2002,102,584
202409,2614059000,서구 부민동,20대,612,251,370
202409,2614059000,서구 부민동,20대미만,429,69,162
202409,2614059000,서구 부민동,30대,348,68,133
202409,2614059000,서구 부민동,40대,477,79,127
202409,2614059000,서구 부민동,50대,489,73,185
202409,2614059000,서구 부민동,60대이상,1355,58,274
202409,2614061500,서구 아미동,20대,519,54,223
202409,2614061500,서구 아미동,20대미만,191,0,61
202409,2614061500,서구 아미동,30대,462,89,240
202409,2614061500,서구 아미동,40대,434,68,196
202409,2614061500,서구 아미동,50대,665,89,248
202409,2614061500,서구 아미동,60대이상,2653,104,527
202409,2614063000,서구 초장동,20대,181,39,110
202409,2614063000,서구 초장동,20대미만,101,43,72
202409,2614063000,서구 초장동,30대,177,14,69
202409,2614063000,서구 초장동,40대,306,30,104
202409,2614063000,서구 초장동,50대,481,55,150
202409,2614063000,서구 초장동,60대이상,1733,49,301
202409,2614064000,서구 충무동,20대,589,90,148
202409,2614064000,서구 충무동,20대미만,309,82,101
202409,2614064000,서구 충무동,30대,448,129,129
202409,2614064000,서구 충무동,40대,565,120,204
202409,2614064000,서구 충무동,50대,740,149,260
202409,2614064000,서구 충무동,60대이상,2207,152,560
202409,2614065000,서구 남부민1동,20대,153,22,63
202409,2614065000,서구 남부민1동,20대미만,61,3,34
202409,2614065000,서구 남부민1동,30대,83,26,58
202409,2614065000,서구 남부민1동,40대,196,35,106
202409,2614065000,서구 남부민1동,50대,428,46,135
202409,2614065000,서구 남부민1동,60대이상,1277,54,323
202409,2614066000,서구 남부민2동,20대,398,57,205
202409,2614066000,서구 남부민2동,20대미만,333,68,165
202409,2614066000,서구 남부민2동,30대,395,66,311
202409,2614066000,서구 남부민2동,40대,600,96,343
202409,2614066000,서구 남부민2동,50대,940,107,396
202409,2614066000,서구 남부민2동,60대이상,3160,114,877
202409,2614068000,서구 암남동,20대,1068,349,717
202409,2614068000,서구 암남동,20대미만,738,46,273
202409,2614068000,서구 암남동,30대,1151,431,761
202409,2614068000,서구 암남동,40대,1423,513,932
202409,2614068000,서구 암남동,50대,1945,607,1114
202409,2614068000,서구 암남동,60대이상,4843,402,1836
202409,2617051000,동구 초량1동,20대,151,147,350
202409,2617051000,동구 초량1동,20대미만,103,21,94
202409,2617051000,동구 초량1동,30대,137,212,324
202409,2617051000,동구 초량1동,40대,225,190,325
202409,2617051000,동구 초량1동,50대,336,165,402
202409,2617051000,동구 초량1동,60대이상,900,119,584
202409,2617052000,동구 초량2동,20대,293,152,605
202409,2617052000,동구 초량2동,20대미만,220,141,224
202409,2617052000,동구 초량2동,30대,282,184,530
202409,2617052000,동구 초량2동,40대,405,190,524
202409,2617052000,동구 초량2동,50대,654,201,663
202409,2617052000,동구 초량2동,60대이상,2076,187,1252
202409,2617053000,동구 초량3동,20대,1120,433,1271
202409,2617053000,동구 초량3동,20대미만,665,124,416
202409,2617053000,동구 초량3동,30대,1636,561,1306
202409,2617053000,동구 초량3동,40대,1363,477,1275
202409,2617053000,동구 초량3동,50대,1256,520,1557
202409,2617053000,동구 초량3동,60대이상,2229,401,2096
202409,2617055000,동구 초량6동,20대,75,27,123
202409,2617055000,동구 초량6동,20대미만,51,49,84
202409,2617055000,동구 초량6동,30대,76,25,126
202409,2617055000,동구 초량6동,40대,100,29,157
202409,2617055000,동구 초량6동,50대,191,46,153
202409,2617055000,동구 초량6동,60대이상,500,29,187
202409,2617056000,동구 수정1동,20대,288,63,179
202409,2617056000,동구 수정1동,20대미만,255,36,120
202409,2617056000,동구 수정1동,30대,242,82,171
202409,2617056000,동구 수정1동,40대,394,71,183
202409,2617056000,동구 수정1동,50대,481,84,228
202409,2617056000,동구 수정1동,60대이상,1387,81,386
202409,2617057000,동구 수정2동,20대,465,72,125
202409,2617057000,동구 수정2동,20대미만,367,105,145
202409,2617057000,동구 수정2동,30대,582,115,168
202409,2617057000,동구 수정2동,40대,677,148,209
202409,2617057000,동구 수정2동,50대,1006,190,258
202409,2617057000,동구 수정2동,60대이상,2973,150,537
202409,2617059000,동구 수정4동,20대,118,19,34
202409,2617059000,동구 수정4동,20대미만,82,4,31
202409,2617059000,동구 수정4동,30대,123,8,35
202409,2617059000,동구 수정4동,40대,208,17,48
202409,2617059000,동구 수정4동,50대,401,31,78
202409,2617059000,동구 수정4동,60대이상,1487,30,169
202409,2617060000,동구 수정5동,20대,276,25,54
202409,2617060000,동구 수정5동,20대미만,242,23,68
202409,2617060000,동구 수정5동,30대,227,30,75
202409,2617060000,동구 수정5동,40대,388,47,91
202409,2617060000,동구 수정5동,50대,635,62,112
202409,2617060000,동구 수정5동,60대이상,2149,52,223
202409,2617064500,동구 좌천동,20대,277,30,189
202409,2617064500,동구 좌천동,20대미만,154,52,171
202409,2617064500,동구 좌천동,30대,298,33,220
202409,2617064500,동구 좌천동,40대,274,36,234
202409,2617064500,동구 좌천동,50대,447,69,334
202409,2617064500,동구 좌천동,60대이상,1449,66,729
202409,2617065000,동구 범일1동,20대,585,69,200
202409,2617065000,동구 범일1동,20대미만,291,51,101
202409,2617065000,동구 범일1동,30대,650,96,253
202409,2617065000,동구 범일1동,40대,784,117,257
202409,2617065000,동구 범일1동,50대,1110,144,292
202409,2617065000,동구 범일1동,60대이상,4077,169,594
202409,2617066000,동구 범일2동,20대,605,420,713
202409,2617066000,동구 범일2동,20대미만,338,70,204
202409,2617066000,동구 범일2동,30대,717,708,958
202409,2617066000,동구 범일2동,40대,701,878,916
202409,2617066000,동구 범일2동,50대,934,1003,1126
202409,2617066000,동구 범일2동,60대이상,2235,805,2068
202409,2617068000,동구 범일5동,20대,554,81,404
202409,2617068000,동구 범일5동,20대미만,409,164,211
202409,2617068000,동구 범일5동,30대,1317,132,513
202409,2617068000,동구 범일5동,40대,983,185,571
202409,2617068000,동구 범일5동,50대,869,207,688
202409,2617068000,동구 범일5동,60대이상,1668,329,1408
202409,2620053000,영도구 남항동,20대,600,194,504
202409,2620053000,영도구 남항동,20대미만,418,27,229
202409,2620053000,영도구 남항동,30대,654,241,530
202409,2620053000,영도구 남항동,40대,881,330,692
202409,2620053000,영도구 남항동,50대,1349,442,969
202409,2620053000,영도구 남항동,60대이상,4263,472,1881
202409,2620054000,영도구 영선1동,20대,46,12,40
202409,2620054000,영도구 영선1동,20대미만,43,2,32
202409,2620054000,영도구 영선1동,30대,53,12,54
202409,2620054000,영도구 영선1동,40대,110,20,80
202409,2620054000,영도구 영선1동,50대,148,50,117
202409,2620054000,영도구 영선1동,60대이상,498,65,237
202409,2620055000,영도구 영선2동,20대,423,64,188
202409,2620055000,영도구 영선2동,20대미만,384,83,137
202409,2620055000,영도구 영선2동,30대,433,48,168
202409,2620055000,영도구 영선2동,40대,484,86,183
202409,2620055000,영도구 영선2동,50대,920,97,236
202409,2620055000,영도구 영선2동,60대이상,2919,123,451
202409,2620058500,영도구 신선동,20대,278,26,81
202409,2620058500,영도구 신선동,20대미만,256,141,123
202409,2620058500,영도구 신선동,30대,295,36,95
202409,2620058500,영도구 신선동,40대,572,59,157
202409,2620058500,영도구 신선동,50대,918,96,170
202409,2620058500,영도구 신선동,60대이상,2976,91,346
202409,2620059000,영도구 봉래1동,20대,279,36,156
202409,2620059000,영도구 봉래1동,20대미만,299,4,107
202409,2620059000,영도구 봉래1동,30대,327,70,208
202409,2620059000,영도구 봉래1동,40대,487,82,259
202409,2620059000,영도구 봉래1동,50대,595,134,324
202409,2620059000,영도구 봉래1동,60대이상,2010,191,560
202409,2620060500,영도구 봉래2동,20대,378,58,130
202409,2620060500,영도구 봉래2동,20대미만,305,23,131
202409,2620060500,영도구 봉래2동,30대,460,74,146
202409,2620060500,영도구 봉래2동,40대,589,127,200
202409,2620060500,영도구 봉래2동,50대,914,139,255
202409,2620060500,영도구 봉래2동,60대이상,2486,152,441
202409,2620063000,영도구 청학1동,20대,209,55,136
202409,2620063000,영도구 청학1동,20대미만,192,18,83
202409,2620063000,영도구 청학1동,30대,256,73,123
202409,2620063000,영도구 청학1동,40대,443,146,235
202409,2620063000,영도구 청학1동,50대,577,176,261
202409,2620063000,영도구 청학1동,60대이상,1927,144,374
202409,2620064000,영도구 청학2동,20대,718,126,289
202409,2620064000,영도구 청학2동,20대미만,819,23,194
202409,2620064000,영도구 청학2동,30대,1105,188,322
202409,2620064000,영도구 청학2동,40대,1433,249,438
202409,2620064000,영도구 청학2동,50대,1816,319,499
202409,2620064000,영도구 청학2동,60대이상,4946,251,871
202409,2620065000,영도구 동삼1동,20대,1800,377,496
202409,2620065000,영도구 동삼1동,20대미만,1953,213,380
202409,2620065000,영도구 동삼1동,30대,1796,330,509
202409,2620065000,영도구 동삼1동,40대,2473,439,610
202409,2620065000,영도구 동삼1동,50대,3397,512,725
202409,2620065000,영도구 동삼1동,60대이상,9428,368,1146
202409,2620066000,영도구 동삼2동,20대,979,387,632
202409,2620066000,영도구 동삼2동,20대미만,595,119,480
202409,2620066000,영도구 동삼2동,30대,330,130,542
202409,2620066000,영도구 동삼2동,40대,540,159,654
202409,2620066000,영도구 동삼2동,50대,551,160,706
202409,2620066000,영도구 동삼2동,60대이상,1395,109,1018
202409,2620067000,영도구 동삼3동,20대,406,71,213
202409,2620067000,영도구 동삼3동,20대미만,381,55,180
202409,2620067000,영도구 동삼3동,30대,469,84,256
202409,2620067000,영도구 동삼3동,40대,663,92,304
202409,2620067000,영도구 동삼3동,50대,1038,134,371
202409,2620067000,영도구 동삼3동,60대이상,3926,159,719
202409,2623051000,부산진구 부전1동,20대,2419,759,1661
202409,2623051000,부산진구 부전1동,20대미만,427,55,395
202409,2623051000,부산진구 부전1동,30대,1925,814,1338
202409,2623051000,부산진구 부전1동,40대,1195,704,1195
202409,2623051000,부산진구 부전1동,50대,1540,907,1736
202409,2623051000,부산진구 부전1동,60대이상,3436,1134,4496
202409,2623052000,부산진구 부전2동,20대,2006,1935,6211
202409,2623052000,부산진구 부전2동,20대미만,398,153,1364
202409,2623052000,부산진구 부전2동,30대,1795,1377,3398
202409,2623052000,부산진구 부전2동,40대,1292,973,2073
202409,2623052000,부산진구 부전2동,50대,1216,881,1956
202409,2623052000,부산진구 부전2동,60대이상,1852,685,2673
202409,2623054000,부산진구 연지동,20대,671,87,197
202409,2623054000,부산진구 연지동,20대미만,582,63,205
202409,2623054000,부산진구 연지동,30대,917,94,255
202409,2623054000,부산진구 연지동,40대,1173,151,272
202409,2623054000,부산진구 연지동,50대,1406,150,262
202409,2623054000,부산진구 연지동,60대이상,3878,157,543
202409,2623055000,부산진구 초읍동,20대,1321,195,405
202409,2623055000,부산진구 초읍동,20대미만,1799,121,310
202409,2623055000,부산진구 초읍동,30대,1737,223,568
202409,2623055000,부산진구 초읍동,40대,2203,298,696
202409,2623055000,부산진구 초읍동,50대,2738,407,810
202409,2623055000,부산진구 초읍동,60대이상,7696,349,1399
202409,2623056000,부산진구 양정1동,20대,1736,578,723
202409,2623056000,부산진구 양정1동,20대미만,1287,412,371
202409,2623056000,부산진구 양정1동,30대,1753,369,670
202409,2623056000,부산진구 양정1동,40대,1787,426,682
202409,2623056000,부산진구 양정1동,50대,2469,526,784
202409,2623056000,부산진구 양정1동,60대이상,5512,441,1202
202409,2623057000,부산진구 양정2동,20대,1784,243,425
202409,2623057000,부산진구 양정2동,20대미만,521,253,223
202409,2623057000,부산진구 양정2동,30대,1574,232,422
202409,2623057000,부산진구 양정2동,40대,1107,234,419
202409,2623057000,부산진구 양정2동,50대,1012,287,555
202409,2623057000,부산진구 양정2동,60대이상,2091,190,890
202409,2623060000,부산진구 전포1동,20대,2861,760,1868
202409,2623060000,부산진구 전포1동,20대미만,691,377,458
202409,2623060000,부산진구 전포1동,30대,2757,591,1076
202409,2623060000,부산진구 전포1동,40대,1479,396,552
202409,2623060000,부산진구 전포1동,50대,1516,345,560
202409,2623060000,부산진구 전포1동,60대이상,2948,272,675
202409,2623061000,부산진구 전포2동,20대,2367,501,1673
202409,2623061000,부산진구 전포2동,20대미만,922,54,435
202409,2623061000,부산진구 전포2동,30대,2705,463,1116
202409,2623061000,부산진구 전포2동,40대,2026,352,694
202409,2623061000,부산진구 전포2동,50대,2362,434,661
202409,2623061000,부산진구 전포2동,60대이상,5372,385,1048
202409,2623064000,부산진구 부암1동,20대,1562,177,499
202409,2623064000,부산진구 부암1동,20대미만,1086,37,240
202409,2623064000,부산진구 부암1동,30대,2275,274,567
202409,2623064000,부산진구 부암1동,40대,1945,255,525
202409,2623064000,부산진구 부암1동,50대,2333,292,637
202409,2623064000,부산진구 부암1동,60대이상,5200,227,1046
202409,2623066000,부산진구 부암3동,20대,1192,99,384
202409,2623066000,부산진구 부암3동,20대미만,1467,128,379
202409,2623066000,부산진구 부암3동,30대,1914,129,439
202409,2623066000,부산진구 부암3동,40대,1914,193,527
202409,2623066000,부산진구 부암3동,50대,2619,277,698
202409,2623066000,부산진구 부암3동,60대이상,4846,245,1449
202409,2623067000,부산진구 당감1동,20대,1363,158,356
202409,2623067000,부산진구 당감1동,20대미만,1250,141,317
202409,2623067000,부산진구 당감1동,30대,1437,157,409
202409,2623067000,부산진구 당감1동,40대,1726,218,458
202409,2623067000,부산진구 당감1동,50대,2962,335,618
202409,2623067000,부산진구 당감1동,60대이상,5711,329,1009
202409,2623068000,부산진구 당감2동,20대,374,43,169
202409,2623068000,부산진구 당감2동,20대미만,295,6,105
202409,2623068000,부산진구 당감2동,30대,551,59,234
202409,2623068000,부산진구 당감2동,40대,758,63,228
202409,2623068000,부산진구 당감2동,50대,743,95,275
202409,2623068000,부산진구 당감2동,60대이상,1697,82,471
202409,2623070000,부산진구 당감4동,20대,572,61,217
202409,2623070000,부산진구 당감4동,20대미만,739,44,176
202409,2623070000,부산진구 당감4동,30대,661,74,296
202409,2623070000,부산진구 당감4동,40대,850,82,306
202409,2623070000,부산진구 당감4동,50대,1209,142,373
202409,2623070000,부산진구 당감4동,60대이상,2655,132,592
202409,2623071000,부산진구 가야1동,20대,1716,802,1074
202409,2623071000,부산진구 가야1동,20대미만,1170,277,522
202409,2623071000,부산진구 가야1동,30대,1199,201,596
202409,2623071000,부산진구 가야1동,40대,1514,286,655
202409,2623071000,부산진구 가야1동,50대,1940,381,754
202409,2623071000,부산진구 가야1동,60대이상,5226,292,1287
202409,2623072000,부산진구 가야2동,20대,762,70,335
202409,2623072000,부산진구 가야2동,20대미만,606,65,282
202409,2623072000,부산진구 가야2동,30대,841,69,401
202409,2623072000,부산진구 가야2동,40대,978,79,423
202409,2623072000,부산진구 가야2동,50대,1265,164,527
202409,2623072000,부산진구 가야2동,60대이상,3425,180,988
202409,2623074000,부산진구 개금1동,20대,2194,225,470
202409,2623074000,부산진구 개금1동,20대미만,700,32,281
202409,2623074000,부산진구 개금1동,30대,1812,157,394
202409,2623074000,부산진구 개금1동,40대,1511,183,427
202409,2623074000,부산진구 개금1동,50대,1763,220,537
202409,2623074000,부산진구 개금1동,60대이상,3810,243,862
202409,2623075000,부산진구 개금2동,20대,770,170,442
202409,2623075000,부산진구 개금2동,20대미만,582,20,194
202409,2623075000,부산진구 개금2동,30대,614,184,403
202409,2623075000,부산진구 개금2동,40대,801,156,385
202409,2623075000,부산진구 개금2동,50대,1160,172,458
202409,2623075000,부산진구 개금2동,60대이상,2926,147,905
202409,2623076000,부산진구 개금3동,20대,1423,175,317
202409,2623076000,부산진구 개금3동,20대미만,1444,134,324
202409,2623076000,부산진구 개금3동,30대,1884,188,463
202409,2623076000,부산진구 개금3동,40대,2084,205,431
202409,2623076000,부산진구 개금3동,50대,3149,302,540
202409,2623076000,부산진구 개금3동,60대이상,7795,307,944
202409,2623077000,부산진구 범천1동,20대,1601,416,964
202409,2623077000,부산진구 범천1동,20대미만,439,11,335
202409,2623077000,부산진구 범천1동,30대,1739,542,1048
202409,2623077000,부산진구 범천1동,40대,1147,546,967
202409,2623077000,부산진구 범천1동,50대,1227,652,1150
202409,2623077000,부산진구 범천1동,60대이상,2710,585,2054
202409,2623078000,부산진구 범천2동,20대,1402,125,380
202409,2623078000,부산진구 범천2동,20대미만,657,16,158
202409,2623078000,부산진구 범천2동,30대,2320,188,488
202409,2623078000,부산진구 범천2동,40대,1977,195,420
202409,2623078000,부산진구 범천2동,50대,2022,276,416
202409,2623078000,부산진구 범천2동,60대이상,5535,267,799
202409,2626051000,동래구 수민동,20대,1702,265,538
202409,2626051000,동래구 수민동,20대미만,1403,63,523
202409,2626051000,동래구 수민동,30대,1826,318,656
202409,2626051000,동래구 수민동,40대,2232,377,826
202409,2626051000,동래구 수민동,50대,2698,466,1043
202409,2626051000,동래구 수민동,60대이상,7985,408,2086
202409,2626052000,동래구 복산동,20대,475,53,129
202409,2626052000,동래구 복산동,20대미만,327,18,134
202409,2626052000,동래구 복산동,30대,478,61,143
202409,2626052000,동래구 복산동,40대,631,88,196
202409,2626052000,동래구 복산동,50대,1074,101,263
202409,2626052000,동래구 복산동,60대이상,3158,158,422
202409,2626054500,동래구 명륜동,20대,1419,464,1465
202409,2626054500,동래구 명륜동,20대미만,2374,316,715
202409,2626054500,동래구 명륜동,30대,1984,484,1278
202409,2626054500,동래구 명륜동,40대,3307,584,1316
202409,2626054500,동래구 명륜동,50대,3187,756,1485
202409,2626054500,동래구 명륜동,60대이상,4814,559,2474
202409,2626055000,동래구 온천1동,20대,2429,355,942
202409,2626055000,동래구 온천1동,20대미만,1623,253,637
202409,2626055000,동래구 온천1동,30대,3096,414,1123
202409,2626055000,동래구 온천1동,40대,2866,467,1255
202409,2626055000,동래구 온천1동,50대,2819,543,1401
202409,2626055000,동래구 온천1동,60대이상,5402,496,2146
202409,2626056000,동래구 온천2동,20대,895,213,439
202409,2626056000,동래구 온천2동,20대미만,1413,231,289
202409,2626056000,동래구 온천2동,30대,1236,297,452
202409,2626056000,동래구 온천2동,40대,1667,331,549
202409,2626056000,동래구 온천2동,50대,1559,309,643
202409,2626056000,동래구 온천2동,60대이상,3633,261,1216
202409,2626057000,동래구 온천3동,20대,3042,275,1332
202409,2626057000,동래구 온천3동,20대미만,2252,172,1651
202409,2626057000,동래구 온천3동,30대,3198,275,1987
202409,2626057000,동래구 온천3동,40대,3423,424,2454
202409,2626057000,동래구 온천3동,50대,4302,516,2028
202409,2626057000,동래구 온천3동,60대이상,9449,444,3649
202409,2626058000,동래구 사직1동,20대,637,212,682
202409,2626058000,동래구 사직1동,20대미만,882,124,813
202409,2626058000,동래구 사직1동,30대,853,212,708
202409,2626058000,동래구 사직1동,40대,1066,223,888
202409,2626058000,동래구 사직1동,50대,1007,230,911
202409,2626058000,동래구 사직1동,60대이상,2422,225,1432
202409,2626059000,동래구 사직2동,20대,1501,187,1252
202409,2626059000,동래구 사직2동,20대미만,3155,333,1149
202409,2626059000,동래구 사직2동,30대,1482,168,889
202409,2626059000,동래구 사직2동,40대,2922,321,1168
202409,2626059000,동래구 사직2동,50대,3268,314,971
202409,2626059000,동래구 사직2동,60대이상,4378,222,1277
202409,2626060000,동래구 사직3동,20대,1018,142,365
202409,2626060000,동래구 사직3동,20대미만,1612,85,452
202409,2626060000,동래구 사직3동,30대,1174,187,356
202409,2626060000,동래구 사직3동,40대,2211,248,499
202409,2626060000,동래구 사직3동,50대,1815,266,536
202409,2626060000,동래구 사직3동,60대이상,4062,213,731
202409,2626074000,동래구 안락1동,20대,771,146,323
202409,2626074000,동래구 안락1동,20대미만,652,40,252
202409,2626074000,동래구 안락1동,30대,887,172,444
202409,2626074000,동래구 안락1동,40대,1065,215,587
202409,2626074000,동래구 안락1동,50대,1384,275,709
202409,2626074000,동래구 안락1동,60대이상,4187,354,1339
202409,2626075000,동래구 안락2동,20대,1749,213,460
202409,2626075000,동래구 안락2동,20대미만,1938,101,407
202409,2626075000,동래구 안락2동,30대,2003,297,537
202409,2626075000,동래구 안락2동,40대,2489,397,668
202409,2626075000,동래구 안락2동,50대,3281,462,651
202409,2626075000,동래구 안락2동,60대이상,7032,346,1109
202409,2626076100,동래구 명장1동,20대,817,88,223
202409,2626076100,동래구 명장1동,20대미만,998,292,244
202409,2626076100,동래구 명장1동,30대,1043,123,265
202409,2626076100,동래구 명장1동,40대,1393,179,354
202409,2626076100,동래구 명장1동,50대,1548,205,432
202409,2626076100,동래구 명장1동,60대이상,4348,225,792
202409,2626076200,동래구 명장2동,20대,430,39,93
202409,2626076200,동래구 명장2동,20대미만,457,181,216
202409,2626076200,동래구 명장2동,30대,583,51,152
202409,2626076200,동래구 명장2동,40대,723,82,166
202409,2626076200,동래구 명장2동,50대,943,112,181
202409,2626076200,동래구 명장2동,60대이상,2291,109,353
202409,2629051000,남구 대연1동,20대,2571,311,1128
202409,2629051000,남구 대연1동,20대미만,815,94,680
202409,2629051000,남구 대연1동,30대,1182,219,885
202409,2629051000,남구 대연1동,40대,1223,231,1020
202409,2629051000,남구 대연1동,50대,1677,310,1142
202409,2629051000,남구 대연1동,60대이상,4332,266,1766
202409,2629053000,남구 대연3동,20대,5262,2498,2938
202409,2629053000,남구 대연3동,20대미만,3838,635,1369
202409,2629053000,남구 대연3동,30대,3132,831,1325
202409,2629053000,남구 대연3동,40대,4289,843,1281
202409,2629053000,남구 대연3동,50대,3848,761,1420
202409,2629053000,남구 대연3동,60대이상,6412,533,1714
202409,2629054000,남구 대연4동,20대,787,71,204
202409,2629054000,남구 대연4동,20대미만,921,76,204
202409,2629054000,남구 대연4동,30대,1425,99,244
202409,2629054000,남구 대연4동,40대,1418,129,298
202409,2629054000,남구 대연4동,50대,1403,156,341
202409,2629054000,남구 대연4동,60대이상,3275,162,662
202409,2629055000,남구 대연5동,20대,1699,220,414
202409,2629055000,남구 대연5동,20대미만,931,142,258
202409,2629055000,남구 대연5동,30대,1146,168,316
202409,2629055000,남구 대연5동,40대,1399,206,372
202409,2629055000,남구 대연5동,50대,1775,247,414
202409,2629055000,남구 대연5동,60대이상,4055,230,710
202409,2629056000,남구 대연6동,20대,864,145,213
202409,2629056000,남구 대연6동,20대미만,1335,183,214
202409,2629056000,남구 대연6동,30대,1242,200,241
202409,2629056000,남구 대연6동,40대,1936,264,308
202409,2629056000,남구 대연6동,50대,1588,254,364
202409,2629056000,남구 대연6동,60대이상,2848,146,541
202409,2629057000,남구 용호1동,20대,2500,312,689
202409,2629057000,남구 용호1동,20대미만,4037,191,541
202409,2629057000,남구 용호1동,30대,2635,273,720
202409,2629057000,남구 용호1동,40대,4419,454,856
202409,2629057000,남구 용호1동,50대,5920,577,929
202409,2629057000,남구 용호1동,60대이상,10559,484,1719
202409,2629058000,남구 용호2동,20대,1034,195,376
202409,2629058000,남구 용호2동,20대미만,1465,55,221
202409,2629058000,남구 용호2동,30대,1543,150,388
202409,2629058000,남구 용호2동,40대,2097,206,475
202409,2629058000,남구 용호2동,50대,2073,225,517
202409,2629058000,남구 용호2동,60대이상,4826,199,904
202409,2629059000,남구 용호3동,20대,667,96,226
202409,2629059000,남구 용호3동,20대미만,677,246,262
202409,2629059000,남구 용호3동,30대,668,101,262
202409,2629059000,남구 용호3동,40대,915,161,356
202409,2629059000,남구 용호3동,50대,1382,213,463
202409,2629059000,남구 용호3동,60대이상,4318,255,786
202409,2629060000,남구 용호4동,20대,450,140,289
202409,2629060000,남구 용호4동,20대미만,450,30,183
202409,2629060000,남구 용호4동,30대,455,56,229
202409,2629060000,남구 용호4동,40대,668,95,288
202409,2629060000,남구 용호4동,50대,810,130,337
202409,2629060000,남구 용호4동,60대이상,2109,155,630
202409,2629061000,남구 용당동,20대,589,285,373
202409,2629061000,남구 용당동,20대미만,416,102,168
202409,2629061000,남구 용당동,30대,379,196,260
202409,2629061000,남구 용당동,40대,627,229,439
202409,2629061000,남구 용당동,50대,954,259,553
202409,2629061000,남구 용당동,60대이상,2110,186,648
202409,2629062000,남구 감만1동,20대,344,123,207
202409,2629062000,남구 감만1동,20대미만,280,43,69
202409,2629062000,남구 감만1동,30대,343,164,309
202409,2629062000,남구 감만1동,40대,527,193,443
202409,2629062000,남구 감만1동,50대,676,187,610
202409,2629062000,남구 감만1동,60대이상,1829,183,648
202409,2629063000,남구 감만2동,20대,246,19,142
202409,2629063000,남구 감만2동,20대미만,261,55,163
202409,2629063000,남구 감만2동,30대,257,31,153
202409,2629063000,남구 감만2동,40대,401,47,233
202409,2629063000,남구 감만2동,50대,747,68,369
202409,2629063000,남구 감만2동,60대이상,1844,75,809
202409,2629064500,남구 우암동,20대,678,134,295
202409,2629064500,남구 우암동,20대미만,800,104,204
202409,2629064500,남구 우암동,30대,702,137,380
202409,2629064500,남구 우암동,40대,1106,173,443
202409,2629064500,남구 우암동,50대,1402,248,651
202409,2629064500,남구 우암동,60대이상,4793,226,1175
202409,2629068000,남구 문현1동,20대,595,60,204
202409,2629068000,남구 문현1동,20대미만,621,174,253
202409,2629068000,남구 문현1동,30대,451,70,286
202409,2629068000,남구 문현1동,40대,745,103,328
202409,2629068000,남구 문현1동,50대,1140,150,381
202409,2629068000,남구 문현1동,60대이상,2718,133,677
202409,2629069000,남구 문현2동,20대,420,307,371
202409,2629069000,남구 문현2동,20대미만,178,55,187
202409,2629069000,남구 문현2동,30대,645,612,470
202409,2629069000,남구 문현2동,40대,486,481,459
202409,2629069000,남구 문현2동,50대,570,397,524
202409,2629069000,남구 문현2동,60대이상,1818,219,789
202409,2629070000,남구 문현3동,20대,701,81,765
202409,2629070000,남구 문현3동,20대미만,724,42,882
202409,2629070000,남구 문현3동,30대,839,89,749
202409,2629070000,남구 문현3동,40대,1300,146,1093
202409,2629070000,남구 문현3동,50대,1179,162,1338
202409,2629070000,남구 문현3동,60대이상,3465,214,2716
202409,2629071000,남구 문현4동,20대,421,86,186
202409,2629071000,남구 문현4동,20대미만,258,55,120
202409,2629071000,남구 문현4동,30대,496,112,214
202409,2629071000,남구 문현4동,40대,505,88,220
202409,2629071000,남구 문현4동,50대,683,104,253
202409,2629071000,남구 문현4동,60대이상,1716,95,395
202409,2632051000,북구 구포1동,20대,1071,152,459
202409,2632051000,북구 구포1동,20대미만,625,4,207
202409,2632051000,북구 구포1동,30대,1341,194,567
202409,2632051000,북구 구포1동,40대,1220,243,610
202409,2632051000,북구 구포1동,50대,1824,355,942
202409,2632051000,북구 구포1동,60대이상,4571,480,2089
202409,2632052000,북구 구포2동,20대,1743,195,339
202409,2632052000,북구 구포2동,20대미만,1172,171,233
202409,2632052000,북구 구포2동,30대,1970,269,408
202409,2632052000,북구 구포2동,40대,2082,348,457
202409,2632052000,북구 구포2동,50대,3137,421,590
202409,2632052000,북구 구포2동,60대이상,7170,367,987
202409,2632052100,북구 구포3동,20대,1505,180,283
202409,2632052100,북구 구포3동,20대미만,1173,230,175
202409,2632052100,북구 구포3동,30대,1254,111,245
202409,2632052100,북구 구포3동,40대,1694,189,280
202409,2632052100,북구 구포3동,50대,2834,294,400
202409,2632052100,북구 구포3동,60대이상,5989,290,597
202409,2632053000,북구 금곡동,20대,2212,233,468
202409,2632053000,북구 금곡동,20대미만,2183,134,379
202409,2632053000,북구 금곡동,30대,2422,276,630
202409,2632053000,북구 금곡동,40대,3010,333,675
202409,2632053000,북구 금곡동,50대,4864,542,918
202409,2632053000,북구 금곡동,60대이상,12414,474,1544
202409,2632054100,북구 화명1동,20대,2740,264,1036
202409,2632054100,북구 화명1동,20대미만,2969,37,1132
202409,2632054100,북구 화명1동,30대,3369,219,1293
202409,2632054100,북구 화명1동,40대,3542,292,1313
202409,2632054100,북구 화명1동,50대,5325,478,1475
202409,2632054100,북구 화명1동,60대이상,7970,411,2172
202409,2632054200,북구 화명2동,20대,1382,180,354
202409,2632054200,북구 화명2동,20대미만,1407,173,322
202409,2632054200,북구 화명2동,30대,1579,154,411
202409,2632054200,북구 화명2동,40대,1598,197,413
202409,2632054200,북구 화명2동,50대,2338,289,567
202409,2632054200,북구 화명2동,60대이상,4503,260,849
202409,2632054300,북구 화명3동,20대,2004,387,885
202409,2632054300,북구 화명3동,20대미만,2447,373,657
202409,2632054300,북구 화명3동,30대,1682,281,778
202409,2632054300,북구 화명3동,40대,2514,390,748
202409,2632054300,북구 화명3동,50대,3386,503,974
202409,2632054300,북구 화명3동,60대이상,4727,330,1438
202409,2632055000,북구 덕천1동,20대,1022,194,335
202409,2632055000,북구 덕천1동,20대미만,522,45,200
202409,2632055000,북구 덕천1동,30대,1414,184,385
202409,2632055000,북구 덕천1동,40대,1120,186,442
202409,2632055000,북구 덕천1동,50대,1484,269,518
202409,2632055000,북구 덕천1동,60대이상,4293,227,1056
202409,2632056000,북구 덕천2동,20대,897,350,1068
202409,2632056000,북구 덕천2동,20대미만,526,226,538
202409,2632056000,북구 덕천2동,30대,942,381,1111
202409,2632056000,북구 덕천2동,40대,899,353,1040
202409,2632056000,북구 덕천2동,50대,1347,451,1313
202409,2632056000,북구 덕천2동,60대이상,3619,355,2207
202409,2632056100,북구 덕천3동,20대,344,25,88
202409,2632056100,북구 덕천3동,20대미만,239,4,46
202409,2632056100,북구 덕천3동,30대,376,18,95
202409,2632056100,북구 덕천3동,40대,588,43,95
202409,2632056100,북구 덕천3동,50대,866,84,136
202409,2632056100,북구 덕천3동,60대이상,2748,61,296
202409,2632057100,북구 만덕1동,20대,933,84,225
202409,2632057100,북구 만덕1동,20대미만,936,64,196
202409,2632057100,북구 만덕1동,30대,1933,119,366
202409,2632057100,북구 만덕1동,40대,1601,135,341
202409,2632057100,북구 만덕1동,50대,1533,132,354
202409,2632057100,북구 만덕1동,60대이상,3899,187,744
202409,2632057200,북구 만덕2동,20대,1698,166,318
202409,2632057200,북구 만덕2동,20대미만,2379,187,312
202409,2632057200,북구 만덕2동,30대,2390,188,468
202409,2632057200,북구 만덕2동,40대,2883,268,507
202409,2632057200,북구 만덕2동,50대,3085,302,503
202409,2632057200,북구 만덕2동,60대이상,7042,285,1017
202409,2632057300,북구 만덕3동,20대,1145,102,243
202409,2632057300,북구 만덕3동,20대미만,1087,47,223
202409,2632057300,북구 만덕3동,30대,1318,83,310
202409,2632057300,북구 만덕3동,40대,1585,130,344
202409,2632057300,북구 만덕3동,50대,2125,186,351
202409,2632057300,북구 만덕3동,60대이상,5389,227,711
202409,2635051000,해운대구 우1동,20대,1773,677,2437
202409,2635051000,해운대구 우1동,20대미만,1989,669,1192
202409,2635051000,해운대구 우1동,30대,2078,648,2461
202409,2635051000,해운대구 우1동,40대,2568,660,2448
202409,2635051000,해운대구 우1동,50대,2865,722,2294
202409,2635051000,해운대구 우1동,60대이상,6093,720,3118
202409,2635052000,해운대구 우2동,20대,1657,1943,2225
202409,2635052000,해운대구 우2동,20대미만,2241,604,1461
202409,2635052000,해운대구 우2동,30대,2329,2082,2589
202409,2635052000,해운대구 우2동,40대,3503,1620,2335
202409,2635052000,해운대구 우2동,50대,4003,1393,2182
202409,2635052000,해운대구 우2동,60대이상,6770,770,2678
202409,2635052500,해운대구 우3동,20대,1268,225,579
202409,2635052500,해운대구 우3동,20대미만,1907,101,419
202409,2635052500,해운대구 우3동,30대,1730,259,699
202409,2635052500,해운대구 우3동,40대,2766,411,752
202409,2635052500,해운대구 우3동,50대,3289,330,783
202409,2635052500,해운대구 우3동,60대이상,6083,313,1094
202409,2635053000,해운대구 중1동,20대,1961,593,1650
202409,2635053000,해운대구 중1동,20대미만,1800,97,924
202409,2635053000,해운대구 중1동,30대,2293,582,2111
202409,2635053000,해운대구 중1동,40대,3249,614,1927
202409,2635053000,해운대구 중1동,50대,3508,757,1759
202409,2635053000,해운대구 중1동,60대이상,5897,547,2275
202409,2635054000,해운대구 중2동,20대,937,154,541
202409,2635054000,해운대구 중2동,20대미만,1362,48,285
202409,2635054000,해운대구 중2동,30대,1395,192,657
202409,2635054000,해운대구 중2동,40대,1899,200,632
202409,2635054000,해운대구 중2동,50대,1963,244,738
202409,2635054000,해운대구 중2동,60대이상,3905,201,1166
202409,2635055100,해운대구 좌1동,20대,1397,381,810
202409,2635055100,해운대구 좌1동,20대미만,1084,77,593
202409,2635055100,해운대구 좌1동,30대,1373,342,761
202409,2635055100,해운대구 좌1동,40대,1728,396,841
202409,2635055100,해운대구 좌1동,50대,2379,442,1065
202409,2635055100,해운대구 좌1동,60대이상,3364,363,1386
202409,2635055200,해운대구 좌2동,20대,2628,254,561
202409,2635055200,해운대구 좌2동,20대미만,2089,131,475
202409,2635055200,해운대구 좌2동,30대,3058,283,512
202409,2635055200,해운대구 좌2동,40대,3050,331,493
202409,2635055200,해운대구 좌2동,50대,3921,352,573
202409,2635055200,해운대구 좌2동,60대이상,6793,282,734
202409,2635055300,해운대구 좌3동,20대,1079,105,278
202409,2635055300,해운대구 좌3동,20대미만,1071,321,312
202409,2635055300,해운대구 좌3동,30대,1018,91,280
202409,2635055300,해운대구 좌3동,40대,1408,118,321
202409,2635055300,해운대구 좌3동,50대,2077,170,436
202409,2635055300,해운대구 좌3동,60대이상,4223,151,664
202409,2635055400,해운대구 좌4동,20대,1647,294,515
202409,2635055400,해운대구 좌4동,20대미만,2356,354,457
202409,2635055400,해운대구 좌4동,30대,1614,220,496
202409,2635055400,해운대구 좌4동,40대,2432,282,571
202409,2635055400,해운대구 좌4동,50대,2964,355,761
202409,2635055400,해운대구 좌4동,60대이상,4820,268,1249
202409,2635056000,해운대구 송정동,20대,836,400,1462
202409,2635056000,해운대구 송정동,20대미만,625,143,702
202409,2635056000,해운대구 송정동,30대,749,387,1435
202409,2635056000,해운대구 송정동,40대,879,394,1441
202409,2635056000,해운대구 송정동,50대,1128,515,1502
202409,2635056000,해운대구 송정동,60대이상,3338,379,1996
202409,2635057000,해운대구 반여1동,20대,2753,386,646
202409,2635057000,해운대구 반여1동,20대미만,4017,244,460
202409,2635057000,해운대구 반여1동,30대,2811,410,839
202409,2635057000,해운대구 반여1동,40대,4209,554,951
202409,2635057000,해운대구 반여1동,50대,4953,701,1069
202409,2635057000,해운대구 반여1동,60대이상,8103,533,1816
202409,2635058000,해운대구 반여2동,20대,717,84,213
202409,2635058000,해운대구 반여2동,20대미만,448,40,133
202409,2635058000,해운대구 반여2동,30대,898,82,262
202409,2635058000,해운대구 반여2동,40대,1095,100,295
202409,2635058000,해운대구 반여2동,50대,1595,191,467
202409,2635058000,해운대구 반여2동,60대이상,4537,161,820
202409,2635059000,해운대구 반여3동,20대,442,31,61
202409,2635059000,해운대구 반여3동,20대미만,189,6,44
202409,2635059000,해운대구 반여3동,30대,415,25,70
202409,2635059000,해운대구 반여3동,40대,527,43,97
202409,2635059000,해운대구 반여3동,50대,809,80,137
202409,2635059000,해운대구 반여3동,60대이상,1896,94,199
202409,2635059500,해운대구 반여4동,20대,706,52,188
202409,2635059500,해운대구 반여4동,20대미만,693,20,194
202409,2635059500,해운대구 반여4동,30대,750,51,225
202409,2635059500,해운대구 반여4동,40대,906,81,247
202409,2635059500,해운대구 반여4동,50대,1048,98,284
202409,2635059500,해운대구 반여4동,60대이상,1951,78,604
202409,2635061000,해운대구 반송1동,20대,777,132,188
202409,2635061000,해운대구 반송1동,20대미만,331,123,105
202409,2635061000,해운대구 반송1동,30대,547,125,182
202409,2635061000,해운대구 반송1동,40대,763,125,271
202409,2635061000,해운대구 반송1동,50대,1101,233,361
202409,2635061000,해운대구 반송1동,60대이상,3286,206,560
202409,2635062000,해운대구 반송2동,20대,1170,101,172
202409,2635062000,해운대구 반송2동,20대미만,1030,13,143
202409,2635062000,해운대구 반송2동,30대,1221,90,219
202409,2635062000,해운대구 반송2동,40대,1861,183,300
202409,2635062000,해운대구 반송2동,50대,2890,311,362
202409,2635062000,해운대구 반송2동,60대이상,8284,330,614
202409,2635065000,해운대구 재송1동,20대,2242,472,664
202409,2635065000,해운대구 재송1동,20대미만,4125,216,456
202409,2635065000,해운대구 재송1동,30대,2815,564,760
202409,2635065000,해운대구 재송1동,40대,5355,647,931
202409,2635065000,해운대구 재송1동,50대,4355,609,982
202409,2635065000,해운대구 재송1동,60대이상,6770,457,1413
202409,2635066000,해운대구 재송2동,20대,1608,148,320
202409,2635066000,해운대구 재송2동,20대미만,1132,41,240
202409,2635066000,해운대구 재송2동,30대,1631,198,385
202409,2635066000,해운대구 재송2동,40대,2382,237,455
202409,2635066000,해운대구 재송2동,50대,3014,295,500
202409,2635066000,해운대구 재송2동,60대이상,6695,267,809
202409,2638051000,사하구 괴정1동,20대,1235,107,414
202409,2638051000,사하구 괴정1동,20대미만,1224,145,354
202409,2638051000,사하구 괴정1동,30대,1132,103,418
202409,2638051000,사하구 괴정1동,40대,1689,149,539
202409,2638051000,사하구 괴정1동,50대,2088,232,646
202409,2638051000,사하구 괴정1동,60대이상,6028,204,1054
202409,2638052000,사하구 괴정2동,20대,818,59,135
202409,2638052000,사하구 괴정2동,20대미만,774,73,112
202409,2638052000,사하구 괴정2동,30대,847,57,147
202409,2638052000,사하구 괴정2동,40대,1210,118,192
202409,2638052000,사하구 괴정2동,50대,1569,105,204
202409,2638052000,사하구 괴정2동,60대이상,4289,125,434
202409,2638053000,사하구 괴정3동,20대,829,258,388
202409,2638053000,사하구 괴정3동,20대미만,643,85,311
202409,2638053000,사하구 괴정3동,30대,847,157,348
202409,2638053000,사하구 괴정3동,40대,1056,203,431
202409,2638053000,사하구 괴정3동,50대,1483,269,531
202409,2638053000,사하구 괴정3동,60대이상,4535,297,1054
202409,2638054000,사하구 괴정4동,20대,830,75,223
202409,2638054000,사하구 괴정4동,20대미만,1139,90,331
202409,2638054000,사하구 괴정4동,30대,1173,108,261
202409,2638054000,사하구 괴정4동,40대,1635,138,355
202409,2638054000,사하구 괴정4동,50대,1545,150,361
202409,2638054000,사하구 괴정4동,60대이상,3586,140,767
202409,2638055000,사하구 당리동,20대,1646,271,698
202409,2638055000,사하구 당리동,20대미만,1485,100,480
202409,2638055000,사하구 당리동,30대,1742,271,704
202409,2638055000,사하구 당리동,40대,2318,348,729
202409,2638055000,사하구 당리동,50대,2969,444,857
202409,2638055000,사하구 당리동,60대이상,7470,363,1511
202409,2638056100,사하구 하단1동,20대,2061,167,423
202409,2638056100,사하구 하단1동,20대미만,1148,55,242
202409,2638056100,사하구 하단1동,30대,2002,168,464
202409,2638056100,사하구 하단1동,40대,2105,218,517
202409,2638056100,사하구 하단1동,50대,2546,266,587
202409,2638056100,사하구 하단1동,60대이상,5739,286,960
202409,2638056200,사하구 하단2동,20대,3479,1480,1523
202409,2638056200,사하구 하단2동,20대미만,1823,437,577
202409,2638056200,사하구 하단2동,30대,2209,407,885
202409,2638056200,사하구 하단2동,40대,2448,443,815
202409,2638056200,사하구 하단2동,50대,2947,525,813
202409,2638056200,사하구 하단2동,60대이상,5973,372,1166
202409,2638057100,사하구 신평1동,20대,932,189,251
202409,2638057100,사하구 신평1동,20대미만,956,156,243
202409,2638057100,사하구 신평1동,30대,1149,336,344
202409,2638057100,사하구 신평1동,40대,1669,388,450
202409,2638057100,사하구 신평1동,50대,2171,508,599
202409,2638057100,사하구 신평1동,60대이상,5205,331,749
202409,2638057200,사하구 신평2동,20대,1094,230,285
202409,2638057200,사하구 신평2동,20대미만,1231,53,197
202409,2638057200,사하구 신평2동,30대,1735,309,445
202409,2638057200,사하구 신평2동,40대,1832,389,457
202409,2638057200,사하구 신평2동,50대,2174,469,600
202409,2638057200,사하구 신평2동,60대이상,4311,397,872
202409,2638058000,사하구 장림1동,20대,592,181,276
202409,2638058000,사하구 장림1동,20대미만,912,68,238
202409,2638058000,사하구 장림1동,30대,720,278,420
202409,2638058000,사하구 장림1동,40대,1351,353,501
202409,2638058000,사하구 장림1동,50대,1246,570,695
202409,2638058000,사하구 장림1동,60대이상,2655,522,1070
202409,2638059000,사하구 장림2동,20대,1794,237,435
202409,2638059000,사하구 장림2동,20대미만,1857,130,358
202409,2638059000,사하구 장림2동,30대,2101,286,563
202409,2638059000,사하구 장림2동,40대,2910,470,630
202409,2638059000,사하구 장림2동,50대,3411,552,743
202409,2638059000,사하구 장림2동,60대이상,6509,483,1204
202409,2638060100,사하구 다대1동,20대,2198,370,508
202409,2638060100,사하구 다대1동,20대미만,2982,100,310
202409,2638060100,사하구 다대1동,30대,2537,463,596
202409,2638060100,사하구 다대1동,40대,3900,648,710
202409,2638060100,사하구 다대1동,50대,5432,861,956
202409,2638060100,사하구 다대1동,60대이상,10866,689,1585
202409,2638060200,사하구 다대2동,20대,1659,231,311
202409,2638060200,사하구 다대2동,20대미만,2084,82,194
202409,2638060200,사하구 다대2동,30대,1674,207,360
202409,2638060200,사하구 다대2동,40대,2604,377,410
202409,2638060200,사하구 다대2동,50대,3901,455,551
202409,2638060200,사하구 다대2동,60대이상,8815,392,836
202409,2638061000,사하구 구평동,20대,727,135,193
202409,2638061000,사하구 구평동,20대미만,1041,40,141
202409,2638061000,사하구 구평동,30대,1499,234,290
202409,2638061000,사하구 구평동,40대,1558,329,370
202409,2638061000,사하구 구평동,50대,1448,396,499
202409,2638061000,사하구 구평동,60대이상,2643,360,693
202409,2638062000,사하구 감천1동,20대,1075,148,215
202409,2638062000,사하구 감천1동,20대미만,1099,292,284
202409,2638062000,사하구 감천1동,30대,1079,187,283
202409,2638062000,사하구 감천1동,40대,1616,255,423
202409,2638062000,사하구 감천1동,50대,2294,400,553
202409,2638062000,사하구 감천1동,60대이상,6393,296,799
202409,2638063000,사하구 감천2동,20대,197,15,57
202409,2638063000,사하구 감천2동,20대미만,134,0,47
202409,2638063000,사하구 감천2동,30대,224,16,51
202409,2638063000,사하구 감천2동,40대,430,35,77
202409,2638063000,사하구 감천2동,50대,731,57,116
202409,2638063000,사하구 감천2동,60대이상,1931,44,187
202409,2641051000,금정구 서1동,20대,225,13,53
202409,2641051000,금정구 서1동,20대미만,132,5,48
202409,2641051000,금정구 서1동,30대,244,24,81
202409,2641051000,금정구 서1동,40대,386,39,93
202409,2641051000,금정구 서1동,50대,585,71,152
202409,2641051000,금정구 서1동,60대이상,1868,81,323
202409,2641052000,금정구 서2동,20대,402,57,150
202409,2641052000,금정구 서2동,20대미만,196,72,113
202409,2641052000,금정구 서2동,30대,534,62,214
202409,2641052000,금정구 서2동,40대,539,107,247
202409,2641052000,금정구 서2동,50대,1041,171,370
202409,2641052000,금정구 서2동,60대이상,2588,202,692
202409,2641053000,금정구 서3동,20대,465,62,142
202409,2641053000,금정구 서3동,20대미만,322,64,128
202409,2641053000,금정구 서3동,30대,643,87,199
202409,2641053000,금정구 서3동,40대,657,98,231
202409,2641053000,금정구 서3동,50대,1338,182,344
202409,2641053000,금정구 서3동,60대이상,3853,235,656
202409,2641055500,금정구 금사회동동,20대,315,258,226
202409,2641055500,금정구 금사회동동,20대미만,234,47,127
202409,2641055500,금정구 금사회동동,30대,418,451,388
202409,2641055500,금정구 금사회동동,40대,551,475,510
202409,2641055500,금정구 금사회동동,50대,871,663,790
202409,2641055500,금정구 금사회동동,60대이상,2828,529,1186
202409,2641057000,금정구 부곡1동,20대,406,37,107
202409,2641057000,금정구 부곡1동,20대미만,318,106,146
202409,2641057000,금정구 부곡1동,30대,425,33,133
202409,2641057000,금정구 부곡1동,40대,655,67,177
202409,2641057000,금정구 부곡1동,50대,849,87,196
202409,2641057000,금정구 부곡1동,60대이상,2937,99,362
202409,2641058000,금정구 부곡2동,20대,1597,305,474
202409,2641058000,금정구 부곡2동,20대미만,1334,397,386
202409,2641058000,금정구 부곡2동,30대,1240,268,535
202409,2641058000,금정구 부곡2동,40대,1667,340,592
202409,2641058000,금정구 부곡2동,50대,2183,335,637
202409,2641058000,금정구 부곡2동,60대이상,4696,306,1123
202409,2641059000,금정구 부곡3동,20대,1273,360,391
202409,2641059000,금정구 부곡3동,20대미만,1043,422,303
202409,2641059000,금정구 부곡3동,30대,1184,275,397
202409,2641059000,금정구 부곡3동,40대,1386,275,446
202409,2641059000,금정구 부곡3동,50대,1829,310,553
202409,2641059000,금정구 부곡3동,60대이상,4011,239,892
202409,2641059100,금정구 부곡4동,20대,519,52,209
202409,2641059100,금정구 부곡4동,20대미만,355,34,207
202409,2641059100,금정구 부곡4동,30대,744,74,231
202409,2641059100,금정구 부곡4동,40대,711,92,323
202409,2641059100,금정구 부곡4동,50대,1144,137,374
202409,2641059100,금정구 부곡4동,60대이상,2643,146,745
202409,2641060000,금정구 장전1동,20대,4149,510,853
202409,2641060000,금정구 장전1동,20대미만,966,117,336
202409,2641060000,금정구 장전1동,30대,1353,181,461
202409,2641060000,금정구 장전1동,40대,1400,222,464
202409,2641060000,금정구 장전1동,50대,1500,263,511
202409,2641060000,금정구 장전1동,60대이상,3475,207,695
202409,2641061000,금정구 장전2동,20대,1926,2075,2339
202409,2641061000,금정구 장전2동,20대미만,2346,357,846
202409,2641061000,금정구 장전2동,30대,2235,745,1045
202409,2641061000,금정구 장전2동,40대,3232,749,1059
202409,2641061000,금정구 장전2동,50대,2716,680,1065
202409,2641061000,금정구 장전2동,60대이상,5814,482,1482
202409,2641063500,금정구 선두구동,20대,73,29,132
202409,2641063500,금정구 선두구동,20대미만,59,2,73
202409,2641063500,금정구 선두구동,30대,79,52,180
202409,2641063500,금정구 선두구동,40대,119,87,293
202409,2641063500,금정구 선두구동,50대,222,111,412
202409,2641063500,금정구 선두구동,60대이상,895,118,638
202409,2641066500,금정구 청룡노포동,20대,506,114,344
202409,2641066500,금정구 청룡노포동,20대미만,488,46,153
202409,2641066500,금정구 청룡노포동,30대,529,146,359
202409,2641066500,금정구 청룡노포동,40대,650,159,498
202409,2641066500,금정구 청룡노포동,50대,1113,203,785
202409,2641066500,금정구 청룡노포동,60대이상,3314,254,1399
202409,2641067000,금정구 남산동,20대,2214,500,775
202409,2641067000,금정구 남산동,20대미만,1353,151,568
202409,2641067000,금정구 남산동,30대,1636,235,618
202409,2641067000,금정구 남산동,40대,1817,361,772
202409,2641067000,금정구 남산동,50대,3124,499,1066
202409,2641067000,금정구 남산동,60대이상,7852,444,1859
202409,2641068000,금정구 구서1동,20대,750,168,370
202409,2641068000,금정구 구서1동,20대미만,1032,354,365
202409,2641068000,금정구 구서1동,30대,1025,232,416
202409,2641068000,금정구 구서1동,40대,1353,259,518
202409,2641068000,금정구 구서1동,50대,1501,253,564
202409,2641068000,금정구 구서1동,60대이상,3145,219,840
202409,2641069000,금정구 구서2동,20대,1654,227,952
202409,2641069000,금정구 구서2동,20대미만,2143,129,574
202409,2641069000,금정구 구서2동,30대,2126,235,867
202409,2641069000,금정구 구서2동,40대,3057,332,974
202409,2641069000,금정구 구서2동,50대,3777,454,1353
202409,2641069000,금정구 구서2동,60대이상,8055,424,2634
202409,2641070000,금정구 금성동,20대,42,13,41
202409,2641070000,금정구 금성동,20대미만,78,7,71
202409,2641070000,금정구 금성동,30대,43,17,75
202409,2641070000,금정구 금성동,40대,86,14,120
202409,2641070000,금정구 금성동,50대,95,25,158
202409,2641070000,금정구 금성동,60대이상,344,41,241
202409,2644051000,강서구 대저1동,20대,573,411,460
202409,2644051000,강서구 대저1동,20대미만,196,125,170
202409,2644051000,강서구 대저1동,30대,390,559,487
202409,2644051000,강서구 대저1동,40대,439,644,626
202409,2644051000,강서구 대저1동,50대,723,745,825
202409,2644051000,강서구 대저1동,60대이상,2886,594,1366
202409,2644052000,강서구 대저2동,20대,881,706,2508
202409,2644052000,강서구 대저2동,20대미만,512,37,689
202409,2644052000,강서구 대저2동,30대,553,945,3238
202409,2644052000,강서구 대저2동,40대,609,880,2818
202409,2644052000,강서구 대저2동,50대,715,1156,3197
202409,2644052000,강서구 대저2동,60대이상,2258,779,3876
202409,2644053000,강서구 강동동,20대,83,55,86
202409,2644053000,강서구 강동동,20대미만,36,3,32
202409,2644053000,강서구 강동동,30대,162,99,144
202409,2644053000,강서구 강동동,40대,190,131,206
202409,2644053000,강서구 강동동,50대,229,175,304
202409,2644053000,강서구 강동동,60대이상,1512,224,490
202409,2644053500,강서구 명지1동,20대,2829,691,945
202409,2644053500,강서구 명지1동,20대미만,7265,264,534
202409,2644053500,강서구 명지1동,30대,8299,1214,1541
202409,2644053500,강서구 명지1동,40대,9288,1508,1533
202409,2644053500,강서구 명지1동,50대,3955,893,1330
202409,2644053500,강서구 명지1동,60대이상,6293,574,1511
202409,2644054500,강서구 명지2동,20대,1322,237,407
202409,2644054500,강서구 명지2동,20대미만,4142,132,325
202409,2644054500,강서구 명지2동,30대,2601,374,527
202409,2644054500,강서구 명지2동,40대,5208,661,609
202409,2644054500,강서구 명지2동,50대,3049,369,487
202409,2644054500,강서구 명지2동,60대이상,3696,211,611
202409,2644055000,강서구 가락동,20대,62,55,96
202409,2644055000,강서구 가락동,20대미만,79,11,55
202409,2644055000,강서구 가락동,30대,102,107,176
202409,2644055000,강서구 가락동,40대,142,145,217
202409,2644055000,강서구 가락동,50대,267,237,315
202409,2644055000,강서구 가락동,60대이상,1105,197,505
202409,2644056000,강서구 녹산동,20대,2102,1595,1148
202409,2644056000,강서구 녹산동,20대미만,3401,66,300
202409,2644056000,강서구 녹산동,30대,4151,3198,2024
202409,2644056000,강서구 녹산동,40대,5425,3962,2651
202409,2644056000,강서구 녹산동,50대,3690,3230,2715
202409,2644056000,강서구 녹산동,60대이상,6607,1912,2568
202409,2644058000,강서구 가덕도동,20대,208,93,356
202409,2644058000,강서구 가덕도동,20대미만,123,37,99
202409,2644058000,강서구 가덕도동,30대,270,130,631
202409,2644058000,강서구 가덕도동,40대,358,171,1021
202409,2644058000,강서구 가덕도동,50대,516,191,1011
202409,2644058000,강서구 가덕도동,60대이상,1639,122,868
202409,2647061000,연제구 거제1동,20대,1997,602,647
202409,2647061000,연제구 거제1동,20대미만,2107,432,719
202409,2647061000,연제구 거제1동,30대,1819,692,681
202409,2647061000,연제구 거제1동,40대,2939,893,916
202409,2647061000,연제구 거제1동,50대,2551,891,1057
202409,2647061000,연제구 거제1동,60대이상,5948,671,1514
202409,2647062000,연제구 거제2동,20대,1464,192,430
202409,2647062000,연제구 거제2동,20대미만,2480,148,447
202409,2647062000,연제구 거제2동,30대,2278,263,581
202409,2647062000,연제구 거제2동,40대,3351,415,776
202409,2647062000,연제구 거제2동,50대,2629,419,830
202409,2647062000,연제구 거제2동,60대이상,3703,331,1622
202409,2647063000,연제구 거제3동,20대,610,105,849
202409,2647063000,연제구 거제3동,20대미만,371,11,350
202409,2647063000,연제구 거제3동,30대,637,126,1231
202409,2647063000,연제구 거제3동,40대,681,144,1275
202409,2647063000,연제구 거제3동,50대,874,176,1345
202409,2647063000,연제구 거제3동,60대이상,1848,160,1425
202409,2647064000,연제구 거제4동,20대,606,55,237
202409,2647064000,연제구 거제4동,20대미만,827,106,244
202409,2647064000,연제구 거제4동,30대,584,76,408
202409,2647064000,연제구 거제4동,40대,903,71,399
202409,2647064000,연제구 거제4동,50대,1197,136,361
202409,2647064000,연제구 거제4동,60대이상,2678,120,562
202409,2647065000,연제구 연산1동,20대,884,188,408
202409,2647065000,연제구 연산1동,20대미만,1206,120,385
202409,2647065000,연제구 연산1동,30대,1258,234,515
202409,2647065000,연제구 연산1동,40대,1584,298,610
202409,2647065000,연제구 연산1동,50대,1604,338,626
202409,2647065000,연제구 연산1동,60대이상,3997,281,1085
202409,2647066000,연제구 연산2동,20대,1693,262,1030
202409,2647066000,연제구 연산2동,20대미만,1260,229,784
202409,2647066000,연제구 연산2동,30대,2916,453,1693
202409,2647066000,연제구 연산2동,40대,2258,465,1541
202409,2647066000,연제구 연산2동,50대,2291,497,1510
202409,2647066000,연제구 연산2동,60대이상,4959,314,2898
202409,2647067000,연제구 연산3동,20대,273,19,53
202409,2647067000,연제구 연산3동,20대미만,156,64,78
202409,2647067000,연제구 연산3동,30대,511,27,85
202409,2647067000,연제구 연산3동,40대,555,29,120
202409,2647067000,연제구 연산3동,50대,588,58,111
202409,2647067000,연제구 연산3동,60대이상,1849,42,202
202409,2647068000,연제구 연산4동,20대,910,261,929
202409,2647068000,연제구 연산4동,20대미만,569,15,274
202409,2647068000,연제구 연산4동,30대,1354,283,1029
202409,2647068000,연제구 연산4동,40대,1319,315,980
202409,2647068000,연제구 연산4동,50대,1750,372,1126
202409,2647068000,연제구 연산4동,60대이상,4658,368,2216
202409,2647069000,연제구 연산5동,20대,1613,322,666
202409,2647069000,연제구 연산5동,20대미만,449,29,170
202409,2647069000,연제구 연산5동,30대,1852,453,772
202409,2647069000,연제구 연산5동,40대,1162,436,692
202409,2647069000,연제구 연산5동,50대,1212,520,797
202409,2647069000,연제구 연산5동,60대이상,2845,469,1266
202409,2647070000,연제구 연산6동,20대,777,106,539
202409,2647070000,연제구 연산6동,20대미만,670,131,369
202409,2647070000,연제구 연산6동,30대,1099,111,631
202409,2647070000,연제구 연산6동,40대,1299,170,640
202409,2647070000,연제구 연산6동,50대,1497,177,863
202409,2647070000,연제구 연산6동,60대이상,4468,233,1936
202409,2647072000,연제구 연산8동,20대,391,56,298
202409,2647072000,연제구 연산8동,20대미만,428,147,329
202409,2647072000,연제구 연산8동,30대,483,68,376
202409,2647072000,연제구 연산8동,40대,683,93,476
202409,2647072000,연제구 연산8동,50대,873,128,529
202409,2647072000,연제구 연산8동,60대이상,2130,124,1150
202409,2647073000,연제구 연산9동,20대,2279,297,562
202409,2647073000,연제구 연산9동,20대미만,2428,209,487
202409,2647073000,연제구 연산9동,30대,2605,341,702
202409,2647073000,연제구 연산9동,40대,3329,469,865
202409,2647073000,연제구 연산9동,50대,4240,567,981
202409,2647073000,연제구 연산9동,60대이상,9313,476,1453
202409,2650066000,수영구 남천1동,20대,1194,381,724
202409,2650066000,수영구 남천1동,20대미만,1367,229,685
202409,2650066000,수영구 남천1동,30대,1446,467,805
202409,2650066000,수영구 남천1동,40대,1659,458,949
202409,2650066000,수영구 남천1동,50대,1842,485,991
202409,2650066000,수영구 남천1동,60대이상,3848,415,1571
202409,2650067000,수영구 남천2동,20대,465,52,421
202409,2650067000,수영구 남천2동,20대미만,544,18,196
202409,2650067000,수영구 남천2동,30대,798,80,389
202409,2650067000,수영구 남천2동,40대,796,80,391
202409,2650067000,수영구 남천2동,50대,1240,119,409
202409,2650067000,수영구 남천2동,60대이상,2319,83,699
202409,2650073000,수영구 수영동,20대,1013,166,404
202409,2650073000,수영구 수영동,20대미만,568,76,228
202409,2650073000,수영구 수영동,30대,1139,182,472
202409,2650073000,수영구 수영동,40대,1129,174,467
202409,2650073000,수영구 수영동,50대,1583,263,570
202409,2650073000,수영구 수영동,60대이상,5379,285,1104
202409,2650074000,수영구 망미1동,20대,1592,208,440
202409,2650074000,수영구 망미1동,20대미만,1856,94,340
202409,2650074000,수영구 망미1동,30대,2074,224,543
202409,2650074000,수영구 망미1동,40대,2662,300,622
202409,2650074000,수영구 망미1동,50대,2854,345,649
202409,2650074000,수영구 망미1동,60대이상,9123,427,1238
202409,2650075000,수영구 망미2동,20대,427,71,280
202409,2650075000,수영구 망미2동,20대미만,532,30,252
202409,2650075000,수영구 망미2동,30대,553,83,320
202409,2650075000,수영구 망미2동,40대,853,100,487
202409,2650075000,수영구 망미2동,50대,1154,123,438
202409,2650075000,수영구 망미2동,60대이상,2632,121,776
202409,2650076000,수영구 광안1동,20대,1944,172,497
202409,2650076000,수영구 광안1동,20대미만,862,49,227
202409,2650076000,수영구 광안1동,30대,2395,192,453
202409,2650076000,수영구 광안1동,40대,1547,204,430
202409,2650076000,수영구 광안1동,50대,1478,168,496
202409,2650076000,수영구 광안1동,60대이상,4064,172,941
202409,2650077000,수영구 광안2동,20대,1562,357,1983
202409,2650077000,수영구 광안2동,20대미만,1000,159,431
202409,2650077000,수영구 광안2동,30대,1724,351,1351
202409,2650077000,수영구 광안2동,40대,1729,305,944
202409,2650077000,수영구 광안2동,50대,1851,299,894
202409,2650077000,수영구 광안2동,60대이상,4342,301,1287
202409,2650078000,수영구 광안3동,20대,1189,172,726
202409,2650078000,수영구 광안3동,20대미만,303,32,239
202409,2650078000,수영구 광안3동,30대,1110,164,630
202409,2650078000,수영구 광안3동,40대,803,203,555
202409,2650078000,수영구 광안3동,50대,859,197,611
202409,2650078000,수영구 광안3동,60대이상,2703,230,1132
202409,2650079000,수영구 광안4동,20대,910,123,558
202409,2650079000,수영구 광안4동,20대미만,609,162,382
202409,2650079000,수영구 광안4동,30대,859,106,657
202409,2650079000,수영구 광안4동,40대,1161,136,656
202409,2650079000,수영구 광안4동,50대,1491,151,632
202409,2650079000,수영구 광안4동,60대이상,3004,158,1248
202409,2650080000,수영구 민락동,20대,1997,367,2280
202409,2650080000,수영구 민락동,20대미만,1443,31,541
202409,2650080000,수영구 민락동,30대,2849,373,1633
202409,2650080000,수영구 민락동,40대,2867,354,1157
202409,2650080000,수영구 민락동,50대,3227,400,1131
202409,2650080000,수영구 민락동,60대이상,7596,426,1596
202409,2653058000,사상구 삼락동,20대,239,150,302
202409,2653058000,사상구 삼락동,20대미만,205,70,232
202409,2653058000,사상구 삼락동,30대,288,267,444
202409,2653058000,사상구 삼락동,40대,298,344,518
202409,2653058000,사상구 삼락동,50대,651,515,768
202409,2653058000,사상구 삼락동,60대이상,1539,454,1250
202409,2653059100,사상구 모라1동,20대,1784,303,382
202409,2653059100,사상구 모라1동,20대미만,1329,115,228
202409,2653059100,사상구 모라1동,30대,2033,424,475
202409,2653059100,사상구 모라1동,40대,2034,498,579
202409,2653059100,사상구 모라1동,50대,3468,766,774
202409,2653059100,사상구 모라1동,60대이상,8323,723,1313
202409,2653059300,사상구 모라3동,20대,370,65,94
202409,2653059300,사상구 모라3동,20대미만,326,43,93
202409,2653059300,사상구 모라3동,30대,438,51,115
202409,2653059300,사상구 모라3동,40대,724,66,187
202409,2653059300,사상구 모라3동,50대,1306,146,269
202409,2653059300,사상구 모라3동,60대이상,4683,174,555
202409,2653060000,사상구 덕포1동,20대,665,47,168
202409,2653060000,사상구 덕포1동,20대미만,565,90,140
202409,2653060000,사상구 덕포1동,30대,1088,77,178
202409,2653060000,사상구 덕포1동,40대,938,76,166
202409,2653060000,사상구 덕포1동,50대,1143,120,229
202409,2653060000,사상구 덕포1동,60대이상,2284,130,405
202409,2653061000,사상구 덕포2동,20대,897,190,389
202409,2653061000,사상구 덕포2동,20대미만,880,129,271
202409,2653061000,사상구 덕포2동,30대,909,234,360
202409,2653061000,사상구 덕포2동,40대,1055,320,444
202409,2653061000,사상구 덕포2동,50대,1607,444,530
202409,2653061000,사상구 덕포2동,60대이상,3777,353,801
202409,2653062000,사상구 괘법동,20대,3089,922,1803
202409,2653062000,사상구 괘법동,20대미만,926,124,580
202409,2653062000,사상구 괘법동,30대,2996,589,1363
202409,2653062000,사상구 괘법동,40대,2076,659,1201
202409,2653062000,사상구 괘법동,50대,2863,852,1583
202409,2653062000,사상구 괘법동,60대이상,6015,751,2596
202409,2653064500,사상구 감전동,20대,652,409,529
202409,2653064500,사상구 감전동,20대미만,333,44,168
202409,2653064500,사상구 감전동,30대,850,707,640
202409,2653064500,사상구 감전동,40대,825,707,631
202409,2653064500,사상구 감전동,50대,1420,895,920
202409,2653064500,사상구 감전동,60대이상,3615,778,1236
202409,2653065000,사상구 주례1동,20대,1189,251,360
202409,2653065000,사상구 주례1동,20대미만,1241,19,144
202409,2653065000,사상구 주례1동,30대,1625,301,408
202409,2653065000,사상구 주례1동,40대,1580,302,420
202409,2653065000,사상구 주례1동,50대,2174,414,578
202409,2653065000,사상구 주례1동,60대이상,4453,401,1078
202409,2653066000,사상구 주례2동,20대,2637,891,904
202409,2653066000,사상구 주례2동,20대미만,1676,258,425
202409,2653066000,사상구 주례2동,30대,1865,321,519
202409,2653066000,사상구 주례2동,40대,2111,343,568
202409,2653066000,사상구 주례2동,50대,2516,385,728
202409,2653066000,사상구 주례2동,60대이상,5408,370,1243
202409,2653066100,사상구 주례3동,20대,451,70,143
202409,2653066100,사상구 주례3동,20대미만,370,47,76
202409,2653066100,사상구 주례3동,30대,432,68,168
202409,2653066100,사상구 주례3동,40대,573,119,193
202409,2653066100,사상구 주례3동,50대,855,115,211
202409,2653066100,사상구 주례3동,60대이상,1948,103,335
202409,2653067000,사상구 학장동,20대,905,292,431
202409,2653067000,사상구 학장동,20대미만,912,133,331
202409,2653067000,사상구 학장동,30대,1088,369,613
202409,2653067000,사상구 학장동,40대,1739,459,739
202409,2653067000,사상구 학장동,50대,2050,666,1008
202409,2653067000,사상구 학장동,60대이상,5187,551,1721
202409,2653068000,사상구 엄궁동,20대,1836,293,353
202409,2653068000,사상구 엄궁동,20대미만,2512,20,171
202409,2653068000,사상구 엄궁동,30대,1993,291,479
202409,2653068000,사상구 엄궁동,40대,2753,492,589
202409,2653068000,사상구 엄궁동,50대,3629,549,764
202409,2653068000,사상구 엄궁동,60대이상,6142,384,1057
202409,2671025000,기장군 기장읍,20대,3914,1133,1894
202409,2671025000,기장군 기장읍,20대미만,3948,129,1248
202409,2671025000,기장군 기장읍,30대,4364,1178,2759
202409,2671025000,기장군 기장읍,40대,5816,1352,2867
202409,2671025000,기장군 기장읍,50대,7617,1654,2829
202409,2671025000,기장군 기장읍,60대이상,17295,1122,3486
202409,2671025300,기장군 장안읍,20대,550,579,711
202409,2671025300,기장군 장안읍,20대미만,407,239,446
202409,2671025300,기장군 장안읍,30대,695,971,1184
202409,2671025300,기장군 장안읍,40대,721,1116,1541
202409,2671025300,기장군 장안읍,50대,1142,1019,1554
202409,2671025300,기장군 장안읍,60대이상,3105,575,1770
202409,2671025600,기장군 정관읍,20대,4719,904,875
202409,2671025600,기장군 정관읍,20대미만,13675,99,488
202409,2671025600,기장군 정관읍,30대,7210,1200,1048
202409,2671025600,기장군 정관읍,40대,14706,2300,1480
202409,2671025600,기장군 정관읍,50대,8736,1775,1478
202409,2671025600,기장군 정관읍,60대이상,13393,922,1719
202409,2671025900,기장군 일광읍,20대,1917,338,851
202409,2671025900,기장군 일광읍,20대미만,2369,48,447
202409,2671025900,기장군 일광읍,30대,3726,496,1116
202409,2671025900,기장군 일광읍,40대,4055,564,1244
202409,2671025900,기장군 일광읍,50대,3229,564,1336
202409,2671025900,기장군 일광읍,60대이상,5737,443,1662
202409,2671033000,기장군 철마면,20대,145,48,109
202409,2671033000,기장군 철마면,20대미만,194,11,83
202409,2671033000,기장군 철마면,30대,261,92,179
202409,2671033000,기장군 철마면,40대,445,127,283
202409,2671033000,기장군 철마면,50대,627,234,494
202409,2671033000,기장군 철마면,60대이상,3305,246,1035
202408,2611051000,중구 중앙동,20대,563,846,1105
202408,2611051000,중구 중앙동,20대미만,309,43,370
202408,2611051000,중구 중앙동,30대,621,1183,1132
202408,2611051000,중구 중앙동,40대,738,1051,1063
202408,2611051000,중구 중앙동,50대,897,1069,1222
202408,2611051000,중구 중앙동,60대이상,1686,627,1639
202408,2611052000,중구 동광동,20대,95,70,205
202408,2611052000,중구 동광동,20대미만,47,9,69
202408,2611052000,중구 동광동,30대,128,81,173
202408,2611052000,중구 동광동,40대,170,116,200
202408,2611052000,중구 동광동,50대,277,108,218
202408,2611052000,중구 동광동,60대이상,884,109,402
202408,2611053000,중구 대청동,20대,541,197,372
202408,2611053000,중구 대청동,20대미만,243,36,139
202408,2611053000,중구 대청동,30대,397,265,306
202408,2611053000,중구 대청동,40대,530,225,292
202408,2611053000,중구 대청동,50대,716,248,320
202408,2611053000,중구 대청동,60대이상,2091,248,575
202408,2611054500,중구 보수동,20대,916,98,191
202408,2611054500,중구 보수동,20대미만,351,59,96
202408,2611054500,중구 보수동,30대,454,64,165
202408,2611054500,중구 보수동,40대,627,102,182
202408,2611054500,중구 보수동,50대,959,137,225
202408,2611054500,중구 보수동,60대이상,2174,136,529
202408,2611056000,중구 부평동,20대,276,135,915
202408,2611056000,중구 부평동,20대미만,169,12,239
202408,2611056000,중구 부평동,30대,272,213,707
202408,2611056000,중구 부평동,40대,341,215,734
202408,2611056000,중구 부평동,50대,495,274,966
202408,2611056000,중구 부평동,60대이상,1613,334,1744
202408,2611057000,중구 광복동,20대,22,126,348
202408,2611057000,중구 광복동,20대미만,11,28,149
202408,2611057000,중구 광복동,30대,22,80,217
202408,2611057000,중구 광복동,40대,60,86,226
202408,2611057000,중구 광복동,50대,42,112,249
202408,2611057000,중구 광복동,60대이상,148,182,380
202408,2611058000,중구 남포동,20대,238,320,927
202408,2611058000,중구 남포동,20대미만,37,23,382
202408,2611058000,중구 남포동,30대,234,408,777
202408,2611058000,중구 남포동,40대,250,383,855
202408,2611058000,중구 남포동,50대,414,508,1243
202408,2611058000,중구 남포동,60대이상,1182,893,2786
202408,2611059000,중구 영주1동,20대,44,15,67
202408,2611059000,중구 영주1동,20대미만,7,0,26
202408,2611059000,중구 영주1동,30대,41,17,51
202408,2611059000,중구 영주1동,40대,29,20,64
202408,2611059000,중구 영주1동,50대,51,25,74
202408,2611059000,중구 영주1동,60대이상,131,21,93
202408,2611060000,중구 영주2동,20대,398,39,113
202408,2611060000,중구 영주2동,20대미만,302,22,78
202408,2611060000,중구 영주2동,30대,363,50,117
202408,2611060000,중구 영주2동,40대,523,59,149
202408,2611060000,중구 영주2동,50대,888,89,208
202408,2611060000,중구 영주2동,60대이상,2656,99,446
202408,2614051000,서구 동대신1동,20대,318,36,162
202408,2614051000,서구 동대신1동,20대미만,260,10,116
202408,2614051000,서구 동대신1동,30대,402,41,124
202408,2614051000,서구 동대신1동,40대,469,45,161
202408,2614051000,서구 동대신1동,50대,557,64,196
202408,2614051000,서구 동대신1동,60대이상,1515,93,376
202408,2614052000,서구 동대신2동,20대,178,9,45
202408,2614052000,서구 동대신2동,20대미만,132,9,40
202408,2614052000,서구 동대신2동,30대,148,13,40
202408,2614052000,서구 동대신2동,40대,300,28,54
202408,2614052000,서구 동대신2동,50대,388,38,74
202408,2614052000,서구 동대신2동,60대이상,1412,34,199
202408,2614053000,서구 동대신3동,20대,743,301,531
202408,2614053000,서구 동대신3동,20대미만,558,210,370
202408,2614053000,서구 동대신3동,30대,488,270,436
202408,2614053000,서구 동대신3동,40대,649,263,562
202408,2614053000,서구 동대신3동,50대,782,280,691
202408,2614053000,서구 동대신3동,60대이상,2235,217,1365
202408,2614054000,서구 서대신1동,20대,1136,152,318
202408,2614054000,서구 서대신1동,20대미만,1245,28,207
202408,2614054000,서구 서대신1동,30대,1315,167,306
202408,2614054000,서구 서대신1동,40대,1714,204,368
202408,2614054000,서구 서대신1동,50대,1629,238,450
202408,2614054000,서구 서대신1동,60대이상,3822,223,804
202408,2614056000,서구 서대신3동,20대,282,43,96
202408,2614056000,서구 서대신3동,20대미만,332,26,121
202408,2614056000,서구 서대신3동,30대,271,59,116
202408,2614056000,서구 서대신3동,40대,383,74,154
202408,2614056000,서구 서대신3동,50대,497,63,182
202408,2614056000,서구 서대신3동,60대이상,1047,84,343
202408,2614057000,서구 서대신4동,20대,473,55,180
202408,2614057000,서구 서대신4동,20대미만,534,46,135
202408,2614057000,서구 서대신4동,30대,455,47,133
202408,2614057000,서구 서대신4동,40대,731,81,193
202408,2614057000,서구 서대신4동,50대,856,95,275
202408,2614057000,서구 서대신4동,60대이상,1979,99,549
202408,2614059000,서구 부민동,20대,531,84,223
202408,2614059000,서구 부민동,20대미만,330,19,107
202408,2614059000,서구 부민동,30대,334,63,118
202408,2614059000,서구 부민동,40대,472,67,145
202408,2614059000,서구 부민동,50대,557,77,183
202408,2614059000,서구 부민동,60대이상,1295,63,297
202408,2614061500,서구 아미동,20대,507,58,238
202408,2614061500,서구 아미동,20대미만,188,4,73
202408,2614061500,서구 아미동,30대,453,84,240
202408,2614061500,서구 아미동,40대,415,75,202
202408,2614061500,서구 아미동,50대,650,107,252
202408,2614061500,서구 아미동,60대이상,2628,94,510
202408,2614063000,서구 초장동,20대,184,23,66
202408,2614063000,서구 초장동,20대미만,112,4,41
202408,2614063000,서구 초장동,30대,170,12,57
202408,2614063000,서구 초장동,40대,306,16,94
202408,2614063000,서구 초장동,50대,484,46,144
202408,2614063000,서구 초장동,60대이상,1724,60,281
202408,2614064000,서구 충무동,20대,613,90,156
202408,2614064000,서구 충무동,20대미만,298,47,87
202408,2614064000,서구 충무동,30대,446,112,138
202408,2614064000,서구 충무동,40대,597,119,182
202408,2614064000,서구 충무동,50대,764,158,259
202408,2614064000,서구 충무동,60대이상,2200,147,547
202408,2614065000,서구 남부민1동,20대,158,16,65
202408,2614065000,서구 남부민1동,20대미만,66,2,28
202408,2614065000,서구 남부민1동,30대,88,28,55
202408,2614065000,서구 남부민1동,40대,226,33,96
202408,2614065000,서구 남부민1동,50대,434,54,124
202408,2614065000,서구 남부민1동,60대이상,1289,65,280
202408,2614066000,서구 남부민2동,20대,416,50,243
202408,2614066000,서구 남부민2동,20대미만,363,28,184
202408,2614066000,서구 남부민2동,30대,394,67,289
202408,2614066000,서구 남부민2동,40대,599,86,340
202408,2614066000,서구 남부민2동,50대,935,109,376
202408,2614066000,서구 남부민2동,60대이상,3245,115,817
202408,2614068000,서구 암남동,20대,1180,408,862
202408,2614068000,서구 암남동,20대미만,793,27,413
202408,2614068000,서구 암남동,30대,1118,458,816
202408,2614068000,서구 암남동,40대,1447,523,1063
202408,2614068000,서구 암남동,50대,1903,600,1249
202408,2614068000,서구 암남동,60대이상,4777,445,1936
202408,2617051000,동구 초량1동,20대,142,158,505
202408,2617051000,동구 초량1동,20대미만,111,6,153
202408,2617051000,동구 초량1동,30대,145,227,403
202408,2617051000,동구 초량1동,40대,220,197,351
202408,2617051000,동구 초량1동,50대,340,171,439
202408,2617051000,동구 초량1동,60대이상,924,129,560
202408,2617052000,동구 초량2동,20대,298,159,846
202408,2617052000,동구 초량2동,20대미만,241,98,293
202408,2617052000,동구 초량2동,30대,286,190,580
202408,2617052000,동구 초량2동,40대,409,179,555
202408,2617052000,동구 초량2동,50대,675,199,693
202408,2617052000,동구 초량2동,60대이상,2051,223,1290
202408,2617053000,동구 초량3동,20대,1152,456,1677
202408,2617053000,동구 초량3동,20대미만,671,52,598
202408,2617053000,동구 초량3동,30대,1629,592,1348
202408,2617053000,동구 초량3동,40대,1467,500,1307
202408,2617053000,동구 초량3동,50대,1232,556,1603
202408,2617053000,동구 초량3동,60대이상,2241,431,2066
202408,2617055000,동구 초량6동,20대,82,28,145
202408,2617055000,동구 초량6동,20대미만,59,28,102
202408,2617055000,동구 초량6동,30대,74,27,145
202408,2617055000,동구 초량6동,40대,110,34,176
202408,2617055000,동구 초량6동,50대,199,48,168
202408,2617055000,동구 초량6동,60대이상,498,29,194
202408,2617056000,동구 수정1동,20대,285,71,186
202408,2617056000,동구 수정1동,20대미만,272,22,107
202408,2617056000,동구 수정1동,30대,255,75,172
202408,2617056000,동구 수정1동,40대,392,81,159
202408,2617056000,동구 수정1동,50대,478,83,210
202408,2617056000,동구 수정1동,60대이상,1390,84,394
202408,2617057000,동구 수정2동,20대,427,72,123
202408,2617057000,동구 수정2동,20대미만,354,78,122
202408,2617057000,동구 수정2동,30대,586,107,155
202408,2617057000,동구 수정2동,40대,661,135,189
202408,2617057000,동구 수정2동,50대,922,180,254
202408,2617057000,동구 수정2동,60대이상,2997,158,507
202408,2617059000,동구 수정4동,20대,120,20,33
202408,2617059000,동구 수정4동,20대미만,100,3,28
202408,2617059000,동구 수정4동,30대,118,10,29
202408,2617059000,동구 수정4동,40대,194,16,47
202408,2617059000,동구 수정4동,50대,400,32,67
202408,2617059000,동구 수정4동,60대이상,1421,36,177
202408,2617060000,동구 수정5동,20대,275,20,48
202408,2617060000,동구 수정5동,20대미만,260,11,39
202408,2617060000,동구 수정5동,30대,210,36,45
202408,2617060000,동구 수정5동,40대,379,45,73
202408,2617060000,동구 수정5동,50대,613,58,91
202408,2617060000,동구 수정5동,60대이상,2145,58,218
202408,2617064500,동구 좌천동,20대,294,29,181
202408,2617064500,동구 좌천동,20대미만,171,50,204
202408,2617064500,동구 좌천동,30대,296,38,205
202408,2617064500,동구 좌천동,40대,271,43,245
202408,2617064500,동구 좌천동,50대,418,78,335
202408,2617064500,동구 좌천동,60대이상,1428,56,769
202408,2617065000,동구 범일1동,20대,599,64,190
202408,2617065000,동구 범일1동,20대미만,316,67,96
202408,2617065000,동구 범일1동,30대,668,104,224
202408,2617065000,동구 범일1동,40대,780,119,227
202408,2617065000,동구 범일1동,50대,1105,145,281
202408,2617065000,동구 범일1동,60대이상,4089,178,581
202408,2617066000,동구 범일2동,20대,626,379,594
202408,2617066000,동구 범일2동,20대미만,335,45,167
202408,2617066000,동구 범일2동,30대,711,680,778
202408,2617066000,동구 범일2동,40대,721,863,823
202408,2617066000,동구 범일2동,50대,948,973,1038
202408,2617066000,동구 범일2동,60대이상,2229,828,1914
202408,2617068000,동구 범일5동,20대,578,88,417
202408,2617068000,동구 범일5동,20대미만,433,106,190
202408,2617068000,동구 범일5동,30대,1337,133,505
202408,2617068000,동구 범일5동,40대,997,190,588
202408,2617068000,동구 범일5동,50대,837,225,732
202408,2617068000,동구 범일5동,60대이상,1681,370,1465
202408,2620053000,영도구 남항동,20대,630,206,543
202408,2620053000,영도구 남항동,20대미만,449,22,255
202408,2620053000,영도구 남항동,30대,646,261,536
202408,2620053000,영도구 남항동,40대,874,343,666
202408,2620053000,영도구 남항동,50대,1366,455,953
202408,2620053000,영도구 남항동,60대이상,4281,513,1914
202408,2620054000,영도구 영선1동,20대,61,12,40
202408,2620054000,영도구 영선1동,20대미만,52,3,29
202408,2620054000,영도구 영선1동,30대,68,17,46
202408,2620054000,영도구 영선1동,40대,95,31,75
202408,2620054000,영도구 영선1동,50대,157,49,116
202408,2620054000,영도구 영선1동,60대이상,471,73,253
202408,2620055000,영도구 영선2동,20대,422,34,203
202408,2620055000,영도구 영선2동,20대미만,426,53,105
202408,2620055000,영도구 영선2동,30대,446,50,139
202408,2620055000,영도구 영선2동,40대,501,91,151
202408,2620055000,영도구 영선2동,50대,897,101,202
202408,2620055000,영도구 영선2동,60대이상,2938,129,457
202408,2620058500,영도구 신선동,20대,270,33,70
202408,2620058500,영도구 신선동,20대미만,282,57,106
202408,2620058500,영도구 신선동,30대,323,32,82
202408,2620058500,영도구 신선동,40대,557,55,123
202408,2620058500,영도구 신선동,50대,902,90,147
202408,2620058500,영도구 신선동,60대이상,3020,87,335
202408,2620059000,영도구 봉래1동,20대,284,41,178
202408,2620059000,영도구 봉래1동,20대미만,310,6,122
202408,2620059000,영도구 봉래1동,30대,327,80,216
202408,2620059000,영도구 봉래1동,40대,462,101,261
202408,2620059000,영도구 봉래1동,50대,588,141,312
202408,2620059000,영도구 봉래1동,60대이상,1983,200,543
202408,2620060500,영도구 봉래2동,20대,381,37,111
202408,2620060500,영도구 봉래2동,20대미만,351,13,108
202408,2620060500,영도구 봉래2동,30대,501,67,134
202408,2620060500,영도구 봉래2동,40대,602,126,168
202408,2620060500,영도구 봉래2동,50대,889,139,210
202408,2620060500,영도구 봉래2동,60대이상,2474,163,434
202408,2620063000,영도구 청학1동,20대,227,50,106
202408,2620063000,영도구 청학1동,20대미만,215,4,70
202408,2620063000,영도구 청학1동,30대,271,61,107
202408,2620063000,영도구 청학1동,40대,422,150,193
202408,2620063000,영도구 청학1동,50대,559,189,238
202408,2620063000,영도구 청학1동,60대이상,1955,141,387
202408,2620064000,영도구 청학2동,20대,830,142,276
202408,2620064000,영도구 청학2동,20대미만,981,17,165
202408,2620064000,영도구 청학2동,30대,1066,226,281
202408,2620064000,영도구 청학2동,40대,1412,285,376
202408,2620064000,영도구 청학2동,50대,1803,371,448
202408,2620064000,영도구 청학2동,60대이상,5221,283,845
202408,2620065000,영도구 동삼1동,20대,1879,338,439
202408,2620065000,영도구 동삼1동,20대미만,1959,152,398
202408,2620065000,영도구 동삼1동,30대,1811,330,500
202408,2620065000,영도구 동삼1동,40대,2416,400,598
202408,2620065000,영도구 동삼1동,50대,3340,493,685
202408,2620065000,영도구 동삼1동,60대이상,9221,403,1201
202408,2620066000,영도구 동삼2동,20대,523,169,666
202408,2620066000,영도구 동삼2동,20대미만,291,52,566
202408,2620066000,영도구 동삼2동,30대,376,126,561
202408,2620066000,영도구 동삼2동,40대,526,161,703
202408,2620066000,영도구 동삼2동,50대,547,160,781
202408,2620066000,영도구 동삼2동,60대이상,1388,103,1084
202408,2620067000,영도구 동삼3동,20대,419,64,224
202408,2620067000,영도구 동삼3동,20대미만,384,56,179
202408,2620067000,영도구 동삼3동,30대,468,82,270
202408,2620067000,영도구 동삼3동,40대,657,97,311
202408,2620067000,영도구 동삼3동,50대,1029,122,382
202408,2620067000,영도구 동삼3동,60대이상,3912,154,713
202408,2623051000,부산진구 부전1동,20대,2487,795,1910
202408,2623051000,부산진구 부전1동,20대미만,459,47,465
202408,2623051000,부산진구 부전1동,30대,1890,914,1332
202408,2623051000,부산진구 부전1동,40대,1211,742,1200
202408,2623051000,부산진구 부전1동,50대,1566,952,1687
202408,2623051000,부산진구 부전1동,60대이상,3510,1326,4290
202408,2623052000,부산진구 부전2동,20대,2014,2106,7063
202408,2623052000,부산진구 부전2동,20대미만,446,164,1700
202408,2623052000,부산진구 부전2동,30대,1796,1445,3480
202408,2623052000,부산진구 부전2동,40대,1225,982,2206
202408,2623052000,부산진구 부전2동,50대,1207,956,1991
202408,2623052000,부산진구 부전2동,60대이상,1837,779,2697
202408,2623054000,부산진구 연지동,20대,689,77,158
202408,2623054000,부산진구 연지동,20대미만,661,25,155
202408,2623054000,부산진구 연지동,30대,940,90,217
202408,2623054000,부산진구 연지동,40대,1178,133,240
202408,2623054000,부산진구 연지동,50대,1386,152,261
202408,2623054000,부산진구 연지동,60대이상,3796,162,527
202408,2623055000,부산진구 초읍동,20대,1339,179,388
202408,2623055000,부산진구 초읍동,20대미만,1809,123,289
202408,2623055000,부산진구 초읍동,30대,1728,213,533
202408,2623055000,부산진구 초읍동,40대,2174,285,603
202408,2623055000,부산진구 초읍동,50대,2688,429,750
202408,2623055000,부산진구 초읍동,60대이상,7670,378,1415
202408,2623056000,부산진구 양정1동,20대,1762,400,696
202408,2623056000,부산진구 양정1동,20대미만,1330,292,348
202408,2623056000,부산진구 양정1동,30대,1743,347,662
202408,2623056000,부산진구 양정1동,40대,1795,417,615
202408,2623056000,부산진구 양정1동,50대,2456,510,738
202408,2623056000,부산진구 양정1동,60대이상,5470,451,1152
202408,2623057000,부산진구 양정2동,20대,1798,199,469
202408,2623057000,부산진구 양정2동,20대미만,543,158,192
202408,2623057000,부산진구 양정2동,30대,1582,241,404
202408,2623057000,부산진구 양정2동,40대,1062,249,422
202408,2623057000,부산진구 양정2동,50대,983,300,577
202408,2623057000,부산진구 양정2동,60대이상,2114,211,885
202408,2623060000,부산진구 전포1동,20대,2932,807,2098
202408,2623060000,부산진구 전포1동,20대미만,678,213,561
202408,2623060000,부산진구 전포1동,30대,2804,588,1073
202408,2623060000,부산진구 전포1동,40대,1472,388,580
202408,2623060000,부산진구 전포1동,50대,1638,353,519
202408,2623060000,부산진구 전포1동,60대이상,2923,296,638
202408,2623061000,부산진구 전포2동,20대,2388,559,1853
202408,2623061000,부산진구 전포2동,20대미만,958,52,528
202408,2623061000,부산진구 전포2동,30대,2652,501,1117
202408,2623061000,부산진구 전포2동,40대,2151,369,679
202408,2623061000,부산진구 전포2동,50대,2334,437,632
202408,2623061000,부산진구 전포2동,60대이상,5368,381,1066
202408,2623064000,부산진구 부암1동,20대,1625,184,465
202408,2623064000,부산진구 부암1동,20대미만,1185,29,210
202408,2623064000,부산진구 부암1동,30대,2324,277,555
202408,2623064000,부산진구 부암1동,40대,1957,270,482
202408,2623064000,부산진구 부암1동,50대,2305,309,605
202408,2623064000,부산진구 부암1동,60대이상,5099,278,983
202408,2623066000,부산진구 부암3동,20대,1248,113,343
202408,2623066000,부산진구 부암3동,20대미만,1531,76,369
202408,2623066000,부산진구 부암3동,30대,1860,130,382
202408,2623066000,부산진구 부암3동,40대,1893,203,461
202408,2623066000,부산진구 부암3동,50대,2599,284,659
202408,2623066000,부산진구 부암3동,60대이상,4800,275,1389
202408,2623067000,부산진구 당감1동,20대,1432,153,330
202408,2623067000,부산진구 당감1동,20대미만,1249,93,303
202408,2623067000,부산진구 당감1동,30대,1433,159,359
202408,2623067000,부산진구 당감1동,40대,1753,203,395
202408,2623067000,부산진구 당감1동,50대,2971,318,579
202408,2623067000,부산진구 당감1동,60대이상,5945,341,989
202408,2623068000,부산진구 당감2동,20대,408,41,166
202408,2623068000,부산진구 당감2동,20대미만,342,11,95
202408,2623068000,부산진구 당감2동,30대,570,68,229
202408,2623068000,부산진구 당감2동,40대,742,61,217
202408,2623068000,부산진구 당감2동,50대,733,97,268
202408,2623068000,부산진구 당감2동,60대이상,1658,93,482
202408,2623070000,부산진구 당감4동,20대,581,52,190
202408,2623070000,부산진구 당감4동,20대미만,799,40,156
202408,2623070000,부산진구 당감4동,30대,664,70,269
202408,2623070000,부산진구 당감4동,40대,852,71,264
202408,2623070000,부산진구 당감4동,50대,1202,131,338
202408,2623070000,부산진구 당감4동,60대이상,2635,141,574
202408,2623071000,부산진구 가야1동,20대,1794,344,681
202408,2623071000,부산진구 가야1동,20대미만,1160,84,457
202408,2623071000,부산진구 가야1동,30대,1195,205,542
202408,2623071000,부산진구 가야1동,40대,1517,250,568
202408,2623071000,부산진구 가야1동,50대,1919,338,689
202408,2623071000,부산진구 가야1동,60대이상,5233,300,1240
202408,2623072000,부산진구 가야2동,20대,788,61,345
202408,2623072000,부산진구 가야2동,20대미만,669,55,263
202408,2623072000,부산진구 가야2동,30대,955,81,371
202408,2623072000,부산진구 가야2동,40대,983,95,369
202408,2623072000,부산진구 가야2동,50대,1231,162,509
202408,2623072000,부산진구 가야2동,60대이상,3345,206,963
202408,2623074000,부산진구 개금1동,20대,2239,177,491
202408,2623074000,부산진구 개금1동,20대미만,764,30,265
202408,2623074000,부산진구 개금1동,30대,1833,171,407
202408,2623074000,부산진구 개금1동,40대,1493,200,395
202408,2623074000,부산진구 개금1동,50대,1734,228,506
202408,2623074000,부산진구 개금1동,60대이상,3771,262,832
202408,2623075000,부산진구 개금2동,20대,790,151,459
202408,2623075000,부산진구 개금2동,20대미만,627,17,180
202408,2623075000,부산진구 개금2동,30대,603,183,384
202408,2623075000,부산진구 개금2동,40대,786,152,377
202408,2623075000,부산진구 개금2동,50대,1162,177,438
202408,2623075000,부산진구 개금2동,60대이상,2939,155,899
202408,2623076000,부산진구 개금3동,20대,1586,147,290
202408,2623076000,부산진구 개금3동,20대미만,1525,77,299
202408,2623076000,부산진구 개금3동,30대,1992,166,395
202408,2623076000,부산진구 개금3동,40대,2000,205,368
202408,2623076000,부산진구 개금3동,50대,2991,316,500
202408,2623076000,부산진구 개금3동,60대이상,7399,326,905
202408,2623077000,부산진구 범천1동,20대,1668,448,1074
202408,2623077000,부산진구 범천1동,20대미만,457,16,351
202408,2623077000,부산진구 범천1동,30대,1755,599,1046
202408,2623077000,부산진구 범천1동,40대,1166,578,968
202408,2623077000,부산진구 범천1동,50대,1227,687,1145
202408,2623077000,부산진구 범천1동,60대이상,2720,610,2026
202408,2623078000,부산진구 범천2동,20대,1424,122,359
202408,2623078000,부산진구 범천2동,20대미만,694,12,151
202408,2623078000,부산진구 범천2동,30대,2392,179,420
202408,2623078000,부산진구 범천2동,40대,1975,192,337
202408,2623078000,부산진구 범천2동,50대,2114,260,397
202408,2623078000,부산진구 범천2동,60대이상,5490,270,774
202408,2626051000,동래구 수민동,20대,1750,245,525
202408,2626051000,동래구 수민동,20대미만,1522,50,492
202408,2626051000,동래구 수민동,30대,1902,370,623
202408,2626051000,동래구 수민동,40대,2244,412,805
202408,2626051000,동래구 수민동,50대,2725,507,1013
202408,2626051000,동래구 수민동,60대이상,8179,463,2096
202408,2626052000,동래구 복산동,20대,480,58,122
202408,2626052000,동래구 복산동,20대미만,341,15,107
202408,2626052000,동래구 복산동,30대,482,62,124
202408,2626052000,동래구 복산동,40대,602,84,187
202408,2626052000,동래구 복산동,50대,1094,116,248
202408,2626052000,동래구 복산동,60대이상,3203,158,439
202408,2626054500,동래구 명륜동,20대,1505,469,1431
202408,2626054500,동래구 명륜동,20대미만,2488,250,705
202408,2626054500,동래구 명륜동,30대,2036,525,1198
202408,2626054500,동래구 명륜동,40대,3625,622,1236
202408,2626054500,동래구 명륜동,50대,3164,797,1463
202408,2626054500,동래구 명륜동,60대이상,4770,639,2593
202408,2626055000,동래구 온천1동,20대,2506,378,913
202408,2626055000,동래구 온천1동,20대미만,1652,165,578
202408,2626055000,동래구 온천1동,30대,3093,431,1082
202408,2626055000,동래구 온천1동,40대,2829,493,1201
202408,2626055000,동래구 온천1동,50대,2783,627,1351
202408,2626055000,동래구 온천1동,60대이상,5403,522,2061
202408,2626056000,동래구 온천2동,20대,885,198,428
202408,2626056000,동래구 온천2동,20대미만,1376,73,277
202408,2626056000,동래구 온천2동,30대,1175,295,426
202408,2626056000,동래구 온천2동,40대,1660,279,538
202408,2626056000,동래구 온천2동,50대,1532,295,625
202408,2626056000,동래구 온천2동,60대이상,3566,288,1153
202408,2626057000,동래구 온천3동,20대,3091,281,1320
202408,2626057000,동래구 온천3동,20대미만,2281,139,1635
202408,2626057000,동래구 온천3동,30대,3198,287,1970
202408,2626057000,동래구 온천3동,40대,3452,430,2363
202408,2626057000,동래구 온천3동,50대,4318,539,2044
202408,2626057000,동래구 온천3동,60대이상,9472,490,3792
202408,2626058000,동래구 사직1동,20대,636,239,654
202408,2626058000,동래구 사직1동,20대미만,908,146,802
202408,2626058000,동래구 사직1동,30대,841,217,632
202408,2626058000,동래구 사직1동,40대,1049,225,836
202408,2626058000,동래구 사직1동,50대,985,237,849
202408,2626058000,동래구 사직1동,60대이상,2424,248,1364
202408,2626059000,동래구 사직2동,20대,1696,154,1003
202408,2626059000,동래구 사직2동,20대미만,3139,256,1010
202408,2626059000,동래구 사직2동,30대,1478,163,734
202408,2626059000,동래구 사직2동,40대,2896,312,1025
202408,2626059000,동래구 사직2동,50대,3055,334,925
202408,2626059000,동래구 사직2동,60대이상,4310,254,1388
202408,2626060000,동래구 사직3동,20대,1049,152,334
202408,2626060000,동래구 사직3동,20대미만,1718,74,463
202408,2626060000,동래구 사직3동,30대,1192,195,329
202408,2626060000,동래구 사직3동,40대,2171,264,483
202408,2626060000,동래구 사직3동,50대,1787,267,505
202408,2626060000,동래구 사직3동,60대이상,4049,206,759
202408,2626074000,동래구 안락1동,20대,764,145,310
202408,2626074000,동래구 안락1동,20대미만,690,20,222
202408,2626074000,동래구 안락1동,30대,840,172,388
202408,2626074000,동래구 안락1동,40대,1047,206,513
202408,2626074000,동래구 안락1동,50대,1351,285,699
202408,2626074000,동래구 안락1동,60대이상,4077,324,1353
202408,2626075000,동래구 안락2동,20대,1742,229,403
202408,2626075000,동래구 안락2동,20대미만,1951,106,388
202408,2626075000,동래구 안락2동,30대,2005,287,444
202408,2626075000,동래구 안락2동,40대,2508,424,603
202408,2626075000,동래구 안락2동,50대,3286,479,639
202408,2626075000,동래구 안락2동,60대이상,6988,368,1115
202408,2626076100,동래구 명장1동,20대,826,92,192
202408,2626076100,동래구 명장1동,20대미만,1006,178,178
202408,2626076100,동래구 명장1동,30대,1051,124,224
202408,2626076100,동래구 명장1동,40대,1385,169,300
202408,2626076100,동래구 명장1동,50대,1533,231,374
202408,2626076100,동래구 명장1동,60대이상,4325,249,759
202408,2626076200,동래구 명장2동,20대,451,38,92
202408,2626076200,동래구 명장2동,20대미만,436,141,182
202408,2626076200,동래구 명장2동,30대,608,47,134
202408,2626076200,동래구 명장2동,40대,741,79,160
202408,2626076200,동래구 명장2동,50대,939,124,187
202408,2626076200,동래구 명장2동,60대이상,2352,123,394
202408,2629051000,남구 대연1동,20대,2703,261,1181
202408,2629051000,남구 대연1동,20대미만,855,64,624
202408,2629051000,남구 대연1동,30대,1176,211,874
202408,2629051000,남구 대연1동,40대,1219,251,960
202408,2629051000,남구 대연1동,50대,1688,311,1082
202408,2629051000,남구 대연1동,60대이상,4305,283,1778
202408,2629053000,남구 대연3동,20대,5421,1572,2442
202408,2629053000,남구 대연3동,20대미만,3800,282,1115
202408,2629053000,남구 대연3동,30대,3088,808,1224
202408,2629053000,남구 대연3동,40대,4275,827,1219
202408,2629053000,남구 대연3동,50대,3816,787,1367
202408,2629053000,남구 대연3동,60대이상,6414,547,1662
202408,2629054000,남구 대연4동,20대,802,70,181
202408,2629054000,남구 대연4동,20대미만,976,49,191
202408,2629054000,남구 대연4동,30대,1393,96,215
202408,2629054000,남구 대연4동,40대,1403,130,271
202408,2629054000,남구 대연4동,50대,1299,159,320
202408,2629054000,남구 대연4동,60대이상,3187,171,656
202408,2629055000,남구 대연5동,20대,1779,193,422
202408,2629055000,남구 대연5동,20대미만,1005,100,266
202408,2629055000,남구 대연5동,30대,1138,191,308
202408,2629055000,남구 대연5동,40대,1500,223,340
202408,2629055000,남구 대연5동,50대,1781,264,406
202408,2629055000,남구 대연5동,60대이상,4031,249,700
202408,2629056000,남구 대연6동,20대,912,124,186
202408,2629056000,남구 대연6동,20대미만,1436,93,214
202408,2629056000,남구 대연6동,30대,1233,184,227
202408,2629056000,남구 대연6동,40대,1937,241,284
202408,2629056000,남구 대연6동,50대,1593,239,325
202408,2629056000,남구 대연6동,60대이상,2850,152,501
202408,2629057000,남구 용호1동,20대,2579,325,569
202408,2629057000,남구 용호1동,20대미만,4049,133,468
202408,2629057000,남구 용호1동,30대,2593,289,627
202408,2629057000,남구 용호1동,40대,4643,469,747
202408,2629057000,남구 용호1동,50대,5855,588,891
202408,2629057000,남구 용호1동,60대이상,10484,477,1648
202408,2629058000,남구 용호2동,20대,1158,174,389
202408,2629058000,남구 용호2동,20대미만,1572,43,215
202408,2629058000,남구 용호2동,30대,1542,143,348
202408,2629058000,남구 용호2동,40대,2037,214,475
202408,2629058000,남구 용호2동,50대,2078,232,509
202408,2629058000,남구 용호2동,60대이상,4938,207,855
202408,2629059000,남구 용호3동,20대,688,112,203
202408,2629059000,남구 용호3동,20대미만,722,192,234
202408,2629059000,남구 용호3동,30대,675,96,228
202408,2629059000,남구 용호3동,40대,920,169,320
202408,2629059000,남구 용호3동,50대,1389,218,426
202408,2629059000,남구 용호3동,60대이상,4353,250,778
202408,2629060000,남구 용호4동,20대,476,150,327
202408,2629060000,남구 용호4동,20대미만,499,50,181
202408,2629060000,남구 용호4동,30대,441,62,212
202408,2629060000,남구 용호4동,40대,681,98,245
202408,2629060000,남구 용호4동,50대,815,136,310
202408,2629060000,남구 용호4동,60대이상,2137,161,640
202408,2629061000,남구 용당동,20대,555,205,248
202408,2629061000,남구 용당동,20대미만,433,30,132
202408,2629061000,남구 용당동,30대,381,201,229
202408,2629061000,남구 용당동,40대,642,224,399
202408,2629061000,남구 용당동,50대,1045,252,538
202408,2629061000,남구 용당동,60대이상,2074,197,650
202408,2629062000,남구 감만1동,20대,455,107,211
202408,2629062000,남구 감만1동,20대미만,306,27,78
202408,2629062000,남구 감만1동,30대,351,174,288
202408,2629062000,남구 감만1동,40대,484,192,408
202408,2629062000,남구 감만1동,50대,676,207,550
202408,2629062000,남구 감만1동,60대이상,1876,206,579
202408,2629063000,남구 감만2동,20대,268,17,135
202408,2629063000,남구 감만2동,20대미만,278,15,154
202408,2629063000,남구 감만2동,30대,252,30,141
202408,2629063000,남구 감만2동,40대,437,34,198
202408,2629063000,남구 감만2동,50대,681,76,337
202408,2629063000,남구 감만2동,60대이상,1912,85,779
202408,2629064500,남구 우암동,20대,698,116,287
202408,2629064500,남구 우암동,20대미만,823,62,188
202408,2629064500,남구 우암동,30대,707,128,326
202408,2629064500,남구 우암동,40대,1092,178,404
202408,2629064500,남구 우암동,50대,1396,269,642
202408,2629064500,남구 우암동,60대이상,4774,244,1157
202408,2629068000,남구 문현1동,20대,605,53,167
202408,2629068000,남구 문현1동,20대미만,649,67,245
202408,2629068000,남구 문현1동,30대,452,61,242
202408,2629068000,남구 문현1동,40대,753,94,274
202408,2629068000,남구 문현1동,50대,1121,133,367
202408,2629068000,남구 문현1동,60대이상,2674,125,648
202408,2629069000,남구 문현2동,20대,435,334,357
202408,2629069000,남구 문현2동,20대미만,182,36,165
202408,2629069000,남구 문현2동,30대,642,651,455
202408,2629069000,남구 문현2동,40대,490,494,417
202408,2629069000,남구 문현2동,50대,556,404,504
202408,2629069000,남구 문현2동,60대이상,1799,239,762
202408,2629070000,남구 문현3동,20대,589,99,754
202408,2629070000,남구 문현3동,20대미만,813,31,865
202408,2629070000,남구 문현3동,30대,853,100,698
202408,2629070000,남구 문현3동,40대,1279,126,1063
202408,2629070000,남구 문현3동,50대,1127,150,1319
202408,2629070000,남구 문현3동,60대이상,3204,197,2737
202408,2629071000,남구 문현4동,20대,440,94,189
202408,2629071000,남구 문현4동,20대미만,299,44,114
202408,2629071000,남구 문현4동,30대,497,116,235
202408,2629071000,남구 문현4동,40대,522,96,225
202408,2629071000,남구 문현4동,50대,650,104,243
202408,2629071000,남구 문현4동,60대이상,1736,97,393
202408,2632051000,북구 구포1동,20대,1084,167,451
202408,2632051000,북구 구포1동,20대미만,689,9,183
202408,2632051000,북구 구포1동,30대,1323,188,536
202408,2632051000,북구 구포1동,40대,1198,233,538
202408,2632051000,북구 구포1동,50대,1758,417,902
202408,2632051000,북구 구포1동,60대이상,4500,522,1949
202408,2632052000,북구 구포2동,20대,1827,192,321
202408,2632052000,북구 구포2동,20대미만,1199,121,199
202408,2632052000,북구 구포2동,30대,1924,274,349
202408,2632052000,북구 구포2동,40대,2114,338,386
202408,2632052000,북구 구포2동,50대,2912,442,553
202408,2632052000,북구 구포2동,60대이상,7129,395,999
202408,2632052100,북구 구포3동,20대,1530,119,209
202408,2632052100,북구 구포3동,20대미만,1238,137,129
202408,2632052100,북구 구포3동,30대,1245,101,180
202408,2632052100,북구 구포3동,40대,1686,167,208
202408,2632052100,북구 구포3동,50대,2827,299,337
202408,2632052100,북구 구포3동,60대이상,5942,269,564
202408,2632053000,북구 금곡동,20대,2327,217,395
202408,2632053000,북구 금곡동,20대미만,2278,99,353
202408,2632053000,북구 금곡동,30대,2413,256,512
202408,2632053000,북구 금곡동,40대,3044,337,582
202408,2632053000,북구 금곡동,50대,4832,547,867
202408,2632053000,북구 금곡동,60대이상,12319,492,1539
202408,2632054100,북구 화명1동,20대,2806,256,984
202408,2632054100,북구 화명1동,20대미만,3163,74,1033
202408,2632054100,북구 화명1동,30대,3380,249,1150
202408,2632054100,북구 화명1동,40대,3597,332,1245
202408,2632054100,북구 화명1동,50대,5324,469,1450
202408,2632054100,북구 화명1동,60대이상,7919,407,2164
202408,2632054200,북구 화명2동,20대,1442,157,340
202408,2632054200,북구 화명2동,20대미만,1421,100,322
202408,2632054200,북구 화명2동,30대,1572,146,391
202408,2632054200,북구 화명2동,40대,1578,187,386
202408,2632054200,북구 화명2동,50대,2338,296,582
202408,2632054200,북구 화명2동,60대이상,4468,250,906
202408,2632054300,북구 화명3동,20대,2087,373,840
202408,2632054300,북구 화명3동,20대미만,2506,257,679
202408,2632054300,북구 화명3동,30대,1676,302,729
202408,2632054300,북구 화명3동,40대,2514,382,758
202408,2632054300,북구 화명3동,50대,3377,541,972
202408,2632054300,북구 화명3동,60대이상,4726,337,1427
202408,2632055000,북구 덕천1동,20대,1020,163,329
202408,2632055000,북구 덕천1동,20대미만,553,27,196
202408,2632055000,북구 덕천1동,30대,1443,166,357
202408,2632055000,북구 덕천1동,40대,1101,170,398
202408,2632055000,북구 덕천1동,50대,1465,282,511
202408,2632055000,북구 덕천1동,60대이상,4301,236,1028
202408,2632056000,북구 덕천2동,20대,943,382,1063
202408,2632056000,북구 덕천2동,20대미만,533,193,509
202408,2632056000,북구 덕천2동,30대,942,419,1046
202408,2632056000,북구 덕천2동,40대,898,363,993
202408,2632056000,북구 덕천2동,50대,1366,477,1297
202408,2632056000,북구 덕천2동,60대이상,3628,398,2207
202408,2632056100,북구 덕천3동,20대,373,17,70
202408,2632056100,북구 덕천3동,20대미만,251,2,35
202408,2632056100,북구 덕천3동,30대,370,25,86
202408,2632056100,북구 덕천3동,40대,566,36,83
202408,2632056100,북구 덕천3동,50대,805,70,135
202408,2632056100,북구 덕천3동,60대이상,2410,57,292
202408,2632057100,북구 만덕1동,20대,963,84,197
202408,2632057100,북구 만덕1동,20대미만,966,35,173
202408,2632057100,북구 만덕1동,30대,1936,127,320
202408,2632057100,북구 만덕1동,40대,1613,141,298
202408,2632057100,북구 만덕1동,50대,1544,140,314
202408,2632057100,북구 만덕1동,60대이상,4027,188,721
202408,2632057200,북구 만덕2동,20대,1758,137,286
202408,2632057200,북구 만덕2동,20대미만,2375,125,252
202408,2632057200,북구 만덕2동,30대,2418,180,368
202408,2632057200,북구 만덕2동,40대,2861,270,404
202408,2632057200,북구 만덕2동,50대,3081,303,465
202408,2632057200,북구 만덕2동,60대이상,7011,308,1022
202408,2632057300,북구 만덕3동,20대,1177,82,236
202408,2632057300,북구 만덕3동,20대미만,1143,30,205
202408,2632057300,북구 만덕3동,30대,1298,94,258
202408,2632057300,북구 만덕3동,40대,1527,133,286
202408,2632057300,북구 만덕3동,50대,2085,179,337
202408,2632057300,북구 만덕3동,60대이상,5330,212,680
202408,2635051000,해운대구 우1동,20대,1792,719,3419
202408,2635051000,해운대구 우1동,20대미만,2011,338,1940
202408,2635051000,해운대구 우1동,30대,2043,675,2864
202408,2635051000,해운대구 우1동,40대,2522,695,2978
202408,2635051000,해운대구 우1동,50대,2822,756,2551
202408,2635051000,해운대구 우1동,60대이상,6092,763,3024
202408,2635052000,해운대구 우2동,20대,1715,2131,2546
202408,2635052000,해운대구 우2동,20대미만,2332,517,1651
202408,2635052000,해운대구 우2동,30대,2367,2268,2725
202408,2635052000,해운대구 우2동,40대,3504,1705,2469
202408,2635052000,해운대구 우2동,50대,4030,1482,2147
202408,2635052000,해운대구 우2동,60대이상,6601,831,2683
202408,2635052500,해운대구 우3동,20대,1472,215,758
202408,2635052500,해운대구 우3동,20대미만,1964,70,559
202408,2635052500,해운대구 우3동,30대,1742,270,745
202408,2635052500,해운대구 우3동,40대,2952,397,887
202408,2635052500,해운대구 우3동,50대,3226,323,867
202408,2635052500,해운대구 우3동,60대이상,6166,343,1119
202408,2635053000,해운대구 중1동,20대,2003,684,2404
202408,2635053000,해운대구 중1동,20대미만,1977,97,1645
202408,2635053000,해운대구 중1동,30대,2329,634,2515
202408,2635053000,해운대구 중1동,40대,3292,661,2647
202408,2635053000,해운대구 중1동,50대,3469,768,2079
202408,2635053000,해운대구 중1동,60대이상,5886,622,2447
202408,2635054000,해운대구 중2동,20대,932,158,579
202408,2635054000,해운대구 중2동,20대미만,1355,33,298
202408,2635054000,해운대구 중2동,30대,1406,205,620
202408,2635054000,해운대구 중2동,40대,1877,211,635
202408,2635054000,해운대구 중2동,50대,1976,228,731
202408,2635054000,해운대구 중2동,60대이상,3898,206,1115
202408,2635055100,해운대구 좌1동,20대,1464,433,800
202408,2635055100,해운대구 좌1동,20대미만,1170,100,606
202408,2635055100,해운대구 좌1동,30대,1379,413,702
202408,2635055100,해운대구 좌1동,40대,1713,421,834
202408,2635055100,해운대구 좌1동,50대,2385,503,1016
202408,2635055100,해운대구 좌1동,60대이상,3431,383,1313
202408,2635055200,해운대구 좌2동,20대,2790,271,563
202408,2635055200,해운대구 좌2동,20대미만,2232,106,487
202408,2635055200,해운대구 좌2동,30대,3090,297,486
202408,2635055200,해운대구 좌2동,40대,3257,330,517
202408,2635055200,해운대구 좌2동,50대,4100,386,574
202408,2635055200,해운대구 좌2동,60대이상,6881,317,832
202408,2635055300,해운대구 좌3동,20대,1088,96,268
202408,2635055300,해운대구 좌3동,20대미만,1146,181,251
202408,2635055300,해운대구 좌3동,30대,1037,84,264
202408,2635055300,해운대구 좌3동,40대,1271,93,315
202408,2635055300,해운대구 좌3동,50대,2039,195,408
202408,2635055300,해운대구 좌3동,60대이상,4240,176,662
202408,2635055400,해운대구 좌4동,20대,1736,411,679
202408,2635055400,해운대구 좌4동,20대미만,2684,227,543
202408,2635055400,해운대구 좌4동,30대,1597,369,689
202408,2635055400,해운대구 좌4동,40대,2416,401,842
202408,2635055400,해운대구 좌4동,50대,2967,474,1053
202408,2635055400,해운대구 좌4동,60대이상,4752,372,1704
202408,2635056000,해운대구 송정동,20대,584,291,1738
202408,2635056000,해운대구 송정동,20대미만,568,115,919
202408,2635056000,해운대구 송정동,30대,782,305,1469
202408,2635056000,해운대구 송정동,40대,876,309,1523
202408,2635056000,해운대구 송정동,50대,1169,448,1367
202408,2635056000,해운대구 송정동,60대이상,3439,291,1671
202408,2635057000,해운대구 반여1동,20대,2775,394,584
202408,2635057000,해운대구 반여1동,20대미만,3995,137,434
202408,2635057000,해운대구 반여1동,30대,2808,422,688
202408,2635057000,해운대구 반여1동,40대,4144,532,802
202408,2635057000,해운대구 반여1동,50대,4916,695,1018
202408,2635057000,해운대구 반여1동,60대이상,8065,558,1734
202408,2635058000,해운대구 반여2동,20대,731,66,266
202408,2635058000,해운대구 반여2동,20대미만,458,25,143
202408,2635058000,해운대구 반여2동,30대,917,68,282
202408,2635058000,해운대구 반여2동,40대,1095,100,368
202408,2635058000,해운대구 반여2동,50대,1582,185,635
202408,2635058000,해운대구 반여2동,60대이상,4292,183,1093
202408,2635059000,해운대구 반여3동,20대,409,17,54
202408,2635059000,해운대구 반여3동,20대미만,200,4,34
202408,2635059000,해운대구 반여3동,30대,365,28,64
202408,2635059000,해운대구 반여3동,40대,500,34,63
202408,2635059000,해운대구 반여3동,50대,758,72,119
202408,2635059000,해운대구 반여3동,60대이상,1890,73,205
202408,2635059500,해운대구 반여4동,20대,699,44,154
202408,2635059500,해운대구 반여4동,20대미만,738,17,175
202408,2635059500,해운대구 반여4동,30대,646,56,198
202408,2635059500,해운대구 반여4동,40대,896,72,232
202408,2635059500,해운대구 반여4동,50대,1048,81,276
202408,2635059500,해운대구 반여4동,60대이상,1935,91,591
202408,2635061000,해운대구 반송1동,20대,704,88,134
202408,2635061000,해운대구 반송1동,20대미만,292,71,75
202408,2635061000,해운대구 반송1동,30대,603,125,146
202408,2635061000,해운대구 반송1동,40대,762,144,211
202408,2635061000,해운대구 반송1동,50대,1130,207,315
202408,2635061000,해운대구 반송1동,60대이상,3323,206,496
202408,2635062000,해운대구 반송2동,20대,1172,101,129
202408,2635062000,해운대구 반송2동,20대미만,1075,12,80
202408,2635062000,해운대구 반송2동,30대,1216,93,153
202408,2635062000,해운대구 반송2동,40대,2015,179,209
202408,2635062000,해운대구 반송2동,50대,2847,321,300
202408,2635062000,해운대구 반송2동,60대이상,8085,309,575
202408,2635065000,해운대구 재송1동,20대,2402,413,597
202408,2635065000,해운대구 재송1동,20대미만,4192,172,431
202408,2635065000,해운대구 재송1동,30대,2792,516,676
202408,2635065000,해운대구 재송1동,40대,5327,607,839
202408,2635065000,해운대구 재송1동,50대,4261,633,917
202408,2635065000,해운대구 재송1동,60대이상,6734,458,1356
202408,2635066000,해운대구 재송2동,20대,1605,146,287
202408,2635066000,해운대구 재송2동,20대미만,1208,38,207
202408,2635066000,해운대구 재송2동,30대,1669,201,353
202408,2635066000,해운대구 재송2동,40대,2344,240,388
202408,2635066000,해운대구 재송2동,50대,3021,305,497
202408,2635066000,해운대구 재송2동,60대이상,6615,277,771
202408,2638051000,사하구 괴정1동,20대,1283,90,375
202408,2638051000,사하구 괴정1동,20대미만,1301,155,292
202408,2638051000,사하구 괴정1동,30대,1140,104,366
202408,2638051000,사하구 괴정1동,40대,1688,139,493
202408,2638051000,사하구 괴정1동,50대,2128,254,592
202408,2638051000,사하구 괴정1동,60대이상,6023,228,1089
202408,2638052000,사하구 괴정2동,20대,913,53,111
202408,2638052000,사하구 괴정2동,20대미만,811,10,76
202408,2638052000,사하구 괴정2동,30대,758,48,123
202408,2638052000,사하구 괴정2동,40대,1223,93,153
202408,2638052000,사하구 괴정2동,50대,1552,120,181
202408,2638052000,사하구 괴정2동,60대이상,4218,121,391
202408,2638053000,사하구 괴정3동,20대,851,146,373
202408,2638053000,사하구 괴정3동,20대미만,696,45,245
202408,2638053000,사하구 괴정3동,30대,852,160,300
202408,2638053000,사하구 괴정3동,40대,1051,187,405
202408,2638053000,사하구 괴정3동,50대,1499,258,518
202408,2638053000,사하구 괴정3동,60대이상,4531,298,1029
202408,2638054000,사하구 괴정4동,20대,908,67,189
202408,2638054000,사하구 괴정4동,20대미만,1215,52,315
202408,2638054000,사하구 괴정4동,30대,1172,116,231
202408,2638054000,사하구 괴정4동,40대,1606,159,296
202408,2638054000,사하구 괴정4동,50대,1553,146,368
202408,2638054000,사하구 괴정4동,60대이상,3579,166,787
202408,2638055000,사하구 당리동,20대,1783,233,697
202408,2638055000,사하구 당리동,20대미만,1602,112,460
202408,2638055000,사하구 당리동,30대,1736,268,620
202408,2638055000,사하구 당리동,40대,2262,371,664
202408,2638055000,사하구 당리동,50대,3106,418,831
202408,2638055000,사하구 당리동,60대이상,7414,364,1520
202408,2638056100,사하구 하단1동,20대,2121,175,410
202408,2638056100,사하구 하단1동,20대미만,1279,38,212
202408,2638056100,사하구 하단1동,30대,1916,157,421
202408,2638056100,사하구 하단1동,40대,2099,210,456
202408,2638056100,사하구 하단1동,50대,2538,277,556
202408,2638056100,사하구 하단1동,60대이상,5685,299,972
202408,2638056200,사하구 하단2동,20대,3693,742,1403
202408,2638056200,사하구 하단2동,20대미만,1872,183,502
202408,2638056200,사하구 하단2동,30대,2200,405,799
202408,2638056200,사하구 하단2동,40대,2451,412,785
202408,2638056200,사하구 하단2동,50대,2926,505,862
202408,2638056200,사하구 하단2동,60대이상,5933,361,1177
202408,2638057100,사하구 신평1동,20대,961,178,247
202408,2638057100,사하구 신평1동,20대미만,1019,116,209
202408,2638057100,사하구 신평1동,30대,1132,353,305
202408,2638057100,사하구 신평1동,40대,1648,384,387
202408,2638057100,사하구 신평1동,50대,2133,517,575
202408,2638057100,사하구 신평1동,60대이상,5215,329,742
202408,2638057200,사하구 신평2동,20대,1136,231,268
202408,2638057200,사하구 신평2동,20대미만,1280,38,167
202408,2638057200,사하구 신평2동,30대,1636,307,385
202408,2638057200,사하구 신평2동,40대,1844,414,415
202408,2638057200,사하구 신평2동,50대,2187,478,577
202408,2638057200,사하구 신평2동,60대이상,4298,413,843
202408,2638058000,사하구 장림1동,20대,612,183,264
202408,2638058000,사하구 장림1동,20대미만,923,82,237
202408,2638058000,사하구 장림1동,30대,714,267,409
202408,2638058000,사하구 장림1동,40대,1339,355,497
202408,2638058000,사하구 장림1동,50대,1254,565,704
202408,2638058000,사하구 장림1동,60대이상,2645,551,1065
202408,2638059000,사하구 장림2동,20대,1871,209,387
202408,2638059000,사하구 장림2동,20대미만,1962,80,348
202408,2638059000,사하구 장림2동,30대,2100,298,528
202408,2638059000,사하구 장림2동,40대,2913,455,599
202408,2638059000,사하구 장림2동,50대,3405,567,736
202408,2638059000,사하구 장림2동,60대이상,6502,512,1149
202408,2638060100,사하구 다대1동,20대,2449,409,510
202408,2638060100,사하구 다대1동,20대미만,3109,95,337
202408,2638060100,사하구 다대1동,30대,2535,469,582
202408,2638060100,사하구 다대1동,40대,3895,681,713
202408,2638060100,사하구 다대1동,50대,5459,869,976
202408,2638060100,사하구 다대1동,60대이상,10798,731,1725
202408,2638060200,사하구 다대2동,20대,1807,236,269
202408,2638060200,사하구 다대2동,20대미만,2164,22,153
202408,2638060200,사하구 다대2동,30대,1658,241,276
202408,2638060200,사하구 다대2동,40대,2569,348,342
202408,2638060200,사하구 다대2동,50대,3849,489,518
202408,2638060200,사하구 다대2동,60대이상,8800,406,802
202408,2638061000,사하구 구평동,20대,769,130,163
202408,2638061000,사하구 구평동,20대미만,1071,42,115
202408,2638061000,사하구 구평동,30대,1510,246,266
202408,2638061000,사하구 구평동,40대,1547,362,336
202408,2638061000,사하구 구평동,50대,1406,442,498
202408,2638061000,사하구 구평동,60대이상,2613,435,701
202408,2638062000,사하구 감천1동,20대,1083,176,191
202408,2638062000,사하구 감천1동,20대미만,1103,252,232
202408,2638062000,사하구 감천1동,30대,1010,191,265
202408,2638062000,사하구 감천1동,40대,1601,256,370
202408,2638062000,사하구 감천1동,50대,2277,391,529
202408,2638062000,사하구 감천1동,60대이상,6384,331,816
202408,2638063000,사하구 감천2동,20대,221,14,52
202408,2638063000,사하구 감천2동,20대미만,140,2,40
202408,2638063000,사하구 감천2동,30대,212,29,47
202408,2638063000,사하구 감천2동,40대,427,44,63
202408,2638063000,사하구 감천2동,50대,772,63,103
202408,2638063000,사하구 감천2동,60대이상,1916,42,175
202408,2641051000,금정구 서1동,20대,221,18,50
202408,2641051000,금정구 서1동,20대미만,142,6,46
202408,2641051000,금정구 서1동,30대,241,21,67
202408,2641051000,금정구 서1동,40대,368,43,67
202408,2641051000,금정구 서1동,50대,569,81,137
202408,2641051000,금정구 서1동,60대이상,1909,101,309
202408,2641052000,금정구 서2동,20대,327,52,147
202408,2641052000,금정구 서2동,20대미만,216,47,93
202408,2641052000,금정구 서2동,30대,450,63,165
202408,2641052000,금정구 서2동,40대,507,109,190
202408,2641052000,금정구 서2동,50대,878,142,330
202408,2641052000,금정구 서2동,60대이상,2471,191,620
202408,2641053000,금정구 서3동,20대,564,64,128
202408,2641053000,금정구 서3동,20대미만,341,27,131
202408,2641053000,금정구 서3동,30대,643,93,170
202408,2641053000,금정구 서3동,40대,664,107,198
202408,2641053000,금정구 서3동,50대,1364,181,331
202408,2641053000,금정구 서3동,60대이상,4032,236,676
202408,2641055500,금정구 금사회동동,20대,322,279,229
202408,2641055500,금정구 금사회동동,20대미만,244,39,109
202408,2641055500,금정구 금사회동동,30대,416,453,368
202408,2641055500,금정구 금사회동동,40대,558,507,486
202408,2641055500,금정구 금사회동동,50대,893,676,752
202408,2641055500,금정구 금사회동동,60대이상,2847,550,1138
202408,2641057000,금정구 부곡1동,20대,411,37,92
202408,2641057000,금정구 부곡1동,20대미만,332,49,132
202408,2641057000,금정구 부곡1동,30대,431,39,108
202408,2641057000,금정구 부곡1동,40대,620,74,127
202408,2641057000,금정구 부곡1동,50대,861,76,180
202408,2641057000,금정구 부곡1동,60대이상,2890,125,355
202408,2641058000,금정구 부곡2동,20대,1647,195,444
202408,2641058000,금정구 부곡2동,20대미만,1344,227,358
202408,2641058000,금정구 부곡2동,30대,1241,242,495
202408,2641058000,금정구 부곡2동,40대,1668,308,531
202408,2641058000,금정구 부곡2동,50대,2129,351,573
202408,2641058000,금정구 부곡2동,60대이상,4693,334,1070
202408,2641059000,금정구 부곡3동,20대,1320,248,376
202408,2641059000,금정구 부곡3동,20대미만,1050,291,314
202408,2641059000,금정구 부곡3동,30대,1161,332,391
202408,2641059000,금정구 부곡3동,40대,1478,310,436
202408,2641059000,금정구 부곡3동,50대,1842,332,551
202408,2641059000,금정구 부곡3동,60대이상,4116,248,872
202408,2641059100,금정구 부곡4동,20대,576,63,226
202408,2641059100,금정구 부곡4동,20대미만,448,38,192
202408,2641059100,금정구 부곡4동,30대,768,81,229
202408,2641059100,금정구 부곡4동,40대,795,94,296
202408,2641059100,금정구 부곡4동,50대,1265,148,321
202408,2641059100,금정구 부곡4동,60대이상,3140,174,736
202408,2641060000,금정구 장전1동,20대,4294,382,976
202408,2641060000,금정구 장전1동,20대미만,1040,55,317
202408,2641060000,금정구 장전1동,30대,1366,175,388
202408,2641060000,금정구 장전1동,40대,1395,210,397
202408,2641060000,금정구 장전1동,50대,1498,272,485
202408,2641060000,금정구 장전1동,60대이상,3477,233,671
202408,2641061000,금정구 장전2동,20대,2051,1329,1879
202408,2641061000,금정구 장전2동,20대미만,2325,190,728
202408,2641061000,금정구 장전2동,30대,2231,743,932
202408,2641061000,금정구 장전2동,40대,3221,735,912
202408,2641061000,금정구 장전2동,50대,2692,652,989
202408,2641061000,금정구 장전2동,60대이상,5869,500,1413
202408,2641063500,금정구 선두구동,20대,69,33,105
202408,2641063500,금정구 선두구동,20대미만,64,1,57
202408,2641063500,금정구 선두구동,30대,96,59,143
202408,2641063500,금정구 선두구동,40대,108,81,243
202408,2641063500,금정구 선두구동,50대,210,119,337
202408,2641063500,금정구 선두구동,60대이상,863,98,526
202408,2641066500,금정구 청룡노포동,20대,535,98,327
202408,2641066500,금정구 청룡노포동,20대미만,516,16,159
202408,2641066500,금정구 청룡노포동,30대,524,136,312
202408,2641066500,금정구 청룡노포동,40대,641,153,428
202408,2641066500,금정구 청룡노포동,50대,1127,203,746
202408,2641066500,금정구 청룡노포동,60대이상,3368,275,1437
202408,2641067000,금정구 남산동,20대,2232,292,697
202408,2641067000,금정구 남산동,20대미만,1405,90,474
202408,2641067000,금정구 남산동,30대,1652,230,538
202408,2641067000,금정구 남산동,40대,1818,345,665
202408,2641067000,금정구 남산동,50대,3086,501,953
202408,2641067000,금정구 남산동,60대이상,7770,438,1845
202408,2641068000,금정구 구서1동,20대,851,146,395
202408,2641068000,금정구 구서1동,20대미만,1139,249,336
202408,2641068000,금정구 구서1동,30대,1018,199,409
202408,2641068000,금정구 구서1동,40대,1374,202,512
202408,2641068000,금정구 구서1동,50대,1426,243,556
202408,2641068000,금정구 구서1동,60대이상,3209,199,830
202408,2641069000,금정구 구서2동,20대,2081,218,961
202408,2641069000,금정구 구서2동,20대미만,2278,106,583
202408,2641069000,금정구 구서2동,30대,2133,262,790
202408,2641069000,금정구 구서2동,40대,3045,357,871
202408,2641069000,금정구 구서2동,50대,3778,466,1346
202408,2641069000,금정구 구서2동,60대이상,8019,468,2673
202408,2641070000,금정구 금성동,20대,44,14,37
202408,2641070000,금정구 금성동,20대미만,85,0,57
202408,2641070000,금정구 금성동,30대,50,12,64
202408,2641070000,금정구 금성동,40대,82,11,108
202408,2641070000,금정구 금성동,50대,99,27,166
202408,2641070000,금정구 금성동,60대이상,357,38,274
202408,2644051000,강서구 대저1동,20대,543,416,495
202408,2644051000,강서구 대저1동,20대미만,194,85,154
202408,2644051000,강서구 대저1동,30대,370,594,454
202408,2644051000,강서구 대저1동,40대,434,651,603
202408,2644051000,강서구 대저1동,50대,715,782,797
202408,2644051000,강서구 대저1동,60대이상,2851,629,1338
202408,2644052000,강서구 대저2동,20대,838,710,3118
202408,2644052000,강서구 대저2동,20대미만,530,28,1113
202408,2644052000,강서구 대저2동,30대,559,1018,3103
202408,2644052000,강서구 대저2동,40대,630,902,3054
202408,2644052000,강서구 대저2동,50대,693,1178,3280
202408,2644052000,강서구 대저2동,60대이상,2219,830,3341
202408,2644053000,강서구 강동동,20대,77,47,88
202408,2644053000,강서구 강동동,20대미만,39,1,28
202408,2644053000,강서구 강동동,30대,167,94,136
202408,2644053000,강서구 강동동,40대,187,127,186
202408,2644053000,강서구 강동동,50대,228,183,283
202408,2644053000,강서구 강동동,60대이상,1504,217,439
202408,2644053500,강서구 명지1동,20대,2879,717,954
202408,2644053500,강서구 명지1동,20대미만,7224,214,587
202408,2644053500,강서구 명지1동,30대,8422,1247,1548
202408,2644053500,강서구 명지1동,40대,9202,1447,1630
202408,2644053500,강서구 명지1동,50대,3920,887,1338
202408,2644053500,강서구 명지1동,60대이상,6306,603,1571
202408,2644054500,강서구 명지2동,20대,1384,246,382
202408,2644054500,강서구 명지2동,20대미만,4192,106,342
202408,2644054500,강서구 명지2동,30대,2605,336,499
202408,2644054500,강서구 명지2동,40대,5225,581,601
202408,2644054500,강서구 명지2동,50대,3048,375,485
202408,2644054500,강서구 명지2동,60대이상,3655,248,607
202408,2644055000,강서구 가락동,20대,47,53,89
202408,2644055000,강서구 가락동,20대미만,37,8,59
202408,2644055000,강서구 가락동,30대,98,112,154
202408,2644055000,강서구 가락동,40대,140,151,191
202408,2644055000,강서구 가락동,50대,264,257,301
202408,2644055000,강서구 가락동,60대이상,1131,213,474
202408,2644056000,강서구 녹산동,20대,2166,1719,1126
202408,2644056000,강서구 녹산동,20대미만,3454,72,346
202408,2644056000,강서구 녹산동,30대,4211,3393,2033
202408,2644056000,강서구 녹산동,40대,5448,4161,2636
202408,2644056000,강서구 녹산동,50대,3704,3433,2734
202408,2644056000,강서구 녹산동,60대이상,6600,2009,2653
202408,2644058000,강서구 가덕도동,20대,176,103,356
202408,2644058000,강서구 가덕도동,20대미만,119,28,109
202408,2644058000,강서구 가덕도동,30대,257,129,603
202408,2644058000,강서구 가덕도동,40대,358,188,979
202408,2644058000,강서구 가덕도동,50대,452,203,971
202408,2644058000,강서구 가덕도동,60대이상,1567,125,804
202408,2647061000,연제구 거제1동,20대,1994,529,612
202408,2647061000,연제구 거제1동,20대미만,2079,388,696
202408,2647061000,연제구 거제1동,30대,1850,707,637
202408,2647061000,연제구 거제1동,40대,2750,910,862
202408,2647061000,연제구 거제1동,50대,2563,925,1027
202408,2647061000,연제구 거제1동,60대이상,5980,702,1458
202408,2647062000,연제구 거제2동,20대,1513,192,670
202408,2647062000,연제구 거제2동,20대미만,2583,72,541
202408,2647062000,연제구 거제2동,30대,2255,273,681
202408,2647062000,연제구 거제2동,40대,3066,417,821
202408,2647062000,연제구 거제2동,50대,2566,425,832
202408,2647062000,연제구 거제2동,60대이상,3662,366,1643
202408,2647063000,연제구 거제3동,20대,637,114,886
202408,2647063000,연제구 거제3동,20대미만,407,28,328
202408,2647063000,연제구 거제3동,30대,639,129,1237
202408,2647063000,연제구 거제3동,40대,698,144,1233
202408,2647063000,연제구 거제3동,50대,917,186,1336
202408,2647063000,연제구 거제3동,60대이상,1835,165,1399
202408,2647064000,연제구 거제4동,20대,636,53,221
202408,2647064000,연제구 거제4동,20대미만,840,65,251
202408,2647064000,연제구 거제4동,30대,598,74,395
202408,2647064000,연제구 거제4동,40대,913,80,361
202408,2647064000,연제구 거제4동,50대,1197,138,351
202408,2647064000,연제구 거제4동,60대이상,2598,120,554
202408,2647065000,연제구 연산1동,20대,891,194,390
202408,2647065000,연제구 연산1동,20대미만,1258,91,282
202408,2647065000,연제구 연산1동,30대,1235,251,487
202408,2647065000,연제구 연산1동,40대,1561,290,516
202408,2647065000,연제구 연산1동,50대,1588,311,588
202408,2647065000,연제구 연산1동,60대이상,3942,307,1043
202408,2647066000,연제구 연산2동,20대,1741,254,1055
202408,2647066000,연제구 연산2동,20대미만,1361,114,708
202408,2647066000,연제구 연산2동,30대,2887,471,1642
202408,2647066000,연제구 연산2동,40대,2228,484,1392
202408,2647066000,연제구 연산2동,50대,2270,506,1411
202408,2647066000,연제구 연산2동,60대이상,4936,345,2671
202408,2647067000,연제구 연산3동,20대,290,8,52
202408,2647067000,연제구 연산3동,20대미만,198,36,62
202408,2647067000,연제구 연산3동,30대,509,23,78
202408,2647067000,연제구 연산3동,40대,576,25,93
202408,2647067000,연제구 연산3동,50대,484,51,100
202408,2647067000,연제구 연산3동,60대이상,1820,42,192
202408,2647068000,연제구 연산4동,20대,1052,271,972
202408,2647068000,연제구 연산4동,20대미만,583,29,258
202408,2647068000,연제구 연산4동,30대,1327,327,1000
202408,2647068000,연제구 연산4동,40대,1317,318,941
202408,2647068000,연제구 연산4동,50대,1615,385,1075
202408,2647068000,연제구 연산4동,60대이상,4651,396,2137
202408,2647069000,연제구 연산5동,20대,1630,366,702
202408,2647069000,연제구 연산5동,20대미만,473,23,174
202408,2647069000,연제구 연산5동,30대,1820,489,772
202408,2647069000,연제구 연산5동,40대,1196,472,667
202408,2647069000,연제구 연산5동,50대,1226,561,810
202408,2647069000,연제구 연산5동,60대이상,2823,539,1279
202408,2647070000,연제구 연산6동,20대,828,100,499
202408,2647070000,연제구 연산6동,20대미만,689,88,348
202408,2647070000,연제구 연산6동,30대,1114,104,568
202408,2647070000,연제구 연산6동,40대,1343,158,572
202408,2647070000,연제구 연산6동,50대,1560,191,736
202408,2647070000,연제구 연산6동,60대이상,4604,231,1813
202408,2647072000,연제구 연산8동,20대,395,57,288
202408,2647072000,연제구 연산8동,20대미만,462,103,301
202408,2647072000,연제구 연산8동,30대,513,59,352
202408,2647072000,연제구 연산8동,40대,713,86,420
202408,2647072000,연제구 연산8동,50대,863,116,523
202408,2647072000,연제구 연산8동,60대이상,2117,143,1167
202408,2647073000,연제구 연산9동,20대,2302,284,507
202408,2647073000,연제구 연산9동,20대미만,2532,183,435
202408,2647073000,연제구 연산9동,30대,2641,315,657
202408,2647073000,연제구 연산9동,40대,3341,479,801
202408,2647073000,연제구 연산9동,50대,4190,600,937
202408,2647073000,연제구 연산9동,60대이상,9277,505,1423
202408,2650066000,수영구 남천1동,20대,1196,407,781
202408,2650066000,수영구 남천1동,20대미만,1436,315,717
202408,2650066000,수영구 남천1동,30대,1443,491,775
202408,2650066000,수영구 남천1동,40대,1617,499,938
202408,2650066000,수영구 남천1동,50대,1821,531,970
202408,2650066000,수영구 남천1동,60대이상,3817,437,1524
202408,2650067000,수영구 남천2동,20대,490,61,509
202408,2650067000,수영구 남천2동,20대미만,553,11,252
202408,2650067000,수영구 남천2동,30대,701,75,418
202408,2650067000,수영구 남천2동,40대,789,79,409
202408,2650067000,수영구 남천2동,50대,1191,124,412
202408,2650067000,수영구 남천2동,60대이상,2277,91,692
202408,2650073000,수영구 수영동,20대,1062,169,398
202408,2650073000,수영구 수영동,20대미만,594,58,207
202408,2650073000,수영구 수영동,30대,1138,190,438
202408,2650073000,수영구 수영동,40대,1127,188,435
202408,2650073000,수영구 수영동,50대,1591,264,565
202408,2650073000,수영구 수영동,60대이상,5353,314,1064
202408,2650074000,수영구 망미1동,20대,1634,214,378
202408,2650074000,수영구 망미1동,20대미만,1929,79,277
202408,2650074000,수영구 망미1동,30대,2048,229,446
202408,2650074000,수영구 망미1동,40대,2615,320,498
202408,2650074000,수영구 망미1동,50대,2843,367,582
202408,2650074000,수영구 망미1동,60대이상,9050,424,1244
202408,2650075000,수영구 망미2동,20대,438,71,279
202408,2650075000,수영구 망미2동,20대미만,556,31,257
202408,2650075000,수영구 망미2동,30대,630,94,301
202408,2650075000,수영구 망미2동,40대,861,107,463
202408,2650075000,수영구 망미2동,50대,1158,121,416
202408,2650075000,수영구 망미2동,60대이상,2571,142,808
202408,2650076000,수영구 광안1동,20대,1977,172,514
202408,2650076000,수영구 광안1동,20대미만,868,38,199
202408,2650076000,수영구 광안1동,30대,2078,190,418
202408,2650076000,수영구 광안1동,40대,1504,196,379
202408,2650076000,수영구 광안1동,50대,1501,206,429
202408,2650076000,수영구 광안1동,60대이상,3995,205,880
202408,2650077000,수영구 광안2동,20대,1602,389,2876
202408,2650077000,수영구 광안2동,20대미만,1004,83,816
202408,2650077000,수영구 광안2동,30대,1731,390,1508
202408,2650077000,수영구 광안2동,40대,1715,318,1031
202408,2650077000,수영구 광안2동,50대,1831,322,928
202408,2650077000,수영구 광안2동,60대이상,4327,335,1313
202408,2650078000,수영구 광안3동,20대,1224,187,758
202408,2650078000,수영구 광안3동,20대미만,323,19,221
202408,2650078000,수영구 광안3동,30대,1120,198,605
202408,2650078000,수영구 광안3동,40대,810,210,546
202408,2650078000,수영구 광안3동,50대,856,220,610
202408,2650078000,수영구 광안3동,60대이상,2686,238,1208
202408,2650079000,수영구 광안4동,20대,882,99,615
202408,2650079000,수영구 광안4동,20대미만,641,88,378
202408,2650079000,수영구 광안4동,30대,862,115,645
202408,2650079000,수영구 광안4동,40대,1137,127,629
202408,2650079000,수영구 광안4동,50대,1395,157,640
202408,2650079000,수영구 광안4동,60대이상,3062,165,1210
202408,2650080000,수영구 민락동,20대,2127,394,3417
202408,2650080000,수영구 민락동,20대미만,1476,27,946
202408,2650080000,수영구 민락동,30대,2884,378,1870
202408,2650080000,수영구 민락동,40대,2850,348,1279
202408,2650080000,수영구 민락동,50대,3199,423,1183
202408,2650080000,수영구 민락동,60대이상,7416,446,1608
202408,2653058000,사상구 삼락동,20대,260,152,267
202408,2653058000,사상구 삼락동,20대미만,207,29,218
202408,2653058000,사상구 삼락동,30대,293,274,396
202408,2653058000,사상구 삼락동,40대,319,361,474
202408,2653058000,사상구 삼락동,50대,670,562,681
202408,2653058000,사상구 삼락동,60대이상,1580,470,1216
202408,2653059100,사상구 모라1동,20대,1807,356,373
202408,2653059100,사상구 모라1동,20대미만,1415,63,188
202408,2653059100,사상구 모라1동,30대,2148,441,413
202408,2653059100,사상구 모라1동,40대,2041,499,487
202408,2653059100,사상구 모라1동,50대,3312,772,772
202408,2653059100,사상구 모라1동,60대이상,8259,726,1320
202408,2653059300,사상구 모라3동,20대,364,57,81
202408,2653059300,사상구 모라3동,20대미만,344,19,88
202408,2653059300,사상구 모라3동,30대,434,47,98
202408,2653059300,사상구 모라3동,40대,727,65,159
202408,2653059300,사상구 모라3동,50대,1304,151,258
202408,2653059300,사상구 모라3동,60대이상,4656,191,545
202408,2653060000,사상구 덕포1동,20대,675,58,153
202408,2653060000,사상구 덕포1동,20대미만,617,66,104
202408,2653060000,사상구 덕포1동,30대,1078,76,157
202408,2653060000,사상구 덕포1동,40대,940,67,149
202408,2653060000,사상구 덕포1동,50대,1157,126,220
202408,2653060000,사상구 덕포1동,60대이상,2297,130,407
202408,2653061000,사상구 덕포2동,20대,913,177,393
202408,2653061000,사상구 덕포2동,20대미만,917,102,239
202408,2653061000,사상구 덕포2동,30대,911,243,328
202408,2653061000,사상구 덕포2동,40대,1071,314,388
202408,2653061000,사상구 덕포2동,50대,1628,445,548
202408,2653061000,사상구 덕포2동,60대이상,3759,376,791
202408,2653062000,사상구 괘법동,20대,3219,639,1705
202408,2653062000,사상구 괘법동,20대미만,898,52,546
202408,2653062000,사상구 괘법동,30대,2958,595,1274
202408,2653062000,사상구 괘법동,40대,2090,655,1167
202408,2653062000,사상구 괘법동,50대,2861,893,1552
202408,2653062000,사상구 괘법동,60대이상,5990,807,2505
202408,2653064500,사상구 감전동,20대,678,445,696
202408,2653064500,사상구 감전동,20대미만,348,21,219
202408,2653064500,사상구 감전동,30대,858,743,726
202408,2653064500,사상구 감전동,40대,817,745,732
202408,2653064500,사상구 감전동,50대,1426,941,1003
202408,2653064500,사상구 감전동,60대이상,3639,819,1348
202408,2653065000,사상구 주례1동,20대,1088,230,355
202408,2653065000,사상구 주례1동,20대미만,1238,13,136
202408,2653065000,사상구 주례1동,30대,1478,318,371
202408,2653065000,사상구 주례1동,40대,1541,285,384
202408,2653065000,사상구 주례1동,50대,2062,419,579
202408,2653065000,사상구 주례1동,60대이상,4282,420,1068
202408,2653066000,사상구 주례2동,20대,2744,457,666
202408,2653066000,사상구 주례2동,20대미만,1796,175,341
202408,2653066000,사상구 주례2동,30대,1874,313,462
202408,2653066000,사상구 주례2동,40대,2099,357,494
202408,2653066000,사상구 주례2동,50대,2481,397,681
202408,2653066000,사상구 주례2동,60대이상,5321,392,1275
202408,2653066100,사상구 주례3동,20대,476,62,128
202408,2653066100,사상구 주례3동,20대미만,393,14,72
202408,2653066100,사상구 주례3동,30대,425,73,157
202408,2653066100,사상구 주례3동,40대,583,115,176
202408,2653066100,사상구 주례3동,50대,865,116,192
202408,2653066100,사상구 주례3동,60대이상,1915,112,342
202408,2653067000,사상구 학장동,20대,969,320,425
202408,2653067000,사상구 학장동,20대미만,996,94,311
202408,2653067000,사상구 학장동,30대,1099,384,553
202408,2653067000,사상구 학장동,40대,1743,446,726
202408,2653067000,사상구 학장동,50대,2051,656,991
202408,2653067000,사상구 학장동,60대이상,5132,587,1681
202408,2653068000,사상구 엄궁동,20대,1910,238,284
202408,2653068000,사상구 엄궁동,20대미만,2570,13,140
202408,2653068000,사상구 엄궁동,30대,1947,315,411
202408,2653068000,사상구 엄궁동,40대,2774,447,500
202408,2653068000,사상구 엄궁동,50대,3625,544,685
202408,2653068000,사상구 엄궁동,60대이상,6058,412,992
202408,2671025000,기장군 기장읍,20대,4029,1198,2141
202408,2671025000,기장군 기장읍,20대미만,4107,105,1623
202408,2671025000,기장군 기장읍,30대,4407,1190,2962
202408,2671025000,기장군 기장읍,40대,5780,1407,3348
202408,2671025000,기장군 기장읍,50대,7619,1696,3129
202408,2671025000,기장군 기장읍,60대이상,17287,1183,3653
202408,2671025300,기장군 장안읍,20대,581,560,694
202408,2671025300,기장군 장안읍,20대미만,408,145,418
202408,2671025300,기장군 장안읍,30대,723,994,1067
202408,2671025300,기장군 장안읍,40대,714,1103,1423
202408,2671025300,기장군 장안읍,50대,1131,982,1545
202408,2671025300,기장군 장안읍,60대이상,3098,594,1723
202408,2671025600,기장군 정관읍,20대,4983,945,764
202408,2671025600,기장군 정관읍,20대미만,13599,79,484
202408,2671025600,기장군 정관읍,30대,7345,1163,958
202408,2671025600,기장군 정관읍,40대,14718,2322,1367
202408,2671025600,기장군 정관읍,50대,8678,1764,1389
202408,2671025600,기장군 정관읍,60대이상,13507,943,1576
202408,2671025900,기장군 일광읍,20대,2061,311,825
202408,2671025900,기장군 일광읍,20대미만,2418,49,510
202408,2671025900,기장군 일광읍,30대,3743,487,979
202408,2671025900,기장군 일광읍,40대,4012,555,1200
202408,2671025900,기장군 일광읍,50대,3242,550,1292
202408,2671025900,기장군 일광읍,60대이상,5654,469,1634
202408,2671033000,기장군 철마면,20대,177,41,93
202408,2671033000,기장군 철마면,20대미만,228,7,76
202408,2671033000,기장군 철마면,30대,266,97,149
202408,2671033000,기장군 철마면,40대,485,144,251
202408,2671033000,기장군 철마면,50대,738,231,467
202408,2671033000,기장군 철마면,60대이상,3210,259,950
202407,2611051000,중구 중앙동,20대,549,960,1094
202407,2611051000,중구 중앙동,20대미만,286,62,339
202407,2611051000,중구 중앙동,30대,620,1303,1080
202407,2611051000,중구 중앙동,40대,597,1153,1067
202407,2611051000,중구 중앙동,50대,871,1165,1180
202407,2611051000,중구 중앙동,60대이상,1652,674,1602
202407,2611052000,중구 동광동,20대,109,68,154
202407,2611052000,중구 동광동,20대미만,43,5,52
202407,2611052000,중구 동광동,30대,126,84,149
202407,2611052000,중구 동광동,40대,170,119,169
202407,2611052000,중구 동광동,50대,270,115,183
202407,2611052000,중구 동광동,60대이상,983,108,350
202407,2611053000,중구 대청동,20대,545,232,330
202407,2611053000,중구 대청동,20대미만,260,44,138
202407,2611053000,중구 대청동,30대,412,293,270
202407,2611053000,중구 대청동,40대,539,254,282
202407,2611053000,중구 대청동,50대,688,269,327
202407,2611053000,중구 대청동,60대이상,2083,249,610
202407,2611054500,중구 보수동,20대,912,107,205
202407,2611054500,중구 보수동,20대미만,352,40,93
202407,2611054500,중구 보수동,30대,541,76,163
202407,2611054500,중구 보수동,40대,753,107,181
202407,2611054500,중구 보수동,50대,943,148,222
202407,2611054500,중구 보수동,60대이상,2383,158,534
202407,2611056000,중구 부평동,20대,374,144,887
202407,2611056000,중구 부평동,20대미만,180,8,218
202407,2611056000,중구 부평동,30대,273,216,702
202407,2611056000,중구 부평동,40대,335,226,707
202407,2611056000,중구 부평동,50대,495,296,931
202407,2611056000,중구 부평동,60대이상,1614,340,1810
202407,2611057000,중구 광복동,20대,39,126,348
202407,2611057000,중구 광복동,20대미만,13,31,188
202407,2611057000,중구 광복동,30대,24,87,225
202407,2611057000,중구 광복동,40대,65,89,230
202407,2611057000,중구 광복동,50대,54,117,278
202407,2611057000,중구 광복동,60대이상,224,226,447
202407,2611058000,중구 남포동,20대,240,352,795
202407,2611058000,중구 남포동,20대미만,41,20,302
202407,2611058000,중구 남포동,30대,230,441,698
202407,2611058000,중구 남포동,40대,272,431,797
202407,2611058000,중구 남포동,50대,439,547,1165
202407,2611058000,중구 남포동,60대이상,1207,882,2730
202407,2611059000,중구 영주1동,20대,44,21,54
202407,2611059000,중구 영주1동,20대미만,7,0,19
202407,2611059000,중구 영주1동,30대,38,23,47
202407,2611059000,중구 영주1동,40대,35,26,60
202407,2611059000,중구 영주1동,50대,61,30,70
202407,2611059000,중구 영주1동,60대이상,139,24,91
202407,2611060000,중구 영주2동,20대,401,39,125
202407,2611060000,중구 영주2동,20대미만,304,17,72
202407,2611060000,중구 영주2동,30대,367,49,118
202407,2611060000,중구 영주2동,40대,526,74,140
202407,2611060000,중구 영주2동,50대,872,84,194
202407,2611060000,중구 영주2동,60대이상,2676,83,486
202407,2614051000,서구 동대신1동,20대,318,37,151
202407,2614051000,서구 동대신1동,20대미만,265,8,118
202407,2614051000,서구 동대신1동,30대,398,40,122
202407,2614051000,서구 동대신1동,40대,471,49,158
202407,2614051000,서구 동대신1동,50대,555,65,197
202407,2614051000,서구 동대신1동,60대이상,1510,89,373
202407,2614052000,서구 동대신2동,20대,174,13,47
202407,2614052000,서구 동대신2동,20대미만,123,12,52
202407,2614052000,서구 동대신2동,30대,147,14,45
202407,2614052000,서구 동대신2동,40대,287,31,66
202407,2614052000,서구 동대신2동,50대,407,35,66
202407,2614052000,서구 동대신2동,60대이상,1426,38,192
202407,2614053000,서구 동대신3동,20대,750,322,541
202407,2614053000,서구 동대신3동,20대미만,533,224,394
202407,2614053000,서구 동대신3동,30대,512,312,447
202407,2614053000,서구 동대신3동,40대,661,295,551
202407,2614053000,서구 동대신3동,50대,787,317,673
202407,2614053000,서구 동대신3동,60대이상,2210,221,1427
202407,2614054000,서구 서대신1동,20대,1130,179,303
202407,2614054000,서구 서대신1동,20대미만,1215,34,201
202407,2614054000,서구 서대신1동,30대,1318,181,297
202407,2614054000,서구 서대신1동,40대,1694,216,354
202407,2614054000,서구 서대신1동,50대,1591,241,448
202407,2614054000,서구 서대신1동,60대이상,3823,238,801
202407,2614056000,서구 서대신3동,20대,289,45,86
202407,2614056000,서구 서대신3동,20대미만,337,84,144
202407,2614056000,서구 서대신3동,30대,276,69,112
202407,2614056000,서구 서대신3동,40대,408,72,158
202407,2614056000,서구 서대신3동,50대,502,84,195
202407,2614056000,서구 서대신3동,60대이상,1087,85,317
202407,2614057000,서구 서대신4동,20대,472,62,169
202407,2614057000,서구 서대신4동,20대미만,582,64,139
202407,2614057000,서구 서대신4동,30대,453,62,131
202407,2614057000,서구 서대신4동,40대,735,95,197
202407,2614057000,서구 서대신4동,50대,806,100,279
202407,2614057000,서구 서대신4동,60대이상,1954,112,562
202407,2614059000,서구 부민동,20대,536,118,226
202407,2614059000,서구 부민동,20대미만,324,24,101
202407,2614059000,서구 부민동,30대,335,78,119
202407,2614059000,서구 부민동,40대,452,91,142
202407,2614059000,서구 부민동,50대,538,106,183
202407,2614059000,서구 부민동,60대이상,1386,92,305
202407,2614061500,서구 아미동,20대,497,58,222
202407,2614061500,서구 아미동,20대미만,195,3,62
202407,2614061500,서구 아미동,30대,449,101,221
202407,2614061500,서구 아미동,40대,415,90,190
202407,2614061500,서구 아미동,50대,718,100,232
202407,2614061500,서구 아미동,60대이상,2614,118,500
202407,2614063000,서구 초장동,20대,193,26,76
202407,2614063000,서구 초장동,20대미만,107,24,53
202407,2614063000,서구 초장동,30대,168,15,50
202407,2614063000,서구 초장동,40대,310,21,81
202407,2614063000,서구 초장동,50대,468,55,140
202407,2614063000,서구 초장동,60대이상,1736,67,298
202407,2614064000,서구 충무동,20대,621,94,149
202407,2614064000,서구 충무동,20대미만,321,67,96
202407,2614064000,서구 충무동,30대,445,123,128
202407,2614064000,서구 충무동,40대,606,142,180
202407,2614064000,서구 충무동,50대,755,162,276
202407,2614064000,서구 충무동,60대이상,2139,166,564
202407,2614065000,서구 남부민1동,20대,146,15,61
202407,2614065000,서구 남부민1동,20대미만,63,8,28
202407,2614065000,서구 남부민1동,30대,99,27,52
202407,2614065000,서구 남부민1동,40대,219,43,81
202407,2614065000,서구 남부민1동,50대,445,45,127
202407,2614065000,서구 남부민1동,60대이상,1260,61,280
202407,2614066000,서구 남부민2동,20대,418,49,191
202407,2614066000,서구 남부민2동,20대미만,343,45,151
202407,2614066000,서구 남부민2동,30대,395,78,234
202407,2614066000,서구 남부민2동,40대,622,85,308
202407,2614066000,서구 남부민2동,50대,946,123,333
202407,2614066000,서구 남부민2동,60대이상,3237,133,790
202407,2614068000,서구 암남동,20대,1135,371,743
202407,2614068000,서구 암남동,20대미만,787,45,320
202407,2614068000,서구 암남동,30대,1110,489,726
202407,2614068000,서구 암남동,40대,1464,543,915
202407,2614068000,서구 암남동,50대,1847,634,1116
202407,2614068000,서구 암남동,60대이상,4685,423,1833
202407,2617051000,동구 초량1동,20대,146,177,424
202407,2617051000,동구 초량1동,20대미만,103,22,119
202407,2617051000,동구 초량1동,30대,135,256,366
202407,2617051000,동구 초량1동,40대,216,234,333
202407,2617051000,동구 초량1동,50대,337,190,406
202407,2617051000,동구 초량1동,60대이상,902,137,558
202407,2617052000,동구 초량2동,20대,301,174,719
202407,2617052000,동구 초량2동,20대미만,217,105,271
202407,2617052000,동구 초량2동,30대,288,201,550
202407,2617052000,동구 초량2동,40대,427,198,538
202407,2617052000,동구 초량2동,50대,645,214,665
202407,2617052000,동구 초량2동,60대이상,2062,220,1324
202407,2617053000,동구 초량3동,20대,1136,511,1430
202407,2617053000,동구 초량3동,20대미만,670,80,519
202407,2617053000,동구 초량3동,30대,1617,647,1214
202407,2617053000,동구 초량3동,40대,1311,559,1265
202407,2617053000,동구 초량3동,50대,1199,621,1551
202407,2617053000,동구 초량3동,60대이상,2221,449,2013
202407,2617055000,동구 초량6동,20대,84,23,134
202407,2617055000,동구 초량6동,20대미만,53,21,104
202407,2617055000,동구 초량6동,30대,76,20,124
202407,2617055000,동구 초량6동,40대,98,27,149
202407,2617055000,동구 초량6동,50대,191,52,139
202407,2617055000,동구 초량6동,60대이상,492,25,155
202407,2617056000,동구 수정1동,20대,289,73,159
202407,2617056000,동구 수정1동,20대미만,271,27,111
202407,2617056000,동구 수정1동,30대,242,91,167
202407,2617056000,동구 수정1동,40대,395,102,168
202407,2617056000,동구 수정1동,50대,479,89,224
202407,2617056000,동구 수정1동,60대이상,1388,89,373
202407,2617057000,동구 수정2동,20대,378,88,114
202407,2617057000,동구 수정2동,20대미만,345,87,114
202407,2617057000,동구 수정2동,30대,541,136,151
202407,2617057000,동구 수정2동,40대,673,165,179
202407,2617057000,동구 수정2동,50대,868,180,268
202407,2617057000,동구 수정2동,60대이상,2995,175,503
202407,2617059000,동구 수정4동,20대,125,23,27
202407,2617059000,동구 수정4동,20대미만,94,2,24
202407,2617059000,동구 수정4동,30대,127,9,31
202407,2617059000,동구 수정4동,40대,212,18,37
202407,2617059000,동구 수정4동,50대,395,35,62
202407,2617059000,동구 수정4동,60대이상,1385,38,170
202407,2617060000,동구 수정5동,20대,282,27,44
202407,2617060000,동구 수정5동,20대미만,252,27,43
202407,2617060000,동구 수정5동,30대,216,41,45
202407,2617060000,동구 수정5동,40대,394,52,70
202407,2617060000,동구 수정5동,50대,622,67,93
202407,2617060000,동구 수정5동,60대이상,2152,61,214
202407,2617064500,동구 좌천동,20대,316,43,187
202407,2617064500,동구 좌천동,20대미만,169,30,161
202407,2617064500,동구 좌천동,30대,306,36,201
202407,2617064500,동구 좌천동,40대,283,45,231
202407,2617064500,동구 좌천동,50대,437,79,321
202407,2617064500,동구 좌천동,60대이상,1433,69,756
202407,2617065000,동구 범일1동,20대,610,69,210
202407,2617065000,동구 범일1동,20대미만,296,51,83
202407,2617065000,동구 범일1동,30대,658,116,228
202407,2617065000,동구 범일1동,40대,793,129,216
202407,2617065000,동구 범일1동,50대,1120,166,299
202407,2617065000,동구 범일1동,60대이상,4076,200,616
202407,2617066000,동구 범일2동,20대,619,443,567
202407,2617066000,동구 범일2동,20대미만,347,52,188
202407,2617066000,동구 범일2동,30대,704,776,749
202407,2617066000,동구 범일2동,40대,711,1008,830
202407,2617066000,동구 범일2동,50대,946,1057,1085
202407,2617066000,동구 범일2동,60대이상,2234,871,2041
202407,2617068000,동구 범일5동,20대,590,88,442
202407,2617068000,동구 범일5동,20대미만,422,92,220
202407,2617068000,동구 범일5동,30대,1354,173,516
202407,2617068000,동구 범일5동,40대,988,218,623
202407,2617068000,동구 범일5동,50대,845,252,757
202407,2617068000,동구 범일5동,60대이상,1650,401,1506
202407,2620053000,영도구 남항동,20대,610,219,499
202407,2620053000,영도구 남항동,20대미만,434,22,251
202407,2620053000,영도구 남항동,30대,647,283,517
202407,2620053000,영도구 남항동,40대,883,378,640
202407,2620053000,영도구 남항동,50대,1343,498,973
202407,2620053000,영도구 남항동,60대이상,4298,546,2011
202407,2620054000,영도구 영선1동,20대,58,17,34
202407,2620054000,영도구 영선1동,20대미만,49,2,24
202407,2620054000,영도구 영선1동,30대,62,19,52
202407,2620054000,영도구 영선1동,40대,100,27,79
202407,2620054000,영도구 영선1동,50대,140,46,115
202407,2620054000,영도구 영선1동,60대이상,479,78,243
202407,2620055000,영도구 영선2동,20대,446,45,183
202407,2620055000,영도구 영선2동,20대미만,415,64,114
202407,2620055000,영도구 영선2동,30대,450,48,133
202407,2620055000,영도구 영선2동,40대,523,80,146
202407,2620055000,영도구 영선2동,50대,893,110,197
202407,2620055000,영도구 영선2동,60대이상,2918,133,446
202407,2620058500,영도구 신선동,20대,274,38,67
202407,2620058500,영도구 신선동,20대미만,270,85,120
202407,2620058500,영도구 신선동,30대,311,38,80
202407,2620058500,영도구 신선동,40대,555,68,108
202407,2620058500,영도구 신선동,50대,869,91,154
202407,2620058500,영도구 신선동,60대이상,3098,85,326
202407,2620059000,영도구 봉래1동,20대,290,46,146
202407,2620059000,영도구 봉래1동,20대미만,293,7,96
202407,2620059000,영도구 봉래1동,30대,328,83,182
202407,2620059000,영도구 봉래1동,40대,463,102,243
202407,2620059000,영도구 봉래1동,50대,579,149,288
202407,2620059000,영도구 봉래1동,60대이상,1977,193,582
202407,2620060500,영도구 봉래2동,20대,400,49,111
202407,2620060500,영도구 봉래2동,20대미만,354,30,113
202407,2620060500,영도구 봉래2동,30대,492,71,127
202407,2620060500,영도구 봉래2동,40대,589,123,176
202407,2620060500,영도구 봉래2동,50대,893,146,228
202407,2620060500,영도구 봉래2동,60대이상,2476,159,449
202407,2620063000,영도구 청학1동,20대,218,50,106
202407,2620063000,영도구 청학1동,20대미만,215,15,65
202407,2620063000,영도구 청학1동,30대,279,63,98
202407,2620063000,영도구 청학1동,40대,433,195,212
202407,2620063000,영도구 청학1동,50대,614,221,254
202407,2620063000,영도구 청학1동,60대이상,1941,171,391
202407,2620064000,영도구 청학2동,20대,898,178,233
202407,2620064000,영도구 청학2동,20대미만,924,16,166
202407,2620064000,영도구 청학2동,30대,1071,270,267
202407,2620064000,영도구 청학2동,40대,1361,330,370
202407,2620064000,영도구 청학2동,50대,1822,399,463
202407,2620064000,영도구 청학2동,60대이상,5011,308,859
202407,2620065000,영도구 동삼1동,20대,1958,348,394
202407,2620065000,영도구 동삼1동,20대미만,2000,159,346
202407,2620065000,영도구 동삼1동,30대,1770,364,419
202407,2620065000,영도구 동삼1동,40대,2455,442,519
202407,2620065000,영도구 동삼1동,50대,3330,528,665
202407,2620065000,영도구 동삼1동,60대이상,9232,416,1157
202407,2620066000,영도구 동삼2동,20대,515,202,598
202407,2620066000,영도구 동삼2동,20대미만,294,47,457
202407,2620066000,영도구 동삼2동,30대,377,141,507
202407,2620066000,영도구 동삼2동,40대,468,162,665
202407,2620066000,영도구 동삼2동,50대,540,161,776
202407,2620066000,영도구 동삼2동,60대이상,1365,112,1089
202407,2620067000,영도구 동삼3동,20대,431,73,203
202407,2620067000,영도구 동삼3동,20대미만,384,68,160
202407,2620067000,영도구 동삼3동,30대,457,100,245
202407,2620067000,영도구 동삼3동,40대,664,121,274
202407,2620067000,영도구 동삼3동,50대,1035,145,372
202407,2620067000,영도구 동삼3동,60대이상,3921,172,699
202407,2623051000,부산진구 부전1동,20대,2561,878,1744
202407,2623051000,부산진구 부전1동,20대미만,464,75,428
202407,2623051000,부산진구 부전1동,30대,1866,964,1337
202407,2623051000,부산진구 부전1동,40대,1230,848,1222
202407,2623051000,부산진구 부전1동,50대,1574,1035,1694
202407,2623051000,부산진구 부전1동,60대이상,3565,1330,4370
202407,2623052000,부산진구 부전2동,20대,2038,2313,6647
202407,2623052000,부산진구 부전2동,20대미만,449,182,1735
202407,2623052000,부산진구 부전2동,30대,1757,1524,3413
202407,2623052000,부산진구 부전2동,40대,1224,1093,2242
202407,2623052000,부산진구 부전2동,50대,1216,1012,2047
202407,2623052000,부산진구 부전2동,60대이상,1813,834,2762
202407,2623054000,부산진구 연지동,20대,665,81,173
202407,2623054000,부산진구 연지동,20대미만,683,75,170
202407,2623054000,부산진구 연지동,30대,943,107,226
202407,2623054000,부산진구 연지동,40대,1165,167,241
202407,2623054000,부산진구 연지동,50대,1389,166,254
202407,2623054000,부산진구 연지동,60대이상,3823,188,529
202407,2623055000,부산진구 초읍동,20대,1345,163,325
202407,2623055000,부산진구 초읍동,20대미만,1780,100,283
202407,2623055000,부산진구 초읍동,30대,1676,233,521
202407,2623055000,부산진구 초읍동,40대,2106,324,569
202407,2623055000,부산진구 초읍동,50대,2654,405,740
202407,2623055000,부산진구 초읍동,60대이상,7607,400,1377
202407,2623056000,부산진구 양정1동,20대,1769,422,635
202407,2623056000,부산진구 양정1동,20대미만,1324,265,353
202407,2623056000,부산진구 양정1동,30대,1715,365,604
202407,2623056000,부산진구 양정1동,40대,1800,455,608
202407,2623056000,부산진구 양정1동,50대,2426,548,735
202407,2623056000,부산진구 양정1동,60대이상,5439,473,1141
202407,2623057000,부산진구 양정2동,20대,1765,236,463
202407,2623057000,부산진구 양정2동,20대미만,524,191,209
202407,2623057000,부산진구 양정2동,30대,1567,270,412
202407,2623057000,부산진구 양정2동,40대,1070,289,418
202407,2623057000,부산진구 양정2동,50대,980,344,600
202407,2623057000,부산진구 양정2동,60대이상,2129,219,956
202407,2623060000,부산진구 전포1동,20대,2916,894,1959
202407,2623060000,부산진구 전포1동,20대미만,787,279,589
202407,2623060000,부산진구 전포1동,30대,2714,651,1028
202407,2623060000,부산진구 전포1동,40대,1655,458,560
202407,2623060000,부산진구 전포1동,50대,1734,405,511
202407,2623060000,부산진구 전포1동,60대이상,2978,312,627
202407,2623061000,부산진구 전포2동,20대,2454,589,1763
202407,2623061000,부산진구 전포2동,20대미만,965,59,520
202407,2623061000,부산진구 전포2동,30대,2709,516,1093
202407,2623061000,부산진구 전포2동,40대,2074,417,692
202407,2623061000,부산진구 전포2동,50대,2232,485,627
202407,2623061000,부산진구 전포2동,60대이상,5358,451,1043
202407,2623064000,부산진구 부암1동,20대,1641,201,481
202407,2623064000,부산진구 부암1동,20대미만,1274,31,224
202407,2623064000,부산진구 부암1동,30대,2345,307,552
202407,2623064000,부산진구 부암1동,40대,2001,313,466
202407,2623064000,부산진구 부암1동,50대,2424,352,639
202407,2623064000,부산진구 부암1동,60대이상,5259,312,1058
202407,2623066000,부산진구 부암3동,20대,1321,137,339
202407,2623066000,부산진구 부암3동,20대미만,1587,127,363
202407,2623066000,부산진구 부암3동,30대,1841,151,377
202407,2623066000,부산진구 부암3동,40대,1877,198,477
202407,2623066000,부산진구 부암3동,50대,2578,330,641
202407,2623066000,부산진구 부암3동,60대이상,4913,275,1385
202407,2623067000,부산진구 당감1동,20대,1445,174,324
202407,2623067000,부산진구 당감1동,20대미만,1291,100,331
202407,2623067000,부산진구 당감1동,30대,1408,174,366
202407,2623067000,부산진구 당감1동,40대,1838,254,380
202407,2623067000,부산진구 당감1동,50대,2940,344,583
202407,2623067000,부산진구 당감1동,60대이상,5929,364,1004
202407,2623068000,부산진구 당감2동,20대,439,51,161
202407,2623068000,부산진구 당감2동,20대미만,339,10,95
202407,2623068000,부산진구 당감2동,30대,556,71,222
202407,2623068000,부산진구 당감2동,40대,735,76,209
202407,2623068000,부산진구 당감2동,50대,725,105,268
202407,2623068000,부산진구 당감2동,60대이상,1701,96,479
202407,2623070000,부산진구 당감4동,20대,579,71,173
202407,2623070000,부산진구 당감4동,20대미만,798,52,168
202407,2623070000,부산진구 당감4동,30대,652,80,255
202407,2623070000,부산진구 당감4동,40대,853,85,275
202407,2623070000,부산진구 당감4동,50대,1207,139,325
202407,2623070000,부산진구 당감4동,60대이상,2611,150,532
202407,2623071000,부산진구 가야1동,20대,1791,377,638
202407,2623071000,부산진구 가야1동,20대미만,1152,130,411
202407,2623071000,부산진구 가야1동,30대,1208,215,539
202407,2623071000,부산진구 가야1동,40대,1506,286,572
202407,2623071000,부산진구 가야1동,50대,1927,381,688
202407,2623071000,부산진구 가야1동,60대이상,5214,344,1250
202407,2623072000,부산진구 가야2동,20대,788,73,335
202407,2623072000,부산진구 가야2동,20대미만,645,64,254
202407,2623072000,부산진구 가야2동,30대,935,92,354
202407,2623072000,부산진구 가야2동,40대,1005,108,361
202407,2623072000,부산진구 가야2동,50대,1227,159,539
202407,2623072000,부산진구 가야2동,60대이상,3368,217,958
202407,2623074000,부산진구 개금1동,20대,2227,207,486
202407,2623074000,부산진구 개금1동,20대미만,760,51,263
202407,2623074000,부산진구 개금1동,30대,1833,182,389
202407,2623074000,부산진구 개금1동,40대,1469,215,391
202407,2623074000,부산진구 개금1동,50대,1822,274,498
202407,2623074000,부산진구 개금1동,60대이상,3794,283,880
202407,2623075000,부산진구 개금2동,20대,784,183,460
202407,2623075000,부산진구 개금2동,20대미만,645,18,183
202407,2623075000,부산진구 개금2동,30대,623,201,394
202407,2623075000,부산진구 개금2동,40대,795,172,369
202407,2623075000,부산진구 개금2동,50대,1150,191,449
202407,2623075000,부산진구 개금2동,60대이상,2967,155,927
202407,2623076000,부산진구 개금3동,20대,1528,181,268
202407,2623076000,부산진구 개금3동,20대미만,1444,87,327
202407,2623076000,부산진구 개금3동,30대,1967,216,365
202407,2623076000,부산진구 개금3동,40대,1952,190,358
202407,2623076000,부산진구 개금3동,50대,2638,318,504
202407,2623076000,부산진구 개금3동,60대이상,6878,307,905
202407,2623077000,부산진구 범천1동,20대,1651,507,1034
202407,2623077000,부산진구 범천1동,20대미만,440,18,335
202407,2623077000,부산진구 범천1동,30대,1733,640,1036
202407,2623077000,부산진구 범천1동,40대,1176,638,954
202407,2623077000,부산진구 범천1동,50대,1199,763,1136
202407,2623077000,부산진구 범천1동,60대이상,2714,671,2009
202407,2623078000,부산진구 범천2동,20대,1386,130,365
202407,2623078000,부산진구 범천2동,20대미만,690,32,120
202407,2623078000,부산진구 범천2동,30대,2356,219,431
202407,2623078000,부산진구 범천2동,40대,2010,181,340
202407,2623078000,부산진구 범천2동,50대,2084,281,406
202407,2623078000,부산진구 범천2동,60대이상,5471,302,792
202407,2626051000,동래구 수민동,20대,1763,293,603
202407,2626051000,동래구 수민동,20대미만,1463,170,590
202407,2626051000,동래구 수민동,30대,1873,383,737
202407,2626051000,동래구 수민동,40대,2226,456,899
202407,2626051000,동래구 수민동,50대,2669,513,1207
202407,2626051000,동래구 수민동,60대이상,7859,446,2420
202407,2626052000,동래구 복산동,20대,502,62,113
202407,2626052000,동래구 복산동,20대미만,351,25,130
202407,2626052000,동래구 복산동,30대,517,63,116
202407,2626052000,동래구 복산동,40대,651,85,178
202407,2626052000,동래구 복산동,50대,1061,145,244
202407,2626052000,동래구 복산동,60대이상,3272,182,443
202407,2626054500,동래구 명륜동,20대,1667,543,1417
202407,2626054500,동래구 명륜동,20대미만,2611,300,708
202407,2626054500,동래구 명륜동,30대,2009,560,1189
202407,2626054500,동래구 명륜동,40대,3611,668,1249
202407,2626054500,동래구 명륜동,50대,3055,846,1483
202407,2626054500,동래구 명륜동,60대이상,4684,635,2622
202407,2626055000,동래구 온천1동,20대,2520,393,913
202407,2626055000,동래구 온천1동,20대미만,1643,184,568
202407,2626055000,동래구 온천1동,30대,3080,457,1048
202407,2626055000,동래구 온천1동,40대,2837,545,1191
202407,2626055000,동래구 온천1동,50대,2759,646,1317
202407,2626055000,동래구 온천1동,60대이상,5337,572,2014
202407,2626056000,동래구 온천2동,20대,877,203,401
202407,2626056000,동래구 온천2동,20대미만,1409,123,248
202407,2626056000,동래구 온천2동,30대,1178,319,376
202407,2626056000,동래구 온천2동,40대,1657,337,481
202407,2626056000,동래구 온천2동,50대,1474,341,581
202407,2626056000,동래구 온천2동,60대이상,3480,285,1049
202407,2626057000,동래구 온천3동,20대,3136,245,1371
202407,2626057000,동래구 온천3동,20대미만,2207,129,1604
202407,2626057000,동래구 온천3동,30대,3138,324,1901
202407,2626057000,동래구 온천3동,40대,3457,455,2331
202407,2626057000,동래구 온천3동,50대,4273,505,2054
202407,2626057000,동래구 온천3동,60대이상,9348,482,3809
202407,2626058000,동래구 사직1동,20대,641,253,636
202407,2626058000,동래구 사직1동,20대미만,877,136,761
202407,2626058000,동래구 사직1동,30대,799,231,607
202407,2626058000,동래구 사직1동,40대,1044,243,839
202407,2626058000,동래구 사직1동,50대,972,262,829
202407,2626058000,동래구 사직1동,60대이상,2396,270,1335
202407,2626059000,동래구 사직2동,20대,1713,191,775
202407,2626059000,동래구 사직2동,20대미만,3187,340,885
202407,2626059000,동래구 사직2동,30대,1413,171,682
202407,2626059000,동래구 사직2동,40대,2850,359,961
202407,2626059000,동래구 사직2동,50대,3011,362,915
202407,2626059000,동래구 사직2동,60대이상,4257,278,1353
202407,2626060000,동래구 사직3동,20대,1044,167,316
202407,2626060000,동래구 사직3동,20대미만,1677,87,445
202407,2626060000,동래구 사직3동,30대,1173,210,328
202407,2626060000,동래구 사직3동,40대,2156,284,494
202407,2626060000,동래구 사직3동,50대,1768,292,515
202407,2626060000,동래구 사직3동,60대이상,3990,239,775
202407,2626074000,동래구 안락1동,20대,723,127,322
202407,2626074000,동래구 안락1동,20대미만,562,43,278
202407,2626074000,동래구 안락1동,30대,802,171,404
202407,2626074000,동래구 안락1동,40대,995,205,587
202407,2626074000,동래구 안락1동,50대,1307,298,728
202407,2626074000,동래구 안락1동,60대이상,3948,336,1453
202407,2626075000,동래구 안락2동,20대,1736,245,452
202407,2626075000,동래구 안락2동,20대미만,2082,100,453
202407,2626075000,동래구 안락2동,30대,1916,346,482
202407,2626075000,동래구 안락2동,40대,2682,467,678
202407,2626075000,동래구 안락2동,50대,3159,507,716
202407,2626075000,동래구 안락2동,60대이상,6816,414,1252
202407,2626076100,동래구 명장1동,20대,832,93,210
202407,2626076100,동래구 명장1동,20대미만,1017,208,214
202407,2626076100,동래구 명장1동,30대,1044,136,227
202407,2626076100,동래구 명장1동,40대,1391,171,335
202407,2626076100,동래구 명장1동,50대,1503,232,382
202407,2626076100,동래구 명장1동,60대이상,4266,278,774
202407,2626076200,동래구 명장2동,20대,485,48,101
202407,2626076200,동래구 명장2동,20대미만,498,168,182
202407,2626076200,동래구 명장2동,30대,727,74,155
202407,2626076200,동래구 명장2동,40대,811,89,164
202407,2626076200,동래구 명장2동,50대,976,137,220
202407,2626076200,동래구 명장2동,60대이상,2451,141,493
202407,2629051000,남구 대연1동,20대,2707,294,1091
202407,2629051000,남구 대연1동,20대미만,846,88,650
202407,2629051000,남구 대연1동,30대,1203,223,834
202407,2629051000,남구 대연1동,40대,1205,291,933
202407,2629051000,남구 대연1동,50대,1679,356,1084
202407,2629051000,남구 대연1동,60대이상,4301,290,1717
202407,2629053000,남구 대연3동,20대,5420,1767,2436
202407,2629053000,남구 대연3동,20대미만,3822,325,1202
202407,2629053000,남구 대연3동,30대,3062,877,1238
202407,2629053000,남구 대연3동,40대,4207,938,1273
202407,2629053000,남구 대연3동,50대,3797,799,1382
202407,2629053000,남구 대연3동,60대이상,6318,592,1738
202407,2629054000,남구 대연4동,20대,786,81,192
202407,2629054000,남구 대연4동,20대미만,970,55,188
202407,2629054000,남구 대연4동,30대,1395,113,211
202407,2629054000,남구 대연4동,40대,1393,155,266
202407,2629054000,남구 대연4동,50대,1383,163,324
202407,2629054000,남구 대연4동,60대이상,3300,185,660
202407,2629055000,남구 대연5동,20대,1826,228,402
202407,2629055000,남구 대연5동,20대미만,1007,133,236
202407,2629055000,남구 대연5동,30대,1147,196,299
202407,2629055000,남구 대연5동,40대,1437,225,326
202407,2629055000,남구 대연5동,50대,1759,286,410
202407,2629055000,남구 대연5동,60대이상,4094,251,707
202407,2629056000,남구 대연6동,20대,888,150,183
202407,2629056000,남구 대연6동,20대미만,1462,120,214
202407,2629056000,남구 대연6동,30대,1206,216,220
202407,2629056000,남구 대연6동,40대,1923,285,280
202407,2629056000,남구 대연6동,50대,1528,285,341
202407,2629056000,남구 대연6동,60대이상,2826,165,512
202407,2629057000,남구 용호1동,20대,2566,377,507
202407,2629057000,남구 용호1동,20대미만,4148,184,422
202407,2629057000,남구 용호1동,30대,2557,305,608
202407,2629057000,남구 용호1동,40대,4561,508,755
202407,2629057000,남구 용호1동,50대,5540,597,878
202407,2629057000,남구 용호1동,60대이상,10359,509,1674
202407,2629058000,남구 용호2동,20대,1167,206,340
202407,2629058000,남구 용호2동,20대미만,1537,38,198
202407,2629058000,남구 용호2동,30대,1533,164,309
202407,2629058000,남구 용호2동,40대,2033,235,398
202407,2629058000,남구 용호2동,50대,1940,231,469
202407,2629058000,남구 용호2동,60대이상,4716,211,798
202407,2629059000,남구 용호3동,20대,682,111,190
202407,2629059000,남구 용호3동,20대미만,721,166,258
202407,2629059000,남구 용호3동,30대,698,98,216
202407,2629059000,남구 용호3동,40대,940,162,303
202407,2629059000,남구 용호3동,50대,1402,249,420
202407,2629059000,남구 용호3동,60대이상,4405,272,795
202407,2629060000,남구 용호4동,20대,461,143,275
202407,2629060000,남구 용호4동,20대미만,499,42,173
202407,2629060000,남구 용호4동,30대,449,80,208
202407,2629060000,남구 용호4동,40대,674,131,255
202407,2629060000,남구 용호4동,50대,792,152,298
202407,2629060000,남구 용호4동,60대이상,2135,172,639
202407,2629061000,남구 용당동,20대,619,223,250
202407,2629061000,남구 용당동,20대미만,421,58,121
202407,2629061000,남구 용당동,30대,420,225,240
202407,2629061000,남구 용당동,40대,656,244,396
202407,2629061000,남구 용당동,50대,1093,286,542
202407,2629061000,남구 용당동,60대이상,2047,233,613
202407,2629062000,남구 감만1동,20대,440,136,186
202407,2629062000,남구 감만1동,20대미만,307,28,72
202407,2629062000,남구 감만1동,30대,387,187,272
202407,2629062000,남구 감만1동,40대,515,204,399
202407,2629062000,남구 감만1동,50대,746,226,539
202407,2629062000,남구 감만1동,60대이상,1864,231,580
202407,2629063000,남구 감만2동,20대,262,27,134
202407,2629063000,남구 감만2동,20대미만,296,43,161
202407,2629063000,남구 감만2동,30대,265,40,141
202407,2629063000,남구 감만2동,40대,433,57,210
202407,2629063000,남구 감만2동,50대,716,82,360
202407,2629063000,남구 감만2동,60대이상,1817,82,796
202407,2629064500,남구 우암동,20대,709,148,281
202407,2629064500,남구 우암동,20대미만,814,73,175
202407,2629064500,남구 우암동,30대,706,156,339
202407,2629064500,남구 우암동,40대,1068,202,388
202407,2629064500,남구 우암동,50대,1390,287,634
202407,2629064500,남구 우암동,60대이상,4739,266,1131
202407,2629068000,남구 문현1동,20대,599,74,181
202407,2629068000,남구 문현1동,20대미만,648,119,253
202407,2629068000,남구 문현1동,30대,450,68,246
202407,2629068000,남구 문현1동,40대,739,111,268
202407,2629068000,남구 문현1동,50대,1114,143,352
202407,2629068000,남구 문현1동,60대이상,2692,132,625
202407,2629069000,남구 문현2동,20대,433,361,337
202407,2629069000,남구 문현2동,20대미만,174,57,174
202407,2629069000,남구 문현2동,30대,635,713,457
202407,2629069000,남구 문현2동,40대,476,564,414
202407,2629069000,남구 문현2동,50대,574,464,468
202407,2629069000,남구 문현2동,60대이상,1829,238,723
202407,2629070000,남구 문현3동,20대,732,101,766
202407,2629070000,남구 문현3동,20대미만,777,34,859
202407,2629070000,남구 문현3동,30대,861,100,740
202407,2629070000,남구 문현3동,40대,1250,176,1067
202407,2629070000,남구 문현3동,50대,1096,177,1363
202407,2629070000,남구 문현3동,60대이상,3281,220,2699
202407,2629071000,남구 문현4동,20대,444,96,205
202407,2629071000,남구 문현4동,20대미만,283,29,137
202407,2629071000,남구 문현4동,30대,481,124,243
202407,2629071000,남구 문현4동,40대,504,106,235
202407,2629071000,남구 문현4동,50대,653,115,254
202407,2629071000,남구 문현4동,60대이상,1707,123,364
202407,2632051000,북구 구포1동,20대,1088,152,448
202407,2632051000,북구 구포1동,20대미만,675,5,162
202407,2632051000,북구 구포1동,30대,1334,188,501
202407,2632051000,북구 구포1동,40대,1180,243,506
202407,2632051000,북구 구포1동,50대,1797,412,904
202407,2632051000,북구 구포1동,60대이상,4510,551,1920
202407,2632052000,북구 구포2동,20대,1842,202,309
202407,2632052000,북구 구포2동,20대미만,1211,148,193
202407,2632052000,북구 구포2동,30대,1913,312,336
202407,2632052000,북구 구포2동,40대,2101,401,378
202407,2632052000,북구 구포2동,50대,3095,507,558
202407,2632052000,북구 구포2동,60대이상,7176,408,1006
202407,2632052100,북구 구포3동,20대,1513,146,178
202407,2632052100,북구 구포3동,20대미만,1251,126,155
202407,2632052100,북구 구포3동,30대,1248,114,176
202407,2632052100,북구 구포3동,40대,1687,204,198
202407,2632052100,북구 구포3동,50대,2825,328,332
202407,2632052100,북구 구포3동,60대이상,5908,266,561
202407,2632053000,북구 금곡동,20대,2278,269,391
202407,2632053000,북구 금곡동,20대미만,2339,122,328
202407,2632053000,북구 금곡동,30대,2414,278,512
202407,2632053000,북구 금곡동,40대,3026,392,580
202407,2632053000,북구 금곡동,50대,4865,561,840
202407,2632053000,북구 금곡동,60대이상,12220,512,1518
202407,2632054100,북구 화명1동,20대,2796,277,953
202407,2632054100,북구 화명1동,20대미만,3022,55,1091
202407,2632054100,북구 화명1동,30대,3359,247,1087
202407,2632054100,북구 화명1동,40대,3391,309,1276
202407,2632054100,북구 화명1동,50대,5104,513,1439
202407,2632054100,북구 화명1동,60대이상,7938,473,2097
202407,2632054200,북구 화명2동,20대,1427,178,298
202407,2632054200,북구 화명2동,20대미만,1475,120,293
202407,2632054200,북구 화명2동,30대,1577,144,367
202407,2632054200,북구 화명2동,40대,1610,205,363
202407,2632054200,북구 화명2동,50대,2322,299,564
202407,2632054200,북구 화명2동,60대이상,4442,277,889
202407,2632054300,북구 화명3동,20대,2096,419,811
202407,2632054300,북구 화명3동,20대미만,2594,354,689
202407,2632054300,북구 화명3동,30대,1682,314,759
202407,2632054300,북구 화명3동,40대,2638,450,726
202407,2632054300,북구 화명3동,50대,3308,575,988
202407,2632054300,북구 화명3동,60대이상,4719,369,1503
202407,2632055000,북구 덕천1동,20대,1018,165,320
202407,2632055000,북구 덕천1동,20대미만,533,25,163
202407,2632055000,북구 덕천1동,30대,1464,185,347
202407,2632055000,북구 덕천1동,40대,1081,209,356
202407,2632055000,북구 덕천1동,50대,1435,311,501
202407,2632055000,북구 덕천1동,60대이상,4273,263,1000
202407,2632056000,북구 덕천2동,20대,913,419,1077
202407,2632056000,북구 덕천2동,20대미만,532,203,544
202407,2632056000,북구 덕천2동,30대,932,459,1050
202407,2632056000,북구 덕천2동,40대,905,416,1004
202407,2632056000,북구 덕천2동,50대,1335,546,1367
202407,2632056000,북구 덕천2동,60대이상,3615,450,2284
202407,2632056100,북구 덕천3동,20대,431,23,59
202407,2632056100,북구 덕천3동,20대미만,252,12,36
202407,2632056100,북구 덕천3동,30대,380,27,87
202407,2632056100,북구 덕천3동,40대,587,53,85
202407,2632056100,북구 덕천3동,50대,1023,85,130
202407,2632056100,북구 덕천3동,60대이상,2783,73,288
202407,2632057100,북구 만덕1동,20대,962,96,176
202407,2632057100,북구 만덕1동,20대미만,989,49,171
202407,2632057100,북구 만덕1동,30대,1901,130,321
202407,2632057100,북구 만덕1동,40대,1657,149,275
202407,2632057100,북구 만덕1동,50대,1531,140,309
202407,2632057100,북구 만덕1동,60대이상,3969,189,709
202407,2632057200,북구 만덕2동,20대,1737,163,284
202407,2632057200,북구 만덕2동,20대미만,2470,160,246
202407,2632057200,북구 만덕2동,30대,2399,189,354
202407,2632057200,북구 만덕2동,40대,2852,278,406
202407,2632057200,북구 만덕2동,50대,3040,340,481
202407,2632057200,북구 만덕2동,60대이상,6934,325,971
202407,2632057300,북구 만덕3동,20대,1173,83,227
202407,2632057300,북구 만덕3동,20대미만,1140,40,201
202407,2632057300,북구 만덕3동,30대,1312,93,267
202407,2632057300,북구 만덕3동,40대,1540,129,286
202407,2632057300,북구 만덕3동,50대,2070,211,317
202407,2632057300,북구 만덕3동,60대이상,5313,257,698
202407,2635051000,해운대구 우1동,20대,1807,768,2682
202407,2635051000,해운대구 우1동,20대미만,1896,417,1657
202407,2635051000,해운대구 우1동,30대,2000,712,2373
202407,2635051000,해운대구 우1동,40대,2435,711,2553
202407,2635051000,해운대구 우1동,50대,2754,786,2309
202407,2635051000,해운대구 우1동,60대이상,6024,778,2877
202407,2635052000,해운대구 우2동,20대,1753,2322,2429
202407,2635052000,해운대구 우2동,20대미만,2412,596,1765
202407,2635052000,해운대구 우2동,30대,2350,2434,2625
202407,2635052000,해운대구 우2동,40대,3487,1864,2491
202407,2635052000,해운대구 우2동,50대,3991,1552,2235
202407,2635052000,해운대구 우2동,60대이상,6703,861,2772
202407,2635052500,해운대구 우3동,20대,1487,244,632
202407,2635052500,해운대구 우3동,20대미만,2056,105,480
202407,2635052500,해운대구 우3동,30대,1702,322,692
202407,2635052500,해운대구 우3동,40대,2995,470,815
202407,2635052500,해운대구 우3동,50대,3126,389,819
202407,2635052500,해운대구 우3동,60대이상,6215,343,1107
202407,2635053000,해운대구 중1동,20대,2031,718,1905
202407,2635053000,해운대구 중1동,20대미만,1899,106,1356
202407,2635053000,해운대구 중1동,30대,2334,670,2093
202407,2635053000,해운대구 중1동,40대,3228,717,2276
202407,2635053000,해운대구 중1동,50대,3438,790,1916
202407,2635053000,해운대구 중1동,60대이상,5858,656,2316
202407,2635054000,해운대구 중2동,20대,948,144,475
202407,2635054000,해운대구 중2동,20대미만,1353,49,272
202407,2635054000,해운대구 중2동,30대,1398,203,538
202407,2635054000,해운대구 중2동,40대,1873,217,558
202407,2635054000,해운대구 중2동,50대,1937,231,678
202407,2635054000,해운대구 중2동,60대이상,3846,230,1004
202407,2635055100,해운대구 좌1동,20대,1437,460,789
202407,2635055100,해운대구 좌1동,20대미만,1132,91,622
202407,2635055100,해운대구 좌1동,30대,1345,427,683
202407,2635055100,해운대구 좌1동,40대,1810,450,838
202407,2635055100,해운대구 좌1동,50대,2343,520,990
202407,2635055100,해운대구 좌1동,60대이상,3368,393,1327
202407,2635055200,해운대구 좌2동,20대,2858,312,513
202407,2635055200,해운대구 좌2동,20대미만,2293,130,475
202407,2635055200,해운대구 좌2동,30대,3108,318,476
202407,2635055200,해운대구 좌2동,40대,3252,352,513
202407,2635055200,해운대구 좌2동,50대,4068,406,572
202407,2635055200,해운대구 좌2동,60대이상,6798,346,825
202407,2635055300,해운대구 좌3동,20대,1097,97,268
202407,2635055300,해운대구 좌3동,20대미만,1186,191,282
202407,2635055300,해운대구 좌3동,30대,995,110,247
202407,2635055300,해운대구 좌3동,40대,1308,120,323
202407,2635055300,해운대구 좌3동,50대,2043,195,417
202407,2635055300,해운대구 좌3동,60대이상,4266,186,665
202407,2635055400,해운대구 좌4동,20대,1832,502,720
202407,2635055400,해운대구 좌4동,20대미만,2815,260,580
202407,2635055400,해운대구 좌4동,30대,1658,400,696
202407,2635055400,해운대구 좌4동,40대,2497,475,885
202407,2635055400,해운대구 좌4동,50대,3077,519,1069
202407,2635055400,해운대구 좌4동,60대이상,4904,421,1811
202407,2635056000,해운대구 송정동,20대,591,287,1335
202407,2635056000,해운대구 송정동,20대미만,570,92,653
202407,2635056000,해운대구 송정동,30대,781,322,1056
202407,2635056000,해운대구 송정동,40대,882,337,1110
202407,2635056000,해운대구 송정동,50대,1156,462,1053
202407,2635056000,해운대구 송정동,60대이상,3388,331,1257
202407,2635057000,해운대구 반여1동,20대,2790,409,525
202407,2635057000,해운대구 반여1동,20대미만,4007,182,395
202407,2635057000,해운대구 반여1동,30대,2678,445,670
202407,2635057000,해운대구 반여1동,40대,4019,596,796
202407,2635057000,해운대구 반여1동,50대,4815,781,1006
202407,2635057000,해운대구 반여1동,60대이상,7924,569,1714
202407,2635058000,해운대구 반여2동,20대,727,78,271
202407,2635058000,해운대구 반여2동,20대미만,446,34,167
202407,2635058000,해운대구 반여2동,30대,909,88,275
202407,2635058000,해운대구 반여2동,40대,1101,137,361
202407,2635058000,해운대구 반여2동,50대,1585,199,642
202407,2635058000,해운대구 반여2동,60대이상,4263,164,1118
202407,2635059000,해운대구 반여3동,20대,416,25,51
202407,2635059000,해운대구 반여3동,20대미만,213,5,38
202407,2635059000,해운대구 반여3동,30대,372,27,56
202407,2635059000,해운대구 반여3동,40대,525,28,70
202407,2635059000,해운대구 반여3동,50대,765,66,118
202407,2635059000,해운대구 반여3동,60대이상,1881,67,209
202407,2635059500,해운대구 반여4동,20대,726,45,156
202407,2635059500,해운대구 반여4동,20대미만,726,14,191
202407,2635059500,해운대구 반여4동,30대,632,61,177
202407,2635059500,해운대구 반여4동,40대,853,95,239
202407,2635059500,해운대구 반여4동,50대,1032,102,272
202407,2635059500,해운대구 반여4동,60대이상,1905,104,586
202407,2635061000,해운대구 반송1동,20대,768,115,137
202407,2635061000,해운대구 반송1동,20대미만,315,61,83
202407,2635061000,해운대구 반송1동,30대,602,139,143
202407,2635061000,해운대구 반송1동,40대,751,164,214
202407,2635061000,해운대구 반송1동,50대,1171,225,322
202407,2635061000,해운대구 반송1동,60대이상,3336,214,498
202407,2635062000,해운대구 반송2동,20대,1186,126,120
202407,2635062000,해운대구 반송2동,20대미만,1076,12,78
202407,2635062000,해운대구 반송2동,30대,1237,91,149
202407,2635062000,해운대구 반송2동,40대,1991,212,184
202407,2635062000,해운대구 반송2동,50대,2867,364,292
202407,2635062000,해운대구 반송2동,60대이상,8100,360,568
202407,2635065000,해운대구 재송1동,20대,2387,509,575
202407,2635065000,해운대구 재송1동,20대미만,4281,212,407
202407,2635065000,해운대구 재송1동,30대,2763,579,708
202407,2635065000,해운대구 재송1동,40대,5342,694,891
202407,2635065000,해운대구 재송1동,50대,4184,686,931
202407,2635065000,해운대구 재송1동,60대이상,6711,472,1357
202407,2635066000,해운대구 재송2동,20대,1587,158,306
202407,2635066000,해운대구 재송2동,20대미만,1204,44,212
202407,2635066000,해운대구 재송2동,30대,1678,223,373
202407,2635066000,해운대구 재송2동,40대,2335,258,387
202407,2635066000,해운대구 재송2동,50대,3020,311,506
202407,2635066000,해운대구 재송2동,60대이상,6618,313,792
202407,2638051000,사하구 괴정1동,20대,1282,95,372
202407,2638051000,사하구 괴정1동,20대미만,1264,132,313
202407,2638051000,사하구 괴정1동,30대,1139,115,353
202407,2638051000,사하구 괴정1동,40대,1669,165,490
202407,2638051000,사하구 괴정1동,50대,2018,264,611
202407,2638051000,사하구 괴정1동,60대이상,5981,230,1090
202407,2638052000,사하구 괴정2동,20대,921,50,105
202407,2638052000,사하구 괴정2동,20대미만,806,43,87
202407,2638052000,사하구 괴정2동,30대,767,61,116
202407,2638052000,사하구 괴정2동,40대,1205,105,181
202407,2638052000,사하구 괴정2동,50대,1536,131,210
202407,2638052000,사하구 괴정2동,60대이상,4242,141,468
202407,2638053000,사하구 괴정3동,20대,841,176,329
202407,2638053000,사하구 괴정3동,20대미만,673,55,235
202407,2638053000,사하구 괴정3동,30대,858,165,303
202407,2638053000,사하구 괴정3동,40대,1044,207,382
202407,2638053000,사하구 괴정3동,50대,1480,273,520
202407,2638053000,사하구 괴정3동,60대이상,4517,308,1024
202407,2638054000,사하구 괴정4동,20대,908,83,170
202407,2638054000,사하구 괴정4동,20대미만,1199,73,308
202407,2638054000,사하구 괴정4동,30대,1154,117,226
202407,2638054000,사하구 괴정4동,40대,1563,188,311
202407,2638054000,사하구 괴정4동,50대,1497,158,366
202407,2638054000,사하구 괴정4동,60대이상,3552,162,777
202407,2638055000,사하구 당리동,20대,1715,263,528
202407,2638055000,사하구 당리동,20대미만,1561,129,445
202407,2638055000,사하구 당리동,30대,1726,305,572
202407,2638055000,사하구 당리동,40대,2209,405,614
202407,2638055000,사하구 당리동,50대,3066,469,750
202407,2638055000,사하구 당리동,60대이상,7316,382,1428
202407,2638056100,사하구 하단1동,20대,2233,224,449
202407,2638056100,사하구 하단1동,20대미만,1233,67,224
202407,2638056100,사하구 하단1동,30대,1959,213,448
202407,2638056100,사하구 하단1동,40대,2023,263,482
202407,2638056100,사하구 하단1동,50대,2519,322,602
202407,2638056100,사하구 하단1동,60대이상,5634,337,1044
202407,2638056200,사하구 하단2동,20대,3829,811,1357
202407,2638056200,사하구 하단2동,20대미만,1876,231,476
202407,2638056200,사하구 하단2동,30대,2262,451,818
202407,2638056200,사하구 하단2동,40대,2450,466,769
202407,2638056200,사하구 하단2동,50대,2946,566,845
202407,2638056200,사하구 하단2동,60대이상,5941,413,1252
202407,2638057100,사하구 신평1동,20대,961,227,253
202407,2638057100,사하구 신평1동,20대미만,1026,115,200
202407,2638057100,사하구 신평1동,30대,1137,387,319
202407,2638057100,사하구 신평1동,40대,1640,429,429
202407,2638057100,사하구 신평1동,50대,2146,566,565
202407,2638057100,사하구 신평1동,60대이상,5162,377,781
202407,2638057200,사하구 신평2동,20대,1157,269,272
202407,2638057200,사하구 신평2동,20대미만,1220,60,191
202407,2638057200,사하구 신평2동,30대,1728,309,406
202407,2638057200,사하구 신평2동,40대,1837,443,428
202407,2638057200,사하구 신평2동,50대,2173,505,602
202407,2638057200,사하구 신평2동,60대이상,4271,447,878
202407,2638058000,사하구 장림1동,20대,593,219,281
202407,2638058000,사하구 장림1동,20대미만,930,64,219
202407,2638058000,사하구 장림1동,30대,756,314,422
202407,2638058000,사하구 장림1동,40대,1324,409,522
202407,2638058000,사하구 장림1동,50대,1253,652,700
202407,2638058000,사하구 장림1동,60대이상,2675,597,1095
202407,2638059000,사하구 장림2동,20대,1886,250,393
202407,2638059000,사하구 장림2동,20대미만,1956,97,347
202407,2638059000,사하구 장림2동,30대,2078,349,492
202407,2638059000,사하구 장림2동,40대,2907,520,603
202407,2638059000,사하구 장림2동,50대,3391,624,720
202407,2638059000,사하구 장림2동,60대이상,6430,578,1213
202407,2638060100,사하구 다대1동,20대,2460,468,495
202407,2638060100,사하구 다대1동,20대미만,3135,68,341
202407,2638060100,사하구 다대1동,30대,2557,527,576
202407,2638060100,사하구 다대1동,40대,3941,723,712
202407,2638060100,사하구 다대1동,50대,5400,961,957
202407,2638060100,사하구 다대1동,60대이상,10820,761,1622
202407,2638060200,사하구 다대2동,20대,1814,259,246
202407,2638060200,사하구 다대2동,20대미만,2225,66,142
202407,2638060200,사하구 다대2동,30대,1679,241,290
202407,2638060200,사하구 다대2동,40대,2607,403,343
202407,2638060200,사하구 다대2동,50대,3872,558,483
202407,2638060200,사하구 다대2동,60대이상,8774,439,835
202407,2638061000,사하구 구평동,20대,766,139,175
202407,2638061000,사하구 구평동,20대미만,1107,48,119
202407,2638061000,사하구 구평동,30대,1536,270,265
202407,2638061000,사하구 구평동,40대,1502,409,357
202407,2638061000,사하구 구평동,50대,1420,497,501
202407,2638061000,사하구 구평동,60대이상,2580,512,711
202407,2638062000,사하구 감천1동,20대,1120,165,192
202407,2638062000,사하구 감천1동,20대미만,1142,259,265
202407,2638062000,사하구 감천1동,30대,1061,233,244
202407,2638062000,사하구 감천1동,40대,1626,297,385
202407,2638062000,사하구 감천1동,50대,2275,428,538
202407,2638062000,사하구 감천1동,60대이상,6388,354,830
202407,2638063000,사하구 감천2동,20대,193,15,45
202407,2638063000,사하구 감천2동,20대미만,132,0,34
202407,2638063000,사하구 감천2동,30대,227,27,37
202407,2638063000,사하구 감천2동,40대,445,41,51
202407,2638063000,사하구 감천2동,50대,797,58,101
202407,2638063000,사하구 감천2동,60대이상,1912,41,173
202407,2641051000,금정구 서1동,20대,237,20,51
202407,2641051000,금정구 서1동,20대미만,147,8,35
202407,2641051000,금정구 서1동,30대,254,17,62
202407,2641051000,금정구 서1동,40대,371,46,67
202407,2641051000,금정구 서1동,50대,591,87,144
202407,2641051000,금정구 서1동,60대이상,1888,109,297
202407,2641052000,금정구 서2동,20대,270,54,155
202407,2641052000,금정구 서2동,20대미만,188,32,100
202407,2641052000,금정구 서2동,30대,389,67,176
202407,2641052000,금정구 서2동,40대,491,101,192
202407,2641052000,금정구 서2동,50대,903,161,311
202407,2641052000,금정구 서2동,60대이상,2051,181,660
202407,2641053000,금정구 서3동,20대,551,62,118
202407,2641053000,금정구 서3동,20대미만,344,53,113
202407,2641053000,금정구 서3동,30대,654,93,161
202407,2641053000,금정구 서3동,40대,705,118,195
202407,2641053000,금정구 서3동,50대,1381,193,329
202407,2641053000,금정구 서3동,60대이상,4002,252,635
202407,2641055500,금정구 금사회동동,20대,325,314,260
202407,2641055500,금정구 금사회동동,20대미만,246,41,150
202407,2641055500,금정구 금사회동동,30대,407,522,394
202407,2641055500,금정구 금사회동동,40대,572,584,514
202407,2641055500,금정구 금사회동동,50대,888,720,819
202407,2641055500,금정구 금사회동동,60대이상,2826,611,1312
202407,2641057000,금정구 부곡1동,20대,411,35,89
202407,2641057000,금정구 부곡1동,20대미만,342,77,124
202407,2641057000,금정구 부곡1동,30대,424,43,117
202407,2641057000,금정구 부곡1동,40대,607,69,145
202407,2641057000,금정구 부곡1동,50대,849,84,171
202407,2641057000,금정구 부곡1동,60대이상,2901,125,338
202407,2641058000,금정구 부곡2동,20대,1655,231,423
202407,2641058000,금정구 부곡2동,20대미만,1360,250,395
202407,2641058000,금정구 부곡2동,30대,1211,259,499
202407,2641058000,금정구 부곡2동,40대,1665,338,535
202407,2641058000,금정구 부곡2동,50대,2114,375,580
202407,2641058000,금정구 부곡2동,60대이상,4685,347,1096
202407,2641059000,금정구 부곡3동,20대,1300,305,345
202407,2641059000,금정구 부곡3동,20대미만,1092,239,340
202407,2641059000,금정구 부곡3동,30대,1167,364,391
202407,2641059000,금정구 부곡3동,40대,1513,349,474
202407,2641059000,금정구 부곡3동,50대,1824,345,588
202407,2641059000,금정구 부곡3동,60대이상,4114,289,932
202407,2641059100,금정구 부곡4동,20대,565,48,182
202407,2641059100,금정구 부곡4동,20대미만,352,30,182
202407,2641059100,금정구 부곡4동,30대,755,88,206
202407,2641059100,금정구 부곡4동,40대,700,106,281
202407,2641059100,금정구 부곡4동,50대,1035,133,333
202407,2641059100,금정구 부곡4동,60대이상,2599,161,716
202407,2641060000,금정구 장전1동,20대,4294,434,859
202407,2641060000,금정구 장전1동,20대미만,1003,53,351
202407,2641060000,금정구 장전1동,30대,1373,194,382
202407,2641060000,금정구 장전1동,40대,1418,244,395
202407,2641060000,금정구 장전1동,50대,1494,288,490
202407,2641060000,금정구 장전1동,60대이상,3467,235,697
202407,2641061000,금정구 장전2동,20대,1981,1494,1902
202407,2641061000,금정구 장전2동,20대미만,2299,252,763
202407,2641061000,금정구 장전2동,30대,2198,791,891
202407,2641061000,금정구 장전2동,40대,3220,751,887
202407,2641061000,금정구 장전2동,50대,2680,685,971
202407,2641061000,금정구 장전2동,60대이상,5834,525,1408
202407,2641063500,금정구 선두구동,20대,73,37,122
202407,2641063500,금정구 선두구동,20대미만,66,1,45
202407,2641063500,금정구 선두구동,30대,78,66,146
202407,2641063500,금정구 선두구동,40대,121,81,243
202407,2641063500,금정구 선두구동,50대,214,122,330
202407,2641063500,금정구 선두구동,60대이상,817,115,518
202407,2641066500,금정구 청룡노포동,20대,537,125,277
202407,2641066500,금정구 청룡노포동,20대미만,527,52,126
202407,2641066500,금정구 청룡노포동,30대,523,151,293
202407,2641066500,금정구 청룡노포동,40대,630,186,416
202407,2641066500,금정구 청룡노포동,50대,1085,236,724
202407,2641066500,금정구 청룡노포동,60대이상,3337,283,1406
202407,2641067000,금정구 남산동,20대,2230,328,689
202407,2641067000,금정구 남산동,20대미만,1386,109,492
202407,2641067000,금정구 남산동,30대,1628,247,505
202407,2641067000,금정구 남산동,40대,1845,403,666
202407,2641067000,금정구 남산동,50대,3065,519,995
202407,2641067000,금정구 남산동,60대이상,7746,452,1860
202407,2641068000,금정구 구서1동,20대,838,152,361
202407,2641068000,금정구 구서1동,20대미만,1155,288,341
202407,2641068000,금정구 구서1동,30대,989,212,376
202407,2641068000,금정구 구서1동,40대,1384,244,466
202407,2641068000,금정구 구서1동,50대,1425,253,515
202407,2641068000,금정구 구서1동,60대이상,3449,236,768
202407,2641069000,금정구 구서2동,20대,2112,280,937
202407,2641069000,금정구 구서2동,20대미만,2380,132,573
202407,2641069000,금정구 구서2동,30대,2182,277,787
202407,2641069000,금정구 구서2동,40대,3050,382,870
202407,2641069000,금정구 구서2동,50대,3803,501,1325
202407,2641069000,금정구 구서2동,60대이상,8201,481,2677
202407,2641070000,금정구 금성동,20대,46,13,36
202407,2641070000,금정구 금성동,20대미만,83,6,61
202407,2641070000,금정구 금성동,30대,36,18,69
202407,2641070000,금정구 금성동,40대,81,17,104
202407,2641070000,금정구 금성동,50대,101,27,157
202407,2641070000,금정구 금성동,60대이상,350,40,259
202407,2644051000,강서구 대저1동,20대,544,432,440
202407,2644051000,강서구 대저1동,20대미만,195,65,153
202407,2644051000,강서구 대저1동,30대,372,671,419
202407,2644051000,강서구 대저1동,40대,442,721,582
202407,2644051000,강서구 대저1동,50대,740,864,767
202407,2644051000,강서구 대저1동,60대이상,2851,689,1190
202407,2644052000,강서구 대저2동,20대,848,783,3149
202407,2644052000,강서구 대저2동,20대미만,523,34,1247
202407,2644052000,강서구 대저2동,30대,557,1111,3077
202407,2644052000,강서구 대저2동,40대,634,1100,3038
202407,2644052000,강서구 대저2동,50대,699,1433,3325
202407,2644052000,강서구 대저2동,60대이상,2234,966,3313
202407,2644053000,강서구 강동동,20대,74,55,82
202407,2644053000,강서구 강동동,20대미만,38,2,25
202407,2644053000,강서구 강동동,30대,169,114,142
202407,2644053000,강서구 강동동,40대,199,161,183
202407,2644053000,강서구 강동동,50대,240,206,294
202407,2644053000,강서구 강동동,60대이상,1480,228,453
202407,2644053500,강서구 명지1동,20대,2852,765,878
202407,2644053500,강서구 명지1동,20대미만,7266,215,520
202407,2644053500,강서구 명지1동,30대,8412,1287,1454
202407,2644053500,강서구 명지1동,40대,9158,1551,1484
202407,2644053500,강서구 명지1동,50대,3922,948,1209
202407,2644053500,강서구 명지1동,60대이상,6296,618,1415
202407,2644054500,강서구 명지2동,20대,1382,265,371
202407,2644054500,강서구 명지2동,20대미만,4300,122,313
202407,2644054500,강서구 명지2동,30대,2661,373,482
202407,2644054500,강서구 명지2동,40대,5121,695,623
202407,2644054500,강서구 명지2동,50대,2991,416,482
202407,2644054500,강서구 명지2동,60대이상,3662,259,603
202407,2644055000,강서구 가락동,20대,68,70,84
202407,2644055000,강서구 가락동,20대미만,68,19,55
202407,2644055000,강서구 가락동,30대,99,124,145
202407,2644055000,강서구 가락동,40대,144,166,189
202407,2644055000,강서구 가락동,50대,277,274,320
202407,2644055000,강서구 가락동,60대이상,1100,231,484
202407,2644056000,강서구 녹산동,20대,2185,1882,1177
202407,2644056000,강서구 녹산동,20대미만,3506,105,399
202407,2644056000,강서구 녹산동,30대,4234,3690,2071
202407,2644056000,강서구 녹산동,40대,5428,4598,2724
202407,2644056000,강서구 녹산동,50대,3649,3788,2823
202407,2644056000,강서구 녹산동,60대이상,6549,2263,2697
202407,2644058000,강서구 가덕도동,20대,172,91,335
202407,2644058000,강서구 가덕도동,20대미만,117,33,80
202407,2644058000,강서구 가덕도동,30대,267,142,555
202407,2644058000,강서구 가덕도동,40대,360,204,906
202407,2644058000,강서구 가덕도동,50대,464,196,898
202407,2644058000,강서구 가덕도동,60대이상,1463,116,760
202407,2647061000,연제구 거제1동,20대,1988,634,608
202407,2647061000,연제구 거제1동,20대미만,2061,424,732
202407,2647061000,연제구 거제1동,30대,1838,784,658
202407,2647061000,연제구 거제1동,40대,2728,1003,919
202407,2647061000,연제구 거제1동,50대,2778,1025,1058
202407,2647061000,연제구 거제1동,60대이상,5966,742,1517
202407,2647062000,연제구 거제2동,20대,1447,212,404
202407,2647062000,연제구 거제2동,20대미만,2481,95,466
202407,2647062000,연제구 거제2동,30대,2186,314,513
202407,2647062000,연제구 거제2동,40대,3125,439,770
202407,2647062000,연제구 거제2동,50대,2496,479,840
202407,2647062000,연제구 거제2동,60대이상,3617,399,1710
202407,2647063000,연제구 거제3동,20대,667,130,892
202407,2647063000,연제구 거제3동,20대미만,423,18,313
202407,2647063000,연제구 거제3동,30대,641,158,1213
202407,2647063000,연제구 거제3동,40대,658,161,1249
202407,2647063000,연제구 거제3동,50대,908,208,1352
202407,2647063000,연제구 거제3동,60대이상,1850,189,1416
202407,2647064000,연제구 거제4동,20대,623,55,265
202407,2647064000,연제구 거제4동,20대미만,858,78,272
202407,2647064000,연제구 거제4동,30대,597,77,404
202407,2647064000,연제구 거제4동,40대,889,93,372
202407,2647064000,연제구 거제4동,50대,1193,147,335
202407,2647064000,연제구 거제4동,60대이상,2634,147,570
202407,2647065000,연제구 연산1동,20대,881,225,409
202407,2647065000,연제구 연산1동,20대미만,1261,144,340
202407,2647065000,연제구 연산1동,30대,1209,305,502
202407,2647065000,연제구 연산1동,40대,1574,343,526
202407,2647065000,연제구 연산1동,50대,1555,370,647
202407,2647065000,연제구 연산1동,60대이상,3951,347,1102
202407,2647066000,연제구 연산2동,20대,1731,283,1011
202407,2647066000,연제구 연산2동,20대미만,1353,168,710
202407,2647066000,연제구 연산2동,30대,2865,492,1570
202407,2647066000,연제구 연산2동,40대,2249,509,1411
202407,2647066000,연제구 연산2동,50대,2248,515,1388
202407,2647066000,연제구 연산2동,60대이상,4938,353,2671
202407,2647067000,연제구 연산3동,20대,260,13,42
202407,2647067000,연제구 연산3동,20대미만,192,50,62
202407,2647067000,연제구 연산3동,30대,444,23,82
202407,2647067000,연제구 연산3동,40대,557,30,88
202407,2647067000,연제구 연산3동,50대,529,57,89
202407,2647067000,연제구 연산3동,60대이상,1787,54,196
202407,2647068000,연제구 연산4동,20대,1041,294,960
202407,2647068000,연제구 연산4동,20대미만,528,23,261
202407,2647068000,연제구 연산4동,30대,1333,327,997
202407,2647068000,연제구 연산4동,40대,1296,345,942
202407,2647068000,연제구 연산4동,50대,1610,423,1131
202407,2647068000,연제구 연산4동,60대이상,4638,389,2280
202407,2647069000,연제구 연산5동,20대,1616,396,675
202407,2647069000,연제구 연산5동,20대미만,473,47,144
202407,2647069000,연제구 연산5동,30대,1808,515,728
202407,2647069000,연제구 연산5동,40대,1152,532,685
202407,2647069000,연제구 연산5동,50대,1208,618,812
202407,2647069000,연제구 연산5동,60대이상,2797,553,1326
202407,2647070000,연제구 연산6동,20대,821,112,530
202407,2647070000,연제구 연산6동,20대미만,706,87,352
202407,2647070000,연제구 연산6동,30대,1107,110,564
202407,2647070000,연제구 연산6동,40대,1340,189,577
202407,2647070000,연제구 연산6동,50대,1544,220,780
202407,2647070000,연제구 연산6동,60대이상,4553,226,1914
202407,2647072000,연제구 연산8동,20대,385,58,266
202407,2647072000,연제구 연산8동,20대미만,393,114,311
202407,2647072000,연제구 연산8동,30대,500,66,354
202407,2647072000,연제구 연산8동,40대,683,110,423
202407,2647072000,연제구 연산8동,50대,818,121,499
202407,2647072000,연제구 연산8동,60대이상,2095,134,1143
202407,2647073000,연제구 연산9동,20대,2323,302,489
202407,2647073000,연제구 연산9동,20대미만,2513,202,435
202407,2647073000,연제구 연산9동,30대,2655,354,595
202407,2647073000,연제구 연산9동,40대,3337,542,769
202407,2647073000,연제구 연산9동,50대,4179,626,927
202407,2647073000,연제구 연산9동,60대이상,9278,547,1394
202407,2650066000,수영구 남천1동,20대,1239,431,753
202407,2650066000,수영구 남천1동,20대미만,1443,281,704
202407,2650066000,수영구 남천1동,30대,1446,544,714
202407,2650066000,수영구 남천1동,40대,1584,539,946
202407,2650066000,수영구 남천1동,50대,1818,562,985
202407,2650066000,수영구 남천1동,60대이상,3781,474,1581
202407,2650067000,수영구 남천2동,20대,467,69,438
202407,2650067000,수영구 남천2동,20대미만,547,28,231
202407,2650067000,수영구 남천2동,30대,675,74,360
202407,2650067000,수영구 남천2동,40대,731,94,370
202407,2650067000,수영구 남천2동,50대,1147,130,386
202407,2650067000,수영구 남천2동,60대이상,2094,93,691
202407,2650073000,수영구 수영동,20대,1090,176,397
202407,2650073000,수영구 수영동,20대미만,570,52,203
202407,2650073000,수영구 수영동,30대,1149,205,417
202407,2650073000,수영구 수영동,40대,1142,198,434
202407,2650073000,수영구 수영동,50대,1571,306,534
202407,2650073000,수영구 수영동,60대이상,5304,322,1072
202407,2650074000,수영구 망미1동,20대,1668,219,381
202407,2650074000,수영구 망미1동,20대미만,1913,82,262
202407,2650074000,수영구 망미1동,30대,2015,249,430
202407,2650074000,수영구 망미1동,40대,2590,342,485
202407,2650074000,수영구 망미1동,50대,2843,407,572
202407,2650074000,수영구 망미1동,60대이상,8997,453,1203
202407,2650075000,수영구 망미2동,20대,485,76,249
202407,2650075000,수영구 망미2동,20대미만,541,33,247
202407,2650075000,수영구 망미2동,30대,548,91,277
202407,2650075000,수영구 망미2동,40대,865,118,441
202407,2650075000,수영구 망미2동,50대,1149,134,404
202407,2650075000,수영구 망미2동,60대이상,2547,147,744
202407,2650076000,수영구 광안1동,20대,2464,195,483
202407,2650076000,수영구 광안1동,20대미만,886,58,207
202407,2650076000,수영구 광안1동,30대,1960,219,421
202407,2650076000,수영구 광안1동,40대,1471,210,390
202407,2650076000,수영구 광안1동,50대,1498,221,432
202407,2650076000,수영구 광안1동,60대이상,4023,225,893
202407,2650077000,수영구 광안2동,20대,1590,440,2346
202407,2650077000,수영구 광안2동,20대미만,1035,114,720
202407,2650077000,수영구 광안2동,30대,1697,413,1282
202407,2650077000,수영구 광안2동,40대,1713,349,943
202407,2650077000,수영구 광안2동,50대,1782,337,890
202407,2650077000,수영구 광안2동,60대이상,4273,332,1277
202407,2650078000,수영구 광안3동,20대,1246,204,758
202407,2650078000,수영구 광안3동,20대미만,324,24,252
202407,2650078000,수영구 광안3동,30대,1128,192,600
202407,2650078000,수영구 광안3동,40대,825,221,539
202407,2650078000,수영구 광안3동,50대,855,231,630
202407,2650078000,수영구 광안3동,60대이상,2699,260,1179
202407,2650079000,수영구 광안4동,20대,907,114,624
202407,2650079000,수영구 광안4동,20대미만,664,107,413
202407,2650079000,수영구 광안4동,30대,890,118,641
202407,2650079000,수영구 광안4동,40대,1155,134,648
202407,2650079000,수영구 광안4동,50대,1373,159,676
202407,2650079000,수영구 광안4동,60대이상,3059,179,1264
202407,2650080000,수영구 민락동,20대,2096,436,2681
202407,2650080000,수영구 민락동,20대미만,1470,30,832
202407,2650080000,수영구 민락동,30대,2852,415,1566
202407,2650080000,수영구 민락동,40대,2854,405,1133
202407,2650080000,수영구 민락동,50대,3109,431,1133
202407,2650080000,수영구 민락동,60대이상,7362,476,1499
202407,2653058000,사상구 삼락동,20대,272,189,287
202407,2653058000,사상구 삼락동,20대미만,208,73,202
202407,2653058000,사상구 삼락동,30대,302,299,425
202407,2653058000,사상구 삼락동,40대,323,420,497
202407,2653058000,사상구 삼락동,50대,681,615,734
202407,2653058000,사상구 삼락동,60대이상,1645,547,1291
202407,2653059100,사상구 모라1동,20대,1830,363,372
202407,2653059100,사상구 모라1동,20대미만,1343,86,204
202407,2653059100,사상구 모라1동,30대,1998,507,420
202407,2653059100,사상구 모라1동,40대,2010,583,511
202407,2653059100,사상구 모라1동,50대,3492,839,776
202407,2653059100,사상구 모라1동,60대이상,8224,772,1306
202407,2653059300,사상구 모라3동,20대,373,70,89
202407,2653059300,사상구 모라3동,20대미만,343,32,77
202407,2653059300,사상구 모라3동,30대,437,43,87
202407,2653059300,사상구 모라3동,40대,722,73,153
202407,2653059300,사상구 모라3동,50대,1309,147,269
202407,2653059300,사상구 모라3동,60대이상,4695,200,537
202407,2653060000,사상구 덕포1동,20대,669,69,143
202407,2653060000,사상구 덕포1동,20대미만,577,58,123
202407,2653060000,사상구 덕포1동,30대,1057,70,154
202407,2653060000,사상구 덕포1동,40대,929,93,141
202407,2653060000,사상구 덕포1동,50대,1120,126,206
202407,2653060000,사상구 덕포1동,60대이상,2295,134,406
202407,2653061000,사상구 덕포2동,20대,923,202,377
202407,2653061000,사상구 덕포2동,20대미만,935,112,243
202407,2653061000,사상구 덕포2동,30대,921,255,337
202407,2653061000,사상구 덕포2동,40대,1077,346,401
202407,2653061000,사상구 덕포2동,50대,1604,475,555
202407,2653061000,사상구 덕포2동,60대이상,3775,412,811
202407,2653062000,사상구 괘법동,20대,3226,759,1625
202407,2653062000,사상구 괘법동,20대미만,902,73,530
202407,2653062000,사상구 괘법동,30대,2935,649,1234
202407,2653062000,사상구 괘법동,40대,2103,773,1127
202407,2653062000,사상구 괘법동,50대,2879,947,1585
202407,2653062000,사상구 괘법동,60대이상,5948,848,2593
202407,2653064500,사상구 감전동,20대,676,510,694
202407,2653064500,사상구 감전동,20대미만,339,48,197
202407,2653064500,사상구 감전동,30대,851,872,720
202407,2653064500,사상구 감전동,40대,838,840,756
202407,2653064500,사상구 감전동,50대,1438,1085,996
202407,2653064500,사상구 감전동,60대이상,3690,919,1342
202407,2653065000,사상구 주례1동,20대,1093,269,326
202407,2653065000,사상구 주례1동,20대미만,1266,24,119
202407,2653065000,사상구 주례1동,30대,1494,349,366
202407,2653065000,사상구 주례1동,40대,1523,335,390
202407,2653065000,사상구 주례1동,50대,2068,473,546
202407,2653065000,사상구 주례1동,60대이상,4270,468,1051
202407,2653066000,사상구 주례2동,20대,2745,469,646
202407,2653066000,사상구 주례2동,20대미만,1804,145,293
202407,2653066000,사상구 주례2동,30대,1869,331,464
202407,2653066000,사상구 주례2동,40대,2095,347,510
202407,2653066000,사상구 주례2동,50대,2486,426,680
202407,2653066000,사상구 주례2동,60대이상,5340,381,1302
202407,2653066100,사상구 주례3동,20대,469,59,127
202407,2653066100,사상구 주례3동,20대미만,387,36,78
202407,2653066100,사상구 주례3동,30대,438,79,154
202407,2653066100,사상구 주례3동,40대,580,113,207
202407,2653066100,사상구 주례3동,50대,822,125,220
202407,2653066100,사상구 주례3동,60대이상,1921,120,360
202407,2653067000,사상구 학장동,20대,972,358,424
202407,2653067000,사상구 학장동,20대미만,983,108,321
202407,2653067000,사상구 학장동,30대,1095,423,570
202407,2653067000,사상구 학장동,40대,1769,507,715
202407,2653067000,사상구 학장동,50대,2045,749,1010
202407,2653067000,사상구 학장동,60대이상,5106,662,1647
202407,2653068000,사상구 엄궁동,20대,1927,282,336
202407,2653068000,사상구 엄궁동,20대미만,2657,25,132
202407,2653068000,사상구 엄궁동,30대,1953,330,390
202407,2653068000,사상구 엄궁동,40대,2772,531,504
202407,2653068000,사상구 엄궁동,50대,3572,608,684
202407,2653068000,사상구 엄궁동,60대이상,5923,436,965
202407,2671025000,기장군 기장읍,20대,4020,1241,1800
202407,2671025000,기장군 기장읍,20대미만,4134,117,1329
202407,2671025000,기장군 기장읍,30대,4445,1272,2452
202407,2671025000,기장군 기장읍,40대,5854,1474,2866
202407,2671025000,기장군 기장읍,50대,7602,1768,2744
202407,2671025000,기장군 기장읍,60대이상,17185,1240,3414
202407,2671025300,기장군 장안읍,20대,587,624,617
202407,2671025300,기장군 장안읍,20대미만,433,197,367
202407,2671025300,기장군 장안읍,30대,717,1088,983
202407,2671025300,기장군 장안읍,40대,723,1213,1332
202407,2671025300,기장군 장안읍,50대,1146,1097,1466
202407,2671025300,기장군 장안읍,60대이상,3127,622,1714
202407,2671025600,기장군 정관읍,20대,5055,1001,720
202407,2671025600,기장군 정관읍,20대미만,13896,85,370
202407,2671025600,기장군 정관읍,30대,7376,1289,917
202407,2671025600,기장군 정관읍,40대,14681,2556,1266
202407,2671025600,기장군 정관읍,50대,8575,1911,1323
202407,2671025600,기장군 정관읍,60대이상,13417,1040,1489
202407,2671025900,기장군 일광읍,20대,2029,360,748
202407,2671025900,기장군 일광읍,20대미만,2464,45,413
202407,2671025900,기장군 일광읍,30대,3724,523,875
202407,2671025900,기장군 일광읍,40대,3941,643,1068
202407,2671025900,기장군 일광읍,50대,3206,588,1213
202407,2671025900,기장군 일광읍,60대이상,5758,466,1568
202407,2671033000,기장군 철마면,20대,177,51,86
202407,2671033000,기장군 철마면,20대미만,201,11,59
202407,2671033000,기장군 철마면,30대,279,101,152
202407,2671033000,기장군 철마면,40대,468,149,249
202407,2671033000,기장군 철마면,50대,633,246,474
202407,2671033000,기장군 철마면,60대이상,3303,252,972
202406,2611051000,중구 중앙동,20대,557,834,1010
202406,2611051000,중구 중앙동,20대미만,307,68,303
202406,2611051000,중구 중앙동,30대,617,1171,1117
202406,2611051000,중구 중앙동,40대,643,1041,1080
202406,2611051000,중구 중앙동,50대,898,1045,1219
202406,2611051000,중구 중앙동,60대이상,1916,635,1669
202406,2611052000,중구 동광동,20대,117,49,145
202406,2611052000,중구 동광동,20대미만,48,8,55
202406,2611052000,중구 동광동,30대,151,71,136
202406,2611052000,중구 동광동,40대,175,93,166
202406,2611052000,중구 동광동,50대,283,96,175
202406,2611052000,중구 동광동,60대이상,996,92,328
202406,2611053000,중구 대청동,20대,542,201,304
202406,2611053000,중구 대청동,20대미만,260,73,126
202406,2611053000,중구 대청동,30대,397,265,280
202406,2611053000,중구 대청동,40대,546,231,293
202406,2611053000,중구 대청동,50대,699,257,345
202406,2611053000,중구 대청동,60대이상,2068,220,652
202406,2611054500,중구 보수동,20대,1057,121,224
202406,2611054500,중구 보수동,20대미만,349,78,108
202406,2611054500,중구 보수동,30대,455,60,164
202406,2611054500,중구 보수동,40대,635,94,184
202406,2611054500,중구 보수동,50대,955,138,237
202406,2611054500,중구 보수동,60대이상,2370,127,557
202406,2611056000,중구 부평동,20대,379,133,864
202406,2611056000,중구 부평동,20대미만,172,6,206
202406,2611056000,중구 부평동,30대,280,177,694
202406,2611056000,중구 부평동,40대,341,209,724
202406,2611056000,중구 부평동,50대,516,273,949
202406,2611056000,중구 부평동,60대이상,1611,320,1801
202406,2611057000,중구 광복동,20대,32,124,359
202406,2611057000,중구 광복동,20대미만,10,34,157
202406,2611057000,중구 광복동,30대,25,94,238
202406,2611057000,중구 광복동,40대,57,103,250
202406,2611057000,중구 광복동,50대,57,123,291
202406,2611057000,중구 광복동,60대이상,183,253,463
202406,2611058000,중구 남포동,20대,236,330,802
202406,2611058000,중구 남포동,20대미만,42,11,290
202406,2611058000,중구 남포동,30대,234,395,730
202406,2611058000,중구 남포동,40대,269,410,839
202406,2611058000,중구 남포동,50대,426,525,1273
202406,2611058000,중구 남포동,60대이상,1064,892,2976
202406,2611059000,중구 영주1동,20대,42,19,57
202406,2611059000,중구 영주1동,20대미만,9,0,26
202406,2611059000,중구 영주1동,30대,38,19,46
202406,2611059000,중구 영주1동,40대,37,23,59
202406,2611059000,중구 영주1동,50대,66,23,74
202406,2611059000,중구 영주1동,60대이상,130,27,110
202406,2611060000,중구 영주2동,20대,413,36,121
202406,2611060000,중구 영주2동,20대미만,277,38,65
202406,2611060000,중구 영주2동,30대,368,54,116
202406,2611060000,중구 영주2동,40대,529,62,154
202406,2611060000,중구 영주2동,50대,892,81,195
202406,2611060000,중구 영주2동,60대이상,2645,99,486
202406,2614051000,서구 동대신1동,20대,345,34,155
202406,2614051000,서구 동대신1동,20대미만,256,15,127
202406,2614051000,서구 동대신1동,30대,395,38,117
202406,2614051000,서구 동대신1동,40대,488,48,165
202406,2614051000,서구 동대신1동,50대,571,51,221
202406,2614051000,서구 동대신1동,60대이상,1506,77,390
202406,2614052000,서구 동대신2동,20대,185,10,49
202406,2614052000,서구 동대신2동,20대미만,118,21,56
202406,2614052000,서구 동대신2동,30대,152,9,41
202406,2614052000,서구 동대신2동,40대,293,29,60
202406,2614052000,서구 동대신2동,50대,401,30,78
202406,2614052000,서구 동대신2동,60대이상,1501,39,187
202406,2614053000,서구 동대신3동,20대,772,281,550
202406,2614053000,서구 동대신3동,20대미만,521,254,437
202406,2614053000,서구 동대신3동,30대,523,262,431
202406,2614053000,서구 동대신3동,40대,666,271,529
202406,2614053000,서구 동대신3동,50대,803,271,631
202406,2614053000,서구 동대신3동,60대이상,2228,210,1395
202406,2614054000,서구 서대신1동,20대,1117,166,301
202406,2614054000,서구 서대신1동,20대미만,1196,28,228
202406,2614054000,서구 서대신1동,30대,1337,164,301
202406,2614054000,서구 서대신1동,40대,1763,197,356
202406,2614054000,서구 서대신1동,50대,1616,226,434
202406,2614054000,서구 서대신1동,60대이상,3769,206,803
202406,2614056000,서구 서대신3동,20대,258,50,89
202406,2614056000,서구 서대신3동,20대미만,304,113,115
202406,2614056000,서구 서대신3동,30대,298,64,107
202406,2614056000,서구 서대신3동,40대,402,85,140
202406,2614056000,서구 서대신3동,50대,513,59,190
202406,2614056000,서구 서대신3동,60대이상,1027,80,321
202406,2614057000,서구 서대신4동,20대,478,64,196
202406,2614057000,서구 서대신4동,20대미만,559,93,149
202406,2614057000,서구 서대신4동,30대,457,54,142
202406,2614057000,서구 서대신4동,40대,757,96,220
202406,2614057000,서구 서대신4동,50대,851,89,300
202406,2614057000,서구 서대신4동,60대이상,1947,108,585
202406,2614059000,서구 부민동,20대,619,171,371
202406,2614059000,서구 부민동,20대미만,453,47,182
202406,2614059000,서구 부민동,30대,346,76,123
202406,2614059000,서구 부민동,40대,467,87,145
202406,2614059000,서구 부민동,50대,560,94,184
202406,2614059000,서구 부민동,60대이상,1315,84,278
202406,2614061500,서구 아미동,20대,510,54,228
202406,2614061500,서구 아미동,20대미만,198,1,54
202406,2614061500,서구 아미동,30대,432,92,231
202406,2614061500,서구 아미동,40대,428,77,198
202406,2614061500,서구 아미동,50대,635,88,247
202406,2614061500,서구 아미동,60대이상,2611,119,500
202406,2614063000,서구 초장동,20대,195,47,109
202406,2614063000,서구 초장동,20대미만,106,44,75
202406,2614063000,서구 초장동,30대,182,10,57
202406,2614063000,서구 초장동,40대,313,22,94
202406,2614063000,서구 초장동,50대,467,67,145
202406,2614063000,서구 초장동,60대이상,1739,44,300
202406,2614064000,서구 충무동,20대,567,87,155
202406,2614064000,서구 충무동,20대미만,317,89,82
202406,2614064000,서구 충무동,30대,419,115,132
202406,2614064000,서구 충무동,40대,621,127,173
202406,2614064000,서구 충무동,50대,791,152,274
202406,2614064000,서구 충무동,60대이상,2135,170,586
202406,2614065000,서구 남부민1동,20대,166,18,50
202406,2614065000,서구 남부민1동,20대미만,54,6,25
202406,2614065000,서구 남부민1동,30대,113,24,49
202406,2614065000,서구 남부민1동,40대,191,33,92
202406,2614065000,서구 남부민1동,50대,391,43,145
202406,2614065000,서구 남부민1동,60대이상,1087,58,356
202406,2614066000,서구 남부민2동,20대,395,57,168
202406,2614066000,서구 남부민2동,20대미만,344,72,133
202406,2614066000,서구 남부민2동,30대,405,72,231
202406,2614066000,서구 남부민2동,40대,622,79,281
202406,2614066000,서구 남부민2동,50대,956,104,354
202406,2614066000,서구 남부민2동,60대이상,3192,115,802
202406,2614068000,서구 암남동,20대,1142,309,698
202406,2614068000,서구 암남동,20대미만,759,42,233
202406,2614068000,서구 암남동,30대,1151,380,696
202406,2614068000,서구 암남동,40대,1480,461,903
202406,2614068000,서구 암남동,50대,1872,531,1192
202406,2614068000,서구 암남동,60대이상,4651,364,1819
202406,2617051000,동구 초량1동,20대,149,163,369
202406,2617051000,동구 초량1동,20대미만,103,22,93
202406,2617051000,동구 초량1동,30대,149,230,360
202406,2617051000,동구 초량1동,40대,218,202,347
202406,2617051000,동구 초량1동,50대,319,158,440
202406,2617051000,동구 초량1동,60대이상,898,118,623
202406,2617052000,동구 초량2동,20대,308,148,653
202406,2617052000,동구 초량2동,20대미만,227,144,229
202406,2617052000,동구 초량2동,30대,294,186,565
202406,2617052000,동구 초량2동,40대,440,181,560
202406,2617052000,동구 초량2동,50대,654,211,687
202406,2617052000,동구 초량2동,60대이상,2068,226,1366
202406,2617053000,동구 초량3동,20대,1158,448,1280
202406,2617053000,동구 초량3동,20대미만,652,106,437
202406,2617053000,동구 초량3동,30대,1605,553,1259
202406,2617053000,동구 초량3동,40대,1309,493,1269
202406,2617053000,동구 초량3동,50대,1241,579,1604
202406,2617053000,동구 초량3동,60대이상,2165,380,2230
202406,2617055000,동구 초량6동,20대,83,16,138
202406,2617055000,동구 초량6동,20대미만,60,40,84
202406,2617055000,동구 초량6동,30대,85,23,143
202406,2617055000,동구 초량6동,40대,101,30,143
202406,2617055000,동구 초량6동,50대,210,48,134
202406,2617055000,동구 초량6동,60대이상,518,23,144
202406,2617056000,동구 수정1동,20대,298,62,170
202406,2617056000,동구 수정1동,20대미만,278,39,95
202406,2617056000,동구 수정1동,30대,246,83,167
202406,2617056000,동구 수정1동,40대,399,83,171
202406,2617056000,동구 수정1동,50대,484,77,210
202406,2617056000,동구 수정1동,60대이상,1392,77,394
202406,2617057000,동구 수정2동,20대,475,73,126
202406,2617057000,동구 수정2동,20대미만,372,117,128
202406,2617057000,동구 수정2동,30대,465,122,161
202406,2617057000,동구 수정2동,40대,616,138,177
202406,2617057000,동구 수정2동,50대,823,164,277
202406,2617057000,동구 수정2동,60대이상,2897,164,507
202406,2617059000,동구 수정4동,20대,129,23,26
202406,2617059000,동구 수정4동,20대미만,85,1,29
202406,2617059000,동구 수정4동,30대,146,6,27
202406,2617059000,동구 수정4동,40대,220,15,42
202406,2617059000,동구 수정4동,50대,404,30,63
202406,2617059000,동구 수정4동,60대이상,1440,29,181
202406,2617060000,동구 수정5동,20대,278,26,43
202406,2617060000,동구 수정5동,20대미만,253,28,44
202406,2617060000,동구 수정5동,30대,215,33,42
202406,2617060000,동구 수정5동,40대,391,38,66
202406,2617060000,동구 수정5동,50대,624,56,95
202406,2617060000,동구 수정5동,60대이상,2128,55,216
202406,2617064500,동구 좌천동,20대,314,38,186
202406,2617064500,동구 좌천동,20대미만,159,62,163
202406,2617064500,동구 좌천동,30대,289,34,202
202406,2617064500,동구 좌천동,40대,282,45,211
202406,2617064500,동구 좌천동,50대,448,60,318
202406,2617064500,동구 좌천동,60대이상,1398,63,740
202406,2617065000,동구 범일1동,20대,598,80,217
202406,2617065000,동구 범일1동,20대미만,297,68,83
202406,2617065000,동구 범일1동,30대,668,115,253
202406,2617065000,동구 범일1동,40대,816,123,234
202406,2617065000,동구 범일1동,50대,1138,161,302
202406,2617065000,동구 범일1동,60대이상,4127,185,626
202406,2617066000,동구 범일2동,20대,655,373,563
202406,2617066000,동구 범일2동,20대미만,331,65,166
202406,2617066000,동구 범일2동,30대,739,715,770
202406,2617066000,동구 범일2동,40대,731,931,791
202406,2617066000,동구 범일2동,50대,973,1039,1111
202406,2617066000,동구 범일2동,60대이상,2227,840,2166
202406,2617068000,동구 범일5동,20대,602,89,422
202406,2617068000,동구 범일5동,20대미만,430,164,200
202406,2617068000,동구 범일5동,30대,1352,155,515
202406,2617068000,동구 범일5동,40대,994,190,603
202406,2617068000,동구 범일5동,50대,852,223,764
202406,2617068000,동구 범일5동,60대이상,1666,376,1487
202406,2620053000,영도구 남항동,20대,628,184,496
202406,2620053000,영도구 남항동,20대미만,423,28,212
202406,2620053000,영도구 남항동,30대,662,266,517
202406,2620053000,영도구 남항동,40대,895,361,647
202406,2620053000,영도구 남항동,50대,1343,449,951
202406,2620053000,영도구 남항동,60대이상,4241,513,1925
202406,2620054000,영도구 영선1동,20대,66,15,46
202406,2620054000,영도구 영선1동,20대미만,48,4,34
202406,2620054000,영도구 영선1동,30대,84,25,60
202406,2620054000,영도구 영선1동,40대,132,35,90
202406,2620054000,영도구 영선1동,50대,169,52,146
202406,2620054000,영도구 영선1동,60대이상,536,88,315
202406,2620055000,영도구 영선2동,20대,422,54,190
202406,2620055000,영도구 영선2동,20대미만,409,84,105
202406,2620055000,영도구 영선2동,30대,461,41,151
202406,2620055000,영도구 영선2동,40대,522,72,153
202406,2620055000,영도구 영선2동,50대,927,89,205
202406,2620055000,영도구 영선2동,60대이상,2899,124,482
202406,2620058500,영도구 신선동,20대,285,37,60
202406,2620058500,영도구 신선동,20대미만,256,166,92
202406,2620058500,영도구 신선동,30대,312,36,79
202406,2620058500,영도구 신선동,40대,583,72,119
202406,2620058500,영도구 신선동,50대,882,86,149
202406,2620058500,영도구 신선동,60대이상,3087,96,327
202406,2620059000,영도구 봉래1동,20대,285,44,157
202406,2620059000,영도구 봉래1동,20대미만,291,5,83
202406,2620059000,영도구 봉래1동,30대,337,71,192
202406,2620059000,영도구 봉래1동,40대,476,94,248
202406,2620059000,영도구 봉래1동,50대,581,133,317
202406,2620059000,영도구 봉래1동,60대이상,1965,188,595
202406,2620060500,영도구 봉래2동,20대,391,54,108
202406,2620060500,영도구 봉래2동,20대미만,300,25,106
202406,2620060500,영도구 봉래2동,30대,451,79,123
202406,2620060500,영도구 봉래2동,40대,527,119,174
202406,2620060500,영도구 봉래2동,50대,915,136,234
202406,2620060500,영도구 봉래2동,60대이상,2449,153,454
202406,2620063000,영도구 청학1동,20대,230,66,133
202406,2620063000,영도구 청학1동,20대미만,196,22,65
202406,2620063000,영도구 청학1동,30대,258,55,112
202406,2620063000,영도구 청학1동,40대,444,171,200
202406,2620063000,영도구 청학1동,50대,604,186,246
202406,2620063000,영도구 청학1동,60대이상,1942,141,390
202406,2620064000,영도구 청학2동,20대,754,159,254
202406,2620064000,영도구 청학2동,20대미만,839,6,160
202406,2620064000,영도구 청학2동,30대,1106,238,270
202406,2620064000,영도구 청학2동,40대,1443,295,368
202406,2620064000,영도구 청학2동,50대,1816,368,461
202406,2620064000,영도구 청학2동,60대이상,4983,287,859
202406,2620065000,영도구 동삼1동,20대,1943,313,447
202406,2620065000,영도구 동삼1동,20대미만,1968,215,329
202406,2620065000,영도구 동삼1동,30대,1848,325,443
202406,2620065000,영도구 동삼1동,40대,2492,398,538
202406,2620065000,영도구 동삼1동,50대,3382,512,683
202406,2620065000,영도구 동삼1동,60대이상,9212,400,1178
202406,2620066000,영도구 동삼2동,20대,1006,284,678
202406,2620066000,영도구 동삼2동,20대미만,641,64,514
202406,2620066000,영도구 동삼2동,30대,381,133,568
202406,2620066000,영도구 동삼2동,40대,481,158,748
202406,2620066000,영도구 동삼2동,50대,543,161,859
202406,2620066000,영도구 동삼2동,60대이상,1397,104,1264
202406,2620067000,영도구 동삼3동,20대,408,60,156
202406,2620067000,영도구 동삼3동,20대미만,377,66,139
202406,2620067000,영도구 동삼3동,30대,462,78,194
202406,2620067000,영도구 동삼3동,40대,665,110,251
202406,2620067000,영도구 동삼3동,50대,1034,136,342
202406,2620067000,영도구 동삼3동,60대이상,3872,164,707
202406,2623051000,부산진구 부전1동,20대,2566,775,1713
202406,2623051000,부산진구 부전1동,20대미만,458,42,413
202406,2623051000,부산진구 부전1동,30대,1921,888,1343
202406,2623051000,부산진구 부전1동,40대,1243,755,1238
202406,2623051000,부산진구 부전1동,50대,1617,948,1754
202406,2623051000,부산진구 부전1동,60대이상,3677,1236,4541
202406,2623052000,부산진구 부전2동,20대,2053,1995,6520
202406,2623052000,부산진구 부전2동,20대미만,445,137,1396
202406,2623052000,부산진구 부전2동,30대,1788,1385,3464
202406,2623052000,부산진구 부전2동,40대,1241,989,2219
202406,2623052000,부산진구 부전2동,50대,1203,955,2034
202406,2623052000,부산진구 부전2동,60대이상,1816,759,2766
202406,2623054000,부산진구 연지동,20대,642,83,182
202406,2623054000,부산진구 연지동,20대미만,602,63,187
202406,2623054000,부산진구 연지동,30대,931,106,241
202406,2623054000,부산진구 연지동,40대,1122,148,270
202406,2623054000,부산진구 연지동,50대,1363,152,274
202406,2623054000,부산진구 연지동,60대이상,3650,155,571
202406,2623055000,부산진구 초읍동,20대,1348,182,334
202406,2623055000,부산진구 초읍동,20대미만,1769,155,282
202406,2623055000,부산진구 초읍동,30대,1612,219,553
202406,2623055000,부산진구 초읍동,40대,2105,301,633
202406,2623055000,부산진구 초읍동,50대,2672,382,818
202406,2623055000,부산진구 초읍동,60대이상,7517,376,1475
202406,2623056000,부산진구 양정1동,20대,1784,539,748
202406,2623056000,부산진구 양정1동,20대미만,1310,408,357
202406,2623056000,부산진구 양정1동,30대,1760,346,659
202406,2623056000,부산진구 양정1동,40대,1834,419,632
202406,2623056000,부산진구 양정1동,50대,2441,537,747
202406,2623056000,부산진구 양정1동,60대이상,5424,451,1197
202406,2623057000,부산진구 양정2동,20대,1770,228,470
202406,2623057000,부산진구 양정2동,20대미만,530,244,199
202406,2623057000,부산진구 양정2동,30대,1610,254,407
202406,2623057000,부산진구 양정2동,40대,1074,256,432
202406,2623057000,부산진구 양정2동,50대,981,307,602
202406,2623057000,부산진구 양정2동,60대이상,2082,215,954
202406,2623060000,부산진구 전포1동,20대,2986,767,1933
202406,2623060000,부산진구 전포1동,20대미만,840,394,448
202406,2623060000,부산진구 전포1동,30대,2780,612,1071
202406,2623060000,부산진구 전포1동,40대,1679,447,562
202406,2623060000,부산진구 전포1동,50대,1688,390,526
202406,2623060000,부산진구 전포1동,60대이상,2996,301,665
202406,2623061000,부산진구 전포2동,20대,2421,545,1675
202406,2623061000,부산진구 전포2동,20대미만,906,70,392
202406,2623061000,부산진구 전포2동,30대,2764,485,1069
202406,2623061000,부산진구 전포2동,40대,2131,403,653
202406,2623061000,부산진구 전포2동,50대,2277,430,618
202406,2623061000,부산진구 전포2동,60대이상,5385,409,1046
202406,2623064000,부산진구 부암1동,20대,1559,167,477
202406,2623064000,부산진구 부암1동,20대미만,1200,44,205
202406,2623064000,부산진구 부암1동,30대,2364,258,543
202406,2623064000,부산진구 부암1동,40대,1972,255,483
202406,2623064000,부산진구 부암1동,50대,2348,301,639
202406,2623064000,부산진구 부암1동,60대이상,5001,245,1048
202406,2623066000,부산진구 부암3동,20대,1189,125,338
202406,2623066000,부산진구 부암3동,20대미만,1504,134,350
202406,2623066000,부산진구 부암3동,30대,1846,119,385
202406,2623066000,부산진구 부암3동,40대,1956,202,456
202406,2623066000,부산진구 부암3동,50대,2581,294,672
202406,2623066000,부산진구 부암3동,60대이상,4930,274,1395
202406,2623067000,부산진구 당감1동,20대,1439,149,329
202406,2623067000,부산진구 당감1동,20대미만,1327,150,292
202406,2623067000,부산진구 당감1동,30대,1403,162,371
202406,2623067000,부산진구 당감1동,40대,1886,222,402
202406,2623067000,부산진구 당감1동,50대,2932,326,611
202406,2623067000,부산진구 당감1동,60대이상,5902,334,1014
202406,2623068000,부산진구 당감2동,20대,487,43,149
202406,2623068000,부산진구 당감2동,20대미만,317,2,87
202406,2623068000,부산진구 당감2동,30대,550,69,221
202406,2623068000,부산진구 당감2동,40대,759,53,211
202406,2623068000,부산진구 당감2동,50대,745,98,266
202406,2623068000,부산진구 당감2동,60대이상,1695,85,463
202406,2623070000,부산진구 당감4동,20대,571,52,182
202406,2623070000,부산진구 당감4동,20대미만,797,42,170
202406,2623070000,부산진구 당감4동,30대,672,63,269
202406,2623070000,부산진구 당감4동,40대,868,79,281
202406,2623070000,부산진구 당감4동,50대,1245,126,348
202406,2623070000,부산진구 당감4동,60대이상,2615,143,613
202406,2623071000,부산진구 가야1동,20대,1828,651,1046
202406,2623071000,부산진구 가야1동,20대미만,1201,270,629
202406,2623071000,부산진구 가야1동,30대,1224,200,554
202406,2623071000,부산진구 가야1동,40대,1521,294,570
202406,2623071000,부산진구 가야1동,50대,1951,376,739
202406,2623071000,부산진구 가야1동,60대이상,5132,302,1290
202406,2623072000,부산진구 가야2동,20대,655,63,330
202406,2623072000,부산진구 가야2동,20대미만,581,57,276
202406,2623072000,부산진구 가야2동,30대,796,69,366
202406,2623072000,부산진구 가야2동,40대,942,92,375
202406,2623072000,부산진구 가야2동,50대,1194,136,522
202406,2623072000,부산진구 가야2동,60대이상,3164,181,992
202406,2623074000,부산진구 개금1동,20대,2224,197,464
202406,2623074000,부산진구 개금1동,20대미만,696,26,285
202406,2623074000,부산진구 개금1동,30대,1678,157,375
202406,2623074000,부산진구 개금1동,40대,1461,189,393
202406,2623074000,부산진구 개금1동,50대,1693,244,475
202406,2623074000,부산진구 개금1동,60대이상,3700,258,830
202406,2623075000,부산진구 개금2동,20대,809,177,484
202406,2623075000,부산진구 개금2동,20대미만,643,23,175
202406,2623075000,부산진구 개금2동,30대,617,181,401
202406,2623075000,부산진구 개금2동,40대,813,169,384
202406,2623075000,부산진구 개금2동,50대,1177,165,474
202406,2623075000,부산진구 개금2동,60대이상,2968,152,990
202406,2623076000,부산진구 개금3동,20대,1402,170,281
202406,2623076000,부산진구 개금3동,20대미만,1402,153,280
202406,2623076000,부산진구 개금3동,30대,2021,199,394
202406,2623076000,부산진구 개금3동,40대,2036,204,363
202406,2623076000,부산진구 개금3동,50대,2698,289,490
202406,2623076000,부산진구 개금3동,60대이상,6567,276,922
202406,2623077000,부산진구 범천1동,20대,1696,468,1031
202406,2623077000,부산진구 범천1동,20대미만,442,14,296
202406,2623077000,부산진구 범천1동,30대,1746,589,1006
202406,2623077000,부산진구 범천1동,40대,1189,546,973
202406,2623077000,부산진구 범천1동,50대,1212,704,1150
202406,2623077000,부산진구 범천1동,60대이상,2673,629,2059
202406,2623078000,부산진구 범천2동,20대,1403,125,343
202406,2623078000,부산진구 범천2동,20대미만,676,22,109
202406,2623078000,부산진구 범천2동,30대,2393,163,423
202406,2623078000,부산진구 범천2동,40대,2026,178,333
202406,2623078000,부산진구 범천2동,50대,2131,249,406
202406,2623078000,부산진구 범천2동,60대이상,5449,246,774
202406,2626051000,동래구 수민동,20대,1733,244,570
202406,2626051000,동래구 수민동,20대미만,1458,169,603
202406,2626051000,동래구 수민동,30대,1872,336,720
202406,2626051000,동래구 수민동,40대,2276,417,884
202406,2626051000,동래구 수민동,50대,2335,461,1183
202406,2626051000,동래구 수민동,60대이상,8033,398,2350
202406,2626052000,동래구 복산동,20대,504,52,104
202406,2626052000,동래구 복산동,20대미만,351,16,119
202406,2626052000,동래구 복산동,30대,522,60,126
202406,2626052000,동래구 복산동,40대,674,84,173
202406,2626052000,동래구 복산동,50대,1086,119,243
202406,2626052000,동래구 복산동,60대이상,3320,155,476
202406,2626054500,동래구 명륜동,20대,1519,480,1405
202406,2626054500,동래구 명륜동,20대미만,2467,317,683
202406,2626054500,동래구 명륜동,30대,2069,501,1193
202406,2626054500,동래구 명륜동,40대,3357,602,1224
202406,2626054500,동래구 명륜동,50대,3188,755,1416
202406,2626054500,동래구 명륜동,60대이상,4754,579,2459
202406,2626055000,동래구 온천1동,20대,2526,376,870
202406,2626055000,동래구 온천1동,20대미만,1599,232,570
202406,2626055000,동래구 온천1동,30대,3110,408,1085
202406,2626055000,동래구 온천1동,40대,2878,482,1161
202406,2626055000,동래구 온천1동,50대,2758,593,1316
202406,2626055000,동래구 온천1동,60대이상,5332,509,2168
202406,2626056000,동래구 온천2동,20대,865,178,359
202406,2626056000,동래구 온천2동,20대미만,1245,130,217
202406,2626056000,동래구 온천2동,30대,1083,270,366
202406,2626056000,동래구 온천2동,40대,1532,291,409
202406,2626056000,동래구 온천2동,50대,1392,276,531
202406,2626056000,동래구 온천2동,60대이상,3255,228,1039
202406,2626057000,동래구 온천3동,20대,3108,270,1368
202406,2626057000,동래구 온천3동,20대미만,2170,196,1596
202406,2626057000,동래구 온천3동,30대,3230,319,2014
202406,2626057000,동래구 온천3동,40대,3551,441,2530
202406,2626057000,동래구 온천3동,50대,4370,522,2163
202406,2626057000,동래구 온천3동,60대이상,9269,434,4070
202406,2626058000,동래구 사직1동,20대,617,234,622
202406,2626058000,동래구 사직1동,20대미만,817,154,739
202406,2626058000,동래구 사직1동,30대,776,195,640
202406,2626058000,동래구 사직1동,40대,988,228,840
202406,2626058000,동래구 사직1동,50대,944,233,852
202406,2626058000,동래구 사직1동,60대이상,2316,260,1335
202406,2626059000,동래구 사직2동,20대,1574,187,1227
202406,2626059000,동래구 사직2동,20대미만,3059,377,1039
202406,2626059000,동래구 사직2동,30대,1493,178,971
202406,2626059000,동래구 사직2동,40대,2804,348,1134
202406,2626059000,동래구 사직2동,50대,3071,310,1055
202406,2626059000,동래구 사직2동,60대이상,4323,265,1499
202406,2626060000,동래구 사직3동,20대,1061,149,316
202406,2626060000,동래구 사직3동,20대미만,1660,54,410
202406,2626060000,동래구 사직3동,30대,1154,206,345
202406,2626060000,동래구 사직3동,40대,2193,271,504
202406,2626060000,동래구 사직3동,50대,1766,262,495
202406,2626060000,동래구 사직3동,60대이상,4017,203,772
202406,2626074000,동래구 안락1동,20대,715,136,239
202406,2626074000,동래구 안락1동,20대미만,563,36,197
202406,2626074000,동래구 안락1동,30대,829,158,308
202406,2626074000,동래구 안락1동,40대,997,202,465
202406,2626074000,동래구 안락1동,50대,1333,250,594
202406,2626074000,동래구 안락1동,60대이상,3954,316,1153
202406,2626075000,동래구 안락2동,20대,1814,245,456
202406,2626075000,동래구 안락2동,20대미만,2306,104,452
202406,2626075000,동래구 안락2동,30대,2012,341,528
202406,2626075000,동래구 안락2동,40대,2833,437,715
202406,2626075000,동래구 안락2동,50대,3249,475,750
202406,2626075000,동래구 안락2동,60대이상,7023,373,1270
202406,2626076100,동래구 명장1동,20대,846,94,201
202406,2626076100,동래구 명장1동,20대미만,1025,304,234
202406,2626076100,동래구 명장1동,30대,1049,122,217
202406,2626076100,동래구 명장1동,40대,1397,173,278
202406,2626076100,동래구 명장1동,50대,1536,216,331
202406,2626076100,동래구 명장1동,60대이상,4211,204,722
202406,2626076200,동래구 명장2동,20대,630,55,89
202406,2626076200,동래구 명장2동,20대미만,570,197,239
202406,2626076200,동래구 명장2동,30대,904,65,136
202406,2626076200,동래구 명장2동,40대,904,102,192
202406,2626076200,동래구 명장2동,50대,1128,144,206
202406,2626076200,동래구 명장2동,60대이상,3392,173,435
202406,2629051000,남구 대연1동,20대,2738,282,1065
202406,2629051000,남구 대연1동,20대미만,859,99,640
202406,2629051000,남구 대연1동,30대,1212,198,811
202406,2629051000,남구 대연1동,40대,1241,253,905
202406,2629051000,남구 대연1동,50대,1708,327,1088
202406,2629051000,남구 대연1동,60대이상,4299,238,1789
202406,2629053000,남구 대연3동,20대,5635,2336,3031
202406,2629053000,남구 대연3동,20대미만,3937,612,1475
202406,2629053000,남구 대연3동,30대,3092,830,1282
202406,2629053000,남구 대연3동,40대,4290,889,1276
202406,2629053000,남구 대연3동,50대,3812,797,1406
202406,2629053000,남구 대연3동,60대이상,6283,544,1788
202406,2629054000,남구 대연4동,20대,771,77,189
202406,2629054000,남구 대연4동,20대미만,952,74,197
202406,2629054000,남구 대연4동,30대,1398,99,214
202406,2629054000,남구 대연4동,40대,1410,134,279
202406,2629054000,남구 대연4동,50대,1399,142,334
202406,2629054000,남구 대연4동,60대이상,3399,162,679
202406,2629055000,남구 대연5동,20대,1829,209,409
202406,2629055000,남구 대연5동,20대미만,992,156,250
202406,2629055000,남구 대연5동,30대,1178,195,302
202406,2629055000,남구 대연5동,40대,1467,228,329
202406,2629055000,남구 대연5동,50대,1780,268,435
202406,2629055000,남구 대연5동,60대이상,4102,208,766
202406,2629056000,남구 대연6동,20대,848,140,191
202406,2629056000,남구 대연6동,20대미만,1314,189,208
202406,2629056000,남구 대연6동,30대,1173,202,204
202406,2629056000,남구 대연6동,40대,1898,259,293
202406,2629056000,남구 대연6동,50대,1516,259,338
202406,2629056000,남구 대연6동,60대이상,2780,157,571
202406,2629057000,남구 용호1동,20대,2849,333,571
202406,2629057000,남구 용호1동,20대미만,3976,227,495
202406,2629057000,남구 용호1동,30대,2599,284,599
202406,2629057000,남구 용호1동,40대,4496,509,715
202406,2629057000,남구 용호1동,50대,5808,570,898
202406,2629057000,남구 용호1동,60대이상,10241,458,1697
202406,2629058000,남구 용호2동,20대,1071,179,337
202406,2629058000,남구 용호2동,20대미만,1484,46,187
202406,2629058000,남구 용호2동,30대,1575,161,357
202406,2629058000,남구 용호2동,40대,2212,208,462
202406,2629058000,남구 용호2동,50대,2048,219,539
202406,2629058000,남구 용호2동,60대이상,4783,196,948
202406,2629059000,남구 용호3동,20대,685,113,191
202406,2629059000,남구 용호3동,20대미만,721,273,222
202406,2629059000,남구 용호3동,30대,691,114,219
202406,2629059000,남구 용호3동,40대,950,165,326
202406,2629059000,남구 용호3동,50대,1441,224,421
202406,2629059000,남구 용호3동,60대이상,4331,248,816
202406,2629060000,남구 용호4동,20대,458,103,277
202406,2629060000,남구 용호4동,20대미만,428,63,168
202406,2629060000,남구 용호4동,30대,437,64,205
202406,2629060000,남구 용호4동,40대,683,108,267
202406,2629060000,남구 용호4동,50대,788,136,318
202406,2629060000,남구 용호4동,60대이상,2076,161,633
202406,2629061000,남구 용당동,20대,625,267,405
202406,2629061000,남구 용당동,20대미만,448,101,172
202406,2629061000,남구 용당동,30대,449,189,265
202406,2629061000,남구 용당동,40대,652,226,421
202406,2629061000,남구 용당동,50대,1126,274,526
202406,2629061000,남구 용당동,60대이상,2115,201,634
202406,2629062000,남구 감만1동,20대,419,142,180
202406,2629062000,남구 감만1동,20대미만,254,34,62
202406,2629062000,남구 감만1동,30대,363,158,287
202406,2629062000,남구 감만1동,40대,515,187,386
202406,2629062000,남구 감만1동,50대,719,210,537
202406,2629062000,남구 감만1동,60대이상,1854,191,573
202406,2629063000,남구 감만2동,20대,252,24,138
202406,2629063000,남구 감만2동,20대미만,222,49,150
202406,2629063000,남구 감만2동,30대,223,30,143
202406,2629063000,남구 감만2동,40대,393,44,203
202406,2629063000,남구 감만2동,50대,655,81,340
202406,2629063000,남구 감만2동,60대이상,1716,68,808
202406,2629064500,남구 우암동,20대,702,145,288
202406,2629064500,남구 우암동,20대미만,812,98,164
202406,2629064500,남구 우암동,30대,706,156,319
202406,2629064500,남구 우암동,40대,1087,196,411
202406,2629064500,남구 우암동,50대,1434,253,670
202406,2629064500,남구 우암동,60대이상,4704,267,1195
202406,2629068000,남구 문현1동,20대,604,58,189
202406,2629068000,남구 문현1동,20대미만,621,146,250
202406,2629068000,남구 문현1동,30대,466,68,247
202406,2629068000,남구 문현1동,40대,741,101,293
202406,2629068000,남구 문현1동,50대,1085,144,382
202406,2629068000,남구 문현1동,60대이상,2607,142,657
202406,2629069000,남구 문현2동,20대,423,298,335
202406,2629069000,남구 문현2동,20대미만,182,57,166
202406,2629069000,남구 문현2동,30대,655,627,423
202406,2629069000,남구 문현2동,40대,488,494,411
202406,2629069000,남구 문현2동,50대,573,398,469
202406,2629069000,남구 문현2동,60대이상,1829,234,759
202406,2629070000,남구 문현3동,20대,705,108,734
202406,2629070000,남구 문현3동,20대미만,751,64,882
202406,2629070000,남구 문현3동,30대,976,104,775
202406,2629070000,남구 문현3동,40대,1287,169,1081
202406,2629070000,남구 문현3동,50대,1152,165,1369
202406,2629070000,남구 문현3동,60대이상,3449,215,2775
202406,2629071000,남구 문현4동,20대,422,86,179
202406,2629071000,남구 문현4동,20대미만,263,74,117
202406,2629071000,남구 문현4동,30대,481,100,226
202406,2629071000,남구 문현4동,40대,508,94,223
202406,2629071000,남구 문현4동,50대,647,96,254
202406,2629071000,남구 문현4동,60대이상,1704,99,382
202406,2632051000,북구 구포1동,20대,1131,165,457
202406,2632051000,북구 구포1동,20대미만,662,2,160
202406,2632051000,북구 구포1동,30대,1352,193,535
202406,2632051000,북구 구포1동,40대,1222,244,553
202406,2632051000,북구 구포1동,50대,1829,377,941
202406,2632051000,북구 구포1동,60대이상,4479,532,2067
202406,2632052000,북구 구포2동,20대,1809,210,330
202406,2632052000,북구 구포2동,20대미만,1179,186,207
202406,2632052000,북구 구포2동,30대,1977,287,363
202406,2632052000,북구 구포2동,40대,2160,342,405
202406,2632052000,북구 구포2동,50대,2951,449,590
202406,2632052000,북구 구포2동,60대이상,7103,381,1042
202406,2632052100,북구 구포3동,20대,1537,166,263
202406,2632052100,북구 구포3동,20대미만,1221,226,162
202406,2632052100,북구 구포3동,30대,1284,114,189
202406,2632052100,북구 구포3동,40대,1719,180,217
202406,2632052100,북구 구포3동,50대,2843,295,373
202406,2632052100,북구 구포3동,60대이상,5875,233,610
202406,2632053000,북구 금곡동,20대,2315,260,418
202406,2632053000,북구 금곡동,20대미만,2356,142,322
202406,2632053000,북구 금곡동,30대,2434,269,503
202406,2632053000,북구 금곡동,40대,3090,348,561
202406,2632053000,북구 금곡동,50대,4897,547,878
202406,2632053000,북구 금곡동,60대이상,12153,468,1567
202406,2632054100,북구 화명1동,20대,2765,243,968
202406,2632054100,북구 화명1동,20대미만,2827,66,1102
202406,2632054100,북구 화명1동,30대,3319,245,1084
202406,2632054100,북구 화명1동,40대,3417,305,1242
202406,2632054100,북구 화명1동,50대,5113,430,1466
202406,2632054100,북구 화명1동,60대이상,7820,404,2142
202406,2632054200,북구 화명2동,20대,1474,166,335
202406,2632054200,북구 화명2동,20대미만,1479,157,305
202406,2632054200,북구 화명2동,30대,1624,160,373
202406,2632054200,북구 화명2동,40대,1611,216,392
202406,2632054200,북구 화명2동,50대,2337,302,598
202406,2632054200,북구 화명2동,60대이상,4398,254,921
202406,2632054300,북구 화명3동,20대,2020,390,859
202406,2632054300,북구 화명3동,20대미만,2489,341,713
202406,2632054300,북구 화명3동,30대,1697,287,774
202406,2632054300,북구 화명3동,40대,2709,432,736
202406,2632054300,북구 화명3동,50대,3336,528,982
202406,2632054300,북구 화명3동,60대이상,4650,327,1530
202406,2632055000,북구 덕천1동,20대,1030,199,328
202406,2632055000,북구 덕천1동,20대미만,500,29,181
202406,2632055000,북구 덕천1동,30대,1459,161,353
202406,2632055000,북구 덕천1동,40대,1109,176,388
202406,2632055000,북구 덕천1동,50대,1467,279,512
202406,2632055000,북구 덕천1동,60대이상,4268,244,1019
202406,2632056000,북구 덕천2동,20대,922,395,1097
202406,2632056000,북구 덕천2동,20대미만,509,243,528
202406,2632056000,북구 덕천2동,30대,946,405,1040
202406,2632056000,북구 덕천2동,40대,916,413,1013
202406,2632056000,북구 덕천2동,50대,1361,477,1344
202406,2632056000,북구 덕천2동,60대이상,3576,400,2193
202406,2632056100,북구 덕천3동,20대,457,23,64
202406,2632056100,북구 덕천3동,20대미만,236,8,35
202406,2632056100,북구 덕천3동,30대,359,24,81
202406,2632056100,북구 덕천3동,40대,606,50,90
202406,2632056100,북구 덕천3동,50대,852,72,137
202406,2632056100,북구 덕천3동,60대이상,2665,51,282
202406,2632057100,북구 만덕1동,20대,972,78,202
202406,2632057100,북구 만덕1동,20대미만,928,64,213
202406,2632057100,북구 만덕1동,30대,1933,113,349
202406,2632057100,북구 만덕1동,40대,1676,133,281
202406,2632057100,북구 만덕1동,50대,1581,141,342
202406,2632057100,북구 만덕1동,60대이상,3776,174,789
202406,2632057200,북구 만덕2동,20대,1740,152,288
202406,2632057200,북구 만덕2동,20대미만,2475,194,250
202406,2632057200,북구 만덕2동,30대,2432,184,371
202406,2632057200,북구 만덕2동,40대,2908,272,392
202406,2632057200,북구 만덕2동,50대,3089,292,507
202406,2632057200,북구 만덕2동,60대이상,6926,300,1013
202406,2632057300,북구 만덕3동,20대,1149,86,235
202406,2632057300,북구 만덕3동,20대미만,1054,20,213
202406,2632057300,북구 만덕3동,30대,1328,85,292
202406,2632057300,북구 만덕3동,40대,1537,118,330
202406,2632057300,북구 만덕3동,50대,2071,194,366
202406,2632057300,북구 만덕3동,60대이상,5186,232,751
202406,2635051000,해운대구 우1동,20대,1806,638,2406
202406,2635051000,해운대구 우1동,20대미만,1862,518,1216
202406,2635051000,해운대구 우1동,30대,1982,658,2303
202406,2635051000,해운대구 우1동,40대,2399,640,2374
202406,2635051000,해운대구 우1동,50대,2724,710,2266
202406,2635051000,해운대구 우1동,60대이상,5946,698,3092
202406,2635052000,해운대구 우2동,20대,1827,2081,2421
202406,2635052000,해운대구 우2동,20대미만,2347,602,1502
202406,2635052000,해운대구 우2동,30대,2414,2202,2751
202406,2635052000,해운대구 우2동,40대,3455,1661,2549
202406,2635052000,해운대구 우2동,50대,4033,1454,2283
202406,2635052000,해운대구 우2동,60대이상,6663,767,2760
202406,2635052500,해운대구 우3동,20대,1367,228,639
202406,2635052500,해운대구 우3동,20대미만,1959,107,438
202406,2635052500,해운대구 우3동,30대,1731,285,713
202406,2635052500,해운대구 우3동,40대,3081,392,786
202406,2635052500,해운대구 우3동,50대,3311,334,811
202406,2635052500,해운대구 우3동,60대이상,6155,312,1143
202406,2635053000,해운대구 중1동,20대,2035,591,1714
202406,2635053000,해운대구 중1동,20대미만,1661,91,962
202406,2635053000,해운대구 중1동,30대,2344,597,2072
202406,2635053000,해운대구 중1동,40대,3318,646,2036
202406,2635053000,해운대구 중1동,50대,3509,721,1905
202406,2635053000,해운대구 중1동,60대이상,5830,589,2393
202406,2635054000,해운대구 중2동,20대,959,151,514
202406,2635054000,해운대구 중2동,20대미만,1404,48,231
202406,2635054000,해운대구 중2동,30대,1428,188,593
202406,2635054000,해운대구 중2동,40대,1918,213,564
202406,2635054000,해운대구 중2동,50대,1964,215,703
202406,2635054000,해운대구 중2동,60대이상,3821,209,1104
202406,2635055100,해운대구 좌1동,20대,1409,394,763
202406,2635055100,해운대구 좌1동,20대미만,983,55,566
202406,2635055100,해운대구 좌1동,30대,1355,347,701
202406,2635055100,해운대구 좌1동,40대,1666,397,793
202406,2635055100,해운대구 좌1동,50대,2388,483,1008
202406,2635055100,해운대구 좌1동,60대이상,3252,367,1338
202406,2635055200,해운대구 좌2동,20대,2813,292,558
202406,2635055200,해운대구 좌2동,20대미만,2222,118,480
202406,2635055200,해운대구 좌2동,30대,3153,317,496
202406,2635055200,해운대구 좌2동,40대,3133,368,504
202406,2635055200,해운대구 좌2동,50대,4069,400,577
202406,2635055200,해운대구 좌2동,60대이상,6731,295,862
202406,2635055300,해운대구 좌3동,20대,1093,100,256
202406,2635055300,해운대구 좌3동,20대미만,1155,288,295
202406,2635055300,해운대구 좌3동,30대,1017,96,248
202406,2635055300,해운대구 좌3동,40대,1349,146,306
202406,2635055300,해운대구 좌3동,50대,2082,182,407
202406,2635055300,해운대구 좌3동,60대이상,4162,162,674
202406,2635055400,해운대구 좌4동,20대,1816,456,767
202406,2635055400,해운대구 좌4동,20대미만,2935,403,533
202406,2635055400,해운대구 좌4동,30대,1715,392,733
202406,2635055400,해운대구 좌4동,40대,2551,466,851
202406,2635055400,해운대구 좌4동,50대,3121,486,1078
202406,2635055400,해운대구 좌4동,60대이상,4838,367,1790
202406,2635056000,해운대구 송정동,20대,599,277,1209
202406,2635056000,해운대구 송정동,20대미만,587,141,501
202406,2635056000,해운대구 송정동,30대,779,301,1012
202406,2635056000,해운대구 송정동,40대,884,320,1071
202406,2635056000,해운대구 송정동,50대,1160,426,1092
202406,2635056000,해운대구 송정동,60대이상,3330,318,1369
202406,2635057000,해운대구 반여1동,20대,2730,364,542
202406,2635057000,해운대구 반여1동,20대미만,3856,278,392
202406,2635057000,해운대구 반여1동,30대,2604,398,664
202406,2635057000,해운대구 반여1동,40대,4045,534,826
202406,2635057000,해운대구 반여1동,50대,4899,712,985
202406,2635057000,해운대구 반여1동,60대이상,7954,487,1747
202406,2635058000,해운대구 반여2동,20대,719,83,244
202406,2635058000,해운대구 반여2동,20대미만,440,47,145
202406,2635058000,해운대구 반여2동,30대,935,85,277
202406,2635058000,해운대구 반여2동,40대,1113,106,378
202406,2635058000,해운대구 반여2동,50대,1619,166,627
202406,2635058000,해운대구 반여2동,60대이상,4328,155,1071
202406,2635059000,해운대구 반여3동,20대,430,30,53
202406,2635059000,해운대구 반여3동,20대미만,224,9,26
202406,2635059000,해운대구 반여3동,30대,359,25,62
202406,2635059000,해운대구 반여3동,40대,528,31,73
202406,2635059000,해운대구 반여3동,50대,791,70,121
202406,2635059000,해운대구 반여3동,60대이상,1898,79,214
202406,2635059500,해운대구 반여4동,20대,748,47,151
202406,2635059500,해운대구 반여4동,20대미만,659,20,158
202406,2635059500,해운대구 반여4동,30대,622,51,178
202406,2635059500,해운대구 반여4동,40대,842,92,227
202406,2635059500,해운대구 반여4동,50대,1006,87,273
202406,2635059500,해운대구 반여4동,60대이상,1845,82,551
202406,2635061000,해운대구 반송1동,20대,796,117,173
202406,2635061000,해운대구 반송1동,20대미만,341,132,97
202406,2635061000,해운대구 반송1동,30대,608,113,154
202406,2635061000,해운대구 반송1동,40대,730,153,232
202406,2635061000,해운대구 반송1동,50대,1252,239,344
202406,2635061000,해운대구 반송1동,60대이상,3367,209,571
202406,2635062000,해운대구 반송2동,20대,1216,105,126
202406,2635062000,해운대구 반송2동,20대미만,1060,16,67
202406,2635062000,해운대구 반송2동,30대,1231,81,159
202406,2635062000,해운대구 반송2동,40대,1924,191,192
202406,2635062000,해운대구 반송2동,50대,2914,333,305
202406,2635062000,해운대구 반송2동,60대이상,8042,338,600
202406,2635065000,해운대구 재송1동,20대,2397,440,605
202406,2635065000,해운대구 재송1동,20대미만,4330,218,434
202406,2635065000,해운대구 재송1동,30대,2801,526,694
202406,2635065000,해운대구 재송1동,40대,5429,669,862
202406,2635065000,해운대구 재송1동,50대,4266,599,957
202406,2635065000,해운대구 재송1동,60대이상,6656,429,1420
202406,2635066000,해운대구 재송2동,20대,1643,154,308
202406,2635066000,해운대구 재송2동,20대미만,1197,50,207
202406,2635066000,해운대구 재송2동,30대,1712,195,377
202406,2635066000,해운대구 재송2동,40대,2380,258,409
202406,2635066000,해운대구 재송2동,50대,3007,283,513
202406,2635066000,해운대구 재송2동,60대이상,6604,289,830
202406,2638051000,사하구 괴정1동,20대,1218,109,387
202406,2638051000,사하구 괴정1동,20대미만,1190,147,344
202406,2638051000,사하구 괴정1동,30대,1126,92,382
202406,2638051000,사하구 괴정1동,40대,1731,143,476
202406,2638051000,사하구 괴정1동,50대,2065,238,616
202406,2638051000,사하구 괴정1동,60대이상,5938,199,1111
202406,2638052000,사하구 괴정2동,20대,933,58,115
202406,2638052000,사하구 괴정2동,20대미만,782,73,103
202406,2638052000,사하구 괴정2동,30대,809,57,121
202406,2638052000,사하구 괴정2동,40대,1272,109,186
202406,2638052000,사하구 괴정2동,50대,1600,130,196
202406,2638052000,사하구 괴정2동,60대이상,4287,131,422
202406,2638053000,사하구 괴정3동,20대,823,231,361
202406,2638053000,사하구 괴정3동,20대미만,632,77,258
202406,2638053000,사하구 괴정3동,30대,877,160,311
202406,2638053000,사하구 괴정3동,40대,1065,200,398
202406,2638053000,사하구 괴정3동,50대,1485,269,522
202406,2638053000,사하구 괴정3동,60대이상,4480,290,1073
202406,2638054000,사하구 괴정4동,20대,906,79,183
202406,2638054000,사하구 괴정4동,20대미만,1151,80,330
202406,2638054000,사하구 괴정4동,30대,1203,108,226
202406,2638054000,사하구 괴정4동,40대,1637,168,323
202406,2638054000,사하구 괴정4동,50대,1543,141,357
202406,2638054000,사하구 괴정4동,60대이상,3547,133,810
202406,2638055000,사하구 당리동,20대,1776,247,475
202406,2638055000,사하구 당리동,20대미만,1535,112,415
202406,2638055000,사하구 당리동,30대,1768,287,534
202406,2638055000,사하구 당리동,40대,2346,372,590
202406,2638055000,사하구 당리동,50대,3030,417,740
202406,2638055000,사하구 당리동,60대이상,7271,371,1353
202406,2638056100,사하구 하단1동,20대,2276,227,484
202406,2638056100,사하구 하단1동,20대미만,1164,65,237
202406,2638056100,사하구 하단1동,30대,2005,191,481
202406,2638056100,사하구 하단1동,40대,2101,249,478
202406,2638056100,사하구 하단1동,50대,2567,302,643
202406,2638056100,사하구 하단1동,60대이상,5648,295,1110
202406,2638056200,사하구 하단2동,20대,3838,1179,1612
202406,2638056200,사하구 하단2동,20대미만,1874,396,661
202406,2638056200,사하구 하단2동,30대,2305,439,824
202406,2638056200,사하구 하단2동,40대,2520,467,764
202406,2638056200,사하구 하단2동,50대,2974,547,883
202406,2638056200,사하구 하단2동,60대이상,5925,373,1273
202406,2638057100,사하구 신평1동,20대,980,207,242
202406,2638057100,사하구 신평1동,20대미만,914,165,185
202406,2638057100,사하구 신평1동,30대,1187,331,301
202406,2638057100,사하구 신평1동,40대,1637,389,423
202406,2638057100,사하구 신평1동,50대,2183,545,550
202406,2638057100,사하구 신평1동,60대이상,5248,346,718
202406,2638057200,사하구 신평2동,20대,1126,226,261
202406,2638057200,사하구 신평2동,20대미만,1220,65,192
202406,2638057200,사하구 신평2동,30대,1741,282,393
202406,2638057200,사하구 신평2동,40대,1883,392,434
202406,2638057200,사하구 신평2동,50대,2178,452,622
202406,2638057200,사하구 신평2동,60대이상,4281,401,878
202406,2638058000,사하구 장림1동,20대,601,208,286
202406,2638058000,사하구 장림1동,20대미만,938,73,205
202406,2638058000,사하구 장림1동,30대,754,293,401
202406,2638058000,사하구 장림1동,40대,1345,379,532
202406,2638058000,사하구 장림1동,50대,1276,564,714
202406,2638058000,사하구 장림1동,60대이상,2684,549,1096
202406,2638059000,사하구 장림2동,20대,1865,256,424
202406,2638059000,사하구 장림2동,20대미만,1872,152,322
202406,2638059000,사하구 장림2동,30대,2139,302,526
202406,2638059000,사하구 장림2동,40대,2947,461,593
202406,2638059000,사하구 장림2동,50대,3400,593,736
202406,2638059000,사하구 장림2동,60대이상,6433,517,1212
202406,2638060100,사하구 다대1동,20대,2254,429,440
202406,2638060100,사하구 다대1동,20대미만,2996,118,255
202406,2638060100,사하구 다대1동,30대,2596,468,515
202406,2638060100,사하구 다대1동,40대,3989,741,615
202406,2638060100,사하구 다대1동,50대,5268,867,870
202406,2638060100,사하구 다대1동,60대이상,10609,735,1576
202406,2638060200,사하구 다대2동,20대,1834,238,242
202406,2638060200,사하구 다대2동,20대미만,2105,82,152
202406,2638060200,사하구 다대2동,30대,1661,240,297
202406,2638060200,사하구 다대2동,40대,2697,349,336
202406,2638060200,사하구 다대2동,50대,3921,495,494
202406,2638060200,사하구 다대2동,60대이상,8649,401,827
202406,2638061000,사하구 구평동,20대,761,128,169
202406,2638061000,사하구 구평동,20대미만,1088,62,140
202406,2638061000,사하구 구평동,30대,1532,266,251
202406,2638061000,사하구 구평동,40대,1541,381,348
202406,2638061000,사하구 구평동,50대,1449,448,503
202406,2638061000,사하구 구평동,60대이상,2596,443,699
202406,2638062000,사하구 감천1동,20대,1077,156,192
202406,2638062000,사하구 감천1동,20대미만,1113,376,241
202406,2638062000,사하구 감천1동,30대,1093,200,241
202406,2638062000,사하구 감천1동,40대,1631,283,384
202406,2638062000,사하구 감천1동,50대,2338,393,547
202406,2638062000,사하구 감천1동,60대이상,6334,327,816
202406,2638063000,사하구 감천2동,20대,174,17,45
202406,2638063000,사하구 감천2동,20대미만,134,0,36
202406,2638063000,사하구 감천2동,30대,219,21,49
202406,2638063000,사하구 감천2동,40대,441,35,67
202406,2638063000,사하구 감천2동,50대,732,61,118
202406,2638063000,사하구 감천2동,60대이상,1905,42,190
202406,2641051000,금정구 서1동,20대,241,20,49
202406,2641051000,금정구 서1동,20대미만,149,7,36
202406,2641051000,금정구 서1동,30대,249,20,61
202406,2641051000,금정구 서1동,40대,370,41,69
202406,2641051000,금정구 서1동,50대,587,74,136
202406,2641051000,금정구 서1동,60대이상,1840,95,308
202406,2641052000,금정구 서2동,20대,332,50,158
202406,2641052000,금정구 서2동,20대미만,194,80,97
202406,2641052000,금정구 서2동,30대,465,62,176
202406,2641052000,금정구 서2동,40대,520,105,197
202406,2641052000,금정구 서2동,50대,994,163,347
202406,2641052000,금정구 서2동,60대이상,2274,173,668
202406,2641053000,금정구 서3동,20대,487,68,129
202406,2641053000,금정구 서3동,20대미만,317,70,92
202406,2641053000,금정구 서3동,30대,667,87,146
202406,2641053000,금정구 서3동,40대,706,111,187
202406,2641053000,금정구 서3동,50대,1286,180,323
202406,2641053000,금정구 서3동,60대이상,3844,227,685
202406,2641055500,금정구 금사회동동,20대,342,290,243
202406,2641055500,금정구 금사회동동,20대미만,266,57,128
202406,2641055500,금정구 금사회동동,30대,423,475,416
202406,2641055500,금정구 금사회동동,40대,577,519,529
202406,2641055500,금정구 금사회동동,50대,911,685,814
202406,2641055500,금정구 금사회동동,60대이상,2836,572,1295
202406,2641057000,금정구 부곡1동,20대,412,37,98
202406,2641057000,금정구 부곡1동,20대미만,334,125,125
202406,2641057000,금정구 부곡1동,30대,426,51,111
202406,2641057000,금정구 부곡1동,40대,612,75,138
202406,2641057000,금정구 부곡1동,50대,857,93,200
202406,2641057000,금정구 부곡1동,60대이상,2905,114,380
202406,2641058000,금정구 부곡2동,20대,1656,264,458
202406,2641058000,금정구 부곡2동,20대미만,1390,388,367
202406,2641058000,금정구 부곡2동,30대,1234,271,517
202406,2641058000,금정구 부곡2동,40대,1691,308,560
202406,2641058000,금정구 부곡2동,50대,2125,346,638
202406,2641058000,금정구 부곡2동,60대이상,4603,310,1114
202406,2641059000,금정구 부곡3동,20대,1349,336,429
202406,2641059000,금정구 부곡3동,20대미만,1048,455,321
202406,2641059000,금정구 부곡3동,30대,1199,336,391
202406,2641059000,금정구 부곡3동,40대,1492,332,444
202406,2641059000,금정구 부곡3동,50대,1837,353,592
202406,2641059000,금정구 부곡3동,60대이상,4033,254,1011
202406,2641059100,금정구 부곡4동,20대,296,38,170
202406,2641059100,금정구 부곡4동,20대미만,233,28,151
202406,2641059100,금정구 부곡4동,30대,473,58,184
202406,2641059100,금정구 부곡4동,40대,497,76,247
202406,2641059100,금정구 부곡4동,50대,686,100,274
202406,2641059100,금정구 부곡4동,60대이상,2003,119,615
202406,2641060000,금정구 장전1동,20대,4362,454,847
202406,2641060000,금정구 장전1동,20대미만,982,143,352
202406,2641060000,금정구 장전1동,30대,1370,182,412
202406,2641060000,금정구 장전1동,40대,1452,211,443
202406,2641060000,금정구 장전1동,50대,1507,261,503
202406,2641060000,금정구 장전1동,60대이상,3413,232,692
202406,2641061000,금정구 장전2동,20대,2031,1710,2338
202406,2641061000,금정구 장전2동,20대미만,2409,300,894
202406,2641061000,금정구 장전2동,30대,2219,753,941
202406,2641061000,금정구 장전2동,40대,3339,712,956
202406,2641061000,금정구 장전2동,50대,2683,684,982
202406,2641061000,금정구 장전2동,60대이상,5818,450,1437
202406,2641063500,금정구 선두구동,20대,76,32,120
202406,2641063500,금정구 선두구동,20대미만,57,1,64
202406,2641063500,금정구 선두구동,30대,72,59,156
202406,2641063500,금정구 선두구동,40대,117,76,251
202406,2641063500,금정구 선두구동,50대,212,130,337
202406,2641063500,금정구 선두구동,60대이상,808,117,549
202406,2641066500,금정구 청룡노포동,20대,545,104,292
202406,2641066500,금정구 청룡노포동,20대미만,505,43,144
202406,2641066500,금정구 청룡노포동,30대,526,147,337
202406,2641066500,금정구 청룡노포동,40대,662,172,474
202406,2641066500,금정구 청룡노포동,50대,1132,222,787
202406,2641066500,금정구 청룡노포동,60대이상,3317,260,1518
202406,2641067000,금정구 남산동,20대,2270,394,806
202406,2641067000,금정구 남산동,20대미만,1396,165,599
202406,2641067000,금정구 남산동,30대,1698,247,549
202406,2641067000,금정구 남산동,40대,1872,365,720
202406,2641067000,금정구 남산동,50대,3134,521,1028
202406,2641067000,금정구 남산동,60대이상,7726,425,2013
202406,2641068000,금정구 구서1동,20대,742,129,336
202406,2641068000,금정구 구서1동,20대미만,1055,375,309
202406,2641068000,금정구 구서1동,30대,990,189,357
202406,2641068000,금정구 구서1동,40대,1280,235,457
202406,2641068000,금정구 구서1동,50대,1386,239,507
202406,2641068000,금정구 구서1동,60대이상,3037,209,758
202406,2641069000,금정구 구서2동,20대,1928,250,907
202406,2641069000,금정구 구서2동,20대미만,2290,120,539
202406,2641069000,금정구 구서2동,30대,2188,253,775
202406,2641069000,금정구 구서2동,40대,3076,345,841
202406,2641069000,금정구 구서2동,50대,3858,455,1256
202406,2641069000,금정구 구서2동,60대이상,8205,429,2552
202406,2641070000,금정구 금성동,20대,39,18,47
202406,2641070000,금정구 금성동,20대미만,84,8,86
202406,2641070000,금정구 금성동,30대,28,15,81
202406,2641070000,금정구 금성동,40대,85,19,119
202406,2641070000,금정구 금성동,50대,103,27,194
202406,2641070000,금정구 금성동,60대이상,341,48,295
202406,2644051000,강서구 대저1동,20대,584,378,438
202406,2644051000,강서구 대저1동,20대미만,192,120,131
202406,2644051000,강서구 대저1동,30대,378,588,448
202406,2644051000,강서구 대저1동,40대,452,665,620
202406,2644051000,강서구 대저1동,50대,724,808,806
202406,2644051000,강서구 대저1동,60대이상,2796,642,1265
202406,2644052000,강서구 대저2동,20대,890,672,2521
202406,2644052000,강서구 대저2동,20대미만,470,27,645
202406,2644052000,강서구 대저2동,30대,596,965,3082
202406,2644052000,강서구 대저2동,40대,671,942,2879
202406,2644052000,강서구 대저2동,50대,701,1263,3442
202406,2644052000,강서구 대저2동,60대이상,2197,851,3753
202406,2644053000,강서구 강동동,20대,78,45,94
202406,2644053000,강서구 강동동,20대미만,36,2,18
202406,2644053000,강서구 강동동,30대,164,109,153
202406,2644053000,강서구 강동동,40대,216,157,203
202406,2644053000,강서구 강동동,50대,227,189,326
202406,2644053000,강서구 강동동,60대이상,1538,219,542
202406,2644053500,강서구 명지1동,20대,2970,680,907
202406,2644053500,강서구 명지1동,20대미만,7479,244,476
202406,2644053500,강서구 명지1동,30대,8685,1203,1444
202406,2644053500,강서구 명지1동,40대,9483,1501,1428
202406,2644053500,강서구 명지1동,50대,3943,893,1203
202406,2644053500,강서구 명지1동,60대이상,6300,572,1396
202406,2644054500,강서구 명지2동,20대,1332,252,364
202406,2644054500,강서구 명지2동,20대미만,4273,143,316
202406,2644054500,강서구 명지2동,30대,2672,403,492
202406,2644054500,강서구 명지2동,40대,5489,661,608
202406,2644054500,강서구 명지2동,50대,3034,379,475
202406,2644054500,강서구 명지2동,60대이상,3682,224,609
202406,2644055000,강서구 가락동,20대,59,53,103
202406,2644055000,강서구 가락동,20대미만,86,24,56
202406,2644055000,강서구 가락동,30대,98,119,164
202406,2644055000,강서구 가락동,40대,146,152,224
202406,2644055000,강서구 가락동,50대,270,262,346
202406,2644055000,강서구 가락동,60대이상,1073,219,563
202406,2644056000,강서구 녹산동,20대,2200,1640,1112
202406,2644056000,강서구 녹산동,20대미만,3415,72,274
202406,2644056000,강서구 녹산동,30대,4325,3430,1977
202406,2644056000,강서구 녹산동,40대,5498,4284,2716
202406,2644056000,강서구 녹산동,50대,3670,3435,2792
202406,2644056000,강서구 녹산동,60대이상,6495,2066,2765
202406,2644058000,강서구 가덕도동,20대,196,90,326
202406,2644058000,강서구 가덕도동,20대미만,108,34,79
202406,2644058000,강서구 가덕도동,30대,267,125,584
202406,2644058000,강서구 가덕도동,40대,368,181,935
202406,2644058000,강서구 가덕도동,50대,496,174,975
202406,2644058000,강서구 가덕도동,60대이상,1553,98,829
202406,2647061000,연제구 거제1동,20대,2029,544,678
202406,2647061000,연제구 거제1동,20대미만,2121,459,748
202406,2647061000,연제구 거제1동,30대,1807,701,712
202406,2647061000,연제구 거제1동,40대,2674,915,926
202406,2647061000,연제구 거제1동,50대,2856,941,1090
202406,2647061000,연제구 거제1동,60대이상,5844,677,1577
202406,2647062000,연제구 거제2동,20대,1419,217,421
202406,2647062000,연제구 거제2동,20대미만,2396,138,499
202406,2647062000,연제구 거제2동,30대,2193,292,560
202406,2647062000,연제구 거제2동,40대,3197,392,740
202406,2647062000,연제구 거제2동,50대,2528,437,846
202406,2647062000,연제구 거제2동,60대이상,3588,340,1721
202406,2647063000,연제구 거제3동,20대,628,112,902
202406,2647063000,연제구 거제3동,20대미만,410,9,316
202406,2647063000,연제구 거제3동,30대,662,126,1238
202406,2647063000,연제구 거제3동,40대,725,163,1221
202406,2647063000,연제구 거제3동,50대,1038,206,1333
202406,2647063000,연제구 거제3동,60대이상,1994,179,1473
202406,2647064000,연제구 거제4동,20대,643,53,264
202406,2647064000,연제구 거제4동,20대미만,839,122,248
202406,2647064000,연제구 거제4동,30대,605,69,418
202406,2647064000,연제구 거제4동,40대,910,82,382
202406,2647064000,연제구 거제4동,50대,1234,114,368
202406,2647064000,연제구 거제4동,60대이상,2548,132,579
202406,2647065000,연제구 연산1동,20대,901,220,425
202406,2647065000,연제구 연산1동,20대미만,1264,133,336
202406,2647065000,연제구 연산1동,30대,1257,285,478
202406,2647065000,연제구 연산1동,40대,1626,319,553
202406,2647065000,연제구 연산1동,50대,1584,354,630
202406,2647065000,연제구 연산1동,60대이상,3975,300,1163
202406,2647066000,연제구 연산2동,20대,1766,250,1112
202406,2647066000,연제구 연산2동,20대미만,1298,212,768
202406,2647066000,연제구 연산2동,30대,2873,466,1647
202406,2647066000,연제구 연산2동,40대,2245,423,1506
202406,2647066000,연제구 연산2동,50대,2248,477,1483
202406,2647066000,연제구 연산2동,60대이상,4921,333,2861
202406,2647067000,연제구 연산3동,20대,260,7,50
202406,2647067000,연제구 연산3동,20대미만,198,69,54
202406,2647067000,연제구 연산3동,30대,498,24,86
202406,2647067000,연제구 연산3동,40대,552,23,102
202406,2647067000,연제구 연산3동,50대,489,35,100
202406,2647067000,연제구 연산3동,60대이상,1760,47,200
202406,2647068000,연제구 연산4동,20대,1032,251,958
202406,2647068000,연제구 연산4동,20대미만,530,12,229
202406,2647068000,연제구 연산4동,30대,1259,285,976
202406,2647068000,연제구 연산4동,40대,1203,305,932
202406,2647068000,연제구 연산4동,50대,1583,375,1102
202406,2647068000,연제구 연산4동,60대이상,4462,350,2259
202406,2647069000,연제구 연산5동,20대,1654,351,682
202406,2647069000,연제구 연산5동,20대미만,452,45,144
202406,2647069000,연제구 연산5동,30대,1840,471,707
202406,2647069000,연제구 연산5동,40대,1163,469,659
202406,2647069000,연제구 연산5동,50대,1221,537,773
202406,2647069000,연제구 연산5동,60대이상,2747,502,1262
202406,2647070000,연제구 연산6동,20대,805,98,553
202406,2647070000,연제구 연산6동,20대미만,670,134,310
202406,2647070000,연제구 연산6동,30대,1089,107,592
202406,2647070000,연제구 연산6동,40대,1320,160,559
202406,2647070000,연제구 연산6동,50대,1430,189,761
202406,2647070000,연제구 연산6동,60대이상,4402,200,1933
202406,2647072000,연제구 연산8동,20대,414,61,270
202406,2647072000,연제구 연산8동,20대미만,374,106,303
202406,2647072000,연제구 연산8동,30대,490,55,336
202406,2647072000,연제구 연산8동,40대,676,85,412
202406,2647072000,연제구 연산8동,50대,813,115,504
202406,2647072000,연제구 연산8동,60대이상,2062,115,1134
202406,2647073000,연제구 연산9동,20대,2317,315,499
202406,2647073000,연제구 연산9동,20대미만,2529,256,445
202406,2647073000,연제구 연산9동,30대,2685,323,616
202406,2647073000,연제구 연산9동,40대,3407,461,756
202406,2647073000,연제구 연산9동,50대,4241,560,915
202406,2647073000,연제구 연산9동,60대이상,9154,494,1411
202406,2650066000,수영구 남천1동,20대,1236,413,781
202406,2650066000,수영구 남천1동,20대미만,1459,208,702
202406,2650066000,수영구 남천1동,30대,1463,474,767
202406,2650066000,수영구 남천1동,40대,1628,510,959
202406,2650066000,수영구 남천1동,50대,1822,510,1026
202406,2650066000,수영구 남천1동,60대이상,3754,445,1678
202406,2650067000,수영구 남천2동,20대,484,59,414
202406,2650067000,수영구 남천2동,20대미만,536,21,194
202406,2650067000,수영구 남천2동,30대,708,73,359
202406,2650067000,수영구 남천2동,40대,807,91,365
202406,2650067000,수영구 남천2동,50대,1188,101,416
202406,2650067000,수영구 남천2동,60대이상,2302,91,687
202406,2650073000,수영구 수영동,20대,1094,170,409
202406,2650073000,수영구 수영동,20대미만,572,95,196
202406,2650073000,수영구 수영동,30대,1162,174,432
202406,2650073000,수영구 수영동,40대,1170,190,428
202406,2650073000,수영구 수영동,50대,1594,288,555
202406,2650073000,수영구 수영동,60대이상,5266,313,1105
202406,2650074000,수영구 망미1동,20대,1683,199,360
202406,2650074000,수영구 망미1동,20대미만,1863,106,262
202406,2650074000,수영구 망미1동,30대,2043,224,439
202406,2650074000,수영구 망미1동,40대,2657,336,493
202406,2650074000,수영구 망미1동,50대,2890,350,585
202406,2650074000,수영구 망미1동,60대이상,8939,411,1243
202406,2650075000,수영구 망미2동,20대,454,55,220
202406,2650075000,수영구 망미2동,20대미만,511,22,214
202406,2650075000,수영구 망미2동,30대,546,78,262
202406,2650075000,수영구 망미2동,40대,828,103,410
202406,2650075000,수영구 망미2동,50대,1129,119,393
202406,2650075000,수영구 망미2동,60대이상,2471,128,717
202406,2650076000,수영구 광안1동,20대,1947,165,467
202406,2650076000,수영구 광안1동,20대미만,847,43,200
202406,2650076000,수영구 광안1동,30대,1956,211,391
202406,2650076000,수영구 광안1동,40대,1519,187,370
202406,2650076000,수영구 광안1동,50대,1456,189,427
202406,2650076000,수영구 광안1동,60대이상,3891,190,897
202406,2650077000,수영구 광안2동,20대,1629,383,2090
202406,2650077000,수영구 광안2동,20대미만,1008,141,448
202406,2650077000,수영구 광안2동,30대,1736,353,1300
202406,2650077000,수영구 광안2동,40대,1751,325,878
202406,2650077000,수영구 광안2동,50대,1794,300,894
202406,2650077000,수영구 광안2동,60대이상,4235,305,1287
202406,2650078000,수영구 광안3동,20대,1269,159,737
202406,2650078000,수영구 광안3동,20대미만,312,30,219
202406,2650078000,수영구 광안3동,30대,1130,191,600
202406,2650078000,수영구 광안3동,40대,798,204,540
202406,2650078000,수영구 광안3동,50대,865,200,639
202406,2650078000,수영구 광안3동,60대이상,2688,232,1218
202406,2650079000,수영구 광안4동,20대,906,113,583
202406,2650079000,수영구 광안4동,20대미만,639,180,352
202406,2650079000,수영구 광안4동,30대,901,111,640
202406,2650079000,수영구 광안4동,40대,1017,143,648
202406,2650079000,수영구 광안4동,50대,1377,154,654
202406,2650079000,수영구 광안4동,60대이상,2969,125,1292
202406,2650080000,수영구 민락동,20대,2054,364,2293
202406,2650080000,수영구 민락동,20대미만,1397,32,538
202406,2650080000,수영구 민락동,30대,2862,401,1517
202406,2650080000,수영구 민락동,40대,2845,364,1102
202406,2650080000,수영구 민락동,50대,3110,428,1142
202406,2650080000,수영구 민락동,60대이상,7170,399,1582
202406,2653058000,사상구 삼락동,20대,280,161,334
202406,2653058000,사상구 삼락동,20대미만,203,80,202
202406,2653058000,사상구 삼락동,30대,301,271,438
202406,2653058000,사상구 삼락동,40대,320,411,503
202406,2653058000,사상구 삼락동,50대,701,563,793
202406,2653058000,사상구 삼락동,60대이상,1612,503,1348
202406,2653059100,사상구 모라1동,20대,1841,346,377
202406,2653059100,사상구 모라1동,20대미만,1281,98,205
202406,2653059100,사상구 모라1동,30대,2045,424,428
202406,2653059100,사상구 모라1동,40대,2118,509,505
202406,2653059100,사상구 모라1동,50대,3385,749,800
202406,2653059100,사상구 모라1동,60대이상,8259,744,1327
202406,2653059300,사상구 모라3동,20대,370,60,83
202406,2653059300,사상구 모라3동,20대미만,342,45,79
202406,2653059300,사상구 모라3동,30대,437,42,94
202406,2653059300,사상구 모라3동,40대,736,76,177
202406,2653059300,사상구 모라3동,50대,1295,156,260
202406,2653059300,사상구 모라3동,60대이상,4664,182,576
202406,2653060000,사상구 덕포1동,20대,682,49,147
202406,2653060000,사상구 덕포1동,20대미만,573,106,111
202406,2653060000,사상구 덕포1동,30대,1032,81,158
202406,2653060000,사상구 덕포1동,40대,916,76,144
202406,2653060000,사상구 덕포1동,50대,1123,123,211
202406,2653060000,사상구 덕포1동,60대이상,2249,127,386
202406,2653061000,사상구 덕포2동,20대,926,188,360
202406,2653061000,사상구 덕포2동,20대미만,918,139,258
202406,2653061000,사상구 덕포2동,30대,919,224,335
202406,2653061000,사상구 덕포2동,40대,1103,315,392
202406,2653061000,사상구 덕포2동,50대,1620,446,575
202406,2653061000,사상구 덕포2동,60대이상,3723,370,798
202406,2653062000,사상구 괘법동,20대,3272,795,1794
202406,2653062000,사상구 괘법동,20대미만,896,119,543
202406,2653062000,사상구 괘법동,30대,2954,618,1254
202406,2653062000,사상구 괘법동,40대,2119,707,1152
202406,2653062000,사상구 괘법동,50대,2916,875,1618
202406,2653062000,사상구 괘법동,60대이상,6032,817,2608
202406,2653064500,사상구 감전동,20대,690,441,754
202406,2653064500,사상구 감전동,20대미만,343,44,211
202406,2653064500,사상구 감전동,30대,869,725,759
202406,2653064500,사상구 감전동,40대,843,761,771
202406,2653064500,사상구 감전동,50대,1452,1003,1046
202406,2653064500,사상구 감전동,60대이상,3638,806,1456
202406,2653065000,사상구 주례1동,20대,1083,229,351
202406,2653065000,사상구 주례1동,20대미만,1221,27,125
202406,2653065000,사상구 주례1동,30대,1485,307,361
202406,2653065000,사상구 주례1동,40대,1508,307,405
202406,2653065000,사상구 주례1동,50대,2081,451,549
202406,2653065000,사상구 주례1동,60대이상,4194,435,1047
202406,2653066000,사상구 주례2동,20대,2775,656,919
202406,2653066000,사상구 주례2동,20대미만,1776,273,424
202406,2653066000,사상구 주례2동,30대,1918,316,468
202406,2653066000,사상구 주례2동,40대,2118,351,515
202406,2653066000,사상구 주례2동,50대,2522,393,696
202406,2653066000,사상구 주례2동,60대이상,5295,351,1273
202406,2653066100,사상구 주례3동,20대,461,53,135
202406,2653066100,사상구 주례3동,20대미만,383,51,96
202406,2653066100,사상구 주례3동,30대,436,77,159
202406,2653066100,사상구 주례3동,40대,576,121,196
202406,2653066100,사상구 주례3동,50대,852,101,229
202406,2653066100,사상구 주례3동,60대이상,1936,115,352
202406,2653067000,사상구 학장동,20대,912,348,413
202406,2653067000,사상구 학장동,20대미만,951,146,326
202406,2653067000,사상구 학장동,30대,1125,369,575
202406,2653067000,사상구 학장동,40대,1740,503,721
202406,2653067000,사상구 학장동,50대,2112,690,999
202406,2653067000,사상구 학장동,60대이상,5053,591,1669
202406,2653068000,사상구 엄궁동,20대,1921,294,349
202406,2653068000,사상구 엄궁동,20대미만,2636,21,127
202406,2653068000,사상구 엄궁동,30대,2023,324,409
202406,2653068000,사상구 엄궁동,40대,2852,485,496
202406,2653068000,사상구 엄궁동,50대,3630,567,699
202406,2653068000,사상구 엄궁동,60대이상,5979,424,1027
202406,2671025000,기장군 기장읍,20대,4143,1119,1745
202406,2671025000,기장군 기장읍,20대미만,4100,126,1104
202406,2671025000,기장군 기장읍,30대,4468,1182,2598
202406,2671025000,기장군 기장읍,40대,6008,1340,2806
202406,2671025000,기장군 기장읍,50대,7666,1656,2901
202406,2671025000,기장군 기장읍,60대이상,17053,1221,3585
202406,2671025300,기장군 장안읍,20대,601,583,605
202406,2671025300,기장군 장안읍,20대미만,407,232,319
202406,2671025300,기장군 장안읍,30대,715,1004,1004
202406,2671025300,기장군 장안읍,40대,750,1153,1359
202406,2671025300,기장군 장안읍,50대,1144,1031,1522
202406,2671025300,기장군 장안읍,60대이상,3159,598,1774
202406,2671025600,기장군 정관읍,20대,4917,947,755
202406,2671025600,기장군 정관읍,20대미만,13694,93,361
202406,2671025600,기장군 정관읍,30대,7505,1246,924
202406,2671025600,기장군 정관읍,40대,14912,2355,1252
202406,2671025600,기장군 정관읍,50대,8563,1788,1329
202406,2671025600,기장군 정관읍,60대이상,13449,968,1572
202406,2671025900,기장군 일광읍,20대,1929,311,734
202406,2671025900,기장군 일광읍,20대미만,2264,62,333
202406,2671025900,기장군 일광읍,30대,3737,473,908
202406,2671025900,기장군 일광읍,40대,3864,599,1075
202406,2671025900,기장군 일광읍,50대,3237,542,1250
202406,2671025900,기장군 일광읍,60대이상,5540,478,1667
202406,2671033000,기장군 철마면,20대,187,43,93
202406,2671033000,기장군 철마면,20대미만,199,8,52
202406,2671033000,기장군 철마면,30대,311,92,161
202406,2671033000,기장군 철마면,40대,443,130,265
202406,2671033000,기장군 철마면,50대,755,258,513
202406,2671033000,기장군 철마면,60대이상,3243,285,1054
202405,2611051000,중구 중앙동,20대,671,895,1039
202405,2611051000,중구 중앙동,20대미만,309,79,386
202405,2611051000,중구 중앙동,30대,637,1225,1162
202405,2611051000,중구 중앙동,40대,809,1128,1116
202405,2611051000,중구 중앙동,50대,991,1118,1244
202405,2611051000,중구 중앙동,60대이상,2059,690,1754
202405,2611052000,중구 동광동,20대,126,46,146
202405,2611052000,중구 동광동,20대미만,43,7,67
202405,2611052000,중구 동광동,30대,151,71,135
202405,2611052000,중구 동광동,40대,186,96,165
202405,2611052000,중구 동광동,50대,278,107,180
202405,2611052000,중구 동광동,60대이상,881,96,365
202405,2611053000,중구 대청동,20대,534,233,331
202405,2611053000,중구 대청동,20대미만,264,73,160
202405,2611053000,중구 대청동,30대,406,260,284
202405,2611053000,중구 대청동,40대,540,243,319
202405,2611053000,중구 대청동,50대,705,259,353
202405,2611053000,중구 대청동,60대이상,2068,233,682
202405,2611054500,중구 보수동,20대,1078,120,257
202405,2611054500,중구 보수동,20대미만,397,68,122
202405,2611054500,중구 보수동,30대,463,70,159
202405,2611054500,중구 보수동,40대,648,104,194
202405,2611054500,중구 보수동,50대,968,152,254
202405,2611054500,중구 보수동,60대이상,2398,154,568
202405,2611056000,중구 부평동,20대,373,155,949
202405,2611056000,중구 부평동,20대미만,168,9,241
202405,2611056000,중구 부평동,30대,274,218,703
202405,2611056000,중구 부평동,40대,337,225,786
202405,2611056000,중구 부평동,50대,511,329,1022
202405,2611056000,중구 부평동,60대이상,1615,361,1907
202405,2611057000,중구 광복동,20대,26,142,382
202405,2611057000,중구 광복동,20대미만,11,36,241
202405,2611057000,중구 광복동,30대,35,98,252
202405,2611057000,중구 광복동,40대,66,118,267
202405,2611057000,중구 광복동,50대,60,120,301
202405,2611057000,중구 광복동,60대이상,210,250,497
202405,2611058000,중구 남포동,20대,239,343,820
202405,2611058000,중구 남포동,20대미만,39,14,366
202405,2611058000,중구 남포동,30대,230,413,751
202405,2611058000,중구 남포동,40대,286,415,905
202405,2611058000,중구 남포동,50대,471,526,1344
202405,2611058000,중구 남포동,60대이상,1039,941,3120
202405,2611059000,중구 영주1동,20대,36,17,65
202405,2611059000,중구 영주1동,20대미만,6,0,36
202405,2611059000,중구 영주1동,30대,41,19,55
202405,2611059000,중구 영주1동,40대,43,25,62
202405,2611059000,중구 영주1동,50대,59,24,81
202405,2611059000,중구 영주1동,60대이상,138,21,118
202405,2611060000,중구 영주2동,20대,426,39,130
202405,2611060000,중구 영주2동,20대미만,289,47,78
202405,2611060000,중구 영주2동,30대,371,60,137
202405,2611060000,중구 영주2동,40대,533,82,156
202405,2611060000,중구 영주2동,50대,890,94,221
202405,2611060000,중구 영주2동,60대이상,2616,104,490
202405,2614051000,서구 동대신1동,20대,346,39,165
202405,2614051000,서구 동대신1동,20대미만,265,30,135
202405,2614051000,서구 동대신1동,30대,389,46,142
202405,2614051000,서구 동대신1동,40대,483,50,177
202405,2614051000,서구 동대신1동,50대,557,69,224
202405,2614051000,서구 동대신1동,60대이상,1498,81,413
202405,2614052000,서구 동대신2동,20대,188,16,54
202405,2614052000,서구 동대신2동,20대미만,123,31,51
202405,2614052000,서구 동대신2동,30대,143,13,52
202405,2614052000,서구 동대신2동,40대,286,33,86
202405,2614052000,서구 동대신2동,50대,426,31,89
202405,2614052000,서구 동대신2동,60대이상,1526,45,213
202405,2614053000,서구 동대신3동,20대,753,359,546
202405,2614053000,서구 동대신3동,20대미만,536,233,427
202405,2614053000,서구 동대신3동,30대,516,283,425
202405,2614053000,서구 동대신3동,40대,657,291,568
202405,2614053000,서구 동대신3동,50대,772,285,682
202405,2614053000,서구 동대신3동,60대이상,2193,215,1444
202405,2614054000,서구 서대신1동,20대,1128,183,338
202405,2614054000,서구 서대신1동,20대미만,1220,19,248
202405,2614054000,서구 서대신1동,30대,1343,194,318
202405,2614054000,서구 서대신1동,40대,1754,213,400
202405,2614054000,서구 서대신1동,50대,1609,254,476
202405,2614054000,서구 서대신1동,60대이상,3749,236,850
202405,2614056000,서구 서대신3동,20대,245,49,92
202405,2614056000,서구 서대신3동,20대미만,306,120,145
202405,2614056000,서구 서대신3동,30대,299,67,115
202405,2614056000,서구 서대신3동,40대,417,93,143
202405,2614056000,서구 서대신3동,50대,493,74,190
202405,2614056000,서구 서대신3동,60대이상,1023,87,353
202405,2614057000,서구 서대신4동,20대,485,75,205
202405,2614057000,서구 서대신4동,20대미만,559,95,200
202405,2614057000,서구 서대신4동,30대,460,61,152
202405,2614057000,서구 서대신4동,40대,766,83,234
202405,2614057000,서구 서대신4동,50대,844,102,315
202405,2614057000,서구 서대신4동,60대이상,1943,94,645
202405,2614059000,서구 부민동,20대,648,304,383
202405,2614059000,서구 부민동,20대미만,457,107,157
202405,2614059000,서구 부민동,30대,364,84,129
202405,2614059000,서구 부민동,40대,496,100,147
202405,2614059000,서구 부민동,50대,547,106,191
202405,2614059000,서구 부민동,60대이상,1366,82,275
202405,2614061500,서구 아미동,20대,516,71,238
202405,2614061500,서구 아미동,20대미만,194,1,66
202405,2614061500,서구 아미동,30대,433,87,240
202405,2614061500,서구 아미동,40대,405,86,192
202405,2614061500,서구 아미동,50대,605,90,251
202405,2614061500,서구 아미동,60대이상,2540,118,537
202405,2614063000,서구 초장동,20대,189,35,122
202405,2614063000,서구 초장동,20대미만,111,45,78
202405,2614063000,서구 초장동,30대,178,20,68
202405,2614063000,서구 초장동,40대,313,36,102
202405,2614063000,서구 초장동,50대,463,69,173
202405,2614063000,서구 초장동,60대이상,1735,63,327
202405,2614064000,서구 충무동,20대,624,85,163
202405,2614064000,서구 충무동,20대미만,300,74,96
202405,2614064000,서구 충무동,30대,436,110,139
202405,2614064000,서구 충무동,40대,648,131,193
202405,2614064000,서구 충무동,50대,794,155,309
202405,2614064000,서구 충무동,60대이상,2255,177,665
202405,2614065000,서구 남부민1동,20대,151,16,54
202405,2614065000,서구 남부민1동,20대미만,57,6,26
202405,2614065000,서구 남부민1동,30대,114,30,55
202405,2614065000,서구 남부민1동,40대,195,40,98
202405,2614065000,서구 남부민1동,50대,344,65,146
202405,2614065000,서구 남부민1동,60대이상,1171,70,321
202405,2614066000,서구 남부민2동,20대,422,67,176
202405,2614066000,서구 남부민2동,20대미만,339,69,135
202405,2614066000,서구 남부민2동,30대,409,65,209
202405,2614066000,서구 남부민2동,40대,636,81,272
202405,2614066000,서구 남부민2동,50대,958,97,312
202405,2614066000,서구 남부민2동,60대이상,3199,120,713
202405,2614068000,서구 암남동,20대,1188,434,715
202405,2614068000,서구 암남동,20대미만,745,47,303
202405,2614068000,서구 암남동,30대,1075,417,701
202405,2614068000,서구 암남동,40대,1467,477,935
202405,2614068000,서구 암남동,50대,1906,590,1206
202405,2614068000,서구 암남동,60대이상,4635,431,1886
202405,2617051000,동구 초량1동,20대,154,167,365
202405,2617051000,동구 초량1동,20대미만,96,24,117
202405,2617051000,동구 초량1동,30대,160,250,375
202405,2617051000,동구 초량1동,40대,235,233,348
202405,2617051000,동구 초량1동,50대,329,188,448
202405,2617051000,동구 초량1동,60대이상,895,119,689
202405,2617052000,동구 초량2동,20대,304,161,654
202405,2617052000,동구 초량2동,20대미만,220,156,255
202405,2617052000,동구 초량2동,30대,300,205,559
202405,2617052000,동구 초량2동,40대,437,191,546
202405,2617052000,동구 초량2동,50대,652,228,708
202405,2617052000,동구 초량2동,60대이상,2057,232,1519
202405,2617053000,동구 초량3동,20대,1157,478,1282
202405,2617053000,동구 초량3동,20대미만,669,107,490
202405,2617053000,동구 초량3동,30대,1660,605,1296
202405,2617053000,동구 초량3동,40대,1364,536,1318
202405,2617053000,동구 초량3동,50대,1247,579,1673
202405,2617053000,동구 초량3동,60대이상,2188,411,2360
202405,2617055000,동구 초량6동,20대,82,23,125
202405,2617055000,동구 초량6동,20대미만,64,51,100
202405,2617055000,동구 초량6동,30대,87,22,118
202405,2617055000,동구 초량6동,40대,114,38,143
202405,2617055000,동구 초량6동,50대,228,51,144
202405,2617055000,동구 초량6동,60대이상,533,27,182
202405,2617056000,동구 수정1동,20대,287,75,162
202405,2617056000,동구 수정1동,20대미만,278,31,105
202405,2617056000,동구 수정1동,30대,246,89,178
202405,2617056000,동구 수정1동,40대,400,92,200
202405,2617056000,동구 수정1동,50대,487,95,204
202405,2617056000,동구 수정1동,60대이상,1384,80,394
202405,2617057000,동구 수정2동,20대,446,80,124
202405,2617057000,동구 수정2동,20대미만,370,109,125
202405,2617057000,동구 수정2동,30대,591,128,149
202405,2617057000,동구 수정2동,40대,664,142,192
202405,2617057000,동구 수정2동,50대,824,180,299
202405,2617057000,동구 수정2동,60대이상,2967,153,534
202405,2617059000,동구 수정4동,20대,131,19,27
202405,2617059000,동구 수정4동,20대미만,92,2,26
202405,2617059000,동구 수정4동,30대,127,9,37
202405,2617059000,동구 수정4동,40대,218,17,47
202405,2617059000,동구 수정4동,50대,412,27,69
202405,2617059000,동구 수정4동,60대이상,1450,43,174
202405,2617060000,동구 수정5동,20대,268,26,52
202405,2617060000,동구 수정5동,20대미만,256,28,54
202405,2617060000,동구 수정5동,30대,221,34,59
202405,2617060000,동구 수정5동,40대,401,38,65
202405,2617060000,동구 수정5동,50대,627,74,101
202405,2617060000,동구 수정5동,60대이상,2121,65,247
202405,2617064500,동구 좌천동,20대,340,34,190
202405,2617064500,동구 좌천동,20대미만,147,55,181
202405,2617064500,동구 좌천동,30대,301,41,222
202405,2617064500,동구 좌천동,40대,300,41,214
202405,2617064500,동구 좌천동,50대,456,73,320
202405,2617064500,동구 좌천동,60대이상,1349,79,812
202405,2617065000,동구 범일1동,20대,610,82,236
202405,2617065000,동구 범일1동,20대미만,296,70,86
202405,2617065000,동구 범일1동,30대,675,132,273
202405,2617065000,동구 범일1동,40대,818,141,259
202405,2617065000,동구 범일1동,50대,1140,172,326
202405,2617065000,동구 범일1동,60대이상,4191,202,648
202405,2617066000,동구 범일2동,20대,673,400,577
202405,2617066000,동구 범일2동,20대미만,331,66,174
202405,2617066000,동구 범일2동,30대,744,732,780
202405,2617066000,동구 범일2동,40대,734,985,852
202405,2617066000,동구 범일2동,50대,1005,1113,1130
202405,2617066000,동구 범일2동,60대이상,2232,898,2167
202405,2617068000,동구 범일5동,20대,584,99,417
202405,2617068000,동구 범일5동,20대미만,452,149,196
202405,2617068000,동구 범일5동,30대,1378,165,496
202405,2617068000,동구 범일5동,40대,1003,195,652
202405,2617068000,동구 범일5동,50대,842,235,831
202405,2617068000,동구 범일5동,60대이상,1654,408,1601
202405,2620053000,영도구 남항동,20대,618,207,521
202405,2620053000,영도구 남항동,20대미만,423,24,203
202405,2620053000,영도구 남항동,30대,651,292,520
202405,2620053000,영도구 남항동,40대,921,366,681
202405,2620053000,영도구 남항동,50대,1325,462,1012
202405,2620053000,영도구 남항동,60대이상,4237,555,2005
202405,2620054000,영도구 영선1동,20대,68,16,49
202405,2620054000,영도구 영선1동,20대미만,47,4,37
202405,2620054000,영도구 영선1동,30대,80,26,68
202405,2620054000,영도구 영선1동,40대,156,41,99
202405,2620054000,영도구 영선1동,50대,193,80,156
202405,2620054000,영도구 영선1동,60대이상,574,110,351
202405,2620055000,영도구 영선2동,20대,430,85,202
202405,2620055000,영도구 영선2동,20대미만,409,88,137
202405,2620055000,영도구 영선2동,30대,463,51,159
202405,2620055000,영도구 영선2동,40대,518,86,167
202405,2620055000,영도구 영선2동,50대,918,102,242
202405,2620055000,영도구 영선2동,60대이상,2890,141,515
202405,2620058500,영도구 신선동,20대,295,44,57
202405,2620058500,영도구 신선동,20대미만,253,150,103
202405,2620058500,영도구 신선동,30대,301,36,86
202405,2620058500,영도구 신선동,40대,576,74,118
202405,2620058500,영도구 신선동,50대,911,97,165
202405,2620058500,영도구 신선동,60대이상,3014,82,346
202405,2620059000,영도구 봉래1동,20대,296,37,160
202405,2620059000,영도구 봉래1동,20대미만,277,1,110
202405,2620059000,영도구 봉래1동,30대,330,77,201
202405,2620059000,영도구 봉래1동,40대,474,105,272
202405,2620059000,영도구 봉래1동,50대,583,143,342
202405,2620059000,영도구 봉래1동,60대이상,1967,203,646
202405,2620060500,영도구 봉래2동,20대,403,58,110
202405,2620060500,영도구 봉래2동,20대미만,277,30,104
202405,2620060500,영도구 봉래2동,30대,455,90,126
202405,2620060500,영도구 봉래2동,40대,536,133,183
202405,2620060500,영도구 봉래2동,50대,891,145,229
202405,2620060500,영도구 봉래2동,60대이상,2474,141,475
202405,2620063000,영도구 청학1동,20대,208,69,129
202405,2620063000,영도구 청학1동,20대미만,188,16,60
202405,2620063000,영도구 청학1동,30대,280,68,110
202405,2620063000,영도구 청학1동,40대,488,171,209
202405,2620063000,영도구 청학1동,50대,596,189,236
202405,2620063000,영도구 청학1동,60대이상,1968,136,423
202405,2620064000,영도구 청학2동,20대,770,179,268
202405,2620064000,영도구 청학2동,20대미만,809,14,204
202405,2620064000,영도구 청학2동,30대,1013,248,301
202405,2620064000,영도구 청학2동,40대,1477,322,386
202405,2620064000,영도구 청학2동,50대,1809,401,485
202405,2620064000,영도구 청학2동,60대이상,5202,332,873
202405,2620065000,영도구 동삼1동,20대,1895,405,463
202405,2620065000,영도구 동삼1동,20대미만,2019,256,338
202405,2620065000,영도구 동삼1동,30대,1858,348,488
202405,2620065000,영도구 동삼1동,40대,2506,465,588
202405,2620065000,영도구 동삼1동,50대,3411,548,750
202405,2620065000,영도구 동삼1동,60대이상,9225,463,1282
202405,2620066000,영도구 동삼2동,20대,1066,405,724
202405,2620066000,영도구 동삼2동,20대미만,715,126,501
202405,2620066000,영도구 동삼2동,30대,356,137,590
202405,2620066000,영도구 동삼2동,40대,499,166,731
202405,2620066000,영도구 동삼2동,50대,555,174,846
202405,2620066000,영도구 동삼2동,60대이상,1377,134,1305
202405,2620067000,영도구 동삼3동,20대,429,83,182
202405,2620067000,영도구 동삼3동,20대미만,347,75,155
202405,2620067000,영도구 동삼3동,30대,464,80,207
202405,2620067000,영도구 동삼3동,40대,685,131,276
202405,2620067000,영도구 동삼3동,50대,1046,149,358
202405,2620067000,영도구 동삼3동,60대이상,3890,181,711
202405,2623051000,부산진구 부전1동,20대,2594,823,1762
202405,2623051000,부산진구 부전1동,20대미만,460,37,480
202405,2623051000,부산진구 부전1동,30대,1929,914,1410
202405,2623051000,부산진구 부전1동,40대,1277,799,1311
202405,2623051000,부산진구 부전1동,50대,1676,984,1860
202405,2623051000,부산진구 부전1동,60대이상,3734,1325,4768
202405,2623052000,부산진구 부전2동,20대,2090,2178,6683
202405,2623052000,부산진구 부전2동,20대미만,473,152,1732
202405,2623052000,부산진구 부전2동,30대,1785,1495,3397
202405,2623052000,부산진구 부전2동,40대,1262,1075,2181
202405,2623052000,부산진구 부전2동,50대,1225,964,2057
202405,2623052000,부산진구 부전2동,60대이상,1800,803,2833
202405,2623054000,부산진구 연지동,20대,665,86,196
202405,2623054000,부산진구 연지동,20대미만,586,81,199
202405,2623054000,부산진구 연지동,30대,904,119,278
202405,2623054000,부산진구 연지동,40대,1113,168,272
202405,2623054000,부산진구 연지동,50대,1355,137,300
202405,2623054000,부산진구 연지동,60대이상,3688,173,566
202405,2623055000,부산진구 초읍동,20대,1284,188,404
202405,2623055000,부산진구 초읍동,20대미만,1728,144,327
202405,2623055000,부산진구 초읍동,30대,1444,214,595
202405,2623055000,부산진구 초읍동,40대,2006,307,704
202405,2623055000,부산진구 초읍동,50대,2600,398,869
202405,2623055000,부산진구 초읍동,60대이상,7496,422,1648
202405,2623056000,부산진구 양정1동,20대,1747,701,711
202405,2623056000,부산진구 양정1동,20대미만,1337,461,351
202405,2623056000,부산진구 양정1동,30대,1749,387,665
202405,2623056000,부산진구 양정1동,40대,1884,460,664
202405,2623056000,부산진구 양정1동,50대,2465,568,815
202405,2623056000,부산진구 양정1동,60대이상,5360,504,1286
202405,2623057000,부산진구 양정2동,20대,1795,243,481
202405,2623057000,부산진구 양정2동,20대미만,562,283,210
202405,2623057000,부산진구 양정2동,30대,1644,266,415
202405,2623057000,부산진구 양정2동,40대,1073,277,464
202405,2623057000,부산진구 양정2동,50대,989,344,591
202405,2623057000,부산진구 양정2동,60대이상,2104,235,963
202405,2623060000,부산진구 전포1동,20대,3009,829,2014
202405,2623060000,부산진구 전포1동,20대미만,850,477,516
202405,2623060000,부산진구 전포1동,30대,2828,642,1112
202405,2623060000,부산진구 전포1동,40대,1631,428,623
202405,2623060000,부산진구 전포1동,50대,1759,412,595
202405,2623060000,부산진구 전포1동,60대이상,3011,325,700
202405,2623061000,부산진구 전포2동,20대,2494,592,1745
202405,2623061000,부산진구 전포2동,20대미만,927,76,501
202405,2623061000,부산진구 전포2동,30대,2762,533,1170
202405,2623061000,부산진구 전포2동,40대,2130,448,791
202405,2623061000,부산진구 전포2동,50대,2299,516,751
202405,2623061000,부산진구 전포2동,60대이상,5502,459,1163
202405,2623064000,부산진구 부암1동,20대,1634,197,520
202405,2623064000,부산진구 부암1동,20대미만,1194,34,245
202405,2623064000,부산진구 부암1동,30대,2401,308,583
202405,2623064000,부산진구 부암1동,40대,1988,265,540
202405,2623064000,부산진구 부암1동,50대,2459,337,683
202405,2623064000,부산진구 부암1동,60대이상,5030,287,1093
202405,2623066000,부산진구 부암3동,20대,1155,130,345
202405,2623066000,부산진구 부암3동,20대미만,1446,122,400
202405,2623066000,부산진구 부암3동,30대,1847,145,384
202405,2623066000,부산진구 부암3동,40대,1933,216,495
202405,2623066000,부산진구 부암3동,50대,2529,339,699
202405,2623066000,부산진구 부암3동,60대이상,4867,322,1442
202405,2623067000,부산진구 당감1동,20대,1427,164,326
202405,2623067000,부산진구 당감1동,20대미만,1374,150,307
202405,2623067000,부산진구 당감1동,30대,1458,158,383
202405,2623067000,부산진구 당감1동,40대,1868,225,417
202405,2623067000,부산진구 당감1동,50대,2924,403,601
202405,2623067000,부산진구 당감1동,60대이상,5986,393,1025
202405,2623068000,부산진구 당감2동,20대,403,45,172
202405,2623068000,부산진구 당감2동,20대미만,317,5,100
202405,2623068000,부산진구 당감2동,30대,554,67,237
202405,2623068000,부산진구 당감2동,40대,750,74,223
202405,2623068000,부산진구 당감2동,50대,735,102,282
202405,2623068000,부산진구 당감2동,60대이상,1702,93,480
202405,2623070000,부산진구 당감4동,20대,549,64,201
202405,2623070000,부산진구 당감4동,20대미만,766,57,190
202405,2623070000,부산진구 당감4동,30대,667,72,272
202405,2623070000,부산진구 당감4동,40대,854,100,298
202405,2623070000,부산진구 당감4동,50대,1221,134,373
202405,2623070000,부산진구 당감4동,60대이상,2615,156,607
202405,2623071000,부산진구 가야1동,20대,1753,969,1122
202405,2623071000,부산진구 가야1동,20대미만,1913,370,651
202405,2623071000,부산진구 가야1동,30대,1217,236,588
202405,2623071000,부산진구 가야1동,40대,1517,330,601
202405,2623071000,부산진구 가야1동,50대,1940,421,766
202405,2623071000,부산진구 가야1동,60대이상,5133,372,1345
202405,2623072000,부산진구 가야2동,20대,643,66,314
202405,2623072000,부산진구 가야2동,20대미만,571,73,284
202405,2623072000,부산진구 가야2동,30대,774,76,367
202405,2623072000,부산진구 가야2동,40대,903,88,402
202405,2623072000,부산진구 가야2동,50대,1188,150,512
202405,2623072000,부산진구 가야2동,60대이상,3137,195,1000
202405,2623074000,부산진구 개금1동,20대,2211,250,492
202405,2623074000,부산진구 개금1동,20대미만,722,32,265
202405,2623074000,부산진구 개금1동,30대,1533,182,407
202405,2623074000,부산진구 개금1동,40대,1496,215,407
202405,2623074000,부산진구 개금1동,50대,1616,257,510
202405,2623074000,부산진구 개금1동,60대이상,3623,281,873
202405,2623075000,부산진구 개금2동,20대,793,202,531
202405,2623075000,부산진구 개금2동,20대미만,631,30,181
202405,2623075000,부산진구 개금2동,30대,642,189,437
202405,2623075000,부산진구 개금2동,40대,821,170,429
202405,2623075000,부산진구 개금2동,50대,1166,197,509
202405,2623075000,부산진구 개금2동,60대이상,2943,159,1037
202405,2623076000,부산진구 개금3동,20대,1527,222,304
202405,2623076000,부산진구 개금3동,20대미만,1417,143,331
202405,2623076000,부산진구 개금3동,30대,2005,222,444
202405,2623076000,부산진구 개금3동,40대,2109,242,438
202405,2623076000,부산진구 개금3동,50대,2761,329,546
202405,2623076000,부산진구 개금3동,60대이상,6920,339,1067
202405,2623077000,부산진구 범천1동,20대,1684,492,1058
202405,2623077000,부산진구 범천1동,20대미만,436,20,321
202405,2623077000,부산진구 범천1동,30대,1768,632,1082
202405,2623077000,부산진구 범천1동,40대,1178,616,987
202405,2623077000,부산진구 범천1동,50대,1215,758,1199
202405,2623077000,부산진구 범천1동,60대이상,2751,655,2119
202405,2623078000,부산진구 범천2동,20대,1424,129,344
202405,2623078000,부산진구 범천2동,20대미만,672,18,124
202405,2623078000,부산진구 범천2동,30대,2418,186,478
202405,2623078000,부산진구 범천2동,40대,2050,189,367
202405,2623078000,부산진구 범천2동,50대,2039,295,427
202405,2623078000,부산진구 범천2동,60대이상,5265,286,813
202405,2626051000,동래구 수민동,20대,1795,287,568
202405,2626051000,동래구 수민동,20대미만,1452,214,556
202405,2626051000,동래구 수민동,30대,1832,372,738
202405,2626051000,동래구 수민동,40대,2254,417,921
202405,2626051000,동래구 수민동,50대,2336,522,1198
202405,2626051000,동래구 수민동,60대이상,7549,401,2429
202405,2626052000,동래구 복산동,20대,525,60,111
202405,2626052000,동래구 복산동,20대미만,354,13,136
202405,2626052000,동래구 복산동,30대,535,62,128
202405,2626052000,동래구 복산동,40대,684,81,200
202405,2626052000,동래구 복산동,50대,1078,146,248
202405,2626052000,동래구 복산동,60대이상,3294,166,499
202405,2626054500,동래구 명륜동,20대,1504,499,1415
202405,2626054500,동래구 명륜동,20대미만,2450,311,713
202405,2626054500,동래구 명륜동,30대,2098,539,1200
202405,2626054500,동래구 명륜동,40대,3167,638,1262
202405,2626054500,동래구 명륜동,50대,3168,841,1449
202405,2626054500,동래구 명륜동,60대이상,4763,615,2523
202405,2626055000,동래구 온천1동,20대,2552,412,908
202405,2626055000,동래구 온천1동,20대미만,1608,267,572
202405,2626055000,동래구 온천1동,30대,3174,445,1100
202405,2626055000,동래구 온천1동,40대,2873,506,1239
202405,2626055000,동래구 온천1동,50대,2793,652,1375
202405,2626055000,동래구 온천1동,60대이상,5357,593,2360
202405,2626056000,동래구 온천2동,20대,858,207,345
202405,2626056000,동래구 온천2동,20대미만,1225,133,231
202405,2626056000,동래구 온천2동,30대,1100,280,354
202405,2626056000,동래구 온천2동,40대,1462,300,426
202405,2626056000,동래구 온천2동,50대,1367,295,540
202405,2626056000,동래구 온천2동,60대이상,3176,260,1043
202405,2626057000,동래구 온천3동,20대,3145,316,1415
202405,2626057000,동래구 온천3동,20대미만,2194,189,1645
202405,2626057000,동래구 온천3동,30대,3326,341,2093
202405,2626057000,동래구 온천3동,40대,3701,468,2621
202405,2626057000,동래구 온천3동,50대,4430,557,2288
202405,2626057000,동래구 온천3동,60대이상,9441,477,4322
202405,2626058000,동래구 사직1동,20대,597,233,589
202405,2626058000,동래구 사직1동,20대미만,798,149,705
202405,2626058000,동래구 사직1동,30대,706,222,587
202405,2626058000,동래구 사직1동,40대,917,241,802
202405,2626058000,동래구 사직1동,50대,900,258,775
202405,2626058000,동래구 사직1동,60대이상,2246,282,1274
202405,2626059000,동래구 사직2동,20대,1516,207,1209
202405,2626059000,동래구 사직2동,20대미만,3063,369,1139
202405,2626059000,동래구 사직2동,30대,1537,189,862
202405,2626059000,동래구 사직2동,40대,2771,340,1133
202405,2626059000,동래구 사직2동,50대,3057,357,1035
202405,2626059000,동래구 사직2동,60대이상,4261,279,1477
202405,2626060000,동래구 사직3동,20대,1030,173,331
202405,2626060000,동래구 사직3동,20대미만,1707,84,465
202405,2626060000,동래구 사직3동,30대,1146,219,355
202405,2626060000,동래구 사직3동,40대,2232,287,564
202405,2626060000,동래구 사직3동,50대,1784,286,528
202405,2626060000,동래구 사직3동,60대이상,4018,245,824
202405,2626074000,동래구 안락1동,20대,729,136,258
202405,2626074000,동래구 안락1동,20대미만,564,39,186
202405,2626074000,동래구 안락1동,30대,827,163,343
202405,2626074000,동래구 안락1동,40대,1001,217,474
202405,2626074000,동래구 안락1동,50대,1344,282,615
202405,2626074000,동래구 안락1동,60대이상,4012,328,1204
202405,2626075000,동래구 안락2동,20대,1828,274,478
202405,2626075000,동래구 안락2동,20대미만,2298,94,465
202405,2626075000,동래구 안락2동,30대,2048,353,569
202405,2626075000,동래구 안락2동,40대,2866,479,767
202405,2626075000,동래구 안락2동,50대,3261,551,810
202405,2626075000,동래구 안락2동,60대이상,7126,426,1309
202405,2626076100,동래구 명장1동,20대,824,106,203
202405,2626076100,동래구 명장1동,20대미만,1035,301,253
202405,2626076100,동래구 명장1동,30대,1079,131,230
202405,2626076100,동래구 명장1동,40대,1404,163,292
202405,2626076100,동래구 명장1동,50대,1535,227,376
202405,2626076100,동래구 명장1동,60대이상,4208,236,721
202405,2626076200,동래구 명장2동,20대,649,77,94
202405,2626076200,동래구 명장2동,20대미만,574,183,229
202405,2626076200,동래구 명장2동,30대,871,67,162
202405,2626076200,동래구 명장2동,40대,912,120,197
202405,2626076200,동래구 명장2동,50대,1345,162,212
202405,2626076200,동래구 명장2동,60대이상,3263,180,451
202405,2629051000,남구 대연1동,20대,2704,333,1121
202405,2629051000,남구 대연1동,20대미만,872,103,689
202405,2629051000,남구 대연1동,30대,1235,198,845
202405,2629051000,남구 대연1동,40대,1277,270,926
202405,2629051000,남구 대연1동,50대,1703,355,1119
202405,2629051000,남구 대연1동,60대이상,4309,278,1849
202405,2629053000,남구 대연3동,20대,5444,2722,3075
202405,2629053000,남구 대연3동,20대미만,3955,757,1684
202405,2629053000,남구 대연3동,30대,3076,864,1366
202405,2629053000,남구 대연3동,40대,4255,969,1340
202405,2629053000,남구 대연3동,50대,3814,862,1450
202405,2629053000,남구 대연3동,60대이상,6275,582,1752
202405,2629054000,남구 대연4동,20대,785,96,193
202405,2629054000,남구 대연4동,20대미만,965,84,206
202405,2629054000,남구 대연4동,30대,1416,114,227
202405,2629054000,남구 대연4동,40대,1468,152,281
202405,2629054000,남구 대연4동,50대,1381,178,364
202405,2629054000,남구 대연4동,60대이상,3426,178,665
202405,2629055000,남구 대연5동,20대,1849,234,407
202405,2629055000,남구 대연5동,20대미만,981,157,220
202405,2629055000,남구 대연5동,30대,1151,201,310
202405,2629055000,남구 대연5동,40대,1493,254,365
202405,2629055000,남구 대연5동,50대,1787,300,440
202405,2629055000,남구 대연5동,60대이상,4112,252,785
202405,2629056000,남구 대연6동,20대,843,166,189
202405,2629056000,남구 대연6동,20대미만,1380,171,214
202405,2629056000,남구 대연6동,30대,1127,205,217
202405,2629056000,남구 대연6동,40대,1886,276,303
202405,2629056000,남구 대연6동,50대,1443,281,354
202405,2629056000,남구 대연6동,60대이상,2724,157,570
202405,2629057000,남구 용호1동,20대,2580,386,586
202405,2629057000,남구 용호1동,20대미만,4254,218,503
202405,2629057000,남구 용호1동,30대,2587,297,630
202405,2629057000,남구 용호1동,40대,4351,502,769
202405,2629057000,남구 용호1동,50대,5847,621,935
202405,2629057000,남구 용호1동,60대이상,10386,502,1784
202405,2629058000,남구 용호2동,20대,1095,272,409
202405,2629058000,남구 용호2동,20대미만,1524,57,238
202405,2629058000,남구 용호2동,30대,1571,162,369
202405,2629058000,남구 용호2동,40대,2271,261,477
202405,2629058000,남구 용호2동,50대,2043,241,563
202405,2629058000,남구 용호2동,60대이상,4876,218,1023
202405,2629059000,남구 용호3동,20대,714,124,208
202405,2629059000,남구 용호3동,20대미만,745,312,248
202405,2629059000,남구 용호3동,30대,711,126,227
202405,2629059000,남구 용호3동,40대,969,168,324
202405,2629059000,남구 용호3동,50대,1441,250,462
202405,2629059000,남구 용호3동,60대이상,4364,266,882
202405,2629060000,남구 용호4동,20대,447,142,303
202405,2629060000,남구 용호4동,20대미만,406,60,187
202405,2629060000,남구 용호4동,30대,441,71,220
202405,2629060000,남구 용호4동,40대,687,96,282
202405,2629060000,남구 용호4동,50대,773,137,321
202405,2629060000,남구 용호4동,60대이상,2078,157,671
202405,2629061000,남구 용당동,20대,619,347,406
202405,2629061000,남구 용당동,20대미만,464,154,185
202405,2629061000,남구 용당동,30대,446,204,273
202405,2629061000,남구 용당동,40대,667,243,458
202405,2629061000,남구 용당동,50대,1145,285,586
202405,2629061000,남구 용당동,60대이상,2003,216,716
202405,2629062000,남구 감만1동,20대,422,170,199
202405,2629062000,남구 감만1동,20대미만,256,35,68
202405,2629062000,남구 감만1동,30대,401,166,301
202405,2629062000,남구 감만1동,40대,546,213,439
202405,2629062000,남구 감만1동,50대,788,208,616
202405,2629062000,남구 감만1동,60대이상,1892,217,651
202405,2629063000,남구 감만2동,20대,240,22,140
202405,2629063000,남구 감만2동,20대미만,232,46,150
202405,2629063000,남구 감만2동,30대,221,35,139
202405,2629063000,남구 감만2동,40대,333,48,223
202405,2629063000,남구 감만2동,50대,673,73,346
202405,2629063000,남구 감만2동,60대이상,1487,83,780
202405,2629064500,남구 우암동,20대,706,174,288
202405,2629064500,남구 우암동,20대미만,836,107,185
202405,2629064500,남구 우암동,30대,715,171,366
202405,2629064500,남구 우암동,40대,1094,189,441
202405,2629064500,남구 우암동,50대,1421,286,733
202405,2629064500,남구 우암동,60대이상,4700,278,1184
202405,2629068000,남구 문현1동,20대,614,62,208
202405,2629068000,남구 문현1동,20대미만,632,115,270
202405,2629068000,남구 문현1동,30대,454,62,256
202405,2629068000,남구 문현1동,40대,754,107,298
202405,2629068000,남구 문현1동,50대,1052,155,382
202405,2629068000,남구 문현1동,60대이상,2578,146,692
202405,2629069000,남구 문현2동,20대,482,306,349
202405,2629069000,남구 문현2동,20대미만,201,69,176
202405,2629069000,남구 문현2동,30대,682,651,449
202405,2629069000,남구 문현2동,40대,521,533,432
202405,2629069000,남구 문현2동,50대,586,430,492
202405,2629069000,남구 문현2동,60대이상,1862,260,751
202405,2629070000,남구 문현3동,20대,866,124,769
202405,2629070000,남구 문현3동,20대미만,767,97,920
202405,2629070000,남구 문현3동,30대,1031,106,831
202405,2629070000,남구 문현3동,40대,1396,166,1076
202405,2629070000,남구 문현3동,50대,1235,181,1426
202405,2629070000,남구 문현3동,60대이상,3838,262,2790
202405,2629071000,남구 문현4동,20대,419,88,174
202405,2629071000,남구 문현4동,20대미만,255,77,115
202405,2629071000,남구 문현4동,30대,486,113,225
202405,2629071000,남구 문현4동,40대,515,104,225
202405,2629071000,남구 문현4동,50대,640,112,264
202405,2629071000,남구 문현4동,60대이상,1682,108,391
202405,2632051000,북구 구포1동,20대,1132,174,471
202405,2632051000,북구 구포1동,20대미만,665,6,190
202405,2632051000,북구 구포1동,30대,1407,211,536
202405,2632051000,북구 구포1동,40대,1233,264,549
202405,2632051000,북구 구포1동,50대,1862,403,959
202405,2632051000,북구 구포1동,60대이상,4607,560,2127
202405,2632052000,북구 구포2동,20대,1874,213,345
202405,2632052000,북구 구포2동,20대미만,1191,168,231
202405,2632052000,북구 구포2동,30대,2039,295,394
202405,2632052000,북구 구포2동,40대,2164,364,419
202405,2632052000,북구 구포2동,50대,3160,455,619
202405,2632052000,북구 구포2동,60대이상,7087,402,1043
202405,2632052100,북구 구포3동,20대,1534,233,252
202405,2632052100,북구 구포3동,20대미만,1238,239,154
202405,2632052100,북구 구포3동,30대,1286,126,210
202405,2632052100,북구 구포3동,40대,1752,195,241
202405,2632052100,북구 구포3동,50대,2843,326,409
202405,2632052100,북구 구포3동,60대이상,5863,262,650
202405,2632053000,북구 금곡동,20대,2397,260,450
202405,2632053000,북구 금곡동,20대미만,2373,165,327
202405,2632053000,북구 금곡동,30대,2439,268,568
202405,2632053000,북구 금곡동,40대,3168,372,620
202405,2632053000,북구 금곡동,50대,4864,620,926
202405,2632053000,북구 금곡동,60대이상,12193,521,1573
202405,2632054100,북구 화명1동,20대,2754,264,1005
202405,2632054100,북구 화명1동,20대미만,2780,44,1011
202405,2632054100,북구 화명1동,30대,3356,226,1114
202405,2632054100,북구 화명1동,40대,3375,331,1252
202405,2632054100,북구 화명1동,50대,5066,493,1495
202405,2632054100,북구 화명1동,60대이상,7735,427,2203
202405,2632054200,북구 화명2동,20대,1492,189,343
202405,2632054200,북구 화명2동,20대미만,1499,176,296
202405,2632054200,북구 화명2동,30대,1615,158,401
202405,2632054200,북구 화명2동,40대,1599,228,424
202405,2632054200,북구 화명2동,50대,2341,333,610
202405,2632054200,북구 화명2동,60대이상,4357,272,946
202405,2632054300,북구 화명3동,20대,2006,392,866
202405,2632054300,북구 화명3동,20대미만,2434,351,635
202405,2632054300,북구 화명3동,30대,1749,305,756
202405,2632054300,북구 화명3동,40대,2665,416,762
202405,2632054300,북구 화명3동,50대,3354,556,1006
202405,2632054300,북구 화명3동,60대이상,4640,362,1538
202405,2632055000,북구 덕천1동,20대,1037,217,353
202405,2632055000,북구 덕천1동,20대미만,523,40,176
202405,2632055000,북구 덕천1동,30대,1456,194,400
202405,2632055000,북구 덕천1동,40대,1132,209,407
202405,2632055000,북구 덕천1동,50대,1446,294,557
202405,2632055000,북구 덕천1동,60대이상,4218,260,1101
202405,2632056000,북구 덕천2동,20대,919,419,1120
202405,2632056000,북구 덕천2동,20대미만,517,229,553
202405,2632056000,북구 덕천2동,30대,945,452,1091
202405,2632056000,북구 덕천2동,40대,915,417,1076
202405,2632056000,북구 덕천2동,50대,1364,522,1411
202405,2632056000,북구 덕천2동,60대이상,3593,430,2326
202405,2632056100,북구 덕천3동,20대,429,34,74
202405,2632056100,북구 덕천3동,20대미만,247,7,38
202405,2632056100,북구 덕천3동,30대,374,21,82
202405,2632056100,북구 덕천3동,40대,603,58,89
202405,2632056100,북구 덕천3동,50대,978,74,144
202405,2632056100,북구 덕천3동,60대이상,2755,77,286
202405,2632057100,북구 만덕1동,20대,986,107,199
202405,2632057100,북구 만덕1동,20대미만,905,77,194
202405,2632057100,북구 만덕1동,30대,1962,122,347
202405,2632057100,북구 만덕1동,40대,1735,154,297
202405,2632057100,북구 만덕1동,50대,1579,143,359
202405,2632057100,북구 만덕1동,60대이상,3764,207,802
202405,2632057200,북구 만덕2동,20대,1612,173,277
202405,2632057200,북구 만덕2동,20대미만,2432,193,250
202405,2632057200,북구 만덕2동,30대,2329,188,375
202405,2632057200,북구 만덕2동,40대,2784,301,410
202405,2632057200,북구 만덕2동,50대,2974,318,481
202405,2632057200,북구 만덕2동,60대이상,6558,295,1008
202405,2632057300,북구 만덕3동,20대,1156,84,373
202405,2632057300,북구 만덕3동,20대미만,1038,25,302
202405,2632057300,북구 만덕3동,30대,1363,86,449
202405,2632057300,북구 만덕3동,40대,1507,142,474
202405,2632057300,북구 만덕3동,50대,2093,217,523
202405,2632057300,북구 만덕3동,60대이상,5215,260,1219
202405,2635051000,해운대구 우1동,20대,1777,785,2329
202405,2635051000,해운대구 우1동,20대미만,1874,769,1383
202405,2635051000,해운대구 우1동,30대,1975,707,2303
202405,2635051000,해운대구 우1동,40대,2407,684,2388
202405,2635051000,해운대구 우1동,50대,2697,775,2325
202405,2635051000,해운대구 우1동,60대이상,5968,786,3212
202405,2635052000,해운대구 우2동,20대,1799,2134,2128
202405,2635052000,해운대구 우2동,20대미만,2264,580,1421
202405,2635052000,해운대구 우2동,30대,2476,2260,2600
202405,2635052000,해운대구 우2동,40대,3499,1755,2424
202405,2635052000,해운대구 우2동,50대,4080,1518,2160
202405,2635052000,해운대구 우2동,60대이상,6623,798,2698
202405,2635052500,해운대구 우3동,20대,1395,222,577
202405,2635052500,해운대구 우3동,20대미만,1940,127,528
202405,2635052500,해운대구 우3동,30대,1770,279,692
202405,2635052500,해운대구 우3동,40대,3023,450,823
202405,2635052500,해운대구 우3동,50대,3127,347,818
202405,2635052500,해운대구 우3동,60대이상,6061,343,1163
202405,2635053000,해운대구 중1동,20대,2044,635,1626
202405,2635053000,해운대구 중1동,20대미만,1622,94,1154
202405,2635053000,해운대구 중1동,30대,2411,625,2025
202405,2635053000,해운대구 중1동,40대,3302,676,1978
202405,2635053000,해운대구 중1동,50대,3544,729,1871
202405,2635053000,해운대구 중1동,60대이상,5760,635,2453
202405,2635054000,해운대구 중2동,20대,962,147,498
202405,2635054000,해운대구 중2동,20대미만,1429,48,260
202405,2635054000,해운대구 중2동,30대,1435,202,582
202405,2635054000,해운대구 중2동,40대,1959,208,620
202405,2635054000,해운대구 중2동,50대,1950,245,726
202405,2635054000,해운대구 중2동,60대이상,3824,240,1121
202405,2635055100,해운대구 좌1동,20대,1432,416,750
202405,2635055100,해운대구 좌1동,20대미만,1062,46,529
202405,2635055100,해운대구 좌1동,30대,1402,370,704
202405,2635055100,해운대구 좌1동,40대,1762,421,806
202405,2635055100,해운대구 좌1동,50대,2373,497,1011
202405,2635055100,해운대구 좌1동,60대이상,3342,379,1340
202405,2635055200,해운대구 좌2동,20대,2787,282,578
202405,2635055200,해운대구 좌2동,20대미만,2113,114,476
202405,2635055200,해운대구 좌2동,30대,3198,320,520
202405,2635055200,해운대구 좌2동,40대,2942,369,508
202405,2635055200,해운대구 좌2동,50대,4115,432,598
202405,2635055200,해운대구 좌2동,60대이상,6689,345,866
202405,2635055300,해운대구 좌3동,20대,1113,116,249
202405,2635055300,해운대구 좌3동,20대미만,1133,318,287
202405,2635055300,해운대구 좌3동,30대,1091,115,273
202405,2635055300,해운대구 좌3동,40대,1305,129,341
202405,2635055300,해운대구 좌3동,50대,2108,200,438
202405,2635055300,해운대구 좌3동,60대이상,4093,180,731
202405,2635055400,해운대구 좌4동,20대,1842,526,832
202405,2635055400,해운대구 좌4동,20대미만,2949,450,548
202405,2635055400,해운대구 좌4동,30대,1703,437,744
202405,2635055400,해운대구 좌4동,40대,2562,503,876
202405,2635055400,해운대구 좌4동,50대,3100,565,1082
202405,2635055400,해운대구 좌4동,60대이상,4891,419,1872
202405,2635056000,해운대구 송정동,20대,596,288,1293
202405,2635056000,해운대구 송정동,20대미만,590,162,697
202405,2635056000,해운대구 송정동,30대,776,313,993
202405,2635056000,해운대구 송정동,40대,893,339,1047
202405,2635056000,해운대구 송정동,50대,1160,444,1095
202405,2635056000,해운대구 송정동,60대이상,3315,315,1405
202405,2635057000,해운대구 반여1동,20대,2750,387,559
202405,2635057000,해운대구 반여1동,20대미만,3932,270,421
202405,2635057000,해운대구 반여1동,30대,2567,409,691
202405,2635057000,해운대구 반여1동,40대,4108,579,895
202405,2635057000,해운대구 반여1동,50대,4862,728,1080
202405,2635057000,해운대구 반여1동,60대이상,7888,543,1809
202405,2635058000,해운대구 반여2동,20대,743,90,285
202405,2635058000,해운대구 반여2동,20대미만,448,45,147
202405,2635058000,해운대구 반여2동,30대,933,80,302
202405,2635058000,해운대구 반여2동,40대,1138,130,396
202405,2635058000,해운대구 반여2동,50대,1621,190,637
202405,2635058000,해운대구 반여2동,60대이상,4338,160,1120
202405,2635059000,해운대구 반여3동,20대,437,33,67
202405,2635059000,해운대구 반여3동,20대미만,219,9,27
202405,2635059000,해운대구 반여3동,30대,368,38,63
202405,2635059000,해운대구 반여3동,40대,572,33,70
202405,2635059000,해운대구 반여3동,50대,804,72,129
202405,2635059000,해운대구 반여3동,60대이상,1881,71,234
202405,2635059500,해운대구 반여4동,20대,750,51,150
202405,2635059500,해운대구 반여4동,20대미만,656,11,171
202405,2635059500,해운대구 반여4동,30대,624,55,193
202405,2635059500,해운대구 반여4동,40대,877,93,235
202405,2635059500,해운대구 반여4동,50대,997,96,276
202405,2635059500,해운대구 반여4동,60대이상,1831,89,581
202405,2635061000,해운대구 반송1동,20대,823,179,178
202405,2635061000,해운대구 반송1동,20대미만,347,152,102
202405,2635061000,해운대구 반송1동,30대,627,122,166
202405,2635061000,해운대구 반송1동,40대,749,155,250
202405,2635061000,해운대구 반송1동,50대,1161,255,383
202405,2635061000,해운대구 반송1동,60대이상,3412,252,606
202405,2635062000,해운대구 반송2동,20대,1220,121,126
202405,2635062000,해운대구 반송2동,20대미만,1037,14,79
202405,2635062000,해운대구 반송2동,30대,1258,90,159
202405,2635062000,해운대구 반송2동,40대,2035,206,230
202405,2635062000,해운대구 반송2동,50대,2926,362,338
202405,2635062000,해운대구 반송2동,60대이상,8165,343,631
202405,2635065000,해운대구 재송1동,20대,2376,506,627
202405,2635065000,해운대구 재송1동,20대미만,4309,210,454
202405,2635065000,해운대구 재송1동,30대,2841,634,716
202405,2635065000,해운대구 재송1동,40대,5486,739,949
202405,2635065000,해운대구 재송1동,50대,4256,668,1071
202405,2635065000,해운대구 재송1동,60대이상,6682,492,1485
202405,2635066000,해운대구 재송2동,20대,1647,164,319
202405,2635066000,해운대구 재송2동,20대미만,1147,54,215
202405,2635066000,해운대구 재송2동,30대,1766,193,379
202405,2635066000,해운대구 재송2동,40대,2421,263,445
202405,2635066000,해운대구 재송2동,50대,3019,321,558
202405,2635066000,해운대구 재송2동,60대이상,6596,320,891
202405,2638051000,사하구 괴정1동,20대,1268,131,386
202405,2638051000,사하구 괴정1동,20대미만,1211,172,326
202405,2638051000,사하구 괴정1동,30대,1151,113,389
202405,2638051000,사하구 괴정1동,40대,1726,163,490
202405,2638051000,사하구 괴정1동,50대,2013,252,661
202405,2638051000,사하구 괴정1동,60대이상,5920,240,1157
202405,2638052000,사하구 괴정2동,20대,940,61,128
202405,2638052000,사하구 괴정2동,20대미만,834,76,99
202405,2638052000,사하구 괴정2동,30대,1057,89,126
202405,2638052000,사하구 괴정2동,40대,1483,120,162
202405,2638052000,사하구 괴정2동,50대,1690,146,179
202405,2638052000,사하구 괴정2동,60대이상,4437,147,387
202405,2638053000,사하구 괴정3동,20대,825,311,354
202405,2638053000,사하구 괴정3동,20대미만,661,97,275
202405,2638053000,사하구 괴정3동,30대,873,178,365
202405,2638053000,사하구 괴정3동,40대,1070,213,435
202405,2638053000,사하구 괴정3동,50대,1494,287,546
202405,2638053000,사하구 괴정3동,60대이상,4497,336,1117
202405,2638054000,사하구 괴정4동,20대,886,77,214
202405,2638054000,사하구 괴정4동,20대미만,1159,88,349
202405,2638054000,사하구 괴정4동,30대,1196,113,268
202405,2638054000,사하구 괴정4동,40대,1650,166,338
202405,2638054000,사하구 괴정4동,50대,1522,173,404
202405,2638054000,사하구 괴정4동,60대이상,3519,158,841
202405,2638055000,사하구 당리동,20대,1814,276,496
202405,2638055000,사하구 당리동,20대미만,1521,84,436
202405,2638055000,사하구 당리동,30대,1819,293,567
202405,2638055000,사하구 당리동,40대,2441,443,616
202405,2638055000,사하구 당리동,50대,3122,496,766
202405,2638055000,사하구 당리동,60대이상,7361,427,1427
202405,2638056100,사하구 하단1동,20대,2320,252,516
202405,2638056100,사하구 하단1동,20대미만,1156,63,274
202405,2638056100,사하구 하단1동,30대,2033,222,519
202405,2638056100,사하구 하단1동,40대,2166,269,545
202405,2638056100,사하구 하단1동,50대,2545,346,668
202405,2638056100,사하구 하단1동,60대이상,5585,373,1136
202405,2638056200,사하구 하단2동,20대,3707,1722,1532
202405,2638056200,사하구 하단2동,20대미만,1946,518,638
202405,2638056200,사하구 하단2동,30대,2323,453,836
202405,2638056200,사하구 하단2동,40대,2528,502,854
202405,2638056200,사하구 하단2동,50대,2956,569,947
202405,2638056200,사하구 하단2동,60대이상,5934,418,1387
202405,2638057100,사하구 신평1동,20대,961,211,248
202405,2638057100,사하구 신평1동,20대미만,847,161,184
202405,2638057100,사하구 신평1동,30대,1111,366,352
202405,2638057100,사하구 신평1동,40대,1529,426,463
202405,2638057100,사하구 신평1동,50대,2217,594,600
202405,2638057100,사하구 신평1동,60대이상,5318,345,755
202405,2638057200,사하구 신평2동,20대,1105,260,290
202405,2638057200,사하구 신평2동,20대미만,1225,54,183
202405,2638057200,사하구 신평2동,30대,1758,314,406
202405,2638057200,사하구 신평2동,40대,1879,434,455
202405,2638057200,사하구 신평2동,50대,2154,495,667
202405,2638057200,사하구 신평2동,60대이상,4227,436,919
202405,2638058000,사하구 장림1동,20대,620,221,303
202405,2638058000,사하구 장림1동,20대미만,950,75,174
202405,2638058000,사하구 장림1동,30대,775,289,422
202405,2638058000,사하구 장림1동,40대,1371,406,530
202405,2638058000,사하구 장림1동,50대,1285,626,784
202405,2638058000,사하구 장림1동,60대이상,2656,565,1135
202405,2638059000,사하구 장림2동,20대,1868,279,431
202405,2638059000,사하구 장림2동,20대미만,1821,134,343
202405,2638059000,사하구 장림2동,30대,2137,316,568
202405,2638059000,사하구 장림2동,40대,2951,490,644
202405,2638059000,사하구 장림2동,50대,3429,636,803
202405,2638059000,사하구 장림2동,60대이상,6412,584,1272
202405,2638060100,사하구 다대1동,20대,2303,423,436
202405,2638060100,사하구 다대1동,20대미만,2915,114,225
202405,2638060100,사하구 다대1동,30대,2640,489,504
202405,2638060100,사하구 다대1동,40대,4065,778,618
202405,2638060100,사하구 다대1동,50대,5299,918,873
202405,2638060100,사하구 다대1동,60대이상,10722,765,1562
202405,2638060200,사하구 다대2동,20대,1826,261,272
202405,2638060200,사하구 다대2동,20대미만,2055,99,146
202405,2638060200,사하구 다대2동,30대,1661,251,312
202405,2638060200,사하구 다대2동,40대,2707,384,365
202405,2638060200,사하구 다대2동,50대,3927,542,518
202405,2638060200,사하구 다대2동,60대이상,8716,451,866
202405,2638061000,사하구 구평동,20대,773,136,168
202405,2638061000,사하구 구평동,20대미만,1066,66,148
202405,2638061000,사하구 구평동,30대,1570,275,271
202405,2638061000,사하구 구평동,40대,1550,393,398
202405,2638061000,사하구 구평동,50대,1458,489,539
202405,2638061000,사하구 구평동,60대이상,2648,466,763
202405,2638062000,사하구 감천1동,20대,1110,157,183
202405,2638062000,사하구 감천1동,20대미만,1123,435,271
202405,2638062000,사하구 감천1동,30대,1099,196,255
202405,2638062000,사하구 감천1동,40대,1649,307,392
202405,2638062000,사하구 감천1동,50대,2324,469,561
202405,2638062000,사하구 감천1동,60대이상,6440,367,895
202405,2638063000,사하구 감천2동,20대,183,20,55
202405,2638063000,사하구 감천2동,20대미만,138,0,69
202405,2638063000,사하구 감천2동,30대,222,27,58
202405,2638063000,사하구 감천2동,40대,444,36,70
202405,2638063000,사하구 감천2동,50대,788,63,124
202405,2638063000,사하구 감천2동,60대이상,1949,51,207
202405,2641051000,금정구 서1동,20대,236,22,56
202405,2641051000,금정구 서1동,20대미만,148,5,43
202405,2641051000,금정구 서1동,30대,239,23,77
202405,2641051000,금정구 서1동,40대,368,47,103
202405,2641051000,금정구 서1동,50대,594,85,146
202405,2641051000,금정구 서1동,60대이상,1839,110,343
202405,2641052000,금정구 서2동,20대,410,46,178
202405,2641052000,금정구 서2동,20대미만,180,90,97
202405,2641052000,금정구 서2동,30대,481,79,185
202405,2641052000,금정구 서2동,40대,596,116,207
202405,2641052000,금정구 서2동,50대,959,161,375
202405,2641052000,금정구 서2동,60대이상,2360,205,681
202405,2641053000,금정구 서3동,20대,561,75,120
202405,2641053000,금정구 서3동,20대미만,282,71,96
202405,2641053000,금정구 서3동,30대,698,99,167
202405,2641053000,금정구 서3동,40대,709,127,213
202405,2641053000,금정구 서3동,50대,1280,192,337
202405,2641053000,금정구 서3동,60대이상,3864,264,704
202405,2641055500,금정구 금사회동동,20대,348,298,268
202405,2641055500,금정구 금사회동동,20대미만,292,66,129
202405,2641055500,금정구 금사회동동,30대,425,510,442
202405,2641055500,금정구 금사회동동,40대,582,562,562
202405,2641055500,금정구 금사회동동,50대,925,731,852
202405,2641055500,금정구 금사회동동,60대이상,2863,641,1393
202405,2641057000,금정구 부곡1동,20대,417,44,96
202405,2641057000,금정구 부곡1동,20대미만,347,130,131
202405,2641057000,금정구 부곡1동,30대,431,51,118
202405,2641057000,금정구 부곡1동,40대,627,80,143
202405,2641057000,금정구 부곡1동,50대,857,96,198
202405,2641057000,금정구 부곡1동,60대이상,2933,130,385
202405,2641058000,금정구 부곡2동,20대,1642,378,479
202405,2641058000,금정구 부곡2동,20대미만,1372,423,354
202405,2641058000,금정구 부곡2동,30대,1242,309,557
202405,2641058000,금정구 부곡2동,40대,1725,364,593
202405,2641058000,금정구 부곡2동,50대,2135,365,685
202405,2641058000,금정구 부곡2동,60대이상,4576,339,1261
202405,2641059000,금정구 부곡3동,20대,1354,470,382
202405,2641059000,금정구 부곡3동,20대미만,1049,494,338
202405,2641059000,금정구 부곡3동,30대,1206,339,412
202405,2641059000,금정구 부곡3동,40대,1519,342,478
202405,2641059000,금정구 부곡3동,50대,1847,339,644
202405,2641059000,금정구 부곡3동,60대이상,3987,284,1065
202405,2641059100,금정구 부곡4동,20대,308,41,166
202405,2641059100,금정구 부곡4동,20대미만,216,30,154
202405,2641059100,금정구 부곡4동,30대,546,76,175
202405,2641059100,금정구 부곡4동,40대,491,71,240
202405,2641059100,금정구 부곡4동,50대,716,104,270
202405,2641059100,금정구 부곡4동,60대이상,2009,125,583
202405,2641060000,금정구 장전1동,20대,4196,587,860
202405,2641060000,금정구 장전1동,20대미만,996,125,355
202405,2641060000,금정구 장전1동,30대,1417,199,419
202405,2641060000,금정구 장전1동,40대,1452,231,459
202405,2641060000,금정구 장전1동,50대,1502,308,496
202405,2641060000,금정구 장전1동,60대이상,3420,228,723
202405,2641061000,금정구 장전2동,20대,2034,2221,2531
202405,2641061000,금정구 장전2동,20대미만,2603,438,1041
202405,2641061000,금정구 장전2동,30대,2284,834,1005
202405,2641061000,금정구 장전2동,40대,3364,790,1012
202405,2641061000,금정구 장전2동,50대,2696,736,991
202405,2641061000,금정구 장전2동,60대이상,5858,520,1367
202405,2641063500,금정구 선두구동,20대,34,23,98
202405,2641063500,금정구 선두구동,20대미만,35,0,52
202405,2641063500,금정구 선두구동,30대,37,50,132
202405,2641063500,금정구 선두구동,40대,86,63,255
202405,2641063500,금정구 선두구동,50대,184,121,341
202405,2641063500,금정구 선두구동,60대이상,696,120,564
202405,2641066500,금정구 청룡노포동,20대,525,129,377
202405,2641066500,금정구 청룡노포동,20대미만,487,44,177
202405,2641066500,금정구 청룡노포동,30대,552,157,406
202405,2641066500,금정구 청룡노포동,40대,673,202,566
202405,2641066500,금정구 청룡노포동,50대,1144,258,927
202405,2641066500,금정구 청룡노포동,60대이상,3325,319,1801
202405,2641067000,금정구 남산동,20대,2262,611,797
202405,2641067000,금정구 남산동,20대미만,1487,195,518
202405,2641067000,금정구 남산동,30대,1685,280,580
202405,2641067000,금정구 남산동,40대,1906,396,726
202405,2641067000,금정구 남산동,50대,3153,563,1052
202405,2641067000,금정구 남산동,60대이상,7761,468,2038
202405,2641068000,금정구 구서1동,20대,756,154,356
202405,2641068000,금정구 구서1동,20대미만,1011,423,301
202405,2641068000,금정구 구서1동,30대,1009,210,383
202405,2641068000,금정구 구서1동,40대,1306,246,491
202405,2641068000,금정구 구서1동,50대,1447,241,534
202405,2641068000,금정구 구서1동,60대이상,3062,219,778
202405,2641069000,금정구 구서2동,20대,1939,268,937
202405,2641069000,금정구 구서2동,20대미만,2226,131,513
202405,2641069000,금정구 구서2동,30대,2261,260,822
202405,2641069000,금정구 구서2동,40대,3104,403,873
202405,2641069000,금정구 구서2동,50대,3949,497,1318
202405,2641069000,금정구 구서2동,60대이상,8402,506,2609
202405,2641070000,금정구 금성동,20대,41,22,63
202405,2641070000,금정구 금성동,20대미만,78,8,85
202405,2641070000,금정구 금성동,30대,42,18,106
202405,2641070000,금정구 금성동,40대,82,23,154
202405,2641070000,금정구 금성동,50대,101,24,231
202405,2641070000,금정구 금성동,60대이상,343,50,353
202405,2644051000,강서구 대저1동,20대,670,511,734
202405,2644051000,강서구 대저1동,20대미만,183,130,192
202405,2644051000,강서구 대저1동,30대,396,586,499
202405,2644051000,강서구 대저1동,40대,457,685,668
202405,2644051000,강서구 대저1동,50대,743,842,898
202405,2644051000,강서구 대저1동,60대이상,2797,660,1456
202405,2644052000,강서구 대저2동,20대,1123,783,2555
202405,2644052000,강서구 대저2동,20대미만,488,29,845
202405,2644052000,강서구 대저2동,30대,622,1002,3187
202405,2644052000,강서구 대저2동,40대,659,1014,3041
202405,2644052000,강서구 대저2동,50대,742,1338,3576
202405,2644052000,강서구 대저2동,60대이상,2281,954,4110
202405,2644053000,강서구 강동동,20대,89,52,92
202405,2644053000,강서구 강동동,20대미만,34,2,21
202405,2644053000,강서구 강동동,30대,162,122,168
202405,2644053000,강서구 강동동,40대,222,175,236
202405,2644053000,강서구 강동동,50대,253,210,354
202405,2644053000,강서구 강동동,60대이상,1621,267,537
202405,2644053500,강서구 명지1동,20대,3021,785,878
202405,2644053500,강서구 명지1동,20대미만,7611,263,491
202405,2644053500,강서구 명지1동,30대,8815,1340,1482
202405,2644053500,강서구 명지1동,40대,9661,1599,1531
202405,2644053500,강서구 명지1동,50대,3945,959,1261
202405,2644053500,강서구 명지1동,60대이상,6347,621,1529
202405,2644054500,강서구 명지2동,20대,1352,270,348
202405,2644054500,강서구 명지2동,20대미만,4327,148,304
202405,2644054500,강서구 명지2동,30대,2714,412,487
202405,2644054500,강서구 명지2동,40대,5323,703,649
202405,2644054500,강서구 명지2동,50대,2977,406,512
202405,2644054500,강서구 명지2동,60대이상,3681,247,606
202405,2644055000,강서구 가락동,20대,71,60,105
202405,2644055000,강서구 가락동,20대미만,117,10,47
202405,2644055000,강서구 가락동,30대,101,122,179
202405,2644055000,강서구 가락동,40대,148,161,254
202405,2644055000,강서구 가락동,50대,283,264,396
202405,2644055000,강서구 가락동,60대이상,1097,235,592
202405,2644056000,강서구 녹산동,20대,2264,1734,1239
202405,2644056000,강서구 녹산동,20대미만,3484,92,281
202405,2644056000,강서구 녹산동,30대,4466,3472,2183
202405,2644056000,강서구 녹산동,40대,5644,4509,2972
202405,2644056000,강서구 녹산동,50대,3751,3632,2966
202405,2644056000,강서구 녹산동,60대이상,6588,2165,2874
202405,2644058000,강서구 가덕도동,20대,193,92,338
202405,2644058000,강서구 가덕도동,20대미만,128,44,97
202405,2644058000,강서구 가덕도동,30대,271,134,627
202405,2644058000,강서구 가덕도동,40대,391,195,1031
202405,2644058000,강서구 가덕도동,50대,569,212,1004
202405,2644058000,강서구 가덕도동,60대이상,1533,132,892
202405,2647061000,연제구 거제1동,20대,2041,702,662
202405,2647061000,연제구 거제1동,20대미만,2250,504,669
202405,2647061000,연제구 거제1동,30대,1846,725,724
202405,2647061000,연제구 거제1동,40대,2997,977,970
202405,2647061000,연제구 거제1동,50대,2974,938,1116
202405,2647061000,연제구 거제1동,60대이상,5876,713,1601
202405,2647062000,연제구 거제2동,20대,1411,242,418
202405,2647062000,연제구 거제2동,20대미만,2405,192,490
202405,2647062000,연제구 거제2동,30대,2152,312,599
202405,2647062000,연제구 거제2동,40대,3203,424,794
202405,2647062000,연제구 거제2동,50대,2487,488,922
202405,2647062000,연제구 거제2동,60대이상,3504,381,1931
202405,2647063000,연제구 거제3동,20대,651,120,883
202405,2647063000,연제구 거제3동,20대미만,413,10,299
202405,2647063000,연제구 거제3동,30대,668,142,1254
202405,2647063000,연제구 거제3동,40대,726,171,1277
202405,2647063000,연제구 거제3동,50대,1112,246,1354
202405,2647063000,연제구 거제3동,60대이상,2098,197,1452
202405,2647064000,연제구 거제4동,20대,645,54,252
202405,2647064000,연제구 거제4동,20대미만,894,118,251
202405,2647064000,연제구 거제4동,30대,610,81,423
202405,2647064000,연제구 거제4동,40대,907,96,402
202405,2647064000,연제구 거제4동,50대,1238,140,381
202405,2647064000,연제구 거제4동,60대이상,2589,122,603
202405,2647065000,연제구 연산1동,20대,901,228,449
202405,2647065000,연제구 연산1동,20대미만,1249,156,319
202405,2647065000,연제구 연산1동,30대,1248,307,527
202405,2647065000,연제구 연산1동,40대,1633,346,627
202405,2647065000,연제구 연산1동,50대,1580,369,680
202405,2647065000,연제구 연산1동,60대이상,3982,343,1255
202405,2647066000,연제구 연산2동,20대,1751,277,1137
202405,2647066000,연제구 연산2동,20대미만,1351,221,825
202405,2647066000,연제구 연산2동,30대,2880,473,1680
202405,2647066000,연제구 연산2동,40대,2262,483,1571
202405,2647066000,연제구 연산2동,50대,2227,517,1495
202405,2647066000,연제구 연산2동,60대이상,4859,360,2948
202405,2647067000,연제구 연산3동,20대,276,7,44
202405,2647067000,연제구 연산3동,20대미만,183,70,64
202405,2647067000,연제구 연산3동,30대,428,25,83
202405,2647067000,연제구 연산3동,40대,538,33,99
202405,2647067000,연제구 연산3동,50대,457,55,99
202405,2647067000,연제구 연산3동,60대이상,1757,57,200
202405,2647068000,연제구 연산4동,20대,1083,270,954
202405,2647068000,연제구 연산4동,20대미만,494,16,238
202405,2647068000,연제구 연산4동,30대,1271,285,999
202405,2647068000,연제구 연산4동,40대,1168,318,976
202405,2647068000,연제구 연산4동,50대,1605,369,1156
202405,2647068000,연제구 연산4동,60대이상,4447,365,2302
202405,2647069000,연제구 연산5동,20대,1664,372,686
202405,2647069000,연제구 연산5동,20대미만,471,42,147
202405,2647069000,연제구 연산5동,30대,1835,533,740
202405,2647069000,연제구 연산5동,40대,1187,492,692
202405,2647069000,연제구 연산5동,50대,1258,573,869
202405,2647069000,연제구 연산5동,60대이상,2800,531,1396
202405,2647070000,연제구 연산6동,20대,807,111,606
202405,2647070000,연제구 연산6동,20대미만,643,137,308
202405,2647070000,연제구 연산6동,30대,1114,107,556
202405,2647070000,연제구 연산6동,40대,1328,177,600
202405,2647070000,연제구 연산6동,50대,1424,204,785
202405,2647070000,연제구 연산6동,60대이상,4376,236,1997
202405,2647072000,연제구 연산8동,20대,420,68,277
202405,2647072000,연제구 연산8동,20대미만,390,105,310
202405,2647072000,연제구 연산8동,30대,504,56,333
202405,2647072000,연제구 연산8동,40대,659,94,430
202405,2647072000,연제구 연산8동,50대,776,128,532
202405,2647072000,연제구 연산8동,60대이상,2015,122,1153
202405,2647073000,연제구 연산9동,20대,2319,322,518
202405,2647073000,연제구 연산9동,20대미만,2560,267,449
202405,2647073000,연제구 연산9동,30대,2687,368,645
202405,2647073000,연제구 연산9동,40대,3451,533,810
202405,2647073000,연제구 연산9동,50대,4258,632,953
202405,2647073000,연제구 연산9동,60대이상,9177,549,1448
202405,2650066000,수영구 남천1동,20대,1272,460,832
202405,2650066000,수영구 남천1동,20대미만,1491,201,732
202405,2650066000,수영구 남천1동,30대,1444,540,823
202405,2650066000,수영구 남천1동,40대,1634,556,1033
202405,2650066000,수영구 남천1동,50대,1832,560,1172
202405,2650066000,수영구 남천1동,60대이상,3821,513,1935
202405,2650067000,수영구 남천2동,20대,512,62,392
202405,2650067000,수영구 남천2동,20대미만,564,16,208
202405,2650067000,수영구 남천2동,30대,701,85,362
202405,2650067000,수영구 남천2동,40대,824,101,368
202405,2650067000,수영구 남천2동,50대,1161,125,430
202405,2650067000,수영구 남천2동,60대이상,2348,108,746
202405,2650073000,수영구 수영동,20대,1116,186,390
202405,2650073000,수영구 수영동,20대미만,578,91,209
202405,2650073000,수영구 수영동,30대,1170,188,439
202405,2650073000,수영구 수영동,40대,1180,206,457
202405,2650073000,수영구 수영동,50대,1567,291,607
202405,2650073000,수영구 수영동,60대이상,5265,316,1172
202405,2650074000,수영구 망미1동,20대,1686,236,379
202405,2650074000,수영구 망미1동,20대미만,1799,87,285
202405,2650074000,수영구 망미1동,30대,2054,251,454
202405,2650074000,수영구 망미1동,40대,2648,354,513
202405,2650074000,수영구 망미1동,50대,2896,395,603
202405,2650074000,수영구 망미1동,60대이상,8998,461,1269
202405,2650075000,수영구 망미2동,20대,460,54,234
202405,2650075000,수영구 망미2동,20대미만,550,29,230
202405,2650075000,수영구 망미2동,30대,538,98,266
202405,2650075000,수영구 망미2동,40대,854,106,445
202405,2650075000,수영구 망미2동,50대,1130,148,402
202405,2650075000,수영구 망미2동,60대이상,2353,154,778
202405,2650076000,수영구 광안1동,20대,2010,169,471
202405,2650076000,수영구 광안1동,20대미만,823,51,185
202405,2650076000,수영구 광안1동,30대,1793,202,429
202405,2650076000,수영구 광안1동,40대,1509,193,405
202405,2650076000,수영구 광안1동,50대,1411,203,455
202405,2650076000,수영구 광안1동,60대이상,3888,200,924
202405,2650077000,수영구 광안2동,20대,1639,419,2125
202405,2650077000,수영구 광안2동,20대미만,1082,153,531
202405,2650077000,수영구 광안2동,30대,1750,393,1321
202405,2650077000,수영구 광안2동,40대,1743,346,938
202405,2650077000,수영구 광안2동,50대,1788,346,939
202405,2650077000,수영구 광안2동,60대이상,4272,356,1357
202405,2650078000,수영구 광안3동,20대,1229,181,738
202405,2650078000,수영구 광안3동,20대미만,325,23,239
202405,2650078000,수영구 광안3동,30대,1115,203,627
202405,2650078000,수영구 광안3동,40대,823,218,560
202405,2650078000,수영구 광안3동,50대,857,214,652
202405,2650078000,수영구 광안3동,60대이상,2736,249,1250
202405,2650079000,수영구 광안4동,20대,942,114,577
202405,2650079000,수영구 광안4동,20대미만,646,182,397
202405,2650079000,수영구 광안4동,30대,872,118,674
202405,2650079000,수영구 광안4동,40대,1036,135,666
202405,2650079000,수영구 광안4동,50대,1377,149,657
202405,2650079000,수영구 광안4동,60대이상,3015,182,1256
202405,2650080000,수영구 민락동,20대,2070,388,2325
202405,2650080000,수영구 민락동,20대미만,1375,47,665
202405,2650080000,수영구 민락동,30대,2886,417,1524
202405,2650080000,수영구 민락동,40대,2922,385,1166
202405,2650080000,수영구 민락동,50대,3030,457,1164
202405,2650080000,수영구 민락동,60대이상,7121,466,1732
202405,2653058000,사상구 삼락동,20대,265,172,323
202405,2653058000,사상구 삼락동,20대미만,191,83,214
202405,2653058000,사상구 삼락동,30대,308,281,486
202405,2653058000,사상구 삼락동,40대,315,420,569
202405,2653058000,사상구 삼락동,50대,693,607,827
202405,2653058000,사상구 삼락동,60대이상,1653,510,1403
202405,2653059100,사상구 모라1동,20대,1868,402,394
202405,2653059100,사상구 모라1동,20대미만,1269,97,203
202405,2653059100,사상구 모라1동,30대,2103,435,452
202405,2653059100,사상구 모라1동,40대,2114,564,552
202405,2653059100,사상구 모라1동,50대,3445,871,838
202405,2653059100,사상구 모라1동,60대이상,8244,835,1400
202405,2653059300,사상구 모라3동,20대,371,68,91
202405,2653059300,사상구 모라3동,20대미만,322,46,90
202405,2653059300,사상구 모라3동,30대,441,48,105
202405,2653059300,사상구 모라3동,40대,740,88,171
202405,2653059300,사상구 모라3동,50대,1293,165,284
202405,2653059300,사상구 모라3동,60대이상,4721,198,602
202405,2653060000,사상구 덕포1동,20대,673,76,158
202405,2653060000,사상구 덕포1동,20대미만,558,98,107
202405,2653060000,사상구 덕포1동,30대,1028,81,170
202405,2653060000,사상구 덕포1동,40대,934,99,152
202405,2653060000,사상구 덕포1동,50대,1123,131,230
202405,2653060000,사상구 덕포1동,60대이상,2225,134,419
202405,2653061000,사상구 덕포2동,20대,881,203,401
202405,2653061000,사상구 덕포2동,20대미만,926,137,266
202405,2653061000,사상구 덕포2동,30대,898,259,365
202405,2653061000,사상구 덕포2동,40대,1064,337,422
202405,2653061000,사상구 덕포2동,50대,1567,499,629
202405,2653061000,사상구 덕포2동,60대이상,3639,436,907
202405,2653062000,사상구 괘법동,20대,3188,995,1808
202405,2653062000,사상구 괘법동,20대미만,880,181,586
202405,2653062000,사상구 괘법동,30대,2966,639,1296
202405,2653062000,사상구 괘법동,40대,2106,716,1189
202405,2653062000,사상구 괘법동,50대,2929,913,1647
202405,2653062000,사상구 괘법동,60대이상,5898,861,2807
202405,2653064500,사상구 감전동,20대,704,544,759
202405,2653064500,사상구 감전동,20대미만,337,54,220
202405,2653064500,사상구 감전동,30대,859,781,844
202405,2653064500,사상구 감전동,40대,834,804,841
202405,2653064500,사상구 감전동,50대,1469,1066,1129
202405,2653064500,사상구 감전동,60대이상,3648,925,1555
202405,2653065000,사상구 주례1동,20대,1062,264,369
202405,2653065000,사상구 주례1동,20대미만,1208,26,126
202405,2653065000,사상구 주례1동,30대,1487,306,369
202405,2653065000,사상구 주례1동,40대,1506,322,380
202405,2653065000,사상구 주례1동,50대,2064,461,544
202405,2653065000,사상구 주례1동,60대이상,4187,432,1104
202405,2653066000,사상구 주례2동,20대,2731,875,926
202405,2653066000,사상구 주례2동,20대미만,1800,362,420
202405,2653066000,사상구 주례2동,30대,1948,328,491
202405,2653066000,사상구 주례2동,40대,2134,358,550
202405,2653066000,사상구 주례2동,50대,2517,418,741
202405,2653066000,사상구 주례2동,60대이상,5287,387,1324
202405,2653066100,사상구 주례3동,20대,468,73,135
202405,2653066100,사상구 주례3동,20대미만,406,37,89
202405,2653066100,사상구 주례3동,30대,444,89,156
202405,2653066100,사상구 주례3동,40대,590,120,207
202405,2653066100,사상구 주례3동,50대,846,128,240
202405,2653066100,사상구 주례3동,60대이상,1889,119,389
202405,2653067000,사상구 학장동,20대,901,338,571
202405,2653067000,사상구 학장동,20대미만,942,155,354
202405,2653067000,사상구 학장동,30대,1116,373,674
202405,2653067000,사상구 학장동,40대,1705,509,787
202405,2653067000,사상구 학장동,50대,2052,754,1119
202405,2653067000,사상구 학장동,60대이상,4954,606,1881
202405,2653068000,사상구 엄궁동,20대,1995,324,388
202405,2653068000,사상구 엄궁동,20대미만,2633,24,141
202405,2653068000,사상구 엄궁동,30대,2013,358,427
202405,2653068000,사상구 엄궁동,40대,2871,547,547
202405,2653068000,사상구 엄궁동,50대,3634,641,720
202405,2653068000,사상구 엄궁동,60대이상,6018,451,1066
202405,2671025000,기장군 기장읍,20대,4222,1154,1879
202405,2671025000,기장군 기장읍,20대미만,4068,132,1613
202405,2671025000,기장군 기장읍,30대,4451,1260,2739
202405,2671025000,기장군 기장읍,40대,6113,1471,3064
202405,2671025000,기장군 기장읍,50대,7729,1778,3012
202405,2671025000,기장군 기장읍,60대이상,17229,1310,4023
202405,2671025300,기장군 장안읍,20대,631,654,669
202405,2671025300,기장군 장안읍,20대미만,445,258,422
202405,2671025300,기장군 장안읍,30대,729,1068,1122
202405,2671025300,기장군 장안읍,40대,791,1224,1529
202405,2671025300,기장군 장안읍,50대,1152,1124,1657
202405,2671025300,기장군 장안읍,60대이상,3184,682,1908
202405,2671025600,기장군 정관읍,20대,4862,1006,760
202405,2671025600,기장군 정관읍,20대미만,13670,91,425
202405,2671025600,기장군 정관읍,30대,7645,1320,950
202405,2671025600,기장군 정관읍,40대,15074,2582,1398
202405,2671025600,기장군 정관읍,50대,8706,1821,1423
202405,2671025600,기장군 정관읍,60대이상,13469,1068,1646
202405,2671025900,기장군 일광읍,20대,1986,319,712
202405,2671025900,기장군 일광읍,20대미만,2309,59,368
202405,2671025900,기장군 일광읍,30대,3788,502,915
202405,2671025900,기장군 일광읍,40대,4038,643,1112
202405,2671025900,기장군 일광읍,50대,3234,602,1307
202405,2671025900,기장군 일광읍,60대이상,5563,550,1749
202405,2671033000,기장군 철마면,20대,182,46,113
202405,2671033000,기장군 철마면,20대미만,200,10,69
202405,2671033000,기장군 철마면,30대,292,101,185
202405,2671033000,기장군 철마면,40대,453,154,312
202405,2671033000,기장군 철마면,50대,658,289,551
202405,2671033000,기장군 철마면,60대이상,3245,323,1149
202404,2611051000,중구 중앙동,20대,587,934,978
202404,2611051000,중구 중앙동,20대미만,312,92,295
202404,2611051000,중구 중앙동,30대,647,1284,1110
202404,2611051000,중구 중앙동,40대,714,1185,1111
202404,2611051000,중구 중앙동,50대,1014,1166,1235
202404,2611051000,중구 중앙동,60대이상,2062,702,1751
202404,2611052000,중구 동광동,20대,128,61,149
202404,2611052000,중구 동광동,20대미만,37,7,44
202404,2611052000,중구 동광동,30대,150,82,141
202404,2611052000,중구 동광동,40대,160,109,167
202404,2611052000,중구 동광동,50대,283,107,191
202404,2611052000,중구 동광동,60대이상,902,105,367
202404,2611053000,중구 대청동,20대,578,225,318
202404,2611053000,중구 대청동,20대미만,267,90,116
202404,2611053000,중구 대청동,30대,398,262,279
202404,2611053000,중구 대청동,40대,545,232,292
202404,2611053000,중구 대청동,50대,703,259,360
202404,2611053000,중구 대청동,60대이상,2078,226,639
202404,2611054500,중구 보수동,20대,1067,160,250
202404,2611054500,중구 보수동,20대미만,396,89,117
202404,2611054500,중구 보수동,30대,448,73,149
202404,2611054500,중구 보수동,40대,565,106,184
202404,2611054500,중구 보수동,50대,1128,166,214
202404,2611054500,중구 보수동,60대이상,2371,164,550
202404,2611056000,중구 부평동,20대,496,178,861
202404,2611056000,중구 부평동,20대미만,171,10,215
202404,2611056000,중구 부평동,30대,265,220,678
202404,2611056000,중구 부평동,40대,331,223,757
202404,2611056000,중구 부평동,50대,520,309,1001
202404,2611056000,중구 부평동,60대이상,1586,375,1903
202404,2611057000,중구 광복동,20대,25,156,339
202404,2611057000,중구 광복동,20대미만,11,41,147
202404,2611057000,중구 광복동,30대,29,101,232
202404,2611057000,중구 광복동,40대,63,108,243
202404,2611057000,중구 광복동,50대,78,126,287
202404,2611057000,중구 광복동,60대이상,218,253,475
202404,2611058000,중구 남포동,20대,227,323,784
202404,2611058000,중구 남포동,20대미만,39,13,257
202404,2611058000,중구 남포동,30대,231,408,720
202404,2611058000,중구 남포동,40대,280,378,870
202404,2611058000,중구 남포동,50대,452,521,1321
202404,2611058000,중구 남포동,60대이상,1032,878,3165
202404,2611059000,중구 영주1동,20대,44,23,61
202404,2611059000,중구 영주1동,20대미만,11,0,10
202404,2611059000,중구 영주1동,30대,39,21,58
202404,2611059000,중구 영주1동,40대,46,25,63
202404,2611059000,중구 영주1동,50대,51,24,97
202404,2611059000,중구 영주1동,60대이상,149,26,143
202404,2611060000,중구 영주2동,20대,427,49,144
202404,2611060000,중구 영주2동,20대미만,282,43,63
202404,2611060000,중구 영주2동,30대,384,66,149
202404,2611060000,중구 영주2동,40대,541,78,172
202404,2611060000,중구 영주2동,50대,897,93,226
202404,2611060000,중구 영주2동,60대이상,2638,91,516
202404,2614051000,서구 동대신1동,20대,344,43,158
202404,2614051000,서구 동대신1동,20대미만,296,23,138
202404,2614051000,서구 동대신1동,30대,408,47,121
202404,2614051000,서구 동대신1동,40대,486,64,179
202404,2614051000,서구 동대신1동,50대,568,82,218
202404,2614051000,서구 동대신1동,60대이상,1534,105,412
202404,2614052000,서구 동대신2동,20대,206,18,61
202404,2614052000,서구 동대신2동,20대미만,118,32,59
202404,2614052000,서구 동대신2동,30대,165,11,52
202404,2614052000,서구 동대신2동,40대,298,31,94
202404,2614052000,서구 동대신2동,50대,434,41,96
202404,2614052000,서구 동대신2동,60대이상,1591,51,233
202404,2614053000,서구 동대신3동,20대,771,363,563
202404,2614053000,서구 동대신3동,20대미만,530,262,424
202404,2614053000,서구 동대신3동,30대,506,274,465
202404,2614053000,서구 동대신3동,40대,663,286,566
202404,2614053000,서구 동대신3동,50대,783,297,679
202404,2614053000,서구 동대신3동,60대이상,2193,203,1395
202404,2614054000,서구 서대신1동,20대,1142,194,316
202404,2614054000,서구 서대신1동,20대미만,1214,24,254
202404,2614054000,서구 서대신1동,30대,1340,201,293
202404,2614054000,서구 서대신1동,40대,1744,229,386
202404,2614054000,서구 서대신1동,50대,1635,262,478
202404,2614054000,서구 서대신1동,60대이상,3762,258,872
202404,2614056000,서구 서대신3동,20대,236,58,87
202404,2614056000,서구 서대신3동,20대미만,300,136,145
202404,2614056000,서구 서대신3동,30대,289,71,114
202404,2614056000,서구 서대신3동,40대,421,72,163
202404,2614056000,서구 서대신3동,50대,522,77,206
202404,2614056000,서구 서대신3동,60대이상,1043,91,397
202404,2614057000,서구 서대신4동,20대,493,79,218
202404,2614057000,서구 서대신4동,20대미만,569,98,187
202404,2614057000,서구 서대신4동,30대,468,61,148
202404,2614057000,서구 서대신4동,40대,759,101,232
202404,2614057000,서구 서대신4동,50대,824,105,307
202404,2614057000,서구 서대신4동,60대이상,1956,104,618
202404,2614059000,서구 부민동,20대,672,290,412
202404,2614059000,서구 부민동,20대미만,477,100,176
202404,2614059000,서구 부민동,30대,366,95,131
202404,2614059000,서구 부민동,40대,500,98,148
202404,2614059000,서구 부민동,50대,552,119,206
202404,2614059000,서구 부민동,60대이상,1351,97,298
202404,2614061500,서구 아미동,20대,467,76,259
202404,2614061500,서구 아미동,20대미만,184,2,46
202404,2614061500,서구 아미동,30대,436,102,243
202404,2614061500,서구 아미동,40대,390,94,209
202404,2614061500,서구 아미동,50대,581,105,273
202404,2614061500,서구 아미동,60대이상,2437,101,626
202404,2614063000,서구 초장동,20대,204,52,138
202404,2614063000,서구 초장동,20대미만,118,56,83
202404,2614063000,서구 초장동,30대,180,15,75
202404,2614063000,서구 초장동,40대,325,32,92
202404,2614063000,서구 초장동,50대,495,71,162
202404,2614063000,서구 초장동,60대이상,1740,66,361
202404,2614064000,서구 충무동,20대,669,104,165
202404,2614064000,서구 충무동,20대미만,325,102,90
202404,2614064000,서구 충무동,30대,437,128,139
202404,2614064000,서구 충무동,40대,708,154,193
202404,2614064000,서구 충무동,50대,793,212,327
202404,2614064000,서구 충무동,60대이상,2248,208,698
202404,2614065000,서구 남부민1동,20대,163,18,59
202404,2614065000,서구 남부민1동,20대미만,55,7,26
202404,2614065000,서구 남부민1동,30대,150,31,49
202404,2614065000,서구 남부민1동,40대,199,37,104
202404,2614065000,서구 남부민1동,50대,432,60,162
202404,2614065000,서구 남부민1동,60대이상,1303,85,360
202404,2614066000,서구 남부민2동,20대,438,60,141
202404,2614066000,서구 남부민2동,20대미만,336,80,110
202404,2614066000,서구 남부민2동,30대,431,57,175
202404,2614066000,서구 남부민2동,40대,656,85,232
202404,2614066000,서구 남부민2동,50대,984,102,298
202404,2614066000,서구 남부민2동,60대이상,3142,120,671
202404,2614068000,서구 암남동,20대,1189,446,633
202404,2614068000,서구 암남동,20대미만,775,38,201
202404,2614068000,서구 암남동,30대,1092,459,651
202404,2614068000,서구 암남동,40대,1565,551,864
202404,2614068000,서구 암남동,50대,1888,634,1137
202404,2614068000,서구 암남동,60대이상,4762,459,1909
202404,2617051000,동구 초량1동,20대,142,177,361
202404,2617051000,동구 초량1동,20대미만,91,31,76
202404,2617051000,동구 초량1동,30대,153,233,394
202404,2617051000,동구 초량1동,40대,238,229,347
202404,2617051000,동구 초량1동,50대,315,194,463
202404,2617051000,동구 초량1동,60대이상,888,139,690
202404,2617052000,동구 초량2동,20대,310,149,611
202404,2617052000,동구 초량2동,20대미만,220,158,211
202404,2617052000,동구 초량2동,30대,304,222,525
202404,2617052000,동구 초량2동,40대,440,191,536
202404,2617052000,동구 초량2동,50대,638,217,692
202404,2617052000,동구 초량2동,60대이상,2035,238,1436
202404,2617053000,동구 초량3동,20대,1141,502,1127
202404,2617053000,동구 초량3동,20대미만,706,98,349
202404,2617053000,동구 초량3동,30대,1647,632,1199
202404,2617053000,동구 초량3동,40대,1481,568,1271
202404,2617053000,동구 초량3동,50대,1262,595,1660
202404,2617053000,동구 초량3동,60대이상,2189,439,2240
202404,2617055000,동구 초량6동,20대,89,23,120
202404,2617055000,동구 초량6동,20대미만,78,64,77
202404,2617055000,동구 초량6동,30대,88,21,118
202404,2617055000,동구 초량6동,40대,130,41,126
202404,2617055000,동구 초량6동,50대,258,41,130
202404,2617055000,동구 초량6동,60대이상,563,28,170
202404,2617056000,동구 수정1동,20대,298,62,163
202404,2617056000,동구 수정1동,20대미만,285,44,113
202404,2617056000,동구 수정1동,30대,242,80,157
202404,2617056000,동구 수정1동,40대,399,97,182
202404,2617056000,동구 수정1동,50대,491,84,211
202404,2617056000,동구 수정1동,60대이상,1392,84,379
202404,2617057000,동구 수정2동,20대,547,84,127
202404,2617057000,동구 수정2동,20대미만,387,112,137
202404,2617057000,동구 수정2동,30대,552,126,170
202404,2617057000,동구 수정2동,40대,615,151,192
202404,2617057000,동구 수정2동,50대,980,185,304
202404,2617057000,동구 수정2동,60대이상,2877,166,527
202404,2617059000,동구 수정4동,20대,136,24,27
202404,2617059000,동구 수정4동,20대미만,93,0,23
202404,2617059000,동구 수정4동,30대,143,8,27
202404,2617059000,동구 수정4동,40대,213,20,45
202404,2617059000,동구 수정4동,50대,394,29,72
202404,2617059000,동구 수정4동,60대이상,1424,41,166
202404,2617060000,동구 수정5동,20대,266,28,55
202404,2617060000,동구 수정5동,20대미만,254,29,55
202404,2617060000,동구 수정5동,30대,221,32,52
202404,2617060000,동구 수정5동,40대,388,38,70
202404,2617060000,동구 수정5동,50대,641,58,97
202404,2617060000,동구 수정5동,60대이상,2117,61,232
202404,2617064500,동구 좌천동,20대,334,40,212
202404,2617064500,동구 좌천동,20대미만,145,69,176
202404,2617064500,동구 좌천동,30대,270,50,235
202404,2617064500,동구 좌천동,40대,272,51,236
202404,2617064500,동구 좌천동,50대,459,86,319
202404,2617064500,동구 좌천동,60대이상,1352,98,821
202404,2617065000,동구 범일1동,20대,627,89,229
202404,2617065000,동구 범일1동,20대미만,306,79,77
202404,2617065000,동구 범일1동,30대,678,132,258
202404,2617065000,동구 범일1동,40대,814,139,248
202404,2617065000,동구 범일1동,50대,1166,178,316
202404,2617065000,동구 범일1동,60대이상,4122,190,665
202404,2617066000,동구 범일2동,20대,681,433,556
202404,2617066000,동구 범일2동,20대미만,352,77,146
202404,2617066000,동구 범일2동,30대,754,771,767
202404,2617066000,동구 범일2동,40대,740,1052,807
202404,2617066000,동구 범일2동,50대,1001,1154,1131
202404,2617066000,동구 범일2동,60대이상,2287,944,2216
202404,2617068000,동구 범일5동,20대,596,119,466
202404,2617068000,동구 범일5동,20대미만,458,142,197
202404,2617068000,동구 범일5동,30대,1366,201,542
202404,2617068000,동구 범일5동,40대,990,202,672
202404,2617068000,동구 범일5동,50대,838,271,828
202404,2617068000,동구 범일5동,60대이상,1619,390,1629
202404,2620053000,영도구 남항동,20대,624,225,487
202404,2620053000,영도구 남항동,20대미만,433,29,190
202404,2620053000,영도구 남항동,30대,640,287,531
202404,2620053000,영도구 남항동,40대,940,378,649
202404,2620053000,영도구 남항동,50대,1330,474,978
202404,2620053000,영도구 남항동,60대이상,4267,523,1948
202404,2620054000,영도구 영선1동,20대,96,15,60
202404,2620054000,영도구 영선1동,20대미만,61,3,40
202404,2620054000,영도구 영선1동,30대,115,24,83
202404,2620054000,영도구 영선1동,40대,205,55,105
202404,2620054000,영도구 영선1동,50대,212,86,179
202404,2620054000,영도구 영선1동,60대이상,685,116,387
202404,2620055000,영도구 영선2동,20대,446,82,196
202404,2620055000,영도구 영선2동,20대미만,384,103,105
202404,2620055000,영도구 영선2동,30대,455,52,145
202404,2620055000,영도구 영선2동,40대,533,77,160
202404,2620055000,영도구 영선2동,50대,915,101,221
202404,2620055000,영도구 영선2동,60대이상,2891,134,481
202404,2620058500,영도구 신선동,20대,298,36,63
202404,2620058500,영도구 신선동,20대미만,247,147,104
202404,2620058500,영도구 신선동,30대,302,35,90
202404,2620058500,영도구 신선동,40대,569,78,123
202404,2620058500,영도구 신선동,50대,905,93,161
202404,2620058500,영도구 신선동,60대이상,2985,79,366
202404,2620059000,영도구 봉래1동,20대,301,43,163
202404,2620059000,영도구 봉래1동,20대미만,281,5,89
202404,2620059000,영도구 봉래1동,30대,341,88,192
202404,2620059000,영도구 봉래1동,40대,497,107,240
202404,2620059000,영도구 봉래1동,50대,587,138,336
202404,2620059000,영도구 봉래1동,60대이상,2002,185,627
202404,2620060500,영도구 봉래2동,20대,403,51,103
202404,2620060500,영도구 봉래2동,20대미만,281,29,113
202404,2620060500,영도구 봉래2동,30대,441,89,132
202404,2620060500,영도구 봉래2동,40대,546,139,182
202404,2620060500,영도구 봉래2동,50대,903,171,223
202404,2620060500,영도구 봉래2동,60대이상,2464,165,468
202404,2620063000,영도구 청학1동,20대,209,92,147
202404,2620063000,영도구 청학1동,20대미만,207,17,65
202404,2620063000,영도구 청학1동,30대,282,63,116
202404,2620063000,영도구 청학1동,40대,494,180,207
202404,2620063000,영도구 청학1동,50대,549,193,239
202404,2620063000,영도구 청학1동,60대이상,1984,173,406
202404,2620064000,영도구 청학2동,20대,765,176,264
202404,2620064000,영도구 청학2동,20대미만,804,16,156
202404,2620064000,영도구 청학2동,30대,1081,271,287
202404,2620064000,영도구 청학2동,40대,1354,330,349
202404,2620064000,영도구 청학2동,50대,1809,412,486
202404,2620064000,영도구 청학2동,60대이상,5147,325,885
202404,2620065000,영도구 동삼1동,20대,1953,389,422
202404,2620065000,영도구 동삼1동,20대미만,2116,254,298
202404,2620065000,영도구 동삼1동,30대,1828,373,439
202404,2620065000,영도구 동삼1동,40대,2475,481,524
202404,2620065000,영도구 동삼1동,50대,3392,555,705
202404,2620065000,영도구 동삼1동,60대이상,9225,468,1227
202404,2620066000,영도구 동삼2동,20대,1165,378,674
202404,2620066000,영도구 동삼2동,20대미만,829,123,465
202404,2620066000,영도구 동삼2동,30대,345,151,600
202404,2620066000,영도구 동삼2동,40대,481,168,714
202404,2620066000,영도구 동삼2동,50대,540,184,808
202404,2620066000,영도구 동삼2동,60대이상,1340,121,1261
202404,2620067000,영도구 동삼3동,20대,427,71,185
202404,2620067000,영도구 동삼3동,20대미만,352,74,133
202404,2620067000,영도구 동삼3동,30대,458,99,192
202404,2620067000,영도구 동삼3동,40대,693,133,242
202404,2620067000,영도구 동삼3동,50대,1011,152,358
202404,2620067000,영도구 동삼3동,60대이상,3875,184,689
202404,2623051000,부산진구 부전1동,20대,2552,871,1674
202404,2623051000,부산진구 부전1동,20대미만,425,44,392
202404,2623051000,부산진구 부전1동,30대,1915,948,1360
202404,2623051000,부산진구 부전1동,40대,1243,807,1236
202404,2623051000,부산진구 부전1동,50대,1656,1024,1776
202404,2623051000,부산진구 부전1동,60대이상,3757,1332,4506
202404,2623052000,부산진구 부전2동,20대,2079,2190,6309
202404,2623052000,부산진구 부전2동,20대미만,490,138,1386
202404,2623052000,부산진구 부전2동,30대,1768,1474,3382
202404,2623052000,부산진구 부전2동,40대,1256,1093,2206
202404,2623052000,부산진구 부전2동,50대,1241,1001,2058
202404,2623052000,부산진구 부전2동,60대이상,1815,790,2811
202404,2623054000,부산진구 연지동,20대,691,83,180
202404,2623054000,부산진구 연지동,20대미만,624,72,210
202404,2623054000,부산진구 연지동,30대,950,128,248
202404,2623054000,부산진구 연지동,40대,1149,158,282
202404,2623054000,부산진구 연지동,50대,1345,165,321
202404,2623054000,부산진구 연지동,60대이상,3762,175,571
202404,2623055000,부산진구 초읍동,20대,1291,202,378
202404,2623055000,부산진구 초읍동,20대미만,1738,159,297
202404,2623055000,부산진구 초읍동,30대,1437,200,555
202404,2623055000,부산진구 초읍동,40대,2073,336,698
202404,2623055000,부산진구 초읍동,50대,2598,428,841
202404,2623055000,부산진구 초읍동,60대이상,7545,392,1502
202404,2623056000,부산진구 양정1동,20대,1763,695,732
202404,2623056000,부산진구 양정1동,20대미만,1377,508,348
202404,2623056000,부산진구 양정1동,30대,1738,422,654
202404,2623056000,부산진구 양정1동,40대,1872,473,658
202404,2623056000,부산진구 양정1동,50대,2433,573,784
202404,2623056000,부산진구 양정1동,60대이상,5361,518,1260
202404,2623057000,부산진구 양정2동,20대,1773,250,487
202404,2623057000,부산진구 양정2동,20대미만,569,310,211
202404,2623057000,부산진구 양정2동,30대,1549,248,429
202404,2623057000,부산진구 양정2동,40대,1006,297,431
202404,2623057000,부산진구 양정2동,50대,937,334,654
202404,2623057000,부산진구 양정2동,60대이상,2028,247,1042
202404,2623060000,부산진구 전포1동,20대,3058,868,1872
202404,2623060000,부산진구 전포1동,20대미만,835,509,440
202404,2623060000,부산진구 전포1동,30대,2776,658,1087
202404,2623060000,부산진구 전포1동,40대,1585,469,617
202404,2623060000,부산진구 전포1동,50대,1765,461,566
202404,2623060000,부산진구 전포1동,60대이상,2958,318,730
202404,2623061000,부산진구 전포2동,20대,2462,616,1688
202404,2623061000,부산진구 전포2동,20대미만,932,73,399
202404,2623061000,부산진구 전포2동,30대,2787,535,1164
202404,2623061000,부산진구 전포2동,40대,2143,487,740
202404,2623061000,부산진구 전포2동,50대,2354,536,752
202404,2623061000,부산진구 전포2동,60대이상,5503,473,1158
202404,2623064000,부산진구 부암1동,20대,1550,201,530
202404,2623064000,부산진구 부암1동,20대미만,1157,44,232
202404,2623064000,부산진구 부암1동,30대,2397,310,582
202404,2623064000,부산진구 부암1동,40대,2003,266,522
202404,2623064000,부산진구 부암1동,50대,2453,345,684
202404,2623064000,부산진구 부암1동,60대이상,5014,295,1122
202404,2623066000,부산진구 부암3동,20대,1119,145,335
202404,2623066000,부산진구 부암3동,20대미만,1412,159,401
202404,2623066000,부산진구 부암3동,30대,1678,133,407
202404,2623066000,부산진구 부암3동,40대,1966,240,489
202404,2623066000,부산진구 부암3동,50대,2537,313,728
202404,2623066000,부산진구 부암3동,60대이상,4743,316,1468
202404,2623067000,부산진구 당감1동,20대,1403,174,308
202404,2623067000,부산진구 당감1동,20대미만,1401,175,306
202404,2623067000,부산진구 당감1동,30대,1403,184,356
202404,2623067000,부산진구 당감1동,40대,1916,242,403
202404,2623067000,부산진구 당감1동,50대,2910,372,613
202404,2623067000,부산진구 당감1동,60대이상,5965,363,1000
202404,2623068000,부산진구 당감2동,20대,434,47,174
202404,2623068000,부산진구 당감2동,20대미만,328,5,100
202404,2623068000,부산진구 당감2동,30대,573,75,244
202404,2623068000,부산진구 당감2동,40대,733,90,242
202404,2623068000,부산진구 당감2동,50대,721,109,328
202404,2623068000,부산진구 당감2동,60대이상,1675,104,569
202404,2623070000,부산진구 당감4동,20대,578,56,178
202404,2623070000,부산진구 당감4동,20대미만,789,50,180
202404,2623070000,부산진구 당감4동,30대,661,73,234
202404,2623070000,부산진구 당감4동,40대,863,101,280
202404,2623070000,부산진구 당감4동,50대,1196,157,370
202404,2623070000,부산진구 당감4동,60대이상,2534,145,609
202404,2623071000,부산진구 가야1동,20대,1792,1034,1031
202404,2623071000,부산진구 가야1동,20대미만,2661,405,556
202404,2623071000,부산진구 가야1동,30대,1223,253,567
202404,2623071000,부산진구 가야1동,40대,1567,312,592
202404,2623071000,부산진구 가야1동,50대,1961,449,764
202404,2623071000,부산진구 가야1동,60대이상,5191,357,1295
202404,2623072000,부산진구 가야2동,20대,619,85,336
202404,2623072000,부산진구 가야2동,20대미만,557,84,290
202404,2623072000,부산진구 가야2동,30대,743,86,362
202404,2623072000,부산진구 가야2동,40대,932,98,386
202404,2623072000,부산진구 가야2동,50대,1169,167,515
202404,2623072000,부산진구 가야2동,60대이상,3127,223,961
202404,2623074000,부산진구 개금1동,20대,2236,274,475
202404,2623074000,부산진구 개금1동,20대미만,714,39,282
202404,2623074000,부산진구 개금1동,30대,1676,181,367
202404,2623074000,부산진구 개금1동,40대,1549,208,404
202404,2623074000,부산진구 개금1동,50대,1637,276,530
202404,2623074000,부산진구 개금1동,60대이상,3664,277,888
202404,2623075000,부산진구 개금2동,20대,817,218,510
202404,2623075000,부산진구 개금2동,20대미만,645,33,166
202404,2623075000,부산진구 개금2동,30대,628,201,392
202404,2623075000,부산진구 개금2동,40대,847,186,409
202404,2623075000,부산진구 개금2동,50대,1195,190,480
202404,2623075000,부산진구 개금2동,60대이상,2945,180,977
202404,2623076000,부산진구 개금3동,20대,1753,225,341
202404,2623076000,부산진구 개금3동,20대미만,1421,179,316
202404,2623076000,부산진구 개금3동,30대,2018,240,418
202404,2623076000,부산진구 개금3동,40대,2096,304,405
202404,2623076000,부산진구 개금3동,50대,2943,346,578
202404,2623076000,부산진구 개금3동,60대이상,7139,373,1046
202404,2623077000,부산진구 범천1동,20대,1706,515,1024
202404,2623077000,부산진구 범천1동,20대미만,448,15,297
202404,2623077000,부산진구 범천1동,30대,1745,656,1092
202404,2623077000,부산진구 범천1동,40대,1206,619,993
202404,2623077000,부산진구 범천1동,50대,1228,812,1185
202404,2623077000,부산진구 범천1동,60대이상,2764,693,2086
202404,2623078000,부산진구 범천2동,20대,1456,125,332
202404,2623078000,부산진구 범천2동,20대미만,703,20,107
202404,2623078000,부산진구 범천2동,30대,2392,210,425
202404,2623078000,부산진구 범천2동,40대,2049,192,356
202404,2623078000,부산진구 범천2동,50대,2176,297,391
202404,2623078000,부산진구 범천2동,60대이상,5377,280,746
202404,2626051000,동래구 수민동,20대,1614,290,603
202404,2626051000,동래구 수민동,20대미만,1492,198,553
202404,2626051000,동래구 수민동,30대,1830,391,767
202404,2626051000,동래구 수민동,40대,2279,456,911
202404,2626051000,동래구 수민동,50대,2412,545,1204
202404,2626051000,동래구 수민동,60대이상,7775,477,2451
202404,2626052000,동래구 복산동,20대,502,68,100
202404,2626052000,동래구 복산동,20대미만,353,28,134
202404,2626052000,동래구 복산동,30대,547,66,136
202404,2626052000,동래구 복산동,40대,704,79,188
202404,2626052000,동래구 복산동,50대,1072,147,249
202404,2626052000,동래구 복산동,60대이상,3287,159,491
202404,2626054500,동래구 명륜동,20대,1547,521,1403
202404,2626054500,동래구 명륜동,20대미만,2474,307,690
202404,2626054500,동래구 명륜동,30대,2093,548,1180
202404,2626054500,동래구 명륜동,40대,3150,650,1248
202404,2626054500,동래구 명륜동,50대,3202,775,1427
202404,2626054500,동래구 명륜동,60대이상,4779,592,2455
202404,2626055000,동래구 온천1동,20대,2594,454,933
202404,2626055000,동래구 온천1동,20대미만,1640,307,558
202404,2626055000,동래구 온천1동,30대,3185,464,1110
202404,2626055000,동래구 온천1동,40대,2885,515,1191
202404,2626055000,동래구 온천1동,50대,2769,639,1403
202404,2626055000,동래구 온천1동,60대이상,5367,587,2268
202404,2626056000,동래구 온천2동,20대,860,206,312
202404,2626056000,동래구 온천2동,20대미만,1272,129,192
202404,2626056000,동래구 온천2동,30대,1077,284,315
202404,2626056000,동래구 온천2동,40대,1534,332,391
202404,2626056000,동래구 온천2동,50대,1374,334,545
202404,2626056000,동래구 온천2동,60대이상,3141,252,1029
202404,2626057000,동래구 온천3동,20대,3140,337,1418
202404,2626057000,동래구 온천3동,20대미만,2232,216,1691
202404,2626057000,동래구 온천3동,30대,3389,346,2100
202404,2626057000,동래구 온천3동,40대,3772,483,2588
202404,2626057000,동래구 온천3동,50대,4487,555,2268
202404,2626057000,동래구 온천3동,60대이상,9544,518,4246
202404,2626058000,동래구 사직1동,20대,592,244,529
202404,2626058000,동래구 사직1동,20대미만,808,161,662
202404,2626058000,동래구 사직1동,30대,685,227,496
202404,2626058000,동래구 사직1동,40대,905,246,693
202404,2626058000,동래구 사직1동,50대,912,258,747
202404,2626058000,동래구 사직1동,60대이상,2249,284,1051
202404,2626059000,동래구 사직2동,20대,1516,217,1019
202404,2626059000,동래구 사직2동,20대미만,3085,410,1027
202404,2626059000,동래구 사직2동,30대,1522,232,783
202404,2626059000,동래구 사직2동,40대,2800,390,1034
202404,2626059000,동래구 사직2동,50대,3190,367,977
202404,2626059000,동래구 사직2동,60대이상,4088,317,1401
202404,2626060000,동래구 사직3동,20대,1072,194,331
202404,2626060000,동래구 사직3동,20대미만,1755,133,471
202404,2626060000,동래구 사직3동,30대,1163,231,354
202404,2626060000,동래구 사직3동,40대,2298,298,564
202404,2626060000,동래구 사직3동,50대,1780,334,608
202404,2626060000,동래구 사직3동,60대이상,4063,285,810
202404,2626074000,동래구 안락1동,20대,691,139,261
202404,2626074000,동래구 안락1동,20대미만,592,33,175
202404,2626074000,동래구 안락1동,30대,826,159,330
202404,2626074000,동래구 안락1동,40대,1021,215,457
202404,2626074000,동래구 안락1동,50대,1318,285,593
202404,2626074000,동래구 안락1동,60대이상,3926,357,1143
202404,2626075000,동래구 안락2동,20대,1848,295,496
202404,2626075000,동래구 안락2동,20대미만,2246,127,480
202404,2626075000,동래구 안락2동,30대,2010,365,581
202404,2626075000,동래구 안락2동,40대,2792,510,769
202404,2626075000,동래구 안락2동,50대,3204,573,814
202404,2626075000,동래구 안락2동,60대이상,6883,478,1348
202404,2626076100,동래구 명장1동,20대,855,109,241
202404,2626076100,동래구 명장1동,20대미만,1017,389,241
202404,2626076100,동래구 명장1동,30대,1068,152,241
202404,2626076100,동래구 명장1동,40대,1455,199,326
202404,2626076100,동래구 명장1동,50대,1510,257,422
202404,2626076100,동래구 명장1동,60대이상,4134,333,906
202404,2626076200,동래구 명장2동,20대,581,62,93
202404,2626076200,동래구 명장2동,20대미만,559,197,224
202404,2626076200,동래구 명장2동,30대,869,76,145
202404,2626076200,동래구 명장2동,40대,929,126,185
202404,2626076200,동래구 명장2동,50대,1272,161,234
202404,2626076200,동래구 명장2동,60대이상,3418,172,454
202404,2629051000,남구 대연1동,20대,2739,349,1137
202404,2629051000,남구 대연1동,20대미만,883,113,651
202404,2629051000,남구 대연1동,30대,1226,217,859
202404,2629051000,남구 대연1동,40대,1266,287,914
202404,2629051000,남구 대연1동,50대,1686,348,1100
202404,2629051000,남구 대연1동,60대이상,4343,284,1746
202404,2629053000,남구 대연3동,20대,5444,3078,2940
202404,2629053000,남구 대연3동,20대미만,4046,968,1499
202404,2629053000,남구 대연3동,30대,3039,884,1326
202404,2629053000,남구 대연3동,40대,4267,969,1382
202404,2629053000,남구 대연3동,50대,3767,872,1406
202404,2629053000,남구 대연3동,60대이상,6288,598,1718
202404,2629054000,남구 대연4동,20대,792,105,201
202404,2629054000,남구 대연4동,20대미만,988,80,214
202404,2629054000,남구 대연4동,30대,1440,115,228
202404,2629054000,남구 대연4동,40대,1457,155,300
202404,2629054000,남구 대연4동,50대,1388,179,365
202404,2629054000,남구 대연4동,60대이상,3409,195,705
202404,2629055000,남구 대연5동,20대,1801,249,422
202404,2629055000,남구 대연5동,20대미만,1017,176,221
202404,2629055000,남구 대연5동,30대,1145,195,298
202404,2629055000,남구 대연5동,40대,1476,242,356
202404,2629055000,남구 대연5동,50대,1732,297,410
202404,2629055000,남구 대연5동,60대이상,3997,243,764
202404,2629056000,남구 대연6동,20대,947,172,182
202404,2629056000,남구 대연6동,20대미만,1367,205,196
202404,2629056000,남구 대연6동,30대,1112,220,217
202404,2629056000,남구 대연6동,40대,1898,305,291
202404,2629056000,남구 대연6동,50대,1473,276,357
202404,2629056000,남구 대연6동,60대이상,2779,165,597
202404,2629057000,남구 용호1동,20대,2592,414,577
202404,2629057000,남구 용호1동,20대미만,4385,232,491
202404,2629057000,남구 용호1동,30대,2629,323,592
202404,2629057000,남구 용호1동,40대,4407,537,731
202404,2629057000,남구 용호1동,50대,5829,639,949
202404,2629057000,남구 용호1동,60대이상,10330,555,1697
202404,2629058000,남구 용호2동,20대,1126,308,379
202404,2629058000,남구 용호2동,20대미만,1490,60,203
202404,2629058000,남구 용호2동,30대,1582,182,371
202404,2629058000,남구 용호2동,40대,2293,273,486
202404,2629058000,남구 용호2동,50대,2049,281,568
202404,2629058000,남구 용호2동,60대이상,4759,247,1055
202404,2629059000,남구 용호3동,20대,708,109,199
202404,2629059000,남구 용호3동,20대미만,750,280,245
202404,2629059000,남구 용호3동,30대,689,122,210
202404,2629059000,남구 용호3동,40대,958,167,325
202404,2629059000,남구 용호3동,50대,1410,278,424
202404,2629059000,남구 용호3동,60대이상,4328,263,811
202404,2629060000,남구 용호4동,20대,426,147,329
202404,2629060000,남구 용호4동,20대미만,405,43,184
202404,2629060000,남구 용호4동,30대,436,73,237
202404,2629060000,남구 용호4동,40대,681,110,257
202404,2629060000,남구 용호4동,50대,735,124,318
202404,2629060000,남구 용호4동,60대이상,2035,129,654
202404,2629061000,남구 용당동,20대,622,397,430
202404,2629061000,남구 용당동,20대미만,472,169,166
202404,2629061000,남구 용당동,30대,462,210,272
202404,2629061000,남구 용당동,40대,693,267,484
202404,2629061000,남구 용당동,50대,1087,320,624
202404,2629061000,남구 용당동,60대이상,2068,236,703
202404,2629062000,남구 감만1동,20대,440,171,223
202404,2629062000,남구 감만1동,20대미만,250,38,64
202404,2629062000,남구 감만1동,30대,389,193,294
202404,2629062000,남구 감만1동,40대,565,218,445
202404,2629062000,남구 감만1동,50대,776,231,608
202404,2629062000,남구 감만1동,60대이상,1945,220,640
202404,2629063000,남구 감만2동,20대,238,24,135
202404,2629063000,남구 감만2동,20대미만,208,50,145
202404,2629063000,남구 감만2동,30대,210,38,136
202404,2629063000,남구 감만2동,40대,329,56,222
202404,2629063000,남구 감만2동,50대,636,87,355
202404,2629063000,남구 감만2동,60대이상,1466,82,740
202404,2629064500,남구 우암동,20대,733,146,308
202404,2629064500,남구 우암동,20대미만,842,123,158
202404,2629064500,남구 우암동,30대,733,165,360
202404,2629064500,남구 우암동,40대,1129,202,420
202404,2629064500,남구 우암동,50대,1422,305,665
202404,2629064500,남구 우암동,60대이상,4693,272,1213
202404,2629068000,남구 문현1동,20대,614,74,197
202404,2629068000,남구 문현1동,20대미만,712,163,259
202404,2629068000,남구 문현1동,30대,479,63,263
202404,2629068000,남구 문현1동,40대,811,128,291
202404,2629068000,남구 문현1동,50대,1090,163,374
202404,2629068000,남구 문현1동,60대이상,2717,155,690
202404,2629069000,남구 문현2동,20대,490,331,363
202404,2629069000,남구 문현2동,20대미만,196,52,180
202404,2629069000,남구 문현2동,30대,683,679,459
202404,2629069000,남구 문현2동,40대,519,568,447
202404,2629069000,남구 문현2동,50대,594,457,487
202404,2629069000,남구 문현2동,60대이상,1870,265,753
202404,2629070000,남구 문현3동,20대,703,104,744
202404,2629070000,남구 문현3동,20대미만,723,55,884
202404,2629070000,남구 문현3동,30대,1010,96,795
202404,2629070000,남구 문현3동,40대,1300,168,1010
202404,2629070000,남구 문현3동,50대,1111,164,1368
202404,2629070000,남구 문현3동,60대이상,3342,194,2682
202404,2629071000,남구 문현4동,20대,436,96,180
202404,2629071000,남구 문현4동,20대미만,254,74,113
202404,2629071000,남구 문현4동,30대,473,123,238
202404,2629071000,남구 문현4동,40대,535,105,238
202404,2629071000,남구 문현4동,50대,651,112,259
202404,2629071000,남구 문현4동,60대이상,1717,119,409
202404,2632051000,북구 구포1동,20대,1173,163,463
202404,2632051000,북구 구포1동,20대미만,628,11,138
202404,2632051000,북구 구포1동,30대,1350,211,525
202404,2632051000,북구 구포1동,40대,1285,234,514
202404,2632051000,북구 구포1동,50대,1871,419,940
202404,2632051000,북구 구포1동,60대이상,4549,563,2027
202404,2632052000,북구 구포2동,20대,1879,223,338
202404,2632052000,북구 구포2동,20대미만,1242,193,197
202404,2632052000,북구 구포2동,30대,2010,313,360
202404,2632052000,북구 구포2동,40대,2167,379,431
202404,2632052000,북구 구포2동,50대,3286,512,612
202404,2632052000,북구 구포2동,60대이상,7049,403,1087
202404,2632052100,북구 구포3동,20대,1561,246,256
202404,2632052100,북구 구포3동,20대미만,1248,269,156
202404,2632052100,북구 구포3동,30대,1306,119,178
202404,2632052100,북구 구포3동,40대,1744,224,218
202404,2632052100,북구 구포3동,50대,2856,348,417
202404,2632052100,북구 구포3동,60대이상,5911,274,655
202404,2632053000,북구 금곡동,20대,2345,288,430
202404,2632053000,북구 금곡동,20대미만,2357,175,339
202404,2632053000,북구 금곡동,30대,2395,280,561
202404,2632053000,북구 금곡동,40대,3154,388,615
202404,2632053000,북구 금곡동,50대,4796,631,954
202404,2632053000,북구 금곡동,60대이상,12106,546,1732
202404,2632054100,북구 화명1동,20대,2821,310,912
202404,2632054100,북구 화명1동,20대미만,2945,51,976
202404,2632054100,북구 화명1동,30대,3348,252,1055
202404,2632054100,북구 화명1동,40대,3653,388,1148
202404,2632054100,북구 화명1동,50대,5055,563,1421
202404,2632054100,북구 화명1동,60대이상,7768,461,1965
202404,2632054200,북구 화명2동,20대,1480,205,329
202404,2632054200,북구 화명2동,20대미만,1517,183,275
202404,2632054200,북구 화명2동,30대,1609,163,391
202404,2632054200,북구 화명2동,40대,1634,231,409
202404,2632054200,북구 화명2동,50대,2335,336,637
202404,2632054200,북구 화명2동,60대이상,4377,278,892
202404,2632054300,북구 화명3동,20대,2100,399,819
202404,2632054300,북구 화명3동,20대미만,2480,362,650
202404,2632054300,북구 화명3동,30대,1784,294,706
202404,2632054300,북구 화명3동,40대,2494,469,741
202404,2632054300,북구 화명3동,50대,3433,574,941
202404,2632054300,북구 화명3동,60대이상,4526,325,1318
202404,2632055000,북구 덕천1동,20대,1036,217,363
202404,2632055000,북구 덕천1동,20대미만,531,35,178
202404,2632055000,북구 덕천1동,30대,1362,186,372
202404,2632055000,북구 덕천1동,40대,1125,201,420
202404,2632055000,북구 덕천1동,50대,1453,310,572
202404,2632055000,북구 덕천1동,60대이상,4163,265,1068
202404,2632056000,북구 덕천2동,20대,946,439,1138
202404,2632056000,북구 덕천2동,20대미만,536,243,554
202404,2632056000,북구 덕천2동,30대,981,447,1115
202404,2632056000,북구 덕천2동,40대,924,455,1055
202404,2632056000,북구 덕천2동,50대,1423,556,1388
202404,2632056000,북구 덕천2동,60대이상,3685,477,2336
202404,2632056100,북구 덕천3동,20대,432,38,83
202404,2632056100,북구 덕천3동,20대미만,258,4,38
202404,2632056100,북구 덕천3동,30대,396,33,76
202404,2632056100,북구 덕천3동,40대,649,59,96
202404,2632056100,북구 덕천3동,50대,1032,80,156
202404,2632056100,북구 덕천3동,60대이상,2816,65,342
202404,2632057100,북구 만덕1동,20대,991,116,218
202404,2632057100,북구 만덕1동,20대미만,850,96,192
202404,2632057100,북구 만덕1동,30대,1993,153,379
202404,2632057100,북구 만덕1동,40대,1584,158,309
202404,2632057100,북구 만덕1동,50대,1588,172,370
202404,2632057100,북구 만덕1동,60대이상,3521,244,826
202404,2632057200,북구 만덕2동,20대,1656,166,275
202404,2632057200,북구 만덕2동,20대미만,2502,221,267
202404,2632057200,북구 만덕2동,30대,2338,188,371
202404,2632057200,북구 만덕2동,40대,2876,313,410
202404,2632057200,북구 만덕2동,50대,2941,346,473
202404,2632057200,북구 만덕2동,60대이상,6571,304,995
202404,2632057300,북구 만덕3동,20대,1184,89,375
202404,2632057300,북구 만덕3동,20대미만,1055,31,302
202404,2632057300,북구 만덕3동,30대,1351,101,435
202404,2632057300,북구 만덕3동,40대,1561,153,422
202404,2632057300,북구 만덕3동,50대,2085,218,510
202404,2632057300,북구 만덕3동,60대이상,5267,253,1127
202404,2635051000,해운대구 우1동,20대,1813,749,2145
202404,2635051000,해운대구 우1동,20대미만,1924,731,1042
202404,2635051000,해운대구 우1동,30대,1981,722,2155
202404,2635051000,해운대구 우1동,40대,2375,701,2183
202404,2635051000,해운대구 우1동,50대,2696,751,2225
202404,2635051000,해운대구 우1동,60대이상,5933,759,3109
202404,2635052000,해운대구 우2동,20대,1835,2195,2031
202404,2635052000,해운대구 우2동,20대미만,2328,649,1291
202404,2635052000,해운대구 우2동,30대,2485,2343,2537
202404,2635052000,해운대구 우2동,40대,3528,1852,2328
202404,2635052000,해운대구 우2동,50대,4051,1566,2087
202404,2635052000,해운대구 우2동,60대이상,6722,818,2702
202404,2635052500,해운대구 우3동,20대,1393,198,533
202404,2635052500,해운대구 우3동,20대미만,1953,129,415
202404,2635052500,해운대구 우3동,30대,1738,298,669
202404,2635052500,해운대구 우3동,40대,2923,398,803
202404,2635052500,해운대구 우3동,50대,2965,373,847
202404,2635052500,해운대구 우3동,60대이상,5690,332,1137
202404,2635053000,해운대구 중1동,20대,2059,648,1501
202404,2635053000,해운대구 중1동,20대미만,1679,100,720
202404,2635053000,해운대구 중1동,30대,2385,604,1920
202404,2635053000,해운대구 중1동,40대,3389,692,1771
202404,2635053000,해운대구 중1동,50대,3544,758,1858
202404,2635053000,해운대구 중1동,60대이상,5840,690,2440
202404,2635054000,해운대구 중2동,20대,979,181,494
202404,2635054000,해운대구 중2동,20대미만,1422,61,232
202404,2635054000,해운대구 중2동,30대,1438,193,610
202404,2635054000,해운대구 중2동,40대,2014,233,588
202404,2635054000,해운대구 중2동,50대,1971,265,733
202404,2635054000,해운대구 중2동,60대이상,3798,261,1146
202404,2635055100,해운대구 좌1동,20대,1453,450,753
202404,2635055100,해운대구 좌1동,20대미만,1035,50,513
202404,2635055100,해운대구 좌1동,30대,1394,397,682
202404,2635055100,해운대구 좌1동,40대,1775,446,772
202404,2635055100,해운대구 좌1동,50대,2319,563,985
202404,2635055100,해운대구 좌1동,60대이상,3317,407,1375
202404,2635055200,해운대구 좌2동,20대,2820,346,537
202404,2635055200,해운대구 좌2동,20대미만,2182,142,482
202404,2635055200,해운대구 좌2동,30대,3206,350,512
202404,2635055200,해운대구 좌2동,40대,2959,408,517
202404,2635055200,해운대구 좌2동,50대,4077,496,595
202404,2635055200,해운대구 좌2동,60대이상,6772,359,868
202404,2635055300,해운대구 좌3동,20대,1150,106,251
202404,2635055300,해운대구 좌3동,20대미만,1206,339,292
202404,2635055300,해운대구 좌3동,30대,1103,119,266
202404,2635055300,해운대구 좌3동,40대,1438,144,313
202404,2635055300,해운대구 좌3동,50대,2016,184,412
202404,2635055300,해운대구 좌3동,60대이상,4220,195,734
202404,2635055400,해운대구 좌4동,20대,1892,548,781
202404,2635055400,해운대구 좌4동,20대미만,2992,502,505
202404,2635055400,해운대구 좌4동,30대,1744,436,736
202404,2635055400,해운대구 좌4동,40대,2636,503,874
202404,2635055400,해운대구 좌4동,50대,3138,532,1077
202404,2635055400,해운대구 좌4동,60대이상,4872,396,1872
202404,2635056000,해운대구 송정동,20대,610,255,1043
202404,2635056000,해운대구 송정동,20대미만,592,165,487
202404,2635056000,해운대구 송정동,30대,791,291,936
202404,2635056000,해운대구 송정동,40대,911,315,962
202404,2635056000,해운대구 송정동,50대,1168,438,1069
202404,2635056000,해운대구 송정동,60대이상,3358,325,1396
202404,2635057000,해운대구 반여1동,20대,2790,385,553
202404,2635057000,해운대구 반여1동,20대미만,3963,287,397
202404,2635057000,해운대구 반여1동,30대,2613,419,666
202404,2635057000,해운대구 반여1동,40대,4132,646,873
202404,2635057000,해운대구 반여1동,50대,4842,789,1068
202404,2635057000,해운대구 반여1동,60대이상,7850,599,1706
202404,2635058000,해운대구 반여2동,20대,754,90,303
202404,2635058000,해운대구 반여2동,20대미만,452,48,153
202404,2635058000,해운대구 반여2동,30대,931,84,298
202404,2635058000,해운대구 반여2동,40대,1132,128,381
202404,2635058000,해운대구 반여2동,50대,1615,195,635
202404,2635058000,해운대구 반여2동,60대이상,4288,158,1077
202404,2635059000,해운대구 반여3동,20대,426,38,68
202404,2635059000,해운대구 반여3동,20대미만,219,8,26
202404,2635059000,해운대구 반여3동,30대,359,40,58
202404,2635059000,해운대구 반여3동,40대,567,38,75
202404,2635059000,해운대구 반여3동,50대,806,83,124
202404,2635059000,해운대구 반여3동,60대이상,1888,77,224
202404,2635059500,해운대구 반여4동,20대,766,52,148
202404,2635059500,해운대구 반여4동,20대미만,745,15,159
202404,2635059500,해운대구 반여4동,30대,643,62,179
202404,2635059500,해운대구 반여4동,40대,953,104,219
202404,2635059500,해운대구 반여4동,50대,1078,104,280
202404,2635059500,해운대구 반여4동,60대이상,1881,73,567
202404,2635061000,해운대구 반송1동,20대,758,184,171
202404,2635061000,해운대구 반송1동,20대미만,379,156,86
202404,2635061000,해운대구 반송1동,30대,622,133,167
202404,2635061000,해운대구 반송1동,40대,833,161,256
202404,2635061000,해운대구 반송1동,50대,1306,267,378
202404,2635061000,해운대구 반송1동,60대이상,3412,222,630
202404,2635062000,해운대구 반송2동,20대,1248,128,124
202404,2635062000,해운대구 반송2동,20대미만,1022,18,62
202404,2635062000,해운대구 반송2동,30대,1192,101,159
202404,2635062000,해운대구 반송2동,40대,2074,201,220
202404,2635062000,해운대구 반송2동,50대,2947,375,330
202404,2635062000,해운대구 반송2동,60대이상,7854,355,629
202404,2635065000,해운대구 재송1동,20대,2410,505,588
202404,2635065000,해운대구 재송1동,20대미만,4364,271,418
202404,2635065000,해운대구 재송1동,30대,2836,669,735
202404,2635065000,해운대구 재송1동,40대,5483,790,924
202404,2635065000,해운대구 재송1동,50대,4234,691,1040
202404,2635065000,해운대구 재송1동,60대이상,6668,507,1510
202404,2635066000,해운대구 재송2동,20대,1653,180,306
202404,2635066000,해운대구 재송2동,20대미만,1189,49,230
202404,2635066000,해운대구 재송2동,30대,1713,204,364
202404,2635066000,해운대구 재송2동,40대,2451,268,448
202404,2635066000,해운대구 재송2동,50대,3022,356,542
202404,2635066000,해운대구 재송2동,60대이상,6629,330,869
202404,2638051000,사하구 괴정1동,20대,1270,139,402
202404,2638051000,사하구 괴정1동,20대미만,1242,163,326
202404,2638051000,사하구 괴정1동,30대,1161,95,404
202404,2638051000,사하구 괴정1동,40대,1712,182,462
202404,2638051000,사하구 괴정1동,50대,2068,263,649
202404,2638051000,사하구 괴정1동,60대이상,5900,270,1164
202404,2638052000,사하구 괴정2동,20대,961,73,107
202404,2638052000,사하구 괴정2동,20대미만,863,69,71
202404,2638052000,사하구 괴정2동,30대,1112,91,115
202404,2638052000,사하구 괴정2동,40대,1474,125,158
202404,2638052000,사하구 괴정2동,50대,1731,170,193
202404,2638052000,사하구 괴정2동,60대이상,4511,148,393
202404,2638053000,사하구 괴정3동,20대,835,307,357
202404,2638053000,사하구 괴정3동,20대미만,663,120,243
202404,2638053000,사하구 괴정3동,30대,902,173,356
202404,2638053000,사하구 괴정3동,40대,1085,223,435
202404,2638053000,사하구 괴정3동,50대,1499,306,577
202404,2638053000,사하구 괴정3동,60대이상,4511,351,1160
202404,2638054000,사하구 괴정4동,20대,910,82,210
202404,2638054000,사하구 괴정4동,20대미만,1126,82,344
202404,2638054000,사하구 괴정4동,30대,1180,113,263
202404,2638054000,사하구 괴정4동,40대,1639,172,355
202404,2638054000,사하구 괴정4동,50대,1533,166,409
202404,2638054000,사하구 괴정4동,60대이상,3510,172,872
202404,2638055000,사하구 당리동,20대,1762,308,500
202404,2638055000,사하구 당리동,20대미만,1582,112,434
202404,2638055000,사하구 당리동,30대,1836,350,556
202404,2638055000,사하구 당리동,40대,2489,454,574
202404,2638055000,사하구 당리동,50대,3130,499,743
202404,2638055000,사하구 당리동,60대이상,7286,427,1415
202404,2638056100,사하구 하단1동,20대,2327,258,525
202404,2638056100,사하구 하단1동,20대미만,1142,61,251
202404,2638056100,사하구 하단1동,30대,2030,230,514
202404,2638056100,사하구 하단1동,40대,2085,266,535
202404,2638056100,사하구 하단1동,50대,2538,375,710
202404,2638056100,사하구 하단1동,60대이상,5586,369,1173
202404,2638056200,사하구 하단2동,20대,3734,1829,1530
202404,2638056200,사하구 하단2동,20대미만,2043,553,590
202404,2638056200,사하구 하단2동,30대,2277,487,838
202404,2638056200,사하구 하단2동,40대,2531,544,821
202404,2638056200,사하구 하단2동,50대,2928,604,923
202404,2638056200,사하구 하단2동,60대이상,5936,436,1335
202404,2638057100,사하구 신평1동,20대,987,244,214
202404,2638057100,사하구 신평1동,20대미만,878,167,156
202404,2638057100,사하구 신평1동,30대,1098,415,292
202404,2638057100,사하구 신평1동,40대,1586,447,383
202404,2638057100,사하구 신평1동,50대,2228,605,551
202404,2638057100,사하구 신평1동,60대이상,5250,357,644
202404,2638057200,사하구 신평2동,20대,1135,282,263
202404,2638057200,사하구 신평2동,20대미만,1245,65,189
202404,2638057200,사하구 신평2동,30대,1742,362,420
202404,2638057200,사하구 신평2동,40대,1905,454,477
202404,2638057200,사하구 신평2동,50대,2162,532,666
202404,2638057200,사하구 신평2동,60대이상,4132,479,898
202404,2638058000,사하구 장림1동,20대,622,232,289
202404,2638058000,사하구 장림1동,20대미만,984,69,170
202404,2638058000,사하구 장림1동,30대,789,313,423
202404,2638058000,사하구 장림1동,40대,1404,432,508
202404,2638058000,사하구 장림1동,50대,1275,626,729
202404,2638058000,사하구 장림1동,60대이상,2655,591,1148
202404,2638059000,사하구 장림2동,20대,1892,285,432
202404,2638059000,사하구 장림2동,20대미만,1767,169,314
202404,2638059000,사하구 장림2동,30대,2176,336,570
202404,2638059000,사하구 장림2동,40대,2966,550,642
202404,2638059000,사하구 장림2동,50대,3428,659,789
202404,2638059000,사하구 장림2동,60대이상,6483,606,1310
202404,2638060100,사하구 다대1동,20대,2373,454,382
202404,2638060100,사하구 다대1동,20대미만,2981,117,200
202404,2638060100,사하구 다대1동,30대,2650,502,476
202404,2638060100,사하구 다대1동,40대,4028,802,609
202404,2638060100,사하구 다대1동,50대,5016,956,882
202404,2638060100,사하구 다대1동,60대이상,10630,797,1485
202404,2638060200,사하구 다대2동,20대,1855,266,265
202404,2638060200,사하구 다대2동,20대미만,2054,102,139
202404,2638060200,사하구 다대2동,30대,1670,257,331
202404,2638060200,사하구 다대2동,40대,2711,411,361
202404,2638060200,사하구 다대2동,50대,3895,559,499
202404,2638060200,사하구 다대2동,60대이상,8693,456,839
202404,2638061000,사하구 구평동,20대,763,153,183
202404,2638061000,사하구 구평동,20대미만,1027,66,132
202404,2638061000,사하구 구평동,30대,1580,274,296
202404,2638061000,사하구 구평동,40대,1562,407,370
202404,2638061000,사하구 구평동,50대,1442,489,557
202404,2638061000,사하구 구평동,60대이상,2639,500,733
202404,2638062000,사하구 감천1동,20대,1175,167,196
202404,2638062000,사하구 감천1동,20대미만,1184,470,276
202404,2638062000,사하구 감천1동,30대,1090,226,249
202404,2638062000,사하구 감천1동,40대,1636,352,392
202404,2638062000,사하구 감천1동,50대,2347,494,550
202404,2638062000,사하구 감천1동,60대이상,6420,382,884
202404,2638063000,사하구 감천2동,20대,233,18,52
202404,2638063000,사하구 감천2동,20대미만,142,0,33
202404,2638063000,사하구 감천2동,30대,253,27,57
202404,2638063000,사하구 감천2동,40대,454,37,70
202404,2638063000,사하구 감천2동,50대,804,66,135
202404,2638063000,사하구 감천2동,60대이상,2068,56,214
202404,2641051000,금정구 서1동,20대,231,24,47
202404,2641051000,금정구 서1동,20대미만,153,7,44
202404,2641051000,금정구 서1동,30대,249,25,81
202404,2641051000,금정구 서1동,40대,360,53,102
202404,2641051000,금정구 서1동,50대,601,71,174
202404,2641051000,금정구 서1동,60대이상,1860,106,346
202404,2641052000,금정구 서2동,20대,385,63,173
202404,2641052000,금정구 서2동,20대미만,184,79,93
202404,2641052000,금정구 서2동,30대,407,76,182
202404,2641052000,금정구 서2동,40대,582,121,231
202404,2641052000,금정구 서2동,50대,1017,181,394
202404,2641052000,금정구 서2동,60대이상,2188,205,732
202404,2641053000,금정구 서3동,20대,569,83,124
202404,2641053000,금정구 서3동,20대미만,297,80,96
202404,2641053000,금정구 서3동,30대,683,96,154
202404,2641053000,금정구 서3동,40대,746,119,199
202404,2641053000,금정구 서3동,50대,1289,188,338
202404,2641053000,금정구 서3동,60대이상,3863,265,682
202404,2641055500,금정구 금사회동동,20대,372,296,274
202404,2641055500,금정구 금사회동동,20대미만,287,70,131
202404,2641055500,금정구 금사회동동,30대,427,520,444
202404,2641055500,금정구 금사회동동,40대,577,595,563
202404,2641055500,금정구 금사회동동,50대,945,767,858
202404,2641055500,금정구 금사회동동,60대이상,2909,651,1342
202404,2641057000,금정구 부곡1동,20대,429,51,97
202404,2641057000,금정구 부곡1동,20대미만,356,142,132
202404,2641057000,금정구 부곡1동,30대,446,49,113
202404,2641057000,금정구 부곡1동,40대,660,88,154
202404,2641057000,금정구 부곡1동,50대,875,105,204
202404,2641057000,금정구 부곡1동,60대이상,2998,137,404
202404,2641058000,금정구 부곡2동,20대,1681,410,479
202404,2641058000,금정구 부곡2동,20대미만,1416,467,395
202404,2641058000,금정구 부곡2동,30대,1260,338,544
202404,2641058000,금정구 부곡2동,40대,1732,381,566
202404,2641058000,금정구 부곡2동,50대,2119,403,686
202404,2641058000,금정구 부곡2동,60대이상,4594,376,1186
202404,2641059000,금정구 부곡3동,20대,1376,470,400
202404,2641059000,금정구 부곡3동,20대미만,1146,554,341
202404,2641059000,금정구 부곡3동,30대,1176,349,423
202404,2641059000,금정구 부곡3동,40대,1501,347,510
202404,2641059000,금정구 부곡3동,50대,1810,363,620
202404,2641059000,금정구 부곡3동,60대이상,3920,289,1037
202404,2641059100,금정구 부곡4동,20대,326,39,166
202404,2641059100,금정구 부곡4동,20대미만,206,36,156
202404,2641059100,금정구 부곡4동,30대,459,71,180
202404,2641059100,금정구 부곡4동,40대,515,86,213
202404,2641059100,금정구 부곡4동,50대,657,111,301
202404,2641059100,금정구 부곡4동,60대이상,1859,143,589
202404,2641060000,금정구 장전1동,20대,4282,605,784
202404,2641060000,금정구 장전1동,20대미만,1031,143,315
202404,2641060000,금정구 장전1동,30대,1363,210,395
202404,2641060000,금정구 장전1동,40대,1464,236,424
202404,2641060000,금정구 장전1동,50대,1515,276,466
202404,2641060000,금정구 장전1동,60대이상,3408,237,720
202404,2641061000,금정구 장전2동,20대,2051,2327,2386
202404,2641061000,금정구 장전2동,20대미만,2725,486,853
202404,2641061000,금정구 장전2동,30대,2260,856,964
202404,2641061000,금정구 장전2동,40대,3409,836,949
202404,2641061000,금정구 장전2동,50대,2757,727,929
202404,2641061000,금정구 장전2동,60대이상,5934,479,1310
202404,2641063500,금정구 선두구동,20대,30,26,82
202404,2641063500,금정구 선두구동,20대미만,38,1,30
202404,2641063500,금정구 선두구동,30대,37,58,126
202404,2641063500,금정구 선두구동,40대,93,80,222
202404,2641063500,금정구 선두구동,50대,199,125,351
202404,2641063500,금정구 선두구동,60대이상,706,120,550
202404,2641066500,금정구 청룡노포동,20대,520,138,314
202404,2641066500,금정구 청룡노포동,20대미만,429,56,160
202404,2641066500,금정구 청룡노포동,30대,536,179,380
202404,2641066500,금정구 청룡노포동,40대,671,212,542
202404,2641066500,금정구 청룡노포동,50대,1102,263,858
202404,2641066500,금정구 청룡노포동,60대이상,3294,336,1686
202404,2641067000,금정구 남산동,20대,2304,652,697
202404,2641067000,금정구 남산동,20대미만,1527,184,498
202404,2641067000,금정구 남산동,30대,1704,307,543
202404,2641067000,금정구 남산동,40대,1944,439,683
202404,2641067000,금정구 남산동,50대,3156,617,999
202404,2641067000,금정구 남산동,60대이상,7758,502,1809
202404,2641068000,금정구 구서1동,20대,969,158,328
202404,2641068000,금정구 구서1동,20대미만,1038,406,295
202404,2641068000,금정구 구서1동,30대,1052,205,369
202404,2641068000,금정구 구서1동,40대,1337,265,505
202404,2641068000,금정구 구서1동,50대,1484,287,547
202404,2641068000,금정구 구서1동,60대이상,3129,226,829
202404,2641069000,금정구 구서2동,20대,1981,299,902
202404,2641069000,금정구 구서2동,20대미만,2327,108,528
202404,2641069000,금정구 구서2동,30대,2226,281,760
202404,2641069000,금정구 구서2동,40대,3203,410,850
202404,2641069000,금정구 구서2동,50대,3928,535,1259
202404,2641069000,금정구 구서2동,60대이상,8679,538,2537
202404,2641070000,금정구 금성동,20대,42,18,49
202404,2641070000,금정구 금성동,20대미만,82,8,67
202404,2641070000,금정구 금성동,30대,31,14,88
202404,2641070000,금정구 금성동,40대,84,23,126
202404,2641070000,금정구 금성동,50대,106,29,202
202404,2641070000,금정구 금성동,60대이상,340,44,323
202404,2644051000,강서구 대저1동,20대,671,482,782
202404,2644051000,강서구 대저1동,20대미만,195,126,215
202404,2644051000,강서구 대저1동,30대,377,619,559
202404,2644051000,강서구 대저1동,40대,454,724,762
202404,2644051000,강서구 대저1동,50대,753,904,1030
202404,2644051000,강서구 대저1동,60대이상,2741,764,1610
202404,2644052000,강서구 대저2동,20대,1063,805,2553
202404,2644052000,강서구 대저2동,20대미만,472,33,539
202404,2644052000,강서구 대저2동,30대,617,1129,3138
202404,2644052000,강서구 대저2동,40대,658,1133,2859
202404,2644052000,강서구 대저2동,50대,710,1503,3791
202404,2644052000,강서구 대저2동,60대이상,2243,1038,4448
202404,2644053000,강서구 강동동,20대,78,56,92
202404,2644053000,강서구 강동동,20대미만,28,2,21
202404,2644053000,강서구 강동동,30대,168,139,152
202404,2644053000,강서구 강동동,40대,217,180,208
202404,2644053000,강서구 강동동,50대,245,231,340
202404,2644053000,강서구 강동동,60대이상,1504,291,543
202404,2644053500,강서구 명지1동,20대,3077,809,833
202404,2644053500,강서구 명지1동,20대미만,7807,272,431
202404,2644053500,강서구 명지1동,30대,8904,1397,1441
202404,2644053500,강서구 명지1동,40대,9631,1692,1499
202404,2644053500,강서구 명지1동,50대,3984,1015,1238
202404,2644053500,강서구 명지1동,60대이상,6359,660,1503
202404,2644054500,강서구 명지2동,20대,1383,286,340
202404,2644054500,강서구 명지2동,20대미만,4438,145,275
202404,2644054500,강서구 명지2동,30대,2727,456,492
202404,2644054500,강서구 명지2동,40대,5279,737,629
202404,2644054500,강서구 명지2동,50대,2986,415,494
202404,2644054500,강서구 명지2동,60대이상,3649,279,610
202404,2644055000,강서구 가락동,20대,67,68,97
202404,2644055000,강서구 가락동,20대미만,144,7,34
202404,2644055000,강서구 가락동,30대,98,131,182
202404,2644055000,강서구 가락동,40대,154,178,225
202404,2644055000,강서구 가락동,50대,287,287,353
202404,2644055000,강서구 가락동,60대이상,1098,237,567
202404,2644056000,강서구 녹산동,20대,2309,1858,1145
202404,2644056000,강서구 녹산동,20대미만,3465,92,245
202404,2644056000,강서구 녹산동,30대,4460,3844,2130
202404,2644056000,강서구 녹산동,40대,5657,4890,2991
202404,2644056000,강서구 녹산동,50대,3711,4032,2961
202404,2644056000,강서구 녹산동,60대이상,6508,2365,2790
202404,2644058000,강서구 가덕도동,20대,159,98,328
202404,2644058000,강서구 가덕도동,20대미만,130,44,77
202404,2644058000,강서구 가덕도동,30대,259,146,651
202404,2644058000,강서구 가덕도동,40대,406,244,1058
202404,2644058000,강서구 가덕도동,50대,582,241,1074
202404,2644058000,강서구 가덕도동,60대이상,1474,140,925
202404,2647061000,연제구 거제1동,20대,2085,686,652
202404,2647061000,연제구 거제1동,20대미만,2287,519,709
202404,2647061000,연제구 거제1동,30대,1784,772,694
202404,2647061000,연제구 거제1동,40대,2871,1059,925
202404,2647061000,연제구 거제1동,50대,3138,1059,1079
202404,2647061000,연제구 거제1동,60대이상,5902,793,1585
202404,2647062000,연제구 거제2동,20대,1399,250,387
202404,2647062000,연제구 거제2동,20대미만,2375,159,456
202404,2647062000,연제구 거제2동,30대,2184,344,568
202404,2647062000,연제구 거제2동,40대,3216,427,798
202404,2647062000,연제구 거제2동,50대,2415,504,889
202404,2647062000,연제구 거제2동,60대이상,3528,391,1813
202404,2647063000,연제구 거제3동,20대,570,142,929
202404,2647063000,연제구 거제3동,20대미만,410,14,321
202404,2647063000,연제구 거제3동,30대,686,159,1262
202404,2647063000,연제구 거제3동,40대,640,182,1226
202404,2647063000,연제구 거제3동,50대,967,214,1281
202404,2647063000,연제구 거제3동,60대이상,1963,218,1419
202404,2647064000,연제구 거제4동,20대,626,60,265
202404,2647064000,연제구 거제4동,20대미만,891,123,250
202404,2647064000,연제구 거제4동,30대,619,69,406
202404,2647064000,연제구 거제4동,40대,925,91,373
202404,2647064000,연제구 거제4동,50대,1254,138,352
202404,2647064000,연제구 거제4동,60대이상,2537,135,584
202404,2647065000,연제구 연산1동,20대,908,224,454
202404,2647065000,연제구 연산1동,20대미만,1255,130,316
202404,2647065000,연제구 연산1동,30대,1253,305,493
202404,2647065000,연제구 연산1동,40대,1641,361,598
202404,2647065000,연제구 연산1동,50대,1562,384,686
202404,2647065000,연제구 연산1동,60대이상,3947,382,1185
202404,2647066000,연제구 연산2동,20대,1749,303,1154
202404,2647066000,연제구 연산2동,20대미만,1308,298,854
202404,2647066000,연제구 연산2동,30대,2839,528,1737
202404,2647066000,연제구 연산2동,40대,2261,548,1586
202404,2647066000,연제구 연산2동,50대,2217,556,1547
202404,2647066000,연제구 연산2동,60대이상,4886,403,2941
202404,2647067000,연제구 연산3동,20대,298,10,41
202404,2647067000,연제구 연산3동,20대미만,192,99,50
202404,2647067000,연제구 연산3동,30대,438,40,84
202404,2647067000,연제구 연산3동,40대,566,36,97
202404,2647067000,연제구 연산3동,50대,491,53,101
202404,2647067000,연제구 연산3동,60대이상,1879,59,219
202404,2647068000,연제구 연산4동,20대,1104,282,935
202404,2647068000,연제구 연산4동,20대미만,524,17,234
202404,2647068000,연제구 연산4동,30대,1221,300,969
202404,2647068000,연제구 연산4동,40대,1171,355,936
202404,2647068000,연제구 연산4동,50대,1610,407,1120
202404,2647068000,연제구 연산4동,60대이상,4551,374,2229
202404,2647069000,연제구 연산5동,20대,1641,365,740
202404,2647069000,연제구 연산5동,20대미만,481,33,151
202404,2647069000,연제구 연산5동,30대,1799,530,751
202404,2647069000,연제구 연산5동,40대,1191,564,716
202404,2647069000,연제구 연산5동,50대,1275,691,885
202404,2647069000,연제구 연산5동,60대이상,2807,588,1438
202404,2647070000,연제구 연산6동,20대,807,127,552
202404,2647070000,연제구 연산6동,20대미만,649,144,307
202404,2647070000,연제구 연산6동,30대,1101,119,581
202404,2647070000,연제구 연산6동,40대,1344,158,621
202404,2647070000,연제구 연산6동,50대,1515,215,756
202404,2647070000,연제구 연산6동,60대이상,4411,206,1982
202404,2647072000,연제구 연산8동,20대,413,68,304
202404,2647072000,연제구 연산8동,20대미만,412,106,319
202404,2647072000,연제구 연산8동,30대,523,58,327
202404,2647072000,연제구 연산8동,40대,660,99,443
202404,2647072000,연제구 연산8동,50대,774,128,541
202404,2647072000,연제구 연산8동,60대이상,2051,125,1142
202404,2647073000,연제구 연산9동,20대,2319,368,543
202404,2647073000,연제구 연산9동,20대미만,2610,322,471
202404,2647073000,연제구 연산9동,30대,2716,371,698
202404,2647073000,연제구 연산9동,40대,3454,570,839
202404,2647073000,연제구 연산9동,50대,4260,669,957
202404,2647073000,연제구 연산9동,60대이상,9217,602,1510
202404,2650066000,수영구 남천1동,20대,1298,458,808
202404,2650066000,수영구 남천1동,20대미만,1501,217,717
202404,2650066000,수영구 남천1동,30대,1411,552,856
202404,2650066000,수영구 남천1동,40대,1648,569,1046
202404,2650066000,수영구 남천1동,50대,1827,587,1175
202404,2650066000,수영구 남천1동,60대이상,3807,516,1892
202404,2650067000,수영구 남천2동,20대,494,72,404
202404,2650067000,수영구 남천2동,20대미만,578,25,181
202404,2650067000,수영구 남천2동,30대,716,85,381
202404,2650067000,수영구 남천2동,40대,866,115,381
202404,2650067000,수영구 남천2동,50대,1191,125,437
202404,2650067000,수영구 남천2동,60대이상,2506,142,759
202404,2650073000,수영구 수영동,20대,1082,175,397
202404,2650073000,수영구 수영동,20대미만,584,95,199
202404,2650073000,수영구 수영동,30대,1169,200,462
202404,2650073000,수영구 수영동,40대,1189,217,435
202404,2650073000,수영구 수영동,50대,1613,299,577
202404,2650073000,수영구 수영동,60대이상,5270,367,1159
202404,2650074000,수영구 망미1동,20대,1703,233,363
202404,2650074000,수영구 망미1동,20대미만,1910,106,278
202404,2650074000,수영구 망미1동,30대,2064,257,427
202404,2650074000,수영구 망미1동,40대,2681,360,492
202404,2650074000,수영구 망미1동,50대,2896,402,577
202404,2650074000,수영구 망미1동,60대이상,8966,454,1219
202404,2650075000,수영구 망미2동,20대,486,62,232
202404,2650075000,수영구 망미2동,20대미만,532,38,223
202404,2650075000,수영구 망미2동,30대,641,102,289
202404,2650075000,수영구 망미2동,40대,858,127,464
202404,2650075000,수영구 망미2동,50대,1149,133,412
202404,2650075000,수영구 망미2동,60대이상,2514,137,799
202404,2650076000,수영구 광안1동,20대,1968,171,473
202404,2650076000,수영구 광안1동,20대미만,773,68,211
202404,2650076000,수영구 광안1동,30대,1771,229,427
202404,2650076000,수영구 광안1동,40대,1478,228,419
202404,2650076000,수영구 광안1동,50대,1415,215,455
202404,2650076000,수영구 광안1동,60대이상,3796,241,984
202404,2650077000,수영구 광안2동,20대,1662,394,1897
202404,2650077000,수영구 광안2동,20대미만,1104,148,370
202404,2650077000,수영구 광안2동,30대,1735,360,1302
202404,2650077000,수영구 광안2동,40대,1779,375,899
202404,2650077000,수영구 광안2동,50대,1781,352,911
202404,2650077000,수영구 광안2동,60대이상,4280,354,1325
202404,2650078000,수영구 광안3동,20대,1248,212,735
202404,2650078000,수영구 광안3동,20대미만,311,30,245
202404,2650078000,수영구 광안3동,30대,1158,204,648
202404,2650078000,수영구 광안3동,40대,808,234,566
202404,2650078000,수영구 광안3동,50대,875,223,673
202404,2650078000,수영구 광안3동,60대이상,2686,289,1253
202404,2650079000,수영구 광안4동,20대,939,118,552
202404,2650079000,수영구 광안4동,20대미만,672,207,374
202404,2650079000,수영구 광안4동,30대,986,130,650
202404,2650079000,수영구 광안4동,40대,1186,145,627
202404,2650079000,수영구 광안4동,50대,1372,170,636
202404,2650079000,수영구 광안4동,60대이상,3096,163,1197
202404,2650080000,수영구 민락동,20대,2079,379,1940
202404,2650080000,수영구 민락동,20대미만,1391,47,451
202404,2650080000,수영구 민락동,30대,2888,408,1413
202404,2650080000,수영구 민락동,40대,2891,397,1081
202404,2650080000,수영구 민락동,50대,3023,487,1157
202404,2650080000,수영구 민락동,60대이상,7103,523,1677
202404,2653058000,사상구 삼락동,20대,244,175,337
202404,2653058000,사상구 삼락동,20대미만,193,93,201
202404,2653058000,사상구 삼락동,30대,306,299,497
202404,2653058000,사상구 삼락동,40대,345,434,571
202404,2653058000,사상구 삼락동,50대,695,677,815
202404,2653058000,사상구 삼락동,60대이상,1591,547,1436
202404,2653059100,사상구 모라1동,20대,1750,365,388
202404,2653059100,사상구 모라1동,20대미만,1221,127,214
202404,2653059100,사상구 모라1동,30대,2096,473,434
202404,2653059100,사상구 모라1동,40대,2080,603,554
202404,2653059100,사상구 모라1동,50대,3501,886,809
202404,2653059100,사상구 모라1동,60대이상,8242,860,1347
202404,2653059300,사상구 모라3동,20대,373,78,83
202404,2653059300,사상구 모라3동,20대미만,329,47,67
202404,2653059300,사상구 모라3동,30대,430,39,102
202404,2653059300,사상구 모라3동,40대,717,89,169
202404,2653059300,사상구 모라3동,50대,1330,178,252
202404,2653059300,사상구 모라3동,60대이상,4663,192,567
202404,2653060000,사상구 덕포1동,20대,710,70,158
202404,2653060000,사상구 덕포1동,20대미만,587,120,109
202404,2653060000,사상구 덕포1동,30대,1044,95,175
202404,2653060000,사상구 덕포1동,40대,920,99,172
202404,2653060000,사상구 덕포1동,50대,1130,150,281
202404,2653060000,사상구 덕포1동,60대이상,2209,134,461
202404,2653061000,사상구 덕포2동,20대,918,215,368
202404,2653061000,사상구 덕포2동,20대미만,932,145,232
202404,2653061000,사상구 덕포2동,30대,942,266,330
202404,2653061000,사상구 덕포2동,40대,1125,340,371
202404,2653061000,사상구 덕포2동,50대,1645,481,508
202404,2653061000,사상구 덕포2동,60대이상,3621,387,775
202404,2653062000,사상구 괘법동,20대,3277,1014,1889
202404,2653062000,사상구 괘법동,20대미만,912,224,567
202404,2653062000,사상구 괘법동,30대,2886,678,1281
202404,2653062000,사상구 괘법동,40대,2096,773,1225
202404,2653062000,사상구 괘법동,50대,2857,979,1714
202404,2653062000,사상구 괘법동,60대이상,5936,909,2733
202404,2653064500,사상구 감전동,20대,709,521,693
202404,2653064500,사상구 감전동,20대미만,334,54,185
202404,2653064500,사상구 감전동,30대,853,817,769
202404,2653064500,사상구 감전동,40대,861,854,786
202404,2653064500,사상구 감전동,50대,1456,1111,1118
202404,2653064500,사상구 감전동,60대이상,3582,968,1465
202404,2653065000,사상구 주례1동,20대,1204,277,347
202404,2653065000,사상구 주례1동,20대미만,1235,25,130
202404,2653065000,사상구 주례1동,30대,1582,304,360
202404,2653065000,사상구 주례1동,40대,1596,373,339
202404,2653065000,사상구 주례1동,50대,2178,468,519
202404,2653065000,사상구 주례1동,60대이상,4270,430,1062
202404,2653066000,사상구 주례2동,20대,2773,1043,969
202404,2653066000,사상구 주례2동,20대미만,1869,415,459
202404,2653066000,사상구 주례2동,30대,1937,349,508
202404,2653066000,사상구 주례2동,40대,2126,363,561
202404,2653066000,사상구 주례2동,50대,2505,447,761
202404,2653066000,사상구 주례2동,60대이상,5272,401,1340
202404,2653066100,사상구 주례3동,20대,462,79,134
202404,2653066100,사상구 주례3동,20대미만,430,50,74
202404,2653066100,사상구 주례3동,30대,445,96,174
202404,2653066100,사상구 주례3동,40대,590,128,211
202404,2653066100,사상구 주례3동,50대,842,151,246
202404,2653066100,사상구 주례3동,60대이상,1873,123,423
202404,2653067000,사상구 학장동,20대,1672,443,531
202404,2653067000,사상구 학장동,20대미만,1240,148,289
202404,2653067000,사상구 학장동,30대,1765,475,629
202404,2653067000,사상구 학장동,40대,2179,573,743
202404,2653067000,사상구 학장동,50대,2553,858,1100
202404,2653067000,사상구 학장동,60대이상,5891,673,1721
202404,2653068000,사상구 엄궁동,20대,2009,309,329
202404,2653068000,사상구 엄궁동,20대미만,2547,29,131
202404,2653068000,사상구 엄궁동,30대,2030,347,413
202404,2653068000,사상구 엄궁동,40대,2863,572,507
202404,2653068000,사상구 엄궁동,50대,3668,647,710
202404,2653068000,사상구 엄궁동,60대이상,5949,456,1034
202404,2671025000,기장군 기장읍,20대,4204,1171,1727
202404,2671025000,기장군 기장읍,20대미만,4100,128,960
202404,2671025000,기장군 기장읍,30대,4501,1272,2518
202404,2671025000,기장군 기장읍,40대,6005,1562,2698
202404,2671025000,기장군 기장읍,50대,7683,1832,2908
202404,2671025000,기장군 기장읍,60대이상,17241,1357,3847
202404,2671025300,기장군 장안읍,20대,635,660,606
202404,2671025300,기장군 장안읍,20대미만,442,267,347
202404,2671025300,기장군 장안읍,30대,720,1080,1034
202404,2671025300,기장군 장안읍,40대,767,1226,1464
202404,2671025300,기장군 장안읍,50대,1168,1153,1525
202404,2671025300,기장군 장안읍,60대이상,3184,697,1812
202404,2671025600,기장군 정관읍,20대,4924,1074,693
202404,2671025600,기장군 정관읍,20대미만,14014,88,357
202404,2671025600,기장군 정관읍,30대,7599,1465,888
202404,2671025600,기장군 정관읍,40대,15155,2770,1311
202404,2671025600,기장군 정관읍,50대,8530,1955,1292
202404,2671025600,기장군 정관읍,60대이상,13511,1104,1548
202404,2671025900,기장군 일광읍,20대,1942,338,673
202404,2671025900,기장군 일광읍,20대미만,2322,53,293
202404,2671025900,기장군 일광읍,30대,3766,526,848
202404,2671025900,기장군 일광읍,40대,3920,614,1040
202404,2671025900,기장군 일광읍,50대,3279,588,1218
202404,2671025900,기장군 일광읍,60대이상,5684,530,1698
202404,2671033000,기장군 철마면,20대,189,44,97
202404,2671033000,기장군 철마면,20대미만,220,12,45
202404,2671033000,기장군 철마면,30대,293,105,173
202404,2671033000,기장군 철마면,40대,468,163,296
202404,2671033000,기장군 철마면,50대,657,285,545
202404,2671033000,기장군 철마면,60대이상,3310,303,1165
202403,2611051000,중구 중앙동,20대,687,905,1035
202403,2611051000,중구 중앙동,20대미만,305,118,310
202403,2611051000,중구 중앙동,30대,647,1230,1106
202403,2611051000,중구 중앙동,40대,815,1149,1134
202403,2611051000,중구 중앙동,50대,1032,1118,1236
202403,2611051000,중구 중앙동,60대이상,2128,684,1680
202403,2611052000,중구 동광동,20대,143,56,165
202403,2611052000,중구 동광동,20대미만,43,6,43
202403,2611052000,중구 동광동,30대,135,70,134
202403,2611052000,중구 동광동,40대,171,92,166
202403,2611052000,중구 동광동,50대,265,108,187
202403,2611052000,중구 동광동,60대이상,964,98,342
202403,2611053000,중구 대청동,20대,549,207,359
202403,2611053000,중구 대청동,20대미만,281,98,121
202403,2611053000,중구 대청동,30대,405,241,280
202403,2611053000,중구 대청동,40대,548,231,288
202403,2611053000,중구 대청동,50대,714,236,350
202403,2611053000,중구 대청동,60대이상,2094,218,634
202403,2611054500,중구 보수동,20대,954,144,256
202403,2611054500,중구 보수동,20대미만,406,73,133
202403,2611054500,중구 보수동,30대,453,71,152
202403,2611054500,중구 보수동,40대,661,108,169
202403,2611054500,중구 보수동,50대,977,143,220
202403,2611054500,중구 보수동,60대이상,2519,165,510
202403,2611056000,중구 부평동,20대,483,164,909
202403,2611056000,중구 부평동,20대미만,180,8,270
202403,2611056000,중구 부평동,30대,265,195,678
202403,2611056000,중구 부평동,40대,345,206,785
202403,2611056000,중구 부평동,50대,518,304,963
202403,2611056000,중구 부평동,60대이상,1599,377,1820
202403,2611057000,중구 광복동,20대,42,145,370
202403,2611057000,중구 광복동,20대미만,10,43,173
202403,2611057000,중구 광복동,30대,38,94,242
202403,2611057000,중구 광복동,40대,67,98,266
202403,2611057000,중구 광복동,50대,78,121,299
202403,2611057000,중구 광복동,60대이상,217,260,453
202403,2611058000,중구 남포동,20대,211,314,883
202403,2611058000,중구 남포동,20대미만,44,11,295
202403,2611058000,중구 남포동,30대,222,384,758
202403,2611058000,중구 남포동,40대,289,379,908
202403,2611058000,중구 남포동,50대,466,509,1335
202403,2611058000,중구 남포동,60대이상,1001,869,3081
202403,2611059000,중구 영주1동,20대,30,16,62
202403,2611059000,중구 영주1동,20대미만,11,0,11
202403,2611059000,중구 영주1동,30대,30,14,53
202403,2611059000,중구 영주1동,40대,47,17,59
202403,2611059000,중구 영주1동,50대,47,17,79
202403,2611059000,중구 영주1동,60대이상,122,25,120
202403,2611060000,중구 영주2동,20대,425,42,132
202403,2611060000,중구 영주2동,20대미만,306,38,61
202403,2611060000,중구 영주2동,30대,388,52,123
202403,2611060000,중구 영주2동,40대,561,69,144
202403,2611060000,중구 영주2동,50대,903,101,207
202403,2611060000,중구 영주2동,60대이상,2674,101,472
202403,2614051000,서구 동대신1동,20대,344,50,158
202403,2614051000,서구 동대신1동,20대미만,298,23,120
202403,2614051000,서구 동대신1동,30대,401,53,140
202403,2614051000,서구 동대신1동,40대,488,54,163
202403,2614051000,서구 동대신1동,50대,572,81,210
202403,2614051000,서구 동대신1동,60대이상,1510,115,391
202403,2614052000,서구 동대신2동,20대,183,16,54
202403,2614052000,서구 동대신2동,20대미만,118,28,46
202403,2614052000,서구 동대신2동,30대,146,11,47
202403,2614052000,서구 동대신2동,40대,283,32,82
202403,2614052000,서구 동대신2동,50대,408,30,91
202403,2614052000,서구 동대신2동,60대이상,1440,41,224
202403,2614053000,서구 동대신3동,20대,772,354,561
202403,2614053000,서구 동대신3동,20대미만,529,270,399
202403,2614053000,서구 동대신3동,30대,508,276,427
202403,2614053000,서구 동대신3동,40대,681,314,548
202403,2614053000,서구 동대신3동,50대,790,290,638
202403,2614053000,서구 동대신3동,60대이상,2207,207,1334
202403,2614054000,서구 서대신1동,20대,1117,186,324
202403,2614054000,서구 서대신1동,20대미만,1266,20,237
202403,2614054000,서구 서대신1동,30대,1368,187,302
202403,2614054000,서구 서대신1동,40대,1798,209,386
202403,2614054000,서구 서대신1동,50대,1629,262,473
202403,2614054000,서구 서대신1동,60대이상,3804,248,867
202403,2614056000,서구 서대신3동,20대,234,51,91
202403,2614056000,서구 서대신3동,20대미만,310,128,130
202403,2614056000,서구 서대신3동,30대,301,66,106
202403,2614056000,서구 서대신3동,40대,418,81,142
202403,2614056000,서구 서대신3동,50대,492,72,195
202403,2614056000,서구 서대신3동,60대이상,1056,91,346
202403,2614057000,서구 서대신4동,20대,481,68,197
202403,2614057000,서구 서대신4동,20대미만,559,91,164
202403,2614057000,서구 서대신4동,30대,473,62,143
202403,2614057000,서구 서대신4동,40대,795,86,219
202403,2614057000,서구 서대신4동,50대,823,102,297
202403,2614057000,서구 서대신4동,60대이상,1930,90,559
202403,2614059000,서구 부민동,20대,656,279,395
202403,2614059000,서구 부민동,20대미만,448,99,170
202403,2614059000,서구 부민동,30대,368,75,125
202403,2614059000,서구 부민동,40대,501,92,146
202403,2614059000,서구 부민동,50대,548,116,204
202403,2614059000,서구 부민동,60대이상,1275,89,300
202403,2614061500,서구 아미동,20대,519,83,272
202403,2614061500,서구 아미동,20대미만,186,6,52
202403,2614061500,서구 아미동,30대,427,109,250
202403,2614061500,서구 아미동,40대,414,106,220
202403,2614061500,서구 아미동,50대,597,115,261
202403,2614061500,서구 아미동,60대이상,2458,123,611
202403,2614063000,서구 초장동,20대,194,39,113
202403,2614063000,서구 초장동,20대미만,122,50,84
202403,2614063000,서구 초장동,30대,187,13,76
202403,2614063000,서구 초장동,40대,331,32,93
202403,2614063000,서구 초장동,50대,487,71,158
202403,2614063000,서구 초장동,60대이상,1764,67,345
202403,2614064000,서구 충무동,20대,617,98,169
202403,2614064000,서구 충무동,20대미만,306,93,98
202403,2614064000,서구 충무동,30대,436,122,142
202403,2614064000,서구 충무동,40대,656,157,192
202403,2614064000,서구 충무동,50대,815,187,327
202403,2614064000,서구 충무동,60대이상,2273,201,677
202403,2614065000,서구 남부민1동,20대,165,26,68
202403,2614065000,서구 남부민1동,20대미만,62,8,28
202403,2614065000,서구 남부민1동,30대,116,34,70
202403,2614065000,서구 남부민1동,40대,206,47,103
202403,2614065000,서구 남부민1동,50대,490,51,176
202403,2614065000,서구 남부민1동,60대이상,1306,79,360
202403,2614066000,서구 남부민2동,20대,440,61,151
202403,2614066000,서구 남부민2동,20대미만,352,69,121
202403,2614066000,서구 남부민2동,30대,419,57,187
202403,2614066000,서구 남부민2동,40대,656,83,223
202403,2614066000,서구 남부민2동,50대,1017,89,312
202403,2614066000,서구 남부민2동,60대이상,3249,121,714
202403,2614068000,서구 암남동,20대,1208,394,727
202403,2614068000,서구 암남동,20대미만,761,48,233
202403,2614068000,서구 암남동,30대,1109,429,667
202403,2614068000,서구 암남동,40대,1484,500,854
202403,2614068000,서구 암남동,50대,1919,572,1148
202403,2614068000,서구 암남동,60대이상,4767,406,1858
202403,2617051000,동구 초량1동,20대,170,138,386
202403,2617051000,동구 초량1동,20대미만,104,20,89
202403,2617051000,동구 초량1동,30대,157,226,371
202403,2617051000,동구 초량1동,40대,233,199,344
202403,2617051000,동구 초량1동,50대,333,187,454
202403,2617051000,동구 초량1동,60대이상,890,134,669
202403,2617052000,동구 초량2동,20대,309,151,610
202403,2617052000,동구 초량2동,20대미만,227,161,192
202403,2617052000,동구 초량2동,30대,300,197,521
202403,2617052000,동구 초량2동,40대,436,180,509
202403,2617052000,동구 초량2동,50대,653,207,668
202403,2617052000,동구 초량2동,60대이상,2048,215,1395
202403,2617053000,동구 초량3동,20대,1148,456,1164
202403,2617053000,동구 초량3동,20대미만,696,106,344
202403,2617053000,동구 초량3동,30대,1630,627,1168
202403,2617053000,동구 초량3동,40대,1444,540,1237
202403,2617053000,동구 초량3동,50대,1268,580,1594
202403,2617053000,동구 초량3동,60대이상,2217,438,2041
202403,2617055000,동구 초량6동,20대,100,21,120
202403,2617055000,동구 초량6동,20대미만,68,61,82
202403,2617055000,동구 초량6동,30대,89,20,125
202403,2617055000,동구 초량6동,40대,133,40,132
202403,2617055000,동구 초량6동,50대,270,45,135
202403,2617055000,동구 초량6동,60대이상,571,29,186
202403,2617056000,동구 수정1동,20대,284,70,157
202403,2617056000,동구 수정1동,20대미만,284,53,109
202403,2617056000,동구 수정1동,30대,246,90,157
202403,2617056000,동구 수정1동,40대,402,98,166
202403,2617056000,동구 수정1동,50대,483,90,214
202403,2617056000,동구 수정1동,60대이상,1409,89,383
202403,2617057000,동구 수정2동,20대,552,83,132
202403,2617057000,동구 수정2동,20대미만,387,122,123
202403,2617057000,동구 수정2동,30대,558,124,171
202403,2617057000,동구 수정2동,40대,632,141,225
202403,2617057000,동구 수정2동,50대,925,189,296
202403,2617057000,동구 수정2동,60대이상,2868,157,541
202403,2617059000,동구 수정4동,20대,134,23,33
202403,2617059000,동구 수정4동,20대미만,95,0,24
202403,2617059000,동구 수정4동,30대,131,8,32
202403,2617059000,동구 수정4동,40대,239,15,48
202403,2617059000,동구 수정4동,50대,434,37,74
202403,2617059000,동구 수정4동,60대이상,1451,40,160
202403,2617060000,동구 수정5동,20대,268,25,47
202403,2617060000,동구 수정5동,20대미만,252,22,51
202403,2617060000,동구 수정5동,30대,225,34,59
202403,2617060000,동구 수정5동,40대,397,36,61
202403,2617060000,동구 수정5동,50대,665,58,100
202403,2617060000,동구 수정5동,60대이상,2123,55,214
202403,2617064500,동구 좌천동,20대,334,40,198
202403,2617064500,동구 좌천동,20대미만,153,57,184
202403,2617064500,동구 좌천동,30대,269,54,230
202403,2617064500,동구 좌천동,40대,282,53,248
202403,2617064500,동구 좌천동,50대,465,86,351
202403,2617064500,동구 좌천동,60대이상,1429,116,789
202403,2617065000,동구 범일1동,20대,580,86,216
202403,2617065000,동구 범일1동,20대미만,286,77,85
202403,2617065000,동구 범일1동,30대,687,123,251
202403,2617065000,동구 범일1동,40대,838,133,237
202403,2617065000,동구 범일1동,50대,1171,166,302
202403,2617065000,동구 범일1동,60대이상,4087,183,636
202403,2617066000,동구 범일2동,20대,674,412,573
202403,2617066000,동구 범일2동,20대미만,350,66,157
202403,2617066000,동구 범일2동,30대,739,765,757
202403,2617066000,동구 범일2동,40대,742,1053,794
202403,2617066000,동구 범일2동,50대,1000,1123,1141
202403,2617066000,동구 범일2동,60대이상,2299,944,2192
202403,2617068000,동구 범일5동,20대,594,104,476
202403,2617068000,동구 범일5동,20대미만,452,141,212
202403,2617068000,동구 범일5동,30대,1364,197,557
202403,2617068000,동구 범일5동,40대,1015,226,643
202403,2617068000,동구 범일5동,50대,845,269,813
202403,2617068000,동구 범일5동,60대이상,1637,370,1602
202403,2620053000,영도구 남항동,20대,618,201,512
202403,2620053000,영도구 남항동,20대미만,449,28,174
202403,2620053000,영도구 남항동,30대,652,284,501
202403,2620053000,영도구 남항동,40대,954,360,653
202403,2620053000,영도구 남항동,50대,1372,443,974
202403,2620053000,영도구 남항동,60대이상,4314,505,1923
202403,2620054000,영도구 영선1동,20대,65,18,51
202403,2620054000,영도구 영선1동,20대미만,56,2,38
202403,2620054000,영도구 영선1동,30대,77,26,83
202403,2620054000,영도구 영선1동,40대,161,47,101
202403,2620054000,영도구 영선1동,50대,182,66,168
202403,2620054000,영도구 영선1동,60대이상,592,90,365
202403,2620055000,영도구 영선2동,20대,475,75,197
202403,2620055000,영도구 영선2동,20대미만,395,103,112
202403,2620055000,영도구 영선2동,30대,465,64,147
202403,2620055000,영도구 영선2동,40대,560,75,164
202403,2620055000,영도구 영선2동,50대,932,90,242
202403,2620055000,영도구 영선2동,60대이상,2901,147,549
202403,2620058500,영도구 신선동,20대,281,31,69
202403,2620058500,영도구 신선동,20대미만,255,148,78
202403,2620058500,영도구 신선동,30대,292,32,94
202403,2620058500,영도구 신선동,40대,581,63,117
202403,2620058500,영도구 신선동,50대,908,101,178
202403,2620058500,영도구 신선동,60대이상,3006,63,352
202403,2620059000,영도구 봉래1동,20대,308,40,160
202403,2620059000,영도구 봉래1동,20대미만,287,1,89
202403,2620059000,영도구 봉래1동,30대,326,73,195
202403,2620059000,영도구 봉래1동,40대,486,102,253
202403,2620059000,영도구 봉래1동,50대,578,135,329
202403,2620059000,영도구 봉래1동,60대이상,1973,186,609
202403,2620060500,영도구 봉래2동,20대,404,56,115
202403,2620060500,영도구 봉래2동,20대미만,279,33,103
202403,2620060500,영도구 봉래2동,30대,440,90,127
202403,2620060500,영도구 봉래2동,40대,523,130,198
202403,2620060500,영도구 봉래2동,50대,932,154,243
202403,2620060500,영도구 봉래2동,60대이상,2511,164,468
202403,2620063000,영도구 청학1동,20대,220,73,130
202403,2620063000,영도구 청학1동,20대미만,220,14,61
202403,2620063000,영도구 청학1동,30대,298,61,114
202403,2620063000,영도구 청학1동,40대,514,181,206
202403,2620063000,영도구 청학1동,50대,540,197,238
202403,2620063000,영도구 청학1동,60대이상,2007,145,422
202403,2620064000,영도구 청학2동,20대,875,189,257
202403,2620064000,영도구 청학2동,20대미만,831,22,156
202403,2620064000,영도구 청학2동,30대,1092,266,276
202403,2620064000,영도구 청학2동,40대,1573,343,360
202403,2620064000,영도구 청학2동,50대,1872,395,455
202403,2620064000,영도구 청학2동,60대이상,5281,306,862
202403,2620065000,영도구 동삼1동,20대,1964,373,431
202403,2620065000,영도구 동삼1동,20대미만,2042,233,300
202403,2620065000,영도구 동삼1동,30대,1880,345,416
202403,2620065000,영도구 동삼1동,40대,2552,465,522
202403,2620065000,영도구 동삼1동,50대,3446,551,669
202403,2620065000,영도구 동삼1동,60대이상,9233,462,1156
202403,2620066000,영도구 동삼2동,20대,1081,427,760
202403,2620066000,영도구 동삼2동,20대미만,750,126,482
202403,2620066000,영도구 동삼2동,30대,321,149,618
202403,2620066000,영도구 동삼2동,40대,468,168,723
202403,2620066000,영도구 동삼2동,50대,498,175,791
202403,2620066000,영도구 동삼2동,60대이상,1397,116,1250
202403,2620067000,영도구 동삼3동,20대,440,71,179
202403,2620067000,영도구 동삼3동,20대미만,355,65,143
202403,2620067000,영도구 동삼3동,30대,495,79,202
202403,2620067000,영도구 동삼3동,40대,727,132,252
202403,2620067000,영도구 동삼3동,50대,1008,166,356
202403,2620067000,영도구 동삼3동,60대이상,3880,196,643
202403,2623051000,부산진구 부전1동,20대,2557,879,1761
202403,2623051000,부산진구 부전1동,20대미만,464,42,382
202403,2623051000,부산진구 부전1동,30대,1908,882,1305
202403,2623051000,부산진구 부전1동,40대,1237,796,1188
202403,2623051000,부산진구 부전1동,50대,1659,958,1748
202403,2623051000,부산진구 부전1동,60대이상,3740,1244,4414
202403,2623052000,부산진구 부전2동,20대,2058,2051,6782
202403,2623052000,부산진구 부전2동,20대미만,487,137,1616
202403,2623052000,부산진구 부전2동,30대,1768,1387,3467
202403,2623052000,부산진구 부전2동,40대,1285,1052,2292
202403,2623052000,부산진구 부전2동,50대,1211,1001,2134
202403,2623052000,부산진구 부전2동,60대이상,1769,773,2825
202403,2623054000,부산진구 연지동,20대,696,74,177
202403,2623054000,부산진구 연지동,20대미만,627,87,179
202403,2623054000,부산진구 연지동,30대,976,131,248
202403,2623054000,부산진구 연지동,40대,1202,149,274
202403,2623054000,부산진구 연지동,50대,1376,162,305
202403,2623054000,부산진구 연지동,60대이상,3777,175,565
202403,2623055000,부산진구 초읍동,20대,1339,187,344
202403,2623055000,부산진구 초읍동,20대미만,1743,164,235
202403,2623055000,부산진구 초읍동,30대,1470,205,527
202403,2623055000,부산진구 초읍동,40대,2086,305,654
202403,2623055000,부산진구 초읍동,50대,2624,431,808
202403,2623055000,부산진구 초읍동,60대이상,7519,373,1432
202403,2623056000,부산진구 양정1동,20대,1712,659,701
202403,2623056000,부산진구 양정1동,20대미만,1349,476,353
202403,2623056000,부산진구 양정1동,30대,1774,377,671
202403,2623056000,부산진구 양정1동,40대,1899,451,660
202403,2623056000,부산진구 양정1동,50대,2473,565,776
202403,2623056000,부산진구 양정1동,60대이상,5366,504,1254
202403,2623057000,부산진구 양정2동,20대,1835,231,497
202403,2623057000,부산진구 양정2동,20대미만,576,297,213
202403,2623057000,부산진구 양정2동,30대,1593,243,423
202403,2623057000,부산진구 양정2동,40대,1078,282,434
202403,2623057000,부산진구 양정2동,50대,995,315,644
202403,2623057000,부산진구 양정2동,60대이상,2154,244,1019
202403,2623060000,부산진구 전포1동,20대,3073,783,2028
202403,2623060000,부산진구 전포1동,20대미만,851,465,512
202403,2623060000,부산진구 전포1동,30대,2781,621,1107
202403,2623060000,부산진구 전포1동,40대,1587,423,641
202403,2623060000,부산진구 전포1동,50대,1750,421,575
202403,2623060000,부산진구 전포1동,60대이상,2958,322,689
202403,2623061000,부산진구 전포2동,20대,2454,616,1811
202403,2623061000,부산진구 전포2동,20대미만,928,83,439
202403,2623061000,부산진구 전포2동,30대,2745,522,1195
202403,2623061000,부산진구 전포2동,40대,2219,460,757
202403,2623061000,부산진구 전포2동,50대,2364,508,739
202403,2623061000,부산진구 전포2동,60대이상,5516,459,1140
202403,2623064000,부산진구 부암1동,20대,1671,200,510
202403,2623064000,부산진구 부암1동,20대미만,1165,36,244
202403,2623064000,부산진구 부암1동,30대,2403,285,597
202403,2623064000,부산진구 부암1동,40대,2087,259,513
202403,2623064000,부산진구 부암1동,50대,2523,334,686
202403,2623064000,부산진구 부암1동,60대이상,5077,303,1113
202403,2623066000,부산진구 부암3동,20대,1119,130,351
202403,2623066000,부산진구 부암3동,20대미만,1449,134,405
202403,2623066000,부산진구 부암3동,30대,1707,142,416
202403,2623066000,부산진구 부암3동,40대,1966,204,494
202403,2623066000,부산진구 부암3동,50대,2564,305,729
202403,2623066000,부산진구 부암3동,60대이상,4688,308,1479
202403,2623067000,부산진구 당감1동,20대,1452,168,324
202403,2623067000,부산진구 당감1동,20대미만,1406,153,279
202403,2623067000,부산진구 당감1동,30대,1459,166,368
202403,2623067000,부산진구 당감1동,40대,1894,231,410
202403,2623067000,부산진구 당감1동,50대,2939,363,621
202403,2623067000,부산진구 당감1동,60대이상,5807,332,1026
202403,2623068000,부산진구 당감2동,20대,418,46,179
202403,2623068000,부산진구 당감2동,20대미만,362,3,98
202403,2623068000,부산진구 당감2동,30대,594,71,250
202403,2623068000,부산진구 당감2동,40대,750,79,240
202403,2623068000,부산진구 당감2동,50대,741,105,311
202403,2623068000,부산진구 당감2동,60대이상,1661,108,554
202403,2623070000,부산진구 당감4동,20대,578,63,173
202403,2623070000,부산진구 당감4동,20대미만,834,60,174
202403,2623070000,부산진구 당감4동,30대,690,71,249
202403,2623070000,부산진구 당감4동,40대,885,98,287
202403,2623070000,부산진구 당감4동,50대,1250,150,371
202403,2623070000,부산진구 당감4동,60대이상,2594,150,621
202403,2623071000,부산진구 가야1동,20대,1728,1062,1027
202403,2623071000,부산진구 가야1동,20대미만,2532,430,592
202403,2623071000,부산진구 가야1동,30대,1236,244,571
202403,2623071000,부산진구 가야1동,40대,1562,308,586
202403,2623071000,부산진구 가야1동,50대,1987,461,787
202403,2623071000,부산진구 가야1동,60대이상,5205,353,1278
202403,2623072000,부산진구 가야2동,20대,635,81,319
202403,2623072000,부산진구 가야2동,20대미만,573,70,300
202403,2623072000,부산진구 가야2동,30대,743,77,350
202403,2623072000,부산진구 가야2동,40대,952,81,375
202403,2623072000,부산진구 가야2동,50대,1173,150,525
202403,2623072000,부산진구 가야2동,60대이상,3129,215,935
202403,2623074000,부산진구 개금1동,20대,2296,243,512
202403,2623074000,부산진구 개금1동,20대미만,708,37,280
202403,2623074000,부산진구 개금1동,30대,1531,167,372
202403,2623074000,부산진구 개금1동,40대,1552,201,418
202403,2623074000,부산진구 개금1동,50대,1748,259,539
202403,2623074000,부산진구 개금1동,60대이상,3643,265,904
202403,2623075000,부산진구 개금2동,20대,836,219,540
202403,2623075000,부산진구 개금2동,20대미만,636,21,187
202403,2623075000,부산진구 개금2동,30대,640,168,419
202403,2623075000,부산진구 개금2동,40대,876,177,418
202403,2623075000,부산진구 개금2동,50대,1197,169,511
202403,2623075000,부산진구 개금2동,60대이상,2939,181,968
202403,2623076000,부산진구 개금3동,20대,1963,199,353
202403,2623076000,부산진구 개금3동,20대미만,1430,169,313
202403,2623076000,부산진구 개금3동,30대,2010,228,414
202403,2623076000,부산진구 개금3동,40대,2266,274,388
202403,2623076000,부산진구 개금3동,50대,3036,342,573
202403,2623076000,부산진구 개금3동,60대이상,7358,356,1019
202403,2623077000,부산진구 범천1동,20대,1714,490,1070
202403,2623077000,부산진구 범천1동,20대미만,450,11,325
202403,2623077000,부산진구 범천1동,30대,1785,602,1136
202403,2623077000,부산진구 범천1동,40대,1185,647,1032
202403,2623077000,부산진구 범천1동,50대,1263,787,1196
202403,2623077000,부산진구 범천1동,60대이상,2758,688,2148
202403,2623078000,부산진구 범천2동,20대,1494,125,325
202403,2623078000,부산진구 범천2동,20대미만,697,19,108
202403,2623078000,부산진구 범천2동,30대,2360,188,420
202403,2623078000,부산진구 범천2동,40대,2094,170,330
202403,2623078000,부산진구 범천2동,50대,2104,261,411
202403,2623078000,부산진구 범천2동,60대이상,5344,296,733
202403,2626051000,동래구 수민동,20대,1401,269,684
202403,2626051000,동래구 수민동,20대미만,1446,240,562
202403,2626051000,동래구 수민동,30대,1816,357,801
202403,2626051000,동래구 수민동,40대,2259,440,977
202403,2626051000,동래구 수민동,50대,2411,529,1274
202403,2626051000,동래구 수민동,60대이상,8141,534,2727
202403,2626052000,동래구 복산동,20대,489,58,105
202403,2626052000,동래구 복산동,20대미만,353,28,123
202403,2626052000,동래구 복산동,30대,531,56,124
202403,2626052000,동래구 복산동,40대,645,78,186
202403,2626052000,동래구 복산동,50대,1052,133,234
202403,2626052000,동래구 복산동,60대이상,3120,148,446
202403,2626054500,동래구 명륜동,20대,1553,545,1425
202403,2626054500,동래구 명륜동,20대미만,2472,325,706
202403,2626054500,동래구 명륜동,30대,2096,536,1195
202403,2626054500,동래구 명륜동,40대,3167,603,1275
202403,2626054500,동래구 명륜동,50대,3219,756,1506
202403,2626054500,동래구 명륜동,60대이상,4756,604,2539
202403,2626055000,동래구 온천1동,20대,2605,409,966
202403,2626055000,동래구 온천1동,20대미만,1647,266,554
202403,2626055000,동래구 온천1동,30대,3144,451,1119
202403,2626055000,동래구 온천1동,40대,2919,488,1222
202403,2626055000,동래구 온천1동,50대,2773,621,1484
202403,2626055000,동래구 온천1동,60대이상,5374,592,2251
202403,2626056000,동래구 온천2동,20대,869,195,335
202403,2626056000,동래구 온천2동,20대미만,1269,104,207
202403,2626056000,동래구 온천2동,30대,1096,266,345
202403,2626056000,동래구 온천2동,40대,1579,316,405
202403,2626056000,동래구 온천2동,50대,1428,331,540
202403,2626056000,동래구 온천2동,60대이상,3217,263,1007
202403,2626057000,동래구 온천3동,20대,3249,300,1403
202403,2626057000,동래구 온천3동,20대미만,2290,215,1639
202403,2626057000,동래구 온천3동,30대,3425,317,2141
202403,2626057000,동래구 온천3동,40대,3839,459,2560
202403,2626057000,동래구 온천3동,50대,4529,528,2207
202403,2626057000,동래구 온천3동,60대이상,9668,508,4115
202403,2626058000,동래구 사직1동,20대,605,232,516
202403,2626058000,동래구 사직1동,20대미만,837,126,654
202403,2626058000,동래구 사직1동,30대,712,219,490
202403,2626058000,동래구 사직1동,40대,930,232,693
202403,2626058000,동래구 사직1동,50대,932,252,723
202403,2626058000,동래구 사직1동,60대이상,2315,264,1012
202403,2626059000,동래구 사직2동,20대,1567,206,845
202403,2626059000,동래구 사직2동,20대미만,3080,369,1005
202403,2626059000,동래구 사직2동,30대,1541,212,702
202403,2626059000,동래구 사직2동,40대,2852,366,1017
202403,2626059000,동래구 사직2동,50대,3099,338,940
202403,2626059000,동래구 사직2동,60대이상,4118,331,1352
202403,2626060000,동래구 사직3동,20대,1051,163,344
202403,2626060000,동래구 사직3동,20대미만,1708,101,501
202403,2626060000,동래구 사직3동,30대,1139,220,384
202403,2626060000,동래구 사직3동,40대,2338,272,591
202403,2626060000,동래구 사직3동,50대,1818,283,583
202403,2626060000,동래구 사직3동,60대이상,4062,236,834
202403,2626074000,동래구 안락1동,20대,719,134,275
202403,2626074000,동래구 안락1동,20대미만,591,28,180
202403,2626074000,동래구 안락1동,30대,837,153,336
202403,2626074000,동래구 안락1동,40대,1028,212,468
202403,2626074000,동래구 안락1동,50대,1312,266,604
202403,2626074000,동래구 안락1동,60대이상,3886,340,1200
202403,2626075000,동래구 안락2동,20대,1826,256,510
202403,2626075000,동래구 안락2동,20대미만,2300,124,480
202403,2626075000,동래구 안락2동,30대,2000,360,552
202403,2626075000,동래구 안락2동,40대,2818,453,767
202403,2626075000,동래구 안락2동,50대,3236,521,848
202403,2626075000,동래구 안락2동,60대이상,6878,432,1395
202403,2626076100,동래구 명장1동,20대,880,105,254
202403,2626076100,동래구 명장1동,20대미만,1000,356,267
202403,2626076100,동래구 명장1동,30대,1086,143,252
202403,2626076100,동래구 명장1동,40대,1481,197,324
202403,2626076100,동래구 명장1동,50대,1559,265,401
202403,2626076100,동래구 명장1동,60대이상,4099,389,818
202403,2626076200,동래구 명장2동,20대,651,64,119
202403,2626076200,동래구 명장2동,20대미만,567,216,212
202403,2626076200,동래구 명장2동,30대,869,78,146
202403,2626076200,동래구 명장2동,40대,925,113,205
202403,2626076200,동래구 명장2동,50대,1109,134,249
202403,2626076200,동래구 명장2동,60대이상,3289,168,485
202403,2629051000,남구 대연1동,20대,2660,328,1180
202403,2629051000,남구 대연1동,20대미만,853,129,662
202403,2629051000,남구 대연1동,30대,1209,192,814
202403,2629051000,남구 대연1동,40대,1294,261,944
202403,2629051000,남구 대연1동,50대,1687,323,1121
202403,2629051000,남구 대연1동,60대이상,4362,297,1761
202403,2629053000,남구 대연3동,20대,5270,2935,3031
202403,2629053000,남구 대연3동,20대미만,3947,895,1646
202403,2629053000,남구 대연3동,30대,2973,860,1350
202403,2629053000,남구 대연3동,40대,4235,970,1418
202403,2629053000,남구 대연3동,50대,3780,848,1479
202403,2629053000,남구 대연3동,60대이상,6169,609,1823
202403,2629054000,남구 대연4동,20대,800,90,212
202403,2629054000,남구 대연4동,20대미만,990,81,215
202403,2629054000,남구 대연4동,30대,1456,116,235
202403,2629054000,남구 대연4동,40대,1477,164,303
202403,2629054000,남구 대연4동,50대,1378,181,353
202403,2629054000,남구 대연4동,60대이상,3421,192,683
202403,2629055000,남구 대연5동,20대,1781,250,410
202403,2629055000,남구 대연5동,20대미만,1017,167,229
202403,2629055000,남구 대연5동,30대,1158,187,278
202403,2629055000,남구 대연5동,40대,1592,236,351
202403,2629055000,남구 대연5동,50대,1783,277,401
202403,2629055000,남구 대연5동,60대이상,4055,249,719
202403,2629056000,남구 대연6동,20대,961,158,197
202403,2629056000,남구 대연6동,20대미만,1406,206,163
202403,2629056000,남구 대연6동,30대,1141,220,220
202403,2629056000,남구 대연6동,40대,1936,290,295
202403,2629056000,남구 대연6동,50대,1488,263,348
202403,2629056000,남구 대연6동,60대이상,2792,164,595
202403,2629057000,남구 용호1동,20대,2944,408,569
202403,2629057000,남구 용호1동,20대미만,4346,219,477
202403,2629057000,남구 용호1동,30대,2635,306,596
202403,2629057000,남구 용호1동,40대,4485,522,738
202403,2629057000,남구 용호1동,50대,5913,580,890
202403,2629057000,남구 용호1동,60대이상,10259,534,1545
202403,2629058000,남구 용호2동,20대,1032,234,417
202403,2629058000,남구 용호2동,20대미만,1482,70,214
202403,2629058000,남구 용호2동,30대,1586,178,399
202403,2629058000,남구 용호2동,40대,2309,241,506
202403,2629058000,남구 용호2동,50대,2002,250,607
202403,2629058000,남구 용호2동,60대이상,4763,268,1046
202403,2629059000,남구 용호3동,20대,789,107,186
202403,2629059000,남구 용호3동,20대미만,763,301,224
202403,2629059000,남구 용호3동,30대,699,133,199
202403,2629059000,남구 용호3동,40대,978,159,318
202403,2629059000,남구 용호3동,50대,1446,266,445
202403,2629059000,남구 용호3동,60대이상,4353,258,770
202403,2629060000,남구 용호4동,20대,461,135,305
202403,2629060000,남구 용호4동,20대미만,430,30,181
202403,2629060000,남구 용호4동,30대,459,66,227
202403,2629060000,남구 용호4동,40대,713,108,281
202403,2629060000,남구 용호4동,50대,777,110,311
202403,2629060000,남구 용호4동,60대이상,2157,145,626
202403,2629061000,남구 용당동,20대,625,375,443
202403,2629061000,남구 용당동,20대미만,464,195,162
202403,2629061000,남구 용당동,30대,481,195,293
202403,2629061000,남구 용당동,40대,690,254,470
202403,2629061000,남구 용당동,50대,1150,310,603
202403,2629061000,남구 용당동,60대이상,2051,229,698
202403,2629062000,남구 감만1동,20대,526,140,248
202403,2629062000,남구 감만1동,20대미만,325,36,72
202403,2629062000,남구 감만1동,30대,467,174,316
202403,2629062000,남구 감만1동,40대,692,210,481
202403,2629062000,남구 감만1동,50대,926,243,635
202403,2629062000,남구 감만1동,60대이상,2323,232,670
202403,2629063000,남구 감만2동,20대,217,28,78
202403,2629063000,남구 감만2동,20대미만,193,27,80
202403,2629063000,남구 감만2동,30대,202,29,81
202403,2629063000,남구 감만2동,40대,338,57,119
202403,2629063000,남구 감만2동,50대,593,84,176
202403,2629063000,남구 감만2동,60대이상,1393,71,351
202403,2629064500,남구 우암동,20대,742,136,320
202403,2629064500,남구 우암동,20대미만,811,130,169
202403,2629064500,남구 우암동,30대,730,167,351
202403,2629064500,남구 우암동,40대,1107,209,446
202403,2629064500,남구 우암동,50대,1454,299,736
202403,2629064500,남구 우암동,60대이상,4759,291,1239
202403,2629068000,남구 문현1동,20대,632,75,204
202403,2629068000,남구 문현1동,20대미만,724,190,253
202403,2629068000,남구 문현1동,30대,490,68,275
202403,2629068000,남구 문현1동,40대,820,128,297
202403,2629068000,남구 문현1동,50대,1145,150,388
202403,2629068000,남구 문현1동,60대이상,2729,173,701
202403,2629069000,남구 문현2동,20대,490,332,376
202403,2629069000,남구 문현2동,20대미만,205,57,168
202403,2629069000,남구 문현2동,30대,683,645,484
202403,2629069000,남구 문현2동,40대,526,549,458
202403,2629069000,남구 문현2동,50대,573,429,549
202403,2629069000,남구 문현2동,60대이상,1818,248,806
202403,2629070000,남구 문현3동,20대,709,100,748
202403,2629070000,남구 문현3동,20대미만,713,38,844
202403,2629070000,남구 문현3동,30대,1023,120,785
202403,2629070000,남구 문현3동,40대,1295,154,1000
202403,2629070000,남구 문현3동,50대,1129,159,1341
202403,2629070000,남구 문현3동,60대이상,3554,190,2633
202403,2629071000,남구 문현4동,20대,433,89,191
202403,2629071000,남구 문현4동,20대미만,264,66,115
202403,2629071000,남구 문현4동,30대,492,116,259
202403,2629071000,남구 문현4동,40대,533,116,242
202403,2629071000,남구 문현4동,50대,643,113,278
202403,2629071000,남구 문현4동,60대이상,1696,139,428
202403,2632051000,북구 구포1동,20대,1099,160,446
202403,2632051000,북구 구포1동,20대미만,610,33,112
202403,2632051000,북구 구포1동,30대,1376,203,514
202403,2632051000,북구 구포1동,40대,1219,235,544
202403,2632051000,북구 구포1동,50대,1810,406,933
202403,2632051000,북구 구포1동,60대이상,4460,552,2032
202403,2632052000,북구 구포2동,20대,1871,218,347
202403,2632052000,북구 구포2동,20대미만,1237,189,192
202403,2632052000,북구 구포2동,30대,2025,310,365
202403,2632052000,북구 구포2동,40대,2206,381,427
202403,2632052000,북구 구포2동,50대,3177,453,629
202403,2632052000,북구 구포2동,60대이상,7064,393,1007
202403,2632052100,북구 구포3동,20대,1550,239,244
202403,2632052100,북구 구포3동,20대미만,1279,254,158
202403,2632052100,북구 구포3동,30대,1302,123,188
202403,2632052100,북구 구포3동,40대,1763,224,225
202403,2632052100,북구 구포3동,50대,2897,355,419
202403,2632052100,북구 구포3동,60대이상,5912,268,627
202403,2632053000,북구 금곡동,20대,2435,294,439
202403,2632053000,북구 금곡동,20대미만,2392,164,354
202403,2632053000,북구 금곡동,30대,2421,266,599
202403,2632053000,북구 금곡동,40대,3189,366,637
202403,2632053000,북구 금곡동,50대,4922,573,995
202403,2632053000,북구 금곡동,60대이상,12284,572,1802
202403,2632054100,북구 화명1동,20대,2834,253,987
202403,2632054100,북구 화명1동,20대미만,2909,49,1004
202403,2632054100,북구 화명1동,30대,3383,249,1083
202403,2632054100,북구 화명1동,40대,3686,343,1229
202403,2632054100,북구 화명1동,50대,5204,497,1487
202403,2632054100,북구 화명1동,60대이상,7835,476,2143
202403,2632054200,북구 화명2동,20대,1494,174,324
202403,2632054200,북구 화명2동,20대미만,1555,171,286
202403,2632054200,북구 화명2동,30대,1617,170,381
202403,2632054200,북구 화명2동,40대,1644,222,414
202403,2632054200,북구 화명2동,50대,2370,342,611
202403,2632054200,북구 화명2동,60대이상,4359,277,873
202403,2632054300,북구 화명3동,20대,2047,391,815
202403,2632054300,북구 화명3동,20대미만,2553,349,633
202403,2632054300,북구 화명3동,30대,1777,298,694
202403,2632054300,북구 화명3동,40대,2478,426,752
202403,2632054300,북구 화명3동,50대,3415,527,928
202403,2632054300,북구 화명3동,60대이상,4449,316,1278
202403,2632055000,북구 덕천1동,20대,1024,222,354
202403,2632055000,북구 덕천1동,20대미만,545,43,204
202403,2632055000,북구 덕천1동,30대,1342,182,385
202403,2632055000,북구 덕천1동,40대,1135,201,461
202403,2632055000,북구 덕천1동,50대,1452,294,577
202403,2632055000,북구 덕천1동,60대이상,4170,269,1172
202403,2632056000,북구 덕천2동,20대,981,425,1229
202403,2632056000,북구 덕천2동,20대미만,545,154,636
202403,2632056000,북구 덕천2동,30대,974,439,1185
202403,2632056000,북구 덕천2동,40대,930,400,1131
202403,2632056000,북구 덕천2동,50대,1454,536,1409
202403,2632056000,북구 덕천2동,60대이상,3743,443,2442
202403,2632056100,북구 덕천3동,20대,435,34,78
202403,2632056100,북구 덕천3동,20대미만,270,11,42
202403,2632056100,북구 덕천3동,30대,355,30,86
202403,2632056100,북구 덕천3동,40대,661,65,98
202403,2632056100,북구 덕천3동,50대,983,80,157
202403,2632056100,북구 덕천3동,60대이상,2735,76,318
202403,2632057100,북구 만덕1동,20대,972,138,224
202403,2632057100,북구 만덕1동,20대미만,830,83,185
202403,2632057100,북구 만덕1동,30대,2013,153,401
202403,2632057100,북구 만덕1동,40대,1488,165,304
202403,2632057100,북구 만덕1동,50대,1643,150,352
202403,2632057100,북구 만덕1동,60대이상,3552,245,786
202403,2632057200,북구 만덕2동,20대,1728,154,280
202403,2632057200,북구 만덕2동,20대미만,2500,215,231
202403,2632057200,북구 만덕2동,30대,2357,185,385
202403,2632057200,북구 만덕2동,40대,2852,314,417
202403,2632057200,북구 만덕2동,50대,2962,306,529
202403,2632057200,북구 만덕2동,60대이상,6645,320,957
202403,2632057300,북구 만덕3동,20대,1189,92,399
202403,2632057300,북구 만덕3동,20대미만,1032,15,305
202403,2632057300,북구 만덕3동,30대,1379,88,453
202403,2632057300,북구 만덕3동,40대,1605,126,424
202403,2632057300,북구 만덕3동,50대,2095,216,533
202403,2632057300,북구 만덕3동,60대이상,5239,241,1158
202403,2635051000,해운대구 우1동,20대,1837,686,2324
202403,2635051000,해운대구 우1동,20대미만,1935,738,1130
202403,2635051000,해운대구 우1동,30대,1984,689,2174
202403,2635051000,해운대구 우1동,40대,2398,707,2275
202403,2635051000,해운대구 우1동,50대,2734,727,2262
202403,2635051000,해운대구 우1동,60대이상,5978,755,3004
202403,2635052000,해운대구 우2동,20대,1802,2113,2035
202403,2635052000,해운대구 우2동,20대미만,2348,599,1272
202403,2635052000,해운대구 우2동,30대,2538,2262,2611
202403,2635052000,해운대구 우2동,40대,3733,1789,2443
202403,2635052000,해운대구 우2동,50대,4093,1541,2141
202403,2635052000,해운대구 우2동,60대이상,6709,788,2714
202403,2635052500,해운대구 우3동,20대,1379,203,594
202403,2635052500,해운대구 우3동,20대미만,2024,123,401
202403,2635052500,해운대구 우3동,30대,1745,298,674
202403,2635052500,해운대구 우3동,40대,3209,417,800
202403,2635052500,해운대구 우3동,50대,3336,375,842
202403,2635052500,해운대구 우3동,60대이상,5947,378,1106
202403,2635053000,해운대구 중1동,20대,2068,621,1577
202403,2635053000,해운대구 중1동,20대미만,1686,108,731
202403,2635053000,해운대구 중1동,30대,2373,625,1835
202403,2635053000,해운대구 중1동,40대,3366,672,1743
202403,2635053000,해운대구 중1동,50대,3577,777,1791
202403,2635053000,해운대구 중1동,60대이상,5825,627,2267
202403,2635054000,해운대구 중2동,20대,965,167,514
202403,2635054000,해운대구 중2동,20대미만,1454,51,251
202403,2635054000,해운대구 중2동,30대,1434,196,615
202403,2635054000,해운대구 중2동,40대,2004,229,615
202403,2635054000,해운대구 중2동,50대,1995,254,766
202403,2635054000,해운대구 중2동,60대이상,3865,269,1126
202403,2635055100,해운대구 좌1동,20대,1426,387,763
202403,2635055100,해운대구 좌1동,20대미만,1002,40,523
202403,2635055100,해운대구 좌1동,30대,1398,364,679
202403,2635055100,해운대구 좌1동,40대,1729,420,761
202403,2635055100,해운대구 좌1동,50대,2350,507,1009
202403,2635055100,해운대구 좌1동,60대이상,3255,374,1307
202403,2635055200,해운대구 좌2동,20대,2821,330,595
202403,2635055200,해운대구 좌2동,20대미만,2207,118,492
202403,2635055200,해운대구 좌2동,30대,3250,326,543
202403,2635055200,해운대구 좌2동,40대,3025,410,505
202403,2635055200,해운대구 좌2동,50대,4122,466,626
202403,2635055200,해운대구 좌2동,60대이상,6575,372,877
202403,2635055300,해운대구 좌3동,20대,1131,101,257
202403,2635055300,해운대구 좌3동,20대미만,1202,322,281
202403,2635055300,해운대구 좌3동,30대,1119,123,260
202403,2635055300,해운대구 좌3동,40대,1473,126,321
202403,2635055300,해운대구 좌3동,50대,2096,189,412
202403,2635055300,해운대구 좌3동,60대이상,4280,167,719
202403,2635055400,해운대구 좌4동,20대,1935,550,828
202403,2635055400,해운대구 좌4동,20대미만,3018,487,507
202403,2635055400,해운대구 좌4동,30대,1735,414,745
202403,2635055400,해운대구 좌4동,40대,2646,506,903
202403,2635055400,해운대구 좌4동,50대,3197,527,1095
202403,2635055400,해운대구 좌4동,60대이상,4934,375,1851
202403,2635056000,해운대구 송정동,20대,616,263,1082
202403,2635056000,해운대구 송정동,20대미만,592,178,546
202403,2635056000,해운대구 송정동,30대,797,275,939
202403,2635056000,해운대구 송정동,40대,915,306,973
202403,2635056000,해운대구 송정동,50대,1182,429,1061
202403,2635056000,해운대구 송정동,60대이상,3437,300,1366
202403,2635057000,해운대구 반여1동,20대,2793,382,549
202403,2635057000,해운대구 반여1동,20대미만,3924,284,415
202403,2635057000,해운대구 반여1동,30대,2648,396,677
202403,2635057000,해운대구 반여1동,40대,4168,660,851
202403,2635057000,해운대구 반여1동,50대,4839,766,1072
202403,2635057000,해운대구 반여1동,60대이상,7951,563,1696
202403,2635058000,해운대구 반여2동,20대,743,81,293
202403,2635058000,해운대구 반여2동,20대미만,449,46,141
202403,2635058000,해운대구 반여2동,30대,955,83,303
202403,2635058000,해운대구 반여2동,40대,1150,119,372
202403,2635058000,해운대구 반여2동,50대,1661,172,594
202403,2635058000,해운대구 반여2동,60대이상,4470,157,1072
202403,2635059000,해운대구 반여3동,20대,437,51,58
202403,2635059000,해운대구 반여3동,20대미만,218,9,27
202403,2635059000,해운대구 반여3동,30대,369,34,66
202403,2635059000,해운대구 반여3동,40대,554,38,77
202403,2635059000,해운대구 반여3동,50대,833,82,127
202403,2635059000,해운대구 반여3동,60대이상,1912,84,216
202403,2635059500,해운대구 반여4동,20대,780,43,176
202403,2635059500,해운대구 반여4동,20대미만,811,20,135
202403,2635059500,해운대구 반여4동,30대,648,73,212
202403,2635059500,해운대구 반여4동,40대,990,104,246
202403,2635059500,해운대구 반여4동,50대,1129,98,312
202403,2635059500,해운대구 반여4동,60대이상,2008,76,631
202403,2635061000,해운대구 반송1동,20대,744,185,158
202403,2635061000,해운대구 반송1동,20대미만,371,140,68
202403,2635061000,해운대구 반송1동,30대,620,134,163
202403,2635061000,해운대구 반송1동,40대,813,163,252
202403,2635061000,해운대구 반송1동,50대,1250,250,371
202403,2635061000,해운대구 반송1동,60대이상,3399,220,630
202403,2635062000,해운대구 반송2동,20대,1254,136,124
202403,2635062000,해운대구 반송2동,20대미만,1053,14,72
202403,2635062000,해운대구 반송2동,30대,1202,95,160
202403,2635062000,해운대구 반송2동,40대,2089,207,228
202403,2635062000,해운대구 반송2동,50대,2979,361,340
202403,2635062000,해운대구 반송2동,60대이상,8314,315,612
202403,2635065000,해운대구 재송1동,20대,2433,504,789
202403,2635065000,해운대구 재송1동,20대미만,4420,267,500
202403,2635065000,해운대구 재송1동,30대,2874,664,917
202403,2635065000,해운대구 재송1동,40대,5585,789,1167
202403,2635065000,해운대구 재송1동,50대,4342,667,1239
202403,2635065000,해운대구 재송1동,60대이상,6753,471,1905
202403,2635066000,해운대구 재송2동,20대,1540,136,273
202403,2635066000,해운대구 재송2동,20대미만,1121,51,200
202403,2635066000,해운대구 재송2동,30대,1590,186,316
202403,2635066000,해운대구 재송2동,40대,2288,234,422
202403,2635066000,해운대구 재송2동,50대,2956,278,511
202403,2635066000,해운대구 재송2동,60대이상,6166,268,822
202403,2638051000,사하구 괴정1동,20대,1319,111,408
202403,2638051000,사하구 괴정1동,20대미만,1319,210,279
202403,2638051000,사하구 괴정1동,30대,1195,111,394
202403,2638051000,사하구 괴정1동,40대,1734,188,501
202403,2638051000,사하구 괴정1동,50대,2188,262,671
202403,2638051000,사하구 괴정1동,60대이상,6029,278,1162
202403,2638052000,사하구 괴정2동,20대,987,58,121
202403,2638052000,사하구 괴정2동,20대미만,884,76,86
202403,2638052000,사하구 괴정2동,30대,963,75,120
202403,2638052000,사하구 괴정2동,40대,1491,116,166
202403,2638052000,사하구 괴정2동,50대,1772,145,189
202403,2638052000,사하구 괴정2동,60대이상,4522,141,363
202403,2638053000,사하구 괴정3동,20대,845,277,359
202403,2638053000,사하구 괴정3동,20대미만,670,110,253
202403,2638053000,사하구 괴정3동,30대,886,171,349
202403,2638053000,사하구 괴정3동,40대,1082,228,403
202403,2638053000,사하구 괴정3동,50대,1495,284,588
202403,2638053000,사하구 괴정3동,60대이상,4546,342,1143
202403,2638054000,사하구 괴정4동,20대,912,87,214
202403,2638054000,사하구 괴정4동,20대미만,1142,68,339
202403,2638054000,사하구 괴정4동,30대,1219,106,263
202403,2638054000,사하구 괴정4동,40대,1669,167,377
202403,2638054000,사하구 괴정4동,50대,1579,173,432
202403,2638054000,사하구 괴정4동,60대이상,3525,153,860
202403,2638055000,사하구 당리동,20대,1797,275,501
202403,2638055000,사하구 당리동,20대미만,1635,99,433
202403,2638055000,사하구 당리동,30대,1825,323,539
202403,2638055000,사하구 당리동,40대,2544,487,573
202403,2638055000,사하구 당리동,50대,3097,527,743
202403,2638055000,사하구 당리동,60대이상,7337,459,1410
202403,2638056100,사하구 하단1동,20대,2322,254,509
202403,2638056100,사하구 하단1동,20대미만,1198,55,234
202403,2638056100,사하구 하단1동,30대,2057,211,502
202403,2638056100,사하구 하단1동,40대,2118,287,498
202403,2638056100,사하구 하단1동,50대,2565,346,683
202403,2638056100,사하구 하단1동,60대이상,5614,346,1163
202403,2638056200,사하구 하단2동,20대,3709,1824,1544
202403,2638056200,사하구 하단2동,20대미만,2007,618,621
202403,2638056200,사하구 하단2동,30대,2267,460,841
202403,2638056200,사하구 하단2동,40대,2555,501,829
202403,2638056200,사하구 하단2동,50대,3000,582,931
202403,2638056200,사하구 하단2동,60대이상,5980,403,1289
202403,2638057100,사하구 신평1동,20대,1004,221,218
202403,2638057100,사하구 신평1동,20대미만,898,172,160
202403,2638057100,사하구 신평1동,30대,1126,353,298
202403,2638057100,사하구 신평1동,40대,1495,411,387
202403,2638057100,사하구 신평1동,50대,2250,533,534
202403,2638057100,사하구 신평1동,60대이상,5294,332,612
202403,2638057200,사하구 신평2동,20대,1169,254,300
202403,2638057200,사하구 신평2동,20대미만,1217,79,181
202403,2638057200,사하구 신평2동,30대,1777,307,406
202403,2638057200,사하구 신평2동,40대,1924,424,454
202403,2638057200,사하구 신평2동,50대,2189,474,638
202403,2638057200,사하구 신평2동,60대이상,4225,413,942
202403,2638058000,사하구 장림1동,20대,631,219,283
202403,2638058000,사하구 장림1동,20대미만,980,39,168
202403,2638058000,사하구 장림1동,30대,803,300,379
202403,2638058000,사하구 장림1동,40대,1452,402,489
202403,2638058000,사하구 장림1동,50대,1317,621,703
202403,2638058000,사하구 장림1동,60대이상,2732,552,1109
202403,2638059000,사하구 장림2동,20대,1912,263,469
202403,2638059000,사하구 장림2동,20대미만,1872,165,322
202403,2638059000,사하구 장림2동,30대,2186,338,609
202403,2638059000,사하구 장림2동,40대,2944,547,704
202403,2638059000,사하구 장림2동,50대,3468,637,841
202403,2638059000,사하구 장림2동,60대이상,6388,630,1351
202403,2638060100,사하구 다대1동,20대,2532,456,405
202403,2638060100,사하구 다대1동,20대미만,2959,115,198
202403,2638060100,사하구 다대1동,30대,2713,459,456
202403,2638060100,사하구 다대1동,40대,4052,766,575
202403,2638060100,사하구 다대1동,50대,5280,926,858
202403,2638060100,사하구 다대1동,60대이상,10674,757,1402
202403,2638060200,사하구 다대2동,20대,1883,268,260
202403,2638060200,사하구 다대2동,20대미만,2101,90,142
202403,2638060200,사하구 다대2동,30대,1716,241,295
202403,2638060200,사하구 다대2동,40대,2733,405,366
202403,2638060200,사하구 다대2동,50대,3932,546,516
202403,2638060200,사하구 다대2동,60대이상,8739,452,812
202403,2638061000,사하구 구평동,20대,783,151,167
202403,2638061000,사하구 구평동,20대미만,1057,71,132
202403,2638061000,사하구 구평동,30대,1592,273,264
202403,2638061000,사하구 구평동,40대,1575,397,379
202403,2638061000,사하구 구평동,50대,1445,495,503
202403,2638061000,사하구 구평동,60대이상,2645,483,713
202403,2638062000,사하구 감천1동,20대,1146,163,185
202403,2638062000,사하구 감천1동,20대미만,1202,469,283
202403,2638062000,사하구 감천1동,30대,1094,220,245
202403,2638062000,사하구 감천1동,40대,1671,357,398
202403,2638062000,사하구 감천1동,50대,2346,469,547
202403,2638062000,사하구 감천1동,60대이상,6387,353,854
202403,2638063000,사하구 감천2동,20대,230,21,56
202403,2638063000,사하구 감천2동,20대미만,146,0,35
202403,2638063000,사하구 감천2동,30대,273,29,60
202403,2638063000,사하구 감천2동,40대,464,38,71
202403,2638063000,사하구 감천2동,50대,817,65,126
202403,2638063000,사하구 감천2동,60대이상,2048,59,187
202403,2641051000,금정구 서1동,20대,242,24,48
202403,2641051000,금정구 서1동,20대미만,148,2,45
202403,2641051000,금정구 서1동,30대,243,28,81
202403,2641051000,금정구 서1동,40대,381,43,100
202403,2641051000,금정구 서1동,50대,603,68,170
202403,2641051000,금정구 서1동,60대이상,1845,93,341
202403,2641052000,금정구 서2동,20대,456,61,174
202403,2641052000,금정구 서2동,20대미만,202,79,98
202403,2641052000,금정구 서2동,30대,457,75,192
202403,2641052000,금정구 서2동,40대,620,113,228
202403,2641052000,금정구 서2동,50대,1045,187,391
202403,2641052000,금정구 서2동,60대이상,2500,201,760
202403,2641053000,금정구 서3동,20대,553,91,139
202403,2641053000,금정구 서3동,20대미만,307,78,104
202403,2641053000,금정구 서3동,30대,682,95,177
202403,2641053000,금정구 서3동,40대,704,128,204
202403,2641053000,금정구 서3동,50대,1317,219,366
202403,2641053000,금정구 서3동,60대이상,3940,273,722
202403,2641055500,금정구 금사회동동,20대,350,306,240
202403,2641055500,금정구 금사회동동,20대미만,282,79,107
202403,2641055500,금정구 금사회동동,30대,430,476,431
202403,2641055500,금정구 금사회동동,40대,575,575,533
202403,2641055500,금정구 금사회동동,50대,908,746,810
202403,2641055500,금정구 금사회동동,60대이상,2843,625,1310
202403,2641057000,금정구 부곡1동,20대,440,37,115
202403,2641057000,금정구 부곡1동,20대미만,331,114,125
202403,2641057000,금정구 부곡1동,30대,456,41,122
202403,2641057000,금정구 부곡1동,40대,657,84,171
202403,2641057000,금정구 부곡1동,50대,888,101,227
202403,2641057000,금정구 부곡1동,60대이상,3026,136,428
202403,2641058000,금정구 부곡2동,20대,1649,362,530
202403,2641058000,금정구 부곡2동,20대미만,1374,426,420
202403,2641058000,금정구 부곡2동,30대,1250,329,559
202403,2641058000,금정구 부곡2동,40대,1751,398,636
202403,2641058000,금정구 부곡2동,50대,2157,408,667
202403,2641058000,금정구 부곡2동,60대이상,4661,433,1221
202403,2641059000,금정구 부곡3동,20대,1307,474,399
202403,2641059000,금정구 부곡3동,20대미만,1119,537,307
202403,2641059000,금정구 부곡3동,30대,1185,341,400
202403,2641059000,금정구 부곡3동,40대,1495,330,512
202403,2641059000,금정구 부곡3동,50대,1855,350,594
202403,2641059000,금정구 부곡3동,60대이상,3861,269,982
202403,2641059100,금정구 부곡4동,20대,321,45,172
202403,2641059100,금정구 부곡4동,20대미만,187,27,166
202403,2641059100,금정구 부곡4동,30대,443,63,178
202403,2641059100,금정구 부곡4동,40대,456,79,225
202403,2641059100,금정구 부곡4동,50대,652,114,283
202403,2641059100,금정구 부곡4동,60대이상,1827,134,579
202403,2641060000,금정구 장전1동,20대,4220,563,876
202403,2641060000,금정구 장전1동,20대미만,1034,120,341
202403,2641060000,금정구 장전1동,30대,1368,220,394
202403,2641060000,금정구 장전1동,40대,1470,238,423
202403,2641060000,금정구 장전1동,50대,1550,253,504
202403,2641060000,금정구 장전1동,60대이상,3459,233,698
202403,2641061000,금정구 장전2동,20대,1990,2423,2344
202403,2641061000,금정구 장전2동,20대미만,2725,529,922
202403,2641061000,금정구 장전2동,30대,2315,825,985
202403,2641061000,금정구 장전2동,40대,3465,767,990
202403,2641061000,금정구 장전2동,50대,2744,734,973
202403,2641061000,금정구 장전2동,60대이상,6001,492,1345
202403,2641063500,금정구 선두구동,20대,29,25,79
202403,2641063500,금정구 선두구동,20대미만,37,0,29
202403,2641063500,금정구 선두구동,30대,35,60,119
202403,2641063500,금정구 선두구동,40대,97,72,223
202403,2641063500,금정구 선두구동,50대,224,124,352
202403,2641063500,금정구 선두구동,60대이상,725,123,522
202403,2641066500,금정구 청룡노포동,20대,552,134,350
202403,2641066500,금정구 청룡노포동,20대미만,452,50,161
202403,2641066500,금정구 청룡노포동,30대,569,166,368
202403,2641066500,금정구 청룡노포동,40대,706,201,513
202403,2641066500,금정구 청룡노포동,50대,1151,273,827
202403,2641066500,금정구 청룡노포동,60대이상,3396,304,1569
202403,2641067000,금정구 남산동,20대,2322,630,715
202403,2641067000,금정구 남산동,20대미만,1525,231,514
202403,2641067000,금정구 남산동,30대,1704,300,547
202403,2641067000,금정구 남산동,40대,1990,399,733
202403,2641067000,금정구 남산동,50대,3255,568,1019
202403,2641067000,금정구 남산동,60대이상,7935,520,1786
202403,2641068000,금정구 구서1동,20대,961,141,339
202403,2641068000,금정구 구서1동,20대미만,1017,421,272
202403,2641068000,금정구 구서1동,30대,1080,192,373
202403,2641068000,금정구 구서1동,40대,1394,249,504
202403,2641068000,금정구 구서1동,50대,1549,272,548
202403,2641068000,금정구 구서1동,60대이상,3216,210,781
202403,2641069000,금정구 구서2동,20대,1984,251,898
202403,2641069000,금정구 구서2동,20대미만,2277,112,514
202403,2641069000,금정구 구서2동,30대,2233,276,737
202403,2641069000,금정구 구서2동,40대,3244,379,856
202403,2641069000,금정구 구서2동,50대,3983,521,1267
202403,2641069000,금정구 구서2동,60대이상,8419,515,2483
202403,2641070000,금정구 금성동,20대,43,16,45
202403,2641070000,금정구 금성동,20대미만,71,4,54
202403,2641070000,금정구 금성동,30대,36,11,74
202403,2641070000,금정구 금성동,40대,109,18,104
202403,2641070000,금정구 금성동,50대,111,30,172
202403,2641070000,금정구 금성동,60대이상,333,36,277
202403,2644051000,강서구 대저1동,20대,637,536,678
202403,2644051000,강서구 대저1동,20대미만,205,160,181
202403,2644051000,강서구 대저1동,30대,386,581,496
202403,2644051000,강서구 대저1동,40대,451,687,718
202403,2644051000,강서구 대저1동,50대,763,905,919
202403,2644051000,강서구 대저1동,60대이상,2697,689,1436
202403,2644052000,강서구 대저2동,20대,1073,767,2802
202403,2644052000,강서구 대저2동,20대미만,482,27,494
202403,2644052000,강서구 대저2동,30대,647,1084,2948
202403,2644052000,강서구 대저2동,40대,659,1091,2701
202403,2644052000,강서구 대저2동,50대,734,1468,3956
202403,2644052000,강서구 대저2동,60대이상,2236,1004,4413
202403,2644053000,강서구 강동동,20대,106,52,81
202403,2644053000,강서구 강동동,20대미만,23,3,23
202403,2644053000,강서구 강동동,30대,167,136,142
202403,2644053000,강서구 강동동,40대,192,166,199
202403,2644053000,강서구 강동동,50대,263,222,314
202403,2644053000,강서구 강동동,60대이상,1405,282,488
202403,2644053500,강서구 명지1동,20대,3108,743,882
202403,2644053500,강서구 명지1동,20대미만,7740,262,479
202403,2644053500,강서구 명지1동,30대,8969,1369,1483
202403,2644053500,강서구 명지1동,40대,9693,1532,1528
202403,2644053500,강서구 명지1동,50대,4029,955,1237
202403,2644053500,강서구 명지1동,60대이상,6376,642,1476
202403,2644054500,강서구 명지2동,20대,1378,267,334
202403,2644054500,강서구 명지2동,20대미만,4434,149,279
202403,2644054500,강서구 명지2동,30대,2744,419,501
202403,2644054500,강서구 명지2동,40대,5339,702,641
202403,2644054500,강서구 명지2동,50대,3014,400,483
202403,2644054500,강서구 명지2동,60대이상,3728,276,613
202403,2644055000,강서구 가락동,20대,68,55,96
202403,2644055000,강서구 가락동,20대미만,112,9,51
202403,2644055000,강서구 가락동,30대,97,127,160
202403,2644055000,강서구 가락동,40대,158,171,215
202403,2644055000,강서구 가락동,50대,292,281,334
202403,2644055000,강서구 가락동,60대이상,1152,241,482
202403,2644056000,강서구 녹산동,20대,2277,1785,1081
202403,2644056000,강서구 녹산동,20대미만,3428,92,264
202403,2644056000,강서구 녹산동,30대,4467,3634,2067
202403,2644056000,강서구 녹산동,40대,5642,4611,2809
202403,2644056000,강서구 녹산동,50대,3756,3875,2857
202403,2644056000,강서구 녹산동,60대이상,6592,2225,2750
202403,2644058000,강서구 가덕도동,20대,160,89,318
202403,2644058000,강서구 가덕도동,20대미만,130,42,76
202403,2644058000,강서구 가덕도동,30대,287,151,596
202403,2644058000,강서구 가덕도동,40대,405,214,1004
202403,2644058000,강서구 가덕도동,50대,544,204,1032
202403,2644058000,강서구 가덕도동,60대이상,1433,111,890
202403,2647061000,연제구 거제1동,20대,2085,698,625
202403,2647061000,연제구 거제1동,20대미만,2304,495,687
202403,2647061000,연제구 거제1동,30대,1785,740,722
202403,2647061000,연제구 거제1동,40대,2879,1016,955
202403,2647061000,연제구 거제1동,50대,2901,992,1087
202403,2647061000,연제구 거제1동,60대이상,6051,732,1606
202403,2647062000,연제구 거제2동,20대,1366,222,408
202403,2647062000,연제구 거제2동,20대미만,2373,143,524
202403,2647062000,연제구 거제2동,30대,2176,312,624
202403,2647062000,연제구 거제2동,40대,3111,429,858
202403,2647062000,연제구 거제2동,50대,2442,517,926
202403,2647062000,연제구 거제2동,60대이상,3506,362,1824
202403,2647063000,연제구 거제3동,20대,565,133,931
202403,2647063000,연제구 거제3동,20대미만,405,22,318
202403,2647063000,연제구 거제3동,30대,674,153,1219
202403,2647063000,연제구 거제3동,40대,685,182,1170
202403,2647063000,연제구 거제3동,50대,950,197,1262
202403,2647063000,연제구 거제3동,60대이상,2012,212,1405
202403,2647064000,연제구 거제4동,20대,646,40,248
202403,2647064000,연제구 거제4동,20대미만,896,129,250
202403,2647064000,연제구 거제4동,30대,606,76,393
202403,2647064000,연제구 거제4동,40대,946,83,413
202403,2647064000,연제구 거제4동,50대,1237,136,378
202403,2647064000,연제구 거제4동,60대이상,2567,140,618
202403,2647065000,연제구 연산1동,20대,908,212,446
202403,2647065000,연제구 연산1동,20대미만,1254,142,325
202403,2647065000,연제구 연산1동,30대,1261,277,523
202403,2647065000,연제구 연산1동,40대,1652,350,594
202403,2647065000,연제구 연산1동,50대,1581,372,708
202403,2647065000,연제구 연산1동,60대이상,3966,376,1256
202403,2647066000,연제구 연산2동,20대,1740,302,1165
202403,2647066000,연제구 연산2동,20대미만,1328,277,844
202403,2647066000,연제구 연산2동,30대,2820,542,1797
202403,2647066000,연제구 연산2동,40대,2265,531,1638
202403,2647066000,연제구 연산2동,50대,2267,590,1577
202403,2647066000,연제구 연산2동,60대이상,4881,388,3047
202403,2647067000,연제구 연산3동,20대,294,8,48
202403,2647067000,연제구 연산3동,20대미만,197,80,58
202403,2647067000,연제구 연산3동,30대,485,35,94
202403,2647067000,연제구 연산3동,40대,613,32,101
202403,2647067000,연제구 연산3동,50대,565,50,112
202403,2647067000,연제구 연산3동,60대이상,1835,55,225
202403,2647068000,연제구 연산4동,20대,1115,282,946
202403,2647068000,연제구 연산4동,20대미만,516,16,233
202403,2647068000,연제구 연산4동,30대,1191,279,991
202403,2647068000,연제구 연산4동,40대,1145,321,966
202403,2647068000,연제구 연산4동,50대,1744,396,1121
202403,2647068000,연제구 연산4동,60대이상,4753,381,2229
202403,2647069000,연제구 연산5동,20대,1633,371,753
202403,2647069000,연제구 연산5동,20대미만,496,33,145
202403,2647069000,연제구 연산5동,30대,1773,526,781
202403,2647069000,연제구 연산5동,40대,1191,554,725
202403,2647069000,연제구 연산5동,50대,1310,657,876
202403,2647069000,연제구 연산5동,60대이상,2870,557,1434
202403,2647070000,연제구 연산6동,20대,797,100,540
202403,2647070000,연제구 연산6동,20대미만,660,151,309
202403,2647070000,연제구 연산6동,30대,1085,107,609
202403,2647070000,연제구 연산6동,40대,1301,150,627
202403,2647070000,연제구 연산6동,50대,1477,198,778
202403,2647070000,연제구 연산6동,60대이상,4245,215,2030
202403,2647072000,연제구 연산8동,20대,399,71,301
202403,2647072000,연제구 연산8동,20대미만,416,106,326
202403,2647072000,연제구 연산8동,30대,499,60,332
202403,2647072000,연제구 연산8동,40대,702,95,453
202403,2647072000,연제구 연산8동,50대,779,127,533
202403,2647072000,연제구 연산8동,60대이상,2081,125,1160
202403,2647073000,연제구 연산9동,20대,2344,324,522
202403,2647073000,연제구 연산9동,20대미만,2604,295,442
202403,2647073000,연제구 연산9동,30대,2711,365,675
202403,2647073000,연제구 연산9동,40대,3467,551,810
202403,2647073000,연제구 연산9동,50대,4251,651,946
202403,2647073000,연제구 연산9동,60대이상,9232,581,1571
202403,2650066000,수영구 남천1동,20대,1270,447,820
202403,2650066000,수영구 남천1동,20대미만,1471,192,749
202403,2650066000,수영구 남천1동,30대,1438,546,829
202403,2650066000,수영구 남천1동,40대,1688,535,1068
202403,2650066000,수영구 남천1동,50대,1820,575,1165
202403,2650066000,수영구 남천1동,60대이상,3818,503,1879
202403,2650067000,수영구 남천2동,20대,491,70,422
202403,2650067000,수영구 남천2동,20대미만,590,18,185
202403,2650067000,수영구 남천2동,30대,737,80,375
202403,2650067000,수영구 남천2동,40대,852,98,384
202403,2650067000,수영구 남천2동,50대,1250,122,405
202403,2650067000,수영구 남천2동,60대이상,2434,125,726
202403,2650073000,수영구 수영동,20대,1102,167,387
202403,2650073000,수영구 수영동,20대미만,588,91,197
202403,2650073000,수영구 수영동,30대,1136,184,440
202403,2650073000,수영구 수영동,40대,1185,189,445
202403,2650073000,수영구 수영동,50대,1580,282,549
202403,2650073000,수영구 수영동,60대이상,5254,363,1116
202403,2650074000,수영구 망미1동,20대,1739,228,375
202403,2650074000,수영구 망미1동,20대미만,1930,100,270
202403,2650074000,수영구 망미1동,30대,2080,243,445
202403,2650074000,수영구 망미1동,40대,2751,336,503
202403,2650074000,수영구 망미1동,50대,2936,382,587
202403,2650074000,수영구 망미1동,60대이상,9013,415,1208
202403,2650075000,수영구 망미2동,20대,561,60,277
202403,2650075000,수영구 망미2동,20대미만,558,36,253
202403,2650075000,수영구 망미2동,30대,492,108,311
202403,2650075000,수영구 망미2동,40대,882,125,486
202403,2650075000,수영구 망미2동,50대,1148,129,448
202403,2650075000,수영구 망미2동,60대이상,2295,141,919
202403,2650076000,수영구 광안1동,20대,2013,190,497
202403,2650076000,수영구 광안1동,20대미만,815,55,211
202403,2650076000,수영구 광안1동,30대,2238,221,419
202403,2650076000,수영구 광안1동,40대,1576,224,397
202403,2650076000,수영구 광안1동,50대,1499,217,451
202403,2650076000,수영구 광안1동,60대이상,4259,244,866
202403,2650077000,수영구 광안2동,20대,1681,384,1985
202403,2650077000,수영구 광안2동,20대미만,1112,134,407
202403,2650077000,수영구 광안2동,30대,1719,357,1264
202403,2650077000,수영구 광안2동,40대,1842,375,856
202403,2650077000,수영구 광안2동,50대,1854,335,900
202403,2650077000,수영구 광안2동,60대이상,4343,357,1290
202403,2650078000,수영구 광안3동,20대,1276,194,732
202403,2650078000,수영구 광안3동,20대미만,317,32,238
202403,2650078000,수영구 광안3동,30대,1129,189,628
202403,2650078000,수영구 광안3동,40대,802,213,564
202403,2650078000,수영구 광안3동,50대,897,231,618
202403,2650078000,수영구 광안3동,60대이상,2695,279,1251
202403,2650079000,수영구 광안4동,20대,890,96,566
202403,2650079000,수영구 광안4동,20대미만,658,171,358
202403,2650079000,수영구 광안4동,30대,994,113,637
202403,2650079000,수영구 광안4동,40대,1065,137,604
202403,2650079000,수영구 광안4동,50대,1378,149,636
202403,2650079000,수영구 광안4동,60대이상,3029,151,1210
202403,2650080000,수영구 민락동,20대,2149,372,2012
202403,2650080000,수영구 민락동,20대미만,1377,46,471
202403,2650080000,수영구 민락동,30대,2682,394,1407
202403,2650080000,수영구 민락동,40대,2888,389,1087
202403,2650080000,수영구 민락동,50대,2795,448,1112
202403,2650080000,수영구 민락동,60대이상,7089,494,1577
202403,2653058000,사상구 삼락동,20대,241,168,339
202403,2653058000,사상구 삼락동,20대미만,188,81,217
202403,2653058000,사상구 삼락동,30대,300,290,479
202403,2653058000,사상구 삼락동,40대,325,391,558
202403,2653058000,사상구 삼락동,50대,663,643,807
202403,2653058000,사상구 삼락동,60대이상,1632,471,1489
202403,2653059100,사상구 모라1동,20대,1912,387,400
202403,2653059100,사상구 모라1동,20대미만,1241,137,184
202403,2653059100,사상구 모라1동,30대,1978,470,458
202403,2653059100,사상구 모라1동,40대,2121,602,541
202403,2653059100,사상구 모라1동,50대,3583,854,821
202403,2653059100,사상구 모라1동,60대이상,8270,853,1345
202403,2653059300,사상구 모라3동,20대,385,74,87
202403,2653059300,사상구 모라3동,20대미만,337,44,71
202403,2653059300,사상구 모라3동,30대,437,41,92
202403,2653059300,사상구 모라3동,40대,733,87,165
202403,2653059300,사상구 모라3동,50대,1316,170,257
202403,2653059300,사상구 모라3동,60대이상,4642,200,544
202403,2653060000,사상구 덕포1동,20대,683,80,173
202403,2653060000,사상구 덕포1동,20대미만,586,128,109
202403,2653060000,사상구 덕포1동,30대,1049,77,172
202403,2653060000,사상구 덕포1동,40대,968,107,176
202403,2653060000,사상구 덕포1동,50대,1124,134,257
202403,2653060000,사상구 덕포1동,60대이상,2226,131,440
202403,2653061000,사상구 덕포2동,20대,944,205,375
202403,2653061000,사상구 덕포2동,20대미만,932,145,228
202403,2653061000,사상구 덕포2동,30대,922,259,353
202403,2653061000,사상구 덕포2동,40대,1142,336,364
202403,2653061000,사상구 덕포2동,50대,1662,469,508
202403,2653061000,사상구 덕포2동,60대이상,3674,385,733
202403,2653062000,사상구 괘법동,20대,3187,1011,1881
202403,2653062000,사상구 괘법동,20대미만,907,236,584
202403,2653062000,사상구 괘법동,30대,2875,659,1289
202403,2653062000,사상구 괘법동,40대,2134,754,1282
202403,2653062000,사상구 괘법동,50대,2930,945,1724
202403,2653062000,사상구 괘법동,60대이상,5946,856,2713
202403,2653064500,사상구 감전동,20대,734,497,763
202403,2653064500,사상구 감전동,20대미만,332,55,186
202403,2653064500,사상구 감전동,30대,862,775,775
202403,2653064500,사상구 감전동,40대,878,791,817
202403,2653064500,사상구 감전동,50대,1534,1059,1077
202403,2653064500,사상구 감전동,60대이상,3585,899,1464
202403,2653065000,사상구 주례1동,20대,1234,248,351
202403,2653065000,사상구 주례1동,20대미만,1222,24,118
202403,2653065000,사상구 주례1동,30대,1613,285,360
202403,2653065000,사상구 주례1동,40대,1606,337,343
202403,2653065000,사상구 주례1동,50대,2212,450,522
202403,2653065000,사상구 주례1동,60대이상,4338,396,1046
202403,2653066000,사상구 주례2동,20대,2752,947,950
202403,2653066000,사상구 주례2동,20대미만,1854,418,468
202403,2653066000,사상구 주례2동,30대,1990,336,491
202403,2653066000,사상구 주례2동,40대,2134,360,542
202403,2653066000,사상구 주례2동,50대,2575,436,743
202403,2653066000,사상구 주례2동,60대이상,5298,380,1332
202403,2653066100,사상구 주례3동,20대,475,68,151
202403,2653066100,사상구 주례3동,20대미만,464,51,85
202403,2653066100,사상구 주례3동,30대,454,85,176
202403,2653066100,사상구 주례3동,40대,597,113,221
202403,2653066100,사상구 주례3동,50대,871,139,246
202403,2653066100,사상구 주례3동,60대이상,1942,120,385
202403,2653067000,사상구 학장동,20대,1537,398,503
202403,2653067000,사상구 학장동,20대미만,1209,141,270
202403,2653067000,사상구 학장동,30대,1794,473,594
202403,2653067000,사상구 학장동,40대,2161,582,702
202403,2653067000,사상구 학장동,50대,2539,830,1012
202403,2653067000,사상구 학장동,60대이상,5886,633,1691
202403,2653068000,사상구 엄궁동,20대,2001,308,329
202403,2653068000,사상구 엄궁동,20대미만,2557,40,127
202403,2653068000,사상구 엄궁동,30대,2072,347,422
202403,2653068000,사상구 엄궁동,40대,2947,548,506
202403,2653068000,사상구 엄궁동,50대,3712,634,712
202403,2653068000,사상구 엄궁동,60대이상,5968,450,1008
202403,2671025000,기장군 기장읍,20대,4304,1182,1830
202403,2671025000,기장군 기장읍,20대미만,4123,141,925
202403,2671025000,기장군 기장읍,30대,4529,1266,2488
202403,2671025000,기장군 기장읍,40대,6064,1507,2676
202403,2671025000,기장군 기장읍,50대,7744,1800,2832
202403,2671025000,기장군 기장읍,60대이상,17319,1302,3593
202403,2671025300,기장군 장안읍,20대,632,648,632
202403,2671025300,기장군 장안읍,20대미만,407,235,348
202403,2671025300,기장군 장안읍,30대,666,1031,1019
202403,2671025300,기장군 장안읍,40대,765,1226,1381
202403,2671025300,기장군 장안읍,50대,1143,1107,1518
202403,2671025300,기장군 장안읍,60대이상,3156,660,1699
202403,2671025600,기장군 정관읍,20대,4917,1085,818
202403,2671025600,기장군 정관읍,20대미만,14025,103,475
202403,2671025600,기장군 정관읍,30대,7637,1451,1125
202403,2671025600,기장군 정관읍,40대,15344,2637,1498
202403,2671025600,기장군 정관읍,50대,8537,1891,1426
202403,2671025600,기장군 정관읍,60대이상,13534,1066,1718
202403,2671025900,기장군 일광읍,20대,1963,336,713
202403,2671025900,기장군 일광읍,20대미만,2253,65,374
202403,2671025900,기장군 일광읍,30대,3650,503,900
202403,2671025900,기장군 일광읍,40대,3868,676,1092
202403,2671025900,기장군 일광읍,50대,3244,587,1345
202403,2671025900,기장군 일광읍,60대이상,5609,488,1756
202403,2671033000,기장군 철마면,20대,182,39,96
202403,2671033000,기장군 철마면,20대미만,224,7,55
202403,2671033000,기장군 철마면,30대,282,99,160
202403,2671033000,기장군 철마면,40대,496,148,268
202403,2671033000,기장군 철마면,50대,736,290,495
202403,2671033000,기장군 철마면,60대이상,3250,245,1077
202402,2611051000,중구 중앙동,20대,574,944,1070
202402,2611051000,중구 중앙동,20대미만,384,46,438
202402,2611051000,중구 중앙동,30대,765,1260,1110
202402,2611051000,중구 중앙동,40대,872,1153,1154
202402,2611051000,중구 중앙동,50대,1115,1120,1257
202402,2611051000,중구 중앙동,60대이상,2246,693,1619
202402,2611052000,중구 동광동,20대,134,57,163
202402,2611052000,중구 동광동,20대미만,43,1,73
202402,2611052000,중구 동광동,30대,132,72,143
202402,2611052000,중구 동광동,40대,128,94,159
202402,2611052000,중구 동광동,50대,280,93,188
202402,2611052000,중구 동광동,60대이상,782,88,316
202402,2611053000,중구 대청동,20대,542,201,407
202402,2611053000,중구 대청동,20대미만,283,17,166
202402,2611053000,중구 대청동,30대,398,234,319
202402,2611053000,중구 대청동,40대,555,206,339
202402,2611053000,중구 대청동,50대,721,242,346
202402,2611053000,중구 대청동,60대이상,2087,217,572
202402,2611054500,중구 보수동,20대,843,101,248
202402,2611054500,중구 보수동,20대미만,329,8,122
202402,2611054500,중구 보수동,30대,467,68,177
202402,2611054500,중구 보수동,40대,564,87,210
202402,2611054500,중구 보수동,50대,1119,157,259
202402,2611054500,중구 보수동,60대이상,2430,156,511
202402,2611056000,중구 부평동,20대,291,146,1030
202402,2611056000,중구 부평동,20대미만,200,26,316
202402,2611056000,중구 부평동,30대,271,194,725
202402,2611056000,중구 부평동,40대,360,208,818
202402,2611056000,중구 부평동,50대,531,296,1003
202402,2611056000,중구 부평동,60대이상,1616,353,1778
202402,2611057000,중구 광복동,20대,34,176,441
202402,2611057000,중구 광복동,20대미만,16,8,235
202402,2611057000,중구 광복동,30대,47,89,258
202402,2611057000,중구 광복동,40대,65,96,270
202402,2611057000,중구 광복동,50대,87,117,273
202402,2611057000,중구 광복동,60대이상,216,244,426
202402,2611058000,중구 남포동,20대,222,343,969
202402,2611058000,중구 남포동,20대미만,50,27,445
202402,2611058000,중구 남포동,30대,235,389,774
202402,2611058000,중구 남포동,40대,286,382,950
202402,2611058000,중구 남포동,50대,455,536,1340
202402,2611058000,중구 남포동,60대이상,970,837,2923
202402,2611059000,중구 영주1동,20대,32,12,47
202402,2611059000,중구 영주1동,20대미만,12,0,18
202402,2611059000,중구 영주1동,30대,29,15,51
202402,2611059000,중구 영주1동,40대,37,15,62
202402,2611059000,중구 영주1동,50대,36,16,81
202402,2611059000,중구 영주1동,60대이상,107,18,126
202402,2611060000,중구 영주2동,20대,435,42,149
202402,2611060000,중구 영주2동,20대미만,364,4,73
202402,2611060000,중구 영주2동,30대,400,49,143
202402,2611060000,중구 영주2동,40대,561,72,171
202402,2611060000,중구 영주2동,50대,920,105,238
202402,2611060000,중구 영주2동,60대이상,2749,95,456
202402,2614051000,서구 동대신1동,20대,377,45,163
202402,2614051000,서구 동대신1동,20대미만,329,17,125
202402,2614051000,서구 동대신1동,30대,405,51,140
202402,2614051000,서구 동대신1동,40대,509,55,186
202402,2614051000,서구 동대신1동,50대,616,89,239
202402,2614051000,서구 동대신1동,60대이상,1604,97,412
202402,2614052000,서구 동대신2동,20대,213,15,63
202402,2614052000,서구 동대신2동,20대미만,150,0,52
202402,2614052000,서구 동대신2동,30대,154,15,56
202402,2614052000,서구 동대신2동,40대,283,32,92
202402,2614052000,서구 동대신2동,50대,407,34,96
202402,2614052000,서구 동대신2동,60대이상,1453,43,219
202402,2614053000,서구 동대신3동,20대,784,319,626
202402,2614053000,서구 동대신3동,20대미만,553,118,363
202402,2614053000,서구 동대신3동,30대,519,271,468
202402,2614053000,서구 동대신3동,40대,700,284,615
202402,2614053000,서구 동대신3동,50대,798,282,697
202402,2614053000,서구 동대신3동,60대이상,2256,203,1369
202402,2614054000,서구 서대신1동,20대,1179,172,341
202402,2614054000,서구 서대신1동,20대미만,1372,31,256
202402,2614054000,서구 서대신1동,30대,1373,194,330
202402,2614054000,서구 서대신1동,40대,1803,213,407
202402,2614054000,서구 서대신1동,50대,1663,262,475
202402,2614054000,서구 서대신1동,60대이상,3842,251,849
202402,2614056000,서구 서대신3동,20대,246,45,93
202402,2614056000,서구 서대신3동,20대미만,375,18,118
202402,2614056000,서구 서대신3동,30대,299,50,127
202402,2614056000,서구 서대신3동,40대,419,69,152
202402,2614056000,서구 서대신3동,50대,471,61,204
202402,2614056000,서구 서대신3동,60대이상,1040,75,346
202402,2614057000,서구 서대신4동,20대,483,67,230
202402,2614057000,서구 서대신4동,20대미만,587,23,132
202402,2614057000,서구 서대신4동,30대,473,52,178
202402,2614057000,서구 서대신4동,40대,788,77,242
202402,2614057000,서구 서대신4동,50대,850,113,301
202402,2614057000,서구 서대신4동,60대이상,1965,84,567
202402,2614059000,서구 부민동,20대,561,103,252
202402,2614059000,서구 부민동,20대미만,337,9,110
202402,2614059000,서구 부민동,30대,352,65,135
202402,2614059000,서구 부민동,40대,492,74,143
202402,2614059000,서구 부민동,50대,511,99,210
202402,2614059000,서구 부민동,60대이상,1249,96,301
202402,2614061500,서구 아미동,20대,509,84,324
202402,2614061500,서구 아미동,20대미만,206,4,88
202402,2614061500,서구 아미동,30대,426,132,302
202402,2614061500,서구 아미동,40대,453,114,277
202402,2614061500,서구 아미동,50대,662,121,335
202402,2614061500,서구 아미동,60대이상,2596,127,713
202402,2614063000,서구 초장동,20대,203,23,96
202402,2614063000,서구 초장동,20대미만,157,2,59
202402,2614063000,서구 초장동,30대,197,9,81
202402,2614063000,서구 초장동,40대,345,19,125
202402,2614063000,서구 초장동,50대,508,55,184
202402,2614063000,서구 초장동,60대이상,1770,70,374
202402,2614064000,서구 충무동,20대,684,96,199
202402,2614064000,서구 충무동,20대미만,330,16,98
202402,2614064000,서구 충무동,30대,432,136,139
202402,2614064000,서구 충무동,40대,647,163,220
202402,2614064000,서구 충무동,50대,836,192,344
202402,2614064000,서구 충무동,60대이상,2317,195,648
202402,2614065000,서구 남부민1동,20대,173,25,87
202402,2614065000,서구 남부민1동,20대미만,74,6,40
202402,2614065000,서구 남부민1동,30대,118,37,75
202402,2614065000,서구 남부민1동,40대,201,42,117
202402,2614065000,서구 남부민1동,50대,445,63,217
202402,2614065000,서구 남부민1동,60대이상,1293,79,449
202402,2614066000,서구 남부민2동,20대,464,58,178
202402,2614066000,서구 남부민2동,20대미만,373,9,152
202402,2614066000,서구 남부민2동,30대,426,53,241
202402,2614066000,서구 남부민2동,40대,663,87,281
202402,2614066000,서구 남부민2동,50대,1028,95,365
202402,2614066000,서구 남부민2동,60대이상,3341,126,785
202402,2614068000,서구 암남동,20대,1203,361,820
202402,2614068000,서구 암남동,20대미만,838,27,355
202402,2614068000,서구 암남동,30대,1159,410,679
202402,2614068000,서구 암남동,40대,1374,443,934
202402,2614068000,서구 암남동,50대,1953,544,1174
202402,2614068000,서구 암남동,60대이상,4763,384,1818
202402,2617051000,동구 초량1동,20대,164,130,451
202402,2617051000,동구 초량1동,20대미만,98,30,213
202402,2617051000,동구 초량1동,30대,157,216,368
202402,2617051000,동구 초량1동,40대,240,207,397
202402,2617051000,동구 초량1동,50대,348,191,445
202402,2617051000,동구 초량1동,60대이상,903,136,622
202402,2617052000,동구 초량2동,20대,322,153,749
202402,2617052000,동구 초량2동,20대미만,243,40,319
202402,2617052000,동구 초량2동,30대,305,213,536
202402,2617052000,동구 초량2동,40대,458,185,554
202402,2617052000,동구 초량2동,50대,656,203,688
202402,2617052000,동구 초량2동,60대이상,2083,227,1382
202402,2617053000,동구 초량3동,20대,1126,463,1502
202402,2617053000,동구 초량3동,20대미만,702,24,705
202402,2617053000,동구 초량3동,30대,1547,636,1277
202402,2617053000,동구 초량3동,40대,1381,535,1416
202402,2617053000,동구 초량3동,50대,1255,593,1635
202402,2617053000,동구 초량3동,60대이상,2222,455,1993
202402,2617055000,동구 초량6동,20대,114,18,157
202402,2617055000,동구 초량6동,20대미만,90,5,98
202402,2617055000,동구 초량6동,30대,98,26,130
202402,2617055000,동구 초량6동,40대,137,29,158
202402,2617055000,동구 초량6동,50대,283,53,142
202402,2617055000,동구 초량6동,60대이상,608,32,190
202402,2617056000,동구 수정1동,20대,294,73,199
202402,2617056000,동구 수정1동,20대미만,299,10,136
202402,2617056000,동구 수정1동,30대,241,93,175
202402,2617056000,동구 수정1동,40대,398,86,214
202402,2617056000,동구 수정1동,50대,488,93,233
202402,2617056000,동구 수정1동,60대이상,1423,94,384
202402,2617057000,동구 수정2동,20대,531,80,159
202402,2617057000,동구 수정2동,20대미만,408,26,122
202402,2617057000,동구 수정2동,30대,621,111,189
202402,2617057000,동구 수정2동,40대,656,135,251
202402,2617057000,동구 수정2동,50대,988,186,320
202402,2617057000,동구 수정2동,60대이상,3001,173,516
202402,2617059000,동구 수정4동,20대,138,17,40
202402,2617059000,동구 수정4동,20대미만,117,1,44
202402,2617059000,동구 수정4동,30대,134,7,47
202402,2617059000,동구 수정4동,40대,238,19,65
202402,2617059000,동구 수정4동,50대,399,32,79
202402,2617059000,동구 수정4동,60대이상,1466,42,186
202402,2617060000,동구 수정5동,20대,276,19,64
202402,2617060000,동구 수정5동,20대미만,275,9,67
202402,2617060000,동구 수정5동,30대,225,37,88
202402,2617060000,동구 수정5동,40대,410,29,104
202402,2617060000,동구 수정5동,50대,685,53,144
202402,2617060000,동구 수정5동,60대이상,2175,64,229
202402,2617064500,동구 좌천동,20대,346,39,206
202402,2617064500,동구 좌천동,20대미만,168,3,133
202402,2617064500,동구 좌천동,30대,273,52,241
202402,2617064500,동구 좌천동,40대,307,49,275
202402,2617064500,동구 좌천동,50대,480,97,365
202402,2617064500,동구 좌천동,60대이상,1526,107,769
202402,2617065000,동구 범일1동,20대,624,68,247
202402,2617065000,동구 범일1동,20대미만,336,27,117
202402,2617065000,동구 범일1동,30대,702,127,267
202402,2617065000,동구 범일1동,40대,825,134,279
202402,2617065000,동구 범일1동,50대,1247,180,340
202402,2617065000,동구 범일1동,60대이상,4115,190,614
202402,2617066000,동구 범일2동,20대,702,421,574
202402,2617066000,동구 범일2동,20대미만,360,14,179
202402,2617066000,동구 범일2동,30대,739,747,742
202402,2617066000,동구 범일2동,40대,754,998,802
202402,2617066000,동구 범일2동,50대,1014,1102,1080
202402,2617066000,동구 범일2동,60대이상,2349,887,2032
202402,2617068000,동구 범일5동,20대,613,102,510
202402,2617068000,동구 범일5동,20대미만,502,22,194
202402,2617068000,동구 범일5동,30대,1365,189,587
202402,2617068000,동구 범일5동,40대,993,216,675
202402,2617068000,동구 범일5동,50대,830,274,811
202402,2617068000,동구 범일5동,60대이상,1675,340,1589
202402,2620053000,영도구 남항동,20대,651,189,565
202402,2620053000,영도구 남항동,20대미만,436,23,273
202402,2620053000,영도구 남항동,30대,675,289,548
202402,2620053000,영도구 남항동,40대,964,341,752
202402,2620053000,영도구 남항동,50대,1404,428,1018
202402,2620053000,영도구 남항동,60대이상,4362,539,1958
202402,2620054000,영도구 영선1동,20대,86,12,52
202402,2620054000,영도구 영선1동,20대미만,68,4,38
202402,2620054000,영도구 영선1동,30대,74,22,86
202402,2620054000,영도구 영선1동,40대,176,50,95
202402,2620054000,영도구 영선1동,50대,178,69,137
202402,2620054000,영도구 영선1동,60대이상,585,87,320
202402,2620055000,영도구 영선2동,20대,472,50,233
202402,2620055000,영도구 영선2동,20대미만,474,8,154
202402,2620055000,영도구 영선2동,30대,474,49,158
202402,2620055000,영도구 영선2동,40대,597,86,201
202402,2620055000,영도구 영선2동,50대,950,86,277
202402,2620055000,영도구 영선2동,60대이상,2948,136,552
202402,2620058500,영도구 신선동,20대,327,33,99
202402,2620058500,영도구 신선동,20대미만,315,23,119
202402,2620058500,영도구 신선동,30대,311,32,110
202402,2620058500,영도구 신선동,40대,597,50,157
202402,2620058500,영도구 신선동,50대,949,79,205
202402,2620058500,영도구 신선동,60대이상,3009,66,356
202402,2620059000,영도구 봉래1동,20대,332,37,194
202402,2620059000,영도구 봉래1동,20대미만,339,11,147
202402,2620059000,영도구 봉래1동,30대,346,75,221
202402,2620059000,영도구 봉래1동,40대,498,113,313
202402,2620059000,영도구 봉래1동,50대,599,141,349
202402,2620059000,영도구 봉래1동,60대이상,2022,173,575
202402,2620060500,영도구 봉래2동,20대,397,49,136
202402,2620060500,영도구 봉래2동,20대미만,351,33,137
202402,2620060500,영도구 봉래2동,30대,453,86,161
202402,2620060500,영도구 봉래2동,40대,592,117,224
202402,2620060500,영도구 봉래2동,50대,944,143,268
202402,2620060500,영도구 봉래2동,60대이상,2516,164,443
202402,2620063000,영도구 청학1동,20대,271,59,134
202402,2620063000,영도구 청학1동,20대미만,268,7,103
202402,2620063000,영도구 청학1동,30대,308,70,133
202402,2620063000,영도구 청학1동,40대,497,205,271
202402,2620063000,영도구 청학1동,50대,595,205,277
202402,2620063000,영도구 청학1동,60대이상,2059,167,399
202402,2620064000,영도구 청학2동,20대,885,176,314
202402,2620064000,영도구 청학2동,20대미만,1025,12,247
202402,2620064000,영도구 청학2동,30대,1105,244,327
202402,2620064000,영도구 청학2동,40대,1613,325,447
202402,2620064000,영도구 청학2동,50대,1965,406,501
202402,2620064000,영도구 청학2동,60대이상,5400,327,802
202402,2620065000,영도구 동삼1동,20대,2042,297,526
202402,2620065000,영도구 동삼1동,20대미만,2197,68,364
202402,2620065000,영도구 동삼1동,30대,1854,324,504
202402,2620065000,영도구 동삼1동,40대,2573,426,659
202402,2620065000,영도구 동삼1동,50대,3562,542,712
202402,2620065000,영도구 동삼1동,60대이상,9371,443,1170
202402,2620066000,영도구 동삼2동,20대,496,195,641
202402,2620066000,영도구 동삼2동,20대미만,229,34,528
202402,2620066000,영도구 동삼2동,30대,299,136,610
202402,2620066000,영도구 동삼2동,40대,441,138,710
202402,2620066000,영도구 동삼2동,50대,501,154,763
202402,2620066000,영도구 동삼2동,60대이상,1374,87,1126
202402,2620067000,영도구 동삼3동,20대,459,65,180
202402,2620067000,영도구 동삼3동,20대미만,431,16,152
202402,2620067000,영도구 동삼3동,30대,501,74,230
202402,2620067000,영도구 동삼3동,40대,725,109,292
202402,2620067000,영도구 동삼3동,50대,1044,140,371
202402,2620067000,영도구 동삼3동,60대이상,3924,194,626
202402,2623051000,부산진구 부전1동,20대,2528,845,1919
202402,2623051000,부산진구 부전1동,20대미만,464,62,501
202402,2623051000,부산진구 부전1동,30대,1936,859,1293
202402,2623051000,부산진구 부전1동,40대,1249,760,1225
202402,2623051000,부산진구 부전1동,50대,1685,936,1741
202402,2623051000,부산진구 부전1동,60대이상,3807,1215,4264
202402,2623052000,부산진구 부전2동,20대,2069,2238,7606
202402,2623052000,부산진구 부전2동,20대미만,512,164,2290
202402,2623052000,부산진구 부전2동,30대,1781,1438,3514
202402,2623052000,부산진구 부전2동,40대,1306,1119,2343
202402,2623052000,부산진구 부전2동,50대,1271,1035,2112
202402,2623052000,부산진구 부전2동,60대이상,1811,761,2737
202402,2623054000,부산진구 연지동,20대,744,77,209
202402,2623054000,부산진구 연지동,20대미만,768,37,225
202402,2623054000,부산진구 연지동,30대,972,124,281
202402,2623054000,부산진구 연지동,40대,1225,173,319
202402,2623054000,부산진구 연지동,50대,1425,168,338
202402,2623054000,부산진구 연지동,60대이상,3847,180,581
202402,2623055000,부산진구 초읍동,20대,1399,163,424
202402,2623055000,부산진구 초읍동,20대미만,1772,57,368
202402,2623055000,부산진구 초읍동,30대,1465,202,592
202402,2623055000,부산진구 초읍동,40대,2115,286,795
202402,2623055000,부산진구 초읍동,50대,2658,408,857
202402,2623055000,부산진구 초읍동,60대이상,7540,388,1372
202402,2623056000,부산진구 양정1동,20대,1813,435,798
202402,2623056000,부산진구 양정1동,20대미만,1458,90,432
202402,2623056000,부산진구 양정1동,30대,1745,369,709
202402,2623056000,부산진구 양정1동,40대,1957,417,744
202402,2623056000,부산진구 양정1동,50대,2496,521,831
202402,2623056000,부산진구 양정1동,60대이상,5466,486,1274
202402,2623057000,부산진구 양정2동,20대,1830,195,539
202402,2623057000,부산진구 양정2동,20대미만,577,49,218
202402,2623057000,부산진구 양정2동,30대,1585,252,437
202402,2623057000,부산진구 양정2동,40대,1116,279,479
202402,2623057000,부산진구 양정2동,50대,1006,325,668
202402,2623057000,부산진구 양정2동,60대이상,2230,227,1031
202402,2623060000,부산진구 전포1동,20대,3086,804,2232
202402,2623060000,부산진구 전포1동,20대미만,914,108,667
202402,2623060000,부산진구 전포1동,30대,2757,621,1128
202402,2623060000,부산진구 전포1동,40대,1562,373,658
202402,2623060000,부산진구 전포1동,50대,1501,390,574
202402,2623060000,부산진구 전포1동,60대이상,2720,294,728
202402,2623061000,부산진구 전포2동,20대,2451,620,2001
202402,2623061000,부산진구 전포2동,20대미만,976,39,678
202402,2623061000,부산진구 전포2동,30대,2749,536,1241
202402,2623061000,부산진구 전포2동,40대,2095,441,846
202402,2623061000,부산진구 전포2동,50대,2409,477,739
202402,2623061000,부산진구 전포2동,60대이상,5645,447,1106
202402,2623064000,부산진구 부암1동,20대,1738,209,541
202402,2623064000,부산진구 부암1동,20대미만,1382,23,290
202402,2623064000,부산진구 부암1동,30대,2237,308,622
202402,2623064000,부산진구 부암1동,40대,2146,278,584
202402,2623064000,부산진구 부암1동,50대,2573,366,684
202402,2623064000,부산진구 부암1동,60대이상,5212,306,1056
202402,2623066000,부산진구 부암3동,20대,1206,140,404
202402,2623066000,부산진구 부암3동,20대미만,1555,79,443
202402,2623066000,부산진구 부암3동,30대,1524,139,474
202402,2623066000,부산진구 부암3동,40대,1716,197,608
202402,2623066000,부산진구 부암3동,50대,2526,316,724
202402,2623066000,부산진구 부암3동,60대이상,4884,322,1414
202402,2623067000,부산진구 당감1동,20대,1497,158,397
202402,2623067000,부산진구 당감1동,20대미만,1461,38,374
202402,2623067000,부산진구 당감1동,30대,1426,151,435
202402,2623067000,부산진구 당감1동,40대,1887,203,494
202402,2623067000,부산진구 당감1동,50대,3052,371,682
202402,2623067000,부산진구 당감1동,60대이상,5979,335,1033
202402,2623068000,부산진구 당감2동,20대,444,41,205
202402,2623068000,부산진구 당감2동,20대미만,428,13,120
202402,2623068000,부산진구 당감2동,30대,615,81,272
202402,2623068000,부산진구 당감2동,40대,742,86,261
202402,2623068000,부산진구 당감2동,50대,704,95,340
202402,2623068000,부산진구 당감2동,60대이상,1605,94,563
202402,2623070000,부산진구 당감4동,20대,603,58,221
202402,2623070000,부산진구 당감4동,20대미만,892,28,231
202402,2623070000,부산진구 당감4동,30대,694,80,288
202402,2623070000,부산진구 당감4동,40대,917,94,362
202402,2623070000,부산진구 당감4동,50대,1273,163,411
202402,2623070000,부산진구 당감4동,60대이상,2699,157,582
202402,2623071000,부산진구 가야1동,20대,1755,340,767
202402,2623071000,부산진구 가야1동,20대미만,1150,72,454
202402,2623071000,부산진구 가야1동,30대,1238,210,657
202402,2623071000,부산진구 가야1동,40대,1613,284,692
202402,2623071000,부산진구 가야1동,50대,2014,404,828
202402,2623071000,부산진구 가야1동,60대이상,5284,363,1244
202402,2623072000,부산진구 가야2동,20대,803,85,343
202402,2623072000,부산진구 가야2동,20대미만,678,17,290
202402,2623072000,부산진구 가야2동,30대,755,89,403
202402,2623072000,부산진구 가야2동,40대,958,100,446
202402,2623072000,부산진구 가야2동,50대,1210,165,583
202402,2623072000,부산진구 가야2동,60대이상,3208,224,988
202402,2623074000,부산진구 개금1동,20대,1924,190,628
202402,2623074000,부산진구 개금1동,20대미만,769,56,309
202402,2623074000,부산진구 개금1동,30대,1655,165,447
202402,2623074000,부산진구 개금1동,40대,1580,206,488
202402,2623074000,부산진구 개금1동,50대,1765,284,575
202402,2623074000,부산진구 개금1동,60대이상,3654,279,914
202402,2623075000,부산진구 개금2동,20대,872,207,651
202402,2623075000,부산진구 개금2동,20대미만,668,33,243
202402,2623075000,부산진구 개금2동,30대,657,198,459
202402,2623075000,부산진구 개금2동,40대,850,180,528
202402,2623075000,부산진구 개금2동,50대,1173,195,568
202402,2623075000,부산진구 개금2동,60대이상,3002,167,1085
202402,2623076000,부산진구 개금3동,20대,2062,219,396
202402,2623076000,부산진구 개금3동,20대미만,1736,54,387
202402,2623076000,부산진구 개금3동,30대,2019,204,522
202402,2623076000,부산진구 개금3동,40대,2401,241,523
202402,2623076000,부산진구 개금3동,50대,3279,351,634
202402,2623076000,부산진구 개금3동,60대이상,7800,394,1027
202402,2623077000,부산진구 범천1동,20대,1732,506,1164
202402,2623077000,부산진구 범천1동,20대미만,481,25,431
202402,2623077000,부산진구 범천1동,30대,1802,626,1182
202402,2623077000,부산진구 범천1동,40대,1208,614,1083
202402,2623077000,부산진구 범천1동,50대,1267,782,1222
202402,2623077000,부산진구 범천1동,60대이상,2818,647,2189
202402,2623078000,부산진구 범천2동,20대,1463,145,381
202402,2623078000,부산진구 범천2동,20대미만,815,12,190
202402,2623078000,부산진구 범천2동,30대,2337,205,470
202402,2623078000,부산진구 범천2동,40대,1999,174,406
202402,2623078000,부산진구 범천2동,50대,2202,297,433
202402,2623078000,부산진구 범천2동,60대이상,5413,301,740
202402,2626051000,동래구 수민동,20대,1469,256,686
202402,2626051000,동래구 수민동,20대미만,1534,87,599
202402,2626051000,동래구 수민동,30대,1861,380,780
202402,2626051000,동래구 수민동,40대,2268,443,1032
202402,2626051000,동래구 수민동,50대,2467,541,1234
202402,2626051000,동래구 수민동,60대이상,7525,459,2358
202402,2626052000,동래구 복산동,20대,541,54,135
202402,2626052000,동래구 복산동,20대미만,405,18,152
202402,2626052000,동래구 복산동,30대,549,63,157
202402,2626052000,동래구 복산동,40대,707,87,235
202402,2626052000,동래구 복산동,50대,1117,145,282
202402,2626052000,동래구 복산동,60대이상,3392,166,503
202402,2626054500,동래구 명륜동,20대,1807,531,1588
202402,2626054500,동래구 명륜동,20대미만,2773,139,647
202402,2626054500,동래구 명륜동,30대,2107,552,1300
202402,2626054500,동래구 명륜동,40대,3186,625,1355
202402,2626054500,동래구 명륜동,50대,3257,749,1510
202402,2626054500,동래구 명륜동,60대이상,4858,564,2420
202402,2626055000,동래구 온천1동,20대,2637,423,1062
202402,2626055000,동래구 온천1동,20대미만,1731,68,602
202402,2626055000,동래구 온천1동,30대,3168,445,1188
202402,2626055000,동래구 온천1동,40대,2916,495,1323
202402,2626055000,동래구 온천1동,50대,2775,611,1465
202402,2626055000,동래구 온천1동,60대이상,5459,563,2267
202402,2626056000,동래구 온천2동,20대,877,189,392
202402,2626056000,동래구 온천2동,20대미만,1307,50,234
202402,2626056000,동래구 온천2동,30대,1123,266,414
202402,2626056000,동래구 온천2동,40대,1637,303,474
202402,2626056000,동래구 온천2동,50대,1450,341,585
202402,2626056000,동래구 온천2동,60대이상,3336,246,977
202402,2626057000,동래구 온천3동,20대,3256,301,1538
202402,2626057000,동래구 온천3동,20대미만,2374,92,1731
202402,2626057000,동래구 온천3동,30대,3388,328,2161
202402,2626057000,동래구 온천3동,40대,3885,444,2659
202402,2626057000,동래구 온천3동,50대,4577,546,2245
202402,2626057000,동래구 온천3동,60대이상,9844,512,4031
202402,2626058000,동래구 사직1동,20대,642,222,570
202402,2626058000,동래구 사직1동,20대미만,914,159,656
202402,2626058000,동래구 사직1동,30대,712,206,521
202402,2626058000,동래구 사직1동,40대,957,240,747
202402,2626058000,동래구 사직1동,50대,953,252,789
202402,2626058000,동래구 사직1동,60대이상,2363,276,1027
202402,2626059000,동래구 사직2동,20대,1761,187,629
202402,2626059000,동래구 사직2동,20대미만,3091,133,705
202402,2626059000,동래구 사직2동,30대,1557,181,599
202402,2626059000,동래구 사직2동,40대,2839,325,915
202402,2626059000,동래구 사직2동,50대,3282,322,874
202402,2626059000,동래구 사직2동,60대이상,4419,312,1288
202402,2626060000,동래구 사직3동,20대,1112,158,387
202402,2626060000,동래구 사직3동,20대미만,1813,78,505
202402,2626060000,동래구 사직3동,30대,1155,219,423
202402,2626060000,동래구 사직3동,40대,2276,309,606
202402,2626060000,동래구 사직3동,50대,1866,315,621
202402,2626060000,동래구 사직3동,60대이상,4079,252,804
202402,2626074000,동래구 안락1동,20대,751,130,315
202402,2626074000,동래구 안락1동,20대미만,651,41,213
202402,2626074000,동래구 안락1동,30대,844,164,377
202402,2626074000,동래구 안락1동,40대,1013,200,540
202402,2626074000,동래구 안락1동,50대,1302,274,625
202402,2626074000,동래구 안락1동,60대이상,3835,347,1165
202402,2626075000,동래구 안락2동,20대,1894,288,544
202402,2626075000,동래구 안락2동,20대미만,2448,104,543
202402,2626075000,동래구 안락2동,30대,1967,360,660
202402,2626075000,동래구 안락2동,40대,2805,507,851
202402,2626075000,동래구 안락2동,50대,3265,568,906
202402,2626075000,동래구 안락2동,60대이상,6974,517,1362
202402,2626076100,동래구 명장1동,20대,929,105,275
202402,2626076100,동래구 명장1동,20대미만,1076,80,254
202402,2626076100,동래구 명장1동,30대,1013,127,303
202402,2626076100,동래구 명장1동,40대,1456,183,398
202402,2626076100,동래구 명장1동,50대,1596,255,441
202402,2626076100,동래구 명장1동,60대이상,4113,353,838
202402,2626076200,동래구 명장2동,20대,586,41,132
202402,2626076200,동래구 명장2동,20대미만,502,29,152
202402,2626076200,동래구 명장2동,30대,879,60,188
202402,2626076200,동래구 명장2동,40대,946,102,235
202402,2626076200,동래구 명장2동,50대,1131,130,259
202402,2626076200,동래구 명장2동,60대이상,3177,182,493
202402,2629051000,남구 대연1동,20대,2639,227,1409
202402,2629051000,남구 대연1동,20대미만,933,57,665
202402,2629051000,남구 대연1동,30대,1207,195,869
202402,2629051000,남구 대연1동,40대,1331,267,1030
202402,2629051000,남구 대연1동,50대,1730,321,1163
202402,2629051000,남구 대연1동,60대이상,4446,297,1753
202402,2629053000,남구 대연3동,20대,5172,1645,2840
202402,2629053000,남구 대연3동,20대미만,3776,217,1354
202402,2629053000,남구 대연3동,30대,2929,860,1353
202402,2629053000,남구 대연3동,40대,4186,950,1497
202402,2629053000,남구 대연3동,50대,3831,796,1449
202402,2629053000,남구 대연3동,60대이상,6221,594,1702
202402,2629054000,남구 대연4동,20대,812,81,240
202402,2629054000,남구 대연4동,20대미만,1075,25,213
202402,2629054000,남구 대연4동,30대,1419,100,272
202402,2629054000,남구 대연4동,40대,1535,143,345
202402,2629054000,남구 대연4동,50대,1421,186,382
202402,2629054000,남구 대연4동,60대이상,3576,190,689
202402,2629055000,남구 대연5동,20대,1798,210,444
202402,2629055000,남구 대연5동,20대미만,1080,54,259
202402,2629055000,남구 대연5동,30대,1164,170,310
202402,2629055000,남구 대연5동,40대,1581,205,400
202402,2629055000,남구 대연5동,50대,1811,267,429
202402,2629055000,남구 대연5동,60대이상,4142,226,710
202402,2629056000,남구 대연6동,20대,983,147,237
202402,2629056000,남구 대연6동,20대미만,1572,30,188
202402,2629056000,남구 대연6동,30대,1118,190,253
202402,2629056000,남구 대연6동,40대,1922,258,332
202402,2629056000,남구 대연6동,50대,1527,240,385
202402,2629056000,남구 대연6동,60대이상,2807,162,591
202402,2629057000,남구 용호1동,20대,2847,347,670
202402,2629057000,남구 용호1동,20대미만,4283,123,506
202402,2629057000,남구 용호1동,30대,2684,314,712
202402,2629057000,남구 용호1동,40대,4368,501,919
202402,2629057000,남구 용호1동,50대,5760,619,944
202402,2629057000,남구 용호1동,60대이상,10615,522,1523
202402,2629058000,남구 용호2동,20대,1325,188,481
202402,2629058000,남구 용호2동,20대미만,1682,36,279
202402,2629058000,남구 용호2동,30대,1522,184,435
202402,2629058000,남구 용호2동,40대,2186,253,522
202402,2629058000,남구 용호2동,50대,2105,262,542
202402,2629058000,남구 용호2동,60대이상,4760,244,939
202402,2629059000,남구 용호3동,20대,791,101,231
202402,2629059000,남구 용호3동,20대미만,789,36,285
202402,2629059000,남구 용호3동,30대,720,123,235
202402,2629059000,남구 용호3동,40대,989,153,362
202402,2629059000,남구 용호3동,50대,1471,240,454
202402,2629059000,남구 용호3동,60대이상,4413,253,745
202402,2629060000,남구 용호4동,20대,476,135,301
202402,2629060000,남구 용호4동,20대미만,495,30,219
202402,2629060000,남구 용호4동,30대,484,82,252
202402,2629060000,남구 용호4동,40대,738,108,345
202402,2629060000,남구 용호4동,50대,821,130,349
202402,2629060000,남구 용호4동,60대이상,2257,142,650
202402,2629061000,남구 용당동,20대,631,217,294
202402,2629061000,남구 용당동,20대미만,493,21,124
202402,2629061000,남구 용당동,30대,469,207,279
202402,2629061000,남구 용당동,40대,693,248,504
202402,2629061000,남구 용당동,50대,1166,285,596
202402,2629061000,남구 용당동,60대이상,2013,209,676
202402,2629062000,남구 감만1동,20대,489,180,223
202402,2629062000,남구 감만1동,20대미만,345,7,79
202402,2629062000,남구 감만1동,30대,413,185,336
202402,2629062000,남구 감만1동,40대,621,220,510
202402,2629062000,남구 감만1동,50대,844,238,640
202402,2629062000,남구 감만1동,60대이상,2071,234,636
202402,2629063000,남구 감만2동,20대,236,23,162
202402,2629063000,남구 감만2동,20대미만,250,8,160
202402,2629063000,남구 감만2동,30대,196,32,145
202402,2629063000,남구 감만2동,40대,339,58,255
202402,2629063000,남구 감만2동,50대,614,65,379
202402,2629063000,남구 감만2동,60대이상,1355,80,703
202402,2629064500,남구 우암동,20대,747,131,397
202402,2629064500,남구 우암동,20대미만,888,23,261
202402,2629064500,남구 우암동,30대,741,141,410
202402,2629064500,남구 우암동,40대,1134,201,528
202402,2629064500,남구 우암동,50대,1466,326,752
202402,2629064500,남구 우암동,60대이상,4800,264,1238
202402,2629068000,남구 문현1동,20대,665,70,235
202402,2629068000,남구 문현1동,20대미만,777,44,304
202402,2629068000,남구 문현1동,30대,501,64,282
202402,2629068000,남구 문현1동,40대,832,128,360
202402,2629068000,남구 문현1동,50대,1194,156,402
202402,2629068000,남구 문현1동,60대이상,2816,168,713
202402,2629069000,남구 문현2동,20대,471,345,395
202402,2629069000,남구 문현2동,20대미만,200,28,194
202402,2629069000,남구 문현2동,30대,660,653,464
202402,2629069000,남구 문현2동,40대,518,535,467
202402,2629069000,남구 문현2동,50대,562,438,514
202402,2629069000,남구 문현2동,60대이상,1844,249,722
202402,2629070000,남구 문현3동,20대,777,102,828
202402,2629070000,남구 문현3동,20대미만,814,39,848
202402,2629070000,남구 문현3동,30대,912,101,792
202402,2629070000,남구 문현3동,40대,1281,161,1039
202402,2629070000,남구 문현3동,50대,1153,135,1408
202402,2629070000,남구 문현3동,60대이상,3480,207,2579
202402,2629071000,남구 문현4동,20대,444,93,182
202402,2629071000,남구 문현4동,20대미만,305,14,122
202402,2629071000,남구 문현4동,30대,488,118,215
202402,2629071000,남구 문현4동,40대,550,104,248
202402,2629071000,남구 문현4동,50대,653,115,262
202402,2629071000,남구 문현4동,60대이상,1714,137,399
202402,2632051000,북구 구포1동,20대,1101,155,540
202402,2632051000,북구 구포1동,20대미만,671,6,203
202402,2632051000,북구 구포1동,30대,1390,199,594
202402,2632051000,북구 구포1동,40대,1253,226,608
202402,2632051000,북구 구포1동,50대,1823,402,931
202402,2632051000,북구 구포1동,60대이상,4547,513,2020
202402,2632052000,북구 구포2동,20대,1939,195,435
202402,2632052000,북구 구포2동,20대미만,1327,56,258
202402,2632052000,북구 구포2동,30대,2069,295,448
202402,2632052000,북구 구포2동,40대,2168,344,500
202402,2632052000,북구 구포2동,50대,3235,486,652
202402,2632052000,북구 구포2동,60대이상,7116,369,1034
202402,2632052100,북구 구포3동,20대,1648,136,287
202402,2632052100,북구 구포3동,20대미만,1372,27,189
202402,2632052100,북구 구포3동,30대,1329,107,266
202402,2632052100,북구 구포3동,40대,1784,171,309
202402,2632052100,북구 구포3동,50대,2974,325,455
202402,2632052100,북구 구포3동,60대이상,5984,281,585
202402,2632053000,북구 금곡동,20대,2505,289,523
202402,2632053000,북구 금곡동,20대미만,2508,63,410
202402,2632053000,북구 금곡동,30대,2458,304,725
202402,2632053000,북구 금곡동,40대,3209,366,766
202402,2632053000,북구 금곡동,50대,5017,628,1001
202402,2632053000,북구 금곡동,60대이상,12369,564,1627
202402,2632054100,북구 화명1동,20대,3038,245,1153
202402,2632054100,북구 화명1동,20대미만,3134,96,1055
202402,2632054100,북구 화명1동,30대,3440,250,1245
202402,2632054100,북구 화명1동,40대,3602,337,1420
202402,2632054100,북구 화명1동,50대,5289,559,1601
202402,2632054100,북구 화명1동,60대이상,7982,447,2185
202402,2632054200,북구 화명2동,20대,1548,156,393
202402,2632054200,북구 화명2동,20대미만,1572,73,313
202402,2632054200,북구 화명2동,30대,1593,150,452
202402,2632054200,북구 화명2동,40대,1627,209,455
202402,2632054200,북구 화명2동,50대,2413,318,644
202402,2632054200,북구 화명2동,60대이상,4420,263,843
202402,2632054300,북구 화명3동,20대,2185,422,900
202402,2632054300,북구 화명3동,20대미만,2763,188,637
202402,2632054300,북구 화명3동,30대,1737,298,736
202402,2632054300,북구 화명3동,40대,2542,400,774
202402,2632054300,북구 화명3동,50대,3385,503,929
202402,2632054300,북구 화명3동,60대이상,4369,307,1231
202402,2632055000,북구 덕천1동,20대,1035,160,388
202402,2632055000,북구 덕천1동,20대미만,622,18,247
202402,2632055000,북구 덕천1동,30대,1326,202,447
202402,2632055000,북구 덕천1동,40대,1142,188,508
202402,2632055000,북구 덕천1동,50대,1463,301,611
202402,2632055000,북구 덕천1동,60대이상,4262,269,1128
202402,2632056000,북구 덕천2동,20대,983,460,1367
202402,2632056000,북구 덕천2동,20대미만,574,69,703
202402,2632056000,북구 덕천2동,30대,967,445,1284
202402,2632056000,북구 덕천2동,40대,922,384,1216
202402,2632056000,북구 덕천2동,50대,1447,504,1466
202402,2632056000,북구 덕천2동,60대이상,3767,429,2420
202402,2632056100,북구 덕천3동,20대,464,24,98
202402,2632056100,북구 덕천3동,20대미만,295,7,66
202402,2632056100,북구 덕천3동,30대,360,27,105
202402,2632056100,북구 덕천3동,40대,639,59,132
202402,2632056100,북구 덕천3동,50대,990,85,177
202402,2632056100,북구 덕천3동,60대이상,2653,72,308
202402,2632057100,북구 만덕1동,20대,1063,100,282
202402,2632057100,북구 만덕1동,20대미만,918,52,207
202402,2632057100,북구 만덕1동,30대,2063,170,463
202402,2632057100,북구 만덕1동,40대,1392,168,348
202402,2632057100,북구 만덕1동,50대,1670,167,410
202402,2632057100,북구 만덕1동,60대이상,3679,241,755
202402,2632057200,북구 만덕2동,20대,1745,134,344
202402,2632057200,북구 만덕2동,20대미만,2554,56,311
202402,2632057200,북구 만덕2동,30대,2340,189,497
202402,2632057200,북구 만덕2동,40대,2823,274,534
202402,2632057200,북구 만덕2동,50대,2989,319,580
202402,2632057200,북구 만덕2동,60대이상,6673,297,957
202402,2632057300,북구 만덕3동,20대,1247,88,458
202402,2632057300,북구 만덕3동,20대미만,1153,37,403
202402,2632057300,북구 만덕3동,30대,1360,100,532
202402,2632057300,북구 만덕3동,40대,1636,127,546
202402,2632057300,북구 만덕3동,50대,2052,196,561
202402,2632057300,북구 만덕3동,60대이상,5354,243,1170
202402,2635051000,해운대구 우1동,20대,1857,733,2746
202402,2635051000,해운대구 우1동,20대미만,1916,123,1867
202402,2635051000,해운대구 우1동,30대,1989,646,2244
202402,2635051000,해운대구 우1동,40대,2409,637,2620
202402,2635051000,해운대구 우1동,50대,2754,747,2306
202402,2635051000,해운대구 우1동,60대이상,6043,720,2913
202402,2635052000,해운대구 우2동,20대,1899,2169,2275
202402,2635052000,해운대구 우2동,20대미만,2544,464,1614
202402,2635052000,해운대구 우2동,30대,2506,2278,2559
202402,2635052000,해운대구 우2동,40대,3713,1823,2523
202402,2635052000,해운대구 우2동,50대,4063,1538,2137
202402,2635052000,해운대구 우2동,60대이상,6783,823,2691
202402,2635052500,해운대구 우3동,20대,1523,218,726
202402,2635052500,해운대구 우3동,20대미만,2202,59,579
202402,2635052500,해운대구 우3동,30대,1795,307,754
202402,2635052500,해운대구 우3동,40대,3209,412,950
202402,2635052500,해운대구 우3동,50대,3437,372,900
202402,2635052500,해운대구 우3동,60대이상,6174,354,1117
202402,2635053000,해운대구 중1동,20대,2176,654,2035
202402,2635053000,해운대구 중1동,20대미만,1940,102,1627
202402,2635053000,해운대구 중1동,30대,2411,629,1982
202402,2635053000,해운대구 중1동,40대,3383,661,2262
202402,2635053000,해운대구 중1동,50대,3567,802,1933
202402,2635053000,해운대구 중1동,60대이상,5977,602,2245
202402,2635054000,해운대구 중2동,20대,1021,166,592
202402,2635054000,해운대구 중2동,20대미만,1468,32,376
202402,2635054000,해운대구 중2동,30대,1449,223,654
202402,2635054000,해운대구 중2동,40대,2000,216,693
202402,2635054000,해운대구 중2동,50대,2034,272,773
202402,2635054000,해운대구 중2동,60대이상,3913,271,1108
202402,2635055100,해운대구 좌1동,20대,1430,407,856
202402,2635055100,해운대구 좌1동,20대미만,1129,90,551
202402,2635055100,해운대구 좌1동,30대,1393,405,713
202402,2635055100,해운대구 좌1동,40대,1705,442,792
202402,2635055100,해운대구 좌1동,50대,2299,514,1044
202402,2635055100,해운대구 좌1동,60대이상,3286,394,1315
202402,2635055200,해운대구 좌2동,20대,2828,316,676
202402,2635055200,해운대구 좌2동,20대미만,2389,158,479
202402,2635055200,해운대구 좌2동,30대,3208,309,595
202402,2635055200,해운대구 좌2동,40대,2985,391,549
202402,2635055200,해운대구 좌2동,50대,4165,472,649
202402,2635055200,해운대구 좌2동,60대이상,6763,342,863
202402,2635055300,해운대구 좌3동,20대,1136,107,326
202402,2635055300,해운대구 좌3동,20대미만,1248,47,302
202402,2635055300,해운대구 좌3동,30대,1040,89,315
202402,2635055300,해운대구 좌3동,40대,1474,119,380
202402,2635055300,해운대구 좌3동,50대,2171,175,473
202402,2635055300,해운대구 좌3동,60대이상,4331,169,742
202402,2635055400,해운대구 좌4동,20대,1917,558,884
202402,2635055400,해운대구 좌4동,20대미만,2908,138,537
202402,2635055400,해운대구 좌4동,30대,1732,398,862
202402,2635055400,해운대구 좌4동,40대,2671,462,984
202402,2635055400,해운대구 좌4동,50대,3176,536,1140
202402,2635055400,해운대구 좌4동,60대이상,4976,396,1865
202402,2635056000,해운대구 송정동,20대,623,270,1150
202402,2635056000,해운대구 송정동,20대미만,631,80,732
202402,2635056000,해운대구 송정동,30대,806,269,977
202402,2635056000,해운대구 송정동,40대,960,295,1081
202402,2635056000,해운대구 송정동,50대,1191,391,1087
202402,2635056000,해운대구 송정동,60대이상,3508,318,1263
202402,2635057000,해운대구 반여1동,20대,2893,374,659
202402,2635057000,해운대구 반여1동,20대미만,4059,118,504
202402,2635057000,해운대구 반여1동,30대,2618,400,782
202402,2635057000,해운대구 반여1동,40대,4226,587,973
202402,2635057000,해운대구 반여1동,50대,4862,789,1109
202402,2635057000,해운대구 반여1동,60대이상,8064,567,1632
202402,2635058000,해운대구 반여2동,20대,792,70,313
202402,2635058000,해운대구 반여2동,20대미만,487,26,198
202402,2635058000,해운대구 반여2동,30대,969,85,340
202402,2635058000,해운대구 반여2동,40대,1178,111,464
202402,2635058000,해운대구 반여2동,50대,1687,186,596
202402,2635058000,해운대구 반여2동,60대이상,4565,162,1067
202402,2635059000,해운대구 반여3동,20대,461,33,76
202402,2635059000,해운대구 반여3동,20대미만,227,1,51
202402,2635059000,해운대구 반여3동,30대,370,34,76
202402,2635059000,해운대구 반여3동,40대,593,29,113
202402,2635059000,해운대구 반여3동,50대,816,70,147
202402,2635059000,해운대구 반여3동,60대이상,1889,77,219
202402,2635059500,해운대구 반여4동,20대,814,46,219
202402,2635059500,해운대구 반여4동,20대미만,955,10,195
202402,2635059500,해운대구 반여4동,30대,688,70,264
202402,2635059500,해운대구 반여4동,40대,1034,99,322
202402,2635059500,해운대구 반여4동,50대,1202,103,347
202402,2635059500,해운대구 반여4동,60대이상,2132,83,682
202402,2635061000,해운대구 반송1동,20대,752,108,182
202402,2635061000,해운대구 반송1동,20대미만,341,8,111
202402,2635061000,해운대구 반송1동,30대,580,116,180
202402,2635061000,해운대구 반송1동,40대,853,170,300
202402,2635061000,해운대구 반송1동,50대,1261,210,375
202402,2635061000,해운대구 반송1동,60대이상,3523,190,530
202402,2635062000,해운대구 반송2동,20대,1328,126,196
202402,2635062000,해운대구 반송2동,20대미만,1102,12,160
202402,2635062000,해운대구 반송2동,30대,1246,92,253
202402,2635062000,해운대구 반송2동,40대,2128,200,362
202402,2635062000,해운대구 반송2동,50대,3081,358,393
202402,2635062000,해운대구 반송2동,60대이상,8364,335,640
202402,2635065000,해운대구 재송1동,20대,2555,498,738
202402,2635065000,해운대구 재송1동,20대미만,4570,154,537
202402,2635065000,해운대구 재송1동,30대,2848,627,839
202402,2635065000,해운대구 재송1동,40대,5486,780,1073
202402,2635065000,해운대구 재송1동,50대,4343,710,1060
202402,2635065000,해운대구 재송1동,60대이상,6814,495,1534
202402,2635066000,해운대구 재송2동,20대,1712,148,358
202402,2635066000,해운대구 재송2동,20대미만,1334,37,253
202402,2635066000,해운대구 재송2동,30대,1768,178,424
202402,2635066000,해운대구 재송2동,40대,2509,255,519
202402,2635066000,해운대구 재송2동,50대,3169,291,528
202402,2635066000,해운대구 재송2동,60대이상,6786,308,833
202402,2638051000,사하구 괴정1동,20대,1363,112,501
202402,2638051000,사하구 괴정1동,20대미만,1376,127,370
202402,2638051000,사하구 괴정1동,30대,1209,134,476
202402,2638051000,사하구 괴정1동,40대,1723,179,593
202402,2638051000,사하구 괴정1동,50대,2276,253,708
202402,2638051000,사하구 괴정1동,60대이상,6170,281,1148
202402,2638052000,사하구 괴정2동,20대,1044,55,156
202402,2638052000,사하구 괴정2동,20대미만,1060,12,119
202402,2638052000,사하구 괴정2동,30대,952,74,173
202402,2638052000,사하구 괴정2동,40대,1570,118,218
202402,2638052000,사하구 괴정2동,50대,1826,143,232
202402,2638052000,사하구 괴정2동,60대이상,4624,134,394
202402,2638053000,사하구 괴정3동,20대,870,166,430
202402,2638053000,사하구 괴정3동,20대미만,726,41,321
202402,2638053000,사하구 괴정3동,30대,876,163,397
202402,2638053000,사하구 괴정3동,40대,1096,220,489
202402,2638053000,사하구 괴정3동,50대,1513,279,619
202402,2638053000,사하구 괴정3동,60대이상,4598,329,1117
202402,2638054000,사하구 괴정4동,20대,917,87,238
202402,2638054000,사하구 괴정4동,20대미만,1326,30,278
202402,2638054000,사하구 괴정4동,30대,1196,122,273
202402,2638054000,사하구 괴정4동,40대,1660,152,395
202402,2638054000,사하구 괴정4동,50대,1533,174,390
202402,2638054000,사하구 괴정4동,60대이상,3581,155,804
202402,2638055000,사하구 당리동,20대,1876,284,573
202402,2638055000,사하구 당리동,20대미만,1829,145,500
202402,2638055000,사하구 당리동,30대,1848,332,613
202402,2638055000,사하구 당리동,40대,2646,471,686
202402,2638055000,사하구 당리동,50대,3119,533,785
202402,2638055000,사하구 당리동,60대이상,7447,446,1364
202402,2638056100,사하구 하단1동,20대,2356,240,595
202402,2638056100,사하구 하단1동,20대미만,1409,30,268
202402,2638056100,사하구 하단1동,30대,2029,229,530
202402,2638056100,사하구 하단1동,40대,2188,282,570
202402,2638056100,사하구 하단1동,50대,2609,336,700
202402,2638056100,사하구 하단1동,60대이상,5738,377,1120
202402,2638056200,사하구 하단2동,20대,3787,786,1602
202402,2638056200,사하구 하단2동,20대미만,1987,80,612
202402,2638056200,사하구 하단2동,30대,2282,422,906
202402,2638056200,사하구 하단2동,40대,2567,461,899
202402,2638056200,사하구 하단2동,50대,3009,536,959
202402,2638056200,사하구 하단2동,60대이상,6054,409,1187
202402,2638057100,사하구 신평1동,20대,1034,223,233
202402,2638057100,사하구 신평1동,20대미만,1021,34,194
202402,2638057100,사하구 신평1동,30대,1120,347,317
202402,2638057100,사하구 신평1동,40대,1498,421,448
202402,2638057100,사하구 신평1동,50대,2283,562,545
202402,2638057100,사하구 신평1동,60대이상,5317,342,602
202402,2638057200,사하구 신평2동,20대,1257,245,329
202402,2638057200,사하구 신평2동,20대미만,1309,47,204
202402,2638057200,사하구 신평2동,30대,1751,349,451
202402,2638057200,사하구 신평2동,40대,1970,430,497
202402,2638057200,사하구 신평2동,50대,2229,493,648
202402,2638057200,사하구 신평2동,60대이상,4233,423,939
202402,2638058000,사하구 장림1동,20대,650,186,276
202402,2638058000,사하구 장림1동,20대미만,1065,27,156
202402,2638058000,사하구 장림1동,30대,826,284,366
202402,2638058000,사하구 장림1동,40대,1464,416,475
202402,2638058000,사하구 장림1동,50대,1327,628,652
202402,2638058000,사하구 장림1동,60대이상,2808,511,1002
202402,2638059000,사하구 장림2동,20대,1998,275,529
202402,2638059000,사하구 장림2동,20대미만,2167,51,373
202402,2638059000,사하구 장림2동,30대,2207,319,713
202402,2638059000,사하구 장림2동,40대,3046,533,783
202402,2638059000,사하구 장림2동,50대,3488,626,873
202402,2638059000,사하구 장림2동,60대이상,6504,591,1282
202402,2638060100,사하구 다대1동,20대,2631,451,502
202402,2638060100,사하구 다대1동,20대미만,3198,41,316
202402,2638060100,사하구 다대1동,30대,2730,481,569
202402,2638060100,사하구 다대1동,40대,4136,734,693
202402,2638060100,사하구 다대1동,50대,5345,926,891
202402,2638060100,사하구 다대1동,60대이상,10796,718,1341
202402,2638060200,사하구 다대2동,20대,2096,267,327
202402,2638060200,사하구 다대2동,20대미만,2317,50,213
202402,2638060200,사하구 다대2동,30대,1719,250,378
202402,2638060200,사하구 다대2동,40대,2775,390,459
202402,2638060200,사하구 다대2동,50대,4019,563,548
202402,2638060200,사하구 다대2동,60대이상,8942,449,858
202402,2638061000,사하구 구평동,20대,846,150,176
202402,2638061000,사하구 구평동,20대미만,1138,21,127
202402,2638061000,사하구 구평동,30대,1611,262,304
202402,2638061000,사하구 구평동,40대,1603,389,404
202402,2638061000,사하구 구평동,50대,1454,457,534
202402,2638061000,사하구 구평동,60대이상,2662,450,712
202402,2638062000,사하구 감천1동,20대,1166,151,239
202402,2638062000,사하구 감천1동,20대미만,1196,62,284
202402,2638062000,사하구 감천1동,30대,1101,199,313
202402,2638062000,사하구 감천1동,40대,1632,345,478
202402,2638062000,사하구 감천1동,50대,2352,422,605
202402,2638062000,사하구 감천1동,60대이상,6425,365,846
202402,2638063000,사하구 감천2동,20대,280,18,78
202402,2638063000,사하구 감천2동,20대미만,142,1,64
202402,2638063000,사하구 감천2동,30대,273,27,71
202402,2638063000,사하구 감천2동,40대,464,36,105
202402,2638063000,사하구 감천2동,50대,830,55,147
202402,2638063000,사하구 감천2동,60대이상,2141,49,185
202402,2641051000,금정구 서1동,20대,262,19,74
202402,2641051000,금정구 서1동,20대미만,178,7,59
202402,2641051000,금정구 서1동,30대,251,20,98
202402,2641051000,금정구 서1동,40대,387,40,133
202402,2641051000,금정구 서1동,50대,622,63,173
202402,2641051000,금정구 서1동,60대이상,1921,93,354
202402,2641052000,금정구 서2동,20대,475,66,182
202402,2641052000,금정구 서2동,20대미만,251,10,97
202402,2641052000,금정구 서2동,30대,483,81,216
202402,2641052000,금정구 서2동,40대,632,98,258
202402,2641052000,금정구 서2동,50대,958,198,398
202402,2641052000,금정구 서2동,60대이상,2576,202,743
202402,2641053000,금정구 서3동,20대,610,76,171
202402,2641053000,금정구 서3동,20대미만,344,19,123
202402,2641053000,금정구 서3동,30대,717,95,205
202402,2641053000,금정구 서3동,40대,735,114,270
202402,2641053000,금정구 서3동,50대,1356,203,390
202402,2641053000,금정구 서3동,60대이상,4083,251,745
202402,2641055500,금정구 금사회동동,20대,367,292,300
202402,2641055500,금정구 금사회동동,20대미만,305,24,154
202402,2641055500,금정구 금사회동동,30대,432,491,469
202402,2641055500,금정구 금사회동동,40대,575,576,605
202402,2641055500,금정구 금사회동동,50대,909,725,798
202402,2641055500,금정구 금사회동동,60대이상,2848,547,1252
202402,2641057000,금정구 부곡1동,20대,446,40,128
202402,2641057000,금정구 부곡1동,20대미만,376,22,156
202402,2641057000,금정구 부곡1동,30대,476,42,145
202402,2641057000,금정구 부곡1동,40대,655,70,204
202402,2641057000,금정구 부곡1동,50대,910,88,222
202402,2641057000,금정구 부곡1동,60대이상,3128,130,397
202402,2641058000,금정구 부곡2동,20대,1702,248,607
202402,2641058000,금정구 부곡2동,20대미만,1421,110,460
202402,2641058000,금정구 부곡2동,30대,1290,314,590
202402,2641058000,금정구 부곡2동,40대,1789,380,715
202402,2641058000,금정구 부곡2동,50대,2176,407,731
202402,2641058000,금정구 부곡2동,60대이상,4842,445,1259
202402,2641059000,금정구 부곡3동,20대,1260,275,473
202402,2641059000,금정구 부곡3동,20대미만,1231,89,344
202402,2641059000,금정구 부곡3동,30대,1192,314,440
202402,2641059000,금정구 부곡3동,40대,1482,314,529
202402,2641059000,금정구 부곡3동,50대,1870,340,605
202402,2641059000,금정구 부곡3동,60대이상,3980,270,919
202402,2641059100,금정구 부곡4동,20대,354,46,187
202402,2641059100,금정구 부곡4동,20대미만,247,22,144
202402,2641059100,금정구 부곡4동,30대,455,60,176
202402,2641059100,금정구 부곡4동,40대,416,75,255
202402,2641059100,금정구 부곡4동,50대,653,113,294
202402,2641059100,금정구 부곡4동,60대이상,1796,136,563
202402,2641060000,금정구 장전1동,20대,4147,364,1122
202402,2641060000,금정구 장전1동,20대미만,1082,43,378
202402,2641060000,금정구 장전1동,30대,1359,186,418
202402,2641060000,금정구 장전1동,40대,1466,228,439
202402,2641060000,금정구 장전1동,50대,1542,251,527
202402,2641060000,금정구 장전1동,60대이상,3501,222,695
202402,2641061000,금정구 장전2동,20대,2040,1358,2080
202402,2641061000,금정구 장전2동,20대미만,2773,131,881
202402,2641061000,금정구 장전2동,30대,2327,763,998
202402,2641061000,금정구 장전2동,40대,3477,742,1044
202402,2641061000,금정구 장전2동,50대,2772,684,1001
202402,2641061000,금정구 장전2동,60대이상,6069,478,1324
202402,2641063500,금정구 선두구동,20대,39,17,102
202402,2641063500,금정구 선두구동,20대미만,52,1,49
202402,2641063500,금정구 선두구동,30대,48,51,128
202402,2641063500,금정구 선두구동,40대,101,73,231
202402,2641063500,금정구 선두구동,50대,210,118,344
202402,2641063500,금정구 선두구동,60대이상,748,99,500
202402,2641066500,금정구 청룡노포동,20대,582,112,430
202402,2641066500,금정구 청룡노포동,20대미만,557,17,227
202402,2641066500,금정구 청룡노포동,30대,592,161,388
202402,2641066500,금정구 청룡노포동,40대,721,171,539
202402,2641066500,금정구 청룡노포동,50대,1191,255,835
202402,2641066500,금정구 청룡노포동,60대이상,3463,294,1478
202402,2641067000,금정구 남산동,20대,2376,347,877
202402,2641067000,금정구 남산동,20대미만,1569,112,529
202402,2641067000,금정구 남산동,30대,1736,284,645
202402,2641067000,금정구 남산동,40대,2003,392,880
202402,2641067000,금정구 남산동,50대,3318,593,1097
202402,2641067000,금정구 남산동,60대이상,7978,581,1731
202402,2641068000,금정구 구서1동,20대,1084,140,387
202402,2641068000,금정구 구서1동,20대미만,1103,81,328
202402,2641068000,금정구 구서1동,30대,1064,175,431
202402,2641068000,금정구 구서1동,40대,1393,227,542
202402,2641068000,금정구 구서1동,50대,1587,265,564
202402,2641068000,금정구 구서1동,60대이상,3280,221,745
202402,2641069000,금정구 구서2동,20대,2417,287,1053
202402,2641069000,금정구 구서2동,20대미만,2699,71,627
202402,2641069000,금정구 구서2동,30대,2236,270,850
202402,2641069000,금정구 구서2동,40대,3195,358,984
202402,2641069000,금정구 구서2동,50대,4028,559,1294
202402,2641069000,금정구 구서2동,60대이상,8410,523,2479
202402,2641070000,금정구 금성동,20대,43,12,44
202402,2641070000,금정구 금성동,20대미만,83,1,40
202402,2641070000,금정구 금성동,30대,33,11,58
202402,2641070000,금정구 금성동,40대,91,13,91
202402,2641070000,금정구 금성동,50대,109,30,142
202402,2641070000,금정구 금성동,60대이상,344,33,216
202402,2644051000,강서구 대저1동,20대,695,483,673
202402,2644051000,강서구 대저1동,20대미만,196,37,204
202402,2644051000,강서구 대저1동,30대,383,593,452
202402,2644051000,강서구 대저1동,40대,483,664,662
202402,2644051000,강서구 대저1동,50대,788,820,848
202402,2644051000,강서구 대저1동,60대이상,2782,632,1196
202402,2644052000,강서구 대저2동,20대,994,850,3600
202402,2644052000,강서구 대저2동,20대미만,473,38,1786
202402,2644052000,강서구 대저2동,30대,643,1046,2723
202402,2644052000,강서구 대저2동,40대,689,1059,3192
202402,2644052000,강서구 대저2동,50대,748,1384,3640
202402,2644052000,강서구 대저2동,60대이상,2277,881,3388
202402,2644053000,강서구 강동동,20대,114,64,88
202402,2644053000,강서구 강동동,20대미만,39,4,42
202402,2644053000,강서구 강동동,30대,142,129,144
202402,2644053000,강서구 강동동,40대,188,160,196
202402,2644053000,강서구 강동동,50대,251,216,308
202402,2644053000,강서구 강동동,60대이상,1373,259,421
202402,2644053500,강서구 명지1동,20대,3027,758,1016
202402,2644053500,강서구 명지1동,20대미만,7430,109,655
202402,2644053500,강서구 명지1동,30대,8922,1319,1628
202402,2644053500,강서구 명지1동,40대,9551,1502,1654
202402,2644053500,강서구 명지1동,50대,4031,912,1298
202402,2644053500,강서구 명지1동,60대이상,6405,596,1473
202402,2644054500,강서구 명지2동,20대,1569,272,394
202402,2644054500,강서구 명지2동,20대미만,4344,46,375
202402,2644054500,강서구 명지2동,30대,2789,402,527
202402,2644054500,강서구 명지2동,40대,5267,700,677
202402,2644054500,강서구 명지2동,50대,2997,383,477
202402,2644054500,강서구 명지2동,60대이상,3744,270,615
202402,2644055000,강서구 가락동,20대,85,58,109
202402,2644055000,강서구 가락동,20대미만,43,3,57
202402,2644055000,강서구 가락동,30대,108,133,161
202402,2644055000,강서구 가락동,40대,150,147,215
202402,2644055000,강서구 가락동,50대,289,270,320
202402,2644055000,강서구 가락동,60대이상,1147,226,427
202402,2644056000,강서구 녹산동,20대,2284,1820,1175
202402,2644056000,강서구 녹산동,20대미만,3463,75,361
202402,2644056000,강서구 녹산동,30대,4553,3572,2110
202402,2644056000,강서구 녹산동,40대,5659,4557,2853
202402,2644056000,강서구 녹산동,50대,3772,3849,2728
202402,2644056000,강서구 녹산동,60대이상,6661,2108,2561
202402,2644058000,강서구 가덕도동,20대,177,89,339
202402,2644058000,강서구 가덕도동,20대미만,137,5,120
202402,2644058000,강서구 가덕도동,30대,287,155,592
202402,2644058000,강서구 가덕도동,40대,408,215,998
202402,2644058000,강서구 가덕도동,50대,526,194,1004
202402,2644058000,강서구 가덕도동,60대이상,1368,101,833
202402,2647061000,연제구 거제1동,20대,1841,538,720
202402,2647061000,연제구 거제1동,20대미만,2237,295,715
202402,2647061000,연제구 거제1동,30대,1768,736,737
202402,2647061000,연제구 거제1동,40대,2898,991,996
202402,2647061000,연제구 거제1동,50대,3150,962,1063
202402,2647061000,연제구 거제1동,60대이상,6177,716,1548
202402,2647062000,연제구 거제2동,20대,1391,198,468
202402,2647062000,연제구 거제2동,20대미만,2380,47,587
202402,2647062000,연제구 거제2동,30대,2054,331,616
202402,2647062000,연제구 거제2동,40대,2908,392,909
202402,2647062000,연제구 거제2동,50대,2366,505,943
202402,2647062000,연제구 거제2동,60대이상,3432,374,1759
202402,2647063000,연제구 거제3동,20대,589,138,973
202402,2647063000,연제구 거제3동,20대미만,476,56,336
202402,2647063000,연제구 거제3동,30대,666,153,1260
202402,2647063000,연제구 거제3동,40대,657,165,1282
202402,2647063000,연제구 거제3동,50대,971,235,1255
202402,2647063000,연제구 거제3동,60대이상,2050,238,1354
202402,2647064000,연제구 거제4동,20대,667,47,272
202402,2647064000,연제구 거제4동,20대미만,912,27,321
202402,2647064000,연제구 거제4동,30대,625,69,426
202402,2647064000,연제구 거제4동,40대,946,85,480
202402,2647064000,연제구 거제4동,50대,1253,165,419
202402,2647064000,연제구 거제4동,60대이상,2614,135,628
202402,2647065000,연제구 연산1동,20대,948,210,487
202402,2647065000,연제구 연산1동,20대미만,1323,92,412
202402,2647065000,연제구 연산1동,30대,1226,288,614
202402,2647065000,연제구 연산1동,40대,1643,349,705
202402,2647065000,연제구 연산1동,50대,1612,394,744
202402,2647065000,연제구 연산1동,60대이상,4014,372,1210
202402,2647066000,연제구 연산2동,20대,1800,276,1256
202402,2647066000,연제구 연산2동,20대미만,1459,67,853
202402,2647066000,연제구 연산2동,30대,2786,548,1803
202402,2647066000,연제구 연산2동,40대,2252,527,1703
202402,2647066000,연제구 연산2동,50대,2310,580,1623
202402,2647066000,연제구 연산2동,60대이상,4980,399,3007
202402,2647067000,연제구 연산3동,20대,312,12,58
202402,2647067000,연제구 연산3동,20대미만,236,4,64
202402,2647067000,연제구 연산3동,30대,502,22,109
202402,2647067000,연제구 연산3동,40대,609,35,141
202402,2647067000,연제구 연산3동,50대,615,54,123
202402,2647067000,연제구 연산3동,60대이상,1812,69,228
202402,2647068000,연제구 연산4동,20대,1108,266,1034
202402,2647068000,연제구 연산4동,20대미만,573,31,292
202402,2647068000,연제구 연산4동,30대,1162,290,1040
202402,2647068000,연제구 연산4동,40대,1174,338,1037
202402,2647068000,연제구 연산4동,50대,1746,417,1148
202402,2647068000,연제구 연산4동,60대이상,4604,391,2126
202402,2647069000,연제구 연산5동,20대,1637,371,800
202402,2647069000,연제구 연산5동,20대미만,510,34,200
202402,2647069000,연제구 연산5동,30대,1778,554,789
202402,2647069000,연제구 연산5동,40대,1199,568,747
202402,2647069000,연제구 연산5동,50대,1322,664,899
202402,2647069000,연제구 연산5동,60대이상,2875,535,1364
202402,2647070000,연제구 연산6동,20대,816,100,610
202402,2647070000,연제구 연산6동,20대미만,730,41,391
202402,2647070000,연제구 연산6동,30대,1070,105,673
202402,2647070000,연제구 연산6동,40대,1283,146,688
202402,2647070000,연제구 연산6동,50대,1458,183,838
202402,2647070000,연제구 연산6동,60대이상,4210,213,2070
202402,2647072000,연제구 연산8동,20대,406,65,314
202402,2647072000,연제구 연산8동,20대미만,370,15,309
202402,2647072000,연제구 연산8동,30대,489,53,371
202402,2647072000,연제구 연산8동,40대,711,95,495
202402,2647072000,연제구 연산8동,50대,779,118,560
202402,2647072000,연제구 연산8동,60대이상,2070,132,1183
202402,2647073000,연제구 연산9동,20대,2452,307,615
202402,2647073000,연제구 연산9동,20대미만,2708,120,490
202402,2647073000,연제구 연산9동,30대,2704,361,770
202402,2647073000,연제구 연산9동,40대,3465,536,992
202402,2647073000,연제구 연산9동,50대,4243,657,1040
202402,2647073000,연제구 연산9동,60대이상,9256,558,1527
202402,2650066000,수영구 남천1동,20대,1274,405,896
202402,2650066000,수영구 남천1동,20대미만,1485,217,743
202402,2650066000,수영구 남천1동,30대,1430,522,870
202402,2650066000,수영구 남천1동,40대,1643,525,1101
202402,2650066000,수영구 남천1동,50대,1830,589,1195
202402,2650066000,수영구 남천1동,60대이상,3871,486,1738
202402,2650067000,수영구 남천2동,20대,537,59,474
202402,2650067000,수영구 남천2동,20대미만,624,21,255
202402,2650067000,수영구 남천2동,30대,713,78,401
202402,2650067000,수영구 남천2동,40대,849,86,394
202402,2650067000,수영구 남천2동,50대,1241,134,429
202402,2650067000,수영구 남천2동,60대이상,2229,105,695
202402,2650073000,수영구 수영동,20대,1122,144,454
202402,2650073000,수영구 수영동,20대미만,637,45,218
202402,2650073000,수영구 수영동,30대,1152,189,487
202402,2650073000,수영구 수영동,40대,1216,195,551
202402,2650073000,수영구 수영동,50대,1595,297,574
202402,2650073000,수영구 수영동,60대이상,5330,317,1109
202402,2650074000,수영구 망미1동,20대,1833,200,475
202402,2650074000,수영구 망미1동,20대미만,2048,44,386
202402,2650074000,수영구 망미1동,30대,2134,248,552
202402,2650074000,수영구 망미1동,40대,2760,343,666
202402,2650074000,수영구 망미1동,50대,2991,409,686
202402,2650074000,수영구 망미1동,60대이상,9242,451,1253
202402,2650075000,수영구 망미2동,20대,495,51,327
202402,2650075000,수영구 망미2동,20대미만,567,40,302
202402,2650075000,수영구 망미2동,30대,531,84,365
202402,2650075000,수영구 망미2동,40대,938,132,556
202402,2650075000,수영구 망미2동,50대,1108,123,502
202402,2650075000,수영구 망미2동,60대이상,2278,120,984
202402,2650076000,수영구 광안1동,20대,2035,178,548
202402,2650076000,수영구 광안1동,20대미만,967,42,246
202402,2650076000,수영구 광안1동,30대,2153,213,459
202402,2650076000,수영구 광안1동,40대,1651,215,429
202402,2650076000,수영구 광안1동,50대,1571,208,466
202402,2650076000,수영구 광안1동,60대이상,4470,234,848
202402,2650077000,수영구 광안2동,20대,1690,378,2385
202402,2650077000,수영구 광안2동,20대미만,1155,39,895
202402,2650077000,수영구 광안2동,30대,1732,342,1242
202402,2650077000,수영구 광안2동,40대,1832,337,967
202402,2650077000,수영구 광안2동,50대,1866,325,951
202402,2650077000,수영구 광안2동,60대이상,4445,334,1227
202402,2650078000,수영구 광안3동,20대,1265,204,762
202402,2650078000,수영구 광안3동,20대미만,355,17,227
202402,2650078000,수영구 광안3동,30대,1135,201,621
202402,2650078000,수영구 광안3동,40대,825,207,569
202402,2650078000,수영구 광안3동,50대,876,225,629
202402,2650078000,수영구 광안3동,60대이상,2822,275,1178
202402,2650079000,수영구 광안4동,20대,836,103,620
202402,2650079000,수영구 광안4동,20대미만,640,33,456
202402,2650079000,수영구 광안4동,30대,861,113,663
202402,2650079000,수영구 광안4동,40대,938,128,650
202402,2650079000,수영구 광안4동,50대,1406,161,659
202402,2650079000,수영구 광안4동,60대이상,3088,149,1165
202402,2650080000,수영구 민락동,20대,2180,400,2510
202402,2650080000,수영구 민락동,20대미만,1457,32,1085
202402,2650080000,수영구 민락동,30대,2751,388,1395
202402,2650080000,수영구 민락동,40대,2939,390,1232
202402,2650080000,수영구 민락동,50대,3133,436,1148
202402,2650080000,수영구 민락동,60대이상,7256,490,1472
202402,2653058000,사상구 삼락동,20대,281,146,354
202402,2653058000,사상구 삼락동,20대미만,211,23,244
202402,2653058000,사상구 삼락동,30대,296,281,478
202402,2653058000,사상구 삼락동,40대,309,379,578
202402,2653058000,사상구 삼락동,50대,682,622,810
202402,2653058000,사상구 삼락동,60대이상,1664,513,1423
202402,2653059100,사상구 모라1동,20대,1984,388,462
202402,2653059100,사상구 모라1동,20대미만,1443,73,282
202402,2653059100,사상구 모라1동,30대,2082,503,541
202402,2653059100,사상구 모라1동,40대,2175,564,666
202402,2653059100,사상구 모라1동,50대,3643,922,842
202402,2653059100,사상구 모라1동,60대이상,8445,860,1340
202402,2653059300,사상구 모라3동,20대,401,56,109
202402,2653059300,사상구 모라3동,20대미만,365,12,94
202402,2653059300,사상구 모라3동,30대,446,39,130
202402,2653059300,사상구 모라3동,40대,743,107,211
202402,2653059300,사상구 모라3동,50대,1342,170,282
202402,2653059300,사상구 모라3동,60대이상,4770,210,537
202402,2653060000,사상구 덕포1동,20대,716,56,198
202402,2653060000,사상구 덕포1동,20대미만,614,25,128
202402,2653060000,사상구 덕포1동,30대,1061,65,215
202402,2653060000,사상구 덕포1동,40대,959,93,239
202402,2653060000,사상구 덕포1동,50대,1157,131,265
202402,2653060000,사상구 덕포1동,60대이상,2265,137,464
202402,2653061000,사상구 덕포2동,20대,956,197,430
202402,2653061000,사상구 덕포2동,20대미만,974,28,246
202402,2653061000,사상구 덕포2동,30대,921,269,385
202402,2653061000,사상구 덕포2동,40대,1152,307,424
202402,2653061000,사상구 덕포2동,50대,1651,475,503
202402,2653061000,사상구 덕포2동,60대이상,3699,365,726
202402,2653062000,사상구 괘법동,20대,3263,664,1888
202402,2653062000,사상구 괘법동,20대미만,903,54,635
202402,2653062000,사상구 괘법동,30대,2890,656,1352
202402,2653062000,사상구 괘법동,40대,2141,757,1278
202402,2653062000,사상구 괘법동,50대,2964,945,1693
202402,2653062000,사상구 괘법동,60대이상,6036,832,2606
202402,2653064500,사상구 감전동,20대,779,500,788
202402,2653064500,사상구 감전동,20대미만,387,24,275
202402,2653064500,사상구 감전동,30대,894,802,803
202402,2653064500,사상구 감전동,40대,905,807,845
202402,2653064500,사상구 감전동,50대,1548,1014,1136
202402,2653064500,사상구 감전동,60대이상,3654,878,1441
202402,2653065000,사상구 주례1동,20대,1304,236,383
202402,2653065000,사상구 주례1동,20대미만,1308,26,158
202402,2653065000,사상구 주례1동,30대,1616,271,434
202402,2653065000,사상구 주례1동,40대,1596,327,414
202402,2653065000,사상구 주례1동,50대,2273,456,559
202402,2653065000,사상구 주례1동,60대이상,4380,435,1009
202402,2653066000,사상구 주례2동,20대,2807,418,845
202402,2653066000,사상구 주례2동,20대미만,1889,37,418
202402,2653066000,사상구 주례2동,30대,1976,321,584
202402,2653066000,사상구 주례2동,40대,2124,345,630
202402,2653066000,사상구 주례2동,50대,2601,408,790
202402,2653066000,사상구 주례2동,60대이상,5416,365,1325
202402,2653066100,사상구 주례3동,20대,470,71,157
202402,2653066100,사상구 주례3동,20대미만,494,8,108
202402,2653066100,사상구 주례3동,30대,457,94,188
202402,2653066100,사상구 주례3동,40대,596,118,248
202402,2653066100,사상구 주례3동,50대,854,145,263
202402,2653066100,사상구 주례3동,60대이상,1956,119,393
202402,2653067000,사상구 학장동,20대,1742,413,547
202402,2653067000,사상구 학장동,20대미만,1328,42,359
202402,2653067000,사상구 학장동,30대,1812,477,653
202402,2653067000,사상구 학장동,40대,2188,560,787
202402,2653067000,사상구 학장동,50대,2537,833,1039
202402,2653067000,사상구 학장동,60대이상,6069,614,1678
202402,2653068000,사상구 엄궁동,20대,2055,291,381
202402,2653068000,사상구 엄궁동,20대미만,2750,18,228
202402,2653068000,사상구 엄궁동,30대,2093,328,517
202402,2653068000,사상구 엄궁동,40대,2883,528,631
202402,2653068000,사상구 엄궁동,50대,3711,630,762
202402,2653068000,사상구 엄궁동,60대이상,6052,445,1050
202402,2671025000,기장군 기장읍,20대,4396,1236,2150
202402,2671025000,기장군 기장읍,20대미만,4255,136,1872
202402,2671025000,기장군 기장읍,30대,4563,1274,2770
202402,2671025000,기장군 기장읍,40대,6168,1520,3366
202402,2671025000,기장군 기장읍,50대,7964,1814,2952
202402,2671025000,기장군 기장읍,60대이상,17468,1305,3455
202402,2671025300,기장군 장안읍,20대,633,611,630
202402,2671025300,기장군 장안읍,20대미만,410,40,407
202402,2671025300,기장군 장안읍,30대,708,960,943
202402,2671025300,기장군 장안읍,40대,815,1065,1323
202402,2671025300,기장군 장안읍,50대,1190,981,1397
202402,2671025300,기장군 장안읍,60대이상,3262,527,1465
202402,2671025600,기장군 정관읍,20대,5182,1022,1038
202402,2671025600,기장군 정관읍,20대미만,14127,95,652
202402,2671025600,기장군 정관읍,30대,7607,1350,1237
202402,2671025600,기장군 정관읍,40대,15196,2448,1707
202402,2671025600,기장군 정관읍,50대,8431,1817,1540
202402,2671025600,기장군 정관읍,60대이상,13539,1005,1772
202402,2671025900,기장군 일광읍,20대,2001,329,770
202402,2671025900,기장군 일광읍,20대미만,2301,38,479
202402,2671025900,기장군 일광읍,30대,3078,484,951
202402,2671025900,기장군 일광읍,40대,3731,606,1086
202402,2671025900,기장군 일광읍,50대,3334,585,1295
202402,2671025900,기장군 일광읍,60대이상,5593,502,1552
202402,2671033000,기장군 철마면,20대,204,40,121
202402,2671033000,기장군 철마면,20대미만,241,5,101
202402,2671033000,기장군 철마면,30대,314,98,172
202402,2671033000,기장군 철마면,40대,502,144,306
202402,2671033000,기장군 철마면,50대,754,279,463
202402,2671033000,기장군 철마면,60대이상,3229,215,841
202401,2611051000,중구 중앙동,20대,559,1001,1033
202401,2611051000,중구 중앙동,20대미만,378,47,387
202401,2611051000,중구 중앙동,30대,656,1339,1068
202401,2611051000,중구 중앙동,40대,867,1250,1096
202401,2611051000,중구 중앙동,50대,1118,1208,1235
202401,2611051000,중구 중앙동,60대이상,2238,710,1637
202401,2611052000,중구 동광동,20대,134,67,146
202401,2611052000,중구 동광동,20대미만,50,1,49
202401,2611052000,중구 동광동,30대,136,73,131
202401,2611052000,중구 동광동,40대,123,105,161
202401,2611052000,중구 동광동,50대,249,94,184
202401,2611052000,중구 동광동,60대이상,787,87,349
202401,2611053000,중구 대청동,20대,549,214,379
202401,2611053000,중구 대청동,20대미만,300,14,145
202401,2611053000,중구 대청동,30대,409,253,289
202401,2611053000,중구 대청동,40대,543,237,304
202401,2611053000,중구 대청동,50대,731,244,346
202401,2611053000,중구 대청동,60대이상,2119,234,625
202401,2611054500,중구 보수동,20대,977,103,196
202401,2611054500,중구 보수동,20대미만,325,7,89
202401,2611054500,중구 보수동,30대,675,78,148
202401,2611054500,중구 보수동,40대,762,102,184
202401,2611054500,중구 보수동,50대,1102,171,229
202401,2611054500,중구 보수동,60대이상,2368,173,497
202401,2611056000,중구 부평동,20대,401,175,976
202401,2611056000,중구 부평동,20대미만,200,28,278
202401,2611056000,중구 부평동,30대,268,217,714
202401,2611056000,중구 부평동,40대,363,226,765
202401,2611056000,중구 부평동,50대,535,292,1001
202401,2611056000,중구 부평동,60대이상,1638,361,1880
202401,2611057000,중구 광복동,20대,43,166,413
202401,2611057000,중구 광복동,20대미만,16,6,203
202401,2611057000,중구 광복동,30대,54,92,229
202401,2611057000,중구 광복동,40대,64,99,244
202401,2611057000,중구 광복동,50대,89,120,278
202401,2611057000,중구 광복동,60대이상,229,251,427
202401,2611058000,중구 남포동,20대,223,338,877
202401,2611058000,중구 남포동,20대미만,56,25,363
202401,2611058000,중구 남포동,30대,241,396,706
202401,2611058000,중구 남포동,40대,258,403,895
202401,2611058000,중구 남포동,50대,454,542,1295
202401,2611058000,중구 남포동,60대이상,1040,881,2942
202401,2611059000,중구 영주1동,20대,22,12,42
202401,2611059000,중구 영주1동,20대미만,8,0,17
202401,2611059000,중구 영주1동,30대,23,11,43
202401,2611059000,중구 영주1동,40대,35,12,51
202401,2611059000,중구 영주1동,50대,36,13,60
202401,2611059000,중구 영주1동,60대이상,100,14,106
202401,2611060000,중구 영주2동,20대,435,45,122
202401,2611060000,중구 영주2동,20대미만,386,23,76
202401,2611060000,중구 영주2동,30대,391,64,117
202401,2611060000,중구 영주2동,40대,566,81,145
202401,2611060000,중구 영주2동,50대,912,118,221
202401,2611060000,중구 영주2동,60대이상,2713,113,439
202401,2614051000,서구 동대신1동,20대,385,51,159
202401,2614051000,서구 동대신1동,20대미만,338,10,103
202401,2614051000,서구 동대신1동,30대,395,59,131
202401,2614051000,서구 동대신1동,40대,511,55,161
202401,2614051000,서구 동대신1동,50대,622,95,217
202401,2614051000,서구 동대신1동,60대이상,1575,86,387
202401,2614052000,서구 동대신2동,20대,209,13,54
202401,2614052000,서구 동대신2동,20대미만,148,3,37
202401,2614052000,서구 동대신2동,30대,161,15,41
202401,2614052000,서구 동대신2동,40대,291,30,80
202401,2614052000,서구 동대신2동,50대,394,38,89
202401,2614052000,서구 동대신2동,60대이상,1456,49,185
202401,2614053000,서구 동대신3동,20대,808,361,600
202401,2614053000,서구 동대신3동,20대미만,554,154,307
202401,2614053000,서구 동대신3동,30대,520,281,464
202401,2614053000,서구 동대신3동,40대,699,282,567
202401,2614053000,서구 동대신3동,50대,804,298,709
202401,2614053000,서구 동대신3동,60대이상,2211,206,1444
202401,2614054000,서구 서대신1동,20대,1176,196,313
202401,2614054000,서구 서대신1동,20대미만,1294,49,219
202401,2614054000,서구 서대신1동,30대,1378,203,301
202401,2614054000,서구 서대신1동,40대,1767,222,368
202401,2614054000,서구 서대신1동,50대,1635,259,439
202401,2614054000,서구 서대신1동,60대이상,3838,247,781
202401,2614056000,서구 서대신3동,20대,244,42,86
202401,2614056000,서구 서대신3동,20대미만,369,17,116
202401,2614056000,서구 서대신3동,30대,279,58,126
202401,2614056000,서구 서대신3동,40대,418,66,157
202401,2614056000,서구 서대신3동,50대,456,74,204
202401,2614056000,서구 서대신3동,60대이상,989,91,330
202401,2614057000,서구 서대신4동,20대,490,65,198
202401,2614057000,서구 서대신4동,20대미만,600,21,107
202401,2614057000,서구 서대신4동,30대,491,52,158
202401,2614057000,서구 서대신4동,40대,782,85,216
202401,2614057000,서구 서대신4동,50대,809,104,288
202401,2614057000,서구 서대신4동,60대이상,1994,92,578
202401,2614059000,서구 부민동,20대,585,110,248
202401,2614059000,서구 부민동,20대미만,363,11,90
202401,2614059000,서구 부민동,30대,325,84,129
202401,2614059000,서구 부민동,40대,508,87,139
202401,2614059000,서구 부민동,50대,497,119,193
202401,2614059000,서구 부민동,60대이상,1215,89,304
202401,2614061500,서구 아미동,20대,558,95,308
202401,2614061500,서구 아미동,20대미만,197,4,69
202401,2614061500,서구 아미동,30대,441,132,286
202401,2614061500,서구 아미동,40대,425,125,268
202401,2614061500,서구 아미동,50대,654,121,330
202401,2614061500,서구 아미동,60대이상,2654,106,756
202401,2614063000,서구 초장동,20대,204,27,79
202401,2614063000,서구 초장동,20대미만,164,4,44
202401,2614063000,서구 초장동,30대,198,9,65
202401,2614063000,서구 초장동,40대,343,26,92
202401,2614063000,서구 초장동,50대,489,48,161
202401,2614063000,서구 초장동,60대이상,1775,73,336
202401,2614064000,서구 충무동,20대,724,105,183
202401,2614064000,서구 충무동,20대미만,307,52,93
202401,2614064000,서구 충무동,30대,457,145,134
202401,2614064000,서구 충무동,40대,621,166,190
202401,2614064000,서구 충무동,50대,838,200,293
202401,2614064000,서구 충무동,60대이상,2254,188,627
202401,2614065000,서구 남부민1동,20대,182,25,75
202401,2614065000,서구 남부민1동,20대미만,73,7,36
202401,2614065000,서구 남부민1동,30대,137,35,74
202401,2614065000,서구 남부민1동,40대,217,51,103
202401,2614065000,서구 남부민1동,50대,509,63,179
202401,2614065000,서구 남부민1동,60대이상,1363,81,411
202401,2614066000,서구 남부민2동,20대,466,58,175
202401,2614066000,서구 남부민2동,20대미만,378,10,124
202401,2614066000,서구 남부민2동,30대,434,64,208
202401,2614066000,서구 남부민2동,40대,658,91,261
202401,2614066000,서구 남부민2동,50대,1017,101,319
202401,2614066000,서구 남부민2동,60대이상,3383,121,752
202401,2614068000,서구 암남동,20대,1243,401,703
202401,2614068000,서구 암남동,20대미만,837,25,279
202401,2614068000,서구 암남동,30대,1107,441,617
202401,2614068000,서구 암남동,40대,1456,460,813
202401,2614068000,서구 암남동,50대,1902,601,1125
202401,2614068000,서구 암남동,60대이상,4691,412,1765
202401,2617051000,동구 초량1동,20대,171,142,449
202401,2617051000,동구 초량1동,20대미만,114,10,162
202401,2617051000,동구 초량1동,30대,170,239,371
202401,2617051000,동구 초량1동,40대,244,211,397
202401,2617051000,동구 초량1동,50대,381,196,475
202401,2617051000,동구 초량1동,60대이상,923,150,694
202401,2617052000,동구 초량2동,20대,313,166,693
202401,2617052000,동구 초량2동,20대미만,253,39,264
202401,2617052000,동구 초량2동,30대,301,219,470
202401,2617052000,동구 초량2동,40대,434,189,500
202401,2617052000,동구 초량2동,50대,638,215,690
202401,2617052000,동구 초량2동,60대이상,2029,233,1384
202401,2617053000,동구 초량3동,20대,1085,471,1267
202401,2617053000,동구 초량3동,20대미만,647,27,550
202401,2617053000,동구 초량3동,30대,1430,628,1135
202401,2617053000,동구 초량3동,40대,1317,568,1253
202401,2617053000,동구 초량3동,50대,1268,585,1547
202401,2617053000,동구 초량3동,60대이상,2219,462,1900
202401,2617055000,동구 초량6동,20대,92,8,26
202401,2617055000,동구 초량6동,20대미만,72,4,20
202401,2617055000,동구 초량6동,30대,76,9,21
202401,2617055000,동구 초량6동,40대,119,8,40
202401,2617055000,동구 초량6동,50대,265,17,52
202401,2617055000,동구 초량6동,60대이상,577,15,95
202401,2617056000,동구 수정1동,20대,296,98,177
202401,2617056000,동구 수정1동,20대미만,312,21,96
202401,2617056000,동구 수정1동,30대,248,91,175
202401,2617056000,동구 수정1동,40대,405,90,205
202401,2617056000,동구 수정1동,50대,473,97,219
202401,2617056000,동구 수정1동,60대이상,1428,109,380
202401,2617057000,동구 수정2동,20대,567,96,132
202401,2617057000,동구 수정2동,20대미만,449,23,95
202401,2617057000,동구 수정2동,30대,730,128,165
202401,2617057000,동구 수정2동,40대,751,173,216
202401,2617057000,동구 수정2동,50대,1088,226,292
202401,2617057000,동구 수정2동,60대이상,3159,192,539
202401,2617059000,동구 수정4동,20대,132,14,30
202401,2617059000,동구 수정4동,20대미만,123,2,31
202401,2617059000,동구 수정4동,30대,153,10,32
202401,2617059000,동구 수정4동,40대,223,19,48
202401,2617059000,동구 수정4동,50대,417,30,70
202401,2617059000,동구 수정4동,60대이상,1519,43,177
202401,2617060000,동구 수정5동,20대,282,16,48
202401,2617060000,동구 수정5동,20대미만,276,10,38
202401,2617060000,동구 수정5동,30대,234,44,61
202401,2617060000,동구 수정5동,40대,405,33,74
202401,2617060000,동구 수정5동,50대,683,61,101
202401,2617060000,동구 수정5동,60대이상,2172,67,241
202401,2617064500,동구 좌천동,20대,312,40,191
202401,2617064500,동구 좌천동,20대미만,180,12,116
202401,2617064500,동구 좌천동,30대,270,57,231
202401,2617064500,동구 좌천동,40대,304,61,262
202401,2617064500,동구 좌천동,50대,483,91,372
202401,2617064500,동구 좌천동,60대이상,1513,88,813
202401,2617065000,동구 범일1동,20대,631,72,228
202401,2617065000,동구 범일1동,20대미만,350,24,93
202401,2617065000,동구 범일1동,30대,717,123,238
202401,2617065000,동구 범일1동,40대,788,136,237
202401,2617065000,동구 범일1동,50대,1218,172,299
202401,2617065000,동구 범일1동,60대이상,4130,198,572
202401,2617066000,동구 범일2동,20대,682,476,578
202401,2617066000,동구 범일2동,20대미만,374,17,180
202401,2617066000,동구 범일2동,30대,755,843,742
202401,2617066000,동구 범일2동,40대,742,1086,834
202401,2617066000,동구 범일2동,50대,997,1236,1147
202401,2617066000,동구 범일2동,60대이상,2346,961,2114
202401,2617068000,동구 범일5동,20대,617,109,490
202401,2617068000,동구 범일5동,20대미만,502,11,139
202401,2617068000,동구 범일5동,30대,1359,201,548
202401,2617068000,동구 범일5동,40대,980,233,607
202401,2617068000,동구 범일5동,50대,830,278,759
202401,2617068000,동구 범일5동,60대이상,1694,357,1448
202401,2620053000,영도구 남항동,20대,654,229,586
202401,2620053000,영도구 남항동,20대미만,447,19,276
202401,2620053000,영도구 남항동,30대,681,329,591
202401,2620053000,영도구 남항동,40대,970,384,781
202401,2620053000,영도구 남항동,50대,1362,490,1066
202401,2620053000,영도구 남항동,60대이상,4410,564,1959
202401,2620054000,영도구 영선1동,20대,99,16,48
202401,2620054000,영도구 영선1동,20대미만,63,4,36
202401,2620054000,영도구 영선1동,30대,77,23,75
202401,2620054000,영도구 영선1동,40대,181,48,90
202401,2620054000,영도구 영선1동,50대,180,76,139
202401,2620054000,영도구 영선1동,60대이상,586,98,316
202401,2620055000,영도구 영선2동,20대,496,40,192
202401,2620055000,영도구 영선2동,20대미만,455,15,118
202401,2620055000,영도구 영선2동,30대,489,55,133
202401,2620055000,영도구 영선2동,40대,606,89,155
202401,2620055000,영도구 영선2동,50대,950,101,238
202401,2620055000,영도구 영선2동,60대이상,2993,151,546
202401,2620058500,영도구 신선동,20대,309,34,68
202401,2620058500,영도구 신선동,20대미만,300,15,89
202401,2620058500,영도구 신선동,30대,308,30,83
202401,2620058500,영도구 신선동,40대,579,53,121
202401,2620058500,영도구 신선동,50대,920,82,168
202401,2620058500,영도구 신선동,60대이상,3038,78,332
202401,2620059000,영도구 봉래1동,20대,335,51,166
202401,2620059000,영도구 봉래1동,20대미만,346,6,118
202401,2620059000,영도구 봉래1동,30대,334,85,187
202401,2620059000,영도구 봉래1동,40대,503,114,266
202401,2620059000,영도구 봉래1동,50대,577,146,314
202401,2620059000,영도구 봉래1동,60대이상,2080,172,587
202401,2620060500,영도구 봉래2동,20대,426,55,128
202401,2620060500,영도구 봉래2동,20대미만,401,30,98
202401,2620060500,영도구 봉래2동,30대,436,91,143
202401,2620060500,영도구 봉래2동,40대,620,146,193
202401,2620060500,영도구 봉래2동,50대,938,155,236
202401,2620060500,영도구 봉래2동,60대이상,2543,178,467
202401,2620063000,영도구 청학1동,20대,291,75,109
202401,2620063000,영도구 청학1동,20대미만,253,13,66
202401,2620063000,영도구 청학1동,30대,302,71,121
202401,2620063000,영도구 청학1동,40대,542,214,223
202401,2620063000,영도구 청학1동,50대,555,223,241
202401,2620063000,영도구 청학1동,60대이상,2037,173,395
202401,2620064000,영도구 청학2동,20대,863,177,258
202401,2620064000,영도구 청학2동,20대미만,1052,17,155
202401,2620064000,영도구 청학2동,30대,965,232,281
202401,2620064000,영도구 청학2동,40대,1549,351,357
202401,2620064000,영도구 청학2동,50대,1876,416,432
202401,2620064000,영도구 청학2동,60대이상,5381,329,796
202401,2620065000,영도구 동삼1동,20대,2075,342,445
202401,2620065000,영도구 동삼1동,20대미만,2184,87,313
202401,2620065000,영도구 동삼1동,30대,1887,357,380
202401,2620065000,영도구 동삼1동,40대,2571,420,510
202401,2620065000,영도구 동삼1동,50대,3558,549,632
202401,2620065000,영도구 동삼1동,60대이상,9304,455,1100
202401,2620066000,영도구 동삼2동,20대,490,217,588
202401,2620066000,영도구 동삼2동,20대미만,257,38,462
202401,2620066000,영도구 동삼2동,30대,293,162,558
202401,2620066000,영도구 동삼2동,40대,474,154,668
202401,2620066000,영도구 동삼2동,50대,498,158,741
202401,2620066000,영도구 동삼2동,60대이상,1353,101,1103
202401,2620067000,영도구 동삼3동,20대,444,71,181
202401,2620067000,영도구 동삼3동,20대미만,438,16,113
202401,2620067000,영도구 동삼3동,30대,486,78,193
202401,2620067000,영도구 동삼3동,40대,698,126,232
202401,2620067000,영도구 동삼3동,50대,1051,165,327
202401,2620067000,영도구 동삼3동,60대이상,4001,178,612
202401,2623051000,부산진구 부전1동,20대,2617,904,1705
202401,2623051000,부산진구 부전1동,20대미만,472,63,449
202401,2623051000,부산진구 부전1동,30대,1903,936,1246
202401,2623051000,부산진구 부전1동,40대,1237,827,1200
202401,2623051000,부산진구 부전1동,50대,1720,990,1708
202401,2623051000,부산진구 부전1동,60대이상,3786,1274,4403
202401,2623052000,부산진구 부전2동,20대,2053,2337,7218
202401,2623052000,부산진구 부전2동,20대미만,507,181,2199
202401,2623052000,부산진구 부전2동,30대,1722,1552,3358
202401,2623052000,부산진구 부전2동,40대,1276,1192,2367
202401,2623052000,부산진구 부전2동,50대,1246,1075,2139
202401,2623052000,부산진구 부전2동,60대이상,1812,768,2822
202401,2623054000,부산진구 연지동,20대,708,80,186
202401,2623054000,부산진구 연지동,20대미만,844,44,168
202401,2623054000,부산진구 연지동,30대,1026,128,229
202401,2623054000,부산진구 연지동,40대,1201,187,278
202401,2623054000,부산진구 연지동,50대,1440,185,316
202401,2623054000,부산진구 연지동,60대이상,3889,188,538
202401,2623055000,부산진구 초읍동,20대,1401,193,355
202401,2623055000,부산진구 초읍동,20대미만,1793,44,271
202401,2623055000,부산진구 초읍동,30대,1488,175,515
202401,2623055000,부산진구 초읍동,40대,2158,316,604
202401,2623055000,부산진구 초읍동,50대,2626,443,753
202401,2623055000,부산진구 초읍동,60대이상,7499,391,1344
202401,2623056000,부산진구 양정1동,20대,1834,439,664
202401,2623056000,부산진구 양정1동,20대미만,1459,107,341
202401,2623056000,부산진구 양정1동,30대,1736,379,637
202401,2623056000,부산진구 양정1동,40대,1906,449,602
202401,2623056000,부산진구 양정1동,50대,2525,526,761
202401,2623056000,부산진구 양정1동,60대이상,5399,453,1203
202401,2623057000,부산진구 양정2동,20대,1879,219,513
202401,2623057000,부산진구 양정2동,20대미만,590,59,168
202401,2623057000,부산진구 양정2동,30대,1632,279,446
202401,2623057000,부산진구 양정2동,40대,1201,309,456
202401,2623057000,부산진구 양정2동,50대,1069,381,680
202401,2623057000,부산진구 양정2동,60대이상,2359,282,1034
202401,2623060000,부산진구 전포1동,20대,3037,860,2074
202401,2623060000,부산진구 전포1동,20대미만,936,129,519
202401,2623060000,부산진구 전포1동,30대,2809,629,1055
202401,2623060000,부산진구 전포1동,40대,1594,418,589
202401,2623060000,부산진구 전포1동,50대,1483,395,541
202401,2623060000,부산진구 전포1동,60대이상,2850,315,681
202401,2623061000,부산진구 전포2동,20대,2447,629,1699
202401,2623061000,부산진구 전포2동,20대미만,975,50,510
202401,2623061000,부산진구 전포2동,30대,2807,533,1115
202401,2623061000,부산진구 전포2동,40대,2091,434,717
202401,2623061000,부산진구 전포2동,50대,2398,517,674
202401,2623061000,부산진구 전포2동,60대이상,5592,473,1063
202401,2623064000,부산진구 부암1동,20대,1740,242,484
202401,2623064000,부산진구 부암1동,20대미만,1398,27,234
202401,2623064000,부산진구 부암1동,30대,2431,325,536
202401,2623064000,부산진구 부암1동,40대,2188,287,494
202401,2623064000,부산진구 부암1동,50대,2525,393,592
202401,2623064000,부산진구 부암1동,60대이상,5188,349,1004
202401,2623066000,부산진구 부암3동,20대,1070,142,364
202401,2623066000,부산진구 부암3동,20대미만,1482,71,336
202401,2623066000,부산진구 부암3동,30대,1246,142,430
202401,2623066000,부산진구 부암3동,40대,1488,204,514
202401,2623066000,부산진구 부암3동,50대,2360,324,732
202401,2623066000,부산진구 부암3동,60대이상,4518,302,1447
202401,2623067000,부산진구 당감1동,20대,1508,168,326
202401,2623067000,부산진구 당감1동,20대미만,1448,44,319
202401,2623067000,부산진구 당감1동,30대,1509,163,332
202401,2623067000,부산진구 당감1동,40대,1797,223,394
202401,2623067000,부산진구 당감1동,50대,3022,390,586
202401,2623067000,부산진구 당감1동,60대이상,5898,346,999
202401,2623068000,부산진구 당감2동,20대,593,45,207
202401,2623068000,부산진구 당감2동,20대미만,463,18,110
202401,2623068000,부산진구 당감2동,30대,686,86,275
202401,2623068000,부산진구 당감2동,40대,816,109,270
202401,2623068000,부산진구 당감2동,50대,831,122,346
202401,2623068000,부산진구 당감2동,60대이상,1815,102,603
202401,2623070000,부산진구 당감4동,20대,614,64,182
202401,2623070000,부산진구 당감4동,20대미만,921,22,154
202401,2623070000,부산진구 당감4동,30대,678,88,245
202401,2623070000,부산진구 당감4동,40대,966,97,291
202401,2623070000,부산진구 당감4동,50대,1281,178,349
202401,2623070000,부산진구 당감4동,60대이상,2684,158,567
202401,2623071000,부산진구 가야1동,20대,1778,371,696
202401,2623071000,부산진구 가야1동,20대미만,1122,100,369
202401,2623071000,부산진구 가야1동,30대,1262,199,547
202401,2623071000,부산진구 가야1동,40대,1596,323,570
202401,2623071000,부산진구 가야1동,50대,2019,422,712
202401,2623071000,부산진구 가야1동,60대이상,5292,348,1217
202401,2623072000,부산진구 가야2동,20대,822,85,337
202401,2623072000,부산진구 가야2동,20대미만,715,25,247
202401,2623072000,부산진구 가야2동,30대,735,86,374
202401,2623072000,부산진구 가야2동,40대,925,115,402
202401,2623072000,부산진구 가야2동,50대,1257,166,541
202401,2623072000,부산진구 가야2동,60대이상,3236,205,988
202401,2623074000,부산진구 개금1동,20대,2289,214,615
202401,2623074000,부산진구 개금1동,20대미만,892,59,292
202401,2623074000,부산진구 개금1동,30대,1850,229,423
202401,2623074000,부산진구 개금1동,40대,1848,234,452
202401,2623074000,부산진구 개금1동,50대,1863,308,578
202401,2623074000,부산진구 개금1동,60대이상,3686,294,944
202401,2623075000,부산진구 개금2동,20대,844,223,577
202401,2623075000,부산진구 개금2동,20대미만,686,37,195
202401,2623075000,부산진구 개금2동,30대,622,189,401
202401,2623075000,부산진구 개금2동,40대,869,159,446
202401,2623075000,부산진구 개금2동,50대,1143,196,536
202401,2623075000,부산진구 개금2동,60대이상,2953,175,1103
202401,2623076000,부산진구 개금3동,20대,2077,202,379
202401,2623076000,부산진구 개금3동,20대미만,1803,66,283
202401,2623076000,부산진구 개금3동,30대,2046,200,471
202401,2623076000,부산진구 개금3동,40대,2414,270,431
202401,2623076000,부산진구 개금3동,50대,3300,353,603
202401,2623076000,부산진구 개금3동,60대이상,7754,393,1010
202401,2623077000,부산진구 범천1동,20대,1749,497,1188
202401,2623077000,부산진구 범천1동,20대미만,476,31,418
202401,2623077000,부산진구 범천1동,30대,1818,654,1234
202401,2623077000,부산진구 범천1동,40대,1182,643,1154
202401,2623077000,부산진구 범천1동,50대,1279,794,1294
202401,2623077000,부산진구 범천1동,60대이상,2762,671,2381
202401,2623078000,부산진구 범천2동,20대,1451,132,352
202401,2623078000,부산진구 범천2동,20대미만,856,14,134
202401,2623078000,부산진구 범천2동,30대,2323,193,395
202401,2623078000,부산진구 범천2동,40대,1991,182,328
202401,2623078000,부산진구 범천2동,50대,2165,312,427
202401,2623078000,부산진구 범천2동,60대이상,5422,317,736
202401,2626051000,동래구 수민동,20대,1666,269,638
202401,2626051000,동래구 수민동,20대미만,1590,54,626
202401,2626051000,동래구 수민동,30대,1865,367,708
202401,2626051000,동래구 수민동,40대,2337,437,925
202401,2626051000,동래구 수민동,50대,2461,548,1193
202401,2626051000,동래구 수민동,60대이상,8178,492,2377
202401,2626052000,동래구 복산동,20대,545,55,133
202401,2626052000,동래구 복산동,20대미만,416,29,128
202401,2626052000,동래구 복산동,30대,561,70,132
202401,2626052000,동래구 복산동,40대,691,117,207
202401,2626052000,동래구 복산동,50대,1102,151,264
202401,2626052000,동래구 복산동,60대이상,3355,185,512
202401,2626054500,동래구 명륜동,20대,1819,617,1415
202401,2626054500,동래구 명륜동,20대미만,2886,245,626
202401,2626054500,동래구 명륜동,30대,2116,574,1176
202401,2626054500,동래구 명륜동,40대,3376,644,1264
202401,2626054500,동래구 명륜동,50대,3226,807,1422
202401,2626054500,동래구 명륜동,60대이상,4833,635,2371
202401,2626055000,동래구 온천1동,20대,2627,426,1001
202401,2626055000,동래구 온천1동,20대미만,1727,80,477
202401,2626055000,동래구 온천1동,30대,3177,449,1095
202401,2626055000,동래구 온천1동,40대,2901,526,1198
202401,2626055000,동래구 온천1동,50대,2766,622,1346
202401,2626055000,동래구 온천1동,60대이상,5404,589,2187
202401,2626056000,동래구 온천2동,20대,958,217,376
202401,2626056000,동래구 온천2동,20대미만,1470,49,204
202401,2626056000,동래구 온천2동,30대,1292,278,372
202401,2626056000,동래구 온천2동,40대,1836,311,448
202401,2626056000,동래구 온천2동,50대,1527,367,556
202401,2626056000,동래구 온천2동,60대이상,3571,276,973
202401,2626057000,동래구 온천3동,20대,3479,299,1379
202401,2626057000,동래구 온천3동,20대미만,2535,96,1492
202401,2626057000,동래구 온천3동,30대,3431,371,1940
202401,2626057000,동래구 온천3동,40대,3874,464,2369
202401,2626057000,동래구 온천3동,50대,4562,537,2051
202401,2626057000,동래구 온천3동,60대이상,9793,538,3760
202401,2626058000,동래구 사직1동,20대,665,224,542
202401,2626058000,동래구 사직1동,20대미만,900,194,631
202401,2626058000,동래구 사직1동,30대,733,208,481
202401,2626058000,동래구 사직1동,40대,956,268,677
202401,2626058000,동래구 사직1동,50대,957,273,740
202401,2626058000,동래구 사직1동,60대이상,2373,281,1020
202401,2626059000,동래구 사직2동,20대,1803,195,577
202401,2626059000,동래구 사직2동,20대미만,3349,109,652
202401,2626059000,동래구 사직2동,30대,1566,174,568
202401,2626059000,동래구 사직2동,40대,3170,339,834
202401,2626059000,동래구 사직2동,50대,3291,362,847
202401,2626059000,동래구 사직2동,60대이상,4548,270,1257
202401,2626060000,동래구 사직3동,20대,1114,173,353
202401,2626060000,동래구 사직3동,20대미만,1867,85,479
202401,2626060000,동래구 사직3동,30대,1175,227,399
202401,2626060000,동래구 사직3동,40대,2295,316,567
202401,2626060000,동래구 사직3동,50대,1844,311,555
202401,2626060000,동래구 사직3동,60대이상,4093,233,799
202401,2626074000,동래구 안락1동,20대,788,132,270
202401,2626074000,동래구 안락1동,20대미만,669,36,171
202401,2626074000,동래구 안락1동,30대,852,157,320
202401,2626074000,동래구 안락1동,40대,1043,203,456
202401,2626074000,동래구 안락1동,50대,1294,262,614
202401,2626074000,동래구 안락1동,60대이상,3859,350,1153
202401,2626075000,동래구 안락2동,20대,1870,282,482
202401,2626075000,동래구 안락2동,20대미만,2403,99,451
202401,2626075000,동래구 안락2동,30대,1953,329,534
202401,2626075000,동래구 안락2동,40대,2822,477,743
202401,2626075000,동래구 안락2동,50대,3236,539,801
202401,2626075000,동래구 안락2동,60대이상,7015,450,1286
202401,2626076100,동래구 명장1동,20대,923,119,248
202401,2626076100,동래구 명장1동,20대미만,1099,36,177
202401,2626076100,동래구 명장1동,30대,1097,120,229
202401,2626076100,동래구 명장1동,40대,1423,169,318
202401,2626076100,동래구 명장1동,50대,1596,243,399
202401,2626076100,동래구 명장1동,60대이상,4058,336,731
202401,2626076200,동래구 명장2동,20대,616,44,97
202401,2626076200,동래구 명장2동,20대미만,527,15,106
202401,2626076200,동래구 명장2동,30대,901,66,160
202401,2626076200,동래구 명장2동,40대,967,92,198
202401,2626076200,동래구 명장2동,50대,1314,155,211
202401,2626076200,동래구 명장2동,60대이상,3388,170,477
202401,2629051000,남구 대연1동,20대,2690,262,1212
202401,2629051000,남구 대연1동,20대미만,876,54,575
202401,2629051000,남구 대연1동,30대,1227,216,810
202401,2629051000,남구 대연1동,40대,1325,301,946
202401,2629051000,남구 대연1동,50대,1673,379,1076
202401,2629051000,남구 대연1동,60대이상,4385,293,1704
202401,2629053000,남구 대연3동,20대,5239,1692,2433
202401,2629053000,남구 대연3동,20대미만,3576,216,1107
202401,2629053000,남구 대연3동,30대,2847,876,1153
202401,2629053000,남구 대연3동,40대,4068,943,1238
202401,2629053000,남구 대연3동,50대,3688,806,1252
202401,2629053000,남구 대연3동,60대이상,6032,576,1555
202401,2629054000,남구 대연4동,20대,794,80,183
202401,2629054000,남구 대연4동,20대미만,1103,27,173
202401,2629054000,남구 대연4동,30대,1390,116,256
202401,2629054000,남구 대연4동,40대,1535,168,301
202401,2629054000,남구 대연4동,50대,1358,198,354
202401,2629054000,남구 대연4동,60대이상,3573,183,660
202401,2629055000,남구 대연5동,20대,1831,222,399
202401,2629055000,남구 대연5동,20대미만,1101,58,201
202401,2629055000,남구 대연5동,30대,1172,185,279
202401,2629055000,남구 대연5동,40대,1573,244,338
202401,2629055000,남구 대연5동,50대,1747,261,415
202401,2629055000,남구 대연5동,60대이상,4104,222,700
202401,2629056000,남구 대연6동,20대,983,150,204
202401,2629056000,남구 대연6동,20대미만,1581,36,142
202401,2629056000,남구 대연6동,30대,1128,221,207
202401,2629056000,남구 대연6동,40대,1960,266,286
202401,2629056000,남구 대연6동,50대,1523,234,346
202401,2629056000,남구 대연6동,60대이상,2752,170,558
202401,2629057000,남구 용호1동,20대,2837,377,551
202401,2629057000,남구 용호1동,20대미만,4416,97,415
202401,2629057000,남구 용호1동,30대,2682,329,579
202401,2629057000,남구 용호1동,40대,4427,508,750
202401,2629057000,남구 용호1동,50대,5710,636,843
202401,2629057000,남구 용호1동,60대이상,10554,562,1441
202401,2629058000,남구 용호2동,20대,1168,172,520
202401,2629058000,남구 용호2동,20대미만,1644,31,238
202401,2629058000,남구 용호2동,30대,1530,164,346
202401,2629058000,남구 용호2동,40대,2169,224,455
202401,2629058000,남구 용호2동,50대,1999,225,536
202401,2629058000,남구 용호2동,60대이상,4602,248,894
202401,2629059000,남구 용호3동,20대,802,118,200
202401,2629059000,남구 용호3동,20대미만,817,20,200
202401,2629059000,남구 용호3동,30대,698,124,197
202401,2629059000,남구 용호3동,40대,1006,172,285
202401,2629059000,남구 용호3동,50대,1471,258,410
202401,2629059000,남구 용호3동,60대이상,4461,253,735
202401,2629060000,남구 용호4동,20대,502,148,363
202401,2629060000,남구 용호4동,20대미만,546,46,192
202401,2629060000,남구 용호4동,30대,518,86,271
202401,2629060000,남구 용호4동,40대,785,133,316
202401,2629060000,남구 용호4동,50대,826,151,352
202401,2629060000,남구 용호4동,60대이상,2285,166,657
202401,2629061000,남구 용당동,20대,666,228,264
202401,2629061000,남구 용당동,20대미만,547,18,97
202401,2629061000,남구 용당동,30대,470,223,263
202401,2629061000,남구 용당동,40대,770,267,461
202401,2629061000,남구 용당동,50대,1172,302,606
202401,2629061000,남구 용당동,60대이상,2119,228,643
202401,2629062000,남구 감만1동,20대,492,167,258
202401,2629062000,남구 감만1동,20대미만,320,9,63
202401,2629062000,남구 감만1동,30대,430,202,307
202401,2629062000,남구 감만1동,40대,643,227,532
202401,2629062000,남구 감만1동,50대,869,277,673
202401,2629062000,남구 감만1동,60대이상,2099,239,645
202401,2629063000,남구 감만2동,20대,271,33,142
202401,2629063000,남구 감만2동,20대미만,294,17,157
202401,2629063000,남구 감만2동,30대,241,33,150
202401,2629063000,남구 감만2동,40대,405,61,259
202401,2629063000,남구 감만2동,50대,723,124,374
202401,2629063000,남구 감만2동,60대이상,1515,76,742
202401,2629064500,남구 우암동,20대,768,127,365
202401,2629064500,남구 우암동,20대미만,895,25,168
202401,2629064500,남구 우암동,30대,743,142,355
202401,2629064500,남구 우암동,40대,1156,200,454
202401,2629064500,남구 우암동,50대,1445,305,743
202401,2629064500,남구 우암동,60대이상,4781,269,1160
202401,2629068000,남구 문현1동,20대,673,62,202
202401,2629068000,남구 문현1동,20대미만,800,29,227
202401,2629068000,남구 문현1동,30대,508,72,253
202401,2629068000,남구 문현1동,40대,824,127,304
202401,2629068000,남구 문현1동,50대,1176,184,364
202401,2629068000,남구 문현1동,60대이상,2822,182,655
202401,2629069000,남구 문현2동,20대,441,344,342
202401,2629069000,남구 문현2동,20대미만,173,24,155
202401,2629069000,남구 문현2동,30대,572,687,428
202401,2629069000,남구 문현2동,40대,458,544,410
202401,2629069000,남구 문현2동,50대,531,449,480
202401,2629069000,남구 문현2동,60대이상,1770,240,680
202401,2629070000,남구 문현3동,20대,647,108,750
202401,2629070000,남구 문현3동,20대미만,787,51,786
202401,2629070000,남구 문현3동,30대,875,100,723
202401,2629070000,남구 문현3동,40대,1230,142,995
202401,2629070000,남구 문현3동,50대,1101,163,1345
202401,2629070000,남구 문현3동,60대이상,3114,179,2622
202401,2629071000,남구 문현4동,20대,480,97,192
202401,2629071000,남구 문현4동,20대미만,303,14,92
202401,2629071000,남구 문현4동,30대,488,122,216
202401,2629071000,남구 문현4동,40대,566,109,229
202401,2629071000,남구 문현4동,50대,641,117,256
202401,2629071000,남구 문현4동,60대이상,1734,125,410
202401,2632051000,북구 구포1동,20대,1126,174,476
202401,2632051000,북구 구포1동,20대미만,665,6,144
202401,2632051000,북구 구포1동,30대,1406,197,499
202401,2632051000,북구 구포1동,40대,1268,238,527
202401,2632051000,북구 구포1동,50대,1822,406,908
202401,2632051000,북구 구포1동,60대이상,4492,538,1979
202401,2632052000,북구 구포2동,20대,2006,197,362
202401,2632052000,북구 구포2동,20대미만,1402,36,204
202401,2632052000,북구 구포2동,30대,2074,316,365
202401,2632052000,북구 구포2동,40대,2185,384,412
202401,2632052000,북구 구포2동,50대,3243,522,615
202401,2632052000,북구 구포2동,60대이상,7144,408,1017
202401,2632052100,북구 구포3동,20대,1703,134,219
202401,2632052100,북구 구포3동,20대미만,1420,18,128
202401,2632052100,북구 구포3동,30대,1327,119,190
202401,2632052100,북구 구포3동,40대,1755,191,228
202401,2632052100,북구 구포3동,50대,2965,353,364
202401,2632052100,북구 구포3동,60대이상,5927,280,581
202401,2632053000,북구 금곡동,20대,2541,259,419
202401,2632053000,북구 금곡동,20대미만,2540,43,319
202401,2632053000,북구 금곡동,30대,2478,272,524
202401,2632053000,북구 금곡동,40대,3258,355,604
202401,2632053000,북구 금곡동,50대,5076,637,885
202401,2632053000,북구 금곡동,60대이상,12299,566,1489
202401,2632054100,북구 화명1동,20대,3044,251,1077
202401,2632054100,북구 화명1동,20대미만,3128,90,1118
202401,2632054100,북구 화명1동,30대,3461,262,1142
202401,2632054100,북구 화명1동,40대,3486,348,1498
202401,2632054100,북구 화명1동,50대,5324,553,1678
202401,2632054100,북구 화명1동,60대이상,7754,464,2246
202401,2632054200,북구 화명2동,20대,1582,154,344
202401,2632054200,북구 화명2동,20대미만,1580,67,281
202401,2632054200,북구 화명2동,30대,1623,133,370
202401,2632054200,북구 화명2동,40대,1605,224,359
202401,2632054200,북구 화명2동,50대,2406,322,592
202401,2632054200,북구 화명2동,60대이상,4437,270,816
202401,2632054300,북구 화명3동,20대,2120,435,790
202401,2632054300,북구 화명3동,20대미만,2929,224,544
202401,2632054300,북구 화명3동,30대,1697,301,629
202401,2632054300,북구 화명3동,40대,2745,431,664
202401,2632054300,북구 화명3동,50대,3282,543,908
202401,2632054300,북구 화명3동,60대이상,4334,327,1170
202401,2632055000,북구 덕천1동,20대,1030,170,335
202401,2632055000,북구 덕천1동,20대미만,585,24,180
202401,2632055000,북구 덕천1동,30대,1313,202,370
202401,2632055000,북구 덕천1동,40대,1117,204,412
202401,2632055000,북구 덕천1동,50대,1445,318,570
202401,2632055000,북구 덕천1동,60대이상,4162,281,1083
202401,2632056000,북구 덕천2동,20대,1014,449,1199
202401,2632056000,북구 덕천2동,20대미만,591,55,589
202401,2632056000,북구 덕천2동,30대,1002,456,1132
202401,2632056000,북구 덕천2동,40대,962,389,1069
202401,2632056000,북구 덕천2동,50대,1454,495,1344
202401,2632056000,북구 덕천2동,60대이상,3778,413,2293
202401,2632056100,북구 덕천3동,20대,459,27,83
202401,2632056100,북구 덕천3동,20대미만,294,6,50
202401,2632056100,북구 덕천3동,30대,371,33,91
202401,2632056100,북구 덕천3동,40대,648,64,111
202401,2632056100,북구 덕천3동,50대,1117,104,162
202401,2632056100,북구 덕천3동,60대이상,2781,73,293
202401,2632057100,북구 만덕1동,20대,1058,99,231
202401,2632057100,북구 만덕1동,20대미만,1006,30,138
202401,2632057100,북구 만덕1동,30대,2041,141,326
202401,2632057100,북구 만덕1동,40대,1640,156,273
202401,2632057100,북구 만덕1동,50대,1681,145,349
202401,2632057100,북구 만덕1동,60대이상,4025,190,650
202401,2632057200,북구 만덕2동,20대,1786,132,294
202401,2632057200,북구 만덕2동,20대미만,2576,50,219
202401,2632057200,북구 만덕2동,30대,2316,201,358
202401,2632057200,북구 만덕2동,40대,2861,296,414
202401,2632057200,북구 만덕2동,50대,2956,337,511
202401,2632057200,북구 만덕2동,60대이상,6608,324,975
202401,2632057300,북구 만덕3동,20대,1263,106,440
202401,2632057300,북구 만덕3동,20대미만,1260,51,349
202401,2632057300,북구 만덕3동,30대,1397,103,485
202401,2632057300,북구 만덕3동,40대,1674,144,466
202401,2632057300,북구 만덕3동,50대,2102,230,539
202401,2632057300,북구 만덕3동,60대이상,5271,268,1204
202401,2635051000,해운대구 우1동,20대,1912,707,2594
202401,2635051000,해운대구 우1동,20대미만,1931,158,1728
202401,2635051000,해운대구 우1동,30대,2044,702,2078
202401,2635051000,해운대구 우1동,40대,2391,688,2500
202401,2635051000,해운대구 우1동,50대,2777,772,2234
202401,2635051000,해운대구 우1동,60대이상,6064,753,2840
202401,2635052000,해운대구 우2동,20대,1941,2292,2041
202401,2635052000,해운대구 우2동,20대미만,2560,533,1602
202401,2635052000,해운대구 우2동,30대,2544,2402,2305
202401,2635052000,해운대구 우2동,40대,3729,1877,2393
202401,2635052000,해운대구 우2동,50대,4113,1543,2074
202401,2635052000,해운대구 우2동,60대이상,6791,814,2669
202401,2635052500,해운대구 우3동,20대,1633,296,679
202401,2635052500,해운대구 우3동,20대미만,2404,72,560
202401,2635052500,해운대구 우3동,30대,1852,341,707
202401,2635052500,해운대구 우3동,40대,3698,524,893
202401,2635052500,해운대구 우3동,50대,3399,427,896
202401,2635052500,해운대구 우3동,60대이상,6306,383,1155
202401,2635053000,해운대구 중1동,20대,2116,704,1954
202401,2635053000,해운대구 중1동,20대미만,2030,119,1522
202401,2635053000,해운대구 중1동,30대,2451,669,1982
202401,2635053000,해운대구 중1동,40대,3403,730,2158
202401,2635053000,해운대구 중1동,50대,3579,772,2016
202401,2635053000,해운대구 중1동,60대이상,5949,632,2315
202401,2635054000,해운대구 중2동,20대,1009,159,525
202401,2635054000,해운대구 중2동,20대미만,1442,34,310
202401,2635054000,해운대구 중2동,30대,1451,198,583
202401,2635054000,해운대구 중2동,40대,1985,238,625
202401,2635054000,해운대구 중2동,50대,2024,252,718
202401,2635054000,해운대구 중2동,60대이상,3882,246,1051
202401,2635055100,해운대구 좌1동,20대,1479,450,815
202401,2635055100,해운대구 좌1동,20대미만,1273,142,521
202401,2635055100,해운대구 좌1동,30대,1369,418,685
202401,2635055100,해운대구 좌1동,40대,1787,454,785
202401,2635055100,해운대구 좌1동,50대,2344,564,1002
202401,2635055100,해운대구 좌1동,60대이상,3349,412,1301
202401,2635055200,해운대구 좌2동,20대,3068,317,604
202401,2635055200,해운대구 좌2동,20대미만,2548,188,472
202401,2635055200,해운대구 좌2동,30대,3225,311,516
202401,2635055200,해운대구 좌2동,40대,3193,391,513
202401,2635055200,해운대구 좌2동,50대,4199,491,601
202401,2635055200,해운대구 좌2동,60대이상,6844,349,944
202401,2635055300,해운대구 좌3동,20대,1154,117,294
202401,2635055300,해운대구 좌3동,20대미만,1288,59,253
202401,2635055300,해운대구 좌3동,30대,1042,101,288
202401,2635055300,해운대구 좌3동,40대,1530,119,319
202401,2635055300,해운대구 좌3동,50대,2127,198,434
202401,2635055300,해운대구 좌3동,60대이상,4300,169,717
202401,2635055400,해운대구 좌4동,20대,1958,504,793
202401,2635055400,해운대구 좌4동,20대미만,2975,126,491
202401,2635055400,해운대구 좌4동,30대,1734,398,715
202401,2635055400,해운대구 좌4동,40대,2643,526,914
202401,2635055400,해운대구 좌4동,50대,3172,542,1089
202401,2635055400,해운대구 좌4동,60대이상,4887,395,1869
202401,2635056000,해운대구 송정동,20대,641,296,1055
202401,2635056000,해운대구 송정동,20대미만,619,35,614
202401,2635056000,해운대구 송정동,30대,837,273,880
202401,2635056000,해운대구 송정동,40대,932,317,936
202401,2635056000,해운대구 송정동,50대,1227,377,986
202401,2635056000,해운대구 송정동,60대이상,3507,318,1156
202401,2635057000,해운대구 반여1동,20대,2817,398,531
202401,2635057000,해운대구 반여1동,20대미만,4123,77,381
202401,2635057000,해운대구 반여1동,30대,2618,392,651
202401,2635057000,해운대구 반여1동,40대,4235,588,796
202401,2635057000,해운대구 반여1동,50대,4808,826,1027
202401,2635057000,해운대구 반여1동,60대이상,7991,527,1513
202401,2635058000,해운대구 반여2동,20대,780,84,281
202401,2635058000,해운대구 반여2동,20대미만,504,19,154
202401,2635058000,해운대구 반여2동,30대,942,93,297
202401,2635058000,해운대구 반여2동,40대,1182,122,396
202401,2635058000,해운대구 반여2동,50대,1665,205,582
202401,2635058000,해운대구 반여2동,60대이상,4513,181,1066
202401,2635059000,해운대구 반여3동,20대,482,39,62
202401,2635059000,해운대구 반여3동,20대미만,245,2,23
202401,2635059000,해운대구 반여3동,30대,383,30,60
202401,2635059000,해운대구 반여3동,40대,590,38,77
202401,2635059000,해운대구 반여3동,50대,803,67,130
202401,2635059000,해운대구 반여3동,60대이상,1929,82,213
202401,2635059500,해운대구 반여4동,20대,794,64,192
202401,2635059500,해운대구 반여4동,20대미만,963,30,154
202401,2635059500,해운대구 반여4동,30대,641,78,220
202401,2635059500,해운대구 반여4동,40대,1034,101,259
202401,2635059500,해운대구 반여4동,50대,1206,123,311
202401,2635059500,해운대구 반여4동,60대이상,2052,92,659
202401,2635061000,해운대구 반송1동,20대,783,105,130
202401,2635061000,해운대구 반송1동,20대미만,358,4,53
202401,2635061000,해운대구 반송1동,30대,644,99,145
202401,2635061000,해운대구 반송1동,40대,905,145,227
202401,2635061000,해운대구 반송1동,50대,1217,219,304
202401,2635061000,해운대구 반송1동,60대이상,3465,203,513
202401,2635062000,해운대구 반송2동,20대,1326,134,133
202401,2635062000,해운대구 반송2동,20대미만,1140,4,78
202401,2635062000,해운대구 반송2동,30대,1308,84,166
202401,2635062000,해운대구 반송2동,40대,2117,191,231
202401,2635062000,해운대구 반송2동,50대,3041,385,315
202401,2635062000,해운대구 반송2동,60대이상,8668,342,603
202401,2635065000,해운대구 재송1동,20대,2602,601,685
202401,2635065000,해운대구 재송1동,20대미만,4801,139,452
202401,2635065000,해운대구 재송1동,30대,2850,698,758
202401,2635065000,해운대구 재송1동,40대,5540,854,998
202401,2635065000,해운대구 재송1동,50대,4310,730,1042
202401,2635065000,해운대구 재송1동,60대이상,6787,544,1471
202401,2635066000,해운대구 재송2동,20대,1730,162,316
202401,2635066000,해운대구 재송2동,20대미만,1357,47,197
202401,2635066000,해운대구 재송2동,30대,1745,204,355
202401,2635066000,해운대구 재송2동,40대,2530,269,431
202401,2635066000,해운대구 재송2동,50대,3110,310,465
202401,2635066000,해운대구 재송2동,60대이상,6533,325,812
202401,2638051000,사하구 괴정1동,20대,1356,125,443
202401,2638051000,사하구 괴정1동,20대미만,1450,97,283
202401,2638051000,사하구 괴정1동,30대,1207,120,427
202401,2638051000,사하구 괴정1동,40대,1738,164,485
202401,2638051000,사하구 괴정1동,50대,2215,268,656
202401,2638051000,사하구 괴정1동,60대이상,6098,280,1163
202401,2638052000,사하구 괴정2동,20대,1058,60,119
202401,2638052000,사하구 괴정2동,20대미만,1042,10,72
202401,2638052000,사하구 괴정2동,30대,883,52,134
202401,2638052000,사하구 괴정2동,40대,1515,129,161
202401,2638052000,사하구 괴정2동,50대,1793,141,208
202401,2638052000,사하구 괴정2동,60대이상,4545,144,393
202401,2638053000,사하구 괴정3동,20대,872,185,350
202401,2638053000,사하구 괴정3동,20대미만,759,46,230
202401,2638053000,사하구 괴정3동,30대,905,158,314
202401,2638053000,사하구 괴정3동,40대,1101,216,410
202401,2638053000,사하구 괴정3동,50대,1511,300,573
202401,2638053000,사하구 괴정3동,60대이상,4549,341,1050
202401,2638054000,사하구 괴정4동,20대,935,69,236
202401,2638054000,사하구 괴정4동,20대미만,1340,32,227
202401,2638054000,사하구 괴정4동,30대,1222,117,231
202401,2638054000,사하구 괴정4동,40대,1670,168,326
202401,2638054000,사하구 괴정4동,50대,1546,187,379
202401,2638054000,사하구 괴정4동,60대이상,3560,167,800
202401,2638055000,사하구 당리동,20대,1904,322,521
202401,2638055000,사하구 당리동,20대미만,1869,205,401
202401,2638055000,사하구 당리동,30대,1837,348,546
202401,2638055000,사하구 당리동,40대,2649,476,560
202401,2638055000,사하구 당리동,50대,3146,544,709
202401,2638055000,사하구 당리동,60대이상,7353,427,1327
202401,2638056100,사하구 하단1동,20대,2418,254,535
202401,2638056100,사하구 하단1동,20대미만,1439,38,208
202401,2638056100,사하구 하단1동,30대,1987,211,477
202401,2638056100,사하구 하단1동,40대,2198,277,484
202401,2638056100,사하구 하단1동,50대,2615,364,659
202401,2638056100,사하구 하단1동,60대이상,5696,395,1068
202401,2638056200,사하구 하단2동,20대,3806,859,1421
202401,2638056200,사하구 하단2동,20대미만,1950,82,467
202401,2638056200,사하구 하단2동,30대,2322,432,795
202401,2638056200,사하구 하단2동,40대,2577,480,786
202401,2638056200,사하구 하단2동,50대,3015,561,916
202401,2638056200,사하구 하단2동,60대이상,6155,421,1172
202401,2638057100,사하구 신평1동,20대,1085,238,209
202401,2638057100,사하구 신평1동,20대미만,1064,27,148
202401,2638057100,사하구 신평1동,30대,1167,389,309
202401,2638057100,사하구 신평1동,40대,1641,460,393
202401,2638057100,사하구 신평1동,50대,2280,602,542
202401,2638057100,사하구 신평1동,60대이상,5303,361,615
202401,2638057200,사하구 신평2동,20대,1240,234,287
202401,2638057200,사하구 신평2동,20대미만,1267,47,164
202401,2638057200,사하구 신평2동,30대,1767,355,397
202401,2638057200,사하구 신평2동,40대,1897,430,442
202401,2638057200,사하구 신평2동,50대,2218,485,589
202401,2638057200,사하구 신평2동,60대이상,4065,445,850
202401,2638058000,사하구 장림1동,20대,643,223,278
202401,2638058000,사하구 장림1동,20대미만,1100,31,119
202401,2638058000,사하구 장림1동,30대,822,307,345
202401,2638058000,사하구 장림1동,40대,1453,444,461
202401,2638058000,사하구 장림1동,50대,1330,635,676
202401,2638058000,사하구 장림1동,60대이상,2770,560,991
202401,2638059000,사하구 장림2동,20대,1986,272,480
202401,2638059000,사하구 장림2동,20대미만,2208,70,309
202401,2638059000,사하구 장림2동,30대,2181,358,625
202401,2638059000,사하구 장림2동,40대,3059,548,723
202401,2638059000,사하구 장림2동,50대,3452,657,840
202401,2638059000,사하구 장림2동,60대이상,6522,570,1330
202401,2638060100,사하구 다대1동,20대,2676,454,443
202401,2638060100,사하구 다대1동,20대미만,3301,42,223
202401,2638060100,사하구 다대1동,30대,2739,525,446
202401,2638060100,사하구 다대1동,40대,4189,778,581
202401,2638060100,사하구 다대1동,50대,5332,966,851
202401,2638060100,사하구 다대1동,60대이상,10708,761,1294
202401,2638060200,사하구 다대2동,20대,2088,262,279
202401,2638060200,사하구 다대2동,20대미만,2328,65,159
202401,2638060200,사하구 다대2동,30대,1705,268,285
202401,2638060200,사하구 다대2동,40대,2749,398,346
202401,2638060200,사하구 다대2동,50대,3954,573,508
202401,2638060200,사하구 다대2동,60대이상,8757,487,826
202401,2638061000,사하구 구평동,20대,823,149,169
202401,2638061000,사하구 구평동,20대미만,1124,42,115
202401,2638061000,사하구 구평동,30대,1592,292,245
202401,2638061000,사하구 구평동,40대,1573,407,365
202401,2638061000,사하구 구평동,50대,1454,493,524
202401,2638061000,사하구 구평동,60대이상,2598,492,705
202401,2638062000,사하구 감천1동,20대,1169,154,200
202401,2638062000,사하구 감천1동,20대미만,1207,63,188
202401,2638062000,사하구 감천1동,30대,1110,201,278
202401,2638062000,사하구 감천1동,40대,1674,336,414
202401,2638062000,사하구 감천1동,50대,2306,420,584
202401,2638062000,사하구 감천1동,60대이상,6258,395,861
202401,2638063000,사하구 감천2동,20대,268,15,59
202401,2638063000,사하구 감천2동,20대미만,149,1,52
202401,2638063000,사하구 감천2동,30대,265,24,59
202401,2638063000,사하구 감천2동,40대,450,39,73
202401,2638063000,사하구 감천2동,50대,800,59,118
202401,2638063000,사하구 감천2동,60대이상,2070,56,170
202401,2641051000,금정구 서1동,20대,250,18,54
202401,2641051000,금정구 서1동,20대미만,192,7,46
202401,2641051000,금정구 서1동,30대,253,25,85
202401,2641051000,금정구 서1동,40대,400,45,103
202401,2641051000,금정구 서1동,50대,639,80,163
202401,2641051000,금정구 서1동,60대이상,1994,102,361
202401,2641052000,금정구 서2동,20대,459,78,160
202401,2641052000,금정구 서2동,20대미만,236,4,77
202401,2641052000,금정구 서2동,30대,476,86,174
202401,2641052000,금정구 서2동,40대,622,100,214
202401,2641052000,금정구 서2동,50대,833,174,351
202401,2641052000,금정구 서2동,60대이상,2584,209,683
202401,2641053000,금정구 서3동,20대,634,95,134
202401,2641053000,금정구 서3동,20대미만,349,21,77
202401,2641053000,금정구 서3동,30대,704,112,170
202401,2641053000,금정구 서3동,40대,764,119,221
202401,2641053000,금정구 서3동,50대,1328,220,329
202401,2641053000,금정구 서3동,60대이상,4045,293,719
202401,2641055500,금정구 금사회동동,20대,371,322,282
202401,2641055500,금정구 금사회동동,20대미만,309,29,125
202401,2641055500,금정구 금사회동동,30대,426,541,415
202401,2641055500,금정구 금사회동동,40대,573,604,563
202401,2641055500,금정구 금사회동동,50대,907,782,761
202401,2641055500,금정구 금사회동동,60대이상,2839,617,1251
202401,2641057000,금정구 부곡1동,20대,439,41,109
202401,2641057000,금정구 부곡1동,20대미만,385,22,118
202401,2641057000,금정구 부곡1동,30대,454,47,136
202401,2641057000,금정구 부곡1동,40대,647,75,152
202401,2641057000,금정구 부곡1동,50대,888,96,196
202401,2641057000,금정구 부곡1동,60대이상,3111,129,363
202401,2641058000,금정구 부곡2동,20대,1665,246,504
202401,2641058000,금정구 부곡2동,20대미만,1463,95,356
202401,2641058000,금정구 부곡2동,30대,1288,295,530
202401,2641058000,금정구 부곡2동,40대,1816,400,578
202401,2641058000,금정구 부곡2동,50대,2207,402,654
202401,2641058000,금정구 부곡2동,60대이상,4754,410,1177
202401,2641059000,금정구 부곡3동,20대,1327,334,374
202401,2641059000,금정구 부곡3동,20대미만,1194,70,230
202401,2641059000,금정구 부곡3동,30대,1252,345,390
202401,2641059000,금정구 부곡3동,40대,1536,323,450
202401,2641059000,금정구 부곡3동,50대,1883,356,572
202401,2641059000,금정구 부곡3동,60대이상,4022,298,883
202401,2641059100,금정구 부곡4동,20대,338,61,157
202401,2641059100,금정구 부곡4동,20대미만,284,27,118
202401,2641059100,금정구 부곡4동,30대,433,63,153
202401,2641059100,금정구 부곡4동,40대,441,72,217
202401,2641059100,금정구 부곡4동,50대,707,105,262
202401,2641059100,금정구 부곡4동,60대이상,1785,121,569
202401,2641060000,금정구 장전1동,20대,4254,418,964
202401,2641060000,금정구 장전1동,20대미만,1074,38,294
202401,2641060000,금정구 장전1동,30대,1376,189,376
202401,2641060000,금정구 장전1동,40대,1489,258,394
202401,2641060000,금정구 장전1동,50대,1550,270,431
202401,2641060000,금정구 장전1동,60대이상,3503,220,636
202401,2641061000,금정구 장전2동,20대,2040,1484,2012
202401,2641061000,금정구 장전2동,20대미만,2747,157,745
202401,2641061000,금정구 장전2동,30대,2315,785,864
202401,2641061000,금정구 장전2동,40대,3427,791,910
202401,2641061000,금정구 장전2동,50대,2746,712,945
202401,2641061000,금정구 장전2동,60대이상,6013,508,1262
202401,2641063500,금정구 선두구동,20대,56,28,78
202401,2641063500,금정구 선두구동,20대미만,50,1,31
202401,2641063500,금정구 선두구동,30대,40,49,111
202401,2641063500,금정구 선두구동,40대,103,78,201
202401,2641063500,금정구 선두구동,50대,228,123,318
202401,2641063500,금정구 선두구동,60대이상,725,110,434
202401,2641066500,금정구 청룡노포동,20대,576,120,334
202401,2641066500,금정구 청룡노포동,20대미만,528,19,156
202401,2641066500,금정구 청룡노포동,30대,581,169,322
202401,2641066500,금정구 청룡노포동,40대,722,184,425
202401,2641066500,금정구 청룡노포동,50대,1168,285,737
202401,2641066500,금정구 청룡노포동,60대이상,3442,291,1315
202401,2641067000,금정구 남산동,20대,2424,393,726
202401,2641067000,금정구 남산동,20대미만,1579,112,439
202401,2641067000,금정구 남산동,30대,1739,295,557
202401,2641067000,금정구 남산동,40대,1967,425,736
202401,2641067000,금정구 남산동,50대,3283,580,1060
202401,2641067000,금정구 남산동,60대이상,7938,594,1741
202401,2641068000,금정구 구서1동,20대,919,133,331
202401,2641068000,금정구 구서1동,20대미만,1162,51,284
202401,2641068000,금정구 구서1동,30대,1066,199,371
202401,2641068000,금정구 구서1동,40대,1361,223,485
202401,2641068000,금정구 구서1동,50대,1583,289,525
202401,2641068000,금정구 구서1동,60대이상,3203,207,728
202401,2641069000,금정구 구서2동,20대,2388,290,932
202401,2641069000,금정구 구서2동,20대미만,2679,79,542
202401,2641069000,금정구 구서2동,30대,2333,292,756
202401,2641069000,금정구 구서2동,40대,3008,382,868
202401,2641069000,금정구 구서2동,50대,4086,570,1231
202401,2641069000,금정구 구서2동,60대이상,8331,520,2459
202401,2641070000,금정구 금성동,20대,42,11,37
202401,2641070000,금정구 금성동,20대미만,82,1,38
202401,2641070000,금정구 금성동,30대,36,12,53
202401,2641070000,금정구 금성동,40대,95,17,87
202401,2641070000,금정구 금성동,50대,105,31,141
202401,2641070000,금정구 금성동,60대이상,351,38,218
202401,2644051000,강서구 대저1동,20대,693,440,671
202401,2644051000,강서구 대저1동,20대미만,231,50,140
202401,2644051000,강서구 대저1동,30대,393,616,409
202401,2644051000,강서구 대저1동,40대,467,703,579
202401,2644051000,강서구 대저1동,50대,803,878,785
202401,2644051000,강서구 대저1동,60대이상,2780,658,1119
202401,2644052000,강서구 대저2동,20대,1061,928,3518
202401,2644052000,강서구 대저2동,20대미만,519,32,1868
202401,2644052000,강서구 대저2동,30대,665,1145,2671
202401,2644052000,강서구 대저2동,40대,673,1144,3161
202401,2644052000,강서구 대저2동,50대,759,1487,3710
202401,2644052000,강서구 대저2동,60대이상,2283,964,3386
202401,2644053000,강서구 강동동,20대,122,69,67
202401,2644053000,강서구 강동동,20대미만,41,4,24
202401,2644053000,강서구 강동동,30대,167,137,125
202401,2644053000,강서구 강동동,40대,184,161,171
202401,2644053000,강서구 강동동,50대,270,242,268
202401,2644053000,강서구 강동동,60대이상,1445,272,401
202401,2644053500,강서구 명지1동,20대,3041,773,938
202401,2644053500,강서구 명지1동,20대미만,7540,131,567
202401,2644053500,강서구 명지1동,30대,9045,1407,1469
202401,2644053500,강서구 명지1동,40대,9665,1589,1540
202401,2644053500,강서구 명지1동,50대,3972,1001,1251
202401,2644053500,강서구 명지1동,60대이상,6349,641,1426
202401,2644054500,강서구 명지2동,20대,1600,246,336
202401,2644054500,강서구 명지2동,20대미만,4346,57,294
202401,2644054500,강서구 명지2동,30대,2859,375,453
202401,2644054500,강서구 명지2동,40대,5301,675,605
202401,2644054500,강서구 명지2동,50대,2947,427,459
202401,2644054500,강서구 명지2동,60대이상,3724,283,604
202401,2644055000,강서구 가락동,20대,89,63,80
202401,2644055000,강서구 가락동,20대미만,44,10,54
202401,2644055000,강서구 가락동,30대,113,132,137
202401,2644055000,강서구 가락동,40대,146,161,195
202401,2644055000,강서구 가락동,50대,283,282,303
202401,2644055000,강서구 가락동,60대이상,1132,240,383
202401,2644056000,강서구 녹산동,20대,2408,1998,1110
202401,2644056000,강서구 녹산동,20대미만,3559,86,362
202401,2644056000,강서구 녹산동,30대,4655,3855,2046
202401,2644056000,강서구 녹산동,40대,5686,4787,2781
202401,2644056000,강서구 녹산동,50대,3731,4054,2794
202401,2644056000,강서구 녹산동,60대이상,6527,2288,2614
202401,2644058000,강서구 가덕도동,20대,195,100,301
202401,2644058000,강서구 가덕도동,20대미만,119,3,79
202401,2644058000,강서구 가덕도동,30대,302,161,565
202401,2644058000,강서구 가덕도동,40대,390,235,944
202401,2644058000,강서구 가덕도동,50대,494,210,959
202401,2644058000,강서구 가덕도동,60대이상,1383,114,822
202401,2647061000,연제구 거제1동,20대,2143,633,662
202401,2647061000,연제구 거제1동,20대미만,2352,349,698
202401,2647061000,연제구 거제1동,30대,1789,789,689
202401,2647061000,연제구 거제1동,40대,2964,1085,937
202401,2647061000,연제구 거제1동,50대,2953,1040,1057
202401,2647061000,연제구 거제1동,60대이상,6140,755,1641
202401,2647062000,연제구 거제2동,20대,1267,214,437
202401,2647062000,연제구 거제2동,20대미만,2031,45,460
202401,2647062000,연제구 거제2동,30대,1742,314,587
202401,2647062000,연제구 거제2동,40대,2407,411,834
202401,2647062000,연제구 거제2동,50대,2159,550,926
202401,2647062000,연제구 거제2동,60대이상,3183,374,1832
202401,2647063000,연제구 거제3동,20대,646,130,843
202401,2647063000,연제구 거제3동,20대미만,499,37,295
202401,2647063000,연제구 거제3동,30대,675,154,1079
202401,2647063000,연제구 거제3동,40대,817,187,1136
202401,2647063000,연제구 거제3동,50대,1122,239,1152
202401,2647063000,연제구 거제3동,60대이상,2443,223,1192
202401,2647064000,연제구 거제4동,20대,669,58,226
202401,2647064000,연제구 거제4동,20대미만,898,14,261
202401,2647064000,연제구 거제4동,30대,623,60,376
202401,2647064000,연제구 거제4동,40대,894,102,406
202401,2647064000,연제구 거제4동,50대,1249,152,399
202401,2647064000,연제구 거제4동,60대이상,2558,138,606
202401,2647065000,연제구 연산1동,20대,951,238,448
202401,2647065000,연제구 연산1동,20대미만,1345,93,319
202401,2647065000,연제구 연산1동,30대,1228,300,524
202401,2647065000,연제구 연산1동,40대,1647,369,590
202401,2647065000,연제구 연산1동,50대,1609,383,740
202401,2647065000,연제구 연산1동,60대이상,3967,375,1218
202401,2647066000,연제구 연산2동,20대,1827,311,1180
202401,2647066000,연제구 연산2동,20대미만,1447,48,753
202401,2647066000,연제구 연산2동,30대,2816,510,1685
202401,2647066000,연제구 연산2동,40대,2288,519,1520
202401,2647066000,연제구 연산2동,50대,2277,543,1521
202401,2647066000,연제구 연산2동,60대이상,4927,353,2892
202401,2647067000,연제구 연산3동,20대,303,11,59
202401,2647067000,연제구 연산3동,20대미만,250,8,53
202401,2647067000,연제구 연산3동,30대,515,28,93
202401,2647067000,연제구 연산3동,40대,676,46,116
202401,2647067000,연제구 연산3동,50대,650,61,114
202401,2647067000,연제구 연산3동,60대이상,1871,71,256
202401,2647068000,연제구 연산4동,20대,1389,281,967
202401,2647068000,연제구 연산4동,20대미만,615,17,255
202401,2647068000,연제구 연산4동,30대,1274,286,989
202401,2647068000,연제구 연산4동,40대,1290,350,933
202401,2647068000,연제구 연산4동,50대,1740,423,1119
202401,2647068000,연제구 연산4동,60대이상,4877,430,2149
202401,2647069000,연제구 연산5동,20대,1765,395,782
202401,2647069000,연제구 연산5동,20대미만,542,31,167
202401,2647069000,연제구 연산5동,30대,1849,555,780
202401,2647069000,연제구 연산5동,40대,1287,610,728
202401,2647069000,연제구 연산5동,50대,1423,723,885
202401,2647069000,연제구 연산5동,60대이상,3033,583,1437
202401,2647070000,연제구 연산6동,20대,816,106,574
202401,2647070000,연제구 연산6동,20대미만,786,39,341
202401,2647070000,연제구 연산6동,30대,1051,130,608
202401,2647070000,연제구 연산6동,40대,1298,155,612
202401,2647070000,연제구 연산6동,50대,1436,194,835
202401,2647070000,연제구 연산6동,60대이상,4241,212,2039
202401,2647072000,연제구 연산8동,20대,413,67,312
202401,2647072000,연제구 연산8동,20대미만,399,18,264
202401,2647072000,연제구 연산8동,30대,507,66,355
202401,2647072000,연제구 연산8동,40대,757,108,465
202401,2647072000,연제구 연산8동,50대,800,135,577
202401,2647072000,연제구 연산8동,60대이상,2098,122,1211
202401,2647073000,연제구 연산9동,20대,2452,355,513
202401,2647073000,연제구 연산9동,20대미만,2743,116,378
202401,2647073000,연제구 연산9동,30대,2662,392,629
202401,2647073000,연제구 연산9동,40대,3466,583,818
202401,2647073000,연제구 연산9동,50대,4160,698,909
202401,2647073000,연제구 연산9동,60대이상,9107,582,1447
202401,2650066000,수영구 남천1동,20대,1306,451,841
202401,2650066000,수영구 남천1동,20대미만,1556,283,650
202401,2650066000,수영구 남천1동,30대,1433,550,821
202401,2650066000,수영구 남천1동,40대,1662,581,1037
202401,2650066000,수영구 남천1동,50대,1887,611,1154
202401,2650066000,수영구 남천1동,60대이상,3942,476,1720
202401,2650067000,수영구 남천2동,20대,552,54,472
202401,2650067000,수영구 남천2동,20대미만,685,17,231
202401,2650067000,수영구 남천2동,30대,692,78,352
202401,2650067000,수영구 남천2동,40대,837,98,359
202401,2650067000,수영구 남천2동,50대,1244,119,384
202401,2650067000,수영구 남천2동,60대이상,2312,108,671
202401,2650073000,수영구 수영동,20대,1133,125,372
202401,2650073000,수영구 수영동,20대미만,645,27,166
202401,2650073000,수영구 수영동,30대,1175,173,401
202401,2650073000,수영구 수영동,40대,1198,235,432
202401,2650073000,수영구 수영동,50대,1604,296,494
202401,2650073000,수영구 수영동,60대이상,5260,344,1024
202401,2650074000,수영구 망미1동,20대,1842,216,378
202401,2650074000,수영구 망미1동,20대미만,2139,58,236
202401,2650074000,수영구 망미1동,30대,2099,269,445
202401,2650074000,수영구 망미1동,40대,2759,341,507
202401,2650074000,수영구 망미1동,50대,2989,411,584
202401,2650074000,수영구 망미1동,60대이상,9088,484,1204
202401,2650075000,수영구 망미2동,20대,550,59,321
202401,2650075000,수영구 망미2동,20대미만,590,28,319
202401,2650075000,수영구 망미2동,30대,506,91,363
202401,2650075000,수영구 망미2동,40대,972,142,558
202401,2650075000,수영구 망미2동,50대,1108,133,548
202401,2650075000,수영구 망미2동,60대이상,2320,166,1025
202401,2650076000,수영구 광안1동,20대,3034,231,529
202401,2650076000,수영구 광안1동,20대미만,1066,45,179
202401,2650076000,수영구 광안1동,30대,2474,249,456
202401,2650076000,수영구 광안1동,40대,1736,254,388
202401,2650076000,수영구 광안1동,50대,1628,218,453
202401,2650076000,수영구 광안1동,60대이상,4482,270,846
202401,2650077000,수영구 광안2동,20대,1668,369,2207
202401,2650077000,수영구 광안2동,20대미만,1144,32,743
202401,2650077000,수영구 광안2동,30대,1730,345,1175
202401,2650077000,수영구 광안2동,40대,1823,364,870
202401,2650077000,수영구 광안2동,50대,1840,337,877
202401,2650077000,수영구 광안2동,60대이상,4391,309,1192
202401,2650078000,수영구 광안3동,20대,1313,196,785
202401,2650078000,수영구 광안3동,20대미만,361,19,196
202401,2650078000,수영구 광안3동,30대,1145,204,613
202401,2650078000,수영구 광안3동,40대,826,201,539
202401,2650078000,수영구 광안3동,50대,900,219,612
202401,2650078000,수영구 광안3동,60대이상,2707,280,1191
202401,2650079000,수영구 광안4동,20대,1002,118,627
202401,2650079000,수영구 광안4동,20대미만,655,32,429
202401,2650079000,수영구 광안4동,30대,1003,118,637
202401,2650079000,수영구 광안4동,40대,966,138,595
202401,2650079000,수영구 광안4동,50대,1416,166,635
202401,2650079000,수영구 광안4동,60대이상,2948,155,1226
202401,2650080000,수영구 민락동,20대,2221,431,2335
202401,2650080000,수영구 민락동,20대미만,1467,43,901
202401,2650080000,수영구 민락동,30대,2746,384,1339
202401,2650080000,수영구 민락동,40대,2966,377,1102
202401,2650080000,수영구 민락동,50대,3049,467,1128
202401,2650080000,수영구 민락동,60대이상,7266,494,1472
202401,2653058000,사상구 삼락동,20대,289,177,330
202401,2653058000,사상구 삼락동,20대미만,220,28,229
202401,2653058000,사상구 삼락동,30대,315,295,439
202401,2653058000,사상구 삼락동,40대,327,405,540
202401,2653058000,사상구 삼락동,50대,750,620,807
202401,2653058000,사상구 삼락동,60대이상,1727,511,1397
202401,2653059100,사상구 모라1동,20대,1977,416,390
202401,2653059100,사상구 모라1동,20대미만,1474,74,197
202401,2653059100,사상구 모라1동,30대,2089,520,473
202401,2653059100,사상구 모라1동,40대,2144,612,535
202401,2653059100,사상구 모라1동,50대,3614,931,812
202401,2653059100,사상구 모라1동,60대이상,8265,870,1319
202401,2653059300,사상구 모라3동,20대,410,58,97
202401,2653059300,사상구 모라3동,20대미만,375,11,72
202401,2653059300,사상구 모라3동,30대,441,45,104
202401,2653059300,사상구 모라3동,40대,777,95,161
202401,2653059300,사상구 모라3동,50대,1330,189,254
202401,2653059300,사상구 모라3동,60대이상,4773,218,517
202401,2653060000,사상구 덕포1동,20대,710,66,174
202401,2653060000,사상구 덕포1동,20대미만,620,26,99
202401,2653060000,사상구 덕포1동,30대,1059,74,184
202401,2653060000,사상구 덕포1동,40대,950,104,193
202401,2653060000,사상구 덕포1동,50대,1145,146,239
202401,2653060000,사상구 덕포1동,60대이상,2257,132,453
202401,2653061000,사상구 덕포2동,20대,1001,225,368
202401,2653061000,사상구 덕포2동,20대미만,977,28,202
202401,2653061000,사상구 덕포2동,30대,954,286,327
202401,2653061000,사상구 덕포2동,40대,1149,327,360
202401,2653061000,사상구 덕포2동,50대,1664,494,473
202401,2653061000,사상구 덕포2동,60대이상,3595,385,716
202401,2653062000,사상구 괘법동,20대,3301,745,1718
202401,2653062000,사상구 괘법동,20대미만,941,64,540
202401,2653062000,사상구 괘법동,30대,2957,690,1233
202401,2653062000,사상구 괘법동,40대,2176,763,1156
202401,2653062000,사상구 괘법동,50대,2971,998,1597
202401,2653062000,사상구 괘법동,60대이상,6042,866,2546
202401,2653064500,사상구 감전동,20대,788,561,698
202401,2653064500,사상구 감전동,20대미만,409,44,209
202401,2653064500,사상구 감전동,30대,887,833,773
202401,2653064500,사상구 감전동,40대,901,894,789
202401,2653064500,사상구 감전동,50대,1533,1132,1125
202401,2653064500,사상구 감전동,60대이상,3711,908,1395
202401,2653065000,사상구 주례1동,20대,1265,264,314
202401,2653065000,사상구 주례1동,20대미만,1351,28,129
202401,2653065000,사상구 주례1동,30대,1600,305,337
202401,2653065000,사상구 주례1동,40대,1627,318,341
202401,2653065000,사상구 주례1동,50대,2231,497,503
202401,2653065000,사상구 주례1동,60대이상,4354,408,1028
202401,2653066000,사상구 주례2동,20대,2805,448,699
202401,2653066000,사상구 주례2동,20대미만,1896,41,301
202401,2653066000,사상구 주례2동,30대,1977,319,508
202401,2653066000,사상구 주례2동,40대,2178,372,555
202401,2653066000,사상구 주례2동,50대,2600,402,733
202401,2653066000,사상구 주례2동,60대이상,5352,413,1313
202401,2653066100,사상구 주례3동,20대,493,74,141
202401,2653066100,사상구 주례3동,20대미만,526,12,79
202401,2653066100,사상구 주례3동,30대,452,93,164
202401,2653066100,사상구 주례3동,40대,649,131,208
202401,2653066100,사상구 주례3동,50대,877,153,267
202401,2653066100,사상구 주례3동,60대이상,1996,135,384
202401,2653067000,사상구 학장동,20대,1502,407,496
202401,2653067000,사상구 학장동,20대미만,1318,30,286
202401,2653067000,사상구 학장동,30대,1653,507,582
202401,2653067000,사상구 학장동,40대,2140,607,696
202401,2653067000,사상구 학장동,50대,2524,854,1003
202401,2653067000,사상구 학장동,60대이상,5979,667,1599
202401,2653068000,사상구 엄궁동,20대,2084,309,332
202401,2653068000,사상구 엄궁동,20대미만,2851,21,147
202401,2653068000,사상구 엄궁동,30대,2095,368,422
202401,2653068000,사상구 엄궁동,40대,2904,521,516
202401,2653068000,사상구 엄궁동,50대,3728,685,689
202401,2653068000,사상구 엄궁동,60대이상,6000,462,992
202401,2671025000,기장군 기장읍,20대,4361,1241,1863
202401,2671025000,기장군 기장읍,20대미만,4325,95,1475
202401,2671025000,기장군 기장읍,30대,4643,1289,2442
202401,2671025000,기장군 기장읍,40대,6147,1521,2901
202401,2671025000,기장군 기장읍,50대,7827,1851,2817
202401,2671025000,기장군 기장읍,60대이상,17322,1326,3346
202401,2671025300,기장군 장안읍,20대,668,637,604
202401,2671025300,기장군 장안읍,20대미만,424,47,297
202401,2671025300,기장군 장안읍,30대,724,1025,860
202401,2671025300,기장군 장안읍,40대,796,1165,1185
202401,2671025300,기장군 장안읍,50대,1202,1059,1297
202401,2671025300,기장군 장안읍,60대이상,3201,593,1427
202401,2671025600,기장군 정관읍,20대,5186,1068,874
202401,2671025600,기장군 정관읍,20대미만,14257,131,499
202401,2671025600,기장군 정관읍,30대,7842,1392,1064
202401,2671025600,기장군 정관읍,40대,15274,2636,1497
202401,2671025600,기장군 정관읍,50대,8385,1786,1385
202401,2671025600,기장군 정관읍,60대이상,13444,1043,1573
202401,2671025900,기장군 일광읍,20대,1955,343,664
202401,2671025900,기장군 일광읍,20대미만,2296,58,415
202401,2671025900,기장군 일광읍,30대,3248,504,829
202401,2671025900,기장군 일광읍,40대,3725,619,975
202401,2671025900,기장군 일광읍,50대,3279,616,1188
202401,2671025900,기장군 일광읍,60대이상,5334,539,1497
202401,2671033000,기장군 철마면,20대,197,40,92
202401,2671033000,기장군 철마면,20대미만,250,7,75
202401,2671033000,기장군 철마면,30대,314,107,142
202401,2671033000,기장군 철마면,40대,519,138,253
202401,2671033000,기장군 철마면,50대,795,294,414
202401,2671033000,기장군 철마면,60대이상,3273,210,763
