scope,district,rawDong,type,subtype,count,regionAllTypes,retention,repeatedBefore,repeatedAfter,directionReversal,geographyConfirmed,weekendRatio2020_2022,weekendRatio2023_2024,regionShare,count_2020,count_2021,count_2022,count_2023,count_2024,before_2020,before_2021,before_2022,before_2023,before_2024
A,강서구,강동동,구급,심정지,32,2370,0.5517241379310345,True,True,True,False,0.5360565951620264,0.9082209656372335,0.01350210970464135,8,5,4,10,5,9,11,6,20,12
A,강서구,강동동,화재,일반화재(주택),89,2370,0.7739130434782608,True,True,True,False,1.2187269599410175,7.180622009569379,0.03755274261603375,18,15,25,11,20,27,21,28,15,24
A,강서구,강동동,구조,산악사고,0,2370,,False,False,False,False,,,0.0,0,0,0,0,0,0,0,0,0,0
A,강서구,강동동,구조,수난사고,11,2370,0.4074074074074074,False,False,False,False,0.8338658146964857,0.0,0.004641350210970464,1,1,6,3,0,5,4,12,6,0
A,강서구,강동동,구급,교통사고,144,2370,0.6050420168067226,True,True,False,False,0.3411269241940168,0.69377990430622,0.060759493670886074,26,21,28,34,35,46,33,42,55,62
A,강서구,구랑동,구급,심정지,3,420,1.0,False,False,False,False,,0.0,0.007142857142857143,0,2,0,1,0,0,2,0,1,0
A,강서구,구랑동,화재,일반화재(주택),2,420,0.4,False,False,False,False,0.0,0.0,0.004761904761904762,1,0,0,0,1,3,0,0,0,2
A,강서구,구랑동,구조,산악사고,4,420,0.8,False,False,False,False,0.0,,0.009523809523809525,0,0,4,0,0,0,0,5,0,0
A,강서구,구랑동,구조,수난사고,0,420,,False,False,False,False,,,0.0,0,0,0,0,0,0,0,0,0,0
A,강서구,구랑동,구급,교통사고,44,420,0.5176470588235295,True,True,False,False,0.7147421268827019,2.2200956937799043,0.10476190476190476,4,8,15,12,5,7,13,29,23,13
A,강서구,녹산동,구급,심정지,9,1149,0.5294117647058824,True,False,False,False,0.357371063441351,,0.007832898172323759,1,4,3,0,1,1,9,4,2,1
A,강서구,녹산동,화재,일반화재(주택),16,1149,0.9411764705882353,False,False,False,False,1.6677316293929711,0.0,0.01392515230635335,5,1,9,1,0,5,1,10,1,0
A,강서구,녹산동,구조,산악사고,5,1149,0.8333333333333334,False,False,False,False,0.0,,0.004351610095735422,1,0,1,0,3,2,0,1,0,3
A,강서구,녹산동,구조,수난사고,0,1149,0.0,False,False,False,False,,,0.0,0,0,0,0,0,3,0,1,1,1
A,강서구,녹산동,구급,교통사고,65,1149,0.625,True,True,False,False,0.662187558729562,0.24976076555023924,0.05657093124456049,19,13,11,8,14,29,22,16,13,24
A,강서구,눌차동,구급,심정지,4,134,0.6666666666666666,False,False,False,False,0.0,0.0,0.029850746268656716,1,0,1,2,0,1,0,1,3,1
A,강서구,눌차동,화재,일반화재(주택),0,134,,False,False,False,False,,,0.0,0,0,0,0,0,0,0,0,0,0
A,강서구,눌차동,구조,산악사고,0,134,0.0,False,False,False,False,,,0.0,0,0,0,0,0,0,0,1,0,0
A,강서구,눌차동,구조,수난사고,0,134,0.0,False,False,False,False,,,0.0,0,0,0,0,0,0,0,0,4,0
A,강서구,눌차동,구급,교통사고,2,134,0.6666666666666666,False,False,False,False,,0.0,0.014925373134328358,0,0,1,0,1,0,0,1,0,2
A,강서구,대저1동,구급,심정지,66,4232,0.673469387755102,True,True,False,False,1.819343595701423,0.999043062200957,0.015595463137996219,9,14,15,12,16,15,21,24,14,24
A,강서구,대저1동,화재,일반화재(주택),143,4232,0.7295918367346939,True,True,False,False,0.4841801504689271,0.3568010936431989,0.033790170132325145,19,49,43,17,15,25,61,65,21,24
A,강서구,대저1동,구조,산악사고,0,4232,,False,False,False,False,,,0.0,0,0,0,0,0,0,0,0,0,0
A,강서구,대저1동,구조,수난사고,14,4232,0.2857142857142857,True,False,False,False,17.511182108626198,0.4995215311004785,0.0033081285444234404,3,5,0,3,3,11,11,7,14,6
A,강서구,대저1동,구급,교통사고,333,4232,0.6367112810707457,True,True,False,False,0.7216146473334972,0.9366028708133972,0.07868620037807184,75,50,76,66,66,115,87,114,102,105
A,강서구,대저2동,구급,심정지,51,3731,0.75,True,True,False,False,0.9216411636119052,0.3405828621139626,0.013669257571696597,10,9,7,11,14,13,12,10,15,18
A,강서구,대저2동,화재,일반화재(주택),131,3731,0.7844311377245509,True,True,False,False,2.5015974440894566,0.20813397129186603,0.035111230233181454,9,13,70,12,27,16,19,85,16,31
A,강서구,대저2동,구조,산악사고,0,3731,,False,False,False,False,,,0.0,0,0,0,0,0,0,0,0,0,0
A,강서구,대저2동,구조,수난사고,7,3731,0.23333333333333334,True,False,False,False,10.006389776357826,0.0,0.001876172607879925,0,3,2,2,0,4,12,5,8,1
A,강서구,대저2동,구급,교통사고,311,3731,0.6561181434599156,True,True,False,False,0.9096717978507115,0.6184552289815447,0.08335566872152238,46,65,69,65,66,76,90,104,112,92
A,강서구,대항동,구급,심정지,5,203,0.45454545454545453,True,False,False,False,0.8338658146964857,0.0,0.024630541871921183,1,0,3,1,0,1,5,3,1,1
A,강서구,대항동,화재,일반화재(주택),5,203,0.8333333333333334,False,False,False,False,7.504792332268369,,0.024630541871921183,0,3,1,0,1,0,4,1,0,1
A,강서구,대항동,구조,산악사고,4,203,0.4,False,False,False,False,2.5015974440894566,2.4976076555023923,0.019704433497536946,1,0,1,2,0,2,0,3,4,1
A,강서구,대항동,구조,수난사고,16,203,0.5714285714285714,True,False,False,False,1.500958466453674,2.4976076555023923,0.07881773399014778,7,0,1,3,5,12,1,2,3,10
A,강서구,대항동,구급,교통사고,1,203,1.0,False,False,False,False,,,0.0049261083743842365,0,0,1,0,0,0,0,1,0,0
A,강서구,동선동,구급,심정지,7,223,0.5384615384615384,False,False,False,False,0.0,1.2488038277511961,0.03139013452914798,2,0,2,2,1,5,0,3,2,3
A,강서구,동선동,화재,일반화재(주택),0,223,,False,False,False,False,,,0.0,0,0,0,0,0,0,0,0,0,0
A,강서구,동선동,구조,산악사고,8,223,0.8,True,True,True,False,7.504792332268369,2.4976076555023923,0.03587443946188341,1,2,1,2,2,3,2,1,2,2
A,강서구,동선동,구조,수난사고,1,223,0.25,False,False,False,False,,,0.004484304932735426,0,0,0,1,0,0,2,1,1,0
A,강서구,동선동,구급,교통사고,6,223,0.5454545454545454,True,False,False,False,0.6253993610223642,,0.026905829596412557,0,2,3,1,0,1,4,4,1,1
A,강서구,명지동,구급,심정지,112,9599,0.48484848484848486,True,True,False,False,1.0233807725820505,1.2866463679860807,0.011667882071049067,11,23,28,24,26,34,43,54,46,54
A,강서구,명지동,화재,일반화재(주택),152,9599,0.6104417670682731,True,True,False,False,1.3758785942492011,0.02806300736519542,0.01583498281070945,31,21,10,12,78,50,31,24,18,126
A,강서구,명지동,구조,산악사고,0,9599,0.0,False,False,False,False,,,0.0,0,0,0,0,0,0,0,0,0,2
A,강서구,명지동,구조,수난사고,14,9599,0.30434782608695654,True,True,False,False,0.0,2.4976076555023923,0.0014584852588811334,1,1,6,1,5,5,9,16,3,13
A,강서구,명지동,구급,교통사고,652,9599,0.4961948249619482,True,True,False,False,1.1655169909962242,0.9496112440191388,0.06792374205646422,115,132,140,134,131,218,279,279,280,258
A,강서구,미음동,구급,심정지,0,640,,False,False,False,False,,,0.0,0,0,0,0,0,0,0,0,0,0
A,강서구,미음동,화재,일반화재(주택),7,640,0.4666666666666667,False,False,False,False,15.009584664536739,,0.0109375,3,4,0,0,0,5,5,5,0,0
A,강서구,미음동,구조,산악사고,1,640,1.0,False,False,False,False,,,0.0015625,0,1,0,0,0,0,1,0,0,0
A,강서구,미음동,구조,수난사고,0,640,,False,False,False,False,,,0.0,0,0,0,0,0,0,0,0,0,0
A,강서구,미음동,구급,교통사고,36,640,0.6545454545454545,True,True,False,False,0.20846645367412142,1.6650717703349283,0.05625,9,10,7,4,6,13,10,10,14,8
A,강서구,범방동,구급,심정지,4,664,0.6666666666666666,False,False,False,False,,0.0,0.006024096385542169,1,0,0,0,3,2,0,0,1,3
A,강서구,범방동,화재,일반화재(주택),6,664,0.5,False,False,False,False,0.0,,0.009036144578313253,1,3,2,0,0,3,5,2,0,2
A,강서구,범방동,구조,산악사고,0,664,,False,False,False,False,,,0.0,0,0,0,0,0,0,0,0,0,0
A,강서구,범방동,구조,수난사고,3,664,0.375,False,False,False,False,0.0,2.4976076555023923,0.004518072289156626,1,0,0,0,2,2,0,0,3,3
A,강서구,범방동,구급,교통사고,61,664,0.43884892086330934,True,True,False,False,0.8829167449727494,0.6244019138755981,0.09186746987951808,14,15,17,10,5,30,35,26,24,24
A,강서구,봉림동,구급,심정지,10,613,0.5882352941176471,False,False,False,False,1.6677316293929714,0.6244019138755981,0.01631321370309951,0,2,3,2,3,0,2,7,2,6
A,강서구,봉림동,화재,일반화재(주택),20,613,0.6896551724137931,True,True,False,False,6.253993610223642,1.1100478468899522,0.03262642740619902,3,1,3,2,11,5,1,6,2,15
A,강서구,봉림동,구조,산악사고,0,613,,False,False,False,False,,,0.0,0,0,0,0,0,0,0,0,0,0
A,강서구,봉림동,구조,수난사고,14,613,0.4375,False,False,False,False,0.9380990415335462,4.9952153110047846,0.022838499184339316,0,0,11,0,3,3,2,18,0,9
A,강서구,봉림동,구급,교통사고,42,613,0.4077669902912621,True,True,False,False,0.5003194888178913,0.4995215311004785,0.06851549755301795,9,5,10,13,5,22,10,23,28,20
A,강서구,생곡동,구급,심정지,6,668,1.0,False,False,False,False,0.8338658146964857,0.0,0.008982035928143712,0,1,3,2,0,0,1,3,2,0
A,강서구,생곡동,화재,일반화재(주택),4,668,1.0,False,False,False,False,2.5015974440894566,,0.005988023952095809,4,0,0,0,0,4,0,0,0,0
A,강서구,생곡동,구조,산악사고,0,668,,False,False,False,False,,,0.0,0,0,0,0,0,0,0,0,0,0
A,강서구,생곡동,구조,수난사고,1,668,0.2,False,False,False,False,0.0,,0.0014970059880239522,0,1,0,0,0,3,2,0,0,0
A,강서구,생곡동,구급,교통사고,28,668,0.5283018867924528,True,True,False,False,1.1545834357335953,1.2488038277511961,0.041916167664670656,5,8,6,4,5,10,9,11,10,13
A,강서구,성북동,구급,심정지,8,602,0.5,True,True,False,False,0.0,0.0,0.013289036544850499,1,1,3,1,2,1,3,4,5,3
A,강서구,성북동,화재,일반화재(주택),2,602,1.0,False,False,False,False,0.0,,0.0033222591362126247,0,0,2,0,0,0,0,2,0,0
A,강서구,성북동,구조,산악사고,0,602,0.0,False,False,False,False,,,0.0,0,0,0,0,0,0,2,0,0,3
A,강서구,성북동,구조,수난사고,9,602,0.45,True,True,False,False,0.0,,0.014950166112956811,2,1,3,1,2,2,3,4,3,8
A,강서구,성북동,구급,교통사고,41,602,0.37962962962962965,True,True,False,False,0.652590637588554,1.2488038277511961,0.0681063122923588,14,6,9,7,5,32,14,22,17,23
A,강서구,송정동,구급,심정지,25,2622,0.5434782608695652,True,True,False,False,0.750479233226837,2.4976076555023923,0.009534706331045004,4,3,6,5,7,7,4,8,8,19
A,강서구,송정동,화재,일반화재(주택),23,2622,0.6052631578947368,True,False,False,False,0.29430558165758314,0.0,0.008771929824561403,5,4,10,4,0,9,6,15,4,4
A,강서구,송정동,구조,산악사고,3,2622,0.42857142857142855,False,False,False,False,,,0.0011441647597254005,0,0,0,2,1,0,0,0,2,5
A,강서구,송정동,구조,수난사고,6,2622,0.6,False,False,False,False,5.003194888178913,0.0,0.002288329519450801,3,0,0,3,0,7,0,0,3,0
A,강서구,송정동,구급,교통사고,220,2622,0.5104408352668214,True,True,True,False,0.8338658146964856,0.5297955632883862,0.08390541571319603,42,47,51,44,36,86,77,88,89,91
A,강서구,식만동,구급,심정지,6,167,0.6666666666666666,False,False,False,False,1.6677316293929714,0.0,0.03592814371257485,1,4,0,0,1,1,5,0,0,3
A,강서구,식만동,화재,일반화재(주택),7,167,0.2916666666666667,False,False,False,False,0.0,0.0,0.041916167664670656,0,0,2,5,0,0,5,2,16,1
A,강서구,식만동,구조,산악사고,0,167,,False,False,False,False,,,0.0,0,0,0,0,0,0,0,0,0,0
A,강서구,식만동,구조,수난사고,1,167,0.2,False,False,False,False,0.0,,0.005988023952095809,0,0,1,0,0,0,2,3,0,0
A,강서구,식만동,구급,교통사고,8,167,0.27586206896551724,True,False,False,False,10.006389776357826,1.2488038277511961,0.04790419161676647,0,2,3,1,2,3,4,8,5,9
A,강서구,신호동,구급,심정지,53,3086,0.6883116883116883,True,True,False,False,0.9529895025102693,1.7840054682159945,0.017174335709656513,10,12,7,14,10,12,17,10,21,17
A,강서구,신호동,화재,일반화재(주택),13,3086,0.7647058823529411,False,False,False,False,3.7523961661341847,0.0,0.004212572909915748,0,5,5,2,1,0,5,8,2,2
A,강서구,신호동,구조,산악사고,0,3086,,False,False,False,False,,,0.0,0,0,0,0,0,0,0,0,0,0
A,강서구,신호동,구조,수난사고,11,3086,0.23404255319148937,True,False,False,False,1.2507987220447285,0.0,0.0035644847699287103,5,2,2,2,0,9,10,18,4,6
A,강서구,신호동,구급,교통사고,166,3086,0.6561264822134387,True,True,True,False,0.9041918472612495,0.9858977587509443,0.053791315618924175,28,40,45,32,21,43,63,57,46,44
A,강서구,죽동동,구급,심정지,4,127,0.36363636363636365,False,False,True,False,0.0,1.2488038277511961,0.031496062992125984,1,0,0,1,2,5,0,2,1,3
A,강서구,죽동동,화재,일반화재(주택),16,127,0.5714285714285714,False,False,False,False,,32.4688995215311,0.12598425196850394,0,0,2,4,10,0,0,3,11,14
A,강서구,죽동동,구조,산악사고,0,127,,False,False,False,False,,,0.0,0,0,0,0,0,0,0,0,0,0
A,강서구,죽동동,구조,수난사고,0,127,,False,False,False,False,,,0.0,0,0,0,0,0,0,0,0,0,0
A,강서구,죽동동,구급,교통사고,7,127,0.3181818181818182,True,False,False,False,0.8338658146964857,0.0,0.05511811023622047,1,1,2,0,3,1,2,7,5,7
A,강서구,죽림동,구급,심정지,2,190,0.5,False,False,False,False,0.0,,0.010526315789473684,1,0,1,0,0,1,1,1,0,1
A,강서구,죽림동,화재,일반화재(주택),0,190,0.0,False,False,False,False,,,0.0,0,0,0,0,0,2,0,0,0,0
A,강서구,죽림동,구조,산악사고,0,190,0.0,False,False,False,False,,,0.0,0,0,0,0,0,0,0,0,3,0
A,강서구,죽림동,구조,수난사고,0,190,,False,False,False,False,,,0.0,0,0,0,0,0,0,0,0,0,0
A,강서구,죽림동,구급,교통사고,13,190,0.38235294117647056,False,False,False,False,0.0,1.6650717703349283,0.06842105263157895,1,2,0,2,8,2,6,0,14,12
A,강서구,지사동,구급,심정지,29,2422,0.6304347826086957,True,True,False,False,1.8761980830670923,2.1854066985645937,0.011973575557390587,4,6,4,3,12,7,6,4,7,22
A,강서구,지사동,화재,일반화재(주택),11,2422,0.7857142857142857,False,False,False,False,1.0721131903240528,0.0,0.004541701073492981,1,5,4,0,1,1,6,5,0,2
A,강서구,지사동,구조,산악사고,3,2422,0.6,False,False,False,False,1.2507987220447283,,0.0012386457473162675,0,0,3,0,0,0,1,3,0,1
A,강서구,지사동,구조,수난사고,0,2422,,False,False,False,False,,,0.0,0,0,0,0,0,0,0,0,0,0
A,강서구,지사동,구급,교통사고,54,2422,0.6835443037974683,True,True,False,False,0.4841801504689271,0.5352016404647983,0.022295623451692816,9,14,14,5,12,13,19,20,8,19
A,강서구,천성동,구급,심정지,3,366,0.3,False,False,True,False,2.5015974440894566,0.0,0.00819672131147541,1,1,0,1,0,1,1,0,6,2
A,강서구,천성동,화재,일반화재(주택),13,366,0.43333333333333335,False,False,False,False,0.41693290734824284,12.488038277511963,0.03551912568306011,0,5,2,1,5,0,11,3,1,15
A,강서구,천성동,구조,산악사고,20,366,0.47619047619047616,True,True,False,False,9.172523961661343,1.2488038277511961,0.0546448087431694,1,4,9,4,2,4,13,13,7,5
A,강서구,천성동,구조,수난사고,9,366,0.16071428571428573,False,False,False,False,5.003194888178913,0.0,0.02459016393442623,0,2,1,5,1,0,4,19,17,16
A,강서구,천성동,구급,교통사고,10,366,0.22727272727272727,True,False,True,False,4.169329073482428,2.4976076555023923,0.0273224043715847,4,3,1,2,0,4,8,5,14,13
A,강서구,화전동,구급,심정지,12,957,0.6,True,True,False,False,0.0,4.9952153110047846,0.012539184952978056,2,6,1,2,1,3,9,2,3,3
A,강서구,화전동,화재,일반화재(주택),4,957,0.36363636363636365,False,False,False,False,0.0,0.0,0.0041797283176593526,1,2,0,1,0,3,4,1,3,0
A,강서구,화전동,구조,산악사고,2,957,1.0,False,False,False,False,,0.0,0.0020898641588296763,0,0,0,2,0,0,0,0,2,0
A,강서구,화전동,구조,수난사고,1,957,0.25,False,False,False,False,,0.0,0.0010449320794148381,0,0,0,0,1,0,0,0,0,4
A,강서구,화전동,구급,교통사고,35,957,0.6363636363636364,True,True,False,False,0.47649475125513463,0.6244019138755981,0.03657262277951933,12,4,9,5,5,17,5,10,13,10
A,금정구,구서동,구급,심정지,168,7756,0.5508196721311476,True,True,False,False,0.7283131799247785,0.7345904869124683,0.021660649819494584,25,43,34,31,35,41,73,71,51,69
A,금정구,구서동,화재,일반화재(주택),42,7756,0.56,True,True,False,False,0.7412140575079872,0.999043062200957,0.005415162454873646,15,7,13,4,3,34,9,20,7,5
A,금정구,구서동,구조,산악사고,28,7756,0.4827586206896552,True,True,False,False,3.57371063441351,0.5550239234449761,0.0036101083032490976,7,9,1,5,6,18,19,3,8,10
A,금정구,구서동,구조,수난사고,7,7756,0.7777777777777778,False,False,False,False,0.5003194888178913,0.0,0.0009025270758122744,3,2,1,1,0,5,2,1,1,0
A,금정구,구서동,구급,교통사고,344,7756,0.5771812080536913,True,True,False,False,1.1248793876106955,0.8675900277008309,0.0443527591542032,64,79,73,45,83,104,120,124,98,150
A,금정구,금사동,구급,심정지,34,1541,0.576271186440678,True,True,False,False,1.0006389776357827,0.45411048281861677,0.022063595068137574,9,7,5,7,6,22,10,7,10,10
A,금정구,금사동,화재,일반화재(주택),21,1541,0.7,True,True,False,False,3.126996805111821,4.9952153110047846,0.0136275146009085,3,10,5,2,1,6,12,8,2,2
A,금정구,금사동,구조,산악사고,12,1541,0.5714285714285714,False,False,False,False,0.8338658146964857,4.162679425837321,0.007787151200519144,0,2,2,8,0,4,3,4,10,0
A,금정구,금사동,구조,수난사고,0,1541,,False,False,False,False,,,0.0,0,0,0,0,0,0,0,0,0,0
A,금정구,금사동,구급,교통사고,110,1541,0.5213270142180095,True,True,True,False,0.7817492012779553,0.5123297754876701,0.07138221933809215,19,22,22,19,28,49,44,40,38,40
A,금정구,금성동,구급,심정지,15,1006,0.75,True,True,False,False,3.3354632587859427,1.4985645933014355,0.014910536779324055,1,3,3,5,3,1,3,4,9,3
A,금정구,금성동,화재,일반화재(주택),22,1006,0.6285714285714286,True,True,True,False,2.1888977635782747,6.244019138755982,0.02186878727634195,1,11,3,5,2,3,16,3,11,2
A,금정구,금성동,구조,산악사고,111,1006,0.5751295336787565,True,True,False,False,4.645823824737563,2.4015458225984543,0.110337972166998,19,15,26,32,19,42,30,42,46,33
A,금정구,금성동,구조,수난사고,0,1006,,False,False,False,False,,,0.0,0,0,0,0,0,0,0,0,0,0
A,금정구,금성동,구급,교통사고,13,1006,0.65,True,False,False,False,5.003194888178913,0.999043062200957,0.012922465208747515,5,1,0,4,3,5,1,3,6,5
A,금정구,남산동,구급,심정지,166,7023,0.6916666666666667,True,True,False,False,0.5285065022724204,1.0078065978342987,0.023636622525986046,25,37,24,39,41,32,45,43,59,61
A,금정구,남산동,화재,일반화재(주택),94,7023,0.7401574803149606,True,True,False,False,0.6485623003194888,4.717703349282297,0.013384593478570411,9,9,50,10,16,24,9,55,13,26
A,금정구,남산동,구조,산악사고,16,7023,0.7272727272727273,True,True,False,False,1.2507987220447285,1.8732057416267944,0.0022782286772034745,1,3,5,3,4,1,6,6,5,4
A,금정구,남산동,구조,수난사고,1,7023,1.0,False,False,False,False,0.0,,0.00014238929232521716,1,0,0,0,0,1,0,0,0,0
A,금정구,남산동,구급,교통사고,211,7023,0.7128378378378378,True,True,False,False,1.4676038338658146,0.6075261864735549,0.030044140680620817,35,43,41,39,53,51,55,64,51,75
A,금정구,노포동,구급,심정지,18,1059,0.5454545454545454,True,True,False,False,0.714742126882702,4.9952153110047846,0.0169971671388102,1,3,5,4,5,5,4,11,4,9
A,금정구,노포동,화재,일반화재(주택),27,1059,0.45,True,True,False,False,6.879392971246006,1.2488038277511961,0.025495750708215296,1,9,5,11,1,2,20,14,19,5
A,금정구,노포동,구조,산악사고,2,1059,1.0,False,False,False,False,0.0,,0.0018885741265344666,1,0,0,0,1,1,0,0,0,1
A,금정구,노포동,구조,수난사고,0,1059,,False,False,False,False,,,0.0,0,0,0,0,0,0,0,0,0,0
A,금정구,노포동,구급,교통사고,70,1059,0.37037037037037035,True,True,False,False,0.22741794946267788,0.7684946632315054,0.06610009442870633,15,9,12,12,22,38,23,31,37,60
A,금정구,두구동,구급,심정지,18,1265,0.6,True,True,False,False,1.0006389776357827,1.4272043745727956,0.014229249011857707,3,1,3,6,5,3,2,4,11,10
A,금정구,두구동,화재,일반화재(주택),69,1265,0.6160714285714286,True,False,False,False,1.8761980830670926,0.27751196172248804,0.05454545454545454,6,0,43,19,1,10,2,61,36,3
A,금정구,두구동,구조,산악사고,3,1265,0.75,False,False,False,False,,1.2488038277511961,0.0023715415019762848,0,0,0,3,0,0,0,0,4,0
A,금정구,두구동,구조,수난사고,1,1265,1.0,False,False,False,False,,,0.0007905138339920949,0,0,1,0,0,0,0,1,0,0
A,금정구,두구동,구급,교통사고,53,1265,0.5196078431372549,True,True,False,False,0.8338658146964856,1.1239234449760767,0.04189723320158103,6,8,10,24,5,15,17,24,36,10
A,금정구,부곡동,구급,심정지,202,9253,0.5153061224489796,True,True,False,False,0.806070287539936,1.271509351892127,0.02183075759213228,22,57,40,40,43,59,87,78,86,82
A,금정구,부곡동,화재,일반화재(주택),78,9253,0.6290322580645161,True,True,False,False,0.3126996805111821,0.7992344497607655,0.008429698476169891,9,26,10,15,18,19,41,14,22,28
A,금정구,부곡동,구조,산악사고,24,9253,0.6486486486486487,True,True,True,False,0.3848611452445318,8.741626794258375,0.002593753377283043,7,2,6,5,4,8,2,11,7,9
A,금정구,부곡동,구조,수난사고,15,9253,0.3125,False,False,False,False,,0.0,0.0016210958608019021,0,0,0,13,2,1,0,1,41,5
A,금정구,부곡동,구급,교통사고,452,9253,0.510158013544018,True,True,False,False,0.9033546325878594,0.8185436854167504,0.04884902193883065,95,106,93,72,86,180,198,188,167,153
A,금정구,서동,구급,심정지,141,6241,0.5108695652173914,True,True,True,False,1.0855988908312735,1.3677375256322626,0.022592533247876943,26,20,30,33,32,58,38,55,68,57
A,금정구,서동,화재,일반화재(주택),83,6241,0.6194029850746269,True,True,False,False,0.2565740968296879,0.3568010936431989,0.01329915077711905,6,13,24,25,15,13,23,37,40,21
A,금정구,서동,구조,산악사고,11,6241,0.44,True,True,False,False,2.0012779552715654,,0.0017625380547989103,2,5,2,1,1,4,11,7,2,1
A,금정구,서동,구조,수난사고,0,6241,,False,False,False,False,,,0.0,0,0,0,0,0,0,0,0,0,0
A,금정구,서동,구급,교통사고,230,6241,0.5133928571428571,True,True,False,False,0.5391373801916933,0.9221935958778065,0.03685306841852267,44,51,46,34,55,89,86,79,87,107
A,금정구,선동,구급,심정지,5,486,0.45454545454545453,True,False,False,False,,,0.0102880658436214,0,0,1,1,3,1,2,1,3,4
A,금정구,선동,화재,일반화재(주택),48,486,0.5853658536585366,True,True,False,False,0.16677316293929714,1.9425837320574164,0.09876543209876543,2,27,3,7,9,2,45,4,17,14
A,금정구,선동,구조,산악사고,9,486,0.6428571428571429,False,False,False,False,5.003194888178913,1.2488038277511961,0.018518518518518517,3,0,3,3,0,4,0,5,4,1
A,금정구,선동,구조,수난사고,1,486,0.2,False,False,False,False,0.0,,0.00205761316872428,0,1,0,0,0,0,2,0,0,3
A,금정구,선동,구급,교통사고,28,486,0.4117647058823529,True,True,False,False,1.1118210862619808,0.9082209656372335,0.05761316872427984,4,4,5,7,8,13,8,14,14,19
A,금정구,오륜동,구급,심정지,3,480,0.42857142857142855,False,False,False,False,0.0,,0.00625,0,0,3,0,0,1,0,6,0,0
A,금정구,오륜동,화재,일반화재(주택),4,480,0.5714285714285714,False,False,False,False,0.0,2.4976076555023923,0.008333333333333333,0,2,0,1,1,0,4,0,2,1
A,금정구,오륜동,구조,산악사고,31,480,0.5740740740740741,True,True,False,False,2.2236421725239617,6.244019138755982,0.06458333333333334,3,8,6,10,4,7,15,13,12,7
A,금정구,오륜동,구조,수난사고,2,480,0.5,False,False,False,False,,0.0,0.004166666666666667,0,0,0,1,1,0,0,0,1,3
A,금정구,오륜동,구급,교통사고,26,480,0.4126984126984127,True,True,True,False,0.2779552715654952,0.4995215311004785,0.05416666666666667,5,9,6,2,4,10,19,15,7,12
A,금정구,장전동,구급,심정지,149,7653,0.5120274914089347,True,True,False,False,1.038398939056001,0.8628099173553719,0.019469489089246048,29,20,26,28,46,50,42,69,51,79
A,금정구,장전동,화재,일반화재(주택),97,7653,0.47317073170731705,True,True,False,False,1.4071485623003195,3.6076555023923444,0.012674768064811185,43,18,14,13,9,105,34,27,23,16
A,금정구,장전동,구조,산악사고,34,7653,0.5074626865671642,True,True,False,False,1.1118210862619808,2.4976076555023923,0.004442702208284333,4,9,13,5,3,7,20,21,13,6
A,금정구,장전동,구조,수난사고,2,7653,0.25,False,False,False,False,,2.4976076555023923,0.00026133542401672545,0,0,0,0,2,0,0,0,0,8
A,금정구,장전동,구급,교통사고,407,7653,0.5376486129458389,True,True,True,False,1.485323482428115,1.050395742968296,0.05318175878740363,79,88,88,72,80,153,161,157,139,147
A,금정구,청룡동,구급,심정지,58,2105,0.5686274509803921,True,True,False,False,0.5360565951620264,0.6572651725006295,0.027553444180522565,11,11,12,11,13,24,17,20,17,24
A,금정구,청룡동,화재,일반화재(주택),41,2105,0.6119402985074627,True,True,False,False,17.511182108626198,0.15610047846889952,0.019477434679334917,2,3,19,13,4,4,5,30,20,8
A,금정구,청룡동,구조,산악사고,89,2105,0.4427860696517413,True,True,False,False,4.846845047923322,2.4976076555023923,0.04228028503562945,15,20,12,21,21,26,39,53,37,46
A,금정구,청룡동,구조,수난사고,0,2105,,False,False,False,False,,,0.0,0,0,0,0,0,0,0,0,0,0
A,금정구,청룡동,구급,교통사고,40,2105,0.46511627906976744,True,True,False,False,1.5634984025559104,6.244019138755982,0.019002375296912115,10,6,10,7,7,20,18,21,9,18
A,금정구,회동동,구급,심정지,27,1784,0.574468085106383,True,True,False,False,1.500958466453674,2.0813397129186604,0.015134529147982063,5,5,6,3,8,5,7,7,11,17
A,금정구,회동동,화재,일반화재(주택),8,1784,0.5333333333333333,False,False,False,False,2.501597444089457,0.0,0.004484304932735426,3,0,3,2,0,6,0,5,4,0
A,금정구,회동동,구조,산악사고,19,1784,0.6129032258064516,True,True,False,False,2.501597444089457,14.985645933014355,0.010650224215246636,4,4,4,3,4,5,8,7,3,8
A,금정구,회동동,구조,수난사고,1,1784,0.5,False,False,False,False,,0.0,0.0005605381165919282,0,0,0,0,1,0,0,0,0,2
A,금정구,회동동,구급,교통사고,60,1784,0.5309734513274337,True,True,False,False,0.3706070287539936,0.9514695830485304,0.033632286995515695,9,12,10,17,12,19,19,22,29,24
A,기장군,기장읍,구급,심정지,475,19455,0.7890365448504983,True,True,False,False,1.042332268370607,1.0473838555332613,0.02441531739912619,59,85,111,109,111,72,110,136,140,144
A,기장군,기장읍,화재,일반화재(주택),309,19455,0.824,True,True,False,False,1.1191356986715992,0.4608680792891319,0.015882806476484195,39,38,33,71,128,52,47,37,84,155
A,기장군,기장읍,구조,산악사고,40,19455,0.6896551724137931,True,True,False,False,5.003194888178914,0.5550239234449761,0.0020560267283474686,8,5,5,3,19,12,7,10,4,25
A,기장군,기장읍,구조,수난사고,71,19455,0.4409937888198758,True,True,False,False,2.025102692834322,3.842473316157527,0.0036494474428167565,12,13,13,24,9,29,42,27,37,26
A,기장군,기장읍,구급,교통사고,907,19455,0.7136113296616837,True,True,False,False,1.1730654681323442,0.9421580479831089,0.04662040606527885,159,177,184,223,164,217,229,250,319,256
A,기장군,일광면,구급,심정지,56,3112,0.7671232876712328,False,False,False,False,1.5009584664536741,,0.017994858611825194,13,29,14,0,0,19,36,18,0,0
A,기장군,일광면,화재,일반화재(주택),52,3112,0.8125,False,False,False,False,0.20846645367412142,,0.016709511568123392,4,44,4,0,0,9,50,5,0,0
A,기장군,일광면,구조,산악사고,25,3112,0.46296296296296297,False,False,False,False,1.6677316293929714,,0.008033419023136246,5,18,2,0,0,15,33,6,0,0
A,기장군,일광면,구조,수난사고,33,3112,0.3793103448275862,False,False,False,False,2.354444653260665,,0.010604113110539846,13,11,9,0,0,28,45,14,0,0
A,기장군,일광면,구급,교통사고,178,3112,0.624561403508772,False,False,False,False,1.6599384909378638,,0.05719794344473008,51,101,26,0,0,98,130,57,0,0
A,기장군,일광읍,구급,심정지,36,2090,0.3564356435643564,False,False,False,False,0.0,0.41626794258373206,0.01722488038277512,0,0,1,15,20,0,0,10,54,37
A,기장군,일광읍,화재,일반화재(주택),13,2090,0.40625,False,False,False,False,0.0,0.41626794258373206,0.006220095693779904,0,0,6,4,3,0,0,9,9,14
A,기장군,일광읍,구조,산악사고,18,2090,0.5142857142857142,False,False,False,False,3.3354632587859427,0.9366028708133972,0.00861244019138756,0,0,7,4,7,0,0,12,6,17
A,기장군,일광읍,구조,수난사고,27,2090,0.21774193548387097,False,False,False,False,1.0006389776357827,1.1100478468899522,0.01291866028708134,0,0,14,5,8,0,0,62,24,38
A,기장군,일광읍,구급,교통사고,76,2090,0.27941176470588236,False,False,False,False,1.2507987220447283,1.5610047846889954,0.03636363636363636,0,0,24,27,25,0,0,60,101,111
A,기장군,장안읍,구급,심정지,105,5308,0.6441717791411042,True,True,False,False,1.0562300319488818,2.622488038277512,0.019781461944235117,19,15,30,18,23,28,19,38,37,41
A,기장군,장안읍,화재,일반화재(주택),93,5308,0.6549295774647887,True,True,False,False,0.2552650453152507,0.3672952434562342,0.017520723436322532,13,16,25,34,5,15,28,38,53,8
A,기장군,장안읍,구조,산악사고,24,5308,0.38095238095238093,True,True,False,False,2.1442263806481057,6.660287081339713,0.00452147701582517,4,6,3,9,2,18,16,8,16,5
A,기장군,장안읍,구조,수난사고,26,5308,0.1897810218978102,True,True,False,False,1.1118210862619808,3.996172248803828,0.0048982667671439335,5,3,5,12,1,13,76,11,32,5
A,기장군,장안읍,구급,교통사고,228,5308,0.59375,True,True,False,False,1.1349840255591055,0.7862838915470494,0.04295403165033911,61,54,42,33,38,92,86,82,58,66
A,기장군,정관면,구급,심정지,0,55,0.0,False,False,False,False,,,0.0,0,0,0,0,0,0,0,0,1,0
A,기장군,정관면,화재,일반화재(주택),0,55,,False,False,False,False,,,0.0,0,0,0,0,0,0,0,0,0,0
A,기장군,정관면,구조,산악사고,0,55,,False,False,False,False,,,0.0,0,0,0,0,0,0,0,0,0,0
A,기장군,정관면,구조,수난사고,0,55,,False,False,False,False,,,0.0,0,0,0,0,0,0,0,0,0,0
A,기장군,정관면,구급,교통사고,4,55,0.8,False,False,False,False,0.8338658146964857,,0.07272727272727272,2,2,0,0,0,2,3,0,0,0
A,기장군,정관읍,구급,심정지,104,7497,0.32,True,True,False,False,1.3801916932907348,0.9293423834427506,0.013872215552887823,11,17,17,25,34,35,60,65,69,96
A,기장군,정관읍,화재,일반화재(주택),36,7497,0.2727272727272727,True,True,False,False,0.9096717978507115,4.0586124401913874,0.004801920768307323,5,7,3,15,6,21,21,16,47,27
A,기장군,정관읍,구조,산악사고,9,7497,0.19148936170212766,True,True,False,False,0.5003194888178913,,0.0012004801920768306,2,1,3,2,1,16,10,7,5,9
A,기장군,정관읍,구조,수난사고,3,7497,0.25,False,False,False,False,5.003194888178913,,0.00040016006402561027,3,0,0,0,0,8,0,0,3,1
A,기장군,정관읍,구급,교통사고,320,7497,0.31809145129224653,True,True,False,False,0.9495114386324945,0.910586124401914,0.042683740162731756,69,66,54,58,73,221,183,172,192,238
A,기장군,철마면,구급,심정지,80,3933,0.6557377049180327,True,True,False,False,0.347444089456869,0.3672952434562342,0.020340706839562676,13,12,16,18,21,20,23,29,22,28
A,기장군,철마면,화재,일반화재(주택),110,3933,0.6626506024096386,True,True,False,False,2.501597444089457,0.41626794258373206,0.02796847190439868,52,5,25,16,12,98,6,28,20,14
A,기장군,철마면,구조,산악사고,33,3933,0.4647887323943662,True,True,False,False,3.7523961661341847,2.4976076555023923,0.008390541571319604,6,15,4,5,3,14,26,18,9,4
A,기장군,철마면,구조,수난사고,1,3933,1.0,False,False,False,False,,,0.0002542588354945334,0,0,0,0,1,0,0,0,0,1
A,기장군,철마면,구급,교통사고,164,3933,0.5942028985507246,True,True,False,False,1.1257188498402555,1.4985645933014355,0.041698449021103486,35,40,41,27,21,55,66,65,40,50
A,남구,감만동,구급,심정지,101,3969,0.5260416666666666,True,True,True,False,0.732174861684719,1.7840054682159945,0.0254472159234064,13,22,18,26,22,35,40,42,43,32
A,남구,감만동,화재,일반화재(주택),15,3969,0.6,True,True,False,False,3.502236421725239,0.0,0.003779289493575208,4,2,6,1,2,12,2,6,1,4
A,남구,감만동,구조,산악사고,0,3969,,False,False,False,False,,,0.0,0,0,0,0,0,0,0,0,0,0
A,남구,감만동,구조,수난사고,2,3969,0.07142857142857142,False,False,False,False,,0.0,0.0005039052658100278,0,0,0,0,2,4,5,2,0,17
A,남구,감만동,구급,교통사고,124,3969,0.5254237288135594,True,True,False,False,1.500958466453674,0.6028708133971292,0.03124212648022172,37,31,20,23,13,63,66,32,40,35
A,남구,대연동,구급,심정지,317,16612,0.5409556313993175,True,True,False,False,0.8964057507987222,1.3487081339712919,0.01908259089814592,43,56,64,71,83,88,105,126,121,146
A,남구,대연동,화재,일반화재(주택),171,16612,0.6151079136690647,True,True,False,False,0.27290153935521344,0.487338079122418,0.010293763544425715,25,77,20,29,20,53,101,42,50,32
A,남구,대연동,구조,산악사고,39,16612,0.5,True,True,False,False,1.8432823272238104,1.2488038277511961,0.002347700457500602,12,6,15,2,4,27,13,22,7,9
A,남구,대연동,구조,수난사고,10,16612,0.1724137931034483,True,False,False,False,0.8338658146964857,0.0,0.0006019744762822056,0,2,2,4,2,1,23,10,10,14
A,남구,대연동,구급,교통사고,1027,16612,0.5026921194322075,True,True,False,False,0.9092048205417534,0.9496607055142176,0.06182277871418252,245,203,216,180,183,484,398,419,378,364
A,남구,문현동,구급,심정지,209,7961,0.5060532687651331,True,True,False,False,1.2507987220447283,0.7239442479717079,0.026252983293556086,35,40,45,41,48,62,79,87,80,105
A,남구,문현동,화재,일반화재(주택),121,7961,0.5627906976744186,True,True,False,False,1.2785942492012778,1.0800465537307642,0.015199095591006155,28,16,24,36,17,59,24,47,60,25
A,남구,문현동,구조,산악사고,2,7961,0.3333333333333333,False,False,False,False,2.5015974440894566,,0.00025122472051249844,1,1,0,0,0,4,2,0,0,0
A,남구,문현동,구조,수난사고,3,7961,0.3333333333333333,False,False,False,False,,0.0,0.00037683708076874763,0,0,0,3,0,0,0,0,9,0
A,남구,문현동,구급,교통사고,357,7961,0.4924137931034483,True,True,False,False,0.9586960264773967,1.2939413155012394,0.04484361261148097,69,73,89,75,51,147,129,158,179,112
A,남구,용당동,구급,심정지,44,2404,0.6567164179104478,True,True,False,False,0.750479233226837,0.31220095693779903,0.018302828618968387,4,8,14,9,9,5,12,18,15,17
A,남구,용당동,화재,일반화재(주택),14,2404,0.6363636363636364,True,False,False,False,0.8338658146964857,0.0,0.005823627287853577,0,1,7,3,3,3,2,8,5,4
A,남구,용당동,구조,산악사고,3,2404,0.5,False,False,False,False,,,0.0012479201331114808,1,2,0,0,0,3,3,0,0,0
A,남구,용당동,구조,수난사고,1,2404,0.25,False,False,False,False,,,0.00041597337770382697,0,0,0,0,1,0,3,0,0,1
A,남구,용당동,구급,교통사고,128,2404,0.6274509803921569,True,True,False,False,0.5886111633151663,1.16555023923445,0.05324459234608985,23,33,28,19,25,35,52,48,31,38
A,남구,용호동,구급,심정지,327,11794,0.5757042253521126,True,True,False,False,1.156041243101946,0.8160500260552371,0.02772596235373919,47,73,73,63,71,78,115,126,124,125
A,남구,용호동,화재,일반화재(주택),72,11794,0.5142857142857142,True,True,True,False,1.0006389776357827,0.0,0.006104799050364592,11,11,13,22,15,30,16,26,44,24
A,남구,용호동,구조,산악사고,63,11794,0.6,True,True,False,False,3.5316669798909976,0.9366028708133972,0.0053416991690690184,8,15,18,9,13,18,21,26,21,19
A,남구,용호동,구조,수난사고,45,11794,0.32608695652173914,True,True,False,False,3.752396166134185,2.1854066985645937,0.00381549940647787,10,7,13,7,8,37,15,36,31,19
A,남구,용호동,구급,교통사고,434,11794,0.5465994962216625,True,True,True,False,0.6576969806056787,0.7473156764495348,0.03679837205358657,95,89,85,71,94,173,154,158,126,183
A,남구,우암동,구급,심정지,69,2836,0.6,True,True,True,False,1.0162739616613417,0.4995215311004785,0.024330042313117067,12,15,18,14,10,14,24,35,22,20
A,남구,우암동,화재,일반화재(주택),47,2836,0.746031746031746,True,True,False,False,0.10423322683706071,1.7291129922708872,0.016572637517630464,11,5,9,14,8,22,6,10,15,10
A,남구,우암동,구조,산악사고,1,2836,0.5,False,False,False,False,,,0.0003526093088857546,0,1,0,0,0,0,1,0,1,0
A,남구,우암동,구조,수난사고,5,2836,0.625,False,False,False,False,0.0,0.0,0.001763046544428773,0,2,0,0,3,0,3,0,0,5
A,남구,우암동,구급,교통사고,112,2836,0.7133757961783439,True,True,False,False,0.6151469124810139,1.0989473684210525,0.039492242595204514,27,30,19,9,27,35,43,26,18,35
A,동구,범일동,구급,심정지,135,6542,0.5232558139534884,True,True,False,False,0.6583151168656465,0.7136021872863978,0.02063589116478141,18,23,31,27,36,40,48,60,54,56
A,동구,범일동,화재,일반화재(주택),91,6542,0.558282208588957,True,True,False,False,0.6822538483880336,3.3301435406698565,0.013910119229593397,16,16,10,18,31,34,35,21,31,42
A,동구,범일동,구조,산악사고,0,6542,0.0,False,False,False,False,,,0.0,0,0,0,0,0,1,1,0,0,0
A,동구,범일동,구조,수난사고,0,6542,0.0,False,False,False,False,,,0.0,0,0,0,0,0,1,0,0,4,0
A,동구,범일동,구급,교통사고,327,6542,0.5023041474654378,True,True,True,False,0.7585489024013192,0.72095891086667,0.04998471415469275,59,54,89,61,64,122,110,166,132,121
A,동구,수정동,구급,심정지,169,5421,0.5827586206896552,True,True,True,False,0.684961204929256,1.4729481045270518,0.03117505995203837,29,42,36,31,31,53,78,60,51,48
A,동구,수정동,화재,일반화재(주택),75,5421,0.5639097744360902,True,True,False,False,0.58370607028754,1.4569377990430623,0.01383508577753182,13,19,5,8,30,24,25,11,16,57
A,동구,수정동,구조,산악사고,11,5421,0.6111111111111112,True,True,False,False,2.0012779552715654,,0.0020291459140380002,2,5,2,1,1,3,5,5,4,1
A,동구,수정동,구조,수난사고,0,5421,,False,False,False,False,,,0.0,0,0,0,0,0,0,0,0,0,0
A,동구,수정동,구급,교통사고,158,5421,0.47023809523809523,True,True,False,False,0.569984227767218,0.8144372789681714,0.02914591403800037,38,36,23,32,29,73,71,64,68,60
A,동구,좌천동,구급,심정지,102,3602,0.6623376623376623,True,True,False,False,0.8130191693290734,0.487338079122418,0.028317601332593003,15,17,21,23,26,19,26,36,37,36
A,동구,좌천동,화재,일반화재(주택),28,3602,0.7777777777777778,True,True,False,False,1.2507987220447285,0.999043062200957,0.007773459189339256,3,12,6,3,4,6,14,7,3,6
A,동구,좌천동,구조,산악사고,0,3602,,False,False,False,False,,,0.0,0,0,0,0,0,0,0,0,0,0
A,동구,좌천동,구조,수난사고,1,3602,0.06666666666666667,False,False,False,False,0.0,,0.000277623542476402,1,0,0,0,0,4,0,9,0,2
A,동구,좌천동,구급,교통사고,164,3602,0.5795053003533569,True,True,True,False,0.8956336528221512,0.6389228886168911,0.04553026096612993,29,36,45,24,30,68,59,65,46,45
A,동구,초량동,구급,심정지,170,9638,0.5014749262536873,True,True,False,False,0.867220447284345,1.6056049213943953,0.017638514214567337,31,28,42,25,44,57,67,76,55,84
A,동구,초량동,화재,일반화재(주택),78,9638,0.5032258064516129,True,True,False,False,0.45483589892535575,1.5610047846889954,0.008092965345507366,19,23,23,6,7,29,43,43,22,18
A,동구,초량동,구조,산악사고,14,9638,0.56,True,True,False,False,1.0006389776357827,14.985645933014355,0.0014525835235526042,1,2,4,4,3,1,3,4,9,8
A,동구,초량동,구조,수난사고,7,9638,0.3333333333333333,True,True,False,False,2.5015974440894566,0.0,0.0007262917617763021,1,1,2,1,2,2,5,5,3,6
A,동구,초량동,구급,교통사고,470,9638,0.510314875135722,True,True,True,False,0.9762331489129586,0.8998733464677738,0.04876530400498029,89,103,93,99,86,166,175,181,189,210
A,동래구,낙민동,구급,심정지,61,2569,0.5,True,True,False,False,1.1465654952076678,1.5610047846889954,0.023744647722849357,5,11,19,15,11,15,19,31,31,26
A,동래구,낙민동,화재,일반화재(주택),3,2569,0.3333333333333333,False,False,False,False,0.0,2.4976076555023923,0.0011677695601401323,0,0,1,1,1,0,0,3,3,3
A,동래구,낙민동,구조,산악사고,0,2569,,False,False,False,False,,,0.0,0,0,0,0,0,0,0,0,0,0
A,동래구,낙민동,구조,수난사고,0,2569,,False,False,False,False,,,0.0,0,0,0,0,0,0,0,0,0,0
A,동래구,낙민동,구급,교통사고,78,2569,0.46706586826347307,True,True,False,False,1.0162739616613417,0.24976076555023924,0.03036200856364344,25,14,6,19,14,43,29,16,52,27
A,동래구,명륜동,구급,심정지,95,5620,0.6884057971014492,True,True,False,False,1.143587403012323,0.7345904869124684,0.016903914590747332,10,21,20,28,16,20,24,30,37,27
A,동래구,명륜동,화재,일반화재(주택),69,5620,0.7419354838709677,True,True,False,False,0.407236793223865,0.29383619476498735,0.012277580071174377,17,17,16,10,9,21,24,23,11,14
A,동래구,명륜동,구조,산악사고,2,5620,0.4,False,False,False,False,0.0,,0.00035587188612099647,1,0,0,0,1,1,0,1,1,2
A,동래구,명륜동,구조,수난사고,0,5620,0.0,False,False,False,False,,,0.0,0,0,0,0,0,0,0,0,0,3
A,동래구,명륜동,구급,교통사고,282,5620,0.6714285714285714,True,True,False,False,0.9548081847669683,1.0553271783812925,0.0501779359430605,49,71,61,51,50,71,97,93,81,78
A,동래구,명장동,구급,심정지,125,4689,0.5555555555555556,True,True,True,False,1.1064757925780289,1.8086124401913877,0.026658136063126465,21,28,26,31,19,29,54,56,50,36
A,동래구,명장동,화재,일반화재(주택),50,4689,0.625,True,True,False,False,0.5886111633151663,0.18500797448165868,0.010663254425250587,4,5,12,5,24,8,6,20,8,38
A,동래구,명장동,구조,산악사고,3,4689,0.375,False,False,False,False,2.5015974440894566,,0.0006397952655150352,1,1,0,0,1,1,3,3,0,1
A,동래구,명장동,구조,수난사고,0,4689,,False,False,False,False,,,0.0,0,0,0,0,0,0,0,0,0,0
A,동래구,명장동,구급,교통사고,183,4689,0.5258620689655172,True,True,False,False,0.9746483548400481,0.7751196172248804,0.03902751119641715,35,40,32,48,28,64,77,65,86,56
A,동래구,복천동,구급,심정지,39,1119,0.6,True,True,False,False,0.9728434504792332,0.999043062200957,0.03485254691689008,10,6,9,4,10,14,13,16,7,15
A,동래구,복천동,화재,일반화재(주택),6,1119,0.46153846153846156,False,False,False,False,5.003194888178913,,0.005361930294906166,0,4,2,0,0,2,6,3,2,0
A,동래구,복천동,구조,산악사고,5,1119,0.7142857142857143,False,False,False,False,,4.9952153110047846,0.004468275245755138,2,0,0,0,3,3,0,0,0,4
A,동래구,복천동,구조,수난사고,0,1119,,False,False,False,False,,,0.0,0,0,0,0,0,0,0,0,0,0
A,동래구,복천동,구급,교통사고,24,1119,0.5106382978723404,True,True,False,False,0.8338658146964857,0.3568010936431989,0.021447721179624665,13,2,1,6,2,19,11,3,9,5
A,동래구,사직동,구급,심정지,159,6707,0.49226006191950467,True,True,False,False,1.189284030796627,1.2488038277511964,0.023706575219919486,25,33,32,26,43,47,71,64,60,81
A,동래구,사직동,화재,일반화재(주택),54,6707,0.4954128440366973,True,True,False,False,2.1888977635782747,1.7840054682159945,0.008051289697331147,7,16,7,8,16,23,27,12,16,31
A,동래구,사직동,구조,산악사고,12,6707,0.4444444444444444,False,False,False,False,2.0012779552715654,0.0,0.0017891754882958103,1,3,5,3,0,4,10,8,5,0
A,동래구,사직동,구조,수난사고,0,6707,,False,False,False,False,,,0.0,0,0,0,0,0,0,0,0,0,0
A,동래구,사직동,구급,교통사고,310,6707,0.49206349206349204,True,True,False,False,0.4121950334011037,1.046295098926678,0.0462203667809751,60,72,73,53,52,124,141,135,121,109
A,동래구,수안동,구급,심정지,87,2814,0.5838926174496645,True,True,False,False,1.3550319488817892,2.127591706539075,0.03091684434968017,10,9,18,16,34,19,20,29,28,53
A,동래구,수안동,화재,일반화재(주택),9,2814,0.6,True,True,False,False,0.6253993610223642,0.0,0.0031982942430703624,1,1,3,1,3,3,3,3,3,3
A,동래구,수안동,구조,산악사고,0,2814,,False,False,False,False,,,0.0,0,0,0,0,0,0,0,0,0,0
A,동래구,수안동,구조,수난사고,0,2814,0.0,False,False,False,False,,,0.0,0,0,0,0,0,0,2,0,1,0
A,동래구,수안동,구급,교통사고,151,2814,0.49185667752442996,True,True,True,False,0.8214200562681798,0.37001594896331735,0.05366027007818053,29,29,31,30,32,70,66,52,64,55
A,동래구,안락동,구급,심정지,169,7165,0.5728813559322034,True,True,True,False,1.047966496848286,1.1352762070465419,0.02358688066992324,33,32,40,37,27,58,51,57,68,61
A,동래구,안락동,화재,일반화재(주택),88,7165,0.55,True,True,False,False,1.7318751536003931,0.6422419685577581,0.012281926029309142,12,15,17,18,26,35,18,30,30,47
A,동래구,안락동,구조,산악사고,1,7165,1.0,False,False,False,False,,0.0,0.00013956734124214934,0,0,0,1,0,0,0,0,1,0
A,동래구,안락동,구조,수난사고,3,7165,0.3,False,False,False,False,,1.2488038277511961,0.000418702023726448,0,0,0,3,0,1,0,0,3,6
A,동래구,안락동,구급,교통사고,374,7165,0.4895287958115183,True,True,False,False,1.0122070583020923,0.5602110629164244,0.05219818562456385,81,78,84,63,68,163,148,174,136,143
A,동래구,온천동,구급,심정지,313,15241,0.5260504201680672,True,True,False,False,0.8805623003194888,0.6851844010670279,0.020536710189620104,32,72,65,78,66,69,112,145,138,131
A,동래구,온천동,화재,일반화재(주택),154,15241,0.5185185185185185,True,True,False,False,1.7056346209700841,9.255840135097102,0.010104323863263565,21,23,30,62,18,76,45,51,98,27
A,동래구,온천동,구조,산악사고,45,15241,0.4166666666666667,True,True,True,False,2.501597444089457,2.8098086124401918,0.002952562167836756,7,11,10,8,9,17,29,21,25,16
A,동래구,온천동,구조,수난사고,7,15241,0.6363636363636364,False,False,False,False,0.0,0.4995215311004785,0.00045928744833016207,0,1,0,6,0,0,1,0,10,0
A,동래구,온천동,구급,교통사고,696,15241,0.4887640449438202,True,True,False,False,0.9792185713866987,1.0640695337051613,0.045666294862541826,148,150,157,100,141,293,291,292,264,284
A,동래구,칠산동,구급,심정지,24,693,0.5454545454545454,True,True,False,False,0.2779552715654952,0.999043062200957,0.03463203463203463,2,5,3,5,9,9,7,8,5,15
A,동래구,칠산동,화재,일반화재(주택),14,693,0.8235294117647058,False,False,False,False,0.0,0.0,0.020202020202020204,0,8,0,0,6,1,8,1,0,7
A,동래구,칠산동,구조,산악사고,1,693,1.0,False,False,False,False,0.0,,0.001443001443001443,0,0,1,0,0,0,0,1,0,0
A,동래구,칠산동,구조,수난사고,0,693,,False,False,False,False,,,0.0,0,0,0,0,0,0,0,0,0,0
A,동래구,칠산동,구급,교통사고,20,693,0.7142857142857143,True,True,False,False,2.858968507530808,0.0,0.02886002886002886,4,9,2,3,2,6,12,4,3,3
A,부산진구,가야동,구급,심정지,159,6167,0.5247524752475248,True,True,False,False,1.16741214057508,0.6690020505809979,0.025782390141073454,19,33,36,25,46,42,63,70,48,80
A,부산진구,가야동,화재,일반화재(주택),55,6167,0.5851063829787234,True,True,False,False,1.2507987220447283,15.818181818181818,0.008918436841251823,7,15,11,10,12,12,25,18,16,23
A,부산진구,가야동,구조,산악사고,9,6167,0.375,True,False,False,False,3.7523961661341847,2.4976076555023923,0.0014593805740230259,3,2,0,3,1,5,5,3,10,1
A,부산진구,가야동,구조,수난사고,0,6167,,False,False,False,False,,,0.0,0,0,0,0,0,0,0,0,0,0
A,부산진구,가야동,구급,교통사고,342,6167,0.5007320644216691,True,True,False,False,0.9551553877432472,1.1065350372478955,0.05545646181287498,80,89,59,71,43,167,154,132,140,90
A,부산진구,개금동,구급,심정지,247,9015,0.5704387990762124,True,True,False,False,0.6655626227393968,0.7052068674359697,0.0273987798114254,47,40,51,54,55,74,80,93,96,90
A,부산진구,개금동,화재,일반화재(주택),76,9015,0.4779874213836478,True,True,False,False,0.6432679141944317,0.08056798888717394,0.008430393788130893,16,14,14,18,14,64,16,28,31,20
A,부산진구,개금동,구조,산악사고,12,9015,0.46153846153846156,True,False,False,False,0.9380990415335462,0.0,0.0013311148086522463,2,6,3,1,0,5,10,6,2,3
A,부산진구,개금동,구조,수난사고,0,9015,,False,False,False,False,,,0.0,0,0,0,0,0,0,0,0,0,0
A,부산진구,개금동,구급,교통사고,452,9015,0.49183895538628947,True,True,False,False,0.7824901957815363,1.3703688021340559,0.050138657792567945,95,87,95,98,77,191,167,184,197,180
A,부산진구,당감동,구급,심정지,214,7618,0.5994397759103641,True,True,False,False,0.8338658146964856,0.8991387559808613,0.028091362562352323,25,42,45,53,49,35,73,82,81,86
A,부산진구,당감동,화재,일반화재(주택),84,7618,0.6131386861313869,True,True,False,False,0.22335691465084437,3.24688995215311,0.011026516145970071,13,36,12,10,13,28,55,15,17,22
A,부산진구,당감동,구조,산악사고,20,7618,0.40816326530612246,True,True,True,False,2.501597444089457,2.4976076555023923,0.002625360987135731,6,6,2,3,3,11,16,4,5,13
A,부산진구,당감동,구조,수난사고,0,7618,,False,False,False,False,,,0.0,0,0,0,0,0,0,0,0,0,0
A,부산진구,당감동,구급,교통사고,333,7618,0.5146831530139103,True,True,False,False,0.8233105512193148,0.6694618458047649,0.043712260435809926,70,86,54,77,46,127,159,121,140,100
A,부산진구,범전동,구급,심정지,23,1307,0.5348837209302325,True,True,False,False,4.002555910543131,2.4976076555023927,0.017597551644988524,5,4,4,4,6,9,7,8,7,12
A,부산진구,범전동,화재,일반화재(주택),11,1307,0.7333333333333333,False,False,False,False,5.003194888178914,,0.008416220351951033,2,4,3,0,2,3,5,5,0,2
A,부산진구,범전동,구조,산악사고,0,1307,,False,False,False,False,,,0.0,0,0,0,0,0,0,0,0,0,0
A,부산진구,범전동,구조,수난사고,0,1307,,False,False,False,False,,,0.0,0,0,0,0,0,0,0,0,0,0
A,부산진구,범전동,구급,교통사고,56,1307,0.49557522123893805,True,True,False,False,1.1614559561843907,0.9082209656372335,0.04284621270084162,18,12,11,4,11,30,32,19,11,21
A,부산진구,범천동,구급,심정지,154,7709,0.49201277955271566,True,True,False,False,0.7296325878594249,1.311244019138756,0.019976650668050332,20,39,34,25,36,48,62,66,60,77
A,부산진구,범천동,화재,일반화재(주택),80,7709,0.6060606060606061,True,True,False,False,0.28427243682834735,1.8038277511961722,0.010377480866519653,29,16,4,9,22,54,22,6,17,33
A,부산진구,범천동,구조,산악사고,2,7709,0.6666666666666666,False,False,False,False,,0.0,0.0002594370216629913,0,0,0,2,0,0,0,0,3,0
A,부산진구,범천동,구조,수난사고,0,7709,0.0,False,False,False,False,,,0.0,0,0,0,0,0,3,0,1,1,3
A,부산진구,범천동,구급,교통사고,420,7709,0.49122807017543857,True,True,False,False,0.8465001452221899,1.3736842105263156,0.054481774549228174,72,107,86,80,75,145,199,159,196,156
A,부산진구,부암동,구급,심정지,152,6141,0.5296167247386759,True,True,False,False,0.820836661341853,1.685885167464115,0.024751669109265594,35,23,27,31,36,64,43,63,51,66
A,부산진구,부암동,화재,일반화재(주택),51,6141,0.7183098591549296,True,True,False,False,0.5003194888178913,0.2629060690002518,0.008304836345872008,13,4,13,13,8,21,6,18,16,10
A,부산진구,부암동,구조,산악사고,23,6141,0.5897435897435898,False,False,False,False,1.7511182108626195,4.9952153110047846,0.003745318352059925,4,8,5,6,0,12,10,9,8,0
A,부산진구,부암동,구조,수난사고,0,6141,,False,False,False,False,,,0.0,0,0,0,0,0,0,0,0,0,0
A,부산진구,부암동,구급,교통사고,347,6141,0.5233785822021116,True,True,False,False,0.596311018649231,0.9886363636363636,0.05650545513759974,86,63,64,64,70,154,102,130,127,150
A,부산진구,부전동,구급,심정지,140,15978,0.509090909090909,True,True,False,False,0.6700707439525331,0.7539947639252506,0.008762047815746651,29,14,28,35,34,52,38,47,66,72
A,부산진구,부전동,화재,일반화재(주택),93,15978,0.543859649122807,True,True,False,False,1.6081697854860795,3.6806849660035255,0.005820503191888847,9,28,9,24,23,23,44,24,42,38
A,부산진구,부전동,구조,산악사고,0,15978,,False,False,False,False,,,0.0,0,0,0,0,0,0,0,0,0,0
A,부산진구,부전동,구조,수난사고,0,15978,0.0,False,False,False,False,,,0.0,0,0,0,0,0,0,1,0,1,0
A,부산진구,부전동,구급,교통사고,1076,15978,0.4758956214064573,True,True,False,False,1.1772223266303325,1.31395881006865,0.0673425960695957,258,252,215,190,161,526,526,444,406,359
A,부산진구,양정동,구급,심정지,113,7006,0.4870689655172414,True,True,False,False,0.9245034032504514,1.2866463679860807,0.016129032258064516,15,21,27,24,26,34,42,45,51,60
A,부산진구,양정동,화재,일반화재(주택),35,7006,0.43209876543209874,True,True,False,False,0.7959628231193726,0.0,0.004995717956037682,4,15,10,3,3,19,33,18,3,8
A,부산진구,양정동,구조,산악사고,2,7006,0.5,False,False,False,False,,0.0,0.00028546959748786756,0,0,0,0,2,1,1,0,0,2
A,부산진구,양정동,구조,수난사고,0,7006,,False,False,False,False,,,0.0,0,0,0,0,0,0,0,0,0,0
A,부산진구,양정동,구급,교통사고,465,7006,0.5166666666666667,True,True,False,False,0.9364954534283608,0.718266253869969,0.06637168141592921,82,100,86,95,102,175,197,167,181,180
A,부산진구,연지동,구급,심정지,102,3930,0.7083333333333334,True,True,False,False,0.3303996624269093,1.2488038277511961,0.025954198473282442,13,19,28,18,24,20,27,37,22,38
A,부산진구,연지동,화재,일반화재(주택),13,3930,0.7647058823529411,True,True,False,False,0.0,7.492822966507178,0.0033078880407124683,1,4,4,2,2,3,5,4,2,3
A,부산진구,연지동,구조,산악사고,0,3930,,False,False,False,False,,,0.0,0,0,0,0,0,0,0,0,0,0
A,부산진구,연지동,구조,수난사고,0,3930,,False,False,False,False,,,0.0,0,0,0,0,0,0,0,0,0,0
A,부산진구,연지동,구급,교통사고,147,3930,0.6447368421052632,True,True,False,False,0.5315894568690095,0.8775378249062459,0.03740458015267176,30,42,25,25,25,49,54,34,45,46
A,부산진구,전포동,구급,심정지,154,9239,0.5133333333333333,True,True,False,False,0.8069669174482118,1.328514710373613,0.01666847061370278,24,28,30,35,37,52,57,58,62,71
A,부산진구,전포동,화재,일반화재(주택),66,9239,0.528,True,True,False,False,0.5491311462635393,3.21120984278879,0.007143630263015478,20,11,19,7,9,36,19,39,13,18
A,부산진구,전포동,구조,산악사고,6,9239,0.35294117647058826,True,False,False,False,2.5015974440894566,2.4976076555023923,0.0006494209330014071,0,1,1,2,2,1,3,1,6,6
A,부산진구,전포동,구조,수난사고,0,9239,0.0,False,False,False,False,,,0.0,0,0,0,0,0,0,4,0,0,0
A,부산진구,전포동,구급,교통사고,678,9239,0.5243619489559165,True,True,False,False,1.2507987220447283,0.8092806928443506,0.073384565429159,135,170,136,140,97,265,326,251,258,193
A,부산진구,초읍동,구급,심정지,140,5889,0.693069306930693,True,True,False,False,0.9751990036280933,0.6515498231745372,0.023773136355917813,17,25,40,33,25,24,38,56,45,39
A,부산진구,초읍동,화재,일반화재(주택),43,5889,0.6935483870967742,True,True,False,False,0.4690495207667731,0.1085916371957562,0.007301749023603328,5,11,3,8,16,8,17,5,9,23
A,부산진구,초읍동,구조,산악사고,92,5889,0.7301587301587301,True,True,False,False,2.6532094103979085,2.11336032388664,0.015622346748174563,12,31,25,13,11,20,40,37,15,14
A,부산진구,초읍동,구조,수난사고,11,5889,0.5,False,False,False,False,,0.5550239234449761,0.0018678892851078282,0,0,0,4,7,0,1,0,11,10
A,부산진구,초읍동,구급,교통사고,157,5889,0.7201834862385321,True,True,False,False,1.7252396166134185,0.8514571552849064,0.026659874341993548,35,29,34,29,30,47,39,45,41,46
A,북구,구포동,구급,심정지,260,11773,0.5338809034907598,True,True,False,False,0.7787992042920006,0.717397943601751,0.022084430476514056,35,48,56,56,65,76,90,99,92,130
A,북구,구포동,화재,일반화재(주택),103,11773,0.5659340659340659,True,True,False,False,1.1465654952076678,1.085916371957562,0.00874883207338826,32,10,28,7,26,69,17,46,13,37
A,북구,구포동,구조,산악사고,32,11773,0.5423728813559322,True,True,False,False,2.501597444089457,0.4995215311004785,0.0027180837509555764,6,5,3,8,10,14,11,4,14,16
A,북구,구포동,구조,수난사고,49,11773,0.2784090909090909,True,True,True,False,0.10006389776357827,0.8815085842949621,0.0041620657436507265,8,5,13,12,11,38,26,32,45,35
A,북구,구포동,구급,교통사고,544,11773,0.5018450184501845,True,True,False,False,0.8997840609175517,0.8775378249062459,0.046207423766244794,129,97,118,110,90,222,200,239,225,198
A,북구,금곡동,구급,심정지,280,11217,0.7291666666666666,True,True,False,False,1.0047399570523228,0.7052068674359697,0.024962111081394314,50,65,56,50,59,69,89,71,73,82
A,북구,금곡동,화재,일반화재(주택),17,11217,0.7727272727272727,True,True,True,False,0.0,0.6244019138755981,0.0015155567442275118,1,7,4,3,2,3,10,4,3,2
A,북구,금곡동,구조,산악사고,17,11217,0.37777777777777777,True,False,False,False,1.8761980830670923,2.4976076555023927,0.0015155567442275118,2,0,5,6,4,7,4,12,11,11
A,북구,금곡동,구조,수난사고,10,11217,0.20833333333333334,True,False,False,False,,0.6244019138755981,0.000891503967192654,0,0,0,4,6,3,8,9,10,18
A,북구,금곡동,구급,교통사고,278,11217,0.6205357142857143,True,True,False,False,0.870926517571885,1.0284266816774559,0.02478381028795578,62,64,56,51,45,92,92,98,86,80
A,북구,덕천동,구급,심정지,180,9684,0.5157593123209169,True,True,False,False,0.912745013383991,0.9639889196675899,0.01858736059479554,30,27,44,39,40,63,59,84,71,72
A,북구,덕천동,화재,일반화재(주택),57,9684,0.4672131147540984,True,True,False,False,2.896586514208845,0.5763709974236291,0.005885997521685254,21,10,10,3,13,50,18,25,5,24
A,북구,덕천동,구조,산악사고,5,9684,0.45454545454545453,False,False,True,False,0.8338658146964857,,0.0005163155720776538,2,2,0,0,1,2,5,0,0,4
A,북구,덕천동,구조,수난사고,27,9684,0.40298507462686567,True,True,False,False,3.439696485623003,0.8325358851674641,0.0027881040892193307,4,11,4,4,4,12,19,12,15,9
A,북구,덕천동,구급,교통사고,532,9684,0.4921369102682701,True,True,False,False,1.0583681494224624,1.0781040239578672,0.05493597686906237,93,131,109,87,112,199,246,230,172,234
A,북구,만덕동,구급,심정지,194,7843,0.5590778097982709,True,True,False,False,1.1695780258080577,0.9904306220095694,0.024735432870075225,29,44,40,44,37,56,67,67,83,74
A,북구,만덕동,화재,일반화재(주택),25,7843,0.5555555555555556,True,True,False,False,0.6253993610223643,0.0,0.003187555782226189,8,1,6,7,3,10,2,12,14,7
A,북구,만덕동,구조,산악사고,73,7843,0.6293103448275862,True,True,False,False,2.501597444089457,2.384080034797738,0.009307662884100471,11,8,11,22,21,22,14,24,30,26
A,북구,만덕동,구조,수난사고,0,7843,,False,False,False,False,,,0.0,0,0,0,0,0,0,0,0,0,0
A,북구,만덕동,구급,교통사고,320,7843,0.4984423676012461,True,True,False,False,1.030069535801541,0.547095010252905,0.04080071401249522,53,77,62,67,61,95,152,135,137,123
A,북구,화명동,구급,심정지,200,10703,0.5602240896358543,True,True,False,False,1.334185303514377,1.1626794258373208,0.01868634962160142,26,35,54,41,44,54,62,97,65,79
A,북구,화명동,화재,일반화재(주택),29,10703,0.5918367346938775,True,True,False,False,1.0006389776357827,0.3568010936431989,0.002709520695132206,6,9,6,2,6,9,11,14,3,12
A,북구,화명동,구조,산악사고,51,10703,0.4857142857142857,True,True,True,False,2.5015974440894566,2.3054839896945163,0.004765019153508362,11,5,10,12,13,27,14,20,20,24
A,북구,화명동,구조,수난사고,12,10703,0.20689655172413793,False,False,False,False,3.3354632587859427,1.6650717703349283,0.0011211809772960853,0,3,4,5,0,0,14,20,17,7
A,북구,화명동,구급,교통사고,537,10703,0.5611285266457681,True,True,False,False,0.9052473241257567,0.7914953837859694,0.05017284873399981,131,121,98,116,71,236,204,181,200,136
A,사상구,감전동,구급,심정지,104,5551,0.7482014388489209,True,True,False,False,0.7697222904890637,0.8117224880382775,0.01873536299765808,15,19,17,31,22,18,27,22,39,33
A,사상구,감전동,화재,일반화재(주택),74,5551,0.7474747474747475,True,True,False,False,4.377795527156549,0.27751196172248804,0.013330931363718249,9,15,20,10,20,18,23,22,12,24
A,사상구,감전동,구조,산악사고,2,5551,0.6666666666666666,False,False,False,False,0.0,0.0,0.0003602954422626554,0,0,1,0,1,0,0,2,0,1
A,사상구,감전동,구조,수난사고,2,5551,0.2857142857142857,False,False,False,False,,,0.0003602954422626554,0,0,0,2,0,0,0,0,5,2
A,사상구,감전동,구급,교통사고,434,5551,0.6955128205128205,True,True,False,False,0.6908177042255403,0.7900595644956547,0.07818411097099622,109,116,80,59,70,144,151,117,102,110
A,사상구,괘법동,구급,심정지,184,9543,0.7076923076923077,True,True,False,False,1.413946381441867,0.9536320139190952,0.01928114848580111,35,19,54,36,40,51,35,72,46,56
A,사상구,괘법동,화재,일반화재(주택),84,9543,0.6774193548387096,True,True,False,False,1.3133386581469648,2.289473684210526,0.008802263439170073,8,6,47,16,7,18,11,66,21,8
A,사상구,괘법동,구조,산악사고,12,9543,0.5217391304347826,True,True,False,False,1.2507987220447283,2.4976076555023923,0.0012574662055957245,2,3,1,3,3,2,4,3,7,7
A,사상구,괘법동,구조,수난사고,1,9543,0.3333333333333333,False,False,False,False,,0.0,0.00010478885046631039,0,0,0,0,1,0,0,0,0,3
A,사상구,괘법동,구급,교통사고,537,9543,0.6974025974025974,True,True,False,False,0.639506113526628,1.4025027603974973,0.056271612700408674,130,106,98,122,81,186,143,136,172,133
A,사상구,덕포동,구급,심정지,87,4585,0.6041666666666666,True,True,False,False,0.90483311807491,0.8815085842949621,0.018974918211559434,22,17,25,10,13,34,22,41,21,26
A,사상구,덕포동,화재,일반화재(주택),50,4585,0.684931506849315,True,False,False,False,0.5266520934925173,0.0,0.010905125408942203,6,5,35,0,4,14,7,41,1,10
A,사상구,덕포동,구조,산악사고,5,4585,1.0,False,False,False,False,0.0,,0.0010905125408942203,0,2,3,0,0,0,2,3,0,0
A,사상구,덕포동,구조,수난사고,0,4585,,False,False,False,False,,,0.0,0,0,0,0,0,0,0,0,0,0
A,사상구,덕포동,구급,교통사고,261,4585,0.5736263736263736,True,True,False,False,0.8755591054313099,0.984972033155873,0.0569247546346783,62,54,46,50,49,101,90,74,94,96
A,사상구,모라동,구급,심정지,218,9127,0.5647668393782384,True,True,False,False,1.2792259657275633,0.7190082644628099,0.023885175851868085,41,44,48,37,48,66,79,93,69,79
A,사상구,모라동,화재,일반화재(주택),35,9127,0.5384615384615384,False,False,False,False,0.8338658146964857,0.17840054682159945,0.0038347759395201053,4,7,9,0,15,12,17,12,0,24
A,사상구,모라동,구조,산악사고,15,9127,0.4838709677419355,True,True,False,False,0.9380990415335462,,0.0016434754026514737,3,6,2,1,3,8,6,7,5,5
A,사상구,모라동,구조,수난사고,0,9127,,False,False,False,False,,,0.0,0,0,0,0,0,0,0,0,0,0
A,사상구,모라동,구급,교통사고,331,9127,0.48748159057437407,True,True,False,False,1.187808858344634,0.7136021872863978,0.03626602388517585,70,66,69,61,65,144,110,152,134,139
A,사상구,삼락동,구급,심정지,49,3366,0.620253164556962,True,True,False,False,1.1118210862619808,0.5258121380005036,0.014557338086749852,8,6,12,10,13,13,12,17,17,20
A,사상구,삼락동,화재,일반화재(주택),16,3366,0.5517241379310345,False,False,False,False,1.0721131903240528,0.0,0.004753416518122401,3,3,4,6,0,4,10,4,11,0
A,사상구,삼락동,구조,산악사고,1,3366,1.0,False,False,False,False,,,0.00029708853238265005,0,0,0,0,1,0,0,0,0,1
A,사상구,삼락동,구조,수난사고,24,3366,0.39344262295081966,True,True,False,False,4.002555910543131,0.0,0.0071301247771836,6,2,5,8,3,19,10,8,17,7
A,사상구,삼락동,구급,교통사고,229,3366,0.6205962059620597,True,True,False,False,0.47649475125513463,0.9043062200956938,0.06803327391562686,44,54,52,48,31,74,80,84,74,57
A,사상구,엄궁동,구급,심정지,105,5059,0.7894736842105263,True,True,True,False,1.960711510232277,0.9812030075187969,0.02075508993872307,19,25,22,23,16,19,33,29,27,25
A,사상구,엄궁동,화재,일반화재(주택),65,5059,0.8024691358024691,False,False,False,False,1.4592651757188497,0.0,0.012848389009685709,15,10,32,8,0,24,12,36,9,0
A,사상구,엄궁동,구조,산악사고,26,5059,0.6046511627906976,True,True,False,False,1.16741214057508,2.4976076555023923,0.005139355603874284,7,12,3,2,2,11,21,5,3,3
A,사상구,엄궁동,구조,수난사고,16,5059,0.5,True,True,False,False,1.429484253765404,3.746411483253589,0.003162680371614944,5,5,1,4,1,7,8,8,7,2
A,사상구,엄궁동,구급,교통사고,332,5059,0.7094017094017094,True,True,False,False,1.0291381890241438,0.8223830085190805,0.06562561771101008,82,81,60,55,54,113,104,87,80,84
A,사상구,주례동,구급,심정지,168,8648,0.5121951219512195,True,True,False,False,0.6347336798435935,0.7300699300699302,0.01942645698427382,21,35,28,42,42,46,63,51,79,89
A,사상구,주례동,화재,일반화재(주택),54,8648,0.5046728971962616,True,True,False,False,0.7763578274760383,3.21120984278879,0.006244218316373728,5,14,19,5,11,16,21,42,12,16
A,사상구,주례동,구조,산악사고,17,8648,0.3469387755102041,True,True,False,False,4.169329073482428,8.741626794258375,0.00196577243293247,5,1,2,5,4,17,11,5,8,8
A,사상구,주례동,구조,수난사고,1,8648,0.5,False,False,False,False,,0.0,0.00011563367252543941,0,0,0,1,0,1,0,0,1,0
A,사상구,주례동,구급,교통사고,405,8648,0.5378486055776892,True,True,False,False,0.8836488484097087,1.036241474091418,0.04683163737280296,81,108,83,70,63,159,171,153,128,142
A,사상구,학장동,구급,심정지,149,6553,0.7163461538461539,True,True,False,False,0.7504792332268371,0.8712584844775787,0.022737677399664275,16,27,48,36,22,23,43,62,46,34
A,사상구,학장동,화재,일반화재(주택),50,6553,0.6329113924050633,True,True,False,False,4.2334725976898495,0.6244019138755981,0.007630093087135663,22,11,2,10,5,38,14,4,18,5
A,사상구,학장동,구조,산악사고,14,6553,0.8235294117647058,True,False,False,False,0.8338658146964857,2.4976076555023923,0.0021364260643979855,1,0,7,1,5,1,1,8,1,6
A,사상구,학장동,구조,수난사고,42,6553,0.5753424657534246,False,False,False,False,,0.8862478777589133,0.006409278193193957,0,0,0,42,0,0,0,0,72,1
A,사상구,학장동,구급,교통사고,464,6553,0.7204968944099379,True,True,False,False,0.6356518095637144,1.0575455838613734,0.07080726384861895,112,115,79,84,74,157,149,107,123,108
A,사하구,감천동,구급,심정지,122,5172,0.5327510917030568,True,True,False,False,1.4482932571044225,1.1893369788106631,0.023588553750966745,20,16,24,31,31,39,28,51,53,58
A,사하구,감천동,화재,일반화재(주택),55,5172,0.5238095238095238,True,True,False,False,1.207667731629393,0.4995215311004785,0.010634184068058779,15,27,1,7,5,32,46,1,11,15
A,사하구,감천동,구조,산악사고,10,5172,0.625,False,False,False,False,10.006389776357826,0.0,0.0019334880123743233,2,3,0,5,0,3,5,1,7,0
A,사하구,감천동,구조,수난사고,7,5172,0.30434782608695654,False,False,False,False,2.5015974440894566,4.9952153110047846,0.0013534416086620263,3,0,1,3,0,15,0,4,4,0
A,사하구,감천동,구급,교통사고,231,5172,0.5422535211267606,True,True,True,False,0.8487562756732085,0.8188877559024237,0.04466357308584687,42,67,41,42,39,62,121,84,80,79
A,사하구,괴정동,구급,심정지,298,10344,0.5676190476190476,True,True,False,False,1.0087086468102648,1.4729481045270518,0.028808971384377418,50,54,70,61,63,86,102,123,102,112
A,사하구,괴정동,화재,일반화재(주택),86,10344,0.5771812080536913,True,True,False,False,0.8338658146964856,2.021872863978127,0.008313998453209591,10,10,28,7,31,17,15,57,15,45
A,사하구,괴정동,구조,산악사고,26,10344,0.43333333333333335,True,True,False,False,0.9096717978507115,6.660287081339713,0.0025135344160866204,3,8,4,8,3,7,15,9,17,12
A,사하구,괴정동,구조,수난사고,1,10344,0.5,False,False,False,False,0.0,,9.667440061871617e-05,0,0,1,0,0,0,0,1,1,0
A,사하구,괴정동,구급,교통사고,426,10344,0.5239852398523985,True,True,False,False,1.158634605683538,0.7167048054919908,0.04118329466357309,83,85,110,74,74,147,158,206,169,133
A,사하구,구평동,구급,심정지,39,2700,0.6964285714285714,True,True,False,False,0.5772917178667977,0.69377990430622,0.014444444444444444,6,5,5,9,14,10,7,8,12,19
A,사하구,구평동,화재,일반화재(주택),68,2700,0.7640449438202247,True,True,False,False,0.04034834587241059,0.0,0.025185185185185185,2,53,8,3,2,4,63,13,6,3
A,사하구,구평동,구조,산악사고,1,2700,1.0,False,False,False,False,0.0,,0.00037037037037037035,1,0,0,0,0,1,0,0,0,0
A,사하구,구평동,구조,수난사고,9,2700,0.34615384615384615,False,False,False,False,0.3126996805111821,,0.0033333333333333335,3,1,5,0,0,13,2,10,1,0
A,사하구,구평동,구급,교통사고,119,2700,0.595,True,True,False,False,1.1023988736665402,1.0406698564593302,0.04407407407407407,27,20,38,20,14,42,39,67,31,21
A,사하구,다대동,구급,심정지,313,13393,0.5549645390070922,True,True,False,False,0.9592591702899421,0.9668158666460874,0.02337041738221459,62,64,58,58,71,103,110,110,103,138
A,사하구,다대동,화재,일반화재(주택),64,13393,0.6095238095238096,True,True,False,False,0.694888178913738,1.5893866898651587,0.004778615694765923,17,22,7,12,6,30,36,10,21,8
A,사하구,다대동,구조,산악사고,19,13393,0.3333333333333333,True,False,False,False,1.2507987220447283,0.3568010936431989,0.0014186515343836332,0,2,1,11,5,1,5,1,31,19
A,사하구,다대동,구조,수난사고,120,13393,0.31496062992125984,True,True,False,False,1.8889613353328552,1.3623314484558504,0.008959904427686105,36,32,18,15,19,112,103,53,56,57
A,사하구,다대동,구급,교통사고,389,13393,0.5159151193633952,True,True,False,False,1.147141369389088,0.6881163948833122,0.029045023519749122,87,95,82,59,66,152,175,169,134,124
A,사하구,당리동,구급,심정지,123,5189,0.6577540106951871,True,True,False,False,0.5511994368332701,1.0406698564593302,0.023703989207939872,15,27,30,24,27,23,40,49,39,36
A,사하구,당리동,화재,일반화재(주택),53,5189,0.7066666666666667,True,True,False,False,3.1599125609551035,0.0,0.010213914048949701,5,21,17,5,5,10,26,29,5,5
A,사하구,당리동,구조,산악사고,51,5189,0.5930232558139535,True,True,False,False,3.752396166134185,0.999043062200957,0.00982848333012141,7,9,14,8,13,10,21,26,10,19
A,사하구,당리동,구조,수난사고,1,5189,0.2,False,False,False,False,0.0,,0.0001927153594141453,0,1,0,0,0,0,5,0,0,0
A,사하구,당리동,구급,교통사고,302,5189,0.6666666666666666,True,True,False,False,0.5266520934925173,0.7410484252589516,0.05820003854307188,61,70,53,57,61,86,106,86,80,95
A,사하구,신평동,구급,심정지,120,6649,0.5333333333333333,True,True,False,False,1.1772223266303328,1.0146531100478469,0.018047826740863287,16,28,31,29,16,31,56,52,53,33
A,사하구,신평동,화재,일반화재(주택),61,6649,0.5169491525423728,True,True,False,False,1.0191693290734825,0.5258121380005036,0.009174311926605505,7,20,11,7,16,11,47,22,11,27
A,사하구,신평동,구조,산악사고,12,6649,0.6,False,False,False,False,1.6677316293929714,2.4976076555023923,0.0018047826740863289,0,6,4,1,1,0,8,8,2,2
A,사하구,신평동,구조,수난사고,5,6649,0.18518518518518517,True,False,False,False,1.2507987220447283,0.0,0.0007519927808693036,0,2,1,0,2,4,9,3,7,4
A,사하구,신평동,구급,교통사고,329,6649,0.4380825565912117,True,True,False,False,0.9252483697317169,0.7243062200956938,0.04948112498120018,60,62,78,64,65,131,150,151,171,148
A,사하구,장림동,구급,심정지,169,6839,0.5633333333333334,True,True,False,False,0.5131481936593758,1.325261204960453,0.024711215089925426,32,28,34,38,37,63,48,62,62,65
A,사하구,장림동,화재,일반화재(주택),59,6839,0.5412844036697247,True,True,True,False,0.43130990415335463,1.1753447790599494,0.008626992250328995,10,10,14,12,13,27,19,27,19,17
A,사하구,장림동,구조,산악사고,12,6839,0.7058823529411765,False,False,False,False,0.9380990415335462,0.0,0.001754642491592338,4,4,3,1,0,4,5,7,1,0
A,사하구,장림동,구조,수난사고,3,6839,0.25,False,False,False,False,0.0,0.0,0.0004386606228980845,0,0,2,1,0,0,1,5,6,0
A,사하구,장림동,구급,교통사고,388,6839,0.5300546448087432,True,True,False,False,0.7291088027999422,0.841031149301826,0.0567334405614856,97,87,73,61,70,177,163,133,119,140
A,사하구,하단동,구급,심정지,165,9880,0.5092592592592593,True,True,False,False,1.1645367412140575,0.9473684210526315,0.016700404858299597,20,25,40,41,39,39,60,72,70,83
A,사하구,하단동,화재,일반화재(주택),65,9880,0.48507462686567165,True,True,False,False,1.7511182108626195,0.7284688995215312,0.006578947368421052,12,8,14,15,16,22,22,30,26,34
A,사하구,하단동,구조,산악사고,28,9880,0.56,True,True,False,False,2.5015974440894566,0.8325358851674641,0.002834008097165992,4,10,6,4,4,9,15,10,7,9
A,사하구,하단동,구조,수난사고,51,9880,0.2802197802197802,True,True,False,False,1.2507987220447285,3.746411483253589,0.005161943319838057,16,16,4,8,7,50,56,21,34,21
A,사하구,하단동,구급,교통사고,658,9880,0.5038284839203675,True,True,False,False,0.8259991560672736,0.8184251074527614,0.0665991902834008,132,136,155,114,121,233,263,318,259,233
A,서구,남부민동,구급,심정지,110,3547,0.5288461538461539,True,True,False,False,1.2828704841484395,1.7483253588516745,0.031012122920778123,16,22,21,26,25,30,35,44,55,44
A,서구,남부민동,화재,일반화재(주택),51,3547,0.5543478260869565,True,True,False,False,0.761355743853313,6.244019138755981,0.014378347899633492,5,16,9,7,14,10,31,14,15,22
A,서구,남부민동,구조,산악사고,4,3547,0.8,False,False,False,False,1.2507987220447283,,0.001127713560755568,1,1,1,1,0,1,1,1,2,0
A,서구,남부민동,구조,수난사고,38,3547,0.2676056338028169,True,True,True,False,2.0012779552715654,1.4272043745727956,0.010713278827177897,6,10,11,6,5,28,33,27,18,36
A,서구,남부민동,구급,교통사고,116,3547,0.5446009389671361,True,True,False,False,1.0721131903240528,0.40283994443586973,0.03270369326191148,30,31,19,20,16,56,47,34,41,35
A,서구,동대신동1가,구급,심정지,15,904,0.40540540540540543,True,True,True,False,1.429484253765404,0.8325358851674641,0.016592920353982302,5,2,4,1,3,7,2,10,3,15
A,서구,동대신동1가,화재,일반화재(주택),9,904,0.5294117647058824,True,False,False,False,0.0,2.4976076555023923,0.00995575221238938,0,5,0,2,2,3,6,2,2,4
A,서구,동대신동1가,구조,산악사고,0,904,,False,False,False,False,,,0.0,0,0,0,0,0,0,0,0,0,0
A,서구,동대신동1가,구조,수난사고,0,904,,False,False,False,False,,,0.0,0,0,0,0,0,0,0,0,0,0
A,서구,동대신동1가,구급,교통사고,41,904,0.5061728395061729,True,True,False,False,1.1772223266303325,0.3568010936431989,0.04535398230088496,6,7,12,7,9,8,16,18,18,21
A,서구,동대신동2가,구급,심정지,49,1412,0.6447368421052632,True,True,False,False,1.7198482428115014,0.7345904869124684,0.034702549575070823,6,14,7,10,12,10,18,8,17,23
A,서구,동대신동2가,화재,일반화재(주택),43,1412,0.6417910447761194,True,True,False,False,0.2501597444089457,0.0,0.030453257790368272,6,2,3,29,3,15,4,3,42,3
A,서구,동대신동2가,구조,산악사고,0,1412,,False,False,False,False,,,0.0,0,0,0,0,0,0,0,0,0,0
A,서구,동대신동2가,구조,수난사고,0,1412,,False,False,False,False,,,0.0,0,0,0,0,0,0,0,0,0,0
A,서구,동대신동2가,구급,교통사고,78,1412,0.527027027027027,True,True,False,False,0.5472244408945687,0.6445439110973915,0.05524079320113314,15,15,9,18,21,27,30,18,32,41
A,서구,동대신동3가,구급,심정지,39,1457,0.52,True,True,False,False,1.1118210862619808,0.45411048281861677,0.026767330130404943,7,9,10,6,7,9,17,17,14,18
A,서구,동대신동3가,화재,일반화재(주택),18,1457,0.6206896551724138,True,False,False,False,2.501597444089457,0.8325358851674641,0.012354152367879203,1,0,13,3,1,4,3,17,4,1
A,서구,동대신동3가,구조,산악사고,20,1457,0.5555555555555556,True,True,False,False,11.257188498402554,0.31220095693779903,0.013726835964310227,6,1,4,3,6,11,4,6,8,7
A,서구,동대신동3가,구조,수난사고,0,1457,,False,False,False,False,,,0.0,0,0,0,0,0,0,0,0,0,0
A,서구,동대신동3가,구급,교통사고,77,1457,0.4967741935483871,True,True,True,False,1.0944488817891374,1.577436414001511,0.05284831846259437,18,9,19,19,12,28,17,45,34,31
A,서구,부민동1가,구급,심정지,5,346,0.5555555555555556,True,False,False,False,1.2507987220447283,0.0,0.014450867052023121,1,1,1,0,2,1,1,2,1,4
A,서구,부민동1가,화재,일반화재(주택),2,346,0.6666666666666666,False,False,False,False,,,0.005780346820809248,0,1,0,1,0,0,1,0,2,0
A,서구,부민동1가,구조,산악사고,0,346,,False,False,False,False,,,0.0,0,0,0,0,0,0,0,0,0,0
A,서구,부민동1가,구조,수난사고,0,346,,False,False,False,False,,,0.0,0,0,0,0,0,0,0,0,0,0
A,서구,부민동1가,구급,교통사고,26,346,0.5652173913043478,True,True,False,False,2.0012779552715654,0.3568010936431989,0.07514450867052024,10,3,5,7,1,16,9,7,10,4
A,서구,부민동2가,구급,심정지,2,148,1.0,False,False,False,False,0.0,,0.013513513513513514,0,2,0,0,0,0,2,0,0,0
A,서구,부민동2가,화재,일반화재(주택),6,148,0.6666666666666666,False,False,False,False,0.0,,0.04054054054054054,0,6,0,0,0,0,8,1,0,0
A,서구,부민동2가,구조,산악사고,0,148,,False,False,False,False,,,0.0,0,0,0,0,0,0,0,0,0,0
A,서구,부민동2가,구조,수난사고,0,148,,False,False,False,False,,,0.0,0,0,0,0,0,0,0,0,0,0
A,서구,부민동2가,구급,교통사고,17,148,0.6538461538461539,False,False,False,False,0.45483589892535575,0.0,0.11486486486486487,7,2,4,4,0,12,3,6,5,0
A,서구,부민동3가,구급,심정지,22,557,0.6666666666666666,True,True,False,False,1.2507987220447285,0.45411048281861677,0.03949730700179533,2,3,4,1,12,4,4,4,5,16
A,서구,부민동3가,화재,일반화재(주택),5,557,0.7142857142857143,False,False,False,False,10.006389776357826,,0.008976660682226212,0,1,4,0,0,1,1,4,1,0
A,서구,부민동3가,구조,산악사고,0,557,,False,False,False,False,,,0.0,0,0,0,0,0,0,0,0,0,0
A,서구,부민동3가,구조,수난사고,0,557,,False,False,False,False,,,0.0,0,0,0,0,0,0,0,0,0,0
A,서구,부민동3가,구급,교통사고,10,557,0.5882352941176471,True,False,False,False,0.0,0.0,0.017953321364452424,2,4,2,2,0,2,7,3,3,2
A,서구,부용동1가,구급,심정지,2,321,0.5,False,False,False,False,2.5015974440894566,,0.006230529595015576,0,1,1,0,0,0,1,2,1,0
A,서구,부용동1가,화재,일반화재(주택),0,321,,False,False,False,False,,,0.0,0,0,0,0,0,0,0,0,0,0
A,서구,부용동1가,구조,산악사고,0,321,,False,False,False,False,,,0.0,0,0,0,0,0,0,0,0,0,0
A,서구,부용동1가,구조,수난사고,0,321,,False,False,False,False,,,0.0,0,0,0,0,0,0,0,0,0,0
A,서구,부용동1가,구급,교통사고,22,321,0.8148148148148148,False,False,False,False,0.1786855317206755,0.999043062200957,0.06853582554517133,6,1,8,7,0,8,1,9,9,0
A,서구,부용동2가,구급,심정지,7,357,0.6363636363636364,False,False,False,False,3.3354632587859427,,0.0196078431372549,1,0,6,0,0,2,0,9,0,0
A,서구,부용동2가,화재,일반화재(주택),2,357,0.6666666666666666,False,False,False,False,0.0,0.0,0.0056022408963585435,1,0,0,1,0,2,0,0,1,0
A,서구,부용동2가,구조,산악사고,0,357,,False,False,False,False,,,0.0,0,0,0,0,0,0,0,0,0,0
A,서구,부용동2가,구조,수난사고,0,357,,False,False,False,False,,,0.0,0,0,0,0,0,0,0,0,0,0
A,서구,부용동2가,구급,교통사고,30,357,0.625,True,True,False,False,0.14715279082879157,0.4995215311004785,0.08403361344537816,9,6,3,11,1,14,8,6,16,4
A,서구,서대신동1가,구급,심정지,24,817,0.5853658536585366,True,False,False,False,1.6677316293929711,1.2488038277511961,0.02937576499388005,0,2,13,3,6,1,5,15,6,14
A,서구,서대신동1가,화재,일반화재(주택),5,817,0.5555555555555556,False,False,False,False,1.6677316293929714,,0.006119951040391677,0,3,2,0,0,0,3,6,0,0
A,서구,서대신동1가,구조,산악사고,0,817,,False,False,False,False,,,0.0,0,0,0,0,0,0,0,0,0,0
A,서구,서대신동1가,구조,수난사고,0,817,,False,False,False,False,,,0.0,0,0,0,0,0,0,0,0,0,0
A,서구,서대신동1가,구급,교통사고,42,817,0.525,True,True,False,False,0.4414583724863747,2.4976076555023923,0.051407588739290085,3,12,5,9,13,7,22,9,21,21
A,서구,서대신동2가,구급,심정지,34,1661,0.4533333333333333,True,True,False,False,1.2507987220447283,2.0813397129186604,0.020469596628537028,3,5,4,12,10,7,13,12,17,26
A,서구,서대신동2가,화재,일반화재(주택),15,1661,0.4411764705882353,True,True,False,False,0.0,2.4976076555023923,0.009030704394942806,6,1,6,1,1,13,2,11,1,7
A,서구,서대신동2가,구조,산악사고,0,1661,,False,False,False,False,,,0.0,0,0,0,0,0,0,0,0,0,0
A,서구,서대신동2가,구조,수난사고,0,1661,,False,False,False,False,,,0.0,0,0,0,0,0,0,0,0,0,0
A,서구,서대신동2가,구급,교통사고,77,1661,0.4967741935483871,True,True,False,False,0.5628594249201277,0.6811657242279252,0.046357615894039736,9,27,13,14,14,21,44,29,35,26
A,서구,서대신동3가,구급,심정지,53,2520,0.44537815126050423,True,True,False,False,1.3341853035143771,0.7601414603702934,0.021031746031746033,8,8,7,16,14,13,25,12,35,34
A,서구,서대신동3가,화재,일반화재(주택),34,2520,0.4,True,True,True,False,6.879392971246006,0.0,0.013492063492063493,11,1,3,6,13,42,2,3,11,27
A,서구,서대신동3가,구조,산악사고,50,2520,0.5102040816326531,True,True,False,False,2.2382713973431985,0.41626794258373206,0.01984126984126984,13,9,14,9,5,23,11,28,20,16
A,서구,서대신동3가,구조,수난사고,0,2520,,False,False,False,False,,,0.0,0,0,0,0,0,0,0,0,0,0
A,서구,서대신동3가,구급,교통사고,63,2520,0.4144736842105263,True,True,False,False,0.6253993610223643,0.542958185978781,0.025,7,14,14,9,19,16,36,34,22,44
A,서구,아미동1가,구급,심정지,3,641,0.6,False,False,False,False,0.0,0.0,0.0046801872074883,2,0,0,1,0,2,0,0,1,2
A,서구,아미동1가,화재,일반화재(주택),0,641,,False,False,False,False,,,0.0,0,0,0,0,0,0,0,0,0,0
A,서구,아미동1가,구조,산악사고,0,641,,False,False,False,False,,,0.0,0,0,0,0,0,0,0,0,0,0
A,서구,아미동1가,구조,수난사고,0,641,,False,False,False,False,,,0.0,0,0,0,0,0,0,0,0,0,0
A,서구,아미동1가,구급,교통사고,24,641,0.75,True,True,False,False,0.750479233226837,1.4272043745727956,0.0374414976599064,2,5,6,7,4,5,5,7,8,7
A,서구,아미동2가,구급,심정지,52,1733,0.5473684210526316,True,True,False,False,0.7959628231193726,0.69377990430622,0.030005770340450086,8,9,12,15,8,13,17,25,23,17
A,서구,아미동2가,화재,일반화재(주택),43,1733,0.6935483870967742,True,True,False,False,9.291647649475125,0.6244019138755981,0.024812463935372186,3,4,26,7,3,5,6,33,10,8
A,서구,아미동2가,구조,산악사고,0,1733,0.0,False,False,False,False,,,0.0,0,0,0,0,0,0,0,0,0,1
A,서구,아미동2가,구조,수난사고,0,1733,,False,False,False,False,,,0.0,0,0,0,0,0,0,0,0,0,0
A,서구,아미동2가,구급,교통사고,45,1733,0.5921052631578947,True,True,True,False,0.357371063441351,1.1100478468899522,0.025966532025389497,17,8,7,3,10,19,12,14,10,21
A,서구,암남동,구급,심정지,107,5394,0.656441717791411,True,True,False,False,0.6399435322089307,1.1794258373205742,0.019836855765665556,15,18,21,23,30,21,25,35,40,42
A,서구,암남동,화재,일반화재(주택),58,5394,0.7945205479452054,True,True,False,False,0.0,0.2378673957621326,0.010752688172043012,14,8,13,16,7,18,8,14,22,11
A,서구,암남동,구조,산악사고,10,5394,0.5263157894736842,False,False,False,False,5.003194888178914,0.0,0.0018539117538005192,3,4,2,1,0,5,6,5,3,0
A,서구,암남동,구조,수난사고,64,5394,0.22377622377622378,True,True,False,False,1.2507987220447283,1.4049043062200959,0.011865035224323322,11,17,11,18,7,51,140,29,41,25
A,서구,암남동,구급,교통사고,194,5394,0.671280276816609,True,True,False,False,0.6317165262852162,0.9304812834224598,0.03596588802373007,53,37,34,41,29,65,59,60,69,36
A,서구,초장동,구급,심정지,49,1169,0.7,True,True,False,False,1.2507987220447283,0.8325358851674641,0.041916167664670656,5,14,14,8,8,7,24,17,10,12
A,서구,초장동,화재,일반화재(주택),26,1169,0.6666666666666666,True,False,False,False,3.6134185303514377,0.8325358851674641,0.022241231822070145,8,4,10,0,4,13,5,13,3,5
A,서구,초장동,구조,산악사고,1,1169,0.5,False,False,False,False,,,0.000855431993156544,1,0,0,0,0,1,1,0,0,0
A,서구,초장동,구조,수난사고,0,1169,,False,False,False,False,,,0.0,0,0,0,0,0,0,0,0,0,0
A,서구,초장동,구급,교통사고,23,1169,0.6388888888888888,True,True,False,False,1.45926517571885,0.8325358851674641,0.019674935842600515,5,5,9,2,2,7,6,13,7,3
A,서구,충무동1가,구급,심정지,25,1360,0.5555555555555556,True,True,False,False,1.1118210862619808,0.8325358851674641,0.01838235294117647,3,4,6,11,1,3,9,8,22,3
A,서구,충무동1가,화재,일반화재(주택),28,1360,0.5714285714285714,False,False,False,False,7.504792332268369,0.3568010936431989,0.020588235294117647,0,0,4,0,24,0,2,5,0,42
A,서구,충무동1가,구조,산악사고,0,1360,,False,False,False,False,,,0.0,0,0,0,0,0,0,0,0,0,0
A,서구,충무동1가,구조,수난사고,15,1360,0.625,True,True,False,False,12.507987220447284,1.2488038277511961,0.011029411764705883,3,1,2,6,3,3,2,2,12,5
A,서구,충무동1가,구급,교통사고,85,1360,0.5743243243243243,True,True,False,False,1.8067092651757188,1.3320574162679426,0.0625,19,19,24,11,12,32,37,31,24,24
A,서구,충무동2가,구급,심정지,12,435,0.46153846153846156,True,True,False,False,0.8338658146964857,2.4976076555023923,0.027586206896551724,3,3,2,3,1,7,4,6,6,3
A,서구,충무동2가,화재,일반화재(주택),5,435,0.7142857142857143,False,False,False,False,0.0,0.0,0.011494252873563218,0,0,2,2,1,0,0,3,2,2
A,서구,충무동2가,구조,산악사고,0,435,,False,False,False,False,,,0.0,0,0,0,0,0,0,0,0,0,0
A,서구,충무동2가,구조,수난사고,0,435,,False,False,False,False,,,0.0,0,0,0,0,0,0,0,0,0,0
A,서구,충무동2가,구급,교통사고,5,435,0.625,False,False,False,False,0.0,0.0,0.011494252873563218,1,2,0,2,0,2,4,0,2,0
A,서구,충무동3가,구급,심정지,10,281,0.5263157894736842,True,True,False,False,1.500958466453674,2.4976076555023923,0.03558718861209965,2,3,3,1,1,5,5,5,3,1
A,서구,충무동3가,화재,일반화재(주택),6,281,0.6,False,False,False,False,0.0,0.0,0.021352313167259787,5,0,0,1,0,9,0,0,1,0
A,서구,충무동3가,구조,산악사고,0,281,,False,False,False,False,,,0.0,0,0,0,0,0,0,0,0,0,0
A,서구,충무동3가,구조,수난사고,0,281,,False,False,False,False,,,0.0,0,0,0,0,0,0,0,0,0,0
A,서구,충무동3가,구급,교통사고,11,281,0.55,True,False,False,False,1.500958466453674,1.2488038277511961,0.03914590747330961,0,5,3,2,1,1,9,4,5,1
A,서구,토성동1가,구급,심정지,9,566,0.5,True,False,False,False,0.5003194888178913,4.9952153110047846,0.015901060070671377,1,2,3,3,0,1,3,4,9,1
A,서구,토성동1가,화재,일반화재(주택),6,566,0.6,False,False,False,False,0.6253993610223642,0.0,0.01060070671378092,0,0,5,1,0,0,0,8,2,0
A,서구,토성동1가,구조,산악사고,0,566,,False,False,False,False,,,0.0,0,0,0,0,0,0,0,0,0,0
A,서구,토성동1가,구조,수난사고,0,566,,False,False,False,False,,,0.0,0,0,0,0,0,0,0,0,0,0
A,서구,토성동1가,구급,교통사고,23,566,0.6388888888888888,True,True,True,False,0.5772917178667977,3.3301435406698565,0.04063604240282685,2,7,7,6,1,3,7,11,10,5
A,서구,토성동2가,구급,심정지,7,220,0.7777777777777778,False,False,False,False,1.8761980830670923,,0.031818181818181815,3,2,2,0,0,4,2,2,0,1
A,서구,토성동2가,화재,일반화재(주택),0,220,,False,False,False,False,,,0.0,0,0,0,0,0,0,0,0,0,0
A,서구,토성동2가,구조,산악사고,0,220,,False,False,False,False,,,0.0,0,0,0,0,0,0,0,0,0,0
A,서구,토성동2가,구조,수난사고,0,220,,False,False,False,False,,,0.0,0,0,0,0,0,0,0,0,0,0
A,서구,토성동2가,구급,교통사고,2,220,0.2222222222222222,False,False,False,False,0.0,,0.00909090909090909,0,2,0,0,0,0,4,1,1,3
A,서구,토성동3가,구급,심정지,3,237,1.0,False,False,False,False,1.2507987220447283,,0.012658227848101266,0,1,2,0,0,0,1,2,0,0
A,서구,토성동3가,화재,일반화재(주택),2,237,0.6666666666666666,False,False,False,False,2.5015974440894566,,0.008438818565400843,1,1,0,0,0,1,2,0,0,0
A,서구,토성동3가,구조,산악사고,0,237,,False,False,False,False,,,0.0,0,0,0,0,0,0,0,0,0,0
A,서구,토성동3가,구조,수난사고,0,237,,False,False,False,False,,,0.0,0,0,0,0,0,0,0,0,0,0
A,서구,토성동3가,구급,교통사고,15,237,0.6521739130434783,True,True,False,False,1.500958466453674,1.8732057416267944,0.06329113924050633,5,1,2,6,1,5,1,5,10,2
A,서구,토성동4가,구급,심정지,4,297,0.8,False,False,False,False,0.0,0.0,0.013468013468013467,0,0,2,2,0,0,0,2,3,0
A,서구,토성동4가,화재,일반화재(주택),4,297,0.8,False,False,False,False,5.003194888178913,0.0,0.013468013468013467,0,3,0,1,0,0,3,0,2,0
A,서구,토성동4가,구조,산악사고,0,297,,False,False,False,False,,,0.0,0,0,0,0,0,0,0,0,0,0
A,서구,토성동4가,구조,수난사고,0,297,,False,False,False,False,,,0.0,0,0,0,0,0,0,0,0,0,0
A,서구,토성동4가,구급,교통사고,21,297,0.5,True,True,False,False,3.752396166134185,0.4995215311004785,0.0707070707070707,4,6,5,2,4,5,12,7,3,15
A,서구,토성동5가,구급,심정지,16,495,0.8,True,True,False,False,4.002555910543131,4.9952153110047846,0.03232323232323232,7,2,4,2,1,7,2,6,3,2
A,서구,토성동5가,화재,일반화재(주택),3,495,0.6,False,False,False,False,0.0,,0.006060606060606061,0,0,3,0,0,0,0,5,0,0
A,서구,토성동5가,구조,산악사고,0,495,,False,False,False,False,,,0.0,0,0,0,0,0,0,0,0,0,0
A,서구,토성동5가,구조,수난사고,0,495,,False,False,False,False,,,0.0,0,0,0,0,0,0,0,0,0,0
A,서구,토성동5가,구급,교통사고,25,495,0.7352941176470589,True,True,True,False,0.6670926517571886,0.4995215311004785,0.050505050505050504,4,7,8,4,2,4,7,14,4,5
A,수영구,광안동,구급,심정지,264,14632,0.559322033898305,True,True,False,False,0.9962113715400494,1.1290555155010815,0.018042646254784037,45,59,54,48,58,75,100,97,90,110
A,수영구,광안동,화재,일반화재(주택),128,14632,0.6368159203980099,True,True,True,False,1.2763252265762535,1.3558441558441559,0.008747949699289229,20,35,19,21,33,48,52,27,27,47
A,수영구,광안동,구조,산악사고,8,14632,0.25,True,False,True,False,1.0006389776357827,0.0,0.0005467468562055768,1,2,4,1,0,1,8,18,2,3
A,수영구,광안동,구조,수난사고,90,14632,0.22556390977443608,True,True,False,False,3.5022364217252395,1.6650717703349283,0.0061509021323127395,10,35,15,21,9,47,200,37,73,42
A,수영구,광안동,구급,교통사고,867,14632,0.5257731958762887,True,True,True,False,1.1836202740576716,1.3479152426520846,0.05925369054127939,158,235,183,147,144,291,398,341,309,310
A,수영구,남천동,구급,심정지,111,5223,0.4889867841409692,True,True,False,False,0.652590637588554,0.8117224880382775,0.02125215393452039,8,18,32,23,30,26,42,64,41,54
A,수영구,남천동,화재,일반화재(주택),46,5223,0.6301369863013698,True,True,False,False,5.003194888178914,0.3405828621139626,0.008807198927819261,6,14,1,9,16,12,19,1,11,30
A,수영구,남천동,구조,산악사고,1,5223,0.5,False,False,False,False,0.0,,0.00019146084625694046,0,1,0,0,0,0,2,0,0,0
A,수영구,남천동,구조,수난사고,30,5223,0.25210084033613445,True,False,False,False,1.5634984025559104,1.748325358851675,0.005743825387708214,0,8,5,11,6,13,36,19,31,20
A,수영구,남천동,구급,교통사고,307,5223,0.49356913183279744,True,True,False,False,0.761355743853313,0.5523555391976446,0.05877847980088072,43,67,70,56,71,102,130,131,109,150
A,수영구,망미동,구급,심정지,172,6348,0.5341614906832298,True,True,True,False,0.844695240861375,0.9490909090909091,0.027095148078134845,37,36,30,34,35,64,66,59,54,79
A,수영구,망미동,화재,일반화재(주택),109,6348,0.5561224489795918,True,True,False,False,0.23452476038338654,4.347687400318979,0.017170762444864523,14,9,12,48,26,29,11,20,96,40
A,수영구,망미동,구조,산악사고,11,6348,0.5789473684210527,True,True,False,False,3.3354632587859427,7.492822966507178,0.0017328292375551355,2,1,4,3,1,3,3,9,3,1
A,수영구,망미동,구조,수난사고,8,6348,0.5,False,False,False,False,0.0,,0.001260239445494644,0,0,8,0,0,0,4,12,0,0
A,수영구,망미동,구급,교통사고,288,6348,0.5008695652173913,True,True,False,False,0.6347336798435935,0.7251118999845656,0.045368620037807186,60,51,57,64,56,113,114,108,130,110
A,수영구,민락동,구급,심정지,135,8454,0.6650246305418719,True,True,True,False,0.9216411636119051,1.0614832535885168,0.01596877217885025,19,21,38,31,26,42,27,52,47,35
A,수영구,민락동,화재,일반화재(주택),87,8454,0.7372881355932204,True,True,False,False,0.1786855317206755,0.31220095693779903,0.01029098651525905,12,7,41,20,7,16,11,52,27,12
A,수영구,민락동,구조,산악사고,8,8454,0.8,False,False,False,False,0.0,0.0,0.0009462976105985332,0,1,6,1,0,0,1,7,2,0
A,수영구,민락동,구조,수난사고,94,8454,0.2647887323943662,True,True,False,False,0.691931207939637,0.6475279106858055,0.011118996924532765,9,20,31,16,18,40,66,104,68,77
A,수영구,민락동,구급,교통사고,433,8454,0.6590563165905632,True,True,False,False,1.398742656910234,1.1100478468899522,0.05121835817364561,91,95,104,64,79,138,133,157,103,126
A,수영구,수영동,구급,심정지,93,4094,0.6838235294117647,True,True,False,False,1.1772223266303325,0.9668158666460873,0.022716170004885197,14,18,18,16,27,19,22,27,23,45
A,수영구,수영동,화재,일반화재(주택),24,4094,0.8,True,True,False,False,0.2501597444089457,1.1100478468899522,0.005862237420615535,1,9,1,6,7,4,9,1,8,8
A,수영구,수영동,구조,산악사고,0,4094,,False,False,False,False,,,0.0,0,0,0,0,0,0,0,0,0,0
A,수영구,수영동,구조,수난사고,10,4094,0.47619047619047616,False,False,False,False,0.0,0.0,0.002442598925256473,1,0,4,5,0,1,0,11,9,0
A,수영구,수영동,구급,교통사고,184,4094,0.6690909090909091,True,True,False,False,0.9380990415335463,0.5876723895299747,0.0449438202247191,44,41,36,35,28,60,57,57,53,48
A,연제구,거제동,구급,심정지,245,9576,0.5737704918032787,True,True,False,False,0.9216411636119051,0.8038277511961723,0.025584795321637425,16,51,63,56,59,47,77,96,98,109
A,연제구,거제동,화재,일반화재(주택),28,9576,0.4666666666666667,True,True,True,False,1.45926517571885,0.31220095693779903,0.0029239766081871343,3,7,9,2,7,15,9,16,6,14
A,연제구,거제동,구조,산악사고,2,9576,0.4,False,False,False,False,,,0.00020885547201336674,0,0,1,0,1,1,0,2,1,1
A,연제구,거제동,구조,수난사고,0,9576,,False,False,False,False,,,0.0,0,0,0,0,0,0,0,0,0,0
A,연제구,거제동,구급,교통사고,575,9576,0.5161579892280072,True,True,True,False,0.799382641908285,0.9558745348219032,0.06004594820384294,118,120,113,110,114,216,230,225,222,221
A,연제구,연산동,구급,심정지,605,27038,0.534452296819788,True,True,False,False,1.2399222114182527,1.1853053280350336,0.022375915378356388,85,113,146,146,115,178,203,273,258,220
A,연제구,연산동,화재,일반화재(주택),202,27038,0.520618556701031,True,True,True,False,1.9595846645367414,0.4683014354066986,0.007470966787484282,40,30,37,52,43,103,61,74,81,69
A,연제구,연산동,구조,산악사고,38,27038,0.5135135135135135,True,True,False,False,2.729015393552135,0.9082209656372335,0.0014054293956653598,6,12,5,11,4,21,14,16,18,5
A,연제구,연산동,구조,수난사고,4,27038,0.3333333333333333,False,False,False,False,,0.0,0.00014793993638582736,0,2,0,2,0,0,2,0,9,1
A,연제구,연산동,구급,교통사고,1357,27038,0.5227272727272727,True,True,False,False,0.8028901157850262,0.9606183290393817,0.05018862341889193,273,342,274,252,216,557,597,536,499,407
A,영도구,남항동1가,구급,심정지,26,1024,0.6341463414634146,True,True,False,False,0.5772917178667977,0.6244019138755981,0.025390625,3,8,5,6,4,5,10,8,10,8
A,영도구,남항동1가,화재,일반화재(주택),11,1024,0.8461538461538461,False,False,False,False,0.714742126882702,0.0,0.0107421875,1,3,5,0,2,1,3,7,0,2
A,영도구,남항동1가,구조,산악사고,0,1024,,False,False,False,False,,,0.0,0,0,0,0,0,0,0,0,0,0
A,영도구,남항동1가,구조,수난사고,0,1024,,False,False,False,False,,,0.0,0,0,0,0,0,0,0,0,0,0
A,영도구,남항동1가,구급,교통사고,47,1024,0.6266666666666667,True,True,True,False,0.8701208501180719,0.5763709974236291,0.0458984375,7,6,18,10,6,11,9,23,20,12
A,영도구,남항동2가,구급,심정지,9,420,0.6428571428571429,True,True,False,False,1.8761980830670923,0.0,0.02142857142857143,3,1,3,1,1,3,2,4,3,2
A,영도구,남항동2가,화재,일반화재(주택),3,420,0.75,False,False,False,False,,0.0,0.007142857142857143,0,0,0,0,3,0,0,0,0,4
A,영도구,남항동2가,구조,산악사고,0,420,,False,False,False,False,,,0.0,0,0,0,0,0,0,0,0,0,0
A,영도구,남항동2가,구조,수난사고,4,420,0.36363636363636365,False,False,False,False,,,0.009523809523809525,0,1,3,0,0,0,2,9,0,0
A,영도구,남항동2가,구급,교통사고,38,420,0.7169811320754716,True,True,False,False,0.5956184390689183,1.7840054682159945,0.09047619047619047,9,9,8,10,2,10,10,15,15,3
A,영도구,남항동3가,구급,심정지,22,504,0.5238095238095238,True,True,True,False,1.8761980830670923,1.4985645933014355,0.04365079365079365,4,8,2,6,2,6,11,2,15,8
A,영도구,남항동3가,화재,일반화재(주택),15,504,0.8333333333333334,False,False,False,False,0.0,0.0,0.02976190476190476,13,0,0,2,0,15,0,0,3,0
A,영도구,남항동3가,구조,산악사고,0,504,,False,False,False,False,,,0.0,0,0,0,0,0,0,0,0,0,0
A,영도구,남항동3가,구조,수난사고,0,504,0.0,False,False,False,False,,,0.0,0,0,0,0,0,0,2,0,1,0
A,영도구,남항동3가,구급,교통사고,23,504,0.5348837209302325,True,True,False,False,2.5015974440894566,1.6650717703349283,0.04563492063492063,6,10,2,1,4,11,16,6,2,8
A,영도구,대교동1가,구급,심정지,10,734,0.6666666666666666,False,False,False,False,0.0,,0.013623978201634877,2,3,4,1,0,4,4,6,1,0
A,영도구,대교동1가,화재,일반화재(주택),19,734,0.5757575757575758,False,False,False,False,0.0,0.9606183290393817,0.025885558583106268,0,0,1,5,13,0,0,3,5,25
A,영도구,대교동1가,구조,산악사고,0,734,,False,False,False,False,,,0.0,0,0,0,0,0,0,0,0,0,0
A,영도구,대교동1가,구조,수난사고,42,734,0.49411764705882355,True,True,False,False,1.4294842537654038,1.998086124401914,0.05722070844686648,11,14,8,4,5,17,30,12,14,12
A,영도구,대교동1가,구급,교통사고,61,734,0.6931818181818182,True,True,True,False,0.4841801504689271,1.0284266816774559,0.08310626702997276,12,7,18,14,10,16,11,22,21,18
A,영도구,대교동2가,구급,심정지,9,984,0.47368421052631576,True,False,True,False,0.5003194888178913,1.2488038277511961,0.009146341463414634,5,1,0,2,1,5,1,2,4,7
A,영도구,대교동2가,화재,일반화재(주택),4,984,0.5,False,False,False,False,0.0,0.0,0.0040650406504065045,3,0,0,0,1,5,0,0,2,1
A,영도구,대교동2가,구조,산악사고,0,984,,False,False,False,False,,,0.0,0,0,0,0,0,0,0,0,0,0
A,영도구,대교동2가,구조,수난사고,1,984,0.16666666666666666,False,False,False,False,,,0.0010162601626016261,0,1,0,0,0,0,1,2,3,0
A,영도구,대교동2가,구급,교통사고,41,984,0.6949152542372882,True,True,False,False,1.3645076967760674,0.999043062200957,0.041666666666666664,4,10,20,4,3,5,12,27,11,4
A,영도구,대평동1가,구급,심정지,8,414,0.6153846153846154,False,False,False,False,0.0,2.4976076555023923,0.01932367149758454,3,0,1,1,3,4,0,2,4,3
A,영도구,대평동1가,화재,일반화재(주택),5,414,0.38461538461538464,False,False,False,False,0.0,0.0,0.012077294685990338,0,0,1,1,3,0,0,3,2,8
A,영도구,대평동1가,구조,산악사고,0,414,,False,False,False,False,,,0.0,0,0,0,0,0,0,0,0,0,0
A,영도구,대평동1가,구조,수난사고,4,414,0.5,False,False,False,False,2.5015974440894566,,0.00966183574879227,3,0,1,0,0,3,2,3,0,0
A,영도구,대평동1가,구급,교통사고,16,414,0.6666666666666666,True,False,False,False,0.6253993610223642,0.0,0.03864734299516908,5,5,0,1,5,6,7,2,1,8
A,영도구,대평동2가,구급,심정지,7,161,0.6363636363636364,False,False,False,False,7.504792332268369,1.2488038277511961,0.043478260869565216,0,2,2,1,2,0,4,2,1,4
A,영도구,대평동2가,화재,일반화재(주택),0,161,0.0,False,False,False,False,,,0.0,0,0,0,0,0,0,0,0,0,2
A,영도구,대평동2가,구조,산악사고,0,161,,False,False,False,False,,,0.0,0,0,0,0,0,0,0,0,0,0
A,영도구,대평동2가,구조,수난사고,0,161,0.0,False,False,False,False,,,0.0,0,0,0,0,0,1,0,0,0,0
A,영도구,대평동2가,구급,교통사고,3,161,0.6,False,False,False,False,0.0,0.0,0.018633540372670808,1,0,1,1,0,1,0,2,1,1
A,영도구,동삼동,구급,심정지,278,10538,0.4894366197183099,True,True,False,False,1.0244637151985396,1.1505833019730123,0.026380717403681912,30,54,64,61,69,86,102,130,133,117
A,영도구,동삼동,화재,일반화재(주택),48,10538,0.48484848484848486,True,True,False,False,3.4112692419401682,1.16555023923445,0.004554944012146517,14,10,2,12,10,30,14,8,28,19
A,영도구,동삼동,구조,산악사고,12,10538,0.3870967741935484,True,True,False,False,5.003194888178913,0.4995215311004785,0.0011387360030366293,2,2,2,1,5,3,8,7,6,7
A,영도구,동삼동,구조,수난사고,61,10538,0.25738396624472576,True,True,False,False,1.3470140083558613,3.3301435406698565,0.005788574682102866,14,20,6,15,6,54,74,30,46,33
A,영도구,동삼동,구급,교통사고,278,10538,0.5387596899224806,True,True,False,False,0.8532580429452411,0.7805023923444977,0.026380717403681912,45,55,73,48,57,85,101,127,81,122
A,영도구,봉래동1가,구급,심정지,6,544,0.5,True,False,False,False,3.7523961661341847,,0.011029411764705883,2,1,2,0,1,3,1,2,4,2
A,영도구,봉래동1가,화재,일반화재(주택),4,544,0.36363636363636365,False,False,False,False,0.0,,0.007352941176470588,4,0,0,0,0,11,0,0,0,0
A,영도구,봉래동1가,구조,산악사고,0,544,,False,False,False,False,,,0.0,0,0,0,0,0,0,0,0,0,0
A,영도구,봉래동1가,구조,수난사고,26,544,0.29213483146067415,True,True,True,False,0.2779552715654952,2.4976076555023923,0.04779411764705882,5,6,9,2,4,9,21,28,12,19
A,영도구,봉래동1가,구급,교통사고,20,544,0.5263157894736842,True,True,False,False,0.45483589892535575,0.41626794258373206,0.03676470588235294,5,3,5,4,3,8,9,9,6,6
A,영도구,봉래동2가,구급,심정지,20,610,0.7692307692307693,True,True,False,False,2.501597444089457,2.4976076555023923,0.03278688524590164,5,6,3,3,3,7,7,4,4,4
A,영도구,봉래동2가,화재,일반화재(주택),1,610,0.5,False,False,False,False,0.0,,0.001639344262295082,0,1,0,0,0,0,1,1,0,0
A,영도구,봉래동2가,구조,산악사고,0,610,,False,False,False,False,,,0.0,0,0,0,0,0,0,0,0,0,0
A,영도구,봉래동2가,구조,수난사고,3,610,0.2727272727272727,False,False,False,False,2.5015974440894566,0.0,0.004918032786885246,1,0,1,0,1,5,0,2,0,4
A,영도구,봉래동2가,구급,교통사고,18,610,0.5625,True,True,False,False,1.389776357827476,0.8325358851674641,0.029508196721311476,7,2,5,3,1,11,6,8,5,2
A,영도구,봉래동3가,구급,심정지,13,647,0.5416666666666666,True,True,False,False,2.5015974440894566,1.2488038277511961,0.02009273570324575,2,1,1,5,4,4,3,4,6,7
A,영도구,봉래동3가,화재,일반화재(주택),1,647,0.2,False,False,False,False,,,0.0015455950540958269,0,0,1,0,0,3,0,2,0,0
A,영도구,봉래동3가,구조,산악사고,0,647,,False,False,False,False,,,0.0,0,0,0,0,0,0,0,0,0,0
A,영도구,봉래동3가,구조,수난사고,0,647,,False,False,False,False,,,0.0,0,0,0,0,0,0,0,0,0,0
A,영도구,봉래동3가,구급,교통사고,30,647,0.6521739130434783,True,True,False,False,0.5360565951620264,0.20813397129186603,0.04636785162287481,8,8,1,12,1,12,10,2,17,5
A,영도구,봉래동4가,구급,심정지,22,720,0.6111111111111112,True,True,False,False,0.9380990415335462,0.24976076555023924,0.030555555555555555,1,4,6,2,9,1,5,6,7,17
A,영도구,봉래동4가,화재,일반화재(주택),4,720,0.4,False,False,False,False,0.8338658146964857,,0.005555555555555556,1,3,0,0,0,4,6,0,0,0
A,영도구,봉래동4가,구조,산악사고,1,720,1.0,False,False,False,False,,,0.001388888888888889,0,0,1,0,0,0,0,1,0,0
A,영도구,봉래동4가,구조,수난사고,0,720,,False,False,False,False,,,0.0,0,0,0,0,0,0,0,0,0,0
A,영도구,봉래동4가,구급,교통사고,40,720,0.5970149253731343,True,False,False,False,1.5009584664536741,0.5763709974236291,0.05555555555555555,0,21,3,7,9,4,29,7,9,18
A,영도구,봉래동5가,구급,심정지,17,612,0.5151515151515151,True,False,False,False,0.5003194888178913,0.6244019138755981,0.027777777777777776,3,9,0,2,3,5,11,3,3,11
A,영도구,봉래동5가,화재,일반화재(주택),8,612,0.5714285714285714,False,False,False,False,,0.0,0.013071895424836602,1,0,0,0,7,3,0,0,0,11
A,영도구,봉래동5가,구조,산악사고,5,612,0.7142857142857143,False,False,False,False,1.2507987220447283,,0.008169934640522876,0,0,3,2,0,0,0,3,4,0
A,영도구,봉래동5가,구조,수난사고,0,612,,False,False,False,False,,,0.0,0,0,0,0,0,0,0,0,0,0
A,영도구,봉래동5가,구급,교통사고,22,612,0.46808510638297873,True,True,False,False,1.042332268370607,3.746411483253589,0.03594771241830065,3,6,8,2,3,7,11,12,6,11
A,영도구,신선동1가,구급,심정지,12,457,0.8571428571428571,True,True,False,False,1.2507987220447283,0.7136021872863978,0.0262582056892779,1,1,1,4,5,2,1,1,5,5
A,영도구,신선동1가,화재,일반화재(주택),1,457,0.3333333333333333,False,False,False,False,,0.0,0.002188183807439825,0,0,0,0,1,0,0,0,1,2
A,영도구,신선동1가,구조,산악사고,0,457,,False,False,False,False,,,0.0,0,0,0,0,0,0,0,0,0,0
A,영도구,신선동1가,구조,수난사고,0,457,,False,False,False,False,,,0.0,0,0,0,0,0,0,0,0,0,0
A,영도구,신선동1가,구급,교통사고,17,457,0.5862068965517241,True,True,False,False,0.9380990415335462,0.0,0.037199124726477024,1,8,2,5,1,2,11,2,9,5
A,영도구,신선동2가,구급,심정지,43,1214,0.6515151515151515,True,True,True,False,1.0533041869850346,0.5763709974236291,0.03542009884678748,7,8,12,11,5,8,15,15,16,12
A,영도구,신선동2가,화재,일반화재(주택),18,1214,0.6428571428571429,False,False,False,False,0.0,,0.014827018121911038,0,0,5,1,12,0,0,5,4,19
A,영도구,신선동2가,구조,산악사고,1,1214,1.0,False,False,False,False,,,0.0008237232289950577,0,0,0,0,1,0,0,0,0,1
A,영도구,신선동2가,구조,수난사고,0,1214,,False,False,False,False,,,0.0,0,0,0,0,0,0,0,0,0,0
A,영도구,신선동2가,구급,교통사고,5,1214,0.625,False,False,False,False,1.6677316293929714,,0.004118616144975288,2,2,1,0,0,2,3,2,1,0
A,영도구,신선동3가,구급,심정지,14,575,0.5384615384615384,True,True,False,False,0.9380990415335462,4.9952153110047846,0.02434782608695652,3,2,6,2,1,6,3,10,5,2
A,영도구,신선동3가,화재,일반화재(주택),4,575,0.5714285714285714,False,False,False,False,0.0,,0.006956521739130435,4,0,0,0,0,6,0,1,0,0
A,영도구,신선동3가,구조,산악사고,4,575,0.36363636363636365,False,False,False,False,7.504792332268369,,0.006956521739130435,1,0,3,0,0,1,1,9,0,0
A,영도구,신선동3가,구조,수난사고,0,575,,False,False,False,False,,,0.0,0,0,0,0,0,0,0,0,0,0
A,영도구,신선동3가,구급,교통사고,10,575,0.7142857142857143,True,True,False,False,1.6677316293929714,3.746411483253589,0.017391304347826087,2,2,1,1,4,2,2,3,2,5
A,영도구,영선동1가,구급,심정지,9,496,0.9,False,False,False,False,0.0,0.0,0.018145161290322582,0,3,2,2,2,0,3,2,2,3
A,영도구,영선동1가,화재,일반화재(주택),1,496,0.14285714285714285,False,False,False,False,0.0,,0.0020161290322580645,0,0,1,0,0,2,0,2,1,2
A,영도구,영선동1가,구조,산악사고,0,496,,False,False,False,False,,,0.0,0,0,0,0,0,0,0,0,0,0
A,영도구,영선동1가,구조,수난사고,0,496,,False,False,False,False,,,0.0,0,0,0,0,0,0,0,0,0,0
A,영도구,영선동1가,구급,교통사고,32,496,0.5714285714285714,True,True,True,False,2.274179494626779,1.4272043745727956,0.06451612903225806,4,6,11,6,5,16,8,15,9,8
A,영도구,영선동2가,구급,심정지,11,715,0.44,True,True,False,False,0.5003194888178913,1.6650717703349283,0.015384615384615385,1,3,2,2,3,3,3,6,7,6
A,영도구,영선동2가,화재,일반화재(주택),7,715,0.7777777777777778,False,False,False,False,12.507987220447284,0.0,0.009790209790209791,5,1,0,0,1,7,1,0,0,1
A,영도구,영선동2가,구조,산악사고,0,715,,False,False,False,False,,,0.0,0,0,0,0,0,0,0,0,0,0
A,영도구,영선동2가,구조,수난사고,0,715,,False,False,False,False,,,0.0,0,0,0,0,0,0,0,0,0,0
A,영도구,영선동2가,구급,교통사고,45,715,0.5921052631578947,True,True,True,False,0.9380990415335463,1.7840054682159945,0.06293706293706294,8,10,15,7,5,12,12,23,13,16
A,영도구,영선동3가,구급,심정지,12,406,0.5,True,False,False,False,0.0,17.48325358851675,0.029556650246305417,1,2,1,0,8,3,2,6,2,11
A,영도구,영선동3가,화재,일반화재(주택),1,406,0.5,False,False,False,False,,0.0,0.0024630541871921183,0,0,0,0,1,0,1,0,0,1
A,영도구,영선동3가,구조,산악사고,0,406,,False,False,False,False,,,0.0,0,0,0,0,0,0,0,0,0,0
A,영도구,영선동3가,구조,수난사고,0,406,,False,False,False,False,,,0.0,0,0,0,0,0,0,0,0,0,0
A,영도구,영선동3가,구급,교통사고,21,406,0.4883720930232558,True,True,False,False,1.8761980830670923,0.41626794258373206,0.05172413793103448,4,5,5,4,3,9,7,14,7,6
A,영도구,영선동4가,구급,심정지,33,1127,0.5076923076923077,True,True,False,False,1.2507987220447285,2.1854066985645937,0.029281277728482696,4,7,7,7,8,9,14,15,15,12
A,영도구,영선동4가,화재,일반화재(주택),16,1127,0.48484848484848486,True,True,True,False,2.5015974440894566,1.4985645933014355,0.01419698314108252,3,2,3,2,6,13,6,3,3,8
A,영도구,영선동4가,구조,산악사고,1,1127,0.3333333333333333,False,False,False,False,,,0.0008873114463176575,0,0,1,0,0,0,1,2,0,0
A,영도구,영선동4가,구조,수난사고,6,1127,0.5,False,False,False,False,0.0,,0.005323868677905945,0,2,3,1,0,1,6,4,1,0
A,영도구,영선동4가,구급,교통사고,57,1127,0.6063829787234043,True,True,False,False,0.8338658146964856,0.2629060690002518,0.050576752440106475,12,17,7,15,6,16,26,14,26,12
A,영도구,청학동,구급,심정지,120,4464,0.5769230769230769,True,True,False,False,0.9788859563828309,1.088700772911299,0.026881720430107527,22,26,16,30,26,35,40,29,53,51
A,영도구,청학동,화재,일반화재(주택),43,4464,0.5512820512820513,True,True,False,False,0.6253993610223643,1.8732057416267944,0.009632616487455198,9,2,4,15,13,17,5,7,32,17
A,영도구,청학동,구조,산악사고,10,4464,0.5555555555555556,True,True,True,False,1.2507987220447283,0.8325358851674641,0.002240143369175627,1,2,3,2,2,3,3,7,3,2
A,영도구,청학동,구조,수난사고,14,4464,0.27450980392156865,True,True,True,False,5.003194888178913,0.8325358851674641,0.0031362007168458782,3,1,2,4,4,20,2,6,14,9
A,영도구,청학동,구급,교통사고,181,4464,0.5246376811594203,True,True,False,False,0.7870194206124134,0.5763709974236291,0.040546594982078854,49,44,24,32,32,99,79,50,57,60
A,중구,광복동1가,구급,심정지,0,207,,False,False,False,False,,,0.0,0,0,0,0,0,0,0,0,0,0
A,중구,광복동1가,화재,일반화재(주택),1,207,1.0,False,False,False,False,0.0,,0.004830917874396135,1,0,0,0,0,1,0,0,0,0
A,중구,광복동1가,구조,산악사고,0,207,,False,False,False,False,,,0.0,0,0,0,0,0,0,0,0,0,0
A,중구,광복동1가,구조,수난사고,0,207,,False,False,False,False,,,0.0,0,0,0,0,0,0,0,0,0,0
A,중구,광복동1가,구급,교통사고,5,207,0.7142857142857143,False,False,False,False,0.8338658146964857,0.0,0.024154589371980676,1,2,1,1,0,1,2,2,2,0
A,중구,광복동2가,구급,심정지,0,138,0.0,False,False,False,False,,,0.0,0,0,0,0,0,0,0,0,0,1
A,중구,광복동2가,화재,일반화재(주택),0,138,,False,False,False,False,,,0.0,0,0,0,0,0,0,0,0,0,0
A,중구,광복동2가,구조,산악사고,0,138,,False,False,False,False,,,0.0,0,0,0,0,0,0,0,0,0,0
A,중구,광복동2가,구조,수난사고,0,138,,False,False,False,False,,,0.0,0,0,0,0,0,0,0,0,0,0
A,중구,광복동2가,구급,교통사고,7,138,0.7,False,False,False,False,0.8338658146964857,1.2488038277511961,0.050724637681159424,2,0,2,2,1,2,0,2,4,2
A,중구,광복동3가,구급,심정지,0,44,,False,False,False,False,,,0.0,0,0,0,0,0,0,0,0,0,0
A,중구,광복동3가,화재,일반화재(주택),2,44,0.6666666666666666,False,False,False,False,,,0.045454545454545456,0,0,0,0,2,0,0,0,0,3
A,중구,광복동3가,구조,산악사고,0,44,,False,False,False,False,,,0.0,0,0,0,0,0,0,0,0,0,0
A,중구,광복동3가,구조,수난사고,0,44,,False,False,False,False,,,0.0,0,0,0,0,0,0,0,0,0,0
A,중구,광복동3가,구급,교통사고,1,44,0.5,False,False,False,False,0.0,,0.022727272727272728,1,0,0,0,0,1,0,0,0,1
A,중구,남포동1가,구급,심정지,4,342,0.5,False,False,False,False,,2.4976076555023923,0.011695906432748537,0,0,0,2,2,0,1,0,4,3
A,중구,남포동1가,화재,일반화재(주택),0,342,,False,False,False,False,,,0.0,0,0,0,0,0,0,0,0,0,0
A,중구,남포동1가,구조,산악사고,0,342,,False,False,False,False,,,0.0,0,0,0,0,0,0,0,0,0,0
A,중구,남포동1가,구조,수난사고,1,342,0.25,False,False,False,False,0.0,,0.0029239766081871343,0,0,1,0,0,0,0,4,0,0
A,중구,남포동1가,구급,교통사고,14,342,0.6363636363636364,True,True,False,False,0.5003194888178913,0.0,0.04093567251461988,4,5,3,1,1,6,5,7,3,1
A,중구,남포동2가,구급,심정지,1,196,0.5,False,False,False,False,0.0,,0.00510204081632653,1,0,0,0,0,1,0,0,0,1
A,중구,남포동2가,화재,일반화재(주택),5,196,1.0,False,False,False,False,0.0,,0.025510204081632654,0,2,3,0,0,0,2,3,0,0
A,중구,남포동2가,구조,산악사고,0,196,,False,False,False,False,,,0.0,0,0,0,0,0,0,0,0,0,0
A,중구,남포동2가,구조,수난사고,0,196,,False,False,False,False,,,0.0,0,0,0,0,0,0,0,0,0,0
A,중구,남포동2가,구급,교통사고,8,196,0.6666666666666666,False,False,False,False,2.5015974440894566,0.8325358851674641,0.04081632653061224,0,2,2,4,0,1,3,3,5,0
A,중구,남포동3가,구급,심정지,1,71,0.5,False,False,False,False,0.0,,0.014084507042253521,0,0,1,0,0,0,0,2,0,0
A,중구,남포동3가,화재,일반화재(주택),0,71,,False,False,False,False,,,0.0,0,0,0,0,0,0,0,0,0,0
A,중구,남포동3가,구조,산악사고,0,71,,False,False,False,False,,,0.0,0,0,0,0,0,0,0,0,0,0
A,중구,남포동3가,구조,수난사고,0,71,,False,False,False,False,,,0.0,0,0,0,0,0,0,0,0,0,0
A,중구,남포동3가,구급,교통사고,2,71,1.0,False,False,False,False,0.0,,0.028169014084507043,0,2,0,0,0,0,2,0,0,0
A,중구,남포동4가,구급,심정지,4,412,0.4444444444444444,False,False,False,False,0.0,1.2488038277511961,0.009708737864077669,0,0,1,3,0,0,2,1,5,1
A,중구,남포동4가,화재,일반화재(주택),3,412,0.42857142857142855,False,False,False,False,,2.4976076555023923,0.007281553398058253,0,0,1,0,2,0,0,1,0,6
A,중구,남포동4가,구조,산악사고,0,412,,False,False,False,False,,,0.0,0,0,0,0,0,0,0,0,0,0
A,중구,남포동4가,구조,수난사고,9,412,0.5,True,False,True,False,0.41693290734824284,2.4976076555023923,0.021844660194174758,1,5,1,2,0,2,9,2,2,3
A,중구,남포동4가,구급,교통사고,43,412,0.6825396825396826,True,True,False,False,1.3008306709265174,1.6650717703349283,0.10436893203883495,9,15,14,2,3,13,20,17,3,10
A,중구,남포동5가,구급,심정지,19,1031,0.76,True,True,False,False,0.0,3.746411483253589,0.01842870999030068,5,3,1,9,1,7,5,1,10,2
A,중구,남포동5가,화재,일반화재(주택),1,1031,0.5,False,False,False,False,0.0,,0.0009699321047526673,1,0,0,0,0,2,0,0,0,0
A,중구,남포동5가,구조,산악사고,0,1031,,False,False,False,False,,,0.0,0,0,0,0,0,0,0,0,0,0
A,중구,남포동5가,구조,수난사고,10,1031,0.2857142857142857,False,False,False,False,0.357371063441351,2.4976076555023923,0.009699321047526674,1,0,7,0,2,5,3,15,0,12
A,중구,남포동5가,구급,교통사고,84,1031,0.6363636363636364,True,True,False,False,1.0372477207200186,0.45411048281861677,0.08147429679922405,15,17,26,10,16,28,24,29,17,34
A,중구,남포동6가,구급,심정지,13,1542,0.5652173913043478,True,True,False,False,7.504792332268369,0.0,0.008430609597924773,3,2,3,2,3,4,4,4,5,6
A,중구,남포동6가,화재,일반화재(주택),6,1542,0.6,False,False,False,False,1.6677316293929714,0.0,0.0038910505836575876,0,2,3,1,0,1,2,6,1,0
A,중구,남포동6가,구조,산악사고,0,1542,,False,False,False,False,,,0.0,0,0,0,0,0,0,0,0,0,0
A,중구,남포동6가,구조,수난사고,2,1542,0.6666666666666666,False,False,False,False,0.0,0.0,0.0012970168612191958,0,1,0,1,0,0,1,0,2,0
A,중구,남포동6가,구급,교통사고,116,1542,0.7204968944099379,True,True,False,False,0.9842350599696224,0.48030916451969086,0.07522697795071336,25,29,31,17,14,34,38,34,31,24
A,중구,대창동1가,구급,심정지,5,240,0.625,False,False,False,False,1.2507987220447283,0.0,0.020833333333333332,1,2,0,0,2,1,5,0,0,2
A,중구,대창동1가,화재,일반화재(주택),0,240,,False,False,False,False,,,0.0,0,0,0,0,0,0,0,0,0,0
A,중구,대창동1가,구조,산악사고,0,240,,False,False,False,False,,,0.0,0,0,0,0,0,0,0,0,0,0
A,중구,대창동1가,구조,수난사고,0,240,,False,False,False,False,,,0.0,0,0,0,0,0,0,0,0,0,0
A,중구,대창동1가,구급,교통사고,17,240,0.5862068965517241,False,False,False,False,0.7697222904890636,,0.07083333333333333,4,9,4,0,0,9,12,7,0,1
A,중구,대창동2가,구급,심정지,0,65,,False,False,False,False,,,0.0,0,0,0,0,0,0,0,0,0,0
A,중구,대창동2가,화재,일반화재(주택),0,65,,False,False,False,False,,,0.0,0,0,0,0,0,0,0,0,0,0
A,중구,대창동2가,구조,산악사고,0,65,,False,False,False,False,,,0.0,0,0,0,0,0,0,0,0,0,0
A,중구,대창동2가,구조,수난사고,0,65,,False,False,False,False,,,0.0,0,0,0,0,0,0,0,0,0,0
A,중구,대창동2가,구급,교통사고,6,65,0.46153846153846156,True,False,False,False,2.5015974440894566,0.0,0.09230769230769231,0,1,1,1,3,1,1,4,3,4
A,중구,대청동1가,구급,심정지,4,318,0.5714285714285714,False,False,False,False,1.2507987220447283,0.0,0.012578616352201259,2,0,1,1,0,3,0,1,3,0
A,중구,대청동1가,화재,일반화재(주택),3,318,0.75,False,False,False,False,0.0,,0.009433962264150943,0,3,0,0,0,0,4,0,0,0
A,중구,대청동1가,구조,산악사고,0,318,,False,False,False,False,,,0.0,0,0,0,0,0,0,0,0,0,0
A,중구,대청동1가,구조,수난사고,0,318,,False,False,False,False,,,0.0,0,0,0,0,0,0,0,0,0,0
A,중구,대청동1가,구급,교통사고,8,318,0.7272727272727273,True,True,False,False,1.6677316293929714,0.0,0.025157232704402517,1,2,2,1,2,2,4,2,1,2
A,중구,대청동2가,구급,심정지,3,228,0.6,False,False,False,False,1.2507987220447283,,0.013157894736842105,0,2,1,0,0,0,3,1,0,1
A,중구,대청동2가,화재,일반화재(주택),3,228,0.6,False,False,False,False,0.0,0.0,0.013157894736842105,1,0,0,2,0,2,0,0,3,0
A,중구,대청동2가,구조,산악사고,0,228,,False,False,False,False,,,0.0,0,0,0,0,0,0,0,0,0,0
A,중구,대청동2가,구조,수난사고,0,228,,False,False,False,False,,,0.0,0,0,0,0,0,0,0,0,0,0
A,중구,대청동2가,구급,교통사고,12,228,0.7058823529411765,True,False,False,False,0.0,4.9952153110047846,0.05263157894736842,0,2,7,2,1,1,3,8,2,3
A,중구,대청동3가,구급,심정지,1,122,1.0,False,False,False,False,,0.0,0.00819672131147541,0,0,0,0,1,0,0,0,0,1
A,중구,대청동3가,화재,일반화재(주택),2,122,1.0,False,False,False,False,0.0,0.0,0.01639344262295082,0,1,0,1,0,0,1,0,1,0
A,중구,대청동3가,구조,산악사고,0,122,,False,False,False,False,,,0.0,0,0,0,0,0,0,0,0,0,0
A,중구,대청동3가,구조,수난사고,0,122,,False,False,False,False,,,0.0,0,0,0,0,0,0,0,0,0,0
A,중구,대청동3가,구급,교통사고,24,122,0.7272727272727273,False,False,False,False,1.429484253765404,0.0,0.19672131147540983,7,7,8,0,2,9,10,12,0,2
A,중구,대청동4가,구급,심정지,36,994,0.6792452830188679,True,True,False,False,0.8338658146964856,1.7840054682159945,0.03621730382293763,5,8,11,3,9,6,11,13,8,15
A,중구,대청동4가,화재,일반화재(주택),9,994,0.9,False,False,False,False,2.5015974440894566,0.0,0.009054325955734407,2,2,0,0,5,2,3,0,0,5
A,중구,대청동4가,구조,산악사고,0,994,,False,False,False,False,,,0.0,0,0,0,0,0,0,0,0,0,0
A,중구,대청동4가,구조,수난사고,0,994,,False,False,False,False,,,0.0,0,0,0,0,0,0,0,0,0,0
A,중구,대청동4가,구급,교통사고,24,994,0.7058823529411765,True,True,False,False,3.126996805111821,0.4995215311004785,0.02414486921529175,5,6,7,3,3,9,8,7,4,6
A,중구,동광동1가,구급,심정지,4,170,0.8,False,False,False,False,0.0,4.9952153110047846,0.023529411764705882,0,1,0,1,2,0,1,0,1,3
A,중구,동광동1가,화재,일반화재(주택),0,170,,False,False,False,False,,,0.0,0,0,0,0,0,0,0,0,0,0
A,중구,동광동1가,구조,산악사고,0,170,,False,False,False,False,,,0.0,0,0,0,0,0,0,0,0,0,0
A,중구,동광동1가,구조,수난사고,0,170,,False,False,False,False,,,0.0,0,0,0,0,0,0,0,0,0,0
A,중구,동광동1가,구급,교통사고,17,170,0.4857142857142857,True,True,False,False,0.0,0.0,0.1,2,5,3,5,2,3,7,5,12,8
A,중구,동광동2가,구급,심정지,0,125,0.0,False,False,False,False,,,0.0,0,0,0,0,0,0,0,0,1,0
A,중구,동광동2가,화재,일반화재(주택),5,125,1.0,False,False,False,False,0.0,,0.04,0,5,0,0,0,0,5,0,0,0
A,중구,동광동2가,구조,산악사고,0,125,,False,False,False,False,,,0.0,0,0,0,0,0,0,0,0,0,0
A,중구,동광동2가,구조,수난사고,0,125,,False,False,False,False,,,0.0,0,0,0,0,0,0,0,0,0,0
A,중구,동광동2가,구급,교통사고,0,125,0.0,False,False,False,False,,,0.0,0,0,0,0,0,1,0,0,0,0
A,중구,동광동3가,구급,심정지,7,137,0.875,False,False,False,False,0.6253993610223642,0.0,0.051094890510948905,0,2,3,0,2,0,2,3,0,3
A,중구,동광동3가,화재,일반화재(주택),5,137,0.625,False,False,False,False,,1.6650717703349283,0.0364963503649635,0,0,0,0,5,0,0,0,0,8
A,중구,동광동3가,구조,산악사고,0,137,,False,False,False,False,,,0.0,0,0,0,0,0,0,0,0,0,0
A,중구,동광동3가,구조,수난사고,0,137,,False,False,False,False,,,0.0,0,0,0,0,0,0,0,0,0,0
A,중구,동광동3가,구급,교통사고,1,137,0.2,False,False,True,False,,0.0,0.0072992700729927005,0,0,0,0,1,3,1,0,0,1
A,중구,동광동4가,구급,심정지,0,42,0.0,False,False,False,False,,,0.0,0,0,0,0,0,1,0,0,1,0
A,중구,동광동4가,화재,일반화재(주택),0,42,,False,False,False,False,,,0.0,0,0,0,0,0,0,0,0,0,0
A,중구,동광동4가,구조,산악사고,0,42,,False,False,False,False,,,0.0,0,0,0,0,0,0,0,0,0,0
A,중구,동광동4가,구조,수난사고,0,42,,False,False,False,False,,,0.0,0,0,0,0,0,0,0,0,0,0
A,중구,동광동4가,구급,교통사고,8,42,0.6153846153846154,False,False,False,False,0.5003194888178913,2.4976076555023923,0.19047619047619047,2,0,4,0,2,2,0,5,0,6
A,중구,동광동5가,구급,심정지,20,741,0.6451612903225806,True,True,False,False,0.6822538483880337,1.2488038277511961,0.02699055330634278,2,4,8,2,4,4,6,10,6,5
A,중구,동광동5가,화재,일반화재(주택),4,741,0.8,False,False,False,False,0.0,,0.005398110661268556,0,0,2,1,1,0,0,2,1,2
A,중구,동광동5가,구조,산악사고,0,741,,False,False,False,False,,,0.0,0,0,0,0,0,0,0,0,0,0
A,중구,동광동5가,구조,수난사고,0,741,,False,False,False,False,,,0.0,0,0,0,0,0,0,0,0,0,0
A,중구,동광동5가,구급,교통사고,13,741,0.6842105263157895,True,True,False,False,0.8338658146964857,0.7136021872863978,0.017543859649122806,1,2,1,7,2,1,2,2,10,4
A,중구,보수동1가,구급,심정지,39,1562,0.5909090909090909,True,True,False,False,1.5394445809781272,0.9606183290393817,0.02496798975672215,5,8,8,5,13,6,12,17,11,20
A,중구,보수동1가,화재,일반화재(주택),21,1562,0.6,True,False,False,False,0.714742126882702,0.0,0.013444302176696543,6,11,1,3,0,10,14,2,7,2
A,중구,보수동1가,구조,산악사고,0,1562,,False,False,False,False,,,0.0,0,0,0,0,0,0,0,0,0,0
A,중구,보수동1가,구조,수난사고,0,1562,,False,False,False,False,,,0.0,0,0,0,0,0,0,0,0,0,0
A,중구,보수동1가,구급,교통사고,68,1562,0.6476190476190476,True,True,False,False,0.5628594249201277,2.2478468899521533,0.04353393085787452,24,11,14,13,6,29,14,23,23,16
A,중구,보수동2가,구급,심정지,15,650,0.7894736842105263,True,True,False,False,0.0,0.0,0.023076923076923078,2,1,3,3,6,2,1,5,3,8
A,중구,보수동2가,화재,일반화재(주택),2,650,0.5,False,False,False,False,2.5015974440894566,,0.003076923076923077,2,0,0,0,0,3,0,0,1,0
A,중구,보수동2가,구조,산악사고,0,650,,False,False,False,False,,,0.0,0,0,0,0,0,0,0,0,0,0
A,중구,보수동2가,구조,수난사고,0,650,,False,False,False,False,,,0.0,0,0,0,0,0,0,0,0,0,0
A,중구,보수동2가,구급,교통사고,34,650,0.68,True,True,False,False,2.9185303514377,4.162679425837321,0.052307692307692305,4,13,9,3,5,7,17,14,5,7
A,중구,보수동3가,구급,심정지,10,514,0.625,False,False,False,False,0.5003194888178913,0.8325358851674641,0.019455252918287938,2,0,4,1,3,2,0,7,2,5
A,중구,보수동3가,화재,일반화재(주택),6,514,0.6666666666666666,False,False,False,False,,0.0,0.011673151750972763,0,0,0,0,6,0,0,0,0,9
A,중구,보수동3가,구조,산악사고,0,514,,False,False,False,False,,,0.0,0,0,0,0,0,0,0,0,0,0
A,중구,보수동3가,구조,수난사고,0,514,,False,False,False,False,,,0.0,0,0,0,0,0,0,0,0,0,0
A,중구,보수동3가,구급,교통사고,28,514,0.5957446808510638,True,False,False,False,0.7697222904890636,4.370813397129187,0.054474708171206226,0,14,3,7,4,3,16,7,11,10
A,중구,부평동1가,구급,심정지,15,843,0.625,True,True,True,False,1.0721131903240528,1.6650717703349283,0.017793594306049824,4,2,4,2,3,5,2,4,5,8
A,중구,부평동1가,화재,일반화재(주택),10,843,0.8333333333333334,False,False,False,False,7.504792332268369,0.0,0.011862396204033215,0,1,7,2,0,1,2,7,2,0
A,중구,부평동1가,구조,산악사고,0,843,,False,False,False,False,,,0.0,0,0,0,0,0,0,0,0,0,0
A,중구,부평동1가,구조,수난사고,0,843,,False,False,False,False,,,0.0,0,0,0,0,0,0,0,0,0,0
A,중구,부평동1가,구급,교통사고,47,843,0.7704918032786885,True,True,False,False,1.522711487706626,0.6244019138755981,0.05575326215895611,12,8,17,8,2,13,9,21,13,5
A,중구,부평동2가,구급,심정지,8,1139,0.4,False,False,False,False,,2.4976076555023923,0.007023705004389816,1,0,3,2,2,2,0,8,6,4
A,중구,부평동2가,화재,일반화재(주택),21,1139,0.6,True,True,False,False,1.786855317206755,0.31220095693779903,0.018437225636523266,1,8,3,1,8,1,11,5,2,16
A,중구,부평동2가,구조,산악사고,0,1139,,False,False,False,False,,,0.0,0,0,0,0,0,0,0,0,0,0
A,중구,부평동2가,구조,수난사고,0,1139,,False,False,False,False,,,0.0,0,0,0,0,0,0,0,0,0,0
A,중구,부평동2가,구급,교통사고,67,1139,0.5826086956521739,True,True,False,False,0.39498907011938794,2.289473684210526,0.058823529411764705,16,15,13,19,4,26,22,23,29,15
A,중구,부평동3가,구급,심정지,8,532,0.5333333333333333,True,True,False,False,1.2507987220447283,0.0,0.015037593984962405,1,1,4,1,1,2,1,5,1,6
A,중구,부평동3가,화재,일반화재(주택),8,532,0.8888888888888888,False,False,False,False,0.0,0.0,0.015037593984962405,0,3,1,1,3,0,4,1,1,3
A,중구,부평동3가,구조,산악사고,0,532,,False,False,False,False,,,0.0,0,0,0,0,0,0,0,0,0,0
A,중구,부평동3가,구조,수난사고,0,532,,False,False,False,False,,,0.0,0,0,0,0,0,0,0,0,0,0
A,중구,부평동3가,구급,교통사고,63,532,0.65625,True,True,False,False,1.0006389776357827,0.542958185978781,0.11842105263157894,4,14,17,23,5,8,17,24,39,8
A,중구,부평동4가,구급,심정지,10,602,0.625,True,True,False,False,1.6677316293929714,0.0,0.016611295681063124,2,1,2,4,1,5,1,3,5,2
A,중구,부평동4가,화재,일반화재(주택),3,602,0.6,False,False,False,False,0.0,0.0,0.0049833887043189366,0,0,2,1,0,0,0,2,3,0
A,중구,부평동4가,구조,산악사고,0,602,,False,False,False,False,,,0.0,0,0,0,0,0,0,0,0,0,0
A,중구,부평동4가,구조,수난사고,0,602,,False,False,False,False,,,0.0,0,0,0,0,0,0,0,0,0,0
A,중구,부평동4가,구급,교통사고,22,602,0.55,True,True,False,False,1.2507987220447285,2.4976076555023923,0.036544850498338874,8,4,6,2,2,8,11,8,9,4
A,중구,신창동1가,구급,심정지,2,222,1.0,False,False,False,False,0.0,0.0,0.009009009009009009,0,0,1,0,1,0,0,1,0,1
A,중구,신창동1가,화재,일반화재(주택),4,222,0.6666666666666666,False,False,False,False,0.0,,0.018018018018018018,0,0,3,1,0,0,0,4,2,0
A,중구,신창동1가,구조,산악사고,0,222,,False,False,False,False,,,0.0,0,0,0,0,0,0,0,0,0,0
A,중구,신창동1가,구조,수난사고,0,222,,False,False,False,False,,,0.0,0,0,0,0,0,0,0,0,0,0
A,중구,신창동1가,구급,교통사고,6,222,0.8571428571428571,True,False,False,False,,1.2488038277511961,0.02702702702702703,0,1,2,1,2,1,1,2,1,2
A,중구,신창동2가,구급,심정지,1,117,1.0,False,False,False,False,,,0.008547008547008548,0,1,0,0,0,0,1,0,0,0
A,중구,신창동2가,화재,일반화재(주택),39,117,0.8297872340425532,False,False,False,False,1.4008945686900958,,0.3333333333333333,2,0,37,0,0,2,0,45,0,0
A,중구,신창동2가,구조,산악사고,0,117,,False,False,False,False,,,0.0,0,0,0,0,0,0,0,0,0,0
A,중구,신창동2가,구조,수난사고,0,117,,False,False,False,False,,,0.0,0,0,0,0,0,0,0,0,0,0
A,중구,신창동2가,구급,교통사고,3,117,0.75,False,False,False,False,0.0,0.0,0.02564102564102564,0,1,0,0,2,0,1,0,1,2
A,중구,신창동3가,구급,심정지,0,46,,False,False,False,False,,,0.0,0,0,0,0,0,0,0,0,0,0
A,중구,신창동3가,화재,일반화재(주택),3,46,0.75,False,False,False,False,5.003194888178913,,0.06521739130434782,1,0,2,0,0,1,0,3,0,0
A,중구,신창동3가,구조,산악사고,0,46,,False,False,False,False,,,0.0,0,0,0,0,0,0,0,0,0,0
A,중구,신창동3가,구조,수난사고,0,46,,False,False,False,False,,,0.0,0,0,0,0,0,0,0,0,0,0
A,중구,신창동3가,구급,교통사고,4,46,1.0,False,False,False,False,0.0,1.2488038277511961,0.08695652173913043,0,0,1,1,2,0,0,1,1,2
A,중구,신창동4가,구급,심정지,1,154,0.5,False,False,False,False,,0.0,0.006493506493506494,0,0,0,0,1,0,0,0,0,2
A,중구,신창동4가,화재,일반화재(주택),0,154,,False,False,False,False,,,0.0,0,0,0,0,0,0,0,0,0,0
A,중구,신창동4가,구조,산악사고,0,154,,False,False,False,False,,,0.0,0,0,0,0,0,0,0,0,0,0
A,중구,신창동4가,구조,수난사고,0,154,,False,False,False,False,,,0.0,0,0,0,0,0,0,0,0,0,0
A,중구,신창동4가,구급,교통사고,18,154,0.6923076923076923,True,True,False,False,0.3126996805111821,0.0,0.11688311688311688,3,2,4,6,3,4,2,5,11,4
A,중구,영주동,구급,심정지,71,2144,0.5725806451612904,True,True,False,False,1.7868553172067547,0.6244019138755981,0.03311567164179104,17,7,12,13,22,22,18,23,26,35
A,중구,영주동,화재,일반화재(주택),20,2144,0.6060606060606061,True,False,False,False,0.5003194888178913,1.4985645933014355,0.009328358208955223,0,7,5,3,5,5,12,7,3,6
A,중구,영주동,구조,산악사고,0,2144,0.0,False,False,False,False,,,0.0,0,0,0,0,0,0,1,0,0,0
A,중구,영주동,구조,수난사고,0,2144,0.0,False,False,False,False,,,0.0,0,0,0,0,0,0,2,0,0,0
A,중구,영주동,구급,교통사고,84,2144,0.45652173913043476,True,True,False,False,0.9319676752490134,2.4976076555023923,0.03917910447761194,28,21,21,6,8,57,40,47,14,26
A,중구,중앙동1가,구급,심정지,2,122,0.6666666666666666,False,False,False,False,,0.0,0.01639344262295082,0,0,0,2,0,0,1,0,2,0
A,중구,중앙동1가,화재,일반화재(주택),0,122,,False,False,False,False,,,0.0,0,0,0,0,0,0,0,0,0,0
A,중구,중앙동1가,구조,산악사고,0,122,,False,False,False,False,,,0.0,0,0,0,0,0,0,0,0,0,0
A,중구,중앙동1가,구조,수난사고,0,122,,False,False,False,False,,,0.0,0,0,0,0,0,0,0,0,0,0
A,중구,중앙동1가,구급,교통사고,2,122,0.5,False,False,False,False,,0.0,0.01639344262295082,0,0,0,2,0,0,0,2,2,0
A,중구,중앙동2가,구급,심정지,5,202,0.5555555555555556,False,False,False,False,0.0,0.0,0.024752475247524754,0,2,2,0,1,0,2,3,2,2
A,중구,중앙동2가,화재,일반화재(주택),3,202,0.5,False,False,False,False,1.2507987220447283,,0.01485148514851485,1,2,0,0,0,2,2,2,0,0
A,중구,중앙동2가,구조,산악사고,0,202,,False,False,False,False,,,0.0,0,0,0,0,0,0,0,0,0,0
A,중구,중앙동2가,구조,수난사고,0,202,,False,False,False,False,,,0.0,0,0,0,0,0,0,0,0,0,0
A,중구,중앙동2가,구급,교통사고,9,202,0.4090909090909091,True,False,False,False,0.0,0.4995215311004785,0.04455445544554455,1,2,0,6,0,4,3,1,12,2
A,중구,중앙동3가,구급,심정지,0,122,,False,False,False,False,,,0.0,0,0,0,0,0,0,0,0,0,0
A,중구,중앙동3가,화재,일반화재(주택),0,122,,False,False,False,False,,,0.0,0,0,0,0,0,0,0,0,0,0
A,중구,중앙동3가,구조,산악사고,0,122,,False,False,False,False,,,0.0,0,0,0,0,0,0,0,0,0,0
A,중구,중앙동3가,구조,수난사고,0,122,,False,False,False,False,,,0.0,0,0,0,0,0,0,0,0,0,0
A,중구,중앙동3가,구급,교통사고,5,122,0.4166666666666667,False,False,False,False,0.0,0.0,0.040983606557377046,3,0,1,1,0,5,2,3,2,0
A,중구,중앙동4가,구급,심정지,20,1152,0.7407407407407407,True,True,False,False,0.8338658146964856,0.0,0.017361111111111112,4,2,6,2,6,7,2,7,4,7
A,중구,중앙동4가,화재,일반화재(주택),5,1152,0.38461538461538464,False,False,False,False,2.5015974440894566,0.0,0.004340277777777778,1,0,1,0,3,5,0,1,1,6
A,중구,중앙동4가,구조,산악사고,0,1152,,False,False,False,False,,,0.0,0,0,0,0,0,0,0,0,0,0
A,중구,중앙동4가,구조,수난사고,2,1152,0.15384615384615385,False,False,False,False,,0.0,0.001736111111111111,0,0,0,1,1,0,0,1,6,6
A,중구,중앙동4가,구급,교통사고,87,1152,0.5209580838323353,True,True,False,False,0.7562969017014637,0.8687330975660496,0.07552083333333333,14,18,24,15,16,28,31,37,29,42
A,중구,중앙동5가,구급,심정지,3,188,0.75,False,False,False,False,2.5015974440894566,0.0,0.015957446808510637,0,0,2,1,0,1,0,2,1,0
A,중구,중앙동5가,화재,일반화재(주택),0,188,,False,False,False,False,,,0.0,0,0,0,0,0,0,0,0,0,0
A,중구,중앙동5가,구조,산악사고,0,188,,False,False,False,False,,,0.0,0,0,0,0,0,0,0,0,0,0
A,중구,중앙동5가,구조,수난사고,1,188,1.0,False,False,False,False,0.0,,0.005319148936170213,0,0,1,0,0,0,0,1,0,0
A,중구,중앙동5가,구급,교통사고,23,188,0.46938775510204084,True,True,False,False,1.3645076967760674,1.2488038277511961,0.12234042553191489,8,2,7,4,2,12,4,11,11,11
A,중구,중앙동6가,구급,심정지,3,286,0.3,False,False,False,False,,0.0,0.01048951048951049,0,2,0,1,0,0,5,1,1,3
A,중구,중앙동6가,화재,일반화재(주택),1,286,0.3333333333333333,False,False,False,False,,0.0,0.0034965034965034965,0,0,0,0,1,0,0,0,0,3
A,중구,중앙동6가,구조,산악사고,0,286,,False,False,False,False,,,0.0,0,0,0,0,0,0,0,0,0,0
A,중구,중앙동6가,구조,수난사고,0,286,,False,False,False,False,,,0.0,0,0,0,0,0,0,0,0,0,0
A,중구,중앙동6가,구급,교통사고,34,286,0.6071428571428571,True,True,False,False,0.21753021252951799,1.2488038277511961,0.11888111888111888,8,3,14,4,5,11,6,24,8,7
A,중구,중앙동7가,구급,심정지,0,269,,False,False,False,False,,,0.0,0,0,0,0,0,0,0,0,0,0
A,중구,중앙동7가,화재,일반화재(주택),0,269,,False,False,False,False,,,0.0,0,0,0,0,0,0,0,0,0,0
A,중구,중앙동7가,구조,산악사고,0,269,,False,False,False,False,,,0.0,0,0,0,0,0,0,0,0,0,0
A,중구,중앙동7가,구조,수난사고,30,269,0.3488372093023256,True,True,False,False,0.5772917178667977,3.3301435406698565,0.11152416356877323,8,3,5,7,7,19,14,18,16,19
A,중구,중앙동7가,구급,교통사고,9,269,0.6,False,False,False,False,0.0,0.8325358851674641,0.03345724907063197,2,0,3,2,2,4,0,4,5,2
A,중구,창선동1가,구급,심정지,0,144,,False,False,False,False,,,0.0,0,0,0,0,0,0,0,0,0,0
A,중구,창선동1가,화재,일반화재(주택),0,144,,False,False,False,False,,,0.0,0,0,0,0,0,0,0,0,0,0
A,중구,창선동1가,구조,산악사고,0,144,,False,False,False,False,,,0.0,0,0,0,0,0,0,0,0,0,0
A,중구,창선동1가,구조,수난사고,0,144,,False,False,False,False,,,0.0,0,0,0,0,0,0,0,0,0,0
A,중구,창선동1가,구급,교통사고,4,144,0.8,False,False,False,False,0.0,,0.027777777777777776,1,2,0,0,1,1,2,0,0,2
A,중구,창선동2가,구급,심정지,1,130,0.3333333333333333,False,False,False,False,0.0,,0.007692307692307693,0,0,1,0,0,1,0,2,0,0
A,중구,창선동2가,화재,일반화재(주택),0,130,,False,False,False,False,,,0.0,0,0,0,0,0,0,0,0,0,0
A,중구,창선동2가,구조,산악사고,0,130,,False,False,False,False,,,0.0,0,0,0,0,0,0,0,0,0,0
A,중구,창선동2가,구조,수난사고,0,130,,False,False,False,False,,,0.0,0,0,0,0,0,0,0,0,0,0
A,중구,창선동2가,구급,교통사고,12,130,0.631578947368421,True,True,False,False,0.0,4.9952153110047846,0.09230769230769231,2,2,2,5,1,4,2,5,6,2
A,해운대구,반송동,구급,심정지,275,9945,0.6030701754385965,True,True,False,False,0.7662550729643381,0.6547126863938311,0.027652086475615886,32,44,69,54,76,59,75,110,92,120
A,해운대구,반송동,화재,일반화재(주택),71,9945,0.5966386554621849,True,True,False,False,1.0162739616613417,3.4058286211396256,0.007139265962795374,15,16,14,16,10,27,22,27,27,16
A,해운대구,반송동,구조,산악사고,27,9945,0.574468085106383,True,True,False,False,1.6677316293929714,3.3301435406698565,0.0027149321266968325,7,8,5,4,3,10,14,11,5,7
A,해운대구,반송동,구조,수난사고,2,9945,0.2857142857142857,False,False,False,False,0.0,,0.00020110608345902463,0,0,2,0,0,1,0,6,0,0
A,해운대구,반송동,구급,교통사고,204,9945,0.5573770491803278,True,True,False,False,0.7697222904890636,1.665071770334928,0.020512820512820513,33,39,47,42,43,62,75,79,80,70
A,해운대구,반여동,구급,심정지,292,10890,0.5447761194029851,True,True,False,False,0.8005111821086262,0.8768197088465846,0.026813590449954086,38,55,72,58,69,71,110,115,123,117
A,해운대구,반여동,화재,일반화재(주택),86,10890,0.5620915032679739,True,True,False,False,0.7357639541439579,0.06091725989030225,0.007897153351698806,16,14,14,36,6,28,24,34,53,14
A,해운대구,반여동,구조,산악사고,51,10890,0.3984375,True,True,False,False,3.4637503072007862,0.8325358851674641,0.004683195592286501,7,9,15,4,16,17,30,38,9,34
A,해운대구,반여동,구조,수난사고,8,10890,0.4444444444444444,False,False,False,False,0.6253993610223642,1.2488038277511961,0.0007346189164370982,4,1,0,0,3,6,5,2,0,5
A,해운대구,반여동,구급,교통사고,412,10890,0.5235069885641678,True,True,False,False,1.05039450691049,0.7018071098105895,0.03783287419651056,97,78,82,82,73,175,138,185,145,144
A,해운대구,석대동,구급,심정지,14,576,0.6363636363636364,False,False,False,False,0.0,0.0,0.024305555555555556,2,0,3,5,4,3,0,7,6,6
A,해운대구,석대동,화재,일반화재(주택),3,576,0.3333333333333333,False,False,False,False,0.0,0.0,0.005208333333333333,1,1,0,0,1,2,3,3,0,1
A,해운대구,석대동,구조,산악사고,0,576,,False,False,False,False,,,0.0,0,0,0,0,0,0,0,0,0,0
A,해운대구,석대동,구조,수난사고,0,576,,False,False,False,False,,,0.0,0,0,0,0,0,0,0,0,0,0
A,해운대구,석대동,구급,교통사고,72,576,0.4472049689440994,True,True,False,False,0.2719127656618975,0.41626794258373206,0.125,18,19,14,11,10,31,35,34,35,26
A,해운대구,송정동,구급,심정지,90,4603,0.7258064516129032,True,True,False,False,1.2104503761723178,0.39435910350037773,0.01955246578318488,10,11,25,24,20,16,17,31,29,31
A,해운대구,송정동,화재,일반화재(주택),18,4603,0.5806451612903226,True,False,False,False,0.0,2.854408749145591,0.003910493156636976,0,1,2,6,9,10,1,3,7,10
A,해운대구,송정동,구조,산악사고,6,4603,0.5454545454545454,False,False,False,False,2.501597444089457,,0.001303497718878992,1,0,5,0,0,3,3,5,0,0
A,해운대구,송정동,구조,수난사고,67,4603,0.2113564668769716,True,True,False,False,3.678819770719789,1.4049043062200959,0.014555724527482076,13,18,11,11,14,34,178,28,41,36
A,해운대구,송정동,구급,교통사고,192,4603,0.7137546468401487,True,True,False,False,1.1754494014396244,1.0704032809295967,0.04171192700412774,47,44,31,36,34,61,57,52,50,49
A,해운대구,우동,구급,심정지,258,15426,0.5286885245901639,True,True,False,False,1.0926517571884984,1.036241474091418,0.016725009723842863,41,36,48,61,72,71,78,98,108,133
A,해운대구,우동,화재,일반화재(주택),144,15426,0.6233766233766234,True,True,False,False,0.6322718814731594,0.6244019138755981,0.009334889148191364,75,13,26,15,15,107,24,44,30,26
A,해운대구,우동,구조,산악사고,78,15426,0.41711229946524064,True,True,False,False,2.2840672315599386,0.8991387559808612,0.005056398288603656,12,13,19,13,21,33,36,42,25,51
A,해운대구,우동,구조,수난사고,111,15426,0.24557522123893805,True,True,False,False,2.0012779552715654,0.9276828434723172,0.007195643718397511,19,22,22,23,25,60,145,102,72,73
A,해운대구,우동,구급,교통사고,895,15426,0.49175824175824173,True,True,False,False,0.8721165401412786,0.9876903001304915,0.05801892908077272,183,200,205,160,147,350,392,409,342,327
A,해운대구,재송동,구급,심정지,184,8864,0.5139664804469274,True,True,False,False,0.8338658146964856,0.7719878207916485,0.02075812274368231,34,38,40,29,43,64,70,85,61,78
A,해운대구,재송동,화재,일반화재(주택),75,8864,0.5769230769230769,True,True,False,False,1.6260383386581467,10.614832535885167,0.008461191335740073,8,8,17,35,7,19,17,21,59,14
A,해운대구,재송동,구조,산악사고,27,8864,0.421875,True,True,False,False,2.5015974440894566,1.4272043745727956,0.003046028880866426,3,8,5,6,5,5,16,12,15,16
A,해운대구,재송동,구조,수난사고,20,8864,0.31746031746031744,False,False,False,False,0.0,4.281613123718387,0.002256317689530686,0,0,1,7,12,0,10,4,20,29
A,해운대구,재송동,구급,교통사고,449,8864,0.5190751445086705,True,True,False,False,0.7803147990737755,0.7855378916499459,0.0506543321299639,94,91,101,96,67,186,167,212,155,145
A,해운대구,좌동,구급,심정지,266,11951,0.5185185185185185,True,True,False,False,1.2911470679171388,0.8593918814631887,0.022257551669316374,33,40,68,54,71,66,72,124,98,153
A,해운대구,좌동,화재,일반화재(주택),15,11951,0.4838709677419355,True,False,False,False,0.9380990415335462,2.4976076555023923,0.001255125094134382,7,4,0,1,3,17,5,1,2,6
A,해운대구,좌동,구조,산악사고,44,11951,0.36363636363636365,True,True,True,False,7.50479233226837,0.3568010936431989,0.0036817002761275206,7,14,7,5,11,25,28,22,28,18
A,해운대구,좌동,구조,수난사고,0,11951,0.0,False,False,False,False,,,0.0,0,0,0,0,0,1,0,2,0,0
A,해운대구,좌동,구급,교통사고,548,11951,0.5535353535353535,True,True,False,False,0.8619736511469289,0.9230289161639276,0.045853903439042755,121,133,105,99,90,227,225,208,170,160
A,해운대구,중동,구급,심정지,190,9023,0.5382436260623229,True,True,True,False,1.3470140083558615,0.9304812834224598,0.02105729801618087,27,47,46,48,22,46,79,77,85,66
A,해운대구,중동,화재,일반화재(주택),86,9023,0.6142857142857143,True,True,False,False,0.5854802528720006,5.272727272727273,0.009531198049429236,17,12,29,23,5,34,19,43,37,7
A,해운대구,중동,구조,산악사고,1,9023,0.2,False,False,False,False,,,0.0001108278842956888,0,0,1,0,0,0,0,2,2,1
A,해운대구,중동,구조,수난사고,119,9023,0.2621145374449339,True,True,False,False,2.259507368854993,0.9874262824079225,0.013188518231186967,16,29,14,27,33,72,164,43,82,93
A,해운대구,중동,구급,교통사고,363,9023,0.5141643059490085,True,True,False,False,1.267476038338658,0.9586776859504132,0.04023052199933503,66,81,79,85,52,131,145,150,156,124
B,강서구,강동동,구급,심정지,30,1714,0.6382978723404256,True,True,False,False,0.5772917178667977,0.999043062200957,0.01750291715285881,8,5,3,10,4,9,8,5,16,9
B,강서구,강동동,화재,일반화재(주택),29,1714,0.9666666666666667,True,True,False,False,0.9096717978507115,2.4976076555023923,0.01691948658109685,5,5,5,6,8,6,5,5,6,8
B,강서구,강동동,구조,산악사고,0,1714,,False,False,False,False,,,0.0,0,0,0,0,0,0,0,0,0,0
B,강서구,강동동,구조,수난사고,4,1714,0.36363636363636365,False,False,False,False,2.5015974440894566,0.0,0.002333722287047841,0,0,2,2,0,2,1,5,3,0
B,강서구,강동동,구급,교통사고,117,1714,0.65,True,True,False,False,0.4247995659774549,0.7730690362269309,0.06826137689614936,21,20,21,28,27,34,30,31,44,41
B,강서구,구랑동,구급,심정지,2,283,1.0,False,False,False,False,,0.0,0.007067137809187279,0,1,0,1,0,0,1,0,1,0
B,강서구,구랑동,화재,일반화재(주택),1,283,0.3333333333333333,False,False,False,False,0.0,,0.0035335689045936395,1,0,0,0,0,2,0,0,0,1
B,강서구,구랑동,구조,산악사고,2,283,1.0,False,False,False,False,0.0,,0.007067137809187279,0,0,2,0,0,0,0,2,0,0
B,강서구,구랑동,구조,수난사고,0,283,,False,False,False,False,,,0.0,0,0,0,0,0,0,0,0,0,0
B,강서구,구랑동,구급,교통사고,32,283,0.48484848484848486,True,True,False,False,0.6253993610223642,1.7840054682159945,0.11307420494699646,3,7,10,7,5,6,11,23,15,11
B,강서구,녹산동,구급,심정지,9,640,0.6923076923076923,True,False,False,False,0.357371063441351,,0.0140625,1,4,3,0,1,1,5,4,2,1
B,강서구,녹산동,화재,일반화재(주택),6,640,0.8571428571428571,False,False,False,False,3.7523961661341847,0.0,0.009375,2,1,2,1,0,2,1,3,1,0
B,강서구,녹산동,구조,산악사고,2,640,0.6666666666666666,False,False,False,False,0.0,,0.003125,0,0,1,0,1,1,0,1,0,1
B,강서구,녹산동,구조,수난사고,0,640,0.0,False,False,False,False,,,0.0,0,0,0,0,0,1,0,1,1,1
B,강서구,녹산동,구급,교통사고,48,640,0.6233766233766234,True,True,False,False,0.6253993610223643,0.31220095693779903,0.075,13,11,6,7,11,19,19,10,11,18
B,강서구,눌차동,구급,심정지,4,116,0.6666666666666666,False,False,False,False,0.0,0.0,0.034482758620689655,1,0,1,2,0,1,0,1,3,1
B,강서구,눌차동,화재,일반화재(주택),0,116,,False,False,False,False,,,0.0,0,0,0,0,0,0,0,0,0,0
B,강서구,눌차동,구조,산악사고,0,116,0.0,False,False,False,False,,,0.0,0,0,0,0,0,0,0,1,0,0
B,강서구,눌차동,구조,수난사고,0,116,0.0,False,False,False,False,,,0.0,0,0,0,0,0,0,0,0,1,0
B,강서구,눌차동,구급,교통사고,2,116,0.6666666666666666,False,False,False,False,,0.0,0.017241379310344827,0,0,1,0,1,0,0,1,0,2
B,강서구,대저1동,구급,심정지,59,3241,0.7283950617283951,True,True,False,False,1.8761980830670923,1.0284266816774559,0.01820425794507868,7,13,15,12,12,11,17,19,14,20
B,강서구,대저1동,화재,일반화재(주택),38,3241,0.8085106382978723,True,True,False,False,0.5956184390689183,0.8325358851674641,0.011724776303609998,6,12,8,9,3,7,13,11,10,6
B,강서구,대저1동,구조,산악사고,0,3241,,False,False,False,False,,,0.0,0,0,0,0,0,0,0,0,0,0
B,강서구,대저1동,구조,수난사고,6,3241,0.2727272727272727,True,False,True,False,,0.8325358851674641,0.0018512804689910522,1,1,0,2,2,5,3,5,6,3
B,강서구,대저1동,구급,교통사고,257,3241,0.692722371967655,True,True,False,False,0.7666185715758012,0.708780550885814,0.0792965134217834,60,41,61,44,51,82,65,81,69,74
B,강서구,대저2동,구급,심정지,43,2837,0.7818181818181819,True,True,False,False,0.9380990415335462,0.2629060690002518,0.01515685583362707,9,6,7,9,12,11,8,10,11,15
B,강서구,대저2동,화재,일반화재(주택),41,2837,0.8367346938775511,True,True,False,False,1.324375117459124,0.3842473316157527,0.014451885794853719,7,7,12,5,10,9,8,14,6,12
B,강서구,대저2동,구조,산악사고,0,2837,,False,False,False,False,,,0.0,0,0,0,0,0,0,0,0,0,0
B,강서구,대저2동,구조,수난사고,4,2837,0.25,True,False,False,False,5.003194888178913,0.0,0.0014099400775467042,0,2,1,1,0,2,6,3,4,1
B,강서구,대저2동,구급,교통사고,240,2837,0.6956521739130435,True,True,False,False,0.8418837552224133,0.655622009569378,0.08459640465280226,39,49,51,49,52,55,66,76,79,69
B,강서구,대항동,구급,심정지,5,158,0.5555555555555556,True,False,False,False,0.8338658146964857,0.0,0.03164556962025317,1,0,3,1,0,1,3,3,1,1
B,강서구,대항동,화재,일반화재(주택),3,158,1.0,False,False,False,False,2.5015974440894566,,0.0189873417721519,0,1,1,0,1,0,1,1,0,1
B,강서구,대항동,구조,산악사고,3,158,0.5,False,False,False,False,2.5015974440894566,0.0,0.0189873417721519,1,0,1,1,0,1,0,2,2,1
B,강서구,대항동,구조,수난사고,6,158,0.6,True,False,False,False,2.5015974440894566,0.8325358851674641,0.0379746835443038,1,0,1,2,2,3,1,1,2,3
B,강서구,대항동,구급,교통사고,1,158,1.0,False,False,False,False,,,0.006329113924050633,0,0,1,0,0,0,0,1,0,0
B,강서구,동선동,구급,심정지,5,190,0.5,False,False,False,False,0.0,2.4976076555023923,0.02631578947368421,1,0,2,1,1,3,0,3,1,3
B,강서구,동선동,화재,일반화재(주택),0,190,,False,False,False,False,,,0.0,0,0,0,0,0,0,0,0,0,0
B,강서구,동선동,구조,산악사고,6,190,1.0,True,True,False,False,5.003194888178913,1.2488038277511961,0.031578947368421054,1,1,1,2,1,1,1,1,2,1
B,강서구,동선동,구조,수난사고,1,190,0.3333333333333333,False,False,False,False,,,0.005263157894736842,0,0,0,1,0,0,1,1,1,0
B,강서구,동선동,구급,교통사고,5,190,0.625,True,False,False,False,0.8338658146964857,,0.02631578947368421,0,2,2,1,0,1,2,3,1,1
B,강서구,명지동,구급,심정지,81,7540,0.5,True,True,False,False,0.9564931403871452,1.5461380724538618,0.010742705570291777,11,18,18,18,16,26,32,33,36,35
B,강서구,명지동,화재,일반화재(주택),30,7540,0.6122448979591837,True,True,False,False,1.3470140083558613,0.27751196172248804,0.003978779840848806,10,6,4,6,4,14,8,10,10,7
B,강서구,명지동,구조,산악사고,0,7540,0.0,False,False,False,False,,,0.0,0,0,0,0,0,0,0,0,0,1
B,강서구,명지동,구조,수난사고,4,7540,0.2222222222222222,True,False,False,False,0.0,,0.0005305039787798408,1,0,1,1,1,4,5,5,1,3
B,강서구,명지동,구급,교통사고,429,7540,0.5070921985815603,True,True,False,False,1.1849672103581637,0.8262762168579343,0.056896551724137934,84,79,89,93,84,143,177,178,182,166
B,강서구,미음동,구급,심정지,0,414,,False,False,False,False,,,0.0,0,0,0,0,0,0,0,0,0,0
B,강서구,미음동,화재,일반화재(주택),3,414,0.6,False,False,False,False,5.003194888178913,,0.007246376811594203,2,1,0,0,0,3,1,1,0,0
B,강서구,미음동,구조,산악사고,1,414,1.0,False,False,False,False,,,0.0024154589371980675,0,1,0,0,0,0,1,0,0,0
B,강서구,미음동,구조,수난사고,0,414,,False,False,False,False,,,0.0,0,0,0,0,0,0,0,0,0,0
B,강서구,미음동,구급,교통사고,28,414,0.717948717948718,True,True,False,False,0.2501597444089457,1.2488038277511961,0.06763285024154589,9,8,5,2,4,12,8,8,6,5
B,강서구,범방동,구급,심정지,2,458,0.5,False,False,False,False,,0.0,0.004366812227074236,0,0,0,0,2,1,0,0,1,2
B,강서구,범방동,화재,일반화재(주택),3,458,0.75,False,False,False,False,0.0,,0.006550218340611353,1,1,1,0,0,1,1,1,0,1
B,강서구,범방동,구조,산악사고,0,458,,False,False,False,False,,,0.0,0,0,0,0,0,0,0,0,0,0
B,강서구,범방동,구조,수난사고,1,458,0.25,False,False,False,False,,,0.002183406113537118,0,0,0,0,1,1,0,0,1,2
B,강서구,범방동,구급,교통사고,46,458,0.48936170212765956,True,True,False,False,0.6253993610223643,0.9366028708133972,0.10043668122270742,13,12,10,6,5,25,22,16,16,15
B,강서구,봉림동,구급,심정지,8,386,0.5714285714285714,False,False,False,False,1.2507987220447283,0.6244019138755981,0.02072538860103627,0,2,1,2,3,0,2,4,2,6
B,강서구,봉림동,화재,일반화재(주택),9,386,0.9,True,True,False,False,7.504792332268369,0.6244019138755981,0.023316062176165803,2,1,1,1,4,3,1,1,1,4
B,강서구,봉림동,구조,산악사고,0,386,,False,False,False,False,,,0.0,0,0,0,0,0,0,0,0,0,0
B,강서구,봉림동,구조,수난사고,2,386,0.25,False,False,False,False,0.0,0.0,0.0051813471502590676,0,0,1,0,1,1,1,2,0,4
B,강서구,봉림동,구급,교통사고,32,386,0.43243243243243246,True,True,False,False,0.5003194888178913,0.6811657242279252,0.08290155440414508,7,4,7,9,5,17,8,15,18,16
B,강서구,생곡동,구급,심정지,5,359,1.0,False,False,False,False,1.2507987220447283,0.0,0.013927576601671309,0,1,2,2,0,0,1,2,2,0
B,강서구,생곡동,화재,일반화재(주택),2,359,1.0,False,False,False,False,2.5015974440894566,,0.005571030640668524,2,0,0,0,0,2,0,0,0,0
B,강서구,생곡동,구조,산악사고,0,359,,False,False,False,False,,,0.0,0,0,0,0,0,0,0,0,0,0
B,강서구,생곡동,구조,수난사고,0,359,0.0,False,False,False,False,,,0.0,0,0,0,0,0,1,1,0,0,0
B,강서구,생곡동,구급,교통사고,22,359,0.5238095238095238,True,True,False,False,1.2507987220447283,0.41626794258373206,0.06128133704735376,4,7,4,2,5,8,7,9,7,11
B,강서구,성북동,구급,심정지,7,417,0.5833333333333334,True,True,False,False,0.0,0.0,0.016786570743405275,1,1,2,1,2,1,3,2,3,3
B,강서구,성북동,화재,일반화재(주택),1,417,1.0,False,False,False,False,0.0,,0.002398081534772182,0,0,1,0,0,0,0,1,0,0
B,강서구,성북동,구조,산악사고,0,417,0.0,False,False,False,False,,,0.0,0,0,0,0,0,0,1,0,0,1
B,강서구,성북동,구조,수난사고,4,417,0.6666666666666666,True,False,False,False,0.0,,0.009592326139088728,1,1,1,1,0,1,2,1,1,1
B,강서구,성북동,구급,교통사고,32,417,0.4266666666666667,True,True,False,False,0.7817492012779552,0.9366028708133972,0.07673860911270983,9,5,7,7,4,22,11,17,12,13
B,강서구,송정동,구급,심정지,21,1797,0.6176470588235294,True,True,False,False,0.5559105431309904,1.6650717703349283,0.011686143572621035,3,3,5,4,6,5,4,6,6,13
B,강서구,송정동,화재,일반화재(주택),12,1797,0.6666666666666666,True,False,False,False,0.6253993610223642,0.0,0.00667779632721202,5,2,3,2,0,6,3,5,2,2
B,강서구,송정동,구조,산악사고,1,1797,0.3333333333333333,False,False,False,False,,,0.0005564830272676684,0,0,0,1,0,0,0,0,1,2
B,강서구,송정동,구조,수난사고,3,1797,0.75,False,False,False,False,2.5015974440894566,0.0,0.001669449081803005,2,0,0,1,0,3,0,0,1,0
B,강서구,송정동,구급,교통사고,161,1797,0.5331125827814569,True,True,True,False,0.7671565495207667,0.4712467274532816,0.0895937673900946,32,30,36,36,27,57,45,61,70,69
B,강서구,식만동,구급,심정지,5,123,0.8333333333333334,False,False,False,False,2.5015974440894566,0.0,0.04065040650406504,1,3,0,0,1,1,3,0,0,2
B,강서구,식만동,화재,일반화재(주택),5,123,0.625,False,False,False,False,0.0,0.0,0.04065040650406504,0,0,2,3,0,0,2,2,3,1
B,강서구,식만동,구조,산악사고,0,123,,False,False,False,False,,,0.0,0,0,0,0,0,0,0,0,0,0
B,강서구,식만동,구조,수난사고,0,123,0.0,False,False,False,False,,,0.0,0,0,0,0,0,0,1,1,0,0
B,강서구,식만동,구급,교통사고,7,123,0.3181818181818182,True,False,False,False,7.504792332268369,1.2488038277511961,0.056910569105691054,0,2,2,1,2,3,4,7,3,5
B,강서구,신호동,구급,심정지,41,2585,0.6833333333333333,True,True,False,False,0.7817492012779552,1.6650717703349283,0.01586073500967118,8,9,4,11,9,10,14,7,14,15
B,강서구,신호동,화재,일반화재(주택),5,2585,0.7142857142857143,False,False,False,False,,0.0,0.0019342359767891683,0,2,1,1,1,0,2,3,1,1
B,강서구,신호동,구조,산악사고,0,2585,,False,False,False,False,,,0.0,0,0,0,0,0,0,0,0,0,0
B,강서구,신호동,구조,수난사고,7,2585,0.3333333333333333,True,False,False,False,1.8761980830670923,,0.0027079303675048355,4,2,1,0,0,4,5,7,1,4
B,강서구,신호동,구급,교통사고,122,2585,0.6815642458100558,True,True,False,False,0.9280119550654435,0.6889952153110048,0.04719535783365571,22,30,33,22,15,34,42,43,31,29
B,강서구,죽동동,구급,심정지,4,101,0.6666666666666666,False,False,False,False,0.0,1.2488038277511961,0.039603960396039604,1,0,0,1,2,1,0,1,1,3
B,강서구,죽동동,화재,일반화재(주택),5,101,0.7142857142857143,False,False,False,False,,4.9952153110047846,0.04950495049504951,0,0,2,2,1,0,0,2,4,1
B,강서구,죽동동,구조,산악사고,0,101,,False,False,False,False,,,0.0,0,0,0,0,0,0,0,0,0,0
B,강서구,죽동동,구조,수난사고,0,101,,False,False,False,False,,,0.0,0,0,0,0,0,0,0,0,0,0
B,강서구,죽동동,구급,교통사고,6,101,0.35294117647058826,True,False,False,False,0.8338658146964857,0.0,0.0594059405940594,1,1,2,0,2,1,2,5,4,5
B,강서구,죽림동,구급,심정지,2,131,0.5,False,False,False,False,0.0,,0.015267175572519083,1,0,1,0,0,1,1,1,0,1
B,강서구,죽림동,화재,일반화재(주택),0,131,0.0,False,False,False,False,,,0.0,0,0,0,0,0,2,0,0,0,0
B,강서구,죽림동,구조,산악사고,0,131,0.0,False,False,False,False,,,0.0,0,0,0,0,0,0,0,0,1,0
B,강서구,죽림동,구조,수난사고,0,131,,False,False,False,False,,,0.0,0,0,0,0,0,0,0,0,0,0
B,강서구,죽림동,구급,교통사고,9,131,0.391304347826087,False,False,False,False,0.0,1.2488038277511961,0.06870229007633588,1,2,0,2,4,2,4,0,10,7
B,강서구,지사동,구급,심정지,22,1931,0.6666666666666666,True,True,False,False,2.084664536741214,1.4272043745727956,0.011393060590367685,4,4,3,3,8,6,4,3,6,14
B,강서구,지사동,화재,일반화재(주택),6,1931,0.8571428571428571,False,False,False,False,1.6677316293929714,0.0,0.0031071983428275505,1,2,2,0,1,1,2,3,0,1
B,강서구,지사동,구조,산악사고,3,1931,0.6,False,False,False,False,1.2507987220447283,,0.0015535991714137752,0,0,3,0,0,0,1,3,0,1
B,강서구,지사동,구조,수난사고,0,1931,,False,False,False,False,,,0.0,0,0,0,0,0,0,0,0,0,0
B,강서구,지사동,구급,교통사고,47,1931,0.7580645161290323,True,True,False,False,0.48107643155566476,0.5763709974236291,0.024339720352149145,7,11,13,5,11,10,14,17,8,13
B,강서구,천성동,구급,심정지,2,268,0.2857142857142857,False,False,True,False,2.5015974440894566,,0.007462686567164179,1,1,0,0,0,1,1,0,3,2
B,강서구,천성동,화재,일반화재(주택),5,268,0.8333333333333334,False,False,False,False,1.2507987220447283,2.4976076555023923,0.018656716417910446,0,1,2,1,1,0,2,2,1,1
B,강서구,천성동,구조,산악사고,8,268,0.34782608695652173,True,False,True,False,15.009584664536739,0.0,0.029850746268656716,1,2,4,1,0,2,7,7,4,3
B,강서구,천성동,구조,수난사고,2,268,0.18181818181818182,False,False,False,False,,0.0,0.007462686567164179,0,1,0,1,0,0,1,2,4,4
B,강서구,천성동,구급,교통사고,7,268,0.2916666666666667,True,False,False,False,5.003194888178913,0.0,0.026119402985074626,4,1,1,1,0,4,4,4,8,4
B,강서구,화전동,구급,심정지,9,715,0.6428571428571429,True,True,False,False,0.0,2.4976076555023923,0.012587412587412588,2,4,1,1,1,3,5,2,2,2
B,강서구,화전동,화재,일반화재(주택),2,715,0.2857142857142857,False,False,False,False,0.0,,0.002797202797202797,1,1,0,0,0,3,2,1,1,0
B,강서구,화전동,구조,산악사고,1,715,1.0,False,False,False,False,,0.0,0.0013986013986013986,0,0,0,1,0,0,0,0,1,0
B,강서구,화전동,구조,수난사고,0,715,0.0,False,False,False,False,,,0.0,0,0,0,0,0,0,0,0,0,1
B,강서구,화전동,구급,교통사고,26,715,0.65,True,True,False,False,0.4169329073482428,0.6244019138755981,0.03636363636363636,9,4,8,3,2,10,5,9,10,6
B,금정구,구서동,구급,심정지,147,6641,0.6,True,True,False,False,0.7580598315422596,0.6764354066985646,0.022135220599307334,23,33,30,30,31,36,47,62,47,53
B,금정구,구서동,화재,일반화재(주택),17,6641,0.6071428571428571,True,True,False,False,0.22741794946267788,1.6650717703349283,0.0025598554434573106,5,5,2,2,3,9,6,4,4,5
B,금정구,구서동,구조,산악사고,19,6641,0.5277777777777778,True,True,True,False,2.5015974440894566,0.7136021872863978,0.002861014907393465,4,5,1,4,5,9,10,3,6,8
B,금정구,구서동,구조,수난사고,5,6641,1.0,False,False,False,False,0.8338658146964857,0.0,0.0007528986598403855,2,1,1,1,0,2,1,1,1,0
B,금정구,구서동,구급,교통사고,258,6641,0.6042154566744731,True,True,False,False,1.193422633877539,0.8211312840007866,0.038849570847763894,48,61,52,36,61,78,93,83,77,96
B,금정구,금사동,구급,심정지,30,1274,0.625,True,True,False,False,0.9621528631113295,0.4995215311004785,0.023547880690737835,8,6,4,7,5,16,8,6,10,8
B,금정구,금사동,화재,일반화재(주택),9,1274,0.6923076923076923,True,False,False,False,2.5015974440894566,,0.00706436420722135,2,5,1,1,0,3,6,2,1,1
B,금정구,금사동,구조,산악사고,4,1274,0.4,False,False,False,False,0.0,0.0,0.0031397174254317113,0,1,1,2,0,2,2,2,4,0
B,금정구,금사동,구조,수난사고,0,1274,,False,False,False,False,,,0.0,0,0,0,0,0,0,0,0,0,0
B,금정구,금사동,구급,교통사고,80,1274,0.5405405405405406,True,True,True,False,0.7643769968051118,0.6724328303275673,0.06279434850863422,14,16,17,14,19,30,33,30,28,27
B,금정구,금성동,구급,심정지,9,814,0.75,True,True,False,False,3.7523961661341847,0.8325358851674641,0.011056511056511056,1,2,2,2,2,1,2,3,4,2
B,금정구,금성동,화재,일반화재(주택),9,814,1.0,True,True,False,False,3.3354632587859427,2.4976076555023923,0.011056511056511056,1,4,2,1,1,1,4,2,1,1
B,금정구,금성동,구조,산악사고,61,814,0.6039603960396039,True,True,False,False,5.253354632587859,1.6650717703349283,0.07493857493857493,7,10,14,17,13,17,17,23,23,21
B,금정구,금성동,구조,수난사고,0,814,,False,False,False,False,,,0.0,0,0,0,0,0,0,0,0,0,0
B,금정구,금성동,구급,교통사고,12,814,0.7058823529411765,True,False,False,False,3.7523961661341847,0.999043062200957,0.014742014742014743,4,1,0,4,3,4,1,2,6,4
B,금정구,남산동,구급,심정지,136,6047,0.7046632124352331,True,True,False,False,0.560702875399361,0.9565305914690014,0.02249049115263767,23,28,20,30,35,28,35,34,44,52
B,금정구,남산동,화재,일반화재(주택),24,6047,0.7741935483870968,True,True,False,False,1.0006389776357827,1.0704032809295967,0.003968910203406648,5,4,5,5,5,8,4,6,7,6
B,금정구,남산동,구조,산악사고,11,6047,0.7333333333333333,True,True,False,False,1.6677316293929714,2.4976076555023923,0.001819083843228047,1,2,2,3,3,1,5,3,3,3
B,금정구,남산동,구조,수난사고,1,6047,1.0,False,False,False,False,0.0,,0.000165371258475277,1,0,0,0,0,1,0,0,0,0
B,금정구,남산동,구급,교통사고,163,6047,0.7477064220183486,True,True,False,False,1.2924920127795527,0.5503203308734085,0.02695551513147015,28,33,30,33,39,42,41,43,43,49
B,금정구,노포동,구급,심정지,12,723,0.5714285714285714,True,False,False,False,1.2507987220447283,2.4976076555023923,0.016597510373443983,0,3,3,3,3,3,4,5,3,6
B,금정구,노포동,화재,일반화재(주택),4,723,0.36363636363636365,True,False,False,False,0.0,2.4976076555023923,0.005532503457814661,0,2,0,2,0,1,3,1,4,2
B,금정구,노포동,구조,산악사고,2,723,1.0,False,False,False,False,0.0,,0.0027662517289073307,1,0,0,0,1,1,0,0,0,1
B,금정구,노포동,구조,수난사고,0,723,,False,False,False,False,,,0.0,0,0,0,0,0,0,0,0,0,0
B,금정구,노포동,구급,교통사고,51,723,0.45535714285714285,True,True,False,False,0.3001916932907348,1.3320574162679426,0.07053941908713693,10,8,10,10,13,24,16,20,22,30
B,금정구,두구동,구급,심정지,14,901,0.6086956521739131,True,True,False,False,1.2507987220447283,0.8325358851674641,0.01553829078801332,2,1,3,4,4,2,2,4,8,7
B,금정구,두구동,화재,일반화재(주택),7,901,0.4117647058823529,True,False,False,False,0.5003194888178913,0.0,0.00776914539400666,3,0,3,0,1,5,1,5,3,3
B,금정구,두구동,구조,산악사고,1,901,0.5,False,False,False,False,,0.0,0.0011098779134295228,0,0,0,1,0,0,0,0,2,0
B,금정구,두구동,구조,수난사고,1,901,1.0,False,False,False,False,,,0.0011098779134295228,0,0,1,0,0,0,0,1,0,0
B,금정구,두구동,구급,교통사고,39,901,0.5342465753424658,True,True,False,False,0.8338658146964857,1.4569377990430623,0.04328523862375139,6,8,6,16,3,14,15,14,22,8
B,금정구,부곡동,구급,심정지,171,7732,0.5463258785942492,True,True,False,False,0.8789396425179172,1.1967703349282297,0.022115882048629073,20,46,34,33,38,49,69,61,69,65
B,금정구,부곡동,화재,일반화재(주택),29,7732,0.6744186046511628,True,True,False,False,0.0,0.9366028708133972,0.003750646663217796,6,9,3,6,5,9,11,6,10,7
B,금정구,부곡동,구조,산악사고,17,7732,0.7083333333333334,True,True,False,False,0.3126996805111821,7.492822966507178,0.002198654940506984,4,2,3,4,4,4,2,8,4,6
B,금정구,부곡동,구조,수난사고,2,7732,0.3333333333333333,False,False,False,False,,0.0,0.0002586652871184687,0,0,0,0,2,1,0,1,1,3
B,금정구,부곡동,구급,교통사고,329,7732,0.5402298850574713,True,True,False,False,0.9522209625888901,0.8422165349949927,0.0425504397309881,65,82,67,53,62,115,141,137,110,106
B,금정구,서동,구급,심정지,118,5199,0.5291479820627802,True,True,False,False,1.193944234679059,1.39572192513369,0.022696672437007116,22,17,26,26,27,43,34,47,52,47
B,금정구,서동,화재,일반화재(주택),34,5199,0.68,True,True,False,False,0.5003194888178913,0.8325358851674641,0.006539719176764763,3,7,8,9,7,5,13,12,13,7
B,금정구,서동,구조,산악사고,8,5199,0.4444444444444444,True,True,False,False,2.501597444089457,,0.0015387574533564147,1,4,1,1,1,3,7,5,2,1
B,금정구,서동,구조,수난사고,0,5199,,False,False,False,False,,,0.0,0,0,0,0,0,0,0,0,0,0
B,금정구,서동,구급,교통사고,174,5199,0.5321100917431193,True,True,False,False,0.5297500469836497,0.9125874125874127,0.03346797461050202,34,32,37,25,46,66,56,60,62,83
B,금정구,선동,구급,심정지,3,290,0.5,True,False,False,False,,,0.010344827586206896,0,0,1,1,1,1,1,1,2,1
B,금정구,선동,화재,일반화재(주택),9,290,0.6923076923076923,True,True,False,False,0.6253993610223642,0.8325358851674641,0.03103448275862069,1,1,3,1,3,1,3,3,3,3
B,금정구,선동,구조,산악사고,5,290,0.5555555555555556,False,False,False,False,1.2507987220447283,2.4976076555023923,0.017241379310344827,1,0,2,2,0,2,0,3,3,1
B,금정구,선동,구조,수난사고,0,290,0.0,False,False,False,False,,,0.0,0,0,0,0,0,0,1,0,0,1
B,금정구,선동,구급,교통사고,23,290,0.4339622641509434,True,True,False,False,1.429484253765404,0.8325358851674641,0.07931034482758621,3,4,4,5,7,10,7,7,11,18
B,금정구,오륜동,구급,심정지,1,313,0.5,False,False,False,False,0.0,,0.003194888178913738,0,0,1,0,0,1,0,1,0,0
B,금정구,오륜동,화재,일반화재(주택),2,313,0.6666666666666666,False,False,False,False,,2.4976076555023923,0.006389776357827476,0,0,0,1,1,0,1,0,1,1
B,금정구,오륜동,구조,산악사고,22,313,0.5945945945945946,True,True,False,False,2.9185303514377,8.741626794258375,0.07028753993610223,3,6,4,6,3,6,9,9,7,6
B,금정구,오륜동,구조,수난사고,1,313,0.5,False,False,False,False,,0.0,0.003194888178913738,0,0,0,1,0,0,0,0,1,1
B,금정구,오륜동,구급,교통사고,19,313,0.475,True,True,False,False,0.1786855317206755,0.8325358851674641,0.06070287539936102,4,6,5,2,2,8,11,10,5,6
B,금정구,장전동,구급,심정지,126,6271,0.5271966527196653,True,True,False,False,1.223003194888179,0.8514571552849064,0.02009248923616648,28,17,22,23,36,41,33,58,44,63
B,금정구,장전동,화재,일반화재(주택),30,6271,0.4838709677419355,True,True,False,False,2.5015974440894566,1.6650717703349283,0.004783926008611067,12,4,4,6,4,21,11,10,11,9
B,금정구,장전동,구조,산악사고,20,6271,0.5555555555555556,True,True,False,False,0.6822538483880337,2.4976076555023923,0.0031892840057407114,3,4,7,3,3,4,11,10,7,4
B,금정구,장전동,구조,수난사고,1,6271,0.25,False,False,False,False,,,0.00015946420028703555,0,0,0,0,1,0,0,0,0,4
B,금정구,장전동,구급,교통사고,284,6271,0.54510556621881,True,True,False,False,1.2613096356753564,0.9082209656372336,0.0452878328815181,57,59,63,48,57,103,105,110,100,103
B,금정구,청룡동,구급,심정지,50,1739,0.625,True,True,True,False,0.4002555910543131,0.7805023923444977,0.02875215641173088,9,10,10,11,10,19,15,15,14,17
B,금정구,청룡동,화재,일반화재(주택),9,1739,0.8181818181818182,True,True,False,False,2.501597444089457,1.2488038277511961,0.005175388154111558,2,3,1,2,1,3,3,1,3,1
B,금정구,청룡동,구조,산악사고,50,1739,0.4854368932038835,True,True,False,False,5.628594249201277,2.4976076555023923,0.02875215641173088,11,9,6,13,11,15,22,21,25,20
B,금정구,청룡동,구조,수난사고,0,1739,,False,False,False,False,,,0.0,0,0,0,0,0,0,0,0,0,0
B,금정구,청룡동,구급,교통사고,33,1739,0.5238095238095238,True,True,False,False,1.6677316293929714,5.6196172248803835,0.01897642323174238,7,5,8,6,7,13,14,16,7,13
B,금정구,회동동,구급,심정지,20,939,0.7142857142857143,True,True,False,False,1.6677316293929714,2.4976076555023927,0.021299254526091587,3,2,5,3,7,3,3,5,7,10
B,금정구,회동동,화재,일반화재(주택),3,939,0.42857142857142855,False,False,False,False,0.0,0.0,0.003194888178913738,1,0,0,2,0,2,0,2,3,0
B,금정구,회동동,구조,산악사고,11,939,0.6875,True,True,False,False,1.8761980830670923,7.492822966507178,0.011714589989350373,3,3,1,2,2,4,4,3,2,3
B,금정구,회동동,구조,수난사고,1,939,1.0,False,False,False,False,,0.0,0.0010649627263045794,0,0,0,0,1,0,0,0,0,1
B,금정구,회동동,구급,교통사고,47,939,0.5465116279069767,True,True,False,False,0.41693290734824284,0.8920027341079972,0.05005324813631523,9,10,9,10,9,17,16,17,18,18
B,기장군,기장읍,구급,심정지,360,15351,0.8035714285714286,True,True,False,False,1.0146339283719474,0.9858977587509443,0.02345124096150088,52,64,85,78,81,60,85,103,95,105
B,기장군,기장읍,화재,일반화재(주택),76,15351,0.8444444444444444,True,True,False,False,1.4432292946669942,0.5167464114832536,0.004950817536316853,16,13,12,16,19,18,18,13,17,24
B,기장군,기장읍,구조,산악사고,26,15351,0.6842105263157895,True,True,False,False,2.9185303514377,0.7492822966507178,0.001693700736108397,5,4,4,2,11,8,5,9,3,13
B,기장군,기장읍,구조,수난사고,36,15351,0.6101694915254238,True,True,False,False,3.001916932907348,4.495693779904307,0.002345124096150088,8,7,7,11,3,10,13,13,14,9
B,기장군,기장읍,구급,교통사고,651,15351,0.7372593431483578,True,True,True,False,1.1055749003841047,1.055139063019727,0.04240766073871409,129,124,132,157,109,154,164,178,217,170
B,기장군,일광면,구급,심정지,46,2353,0.8070175438596491,False,False,False,False,1.6081697854860795,,0.019549511262218443,10,26,10,0,0,14,30,13,0,0
B,기장군,일광면,화재,일반화재(주택),16,2353,0.9411764705882353,False,False,False,False,0.8338658146964857,,0.006799830004249894,4,9,3,0,0,5,9,3,0,0
B,기장군,일광면,구조,산악사고,18,2353,0.5806451612903226,False,False,False,False,2.0012779552715654,,0.00764980875478113,3,13,2,0,0,7,20,4,0,0
B,기장군,일광면,구조,수난사고,15,2353,0.4166666666666667,False,False,False,False,2.858968507530808,,0.006374840628984276,7,5,3,0,0,9,24,3,0,0
B,기장군,일광면,구급,교통사고,122,2353,0.6421052631578947,False,False,False,False,1.737220447284345,,0.05184870378240544,39,65,18,0,0,67,80,43,0,0
B,기장군,일광읍,구급,심정지,23,1619,0.3150684931506849,False,False,False,False,0.0,0.39435910350037773,0.014206300185299567,0,0,1,10,12,0,0,10,38,25
B,기장군,일광읍,화재,일반화재(주택),3,1619,0.3,False,False,False,False,0.0,0.0,0.0018529956763434219,0,0,2,1,0,0,0,2,4,4
B,기장군,일광읍,구조,산악사고,8,1619,0.4444444444444444,False,False,False,False,2.5015974440894566,2.4976076555023923,0.004941321803582459,0,0,2,4,2,0,0,6,5,7
B,기장군,일광읍,구조,수난사고,9,1619,0.2,False,False,False,False,0.0,0.4995215311004785,0.005558987029030266,0,0,3,3,3,0,0,17,12,16
B,기장군,일광읍,구급,교통사고,53,1619,0.27461139896373055,False,False,False,False,1.0006389776357827,1.737466195132099,0.032736256948733784,0,0,14,22,17,0,0,46,73,74
B,기장군,장안읍,구급,심정지,84,4012,0.6666666666666666,True,True,True,False,0.9874726752984698,1.8038277511961722,0.020937188434695914,18,11,24,15,16,23,15,29,30,29
B,기장군,장안읍,화재,일반화재(주택),38,4012,0.8444444444444444,True,True,False,False,0.6670926517571886,0.6660287081339713,0.009471585244267198,9,3,7,15,4,9,4,11,16,5
B,기장군,장안읍,구조,산악사고,13,4012,0.4642857142857143,True,True,False,False,2.5015974440894566,3.746411483253589,0.0032402791625124627,3,3,2,4,1,7,7,4,6,4
B,기장군,장안읍,구조,수난사고,15,4012,0.1595744680851064,True,True,False,False,0.8338658146964857,6.244019138755982,0.0037387836490528413,3,2,3,6,1,4,70,4,12,4
B,기장군,장안읍,구급,교통사고,178,4012,0.6768060836501901,True,True,False,False,1.1053570101790622,0.4343665487830248,0.04436689930209372,45,44,35,24,30,58,58,61,39,47
B,기장군,정관면,구급,심정지,0,53,0.0,False,False,False,False,,,0.0,0,0,0,0,0,0,0,0,1,0
B,기장군,정관면,화재,일반화재(주택),0,53,,False,False,False,False,,,0.0,0,0,0,0,0,0,0,0,0,0
B,기장군,정관면,구조,산악사고,0,53,,False,False,False,False,,,0.0,0,0,0,0,0,0,0,0,0,0
B,기장군,정관면,구조,수난사고,0,53,,False,False,False,False,,,0.0,0,0,0,0,0,0,0,0,0,0
B,기장군,정관면,구급,교통사고,3,53,1.0,False,False,False,False,1.2507987220447283,,0.05660377358490566,2,1,0,0,0,2,1,0,0,0
B,기장군,정관읍,구급,심정지,82,6316,0.31417624521072796,True,True,False,False,1.305181275177108,0.8563226247436775,0.012982900569981,10,12,13,21,26,33,44,49,59,76
B,기장군,정관읍,화재,일반화재(주택),14,6316,0.3333333333333333,True,True,True,False,0.714742126882702,0.0,0.002216592780240659,5,3,1,1,4,8,10,7,8,9
B,기장군,정관읍,구조,산악사고,7,6316,0.25925925925925924,True,True,False,False,0.6253993610223642,,0.0011082963901203294,1,1,3,1,1,7,7,7,3,3
B,기장군,정관읍,구조,수난사고,1,6316,0.16666666666666666,False,False,False,False,0.0,,0.00015832805573147562,1,0,0,0,0,3,0,0,2,1
B,기장군,정관읍,구급,교통사고,230,6316,0.32716927453769556,True,True,False,False,0.7481412916903047,0.7492822966507178,0.036415452818239394,44,52,43,47,44,142,141,134,139,147
B,기장군,철마면,구급,심정지,63,2934,0.7875,True,True,False,False,0.41693290734824284,0.542958185978781,0.02147239263803681,11,10,14,12,16,13,18,16,14,19
B,기장군,철마면,화재,일반화재(주택),28,2934,0.9032258064516129,True,True,False,False,2.274179494626779,0.999043062200957,0.00954328561690525,11,3,7,4,3,12,4,8,4,3
B,기장군,철마면,구조,산악사고,21,2934,0.5121951219512195,True,True,False,False,3.57371063441351,2.4976076555023923,0.007157464212678937,5,10,2,2,2,8,18,7,5,3
B,기장군,철마면,구조,수난사고,1,2934,1.0,False,False,False,False,,,0.00034083162917518747,0,0,0,0,1,0,0,0,0,1
B,기장군,철마면,구급,교통사고,115,2934,0.6020942408376964,True,True,False,False,1.121405750798722,1.3736842105263158,0.039195637355146556,32,29,23,18,13,47,44,39,27,34
B,남구,감만동,구급,심정지,84,3372,0.5526315789473685,True,True,False,False,0.7437181590536223,1.7840054682159945,0.02491103202846975,11,21,16,18,18,23,37,36,31,25
B,남구,감만동,화재,일반화재(주택),9,3372,0.6428571428571429,True,True,False,False,1.8761980830670923,0.0,0.0026690391459074734,3,1,3,1,1,7,1,3,1,2
B,남구,감만동,구조,산악사고,0,3372,,False,False,False,False,,,0.0,0,0,0,0,0,0,0,0,0,0
B,남구,감만동,구조,수난사고,0,3372,0.0,False,False,False,False,,,0.0,0,0,0,0,0,1,3,2,0,4
B,남구,감만동,구급,교통사고,96,3372,0.5454545454545454,True,True,False,False,1.3423205797553182,0.6724328303275673,0.028469750889679714,28,22,13,21,12,47,45,22,35,27
B,남구,대연동,구급,심정지,256,13748,0.5412262156448203,True,True,False,False,0.9096717978507115,1.4788466381264165,0.01862089031131801,35,44,56,59,62,68,86,107,101,111
B,남구,대연동,화재,일반화재(주택),48,13748,0.6,True,True,False,False,0.543825531323795,0.6244019138755981,0.0034914169333721268,8,14,6,12,8,21,17,15,15,12
B,남구,대연동,구조,산악사고,26,13748,0.52,True,True,False,False,1.8761980830670926,1.6650717703349283,0.0018911841722432355,7,5,9,2,3,14,11,13,7,5
B,남구,대연동,구조,수난사고,4,13748,0.21052631578947367,True,False,False,False,2.5015974440894566,0.0,0.0002909514111143439,0,1,1,1,1,1,6,6,2,4
B,남구,대연동,구급,교통사고,736,13748,0.5075862068965518,True,True,False,False,0.8776322524844228,0.9488118467830317,0.05353505964503928,189,144,156,131,116,346,284,306,269,245
B,남구,문현동,구급,심정지,174,6546,0.5178571428571429,True,True,False,False,1.2128957304676153,0.7196496634498418,0.026581118240146653,29,32,37,36,40,52,64,69,69,82
B,남구,문현동,화재,일반화재(주택),31,6546,0.62,True,True,False,False,0.8934276586033775,1.7840054682159945,0.0047357164680721054,7,6,6,7,5,11,8,8,15,8
B,남구,문현동,구조,산악사고,1,6546,0.3333333333333333,False,False,False,False,,,0.00015276504735716468,1,0,0,0,0,2,1,0,0,0
B,남구,문현동,구조,수난사고,1,6546,0.5,False,False,False,False,,0.0,0.00015276504735716468,0,0,0,1,0,0,0,0,2,0
B,남구,문현동,구급,교통사고,281,6546,0.5090579710144928,True,True,False,False,1.0198820348980093,1.3875598086124403,0.04292697830736328,53,57,73,58,40,116,102,124,124,86
B,남구,용당동,구급,심정지,32,2023,0.6274509803921569,True,True,False,False,1.0721131903240528,0.4995215311004785,0.015818091942659415,3,7,10,6,6,4,11,12,11,13
B,남구,용당동,화재,일반화재(주택),9,2023,0.75,True,False,False,False,1.6677316293929714,0.0,0.004448838358872961,0,1,4,2,2,2,2,4,2,2
B,남구,용당동,구조,산악사고,2,2023,0.6666666666666666,False,False,False,False,,,0.0009886307464162135,1,1,0,0,0,2,1,0,0,0
B,남구,용당동,구조,수난사고,1,2023,0.5,False,False,False,False,,,0.0004943153732081067,0,0,0,0,1,0,1,0,0,1
B,남구,용당동,구급,교통사고,102,2023,0.6666666666666666,True,True,False,False,0.4905093027626386,1.295055821371611,0.05042016806722689,19,26,16,19,22,25,38,31,28,31
B,남구,용호동,구급,심정지,276,9768,0.5935483870967742,True,True,False,False,1.1268456955357913,0.8422165349949927,0.028255528255528257,42,63,56,54,61,67,96,98,101,103
B,남구,용호동,화재,일반화재(주택),24,9768,0.5106382978723404,True,True,False,False,1.389776357827476,0.0,0.002457002457002457,4,5,5,4,6,10,9,9,8,11
B,남구,용호동,구조,산악사고,43,9768,0.6231884057971014,True,True,False,False,2.9185303514377,0.5352016404647983,0.004402129402129402,5,10,11,8,9,12,14,17,14,12
B,남구,용호동,구조,수난사고,23,9768,0.5111111111111111,True,True,False,False,1.9456869009584663,0.999043062200957,0.0023546273546273546,6,5,5,5,2,11,6,12,10,6
B,남구,용호동,구급,교통사고,318,9768,0.5628318584070796,True,True,True,False,0.6851508923302334,0.8514571552849064,0.032555282555282554,74,63,63,52,66,127,108,107,92,131
B,남구,우암동,구급,심정지,63,2485,0.6176470588235294,True,True,True,False,1.2044728434504792,0.5258121380005036,0.02535211267605634,12,13,15,13,10,14,21,30,19,18
B,남구,우암동,화재,일반화재(주택),16,2485,0.7272727272727273,True,True,False,False,0.41693290734824284,1.2488038277511961,0.006438631790744467,3,2,2,6,3,6,3,3,6,4
B,남구,우암동,구조,산악사고,1,2485,0.5,False,False,False,False,,,0.00040241448692152917,0,1,0,0,0,0,1,0,1,0
B,남구,우암동,구조,수난사고,2,2485,1.0,False,False,False,False,0.0,0.0,0.0008048289738430583,0,1,0,0,1,0,1,0,0,1
B,남구,우암동,구급,교통사고,88,2485,0.7394957983193278,True,True,False,False,0.7782747603833866,0.9514695830485304,0.035412474849094565,20,24,15,9,20,27,33,20,15,24
B,동구,범일동,구급,심정지,114,5341,0.5560975609756098,True,True,False,False,0.691931207939637,0.7136021872863978,0.021344317543531173,17,17,26,23,31,33,38,48,42,44
B,동구,범일동,화재,일반화재(주택),31,5341,0.7045454545454546,True,True,False,False,1.3470140083558613,2.0813397129186604,0.005804156524995319,11,4,5,5,6,14,7,8,8,7
B,동구,범일동,구조,산악사고,0,5341,0.0,False,False,False,False,,,0.0,0,0,0,0,0,1,1,0,0,0
B,동구,범일동,구조,수난사고,0,5341,0.0,False,False,False,False,,,0.0,0,0,0,0,0,1,0,0,3,0
B,동구,범일동,구급,교통사고,231,5341,0.5261958997722096,True,True,True,False,0.7049956433343014,0.7601414603702933,0.04325032765399738,41,40,60,48,42,83,80,112,90,74
B,동구,수정동,구급,심정지,133,4625,0.5833333333333334,True,True,True,False,0.615777832391251,1.5610047846889954,0.028756756756756756,24,32,25,27,25,41,59,45,44,39
B,동구,수정동,화재,일반화재(주택),32,4625,0.8205128205128205,True,True,False,False,0.714742126882702,0.6811657242279252,0.006918918918918919,8,6,4,2,12,8,6,6,5,14
B,동구,수정동,구조,산악사고,8,4625,0.5714285714285714,True,True,False,False,1.2507987220447283,,0.0017297297297297297,1,3,2,1,1,2,3,5,3,1
B,동구,수정동,구조,수난사고,0,4625,,False,False,False,False,,,0.0,0,0,0,0,0,0,0,0,0,0
B,동구,수정동,구급,교통사고,118,4625,0.4701195219123506,True,True,False,False,0.6253993610223643,0.9276828434723172,0.025513513513513515,28,25,17,25,23,55,53,50,51,42
B,동구,좌천동,구급,심정지,87,2993,0.6904761904761905,True,True,False,False,0.7899781402387759,0.582775119617225,0.02906782492482459,14,17,19,18,19,17,24,29,29,27
B,동구,좌천동,화재,일반화재(주택),13,2993,0.8666666666666667,True,True,False,False,2.0012779552715654,0.8325358851674641,0.004343468092215168,1,6,2,2,2,2,6,2,2,3
B,동구,좌천동,구조,산악사고,0,2993,,False,False,False,False,,,0.0,0,0,0,0,0,0,0,0,0,0
B,동구,좌천동,구조,수난사고,0,2993,0.0,False,False,False,False,,,0.0,0,0,0,0,0,1,0,4,0,2
B,동구,좌천동,구급,교통사고,117,2993,0.585,True,True,True,False,1.0583681494224624,0.6611314382212216,0.039091212829936516,20,27,27,17,26,48,43,40,30,39
B,동구,초량동,구급,심정지,142,7976,0.5378787878787878,True,True,False,False,0.9132816065723414,1.7407568508046976,0.017803410230692075,28,24,34,22,34,47,53,61,41,62
B,동구,초량동,화재,일반화재(주택),31,7976,0.5740740740740741,True,True,False,False,0.9216411636119052,1.6650717703349283,0.0038866599799398196,10,10,6,2,3,15,14,9,10,6
B,동구,초량동,구조,산악사고,8,7976,0.6153846153846154,True,False,False,False,0.8338658146964857,7.492822966507178,0.0010030090270812437,1,0,3,3,1,1,1,3,6,2
B,동구,초량동,구조,수난사고,6,7976,0.6666666666666666,True,True,False,False,5.003194888178913,0.0,0.0007522567703109327,1,1,1,1,2,2,2,1,1,3
B,동구,초량동,구급,교통사고,356,7976,0.5321375186846039,True,True,True,False,0.9054861914188832,0.7517071584521763,0.044633901705115345,74,73,75,74,60,132,127,134,133,143
B,동래구,낙민동,구급,심정지,48,2204,0.5274725274725275,True,True,False,False,0.9096717978507115,0.9606183290393817,0.021778584392014518,5,10,15,10,8,10,17,25,21,18
B,동래구,낙민동,화재,일반화재(주택),3,2204,0.5,False,False,False,False,0.0,2.4976076555023923,0.0013611615245009074,0,0,1,1,1,0,0,3,2,1
B,동래구,낙민동,구조,산악사고,0,2204,,False,False,False,False,,,0.0,0,0,0,0,0,0,0,0,0,0
B,동래구,낙민동,구조,수난사고,0,2204,,False,False,False,False,,,0.0,0,0,0,0,0,0,0,0,0,0
B,동래구,낙민동,구급,교통사고,59,2204,0.48360655737704916,True,True,False,False,0.8005111821086262,0.3257749115872686,0.02676950998185118,15,12,6,15,11,29,24,13,35,21
B,동래구,명륜동,구급,심정지,79,4567,0.7181818181818181,True,True,False,False,1.4008945686900958,0.7251118999845656,0.017298007444712066,9,16,14,25,15,17,19,22,28,24
B,동래구,명륜동,화재,일반화재(주택),16,4567,0.6956521739130435,True,True,False,False,0.22741794946267788,2.4976076555023923,0.0035033939128530766,4,4,4,2,2,4,6,6,3,4
B,동래구,명륜동,구조,산악사고,1,4567,0.25,False,False,False,False,0.0,,0.0002189621195533173,1,0,0,0,0,1,0,1,1,1
B,동래구,명륜동,구조,수난사고,0,4567,0.0,False,False,False,False,,,0.0,0,0,0,0,0,0,0,0,0,1
B,동래구,명륜동,구급,교통사고,199,4567,0.6815068493150684,True,True,True,False,0.887663609193033,0.9424934549065632,0.04357346179111014,38,46,42,38,35,53,64,60,61,54
B,동래구,명장동,구급,심정지,109,4026,0.5828877005347594,True,True,True,False,1.196416168912349,1.9546494695236116,0.027074018877297566,21,24,23,22,19,29,42,46,38,32
B,동래구,명장동,화재,일반화재(주택),21,4026,0.65625,True,True,False,False,0.6253993610223642,0.5550239234449761,0.005216095380029807,3,3,4,4,7,5,3,7,5,12
B,동래구,명장동,구조,산악사고,2,4026,0.3333333333333333,False,False,False,False,0.0,,0.0004967709885742673,1,0,0,0,1,1,2,2,0,1
B,동래구,명장동,구조,수난사고,0,4026,,False,False,False,False,,,0.0,0,0,0,0,0,0,0,0,0,0
B,동래구,명장동,구급,교통사고,145,4026,0.5731225296442688,True,True,False,False,0.8990115814696484,0.7946933449325794,0.03601589667163438,29,29,29,34,24,50,55,50,56,42
B,동래구,복천동,구급,심정지,34,948,0.6415094339622641,True,True,False,False,0.9380990415335462,0.8325358851674641,0.035864978902953586,9,4,9,3,9,13,7,15,5,13
B,동래구,복천동,화재,일반화재(주택),3,948,0.42857142857142855,False,False,False,False,5.003194888178913,,0.0031645569620253164,0,2,1,0,0,1,3,2,1,0
B,동래구,복천동,구조,산악사고,3,948,0.75,False,False,False,False,,2.4976076555023923,0.0031645569620253164,1,0,0,0,2,2,0,0,0,2
B,동래구,복천동,구조,수난사고,0,948,,False,False,False,False,,,0.0,0,0,0,0,0,0,0,0,0,0
B,동래구,복천동,구급,교통사고,14,948,0.4827586206896552,True,True,False,False,1.500958466453674,0.4995215311004785,0.014767932489451477,6,1,1,4,2,9,6,3,6,5
B,동래구,사직동,구급,심정지,128,5682,0.5099601593625498,True,True,False,False,1.0191693290734825,1.1100478468899522,0.022527279127067933,22,26,28,19,33,39,50,52,46,64
B,동래구,사직동,화재,일반화재(주택),22,5682,0.5789473684210527,True,True,False,False,0.9380990415335462,0.9366028708133972,0.003871876099964801,3,4,4,5,6,6,9,7,8,8
B,동래구,사직동,구조,산악사고,6,5682,0.42857142857142855,False,False,False,False,3.7523961661341847,0.0,0.0010559662090813093,1,1,3,1,0,2,4,5,3,0
B,동래구,사직동,구조,수난사고,0,5682,,False,False,False,False,,,0.0,0,0,0,0,0,0,0,0,0,0
B,동래구,사직동,구급,교통사고,232,5682,0.5225225225225225,True,True,False,False,0.3126996805111821,1.0473838555332613,0.04083069341781063,47,49,48,46,42,87,103,84,92,78
B,동래구,수안동,구급,심정지,66,2374,0.6,True,True,False,False,0.9788859563828309,1.5461380724538618,0.02780117944397641,10,6,16,13,21,14,14,26,23,33
B,동래구,수안동,화재,일반화재(주택),8,2374,0.7272727272727273,True,True,False,False,0.8338658146964857,0.0,0.003369839932603201,1,1,2,1,3,2,2,2,2,3
B,동래구,수안동,구조,산악사고,0,2374,,False,False,False,False,,,0.0,0,0,0,0,0,0,0,0,0,0
B,동래구,수안동,구조,수난사고,0,2374,0.0,False,False,False,False,,,0.0,0,0,0,0,0,0,1,0,1,0
B,동래구,수안동,구급,교통사고,115,2374,0.5111111111111111,True,True,True,False,0.7551992284043643,0.44828855355171143,0.04844144903117102,23,21,25,20,26,53,52,34,43,43
B,동래구,안락동,구급,심정지,140,5996,0.5833333333333334,True,True,True,False,0.9926973984481972,1.0125436441225915,0.02334889926617745,29,28,31,27,25,47,46,42,52,53
B,동래구,안락동,화재,일반화재(주택),32,5996,0.5818181818181818,True,True,False,False,2.5015974440894566,0.41626794258373206,0.00533689126084056,3,6,9,7,7,9,8,12,11,15
B,동래구,안락동,구조,산악사고,1,5996,1.0,False,False,False,False,,0.0,0.0001667778519012675,0,0,0,1,0,0,0,0,1,0
B,동래구,안락동,구조,수난사고,2,5996,0.5,False,False,False,False,,2.4976076555023923,0.000333555703802535,0,0,0,2,0,1,0,0,2,1
B,동래구,안락동,구급,교통사고,304,5996,0.5314685314685315,True,True,False,False,0.9446591746911235,0.6098809391343051,0.050700466977985324,68,64,65,52,55,122,110,127,105,108
B,동래구,온천동,구급,심정지,253,12280,0.5452586206896551,True,True,False,False,0.9862066846891129,0.8325358851674641,0.020602605863192184,31,58,56,63,45,60,88,115,104,97
B,동래구,온천동,화재,일반화재(주택),53,12280,0.6708860759493671,True,True,False,False,1.2507987220447283,2.0434971726837756,0.004315960912052118,7,15,11,8,12,13,22,16,13,15
B,동래구,온천동,구조,산악사고,29,12280,0.4603174603174603,True,True,False,False,5.420127795527157,3.746411483253589,0.0023615635179153093,6,6,7,5,5,11,16,12,13,11
B,동래구,온천동,구조,수난사고,3,12280,0.75,False,False,False,False,0.0,2.4976076555023923,0.000244299674267101,0,1,0,2,0,0,1,0,3,0
B,동래구,온천동,구급,교통사고,504,12280,0.508577194752775,True,True,False,False,1.0110623003194887,1.1293530268358642,0.04104234527687296,115,106,116,71,96,209,203,206,185,188
B,동래구,칠산동,구급,심정지,22,564,0.5641025641025641,True,True,False,False,0.2779552715654952,1.2488038277511961,0.03900709219858156,2,5,3,4,8,8,7,7,4,13
B,동래구,칠산동,화재,일반화재(주택),2,564,0.4,False,False,False,False,0.0,,0.0035460992907801418,0,2,0,0,0,1,2,1,0,1
B,동래구,칠산동,구조,산악사고,1,564,1.0,False,False,False,False,0.0,,0.0017730496453900709,0,0,1,0,0,0,0,1,0,0
B,동래구,칠산동,구조,수난사고,0,564,,False,False,False,False,,,0.0,0,0,0,0,0,0,0,0,0,0
B,동래구,칠산동,구급,교통사고,14,564,0.7368421052631579,True,True,False,False,1.6677316293929714,0.0,0.024822695035460994,4,4,2,2,2,6,4,4,2,3
B,부산진구,가야동,구급,심정지,133,5269,0.5277777777777778,True,True,False,False,1.2262732569065966,0.8131745855124068,0.025241981400645284,17,28,31,19,38,36,53,57,40,66
B,부산진구,가야동,화재,일반화재(주택),23,5269,0.5609756097560976,True,True,False,False,2.1888977635782747,4.162679425837321,0.004365154678307079,5,6,4,4,4,8,10,8,7,8
B,부산진구,가야동,구조,산악사고,6,5269,0.375,True,False,False,False,1.2507987220447283,1.2488038277511961,0.0011387360030366293,2,1,0,2,1,4,4,2,5,1
B,부산진구,가야동,구조,수난사고,0,5269,,False,False,False,False,,,0.0,0,0,0,0,0,0,0,0,0,0
B,부산진구,가야동,구급,교통사고,243,5269,0.5083682008368201,True,True,False,False,1.0533041869850344,1.2488038277511964,0.04611880812298349,60,58,44,46,35,114,100,97,93,74
B,부산진구,개금동,구급,심정지,208,7533,0.5977011494252874,True,True,False,False,0.6455735339585694,0.703551452254195,0.027611841231912918,43,32,42,45,46,63,64,74,73,74
B,부산진구,개금동,화재,일반화재(주택),29,7533,0.6444444444444445,True,True,False,False,1.8761980830670923,0.17840054682159945,0.003849727864064782,5,7,2,7,8,11,8,7,8,11
B,부산진구,개금동,구조,산악사고,6,7533,0.5454545454545454,True,False,False,False,1.6677316293929714,0.0,0.0007964954201513341,1,3,1,1,0,2,4,2,2,1
B,부산진구,개금동,구조,수난사고,0,7533,,False,False,False,False,,,0.0,0,0,0,0,0,0,0,0,0,0
B,부산진구,개금동,구급,교통사고,321,7533,0.49613601236476046,True,True,False,False,0.7908275790992477,1.2013808975834293,0.04261250497809638,75,61,68,65,52,142,121,125,129,130
B,부산진구,당감동,구급,심정지,169,6412,0.6035714285714285,True,True,False,False,0.9842350599696224,0.999043062200957,0.02635683094198378,18,32,35,48,36,25,55,61,72,67
B,부산진구,당감동,화재,일반화재(주택),26,6412,0.6046511627906976,True,True,False,False,1.042332268370607,1.2488038277511961,0.004054897067997504,6,6,5,5,4,9,10,6,12,6
B,부산진구,당감동,구조,산악사고,14,6412,0.4375,True,True,False,False,3.001916932907348,4.9952153110047846,0.002183406113537118,5,5,1,2,1,8,10,3,3,8
B,부산진구,당감동,구조,수난사고,0,6412,,False,False,False,False,,,0.0,0,0,0,0,0,0,0,0,0,0
B,부산진구,당감동,구급,교통사고,234,6412,0.508695652173913,True,True,False,False,0.8194888178913738,0.6739576213260423,0.03649407361197754,55,58,41,49,31,100,111,88,93,68
B,부산진구,범전동,구급,심정지,21,1088,0.5384615384615384,True,True,False,False,3.502236421725239,3.122009569377991,0.019301470588235295,5,3,4,4,5,8,6,8,7,10
B,부산진구,범전동,화재,일반화재(주택),4,1088,0.8,False,False,False,False,5.003194888178913,,0.003676470588235294,1,1,1,0,1,2,1,1,0,1
B,부산진구,범전동,구조,산악사고,0,1088,,False,False,False,False,,,0.0,0,0,0,0,0,0,0,0,0,0
B,부산진구,범전동,구조,수난사고,0,1088,,False,False,False,False,,,0.0,0,0,0,0,0,0,0,0,0,0
B,부산진구,범전동,구급,교통사고,44,1088,0.4782608695652174,True,True,False,False,1.3758785942492011,0.7492822966507178,0.04044117647058824,12,10,9,4,9,23,24,16,11,18
B,부산진구,범천동,구급,심정지,133,6363,0.5362903225806451,True,True,False,False,0.7087859424920128,1.1830773105011332,0.020902090209020903,17,32,28,25,31,39,42,54,51,62
B,부산진구,범천동,화재,일반화재(주택),26,6363,0.65,True,True,True,False,0.6253993610223643,0.24976076555023924,0.004086122898004086,7,6,2,3,8,13,8,4,6,9
B,부산진구,범천동,구조,산악사고,2,6363,1.0,False,False,False,False,,0.0,0.0003143171460003143,0,0,0,2,0,0,0,0,2,0
B,부산진구,범천동,구조,수난사고,0,6363,0.0,False,False,False,False,,,0.0,0,0,0,0,0,1,0,1,1,2
B,부산진구,범천동,구급,교통사고,314,6363,0.534923339011925,True,True,False,False,0.9758004214533343,1.3298949853973778,0.04934779192204935,58,85,53,57,61,107,141,99,125,115
B,부산진구,부암동,구급,심정지,129,5219,0.5608695652173913,True,True,True,False,0.9096717978507115,1.8530637444050009,0.024717378808200803,31,20,24,26,28,50,37,51,41,51
B,부산진구,부암동,화재,일반화재(주택),17,5219,0.7083333333333334,True,True,False,False,1.2507987220447285,0.3568010936431989,0.003257328990228013,6,2,1,4,4,8,4,2,5,5
B,부산진구,부암동,구조,산악사고,15,5219,0.6521739130434783,False,False,False,False,2.501597444089457,1.2488038277511961,0.0028741138149070704,3,6,3,3,0,6,7,6,4,0
B,부산진구,부암동,구조,수난사고,0,5219,,False,False,False,False,,,0.0,0,0,0,0,0,0,0,0,0,0
B,부산진구,부암동,구급,교통사고,266,5219,0.5720430107526882,True,True,True,False,0.6350208896534775,1.125682323606712,0.05096761831768538,61,54,48,45,58,99,82,87,88,109
B,부산진구,부전동,구급,심정지,99,12085,0.4925373134328358,True,True,False,False,0.8338658146964857,0.763157894736842,0.00819197352089367,20,11,21,24,23,37,32,34,47,51
B,부산진구,부전동,화재,일반화재(주택),34,12085,0.4927536231884058,True,True,False,False,1.16741214057508,0.8325358851674641,0.0028134050475796444,6,13,3,7,5,14,22,9,13,11
B,부산진구,부전동,구조,산악사고,0,12085,,False,False,False,False,,,0.0,0,0,0,0,0,0,0,0,0,0
B,부산진구,부전동,구조,수난사고,0,12085,0.0,False,False,False,False,,,0.0,0,0,0,0,0,0,1,0,1,0
B,부산진구,부전동,구급,교통사고,723,12085,0.4868686868686869,True,True,False,False,1.0645095506763647,1.0865298840321143,0.05982623086470831,168,163,138,138,116,334,345,284,279,243
B,부산진구,양정동,구급,심정지,91,5774,0.4739583333333333,True,True,False,False,1.0141611259822123,1.2488038277511961,0.015760304814686526,13,15,24,18,21,32,33,40,40,47
B,부산진구,양정동,화재,일반화재(주택),20,5774,0.5882352941176471,True,True,False,False,0.9096717978507115,0.0,0.0034638032559750607,4,5,6,3,2,9,10,7,3,5
B,부산진구,양정동,구조,산악사고,1,5774,0.3333333333333333,False,False,False,False,,0.0,0.00017319016279875303,0,0,0,0,1,1,1,0,0,1
B,부산진구,양정동,구조,수난사고,0,5774,,False,False,False,False,,,0.0,0,0,0,0,0,0,0,0,0,0
B,부산진구,양정동,구급,교통사고,323,5774,0.5252032520325203,True,True,False,False,0.8934276586033774,0.6068953181594597,0.05594042258399723,59,71,60,69,64,119,140,115,118,123
B,부산진구,연지동,구급,심정지,79,3417,0.7053571428571429,True,True,False,False,0.4056644503928849,1.2488038277511961,0.023119695639449808,12,14,17,14,22,18,20,25,18,31
B,부산진구,연지동,화재,일반화재(주택),11,3417,0.8461538461538461,True,True,False,False,0.0,7.492822966507178,0.003219198127011999,1,3,3,2,2,2,4,3,2,2
B,부산진구,연지동,구조,산악사고,0,3417,,False,False,False,False,,,0.0,0,0,0,0,0,0,0,0,0,0
B,부산진구,연지동,구조,수난사고,0,3417,,False,False,False,False,,,0.0,0,0,0,0,0,0,0,0,0,0
B,부산진구,연지동,구급,교통사고,109,3417,0.689873417721519,True,True,False,False,0.5331273241502121,0.999043062200957,0.03189932689493708,26,32,16,17,18,37,38,23,28,32
B,부산진구,전포동,구급,심정지,133,7748,0.5384615384615384,True,True,False,False,0.8495991319549098,1.3736842105263158,0.017165720185854414,22,24,25,29,33,45,48,46,50,58
B,부산진구,전포동,화재,일반화재(주택),26,7748,0.5416666666666666,True,True,False,False,0.9621528631113295,1.4985645933014355,0.003355704697986577,9,5,4,6,2,13,9,9,10,7
B,부산진구,전포동,구조,산악사고,5,7748,0.45454545454545453,True,False,False,False,2.5015974440894566,4.9952153110047846,0.0006453278265358802,0,1,1,2,1,1,3,1,3,3
B,부산진구,전포동,구조,수난사고,0,7748,0.0,False,False,False,False,,,0.0,0,0,0,0,0,0,1,0,0,0
B,부산진구,전포동,구급,교통사고,467,7748,0.5417633410672854,True,True,False,False,1.0817718677143597,0.9481658692185008,0.06027361899845121,99,115,104,83,66,184,210,182,155,131
B,부산진구,초읍동,구급,심정지,117,5022,0.7134146341463414,True,True,False,False,0.8829167449727495,0.576370997423629,0.023297491039426525,14,22,33,26,22,19,33,42,35,35
B,부산진구,초읍동,화재,일반화재(주택),19,5022,0.7916666666666666,True,True,False,False,0.3126996805111821,0.27751196172248804,0.003783353245718837,3,4,2,3,7,4,6,3,4,7
B,부산진구,초읍동,구조,산악사고,64,5022,0.8205128205128205,True,True,False,False,2.2931309904153356,1.998086124401914,0.012743926722421346,10,21,15,9,9,13,24,20,11,10
B,부산진구,초읍동,구조,수난사고,3,5022,0.6,False,False,False,False,,1.2488038277511961,0.0005973715651135006,0,0,0,1,2,0,1,0,2,2
B,부산진구,초읍동,구급,교통사고,120,5022,0.759493670886076,True,True,False,False,1.334185303514377,0.7684946632315053,0.023894862604540025,23,23,23,26,25,31,29,31,36,31
B,북구,구포동,구급,심정지,222,9696,0.5620253164556962,True,True,False,False,0.7697222904890636,0.7587668826842711,0.022896039603960396,31,40,48,47,56,64,70,87,76,98
B,북구,구포동,화재,일반화재(주택),46,9696,0.647887323943662,True,True,False,False,0.729632587859425,1.2488038277511964,0.004744224422442244,13,6,12,5,10,22,7,21,9,12
B,북구,구포동,구조,산악사고,17,9696,0.5483870967741935,True,True,False,False,5.003194888178913,0.9366028708133972,0.0017533003300330033,1,3,2,5,6,6,8,2,7,8
B,북구,구포동,구조,수난사고,13,9696,0.20967741935483872,True,True,False,False,0.0,1.6650717703349283,0.0013407590759075907,4,2,2,3,2,17,12,9,13,11
B,북구,구포동,구급,교통사고,394,9696,0.5260347129506008,True,True,False,False,0.8082084050135169,0.9684601113172542,0.040635313531353134,102,77,79,71,65,166,147,153,147,136
B,북구,금곡동,구급,심정지,232,9653,0.7682119205298014,True,True,False,False,0.8986320915661155,0.8325358851674641,0.024033979073863048,45,54,41,41,51,55,70,54,53,70
B,북구,금곡동,화재,일반화재(주택),11,9653,1.0,True,True,False,False,0.0,0.6244019138755981,0.001139542111260748,1,2,3,3,2,1,2,3,3,2
B,북구,금곡동,구조,산악사고,12,9653,0.48,True,False,False,False,1.6677316293929714,1.8732057416267944,0.0012431368486480886,1,0,4,5,2,5,2,5,7,6
B,북구,금곡동,구조,수난사고,0,9653,0.0,True,False,False,False,,,0.0,0,0,0,0,0,3,3,3,3,3
B,북구,금곡동,구급,교통사고,199,9653,0.6677852348993288,True,True,False,False,0.7913216404772772,1.0704032809295967,0.020615352740080802,47,45,37,34,36,70,63,61,53,51
B,북구,덕천동,구급,심정지,152,8045,0.5527272727272727,True,True,False,False,0.9920127795527157,0.9794539825499577,0.01889372280919826,25,22,34,34,37,50,49,60,53,63
B,북구,덕천동,화재,일반화재(주택),28,8045,0.5714285714285714,True,True,True,False,1.819343595701423,0.7136021872863978,0.003480422622747048,5,8,6,2,7,14,11,10,4,10
B,북구,덕천동,구조,산악사고,5,8045,0.7142857142857143,False,False,False,False,0.8338658146964857,,0.0006215040397762585,2,2,0,0,1,2,3,0,0,2
B,북구,덕천동,구조,수난사고,14,8045,0.42424242424242425,True,False,False,False,2.5015974440894566,0.0,0.001740211311373524,0,5,3,2,4,4,8,7,8,6
B,북구,덕천동,구급,교통사고,391,8045,0.5290933694181326,True,True,False,False,1.0525013636717837,1.0898651587646804,0.048601615910503417,74,84,75,74,84,134,158,147,128,172
B,북구,만덕동,구급,심정지,164,6616,0.5795053003533569,True,True,False,False,1.1930695502580486,1.0406698564593302,0.024788391777509067,26,32,38,34,34,44,52,60,65,62
B,북구,만덕동,화재,일반화재(주택),17,6616,0.6538461538461539,True,True,False,False,0.2501597444089457,0.0,0.002569528415961306,6,1,4,3,3,7,2,6,6,5
B,북구,만덕동,구조,산악사고,43,6616,0.7166666666666667,True,True,False,False,3.0575079872204474,2.289473684210526,0.006499395405078597,8,5,7,10,13,11,8,15,12,14
B,북구,만덕동,구조,수난사고,0,6616,,False,False,False,False,,,0.0,0,0,0,0,0,0,0,0,0,0
B,북구,만덕동,구급,교통사고,212,6616,0.5083932853717026,True,True,False,False,1.118361210298816,0.5474208560005244,0.03204353083434099,36,48,39,48,41,65,88,92,89,83
B,북구,화명동,구급,심정지,162,9012,0.5934065934065934,True,True,False,False,1.4071485623003193,1.3736842105263158,0.017976031957390146,23,31,46,30,32,45,51,75,48,54
B,북구,화명동,화재,일반화재(주택),15,9012,0.6521739130434783,True,True,False,False,0.9380990415335462,0.8325358851674641,0.0016644474034620505,4,4,3,1,3,6,4,7,2,4
B,북구,화명동,구조,산악사고,32,9012,0.5614035087719298,True,True,False,False,2.251437699680511,2.9138755980861246,0.003550821127385708,8,4,7,6,7,14,10,12,11,10
B,북구,화명동,구조,수난사고,3,9012,0.13636363636363635,False,False,False,False,,2.4976076555023923,0.00033288948069241014,0,0,1,2,0,0,5,7,6,4
B,북구,화명동,구급,교통사고,377,9012,0.5782208588957055,True,True,False,False,1.0458655980938971,0.9230289161639276,0.041833111407012874,97,82,72,71,55,165,142,130,117,98
B,사상구,감전동,구급,심정지,92,4544,0.7863247863247863,True,True,False,False,0.7437181590536223,0.9366028708133972,0.020246478873239437,14,19,15,27,17,17,24,20,32,24
B,사상구,감전동,화재,일반화재(주택),34,4544,0.8717948717948718,True,True,False,False,2.084664536741214,0.4995215311004785,0.007482394366197183,7,10,5,5,7,8,14,5,5,7
B,사상구,감전동,구조,산악사고,2,4544,0.6666666666666666,False,False,False,False,0.0,0.0,0.00044014084507042255,0,0,1,0,1,0,0,2,0,1
B,사상구,감전동,구조,수난사고,0,4544,0.0,False,False,False,False,,,0.0,0,0,0,0,0,0,0,0,1,1
B,사상구,감전동,구급,교통사고,346,4544,0.7134020618556701,True,True,False,False,0.7031517140143337,0.7823831210007494,0.0761443661971831,84,92,61,51,58,108,116,91,81,89
B,사상구,괘법동,구급,심정지,143,7737,0.715,True,True,False,False,1.36879860148291,0.9649847759895606,0.018482616001033993,29,14,39,27,34,37,26,54,37,46
B,사상구,괘법동,화재,일반화재(주택),34,7737,0.8717948717948718,True,True,False,False,2.251437699680511,2.1854066985645937,0.0043944681401059844,6,3,10,10,5,7,5,11,11,5
B,사상구,괘법동,구조,산악사고,8,7737,0.5714285714285714,True,False,False,False,1.6677316293929714,4.9952153110047846,0.0010339925035543493,2,3,0,1,2,2,4,1,4,3
B,사상구,괘법동,구조,수난사고,0,7737,0.0,False,False,False,False,,,0.0,0,0,0,0,0,0,0,0,0,1
B,사상구,괘법동,구급,교통사고,372,7737,0.7018867924528301,True,True,False,False,0.6735070041779307,1.2890878221947832,0.04808065141527724,95,78,58,80,61,129,104,82,114,101
B,사상구,덕포동,구급,심정지,70,3874,0.603448275862069,True,True,False,False,0.8789396425179172,1.0704032809295967,0.018069179143004648,20,11,19,8,12,28,16,30,18,24
B,사상구,덕포동,화재,일반화재(주택),19,3874,0.6785714285714286,True,False,False,False,0.9621528631113295,0.0,0.00490449148167269,3,4,11,0,1,7,4,12,1,4
B,사상구,덕포동,구조,산악사고,2,3874,1.0,False,False,False,False,0.0,,0.0005162622612287042,0,1,1,0,0,0,1,1,0,0
B,사상구,덕포동,구조,수난사고,0,3874,,False,False,False,False,,,0.0,0,0,0,0,0,0,0,0,0,0
B,사상구,덕포동,구급,교통사고,192,3874,0.6,True,True,False,False,0.9041918472612495,1.0898651587646804,0.0495611770779556,43,40,30,38,41,71,64,47,68,70
B,사상구,모라동,구급,심정지,175,7685,0.5756578947368421,True,True,True,False,1.1465654952076676,0.8011194366705786,0.02277163305139883,39,34,32,34,36,58,63,62,58,63
B,사상구,모라동,화재,일반화재(주택),19,7685,0.6785714285714286,False,False,False,False,1.0006389776357827,0.6244019138755981,0.00247234873129473,4,4,6,0,5,7,6,6,0,9
B,사상구,모라동,구조,산악사고,12,7685,0.5454545454545454,True,False,False,False,1.0721131903240528,,0.0015614834092387768,3,5,2,0,2,7,5,4,3,3
B,사상구,모라동,구조,수난사고,0,7685,,False,False,False,False,,,0.0,0,0,0,0,0,0,0,0,0,0
B,사상구,모라동,구급,교통사고,252,7685,0.5070422535211268,True,True,False,False,1.1923501836314234,0.7184898735006883,0.032791151594014314,57,49,52,45,49,110,82,107,96,102
B,사상구,삼락동,구급,심정지,42,2692,0.6461538461538462,True,True,False,False,1.16741214057508,0.6244019138755981,0.015601783060921248,6,6,10,9,11,10,10,14,16,15
B,사상구,삼락동,화재,일반화재(주택),12,2692,0.7058823529411765,False,False,False,False,1.2507987220447285,0.0,0.004457652303120356,2,3,4,3,0,2,6,4,5,0
B,사상구,삼락동,구조,산악사고,1,2692,1.0,False,False,False,False,,,0.0003714710252600297,0,0,0,0,1,0,0,0,0,1
B,사상구,삼락동,구조,수난사고,8,2692,0.32,True,False,False,False,10.006389776357826,0.0,0.0029717682020802376,2,0,3,2,1,5,5,6,5,4
B,사상구,삼락동,구급,교통사고,174,2692,0.6641221374045801,True,True,False,False,0.5211661341853036,0.8712584844775787,0.06463595839524518,36,41,39,35,23,56,54,60,52,40
B,사상구,엄궁동,구급,심정지,89,4122,0.8240740740740741,True,True,False,False,1.917891373801917,0.9606183290393817,0.021591460456089277,16,20,17,20,16,16,24,21,24,23
B,사상구,엄궁동,화재,일반화재(주택),17,4122,0.9444444444444444,False,False,False,False,0.8338658146964856,0.0,0.004124211547792334,5,1,6,5,0,5,1,7,5,0
B,사상구,엄궁동,구조,산악사고,19,4122,0.6785714285714286,True,True,False,False,1.6677316293929711,2.4976076555023923,0.004609412906356138,5,7,3,2,2,6,13,4,3,2
B,사상구,엄궁동,구조,수난사고,7,4122,0.4666666666666667,True,False,False,False,0.0,4.9952153110047846,0.001698204754973314,3,1,0,2,1,3,3,3,4,2
B,사상구,엄궁동,구급,교통사고,251,4122,0.7275362318840579,True,True,False,False,0.9842350599696224,0.9313113291703836,0.0608927704997574,57,65,48,43,38,78,79,67,62,59
B,사상구,주례동,구급,심정지,142,7130,0.5126353790613718,True,True,False,False,0.6144274424079367,0.6134474943339209,0.01991584852734923,20,29,22,34,37,42,55,42,66,72
B,사상구,주례동,화재,일반화재(주택),30,7130,0.5555555555555556,True,True,True,False,0.6670926517571886,2.0813397129186604,0.004207573632538569,5,7,7,4,7,12,10,16,8,8
B,사상구,주례동,구조,산악사고,11,7130,0.39285714285714285,True,True,False,False,2.501597444089457,9.990430622009569,0.0015427769985974754,3,1,2,3,2,8,7,4,5,4
B,사상구,주례동,구조,수난사고,1,7130,0.5,False,False,False,False,,0.0,0.00014025245441795232,0,0,0,1,0,1,0,0,1,0
B,사상구,주례동,구급,교통사고,292,7130,0.5499058380414312,True,True,False,False,0.8686102236421726,0.7229916897506924,0.04095371669004207,62,73,59,55,43,112,112,110,99,98
B,사상구,학장동,구급,심정지,123,5418,0.7321428571428571,True,True,False,False,0.8487562756732085,0.9276828434723172,0.022702104097452935,14,26,35,31,17,21,37,46,39,25
B,사상구,학장동,화재,일반화재(주택),16,5418,0.8,True,True,False,False,2.5015974440894566,0.4995215311004785,0.0029531192321889995,6,3,1,4,2,7,4,2,5,2
B,사상구,학장동,구조,산악사고,10,5418,0.8333333333333334,True,False,False,False,0.6253993610223642,1.6650717703349283,0.0018456995201181247,1,0,4,1,4,1,1,5,1,4
B,사상구,학장동,구조,수난사고,1,5418,0.3333333333333333,False,False,False,False,,0.0,0.00018456995201181247,0,0,0,1,0,0,0,0,2,1
B,사상구,학장동,구급,교통사고,335,5418,0.7298474945533769,True,True,False,False,0.6183724019097533,0.986709197235513,0.06183093392395718,84,76,62,56,57,112,98,84,85,80
B,사하구,감천동,구급,심정지,103,4400,0.553763440860215,True,True,False,False,1.3202875399361023,1.0284266816774559,0.02340909090909091,19,16,20,24,24,32,28,44,39,43
B,사하구,감천동,화재,일반화재(주택),20,4400,0.7407407407407407,True,True,False,False,2.1442263806481057,0.999043062200957,0.004545454545454545,6,6,1,3,4,9,7,1,5,5
B,사하구,감천동,구조,산악사고,5,4400,0.5,False,False,False,False,7.504792332268369,0.0,0.0011363636363636363,2,2,0,1,0,3,4,1,2,0
B,사하구,감천동,구조,수난사고,5,4400,0.45454545454545453,False,False,False,False,5.003194888178913,2.4976076555023923,0.0011363636363636363,2,0,1,2,0,6,0,3,2,0
B,사하구,감천동,구급,교통사고,176,4400,0.5751633986928104,True,True,False,False,0.9644713037453327,1.12987012987013,0.04,33,52,30,27,34,51,85,58,52,60
B,사하구,괴정동,구급,심정지,254,8843,0.5866050808314087,True,True,False,False,1.0461225675283181,1.4502237999691312,0.028723283953409475,46,48,62,45,53,76,86,104,74,93
B,사하구,괴정동,화재,일반화재(주택),35,8843,0.6730769230769231,True,True,False,False,0.26332604674625865,0.999043062200957,0.003957932828225715,7,7,7,3,11,9,9,13,6,15
B,사하구,괴정동,구조,산악사고,18,8843,0.5142857142857142,True,True,True,False,1.429484253765404,14.985645933014355,0.002035508311658939,3,4,4,5,2,4,9,6,9,7
B,사하구,괴정동,구조,수난사고,1,8843,0.5,False,False,False,False,0.0,,0.00011308379509216329,0,0,1,0,0,0,0,1,1,0
B,사하구,괴정동,구급,교통사고,311,8843,0.5427574171029669,True,True,False,False,1.1868892982906183,0.8633705475810739,0.03516906027366278,72,57,73,56,53,117,109,131,119,97
B,사하구,구평동,구급,심정지,31,2066,0.6739130434782609,True,True,False,False,0.750479233226837,0.7136021872863978,0.015004840271055178,4,4,5,7,11,8,6,8,9,15
B,사하구,구평동,화재,일반화재(주택),12,2066,0.8571428571428571,True,True,False,False,0.2779552715654952,0.0,0.005808325266214908,2,6,2,1,1,2,7,2,2,1
B,사하구,구평동,구조,산악사고,1,2066,1.0,False,False,False,False,0.0,,0.000484027105517909,1,0,0,0,0,1,0,0,0,0
B,사하구,구평동,구조,수난사고,5,2066,0.7142857142857143,False,False,False,False,0.6253993610223642,,0.002420135527589545,3,1,1,0,0,3,1,2,1,0
B,사하구,구평동,구급,교통사고,87,2066,0.6258992805755396,True,True,False,False,0.8701208501180719,0.9712918660287082,0.04211035818005808,21,15,26,15,10,32,27,42,23,15
B,사하구,다대동,구급,심정지,267,11103,0.5855263157894737,True,True,False,False,0.9353799138769274,0.9053827751196173,0.024047554714941907,53,57,48,49,60,82,94,90,81,109
B,사하구,다대동,화재,일반화재(주택),19,11103,0.6551724137931034,True,False,False,False,0.41693290734824284,1.6650717703349283,0.001711249211924705,7,3,4,5,0,10,5,5,8,1
B,사하구,다대동,구조,산악사고,5,11103,0.3333333333333333,True,False,False,False,2.5015974440894566,1.2488038277511961,0.00045032873998018553,0,1,1,1,2,1,3,1,4,6
B,사하구,다대동,구조,수난사고,67,11103,0.46853146853146854,True,True,False,False,2.5015974440894566,1.0406698564593302,0.006034405115734486,20,17,13,7,10,35,34,24,27,23
B,사하구,다대동,구급,교통사고,272,11103,0.5354330708661418,True,True,False,False,1.4384185303514379,0.7414772727272728,0.024497883454922095,64,67,58,39,44,105,117,113,78,95
B,사하구,당리동,구급,심정지,102,4425,0.6754966887417219,True,True,False,False,0.5211661341853036,1.16555023923445,0.02305084745762712,15,21,22,20,24,21,33,37,30,30
B,사하구,당리동,화재,일반화재(주택),18,4425,0.8181818181818182,True,True,False,False,2.501597444089457,0.0,0.004067796610169492,2,6,4,5,1,4,6,6,5,1
B,사하구,당리동,구조,산악사고,33,4425,0.673469387755102,True,True,False,False,3.0575079872204474,0.7492822966507178,0.007457627118644068,4,8,8,5,8,5,12,16,6,10
B,사하구,당리동,구조,수난사고,0,4425,0.0,False,False,False,False,,,0.0,0,0,0,0,0,0,2,0,0,0
B,사하구,당리동,구급,교통사고,209,4425,0.6830065359477124,True,True,False,False,0.5772917178667977,1.0516242760010073,0.0472316384180791,46,44,38,44,37,63,65,61,60,57
B,사하구,신평동,구급,심정지,106,5596,0.5638297872340425,True,True,False,False,1.0112840731425463,1.0704032809295967,0.018942101501072194,15,25,26,25,15,30,44,40,45,29
B,사하구,신평동,화재,일반화재(주택),27,5596,0.6585365853658537,True,True,False,False,1.5919256462387452,0.31220095693779903,0.004824874910650465,5,7,6,4,5,6,13,9,7,6
B,사하구,신평동,구조,산악사고,10,5596,0.7142857142857143,False,False,False,False,1.500958466453674,2.4976076555023923,0.0017869907076483202,0,5,3,1,1,0,6,4,2,2
B,사하구,신평동,구조,수난사고,2,5596,0.25,True,False,False,False,0.0,0.0,0.00035739814152966406,0,1,0,0,1,2,2,1,1,2
B,사하구,신평동,구급,교통사고,233,5596,0.4371482176360225,True,True,False,False,0.6306548178376782,0.6811657242279252,0.041636883488205864,48,49,52,41,43,106,108,99,116,104
B,사하구,장림동,구급,심정지,143,5673,0.5983263598326359,True,True,False,False,0.5559105431309904,1.1173507932510702,0.02520712145249427,30,27,31,27,28,53,40,53,44,49
B,사하구,장림동,화재,일반화재(주택),33,5673,0.75,True,True,False,False,0.9621528631113295,1.6650717703349283,0.005817028027498678,6,5,7,6,9,10,7,8,9,10
B,사하구,장림동,구조,산악사고,9,5673,0.8181818181818182,False,False,False,False,0.8338658146964857,0.0,0.0015864621893178213,3,3,2,1,0,3,3,4,1,0
B,사하구,장림동,구조,수난사고,2,5673,0.5,False,False,False,False,0.0,0.0,0.00035254715318173806,0,0,1,1,0,0,1,1,2,0
B,사하구,장림동,구급,교통사고,290,5673,0.5420560747663551,True,True,False,False,0.8934276586033774,0.8325358851674641,0.05111933721135202,80,61,49,49,51,131,119,91,98,96
B,사하구,하단동,구급,심정지,141,8220,0.5573122529644269,True,True,False,False,1.2763252265762535,0.8491866028708133,0.017153284671532848,20,23,31,34,33,36,49,54,54,60
B,사하구,하단동,화재,일반화재(주택),29,8220,0.6304347826086957,True,True,False,False,1.500958466453674,0.7492822966507178,0.0035279805352798053,7,5,4,6,7,10,10,10,8,8
B,사하구,하단동,구조,산악사고,17,8220,0.6538461538461539,True,True,False,False,3.502236421725239,1.6650717703349283,0.002068126520681265,2,8,2,4,1,6,9,4,4,3
B,사하구,하단동,구조,수난사고,17,8220,0.29310344827586204,True,False,False,False,1.786855317206755,9.990430622009569,0.002068126520681265,6,6,0,2,3,14,18,6,11,9
B,사하구,하단동,구급,교통사고,473,8220,0.5232300884955752,True,True,False,False,0.9465503842500647,0.8391961722488038,0.057542579075425794,100,101,105,77,90,164,179,213,184,164
B,서구,남부민동,구급,심정지,93,2958,0.5670731707317073,True,True,False,False,1.2507987220447283,1.6650717703349283,0.03144016227180527,15,17,16,23,22,26,26,33,45,34
B,서구,남부민동,화재,일반화재(주택),19,2958,0.7037037037037037,True,True,False,False,0.750479233226837,2.4976076555023923,0.006423258958755916,4,5,4,3,3,7,6,5,6,3
B,서구,남부민동,구조,산악사고,4,2958,1.0,False,False,False,False,1.2507987220447283,,0.001352265043948614,1,1,1,1,0,1,1,1,1,0
B,서구,남부민동,구조,수난사고,20,2958,0.4444444444444444,True,True,False,False,1.1118210862619808,0.999043062200957,0.0067613252197430695,3,6,4,4,3,9,12,7,7,10
B,서구,남부민동,구급,교통사고,83,2958,0.535483870967742,True,True,False,False,0.9890036406865294,0.5258121380005036,0.02805949966193374,25,22,13,12,11,46,36,23,27,23
B,서구,동대신동1가,구급,심정지,13,752,0.41935483870967744,True,True,True,False,1.0721131903240528,1.2488038277511961,0.017287234042553192,5,2,3,1,2,7,2,7,3,12
B,서구,동대신동1가,화재,일반화재(주택),3,752,0.375,True,False,True,False,0.0,2.4976076555023923,0.003989361702127659,0,1,0,1,1,2,2,2,1,1
B,서구,동대신동1가,구조,산악사고,0,752,,False,False,False,False,,,0.0,0,0,0,0,0,0,0,0,0,0
B,서구,동대신동1가,구조,수난사고,0,752,,False,False,False,False,,,0.0,0,0,0,0,0,0,0,0,0,0
B,서구,동대신동1가,구급,교통사고,33,752,0.55,True,True,False,False,0.7817492012779552,0.4995215311004785,0.043882978723404256,5,6,10,6,6,7,15,13,14,11
B,서구,동대신동2가,구급,심정지,38,1172,0.6666666666666666,True,True,False,False,1.7318751536003931,0.5763709974236291,0.032423208191126277,6,10,6,8,8,10,12,6,12,17
B,서구,동대신동2가,화재,일반화재(주택),10,1172,0.7142857142857143,True,True,False,False,0.5003194888178913,0.0,0.008532423208191127,2,1,3,2,2,3,2,3,4,2
B,서구,동대신동2가,구조,산악사고,0,1172,,False,False,False,False,,,0.0,0,0,0,0,0,0,0,0,0,0
B,서구,동대신동2가,구조,수난사고,0,1172,,False,False,False,False,,,0.0,0,0,0,0,0,0,0,0,0,0
B,서구,동대신동2가,구급,교통사고,53,1172,0.5760869565217391,True,True,False,False,0.6822538483880337,0.4757347915242652,0.04522184300341297,10,12,6,9,16,17,22,14,14,25
B,서구,동대신동3가,구급,심정지,35,1203,0.603448275862069,True,True,True,False,0.8829167449727494,0.4995215311004785,0.029093931837073983,7,6,10,6,6,8,12,14,11,13
B,서구,동대신동3가,화재,일반화재(주택),8,1203,0.7272727272727273,True,False,False,False,1.6677316293929714,1.2488038277511961,0.006650041562759767,1,0,4,2,1,3,1,4,2,1
B,서구,동대신동3가,구조,산악사고,11,1203,0.6470588235294118,True,False,False,False,6.253993610223642,0.8325358851674641,0.00914380714879468,5,0,2,1,3,5,3,3,3,3
B,서구,동대신동3가,구조,수난사고,0,1203,,False,False,False,False,,,0.0,0,0,0,0,0,0,0,0,0,0
B,서구,동대신동3가,구급,교통사고,57,1203,0.5428571428571428,True,True,False,False,1.08765106264759,2.11336032388664,0.04738154613466334,15,7,11,14,10,21,13,26,24,21
B,서구,부민동1가,구급,심정지,4,282,0.5,True,False,False,False,1.2507987220447283,0.0,0.014184397163120567,1,1,1,0,1,1,1,2,1,3
B,서구,부민동1가,화재,일반화재(주택),2,282,1.0,False,False,False,False,,,0.0070921985815602835,0,1,0,1,0,0,1,0,1,0
B,서구,부민동1가,구조,산악사고,0,282,,False,False,False,False,,,0.0,0,0,0,0,0,0,0,0,0,0
B,서구,부민동1가,구조,수난사고,0,282,,False,False,False,False,,,0.0,0,0,0,0,0,0,0,0,0,0
B,서구,부민동1가,구급,교통사고,20,282,0.6060606060606061,True,True,False,False,2.501597444089457,0.4995215311004785,0.07092198581560284,9,1,4,5,1,12,6,6,5,4
B,서구,부민동2가,구급,심정지,1,130,1.0,False,False,False,False,0.0,,0.007692307692307693,0,1,0,0,0,0,1,0,0,0
B,서구,부민동2가,화재,일반화재(주택),0,130,0.0,False,False,False,False,,,0.0,0,0,0,0,0,0,1,1,0,0
B,서구,부민동2가,구조,산악사고,0,130,,False,False,False,False,,,0.0,0,0,0,0,0,0,0,0,0,0
B,서구,부민동2가,구조,수난사고,0,130,,False,False,False,False,,,0.0,0,0,0,0,0,0,0,0,0,0
B,서구,부민동2가,구급,교통사고,14,130,0.7,False,False,False,False,0.5559105431309904,0.0,0.1076923076923077,6,2,3,3,0,8,3,5,4,0
B,서구,부민동3가,구급,심정지,16,507,0.6956521739130435,True,True,False,False,1.500958466453674,0.3568010936431989,0.03155818540433925,2,3,3,1,7,4,4,3,4,8
B,서구,부민동3가,화재,일반화재(주택),2,507,0.5,False,False,False,False,2.5015974440894566,,0.0039447731755424065,0,1,1,0,0,1,1,1,1,0
B,서구,부민동3가,구조,산악사고,0,507,,False,False,False,False,,,0.0,0,0,0,0,0,0,0,0,0,0
B,서구,부민동3가,구조,수난사고,0,507,,False,False,False,False,,,0.0,0,0,0,0,0,0,0,0,0,0
B,서구,부민동3가,구급,교통사고,10,507,0.6666666666666666,True,False,False,False,0.0,0.0,0.01972386587771203,2,4,2,2,0,2,6,3,3,1
B,서구,부용동1가,구급,심정지,2,267,0.5,False,False,False,False,2.5015974440894566,,0.00749063670411985,0,1,1,0,0,0,1,2,1,0
B,서구,부용동1가,화재,일반화재(주택),0,267,,False,False,False,False,,,0.0,0,0,0,0,0,0,0,0,0,0
B,서구,부용동1가,구조,산악사고,0,267,,False,False,False,False,,,0.0,0,0,0,0,0,0,0,0,0,0
B,서구,부용동1가,구조,수난사고,0,267,,False,False,False,False,,,0.0,0,0,0,0,0,0,0,0,0,0
B,서구,부용동1가,구급,교통사고,15,267,0.8333333333333334,False,False,False,False,0.3126996805111821,1.2488038277511961,0.056179775280898875,4,1,4,6,0,6,1,4,7,0
B,서구,부용동2가,구급,심정지,5,307,0.625,False,False,False,False,1.6677316293929714,,0.016286644951140065,1,0,4,0,0,2,0,6,0,0
B,서구,부용동2가,화재,일반화재(주택),2,307,1.0,False,False,False,False,0.0,0.0,0.006514657980456026,1,0,0,1,0,1,0,0,1,0
B,서구,부용동2가,구조,산악사고,0,307,,False,False,False,False,,,0.0,0,0,0,0,0,0,0,0,0,0
B,서구,부용동2가,구조,수난사고,0,307,,False,False,False,False,,,0.0,0,0,0,0,0,0,0,0,0,0
B,서구,부용동2가,구급,교통사고,17,307,0.6296296296296297,True,True,False,False,0.22741794946267788,0.6244019138755981,0.05537459283387622,6,4,2,4,1,10,5,4,6,2
B,서구,서대신동1가,구급,심정지,18,676,0.5625,True,False,False,False,2.0012779552715654,1.2488038277511961,0.026627218934911243,0,1,8,3,6,1,4,10,6,11
B,서구,서대신동1가,화재,일반화재(주택),4,676,0.8,False,False,False,False,2.5015974440894566,,0.005917159763313609,0,2,2,0,0,0,2,3,0,0
B,서구,서대신동1가,구조,산악사고,0,676,,False,False,False,False,,,0.0,0,0,0,0,0,0,0,0,0,0
B,서구,서대신동1가,구조,수난사고,0,676,,False,False,False,False,,,0.0,0,0,0,0,0,0,0,0,0,0
B,서구,서대신동1가,구급,교통사고,30,676,0.5357142857142857,True,True,False,False,0.5772917178667977,1.8732057416267944,0.04437869822485207,3,9,4,5,9,7,17,8,10,14
B,서구,서대신동2가,구급,심정지,31,1393,0.5,True,True,False,False,0.9380990415335462,1.6650717703349283,0.022254127781765973,2,5,4,11,9,6,10,9,16,21
B,서구,서대신동2가,화재,일반화재(주택),5,1393,0.7142857142857143,True,True,False,False,0.0,2.4976076555023923,0.003589375448671931,1,1,1,1,1,1,2,1,1,2
B,서구,서대신동2가,구조,산악사고,0,1393,,False,False,False,False,,,0.0,0,0,0,0,0,0,0,0,0,0
B,서구,서대신동2가,구조,수난사고,0,1393,,False,False,False,False,,,0.0,0,0,0,0,0,0,0,0,0,0
B,서구,서대신동2가,구급,교통사고,53,1393,0.5,True,True,False,False,0.6485623003194888,0.4683014354066986,0.03804737975592247,8,18,8,10,9,18,28,16,24,20
B,서구,서대신동3가,구급,심정지,44,1968,0.46808510638297873,True,True,False,False,1.3470140083558613,0.6572651725006295,0.022357723577235773,7,6,7,13,11,11,19,10,28,26
B,서구,서대신동3가,화재,일반화재(주택),7,1968,0.6363636363636364,True,False,False,False,2.5015974440894566,0.0,0.003556910569105691,2,0,2,1,2,3,1,2,3,2
B,서구,서대신동3가,구조,산악사고,24,1968,0.5581395348837209,True,True,False,False,2.0012779552715654,0.4995215311004785,0.012195121951219513,8,4,6,3,3,12,5,11,8,7
B,서구,서대신동3가,구조,수난사고,0,1968,,False,False,False,False,,,0.0,0,0,0,0,0,0,0,0,0,0
B,서구,서대신동3가,구급,교통사고,45,1968,0.45454545454545453,True,True,False,False,0.6583151168656466,0.7805023923444977,0.022865853658536585,5,10,9,8,13,9,26,21,16,27
B,서구,아미동1가,구급,심정지,3,560,0.6,False,False,False,False,0.0,0.0,0.005357142857142857,2,0,0,1,0,2,0,0,1,2
B,서구,아미동1가,화재,일반화재(주택),0,560,,False,False,False,False,,,0.0,0,0,0,0,0,0,0,0,0,0
B,서구,아미동1가,구조,산악사고,0,560,,False,False,False,False,,,0.0,0,0,0,0,0,0,0,0,0,0
B,서구,아미동1가,구조,수난사고,0,560,,False,False,False,False,,,0.0,0,0,0,0,0,0,0,0,0,0
B,서구,아미동1가,구급,교통사고,19,560,0.7307692307692307,True,True,False,False,0.6253993610223642,1.998086124401914,0.033928571428571426,2,4,4,6,3,5,4,4,7,6
B,서구,아미동2가,구급,심정지,48,1504,0.5925925925925926,True,True,False,False,0.5956184390689183,0.7345904869124684,0.031914893617021274,8,7,11,14,8,11,13,19,21,17
B,서구,아미동2가,화재,일반화재(주택),12,1504,0.5714285714285714,True,True,False,False,2.501597444089457,1.2488038277511961,0.007978723404255319,1,1,4,4,2,2,3,7,5,4
B,서구,아미동2가,구조,산악사고,0,1504,0.0,False,False,False,False,,,0.0,0,0,0,0,0,0,0,0,0,1
B,서구,아미동2가,구조,수난사고,0,1504,,False,False,False,False,,,0.0,0,0,0,0,0,0,0,0,0,0
B,서구,아미동2가,구급,교통사고,37,1504,0.578125,True,True,False,False,0.43506042505903597,1.0704032809295967,0.024601063829787235,15,6,6,3,7,17,9,11,10,17
B,서구,암남동,구급,심정지,75,4293,0.6410256410256411,True,True,False,False,0.7035742811501596,1.0406698564593302,0.017470300489168415,11,14,16,18,16,15,20,29,26,27
B,서구,암남동,화재,일반화재(주택),21,4293,0.875,True,True,False,False,0.0,0.6244019138755981,0.004891684136967156,5,2,4,6,4,6,2,5,7,4
B,서구,암남동,구조,산악사고,8,4293,0.6666666666666666,False,False,False,False,6.253993610223642,0.0,0.0018634987188446308,3,3,1,1,0,4,5,1,2,0
B,서구,암남동,구조,수난사고,37,4293,0.22699386503067484,True,True,False,False,1.429484253765404,1.2488038277511964,0.008618681574656418,8,8,6,11,4,15,100,15,22,11
B,서구,암남동,구급,교통사고,148,4293,0.6788990825688074,True,True,False,False,0.7099127881875485,0.8117224880382775,0.03447472629862567,42,28,25,31,22,50,44,46,51,27
B,서구,초장동,구급,심정지,40,1008,0.6896551724137931,True,True,False,False,1.4715279082879158,1.1100478468899522,0.03968253968253968,4,10,13,6,7,6,18,16,8,10
B,서구,초장동,화재,일반화재(주택),12,1008,0.8571428571428571,True,False,False,False,3.126996805111821,1.2488038277511961,0.011904761904761904,4,2,3,0,3,5,2,3,1,3
B,서구,초장동,구조,산악사고,1,1008,0.5,False,False,False,False,,,0.000992063492063492,1,0,0,0,0,1,1,0,0,0
B,서구,초장동,구조,수난사고,0,1008,,False,False,False,False,,,0.0,0,0,0,0,0,0,0,0,0,0
B,서구,초장동,구급,교통사고,18,1008,0.6428571428571429,True,True,False,False,1.389776357827476,0.8325358851674641,0.017857142857142856,3,4,7,2,2,5,5,8,7,3
B,서구,충무동1가,구급,심정지,16,1079,0.5333333333333333,True,True,True,False,0.9380990415335462,1.6650717703349283,0.014828544949026877,2,4,5,4,1,2,8,6,11,3
B,서구,충무동1가,화재,일반화재(주택),6,1079,0.6666666666666666,False,False,False,False,5.003194888178913,1.2488038277511961,0.005560704355885079,0,0,3,0,3,0,1,3,0,5
B,서구,충무동1가,구조,산악사고,0,1079,,False,False,False,False,,,0.0,0,0,0,0,0,0,0,0,0,0
B,서구,충무동1가,구조,수난사고,8,1079,0.8,True,True,False,False,5.003194888178913,1.6650717703349283,0.0074142724745134385,1,1,1,4,1,1,1,1,5,2
B,서구,충무동1가,구급,교통사고,57,1079,0.59375,True,True,False,False,1.1614559561843907,1.9425837320574164,0.05282669138090825,16,12,13,8,8,24,21,15,18,18
B,서구,충무동2가,구급,심정지,10,371,0.43478260869565216,True,True,False,False,1.2507987220447283,2.4976076555023923,0.026954177897574125,2,3,1,3,1,5,4,5,6,3
B,서구,충무동2가,화재,일반화재(주택),3,371,1.0,False,False,False,False,0.0,0.0,0.008086253369272238,0,0,1,1,1,0,0,1,1,1
B,서구,충무동2가,구조,산악사고,0,371,,False,False,False,False,,,0.0,0,0,0,0,0,0,0,0,0,0
B,서구,충무동2가,구조,수난사고,0,371,,False,False,False,False,,,0.0,0,0,0,0,0,0,0,0,0,0
B,서구,충무동2가,구급,교통사고,4,371,0.5714285714285714,False,False,False,False,0.0,0.0,0.01078167115902965,1,2,0,1,0,2,4,0,1,0
B,서구,충무동3가,구급,심정지,9,236,0.6,True,True,False,False,1.8761980830670923,2.4976076555023923,0.038135593220338986,2,3,2,1,1,4,4,4,2,1
B,서구,충무동3가,화재,일반화재(주택),3,236,1.0,False,False,False,False,0.0,0.0,0.012711864406779662,2,0,0,1,0,2,0,0,1,0
B,서구,충무동3가,구조,산악사고,0,236,,False,False,False,False,,,0.0,0,0,0,0,0,0,0,0,0,0
B,서구,충무동3가,구조,수난사고,0,236,,False,False,False,False,,,0.0,0,0,0,0,0,0,0,0,0,0
B,서구,충무동3가,구급,교통사고,9,236,0.6923076923076923,True,False,False,False,1.2507987220447283,1.2488038277511961,0.038135593220338986,0,4,2,2,1,1,6,2,3,1
B,서구,토성동1가,구급,심정지,8,464,0.5333333333333333,True,False,False,False,0.5003194888178913,2.4976076555023923,0.017241379310344827,1,2,3,2,0,1,3,3,7,1
B,서구,토성동1가,화재,일반화재(주택),1,464,0.3333333333333333,False,False,False,False,0.0,,0.0021551724137931034,0,0,1,0,0,0,0,2,1,0
B,서구,토성동1가,구조,산악사고,0,464,,False,False,False,False,,,0.0,0,0,0,0,0,0,0,0,0,0
B,서구,토성동1가,구조,수난사고,0,464,,False,False,False,False,,,0.0,0,0,0,0,0,0,0,0,0,0
B,서구,토성동1가,구급,교통사고,22,464,0.7857142857142857,True,True,True,False,0.5772917178667977,2.4976076555023923,0.04741379310344827,2,7,7,5,1,3,7,8,6,4
B,서구,토성동2가,구급,심정지,6,184,0.75,False,False,False,False,1.2507987220447283,,0.03260869565217391,3,2,1,0,0,4,2,1,0,1
B,서구,토성동2가,화재,일반화재(주택),0,184,,False,False,False,False,,,0.0,0,0,0,0,0,0,0,0,0,0
B,서구,토성동2가,구조,산악사고,0,184,,False,False,False,False,,,0.0,0,0,0,0,0,0,0,0,0,0
B,서구,토성동2가,구조,수난사고,0,184,,False,False,False,False,,,0.0,0,0,0,0,0,0,0,0,0,0
B,서구,토성동2가,구급,교통사고,2,184,0.25,False,False,False,False,0.0,,0.010869565217391304,0,2,0,0,0,0,4,1,1,2
B,서구,토성동3가,구급,심정지,3,201,1.0,False,False,False,False,1.2507987220447283,,0.014925373134328358,0,1,2,0,0,0,1,2,0,0
B,서구,토성동3가,화재,일반화재(주택),2,201,0.6666666666666666,False,False,False,False,2.5015974440894566,,0.009950248756218905,1,1,0,0,0,1,2,0,0,0
B,서구,토성동3가,구조,산악사고,0,201,,False,False,False,False,,,0.0,0,0,0,0,0,0,0,0,0,0
B,서구,토성동3가,구조,수난사고,0,201,,False,False,False,False,,,0.0,0,0,0,0,0,0,0,0,0,0
B,서구,토성동3가,구급,교통사고,12,201,0.75,True,True,False,False,1.0006389776357827,3.746411483253589,0.05970149253731343,4,1,2,4,1,4,1,4,6,1
B,서구,토성동4가,구급,심정지,2,236,1.0,False,False,False,False,0.0,0.0,0.00847457627118644,0,0,1,1,0,0,0,1,1,0
B,서구,토성동4가,화재,일반화재(주택),3,236,1.0,False,False,False,False,2.5015974440894566,0.0,0.012711864406779662,0,2,0,1,0,0,2,0,1,0
B,서구,토성동4가,구조,산악사고,0,236,,False,False,False,False,,,0.0,0,0,0,0,0,0,0,0,0,0
B,서구,토성동4가,구조,수난사고,0,236,,False,False,False,False,,,0.0,0,0,0,0,0,0,0,0,0,0
B,서구,토성동4가,구급,교통사고,20,236,0.625,True,True,True,False,3.752396166134185,0.6244019138755981,0.0847457627118644,4,6,5,2,3,5,9,7,3,8
B,서구,토성동5가,구급,심정지,12,413,0.75,True,True,False,False,3.126996805111821,4.9952153110047846,0.029055690072639227,4,1,4,2,1,4,1,6,3,2
B,서구,토성동5가,화재,일반화재(주택),2,413,0.6666666666666666,False,False,False,False,0.0,,0.004842615012106538,0,0,2,0,0,0,0,3,0,0
B,서구,토성동5가,구조,산악사고,0,413,,False,False,False,False,,,0.0,0,0,0,0,0,0,0,0,0,0
B,서구,토성동5가,구조,수난사고,0,413,,False,False,False,False,,,0.0,0,0,0,0,0,0,0,0,0,0
B,서구,토성동5가,구급,교통사고,15,413,0.6521739130434783,True,True,True,False,0.5559105431309904,0.8325358851674641,0.03631961259079903,3,5,3,3,1,3,5,8,3,4
B,수영구,광안동,구급,심정지,223,11996,0.5747422680412371,True,True,False,False,0.9743063729611569,1.1682358388640222,0.018589529843281095,40,48,44,40,51,62,83,79,69,95
B,수영구,광안동,화재,일반화재(주택),52,11996,0.6933333333333334,True,True,True,False,0.8701208501180719,1.8732057416267944,0.004334778259419807,9,12,10,8,13,19,16,14,10,16
B,수영구,광안동,구조,산악사고,6,11996,0.3157894736842105,True,False,True,False,1.6677316293929714,0.0,0.0005001667222407469,1,2,2,1,0,1,5,9,2,2
B,수영구,광안동,구조,수난사고,40,11996,0.17316017316017315,True,True,False,False,3.3354632587859427,1.7840054682159945,0.003334444814938313,5,16,7,7,5,22,133,18,34,24
B,수영구,광안동,구급,교통사고,611,11996,0.54070796460177,True,True,False,False,1.1608132024731652,1.016267942583732,0.05093364454818273,112,169,126,108,96,207,278,224,214,207
B,수영구,남천동,구급,심정지,81,4209,0.48214285714285715,True,True,False,False,0.8338658146964856,0.8028024606971975,0.01924447612259444,6,15,23,16,21,18,32,47,29,42
B,수영구,남천동,화재,일반화재(주택),16,4209,0.64,True,True,False,False,4.169329073482428,0.8325358851674641,0.003801377999524828,3,4,1,5,3,5,6,1,5,8
B,수영구,남천동,구조,산악사고,1,4209,0.5,False,False,False,False,0.0,,0.00023758612497030174,0,1,0,0,0,0,2,0,0,0
B,수영구,남천동,구조,수난사고,12,4209,0.2608695652173913,True,False,False,False,2.501597444089457,4.9952153110047846,0.002851033499643621,0,3,3,4,2,6,10,9,12,9
B,수영구,남천동,구급,교통사고,223,4209,0.522248243559719,True,True,False,False,0.9164267864486129,0.5791553983773663,0.052981705868377284,36,52,50,39,46,76,93,85,80,93
B,수영구,망미동,구급,심정지,139,5538,0.5346153846153846,True,True,True,False,0.7959628231193726,1.1100478468899522,0.025099313831708197,30,28,29,25,27,50,52,51,42,65
B,수영구,망미동,화재,일반화재(주택),33,5538,0.673469387755102,True,True,False,False,0.5003194888178913,0.9082209656372335,0.005958829902491874,7,6,5,5,10,11,7,9,10,12
B,수영구,망미동,구조,산악사고,10,5538,0.7692307692307693,True,True,False,False,2.501597444089457,7.492822966507178,0.0018057060310581437,2,1,3,3,1,3,2,4,3,1
B,수영구,망미동,구조,수난사고,1,5538,0.2,False,False,False,False,0.0,,0.00018057060310581438,0,0,1,0,0,0,2,3,0,0
B,수영구,망미동,구급,교통사고,234,5538,0.5416666666666666,True,True,False,False,0.6822538483880336,0.7184898735006883,0.04225352112676056,54,43,43,52,42,90,88,83,91,80
B,수영구,민락동,구급,심정지,114,6646,0.7125,True,True,True,False,0.8505431309904152,0.9549676329862089,0.017153174842010233,15,20,32,25,22,30,24,42,35,29
B,수영구,민락동,화재,일반화재(주택),24,6646,0.6857142857142857,True,True,True,False,0.357371063441351,0.3568010936431989,0.0036111947035811012,5,6,5,4,4,5,7,7,7,9
B,수영구,민락동,구조,산악사고,5,6646,0.7142857142857143,False,False,False,False,0.0,0.0,0.0007523322299127295,0,1,3,1,0,0,1,4,2,0
B,수영구,민락동,구조,수난사고,42,6646,0.2937062937062937,True,True,False,False,1.0533041869850346,0.6244019138755981,0.006319590731266927,5,11,11,6,9,15,27,36,28,37
B,수영구,민락동,구급,교통사고,316,6646,0.6914660831509847,True,True,False,False,1.2415335463258785,1.2001491331634873,0.0475473969304845,63,61,78,53,61,89,85,114,80,89
B,수영구,수영동,구급,심정지,82,3480,0.7130434782608696,True,True,False,False,1.293929712460064,1.1527419948472581,0.023563218390804597,12,16,16,15,23,17,20,22,20,36
B,수영구,수영동,화재,일반화재(주택),14,3480,0.8235294117647058,True,True,False,False,0.5003194888178913,0.8325358851674641,0.004022988505747126,1,4,1,4,4,3,4,1,5,4
B,수영구,수영동,구조,산악사고,0,3480,,False,False,False,False,,,0.0,0,0,0,0,0,0,0,0,0,0
B,수영구,수영동,구조,수난사고,6,3480,0.6666666666666666,False,False,False,False,0.0,0.0,0.0017241379310344827,1,0,3,2,0,1,0,5,3,0
B,수영구,수영동,구급,교통사고,141,3480,0.6878048780487804,True,True,False,False,0.9475747894278245,0.7044534412955464,0.04051724137931034,30,33,28,29,21,39,44,43,43,36
B,연제구,거제동,구급,심정지,197,8031,0.595166163141994,True,True,False,False,0.9693690095846644,0.911825017088175,0.024529946457477275,15,44,52,45,41,36,65,78,78,74
B,연제구,거제동,화재,일반화재(주택),18,8031,0.5625,True,True,False,False,1.5634984025559104,0.6244019138755981,0.0022413149047441168,2,5,6,1,4,7,7,8,3,7
B,연제구,거제동,구조,산악사고,2,8031,0.4,False,False,False,False,,,0.00024903498941601296,0,0,1,0,1,1,0,2,1,1
B,연제구,거제동,구조,수난사고,0,8031,,False,False,False,False,,,0.0,0,0,0,0,0,0,0,0,0,0
B,연제구,거제동,구급,교통사고,423,8031,0.5334174022698613,True,True,True,False,0.8381640920918284,1.0334928229665072,0.05267090026148674,92,87,80,78,86,157,151,156,158,171
B,연제구,연산동,구급,심정지,511,22484,0.5709497206703911,True,True,False,False,1.1830214513920585,1.154066985645933,0.022727272727272728,78,102,119,115,97,143,171,207,198,176
B,연제구,연산동,화재,일반화재(주택),77,22484,0.5703703703703704,True,True,False,False,1.5188270196257416,1.1352762070465419,0.003424657534246575,17,13,15,17,15,35,23,32,22,23
B,연제구,연산동,구조,산악사고,26,22484,0.5306122448979592,True,True,False,False,2.858968507530808,0.9366028708133972,0.0011563778687066358,4,8,3,7,4,14,9,10,11,5
B,연제구,연산동,구조,수난사고,2,22484,0.4,False,False,False,False,,,8.89521437466643e-05,0,2,0,0,0,0,2,0,2,1
B,연제구,연산동,구급,교통사고,981,22484,0.5396039603960396,True,True,False,False,0.8516076405410916,0.9812030075187969,0.04363102650773883,199,239,192,180,171,395,403,361,349,310
B,영도구,남항동1가,구급,심정지,25,862,0.6756756756756757,True,True,False,False,0.5772917178667977,0.7136021872863978,0.029002320185614848,3,8,5,5,4,5,10,7,7,8
B,영도구,남항동1가,화재,일반화재(주택),7,862,1.0,False,False,False,False,0.5003194888178913,0.0,0.008120649651972157,1,2,3,0,1,1,2,3,0,1
B,영도구,남항동1가,구조,산악사고,0,862,,False,False,False,False,,,0.0,0,0,0,0,0,0,0,0,0,0
B,영도구,남항동1가,구조,수난사고,0,862,,False,False,False,False,,,0.0,0,0,0,0,0,0,0,0,0,0
B,영도구,남항동1가,구급,교통사고,34,862,0.68,True,True,False,False,0.7357639541439579,0.8325358851674641,0.03944315545243619,7,6,9,6,6,10,7,12,13,8
B,영도구,남항동2가,구급,심정지,7,356,0.5833333333333334,True,False,False,False,2.501597444089457,0.0,0.019662921348314606,3,1,2,1,0,3,2,3,3,1
B,영도구,남항동2가,화재,일반화재(주택),2,356,1.0,False,False,False,False,,0.0,0.0056179775280898875,0,0,0,0,2,0,0,0,0,2
B,영도구,남항동2가,구조,산악사고,0,356,,False,False,False,False,,,0.0,0,0,0,0,0,0,0,0,0,0
B,영도구,남항동2가,구조,수난사고,1,356,0.5,False,False,False,False,,,0.0028089887640449437,0,1,0,0,0,0,1,1,0,0
B,영도구,남항동2가,구급,교통사고,31,356,0.775,True,True,False,False,0.5886111633151663,1.6650717703349283,0.08707865168539326,8,7,6,8,2,9,7,9,12,3
B,영도구,남항동3가,구급,심정지,16,422,0.5714285714285714,True,True,False,False,1.429484253765404,1.6650717703349283,0.037914691943127965,4,6,1,3,2,6,7,1,9,5
B,영도구,남항동3가,화재,일반화재(주택),2,422,1.0,False,False,False,False,0.0,0.0,0.004739336492890996,1,0,0,1,0,1,0,0,1,0
B,영도구,남항동3가,구조,산악사고,0,422,,False,False,False,False,,,0.0,0,0,0,0,0,0,0,0,0,0
B,영도구,남항동3가,구조,수난사고,0,422,0.0,False,False,False,False,,,0.0,0,0,0,0,0,0,2,0,1,0
B,영도구,남항동3가,구급,교통사고,16,422,0.5333333333333333,True,True,True,False,2.501597444089457,0.8325358851674641,0.037914691943127965,4,6,2,1,3,6,10,5,2,7
B,영도구,대교동1가,구급,심정지,7,566,0.6363636363636364,False,False,False,False,0.0,,0.012367491166077738,2,2,2,1,0,3,3,4,1,0
B,영도구,대교동1가,화재,일반화재(주택),3,566,0.75,False,False,False,False,0.0,,0.00530035335689046,0,0,1,2,0,0,0,1,2,1
B,영도구,대교동1가,구조,산악사고,0,566,,False,False,False,False,,,0.0,0,0,0,0,0,0,0,0,0,0
B,영도구,대교동1가,구조,수난사고,21,566,0.6363636363636364,True,True,False,False,0.8338658146964857,1.6650717703349283,0.037102473498233215,3,7,6,2,3,4,14,6,6,3
B,영도구,대교동1가,구급,교통사고,44,566,0.7457627118644068,True,True,False,False,0.7147421268827019,1.3623314484558504,0.07773851590106007,6,6,15,11,6,7,7,19,15,11
B,영도구,대교동2가,구급,심정지,8,823,0.4444444444444444,True,False,True,False,0.5003194888178913,0.0,0.009720534629404616,5,1,0,2,0,5,1,2,4,6
B,영도구,대교동2가,화재,일반화재(주택),3,823,0.6,False,False,False,False,0.0,0.0,0.0036452004860267314,2,0,0,0,1,2,0,0,2,1
B,영도구,대교동2가,구조,산악사고,0,823,,False,False,False,False,,,0.0,0,0,0,0,0,0,0,0,0,0
B,영도구,대교동2가,구조,수난사고,1,823,0.3333333333333333,False,False,False,False,,,0.001215066828675577,0,1,0,0,0,0,1,1,1,0
B,영도구,대교동2가,구급,교통사고,30,823,0.6976744186046512,True,True,False,False,1.0944488817891374,0.999043062200957,0.03645200486026731,4,7,12,4,3,5,9,17,9,3
B,영도구,대평동1가,구급,심정지,8,356,0.6666666666666666,False,False,False,False,0.0,2.4976076555023923,0.02247191011235955,3,0,1,1,3,4,0,2,3,3
B,영도구,대평동1가,화재,일반화재(주택),1,356,0.2,False,False,False,False,,0.0,0.0028089887640449437,0,0,0,1,0,0,0,2,2,1
B,영도구,대평동1가,구조,산악사고,0,356,,False,False,False,False,,,0.0,0,0,0,0,0,0,0,0,0,0
B,영도구,대평동1가,구조,수난사고,3,356,0.75,False,False,False,False,5.003194888178913,,0.008426966292134831,2,0,1,0,0,2,1,1,0,0
B,영도구,대평동1가,구급,교통사고,13,356,0.65,True,False,False,False,0.3126996805111821,0.0,0.03651685393258427,5,4,0,1,3,6,6,2,1,5
B,영도구,대평동2가,구급,심정지,7,91,0.7,False,False,False,False,7.504792332268369,1.2488038277511961,0.07692307692307693,0,2,2,1,2,0,4,2,1,3
B,영도구,대평동2가,화재,일반화재(주택),0,91,0.0,False,False,False,False,,,0.0,0,0,0,0,0,0,0,0,0,1
B,영도구,대평동2가,구조,산악사고,0,91,,False,False,False,False,,,0.0,0,0,0,0,0,0,0,0,0,0
B,영도구,대평동2가,구조,수난사고,0,91,0.0,False,False,False,False,,,0.0,0,0,0,0,0,1,0,0,0,0
B,영도구,대평동2가,구급,교통사고,2,91,0.5,False,False,False,False,0.0,0.0,0.02197802197802198,1,0,0,1,0,1,0,1,1,1
B,영도구,동삼동,구급,심정지,239,8829,0.545662100456621,True,True,False,False,1.0006389776357827,1.0302631578947368,0.02706988333899649,28,48,50,51,62,67,85,93,96,97
B,영도구,동삼동,화재,일반화재(주택),21,8829,0.5121951219512195,True,False,False,False,1.2507987220447285,1.7840054682159945,0.002378525314305131,5,4,0,8,4,9,7,4,14,7
B,영도구,동삼동,구조,산악사고,12,8829,0.6,True,True,False,False,5.003194888178913,0.4995215311004785,0.0013591573224600749,2,2,2,1,5,3,4,3,5,5
B,영도구,동삼동,구조,수난사고,29,8829,0.35802469135802467,True,True,False,False,1.0944488817891374,0.4995215311004785,0.003284630195945181,10,9,4,3,3,19,26,11,12,13
B,영도구,동삼동,구급,교통사고,206,8829,0.5722222222222222,True,True,False,False,0.8085971536450769,0.7320574162679425,0.023332200702231284,33,46,52,38,37,63,72,91,59,75
B,영도구,봉래동1가,구급,심정지,5,433,0.5555555555555556,True,False,False,False,2.5015974440894566,,0.011547344110854504,1,1,2,0,1,1,1,2,3,2
B,영도구,봉래동1가,화재,일반화재(주택),1,433,1.0,False,False,False,False,0.0,,0.0023094688221709007,1,0,0,0,0,1,0,0,0,0
B,영도구,봉래동1가,구조,산악사고,0,433,,False,False,False,False,,,0.0,0,0,0,0,0,0,0,0,0,0
B,영도구,봉래동1가,구조,수난사고,15,433,0.4838709677419355,True,True,False,False,0.2501597444089457,7.492822966507178,0.03464203233256351,3,4,4,1,3,3,7,9,4,8
B,영도구,봉래동1가,구급,교통사고,17,433,0.6071428571428571,True,True,False,False,0.6253993610223642,0.41626794258373206,0.03926096997690531,4,2,4,4,3,6,6,6,5,5
B,영도구,봉래동2가,구급,심정지,17,530,0.7727272727272727,True,True,False,False,1.786855317206755,3.746411483253589,0.03207547169811321,5,4,3,2,3,6,5,4,3,4
B,영도구,봉래동2가,화재,일반화재(주택),1,530,0.5,False,False,False,False,0.0,,0.0018867924528301887,0,1,0,0,0,0,1,1,0,0
B,영도구,봉래동2가,구조,산악사고,0,530,,False,False,False,False,,,0.0,0,0,0,0,0,0,0,0,0,0
B,영도구,봉래동2가,구조,수난사고,3,530,0.5,False,False,False,False,2.5015974440894566,0.0,0.005660377358490566,1,0,1,0,1,3,0,1,0,2
B,영도구,봉래동2가,구급,교통사고,17,530,0.6296296296296297,True,True,False,False,1.5634984025559104,0.8325358851674641,0.03207547169811321,6,2,5,3,1,9,4,7,5,2
B,영도구,봉래동3가,구급,심정지,11,552,0.5,True,True,False,False,2.5015974440894566,1.8732057416267944,0.019927536231884056,2,1,1,4,3,4,3,4,5,6
B,영도구,봉래동3가,화재,일반화재(주택),1,552,0.5,False,False,False,False,,,0.0018115942028985507,0,0,1,0,0,1,0,1,0,0
B,영도구,봉래동3가,구조,산악사고,0,552,,False,False,False,False,,,0.0,0,0,0,0,0,0,0,0,0,0
B,영도구,봉래동3가,구조,수난사고,0,552,,False,False,False,False,,,0.0,0,0,0,0,0,0,0,0,0,0
B,영도구,봉래동3가,구급,교통사고,24,552,0.6666666666666666,True,True,False,False,0.6253993610223643,0.31220095693779903,0.043478260869565216,7,7,1,8,1,11,8,2,11,4
B,영도구,봉래동4가,구급,심정지,17,598,0.6538461538461539,True,True,False,False,0.9380990415335462,0.4995215311004785,0.028428093645484948,1,4,6,2,4,1,5,6,6,8
B,영도구,봉래동4가,화재,일반화재(주택),2,598,0.6666666666666666,False,False,False,False,2.5015974440894566,,0.0033444816053511705,1,1,0,0,0,2,1,0,0,0
B,영도구,봉래동4가,구조,산악사고,1,598,1.0,False,False,False,False,,,0.0016722408026755853,0,0,1,0,0,0,0,1,0,0
B,영도구,봉래동4가,구조,수난사고,0,598,,False,False,False,False,,,0.0,0,0,0,0,0,0,0,0,0,0
B,영도구,봉래동4가,구급,교통사고,28,598,0.6086956521739131,True,False,False,False,0.6253993610223643,0.20813397129186603,0.046822742474916385,0,13,2,6,7,3,17,5,8,13
B,영도구,봉래동5가,구급,심정지,15,528,0.5769230769230769,True,False,False,False,0.6253993610223642,0.6244019138755981,0.028409090909090908,3,7,0,2,3,5,9,3,3,6
B,영도구,봉래동5가,화재,일반화재(주택),2,528,1.0,False,False,False,False,,0.0,0.003787878787878788,1,0,0,0,1,1,0,0,0,1
B,영도구,봉래동5가,구조,산악사고,3,528,0.75,False,False,False,False,2.5015974440894566,,0.005681818181818182,0,0,2,1,0,0,0,2,2,0
B,영도구,봉래동5가,구조,수난사고,0,528,,False,False,False,False,,,0.0,0,0,0,0,0,0,0,0,0,0
B,영도구,봉래동5가,구급,교통사고,15,528,0.46875,True,True,True,False,0.5003194888178913,4.9952153110047846,0.028409090909090908,3,4,5,2,1,5,7,8,5,7
B,영도구,신선동1가,구급,심정지,12,407,0.8571428571428571,True,True,False,False,1.2507987220447283,0.7136021872863978,0.029484029484029485,1,1,1,4,5,2,1,1,5,5
B,영도구,신선동1가,화재,일반화재(주택),1,407,0.3333333333333333,False,False,False,False,,0.0,0.002457002457002457,0,0,0,0,1,0,0,0,1,2
B,영도구,신선동1가,구조,산악사고,0,407,,False,False,False,False,,,0.0,0,0,0,0,0,0,0,0,0,0
B,영도구,신선동1가,구조,수난사고,0,407,,False,False,False,False,,,0.0,0,0,0,0,0,0,0,0,0,0
B,영도구,신선동1가,구급,교통사고,14,407,0.6363636363636364,True,True,False,False,1.0721131903240528,0.0,0.0343980343980344,1,7,2,3,1,2,9,2,4,5
B,영도구,신선동2가,구급,심정지,40,830,0.6896551724137931,True,True,True,False,1.1772223266303325,0.6244019138755981,0.04819277108433735,6,8,11,11,4,7,13,13,14,11
B,영도구,신선동2가,화재,일반화재(주택),4,830,0.8,False,False,False,False,0.0,,0.004819277108433735,0,0,2,1,1,0,0,2,2,1
B,영도구,신선동2가,구조,산악사고,1,830,1.0,False,False,False,False,,,0.0012048192771084338,0,0,0,0,1,0,0,0,0,1
B,영도구,신선동2가,구조,수난사고,0,830,,False,False,False,False,,,0.0,0,0,0,0,0,0,0,0,0,0
B,영도구,신선동2가,구급,교통사고,4,830,0.5714285714285714,False,False,False,False,2.5015974440894566,,0.004819277108433735,2,2,0,0,0,2,3,1,1,0
B,영도구,신선동3가,구급,심정지,14,522,0.56,True,True,False,False,0.9380990415335462,4.9952153110047846,0.02681992337164751,3,2,6,2,1,6,3,10,4,2
B,영도구,신선동3가,화재,일반화재(주택),1,522,0.5,False,False,False,False,0.0,,0.0019157088122605363,1,0,0,0,0,1,0,1,0,0
B,영도구,신선동3가,구조,산악사고,2,522,0.2857142857142857,False,False,False,False,,,0.0038314176245210726,1,0,1,0,0,1,1,5,0,0
B,영도구,신선동3가,구조,수난사고,0,522,,False,False,False,False,,,0.0,0,0,0,0,0,0,0,0,0,0
B,영도구,신선동3가,구급,교통사고,8,522,0.6666666666666666,True,True,False,False,2.5015974440894566,2.4976076555023923,0.01532567049808429,2,1,1,1,3,2,1,3,2,4
B,영도구,영선동1가,구급,심정지,7,432,0.875,False,False,False,False,0.0,0.0,0.016203703703703703,0,1,2,2,2,0,1,2,2,3
B,영도구,영선동1가,화재,일반화재(주택),0,432,0.0,False,False,False,False,,,0.0,0,0,0,0,0,1,0,1,1,1
B,영도구,영선동1가,구조,산악사고,0,432,,False,False,False,False,,,0.0,0,0,0,0,0,0,0,0,0,0
B,영도구,영선동1가,구조,수난사고,0,432,,False,False,False,False,,,0.0,0,0,0,0,0,0,0,0,0,0
B,영도구,영선동1가,구급,교통사고,19,432,0.5588235294117647,True,True,False,False,0.8338658146964856,0.999043062200957,0.04398148148148148,4,4,4,4,3,12,5,6,7,4
B,영도구,영선동2가,구급,심정지,11,615,0.5,True,True,False,False,0.5003194888178913,1.6650717703349283,0.01788617886178862,1,3,2,2,3,3,3,5,5,6
B,영도구,영선동2가,화재,일반화재(주택),4,615,1.0,False,False,False,False,5.003194888178913,0.0,0.0065040650406504065,2,1,0,0,1,2,1,0,0,1
B,영도구,영선동2가,구조,산악사고,0,615,,False,False,False,False,,,0.0,0,0,0,0,0,0,0,0,0,0
B,영도구,영선동2가,구조,수난사고,0,615,,False,False,False,False,,,0.0,0,0,0,0,0,0,0,0,0,0
B,영도구,영선동2가,구급,교통사고,38,615,0.7307692307692307,True,True,False,False,1.0721131903240528,2.4976076555023923,0.061788617886178863,6,9,15,5,3,9,11,17,6,9
B,영도구,영선동3가,구급,심정지,8,350,0.47058823529411764,True,False,False,False,0.0,7.492822966507178,0.022857142857142857,1,2,1,0,4,3,2,5,1,6
B,영도구,영선동3가,화재,일반화재(주택),1,350,0.5,False,False,False,False,,0.0,0.002857142857142857,0,0,0,0,1,0,1,0,0,1
B,영도구,영선동3가,구조,산악사고,0,350,,False,False,False,False,,,0.0,0,0,0,0,0,0,0,0,0,0
B,영도구,영선동3가,구조,수난사고,0,350,,False,False,False,False,,,0.0,0,0,0,0,0,0,0,0,0,0
B,영도구,영선동3가,구급,교통사고,17,350,0.5483870967741935,True,True,False,False,1.429484253765404,0.4995215311004785,0.04857142857142857,4,4,3,4,2,7,5,7,7,5
B,영도구,영선동4가,구급,심정지,26,972,0.4642857142857143,True,True,False,False,0.9096717978507115,2.997129186602871,0.026748971193415638,4,5,6,5,6,8,12,13,13,10
B,영도구,영선동4가,화재,일반화재(주택),11,972,0.6875,True,True,True,False,3.7523961661341847,1.2488038277511961,0.01131687242798354,2,1,2,2,4,5,3,2,2,4
B,영도구,영선동4가,구조,산악사고,1,972,0.5,False,False,False,False,,,0.00102880658436214,0,0,1,0,0,0,1,1,0,0
B,영도구,영선동4가,구조,수난사고,5,972,0.625,False,False,False,False,0.0,,0.0051440329218107,0,2,2,1,0,1,4,2,1,0
B,영도구,영선동4가,구급,교통사고,40,972,0.6349206349206349,True,True,False,False,0.7899781402387759,0.17840054682159945,0.0411522633744856,8,12,5,11,4,9,18,9,19,8
B,영도구,청학동,구급,심정지,104,3869,0.5909090909090909,True,True,False,False,0.9665262852163811,1.0822966507177034,0.026880330834841044,21,24,16,20,23,33,37,27,37,42
B,영도구,청학동,화재,일반화재(주택),19,3869,0.7307692307692307,True,True,False,False,0.6253993610223642,1.2488038277511961,0.004910829671749806,6,1,3,5,4,9,3,4,6,4
B,영도구,청학동,구조,산악사고,8,3869,0.6666666666666666,True,True,False,False,1.6677316293929714,1.2488038277511961,0.002067717756526234,1,2,2,2,1,2,3,3,3,1
B,영도구,청학동,구조,수난사고,10,3869,0.45454545454545453,True,False,True,False,7.504792332268369,1.2488038277511961,0.0025846471956577927,2,0,2,2,4,6,1,4,6,5
B,영도구,청학동,구급,교통사고,140,3869,0.5645161290322581,True,True,False,False,0.6253993610223642,0.5482553390127203,0.036185060739209095,37,33,20,24,26,68,55,36,41,48
B,중구,광복동1가,구급,심정지,0,166,,False,False,False,False,,,0.0,0,0,0,0,0,0,0,0,0,0
B,중구,광복동1가,화재,일반화재(주택),1,166,1.0,False,False,False,False,0.0,,0.006024096385542169,1,0,0,0,0,1,0,0,0,0
B,중구,광복동1가,구조,산악사고,0,166,,False,False,False,False,,,0.0,0,0,0,0,0,0,0,0,0,0
B,중구,광복동1가,구조,수난사고,0,166,,False,False,False,False,,,0.0,0,0,0,0,0,0,0,0,0,0
B,중구,광복동1가,구급,교통사고,5,166,0.8333333333333334,False,False,False,False,0.8338658146964857,0.0,0.030120481927710843,1,2,1,1,0,1,2,1,2,0
B,중구,광복동2가,구급,심정지,0,115,0.0,False,False,False,False,,,0.0,0,0,0,0,0,0,0,0,0,1
B,중구,광복동2가,화재,일반화재(주택),0,115,,False,False,False,False,,,0.0,0,0,0,0,0,0,0,0,0,0
B,중구,광복동2가,구조,산악사고,0,115,,False,False,False,False,,,0.0,0,0,0,0,0,0,0,0,0,0
B,중구,광복동2가,구조,수난사고,0,115,,False,False,False,False,,,0.0,0,0,0,0,0,0,0,0,0,0
B,중구,광복동2가,구급,교통사고,7,115,0.7,False,False,False,False,0.8338658146964857,1.2488038277511961,0.06086956521739131,2,0,2,2,1,2,0,2,4,2
B,중구,광복동3가,구급,심정지,0,36,,False,False,False,False,,,0.0,0,0,0,0,0,0,0,0,0,0
B,중구,광복동3가,화재,일반화재(주택),1,36,1.0,False,False,False,False,,,0.027777777777777776,0,0,0,0,1,0,0,0,0,1
B,중구,광복동3가,구조,산악사고,0,36,,False,False,False,False,,,0.0,0,0,0,0,0,0,0,0,0,0
B,중구,광복동3가,구조,수난사고,0,36,,False,False,False,False,,,0.0,0,0,0,0,0,0,0,0,0,0
B,중구,광복동3가,구급,교통사고,1,36,0.5,False,False,False,False,0.0,,0.027777777777777776,1,0,0,0,0,1,0,0,0,1
B,중구,남포동1가,구급,심정지,2,239,0.6666666666666666,False,False,False,False,,2.4976076555023923,0.008368200836820083,0,0,0,1,1,0,1,0,1,1
B,중구,남포동1가,화재,일반화재(주택),0,239,,False,False,False,False,,,0.0,0,0,0,0,0,0,0,0,0,0
B,중구,남포동1가,구조,산악사고,0,239,,False,False,False,False,,,0.0,0,0,0,0,0,0,0,0,0,0
B,중구,남포동1가,구조,수난사고,1,239,1.0,False,False,False,False,0.0,,0.0041841004184100415,0,0,1,0,0,0,0,1,0,0
B,중구,남포동1가,구급,교통사고,10,239,0.5555555555555556,True,False,False,False,0.714742126882702,0.0,0.04184100418410042,3,4,2,0,1,5,4,6,2,1
B,중구,남포동2가,구급,심정지,1,164,0.5,False,False,False,False,0.0,,0.006097560975609756,1,0,0,0,0,1,0,0,0,1
B,중구,남포동2가,화재,일반화재(주택),2,164,1.0,False,False,False,False,0.0,,0.012195121951219513,0,1,1,0,0,0,1,1,0,0
B,중구,남포동2가,구조,산악사고,0,164,,False,False,False,False,,,0.0,0,0,0,0,0,0,0,0,0,0
B,중구,남포동2가,구조,수난사고,0,164,,False,False,False,False,,,0.0,0,0,0,0,0,0,0,0,0,0
B,중구,남포동2가,구급,교통사고,6,164,0.6,False,False,False,False,1.2507987220447283,1.2488038277511961,0.036585365853658534,0,1,2,3,0,1,2,3,4,0
B,중구,남포동3가,구급,심정지,0,58,0.0,False,False,False,False,,,0.0,0,0,0,0,0,0,0,1,0,0
B,중구,남포동3가,화재,일반화재(주택),0,58,,False,False,False,False,,,0.0,0,0,0,0,0,0,0,0,0,0
B,중구,남포동3가,구조,산악사고,0,58,,False,False,False,False,,,0.0,0,0,0,0,0,0,0,0,0,0
B,중구,남포동3가,구조,수난사고,0,58,,False,False,False,False,,,0.0,0,0,0,0,0,0,0,0,0,0
B,중구,남포동3가,구급,교통사고,1,58,1.0,False,False,False,False,0.0,,0.017241379310344827,0,1,0,0,0,0,1,0,0,0
B,중구,남포동4가,구급,심정지,4,311,0.6666666666666666,False,False,False,False,0.0,1.2488038277511961,0.012861736334405145,0,0,1,3,0,0,1,1,3,1
B,중구,남포동4가,화재,일반화재(주택),2,311,0.6666666666666666,False,False,False,False,,0.0,0.006430868167202572,0,0,1,0,1,0,0,1,0,2
B,중구,남포동4가,구조,산악사고,0,311,,False,False,False,False,,,0.0,0,0,0,0,0,0,0,0,0,0
B,중구,남포동4가,구조,수난사고,7,311,0.875,True,False,False,False,0.6253993610223642,2.4976076555023923,0.022508038585209004,1,3,1,2,0,1,3,1,2,1
B,중구,남포동4가,구급,교통사고,25,311,0.6578947368421053,True,True,False,False,0.5266520934925173,2.4976076555023923,0.08038585209003216,6,6,11,1,1,8,8,14,2,6
B,중구,남포동5가,구급,심정지,10,787,0.7142857142857143,True,True,False,False,0.0,1.6650717703349283,0.012706480304955527,2,2,1,4,1,3,4,1,4,2
B,중구,남포동5가,화재,일반화재(주택),1,787,1.0,False,False,False,False,0.0,,0.0012706480304955528,1,0,0,0,0,1,0,0,0,0
B,중구,남포동5가,구조,산악사고,0,787,,False,False,False,False,,,0.0,0,0,0,0,0,0,0,0,0,0
B,중구,남포동5가,구조,수난사고,5,787,0.4166666666666667,False,False,False,False,0.8338658146964857,,0.0063532401524777635,1,0,3,0,1,2,1,4,0,5
B,중구,남포동5가,구급,교통사고,56,787,0.6588235294117647,True,True,True,False,1.0583681494224624,0.4683014354066986,0.07115628970775095,9,13,15,8,11,19,19,15,14,18
B,중구,남포동6가,구급,심정지,8,1152,0.5333333333333333,True,False,False,False,6.253993610223642,0.0,0.006944444444444444,3,1,3,1,0,3,3,3,3,3
B,중구,남포동6가,화재,일반화재(주택),3,1152,0.5,False,False,False,False,2.5015974440894566,0.0,0.0026041666666666665,0,1,1,1,0,1,1,3,1,0
B,중구,남포동6가,구조,산악사고,0,1152,,False,False,False,False,,,0.0,0,0,0,0,0,0,0,0,0,0
B,중구,남포동6가,구조,수난사고,2,1152,1.0,False,False,False,False,0.0,0.0,0.001736111111111111,0,1,0,1,0,0,1,0,1,0
B,중구,남포동6가,구급,교통사고,78,1152,0.7428571428571429,True,True,False,False,1.0006389776357827,0.5550239234449761,0.06770833333333333,16,18,22,13,9,22,21,22,21,19
B,중구,대창동1가,구급,심정지,3,191,0.5,False,False,False,False,2.5015974440894566,0.0,0.015706806282722512,1,1,0,0,1,1,4,0,0,1
B,중구,대창동1가,화재,일반화재(주택),0,191,,False,False,False,False,,,0.0,0,0,0,0,0,0,0,0,0,0
B,중구,대창동1가,구조,산악사고,0,191,,False,False,False,False,,,0.0,0,0,0,0,0,0,0,0,0,0
B,중구,대창동1가,구조,수난사고,0,191,,False,False,False,False,,,0.0,0,0,0,0,0,0,0,0,0,0
B,중구,대창동1가,구급,교통사고,9,191,0.6,False,False,False,False,2.0012779552715654,,0.04712041884816754,1,6,2,0,0,3,8,3,0,1
B,중구,대창동2가,구급,심정지,0,55,,False,False,False,False,,,0.0,0,0,0,0,0,0,0,0,0,0
B,중구,대창동2가,화재,일반화재(주택),0,55,,False,False,False,False,,,0.0,0,0,0,0,0,0,0,0,0,0
B,중구,대창동2가,구조,산악사고,0,55,,False,False,False,False,,,0.0,0,0,0,0,0,0,0,0,0,0
B,중구,대창동2가,구조,수난사고,0,55,,False,False,False,False,,,0.0,0,0,0,0,0,0,0,0,0,0
B,중구,대창동2가,구급,교통사고,4,55,0.36363636363636365,True,False,False,False,,0.0,0.07272727272727272,0,1,0,1,2,1,1,3,3,3
B,중구,대청동1가,구급,심정지,2,243,0.4,False,False,False,False,0.0,,0.00823045267489712,1,0,1,0,0,2,0,1,2,0
B,중구,대청동1가,화재,일반화재(주택),1,243,1.0,False,False,False,False,0.0,,0.00411522633744856,0,1,0,0,0,0,1,0,0,0
B,중구,대청동1가,구조,산악사고,0,243,,False,False,False,False,,,0.0,0,0,0,0,0,0,0,0,0,0
B,중구,대청동1가,구조,수난사고,0,243,,False,False,False,False,,,0.0,0,0,0,0,0,0,0,0,0,0
B,중구,대청동1가,구급,교통사고,8,243,0.8,True,True,False,False,1.6677316293929714,0.0,0.03292181069958848,1,2,2,1,2,2,3,2,1,2
B,중구,대청동2가,구급,심정지,3,180,0.75,False,False,False,False,1.2507987220447283,,0.016666666666666666,0,2,1,0,0,0,2,1,0,1
B,중구,대청동2가,화재,일반화재(주택),2,180,1.0,False,False,False,False,0.0,0.0,0.011111111111111112,1,0,0,1,0,1,0,0,1,0
B,중구,대청동2가,구조,산악사고,0,180,,False,False,False,False,,,0.0,0,0,0,0,0,0,0,0,0,0
B,중구,대청동2가,구조,수난사고,0,180,,False,False,False,False,,,0.0,0,0,0,0,0,0,0,0,0,0
B,중구,대청동2가,구급,교통사고,9,180,0.8181818181818182,True,False,False,False,0.0,4.9952153110047846,0.05,0,2,4,2,1,1,2,4,2,2
B,중구,대청동3가,구급,심정지,1,106,1.0,False,False,False,False,,0.0,0.009433962264150943,0,0,0,0,1,0,0,0,0,1
B,중구,대청동3가,화재,일반화재(주택),2,106,1.0,False,False,False,False,0.0,0.0,0.018867924528301886,0,1,0,1,0,0,1,0,1,0
B,중구,대청동3가,구조,산악사고,0,106,,False,False,False,False,,,0.0,0,0,0,0,0,0,0,0,0,0
B,중구,대청동3가,구조,수난사고,0,106,,False,False,False,False,,,0.0,0,0,0,0,0,0,0,0,0,0
B,중구,대청동3가,구급,교통사고,14,106,0.8235294117647058,False,False,False,False,1.5634984025559104,0.0,0.1320754716981132,4,3,6,0,1,6,4,6,0,1
B,중구,대청동4가,구급,심정지,32,863,0.7272727272727273,True,True,False,False,0.7817492012779552,2.0813397129186604,0.03707995365005794,5,7,9,3,8,6,9,10,6,13
B,중구,대청동4가,화재,일반화재(주택),4,863,0.8,False,False,False,False,1.2507987220447283,0.0,0.004634994206257242,1,2,0,0,1,1,3,0,0,1
B,중구,대청동4가,구조,산악사고,0,863,,False,False,False,False,,,0.0,0,0,0,0,0,0,0,0,0,0
B,중구,대청동4가,구조,수난사고,0,863,,False,False,False,False,,,0.0,0,0,0,0,0,0,0,0,0,0
B,중구,대청동4가,구급,교통사고,20,863,0.6896551724137931,True,True,False,False,2.1888977635782747,0.0,0.023174971031286212,4,4,7,3,2,8,5,7,4,5
B,중구,동광동1가,구급,심정지,3,134,1.0,False,False,False,False,0.0,2.4976076555023923,0.022388059701492536,0,1,0,1,1,0,1,0,1,1
B,중구,동광동1가,화재,일반화재(주택),0,134,,False,False,False,False,,,0.0,0,0,0,0,0,0,0,0,0,0
B,중구,동광동1가,구조,산악사고,0,134,,False,False,False,False,,,0.0,0,0,0,0,0,0,0,0,0,0
B,중구,동광동1가,구조,수난사고,0,134,,False,False,False,False,,,0.0,0,0,0,0,0,0,0,0,0,0
B,중구,동광동1가,구급,교통사고,11,134,0.4230769230769231,True,True,False,False,0.0,0.0,0.08208955223880597,1,4,3,2,1,2,5,5,9,5
B,중구,동광동2가,구급,심정지,0,89,0.0,False,False,False,False,,,0.0,0,0,0,0,0,0,0,0,1,0
B,중구,동광동2가,화재,일반화재(주택),1,89,1.0,False,False,False,False,0.0,,0.011235955056179775,0,1,0,0,0,0,1,0,0,0
B,중구,동광동2가,구조,산악사고,0,89,,False,False,False,False,,,0.0,0,0,0,0,0,0,0,0,0,0
B,중구,동광동2가,구조,수난사고,0,89,,False,False,False,False,,,0.0,0,0,0,0,0,0,0,0,0,0
B,중구,동광동2가,구급,교통사고,0,89,0.0,False,False,False,False,,,0.0,0,0,0,0,0,1,0,0,0,0
B,중구,동광동3가,구급,심정지,6,110,0.8571428571428571,False,False,False,False,0.6253993610223642,0.0,0.05454545454545454,0,2,3,0,1,0,2,3,0,2
B,중구,동광동3가,화재,일반화재(주택),2,110,1.0,False,False,False,False,,2.4976076555023923,0.01818181818181818,0,0,0,0,2,0,0,0,0,2
B,중구,동광동3가,구조,산악사고,0,110,,False,False,False,False,,,0.0,0,0,0,0,0,0,0,0,0,0
B,중구,동광동3가,구조,수난사고,0,110,,False,False,False,False,,,0.0,0,0,0,0,0,0,0,0,0,0
B,중구,동광동3가,구급,교통사고,1,110,0.25,False,False,True,False,,0.0,0.00909090909090909,0,0,0,0,1,2,1,0,0,1
B,중구,동광동4가,구급,심정지,0,36,0.0,False,False,False,False,,,0.0,0,0,0,0,0,1,0,0,1,0
B,중구,동광동4가,화재,일반화재(주택),0,36,,False,False,False,False,,,0.0,0,0,0,0,0,0,0,0,0,0
B,중구,동광동4가,구조,산악사고,0,36,,False,False,False,False,,,0.0,0,0,0,0,0,0,0,0,0,0
B,중구,동광동4가,구조,수난사고,0,36,,False,False,False,False,,,0.0,0,0,0,0,0,0,0,0,0,0
B,중구,동광동4가,구급,교통사고,5,36,0.8333333333333334,False,False,False,False,1.2507987220447283,2.4976076555023923,0.1388888888888889,2,0,1,0,2,2,0,1,0,3
B,중구,동광동5가,구급,심정지,19,619,0.7037037037037037,True,True,False,False,0.750479233226837,1.2488038277511961,0.030694668820678513,2,3,8,2,4,4,3,9,6,5
B,중구,동광동5가,화재,일반화재(주택),2,619,0.6666666666666666,False,False,False,False,0.0,,0.0032310177705977385,0,0,1,1,0,0,0,1,1,1
B,중구,동광동5가,구조,산악사고,0,619,,False,False,False,False,,,0.0,0,0,0,0,0,0,0,0,0,0
B,중구,동광동5가,구조,수난사고,0,619,,False,False,False,False,,,0.0,0,0,0,0,0,0,0,0,0,0
B,중구,동광동5가,구급,교통사고,10,619,0.7692307692307693,True,True,False,False,0.8338658146964857,0.4995215311004785,0.01615508885298869,1,2,1,5,1,1,2,2,5,3
B,중구,보수동1가,구급,심정지,31,1337,0.6595744680851063,True,True,False,False,2.0012779552715654,1.1100478468899522,0.02318623784592371,4,6,8,4,9,5,9,13,8,12
B,중구,보수동1가,화재,일반화재(주택),12,1337,0.631578947368421,True,False,False,False,0.2779552715654952,0.0,0.008975317875841436,4,5,1,2,0,5,7,2,4,1
B,중구,보수동1가,구조,산악사고,0,1337,,False,False,False,False,,,0.0,0,0,0,0,0,0,0,0,0,0
B,중구,보수동1가,구조,수난사고,0,1337,,False,False,False,False,,,0.0,0,0,0,0,0,0,0,0,0,0
B,중구,보수동1가,구급,교통사고,53,1337,0.6973684210526315,True,True,False,False,0.6253993610223642,1.1100478468899522,0.039640987284966345,19,9,12,8,5,23,12,16,13,12
B,중구,보수동2가,구급,심정지,11,558,0.7857142857142857,True,True,False,False,0.0,0.0,0.01971326164874552,2,1,3,3,2,2,1,4,3,4
B,중구,보수동2가,화재,일반화재(주택),1,558,0.3333333333333333,False,False,False,False,,,0.0017921146953405018,1,0,0,0,0,2,0,0,1,0
B,중구,보수동2가,구조,산악사고,0,558,,False,False,False,False,,,0.0,0,0,0,0,0,0,0,0,0,0
B,중구,보수동2가,구조,수난사고,0,558,,False,False,False,False,,,0.0,0,0,0,0,0,0,0,0,0,0
B,중구,보수동2가,구급,교통사고,27,558,0.7714285714285715,True,True,False,False,3.0575079872204474,3.3301435406698565,0.04838709677419355,3,10,7,2,5,5,12,7,4,7
B,중구,보수동3가,구급,심정지,9,414,0.6923076923076923,False,False,False,False,0.6253993610223642,0.8325358851674641,0.021739130434782608,2,0,3,1,3,2,0,5,2,4
B,중구,보수동3가,화재,일반화재(주택),1,414,1.0,False,False,False,False,,0.0,0.0024154589371980675,0,0,0,0,1,0,0,0,0,1
B,중구,보수동3가,구조,산악사고,0,414,,False,False,False,False,,,0.0,0,0,0,0,0,0,0,0,0,0
B,중구,보수동3가,구조,수난사고,0,414,,False,False,False,False,,,0.0,0,0,0,0,0,0,0,0,0,0
B,중구,보수동3가,구급,교통사고,21,414,0.5675675675675675,True,False,False,False,0.6253993610223643,2.4976076555023923,0.050724637681159424,0,12,3,2,4,3,13,7,5,9
B,중구,부평동1가,구급,심정지,14,666,0.6363636363636364,True,True,True,False,1.0721131903240528,2.4976076555023923,0.021021021021021023,4,2,4,2,2,5,2,4,5,6
B,중구,부평동1가,화재,일반화재(주택),4,666,0.6666666666666666,False,False,False,False,5.003194888178913,0.0,0.006006006006006006,0,0,3,1,0,1,1,3,1,0
B,중구,부평동1가,구조,산악사고,0,666,,False,False,False,False,,,0.0,0,0,0,0,0,0,0,0,0,0
B,중구,부평동1가,구조,수난사고,0,666,,False,False,False,False,,,0.0,0,0,0,0,0,0,0,0,0,0
B,중구,부평동1가,구급,교통사고,35,666,0.7777777777777778,True,True,False,False,1.8761980830670923,0.41626794258373206,0.052552552552552555,9,6,13,5,2,10,7,16,8,4
B,중구,부평동2가,구급,심정지,5,907,0.3333333333333333,False,False,False,False,,4.9952153110047846,0.005512679162072767,1,0,1,1,2,2,0,4,5,4
B,중구,부평동2가,화재,일반화재(주택),10,907,0.7692307692307693,True,True,False,False,1.2507987220447283,0.8325358851674641,0.011025358324145534,1,3,2,1,3,1,4,2,1,5
B,중구,부평동2가,구조,산악사고,0,907,,False,False,False,False,,,0.0,0,0,0,0,0,0,0,0,0,0
B,중구,부평동2가,구조,수난사고,0,907,,False,False,False,False,,,0.0,0,0,0,0,0,0,0,0,0,0
B,중구,부평동2가,구급,교통사고,51,907,0.6144578313253012,True,True,False,False,0.5772917178667977,1.816441931274467,0.05622932745314223,12,12,8,15,4,20,15,13,23,12
B,중구,부평동3가,구급,심정지,6,421,0.6,True,False,True,False,1.6677316293929714,0.0,0.014251781472684086,1,1,3,1,0,2,1,3,1,3
B,중구,부평동3가,화재,일반화재(주택),4,421,0.8,False,False,False,False,0.0,0.0,0.009501187648456057,0,1,1,1,1,0,2,1,1,1
B,중구,부평동3가,구조,산악사고,0,421,,False,False,False,False,,,0.0,0,0,0,0,0,0,0,0,0,0
B,중구,부평동3가,구조,수난사고,0,421,,False,False,False,False,,,0.0,0,0,0,0,0,0,0,0,0,0
B,중구,부평동3가,구급,교통사고,39,421,0.7358490566037735,True,True,False,False,1.7318751536003931,0.5352016404647983,0.09263657957244656,4,10,8,13,4,8,11,9,19,6
B,중구,부평동4가,구급,심정지,8,524,0.5714285714285714,True,True,False,False,2.5015974440894566,0.0,0.015267175572519083,1,1,2,3,1,4,1,3,4,2
B,중구,부평동4가,화재,일반화재(주택),1,524,0.5,False,False,False,False,0.0,,0.0019083969465648854,0,0,1,0,0,0,0,1,1,0
B,중구,부평동4가,구조,산악사고,0,524,,False,False,False,False,,,0.0,0,0,0,0,0,0,0,0,0,0
B,중구,부평동4가,구조,수난사고,0,524,,False,False,False,False,,,0.0,0,0,0,0,0,0,0,0,0,0
B,중구,부평동4가,구급,교통사고,20,524,0.5882352941176471,True,True,False,False,0.8338658146964857,2.4976076555023923,0.03816793893129771,6,4,6,2,2,6,10,7,7,4
B,중구,신창동1가,구급,심정지,2,164,1.0,False,False,False,False,0.0,0.0,0.012195121951219513,0,0,1,0,1,0,0,1,0,1
B,중구,신창동1가,화재,일반화재(주택),2,164,1.0,False,False,False,False,0.0,,0.012195121951219513,0,0,1,1,0,0,0,1,1,0
B,중구,신창동1가,구조,산악사고,0,164,,False,False,False,False,,,0.0,0,0,0,0,0,0,0,0,0,0
B,중구,신창동1가,구조,수난사고,0,164,,False,False,False,False,,,0.0,0,0,0,0,0,0,0,0,0,0
B,중구,신창동1가,구급,교통사고,5,164,0.8333333333333334,True,False,False,False,,1.2488038277511961,0.03048780487804878,0,1,1,1,2,1,1,1,1,2
B,중구,신창동2가,구급,심정지,1,68,1.0,False,False,False,False,,,0.014705882352941176,0,1,0,0,0,0,1,0,0,0
B,중구,신창동2가,화재,일반화재(주택),3,68,1.0,False,False,False,False,1.2507987220447283,,0.04411764705882353,1,0,2,0,0,1,0,2,0,0
B,중구,신창동2가,구조,산악사고,0,68,,False,False,False,False,,,0.0,0,0,0,0,0,0,0,0,0,0
B,중구,신창동2가,구조,수난사고,0,68,,False,False,False,False,,,0.0,0,0,0,0,0,0,0,0,0,0
B,중구,신창동2가,구급,교통사고,3,68,0.75,False,False,False,False,0.0,0.0,0.04411764705882353,0,1,0,0,2,0,1,0,1,2
B,중구,신창동3가,구급,심정지,0,40,,False,False,False,False,,,0.0,0,0,0,0,0,0,0,0,0,0
B,중구,신창동3가,화재,일반화재(주택),1,40,0.5,False,False,False,False,0.0,,0.025,1,0,0,0,0,1,0,1,0,0
B,중구,신창동3가,구조,산악사고,0,40,,False,False,False,False,,,0.0,0,0,0,0,0,0,0,0,0,0
B,중구,신창동3가,구조,수난사고,0,40,,False,False,False,False,,,0.0,0,0,0,0,0,0,0,0,0,0
B,중구,신창동3가,구급,교통사고,4,40,1.0,False,False,False,False,0.0,1.2488038277511961,0.1,0,0,1,1,2,0,0,1,1,2
B,중구,신창동4가,구급,심정지,1,113,1.0,False,False,False,False,,0.0,0.008849557522123894,0,0,0,0,1,0,0,0,0,1
B,중구,신창동4가,화재,일반화재(주택),0,113,,False,False,False,False,,,0.0,0,0,0,0,0,0,0,0,0,0
B,중구,신창동4가,구조,산악사고,0,113,,False,False,False,False,,,0.0,0,0,0,0,0,0,0,0,0,0
B,중구,신창동4가,구조,수난사고,0,113,,False,False,False,False,,,0.0,0,0,0,0,0,0,0,0,0,0
B,중구,신창동4가,구급,교통사고,13,113,0.6842105263157895,True,True,False,False,0.41693290734824284,0.0,0.11504424778761062,2,1,4,3,3,3,1,5,6,4
B,중구,영주동,구급,심정지,64,1801,0.5871559633027523,True,True,False,False,1.6677316293929711,0.7946933449325794,0.03553581343697946,16,7,12,12,17,20,17,22,23,27
B,중구,영주동,화재,일반화재(주택),14,1801,0.8235294117647058,True,False,False,False,0.3126996805111821,1.6650717703349283,0.007773459189339256,0,5,4,2,3,2,6,4,2,3
B,중구,영주동,구조,산악사고,0,1801,0.0,False,False,False,False,,,0.0,0,0,0,0,0,0,1,0,0,0
B,중구,영주동,구조,수난사고,0,1801,0.0,False,False,False,False,,,0.0,0,0,0,0,0,0,1,0,0,0
B,중구,영주동,구급,교통사고,61,1801,0.4728682170542636,True,True,False,False,0.7055787662816417,1.4272043745727956,0.03387007218212104,19,14,17,4,7,37,28,33,12,19
B,중구,중앙동1가,구급,심정지,1,96,0.5,False,False,False,False,,0.0,0.010416666666666666,0,0,0,1,0,0,1,0,1,0
B,중구,중앙동1가,화재,일반화재(주택),0,96,,False,False,False,False,,,0.0,0,0,0,0,0,0,0,0,0,0
B,중구,중앙동1가,구조,산악사고,0,96,,False,False,False,False,,,0.0,0,0,0,0,0,0,0,0,0,0
B,중구,중앙동1가,구조,수난사고,0,96,,False,False,False,False,,,0.0,0,0,0,0,0,0,0,0,0,0
B,중구,중앙동1가,구급,교통사고,1,96,0.5,False,False,False,False,,0.0,0.010416666666666666,0,0,0,1,0,0,0,1,1,0
B,중구,중앙동2가,구급,심정지,2,152,0.4,False,False,False,False,0.0,,0.013157894736842105,0,1,1,0,0,0,1,2,1,1
B,중구,중앙동2가,화재,일반화재(주택),2,152,0.6666666666666666,False,False,False,False,2.5015974440894566,,0.013157894736842105,1,1,0,0,0,1,1,1,0,0
B,중구,중앙동2가,구조,산악사고,0,152,,False,False,False,False,,,0.0,0,0,0,0,0,0,0,0,0,0
B,중구,중앙동2가,구조,수난사고,0,152,,False,False,False,False,,,0.0,0,0,0,0,0,0,0,0,0,0
B,중구,중앙동2가,구급,교통사고,4,152,0.3076923076923077,True,False,False,False,0.0,0.0,0.02631578947368421,1,2,0,1,0,3,2,1,5,2
B,중구,중앙동3가,구급,심정지,0,97,,False,False,False,False,,,0.0,0,0,0,0,0,0,0,0,0,0
B,중구,중앙동3가,화재,일반화재(주택),0,97,,False,False,False,False,,,0.0,0,0,0,0,0,0,0,0,0,0
B,중구,중앙동3가,구조,산악사고,0,97,,False,False,False,False,,,0.0,0,0,0,0,0,0,0,0,0,0
B,중구,중앙동3가,구조,수난사고,0,97,,False,False,False,False,,,0.0,0,0,0,0,0,0,0,0,0,0
B,중구,중앙동3가,구급,교통사고,3,97,0.375,False,False,False,False,0.0,0.0,0.030927835051546393,1,0,1,1,0,3,1,2,2,0
B,중구,중앙동4가,구급,심정지,17,955,0.7727272727272727,True,True,True,False,0.6253993610223642,0.0,0.01780104712041885,4,2,4,2,5,6,2,5,4,5
B,중구,중앙동4가,화재,일반화재(주택),4,955,0.5,False,False,True,False,2.5015974440894566,0.0,0.004188481675392671,1,0,1,0,2,4,0,1,1,2
B,중구,중앙동4가,구조,산악사고,0,955,,False,False,False,False,,,0.0,0,0,0,0,0,0,0,0,0,0
B,중구,중앙동4가,구조,수난사고,2,955,0.4,False,False,False,False,,0.0,0.0020942408376963353,0,0,0,1,1,0,0,1,2,2
B,중구,중앙동4가,구급,교통사고,70,955,0.5555555555555556,True,True,True,False,0.5628594249201277,0.7805023923444977,0.07329842931937172,11,17,21,12,9,22,25,30,21,28
B,중구,중앙동5가,구급,심정지,3,147,0.75,False,False,False,False,2.5015974440894566,0.0,0.02040816326530612,0,0,2,1,0,1,0,2,1,0
B,중구,중앙동5가,화재,일반화재(주택),0,147,,False,False,False,False,,,0.0,0,0,0,0,0,0,0,0,0,0
B,중구,중앙동5가,구조,산악사고,0,147,,False,False,False,False,,,0.0,0,0,0,0,0,0,0,0,0,0
B,중구,중앙동5가,구조,수난사고,1,147,1.0,False,False,False,False,0.0,,0.006802721088435374,0,0,1,0,0,0,0,1,0,0
B,중구,중앙동5가,구급,교통사고,16,147,0.48484848484848486,True,True,True,False,1.429484253765404,0.6244019138755981,0.10884353741496598,4,2,5,4,1,7,4,8,6,8
B,중구,중앙동6가,구급,심정지,1,235,0.2,False,False,False,False,,0.0,0.00425531914893617,0,0,0,1,0,0,1,1,1,2
B,중구,중앙동6가,화재,일반화재(주택),0,235,0.0,False,False,False,False,,,0.0,0,0,0,0,0,0,0,0,0,1
B,중구,중앙동6가,구조,산악사고,0,235,,False,False,False,False,,,0.0,0,0,0,0,0,0,0,0,0,0
B,중구,중앙동6가,구조,수난사고,0,235,,False,False,False,False,,,0.0,0,0,0,0,0,0,0,0,0,0
B,중구,중앙동6가,구급,교통사고,24,235,0.631578947368421,True,True,True,False,0.16677316293929714,1.4985645933014355,0.10212765957446808,3,3,10,4,4,6,5,15,8,4
B,중구,중앙동7가,구급,심정지,0,201,,False,False,False,False,,,0.0,0,0,0,0,0,0,0,0,0,0
B,중구,중앙동7가,화재,일반화재(주택),0,201,,False,False,False,False,,,0.0,0,0,0,0,0,0,0,0,0,0
B,중구,중앙동7가,구조,산악사고,0,201,,False,False,False,False,,,0.0,0,0,0,0,0,0,0,0,0,0
B,중구,중앙동7가,구조,수난사고,9,201,0.42857142857142855,True,False,False,False,0.8338658146964857,1.6650717703349283,0.04477611940298507,3,1,0,4,1,5,5,4,4,3
B,중구,중앙동7가,구급,교통사고,5,201,0.5555555555555556,False,False,False,False,0.0,1.2488038277511961,0.024875621890547265,1,0,1,1,2,2,0,2,3,2
B,중구,창선동1가,구급,심정지,0,118,,False,False,False,False,,,0.0,0,0,0,0,0,0,0,0,0,0
B,중구,창선동1가,화재,일반화재(주택),0,118,,False,False,False,False,,,0.0,0,0,0,0,0,0,0,0,0,0
B,중구,창선동1가,구조,산악사고,0,118,,False,False,False,False,,,0.0,0,0,0,0,0,0,0,0,0,0
B,중구,창선동1가,구조,수난사고,0,118,,False,False,False,False,,,0.0,0,0,0,0,0,0,0,0,0,0
B,중구,창선동1가,구급,교통사고,3,118,0.75,False,False,False,False,0.0,,0.025423728813559324,1,1,0,0,1,1,1,0,0,2
B,중구,창선동2가,구급,심정지,1,86,0.3333333333333333,False,False,False,False,0.0,,0.011627906976744186,0,0,1,0,0,1,0,2,0,0
B,중구,창선동2가,화재,일반화재(주택),0,86,,False,False,False,False,,,0.0,0,0,0,0,0,0,0,0,0,0
B,중구,창선동2가,구조,산악사고,0,86,,False,False,False,False,,,0.0,0,0,0,0,0,0,0,0,0,0
B,중구,창선동2가,구조,수난사고,0,86,,False,False,False,False,,,0.0,0,0,0,0,0,0,0,0,0,0
B,중구,창선동2가,구급,교통사고,8,86,0.6666666666666666,True,True,False,False,0.0,1.2488038277511961,0.09302325581395349,2,2,1,2,1,3,2,3,3,1
B,해운대구,반송동,구급,심정지,232,8602,0.6089238845144357,True,True,False,False,0.7833284925936682,0.6091725989030226,0.026970471983259706,30,41,59,44,58,55,66,92,74,94
B,해운대구,반송동,화재,일반화재(주택),40,8602,0.625,True,True,False,False,0.8338658146964856,2.4976076555023923,0.0046500813764240876,10,8,6,9,7,14,13,14,15,8
B,해운대구,반송동,구조,산악사고,18,8602,0.5454545454545454,True,True,False,False,3.3354632587859427,2.4976076555023923,0.0020925366193908393,5,4,5,3,1,8,8,11,3,3
B,해운대구,반송동,구조,수난사고,0,8602,0.0,False,False,False,False,,,0.0,0,0,0,0,0,1,0,1,0,0
B,해운대구,반송동,구급,교통사고,154,8602,0.5746268656716418,True,True,False,False,0.8338658146964856,1.417561101771628,0.017902813299232736,33,26,37,31,27,54,52,60,55,47
B,해운대구,반여동,구급,심정지,239,9193,0.5623529411764706,True,True,False,False,0.7286206147833368,0.9858977587509443,0.025998041988469486,30,47,56,44,62,61,89,87,91,97
B,해운대구,반여동,화재,일반화재(주택),38,9193,0.59375,True,True,False,False,0.4002555910543131,0.0,0.004133579897748286,12,10,7,5,4,17,15,13,10,9
B,해운대구,반여동,구조,산악사고,38,9193,0.4935064935064935,True,True,False,False,3.1838512924774904,0.7492822966507178,0.004133579897748286,6,6,13,3,10,13,18,23,7,16
B,해운대구,반여동,구조,수난사고,3,9193,0.375,False,False,False,False,1.2507987220447283,,0.00032633525508539104,2,1,0,0,0,3,2,1,0,2
B,해운대구,반여동,구급,교통사고,299,9193,0.5292035398230088,True,True,False,False,1.0471803254327958,0.7577011988602764,0.03252474709017731,73,57,53,63,53,122,102,122,106,113
B,해운대구,석대동,구급,심정지,8,408,0.8,False,False,False,False,0.0,0.0,0.0196078431372549,2,0,2,2,2,2,0,3,2,3
B,해운대구,석대동,화재,일반화재(주택),1,408,0.25,False,False,False,False,,0.0,0.0024509803921568627,0,0,0,0,1,1,1,1,0,1
B,해운대구,석대동,구조,산악사고,0,408,,False,False,False,False,,,0.0,0,0,0,0,0,0,0,0,0,0
B,해운대구,석대동,구조,수난사고,0,408,,False,False,False,False,,,0.0,0,0,0,0,0,0,0,0,0,0
B,해운대구,석대동,구급,교통사고,56,408,0.48695652173913045,True,True,True,False,0.347444089456869,0.3842473316157527,0.13725490196078433,16,15,10,9,6,21,27,23,22,22
B,해운대구,송정동,구급,심정지,71,3890,0.7634408602150538,True,True,False,False,1.0351437699680512,0.3842473316157527,0.018251928020565553,9,10,22,15,15,11,12,28,19,23
B,해운대구,송정동,화재,일반화재(주택),10,3890,0.7692307692307693,True,False,False,False,0.0,0.41626794258373206,0.002570694087403599,0,1,2,5,2,2,1,3,5,2
B,해운대구,송정동,구조,산악사고,4,3890,0.6666666666666666,False,False,False,False,2.5015974440894566,,0.0010282776349614395,1,0,3,0,0,2,1,3,0,0
B,해운대구,송정동,구조,수난사고,38,3890,0.16964285714285715,True,True,False,False,3.3354632587859427,1.0704032809295967,0.009768637532133676,9,10,9,5,5,22,152,14,18,18
B,해운대구,송정동,구급,교통사고,157,3890,0.7405660377358491,True,True,False,False,1.1772223266303325,1.2488038277511961,0.0403598971722365,36,37,27,30,27,45,48,45,39,35
B,해운대구,우동,구급,심정지,196,12587,0.5414364640883977,True,True,False,False,0.9216411636119052,0.9319431550382061,0.015571621514260746,34,30,40,46,46,52,65,80,78,87
B,해운대구,우동,화재,일반화재(주택),34,12587,0.6181818181818182,True,True,False,False,0.6253993610223642,0.41626794258373206,0.0027011996504329866,6,4,10,7,7,11,7,14,11,12
B,해운대구,우동,구조,산악사고,55,12587,0.46218487394957986,True,True,False,False,1.7511182108626195,1.2488038277511961,0.004369587669818066,10,9,15,12,9,24,23,29,21,22
B,해운대구,우동,구조,수난사고,57,12587,0.296875,True,True,False,False,1.3645076967760674,1.3320574162679426,0.004528481766902359,14,10,10,9,14,26,68,35,33,30
B,해운대구,우동,구급,교통사고,615,12587,0.5032733224222586,True,True,True,False,0.9534060189012267,0.9366028708133972,0.048859934853420196,129,130,136,111,109,236,251,265,228,242
B,해운대구,재송동,구급,심정지,147,7165,0.550561797752809,True,True,False,False,0.887663609193033,0.8502494146391123,0.02051639916259595,23,28,33,29,34,44,52,63,52,56
B,해운대구,재송동,화재,일반화재(주택),22,7165,0.5789473684210527,True,True,False,False,1.1118210862619808,1.998086124401914,0.0030704815073272856,5,2,6,6,3,9,7,8,8,6
B,해운대구,재송동,구조,산악사고,14,7165,0.5185185185185185,True,True,True,False,2.5015974440894566,2.4976076555023923,0.001953942777390091,2,5,3,3,1,4,7,5,6,5
B,해운대구,재송동,구조,수난사고,5,7165,0.35714285714285715,False,False,False,False,0.0,0.8325358851674641,0.0006978367062107466,0,0,1,3,1,0,3,2,4,5
B,해운대구,재송동,구급,교통사고,314,7165,0.5242070116861436,True,True,False,False,0.750479233226837,0.8965771071034229,0.04382414515003489,69,65,74,65,41,135,111,145,100,108
B,해운대구,좌동,구급,심정지,225,10184,0.5514705882352942,True,True,False,False,1.2202914361411983,0.9787921893185051,0.02209347996857816,29,37,56,49,54,50,62,97,89,110
B,해운대구,좌동,화재,일반화재(주택),9,10184,0.6,True,False,False,False,1.2507987220447283,1.2488038277511961,0.0008837391987431265,4,2,0,1,2,7,3,1,1,3
B,해운대구,좌동,구조,산악사고,34,10184,0.4533333333333333,True,True,True,False,6.6709265175718855,0.4995215311004785,0.0033385703063629223,6,10,6,4,8,15,18,15,14,13
B,해운대구,좌동,구조,수난사고,0,10184,0.0,False,False,False,False,,,0.0,0,0,0,0,0,1,0,1,0,0
B,해운대구,좌동,구급,교통사고,362,10184,0.5629860031104199,True,True,False,False,0.9254464533047702,0.7887182070007555,0.035545954438334644,86,77,74,70,55,146,135,145,114,103
B,해운대구,중동,구급,심정지,147,7215,0.550561797752809,True,True,True,False,1.1297536844274965,0.8131745855124068,0.020374220374220375,21,37,32,38,19,36,61,57,62,51
B,해운대구,중동,화재,일반화재(주택),28,7215,0.7,True,True,False,False,1.2507987220447285,2.4976076555023927,0.0038808038808038807,9,5,4,8,2,12,8,7,9,4
B,해운대구,중동,구조,산악사고,0,7215,0.0,False,False,False,False,,,0.0,0,0,0,0,0,0,0,1,2,1
B,해운대구,중동,구조,수난사고,55,7215,0.24336283185840707,True,True,False,False,1.7198482428115014,1.38755980861244,0.007623007623007623,9,10,8,17,11,28,108,21,35,34
B,해운대구,중동,구급,교통사고,248,7215,0.5134575569358178,True,True,False,False,1.2267449004669453,0.8687330975660496,0.03437283437283437,48,50,57,60,33,94,90,106,111,82
C,강서구,강동동,구급,심정지,30,1698,0.6382978723404256,True,True,False,False,0.5772917178667977,0.999043062200957,0.0176678445229682,8,5,3,10,4,9,8,5,16,9
C,강서구,강동동,화재,일반화재(주택),29,1698,0.9666666666666667,True,True,False,False,0.9096717978507115,2.4976076555023923,0.01707891637220259,5,5,5,6,8,6,5,5,6,8
C,강서구,강동동,구조,산악사고,0,1698,,False,False,False,False,,,0.0,0,0,0,0,0,0,0,0,0,0
C,강서구,강동동,구조,수난사고,4,1698,0.36363636363636365,False,False,False,False,2.5015974440894566,0.0,0.002355712603062426,0,0,2,2,0,2,1,5,3,0
C,강서구,강동동,구급,교통사고,117,1698,0.65,True,True,False,False,0.4247995659774549,0.7730690362269309,0.06890459363957598,21,20,21,28,27,34,30,31,44,41
C,강서구,구랑동,구급,심정지,2,282,1.0,False,False,False,False,,0.0,0.0070921985815602835,0,1,0,1,0,0,1,0,1,0
C,강서구,구랑동,화재,일반화재(주택),1,282,0.3333333333333333,False,False,False,False,0.0,,0.0035460992907801418,1,0,0,0,0,2,0,0,0,1
C,강서구,구랑동,구조,산악사고,2,282,1.0,False,False,False,False,0.0,,0.0070921985815602835,0,0,2,0,0,0,0,2,0,0
C,강서구,구랑동,구조,수난사고,0,282,,False,False,False,False,,,0.0,0,0,0,0,0,0,0,0,0,0
C,강서구,구랑동,구급,교통사고,32,282,0.48484848484848486,True,True,False,False,0.6253993610223642,1.7840054682159945,0.11347517730496454,3,7,10,7,5,6,11,23,15,11
C,강서구,녹산동,구급,심정지,9,639,0.6923076923076923,True,False,False,False,0.357371063441351,,0.014084507042253521,1,4,3,0,1,1,5,4,2,1
C,강서구,녹산동,화재,일반화재(주택),6,639,0.8571428571428571,False,False,False,False,3.7523961661341847,0.0,0.009389671361502348,2,1,2,1,0,2,1,3,1,0
C,강서구,녹산동,구조,산악사고,2,639,0.6666666666666666,False,False,False,False,0.0,,0.003129890453834116,0,0,1,0,1,1,0,1,0,1
C,강서구,녹산동,구조,수난사고,0,639,0.0,False,False,False,False,,,0.0,0,0,0,0,0,1,0,1,1,1
C,강서구,녹산동,구급,교통사고,48,639,0.6233766233766234,True,True,False,False,0.6253993610223643,0.31220095693779903,0.07511737089201878,13,11,6,7,11,19,19,10,11,18
C,강서구,눌차동,구급,심정지,4,116,0.6666666666666666,False,False,False,False,0.0,0.0,0.034482758620689655,1,0,1,2,0,1,0,1,3,1
C,강서구,눌차동,화재,일반화재(주택),0,116,,False,False,False,False,,,0.0,0,0,0,0,0,0,0,0,0,0
C,강서구,눌차동,구조,산악사고,0,116,0.0,False,False,False,False,,,0.0,0,0,0,0,0,0,0,1,0,0
C,강서구,눌차동,구조,수난사고,0,116,0.0,False,False,False,False,,,0.0,0,0,0,0,0,0,0,0,1,0
C,강서구,눌차동,구급,교통사고,2,116,0.6666666666666666,False,False,False,False,,0.0,0.017241379310344827,0,0,1,0,1,0,0,1,0,2
C,강서구,대저1동,구급,심정지,59,3228,0.7283950617283951,True,True,False,False,1.8761980830670923,1.0284266816774559,0.018277571251548948,7,13,15,12,12,11,17,19,14,20
C,강서구,대저1동,화재,일반화재(주택),38,3228,0.8085106382978723,True,True,False,False,0.5956184390689183,0.8325358851674641,0.011771995043370507,6,12,8,9,3,7,13,11,10,6
C,강서구,대저1동,구조,산악사고,0,3228,,False,False,False,False,,,0.0,0,0,0,0,0,0,0,0,0,0
C,강서구,대저1동,구조,수난사고,6,3228,0.2727272727272727,True,False,True,False,,0.8325358851674641,0.0018587360594795538,1,1,0,2,2,5,3,5,6,3
C,강서구,대저1동,구급,교통사고,257,3228,0.692722371967655,True,True,False,False,0.7666185715758012,0.708780550885814,0.07961586121437422,60,41,61,44,51,82,65,81,69,74
C,강서구,대저2동,구급,심정지,43,2834,0.7818181818181819,True,True,False,False,0.9380990415335462,0.2629060690002518,0.015172900494001412,9,6,7,9,12,11,8,10,11,15
C,강서구,대저2동,화재,일반화재(주택),41,2834,0.8367346938775511,True,True,False,False,1.324375117459124,0.3842473316157527,0.014467184191954835,7,7,12,5,10,9,8,14,6,12
C,강서구,대저2동,구조,산악사고,0,2834,,False,False,False,False,,,0.0,0,0,0,0,0,0,0,0,0,0
C,강서구,대저2동,구조,수난사고,4,2834,0.25,True,False,False,False,5.003194888178913,0.0,0.0014114326040931546,0,2,1,1,0,2,6,3,4,1
C,강서구,대저2동,구급,교통사고,240,2834,0.6956521739130435,True,True,False,False,0.8418837552224133,0.655622009569378,0.08468595624558928,39,49,51,49,52,55,66,76,79,69
C,강서구,대항동,구급,심정지,5,158,0.5555555555555556,True,False,False,False,0.8338658146964857,0.0,0.03164556962025317,1,0,3,1,0,1,3,3,1,1
C,강서구,대항동,화재,일반화재(주택),3,158,1.0,False,False,False,False,2.5015974440894566,,0.0189873417721519,0,1,1,0,1,0,1,1,0,1
C,강서구,대항동,구조,산악사고,3,158,0.5,False,False,False,False,2.5015974440894566,0.0,0.0189873417721519,1,0,1,1,0,1,0,2,2,1
C,강서구,대항동,구조,수난사고,6,158,0.6,True,False,False,False,2.5015974440894566,0.8325358851674641,0.0379746835443038,1,0,1,2,2,3,1,1,2,3
C,강서구,대항동,구급,교통사고,1,158,1.0,False,False,False,False,,,0.006329113924050633,0,0,1,0,0,0,0,1,0,0
C,강서구,동선동,구급,심정지,5,188,0.5,False,False,False,False,0.0,2.4976076555023923,0.026595744680851064,1,0,2,1,1,3,0,3,1,3
C,강서구,동선동,화재,일반화재(주택),0,188,,False,False,False,False,,,0.0,0,0,0,0,0,0,0,0,0,0
C,강서구,동선동,구조,산악사고,6,188,1.0,True,True,False,False,5.003194888178913,1.2488038277511961,0.031914893617021274,1,1,1,2,1,1,1,1,2,1
C,강서구,동선동,구조,수난사고,1,188,0.3333333333333333,False,False,False,False,,,0.005319148936170213,0,0,0,1,0,0,1,1,1,0
C,강서구,동선동,구급,교통사고,5,188,0.625,True,False,False,False,0.8338658146964857,,0.026595744680851064,0,2,2,1,0,1,2,3,1,1
C,강서구,명지동,구급,심정지,81,7536,0.5,True,True,False,False,0.9564931403871452,1.5461380724538618,0.010748407643312101,11,18,18,18,16,26,32,33,36,35
C,강서구,명지동,화재,일반화재(주택),30,7536,0.6122448979591837,True,True,False,False,1.3470140083558613,0.27751196172248804,0.003980891719745223,10,6,4,6,4,14,8,10,10,7
C,강서구,명지동,구조,산악사고,0,7536,0.0,False,False,False,False,,,0.0,0,0,0,0,0,0,0,0,0,1
C,강서구,명지동,구조,수난사고,4,7536,0.2222222222222222,True,False,False,False,0.0,,0.0005307855626326964,1,0,1,1,1,4,5,5,1,3
C,강서구,명지동,구급,교통사고,429,7536,0.5070921985815603,True,True,False,False,1.1849672103581637,0.8262762168579343,0.05692675159235669,84,79,89,93,84,143,177,178,182,166
C,강서구,미음동,구급,심정지,0,413,,False,False,False,False,,,0.0,0,0,0,0,0,0,0,0,0,0
C,강서구,미음동,화재,일반화재(주택),3,413,0.6,False,False,False,False,5.003194888178913,,0.007263922518159807,2,1,0,0,0,3,1,1,0,0
C,강서구,미음동,구조,산악사고,1,413,1.0,False,False,False,False,,,0.002421307506053269,0,1,0,0,0,0,1,0,0,0
C,강서구,미음동,구조,수난사고,0,413,,False,False,False,False,,,0.0,0,0,0,0,0,0,0,0,0,0
C,강서구,미음동,구급,교통사고,28,413,0.717948717948718,True,True,False,False,0.2501597444089457,1.2488038277511961,0.06779661016949153,9,8,5,2,4,12,8,8,6,5
C,강서구,범방동,구급,심정지,2,456,0.5,False,False,False,False,,0.0,0.0043859649122807015,0,0,0,0,2,1,0,0,1,2
C,강서구,범방동,화재,일반화재(주택),3,456,0.75,False,False,False,False,0.0,,0.006578947368421052,1,1,1,0,0,1,1,1,0,1
C,강서구,범방동,구조,산악사고,0,456,,False,False,False,False,,,0.0,0,0,0,0,0,0,0,0,0,0
C,강서구,범방동,구조,수난사고,1,456,0.25,False,False,False,False,,,0.0021929824561403508,0,0,0,0,1,1,0,0,1,2
C,강서구,범방동,구급,교통사고,46,456,0.48936170212765956,True,True,False,False,0.6253993610223643,0.9366028708133972,0.10087719298245613,13,12,10,6,5,25,22,16,16,15
C,강서구,봉림동,구급,심정지,8,386,0.5714285714285714,False,False,False,False,1.2507987220447283,0.6244019138755981,0.02072538860103627,0,2,1,2,3,0,2,4,2,6
C,강서구,봉림동,화재,일반화재(주택),9,386,0.9,True,True,False,False,7.504792332268369,0.6244019138755981,0.023316062176165803,2,1,1,1,4,3,1,1,1,4
C,강서구,봉림동,구조,산악사고,0,386,,False,False,False,False,,,0.0,0,0,0,0,0,0,0,0,0,0
C,강서구,봉림동,구조,수난사고,2,386,0.25,False,False,False,False,0.0,0.0,0.0051813471502590676,0,0,1,0,1,1,1,2,0,4
C,강서구,봉림동,구급,교통사고,32,386,0.43243243243243246,True,True,False,False,0.5003194888178913,0.6811657242279252,0.08290155440414508,7,4,7,9,5,17,8,15,18,16
C,강서구,생곡동,구급,심정지,5,359,1.0,False,False,False,False,1.2507987220447283,0.0,0.013927576601671309,0,1,2,2,0,0,1,2,2,0
C,강서구,생곡동,화재,일반화재(주택),2,359,1.0,False,False,False,False,2.5015974440894566,,0.005571030640668524,2,0,0,0,0,2,0,0,0,0
C,강서구,생곡동,구조,산악사고,0,359,,False,False,False,False,,,0.0,0,0,0,0,0,0,0,0,0,0
C,강서구,생곡동,구조,수난사고,0,359,0.0,False,False,False,False,,,0.0,0,0,0,0,0,1,1,0,0,0
C,강서구,생곡동,구급,교통사고,22,359,0.5238095238095238,True,True,False,False,1.2507987220447283,0.41626794258373206,0.06128133704735376,4,7,4,2,5,8,7,9,7,11
C,강서구,성북동,구급,심정지,7,417,0.5833333333333334,True,True,False,False,0.0,0.0,0.016786570743405275,1,1,2,1,2,1,3,2,3,3
C,강서구,성북동,화재,일반화재(주택),1,417,1.0,False,False,False,False,0.0,,0.002398081534772182,0,0,1,0,0,0,0,1,0,0
C,강서구,성북동,구조,산악사고,0,417,0.0,False,False,False,False,,,0.0,0,0,0,0,0,0,1,0,0,1
C,강서구,성북동,구조,수난사고,4,417,0.6666666666666666,True,False,False,False,0.0,,0.009592326139088728,1,1,1,1,0,1,2,1,1,1
C,강서구,성북동,구급,교통사고,32,417,0.4266666666666667,True,True,False,False,0.7817492012779552,0.9366028708133972,0.07673860911270983,9,5,7,7,4,22,11,17,12,13
C,강서구,송정동,구급,심정지,21,1732,0.6176470588235294,True,True,False,False,0.5559105431309904,1.6650717703349283,0.01212471131639723,3,3,5,4,6,5,4,6,6,13
C,강서구,송정동,화재,일반화재(주택),12,1732,0.6666666666666666,True,False,False,False,0.6253993610223642,0.0,0.006928406466512702,5,2,3,2,0,6,3,5,2,2
C,강서구,송정동,구조,산악사고,1,1732,0.3333333333333333,False,False,False,False,,,0.0005773672055427252,0,0,0,1,0,0,0,0,1,2
C,강서구,송정동,구조,수난사고,3,1732,0.75,False,False,False,False,2.5015974440894566,0.0,0.0017321016166281756,2,0,0,1,0,3,0,0,1,0
C,강서구,송정동,구급,교통사고,161,1732,0.5331125827814569,True,True,True,False,0.7671565495207667,0.4712467274532816,0.09295612009237875,32,30,36,36,27,57,45,61,70,69
C,강서구,식만동,구급,심정지,5,123,0.8333333333333334,False,False,False,False,2.5015974440894566,0.0,0.04065040650406504,1,3,0,0,1,1,3,0,0,2
C,강서구,식만동,화재,일반화재(주택),5,123,0.625,False,False,False,False,0.0,0.0,0.04065040650406504,0,0,2,3,0,0,2,2,3,1
C,강서구,식만동,구조,산악사고,0,123,,False,False,False,False,,,0.0,0,0,0,0,0,0,0,0,0,0
C,강서구,식만동,구조,수난사고,0,123,0.0,False,False,False,False,,,0.0,0,0,0,0,0,0,1,1,0,0
C,강서구,식만동,구급,교통사고,7,123,0.3181818181818182,True,False,False,False,7.504792332268369,1.2488038277511961,0.056910569105691054,0,2,2,1,2,3,4,7,3,5
C,강서구,신호동,구급,심정지,41,2553,0.6833333333333333,True,True,False,False,0.7817492012779552,1.6650717703349283,0.016059537798668234,8,9,4,11,9,10,14,7,14,15
C,강서구,신호동,화재,일반화재(주택),5,2553,0.7142857142857143,False,False,False,False,,0.0,0.0019584802193497847,0,2,1,1,1,0,2,3,1,1
C,강서구,신호동,구조,산악사고,0,2553,,False,False,False,False,,,0.0,0,0,0,0,0,0,0,0,0,0
C,강서구,신호동,구조,수난사고,7,2553,0.3333333333333333,True,False,False,False,1.8761980830670923,,0.0027418723070896985,4,2,1,0,0,4,5,7,1,4
C,강서구,신호동,구급,교통사고,122,2553,0.6815642458100558,True,True,False,False,0.9280119550654435,0.6889952153110048,0.04778691735213474,22,30,33,22,15,34,42,43,31,29
C,강서구,죽동동,구급,심정지,4,101,0.6666666666666666,False,False,False,False,0.0,1.2488038277511961,0.039603960396039604,1,0,0,1,2,1,0,1,1,3
C,강서구,죽동동,화재,일반화재(주택),5,101,0.7142857142857143,False,False,False,False,,4.9952153110047846,0.04950495049504951,0,0,2,2,1,0,0,2,4,1
C,강서구,죽동동,구조,산악사고,0,101,,False,False,False,False,,,0.0,0,0,0,0,0,0,0,0,0,0
C,강서구,죽동동,구조,수난사고,0,101,,False,False,False,False,,,0.0,0,0,0,0,0,0,0,0,0,0
C,강서구,죽동동,구급,교통사고,6,101,0.35294117647058826,True,False,False,False,0.8338658146964857,0.0,0.0594059405940594,1,1,2,0,2,1,2,5,4,5
C,강서구,죽림동,구급,심정지,2,131,0.5,False,False,False,False,0.0,,0.015267175572519083,1,0,1,0,0,1,1,1,0,1
C,강서구,죽림동,화재,일반화재(주택),0,131,0.0,False,False,False,False,,,0.0,0,0,0,0,0,2,0,0,0,0
C,강서구,죽림동,구조,산악사고,0,131,0.0,False,False,False,False,,,0.0,0,0,0,0,0,0,0,0,1,0
C,강서구,죽림동,구조,수난사고,0,131,,False,False,False,False,,,0.0,0,0,0,0,0,0,0,0,0,0
C,강서구,죽림동,구급,교통사고,9,131,0.391304347826087,False,False,False,False,0.0,1.2488038277511961,0.06870229007633588,1,2,0,2,4,2,4,0,10,7
C,강서구,지사동,구급,심정지,22,1906,0.6666666666666666,True,True,False,False,2.084664536741214,1.4272043745727956,0.011542497376705142,4,4,3,3,8,6,4,3,6,14
C,강서구,지사동,화재,일반화재(주택),6,1906,0.8571428571428571,False,False,False,False,1.6677316293929714,0.0,0.0031479538300104933,1,2,2,0,1,1,2,3,0,1
C,강서구,지사동,구조,산악사고,3,1906,0.6,False,False,False,False,1.2507987220447283,,0.0015739769150052466,0,0,3,0,0,0,1,3,0,1
C,강서구,지사동,구조,수난사고,0,1906,,False,False,False,False,,,0.0,0,0,0,0,0,0,0,0,0,0
C,강서구,지사동,구급,교통사고,47,1906,0.7580645161290323,True,True,False,False,0.48107643155566476,0.5763709974236291,0.02465897166841553,7,11,13,5,11,10,14,17,8,13
C,강서구,천성동,구급,심정지,2,268,0.2857142857142857,False,False,True,False,2.5015974440894566,,0.007462686567164179,1,1,0,0,0,1,1,0,3,2
C,강서구,천성동,화재,일반화재(주택),5,268,0.8333333333333334,False,False,False,False,1.2507987220447283,2.4976076555023923,0.018656716417910446,0,1,2,1,1,0,2,2,1,1
C,강서구,천성동,구조,산악사고,8,268,0.34782608695652173,True,False,True,False,15.009584664536739,0.0,0.029850746268656716,1,2,4,1,0,2,7,7,4,3
C,강서구,천성동,구조,수난사고,2,268,0.18181818181818182,False,False,False,False,,0.0,0.007462686567164179,0,1,0,1,0,0,1,2,4,4
C,강서구,천성동,구급,교통사고,7,268,0.2916666666666667,True,False,False,False,5.003194888178913,0.0,0.026119402985074626,4,1,1,1,0,4,4,4,8,4
C,강서구,화전동,구급,심정지,9,715,0.6428571428571429,True,True,False,False,0.0,2.4976076555023923,0.012587412587412588,2,4,1,1,1,3,5,2,2,2
C,강서구,화전동,화재,일반화재(주택),2,715,0.2857142857142857,False,False,False,False,0.0,,0.002797202797202797,1,1,0,0,0,3,2,1,1,0
C,강서구,화전동,구조,산악사고,1,715,1.0,False,False,False,False,,0.0,0.0013986013986013986,0,0,0,1,0,0,0,0,1,0
C,강서구,화전동,구조,수난사고,0,715,0.0,False,False,False,False,,,0.0,0,0,0,0,0,0,0,0,0,1
C,강서구,화전동,구급,교통사고,26,715,0.65,True,True,False,False,0.4169329073482428,0.6244019138755981,0.03636363636363636,9,4,8,3,2,10,5,9,10,6
C,금정구,구서동,구급,심정지,147,6531,0.6,True,True,False,False,0.7580598315422596,0.6764354066985646,0.022508038585209004,23,33,30,30,31,36,47,62,47,53
C,금정구,구서동,화재,일반화재(주택),17,6531,0.6071428571428571,True,True,False,False,0.22741794946267788,1.6650717703349283,0.0026029704486296126,5,5,2,2,3,9,6,4,4,5
C,금정구,구서동,구조,산악사고,19,6531,0.5277777777777778,True,True,True,False,2.5015974440894566,0.7136021872863978,0.0029092022661154496,4,5,1,4,5,9,10,3,6,8
C,금정구,구서동,구조,수난사고,5,6531,1.0,False,False,False,False,0.8338658146964857,0.0,0.000765579543714592,2,1,1,1,0,2,1,1,1,0
C,금정구,구서동,구급,교통사고,258,6531,0.6042154566744731,True,True,False,False,1.193422633877539,0.8211312840007866,0.03950390445567294,48,61,52,36,61,78,93,83,77,96
C,금정구,금사동,구급,심정지,30,1265,0.625,True,True,False,False,0.9621528631113295,0.4995215311004785,0.023715415019762844,8,6,4,7,5,16,8,6,10,8
C,금정구,금사동,화재,일반화재(주택),9,1265,0.6923076923076923,True,False,False,False,2.5015974440894566,,0.0071146245059288534,2,5,1,1,0,3,6,2,1,1
C,금정구,금사동,구조,산악사고,4,1265,0.4,False,False,False,False,0.0,0.0,0.0031620553359683794,0,1,1,2,0,2,2,2,4,0
C,금정구,금사동,구조,수난사고,0,1265,,False,False,False,False,,,0.0,0,0,0,0,0,0,0,0,0,0
C,금정구,금사동,구급,교통사고,80,1265,0.5405405405405406,True,True,True,False,0.7643769968051118,0.6724328303275673,0.06324110671936758,14,16,17,14,19,30,33,30,28,27
C,금정구,금성동,구급,심정지,9,752,0.75,True,True,False,False,3.7523961661341847,0.8325358851674641,0.011968085106382979,1,2,2,2,2,1,2,3,4,2
C,금정구,금성동,화재,일반화재(주택),9,752,1.0,True,True,False,False,3.3354632587859427,2.4976076555023923,0.011968085106382979,1,4,2,1,1,1,4,2,1,1
C,금정구,금성동,구조,산악사고,61,752,0.6039603960396039,True,True,False,False,5.253354632587859,1.6650717703349283,0.08111702127659574,7,10,14,17,13,17,17,23,23,21
C,금정구,금성동,구조,수난사고,0,752,,False,False,False,False,,,0.0,0,0,0,0,0,0,0,0,0,0
C,금정구,금성동,구급,교통사고,12,752,0.7058823529411765,True,False,False,False,3.7523961661341847,0.999043062200957,0.015957446808510637,4,1,0,4,3,4,1,2,6,4
C,금정구,남산동,구급,심정지,136,6006,0.7046632124352331,True,True,False,False,0.560702875399361,0.9565305914690014,0.022644022644022644,23,28,20,30,35,28,35,34,44,52
C,금정구,남산동,화재,일반화재(주택),24,6006,0.7741935483870968,True,True,False,False,1.0006389776357827,1.0704032809295967,0.003996003996003996,5,4,5,5,5,8,4,6,7,6
C,금정구,남산동,구조,산악사고,11,6006,0.7333333333333333,True,True,False,False,1.6677316293929714,2.4976076555023923,0.0018315018315018315,1,2,2,3,3,1,5,3,3,3
C,금정구,남산동,구조,수난사고,1,6006,1.0,False,False,False,False,0.0,,0.0001665001665001665,1,0,0,0,0,1,0,0,0,0
C,금정구,남산동,구급,교통사고,163,6006,0.7477064220183486,True,True,False,False,1.2924920127795527,0.5503203308734085,0.02713952713952714,28,33,30,33,39,42,41,43,43,49
C,금정구,노포동,구급,심정지,12,718,0.5714285714285714,True,False,False,False,1.2507987220447283,2.4976076555023923,0.016713091922005572,0,3,3,3,3,3,4,5,3,6
C,금정구,노포동,화재,일반화재(주택),4,718,0.36363636363636365,True,False,False,False,0.0,2.4976076555023923,0.005571030640668524,0,2,0,2,0,1,3,1,4,2
C,금정구,노포동,구조,산악사고,2,718,1.0,False,False,False,False,0.0,,0.002785515320334262,1,0,0,0,1,1,0,0,0,1
C,금정구,노포동,구조,수난사고,0,718,,False,False,False,False,,,0.0,0,0,0,0,0,0,0,0,0,0
C,금정구,노포동,구급,교통사고,51,718,0.45535714285714285,True,True,False,False,0.3001916932907348,1.3320574162679426,0.07103064066852367,10,8,10,10,13,24,16,20,22,30
C,금정구,두구동,구급,심정지,14,900,0.6086956521739131,True,True,False,False,1.2507987220447283,0.8325358851674641,0.015555555555555555,2,1,3,4,4,2,2,4,8,7
C,금정구,두구동,화재,일반화재(주택),7,900,0.4117647058823529,True,False,False,False,0.5003194888178913,0.0,0.0077777777777777776,3,0,3,0,1,5,1,5,3,3
C,금정구,두구동,구조,산악사고,1,900,0.5,False,False,False,False,,0.0,0.0011111111111111111,0,0,0,1,0,0,0,0,2,0
C,금정구,두구동,구조,수난사고,1,900,1.0,False,False,False,False,,,0.0011111111111111111,0,0,1,0,0,0,0,1,0,0
C,금정구,두구동,구급,교통사고,39,900,0.5342465753424658,True,True,False,False,0.8338658146964857,1.4569377990430623,0.043333333333333335,6,8,6,16,3,14,15,14,22,8
C,금정구,부곡동,구급,심정지,171,7569,0.5463258785942492,True,True,False,False,0.8789396425179172,1.1967703349282297,0.022592152199762187,20,46,34,33,38,49,69,61,69,65
C,금정구,부곡동,화재,일반화재(주택),29,7569,0.6744186046511628,True,True,False,False,0.0,0.9366028708133972,0.0038314176245210726,6,9,3,6,5,9,11,6,10,7
C,금정구,부곡동,구조,산악사고,17,7569,0.7083333333333334,True,True,False,False,0.3126996805111821,7.492822966507178,0.002246003435064077,4,2,3,4,4,4,2,8,4,6
C,금정구,부곡동,구조,수난사고,2,7569,0.3333333333333333,False,False,False,False,,0.0,0.0002642356982428326,0,0,0,0,2,1,0,1,1,3
C,금정구,부곡동,구급,교통사고,329,7569,0.5402298850574713,True,True,False,False,0.9522209625888901,0.8422165349949927,0.04346677236094596,65,82,67,53,62,115,141,137,110,106
C,금정구,서동,구급,심정지,118,5191,0.5291479820627802,True,True,False,False,1.193944234679059,1.39572192513369,0.022731650934309382,22,17,26,26,27,43,34,47,52,47
C,금정구,서동,화재,일반화재(주택),34,5191,0.68,True,True,False,False,0.5003194888178913,0.8325358851674641,0.006549797726834907,3,7,8,9,7,5,13,12,13,7
C,금정구,서동,구조,산악사고,8,5191,0.4444444444444444,True,True,False,False,2.501597444089457,,0.001541128876902331,1,4,1,1,1,3,7,5,2,1
C,금정구,서동,구조,수난사고,0,5191,,False,False,False,False,,,0.0,0,0,0,0,0,0,0,0,0,0
C,금정구,서동,구급,교통사고,174,5191,0.5321100917431193,True,True,False,False,0.5297500469836497,0.9125874125874127,0.0335195530726257,34,32,37,25,46,66,56,60,62,83
C,금정구,선동,구급,심정지,3,290,0.5,True,False,False,False,,,0.010344827586206896,0,0,1,1,1,1,1,1,2,1
C,금정구,선동,화재,일반화재(주택),9,290,0.6923076923076923,True,True,False,False,0.6253993610223642,0.8325358851674641,0.03103448275862069,1,1,3,1,3,1,3,3,3,3
C,금정구,선동,구조,산악사고,5,290,0.5555555555555556,False,False,False,False,1.2507987220447283,2.4976076555023923,0.017241379310344827,1,0,2,2,0,2,0,3,3,1
C,금정구,선동,구조,수난사고,0,290,0.0,False,False,False,False,,,0.0,0,0,0,0,0,0,1,0,0,1
C,금정구,선동,구급,교통사고,23,290,0.4339622641509434,True,True,False,False,1.429484253765404,0.8325358851674641,0.07931034482758621,3,4,4,5,7,10,7,7,11,18
C,금정구,오륜동,구급,심정지,1,312,0.5,False,False,False,False,0.0,,0.003205128205128205,0,0,1,0,0,1,0,1,0,0
C,금정구,오륜동,화재,일반화재(주택),2,312,0.6666666666666666,False,False,False,False,,2.4976076555023923,0.00641025641025641,0,0,0,1,1,0,1,0,1,1
C,금정구,오륜동,구조,산악사고,22,312,0.5945945945945946,True,True,False,False,2.9185303514377,8.741626794258375,0.07051282051282051,3,6,4,6,3,6,9,9,7,6
C,금정구,오륜동,구조,수난사고,1,312,0.5,False,False,False,False,,0.0,0.003205128205128205,0,0,0,1,0,0,0,0,1,1
C,금정구,오륜동,구급,교통사고,19,312,0.475,True,True,False,False,0.1786855317206755,0.8325358851674641,0.060897435897435896,4,6,5,2,2,8,11,10,5,6
C,금정구,장전동,구급,심정지,126,6263,0.5271966527196653,True,True,False,False,1.223003194888179,0.8514571552849064,0.0201181542391825,28,17,22,23,36,41,33,58,44,63
C,금정구,장전동,화재,일반화재(주택),30,6263,0.4838709677419355,True,True,False,False,2.5015974440894566,1.6650717703349283,0.004790036723614881,12,4,4,6,4,21,11,10,11,9
C,금정구,장전동,구조,산악사고,20,6263,0.5555555555555556,True,True,False,False,0.6822538483880337,2.4976076555023923,0.003193357815743254,3,4,7,3,3,4,11,10,7,4
C,금정구,장전동,구조,수난사고,1,6263,0.25,False,False,False,False,,,0.0001596678907871627,0,0,0,0,1,0,0,0,0,4
C,금정구,장전동,구급,교통사고,284,6263,0.54510556621881,True,True,False,False,1.2613096356753564,0.9082209656372336,0.04534568098355421,57,59,63,48,57,103,105,110,100,103
C,금정구,청룡동,구급,심정지,50,1734,0.625,True,True,True,False,0.4002555910543131,0.7805023923444977,0.02883506343713956,9,10,10,11,10,19,15,15,14,17
C,금정구,청룡동,화재,일반화재(주택),9,1734,0.8181818181818182,True,True,False,False,2.501597444089457,1.2488038277511961,0.005190311418685121,2,3,1,2,1,3,3,1,3,1
C,금정구,청룡동,구조,산악사고,50,1734,0.4854368932038835,True,True,False,False,5.628594249201277,2.4976076555023923,0.02883506343713956,11,9,6,13,11,15,22,21,25,20
C,금정구,청룡동,구조,수난사고,0,1734,,False,False,False,False,,,0.0,0,0,0,0,0,0,0,0,0,0
C,금정구,청룡동,구급,교통사고,33,1734,0.5238095238095238,True,True,False,False,1.6677316293929714,5.6196172248803835,0.01903114186851211,7,5,8,6,7,13,14,16,7,13
C,금정구,회동동,구급,심정지,20,894,0.7142857142857143,True,True,False,False,1.6677316293929714,2.4976076555023927,0.02237136465324385,3,2,5,3,7,3,3,5,7,10
C,금정구,회동동,화재,일반화재(주택),3,894,0.42857142857142855,False,False,False,False,0.0,0.0,0.003355704697986577,1,0,0,2,0,2,0,2,3,0
C,금정구,회동동,구조,산악사고,11,894,0.6875,True,True,False,False,1.8761980830670923,7.492822966507178,0.012304250559284116,3,3,1,2,2,4,4,3,2,3
C,금정구,회동동,구조,수난사고,1,894,1.0,False,False,False,False,,0.0,0.0011185682326621924,0,0,0,0,1,0,0,0,0,1
C,금정구,회동동,구급,교통사고,47,894,0.5465116279069767,True,True,False,False,0.41693290734824284,0.8920027341079972,0.052572706935123045,9,10,9,10,9,17,16,17,18,18
C,기장군,기장읍,구급,심정지,360,15282,0.8035714285714286,True,True,False,False,1.0146339283719474,0.9858977587509443,0.023557126030624265,52,64,85,78,81,60,85,103,95,105
C,기장군,기장읍,화재,일반화재(주택),76,15282,0.8444444444444444,True,True,False,False,1.4432292946669942,0.5167464114832536,0.004973171050909567,16,13,12,16,19,18,18,13,17,24
C,기장군,기장읍,구조,산악사고,26,15282,0.6842105263157895,True,True,False,False,2.9185303514377,0.7492822966507178,0.0017013479911006412,5,4,4,2,11,8,5,9,3,13
C,기장군,기장읍,구조,수난사고,36,15282,0.6101694915254238,True,True,False,False,3.001916932907348,4.495693779904307,0.002355712603062426,8,7,7,11,3,10,13,13,14,9
C,기장군,기장읍,구급,교통사고,651,15282,0.7372593431483578,True,True,True,False,1.1055749003841047,1.055139063019727,0.04259913623871221,129,124,132,157,109,154,164,178,217,170
C,기장군,일광면,구급,심정지,46,2345,0.8070175438596491,False,False,False,False,1.6081697854860795,,0.019616204690831557,10,26,10,0,0,14,30,13,0,0
C,기장군,일광면,화재,일반화재(주택),16,2345,0.9411764705882353,False,False,False,False,0.8338658146964857,,0.006823027718550106,4,9,3,0,0,5,9,3,0,0
C,기장군,일광면,구조,산악사고,18,2345,0.5806451612903226,False,False,False,False,2.0012779552715654,,0.00767590618336887,3,13,2,0,0,7,20,4,0,0
C,기장군,일광면,구조,수난사고,15,2345,0.4166666666666667,False,False,False,False,2.858968507530808,,0.006396588486140725,7,5,3,0,0,9,24,3,0,0
C,기장군,일광면,구급,교통사고,122,2345,0.6421052631578947,False,False,False,False,1.737220447284345,,0.05202558635394456,39,65,18,0,0,67,80,43,0,0
C,기장군,일광읍,구급,심정지,23,1602,0.3150684931506849,False,False,False,False,0.0,0.39435910350037773,0.01435705368289638,0,0,1,10,12,0,0,10,38,25
C,기장군,일광읍,화재,일반화재(주택),3,1602,0.3,False,False,False,False,0.0,0.0,0.0018726591760299626,0,0,2,1,0,0,0,2,4,4
C,기장군,일광읍,구조,산악사고,8,1602,0.4444444444444444,False,False,False,False,2.5015974440894566,2.4976076555023923,0.004993757802746567,0,0,2,4,2,0,0,6,5,7
C,기장군,일광읍,구조,수난사고,9,1602,0.2,False,False,False,False,0.0,0.4995215311004785,0.0056179775280898875,0,0,3,3,3,0,0,17,12,16
C,기장군,일광읍,구급,교통사고,53,1602,0.27461139896373055,False,False,False,False,1.0006389776357827,1.737466195132099,0.033083645443196,0,0,14,22,17,0,0,46,73,74
C,기장군,장안읍,구급,심정지,84,3967,0.6666666666666666,True,True,True,False,0.9874726752984698,1.8038277511961722,0.021174691202419965,18,11,24,15,16,23,15,29,30,29
C,기장군,장안읍,화재,일반화재(주택),38,3967,0.8444444444444444,True,True,False,False,0.6670926517571886,0.6660287081339713,0.009579026972523318,9,3,7,15,4,9,4,11,16,5
C,기장군,장안읍,구조,산악사고,13,3967,0.4642857142857143,True,True,False,False,2.5015974440894566,3.746411483253589,0.0032770355432316612,3,3,2,4,1,7,7,4,6,4
C,기장군,장안읍,구조,수난사고,15,3967,0.1595744680851064,True,True,False,False,0.8338658146964857,6.244019138755982,0.0037811948575749935,3,2,3,6,1,4,70,4,12,4
C,기장군,장안읍,구급,교통사고,178,3967,0.6768060836501901,True,True,False,False,1.1053570101790622,0.4343665487830248,0.04487017897655659,45,44,35,24,30,58,58,61,39,47
C,기장군,정관면,구급,심정지,0,51,0.0,False,False,False,False,,,0.0,0,0,0,0,0,0,0,0,1,0
C,기장군,정관면,화재,일반화재(주택),0,51,,False,False,False,False,,,0.0,0,0,0,0,0,0,0,0,0,0
C,기장군,정관면,구조,산악사고,0,51,,False,False,False,False,,,0.0,0,0,0,0,0,0,0,0,0,0
C,기장군,정관면,구조,수난사고,0,51,,False,False,False,False,,,0.0,0,0,0,0,0,0,0,0,0,0
C,기장군,정관면,구급,교통사고,3,51,1.0,False,False,False,False,1.2507987220447283,,0.058823529411764705,2,1,0,0,0,2,1,0,0,0
C,기장군,정관읍,구급,심정지,82,6281,0.31417624521072796,True,True,False,False,1.305181275177108,0.8563226247436775,0.0130552459799395,10,12,13,21,26,33,44,49,59,76
C,기장군,정관읍,화재,일반화재(주택),14,6281,0.3333333333333333,True,True,True,False,0.714742126882702,0.0,0.002228944435599427,5,3,1,1,4,8,10,7,8,9
C,기장군,정관읍,구조,산악사고,7,6281,0.25925925925925924,True,True,False,False,0.6253993610223642,,0.0011144722177997134,1,1,3,1,1,7,7,7,3,3
C,기장군,정관읍,구조,수난사고,1,6281,0.16666666666666666,False,False,False,False,0.0,,0.0001592103168285305,1,0,0,0,0,3,0,0,2,1
C,기장군,정관읍,구급,교통사고,230,6281,0.32716927453769556,True,True,False,False,0.7481412916903047,0.7492822966507178,0.036618372870562015,44,52,43,47,44,142,141,134,139,147
C,기장군,철마면,구급,심정지,63,2928,0.7875,True,True,False,False,0.41693290734824284,0.542958185978781,0.02151639344262295,11,10,14,12,16,13,18,16,14,19
C,기장군,철마면,화재,일반화재(주택),28,2928,0.9032258064516129,True,True,False,False,2.274179494626779,0.999043062200957,0.009562841530054645,11,3,7,4,3,12,4,8,4,3
C,기장군,철마면,구조,산악사고,21,2928,0.5121951219512195,True,True,False,False,3.57371063441351,2.4976076555023923,0.007172131147540984,5,10,2,2,2,8,18,7,5,3
C,기장군,철마면,구조,수난사고,1,2928,1.0,False,False,False,False,,,0.00034153005464480874,0,0,0,0,1,0,0,0,0,1
C,기장군,철마면,구급,교통사고,115,2928,0.6020942408376964,True,True,False,False,1.121405750798722,1.3736842105263158,0.03927595628415301,32,29,23,18,13,47,44,39,27,34
C,남구,감만동,구급,심정지,84,3349,0.5526315789473685,True,True,False,False,0.7437181590536223,1.7840054682159945,0.025082114063899673,11,21,16,18,18,23,37,36,31,25
C,남구,감만동,화재,일반화재(주택),9,3349,0.6428571428571429,True,True,False,False,1.8761980830670923,0.0,0.0026873693639892504,3,1,3,1,1,7,1,3,1,2
C,남구,감만동,구조,산악사고,0,3349,,False,False,False,False,,,0.0,0,0,0,0,0,0,0,0,0,0
C,남구,감만동,구조,수난사고,0,3349,0.0,False,False,False,False,,,0.0,0,0,0,0,0,1,3,2,0,4
C,남구,감만동,구급,교통사고,96,3349,0.5454545454545454,True,True,False,False,1.3423205797553182,0.6724328303275673,0.02866527321588534,28,22,13,21,12,47,45,22,35,27
C,남구,대연동,구급,심정지,256,13536,0.5412262156448203,True,True,False,False,0.9096717978507115,1.4788466381264165,0.018912529550827423,35,44,56,59,62,68,86,107,101,111
C,남구,대연동,화재,일반화재(주택),48,13536,0.6,True,True,False,False,0.543825531323795,0.6244019138755981,0.0035460992907801418,8,14,6,12,8,21,17,15,15,12
C,남구,대연동,구조,산악사고,26,13536,0.52,True,True,False,False,1.8761980830670926,1.6650717703349283,0.0019208037825059101,7,5,9,2,3,14,11,13,7,5
C,남구,대연동,구조,수난사고,4,13536,0.21052631578947367,True,False,False,False,2.5015974440894566,0.0,0.0002955082742316785,0,1,1,1,1,1,6,6,2,4
C,남구,대연동,구급,교통사고,736,13536,0.5075862068965518,True,True,False,False,0.8776322524844228,0.9488118467830317,0.054373522458628844,189,144,156,131,116,346,284,306,269,245
C,남구,문현동,구급,심정지,174,6543,0.5178571428571429,True,True,False,False,1.2128957304676153,0.7196496634498418,0.026593305823016965,29,32,37,36,40,52,64,69,69,82
C,남구,문현동,화재,일반화재(주택),31,6543,0.62,True,True,False,False,0.8934276586033775,1.7840054682159945,0.004737887819043252,7,6,6,7,5,11,8,8,15,8
C,남구,문현동,구조,산악사고,1,6543,0.3333333333333333,False,False,False,False,,,0.0001528350909368791,1,0,0,0,0,2,1,0,0,0
C,남구,문현동,구조,수난사고,1,6543,0.5,False,False,False,False,,0.0,0.0001528350909368791,0,0,0,1,0,0,0,0,2,0
C,남구,문현동,구급,교통사고,281,6543,0.5090579710144928,True,True,False,False,1.0198820348980093,1.3875598086124403,0.04294666055326303,53,57,73,58,40,116,102,124,124,86
C,남구,용당동,구급,심정지,32,1945,0.6274509803921569,True,True,False,False,1.0721131903240528,0.4995215311004785,0.016452442159383032,3,7,10,6,6,4,11,12,11,13
C,남구,용당동,화재,일반화재(주택),9,1945,0.75,True,False,False,False,1.6677316293929714,0.0,0.004627249357326478,0,1,4,2,2,2,2,4,2,2
C,남구,용당동,구조,산악사고,2,1945,0.6666666666666666,False,False,False,False,,,0.0010282776349614395,1,1,0,0,0,2,1,0,0,0
C,남구,용당동,구조,수난사고,1,1945,0.5,False,False,False,False,,,0.0005141388174807198,0,0,0,0,1,0,1,0,0,1
C,남구,용당동,구급,교통사고,102,1945,0.6666666666666666,True,True,False,False,0.4905093027626386,1.295055821371611,0.05244215938303342,19,26,16,19,22,25,38,31,28,31
C,남구,용호동,구급,심정지,276,9757,0.5935483870967742,True,True,False,False,1.1268456955357913,0.8422165349949927,0.028287383417033924,42,63,56,54,61,67,96,98,101,103
C,남구,용호동,화재,일반화재(주택),24,9757,0.5106382978723404,True,True,False,False,1.389776357827476,0.0,0.0024597724710464283,4,5,5,4,6,10,9,9,8,11
C,남구,용호동,구조,산악사고,43,9757,0.6231884057971014,True,True,False,False,2.9185303514377,0.5352016404647983,0.004407092343958184,5,10,11,8,9,12,14,17,14,12
C,남구,용호동,구조,수난사고,23,9757,0.5111111111111111,True,True,False,False,1.9456869009584663,0.999043062200957,0.0023572819514194937,6,5,5,5,2,11,6,12,10,6
C,남구,용호동,구급,교통사고,318,9757,0.5628318584070796,True,True,True,False,0.6851508923302334,0.8514571552849064,0.032591985241365175,74,63,63,52,66,127,108,107,92,131
C,남구,우암동,구급,심정지,63,2482,0.6176470588235294,True,True,True,False,1.2044728434504792,0.5258121380005036,0.025382755842062853,12,13,15,13,10,14,21,30,19,18
C,남구,우암동,화재,일반화재(주택),16,2482,0.7272727272727273,True,True,False,False,0.41693290734824284,1.2488038277511961,0.0064464141821112,3,2,2,6,3,6,3,3,6,4
C,남구,우암동,구조,산악사고,1,2482,0.5,False,False,False,False,,,0.00040290088638195,0,1,0,0,0,0,1,0,1,0
C,남구,우암동,구조,수난사고,2,2482,1.0,False,False,False,False,0.0,0.0,0.0008058017727639,0,1,0,0,1,0,1,0,0,1
C,남구,우암동,구급,교통사고,88,2482,0.7394957983193278,True,True,False,False,0.7782747603833866,0.9514695830485304,0.035455278001611606,20,24,15,9,20,27,33,20,15,24
C,동구,범일동,구급,심정지,114,5277,0.5560975609756098,True,True,False,False,0.691931207939637,0.7136021872863978,0.02160318362706083,17,17,26,23,31,33,38,48,42,44
C,동구,범일동,화재,일반화재(주택),31,5277,0.7045454545454546,True,True,False,False,1.3470140083558613,2.0813397129186604,0.005874549933674436,11,4,5,5,6,14,7,8,8,7
C,동구,범일동,구조,산악사고,0,5277,0.0,False,False,False,False,,,0.0,0,0,0,0,0,1,1,0,0,0
C,동구,범일동,구조,수난사고,0,5277,0.0,False,False,False,False,,,0.0,0,0,0,0,0,1,0,0,3,0
C,동구,범일동,구급,교통사고,231,5277,0.5261958997722096,True,True,True,False,0.7049956433343014,0.7601414603702933,0.04377487208641274,41,40,60,48,42,83,80,112,90,74
C,동구,수정동,구급,심정지,133,4580,0.5833333333333334,True,True,True,False,0.615777832391251,1.5610047846889954,0.029039301310043668,24,32,25,27,25,41,59,45,44,39
C,동구,수정동,화재,일반화재(주택),32,4580,0.8205128205128205,True,True,False,False,0.714742126882702,0.6811657242279252,0.0069868995633187774,8,6,4,2,12,8,6,6,5,14
C,동구,수정동,구조,산악사고,8,4580,0.5714285714285714,True,True,False,False,1.2507987220447283,,0.0017467248908296944,1,3,2,1,1,2,3,5,3,1
C,동구,수정동,구조,수난사고,0,4580,,False,False,False,False,,,0.0,0,0,0,0,0,0,0,0,0,0
C,동구,수정동,구급,교통사고,118,4580,0.4701195219123506,True,True,False,False,0.6253993610223643,0.9276828434723172,0.02576419213973799,28,25,17,25,23,55,53,50,51,42
C,동구,좌천동,구급,심정지,87,2982,0.6904761904761905,True,True,False,False,0.7899781402387759,0.582775119617225,0.029175050301810865,14,17,19,18,19,17,24,29,29,27
C,동구,좌천동,화재,일반화재(주택),13,2982,0.8666666666666667,True,True,False,False,2.0012779552715654,0.8325358851674641,0.004359490274983233,1,6,2,2,2,2,6,2,2,3
C,동구,좌천동,구조,산악사고,0,2982,,False,False,False,False,,,0.0,0,0,0,0,0,0,0,0,0,0
C,동구,좌천동,구조,수난사고,0,2982,0.0,False,False,False,False,,,0.0,0,0,0,0,0,1,0,4,0,2
C,동구,좌천동,구급,교통사고,117,2982,0.585,True,True,True,False,1.0583681494224624,0.6611314382212216,0.039235412474849095,20,27,27,17,26,48,43,40,30,39
C,동구,초량동,구급,심정지,142,7956,0.5378787878787878,True,True,False,False,0.9132816065723414,1.7407568508046976,0.017848164906988435,28,24,34,22,34,47,53,61,41,62
C,동구,초량동,화재,일반화재(주택),31,7956,0.5740740740740741,True,True,False,False,0.9216411636119052,1.6650717703349283,0.0038964303670186023,10,10,6,2,3,15,14,9,10,6
C,동구,초량동,구조,산악사고,8,7956,0.6153846153846154,True,False,False,False,0.8338658146964857,7.492822966507178,0.001005530417295123,1,0,3,3,1,1,1,3,6,2
C,동구,초량동,구조,수난사고,6,7956,0.6666666666666666,True,True,False,False,5.003194888178913,0.0,0.0007541478129713424,1,1,1,1,2,2,2,1,1,3
C,동구,초량동,구급,교통사고,356,7956,0.5321375186846039,True,True,True,False,0.9054861914188832,0.7517071584521763,0.04474610356963298,74,73,75,74,60,132,127,134,133,143
C,동래구,낙민동,구급,심정지,48,2203,0.5274725274725275,True,True,False,False,0.9096717978507115,0.9606183290393817,0.021788470267816613,5,10,15,10,8,10,17,25,21,18
C,동래구,낙민동,화재,일반화재(주택),3,2203,0.5,False,False,False,False,0.0,2.4976076555023923,0.0013617793917385383,0,0,1,1,1,0,0,3,2,1
C,동래구,낙민동,구조,산악사고,0,2203,,False,False,False,False,,,0.0,0,0,0,0,0,0,0,0,0,0
C,동래구,낙민동,구조,수난사고,0,2203,,False,False,False,False,,,0.0,0,0,0,0,0,0,0,0,0,0
C,동래구,낙민동,구급,교통사고,59,2203,0.48360655737704916,True,True,False,False,0.8005111821086262,0.3257749115872686,0.026781661370857923,15,12,6,15,11,29,24,13,35,21
C,동래구,명륜동,구급,심정지,79,4563,0.7181818181818181,True,True,False,False,1.4008945686900958,0.7251118999845656,0.017313171159325007,9,16,14,25,15,17,19,22,28,24
C,동래구,명륜동,화재,일반화재(주택),16,4563,0.6956521739130435,True,True,False,False,0.22741794946267788,2.4976076555023923,0.0035064650449265836,4,4,4,2,2,4,6,6,3,4
C,동래구,명륜동,구조,산악사고,1,4563,0.25,False,False,False,False,0.0,,0.00021915406530791147,1,0,0,0,0,1,0,1,1,1
C,동래구,명륜동,구조,수난사고,0,4563,0.0,False,False,False,False,,,0.0,0,0,0,0,0,0,0,0,0,1
C,동래구,명륜동,구급,교통사고,199,4563,0.6815068493150684,True,True,True,False,0.887663609193033,0.9424934549065632,0.04361165899627438,38,46,42,38,35,53,64,60,61,54
C,동래구,명장동,구급,심정지,109,3818,0.5828877005347594,True,True,True,False,1.196416168912349,1.9546494695236116,0.0285489785227868,21,24,23,22,19,29,42,46,38,32
C,동래구,명장동,화재,일반화재(주택),21,3818,0.65625,True,True,False,False,0.6253993610223642,0.5550239234449761,0.005500261917234154,3,3,4,4,7,5,3,7,5,12
C,동래구,명장동,구조,산악사고,2,3818,0.3333333333333333,False,False,False,False,0.0,,0.0005238344683080147,1,0,0,0,1,1,2,2,0,1
C,동래구,명장동,구조,수난사고,0,3818,,False,False,False,False,,,0.0,0,0,0,0,0,0,0,0,0,0
C,동래구,명장동,구급,교통사고,145,3818,0.5731225296442688,True,True,False,False,0.8990115814696484,0.7946933449325794,0.03797799895233106,29,29,29,34,24,50,55,50,56,42
C,동래구,복천동,구급,심정지,34,948,0.6415094339622641,True,True,False,False,0.9380990415335462,0.8325358851674641,0.035864978902953586,9,4,9,3,9,13,7,15,5,13
C,동래구,복천동,화재,일반화재(주택),3,948,0.42857142857142855,False,False,False,False,5.003194888178913,,0.0031645569620253164,0,2,1,0,0,1,3,2,1,0
C,동래구,복천동,구조,산악사고,3,948,0.75,False,False,False,False,,2.4976076555023923,0.0031645569620253164,1,0,0,0,2,2,0,0,0,2
C,동래구,복천동,구조,수난사고,0,948,,False,False,False,False,,,0.0,0,0,0,0,0,0,0,0,0,0
C,동래구,복천동,구급,교통사고,14,948,0.4827586206896552,True,True,False,False,1.500958466453674,0.4995215311004785,0.014767932489451477,6,1,1,4,2,9,6,3,6,5
C,동래구,사직동,구급,심정지,128,5571,0.5099601593625498,True,True,False,False,1.0191693290734825,1.1100478468899522,0.02297612636869503,22,26,28,19,33,39,50,52,46,64
C,동래구,사직동,화재,일반화재(주택),22,5571,0.5789473684210527,True,True,False,False,0.9380990415335462,0.9366028708133972,0.003949021719619458,3,4,4,5,6,6,9,7,8,8
C,동래구,사직동,구조,산악사고,6,5571,0.42857142857142855,False,False,False,False,3.7523961661341847,0.0,0.0010770059235325794,1,1,3,1,0,2,4,5,3,0
C,동래구,사직동,구조,수난사고,0,5571,,False,False,False,False,,,0.0,0,0,0,0,0,0,0,0,0,0
C,동래구,사직동,구급,교통사고,232,5571,0.5225225225225225,True,True,False,False,0.3126996805111821,1.0473838555332613,0.04164422904325974,47,49,48,46,42,87,103,84,92,78
C,동래구,수안동,구급,심정지,66,2303,0.6,True,True,False,False,0.9788859563828309,1.5461380724538618,0.028658271819366043,10,6,16,13,21,14,14,26,23,33
C,동래구,수안동,화재,일반화재(주택),8,2303,0.7272727272727273,True,True,False,False,0.8338658146964857,0.0,0.0034737299174989146,1,1,2,1,3,2,2,2,2,3
C,동래구,수안동,구조,산악사고,0,2303,,False,False,False,False,,,0.0,0,0,0,0,0,0,0,0,0,0
C,동래구,수안동,구조,수난사고,0,2303,0.0,False,False,False,False,,,0.0,0,0,0,0,0,0,1,0,1,0
C,동래구,수안동,구급,교통사고,115,2303,0.5111111111111111,True,True,True,False,0.7551992284043643,0.44828855355171143,0.04993486756404689,23,21,25,20,26,53,52,34,43,43
C,동래구,안락동,구급,심정지,140,5987,0.5833333333333334,True,True,True,False,0.9926973984481972,1.0125436441225915,0.023383998663771506,29,28,31,27,25,47,46,42,52,53
C,동래구,안락동,화재,일반화재(주택),32,5987,0.5818181818181818,True,True,False,False,2.5015974440894566,0.41626794258373206,0.00534491398029063,3,6,9,7,7,9,8,12,11,15
C,동래구,안락동,구조,산악사고,1,5987,1.0,False,False,False,False,,0.0,0.00016702856188408218,0,0,0,1,0,0,0,0,1,0
C,동래구,안락동,구조,수난사고,2,5987,0.5,False,False,False,False,,2.4976076555023923,0.00033405712376816435,0,0,0,2,0,1,0,0,2,1
C,동래구,안락동,구급,교통사고,304,5987,0.5314685314685315,True,True,False,False,0.9446591746911235,0.6098809391343051,0.05077668281276098,68,64,65,52,55,122,110,127,105,108
C,동래구,온천동,구급,심정지,253,12150,0.5452586206896551,True,True,False,False,0.9862066846891129,0.8325358851674641,0.020823045267489713,31,58,56,63,45,60,88,115,104,97
C,동래구,온천동,화재,일반화재(주택),53,12150,0.6708860759493671,True,True,False,False,1.2507987220447283,2.0434971726837756,0.0043621399176954736,7,15,11,8,12,13,22,16,13,15
C,동래구,온천동,구조,산악사고,29,12150,0.4603174603174603,True,True,False,False,5.420127795527157,3.746411483253589,0.0023868312757201644,6,6,7,5,5,11,16,12,13,11
C,동래구,온천동,구조,수난사고,3,12150,0.75,False,False,False,False,0.0,2.4976076555023923,0.0002469135802469136,0,1,0,2,0,0,1,0,3,0
C,동래구,온천동,구급,교통사고,504,12150,0.508577194752775,True,True,False,False,1.0110623003194887,1.1293530268358642,0.04148148148148148,115,106,116,71,96,209,203,206,185,188
C,동래구,칠산동,구급,심정지,22,564,0.5641025641025641,True,True,False,False,0.2779552715654952,1.2488038277511961,0.03900709219858156,2,5,3,4,8,8,7,7,4,13
C,동래구,칠산동,화재,일반화재(주택),2,564,0.4,False,False,False,False,0.0,,0.0035460992907801418,0,2,0,0,0,1,2,1,0,1
C,동래구,칠산동,구조,산악사고,1,564,1.0,False,False,False,False,0.0,,0.0017730496453900709,0,0,1,0,0,0,0,1,0,0
C,동래구,칠산동,구조,수난사고,0,564,,False,False,False,False,,,0.0,0,0,0,0,0,0,0,0,0,0
C,동래구,칠산동,구급,교통사고,14,564,0.7368421052631579,True,True,False,False,1.6677316293929714,0.0,0.024822695035460994,4,4,2,2,2,6,4,4,2,3
C,부산진구,가야동,구급,심정지,133,5238,0.5277777777777778,True,True,False,False,1.2262732569065966,0.8131745855124068,0.025391370752195493,17,28,31,19,38,36,53,57,40,66
C,부산진구,가야동,화재,일반화재(주택),23,5238,0.5609756097560976,True,True,False,False,2.1888977635782747,4.162679425837321,0.004390988927071402,5,6,4,4,4,8,10,8,7,8
C,부산진구,가야동,구조,산악사고,6,5238,0.375,True,False,False,False,1.2507987220447283,1.2488038277511961,0.001145475372279496,2,1,0,2,1,4,4,2,5,1
C,부산진구,가야동,구조,수난사고,0,5238,,False,False,False,False,,,0.0,0,0,0,0,0,0,0,0,0,0
C,부산진구,가야동,구급,교통사고,243,5238,0.5083682008368201,True,True,False,False,1.0533041869850344,1.2488038277511964,0.04639175257731959,60,58,44,46,35,114,100,97,93,74
C,부산진구,개금동,구급,심정지,208,7531,0.5977011494252874,True,True,False,False,0.6455735339585694,0.703551452254195,0.0276191740804674,43,32,42,45,46,63,64,74,73,74
C,부산진구,개금동,화재,일반화재(주택),29,7531,0.6444444444444445,True,True,False,False,1.8761980830670923,0.17840054682159945,0.003850750232372859,5,7,2,7,8,11,8,7,8,11
C,부산진구,개금동,구조,산악사고,6,7531,0.5454545454545454,True,False,False,False,1.6677316293929714,0.0,0.0007967069446288673,1,3,1,1,0,2,4,2,2,1
C,부산진구,개금동,구조,수난사고,0,7531,,False,False,False,False,,,0.0,0,0,0,0,0,0,0,0,0,0
C,부산진구,개금동,구급,교통사고,321,7531,0.49613601236476046,True,True,False,False,0.7908275790992477,1.2013808975834293,0.0426238215376444,75,61,68,65,52,142,121,125,129,130
C,부산진구,당감동,구급,심정지,169,6331,0.6035714285714285,True,True,False,False,0.9842350599696224,0.999043062200957,0.026694045174537988,18,32,35,48,36,25,55,61,72,67
C,부산진구,당감동,화재,일반화재(주택),26,6331,0.6046511627906976,True,True,False,False,1.042332268370607,1.2488038277511961,0.004106776180698152,6,6,5,5,4,9,10,6,12,6
C,부산진구,당감동,구조,산악사고,14,6331,0.4375,True,True,False,False,3.001916932907348,4.9952153110047846,0.002211341020375928,5,5,1,2,1,8,10,3,3,8
C,부산진구,당감동,구조,수난사고,0,6331,,False,False,False,False,,,0.0,0,0,0,0,0,0,0,0,0,0
C,부산진구,당감동,구급,교통사고,234,6331,0.508695652173913,True,True,False,False,0.8194888178913738,0.6739576213260423,0.03696098562628337,55,58,41,49,31,100,111,88,93,68
C,부산진구,범전동,구급,심정지,21,1085,0.5384615384615384,True,True,False,False,3.502236421725239,3.122009569377991,0.01935483870967742,5,3,4,4,5,8,6,8,7,10
C,부산진구,범전동,화재,일반화재(주택),4,1085,0.8,False,False,False,False,5.003194888178913,,0.003686635944700461,1,1,1,0,1,2,1,1,0,1
C,부산진구,범전동,구조,산악사고,0,1085,,False,False,False,False,,,0.0,0,0,0,0,0,0,0,0,0,0
C,부산진구,범전동,구조,수난사고,0,1085,,False,False,False,False,,,0.0,0,0,0,0,0,0,0,0,0,0
C,부산진구,범전동,구급,교통사고,44,1085,0.4782608695652174,True,True,False,False,1.3758785942492011,0.7492822966507178,0.04055299539170507,12,10,9,4,9,23,24,16,11,18
C,부산진구,범천동,구급,심정지,133,6298,0.5362903225806451,True,True,False,False,0.7087859424920128,1.1830773105011332,0.021117815179422038,17,32,28,25,31,39,42,54,51,62
C,부산진구,범천동,화재,일반화재(주택),26,6298,0.65,True,True,True,False,0.6253993610223643,0.24976076555023924,0.00412829469672912,7,6,2,3,8,13,8,4,6,9
C,부산진구,범천동,구조,산악사고,2,6298,1.0,False,False,False,False,,0.0,0.00031756113051762465,0,0,0,2,0,0,0,0,2,0
C,부산진구,범천동,구조,수난사고,0,6298,0.0,False,False,False,False,,,0.0,0,0,0,0,0,1,0,1,1,2
C,부산진구,범천동,구급,교통사고,314,6298,0.534923339011925,True,True,False,False,0.9758004214533343,1.3298949853973778,0.04985709749126707,58,85,53,57,61,107,141,99,125,115
C,부산진구,부암동,구급,심정지,129,5079,0.5608695652173913,True,True,True,False,0.9096717978507115,1.8530637444050009,0.025398700531600708,31,20,24,26,28,50,37,51,41,51
C,부산진구,부암동,화재,일반화재(주택),17,5079,0.7083333333333334,True,True,False,False,1.2507987220447285,0.3568010936431989,0.0033471155739318763,6,2,1,4,4,8,4,2,5,5
C,부산진구,부암동,구조,산악사고,15,5079,0.6521739130434783,False,False,False,False,2.501597444089457,1.2488038277511961,0.0029533372711163615,3,6,3,3,0,6,7,6,4,0
C,부산진구,부암동,구조,수난사고,0,5079,,False,False,False,False,,,0.0,0,0,0,0,0,0,0,0,0,0
C,부산진구,부암동,구급,교통사고,266,5079,0.5720430107526882,True,True,True,False,0.6350208896534775,1.125682323606712,0.052372514274463475,61,54,48,45,58,99,82,87,88,109
C,부산진구,부전동,구급,심정지,99,12078,0.4925373134328358,True,True,False,False,0.8338658146964857,0.763157894736842,0.00819672131147541,20,11,21,24,23,37,32,34,47,51
C,부산진구,부전동,화재,일반화재(주택),34,12078,0.4927536231884058,True,True,False,False,1.16741214057508,0.8325358851674641,0.002815035601920848,6,13,3,7,5,14,22,9,13,11
C,부산진구,부전동,구조,산악사고,0,12078,,False,False,False,False,,,0.0,0,0,0,0,0,0,0,0,0,0
C,부산진구,부전동,구조,수난사고,0,12078,0.0,False,False,False,False,,,0.0,0,0,0,0,0,0,1,0,1,0
C,부산진구,부전동,구급,교통사고,723,12078,0.4868686868686869,True,True,False,False,1.0645095506763647,1.0865298840321143,0.05986090412319921,168,163,138,138,116,334,345,284,279,243
C,부산진구,양정동,구급,심정지,91,5634,0.4739583333333333,True,True,False,False,1.0141611259822123,1.2488038277511961,0.01615193468228612,13,15,24,18,21,32,33,40,40,47
C,부산진구,양정동,화재,일반화재(주택),20,5634,0.5882352941176471,True,True,False,False,0.9096717978507115,0.0,0.003549875754348598,4,5,6,3,2,9,10,7,3,5
C,부산진구,양정동,구조,산악사고,1,5634,0.3333333333333333,False,False,False,False,,0.0,0.0001774937877174299,0,0,0,0,1,1,1,0,0,1
C,부산진구,양정동,구조,수난사고,0,5634,,False,False,False,False,,,0.0,0,0,0,0,0,0,0,0,0,0
C,부산진구,양정동,구급,교통사고,323,5634,0.5252032520325203,True,True,False,False,0.8934276586033774,0.6068953181594597,0.057330493432729855,59,71,60,69,64,119,140,115,118,123
C,부산진구,연지동,구급,심정지,79,3405,0.7053571428571429,True,True,False,False,0.4056644503928849,1.2488038277511961,0.023201174743024962,12,14,17,14,22,18,20,25,18,31
C,부산진구,연지동,화재,일반화재(주택),11,3405,0.8461538461538461,True,True,False,False,0.0,7.492822966507178,0.0032305433186490457,1,3,3,2,2,2,4,3,2,2
C,부산진구,연지동,구조,산악사고,0,3405,,False,False,False,False,,,0.0,0,0,0,0,0,0,0,0,0,0
C,부산진구,연지동,구조,수난사고,0,3405,,False,False,False,False,,,0.0,0,0,0,0,0,0,0,0,0,0
C,부산진구,연지동,구급,교통사고,109,3405,0.689873417721519,True,True,False,False,0.5331273241502121,0.999043062200957,0.032011747430249635,26,32,16,17,18,37,38,23,28,32
C,부산진구,전포동,구급,심정지,133,7602,0.5384615384615384,True,True,False,False,0.8495991319549098,1.3736842105263158,0.017495395948434623,22,24,25,29,33,45,48,46,50,58
C,부산진구,전포동,화재,일반화재(주택),26,7602,0.5416666666666666,True,True,False,False,0.9621528631113295,1.4985645933014355,0.0034201525914233097,9,5,4,6,2,13,9,9,10,7
C,부산진구,전포동,구조,산악사고,5,7602,0.45454545454545453,True,False,False,False,2.5015974440894566,4.9952153110047846,0.0006577216521967903,0,1,1,2,1,1,3,1,3,3
C,부산진구,전포동,구조,수난사고,0,7602,0.0,False,False,False,False,,,0.0,0,0,0,0,0,0,1,0,0,0
C,부산진구,전포동,구급,교통사고,467,7602,0.5417633410672854,True,True,False,False,1.0817718677143597,0.9481658692185008,0.06143120231518021,99,115,104,83,66,184,210,182,155,131
C,부산진구,초읍동,구급,심정지,117,5021,0.7134146341463414,True,True,False,False,0.8829167449727495,0.576370997423629,0.023302131049591716,14,22,33,26,22,19,33,42,35,35
C,부산진구,초읍동,화재,일반화재(주택),19,5021,0.7916666666666666,True,True,False,False,0.3126996805111821,0.27751196172248804,0.003784106751643099,3,4,2,3,7,4,6,3,4,7
C,부산진구,초읍동,구조,산악사고,64,5021,0.8205128205128205,True,True,False,False,2.2931309904153356,1.998086124401914,0.012746464847639912,10,21,15,9,9,13,24,20,11,10
C,부산진구,초읍동,구조,수난사고,3,5021,0.6,False,False,False,False,,1.2488038277511961,0.0005974905397331209,0,0,0,1,2,0,1,0,2,2
C,부산진구,초읍동,구급,교통사고,120,5021,0.759493670886076,True,True,False,False,1.334185303514377,0.7684946632315053,0.023899621589324835,23,23,23,26,25,31,29,31,36,31
C,북구,구포동,구급,심정지,222,9663,0.5620253164556962,True,True,False,False,0.7697222904890636,0.7587668826842711,0.022974231605091586,31,40,48,47,56,64,70,87,76,98
C,북구,구포동,화재,일반화재(주택),46,9663,0.647887323943662,True,True,False,False,0.729632587859425,1.2488038277511964,0.004760426368622581,13,6,12,5,10,22,7,21,9,12
C,북구,구포동,구조,산악사고,17,9663,0.5483870967741935,True,True,False,False,5.003194888178913,0.9366028708133972,0.0017592880057953016,1,3,2,5,6,6,8,2,7,8
C,북구,구포동,구조,수난사고,13,9663,0.20967741935483872,True,True,False,False,0.0,1.6650717703349283,0.0013453378867846425,4,2,2,3,2,17,12,9,13,11
C,북구,구포동,구급,교통사고,394,9663,0.5260347129506008,True,True,False,False,0.8082084050135169,0.9684601113172542,0.04077408672254993,102,77,79,71,65,166,147,153,147,136
C,북구,금곡동,구급,심정지,232,9599,0.7682119205298014,True,True,False,False,0.8986320915661155,0.8325358851674641,0.02416918429003021,45,54,41,41,51,55,70,54,53,70
C,북구,금곡동,화재,일반화재(주택),11,9599,1.0,True,True,False,False,0.0,0.6244019138755981,0.0011459527034066049,1,2,3,3,2,1,2,3,3,2
C,북구,금곡동,구조,산악사고,12,9599,0.48,True,False,False,False,1.6677316293929714,1.8732057416267944,0.0012501302218981144,1,0,4,5,2,5,2,5,7,6
C,북구,금곡동,구조,수난사고,0,9599,0.0,True,False,False,False,,,0.0,0,0,0,0,0,3,3,3,3,3
C,북구,금곡동,구급,교통사고,199,9599,0.6677852348993288,True,True,False,False,0.7913216404772772,1.0704032809295967,0.020731326179810397,47,45,37,34,36,70,63,61,53,51
C,북구,덕천동,구급,심정지,152,7881,0.5527272727272727,True,True,False,False,0.9920127795527157,0.9794539825499577,0.019286892526329147,25,22,34,34,37,50,49,60,53,63
C,북구,덕천동,화재,일반화재(주택),28,7881,0.5714285714285714,True,True,True,False,1.819343595701423,0.7136021872863978,0.0035528486232711586,5,8,6,2,7,14,11,10,4,10
C,북구,덕천동,구조,산악사고,5,7881,0.7142857142857143,False,False,False,False,0.8338658146964857,,0.0006344372541555641,2,2,0,0,1,2,3,0,0,2
C,북구,덕천동,구조,수난사고,14,7881,0.42424242424242425,True,False,False,False,2.5015974440894566,0.0,0.0017764243116355793,0,5,3,2,4,4,8,7,8,6
C,북구,덕천동,구급,교통사고,391,7881,0.5290933694181326,True,True,False,False,1.0525013636717837,1.0898651587646804,0.04961299327496511,74,84,75,74,84,134,158,147,128,172
C,북구,만덕동,구급,심정지,164,6574,0.5795053003533569,True,True,False,False,1.1930695502580486,1.0406698564593302,0.024946759963492545,26,32,38,34,34,44,52,60,65,62
C,북구,만덕동,화재,일반화재(주택),17,6574,0.6538461538461539,True,True,False,False,0.2501597444089457,0.0,0.0025859446303620323,6,1,4,3,3,7,2,6,6,5
C,북구,만덕동,구조,산악사고,43,6574,0.7166666666666667,True,True,False,False,3.0575079872204474,2.289473684210526,0.0065409187709157286,8,5,7,10,13,11,8,15,12,14
C,북구,만덕동,구조,수난사고,0,6574,,False,False,False,False,,,0.0,0,0,0,0,0,0,0,0,0,0
C,북구,만덕동,구급,교통사고,212,6574,0.5083932853717026,True,True,False,False,1.118361210298816,0.5474208560005244,0.032248250684514757,36,48,39,48,41,65,88,92,89,83
C,북구,화명동,구급,심정지,162,8945,0.5934065934065934,True,True,False,False,1.4071485623003193,1.3736842105263158,0.01811067635550587,23,31,46,30,32,45,51,75,48,54
C,북구,화명동,화재,일반화재(주택),15,8945,0.6521739130434783,True,True,False,False,0.9380990415335462,0.8325358851674641,0.0016769144773616546,4,4,3,1,3,6,4,7,2,4
C,북구,화명동,구조,산악사고,32,8945,0.5614035087719298,True,True,False,False,2.251437699680511,2.9138755980861246,0.003577417551704863,8,4,7,6,7,14,10,12,11,10
C,북구,화명동,구조,수난사고,3,8945,0.13636363636363635,False,False,False,False,,2.4976076555023923,0.0003353828954723309,0,0,1,2,0,0,5,7,6,4
C,북구,화명동,구급,교통사고,377,8945,0.5782208588957055,True,True,False,False,1.0458655980938971,0.9230289161639276,0.042146450531022915,97,82,72,71,55,165,142,130,117,98
C,사상구,감전동,구급,심정지,92,4417,0.7863247863247863,True,True,False,False,0.7437181590536223,0.9366028708133972,0.02082861670817297,14,19,15,27,17,17,24,20,32,24
C,사상구,감전동,화재,일반화재(주택),34,4417,0.8717948717948718,True,True,False,False,2.084664536741214,0.4995215311004785,0.007697532261716097,7,10,5,5,7,8,14,5,5,7
C,사상구,감전동,구조,산악사고,2,4417,0.6666666666666666,False,False,False,False,0.0,0.0,0.0004527960153950645,0,0,1,0,1,0,0,2,0,1
C,사상구,감전동,구조,수난사고,0,4417,0.0,False,False,False,False,,,0.0,0,0,0,0,0,0,0,0,1,1
C,사상구,감전동,구급,교통사고,346,4417,0.7134020618556701,True,True,False,False,0.7031517140143337,0.7823831210007494,0.07833371066334616,84,92,61,51,58,108,116,91,81,89
C,사상구,괘법동,구급,심정지,143,7724,0.715,True,True,False,False,1.36879860148291,0.9649847759895606,0.01851372345934749,29,14,39,27,34,37,26,54,37,46
C,사상구,괘법동,화재,일반화재(주택),34,7724,0.8717948717948718,True,True,False,False,2.251437699680511,2.1854066985645937,0.004401864319005696,6,3,10,10,5,7,5,11,11,5
C,사상구,괘법동,구조,산악사고,8,7724,0.5714285714285714,True,False,False,False,1.6677316293929714,4.9952153110047846,0.0010357327809425167,2,3,0,1,2,2,4,1,4,3
C,사상구,괘법동,구조,수난사고,0,7724,0.0,False,False,False,False,,,0.0,0,0,0,0,0,0,0,0,0,1
C,사상구,괘법동,구급,교통사고,372,7724,0.7018867924528301,True,True,False,False,0.6735070041779307,1.2890878221947832,0.04816157431382703,95,78,58,80,61,129,104,82,114,101
C,사상구,덕포동,구급,심정지,70,3862,0.603448275862069,True,True,False,False,0.8789396425179172,1.0704032809295967,0.018125323666494046,20,11,19,8,12,28,16,30,18,24
C,사상구,덕포동,화재,일반화재(주택),19,3862,0.6785714285714286,True,False,False,False,0.9621528631113295,0.0,0.004919730709476955,3,4,11,0,1,7,4,12,1,4
C,사상구,덕포동,구조,산악사고,2,3862,1.0,False,False,False,False,0.0,,0.0005178663904712584,0,1,1,0,0,0,1,1,0,0
C,사상구,덕포동,구조,수난사고,0,3862,,False,False,False,False,,,0.0,0,0,0,0,0,0,0,0,0,0
C,사상구,덕포동,구급,교통사고,192,3862,0.6,True,True,False,False,0.9041918472612495,1.0898651587646804,0.04971517348524081,43,40,30,38,41,71,64,47,68,70
C,사상구,모라동,구급,심정지,175,7647,0.5756578947368421,True,True,True,False,1.1465654952076676,0.8011194366705786,0.022884791421472473,39,34,32,34,36,58,63,62,58,63
C,사상구,모라동,화재,일반화재(주택),19,7647,0.6785714285714286,False,False,False,False,1.0006389776357827,0.6244019138755981,0.00248463449718844,4,4,6,0,5,7,6,6,0,9
C,사상구,모라동,구조,산악사고,12,7647,0.5454545454545454,True,False,False,False,1.0721131903240528,,0.001569242840329541,3,5,2,0,2,7,5,4,3,3
C,사상구,모라동,구조,수난사고,0,7647,,False,False,False,False,,,0.0,0,0,0,0,0,0,0,0,0,0
C,사상구,모라동,구급,교통사고,252,7647,0.5070422535211268,True,True,False,False,1.1923501836314234,0.7184898735006883,0.03295409964692036,57,49,52,45,49,110,82,107,96,102
C,사상구,삼락동,구급,심정지,42,2583,0.6461538461538462,True,True,False,False,1.16741214057508,0.6244019138755981,0.016260162601626018,6,6,10,9,11,10,10,14,16,15
C,사상구,삼락동,화재,일반화재(주택),12,2583,0.7058823529411765,False,False,False,False,1.2507987220447285,0.0,0.004645760743321719,2,3,4,3,0,2,6,4,5,0
C,사상구,삼락동,구조,산악사고,1,2583,1.0,False,False,False,False,,,0.00038714672861014324,0,0,0,0,1,0,0,0,0,1
C,사상구,삼락동,구조,수난사고,8,2583,0.32,True,False,False,False,10.006389776357826,0.0,0.003097173828881146,2,0,3,2,1,5,5,6,5,4
C,사상구,삼락동,구급,교통사고,174,2583,0.6641221374045801,True,True,False,False,0.5211661341853036,0.8712584844775787,0.06736353077816493,36,41,39,35,23,56,54,60,52,40
C,사상구,엄궁동,구급,심정지,89,4120,0.8240740740740741,True,True,False,False,1.917891373801917,0.9606183290393817,0.021601941747572816,16,20,17,20,16,16,24,21,24,23
C,사상구,엄궁동,화재,일반화재(주택),17,4120,0.9444444444444444,False,False,False,False,0.8338658146964856,0.0,0.00412621359223301,5,1,6,5,0,5,1,7,5,0
C,사상구,엄궁동,구조,산악사고,19,4120,0.6785714285714286,True,True,False,False,1.6677316293929711,2.4976076555023923,0.004611650485436893,5,7,3,2,2,6,13,4,3,2
C,사상구,엄궁동,구조,수난사고,7,4120,0.4666666666666667,True,False,False,False,0.0,4.9952153110047846,0.0016990291262135922,3,1,0,2,1,3,3,3,4,2
C,사상구,엄궁동,구급,교통사고,251,4120,0.7275362318840579,True,True,False,False,0.9842350599696224,0.9313113291703836,0.06092233009708738,57,65,48,43,38,78,79,67,62,59
C,사상구,주례동,구급,심정지,142,7053,0.5126353790613718,True,True,False,False,0.6144274424079367,0.6134474943339209,0.020133276619878068,20,29,22,34,37,42,55,42,66,72
C,사상구,주례동,화재,일반화재(주택),30,7053,0.5555555555555556,True,True,True,False,0.6670926517571886,2.0813397129186604,0.004253509145044662,5,7,7,4,7,12,10,16,8,8
C,사상구,주례동,구조,산악사고,11,7053,0.39285714285714285,True,True,False,False,2.501597444089457,9.990430622009569,0.0015596200198497094,3,1,2,3,2,8,7,4,5,4
C,사상구,주례동,구조,수난사고,1,7053,0.5,False,False,False,False,,0.0,0.0001417836381681554,0,0,0,1,0,1,0,0,1,0
C,사상구,주례동,구급,교통사고,292,7053,0.5499058380414312,True,True,False,False,0.8686102236421726,0.7229916897506924,0.041400822345101375,62,73,59,55,43,112,112,110,99,98
C,사상구,학장동,구급,심정지,123,5376,0.7321428571428571,True,True,False,False,0.8487562756732085,0.9276828434723172,0.022879464285714284,14,26,35,31,17,21,37,46,39,25
C,사상구,학장동,화재,일반화재(주택),16,5376,0.8,True,True,False,False,2.5015974440894566,0.4995215311004785,0.002976190476190476,6,3,1,4,2,7,4,2,5,2
C,사상구,학장동,구조,산악사고,10,5376,0.8333333333333334,True,False,False,False,0.6253993610223642,1.6650717703349283,0.0018601190476190475,1,0,4,1,4,1,1,5,1,4
C,사상구,학장동,구조,수난사고,1,5376,0.3333333333333333,False,False,False,False,,0.0,0.00018601190476190475,0,0,0,1,0,0,0,0,2,1
C,사상구,학장동,구급,교통사고,335,5376,0.7298474945533769,True,True,False,False,0.6183724019097533,0.986709197235513,0.062313988095238096,84,76,62,56,57,112,98,84,85,80
C,사하구,감천동,구급,심정지,103,4257,0.553763440860215,True,True,False,False,1.3202875399361023,1.0284266816774559,0.024195442800093964,19,16,20,24,24,32,28,44,39,43
C,사하구,감천동,화재,일반화재(주택),20,4257,0.7407407407407407,True,True,False,False,2.1442263806481057,0.999043062200957,0.004698144233027954,6,6,1,3,4,9,7,1,5,5
C,사하구,감천동,구조,산악사고,5,4257,0.5,False,False,False,False,7.504792332268369,0.0,0.0011745360582569885,2,2,0,1,0,3,4,1,2,0
C,사하구,감천동,구조,수난사고,5,4257,0.45454545454545453,False,False,False,False,5.003194888178913,2.4976076555023923,0.0011745360582569885,2,0,1,2,0,6,0,3,2,0
C,사하구,감천동,구급,교통사고,176,4257,0.5751633986928104,True,True,False,False,0.9644713037453327,1.12987012987013,0.041343669250646,33,52,30,27,34,51,85,58,52,60
C,사하구,괴정동,구급,심정지,254,8770,0.5866050808314087,True,True,False,False,1.0461225675283181,1.4502237999691312,0.02896237172177879,46,48,62,45,53,76,86,104,74,93
C,사하구,괴정동,화재,일반화재(주택),35,8770,0.6730769230769231,True,True,False,False,0.26332604674625865,0.999043062200957,0.003990877993158495,7,7,7,3,11,9,9,13,6,15
C,사하구,괴정동,구조,산악사고,18,8770,0.5142857142857142,True,True,True,False,1.429484253765404,14.985645933014355,0.0020524515393386543,3,4,4,5,2,4,9,6,9,7
C,사하구,괴정동,구조,수난사고,1,8770,0.5,False,False,False,False,0.0,,0.00011402508551881414,0,0,1,0,0,0,0,1,1,0
C,사하구,괴정동,구급,교통사고,311,8770,0.5427574171029669,True,True,False,False,1.1868892982906183,0.8633705475810739,0.0354618015963512,72,57,73,56,53,117,109,131,119,97
C,사하구,구평동,구급,심정지,31,2057,0.6739130434782609,True,True,False,False,0.750479233226837,0.7136021872863978,0.015070491006319884,4,4,5,7,11,8,6,8,9,15
C,사하구,구평동,화재,일반화재(주택),12,2057,0.8571428571428571,True,True,False,False,0.2779552715654952,0.0,0.00583373845405931,2,6,2,1,1,2,7,2,2,1
C,사하구,구평동,구조,산악사고,1,2057,1.0,False,False,False,False,0.0,,0.0004861448711716091,1,0,0,0,0,1,0,0,0,0
C,사하구,구평동,구조,수난사고,5,2057,0.7142857142857143,False,False,False,False,0.6253993610223642,,0.0024307243558580457,3,1,1,0,0,3,1,2,1,0
C,사하구,구평동,구급,교통사고,87,2057,0.6258992805755396,True,True,False,False,0.8701208501180719,0.9712918660287082,0.042294603791929994,21,15,26,15,10,32,27,42,23,15
C,사하구,다대동,구급,심정지,267,11058,0.5855263157894737,True,True,False,False,0.9353799138769274,0.9053827751196173,0.024145415084102007,53,57,48,49,60,82,94,90,81,109
C,사하구,다대동,화재,일반화재(주택),19,11058,0.6551724137931034,True,False,False,False,0.41693290734824284,1.6650717703349283,0.001718213058419244,7,3,4,5,0,10,5,5,8,1
C,사하구,다대동,구조,산악사고,5,11058,0.3333333333333333,True,False,False,False,2.5015974440894566,1.2488038277511961,0.00045216133116295895,0,1,1,1,2,1,3,1,4,6
C,사하구,다대동,구조,수난사고,67,11058,0.46853146853146854,True,True,False,False,2.5015974440894566,1.0406698564593302,0.00605896183758365,20,17,13,7,10,35,34,24,27,23
C,사하구,다대동,구급,교통사고,272,11058,0.5354330708661418,True,True,False,False,1.4384185303514379,0.7414772727272728,0.024597576415264968,64,67,58,39,44,105,117,113,78,95
C,사하구,당리동,구급,심정지,102,4418,0.6754966887417219,True,True,False,False,0.5211661341853036,1.16555023923445,0.023087369850611137,15,21,22,20,24,21,33,37,30,30
C,사하구,당리동,화재,일반화재(주택),18,4418,0.8181818181818182,True,True,False,False,2.501597444089457,0.0,0.004074241738343142,2,6,4,5,1,4,6,6,5,1
C,사하구,당리동,구조,산악사고,33,4418,0.673469387755102,True,True,False,False,3.0575079872204474,0.7492822966507178,0.0074694431869624265,4,8,8,5,8,5,12,16,6,10
C,사하구,당리동,구조,수난사고,0,4418,0.0,False,False,False,False,,,0.0,0,0,0,0,0,0,2,0,0,0
C,사하구,당리동,구급,교통사고,209,4418,0.6830065359477124,True,True,False,False,0.5772917178667977,1.0516242760010073,0.0473064735174287,46,44,38,44,37,63,65,61,60,57
C,사하구,신평동,구급,심정지,106,5402,0.5638297872340425,True,True,False,False,1.0112840731425463,1.0704032809295967,0.019622362088115512,15,25,26,25,15,30,44,40,45,29
C,사하구,신평동,화재,일반화재(주택),27,5402,0.6585365853658537,True,True,False,False,1.5919256462387452,0.31220095693779903,0.004998148833765272,5,7,6,4,5,6,13,9,7,6
C,사하구,신평동,구조,산악사고,10,5402,0.7142857142857143,False,False,False,False,1.500958466453674,2.4976076555023923,0.0018511662347278786,0,5,3,1,1,0,6,4,2,2
C,사하구,신평동,구조,수난사고,2,5402,0.25,True,False,False,False,0.0,0.0,0.00037023324694557573,0,1,0,0,1,2,2,1,1,2
C,사하구,신평동,구급,교통사고,233,5402,0.4371482176360225,True,True,False,False,0.6306548178376782,0.6811657242279252,0.04313217326915957,48,49,52,41,43,106,108,99,116,104
C,사하구,장림동,구급,심정지,143,5660,0.5983263598326359,True,True,False,False,0.5559105431309904,1.1173507932510702,0.025265017667844523,30,27,31,27,28,53,40,53,44,49
C,사하구,장림동,화재,일반화재(주택),33,5660,0.75,True,True,False,False,0.9621528631113295,1.6650717703349283,0.005830388692579506,6,5,7,6,9,10,7,8,9,10
C,사하구,장림동,구조,산악사고,9,5660,0.8181818181818182,False,False,False,False,0.8338658146964857,0.0,0.0015901060070671379,3,3,2,1,0,3,3,4,1,0
C,사하구,장림동,구조,수난사고,2,5660,0.5,False,False,False,False,0.0,0.0,0.00035335689045936394,0,0,1,1,0,0,1,1,2,0
C,사하구,장림동,구급,교통사고,290,5660,0.5420560747663551,True,True,False,False,0.8934276586033774,0.8325358851674641,0.05123674911660778,80,61,49,49,51,131,119,91,98,96
C,사하구,하단동,구급,심정지,141,8146,0.5573122529644269,True,True,False,False,1.2763252265762535,0.8491866028708133,0.017309108765038054,20,23,31,34,33,36,49,54,54,60
C,사하구,하단동,화재,일반화재(주택),29,8146,0.6304347826086957,True,True,False,False,1.500958466453674,0.7492822966507178,0.0035600294623127915,7,5,4,6,7,10,10,10,8,8
C,사하구,하단동,구조,산악사고,17,8146,0.6538461538461539,True,True,False,False,3.502236421725239,1.6650717703349283,0.0020869138227350846,2,8,2,4,1,6,9,4,4,3
C,사하구,하단동,구조,수난사고,17,8146,0.29310344827586204,True,False,False,False,1.786855317206755,9.990430622009569,0.0020869138227350846,6,6,0,2,3,14,18,6,11,9
C,사하구,하단동,구급,교통사고,473,8146,0.5232300884955752,True,True,False,False,0.9465503842500647,0.8391961722488038,0.05806530812668795,100,101,105,77,90,164,179,213,184,164
C,서구,남부민동,구급,심정지,93,2920,0.5670731707317073,True,True,False,False,1.2507987220447283,1.6650717703349283,0.03184931506849315,15,17,16,23,22,26,26,33,45,34
C,서구,남부민동,화재,일반화재(주택),19,2920,0.7037037037037037,True,True,False,False,0.750479233226837,2.4976076555023923,0.006506849315068493,4,5,4,3,3,7,6,5,6,3
C,서구,남부민동,구조,산악사고,4,2920,1.0,False,False,False,False,1.2507987220447283,,0.0013698630136986301,1,1,1,1,0,1,1,1,1,0
C,서구,남부민동,구조,수난사고,20,2920,0.4444444444444444,True,True,False,False,1.1118210862619808,0.999043062200957,0.00684931506849315,3,6,4,4,3,9,12,7,7,10
C,서구,남부민동,구급,교통사고,83,2920,0.535483870967742,True,True,False,False,0.9890036406865294,0.5258121380005036,0.028424657534246577,25,22,13,12,11,46,36,23,27,23
C,서구,동대신동1가,구급,심정지,13,749,0.41935483870967744,True,True,True,False,1.0721131903240528,1.2488038277511961,0.017356475300400534,5,2,3,1,2,7,2,7,3,12
C,서구,동대신동1가,화재,일반화재(주택),3,749,0.375,True,False,True,False,0.0,2.4976076555023923,0.004005340453938585,0,1,0,1,1,2,2,2,1,1
C,서구,동대신동1가,구조,산악사고,0,749,,False,False,False,False,,,0.0,0,0,0,0,0,0,0,0,0,0
C,서구,동대신동1가,구조,수난사고,0,749,,False,False,False,False,,,0.0,0,0,0,0,0,0,0,0,0,0
C,서구,동대신동1가,구급,교통사고,33,749,0.55,True,True,False,False,0.7817492012779552,0.4995215311004785,0.044058744993324434,5,6,10,6,6,7,15,13,14,11
C,서구,동대신동2가,구급,심정지,38,1171,0.6666666666666666,True,True,False,False,1.7318751536003931,0.5763709974236291,0.032450896669513236,6,10,6,8,8,10,12,6,12,17
C,서구,동대신동2가,화재,일반화재(주택),10,1171,0.7142857142857143,True,True,False,False,0.5003194888178913,0.0,0.008539709649871904,2,1,3,2,2,3,2,3,4,2
C,서구,동대신동2가,구조,산악사고,0,1171,,False,False,False,False,,,0.0,0,0,0,0,0,0,0,0,0,0
C,서구,동대신동2가,구조,수난사고,0,1171,,False,False,False,False,,,0.0,0,0,0,0,0,0,0,0,0,0
C,서구,동대신동2가,구급,교통사고,53,1171,0.5760869565217391,True,True,False,False,0.6822538483880337,0.4757347915242652,0.04526046114432109,10,12,6,9,16,17,22,14,14,25
C,서구,동대신동3가,구급,심정지,35,1200,0.603448275862069,True,True,True,False,0.8829167449727494,0.4995215311004785,0.029166666666666667,7,6,10,6,6,8,12,14,11,13
C,서구,동대신동3가,화재,일반화재(주택),8,1200,0.7272727272727273,True,False,False,False,1.6677316293929714,1.2488038277511961,0.006666666666666667,1,0,4,2,1,3,1,4,2,1
C,서구,동대신동3가,구조,산악사고,11,1200,0.6470588235294118,True,False,False,False,6.253993610223642,0.8325358851674641,0.009166666666666667,5,0,2,1,3,5,3,3,3,3
C,서구,동대신동3가,구조,수난사고,0,1200,,False,False,False,False,,,0.0,0,0,0,0,0,0,0,0,0,0
C,서구,동대신동3가,구급,교통사고,57,1200,0.5428571428571428,True,True,False,False,1.08765106264759,2.11336032388664,0.0475,15,7,11,14,10,21,13,26,24,21
C,서구,부민동1가,구급,심정지,4,282,0.5,True,False,False,False,1.2507987220447283,0.0,0.014184397163120567,1,1,1,0,1,1,1,2,1,3
C,서구,부민동1가,화재,일반화재(주택),2,282,1.0,False,False,False,False,,,0.0070921985815602835,0,1,0,1,0,0,1,0,1,0
C,서구,부민동1가,구조,산악사고,0,282,,False,False,False,False,,,0.0,0,0,0,0,0,0,0,0,0,0
C,서구,부민동1가,구조,수난사고,0,282,,False,False,False,False,,,0.0,0,0,0,0,0,0,0,0,0,0
C,서구,부민동1가,구급,교통사고,20,282,0.6060606060606061,True,True,False,False,2.501597444089457,0.4995215311004785,0.07092198581560284,9,1,4,5,1,12,6,6,5,4
C,서구,부민동2가,구급,심정지,1,112,1.0,False,False,False,False,0.0,,0.008928571428571428,0,1,0,0,0,0,1,0,0,0
C,서구,부민동2가,화재,일반화재(주택),0,112,0.0,False,False,False,False,,,0.0,0,0,0,0,0,0,1,1,0,0
C,서구,부민동2가,구조,산악사고,0,112,,False,False,False,False,,,0.0,0,0,0,0,0,0,0,0,0,0
C,서구,부민동2가,구조,수난사고,0,112,,False,False,False,False,,,0.0,0,0,0,0,0,0,0,0,0,0
C,서구,부민동2가,구급,교통사고,14,112,0.7,False,False,False,False,0.5559105431309904,0.0,0.125,6,2,3,3,0,8,3,5,4,0
C,서구,부민동3가,구급,심정지,16,488,0.6956521739130435,True,True,False,False,1.500958466453674,0.3568010936431989,0.03278688524590164,2,3,3,1,7,4,4,3,4,8
C,서구,부민동3가,화재,일반화재(주택),2,488,0.5,False,False,False,False,2.5015974440894566,,0.004098360655737705,0,1,1,0,0,1,1,1,1,0
C,서구,부민동3가,구조,산악사고,0,488,,False,False,False,False,,,0.0,0,0,0,0,0,0,0,0,0,0
C,서구,부민동3가,구조,수난사고,0,488,,False,False,False,False,,,0.0,0,0,0,0,0,0,0,0,0,0
C,서구,부민동3가,구급,교통사고,10,488,0.6666666666666666,True,False,False,False,0.0,0.0,0.020491803278688523,2,4,2,2,0,2,6,3,3,1
C,서구,부용동1가,구급,심정지,2,267,0.5,False,False,False,False,2.5015974440894566,,0.00749063670411985,0,1,1,0,0,0,1,2,1,0
C,서구,부용동1가,화재,일반화재(주택),0,267,,False,False,False,False,,,0.0,0,0,0,0,0,0,0,0,0,0
C,서구,부용동1가,구조,산악사고,0,267,,False,False,False,False,,,0.0,0,0,0,0,0,0,0,0,0,0
C,서구,부용동1가,구조,수난사고,0,267,,False,False,False,False,,,0.0,0,0,0,0,0,0,0,0,0,0
C,서구,부용동1가,구급,교통사고,15,267,0.8333333333333334,False,False,False,False,0.3126996805111821,1.2488038277511961,0.056179775280898875,4,1,4,6,0,6,1,4,7,0
C,서구,부용동2가,구급,심정지,5,306,0.625,False,False,False,False,1.6677316293929714,,0.016339869281045753,1,0,4,0,0,2,0,6,0,0
C,서구,부용동2가,화재,일반화재(주택),2,306,1.0,False,False,False,False,0.0,0.0,0.006535947712418301,1,0,0,1,0,1,0,0,1,0
C,서구,부용동2가,구조,산악사고,0,306,,False,False,False,False,,,0.0,0,0,0,0,0,0,0,0,0,0
C,서구,부용동2가,구조,수난사고,0,306,,False,False,False,False,,,0.0,0,0,0,0,0,0,0,0,0,0
C,서구,부용동2가,구급,교통사고,17,306,0.6296296296296297,True,True,False,False,0.22741794946267788,0.6244019138755981,0.05555555555555555,6,4,2,4,1,10,5,4,6,2
C,서구,서대신동1가,구급,심정지,18,675,0.5625,True,False,False,False,2.0012779552715654,1.2488038277511961,0.02666666666666667,0,1,8,3,6,1,4,10,6,11
C,서구,서대신동1가,화재,일반화재(주택),4,675,0.8,False,False,False,False,2.5015974440894566,,0.005925925925925926,0,2,2,0,0,0,2,3,0,0
C,서구,서대신동1가,구조,산악사고,0,675,,False,False,False,False,,,0.0,0,0,0,0,0,0,0,0,0,0
C,서구,서대신동1가,구조,수난사고,0,675,,False,False,False,False,,,0.0,0,0,0,0,0,0,0,0,0,0
C,서구,서대신동1가,구급,교통사고,30,675,0.5357142857142857,True,True,False,False,0.5772917178667977,1.8732057416267944,0.044444444444444446,3,9,4,5,9,7,17,8,10,14
C,서구,서대신동2가,구급,심정지,31,1392,0.5,True,True,False,False,0.9380990415335462,1.6650717703349283,0.022270114942528736,2,5,4,11,9,6,10,9,16,21
C,서구,서대신동2가,화재,일반화재(주택),5,1392,0.7142857142857143,True,True,False,False,0.0,2.4976076555023923,0.0035919540229885057,1,1,1,1,1,1,2,1,1,2
C,서구,서대신동2가,구조,산악사고,0,1392,,False,False,False,False,,,0.0,0,0,0,0,0,0,0,0,0,0
C,서구,서대신동2가,구조,수난사고,0,1392,,False,False,False,False,,,0.0,0,0,0,0,0,0,0,0,0,0
C,서구,서대신동2가,구급,교통사고,53,1392,0.5,True,True,False,False,0.6485623003194888,0.4683014354066986,0.03807471264367816,8,18,8,10,9,18,28,16,24,20
C,서구,서대신동3가,구급,심정지,44,1966,0.46808510638297873,True,True,False,False,1.3470140083558613,0.6572651725006295,0.022380467955239063,7,6,7,13,11,11,19,10,28,26
C,서구,서대신동3가,화재,일반화재(주택),7,1966,0.6363636363636364,True,False,False,False,2.5015974440894566,0.0,0.003560528992878942,2,0,2,1,2,3,1,2,3,2
C,서구,서대신동3가,구조,산악사고,24,1966,0.5581395348837209,True,True,False,False,2.0012779552715654,0.4995215311004785,0.012207527975584944,8,4,6,3,3,12,5,11,8,7
C,서구,서대신동3가,구조,수난사고,0,1966,,False,False,False,False,,,0.0,0,0,0,0,0,0,0,0,0,0
C,서구,서대신동3가,구급,교통사고,45,1966,0.45454545454545453,True,True,False,False,0.6583151168656466,0.7805023923444977,0.02288911495422177,5,10,9,8,13,9,26,21,16,27
C,서구,아미동1가,구급,심정지,3,560,0.6,False,False,False,False,0.0,0.0,0.005357142857142857,2,0,0,1,0,2,0,0,1,2
C,서구,아미동1가,화재,일반화재(주택),0,560,,False,False,False,False,,,0.0,0,0,0,0,0,0,0,0,0,0
C,서구,아미동1가,구조,산악사고,0,560,,False,False,False,False,,,0.0,0,0,0,0,0,0,0,0,0,0
C,서구,아미동1가,구조,수난사고,0,560,,False,False,False,False,,,0.0,0,0,0,0,0,0,0,0,0,0
C,서구,아미동1가,구급,교통사고,19,560,0.7307692307692307,True,True,False,False,0.6253993610223642,1.998086124401914,0.033928571428571426,2,4,4,6,3,5,4,4,7,6
C,서구,아미동2가,구급,심정지,48,1503,0.5925925925925926,True,True,False,False,0.5956184390689183,0.7345904869124684,0.031936127744510975,8,7,11,14,8,11,13,19,21,17
C,서구,아미동2가,화재,일반화재(주택),12,1503,0.5714285714285714,True,True,False,False,2.501597444089457,1.2488038277511961,0.007984031936127744,1,1,4,4,2,2,3,7,5,4
C,서구,아미동2가,구조,산악사고,0,1503,0.0,False,False,False,False,,,0.0,0,0,0,0,0,0,0,0,0,1
C,서구,아미동2가,구조,수난사고,0,1503,,False,False,False,False,,,0.0,0,0,0,0,0,0,0,0,0,0
C,서구,아미동2가,구급,교통사고,37,1503,0.578125,True,True,False,False,0.43506042505903597,1.0704032809295967,0.024617431803060547,15,6,6,3,7,17,9,11,10,17
C,서구,암남동,구급,심정지,75,4290,0.6410256410256411,True,True,False,False,0.7035742811501596,1.0406698564593302,0.017482517482517484,11,14,16,18,16,15,20,29,26,27
C,서구,암남동,화재,일반화재(주택),21,4290,0.875,True,True,False,False,0.0,0.6244019138755981,0.0048951048951048955,5,2,4,6,4,6,2,5,7,4
C,서구,암남동,구조,산악사고,8,4290,0.6666666666666666,False,False,False,False,6.253993610223642,0.0,0.0018648018648018648,3,3,1,1,0,4,5,1,2,0
C,서구,암남동,구조,수난사고,37,4290,0.22699386503067484,True,True,False,False,1.429484253765404,1.2488038277511964,0.008624708624708625,8,8,6,11,4,15,100,15,22,11
C,서구,암남동,구급,교통사고,148,4290,0.6788990825688074,True,True,False,False,0.7099127881875485,0.8117224880382775,0.0344988344988345,42,28,25,31,22,50,44,46,51,27
C,서구,초장동,구급,심정지,40,1008,0.6896551724137931,True,True,False,False,1.4715279082879158,1.1100478468899522,0.03968253968253968,4,10,13,6,7,6,18,16,8,10
C,서구,초장동,화재,일반화재(주택),12,1008,0.8571428571428571,True,False,False,False,3.126996805111821,1.2488038277511961,0.011904761904761904,4,2,3,0,3,5,2,3,1,3
C,서구,초장동,구조,산악사고,1,1008,0.5,False,False,False,False,,,0.000992063492063492,1,0,0,0,0,1,1,0,0,0
C,서구,초장동,구조,수난사고,0,1008,,False,False,False,False,,,0.0,0,0,0,0,0,0,0,0,0,0
C,서구,초장동,구급,교통사고,18,1008,0.6428571428571429,True,True,False,False,1.389776357827476,0.8325358851674641,0.017857142857142856,3,4,7,2,2,5,5,8,7,3
C,서구,충무동1가,구급,심정지,16,1077,0.5333333333333333,True,True,True,False,0.9380990415335462,1.6650717703349283,0.014856081708449397,2,4,5,4,1,2,8,6,11,3
C,서구,충무동1가,화재,일반화재(주택),6,1077,0.6666666666666666,False,False,False,False,5.003194888178913,1.2488038277511961,0.005571030640668524,0,0,3,0,3,0,1,3,0,5
C,서구,충무동1가,구조,산악사고,0,1077,,False,False,False,False,,,0.0,0,0,0,0,0,0,0,0,0,0
C,서구,충무동1가,구조,수난사고,8,1077,0.8,True,True,False,False,5.003194888178913,1.6650717703349283,0.007428040854224698,1,1,1,4,1,1,1,1,5,2
C,서구,충무동1가,구급,교통사고,57,1077,0.59375,True,True,False,False,1.1614559561843907,1.9425837320574164,0.052924791086350974,16,12,13,8,8,24,21,15,18,18
C,서구,충무동2가,구급,심정지,10,371,0.43478260869565216,True,True,False,False,1.2507987220447283,2.4976076555023923,0.026954177897574125,2,3,1,3,1,5,4,5,6,3
C,서구,충무동2가,화재,일반화재(주택),3,371,1.0,False,False,False,False,0.0,0.0,0.008086253369272238,0,0,1,1,1,0,0,1,1,1
C,서구,충무동2가,구조,산악사고,0,371,,False,False,False,False,,,0.0,0,0,0,0,0,0,0,0,0,0
C,서구,충무동2가,구조,수난사고,0,371,,False,False,False,False,,,0.0,0,0,0,0,0,0,0,0,0,0
C,서구,충무동2가,구급,교통사고,4,371,0.5714285714285714,False,False,False,False,0.0,0.0,0.01078167115902965,1,2,0,1,0,2,4,0,1,0
C,서구,충무동3가,구급,심정지,9,236,0.6,True,True,False,False,1.8761980830670923,2.4976076555023923,0.038135593220338986,2,3,2,1,1,4,4,4,2,1
C,서구,충무동3가,화재,일반화재(주택),3,236,1.0,False,False,False,False,0.0,0.0,0.012711864406779662,2,0,0,1,0,2,0,0,1,0
C,서구,충무동3가,구조,산악사고,0,236,,False,False,False,False,,,0.0,0,0,0,0,0,0,0,0,0,0
C,서구,충무동3가,구조,수난사고,0,236,,False,False,False,False,,,0.0,0,0,0,0,0,0,0,0,0,0
C,서구,충무동3가,구급,교통사고,9,236,0.6923076923076923,True,False,False,False,1.2507987220447283,1.2488038277511961,0.038135593220338986,0,4,2,2,1,1,6,2,3,1
C,서구,토성동1가,구급,심정지,8,464,0.5333333333333333,True,False,False,False,0.5003194888178913,2.4976076555023923,0.017241379310344827,1,2,3,2,0,1,3,3,7,1
C,서구,토성동1가,화재,일반화재(주택),1,464,0.3333333333333333,False,False,False,False,0.0,,0.0021551724137931034,0,0,1,0,0,0,0,2,1,0
C,서구,토성동1가,구조,산악사고,0,464,,False,False,False,False,,,0.0,0,0,0,0,0,0,0,0,0,0
C,서구,토성동1가,구조,수난사고,0,464,,False,False,False,False,,,0.0,0,0,0,0,0,0,0,0,0,0
C,서구,토성동1가,구급,교통사고,22,464,0.7857142857142857,True,True,True,False,0.5772917178667977,2.4976076555023923,0.04741379310344827,2,7,7,5,1,3,7,8,6,4
C,서구,토성동2가,구급,심정지,6,184,0.75,False,False,False,False,1.2507987220447283,,0.03260869565217391,3,2,1,0,0,4,2,1,0,1
C,서구,토성동2가,화재,일반화재(주택),0,184,,False,False,False,False,,,0.0,0,0,0,0,0,0,0,0,0,0
C,서구,토성동2가,구조,산악사고,0,184,,False,False,False,False,,,0.0,0,0,0,0,0,0,0,0,0,0
C,서구,토성동2가,구조,수난사고,0,184,,False,False,False,False,,,0.0,0,0,0,0,0,0,0,0,0,0
C,서구,토성동2가,구급,교통사고,2,184,0.25,False,False,False,False,0.0,,0.010869565217391304,0,2,0,0,0,0,4,1,1,2
C,서구,토성동3가,구급,심정지,3,201,1.0,False,False,False,False,1.2507987220447283,,0.014925373134328358,0,1,2,0,0,0,1,2,0,0
C,서구,토성동3가,화재,일반화재(주택),2,201,0.6666666666666666,False,False,False,False,2.5015974440894566,,0.009950248756218905,1,1,0,0,0,1,2,0,0,0
C,서구,토성동3가,구조,산악사고,0,201,,False,False,False,False,,,0.0,0,0,0,0,0,0,0,0,0,0
C,서구,토성동3가,구조,수난사고,0,201,,False,False,False,False,,,0.0,0,0,0,0,0,0,0,0,0,0
C,서구,토성동3가,구급,교통사고,12,201,0.75,True,True,False,False,1.0006389776357827,3.746411483253589,0.05970149253731343,4,1,2,4,1,4,1,4,6,1
C,서구,토성동4가,구급,심정지,2,236,1.0,False,False,False,False,0.0,0.0,0.00847457627118644,0,0,1,1,0,0,0,1,1,0
C,서구,토성동4가,화재,일반화재(주택),3,236,1.0,False,False,False,False,2.5015974440894566,0.0,0.012711864406779662,0,2,0,1,0,0,2,0,1,0
C,서구,토성동4가,구조,산악사고,0,236,,False,False,False,False,,,0.0,0,0,0,0,0,0,0,0,0,0
C,서구,토성동4가,구조,수난사고,0,236,,False,False,False,False,,,0.0,0,0,0,0,0,0,0,0,0,0
C,서구,토성동4가,구급,교통사고,20,236,0.625,True,True,True,False,3.752396166134185,0.6244019138755981,0.0847457627118644,4,6,5,2,3,5,9,7,3,8
C,서구,토성동5가,구급,심정지,12,411,0.75,True,True,False,False,3.126996805111821,4.9952153110047846,0.029197080291970802,4,1,4,2,1,4,1,6,3,2
C,서구,토성동5가,화재,일반화재(주택),2,411,0.6666666666666666,False,False,False,False,0.0,,0.004866180048661801,0,0,2,0,0,0,0,3,0,0
C,서구,토성동5가,구조,산악사고,0,411,,False,False,False,False,,,0.0,0,0,0,0,0,0,0,0,0,0
C,서구,토성동5가,구조,수난사고,0,411,,False,False,False,False,,,0.0,0,0,0,0,0,0,0,0,0,0
C,서구,토성동5가,구급,교통사고,15,411,0.6521739130434783,True,True,True,False,0.5559105431309904,0.8325358851674641,0.0364963503649635,3,5,3,3,1,3,5,8,3,4
C,수영구,광안동,구급,심정지,223,11942,0.5747422680412371,True,True,False,False,0.9743063729611569,1.1682358388640222,0.018673589013565566,40,48,44,40,51,62,83,79,69,95
C,수영구,광안동,화재,일반화재(주택),52,11942,0.6933333333333334,True,True,True,False,0.8701208501180719,1.8732057416267944,0.004354379500921119,9,12,10,8,13,19,16,14,10,16
C,수영구,광안동,구조,산악사고,6,11942,0.3157894736842105,True,False,True,False,1.6677316293929714,0.0,0.0005024284039524368,1,2,2,1,0,1,5,9,2,2
C,수영구,광안동,구조,수난사고,40,11942,0.17316017316017315,True,True,False,False,3.3354632587859427,1.7840054682159945,0.0033495226930162453,5,16,7,7,5,22,133,18,34,24
C,수영구,광안동,구급,교통사고,611,11942,0.54070796460177,True,True,False,False,1.1608132024731652,1.016267942583732,0.051163959135823146,112,169,126,108,96,207,278,224,214,207
C,수영구,남천동,구급,심정지,81,4203,0.48214285714285715,True,True,False,False,0.8338658146964856,0.8028024606971975,0.019271948608137045,6,15,23,16,21,18,32,47,29,42
C,수영구,남천동,화재,일반화재(주택),16,4203,0.64,True,True,False,False,4.169329073482428,0.8325358851674641,0.0038068046633357128,3,4,1,5,3,5,6,1,5,8
C,수영구,남천동,구조,산악사고,1,4203,0.5,False,False,False,False,0.0,,0.00023792529145848205,0,1,0,0,0,0,2,0,0,0
C,수영구,남천동,구조,수난사고,12,4203,0.2608695652173913,True,False,False,False,2.501597444089457,4.9952153110047846,0.0028551034975017845,0,3,3,4,2,6,10,9,12,9
C,수영구,남천동,구급,교통사고,223,4203,0.522248243559719,True,True,False,False,0.9164267864486129,0.5791553983773663,0.053057339995241495,36,52,50,39,46,76,93,85,80,93
C,수영구,망미동,구급,심정지,139,5518,0.5346153846153846,True,True,True,False,0.7959628231193726,1.1100478468899522,0.02519028633562885,30,28,29,25,27,50,52,51,42,65
C,수영구,망미동,화재,일반화재(주택),33,5518,0.673469387755102,True,True,False,False,0.5003194888178913,0.9082209656372335,0.005980427691192461,7,6,5,5,10,11,7,9,10,12
C,수영구,망미동,구조,산악사고,10,5518,0.7692307692307693,True,True,False,False,2.501597444089457,7.492822966507178,0.001812250815512867,2,1,3,3,1,3,2,4,3,1
C,수영구,망미동,구조,수난사고,1,5518,0.2,False,False,False,False,0.0,,0.0001812250815512867,0,0,1,0,0,0,2,3,0,0
C,수영구,망미동,구급,교통사고,234,5518,0.5416666666666666,True,True,False,False,0.6822538483880336,0.7184898735006883,0.042406669083001086,54,43,43,52,42,90,88,83,91,80
C,수영구,민락동,구급,심정지,114,6646,0.7125,True,True,True,False,0.8505431309904152,0.9549676329862089,0.017153174842010233,15,20,32,25,22,30,24,42,35,29
C,수영구,민락동,화재,일반화재(주택),24,6646,0.6857142857142857,True,True,True,False,0.357371063441351,0.3568010936431989,0.0036111947035811012,5,6,5,4,4,5,7,7,7,9
C,수영구,민락동,구조,산악사고,5,6646,0.7142857142857143,False,False,False,False,0.0,0.0,0.0007523322299127295,0,1,3,1,0,0,1,4,2,0
C,수영구,민락동,구조,수난사고,42,6646,0.2937062937062937,True,True,False,False,1.0533041869850346,0.6244019138755981,0.006319590731266927,5,11,11,6,9,15,27,36,28,37
C,수영구,민락동,구급,교통사고,316,6646,0.6914660831509847,True,True,False,False,1.2415335463258785,1.2001491331634873,0.0475473969304845,63,61,78,53,61,89,85,114,80,89
C,수영구,수영동,구급,심정지,82,3480,0.7130434782608696,True,True,False,False,1.293929712460064,1.1527419948472581,0.023563218390804597,12,16,16,15,23,17,20,22,20,36
C,수영구,수영동,화재,일반화재(주택),14,3480,0.8235294117647058,True,True,False,False,0.5003194888178913,0.8325358851674641,0.004022988505747126,1,4,1,4,4,3,4,1,5,4
C,수영구,수영동,구조,산악사고,0,3480,,False,False,False,False,,,0.0,0,0,0,0,0,0,0,0,0,0
C,수영구,수영동,구조,수난사고,6,3480,0.6666666666666666,False,False,False,False,0.0,0.0,0.0017241379310344827,1,0,3,2,0,1,0,5,3,0
C,수영구,수영동,구급,교통사고,141,3480,0.6878048780487804,True,True,False,False,0.9475747894278245,0.7044534412955464,0.04051724137931034,30,33,28,29,21,39,44,43,43,36
C,연제구,거제동,구급,심정지,197,8018,0.595166163141994,True,True,False,False,0.9693690095846644,0.911825017088175,0.024569718134198053,15,44,52,45,41,36,65,78,78,74
C,연제구,거제동,화재,일반화재(주택),18,8018,0.5625,True,True,False,False,1.5634984025559104,0.6244019138755981,0.0022449488650536295,2,5,6,1,4,7,7,8,3,7
C,연제구,거제동,구조,산악사고,2,8018,0.4,False,False,False,False,,,0.0002494387627837366,0,0,1,0,1,1,0,2,1,1
C,연제구,거제동,구조,수난사고,0,8018,,False,False,False,False,,,0.0,0,0,0,0,0,0,0,0,0,0
C,연제구,거제동,구급,교통사고,423,8018,0.5334174022698613,True,True,True,False,0.8381640920918284,1.0334928229665072,0.05275629832876029,92,87,80,78,86,157,151,156,158,171
C,연제구,연산동,구급,심정지,511,22315,0.5709497206703911,True,True,False,False,1.1830214513920585,1.154066985645933,0.022899395025767422,78,102,119,115,97,143,171,207,198,176
C,연제구,연산동,화재,일반화재(주택),77,22315,0.5703703703703704,True,True,False,False,1.5188270196257416,1.1352762070465419,0.00345059377100605,17,13,15,17,15,35,23,32,22,23
C,연제구,연산동,구조,산악사고,26,22315,0.5306122448979592,True,True,False,False,2.858968507530808,0.9366028708133972,0.001165135559041004,4,8,3,7,4,14,9,10,11,5
C,연제구,연산동,구조,수난사고,2,22315,0.4,False,False,False,False,,,8.962581223392337e-05,0,2,0,0,0,0,2,0,2,1
C,연제구,연산동,구급,교통사고,981,22315,0.5396039603960396,True,True,False,False,0.8516076405410916,0.9812030075187969,0.043961460900739414,199,239,192,180,171,395,403,361,349,310
C,영도구,남항동1가,구급,심정지,25,861,0.6756756756756757,True,True,False,False,0.5772917178667977,0.7136021872863978,0.029036004645760744,3,8,5,5,4,5,10,7,7,8
C,영도구,남항동1가,화재,일반화재(주택),7,861,1.0,False,False,False,False,0.5003194888178913,0.0,0.008130081300813009,1,2,3,0,1,1,2,3,0,1
C,영도구,남항동1가,구조,산악사고,0,861,,False,False,False,False,,,0.0,0,0,0,0,0,0,0,0,0,0
C,영도구,남항동1가,구조,수난사고,0,861,,False,False,False,False,,,0.0,0,0,0,0,0,0,0,0,0,0
C,영도구,남항동1가,구급,교통사고,34,861,0.68,True,True,False,False,0.7357639541439579,0.8325358851674641,0.03948896631823461,7,6,9,6,6,10,7,12,13,8
C,영도구,남항동2가,구급,심정지,7,355,0.5833333333333334,True,False,False,False,2.501597444089457,0.0,0.01971830985915493,3,1,2,1,0,3,2,3,3,1
C,영도구,남항동2가,화재,일반화재(주택),2,355,1.0,False,False,False,False,,0.0,0.005633802816901409,0,0,0,0,2,0,0,0,0,2
C,영도구,남항동2가,구조,산악사고,0,355,,False,False,False,False,,,0.0,0,0,0,0,0,0,0,0,0,0
C,영도구,남항동2가,구조,수난사고,1,355,0.5,False,False,False,False,,,0.0028169014084507044,0,1,0,0,0,0,1,1,0,0
C,영도구,남항동2가,구급,교통사고,31,355,0.775,True,True,False,False,0.5886111633151663,1.6650717703349283,0.08732394366197183,8,7,6,8,2,9,7,9,12,3
C,영도구,남항동3가,구급,심정지,16,422,0.5714285714285714,True,True,False,False,1.429484253765404,1.6650717703349283,0.037914691943127965,4,6,1,3,2,6,7,1,9,5
C,영도구,남항동3가,화재,일반화재(주택),2,422,1.0,False,False,False,False,0.0,0.0,0.004739336492890996,1,0,0,1,0,1,0,0,1,0
C,영도구,남항동3가,구조,산악사고,0,422,,False,False,False,False,,,0.0,0,0,0,0,0,0,0,0,0,0
C,영도구,남항동3가,구조,수난사고,0,422,0.0,False,False,False,False,,,0.0,0,0,0,0,0,0,2,0,1,0
C,영도구,남항동3가,구급,교통사고,16,422,0.5333333333333333,True,True,True,False,2.501597444089457,0.8325358851674641,0.037914691943127965,4,6,2,1,3,6,10,5,2,7
C,영도구,대교동1가,구급,심정지,7,566,0.6363636363636364,False,False,False,False,0.0,,0.012367491166077738,2,2,2,1,0,3,3,4,1,0
C,영도구,대교동1가,화재,일반화재(주택),3,566,0.75,False,False,False,False,0.0,,0.00530035335689046,0,0,1,2,0,0,0,1,2,1
C,영도구,대교동1가,구조,산악사고,0,566,,False,False,False,False,,,0.0,0,0,0,0,0,0,0,0,0,0
C,영도구,대교동1가,구조,수난사고,21,566,0.6363636363636364,True,True,False,False,0.8338658146964857,1.6650717703349283,0.037102473498233215,3,7,6,2,3,4,14,6,6,3
C,영도구,대교동1가,구급,교통사고,44,566,0.7457627118644068,True,True,False,False,0.7147421268827019,1.3623314484558504,0.07773851590106007,6,6,15,11,6,7,7,19,15,11
C,영도구,대교동2가,구급,심정지,8,822,0.4444444444444444,True,False,True,False,0.5003194888178913,0.0,0.009732360097323601,5,1,0,2,0,5,1,2,4,6
C,영도구,대교동2가,화재,일반화재(주택),3,822,0.6,False,False,False,False,0.0,0.0,0.0036496350364963502,2,0,0,0,1,2,0,0,2,1
C,영도구,대교동2가,구조,산악사고,0,822,,False,False,False,False,,,0.0,0,0,0,0,0,0,0,0,0,0
C,영도구,대교동2가,구조,수난사고,1,822,0.3333333333333333,False,False,False,False,,,0.0012165450121654502,0,1,0,0,0,0,1,1,1,0
C,영도구,대교동2가,구급,교통사고,30,822,0.6976744186046512,True,True,False,False,1.0944488817891374,0.999043062200957,0.0364963503649635,4,7,12,4,3,5,9,17,9,3
C,영도구,대평동1가,구급,심정지,8,356,0.6666666666666666,False,False,False,False,0.0,2.4976076555023923,0.02247191011235955,3,0,1,1,3,4,0,2,3,3
C,영도구,대평동1가,화재,일반화재(주택),1,356,0.2,False,False,False,False,,0.0,0.0028089887640449437,0,0,0,1,0,0,0,2,2,1
C,영도구,대평동1가,구조,산악사고,0,356,,False,False,False,False,,,0.0,0,0,0,0,0,0,0,0,0,0
C,영도구,대평동1가,구조,수난사고,3,356,0.75,False,False,False,False,5.003194888178913,,0.008426966292134831,2,0,1,0,0,2,1,1,0,0
C,영도구,대평동1가,구급,교통사고,13,356,0.65,True,False,False,False,0.3126996805111821,0.0,0.03651685393258427,5,4,0,1,3,6,6,2,1,5
C,영도구,대평동2가,구급,심정지,7,91,0.7,False,False,False,False,7.504792332268369,1.2488038277511961,0.07692307692307693,0,2,2,1,2,0,4,2,1,3
C,영도구,대평동2가,화재,일반화재(주택),0,91,0.0,False,False,False,False,,,0.0,0,0,0,0,0,0,0,0,0,1
C,영도구,대평동2가,구조,산악사고,0,91,,False,False,False,False,,,0.0,0,0,0,0,0,0,0,0,0,0
C,영도구,대평동2가,구조,수난사고,0,91,0.0,False,False,False,False,,,0.0,0,0,0,0,0,1,0,0,0,0
C,영도구,대평동2가,구급,교통사고,2,91,0.5,False,False,False,False,0.0,0.0,0.02197802197802198,1,0,0,1,0,1,0,1,1,1
C,영도구,동삼동,구급,심정지,239,8803,0.545662100456621,True,True,False,False,1.0006389776357827,1.0302631578947368,0.027149835283426106,28,48,50,51,62,67,85,93,96,97
C,영도구,동삼동,화재,일반화재(주택),21,8803,0.5121951219512195,True,False,False,False,1.2507987220447285,1.7840054682159945,0.0023855503805520844,5,4,0,8,4,9,7,4,14,7
C,영도구,동삼동,구조,산악사고,12,8803,0.6,True,True,False,False,5.003194888178913,0.4995215311004785,0.0013631716460297625,2,2,2,1,5,3,4,3,5,5
C,영도구,동삼동,구조,수난사고,29,8803,0.35802469135802467,True,True,False,False,1.0944488817891374,0.4995215311004785,0.0032943314779052594,10,9,4,3,3,19,26,11,12,13
C,영도구,동삼동,구급,교통사고,206,8803,0.5722222222222222,True,True,False,False,0.8085971536450769,0.7320574162679425,0.02340111325684426,33,46,52,38,37,63,72,91,59,75
C,영도구,봉래동1가,구급,심정지,5,433,0.5555555555555556,True,False,False,False,2.5015974440894566,,0.011547344110854504,1,1,2,0,1,1,1,2,3,2
C,영도구,봉래동1가,화재,일반화재(주택),1,433,1.0,False,False,False,False,0.0,,0.0023094688221709007,1,0,0,0,0,1,0,0,0,0
C,영도구,봉래동1가,구조,산악사고,0,433,,False,False,False,False,,,0.0,0,0,0,0,0,0,0,0,0,0
C,영도구,봉래동1가,구조,수난사고,15,433,0.4838709677419355,True,True,False,False,0.2501597444089457,7.492822966507178,0.03464203233256351,3,4,4,1,3,3,7,9,4,8
C,영도구,봉래동1가,구급,교통사고,17,433,0.6071428571428571,True,True,False,False,0.6253993610223642,0.41626794258373206,0.03926096997690531,4,2,4,4,3,6,6,6,5,5
C,영도구,봉래동2가,구급,심정지,17,530,0.7727272727272727,True,True,False,False,1.786855317206755,3.746411483253589,0.03207547169811321,5,4,3,2,3,6,5,4,3,4
C,영도구,봉래동2가,화재,일반화재(주택),1,530,0.5,False,False,False,False,0.0,,0.0018867924528301887,0,1,0,0,0,0,1,1,0,0
C,영도구,봉래동2가,구조,산악사고,0,530,,False,False,False,False,,,0.0,0,0,0,0,0,0,0,0,0,0
C,영도구,봉래동2가,구조,수난사고,3,530,0.5,False,False,False,False,2.5015974440894566,0.0,0.005660377358490566,1,0,1,0,1,3,0,1,0,2
C,영도구,봉래동2가,구급,교통사고,17,530,0.6296296296296297,True,True,False,False,1.5634984025559104,0.8325358851674641,0.03207547169811321,6,2,5,3,1,9,4,7,5,2
C,영도구,봉래동3가,구급,심정지,11,552,0.5,True,True,False,False,2.5015974440894566,1.8732057416267944,0.019927536231884056,2,1,1,4,3,4,3,4,5,6
C,영도구,봉래동3가,화재,일반화재(주택),1,552,0.5,False,False,False,False,,,0.0018115942028985507,0,0,1,0,0,1,0,1,0,0
C,영도구,봉래동3가,구조,산악사고,0,552,,False,False,False,False,,,0.0,0,0,0,0,0,0,0,0,0,0
C,영도구,봉래동3가,구조,수난사고,0,552,,False,False,False,False,,,0.0,0,0,0,0,0,0,0,0,0,0
C,영도구,봉래동3가,구급,교통사고,24,552,0.6666666666666666,True,True,False,False,0.6253993610223643,0.31220095693779903,0.043478260869565216,7,7,1,8,1,11,8,2,11,4
C,영도구,봉래동4가,구급,심정지,17,598,0.6538461538461539,True,True,False,False,0.9380990415335462,0.4995215311004785,0.028428093645484948,1,4,6,2,4,1,5,6,6,8
C,영도구,봉래동4가,화재,일반화재(주택),2,598,0.6666666666666666,False,False,False,False,2.5015974440894566,,0.0033444816053511705,1,1,0,0,0,2,1,0,0,0
C,영도구,봉래동4가,구조,산악사고,1,598,1.0,False,False,False,False,,,0.0016722408026755853,0,0,1,0,0,0,0,1,0,0
C,영도구,봉래동4가,구조,수난사고,0,598,,False,False,False,False,,,0.0,0,0,0,0,0,0,0,0,0,0
C,영도구,봉래동4가,구급,교통사고,28,598,0.6086956521739131,True,False,False,False,0.6253993610223643,0.20813397129186603,0.046822742474916385,0,13,2,6,7,3,17,5,8,13
C,영도구,봉래동5가,구급,심정지,15,528,0.5769230769230769,True,False,False,False,0.6253993610223642,0.6244019138755981,0.028409090909090908,3,7,0,2,3,5,9,3,3,6
C,영도구,봉래동5가,화재,일반화재(주택),2,528,1.0,False,False,False,False,,0.0,0.003787878787878788,1,0,0,0,1,1,0,0,0,1
C,영도구,봉래동5가,구조,산악사고,3,528,0.75,False,False,False,False,2.5015974440894566,,0.005681818181818182,0,0,2,1,0,0,0,2,2,0
C,영도구,봉래동5가,구조,수난사고,0,528,,False,False,False,False,,,0.0,0,0,0,0,0,0,0,0,0,0
C,영도구,봉래동5가,구급,교통사고,15,528,0.46875,True,True,True,False,0.5003194888178913,4.9952153110047846,0.028409090909090908,3,4,5,2,1,5,7,8,5,7
C,영도구,신선동1가,구급,심정지,12,407,0.8571428571428571,True,True,False,False,1.2507987220447283,0.7136021872863978,0.029484029484029485,1,1,1,4,5,2,1,1,5,5
C,영도구,신선동1가,화재,일반화재(주택),1,407,0.3333333333333333,False,False,False,False,,0.0,0.002457002457002457,0,0,0,0,1,0,0,0,1,2
C,영도구,신선동1가,구조,산악사고,0,407,,False,False,False,False,,,0.0,0,0,0,0,0,0,0,0,0,0
C,영도구,신선동1가,구조,수난사고,0,407,,False,False,False,False,,,0.0,0,0,0,0,0,0,0,0,0,0
C,영도구,신선동1가,구급,교통사고,14,407,0.6363636363636364,True,True,False,False,1.0721131903240528,0.0,0.0343980343980344,1,7,2,3,1,2,9,2,4,5
C,영도구,신선동2가,구급,심정지,40,830,0.6896551724137931,True,True,True,False,1.1772223266303325,0.6244019138755981,0.04819277108433735,6,8,11,11,4,7,13,13,14,11
C,영도구,신선동2가,화재,일반화재(주택),4,830,0.8,False,False,False,False,0.0,,0.004819277108433735,0,0,2,1,1,0,0,2,2,1
C,영도구,신선동2가,구조,산악사고,1,830,1.0,False,False,False,False,,,0.0012048192771084338,0,0,0,0,1,0,0,0,0,1
C,영도구,신선동2가,구조,수난사고,0,830,,False,False,False,False,,,0.0,0,0,0,0,0,0,0,0,0,0
C,영도구,신선동2가,구급,교통사고,4,830,0.5714285714285714,False,False,False,False,2.5015974440894566,,0.004819277108433735,2,2,0,0,0,2,3,1,1,0
C,영도구,신선동3가,구급,심정지,14,522,0.56,True,True,False,False,0.9380990415335462,4.9952153110047846,0.02681992337164751,3,2,6,2,1,6,3,10,4,2
C,영도구,신선동3가,화재,일반화재(주택),1,522,0.5,False,False,False,False,0.0,,0.0019157088122605363,1,0,0,0,0,1,0,1,0,0
C,영도구,신선동3가,구조,산악사고,2,522,0.2857142857142857,False,False,False,False,,,0.0038314176245210726,1,0,1,0,0,1,1,5,0,0
C,영도구,신선동3가,구조,수난사고,0,522,,False,False,False,False,,,0.0,0,0,0,0,0,0,0,0,0,0
C,영도구,신선동3가,구급,교통사고,8,522,0.6666666666666666,True,True,False,False,2.5015974440894566,2.4976076555023923,0.01532567049808429,2,1,1,1,3,2,1,3,2,4
C,영도구,영선동1가,구급,심정지,7,406,0.875,False,False,False,False,0.0,0.0,0.017241379310344827,0,1,2,2,2,0,1,2,2,3
C,영도구,영선동1가,화재,일반화재(주택),0,406,0.0,False,False,False,False,,,0.0,0,0,0,0,0,1,0,1,1,1
C,영도구,영선동1가,구조,산악사고,0,406,,False,False,False,False,,,0.0,0,0,0,0,0,0,0,0,0,0
C,영도구,영선동1가,구조,수난사고,0,406,,False,False,False,False,,,0.0,0,0,0,0,0,0,0,0,0,0
C,영도구,영선동1가,구급,교통사고,19,406,0.5588235294117647,True,True,False,False,0.8338658146964856,0.999043062200957,0.046798029556650245,4,4,4,4,3,12,5,6,7,4
C,영도구,영선동2가,구급,심정지,11,615,0.5,True,True,False,False,0.5003194888178913,1.6650717703349283,0.01788617886178862,1,3,2,2,3,3,3,5,5,6
C,영도구,영선동2가,화재,일반화재(주택),4,615,1.0,False,False,False,False,5.003194888178913,0.0,0.0065040650406504065,2,1,0,0,1,2,1,0,0,1
C,영도구,영선동2가,구조,산악사고,0,615,,False,False,False,False,,,0.0,0,0,0,0,0,0,0,0,0,0
C,영도구,영선동2가,구조,수난사고,0,615,,False,False,False,False,,,0.0,0,0,0,0,0,0,0,0,0,0
C,영도구,영선동2가,구급,교통사고,38,615,0.7307692307692307,True,True,False,False,1.0721131903240528,2.4976076555023923,0.061788617886178863,6,9,15,5,3,9,11,17,6,9
C,영도구,영선동3가,구급,심정지,8,350,0.47058823529411764,True,False,False,False,0.0,7.492822966507178,0.022857142857142857,1,2,1,0,4,3,2,5,1,6
C,영도구,영선동3가,화재,일반화재(주택),1,350,0.5,False,False,False,False,,0.0,0.002857142857142857,0,0,0,0,1,0,1,0,0,1
C,영도구,영선동3가,구조,산악사고,0,350,,False,False,False,False,,,0.0,0,0,0,0,0,0,0,0,0,0
C,영도구,영선동3가,구조,수난사고,0,350,,False,False,False,False,,,0.0,0,0,0,0,0,0,0,0,0,0
C,영도구,영선동3가,구급,교통사고,17,350,0.5483870967741935,True,True,False,False,1.429484253765404,0.4995215311004785,0.04857142857142857,4,4,3,4,2,7,5,7,7,5
C,영도구,영선동4가,구급,심정지,26,972,0.4642857142857143,True,True,False,False,0.9096717978507115,2.997129186602871,0.026748971193415638,4,5,6,5,6,8,12,13,13,10
C,영도구,영선동4가,화재,일반화재(주택),11,972,0.6875,True,True,True,False,3.7523961661341847,1.2488038277511961,0.01131687242798354,2,1,2,2,4,5,3,2,2,4
C,영도구,영선동4가,구조,산악사고,1,972,0.5,False,False,False,False,,,0.00102880658436214,0,0,1,0,0,0,1,1,0,0
C,영도구,영선동4가,구조,수난사고,5,972,0.625,False,False,False,False,0.0,,0.0051440329218107,0,2,2,1,0,1,4,2,1,0
C,영도구,영선동4가,구급,교통사고,40,972,0.6349206349206349,True,True,False,False,0.7899781402387759,0.17840054682159945,0.0411522633744856,8,12,5,11,4,9,18,9,19,8
C,영도구,청학동,구급,심정지,104,3857,0.5909090909090909,True,True,False,False,0.9665262852163811,1.0822966507177034,0.026963961628208452,21,24,16,20,23,33,37,27,37,42
C,영도구,청학동,화재,일반화재(주택),19,3857,0.7307692307692307,True,True,False,False,0.6253993610223642,1.2488038277511961,0.0049261083743842365,6,1,3,5,4,9,3,4,6,4
C,영도구,청학동,구조,산악사고,8,3857,0.6666666666666666,True,True,False,False,1.6677316293929714,1.2488038277511961,0.002074150894477573,1,2,2,2,1,2,3,3,3,1
C,영도구,청학동,구조,수난사고,10,3857,0.45454545454545453,True,False,True,False,7.504792332268369,1.2488038277511961,0.0025926886180969665,2,0,2,2,4,6,1,4,6,5
C,영도구,청학동,구급,교통사고,140,3857,0.5645161290322581,True,True,False,False,0.6253993610223642,0.5482553390127203,0.036297640653357534,37,33,20,24,26,68,55,36,41,48
C,중구,광복동1가,구급,심정지,0,165,,False,False,False,False,,,0.0,0,0,0,0,0,0,0,0,0,0
C,중구,광복동1가,화재,일반화재(주택),1,165,1.0,False,False,False,False,0.0,,0.006060606060606061,1,0,0,0,0,1,0,0,0,0
C,중구,광복동1가,구조,산악사고,0,165,,False,False,False,False,,,0.0,0,0,0,0,0,0,0,0,0,0
C,중구,광복동1가,구조,수난사고,0,165,,False,False,False,False,,,0.0,0,0,0,0,0,0,0,0,0,0
C,중구,광복동1가,구급,교통사고,5,165,0.8333333333333334,False,False,False,False,0.8338658146964857,0.0,0.030303030303030304,1,2,1,1,0,1,2,1,2,0
C,중구,광복동2가,구급,심정지,0,113,0.0,False,False,False,False,,,0.0,0,0,0,0,0,0,0,0,0,1
C,중구,광복동2가,화재,일반화재(주택),0,113,,False,False,False,False,,,0.0,0,0,0,0,0,0,0,0,0,0
C,중구,광복동2가,구조,산악사고,0,113,,False,False,False,False,,,0.0,0,0,0,0,0,0,0,0,0,0
C,중구,광복동2가,구조,수난사고,0,113,,False,False,False,False,,,0.0,0,0,0,0,0,0,0,0,0,0
C,중구,광복동2가,구급,교통사고,7,113,0.7,False,False,False,False,0.8338658146964857,1.2488038277511961,0.061946902654867256,2,0,2,2,1,2,0,2,4,2
C,중구,광복동3가,구급,심정지,0,36,,False,False,False,False,,,0.0,0,0,0,0,0,0,0,0,0,0
C,중구,광복동3가,화재,일반화재(주택),1,36,1.0,False,False,False,False,,,0.027777777777777776,0,0,0,0,1,0,0,0,0,1
C,중구,광복동3가,구조,산악사고,0,36,,False,False,False,False,,,0.0,0,0,0,0,0,0,0,0,0,0
C,중구,광복동3가,구조,수난사고,0,36,,False,False,False,False,,,0.0,0,0,0,0,0,0,0,0,0,0
C,중구,광복동3가,구급,교통사고,1,36,0.5,False,False,False,False,0.0,,0.027777777777777776,1,0,0,0,0,1,0,0,0,1
C,중구,남포동1가,구급,심정지,2,237,0.6666666666666666,False,False,False,False,,2.4976076555023923,0.008438818565400843,0,0,0,1,1,0,1,0,1,1
C,중구,남포동1가,화재,일반화재(주택),0,237,,False,False,False,False,,,0.0,0,0,0,0,0,0,0,0,0,0
C,중구,남포동1가,구조,산악사고,0,237,,False,False,False,False,,,0.0,0,0,0,0,0,0,0,0,0,0
C,중구,남포동1가,구조,수난사고,1,237,1.0,False,False,False,False,0.0,,0.004219409282700422,0,0,1,0,0,0,0,1,0,0
C,중구,남포동1가,구급,교통사고,10,237,0.5555555555555556,True,False,False,False,0.714742126882702,0.0,0.04219409282700422,3,4,2,0,1,5,4,6,2,1
C,중구,남포동2가,구급,심정지,1,163,0.5,False,False,False,False,0.0,,0.006134969325153374,1,0,0,0,0,1,0,0,0,1
C,중구,남포동2가,화재,일반화재(주택),2,163,1.0,False,False,False,False,0.0,,0.012269938650306749,0,1,1,0,0,0,1,1,0,0
C,중구,남포동2가,구조,산악사고,0,163,,False,False,False,False,,,0.0,0,0,0,0,0,0,0,0,0,0
C,중구,남포동2가,구조,수난사고,0,163,,False,False,False,False,,,0.0,0,0,0,0,0,0,0,0,0,0
C,중구,남포동2가,구급,교통사고,6,163,0.6,False,False,False,False,1.2507987220447283,1.2488038277511961,0.03680981595092025,0,1,2,3,0,1,2,3,4,0
C,중구,남포동3가,구급,심정지,0,58,0.0,False,False,False,False,,,0.0,0,0,0,0,0,0,0,1,0,0
C,중구,남포동3가,화재,일반화재(주택),0,58,,False,False,False,False,,,0.0,0,0,0,0,0,0,0,0,0,0
C,중구,남포동3가,구조,산악사고,0,58,,False,False,False,False,,,0.0,0,0,0,0,0,0,0,0,0,0
C,중구,남포동3가,구조,수난사고,0,58,,False,False,False,False,,,0.0,0,0,0,0,0,0,0,0,0,0
C,중구,남포동3가,구급,교통사고,1,58,1.0,False,False,False,False,0.0,,0.017241379310344827,0,1,0,0,0,0,1,0,0,0
C,중구,남포동4가,구급,심정지,4,310,0.6666666666666666,False,False,False,False,0.0,1.2488038277511961,0.012903225806451613,0,0,1,3,0,0,1,1,3,1
C,중구,남포동4가,화재,일반화재(주택),2,310,0.6666666666666666,False,False,False,False,,0.0,0.0064516129032258064,0,0,1,0,1,0,0,1,0,2
C,중구,남포동4가,구조,산악사고,0,310,,False,False,False,False,,,0.0,0,0,0,0,0,0,0,0,0,0
C,중구,남포동4가,구조,수난사고,7,310,0.875,True,False,False,False,0.6253993610223642,2.4976076555023923,0.02258064516129032,1,3,1,2,0,1,3,1,2,1
C,중구,남포동4가,구급,교통사고,25,310,0.6578947368421053,True,True,False,False,0.5266520934925173,2.4976076555023923,0.08064516129032258,6,6,11,1,1,8,8,14,2,6
C,중구,남포동5가,구급,심정지,10,787,0.7142857142857143,True,True,False,False,0.0,1.6650717703349283,0.012706480304955527,2,2,1,4,1,3,4,1,4,2
C,중구,남포동5가,화재,일반화재(주택),1,787,1.0,False,False,False,False,0.0,,0.0012706480304955528,1,0,0,0,0,1,0,0,0,0
C,중구,남포동5가,구조,산악사고,0,787,,False,False,False,False,,,0.0,0,0,0,0,0,0,0,0,0,0
C,중구,남포동5가,구조,수난사고,5,787,0.4166666666666667,False,False,False,False,0.8338658146964857,,0.0063532401524777635,1,0,3,0,1,2,1,4,0,5
C,중구,남포동5가,구급,교통사고,56,787,0.6588235294117647,True,True,True,False,1.0583681494224624,0.4683014354066986,0.07115628970775095,9,13,15,8,11,19,19,15,14,18
C,중구,남포동6가,구급,심정지,8,1152,0.5333333333333333,True,False,False,False,6.253993610223642,0.0,0.006944444444444444,3,1,3,1,0,3,3,3,3,3
C,중구,남포동6가,화재,일반화재(주택),3,1152,0.5,False,False,False,False,2.5015974440894566,0.0,0.0026041666666666665,0,1,1,1,0,1,1,3,1,0
C,중구,남포동6가,구조,산악사고,0,1152,,False,False,False,False,,,0.0,0,0,0,0,0,0,0,0,0,0
C,중구,남포동6가,구조,수난사고,2,1152,1.0,False,False,False,False,0.0,0.0,0.001736111111111111,0,1,0,1,0,0,1,0,1,0
C,중구,남포동6가,구급,교통사고,78,1152,0.7428571428571429,True,True,False,False,1.0006389776357827,0.5550239234449761,0.06770833333333333,16,18,22,13,9,22,21,22,21,19
C,중구,대창동1가,구급,심정지,3,182,0.5,False,False,False,False,2.5015974440894566,0.0,0.016483516483516484,1,1,0,0,1,1,4,0,0,1
C,중구,대창동1가,화재,일반화재(주택),0,182,,False,False,False,False,,,0.0,0,0,0,0,0,0,0,0,0,0
C,중구,대창동1가,구조,산악사고,0,182,,False,False,False,False,,,0.0,0,0,0,0,0,0,0,0,0,0
C,중구,대창동1가,구조,수난사고,0,182,,False,False,False,False,,,0.0,0,0,0,0,0,0,0,0,0,0
C,중구,대창동1가,구급,교통사고,9,182,0.6,False,False,False,False,2.0012779552715654,,0.04945054945054945,1,6,2,0,0,3,8,3,0,1
C,중구,대창동2가,구급,심정지,0,55,,False,False,False,False,,,0.0,0,0,0,0,0,0,0,0,0,0
C,중구,대창동2가,화재,일반화재(주택),0,55,,False,False,False,False,,,0.0,0,0,0,0,0,0,0,0,0,0
C,중구,대창동2가,구조,산악사고,0,55,,False,False,False,False,,,0.0,0,0,0,0,0,0,0,0,0,0
C,중구,대창동2가,구조,수난사고,0,55,,False,False,False,False,,,0.0,0,0,0,0,0,0,0,0,0,0
C,중구,대창동2가,구급,교통사고,4,55,0.36363636363636365,True,False,False,False,,0.0,0.07272727272727272,0,1,0,1,2,1,1,3,3,3
C,중구,대청동1가,구급,심정지,2,241,0.4,False,False,False,False,0.0,,0.008298755186721992,1,0,1,0,0,2,0,1,2,0
C,중구,대청동1가,화재,일반화재(주택),1,241,1.0,False,False,False,False,0.0,,0.004149377593360996,0,1,0,0,0,0,1,0,0,0
C,중구,대청동1가,구조,산악사고,0,241,,False,False,False,False,,,0.0,0,0,0,0,0,0,0,0,0,0
C,중구,대청동1가,구조,수난사고,0,241,,False,False,False,False,,,0.0,0,0,0,0,0,0,0,0,0,0
C,중구,대청동1가,구급,교통사고,8,241,0.8,True,True,False,False,1.6677316293929714,0.0,0.03319502074688797,1,2,2,1,2,2,3,2,1,2
C,중구,대청동2가,구급,심정지,3,180,0.75,False,False,False,False,1.2507987220447283,,0.016666666666666666,0,2,1,0,0,0,2,1,0,1
C,중구,대청동2가,화재,일반화재(주택),2,180,1.0,False,False,False,False,0.0,0.0,0.011111111111111112,1,0,0,1,0,1,0,0,1,0
C,중구,대청동2가,구조,산악사고,0,180,,False,False,False,False,,,0.0,0,0,0,0,0,0,0,0,0,0
C,중구,대청동2가,구조,수난사고,0,180,,False,False,False,False,,,0.0,0,0,0,0,0,0,0,0,0,0
C,중구,대청동2가,구급,교통사고,9,180,0.8181818181818182,True,False,False,False,0.0,4.9952153110047846,0.05,0,2,4,2,1,1,2,4,2,2
C,중구,대청동3가,구급,심정지,1,98,1.0,False,False,False,False,,0.0,0.01020408163265306,0,0,0,0,1,0,0,0,0,1
C,중구,대청동3가,화재,일반화재(주택),2,98,1.0,False,False,False,False,0.0,0.0,0.02040816326530612,0,1,0,1,0,0,1,0,1,0
C,중구,대청동3가,구조,산악사고,0,98,,False,False,False,False,,,0.0,0,0,0,0,0,0,0,0,0,0
C,중구,대청동3가,구조,수난사고,0,98,,False,False,False,False,,,0.0,0,0,0,0,0,0,0,0,0,0
C,중구,대청동3가,구급,교통사고,14,98,0.8235294117647058,False,False,False,False,1.5634984025559104,0.0,0.14285714285714285,4,3,6,0,1,6,4,6,0,1
C,중구,대청동4가,구급,심정지,32,862,0.7272727272727273,True,True,False,False,0.7817492012779552,2.0813397129186604,0.037122969837587005,5,7,9,3,8,6,9,10,6,13
C,중구,대청동4가,화재,일반화재(주택),4,862,0.8,False,False,False,False,1.2507987220447283,0.0,0.004640371229698376,1,2,0,0,1,1,3,0,0,1
C,중구,대청동4가,구조,산악사고,0,862,,False,False,False,False,,,0.0,0,0,0,0,0,0,0,0,0,0
C,중구,대청동4가,구조,수난사고,0,862,,False,False,False,False,,,0.0,0,0,0,0,0,0,0,0,0,0
C,중구,대청동4가,구급,교통사고,20,862,0.6896551724137931,True,True,False,False,2.1888977635782747,0.0,0.02320185614849188,4,4,7,3,2,8,5,7,4,5
C,중구,동광동1가,구급,심정지,3,134,1.0,False,False,False,False,0.0,2.4976076555023923,0.022388059701492536,0,1,0,1,1,0,1,0,1,1
C,중구,동광동1가,화재,일반화재(주택),0,134,,False,False,False,False,,,0.0,0,0,0,0,0,0,0,0,0,0
C,중구,동광동1가,구조,산악사고,0,134,,False,False,False,False,,,0.0,0,0,0,0,0,0,0,0,0,0
C,중구,동광동1가,구조,수난사고,0,134,,False,False,False,False,,,0.0,0,0,0,0,0,0,0,0,0,0
C,중구,동광동1가,구급,교통사고,11,134,0.4230769230769231,True,True,False,False,0.0,0.0,0.08208955223880597,1,4,3,2,1,2,5,5,9,5
C,중구,동광동2가,구급,심정지,0,89,0.0,False,False,False,False,,,0.0,0,0,0,0,0,0,0,0,1,0
C,중구,동광동2가,화재,일반화재(주택),1,89,1.0,False,False,False,False,0.0,,0.011235955056179775,0,1,0,0,0,0,1,0,0,0
C,중구,동광동2가,구조,산악사고,0,89,,False,False,False,False,,,0.0,0,0,0,0,0,0,0,0,0,0
C,중구,동광동2가,구조,수난사고,0,89,,False,False,False,False,,,0.0,0,0,0,0,0,0,0,0,0,0
C,중구,동광동2가,구급,교통사고,0,89,0.0,False,False,False,False,,,0.0,0,0,0,0,0,1,0,0,0,0
C,중구,동광동3가,구급,심정지,6,110,0.8571428571428571,False,False,False,False,0.6253993610223642,0.0,0.05454545454545454,0,2,3,0,1,0,2,3,0,2
C,중구,동광동3가,화재,일반화재(주택),2,110,1.0,False,False,False,False,,2.4976076555023923,0.01818181818181818,0,0,0,0,2,0,0,0,0,2
C,중구,동광동3가,구조,산악사고,0,110,,False,False,False,False,,,0.0,0,0,0,0,0,0,0,0,0,0
C,중구,동광동3가,구조,수난사고,0,110,,False,False,False,False,,,0.0,0,0,0,0,0,0,0,0,0,0
C,중구,동광동3가,구급,교통사고,1,110,0.25,False,False,True,False,,0.0,0.00909090909090909,0,0,0,0,1,2,1,0,0,1
C,중구,동광동4가,구급,심정지,0,36,0.0,False,False,False,False,,,0.0,0,0,0,0,0,1,0,0,1,0
C,중구,동광동4가,화재,일반화재(주택),0,36,,False,False,False,False,,,0.0,0,0,0,0,0,0,0,0,0,0
C,중구,동광동4가,구조,산악사고,0,36,,False,False,False,False,,,0.0,0,0,0,0,0,0,0,0,0,0
C,중구,동광동4가,구조,수난사고,0,36,,False,False,False,False,,,0.0,0,0,0,0,0,0,0,0,0,0
C,중구,동광동4가,구급,교통사고,5,36,0.8333333333333334,False,False,False,False,1.2507987220447283,2.4976076555023923,0.1388888888888889,2,0,1,0,2,2,0,1,0,3
C,중구,동광동5가,구급,심정지,19,613,0.7037037037037037,True,True,False,False,0.750479233226837,1.2488038277511961,0.03099510603588907,2,3,8,2,4,4,3,9,6,5
C,중구,동광동5가,화재,일반화재(주택),2,613,0.6666666666666666,False,False,False,False,0.0,,0.0032626427406199023,0,0,1,1,0,0,0,1,1,1
C,중구,동광동5가,구조,산악사고,0,613,,False,False,False,False,,,0.0,0,0,0,0,0,0,0,0,0,0
C,중구,동광동5가,구조,수난사고,0,613,,False,False,False,False,,,0.0,0,0,0,0,0,0,0,0,0,0
C,중구,동광동5가,구급,교통사고,10,613,0.7692307692307693,True,True,False,False,0.8338658146964857,0.4995215311004785,0.01631321370309951,1,2,1,5,1,1,2,2,5,3
C,중구,보수동1가,구급,심정지,31,1316,0.6595744680851063,True,True,False,False,2.0012779552715654,1.1100478468899522,0.023556231003039513,4,6,8,4,9,5,9,13,8,12
C,중구,보수동1가,화재,일반화재(주택),12,1316,0.631578947368421,True,False,False,False,0.2779552715654952,0.0,0.00911854103343465,4,5,1,2,0,5,7,2,4,1
C,중구,보수동1가,구조,산악사고,0,1316,,False,False,False,False,,,0.0,0,0,0,0,0,0,0,0,0,0
C,중구,보수동1가,구조,수난사고,0,1316,,False,False,False,False,,,0.0,0,0,0,0,0,0,0,0,0,0
C,중구,보수동1가,구급,교통사고,53,1316,0.6973684210526315,True,True,False,False,0.6253993610223642,1.1100478468899522,0.04027355623100304,19,9,12,8,5,23,12,16,13,12
C,중구,보수동2가,구급,심정지,11,558,0.7857142857142857,True,True,False,False,0.0,0.0,0.01971326164874552,2,1,3,3,2,2,1,4,3,4
C,중구,보수동2가,화재,일반화재(주택),1,558,0.3333333333333333,False,False,False,False,,,0.0017921146953405018,1,0,0,0,0,2,0,0,1,0
C,중구,보수동2가,구조,산악사고,0,558,,False,False,False,False,,,0.0,0,0,0,0,0,0,0,0,0,0
C,중구,보수동2가,구조,수난사고,0,558,,False,False,False,False,,,0.0,0,0,0,0,0,0,0,0,0,0
C,중구,보수동2가,구급,교통사고,27,558,0.7714285714285715,True,True,False,False,3.0575079872204474,3.3301435406698565,0.04838709677419355,3,10,7,2,5,5,12,7,4,7
C,중구,보수동3가,구급,심정지,9,414,0.6923076923076923,False,False,False,False,0.6253993610223642,0.8325358851674641,0.021739130434782608,2,0,3,1,3,2,0,5,2,4
C,중구,보수동3가,화재,일반화재(주택),1,414,1.0,False,False,False,False,,0.0,0.0024154589371980675,0,0,0,0,1,0,0,0,0,1
C,중구,보수동3가,구조,산악사고,0,414,,False,False,False,False,,,0.0,0,0,0,0,0,0,0,0,0,0
C,중구,보수동3가,구조,수난사고,0,414,,False,False,False,False,,,0.0,0,0,0,0,0,0,0,0,0,0
C,중구,보수동3가,구급,교통사고,21,414,0.5675675675675675,True,False,False,False,0.6253993610223643,2.4976076555023923,0.050724637681159424,0,12,3,2,4,3,13,7,5,9
C,중구,부평동1가,구급,심정지,14,652,0.6363636363636364,True,True,True,False,1.0721131903240528,2.4976076555023923,0.02147239263803681,4,2,4,2,2,5,2,4,5,6
C,중구,부평동1가,화재,일반화재(주택),4,652,0.6666666666666666,False,False,False,False,5.003194888178913,0.0,0.006134969325153374,0,0,3,1,0,1,1,3,1,0
C,중구,부평동1가,구조,산악사고,0,652,,False,False,False,False,,,0.0,0,0,0,0,0,0,0,0,0,0
C,중구,부평동1가,구조,수난사고,0,652,,False,False,False,False,,,0.0,0,0,0,0,0,0,0,0,0,0
C,중구,부평동1가,구급,교통사고,35,652,0.7777777777777778,True,True,False,False,1.8761980830670923,0.41626794258373206,0.05368098159509203,9,6,13,5,2,10,7,16,8,4
C,중구,부평동2가,구급,심정지,5,905,0.3333333333333333,False,False,False,False,,4.9952153110047846,0.0055248618784530384,1,0,1,1,2,2,0,4,5,4
C,중구,부평동2가,화재,일반화재(주택),10,905,0.7692307692307693,True,True,False,False,1.2507987220447283,0.8325358851674641,0.011049723756906077,1,3,2,1,3,1,4,2,1,5
C,중구,부평동2가,구조,산악사고,0,905,,False,False,False,False,,,0.0,0,0,0,0,0,0,0,0,0,0
C,중구,부평동2가,구조,수난사고,0,905,,False,False,False,False,,,0.0,0,0,0,0,0,0,0,0,0,0
C,중구,부평동2가,구급,교통사고,51,905,0.6144578313253012,True,True,False,False,0.5772917178667977,1.816441931274467,0.056353591160221,12,12,8,15,4,20,15,13,23,12
C,중구,부평동3가,구급,심정지,6,421,0.6,True,False,True,False,1.6677316293929714,0.0,0.014251781472684086,1,1,3,1,0,2,1,3,1,3
C,중구,부평동3가,화재,일반화재(주택),4,421,0.8,False,False,False,False,0.0,0.0,0.009501187648456057,0,1,1,1,1,0,2,1,1,1
C,중구,부평동3가,구조,산악사고,0,421,,False,False,False,False,,,0.0,0,0,0,0,0,0,0,0,0,0
C,중구,부평동3가,구조,수난사고,0,421,,False,False,False,False,,,0.0,0,0,0,0,0,0,0,0,0,0
C,중구,부평동3가,구급,교통사고,39,421,0.7358490566037735,True,True,False,False,1.7318751536003931,0.5352016404647983,0.09263657957244656,4,10,8,13,4,8,11,9,19,6
C,중구,부평동4가,구급,심정지,8,524,0.5714285714285714,True,True,False,False,2.5015974440894566,0.0,0.015267175572519083,1,1,2,3,1,4,1,3,4,2
C,중구,부평동4가,화재,일반화재(주택),1,524,0.5,False,False,False,False,0.0,,0.0019083969465648854,0,0,1,0,0,0,0,1,1,0
C,중구,부평동4가,구조,산악사고,0,524,,False,False,False,False,,,0.0,0,0,0,0,0,0,0,0,0,0
C,중구,부평동4가,구조,수난사고,0,524,,False,False,False,False,,,0.0,0,0,0,0,0,0,0,0,0,0
C,중구,부평동4가,구급,교통사고,20,524,0.5882352941176471,True,True,False,False,0.8338658146964857,2.4976076555023923,0.03816793893129771,6,4,6,2,2,6,10,7,7,4
C,중구,신창동1가,구급,심정지,2,164,1.0,False,False,False,False,0.0,0.0,0.012195121951219513,0,0,1,0,1,0,0,1,0,1
C,중구,신창동1가,화재,일반화재(주택),2,164,1.0,False,False,False,False,0.0,,0.012195121951219513,0,0,1,1,0,0,0,1,1,0
C,중구,신창동1가,구조,산악사고,0,164,,False,False,False,False,,,0.0,0,0,0,0,0,0,0,0,0,0
C,중구,신창동1가,구조,수난사고,0,164,,False,False,False,False,,,0.0,0,0,0,0,0,0,0,0,0,0
C,중구,신창동1가,구급,교통사고,5,164,0.8333333333333334,True,False,False,False,,1.2488038277511961,0.03048780487804878,0,1,1,1,2,1,1,1,1,2
C,중구,신창동2가,구급,심정지,1,68,1.0,False,False,False,False,,,0.014705882352941176,0,1,0,0,0,0,1,0,0,0
C,중구,신창동2가,화재,일반화재(주택),3,68,1.0,False,False,False,False,1.2507987220447283,,0.04411764705882353,1,0,2,0,0,1,0,2,0,0
C,중구,신창동2가,구조,산악사고,0,68,,False,False,False,False,,,0.0,0,0,0,0,0,0,0,0,0,0
C,중구,신창동2가,구조,수난사고,0,68,,False,False,False,False,,,0.0,0,0,0,0,0,0,0,0,0,0
C,중구,신창동2가,구급,교통사고,3,68,0.75,False,False,False,False,0.0,0.0,0.04411764705882353,0,1,0,0,2,0,1,0,1,2
C,중구,신창동3가,구급,심정지,0,40,,False,False,False,False,,,0.0,0,0,0,0,0,0,0,0,0,0
C,중구,신창동3가,화재,일반화재(주택),1,40,0.5,False,False,False,False,0.0,,0.025,1,0,0,0,0,1,0,1,0,0
C,중구,신창동3가,구조,산악사고,0,40,,False,False,False,False,,,0.0,0,0,0,0,0,0,0,0,0,0
C,중구,신창동3가,구조,수난사고,0,40,,False,False,False,False,,,0.0,0,0,0,0,0,0,0,0,0,0
C,중구,신창동3가,구급,교통사고,4,40,1.0,False,False,False,False,0.0,1.2488038277511961,0.1,0,0,1,1,2,0,0,1,1,2
C,중구,신창동4가,구급,심정지,1,111,1.0,False,False,False,False,,0.0,0.009009009009009009,0,0,0,0,1,0,0,0,0,1
C,중구,신창동4가,화재,일반화재(주택),0,111,,False,False,False,False,,,0.0,0,0,0,0,0,0,0,0,0,0
C,중구,신창동4가,구조,산악사고,0,111,,False,False,False,False,,,0.0,0,0,0,0,0,0,0,0,0,0
C,중구,신창동4가,구조,수난사고,0,111,,False,False,False,False,,,0.0,0,0,0,0,0,0,0,0,0,0
C,중구,신창동4가,구급,교통사고,13,111,0.6842105263157895,True,True,False,False,0.41693290734824284,0.0,0.11711711711711711,2,1,4,3,3,3,1,5,6,4
C,중구,영주동,구급,심정지,64,1800,0.5871559633027523,True,True,False,False,1.6677316293929711,0.7946933449325794,0.035555555555555556,16,7,12,12,17,20,17,22,23,27
C,중구,영주동,화재,일반화재(주택),14,1800,0.8235294117647058,True,False,False,False,0.3126996805111821,1.6650717703349283,0.0077777777777777776,0,5,4,2,3,2,6,4,2,3
C,중구,영주동,구조,산악사고,0,1800,0.0,False,False,False,False,,,0.0,0,0,0,0,0,0,1,0,0,0
C,중구,영주동,구조,수난사고,0,1800,0.0,False,False,False,False,,,0.0,0,0,0,0,0,0,1,0,0,0
C,중구,영주동,구급,교통사고,61,1800,0.4728682170542636,True,True,False,False,0.7055787662816417,1.4272043745727956,0.03388888888888889,19,14,17,4,7,37,28,33,12,19
C,중구,중앙동1가,구급,심정지,1,95,0.5,False,False,False,False,,0.0,0.010526315789473684,0,0,0,1,0,0,1,0,1,0
C,중구,중앙동1가,화재,일반화재(주택),0,95,,False,False,False,False,,,0.0,0,0,0,0,0,0,0,0,0,0
C,중구,중앙동1가,구조,산악사고,0,95,,False,False,False,False,,,0.0,0,0,0,0,0,0,0,0,0,0
C,중구,중앙동1가,구조,수난사고,0,95,,False,False,False,False,,,0.0,0,0,0,0,0,0,0,0,0,0
C,중구,중앙동1가,구급,교통사고,1,95,0.5,False,False,False,False,,0.0,0.010526315789473684,0,0,0,1,0,0,0,1,1,0
C,중구,중앙동2가,구급,심정지,2,152,0.4,False,False,False,False,0.0,,0.013157894736842105,0,1,1,0,0,0,1,2,1,1
C,중구,중앙동2가,화재,일반화재(주택),2,152,0.6666666666666666,False,False,False,False,2.5015974440894566,,0.013157894736842105,1,1,0,0,0,1,1,1,0,0
C,중구,중앙동2가,구조,산악사고,0,152,,False,False,False,False,,,0.0,0,0,0,0,0,0,0,0,0,0
C,중구,중앙동2가,구조,수난사고,0,152,,False,False,False,False,,,0.0,0,0,0,0,0,0,0,0,0,0
C,중구,중앙동2가,구급,교통사고,4,152,0.3076923076923077,True,False,False,False,0.0,0.0,0.02631578947368421,1,2,0,1,0,3,2,1,5,2
C,중구,중앙동3가,구급,심정지,0,97,,False,False,False,False,,,0.0,0,0,0,0,0,0,0,0,0,0
C,중구,중앙동3가,화재,일반화재(주택),0,97,,False,False,False,False,,,0.0,0,0,0,0,0,0,0,0,0,0
C,중구,중앙동3가,구조,산악사고,0,97,,False,False,False,False,,,0.0,0,0,0,0,0,0,0,0,0,0
C,중구,중앙동3가,구조,수난사고,0,97,,False,False,False,False,,,0.0,0,0,0,0,0,0,0,0,0,0
C,중구,중앙동3가,구급,교통사고,3,97,0.375,False,False,False,False,0.0,0.0,0.030927835051546393,1,0,1,1,0,3,1,2,2,0
C,중구,중앙동4가,구급,심정지,17,929,0.7727272727272727,True,True,True,False,0.6253993610223642,0.0,0.01829924650161464,4,2,4,2,5,6,2,5,4,5
C,중구,중앙동4가,화재,일반화재(주택),4,929,0.5,False,False,True,False,2.5015974440894566,0.0,0.004305705059203444,1,0,1,0,2,4,0,1,1,2
C,중구,중앙동4가,구조,산악사고,0,929,,False,False,False,False,,,0.0,0,0,0,0,0,0,0,0,0,0
C,중구,중앙동4가,구조,수난사고,2,929,0.4,False,False,False,False,,0.0,0.002152852529601722,0,0,0,1,1,0,0,1,2,2
C,중구,중앙동4가,구급,교통사고,70,929,0.5555555555555556,True,True,True,False,0.5628594249201277,0.7805023923444977,0.07534983853606028,11,17,21,12,9,22,25,30,21,28
C,중구,중앙동5가,구급,심정지,3,147,0.75,False,False,False,False,2.5015974440894566,0.0,0.02040816326530612,0,0,2,1,0,1,0,2,1,0
C,중구,중앙동5가,화재,일반화재(주택),0,147,,False,False,False,False,,,0.0,0,0,0,0,0,0,0,0,0,0
C,중구,중앙동5가,구조,산악사고,0,147,,False,False,False,False,,,0.0,0,0,0,0,0,0,0,0,0,0
C,중구,중앙동5가,구조,수난사고,1,147,1.0,False,False,False,False,0.0,,0.006802721088435374,0,0,1,0,0,0,0,1,0,0
C,중구,중앙동5가,구급,교통사고,16,147,0.48484848484848486,True,True,True,False,1.429484253765404,0.6244019138755981,0.10884353741496598,4,2,5,4,1,7,4,8,6,8
C,중구,중앙동6가,구급,심정지,1,231,0.2,False,False,False,False,,0.0,0.004329004329004329,0,0,0,1,0,0,1,1,1,2
C,중구,중앙동6가,화재,일반화재(주택),0,231,0.0,False,False,False,False,,,0.0,0,0,0,0,0,0,0,0,0,1
C,중구,중앙동6가,구조,산악사고,0,231,,False,False,False,False,,,0.0,0,0,0,0,0,0,0,0,0,0
C,중구,중앙동6가,구조,수난사고,0,231,,False,False,False,False,,,0.0,0,0,0,0,0,0,0,0,0,0
C,중구,중앙동6가,구급,교통사고,24,231,0.631578947368421,True,True,True,False,0.16677316293929714,1.4985645933014355,0.1038961038961039,3,3,10,4,4,6,5,15,8,4
C,중구,중앙동7가,구급,심정지,0,201,,False,False,False,False,,,0.0,0,0,0,0,0,0,0,0,0,0
C,중구,중앙동7가,화재,일반화재(주택),0,201,,False,False,False,False,,,0.0,0,0,0,0,0,0,0,0,0,0
C,중구,중앙동7가,구조,산악사고,0,201,,False,False,False,False,,,0.0,0,0,0,0,0,0,0,0,0,0
C,중구,중앙동7가,구조,수난사고,9,201,0.42857142857142855,True,False,False,False,0.8338658146964857,1.6650717703349283,0.04477611940298507,3,1,0,4,1,5,5,4,4,3
C,중구,중앙동7가,구급,교통사고,5,201,0.5555555555555556,False,False,False,False,0.0,1.2488038277511961,0.024875621890547265,1,0,1,1,2,2,0,2,3,2
C,중구,창선동1가,구급,심정지,0,118,,False,False,False,False,,,0.0,0,0,0,0,0,0,0,0,0,0
C,중구,창선동1가,화재,일반화재(주택),0,118,,False,False,False,False,,,0.0,0,0,0,0,0,0,0,0,0,0
C,중구,창선동1가,구조,산악사고,0,118,,False,False,False,False,,,0.0,0,0,0,0,0,0,0,0,0,0
C,중구,창선동1가,구조,수난사고,0,118,,False,False,False,False,,,0.0,0,0,0,0,0,0,0,0,0,0
C,중구,창선동1가,구급,교통사고,3,118,0.75,False,False,False,False,0.0,,0.025423728813559324,1,1,0,0,1,1,1,0,0,2
C,중구,창선동2가,구급,심정지,1,86,0.3333333333333333,False,False,False,False,0.0,,0.011627906976744186,0,0,1,0,0,1,0,2,0,0
C,중구,창선동2가,화재,일반화재(주택),0,86,,False,False,False,False,,,0.0,0,0,0,0,0,0,0,0,0,0
C,중구,창선동2가,구조,산악사고,0,86,,False,False,False,False,,,0.0,0,0,0,0,0,0,0,0,0,0
C,중구,창선동2가,구조,수난사고,0,86,,False,False,False,False,,,0.0,0,0,0,0,0,0,0,0,0,0
C,중구,창선동2가,구급,교통사고,8,86,0.6666666666666666,True,True,False,False,0.0,1.2488038277511961,0.09302325581395349,2,2,1,2,1,3,2,3,3,1
C,해운대구,반송동,구급,심정지,232,8565,0.6089238845144357,True,True,False,False,0.7833284925936682,0.6091725989030226,0.027086981903093988,30,41,59,44,58,55,66,92,74,94
C,해운대구,반송동,화재,일반화재(주택),40,8565,0.625,True,True,False,False,0.8338658146964856,2.4976076555023923,0.004670169293636894,10,8,6,9,7,14,13,14,15,8
C,해운대구,반송동,구조,산악사고,18,8565,0.5454545454545454,True,True,False,False,3.3354632587859427,2.4976076555023923,0.0021015761821366026,5,4,5,3,1,8,8,11,3,3
C,해운대구,반송동,구조,수난사고,0,8565,0.0,False,False,False,False,,,0.0,0,0,0,0,0,1,0,1,0,0
C,해운대구,반송동,구급,교통사고,154,8565,0.5746268656716418,True,True,False,False,0.8338658146964856,1.417561101771628,0.017980151780502045,33,26,37,31,27,54,52,60,55,47
C,해운대구,반여동,구급,심정지,239,9154,0.5623529411764706,True,True,False,False,0.7286206147833368,0.9858977587509443,0.026108804894035394,30,47,56,44,62,61,89,87,91,97
C,해운대구,반여동,화재,일반화재(주택),38,9154,0.59375,True,True,False,False,0.4002555910543131,0.0,0.004151190736290146,12,10,7,5,4,17,15,13,10,9
C,해운대구,반여동,구조,산악사고,38,9154,0.4935064935064935,True,True,False,False,3.1838512924774904,0.7492822966507178,0.004151190736290146,6,6,13,3,10,13,18,23,7,16
C,해운대구,반여동,구조,수난사고,3,9154,0.375,False,False,False,False,1.2507987220447283,,0.00032772558444395895,2,1,0,0,0,3,2,1,0,2
C,해운대구,반여동,구급,교통사고,299,9154,0.5292035398230088,True,True,False,False,1.0471803254327958,0.7577011988602764,0.032663316582914576,73,57,53,63,53,122,102,122,106,113
C,해운대구,석대동,구급,심정지,8,405,0.8,False,False,False,False,0.0,0.0,0.019753086419753086,2,0,2,2,2,2,0,3,2,3
C,해운대구,석대동,화재,일반화재(주택),1,405,0.25,False,False,False,False,,0.0,0.0024691358024691358,0,0,0,0,1,1,1,1,0,1
C,해운대구,석대동,구조,산악사고,0,405,,False,False,False,False,,,0.0,0,0,0,0,0,0,0,0,0,0
C,해운대구,석대동,구조,수난사고,0,405,,False,False,False,False,,,0.0,0,0,0,0,0,0,0,0,0,0
C,해운대구,석대동,구급,교통사고,56,405,0.48695652173913045,True,True,True,False,0.347444089456869,0.3842473316157527,0.1382716049382716,16,15,10,9,6,21,27,23,22,22
C,해운대구,송정동,구급,심정지,71,3799,0.7634408602150538,True,True,False,False,1.0351437699680512,0.3842473316157527,0.018689128718083706,9,10,22,15,15,11,12,28,19,23
C,해운대구,송정동,화재,일반화재(주택),10,3799,0.7692307692307693,True,False,False,False,0.0,0.41626794258373206,0.0026322716504343247,0,1,2,5,2,2,1,3,5,2
C,해운대구,송정동,구조,산악사고,4,3799,0.6666666666666666,False,False,False,False,2.5015974440894566,,0.0010529086601737299,1,0,3,0,0,2,1,3,0,0
C,해운대구,송정동,구조,수난사고,38,3799,0.16964285714285715,True,True,False,False,3.3354632587859427,1.0704032809295967,0.010002632271650434,9,10,9,5,5,22,152,14,18,18
C,해운대구,송정동,구급,교통사고,157,3799,0.7405660377358491,True,True,False,False,1.1772223266303325,1.2488038277511961,0.0413266649118189,36,37,27,30,27,45,48,45,39,35
C,해운대구,우동,구급,심정지,196,12427,0.5414364640883977,True,True,False,False,0.9216411636119052,0.9319431550382061,0.01577210911724471,34,30,40,46,46,52,65,80,78,87
C,해운대구,우동,화재,일반화재(주택),34,12427,0.6181818181818182,True,True,False,False,0.6253993610223642,0.41626794258373206,0.0027359781121751026,6,4,10,7,7,11,7,14,11,12
C,해운대구,우동,구조,산악사고,55,12427,0.46218487394957986,True,True,False,False,1.7511182108626195,1.2488038277511961,0.0044258469461656074,10,9,15,12,9,24,23,29,21,22
C,해운대구,우동,구조,수난사고,57,12427,0.296875,True,True,False,False,1.3645076967760674,1.3320574162679426,0.004586786835117084,14,10,10,9,14,26,68,35,33,30
C,해운대구,우동,구급,교통사고,615,12427,0.5032733224222586,True,True,True,False,0.9534060189012267,0.9366028708133972,0.04948901585257906,129,130,136,111,109,236,251,265,228,242
C,해운대구,재송동,구급,심정지,147,7157,0.550561797752809,True,True,False,False,0.887663609193033,0.8502494146391123,0.02053933212239765,23,28,33,29,34,44,52,63,52,56
C,해운대구,재송동,화재,일반화재(주택),22,7157,0.5789473684210527,True,True,False,False,1.1118210862619808,1.998086124401914,0.003073913650971077,5,2,6,6,3,9,7,8,8,6
C,해운대구,재송동,구조,산악사고,14,7157,0.5185185185185185,True,True,True,False,2.5015974440894566,2.4976076555023923,0.0019561268687997764,2,5,3,3,1,4,7,5,6,5
C,해운대구,재송동,구조,수난사고,5,7157,0.35714285714285715,False,False,False,False,0.0,0.8325358851674641,0.000698616738857063,0,0,1,3,1,0,3,2,4,5
C,해운대구,재송동,구급,교통사고,314,7157,0.5242070116861436,True,True,False,False,0.750479233226837,0.8965771071034229,0.043873131200223556,69,65,74,65,41,135,111,145,100,108
C,해운대구,좌동,구급,심정지,225,10097,0.5514705882352942,True,True,False,False,1.2202914361411983,0.9787921893185051,0.022283846687134793,29,37,56,49,54,50,62,97,89,110
C,해운대구,좌동,화재,일반화재(주택),9,10097,0.6,True,False,False,False,1.2507987220447283,1.2488038277511961,0.0008913538674853917,4,2,0,1,2,7,3,1,1,3
C,해운대구,좌동,구조,산악사고,34,10097,0.4533333333333333,True,True,True,False,6.6709265175718855,0.4995215311004785,0.003367336832722591,6,10,6,4,8,15,18,15,14,13
C,해운대구,좌동,구조,수난사고,0,10097,0.0,False,False,False,False,,,0.0,0,0,0,0,0,1,0,1,0,0
C,해운대구,좌동,구급,교통사고,362,10097,0.5629860031104199,True,True,False,False,0.9254464533047702,0.7887182070007555,0.03585223333663464,86,77,74,70,55,146,135,145,114,103
C,해운대구,중동,구급,심정지,147,7193,0.550561797752809,True,True,True,False,1.1297536844274965,0.8131745855124068,0.02043653552064507,21,37,32,38,19,36,61,57,62,51
C,해운대구,중동,화재,일반화재(주택),28,7193,0.7,True,True,False,False,1.2507987220447285,2.4976076555023927,0.0038926734325038233,9,5,4,8,2,12,8,7,9,4
C,해운대구,중동,구조,산악사고,0,7193,0.0,False,False,False,False,,,0.0,0,0,0,0,0,0,0,1,2,1
C,해운대구,중동,구조,수난사고,55,7193,0.24336283185840707,True,True,False,False,1.7198482428115014,1.38755980861244,0.007646322813846795,9,10,8,17,11,28,108,21,35,34
C,해운대구,중동,구급,교통사고,248,7193,0.5134575569358178,True,True,False,False,1.2267449004669453,0.8687330975660496,0.03447796468789101,48,50,57,60,33,94,90,106,111,82
