district,rawDong,candidateCode,candidateName,year,age,ageLabel,count,share
연제구,연산동,2647065000,연산제1동,2020,0,0,84,0.005107314403842646
연제구,연산동,2647065000,연산제1동,2020,1,1,93,0.005654526661397216
연제구,연산동,2647065000,연산제1동,2020,2,2,118,0.007174560710159907
연제구,연산동,2647065000,연산제1동,2020,3,3,110,0.006688149814555846
연제구,연산동,2647065000,연산제1동,2020,4,4,145,0.008816197482823616
연제구,연산동,2647065000,연산제1동,2020,5,5,149,0.009059402930625645
연제구,연산동,2647065000,연산제1동,2020,6,6,145,0.008816197482823616
연제구,연산동,2647065000,연산제1동,2020,7,7,129,0.007843375691615492
연제구,연산동,2647065000,연산제1동,2020,8,8,146,0.008876998844774123
연제구,연산동,2647065000,연산제1동,2020,9,9,111,0.006748951176506353
연제구,연산동,2647065000,연산제1동,2020,10,10,139,0.008451389311120569
연제구,연산동,2647065000,연산제1동,2020,11,11,109,0.0066273484526053385
연제구,연산동,2647065000,연산제1동,2020,12,12,135,0.008208183863318539
연제구,연산동,2647065000,연산제1동,2020,13,13,125,0.0076001702438134615
연제구,연산동,2647065000,연산제1동,2020,14,14,145,0.008816197482823616
연제구,연산동,2647065000,연산제1동,2020,15,15,90,0.005472122575545692
연제구,연산동,2647065000,연산제1동,2020,16,16,133,0.008086581139417523
연제구,연산동,2647065000,연산제1동,2020,17,17,134,0.00814738250136803
연제구,연산동,2647065000,연산제1동,2020,18,18,120,0.007296163434060923
연제구,연산동,2647065000,연산제1동,2020,19,19,124,0.007539368881862954
연제구,연산동,2647065000,연산제1동,2020,20,20,154,0.009363409740378184
연제구,연산동,2647065000,연산제1동,2020,21,21,147,0.008937800206724631
연제구,연산동,2647065000,연산제1동,2020,22,22,168,0.010214628807685292
연제구,연산동,2647065000,연산제1동,2020,23,23,169,0.0102754301696358
연제구,연산동,2647065000,연산제1동,2020,24,24,196,0.011917066942299508
연제구,연산동,2647065000,연산제1동,2020,25,25,218,0.013254696905210677
연제구,연산동,2647065000,연산제1동,2020,26,26,212,0.01288988873350763
연제구,연산동,2647065000,연산제1동,2020,27,27,188,0.011430656046695445
연제구,연산동,2647065000,연산제1동,2020,28,28,205,0.012464279199854076
연제구,연산동,2647065000,연산제1동,2020,29,29,224,0.013619505076913722
연제구,연산동,2647065000,연산제1동,2020,30,30,185,0.011248251960843923
연제구,연산동,2647065000,연산제1동,2020,31,31,185,0.011248251960843923
연제구,연산동,2647065000,연산제1동,2020,32,32,195,0.011856265580349
연제구,연산동,2647065000,연산제1동,2020,33,33,159,0.009667416550130722
연제구,연산동,2647065000,연산제1동,2020,34,34,213,0.012950690095458139
연제구,연산동,2647065000,연산제1동,2020,35,35,214,0.013011491457408646
연제구,연산동,2647065000,연산제1동,2020,36,36,210,0.012768286009606614
연제구,연산동,2647065000,연산제1동,2020,37,37,221,0.0134371009910622
연제구,연산동,2647065000,연산제1동,2020,38,38,262,0.015929956831033015
연제구,연산동,2647065000,연산제1동,2020,39,39,305,0.018544415394904847
연제구,연산동,2647065000,연산제1동,2020,40,40,303,0.01842281267100383
연제구,연산동,2647065000,연산제1동,2020,41,41,268,0.01629476500273606
연제구,연산동,2647065000,연산제1동,2020,42,42,226,0.013741107800814738
연제구,연산동,2647065000,연산제1동,2020,43,43,242,0.014713929592022862
연제구,연산동,2647065000,연산제1동,2020,44,44,205,0.012464279199854076
연제구,연산동,2647065000,연산제1동,2020,45,45,237,0.014409922782270324
연제구,연산동,2647065000,연산제1동,2020,46,46,241,0.014653128230072353
연제구,연산동,2647065000,연산제1동,2020,47,47,254,0.015443545935428954
연제구,연산동,2647065000,연산제1동,2020,48,48,270,0.016416367726637078
연제구,연산동,2647065000,연산제1동,2020,49,49,235,0.014288320058369308
연제구,연산동,2647065000,연산제1동,2020,50,50,234,0.014227518696418799
연제구,연산동,2647065000,연산제1동,2020,51,51,261,0.01586915546908251
연제구,연산동,2647065000,연산제1동,2020,52,52,285,0.017328388155894693
연제구,연산동,2647065000,연산제1동,2020,53,53,236,0.014349121420319815
연제구,연산동,2647065000,연산제1동,2020,54,54,235,0.014288320058369308
연제구,연산동,2647065000,연산제1동,2020,55,55,283,0.017206785431993676
연제구,연산동,2647065000,연산제1동,2020,56,56,278,0.016902778622241137
연제구,연산동,2647065000,연산제1동,2020,57,57,230,0.01398431324861677
연제구,연산동,2647065000,연산제1동,2020,58,58,316,0.01921323037636043
연제구,연산동,2647065000,연산제1동,2020,59,59,301,0.018301209947102815
연제구,연산동,2647065000,연산제1동,2020,60,60,352,0.021402079406578706
연제구,연산동,2647065000,연산제1동,2020,61,61,313,0.019030826290508906
연제구,연산동,2647065000,연산제1동,2020,62,62,292,0.017753997689548245
연제구,연산동,2647065000,연산제1동,2020,63,63,331,0.020125250805618045
연제구,연산동,2647065000,연산제1동,2020,64,64,268,0.01629476500273606
연제구,연산동,2647065000,연산제1동,2020,65,65,282,0.01714598407004317
연제구,연산동,2647065000,연산제1동,2020,66,66,283,0.017206785431993676
연제구,연산동,2647065000,연산제1동,2020,67,67,197,0.011977868304250015
연제구,연산동,2647065000,연산제1동,2020,68,68,270,0.016416367726637078
연제구,연산동,2647065000,연산제1동,2020,69,69,178,0.010822642427190369
연제구,연산동,2647065000,연산제1동,2020,70,70,207,0.012585881923755092
연제구,연산동,2647065000,연산제1동,2020,71,71,197,0.011977868304250015
연제구,연산동,2647065000,연산제1동,2020,72,72,185,0.011248251960843923
연제구,연산동,2647065000,연산제1동,2020,73,73,193,0.011734662856447984
연제구,연산동,2647065000,연산제1동,2020,74,74,123,0.007478567519912446
연제구,연산동,2647065000,연산제1동,2020,75,75,105,0.006384143004803307
연제구,연산동,2647065000,연산제1동,2020,76,76,122,0.007417766157961938
연제구,연산동,2647065000,연산제1동,2020,77,77,103,0.006262540280902292
연제구,연산동,2647065000,연산제1동,2020,78,78,134,0.00814738250136803
연제구,연산동,2647065000,연산제1동,2020,79,79,98,0.005958533471149754
연제구,연산동,2647065000,연산제1동,2020,80,80,77,0.004681704870189092
연제구,연산동,2647065000,연산제1동,2020,81,81,93,0.005654526661397216
연제구,연산동,2647065000,연산제1동,2020,82,82,74,0.004499300784337569
연제구,연산동,2647065000,연산제1동,2020,83,83,60,0.0036480817170304615
연제구,연산동,2647065000,연산제1동,2020,84,84,56,0.0034048762692284306
연제구,연산동,2647065000,연산제1동,2020,85,85,38,0.0023104517541192924
연제구,연산동,2647065000,연산제1동,2020,86,86,36,0.0021888490302182768
연제구,연산동,2647065000,연산제1동,2020,87,87,21,0.0012768286009606615
연제구,연산동,2647065000,연산제1동,2020,88,88,31,0.0018848422204657384
연제구,연산동,2647065000,연산제1동,2020,89,89,21,0.0012768286009606615
연제구,연산동,2647065000,연산제1동,2020,90,90,9,0.0005472122575545692
연제구,연산동,2647065000,연산제1동,2020,91,91,11,0.0006688149814555846
연제구,연산동,2647065000,연산제1동,2020,92,92,9,0.0005472122575545692
연제구,연산동,2647065000,연산제1동,2020,93,93,2,0.00012160272390101538
연제구,연산동,2647065000,연산제1동,2020,94,94,1,6.080136195050769e-05
연제구,연산동,2647065000,연산제1동,2020,95,95,4,0.00024320544780203075
연제구,연산동,2647065000,연산제1동,2020,96,96,3,0.00018240408585152307
연제구,연산동,2647065000,연산제1동,2020,97,97,3,0.00018240408585152307
연제구,연산동,2647065000,연산제1동,2020,98,98,3,0.00018240408585152307
연제구,연산동,2647065000,연산제1동,2020,99,99,0,0.0
연제구,연산동,2647065000,연산제1동,2020,100,100세 이상,8,0.0004864108956040615
연제구,연산동,2647065000,연산제1동,2021,0,0,81,0.004828614008941878
연제구,연산동,2647065000,연산제1동,2021,1,1,102,0.006080476900149031
연제구,연산동,2647065000,연산제1동,2021,2,2,104,0.0061997019374068554
연제구,연산동,2647065000,연산제1동,2021,3,3,120,0.007153502235469449
연제구,연산동,2647065000,연산제1동,2021,4,4,128,0.007630402384500745
연제구,연산동,2647065000,연산제1동,2021,5,5,138,0.008226527570789866
연제구,연산동,2647065000,연산제1동,2021,6,6,139,0.008286140089418779
연제구,연산동,2647065000,연산제1동,2021,7,7,151,0.009001490312965724
연제구,연산동,2647065000,연산제1동,2021,8,8,136,0.008107302533532042
연제구,연산동,2647065000,연산제1동,2021,9,9,148,0.008822652757078987
연제구,연산동,2647065000,연산제1동,2021,10,10,109,0.006497764530551416
연제구,연산동,2647065000,연산제1동,2021,11,11,144,0.008584202682563338
연제구,연산동,2647065000,연산제1동,2021,12,12,107,0.006378539493293592
연제구,연산동,2647065000,연산제1동,2021,13,13,146,0.008703427719821162
연제구,연산동,2647065000,연산제1동,2021,14,14,133,0.007928464977645306
연제구,연산동,2647065000,연산제1동,2021,15,15,147,0.008763040238450075
연제구,연산동,2647065000,연산제1동,2021,16,16,91,0.0054247391952309985
연제구,연산동,2647065000,연산제1동,2021,17,17,136,0.008107302533532042
연제구,연산동,2647065000,연산제1동,2021,18,18,139,0.008286140089418779
연제구,연산동,2647065000,연산제1동,2021,19,19,113,0.006736214605067064
연제구,연산동,2647065000,연산제1동,2021,20,20,125,0.007451564828614009
연제구,연산동,2647065000,연산제1동,2021,21,21,165,0.009836065573770493
연제구,연산동,2647065000,연산제1동,2021,22,22,151,0.009001490312965724
연제구,연산동,2647065000,연산제1동,2021,23,23,163,0.009716840536512669
연제구,연산동,2647065000,연산제1동,2021,24,24,166,0.009895678092399404
연제구,연산동,2647065000,연산제1동,2021,25,25,201,0.011982116244411327
연제구,연산동,2647065000,연산제1동,2021,26,26,211,0.012578241430700448
연제구,연산동,2647065000,연산제1동,2021,27,27,220,0.013114754098360656
연제구,연산동,2647065000,연산제1동,2021,28,28,174,0.0103725782414307
연제구,연산동,2647065000,연산제1동,2021,29,29,198,0.01180327868852459
연제구,연산동,2647065000,연산제1동,2021,30,30,224,0.013353204172876304
연제구,연산동,2647065000,연산제1동,2021,31,31,195,0.011624441132637855
연제구,연산동,2647065000,연산제1동,2021,32,32,212,0.01263785394932936
연제구,연산동,2647065000,연산제1동,2021,33,33,207,0.0123397913561848
연제구,연산동,2647065000,연산제1동,2021,34,34,180,0.010730253353204173
연제구,연산동,2647065000,연산제1동,2021,35,35,232,0.0138301043219076
연제구,연산동,2647065000,연산제1동,2021,36,36,223,0.013293591654247393
연제구,연산동,2647065000,연산제1동,2021,37,37,221,0.013174366616989569
연제구,연산동,2647065000,연산제1동,2021,38,38,241,0.01436661698956781
연제구,연산동,2647065000,연산제1동,2021,39,39,263,0.015678092399403876
연제구,연산동,2647065000,연산제1동,2021,40,40,302,0.018002980625931447
연제구,연산동,2647065000,연산제1동,2021,41,41,287,0.017108792846497765
연제구,연산동,2647065000,연산제1동,2021,42,42,264,0.015737704918032787
연제구,연산동,2647065000,연산제1동,2021,43,43,228,0.013591654247391952
연제구,연산동,2647065000,연산제1동,2021,44,44,252,0.015022354694485842
연제구,연산동,2647065000,연산제1동,2021,45,45,206,0.012280178837555887
연제구,연산동,2647065000,연산제1동,2021,46,46,238,0.014187779433681073
연제구,연산동,2647065000,연산제1동,2021,47,47,249,0.014843517138599107
연제구,연산동,2647065000,연산제1동,2021,48,48,258,0.015380029806259314
연제구,연산동,2647065000,연산제1동,2021,49,49,274,0.01633383010432191
연제구,연산동,2647065000,연산제1동,2021,50,50,236,0.014068554396423249
연제구,연산동,2647065000,연산제1동,2021,51,51,244,0.014545454545454545
연제구,연산동,2647065000,연산제1동,2021,52,52,268,0.015976154992548435
연제구,연산동,2647065000,연산제1동,2021,53,53,287,0.017108792846497765
연제구,연산동,2647065000,연산제1동,2021,54,54,252,0.015022354694485842
연제구,연산동,2647065000,연산제1동,2021,55,55,248,0.014783904619970194
연제구,연산동,2647065000,연산제1동,2021,56,56,281,0.01675111773472429
연제구,연산동,2647065000,연산제1동,2021,57,57,291,0.017347242921013414
연제구,연산동,2647065000,연산제1동,2021,58,58,260,0.015499254843517139
연제구,연산동,2647065000,연산제1동,2021,59,59,322,0.01919523099850969
연제구,연산동,2647065000,연산제1동,2021,60,60,324,0.01931445603576751
연제구,연산동,2647065000,연산제1동,2021,61,61,348,0.0207451564828614
연제구,연산동,2647065000,연산제1동,2021,62,62,315,0.018777943368107303
연제구,연산동,2647065000,연산제1동,2021,63,63,311,0.018539493293591655
연제구,연산동,2647065000,연산제1동,2021,64,64,336,0.020029806259314456
연제구,연산동,2647065000,연산제1동,2021,65,65,274,0.01633383010432191
연제구,연산동,2647065000,연산제1동,2021,66,66,283,0.016870342771982117
연제구,연산동,2647065000,연산제1동,2021,67,67,283,0.016870342771982117
연제구,연산동,2647065000,연산제1동,2021,68,68,195,0.011624441132637855
연제구,연산동,2647065000,연산제1동,2021,69,69,256,0.01526080476900149
연제구,연산동,2647065000,연산제1동,2021,70,70,176,0.010491803278688525
연제구,연산동,2647065000,연산제1동,2021,71,71,208,0.012399403874813711
연제구,연산동,2647065000,연산제1동,2021,72,72,192,0.011445603576751118
연제구,연산동,2647065000,연산제1동,2021,73,73,180,0.010730253353204173
연제구,연산동,2647065000,연산제1동,2021,74,74,184,0.010968703427719821
연제구,연산동,2647065000,연산제1동,2021,75,75,120,0.007153502235469449
연제구,연산동,2647065000,연산제1동,2021,76,76,98,0.005842026825633383
연제구,연산동,2647065000,연산제1동,2021,77,77,118,0.0070342771982116244
연제구,연산동,2647065000,연산제1동,2021,78,78,100,0.005961251862891207
연제구,연산동,2647065000,연산제1동,2021,79,79,132,0.007868852459016393
연제구,연산동,2647065000,연산제1동,2021,80,80,91,0.0054247391952309985
연제구,연산동,2647065000,연산제1동,2021,81,81,71,0.004232488822652757
연제구,연산동,2647065000,연산제1동,2021,82,82,93,0.005543964232488823
연제구,연산동,2647065000,연산제1동,2021,83,83,67,0.003994038748137109
연제구,연산동,2647065000,연산제1동,2021,84,84,62,0.0036959761549925484
연제구,연산동,2647065000,연산제1동,2021,85,85,53,0.00315946348733234
연제구,연산동,2647065000,연산제1동,2021,86,86,36,0.0021460506706408346
연제구,연산동,2647065000,연산제1동,2021,87,87,29,0.00172876304023845
연제구,연산동,2647065000,연산제1동,2021,88,88,18,0.0010730253353204173
연제구,연산동,2647065000,연산제1동,2021,89,89,29,0.00172876304023845
연제구,연산동,2647065000,연산제1동,2021,90,90,16,0.0009538002980625931
연제구,연산동,2647065000,연산제1동,2021,91,91,7,0.0004172876304023845
연제구,연산동,2647065000,연산제1동,2021,92,92,11,0.0006557377049180328
연제구,연산동,2647065000,연산제1동,2021,93,93,10,0.0005961251862891207
연제구,연산동,2647065000,연산제1동,2021,94,94,5,0.00029806259314456036
연제구,연산동,2647065000,연산제1동,2021,95,95,1,5.961251862891207e-05
연제구,연산동,2647065000,연산제1동,2021,96,96,2,0.00011922503725782414
연제구,연산동,2647065000,연산제1동,2021,97,97,3,0.00017883755588673621
연제구,연산동,2647065000,연산제1동,2021,98,98,2,0.00011922503725782414
연제구,연산동,2647065000,연산제1동,2021,99,99,2,0.00011922503725782414
연제구,연산동,2647065000,연산제1동,2021,100,100세 이상,3,0.00017883755588673621
연제구,연산동,2647065000,연산제1동,2022,0,0,69,0.004187401383663066
연제구,연산동,2647065000,연산제1동,2022,1,1,87,0.005279766962009953
연제구,연산동,2647065000,연산제1동,2022,2,2,104,0.006311445563782012
연제구,연산동,2647065000,연산제1동,2022,3,3,103,0.006250758587207185
연제구,연산동,2647065000,연산제1동,2022,4,4,106,0.006432819516931666
연제구,연산동,2647065000,연산제1동,2022,5,5,118,0.007161063235829591
연제구,연산동,2647065000,연산제1동,2022,6,6,133,0.008071367884451997
연제구,연산동,2647065000,연산제1동,2022,7,7,138,0.008374802767326132
연제구,연산동,2647065000,연산제1동,2022,8,8,146,0.008860298579924748
연제구,연산동,2647065000,연산제1동,2022,9,9,139,0.008435489743900959
연제구,연산동,2647065000,연산제1동,2022,10,10,150,0.009103046486224056
연제구,연산동,2647065000,연산제1동,2022,11,11,117,0.007100376259254764
연제구,연산동,2647065000,연산제1동,2022,12,12,135,0.008192741837601651
연제구,연산동,2647065000,연산제1동,2022,13,13,111,0.006736254399805802
연제구,연산동,2647065000,연산제1동,2022,14,14,143,0.008678237650200267
연제구,연산동,2647065000,연산제1동,2022,15,15,131,0.007949993931302343
연제구,연산동,2647065000,연산제1동,2022,16,16,145,0.008799611603349921
연제구,연산동,2647065000,연산제1동,2022,17,17,94,0.005704575798033742
연제구,연산동,2647065000,연산제1동,2022,18,18,139,0.008435489743900959
연제구,연산동,2647065000,연산제1동,2022,19,19,133,0.008071367884451997
연제구,연산동,2647065000,연산제1동,2022,20,20,109,0.006614880446656148
연제구,연산동,2647065000,연산제1동,2022,21,21,130,0.007889306954727516
연제구,연산동,2647065000,연산제1동,2022,22,22,164,0.009952664158271635
연제구,연산동,2647065000,연산제1동,2022,23,23,141,0.008556863697050613
연제구,연산동,2647065000,연산제1동,2022,24,24,148,0.008981672533074402
연제구,연산동,2647065000,연산제1동,2022,25,25,174,0.010559533924019905
연제구,연산동,2647065000,연산제1동,2022,26,26,191,0.011591212525791966
연제구,연산동,2647065000,연산제1동,2022,27,27,187,0.011348464619492658
연제구,연산동,2647065000,연산제1동,2022,28,28,204,0.012380143221264716
연제구,연산동,2647065000,연산제1동,2022,29,29,185,0.011227090666343002
연제구,연산동,2647065000,연산제1동,2022,30,30,211,0.012804952057288505
연제구,연산동,2647065000,연산제1동,2022,31,31,217,0.013169073916737469
연제구,연산동,2647065000,연산제1동,2022,32,32,190,0.011530525549217139
연제구,연산동,2647065000,연산제1동,2022,33,33,216,0.013108386940162642
연제구,연산동,2647065000,연산제1동,2022,34,34,203,0.01231945624468989
연제구,연산동,2647065000,연산제1동,2022,35,35,186,0.01128777764291783
연제구,연산동,2647065000,연산제1동,2022,36,36,222,0.013472508799611604
연제구,연산동,2647065000,연산제1동,2022,37,37,221,0.013411821823036777
연제구,연산동,2647065000,연산제1동,2022,38,38,215,0.013047699963587815
연제구,연산동,2647065000,연산제1동,2022,39,39,239,0.014504187401383662
연제구,연산동,2647065000,연산제1동,2022,40,40,267,0.01620342274547882
연제구,연산동,2647065000,연산제1동,2022,41,41,292,0.017720597159849496
연제구,연산동,2647065000,연산제1동,2022,42,42,277,0.01681029251122709
연제구,연산동,2647065000,연산제1동,2022,43,43,263,0.01596067483917951
연제구,연산동,2647065000,연산제1동,2022,44,44,225,0.013654569729336085
연제구,연산동,2647065000,연산제1동,2022,45,45,257,0.01559655297973055
연제구,연산동,2647065000,연산제1동,2022,46,46,212,0.012865639033863332
연제구,연산동,2647065000,연산제1동,2022,47,47,235,0.014261439495084354
연제구,연산동,2647065000,연산제1동,2022,48,48,252,0.015293118096856415
연제구,연산동,2647065000,연산제1동,2022,49,49,251,0.015232431120281588
연제구,연산동,2647065000,연산제1동,2022,50,50,277,0.01681029251122709
연제구,연산동,2647065000,연산제1동,2022,51,51,228,0.013836630659060566
연제구,연산동,2647065000,연산제1동,2022,52,52,250,0.015171744143706761
연제구,연산동,2647065000,연산제1동,2022,53,53,265,0.016082048792329166
연제구,연산동,2647065000,연산제1동,2022,54,54,291,0.01765991018327467
연제구,연산동,2647065000,연산제1동,2022,55,55,243,0.014746935307682972
연제구,연산동,2647065000,연산제1동,2022,56,56,241,0.014625561354533316
연제구,연산동,2647065000,연산제1동,2022,57,57,279,0.016931666464376743
연제구,연산동,2647065000,연산제1동,2022,58,58,284,0.01723510134725088
연제구,연산동,2647065000,연산제1동,2022,59,59,256,0.015535866003155723
연제구,연산동,2647065000,연산제1동,2022,60,60,310,0.01881296273819638
연제구,연산동,2647065000,연산제1동,2022,61,61,319,0.019359145527369826
연제구,연산동,2647065000,연산제1동,2022,62,62,339,0.020572885058866366
연제구,연산동,2647065000,연산제1동,2022,63,63,296,0.017963345066148804
연제구,연산동,2647065000,연산제1동,2022,64,64,295,0.01790265808957398
연제구,연산동,2647065000,연산제1동,2022,65,65,326,0.019783954363393617
연제구,연산동,2647065000,연산제1동,2022,66,66,267,0.01620342274547882
연제구,연산동,2647065000,연산제1동,2022,67,67,281,0.017053040417526397
연제구,연산동,2647065000,연산제1동,2022,68,68,270,0.016385483675203302
연제구,연산동,2647065000,연산제1동,2022,69,69,183,0.011105716713193348
연제구,연산동,2647065000,연산제1동,2022,70,70,247,0.01498968321398228
연제구,연산동,2647065000,연산제1동,2022,71,71,178,0.010802281830319213
연제구,연산동,2647065000,연산제1동,2022,72,72,204,0.012380143221264716
연제구,연산동,2647065000,연산제1동,2022,73,73,187,0.011348464619492658
연제구,연산동,2647065000,연산제1동,2022,74,74,169,0.01025609904114577
연제구,연산동,2647065000,연산제1동,2022,75,75,176,0.010680907877169559
연제구,연산동,2647065000,연산제1동,2022,76,76,115,0.00697900230610511
연제구,연산동,2647065000,연산제1동,2022,77,77,96,0.005825949751183396
연제구,연산동,2647065000,연산제1동,2022,78,78,114,0.006918315329530283
연제구,연산동,2647065000,연산제1동,2022,79,79,96,0.005825949751183396
연제구,연산동,2647065000,연산제1동,2022,80,80,121,0.007343124165554072
연제구,연산동,2647065000,연산제1동,2022,81,81,90,0.0054618278917344335
연제구,연산동,2647065000,연산제1동,2022,82,82,60,0.0036412185944896223
연제구,연산동,2647065000,연산제1동,2022,83,83,84,0.005097706032285472
연제구,연산동,2647065000,연산제1동,2022,84,84,59,0.0035805316179147954
연제구,연산동,2647065000,연산제1동,2022,85,85,56,0.0033984706881903144
연제구,연산동,2647065000,연산제1동,2022,86,86,49,0.002973661852166525
연제구,연산동,2647065000,연산제1동,2022,87,87,37,0.0022454181332686005
연제구,연산동,2647065000,연산제1동,2022,88,88,29,0.0017599223206699842
연제구,연산동,2647065000,연산제1동,2022,89,89,15,0.0009103046486224056
연제구,연산동,2647065000,연산제1동,2022,90,90,22,0.0013351134846461949
연제구,연산동,2647065000,연산제1동,2022,91,91,14,0.0008496176720475786
연제구,연산동,2647065000,연산제1동,2022,92,92,7,0.0004248088360237893
연제구,연산동,2647065000,연산제1동,2022,93,93,7,0.0004248088360237893
연제구,연산동,2647065000,연산제1동,2022,94,94,10,0.0006068697657482705
연제구,연산동,2647065000,연산제1동,2022,95,95,1,6.068697657482704e-05
연제구,연산동,2647065000,연산제1동,2022,96,96,2,0.00012137395314965408
연제구,연산동,2647065000,연산제1동,2022,97,97,2,0.00012137395314965408
연제구,연산동,2647065000,연산제1동,2022,98,98,1,6.068697657482704e-05
연제구,연산동,2647065000,연산제1동,2022,99,99,2,0.00012137395314965408
연제구,연산동,2647065000,연산제1동,2022,100,100세 이상,3,0.00018206092972448113
연제구,연산동,2647065000,연산제1동,2023,0,0,65,0.0040297582145071295
연제구,연산동,2647065000,연산제1동,2023,1,1,67,0.004153750774953503
연제구,연산동,2647065000,연산제1동,2023,2,2,84,0.005207687538747675
연제구,연산동,2647065000,연산제1동,2023,3,3,99,0.006137631742095475
연제구,연산동,2647065000,연산제1동,2023,4,4,95,0.005889646621202728
연제구,연산동,2647065000,연산제1동,2023,5,5,91,0.005641661500309981
연제구,연산동,2647065000,연산제1동,2023,6,6,120,0.007439553626782393
연제구,연산동,2647065000,연산제1동,2023,7,7,130,0.008059516429014259
연제구,연산동,2647065000,연산제1동,2023,8,8,136,0.008431494110353379
연제구,연산동,2647065000,연산제1동,2023,9,9,139,0.008617482951022938
연제구,연산동,2647065000,연산제1동,2023,10,10,136,0.008431494110353379
연제구,연산동,2647065000,연산제1동,2023,11,11,143,0.008865468071915685
연제구,연산동,2647065000,연산제1동,2023,12,12,113,0.007005579665220087
연제구,연산동,2647065000,연산제1동,2023,13,13,139,0.008617482951022938
연제구,연산동,2647065000,연산제1동,2023,14,14,111,0.006881587104773714
연제구,연산동,2647065000,연산제1동,2023,15,15,140,0.008679479231246125
연제구,연산동,2647065000,연산제1동,2023,16,16,134,0.008307501549907005
연제구,연산동,2647065000,연산제1동,2023,17,17,142,0.008803471791692498
연제구,연산동,2647065000,연산제1동,2023,18,18,92,0.005703657780533168
연제구,연산동,2647065000,연산제1동,2023,19,19,133,0.008245505269683819
연제구,연산동,2647065000,연산제1동,2023,20,20,135,0.008369497830130192
연제구,연산동,2647065000,연산제1동,2023,21,21,110,0.006819590824550527
연제구,연산동,2647065000,연산제1동,2023,22,22,125,0.007749535027898326
연제구,연산동,2647065000,연산제1동,2023,23,23,153,0.00948543087414755
연제구,연산동,2647065000,연산제1동,2023,24,24,142,0.008803471791692498
연제구,연산동,2647065000,연산제1동,2023,25,25,145,0.008989460632362058
연제구,연산동,2647065000,연산제1동,2023,26,26,159,0.00985740855548667
연제구,연산동,2647065000,연산제1동,2023,27,27,190,0.011779293242405457
연제구,연산동,2647065000,연산제1동,2023,28,28,178,0.011035337879727216
연제구,연산동,2647065000,연산제1동,2023,29,29,199,0.012337259764414136
연제구,연산동,2647065000,연산제1동,2023,30,30,173,0.010725356478611283
연제구,연산동,2647065000,연산제1동,2023,31,31,217,0.013453192808431495
연제구,연산동,2647065000,연산제1동,2023,32,32,210,0.013019218846869188
연제구,연산동,2647065000,연산제1동,2023,33,33,185,0.011469311841289522
연제구,연산동,2647065000,연산제1동,2023,34,34,206,0.012771233725976442
연제구,연산동,2647065000,연산제1동,2023,35,35,194,0.012027278363298203
연제구,연산동,2647065000,연산제1동,2023,36,36,176,0.010911345319280842
연제구,연산동,2647065000,연산제1동,2023,37,37,208,0.012895226286422815
연제구,연산동,2647065000,연산제1동,2023,38,38,192,0.01190328580285183
연제구,연산동,2647065000,연산제1동,2023,39,39,204,0.012647241165530069
연제구,연산동,2647065000,연산제1동,2023,40,40,237,0.014693118412895226
연제구,연산동,2647065000,연산제1동,2023,41,41,253,0.015685058896466212
연제구,연산동,2647065000,연산제1동,2023,42,42,289,0.01791692498450093
연제구,연산동,2647065000,연산제1동,2023,43,43,270,0.016738995660260384
연제구,연산동,2647065000,연산제1동,2023,44,44,256,0.015871047737135772
연제구,연산동,2647065000,연산제1동,2023,45,45,217,0.013453192808431495
연제구,연산동,2647065000,연산제1동,2023,46,46,258,0.015995040297582145
연제구,연산동,2647065000,연산제1동,2023,47,47,213,0.013205207687538748
연제구,연산동,2647065000,연산제1동,2023,48,48,229,0.014197148171109734
연제구,연산동,2647065000,연산제1동,2023,49,49,253,0.015685058896466212
연제구,연산동,2647065000,연산제1동,2023,50,50,252,0.015623062616243025
연제구,연산동,2647065000,연산제1동,2023,51,51,262,0.01624302541847489
연제구,연산동,2647065000,연산제1동,2023,52,52,223,0.013825170489770614
연제구,연산동,2647065000,연산제1동,2023,53,53,246,0.015251084934903906
연제구,연산동,2647065000,연산제1동,2023,54,54,266,0.016491010539367638
연제구,연산동,2647065000,연산제1동,2023,55,55,276,0.017110973341599504
연제구,연산동,2647065000,연산제1동,2023,56,56,247,0.015313081215127092
연제구,연산동,2647065000,연산제1동,2023,57,57,239,0.0148171109733416
연제구,연산동,2647065000,연산제1동,2023,58,58,270,0.016738995660260384
연제구,연산동,2647065000,연산제1동,2023,59,59,284,0.017606943583384996
연제구,연산동,2647065000,연산제1동,2023,60,60,252,0.015623062616243025
연제구,연산동,2647065000,연산제1동,2023,61,61,299,0.018536887786732795
연제구,연산동,2647065000,연산제1동,2023,62,62,315,0.01952882827030378
연제구,연산동,2647065000,연산제1동,2023,63,63,345,0.02138871667699938
연제구,연산동,2647065000,연산제1동,2023,64,64,294,0.018226906385616862
연제구,연산동,2647065000,연산제1동,2023,65,65,283,0.01754494730316181
연제구,연산동,2647065000,연산제1동,2023,66,66,318,0.01971481711097334
연제구,연산동,2647065000,연산제1동,2023,67,67,266,0.016491010539367638
연제구,연산동,2647065000,연산제1동,2023,68,68,284,0.017606943583384996
연제구,연산동,2647065000,연산제1동,2023,69,69,261,0.016181029138251705
연제구,연산동,2647065000,연산제1동,2023,70,70,181,0.011221326720396775
연제구,연산동,2647065000,연산제1동,2023,71,71,242,0.01500309981401116
연제구,연산동,2647065000,연산제1동,2023,72,72,178,0.011035337879727216
연제구,연산동,2647065000,연산제1동,2023,73,73,202,0.012523248605083696
연제구,연산동,2647065000,연산제1동,2023,74,74,187,0.011593304401735895
연제구,연산동,2647065000,연산제1동,2023,75,75,169,0.010477371357718536
연제구,연산동,2647065000,연산제1동,2023,76,76,176,0.010911345319280842
연제구,연산동,2647065000,연산제1동,2023,77,77,116,0.007191568505889647
연제구,연산동,2647065000,연산제1동,2023,78,78,92,0.005703657780533168
연제구,연산동,2647065000,연산제1동,2023,79,79,112,0.0069435833849969
연제구,연산동,2647065000,연산제1동,2023,80,80,95,0.005889646621202728
연제구,연산동,2647065000,연산제1동,2023,81,81,118,0.00731556106633602
연제구,연산동,2647065000,연산제1동,2023,82,82,92,0.005703657780533168
연제구,연산동,2647065000,연산제1동,2023,83,83,59,0.00365778053316801
연제구,연산동,2647065000,연산제1동,2023,84,84,69,0.004277743335399876
연제구,연산동,2647065000,연산제1동,2023,85,85,54,0.003347799132052077
연제구,연산동,2647065000,연산제1동,2023,86,86,49,0.003037817730936144
연제구,연산동,2647065000,연산제1동,2023,87,87,45,0.002789832610043397
연제구,연산동,2647065000,연산제1동,2023,88,88,36,0.002231866088034718
연제구,연산동,2647065000,연산제1동,2023,89,89,21,0.0013019218846869187
연제구,연산동,2647065000,연산제1동,2023,90,90,11,0.0006819590824550527
연제구,연산동,2647065000,연산제1동,2023,91,91,17,0.0010539367637941723
연제구,연산동,2647065000,연산제1동,2023,92,92,11,0.0006819590824550527
연제구,연산동,2647065000,연산제1동,2023,93,93,9,0.0005579665220086795
연제구,연산동,2647065000,연산제1동,2023,94,94,7,0.0004339739615623063
연제구,연산동,2647065000,연산제1동,2023,95,95,9,0.0005579665220086795
연제구,연산동,2647065000,연산제1동,2023,96,96,1,6.199628022318661e-05
연제구,연산동,2647065000,연산제1동,2023,97,97,0,0.0
연제구,연산동,2647065000,연산제1동,2023,98,98,2,0.00012399256044637322
연제구,연산동,2647065000,연산제1동,2023,99,99,1,6.199628022318661e-05
연제구,연산동,2647065000,연산제1동,2023,100,100세 이상,2,0.00012399256044637322
연제구,연산동,2647065000,연산제1동,2024,0,0,67,0.004266428935303108
연제구,연산동,2647065000,연산제1동,2024,1,1,67,0.004266428935303108
연제구,연산동,2647065000,연산제1동,2024,2,2,65,0.0041390728476821195
연제구,연산동,2647065000,연산제1동,2024,3,3,81,0.005157921548650026
연제구,연산동,2647065000,연산제1동,2024,4,4,85,0.005412633723892002
연제구,연산동,2647065000,연산제1동,2024,5,5,90,0.0057310239429444725
연제구,연산동,2647065000,연산제1동,2024,6,6,87,0.00553998981151299
연제구,연산동,2647065000,연산제1동,2024,7,7,111,0.007068262862964849
연제구,연산동,2647065000,연산제1동,2024,8,8,126,0.008023433520122261
연제구,연산동,2647065000,연산제1동,2024,9,9,126,0.008023433520122261
연제구,연산동,2647065000,연산제1동,2024,10,10,126,0.008023433520122261
연제구,연산동,2647065000,연산제1동,2024,11,11,127,0.008087111563932756
연제구,연산동,2647065000,연산제1동,2024,12,12,126,0.008023433520122261
연제구,연산동,2647065000,연산제1동,2024,13,13,111,0.007068262862964849
연제구,연산동,2647065000,연산제1동,2024,14,14,135,0.00859653591441671
연제구,연산동,2647065000,연산제1동,2024,15,15,108,0.006877228731533368
연제구,연산동,2647065000,연산제1동,2024,16,16,138,0.008787570045848191
연제구,연산동,2647065000,연산제1동,2024,17,17,126,0.008023433520122261
연제구,연산동,2647065000,연산제1동,2024,18,18,143,0.009105960264900662
연제구,연산동,2647065000,연산제1동,2024,19,19,90,0.0057310239429444725
연제구,연산동,2647065000,연산제1동,2024,20,20,135,0.00859653591441671
연제구,연산동,2647065000,연산제1동,2024,21,21,135,0.00859653591441671
연제구,연산동,2647065000,연산제1동,2024,22,22,109,0.006940906775343861
연제구,연산동,2647065000,연산제1동,2024,23,23,125,0.007959755476311768
연제구,연산동,2647065000,연산제1동,2024,24,24,151,0.009615384615384616
연제구,연산동,2647065000,연산제1동,2024,25,25,135,0.00859653591441671
연제구,연산동,2647065000,연산제1동,2024,26,26,132,0.008405501782985226
연제구,연산동,2647065000,연산제1동,2024,27,27,151,0.009615384615384616
연제구,연산동,2647065000,연산제1동,2024,28,28,180,0.011462047885888945
연제구,연산동,2647065000,연산제1동,2024,29,29,175,0.011143657666836474
연제구,연산동,2647065000,연산제1동,2024,30,30,197,0.012544574630667346
연제구,연산동,2647065000,연산제1동,2024,31,31,171,0.010888945491594498
연제구,연산동,2647065000,연산제1동,2024,32,32,218,0.013881813550687723
연제구,연산동,2647065000,연산제1동,2024,33,33,216,0.013754457463066735
연제구,연산동,2647065000,연산제1동,2024,34,34,189,0.012035150280183394
연제구,연산동,2647065000,연산제1동,2024,35,35,203,0.01292664289353031
연제구,연산동,2647065000,연산제1동,2024,36,36,197,0.012544574630667346
연제구,연산동,2647065000,연산제1동,2024,37,37,157,0.009997452878247581
연제구,연산동,2647065000,연산제1동,2024,38,38,200,0.01273560876209883
연제구,연산동,2647065000,연산제1동,2024,39,39,201,0.012799286805909322
연제구,연산동,2647065000,연산제1동,2024,40,40,205,0.0130539989811513
연제구,연산동,2647065000,연산제1동,2024,41,41,234,0.014900662251655629
연제구,연산동,2647065000,연산제1동,2024,42,42,239,0.0152190524707081
연제구,연산동,2647065000,연산제1동,2024,43,43,270,0.01719307182883342
연제구,연산동,2647065000,연산제1동,2024,44,44,272,0.017320427916454408
연제구,연산동,2647065000,연산제1동,2024,45,45,235,0.014964340295466123
연제구,연산동,2647065000,연산제1동,2024,46,46,213,0.013563423331635252
연제구,연산동,2647065000,연산제1동,2024,47,47,251,0.015983188996434028
연제구,연산동,2647065000,연산제1동,2024,48,48,208,0.013245033112582781
연제구,연산동,2647065000,연산제1동,2024,49,49,220,0.014009169638308712
연제구,연산동,2647065000,연산제1동,2024,50,50,246,0.01566479877738156
연제구,연산동,2647065000,연산제1동,2024,51,51,236,0.015028018339276618
연제구,연산동,2647065000,연산제1동,2024,52,52,254,0.01617422312786551
연제구,연산동,2647065000,연산제1동,2024,53,53,224,0.014263881813550688
연제구,연산동,2647065000,연산제1동,2024,54,54,240,0.015282730514518594
연제구,연산동,2647065000,연산제1동,2024,55,55,253,0.016110545084055017
연제구,연산동,2647065000,연산제1동,2024,56,56,272,0.017320427916454408
연제구,연산동,2647065000,연산제1동,2024,57,57,247,0.015728476821192054
연제구,연산동,2647065000,연산제1동,2024,58,58,239,0.0152190524707081
연제구,연산동,2647065000,연산제1동,2024,59,59,260,0.016556291390728478
연제구,연산동,2647065000,연산제1동,2024,60,60,275,0.017511462047885888
연제구,연산동,2647065000,연산제1동,2024,61,61,240,0.015282730514518594
연제구,연산동,2647065000,연산제1동,2024,62,62,291,0.018530310748853796
연제구,연산동,2647065000,연산제1동,2024,63,63,305,0.019421803362200712
연제구,연산동,2647065000,연산제1동,2024,64,64,337,0.021459500764136524
연제구,연산동,2647065000,연산제1동,2024,65,65,282,0.01795720835455935
연제구,연산동,2647065000,연산제1동,2024,66,66,283,0.01802088639836984
연제구,연산동,2647065000,연산제1동,2024,67,67,321,0.02044065206316862
연제구,연산동,2647065000,연산제1동,2024,68,68,257,0.016365257259296995
연제구,연산동,2647065000,연산제1동,2024,69,69,284,0.018084564442180335
연제구,연산동,2647065000,연산제1동,2024,70,70,252,0.016046867040244522
연제구,연산동,2647065000,연산제1동,2024,71,71,176,0.011207335710646969
연제구,연산동,2647065000,연산제1동,2024,72,72,238,0.015155374426897605
연제구,연산동,2647065000,연산제1동,2024,73,73,165,0.010506877228731533
연제구,연산동,2647065000,연산제1동,2024,74,74,203,0.01292664289353031
연제구,연산동,2647065000,연산제1동,2024,75,75,182,0.011589403973509934
연제구,연산동,2647065000,연산제1동,2024,76,76,166,0.010570555272542028
연제구,연산동,2647065000,연산제1동,2024,77,77,179,0.01139836984207845
연제구,연산동,2647065000,연산제1동,2024,78,78,105,0.006686194600101885
연제구,연산동,2647065000,연산제1동,2024,79,79,85,0.005412633723892002
연제구,연산동,2647065000,연산제1동,2024,80,80,109,0.006940906775343861
연제구,연산동,2647065000,연산제1동,2024,81,81,93,0.005922058074375955
연제구,연산동,2647065000,연산제1동,2024,82,82,111,0.007068262862964849
연제구,연산동,2647065000,연산제1동,2024,83,83,78,0.004966887417218543
연제구,연산동,2647065000,연산제1동,2024,84,84,51,0.0032475802343352013
연제구,연산동,2647065000,연산제1동,2024,85,85,63,0.004011716760061131
연제구,연산동,2647065000,연산제1동,2024,86,86,52,0.0033112582781456954
연제구,연산동,2647065000,연산제1동,2024,87,87,45,0.0028655119714722363
연제구,연산동,2647065000,연산제1동,2024,88,88,39,0.0024834437086092716
연제구,연산동,2647065000,연산제1동,2024,89,89,34,0.002165053489556801
연제구,연산동,2647065000,연산제1동,2024,90,90,19,0.0012098828323993888
연제구,연산동,2647065000,연산제1동,2024,91,91,8,0.0005094243504839531
연제구,연산동,2647065000,연산제1동,2024,92,92,12,0.0007641365257259297
연제구,연산동,2647065000,연산제1동,2024,93,93,11,0.0007004584819154356
연제구,연산동,2647065000,연산제1동,2024,94,94,5,0.0003183902190524707
연제구,연산동,2647065000,연산제1동,2024,95,95,6,0.00038206826286296485
연제구,연산동,2647065000,연산제1동,2024,96,96,7,0.000445746306673459
연제구,연산동,2647065000,연산제1동,2024,97,97,1,6.367804381049414e-05
연제구,연산동,2647065000,연산제1동,2024,98,98,0,0.0
연제구,연산동,2647065000,연산제1동,2024,99,99,2,0.00012735608762098828
연제구,연산동,2647065000,연산제1동,2024,100,100세 이상,2,0.00012735608762098828
연제구,연산동,2647066000,연산제2동,2020,0,0,157,0.007499761154103372
연제구,연산동,2647066000,연산제2동,2020,1,1,225,0.010748065348237317
연제구,연산동,2647066000,연산제2동,2020,2,2,192,0.009171682430495844
연제구,연산동,2647066000,연산제2동,2020,3,3,203,0.009697143403076335
연제구,연산동,2647066000,연산제2동,2020,4,4,233,0.011130218782841312
연제구,연산동,2647066000,연산제2동,2020,5,5,242,0.011560141396770803
연제구,연산동,2647066000,연산제2동,2020,6,6,207,0.009888220120378332
연제구,연산동,2647066000,연산제2동,2020,7,7,186,0.008885067354542848
연제구,연산동,2647066000,연산제2동,2020,8,8,181,0.008646221457915352
연제구,연산동,2647066000,연산제2동,2020,9,9,149,0.007117607719499379
연제구,연산동,2647066000,연산제2동,2020,10,10,131,0.006257762491640393
연제구,연산동,2647066000,연산제2동,2020,11,11,111,0.00530237890513041
연제구,연산동,2647066000,연산제2동,2020,12,12,123,0.0058756090570364
연제구,연산동,2647066000,연산제2동,2020,13,13,137,0.006544377567593389
연제구,연산동,2647066000,연산제2동,2020,14,14,112,0.005350148084455909
연제구,연산동,2647066000,연산제2동,2020,15,15,106,0.005063533008502914
연제구,연산동,2647066000,연산제2동,2020,16,16,127,0.006066685774338397
연제구,연산동,2647066000,연산제2동,2020,17,17,137,0.006544377567593389
연제구,연산동,2647066000,연산제2동,2020,18,18,138,0.006592146746918888
연제구,연산동,2647066000,연산제2동,2020,19,19,186,0.008885067354542848
연제구,연산동,2647066000,연산제2동,2020,20,20,237,0.011321295500143307
연제구,연산동,2647066000,연산제2동,2020,21,21,238,0.011369064679468808
연제구,연산동,2647066000,연산제2동,2020,22,22,235,0.011225757141492309
연제구,연산동,2647066000,연산제2동,2020,23,23,265,0.012658832521257284
연제구,연산동,2647066000,연산제2동,2020,24,24,237,0.011321295500143307
연제구,연산동,2647066000,연산제2동,2020,25,25,243,0.011607910576096303
연제구,연산동,2647066000,연산제2동,2020,26,26,236,0.011273526320817809
연제구,연산동,2647066000,연산제2동,2020,27,27,263,0.012563294162606287
연제구,연산동,2647066000,연산제2동,2020,28,28,275,0.013136524314512277
연제구,연산동,2647066000,연산제2동,2020,29,29,334,0.01595490589471673
연제구,연산동,2647066000,연산제2동,2020,30,30,314,0.014999522308206744
연제구,연산동,2647066000,연산제2동,2020,31,31,310,0.014808445590904749
연제구,연산동,2647066000,연산제2동,2020,32,32,335,0.016002675074042228
연제구,연산동,2647066000,연산제2동,2020,33,33,326,0.015572752460112735
연제구,연산동,2647066000,연산제2동,2020,34,34,359,0.01714913537785421
연제구,연산동,2647066000,연산제2동,2020,35,35,381,0.01820005732301519
연제구,연산동,2647066000,연산제2동,2020,36,36,373,0.0178179038884112
연제구,연산동,2647066000,연산제2동,2020,37,37,388,0.018534441578293686
연제구,연산동,2647066000,연산제2동,2020,38,38,450,0.021496130696474634
연제구,연산동,2647066000,연산제2동,2020,39,39,430,0.02054074710996465
연제구,연산동,2647066000,연산제2동,2020,40,40,358,0.01710136619852871
연제구,연산동,2647066000,연산제2동,2020,41,41,373,0.0178179038884112
연제구,연산동,2647066000,연산제2동,2020,42,42,266,0.012706601700582784
연제구,연산동,2647066000,연산제2동,2020,43,43,282,0.01347090856979077
연제구,연산동,2647066000,연산제2동,2020,44,44,250,0.011942294831374796
연제구,연산동,2647066000,연산제2동,2020,45,45,263,0.012563294162606287
연제구,연산동,2647066000,연산제2동,2020,46,46,282,0.01347090856979077
연제구,연산동,2647066000,연산제2동,2020,47,47,333,0.01590713671539123
연제구,연산동,2647066000,연산제2동,2020,48,48,312,0.014903983949555747
연제구,연산동,2647066000,연산제2동,2020,49,49,308,0.01471290723225375
연제구,연산동,2647066000,연산제2동,2020,50,50,339,0.016193751791344226
연제구,연산동,2647066000,연산제2동,2020,51,51,291,0.013900831183720264
연제구,연산동,2647066000,연산제2동,2020,52,52,363,0.017340212095156207
연제구,연산동,2647066000,연산제2동,2020,53,53,349,0.016671443584599217
연제구,연산동,2647066000,연산제2동,2020,54,54,289,0.013805292825069265
연제구,연산동,2647066000,연산제2동,2020,55,55,331,0.01581159835674023
연제구,연산동,2647066000,연산제2동,2020,56,56,264,0.012611063341931785
연제구,연산동,2647066000,연산제2동,2020,57,57,276,0.013184293493837776
연제구,연산동,2647066000,연산제2동,2020,58,58,306,0.014617368873602751
연제구,연산동,2647066000,연산제2동,2020,59,59,312,0.014903983949555747
연제구,연산동,2647066000,연산제2동,2020,60,60,401,0.019155440909525173
연제구,연산동,2647066000,연산제2동,2020,61,61,278,0.013279831852488775
연제구,연산동,2647066000,연산제2동,2020,62,62,315,0.015047291487532245
연제구,연산동,2647066000,연산제2동,2020,63,63,323,0.015429444922136238
연제구,연산동,2647066000,연산제2동,2020,64,64,303,0.014474061335626254
연제구,연산동,2647066000,연산제2동,2020,65,65,305,0.014569599694277253
연제구,연산동,2647066000,연산제2동,2020,66,66,277,0.013232062673163274
연제구,연산동,2647066000,연산제2동,2020,67,67,228,0.010891372886213814
연제구,연산동,2647066000,연산제2동,2020,68,68,252,0.012037833190025795
연제구,연산동,2647066000,연산제2동,2020,69,69,181,0.008646221457915352
연제구,연산동,2647066000,연산제2동,2020,70,70,217,0.010365911913633324
연제구,연산동,2647066000,연산제2동,2020,71,71,201,0.009601605044425338
연제구,연산동,2647066000,연산제2동,2020,72,72,204,0.009744912582401835
연제구,연산동,2647066000,연산제2동,2020,73,73,189,0.009028374892519347
연제구,연산동,2647066000,연산제2동,2020,74,74,151,0.007213146078150378
연제구,연산동,2647066000,연산제2동,2020,75,75,133,0.006353300850291392
연제구,연산동,2647066000,연산제2동,2020,76,76,150,0.0071653768988248785
연제구,연산동,2647066000,연산제2동,2020,77,77,133,0.006353300850291392
연제구,연산동,2647066000,연산제2동,2020,78,78,158,0.0075475303334288715
연제구,연산동,2647066000,연산제2동,2020,79,79,137,0.006544377567593389
연제구,연산동,2647066000,연산제2동,2020,80,80,127,0.006066685774338397
연제구,연산동,2647066000,연산제2동,2020,81,81,100,0.004776917932549919
연제구,연산동,2647066000,연산제2동,2020,82,82,80,0.003821534346039935
연제구,연산동,2647066000,연산제2동,2020,83,83,85,0.004060380242667431
연제구,연산동,2647066000,연산제2동,2020,84,84,69,0.003296073373459444
연제구,연산동,2647066000,연산제2동,2020,85,85,52,0.0024839973249259576
연제구,연산동,2647066000,연산제2동,2020,86,86,49,0.0023406897869494604
연제구,연산동,2647066000,연산제2동,2020,87,87,33,0.0015763829177414732
연제구,연산동,2647066000,연산제2동,2020,88,88,21,0.001003152765835483
연제구,연산동,2647066000,연산제2동,2020,89,89,26,0.0012419986624629788
연제구,연산동,2647066000,연산제2동,2020,90,90,23,0.0010986911244864814
연제구,연산동,2647066000,연산제2동,2020,91,91,20,0.0009553835865099838
연제구,연산동,2647066000,연산제2동,2020,92,92,15,0.0007165376898824878
연제구,연산동,2647066000,연산제2동,2020,93,93,11,0.000525460972580491
연제구,연산동,2647066000,연산제2동,2020,94,94,2,9.553835865099838e-05
연제구,연산동,2647066000,연산제2동,2020,95,95,6,0.00028661507595299513
연제구,연산동,2647066000,연산제2동,2020,96,96,2,9.553835865099838e-05
연제구,연산동,2647066000,연산제2동,2020,97,97,5,0.00023884589662749594
연제구,연산동,2647066000,연산제2동,2020,98,98,3,0.00014330753797649757
연제구,연산동,2647066000,연산제2동,2020,99,99,2,9.553835865099838e-05
연제구,연산동,2647066000,연산제2동,2020,100,100세 이상,8,0.0003821534346039935
연제구,연산동,2647066000,연산제2동,2021,0,0,177,0.008561478185160105
연제구,연산동,2647066000,연산제2동,2021,1,1,148,0.007158750120924833
연제구,연산동,2647066000,연산제2동,2021,2,2,205,0.009915836316145885
연제구,연산동,2647066000,연산제2동,2021,3,3,190,0.009190287317403501
연제구,연산동,2647066000,연산제2동,2021,4,4,194,0.00938376705040147
연제구,연산동,2647066000,연산제2동,2021,5,5,221,0.010689755248137757
연제구,연산동,2647066000,연산제2동,2021,6,6,252,0.012189223178872013
연제구,연산동,2647066000,연산제2동,2021,7,7,207,0.010012576182644868
연제구,연산동,2647066000,연산제2동,2021,8,8,180,0.00870658798490858
연제구,연산동,2647066000,연산제2동,2021,9,9,184,0.00890006771790655
연제구,연산동,2647066000,연산제2동,2021,10,10,146,0.007062010254425849
연제구,연산동,2647066000,연산제2동,2021,11,11,138,0.006675050788429912
연제구,연산동,2647066000,연산제2동,2021,12,12,105,0.0050788429911966726
연제구,연산동,2647066000,연산제2동,2021,13,13,118,0.0057076521234400695
연제구,연산동,2647066000,연산제2동,2021,14,14,135,0.006529940988681436
연제구,연산동,2647066000,연산제2동,2021,15,15,107,0.0051755828576956564
연제구,연산동,2647066000,연산제2동,2021,16,16,106,0.0051272129244461645
연제구,연산동,2647066000,연산제2동,2021,17,17,127,0.006142981522685499
연제구,연산동,2647066000,연산제2동,2021,18,18,137,0.00662668085518042
연제구,연산동,2647066000,연산제2동,2021,19,19,138,0.006675050788429912
연제구,연산동,2647066000,연산제2동,2021,20,20,183,0.008851697784657057
연제구,연산동,2647066000,연산제2동,2021,21,21,239,0.011560414046628616
연제구,연산동,2647066000,연산제2동,2021,22,22,222,0.01073812518138725
연제구,연산동,2647066000,연산제2동,2021,23,23,233,0.011270194447131662
연제구,연산동,2647066000,연산제2동,2021,24,24,224,0.010834865047886234
연제구,연산동,2647066000,연산제2동,2021,25,25,226,0.010931604914385218
연제구,연산동,2647066000,연산제2동,2021,26,26,229,0.011076714714133695
연제구,연산동,2647066000,연산제2동,2021,27,27,221,0.010689755248137757
연제구,연산동,2647066000,연산제2동,2021,28,28,253,0.012237593112121505
연제구,연산동,2647066000,연산제2동,2021,29,29,284,0.01373706104285576
연제구,연산동,2647066000,연산제2동,2021,30,30,324,0.015671858372835447
연제구,연산동,2647066000,연산제2동,2021,31,31,299,0.014462610041598142
연제구,연산동,2647066000,연산제2동,2021,32,32,287,0.013882170842604237
연제구,연산동,2647066000,연산제2동,2021,33,33,304,0.014704459707845603
연제구,연산동,2647066000,연산제2동,2021,34,34,325,0.015720228306084938
연제구,연산동,2647066000,연산제2동,2021,35,35,361,0.017461545903066655
연제구,연산동,2647066000,연산제2동,2021,36,36,352,0.017026216503821225
연제구,연산동,2647066000,연산제2동,2021,37,37,373,0.018041985102060558
연제구,연산동,2647066000,연산제2동,2021,38,38,391,0.018912643900551418
연제구,연산동,2647066000,연산제2동,2021,39,39,447,0.021621360162522977
연제구,연산동,2647066000,연산제2동,2021,40,40,426,0.02060559156428364
연제구,연산동,2647066000,연산제2동,2021,41,41,363,0.017558285769565637
연제구,연산동,2647066000,연산제2동,2021,42,42,351,0.016977846570571734
연제구,연산동,2647066000,연산제2동,2021,43,43,262,0.012672922511366935
연제구,연산동,2647066000,연산제2동,2021,44,44,287,0.013882170842604237
연제구,연산동,2647066000,연산제2동,2021,45,45,256,0.012382702911869981
연제구,연산동,2647066000,연산제2동,2021,46,46,261,0.012624552578117442
연제구,연산동,2647066000,연산제2동,2021,47,47,278,0.013446841443358807
연제구,연산동,2647066000,연산제2동,2021,48,48,329,0.015913708039082906
연제구,연산동,2647066000,연산제2동,2021,49,49,321,0.015526748573086968
연제구,연산동,2647066000,연산제2동,2021,50,50,313,0.015139789107091033
연제구,연산동,2647066000,연산제2동,2021,51,51,338,0.016349037438328336
연제구,연산동,2647066000,연산제2동,2021,52,52,286,0.013833800909354745
연제구,연산동,2647066000,연산제2동,2021,53,53,359,0.01736480603656767
연제구,연산동,2647066000,연산제2동,2021,54,54,340,0.016445777304827318
연제구,연산동,2647066000,연산제2동,2021,55,55,288,0.01393054077585373
연제구,연산동,2647066000,연산제2동,2021,56,56,321,0.015526748573086968
연제구,연산동,2647066000,연산제2동,2021,57,57,261,0.012624552578117442
연제구,연산동,2647066000,연산제2동,2021,58,58,272,0.013156621843861856
연제구,연산동,2647066000,연산제2동,2021,59,59,301,0.014559349908097126
연제구,연산동,2647066000,연산제2동,2021,60,60,312,0.01509141917384154
연제구,연산동,2647066000,연산제2동,2021,61,61,389,0.018815904034052432
연제구,연산동,2647066000,연산제2동,2021,62,62,274,0.01325336171036084
연제구,연산동,2647066000,연산제2동,2021,63,63,301,0.014559349908097126
연제구,연산동,2647066000,연산제2동,2021,64,64,316,0.015284898906839508
연제구,연산동,2647066000,연산제2동,2021,65,65,288,0.01393054077585373
연제구,연산동,2647066000,연산제2동,2021,66,66,301,0.014559349908097126
연제구,연산동,2647066000,연산제2동,2021,67,67,269,0.013011512044113379
연제구,연산동,2647066000,연산제2동,2021,68,68,228,0.011028344780884202
연제구,연산동,2647066000,연산제2동,2021,69,69,249,0.012044113379123537
연제구,연산동,2647066000,연산제2동,2021,70,70,183,0.008851697784657057
연제구,연산동,2647066000,연산제2동,2021,71,71,223,0.010786495114636741
연제구,연산동,2647066000,연산제2동,2021,72,72,202,0.009770726516397408
연제구,연산동,2647066000,연산제2동,2021,73,73,201,0.009722356583147915
연제구,연산동,2647066000,연산제2동,2021,74,74,193,0.009335397117151978
연제구,연산동,2647066000,연산제2동,2021,75,75,148,0.007158750120924833
연제구,연산동,2647066000,연산제2동,2021,76,76,138,0.006675050788429912
연제구,연산동,2647066000,연산제2동,2021,77,77,143,0.006916900454677372
연제구,연산동,2647066000,연산제2동,2021,78,78,133,0.006433201122182451
연제구,연산동,2647066000,연산제2동,2021,79,79,164,0.007932669052916707
연제구,연산동,2647066000,연산제2동,2021,80,80,133,0.006433201122182451
연제구,연산동,2647066000,연산제2동,2021,81,81,121,0.005852761923188546
연제구,연산동,2647066000,연산제2동,2021,82,82,98,0.004740253458450227
연제구,연산동,2647066000,연산제2동,2021,83,83,80,0.0038695946599593693
연제구,연산동,2647066000,연산제2동,2021,84,84,75,0.003627744993711909
연제구,연산동,2647066000,연산제2동,2021,85,85,65,0.0031440456612169877
연제구,연산동,2647066000,연산제2동,2021,86,86,48,0.0023217567959756217
연제구,연산동,2647066000,연산제2동,2021,87,87,42,0.0020315371964786688
연제구,연산동,2647066000,연산제2동,2021,88,88,32,0.0015478378639837477
연제구,연산동,2647066000,연산제2동,2021,89,89,17,0.000822288865241366
연제구,연산동,2647066000,연산제2동,2021,90,90,25,0.0012092483312373028
연제구,연산동,2647066000,연산제2동,2021,91,91,18,0.0008706587984908581
연제구,연산동,2647066000,연산제2동,2021,92,92,16,0.0007739189319918738
연제구,연산동,2647066000,연산제2동,2021,93,93,15,0.0007255489987423818
연제구,연산동,2647066000,연산제2동,2021,94,94,11,0.0005320692657444133
연제구,연산동,2647066000,연산제2동,2021,95,95,1,4.8369933249492114e-05
연제구,연산동,2647066000,연산제2동,2021,96,96,6,0.0002902195994969527
연제구,연산동,2647066000,연산제2동,2021,97,97,2,9.673986649898423e-05
연제구,연산동,2647066000,연산제2동,2021,98,98,4,0.00019347973299796846
연제구,연산동,2647066000,연산제2동,2021,99,99,2,9.673986649898423e-05
연제구,연산동,2647066000,연산제2동,2021,100,100세 이상,3,0.00014510979974847636
연제구,연산동,2647066000,연산제2동,2022,0,0,154,0.007722782207512161
연제구,연산동,2647066000,연산제2동,2022,1,1,144,0.007221302843387995
연제구,연산동,2647066000,연산제2동,2022,2,2,133,0.006669675542851411
연제구,연산동,2647066000,연산제2동,2022,3,3,189,0.009477959981946744
연제구,연산동,2647066000,연산제2동,2022,4,4,168,0.008424853317285994
연제구,연산동,2647066000,연산제2동,2022,5,5,185,0.009277368236297077
연제구,연산동,2647066000,연산제2동,2022,6,6,234,0.011734617120505492
연제구,연산동,2647066000,연산제2동,2022,7,7,220,0.011032546010731658
연제구,연산동,2647066000,연산제2동,2022,8,8,204,0.010230179028132993
연제구,연산동,2647066000,연산제2동,2022,9,9,168,0.008424853317285994
연제구,연산동,2647066000,연산제2동,2022,10,10,172,0.00862544506293566
연제구,연산동,2647066000,연산제2동,2022,11,11,140,0.007020711097738328
연제구,연산동,2647066000,연산제2동,2022,12,12,137,0.006870267288501078
연제구,연산동,2647066000,연산제2동,2022,13,13,105,0.005265533323303746
연제구,연산동,2647066000,연산제2동,2022,14,14,115,0.0057670126874279125
연제구,연산동,2647066000,연산제2동,2022,15,15,134,0.006719823479263828
연제구,연산동,2647066000,연산제2동,2022,16,16,112,0.005616568878190662
연제구,연산동,2647066000,연산제2동,2022,17,17,110,0.005516273005365829
연제구,연산동,2647066000,연산제2동,2022,18,18,134,0.006719823479263828
연제구,연산동,2647066000,연산제2동,2022,19,19,150,0.007522190461862494
연제구,연산동,2647066000,연산제2동,2022,20,20,131,0.006569379670026579
연제구,연산동,2647066000,연산제2동,2022,21,21,167,0.008374705380873577
연제구,연산동,2647066000,연산제2동,2022,22,22,243,0.012185948548217241
연제구,연산동,2647066000,연산제2동,2022,23,23,195,0.009778847600421242
연제구,연산동,2647066000,연산제2동,2022,24,24,220,0.011032546010731658
연제구,연산동,2647066000,연산제2동,2022,25,25,226,0.011333433629206158
연제구,연산동,2647066000,연산제2동,2022,26,26,208,0.010430770773782658
연제구,연산동,2647066000,연산제2동,2022,27,27,231,0.011584173311268242
연제구,연산동,2647066000,연산제2동,2022,28,28,223,0.011182989819968908
연제구,연산동,2647066000,연산제2동,2022,29,29,256,0.012837871721578657
연제구,연산동,2647066000,연산제2동,2022,30,30,297,0.014893937114487738
연제구,연산동,2647066000,연산제2동,2022,31,31,336,0.016849706634571988
연제구,연산동,2647066000,연산제2동,2022,32,32,281,0.014091570131889072
연제구,연산동,2647066000,연산제2동,2022,33,33,277,0.013890978386239407
연제구,연산동,2647066000,연산제2동,2022,34,34,301,0.015094528860137405
연제구,연산동,2647066000,연산제2동,2022,35,35,319,0.015997191715560903
연제구,연산동,2647066000,연산제2동,2022,36,36,334,0.016749410761747154
연제구,연산동,2647066000,연산제2동,2022,37,37,336,0.016849706634571988
연제구,연산동,2647066000,연산제2동,2022,38,38,350,0.01755177774434582
연제구,연산동,2647066000,연산제2동,2022,39,39,360,0.018053257108469986
연제구,연산동,2647066000,연산제2동,2022,40,40,439,0.0220149440850509
연제구,연산동,2647066000,연산제2동,2022,41,41,415,0.0208113936111529
연제구,연산동,2647066000,연산제2동,2022,42,42,342,0.017150594253046488
연제구,연산동,2647066000,연산제2동,2022,43,43,338,0.01695000250739682
연제구,연산동,2647066000,연산제2동,2022,44,44,263,0.013188907276465574
연제구,연산동,2647066000,연산제2동,2022,45,45,271,0.013590090767764906
연제구,연산동,2647066000,연산제2동,2022,46,46,242,0.012135800611804824
연제구,연산동,2647066000,연산제2동,2022,47,47,243,0.012185948548217241
연제구,연산동,2647066000,연산제2동,2022,48,48,267,0.01338949902211524
연제구,연산동,2647066000,연산제2동,2022,49,49,334,0.016749410761747154
연제구,연산동,2647066000,연산제2동,2022,50,50,305,0.015295120605787072
연제구,연산동,2647066000,연산제2동,2022,51,51,297,0.014893937114487738
연제구,연산동,2647066000,연산제2동,2022,52,52,323,0.01619778346121057
연제구,연산동,2647066000,연산제2동,2022,53,53,270,0.01353994283135249
연제구,연산동,2647066000,연산제2동,2022,54,54,343,0.017200742189458905
연제구,연산동,2647066000,연산제2동,2022,55,55,333,0.016699262825334737
연제구,연산동,2647066000,연산제2동,2022,56,56,275,0.013790682513414573
연제구,연산동,2647066000,연산제2동,2022,57,57,312,0.01564615616067399
연제구,연산동,2647066000,연산제2동,2022,58,58,244,0.012236096484629658
연제구,연산동,2647066000,연산제2동,2022,59,59,277,0.013890978386239407
연제구,연산동,2647066000,연산제2동,2022,60,60,305,0.015295120605787072
연제구,연산동,2647066000,연산제2동,2022,61,61,304,0.015244972669374655
연제구,연산동,2647066000,연산제2동,2022,62,62,363,0.018203700917707236
연제구,연산동,2647066000,연산제2동,2022,63,63,262,0.013138759340053157
연제구,연산동,2647066000,연산제2동,2022,64,64,283,0.014191866004713906
연제구,연산동,2647066000,연산제2동,2022,65,65,298,0.014944085050900155
연제구,연산동,2647066000,연산제2동,2022,66,66,272,0.013640238704177323
연제구,연산동,2647066000,연산제2동,2022,67,67,279,0.01399127425906424
연제구,연산동,2647066000,연산제2동,2022,68,68,259,0.012988315530815907
연제구,연산동,2647066000,연산제2동,2022,69,69,222,0.011132841883556491
연제구,연산동,2647066000,연산제2동,2022,70,70,239,0.011985356802567574
연제구,연산동,2647066000,연산제2동,2022,71,71,165,0.008274409508048744
연제구,연산동,2647066000,연산제2동,2022,72,72,217,0.010882102201494409
연제구,연산동,2647066000,연산제2동,2022,73,73,184,0.00922722029988466
연제구,연산동,2647066000,연산제2동,2022,74,74,190,0.009528107918359159
연제구,연산동,2647066000,연산제2동,2022,75,75,184,0.00922722029988466
연제구,연산동,2647066000,연산제2동,2022,76,76,142,0.007121006970563161
연제구,연산동,2647066000,연산제2동,2022,77,77,137,0.006870267288501078
연제구,연산동,2647066000,연산제2동,2022,78,78,132,0.006619527606438995
연제구,연산동,2647066000,연산제2동,2022,79,79,124,0.006218344115139662
연제구,연산동,2647066000,연산제2동,2022,80,80,157,0.007873226016749411
연제구,연산동,2647066000,연산제2동,2022,81,81,117,0.005867308560252746
연제구,연산동,2647066000,연산제2동,2022,82,82,114,0.005716864751015496
연제구,연산동,2647066000,연산제2동,2022,83,83,81,0.004061982849405747
연제구,연산동,2647066000,연산제2동,2022,84,84,70,0.003510355548869164
연제구,연산동,2647066000,연산제2동,2022,85,85,64,0.0032094679303946642
연제구,연산동,2647066000,연산제2동,2022,86,86,55,0.0027581365026829144
연제구,연산동,2647066000,연산제2동,2022,87,87,41,0.0020560653929090817
연제구,연산동,2647066000,연산제2동,2022,88,88,37,0.0018554736472594152
연제구,연산동,2647066000,연산제2동,2022,89,89,23,0.0011534025374855825
연제구,연산동,2647066000,연산제2동,2022,90,90,17,0.0008525149190110827
연제구,연산동,2647066000,연산제2동,2022,91,91,22,0.0011032546010731658
연제구,연산동,2647066000,연산제2동,2022,92,92,12,0.0006017752369489995
연제구,연산동,2647066000,연산제2동,2022,93,93,12,0.0006017752369489995
연제구,연산동,2647066000,연산제2동,2022,94,94,10,0.0005014793641241662
연제구,연산동,2647066000,연산제2동,2022,95,95,7,0.0003510355548869164
연제구,연산동,2647066000,연산제2동,2022,96,96,1,5.014793641241663e-05
연제구,연산동,2647066000,연산제2동,2022,97,97,3,0.00015044380923724988
연제구,연산동,2647066000,연산제2동,2022,98,98,2,0.00010029587282483326
연제구,연산동,2647066000,연산제2동,2022,99,99,1,5.014793641241663e-05
연제구,연산동,2647066000,연산제2동,2022,100,100세 이상,2,0.00010029587282483326
연제구,연산동,2647066000,연산제2동,2023,0,0,165,0.007597034854275059
연제구,연산동,2647066000,연산제2동,2023,1,1,178,0.008195589115520973
연제구,연산동,2647066000,연산제2동,2023,2,2,164,0.007550992218794603
연제구,연산동,2647066000,연산제2동,2023,3,3,143,0.006584096873705051
연제구,연산동,2647066000,연산제2동,2023,4,4,186,0.008563930199364612
연제구,연산동,2647066000,연산제2동,2023,5,5,169,0.0077812053961968785
연제구,연산동,2647066000,연산제2동,2023,6,6,190,0.008748100741286432
연제구,연산동,2647066000,연산제2동,2023,7,7,215,0.009899166628297804
연제구,연산동,2647066000,연산제2동,2023,8,8,211,0.009714996086375985
연제구,연산동,2647066000,연산제2동,2023,9,9,188,0.008656015470325521
연제구,연산동,2647066000,연산제2동,2023,10,10,160,0.007366821676872784
연제구,연산동,2647066000,연산제2동,2023,11,11,170,0.007827248031677333
연제구,연산동,2647066000,연산제2동,2023,12,12,133,0.006123670518900502
연제구,연산동,2647066000,연산제2동,2023,13,13,132,0.006077627883420047
연제구,연산동,2647066000,연산제2동,2023,14,14,100,0.00460426354804549
연제구,연산동,2647066000,연산제2동,2023,15,15,116,0.005340945715732769
연제구,연산동,2647066000,연산제2동,2023,16,16,139,0.006399926331783231
연제구,연산동,2647066000,연산제2동,2023,17,17,110,0.005064689902850039
연제구,연산동,2647066000,연산제2동,2023,18,18,110,0.005064689902850039
연제구,연산동,2647066000,연산제2동,2023,19,19,151,0.00695243795754869
연제구,연산동,2647066000,연산제2동,2023,20,20,152,0.006998480593029145
연제구,연산동,2647066000,연산제2동,2023,21,21,154,0.007090565863990055
연제구,연산동,2647066000,연산제2동,2023,22,22,192,0.00884018601224734
연제구,연산동,2647066000,연산제2동,2023,23,23,254,0.011694829412035545
연제구,연산동,2647066000,연산제2동,2023,24,24,227,0.010451678254063262
연제구,연산동,2647066000,연산제2동,2023,25,25,276,0.012707767392605552
연제구,연산동,2647066000,연산제2동,2023,26,26,302,0.01390487591509738
연제구,연산동,2647066000,연산제2동,2023,27,27,276,0.012707767392605552
연제구,연산동,2647066000,연산제2동,2023,28,28,359,0.01652930613748331
연제구,연산동,2647066000,연산제2동,2023,29,29,357,0.0164372208665224
연제구,연산동,2647066000,연산제2동,2023,30,30,414,0.019061651088908328
연제구,연산동,2647066000,연산제2동,2023,31,31,431,0.019844375892076063
연제구,연산동,2647066000,연산제2동,2023,32,32,460,0.021179612321009254
연제구,연산동,2647066000,연산제2동,2023,33,33,379,0.017450158847092407
연제구,연산동,2647066000,연산제2동,2023,34,34,390,0.01795662783737741
연제구,연산동,2647066000,연산제2동,2023,35,35,374,0.017219945669690134
연제구,연산동,2647066000,연산제2동,2023,36,36,361,0.01662139140844422
연제구,연산동,2647066000,연산제2동,2023,37,37,368,0.016943689856807404
연제구,연산동,2647066000,연산제2동,2023,38,38,369,0.01698973249228786
연제구,연산동,2647066000,연산제2동,2023,39,39,372,0.017127860398729225
연제구,연산동,2647066000,연산제2동,2023,40,40,348,0.016022837147198307
연제구,연산동,2647066000,연산제2동,2023,41,41,435,0.02002854643399788
연제구,연산동,2647066000,연산제2동,2023,42,42,407,0.018739352640545145
연제구,연산동,2647066000,연산제2동,2023,43,43,359,0.01652930613748331
연제구,연산동,2647066000,연산제2동,2023,44,44,333,0.015332197614991482
연제구,연산동,2647066000,연산제2동,2023,45,45,258,0.011878999953957364
연제구,연산동,2647066000,연산제2동,2023,46,46,264,0.012155255766840093
연제구,연산동,2647066000,연산제2동,2023,47,47,247,0.011372530963672361
연제구,연산동,2647066000,연산제2동,2023,48,48,244,0.011234403057230996
연제구,연산동,2647066000,연산제2동,2023,49,49,285,0.013122151111929646
연제구,연산동,2647066000,연산제2동,2023,50,50,346,0.015930751876237395
연제구,연산동,2647066000,연산제2동,2023,51,51,319,0.014687600718265114
연제구,연산동,2647066000,연산제2동,2023,52,52,311,0.014319259634421475
연제구,연산동,2647066000,연산제2동,2023,53,53,341,0.01570053869883512
연제구,연산동,2647066000,연산제2동,2023,54,54,286,0.013168193747410102
연제구,연산동,2647066000,연산제2동,2023,55,55,348,0.016022837147198307
연제구,연산동,2647066000,연산제2동,2023,56,56,347,0.01597679451171785
연제구,연산동,2647066000,연산제2동,2023,57,57,281,0.012937980570007827
연제구,연산동,2647066000,연산제2동,2023,58,58,326,0.015009899166628298
연제구,연산동,2647066000,연산제2동,2023,59,59,251,0.01155670150559418
연제구,연산동,2647066000,연산제2동,2023,60,60,270,0.012431511579722823
연제구,연산동,2647066000,연산제2동,2023,61,61,315,0.014503430176343294
연제구,연산동,2647066000,연산제2동,2023,62,62,318,0.014641558082784658
연제구,연산동,2647066000,연산제2동,2023,63,63,375,0.01726598830517059
연제구,연산동,2647066000,연산제2동,2023,64,64,265,0.01220129840232055
연제구,연산동,2647066000,연산제2동,2023,65,65,295,0.013582577466734197
연제구,연산동,2647066000,연산제2동,2023,66,66,327,0.015055941802108752
연제구,연산동,2647066000,연산제2동,2023,67,67,293,0.013490492195773286
연제구,연산동,2647066000,연산제2동,2023,68,68,286,0.013168193747410102
연제구,연산동,2647066000,연산제2동,2023,69,69,269,0.012385468944242368
연제구,연산동,2647066000,연산제2동,2023,70,70,226,0.010405635618582808
연제구,연산동,2647066000,연산제2동,2023,71,71,236,0.010866061973387357
연제구,연산동,2647066000,연산제2동,2023,72,72,164,0.007550992218794603
연제구,연산동,2647066000,연산제2동,2023,73,73,228,0.010497720889543717
연제구,연산동,2647066000,연산제2동,2023,74,74,192,0.00884018601224734
연제구,연산동,2647066000,연산제2동,2023,75,75,189,0.008702058105805977
연제구,연산동,2647066000,연산제2동,2023,76,76,185,0.008517887563884156
연제구,연산동,2647066000,연산제2동,2023,77,77,142,0.006538054238224596
연제구,연산동,2647066000,연산제2동,2023,78,78,132,0.006077627883420047
연제구,연산동,2647066000,연산제2동,2023,79,79,136,0.006261798425341867
연제구,연산동,2647066000,연산제2동,2023,80,80,131,0.006031585247939592
연제구,연산동,2647066000,연산제2동,2023,81,81,161,0.007412864312353239
연제구,연산동,2647066000,연산제2동,2023,82,82,124,0.005709286799576408
연제구,연산동,2647066000,연산제2동,2023,83,83,111,0.005110732538330494
연제구,연산동,2647066000,연산제2동,2023,84,84,80,0.003683410838436392
연제구,연산동,2647066000,연산제2동,2023,85,85,72,0.0033150697545927528
연제구,연산동,2647066000,연산제2동,2023,86,86,63,0.0029006860352686586
연제구,연산동,2647066000,연산제2동,2023,87,87,52,0.002394217044983655
연제구,연산동,2647066000,연산제2동,2023,88,88,33,0.0015194069708550117
연제구,연산동,2647066000,연산제2동,2023,89,89,35,0.0016114922418159216
연제구,연산동,2647066000,연산제2동,2023,90,90,22,0.0010129379805700078
연제구,연산동,2647066000,연산제2동,2023,91,91,14,0.0006445968967263686
연제구,연산동,2647066000,연산제2동,2023,92,92,15,0.0006906395322068235
연제구,연산동,2647066000,연산제2동,2023,93,93,5,0.0002302131774022745
연제구,연산동,2647066000,연산제2동,2023,94,94,9,0.0004143837193240941
연제구,연산동,2647066000,연산제2동,2023,95,95,6,0.0002762558128827294
연제구,연산동,2647066000,연산제2동,2023,96,96,6,0.0002762558128827294
연제구,연산동,2647066000,연산제2동,2023,97,97,1,4.6042635480454904e-05
연제구,연산동,2647066000,연산제2동,2023,98,98,1,4.6042635480454904e-05
연제구,연산동,2647066000,연산제2동,2023,99,99,1,4.6042635480454904e-05
연제구,연산동,2647066000,연산제2동,2023,100,100세 이상,1,4.6042635480454904e-05
연제구,연산동,2647066000,연산제2동,2024,0,0,161,0.0074087708803092355
연제구,연산동,2647066000,연산제2동,2024,1,1,170,0.007822925774239566
연제구,연산동,2647066000,연산제2동,2024,2,2,174,0.008006994615986378
연제구,연산동,2647066000,연산제2동,2024,3,3,151,0.006948598775942202
연제구,연산동,2647066000,연산제2동,2024,4,4,136,0.006258340619391653
연제구,연산동,2647066000,연산제2동,2024,5,5,174,0.008006994615986378
연제구,연산동,2647066000,연산제2동,2024,6,6,171,0.00786894298467627
연제구,연산동,2647066000,연산제2동,2024,7,7,178,0.008191063457733192
연제구,연산동,2647066000,연산제2동,2024,8,8,200,0.009203442087340665
연제구,연산동,2647066000,연산제2동,2024,9,9,204,0.009387510929087479
연제구,연산동,2647066000,연산제2동,2024,10,10,173,0.007960977405549675
연제구,연산동,2647066000,연산제2동,2024,11,11,162,0.007454788090745939
연제구,연산동,2647066000,연산제2동,2024,12,12,153,0.007040633196815609
연제구,연산동,2647066000,연산제2동,2024,13,13,130,0.005982237356771432
연제구,연산동,2647066000,연산제2동,2024,14,14,128,0.0058902029358980255
연제구,연산동,2647066000,연산제2동,2024,15,15,96,0.00441765220192352
연제구,연산동,2647066000,연산제2동,2024,16,16,107,0.004923841516727256
연제구,연산동,2647066000,연산제2동,2024,17,17,144,0.006626478302885279
연제구,연산동,2647066000,연산제2동,2024,18,18,105,0.00483180709585385
연제구,연산동,2647066000,연산제2동,2024,19,19,108,0.004969858727163959
연제구,연산동,2647066000,연산제2동,2024,20,20,147,0.0067645299341953895
연제구,연산동,2647066000,연산제2동,2024,21,21,149,0.0068565643550687954
연제구,연산동,2647066000,연산제2동,2024,22,22,156,0.007178684828125719
연제구,연산동,2647066000,연산제2동,2024,23,23,199,0.009157424876903962
연제구,연산동,2647066000,연산제2동,2024,24,24,252,0.011596337030049239
연제구,연산동,2647066000,연산제2동,2024,25,25,234,0.010768027242188578
연제구,연산동,2647066000,연산제2동,2024,26,26,273,0.012562698449220009
연제구,연산동,2647066000,연산제2동,2024,27,27,304,0.013989231972757811
연제구,연산동,2647066000,연산제2동,2024,28,28,297,0.013667111499700887
연제구,연산동,2647066000,연산제2동,2024,29,29,358,0.01647416133633979
연제구,연산동,2647066000,연산제2동,2024,30,30,405,0.01863697022686485
연제구,연산동,2647066000,연산제2동,2024,31,31,462,0.02125995122175694
연제구,연산동,2647066000,연산제2동,2024,32,32,467,0.021490037273940454
연제구,연산동,2647066000,연산제2동,2024,33,33,487,0.022410381482674522
연제구,연산동,2647066000,연산제2동,2024,34,34,401,0.018452901385118035
연제구,연산동,2647066000,연산제2동,2024,35,35,425,0.019557314435598914
연제구,연산동,2647066000,연산제2동,2024,36,36,382,0.017578574386820672
연제구,연산동,2647066000,연산제2동,2024,37,37,356,0.016382126915466384
연제구,연산동,2647066000,연산제2동,2024,38,38,361,0.016612212967649902
연제구,연산동,2647066000,연산제2동,2024,39,39,355,0.016336109705029682
연제구,연산동,2647066000,연산제2동,2024,40,40,349,0.01606000644240946
연제구,연산동,2647066000,연산제2동,2024,41,41,337,0.01550779991716902
연제구,연산동,2647066000,연산제2동,2024,42,42,405,0.01863697022686485
연제구,연산동,2647066000,연산제2동,2024,43,43,401,0.018452901385118035
연제구,연산동,2647066000,연산제2동,2024,44,44,357,0.01642814412590309
연제구,연산동,2647066000,연산제2동,2024,45,45,316,0.01454143849799825
연제구,연산동,2647066000,연산제2동,2024,46,46,250,0.011504302609175832
연제구,연산동,2647066000,연산제2동,2024,47,47,254,0.011688371450922646
연제구,연산동,2647066000,연산제2동,2024,48,48,237,0.010906078873498688
연제구,연산동,2647066000,연산제2동,2024,49,49,248,0.011412268188302425
연제구,연산동,2647066000,연산제2동,2024,50,50,287,0.013206939395333855
연제구,연산동,2647066000,연산제2동,2024,51,51,338,0.015553817127605724
연제구,연산동,2647066000,연산제2동,2024,52,52,319,0.01467949012930836
연제구,연산동,2647066000,연산제2동,2024,53,53,318,0.014633472918871657
연제구,연산동,2647066000,연산제2동,2024,54,54,337,0.01550779991716902
연제구,연산동,2647066000,연산제2동,2024,55,55,288,0.013252956605770558
연제구,연산동,2647066000,연산제2동,2024,56,56,345,0.015875937600662648
연제구,연산동,2647066000,연산제2동,2024,57,57,337,0.01550779991716902
연제구,연산동,2647066000,연산제2동,2024,58,58,281,0.012930836132713635
연제구,연산동,2647066000,연산제2동,2024,59,59,319,0.01467949012930836
연제구,연산동,2647066000,연산제2동,2024,60,60,245,0.011274216556992315
연제구,연산동,2647066000,연산제2동,2024,61,61,272,0.012516681238783306
연제구,연산동,2647066000,연산제2동,2024,62,62,303,0.013943214762321108
연제구,연산동,2647066000,연산제2동,2024,63,63,315,0.014495421287561549
연제구,연산동,2647066000,연산제2동,2024,64,64,376,0.017302471124200452
연제구,연산동,2647066000,연산제2동,2024,65,65,268,0.012332612397036492
연제구,연산동,2647066000,연산제2동,2024,66,66,289,0.013298973816207262
연제구,연산동,2647066000,연산제2동,2024,67,67,314,0.014449404077124845
연제구,연산동,2647066000,연산제2동,2024,68,68,294,0.013529059868390779
연제구,연산동,2647066000,연산제2동,2024,69,69,296,0.013621094289264184
연제구,연산동,2647066000,연산제2동,2024,70,70,263,0.012102526344852975
연제구,연산동,2647066000,연산제2동,2024,71,71,219,0.010077769085638028
연제구,연산동,2647066000,연산제2동,2024,72,72,238,0.010952096083935391
연제구,연산동,2647066000,연산제2동,2024,73,73,165,0.007592839722056049
연제구,연산동,2647066000,연산제2동,2024,74,74,226,0.010399889558694952
연제구,연산동,2647066000,연산제2동,2024,75,75,200,0.009203442087340665
연제구,연산동,2647066000,연산제2동,2024,76,76,185,0.008513183930790116
연제구,연산동,2647066000,연산제2동,2024,77,77,184,0.008467166720353412
연제구,연산동,2647066000,연산제2동,2024,78,78,137,0.006304357829828356
연제구,연산동,2647066000,연산제2동,2024,79,79,128,0.0058902029358980255
연제구,연산동,2647066000,연산제2동,2024,80,80,133,0.006120288988081543
연제구,연산동,2647066000,연산제2동,2024,81,81,124,0.005706134094151213
연제구,연산동,2647066000,연산제2동,2024,82,82,152,0.006994615986378906
연제구,연산동,2647066000,연산제2동,2024,83,83,118,0.005430030831530992
연제구,연산동,2647066000,연산제2동,2024,84,84,100,0.0046017210436703326
연제구,연산동,2647066000,연산제2동,2024,85,85,70,0.003221204730569233
연제구,연산동,2647066000,연산제2동,2024,86,86,71,0.003267221941005936
연제구,연산동,2647066000,연산제2동,2024,87,87,54,0.0024849293635819795
연제구,연산동,2647066000,연산제2동,2024,88,88,45,0.0020707744696516497
연제구,연산동,2647066000,연산제2동,2024,89,89,28,0.0012884818922276932
연제구,연산동,2647066000,연산제2동,2024,90,90,31,0.0014265335235378032
연제구,연산동,2647066000,연산제2동,2024,91,91,22,0.0010123786296074731
연제구,연산동,2647066000,연산제2동,2024,92,92,11,0.0005061893148037366
연제구,연산동,2647066000,연산제2동,2024,93,93,11,0.0005061893148037366
연제구,연산동,2647066000,연산제2동,2024,94,94,5,0.00023008605218351663
연제구,연산동,2647066000,연산제2동,2024,95,95,7,0.0003221204730569233
연제구,연산동,2647066000,연산제2동,2024,96,96,4,0.0001840688417468133
연제구,연산동,2647066000,연산제2동,2024,97,97,6,0.00027610326262022
연제구,연산동,2647066000,연산제2동,2024,98,98,1,4.6017210436703324e-05
연제구,연산동,2647066000,연산제2동,2024,99,99,1,4.6017210436703324e-05
연제구,연산동,2647066000,연산제2동,2024,100,100세 이상,2,9.203442087340665e-05
연제구,연산동,2647067000,연산제3동,2020,0,0,14,0.0018870467718021297
연제구,연산동,2647067000,연산제3동,2020,1,1,18,0.002426202992317024
연제구,연산동,2647067000,연산제3동,2020,2,2,10,0.0013478905512872355
연제구,연산동,2647067000,연산제3동,2020,3,3,17,0.0022914139371883004
연제구,연산동,2647067000,연산제3동,2020,4,4,23,0.0031001482679606416
연제구,연산동,2647067000,연산제3동,2020,5,5,25,0.0033697263782180888
연제구,연산동,2647067000,연산제3동,2020,6,6,32,0.004313249764119153
연제구,연산동,2647067000,연산제3동,2020,7,7,23,0.0031001482679606416
연제구,연산동,2647067000,연산제3동,2020,8,8,30,0.0040436716538617065
연제구,연산동,2647067000,연산제3동,2020,9,9,30,0.0040436716538617065
연제구,연산동,2647067000,연산제3동,2020,10,10,27,0.003639304488475536
연제구,연산동,2647067000,연산제3동,2020,11,11,21,0.0028305701577031944
연제구,연산동,2647067000,연산제3동,2020,12,12,27,0.003639304488475536
연제구,연산동,2647067000,연산제3동,2020,13,13,37,0.004987195039762771
연제구,연산동,2647067000,연산제3동,2020,14,14,32,0.004313249764119153
연제구,연산동,2647067000,연산제3동,2020,15,15,42,0.005661140315406389
연제구,연산동,2647067000,연산제3동,2020,16,16,47,0.0063350855910500065
연제구,연산동,2647067000,연산제3동,2020,17,17,50,0.0067394527564361775
연제구,연산동,2647067000,연산제3동,2020,18,18,45,0.00606550748079256
연제구,연산동,2647067000,연산제3동,2020,19,19,52,0.007009030866693624
연제구,연산동,2647067000,연산제3동,2020,20,20,70,0.009435233859010649
연제구,연산동,2647067000,연산제3동,2020,21,21,75,0.010109179134654266
연제구,연산동,2647067000,연산제3동,2020,22,22,79,0.01064833535516916
연제구,연산동,2647067000,연산제3동,2020,23,23,70,0.009435233859010649
연제구,연산동,2647067000,연산제3동,2020,24,24,98,0.013209327402614908
연제구,연산동,2647067000,연산제3동,2020,25,25,89,0.011996225906456395
연제구,연산동,2647067000,연산제3동,2020,26,26,80,0.010783124410297884
연제구,연산동,2647067000,연산제3동,2020,27,27,85,0.011457069685941502
연제구,연산동,2647067000,연산제3동,2020,28,28,78,0.010513546300040437
연제구,연산동,2647067000,연산제3동,2020,29,29,80,0.010783124410297884
연제구,연산동,2647067000,연산제3동,2020,30,30,70,0.009435233859010649
연제구,연산동,2647067000,연산제3동,2020,31,31,67,0.009030866693624478
연제구,연산동,2647067000,연산제3동,2020,32,32,73,0.00983960102439682
연제구,연산동,2647067000,연산제3동,2020,33,33,76,0.010243968189782989
연제구,연산동,2647067000,연산제3동,2020,34,34,65,0.00876128858336703
연제구,연산동,2647067000,연산제3동,2020,35,35,71,0.009570022914139371
연제구,연산동,2647067000,연산제3동,2020,36,36,69,0.009300444803881924
연제구,연산동,2647067000,연산제3동,2020,37,37,74,0.009974390079525542
연제구,연산동,2647067000,연산제3동,2020,38,38,84,0.011322280630812778
연제구,연산동,2647067000,연산제3동,2020,39,39,85,0.011457069685941502
연제구,연산동,2647067000,연산제3동,2020,40,40,104,0.014018061733387249
연제구,연산동,2647067000,연산제3동,2020,41,41,86,0.011591858741070224
연제구,연산동,2647067000,연산제3동,2020,42,42,77,0.010378757244911713
연제구,연산동,2647067000,연산제3동,2020,43,43,65,0.00876128858336703
연제구,연산동,2647067000,연산제3동,2020,44,44,92,0.012400593071842566
연제구,연산동,2647067000,연산제3동,2020,45,45,81,0.010917913465426607
연제구,연산동,2647067000,연산제3동,2020,46,46,108,0.014557217953902144
연제구,연산동,2647067000,연산제3동,2020,47,47,111,0.014961585119288313
연제구,연산동,2647067000,연산제3동,2020,48,48,105,0.014152850788515973
연제구,연산동,2647067000,연산제3동,2020,49,49,132,0.017792155276991507
연제구,연산동,2647067000,연산제3동,2020,50,50,124,0.01671384283596172
연제구,연산동,2647067000,연산제3동,2020,51,51,131,0.017657366221862786
연제구,연산동,2647067000,연산제3동,2020,52,52,142,0.019140045828278742
연제구,연산동,2647067000,연산제3동,2020,53,53,132,0.017792155276991507
연제구,연산동,2647067000,연산제3동,2020,54,54,108,0.014557217953902144
연제구,연산동,2647067000,연산제3동,2020,55,55,112,0.015096374174417037
연제구,연산동,2647067000,연산제3동,2020,56,56,122,0.01644426472570427
연제구,연산동,2647067000,연산제3동,2020,57,57,114,0.015365952284674484
연제구,연산동,2647067000,연산제3동,2020,58,58,148,0.019948780159051084
연제구,연산동,2647067000,연산제3동,2020,59,59,178,0.02399245181291279
연제구,연산동,2647067000,연산제3동,2020,60,60,184,0.024801186143685133
연제구,연산동,2647067000,연산제3동,2020,61,61,178,0.02399245181291279
연제구,연산동,2647067000,연산제3동,2020,62,62,174,0.023453295592397897
연제구,연산동,2647067000,연산제3동,2020,63,63,175,0.02358808464752662
연제구,연산동,2647067000,연산제3동,2020,64,64,136,0.018331311497506404
연제구,연산동,2647067000,연산제3동,2020,65,65,207,0.027901334411645773
연제구,연산동,2647067000,연산제3동,2020,66,66,152,0.020487936379565978
연제구,연산동,2647067000,연산제3동,2020,67,67,125,0.016848631891090444
연제구,연산동,2647067000,연산제3동,2020,68,68,143,0.019274834883407466
연제구,연산동,2647067000,연산제3동,2020,69,69,112,0.015096374174417037
연제구,연산동,2647067000,연산제3동,2020,70,70,130,0.01752257716673406
연제구,연산동,2647067000,연산제3동,2020,71,71,124,0.01671384283596172
연제구,연산동,2647067000,연산제3동,2020,72,72,111,0.014961585119288313
연제구,연산동,2647067000,연산제3동,2020,73,73,120,0.016174686615446826
연제구,연산동,2647067000,연산제3동,2020,74,74,113,0.015231163229545762
연제구,연산동,2647067000,연산제3동,2020,75,75,77,0.010378757244911713
연제구,연산동,2647067000,연산제3동,2020,76,76,94,0.012670171182100013
연제구,연산동,2647067000,연산제3동,2020,77,77,77,0.010378757244911713
연제구,연산동,2647067000,연산제3동,2020,78,78,103,0.013883272678258526
연제구,연산동,2647067000,연산제3동,2020,79,79,66,0.008896077638495753
연제구,연산동,2647067000,연산제3동,2020,80,80,76,0.010243968189782989
연제구,연산동,2647067000,연산제3동,2020,81,81,50,0.0067394527564361775
연제구,연산동,2647067000,연산제3동,2020,82,82,44,0.005930718425663836
연제구,연산동,2647067000,연산제3동,2020,83,83,51,0.006874241811564901
연제구,연산동,2647067000,연산제3동,2020,84,84,39,0.005256773150020219
연제구,연산동,2647067000,연산제3동,2020,85,85,33,0.004448038819247877
연제구,연산동,2647067000,연산제3동,2020,86,86,24,0.003234937323089365
연제구,연산동,2647067000,연산제3동,2020,87,87,20,0.002695781102574471
연제구,연산동,2647067000,연산제3동,2020,88,88,13,0.001752257716673406
연제구,연산동,2647067000,연산제3동,2020,89,89,8,0.0010783124410297883
연제구,연산동,2647067000,연산제3동,2020,90,90,13,0.001752257716673406
연제구,연산동,2647067000,연산제3동,2020,91,91,3,0.0004043671653861706
연제구,연산동,2647067000,연산제3동,2020,92,92,11,0.001482679606415959
연제구,연산동,2647067000,연산제3동,2020,93,93,5,0.0006739452756436178
연제구,연산동,2647067000,연산제3동,2020,94,94,2,0.0002695781102574471
연제구,연산동,2647067000,연산제3동,2020,95,95,0,0.0
연제구,연산동,2647067000,연산제3동,2020,96,96,2,0.0002695781102574471
연제구,연산동,2647067000,연산제3동,2020,97,97,3,0.0004043671653861706
연제구,연산동,2647067000,연산제3동,2020,98,98,2,0.0002695781102574471
연제구,연산동,2647067000,연산제3동,2020,99,99,1,0.00013478905512872354
연제구,연산동,2647067000,연산제3동,2020,100,100세 이상,6,0.0008087343307723412
연제구,연산동,2647067000,연산제3동,2021,0,0,46,0.005021834061135371
연제구,연산동,2647067000,연산제3동,2021,1,1,60,0.006550218340611353
연제구,연산동,2647067000,연산제3동,2021,2,2,61,0.006659388646288209
연제구,연산동,2647067000,연산제3동,2021,3,3,60,0.006550218340611353
연제구,연산동,2647067000,연산제3동,2021,4,4,50,0.0054585152838427945
연제구,연산동,2647067000,연산제3동,2021,5,5,58,0.006331877729257642
연제구,연산동,2647067000,연산제3동,2021,6,6,44,0.00480349344978166
연제구,연산동,2647067000,연산제3동,2021,7,7,49,0.005349344978165939
연제구,연산동,2647067000,연산제3동,2021,8,8,41,0.004475982532751091
연제구,연산동,2647067000,연산제3동,2021,9,9,41,0.004475982532751091
연제구,연산동,2647067000,연산제3동,2021,10,10,42,0.004585152838427947
연제구,연산동,2647067000,연산제3동,2021,11,11,35,0.003820960698689956
연제구,연산동,2647067000,연산제3동,2021,12,12,35,0.003820960698689956
연제구,연산동,2647067000,연산제3동,2021,13,13,40,0.004366812227074236
연제구,연산동,2647067000,연산제3동,2021,14,14,49,0.005349344978165939
연제구,연산동,2647067000,연산제3동,2021,15,15,43,0.004694323144104804
연제구,연산동,2647067000,연산제3동,2021,16,16,54,0.0058951965065502186
연제구,연산동,2647067000,연산제3동,2021,17,17,62,0.006768558951965066
연제구,연산동,2647067000,연산제3동,2021,18,18,64,0.0069868995633187774
연제구,연산동,2647067000,연산제3동,2021,19,19,71,0.007751091703056769
연제구,연산동,2647067000,연산제3동,2021,20,20,62,0.006768558951965066
연제구,연산동,2647067000,연산제3동,2021,21,21,81,0.008842794759825327
연제구,연산동,2647067000,연산제3동,2021,22,22,104,0.011353711790393014
연제구,연산동,2647067000,연산제3동,2021,23,23,100,0.010917030567685589
연제구,연산동,2647067000,연산제3동,2021,24,24,83,0.009061135371179039
연제구,연산동,2647067000,연산제3동,2021,25,25,89,0.009716157205240175
연제구,연산동,2647067000,연산제3동,2021,26,26,95,0.01037117903930131
연제구,연산동,2647067000,연산제3동,2021,27,27,103,0.011244541484716156
연제구,연산동,2647067000,연산제3동,2021,28,28,100,0.010917030567685589
연제구,연산동,2647067000,연산제3동,2021,29,29,106,0.011572052401746726
연제구,연산동,2647067000,연산제3동,2021,30,30,115,0.012554585152838428
연제구,연산동,2647067000,연산제3동,2021,31,31,102,0.0111353711790393
연제구,연산동,2647067000,연산제3동,2021,32,32,105,0.01146288209606987
연제구,연산동,2647067000,연산제3동,2021,33,33,128,0.013973799126637555
연제구,연산동,2647067000,연산제3동,2021,34,34,131,0.014301310043668122
연제구,연산동,2647067000,연산제3동,2021,35,35,122,0.013318777292576418
연제구,연산동,2647067000,연산제3동,2021,36,36,127,0.013864628820960699
연제구,연산동,2647067000,연산제3동,2021,37,37,126,0.013755458515283843
연제구,연산동,2647067000,연산제3동,2021,38,38,127,0.013864628820960699
연제구,연산동,2647067000,연산제3동,2021,39,39,145,0.015829694323144104
연제구,연산동,2647067000,연산제3동,2021,40,40,142,0.015502183406113538
연제구,연산동,2647067000,연산제3동,2021,41,41,138,0.015065502183406113
연제구,연산동,2647067000,연산제3동,2021,42,42,125,0.013646288209606987
연제구,연산동,2647067000,연산제3동,2021,43,43,107,0.011681222707423581
연제구,연산동,2647067000,연산제3동,2021,44,44,94,0.010262008733624454
연제구,연산동,2647067000,연산제3동,2021,45,45,109,0.011899563318777293
연제구,연산동,2647067000,연산제3동,2021,46,46,120,0.013100436681222707
연제구,연산동,2647067000,연산제3동,2021,47,47,125,0.013646288209606987
연제구,연산동,2647067000,연산제3동,2021,48,48,145,0.015829694323144104
연제구,연산동,2647067000,연산제3동,2021,49,49,132,0.014410480349344978
연제구,연산동,2647067000,연산제3동,2021,50,50,165,0.018013100436681223
연제구,연산동,2647067000,연산제3동,2021,51,51,143,0.015611353711790394
연제구,연산동,2647067000,연산제3동,2021,52,52,148,0.016157205240174673
연제구,연산동,2647067000,연산제3동,2021,53,53,159,0.017358078602620088
연제구,연산동,2647067000,연산제3동,2021,54,54,156,0.01703056768558952
연제구,연산동,2647067000,연산제3동,2021,55,55,130,0.014192139737991267
연제구,연산동,2647067000,연산제3동,2021,56,56,131,0.014301310043668122
연제구,연산동,2647067000,연산제3동,2021,57,57,133,0.014519650655021834
연제구,연산동,2647067000,연산제3동,2021,58,58,127,0.013864628820960699
연제구,연산동,2647067000,연산제3동,2021,59,59,157,0.017139737991266377
연제구,연산동,2647067000,연산제3동,2021,60,60,212,0.02314410480349345
연제구,연산동,2647067000,연산제3동,2021,61,61,206,0.022489082969432313
연제구,연산동,2647067000,연산제3동,2021,62,62,187,0.02041484716157205
연제구,연산동,2647067000,연산제3동,2021,63,63,194,0.021179039301310043
연제구,연산동,2647067000,연산제3동,2021,64,64,184,0.020087336244541485
연제구,연산동,2647067000,연산제3동,2021,65,65,161,0.0175764192139738
연제구,연산동,2647067000,연산제3동,2021,66,66,223,0.024344978165938863
연제구,연산동,2647067000,연산제3동,2021,67,67,163,0.01779475982532751
연제구,연산동,2647067000,연산제3동,2021,68,68,129,0.01408296943231441
연제구,연산동,2647067000,연산제3동,2021,69,69,143,0.015611353711790394
연제구,연산동,2647067000,연산제3동,2021,70,70,114,0.012445414847161572
연제구,연산동,2647067000,연산제3동,2021,71,71,136,0.014847161572052401
연제구,연산동,2647067000,연산제3동,2021,72,72,125,0.013646288209606987
연제구,연산동,2647067000,연산제3동,2021,73,73,122,0.013318777292576418
연제구,연산동,2647067000,연산제3동,2021,74,74,127,0.013864628820960699
연제구,연산동,2647067000,연산제3동,2021,75,75,110,0.012008733624454149
연제구,연산동,2647067000,연산제3동,2021,76,76,76,0.008296943231441048
연제구,연산동,2647067000,연산제3동,2021,77,77,96,0.010480349344978166
연제구,연산동,2647067000,연산제3동,2021,78,78,68,0.007423580786026201
연제구,연산동,2647067000,연산제3동,2021,79,79,103,0.011244541484716156
연제구,연산동,2647067000,연산제3동,2021,80,80,66,0.007205240174672489
연제구,연산동,2647067000,연산제3동,2021,81,81,76,0.008296943231441048
연제구,연산동,2647067000,연산제3동,2021,82,82,46,0.005021834061135371
연제구,연산동,2647067000,연산제3동,2021,83,83,42,0.004585152838427947
연제구,연산동,2647067000,연산제3동,2021,84,84,49,0.005349344978165939
연제구,연산동,2647067000,연산제3동,2021,85,85,38,0.004148471615720524
연제구,연산동,2647067000,연산제3동,2021,86,86,29,0.003165938864628821
연제구,연산동,2647067000,연산제3동,2021,87,87,24,0.0026200873362445414
연제구,연산동,2647067000,연산제3동,2021,88,88,19,0.002074235807860262
연제구,연산동,2647067000,연산제3동,2021,89,89,11,0.001200873362445415
연제구,연산동,2647067000,연산제3동,2021,90,90,6,0.0006550218340611354
연제구,연산동,2647067000,연산제3동,2021,91,91,11,0.001200873362445415
연제구,연산동,2647067000,연산제3동,2021,92,92,4,0.0004366812227074236
연제구,연산동,2647067000,연산제3동,2021,93,93,11,0.001200873362445415
연제구,연산동,2647067000,연산제3동,2021,94,94,3,0.0003275109170305677
연제구,연산동,2647067000,연산제3동,2021,95,95,2,0.0002183406113537118
연제구,연산동,2647067000,연산제3동,2021,96,96,0,0.0
연제구,연산동,2647067000,연산제3동,2021,97,97,0,0.0
연제구,연산동,2647067000,연산제3동,2021,98,98,1,0.0001091703056768559
연제구,연산동,2647067000,연산제3동,2021,99,99,0,0.0
연제구,연산동,2647067000,연산제3동,2021,100,100세 이상,1,0.0001091703056768559
연제구,연산동,2647067000,연산제3동,2022,0,0,91,0.008337914605094374
연제구,연산동,2647067000,연산제3동,2022,1,1,89,0.00815466373465274
연제구,연산동,2647067000,연산제3동,2022,2,2,93,0.008521165475536009
연제구,연산동,2647067000,연산제3동,2022,3,3,97,0.008887667216419278
연제구,연산동,2647067000,연산제3동,2022,4,4,99,0.009070918086860913
연제구,연산동,2647067000,연산제3동,2022,5,5,75,0.006871907641561297
연제구,연산동,2647067000,연산제3동,2022,6,6,67,0.006138904159794759
연제구,연산동,2647067000,연산제3동,2022,7,7,77,0.007055158512002932
연제구,연산동,2647067000,연산제3동,2022,8,8,65,0.005955653289353125
연제구,연산동,2647067000,연산제3동,2022,9,9,54,0.004947773501924134
연제구,연산동,2647067000,연산제3동,2022,10,10,59,0.00540590067802822
연제구,연산동,2647067000,연산제3동,2022,11,11,52,0.004764522631482499
연제구,연산동,2647067000,연산제3동,2022,12,12,53,0.004856148066703317
연제구,연산동,2647067000,연산제3동,2022,13,13,47,0.004306395455378413
연제구,연산동,2647067000,연산제3동,2022,14,14,42,0.0038482682792743265
연제구,연산동,2647067000,연산제3동,2022,15,15,63,0.00577240241891149
연제구,연산동,2647067000,연산제3동,2022,16,16,51,0.004672897196261682
연제구,연산동,2647067000,연산제3동,2022,17,17,59,0.00540590067802822
연제구,연산동,2647067000,연산제3동,2022,18,18,74,0.00678028220634048
연제구,연산동,2647067000,연산제3동,2022,19,19,71,0.006505405900678028
연제구,연산동,2647067000,연산제3동,2022,20,20,83,0.007604911123327836
연제구,연산동,2647067000,연산제3동,2022,21,21,79,0.007238409382444567
연제구,연산동,2647067000,연산제3동,2022,22,22,95,0.008704416345977644
연제구,연산동,2647067000,연산제3동,2022,23,23,112,0.010262048744731538
연제구,연산동,2647067000,연산제3동,2022,24,24,101,0.009254168957302546
연제구,연산동,2647067000,연산제3동,2022,25,25,104,0.009529045262964999
연제구,연산동,2647067000,연산제3동,2022,26,26,105,0.009620670698185816
연제구,연산동,2647067000,연산제3동,2022,27,27,108,0.009895547003848268
연제구,연산동,2647067000,연산제3동,2022,28,28,123,0.011269928532160528
연제구,연산동,2647067000,연산제3동,2022,29,29,131,0.012002932013927067
연제구,연산동,2647067000,연산제3동,2022,30,30,145,0.013285688107018509
연제구,연산동,2647067000,연산제3동,2022,31,31,158,0.014476818764889134
연제구,연산동,2647067000,연산제3동,2022,32,32,154,0.014110317024005864
연제구,연산동,2647067000,연산제3동,2022,33,33,154,0.014110317024005864
연제구,연산동,2647067000,연산제3동,2022,34,34,187,0.017133956386292833
연제구,연산동,2647067000,연산제3동,2022,35,35,190,0.017408832691955287
연제구,연산동,2647067000,연산제3동,2022,36,36,172,0.015759574857980574
연제구,연산동,2647067000,연산제3동,2022,37,37,162,0.014843320505772403
연제구,연산동,2647067000,연산제3동,2022,38,38,179,0.016400952904526298
연제구,연산동,2647067000,연산제3동,2022,39,39,170,0.01557632398753894
연제구,연산동,2647067000,연산제3동,2022,40,40,202,0.018508337914605093
연제구,연산동,2647067000,연산제3동,2022,41,41,184,0.016859080080630383
연제구,연산동,2647067000,연산제3동,2022,42,42,180,0.016492578339747113
연제구,연산동,2647067000,연산제3동,2022,43,43,168,0.015393073117097306
연제구,연산동,2647067000,연산제3동,2022,44,44,141,0.01291918636613524
연제구,연산동,2647067000,연산제3동,2022,45,45,128,0.011728055708264615
연제구,연산동,2647067000,연산제3동,2022,46,46,128,0.011728055708264615
연제구,연산동,2647067000,연산제3동,2022,47,47,149,0.013652189847901777
연제구,연산동,2647067000,연산제3동,2022,48,48,139,0.012735935495693605
연제구,연산동,2647067000,연산제3동,2022,49,49,160,0.014660069635330768
연제구,연산동,2647067000,연산제3동,2022,50,50,149,0.013652189847901777
연제구,연산동,2647067000,연산제3동,2022,51,51,185,0.016950705515851202
연제구,연산동,2647067000,연산제3동,2022,52,52,164,0.015026571376214036
연제구,연산동,2647067000,연산제3동,2022,53,53,171,0.015667949422759758
연제구,연산동,2647067000,연산제3동,2022,54,54,180,0.016492578339747113
연제구,연산동,2647067000,연산제3동,2022,55,55,175,0.016034451163643028
연제구,연산동,2647067000,연산제3동,2022,56,56,148,0.01356056441268096
연제구,연산동,2647067000,연산제3동,2022,57,57,157,0.014385193329668316
연제구,연산동,2647067000,연산제3동,2022,58,58,147,0.013468938977460142
연제구,연산동,2647067000,연산제3동,2022,59,59,148,0.01356056441268096
연제구,연산동,2647067000,연산제3동,2022,60,60,180,0.016492578339747113
연제구,연산동,2647067000,연산제3동,2022,61,61,240,0.02199010445299615
연제구,연산동,2647067000,연산제3동,2022,62,62,225,0.02061572292468389
연제구,연산동,2647067000,연산제3동,2022,63,63,207,0.01896646509070918
연제구,연산동,2647067000,연산제3동,2022,64,64,202,0.018508337914605093
연제구,연산동,2647067000,연산제3동,2022,65,65,195,0.017866959868059373
연제구,연산동,2647067000,연산제3동,2022,66,66,176,0.016126076598863844
연제구,연산동,2647067000,연산제3동,2022,67,67,240,0.02199010445299615
연제구,연산동,2647067000,연산제3동,2022,68,68,174,0.01594282572842221
연제구,연산동,2647067000,연산제3동,2022,69,69,139,0.012735935495693605
연제구,연산동,2647067000,연산제3동,2022,70,70,151,0.013835440718343412
연제구,연산동,2647067000,연산제3동,2022,71,71,119,0.010903426791277258
연제구,연산동,2647067000,연산제3동,2022,72,72,137,0.01255268462525197
연제구,연산동,2647067000,연산제3동,2022,73,73,125,0.011453179402602163
연제구,연산동,2647067000,연산제3동,2022,74,74,127,0.011636430273043797
연제구,연산동,2647067000,연산제3동,2022,75,75,128,0.011728055708264615
연제구,연산동,2647067000,연산제3동,2022,76,76,106,0.009712296133406633
연제구,연산동,2647067000,연산제3동,2022,77,77,72,0.006597031335898846
연제구,연산동,2647067000,연산제3동,2022,78,78,95,0.008704416345977644
연제구,연산동,2647067000,연산제3동,2022,79,79,74,0.00678028220634048
연제구,연산동,2647067000,연산제3동,2022,80,80,101,0.009254168957302546
연제구,연산동,2647067000,연산제3동,2022,81,81,67,0.006138904159794759
연제구,연산동,2647067000,연산제3동,2022,82,82,81,0.007421660252886202
연제구,연산동,2647067000,연산제3동,2022,83,83,41,0.003756642844053509
연제구,연산동,2647067000,연산제3동,2022,84,84,42,0.0038482682792743265
연제구,연산동,2647067000,연산제3동,2022,85,85,42,0.0038482682792743265
연제구,연산동,2647067000,연산제3동,2022,86,86,36,0.003298515667949423
연제구,연산동,2647067000,연산제3동,2022,87,87,28,0.0025655121861828845
연제구,연산동,2647067000,연산제3동,2022,88,88,25,0.0022906358805204327
연제구,연산동,2647067000,연산제3동,2022,89,89,14,0.0012827560930914422
연제구,연산동,2647067000,연산제3동,2022,90,90,6,0.0005497526113249038
연제구,연산동,2647067000,연산제3동,2022,91,91,3,0.0002748763056624519
연제구,연산동,2647067000,연산제3동,2022,92,92,10,0.000916254352208173
연제구,연산동,2647067000,연산제3동,2022,93,93,3,0.0002748763056624519
연제구,연산동,2647067000,연산제3동,2022,94,94,6,0.0005497526113249038
연제구,연산동,2647067000,연산제3동,2022,95,95,1,9.16254352208173e-05
연제구,연산동,2647067000,연산제3동,2022,96,96,2,0.0001832508704416346
연제구,연산동,2647067000,연산제3동,2022,97,97,0,0.0
연제구,연산동,2647067000,연산제3동,2022,98,98,0,0.0
연제구,연산동,2647067000,연산제3동,2022,99,99,0,0.0
연제구,연산동,2647067000,연산제3동,2022,100,100세 이상,1,9.16254352208173e-05
연제구,연산동,2647067000,연산제3동,2023,0,0,69,0.006550840216462546
연제구,연산동,2647067000,연산제3동,2023,1,1,83,0.007879996202411468
연제구,연산동,2647067000,연산제3동,2023,2,2,85,0.0080698756289756
연제구,연산동,2647067000,연산제3동,2023,3,3,85,0.0080698756289756
연제구,연산동,2647067000,연산제3동,2023,4,4,90,0.00854457419538593
연제구,연산동,2647067000,연산제3동,2023,5,5,95,0.00901927276179626
연제구,연산동,2647067000,연산제3동,2023,6,6,64,0.006076141650052217
연제구,연산동,2647067000,연산제3동,2023,7,7,75,0.007120478496154941
연제구,연산동,2647067000,연산제3동,2023,8,8,74,0.0070255387828728755
연제구,연산동,2647067000,연산제3동,2023,9,9,60,0.005696382796923953
연제구,연산동,2647067000,연산제3동,2023,10,10,51,0.00484192537738536
연제구,연산동,2647067000,연산제3동,2023,11,11,53,0.005031804803949492
연제구,연산동,2647067000,연산제3동,2023,12,12,50,0.0047469856641032945
연제구,연산동,2647067000,연산제3동,2023,13,13,52,0.004936865090667426
연제구,연산동,2647067000,연산제3동,2023,14,14,45,0.004272287097692965
연제구,연산동,2647067000,연산제3동,2023,15,15,41,0.0038925282445647015
연제구,연산동,2647067000,연산제3동,2023,16,16,57,0.005411563657077755
연제구,연산동,2647067000,연산제3동,2023,17,17,49,0.004652045950821229
연제구,연산동,2647067000,연산제3동,2023,18,18,59,0.005601443083641887
연제구,연산동,2647067000,연산제3동,2023,19,19,70,0.006645779929744612
연제구,연산동,2647067000,연산제3동,2023,20,20,70,0.006645779929744612
연제구,연산동,2647067000,연산제3동,2023,21,21,78,0.00740529763600114
연제구,연산동,2647067000,연산제3동,2023,22,22,73,0.00693059906959081
연제구,연산동,2647067000,연산제3동,2023,23,23,89,0.008449634482103865
연제구,연산동,2647067000,연산제3동,2023,24,24,101,0.009588911041488655
연제구,연산동,2647067000,연산제3동,2023,25,25,96,0.009114212475078326
연제구,연산동,2647067000,연산제3동,2023,26,26,90,0.00854457419538593
연제구,연산동,2647067000,연산제3동,2023,27,27,97,0.009209152188360391
연제구,연산동,2647067000,연산제3동,2023,28,28,103,0.009778790468052787
연제구,연산동,2647067000,연산제3동,2023,29,29,117,0.011107946454001708
연제구,연산동,2647067000,연산제3동,2023,30,30,128,0.012152283300104434
연제구,연산동,2647067000,연산제3동,2023,31,31,141,0.01338649957277129
연제구,연산동,2647067000,연산제3동,2023,32,32,157,0.014905534985284345
연제구,연산동,2647067000,연산제3동,2023,33,33,152,0.014430836418874014
연제구,연산동,2647067000,연산제3동,2023,34,34,148,0.014051077565745751
연제구,연산동,2647067000,연산제3동,2023,35,35,177,0.016804329250925662
연제구,연산동,2647067000,연산제3동,2023,36,36,187,0.01775372638374632
연제구,연산동,2647067000,연산제3동,2023,37,37,161,0.015285293838412609
연제구,연산동,2647067000,연산제3동,2023,38,38,159,0.015095414411848477
연제구,연산동,2647067000,연산제3동,2023,39,39,171,0.016234690971233267
연제구,연산동,2647067000,연산제3동,2023,40,40,171,0.016234690971233267
연제구,연산동,2647067000,연산제3동,2023,41,41,193,0.018323364663438715
연제구,연산동,2647067000,연산제3동,2023,42,42,171,0.016234690971233267
연제구,연산동,2647067000,연산제3동,2023,43,43,171,0.016234690971233267
연제구,연산동,2647067000,연산제3동,2023,44,44,163,0.01547517326497674
연제구,연산동,2647067000,연산제3동,2023,45,45,138,0.013101680432925093
연제구,연산동,2647067000,연산제3동,2023,46,46,126,0.011962403873540303
연제구,연산동,2647067000,연산제3동,2023,47,47,124,0.01177252444697617
연제구,연산동,2647067000,연산제3동,2023,48,48,150,0.014240956992309883
연제구,연산동,2647067000,연산제3동,2023,49,49,133,0.012626981866514763
연제구,연산동,2647067000,연산제3동,2023,50,50,155,0.014715655558720212
연제구,연산동,2647067000,연산제3동,2023,51,51,142,0.013481439286053356
연제구,연산동,2647067000,연산제3동,2023,52,52,178,0.01689926896420773
연제구,연산동,2647067000,연산제3동,2023,53,53,159,0.015095414411848477
연제구,연산동,2647067000,연산제3동,2023,54,54,175,0.01661444982436153
연제구,연산동,2647067000,연산제3동,2023,55,55,169,0.016044811544669135
연제구,연산동,2647067000,연산제3동,2023,56,56,175,0.01661444982436153
연제구,연산동,2647067000,연산제3동,2023,57,57,141,0.01338649957277129
연제구,연산동,2647067000,연산제3동,2023,58,58,148,0.014051077565745751
연제구,연산동,2647067000,연산제3동,2023,59,59,145,0.013766258425899553
연제구,연산동,2647067000,연산제3동,2023,60,60,140,0.013291559859489224
연제구,연산동,2647067000,연산제3동,2023,61,61,181,0.017184088104053925
연제구,연산동,2647067000,연산제3동,2023,62,62,230,0.021836134054875153
연제구,연산동,2647067000,연산제3동,2023,63,63,211,0.020032279502515904
연제구,연산동,2647067000,연산제3동,2023,64,64,201,0.019082882369695242
연제구,연산동,2647067000,연산제3동,2023,65,65,198,0.018798063229849046
연제구,연산동,2647067000,연산제3동,2023,66,66,182,0.017279027817335993
연제구,연산동,2647067000,연산제3동,2023,67,67,167,0.015854932118105004
연제구,연산동,2647067000,연산제3동,2023,68,68,236,0.022405772334567548
연제구,연산동,2647067000,연산제3동,2023,69,69,173,0.0164245703977974
연제구,연산동,2647067000,연산제3동,2023,70,70,136,0.012911801006360961
연제구,연산동,2647067000,연산제3동,2023,71,71,143,0.013576378999335422
연제구,연산동,2647067000,연산제3동,2023,72,72,120,0.011392765593847906
연제구,연산동,2647067000,연산제3동,2023,73,73,131,0.012437102439950632
연제구,연산동,2647067000,연산제3동,2023,74,74,122,0.01158264502041204
연제구,연산동,2647067000,연산제3동,2023,75,75,120,0.011392765593847906
연제구,연산동,2647067000,연산제3동,2023,76,76,121,0.011487705307129973
연제구,연산동,2647067000,연산제3동,2023,77,77,102,0.00968385075477072
연제구,연산동,2647067000,연산제3동,2023,78,78,71,0.006740719643026678
연제구,연산동,2647067000,연산제3동,2023,79,79,93,0.008829393335232128
연제구,연산동,2647067000,연산제3동,2023,80,80,72,0.006835659356308744
연제구,연산동,2647067000,연산제3동,2023,81,81,95,0.00901927276179626
연제구,연산동,2647067000,연산제3동,2023,82,82,58,0.005506503370359821
연제구,연산동,2647067000,연산제3동,2023,83,83,77,0.007310357922719073
연제구,연산동,2647067000,연산제3동,2023,84,84,34,0.0032279502515902402
연제구,연산동,2647067000,연산제3동,2023,85,85,38,0.0036077091047185036
연제구,연산동,2647067000,연산제3동,2023,86,86,39,0.00370264881800057
연제구,연산동,2647067000,연산제3동,2023,87,87,29,0.0027532516851799106
연제구,연산동,2647067000,연산제3동,2023,88,88,24,0.0022785531187695814
연제구,연산동,2647067000,연산제3동,2023,89,89,21,0.0019937339789233835
연제구,연산동,2647067000,연산제3동,2023,90,90,13,0.0012342162726668565
연제구,연산동,2647067000,연산제3동,2023,91,91,5,0.00047469856641032946
연제구,연산동,2647067000,연산제3동,2023,92,92,3,0.0002848191398461977
연제구,연산동,2647067000,연산제3동,2023,93,93,7,0.0006645779929744612
연제구,연산동,2647067000,연산제3동,2023,94,94,2,0.00018987942656413178
연제구,연산동,2647067000,연산제3동,2023,95,95,6,0.0005696382796923954
연제구,연산동,2647067000,연산제3동,2023,96,96,1,9.493971328206589e-05
연제구,연산동,2647067000,연산제3동,2023,97,97,2,0.00018987942656413178
연제구,연산동,2647067000,연산제3동,2023,98,98,0,0.0
연제구,연산동,2647067000,연산제3동,2023,99,99,0,0.0
연제구,연산동,2647067000,연산제3동,2023,100,100세 이상,0,0.0
연제구,연산동,2647067000,연산제3동,2024,0,0,82,0.007998439328911432
연제구,연산동,2647067000,연산제3동,2024,1,1,60,0.005852516582130316
연제구,연산동,2647067000,연산제3동,2024,2,2,81,0.007900897385875927
연제구,연산동,2647067000,연산제3동,2024,3,3,81,0.007900897385875927
연제구,연산동,2647067000,연산제3동,2024,4,4,71,0.0069254779555208736
연제구,연산동,2647067000,연산제3동,2024,5,5,92,0.008973858759266484
연제구,연산동,2647067000,연산제3동,2024,6,6,80,0.007803355442840421
연제구,연산동,2647067000,연산제3동,2024,7,7,57,0.0055598907530238
연제구,연산동,2647067000,연산제3동,2024,8,8,72,0.00702301989855638
연제구,연산동,2647067000,연산제3동,2024,9,9,67,0.006535310183378853
연제구,연산동,2647067000,연산제3동,2024,10,10,59,0.00575497463909481
연제구,연산동,2647067000,연산제3동,2024,11,11,45,0.004389387436597737
연제구,연산동,2647067000,연산제3동,2024,12,12,50,0.004877097151775264
연제구,연산동,2647067000,연산제3동,2024,13,13,48,0.0046820132657042525
연제구,연산동,2647067000,연산제3동,2024,14,14,51,0.004974639094810769
연제구,연산동,2647067000,연산제3동,2024,15,15,43,0.0041943035505267266
연제구,연산동,2647067000,연산제3동,2024,16,16,43,0.0041943035505267266
연제구,연산동,2647067000,연산제3동,2024,17,17,56,0.005462348809988295
연제구,연산동,2647067000,연산제3동,2024,18,18,50,0.004877097151775264
연제구,연산동,2647067000,연산제3동,2024,19,19,65,0.006340226297307842
연제구,연산동,2647067000,연산제3동,2024,20,20,70,0.006827936012485368
연제구,연산동,2647067000,연산제3동,2024,21,21,74,0.00721810378462739
연제구,연산동,2647067000,연산제3동,2024,22,22,79,0.007705813499804916
연제구,연산동,2647067000,연산제3동,2024,23,23,68,0.006632852126414358
연제구,연산동,2647067000,연산제3동,2024,24,24,78,0.007608271556769411
연제구,연산동,2647067000,연산제3동,2024,25,25,92,0.008973858759266484
연제구,연산동,2647067000,연산제3동,2024,26,26,95,0.009266484588373
연제구,연산동,2647067000,연산제3동,2024,27,27,87,0.008486149044088958
연제구,연산동,2647067000,연산제3동,2024,28,28,93,0.00907140070230199
연제구,연산동,2647067000,연산제3동,2024,29,29,109,0.010632071790870074
연제구,연산동,2647067000,연산제3동,2024,30,30,121,0.011802575107296138
연제구,연산동,2647067000,연산제3동,2024,31,31,125,0.012192742879438159
연제구,연산동,2647067000,연산제3동,2024,32,32,158,0.015411626999609832
연제구,연산동,2647067000,연산제3동,2024,33,33,153,0.014923917284432306
연제구,연산동,2647067000,연산제3동,2024,34,34,140,0.013655872024970737
연제구,연산동,2647067000,연산제3동,2024,35,35,146,0.01424112368318377
연제구,연산동,2647067000,연산제3동,2024,36,36,166,0.016191962543893875
연제구,연산동,2647067000,연산제3동,2024,37,37,185,0.018045259461568475
연제구,연산동,2647067000,연산제3동,2024,38,38,157,0.015314085056574327
연제구,연산동,2647067000,연산제3동,2024,39,39,139,0.013558330081935232
연제구,연산동,2647067000,연산제3동,2024,40,40,163,0.015899336714787358
연제구,연산동,2647067000,연산제3동,2024,41,41,153,0.014923917284432306
연제구,연산동,2647067000,연산제3동,2024,42,42,186,0.01814280140460398
연제구,연산동,2647067000,연산제3동,2024,43,43,157,0.015314085056574327
연제구,연산동,2647067000,연산제3동,2024,44,44,158,0.015411626999609832
연제구,연산동,2647067000,연산제3동,2024,45,45,158,0.015411626999609832
연제구,연산동,2647067000,연산제3동,2024,46,46,136,0.013265704252828716
연제구,연산동,2647067000,연산제3동,2024,47,47,126,0.012290284822473664
연제구,연산동,2647067000,연산제3동,2024,48,48,127,0.01238782676550917
연제구,연산동,2647067000,연산제3동,2024,49,49,145,0.014143581740148264
연제구,연산동,2647067000,연산제3동,2024,50,50,136,0.013265704252828716
연제구,연산동,2647067000,연산제3동,2024,51,51,151,0.014728833398361296
연제구,연산동,2647067000,연산제3동,2024,52,52,144,0.01404603979711276
연제구,연산동,2647067000,연산제3동,2024,53,53,178,0.017362465860319937
연제구,연산동,2647067000,연산제3동,2024,54,54,159,0.015509168942645337
연제구,연산동,2647067000,연산제3동,2024,55,55,168,0.016387046429964885
연제구,연산동,2647067000,연산제3동,2024,56,56,157,0.015314085056574327
연제구,연산동,2647067000,연산제3동,2024,57,57,169,0.01648458837300039
연제구,연산동,2647067000,연산제3동,2024,58,58,137,0.013363246195864221
연제구,연산동,2647067000,연산제3동,2024,59,59,138,0.013460788138899726
연제구,연산동,2647067000,연산제3동,2024,60,60,141,0.013753413968006242
연제구,연산동,2647067000,연산제3동,2024,61,61,139,0.013558330081935232
연제구,연산동,2647067000,연산제3동,2024,62,62,172,0.016777214202106906
연제구,연산동,2647067000,연산제3동,2024,63,63,218,0.02126414358174015
연제구,연산동,2647067000,연산제3동,2024,64,64,204,0.019898556379243076
연제구,연산동,2647067000,연산제3동,2024,65,65,205,0.01999609832227858
연제구,연산동,2647067000,연산제3동,2024,66,66,199,0.019410846664065548
연제구,연산동,2647067000,연산제3동,2024,67,67,181,0.017655091689426455
연제구,연산동,2647067000,연산제3동,2024,68,68,169,0.01648458837300039
연제구,연산동,2647067000,연산제3동,2024,69,69,226,0.02204447912602419
연제구,연산동,2647067000,연산제3동,2024,70,70,165,0.016094420600858368
연제구,연산동,2647067000,연산제3동,2024,71,71,127,0.01238782676550917
연제구,연산동,2647067000,연산제3동,2024,72,72,141,0.013753413968006242
연제구,연산동,2647067000,연산제3동,2024,73,73,118,0.01150994927818962
연제구,연산동,2647067000,연산제3동,2024,74,74,124,0.012095200936402654
연제구,연산동,2647067000,연산제3동,2024,75,75,114,0.0111197815060476
연제구,연산동,2647067000,연산제3동,2024,76,76,113,0.011022239563012095
연제구,연산동,2647067000,연산제3동,2024,77,77,120,0.011705033164260631
연제구,연산동,2647067000,연산제3동,2024,78,78,99,0.009656652360515022
연제구,연산동,2647067000,연산제3동,2024,79,79,67,0.006535310183378853
연제구,연산동,2647067000,연산제3동,2024,80,80,85,0.008291065158017948
연제구,연산동,2647067000,연산제3동,2024,81,81,65,0.006340226297307842
연제구,연산동,2647067000,연산제3동,2024,82,82,92,0.008973858759266484
연제구,연산동,2647067000,연산제3동,2024,83,83,55,0.00536480686695279
연제구,연산동,2647067000,연산제3동,2024,84,84,74,0.00721810378462739
연제구,연산동,2647067000,연산제3동,2024,85,85,33,0.003218884120171674
연제구,연산동,2647067000,연산제3동,2024,86,86,38,0.0037065938353492
연제구,연산동,2647067000,연산제3동,2024,87,87,35,0.003413968006242684
연제구,연산동,2647067000,연산제3동,2024,88,88,25,0.002438548575887632
연제구,연산동,2647067000,연산제3동,2024,89,89,22,0.002145922746781116
연제구,연산동,2647067000,연산제3동,2024,90,90,19,0.0018532969176746
연제구,연산동,2647067000,연산제3동,2024,91,91,11,0.001072961373390558
연제구,연산동,2647067000,연산제3동,2024,92,92,5,0.0004877097151775263
연제구,연산동,2647067000,연산제3동,2024,93,93,3,0.0002926258291065158
연제구,연산동,2647067000,연산제3동,2024,94,94,5,0.0004877097151775263
연제구,연산동,2647067000,연산제3동,2024,95,95,0,0.0
연제구,연산동,2647067000,연산제3동,2024,96,96,6,0.0005852516582130316
연제구,연산동,2647067000,연산제3동,2024,97,97,1,9.754194303550527e-05
연제구,연산동,2647067000,연산제3동,2024,98,98,2,0.00019508388607101054
연제구,연산동,2647067000,연산제3동,2024,99,99,0,0.0
연제구,연산동,2647067000,연산제3동,2024,100,100세 이상,0,0.0
연제구,연산동,2647068000,연산제4동,2020,0,0,56,0.0033317467872441696
연제구,연산동,2647068000,연산제4동,2020,1,1,54,0.0032127558305568775
연제구,연산동,2647068000,연산제4동,2020,2,2,61,0.003629224178962399
연제구,연산동,2647068000,연산제4동,2020,3,3,65,0.0038672060923369824
연제구,연산동,2647068000,연산제4동,2020,4,4,67,0.003986197049024275
연제구,연산동,2647068000,연산제4동,2020,5,5,68,0.00404569252736792
연제구,연산동,2647068000,연산제4동,2020,6,6,73,0.004343169919086149
연제구,연산동,2647068000,연산제4동,2020,7,7,99,0.0058900523560209425
연제구,연산동,2647068000,연산제4동,2020,8,8,80,0.00475963826749167
연제구,연산동,2647068000,연산제4동,2020,9,9,93,0.005533079485959067
연제구,연산동,2647068000,연산제4동,2020,10,10,100,0.005949547834364588
연제구,연산동,2647068000,연산제4동,2020,11,11,69,0.004105188005711566
연제구,연산동,2647068000,연산제4동,2020,12,12,79,0.004700142789148025
연제구,연산동,2647068000,연산제4동,2020,13,13,89,0.005295097572584484
연제구,연산동,2647068000,연산제4동,2020,14,14,76,0.004521656354117087
연제구,연산동,2647068000,연산제4동,2020,15,15,70,0.0041646834840552115
연제구,연산동,2647068000,연산제4동,2020,16,16,89,0.005295097572584484
연제구,연산동,2647068000,연산제4동,2020,17,17,106,0.006306520704426464
연제구,연산동,2647068000,연산제4동,2020,18,18,105,0.006247025226082818
연제구,연산동,2647068000,연산제4동,2020,19,19,124,0.007377439314612089
연제구,연산동,2647068000,연산제4동,2020,20,20,167,0.009935744883388862
연제구,연산동,2647068000,연산제4동,2020,21,21,189,0.011244645406949073
연제구,연산동,2647068000,연산제4동,2020,22,22,202,0.012018086625416468
연제구,연산동,2647068000,연산제4동,2020,23,23,230,0.013683960019038552
연제구,연산동,2647068000,연산제4동,2020,24,24,248,0.014754878629224179
연제구,연산동,2647068000,연산제4동,2020,25,25,257,0.015290337934316991
연제구,연산동,2647068000,연산제4동,2020,26,26,291,0.01731318419800095
연제구,연산동,2647068000,연산제4동,2020,27,27,290,0.017253688719657306
연제구,연산동,2647068000,연산제4동,2020,28,28,261,0.015528319847691575
연제구,연산동,2647068000,연산제4동,2020,29,29,255,0.0151713469776297
연제구,연산동,2647068000,연산제4동,2020,30,30,230,0.013683960019038552
연제구,연산동,2647068000,연산제4동,2020,31,31,236,0.014040932889100428
연제구,연산동,2647068000,연산제4동,2020,32,32,198,0.011780104712041885
연제구,연산동,2647068000,연산제4동,2020,33,33,177,0.010530699666825322
연제구,연산동,2647068000,연산제4동,2020,34,34,205,0.012196573060447406
연제구,연산동,2647068000,연산제4동,2020,35,35,166,0.009876249405045216
연제구,연산동,2647068000,연산제4동,2020,36,36,195,0.011601618277010946
연제구,연산동,2647068000,연산제4동,2020,37,37,206,0.012256068538791052
연제구,연산동,2647068000,연산제4동,2020,38,38,211,0.012553545930509282
연제구,연산동,2647068000,연산제4동,2020,39,39,226,0.01344597810566397
연제구,연산동,2647068000,연산제4동,2020,40,40,233,0.01386244645406949
연제구,연산동,2647068000,연산제4동,2020,41,41,259,0.015409328891004284
연제구,연산동,2647068000,연산제4동,2020,42,42,204,0.01213707758210376
연제구,연산동,2647068000,연산제4동,2020,43,43,215,0.012791527843883864
연제구,연산동,2647068000,연산제4동,2020,44,44,190,0.011304140885292718
연제구,연산동,2647068000,연산제4동,2020,45,45,189,0.011244645406949073
연제구,연산동,2647068000,연산제4동,2020,46,46,237,0.014100428367444075
연제구,연산동,2647068000,연산제4동,2020,47,47,217,0.012910518800571157
연제구,연산동,2647068000,연산제4동,2020,48,48,254,0.015111851499286054
연제구,연산동,2647068000,연산제4동,2020,49,49,281,0.01671822941456449
연제구,연산동,2647068000,연산제4동,2020,50,50,253,0.015052356020942409
연제구,연산동,2647068000,연산제4동,2020,51,51,264,0.015706806282722512
연제구,연산동,2647068000,연산제4동,2020,52,52,241,0.014338410280818658
연제구,연산동,2647068000,연산제4동,2020,53,53,294,0.017491670633031888
연제구,연산동,2647068000,연산제4동,2020,54,54,256,0.015230842455973346
연제구,연산동,2647068000,연산제4동,2020,55,55,283,0.016837220371251786
연제구,연산동,2647068000,연산제4동,2020,56,56,278,0.016539742979533555
연제구,연산동,2647068000,연산제4동,2020,57,57,274,0.016301761066158972
연제구,연산동,2647068000,연산제4동,2020,58,58,324,0.019276534983341267
연제구,연산동,2647068000,연산제4동,2020,59,59,367,0.02183484055211804
연제구,연산동,2647068000,연산제4동,2020,60,60,372,0.022132317943836268
연제구,연산동,2647068000,연산제4동,2020,61,61,360,0.021418372203712517
연제구,연산동,2647068000,연산제4동,2020,62,62,364,0.021656354117087103
연제구,연산동,2647068000,연산제4동,2020,63,63,321,0.019098048548310327
연제구,연산동,2647068000,연산제4동,2020,64,64,324,0.019276534983341267
연제구,연산동,2647068000,연산제4동,2020,65,65,359,0.02135887672536887
연제구,연산동,2647068000,연산제4동,2020,66,66,297,0.01767015706806283
연제구,연산동,2647068000,연산제4동,2020,67,67,273,0.016242265587815326
연제구,연산동,2647068000,연산제4동,2020,68,68,292,0.017372679676344597
연제구,연산동,2647068000,연산제4동,2020,69,69,210,0.012494050452165636
연제구,연산동,2647068000,연산제4동,2020,70,70,211,0.012553545930509282
연제구,연산동,2647068000,연산제4동,2020,71,71,209,0.012434554973821989
연제구,연산동,2647068000,연산제4동,2020,72,72,214,0.012732032365540219
연제구,연산동,2647068000,연산제4동,2020,73,73,224,0.013326987148976678
연제구,연산동,2647068000,연산제4동,2020,74,74,152,0.009043312708234174
연제구,연산동,2647068000,연산제4동,2020,75,75,135,0.008031889576392195
연제구,연산동,2647068000,연산제4동,2020,76,76,152,0.009043312708234174
연제구,연산동,2647068000,연산제4동,2020,77,77,162,0.009638267491670634
연제구,연산동,2647068000,연산제4동,2020,78,78,157,0.009340790099952404
연제구,연산동,2647068000,연산제4동,2020,79,79,125,0.007436934792955735
연제구,연산동,2647068000,연산제4동,2020,80,80,124,0.007377439314612089
연제구,연산동,2647068000,연산제4동,2020,81,81,91,0.005414088529271776
연제구,연산동,2647068000,연산제4동,2020,82,82,91,0.005414088529271776
연제구,연산동,2647068000,연산제4동,2020,83,83,88,0.005235602094240838
연제구,연산동,2647068000,연산제4동,2020,84,84,72,0.004283674440742504
연제구,연산동,2647068000,연산제4동,2020,85,85,60,0.003569728700618753
연제구,연산동,2647068000,연산제4동,2020,86,86,33,0.001963350785340314
연제구,연산동,2647068000,연산제4동,2020,87,87,31,0.0018443598286530223
연제구,연산동,2647068000,연산제4동,2020,88,88,25,0.001487386958591147
연제구,연산동,2647068000,연산제4동,2020,89,89,24,0.0014278914802475012
연제구,연산동,2647068000,연산제4동,2020,90,90,20,0.0011899095668729176
연제구,연산동,2647068000,연산제4동,2020,91,91,16,0.0009519276534983341
연제구,연산동,2647068000,연산제4동,2020,92,92,14,0.0008329366968110424
연제구,연산동,2647068000,연산제4동,2020,93,93,11,0.0006544502617801048
연제구,연산동,2647068000,연산제4동,2020,94,94,3,0.00017848643503093765
연제구,연산동,2647068000,연산제4동,2020,95,95,3,0.00017848643503093765
연제구,연산동,2647068000,연산제4동,2020,96,96,4,0.00023798191337458352
연제구,연산동,2647068000,연산제4동,2020,97,97,1,5.949547834364588e-05
연제구,연산동,2647068000,연산제4동,2020,98,98,1,5.949547834364588e-05
연제구,연산동,2647068000,연산제4동,2020,99,99,3,0.00017848643503093765
연제구,연산동,2647068000,연산제4동,2020,100,100세 이상,4,0.00023798191337458352
연제구,연산동,2647068000,연산제4동,2021,0,0,43,0.0026618794106722794
연제구,연산동,2647068000,연산제4동,2021,1,1,40,0.002476166893648632
연제구,연산동,2647068000,연산제4동,2021,2,2,47,0.0029094961000371423
연제구,연산동,2647068000,연산제4동,2021,3,3,54,0.0033428253064256533
연제구,연산동,2647068000,연산제4동,2021,4,4,59,0.003652346168131732
연제구,연산동,2647068000,연산제4동,2021,5,5,58,0.0035904419957905162
연제구,연산동,2647068000,연산제4동,2021,6,6,67,0.004147579546861458
연제구,연산동,2647068000,연산제4동,2021,7,7,66,0.0040856753745202425
연제구,연산동,2647068000,연산제4동,2021,8,8,104,0.006438033923486443
연제구,연산동,2647068000,연산제4동,2021,9,9,85,0.005261854649003343
연제구,연산동,2647068000,연산제4동,2021,10,10,91,0.0056332796830506375
연제구,연산동,2647068000,연산제4동,2021,11,11,91,0.0056332796830506375
연제구,연산동,2647068000,연산제4동,2021,12,12,69,0.00427138789154389
연제구,연산동,2647068000,연산제4동,2021,13,13,87,0.0053856629936857746
연제구,연산동,2647068000,연산제4동,2021,14,14,91,0.0056332796830506375
연제구,연산동,2647068000,연산제4동,2021,15,15,76,0.004704717097932401
연제구,연산동,2647068000,연산제4동,2021,16,16,79,0.004890429614956048
연제구,연산동,2647068000,연산제4동,2021,17,17,84,0.005199950476662127
연제구,연산동,2647068000,연산제4동,2021,18,18,116,0.0071808839915810324
연제구,연산동,2647068000,연산제4동,2021,19,19,107,0.00662374644051009
연제구,연산동,2647068000,연산제4동,2021,20,20,137,0.008480871610746564
연제구,연산동,2647068000,연산제4동,2021,21,21,169,0.01046180512566547
연제구,연산동,2647068000,연산제4동,2021,22,22,212,0.013123684536337749
연제구,연산동,2647068000,연산제4동,2021,23,23,180,0.011142751021418843
연제구,연산동,2647068000,연산제4동,2021,24,24,244,0.015104618051256655
연제구,연산동,2647068000,연산제4동,2021,25,25,257,0.01590937229169246
연제구,연산동,2647068000,연산제4동,2021,26,26,268,0.016590318187445833
연제구,연산동,2647068000,연산제4동,2021,27,27,275,0.017023647393834343
연제구,연산동,2647068000,연산제4동,2021,28,28,278,0.01720935991085799
연제구,연산동,2647068000,연산제4동,2021,29,29,247,0.015290330568280303
연제구,연산동,2647068000,연산제4동,2021,30,30,241,0.014918905534233006
연제구,연산동,2647068000,연산제4동,2021,31,31,224,0.013866534604432339
연제구,연산동,2647068000,연산제4동,2021,32,32,220,0.013618917915067476
연제구,연산동,2647068000,연산제4동,2021,33,33,173,0.010709421815030333
연제구,연산동,2647068000,연산제4동,2021,34,34,161,0.009966571746935743
연제구,연산동,2647068000,연산제4동,2021,35,35,182,0.011266559366101275
연제구,연산동,2647068000,연산제4동,2021,36,36,153,0.009471338368206017
연제구,연산동,2647068000,연산제4동,2021,37,37,170,0.010523709298006686
연제구,연산동,2647068000,연산제4동,2021,38,38,183,0.01132846353844249
연제구,연산동,2647068000,연산제4동,2021,39,39,202,0.012504642812925591
연제구,연산동,2647068000,연산제4동,2021,40,40,217,0.013433205398043829
연제구,연산동,2647068000,연산제4동,2021,41,41,230,0.014237959638479633
연제구,연산동,2647068000,연산제4동,2021,42,42,255,0.01578556394701003
연제구,연산동,2647068000,연산제4동,2021,43,43,204,0.012628451157608023
연제구,연산동,2647068000,연산제4동,2021,44,44,197,0.012195121951219513
연제구,연산동,2647068000,연산제4동,2021,45,45,179,0.011080846849077628
연제구,연산동,2647068000,연산제4동,2021,46,46,186,0.011514176055466138
연제구,연산동,2647068000,연산제4동,2021,47,47,226,0.01399034294911477
연제구,연산동,2647068000,연산제4동,2021,48,48,218,0.013495109570385045
연제구,연산동,2647068000,연산제4동,2021,49,49,240,0.01485700136189179
연제구,연산동,2647068000,연산제4동,2021,50,50,265,0.016404605670422186
연제구,연산동,2647068000,연산제4동,2021,51,51,253,0.015661755602327597
연제구,연산동,2647068000,연산제4동,2021,52,52,258,0.015971276464033676
연제구,연산동,2647068000,연산제4동,2021,53,53,229,0.014176055466138418
연제구,연산동,2647068000,연산제4동,2021,54,54,281,0.01739507242788164
연제구,연산동,2647068000,연산제4동,2021,55,55,236,0.014609384672526928
연제구,연산동,2647068000,연산제4동,2021,56,56,271,0.01677603070446948
연제구,연산동,2647068000,연산제4동,2021,57,57,260,0.016095084808716107
연제구,연산동,2647068000,연산제4동,2021,58,58,277,0.017147455738516774
연제구,연산동,2647068000,연산제4동,2021,59,59,317,0.019623622632165407
연제구,연산동,2647068000,연산제4동,2021,60,60,342,0.021171226940695804
연제구,연산동,2647068000,연산제4동,2021,61,61,367,0.022718831249226197
연제구,연산동,2647068000,연산제4동,2021,62,62,343,0.02123313111303702
연제구,연산동,2647068000,연산제4동,2021,63,63,348,0.021542651974743098
연제구,연산동,2647068000,연산제4동,2021,64,64,306,0.018942676736412034
연제구,연산동,2647068000,연산제4동,2021,65,65,313,0.019376005942800544
연제구,연산동,2647068000,연산제4동,2021,66,66,336,0.02079980190664851
연제구,연산동,2647068000,연산제4동,2021,67,67,270,0.016714126532128264
연제구,연산동,2647068000,연산제4동,2021,68,68,262,0.01621889315339854
연제구,연산동,2647068000,연산제4동,2021,69,69,287,0.017766497461928935
연제구,연산동,2647068000,연산제4동,2021,70,70,210,0.012999876191655317
연제구,연산동,2647068000,연산제4동,2021,71,71,191,0.011823696917172218
연제구,연산동,2647068000,연산제4동,2021,72,72,192,0.011885601089513434
연제구,연산동,2647068000,연산제4동,2021,73,73,209,0.012937972019314101
연제구,연산동,2647068000,연산제4동,2021,74,74,211,0.013061780363996533
연제구,연산동,2647068000,연산제4동,2021,75,75,145,0.008976104989476291
연제구,연산동,2647068000,연산제4동,2021,76,76,133,0.0082332549213817
연제구,연산동,2647068000,연산제4동,2021,77,77,143,0.00885229664479386
연제구,연산동,2647068000,연산제4동,2021,78,78,151,0.009347530023523586
연제구,연산동,2647068000,연산제4동,2021,79,79,152,0.009409434195864801
연제구,연산동,2647068000,연산제4동,2021,80,80,116,0.0071808839915810324
연제구,연산동,2647068000,연산제4동,2021,81,81,120,0.007428500680945895
연제구,연산동,2647068000,연산제4동,2021,82,82,84,0.005199950476662127
연제구,연산동,2647068000,연산제4동,2021,83,83,80,0.004952333787297264
연제구,연산동,2647068000,연산제4동,2021,84,84,76,0.004704717097932401
연제구,연산동,2647068000,연산제4동,2021,85,85,66,0.0040856753745202425
연제구,연산동,2647068000,연산제4동,2021,86,86,52,0.0032190169617432214
연제구,연산동,2647068000,연산제4동,2021,87,87,30,0.0018571251702364738
연제구,연산동,2647068000,연산제4동,2021,88,88,26,0.0016095084808716107
연제구,연산동,2647068000,연산제4동,2021,89,89,23,0.0014237959638479633
연제구,연산동,2647068000,연산제4동,2021,90,90,23,0.0014237959638479633
연제구,연산동,2647068000,연산제4동,2021,91,91,17,0.0010523709298006685
연제구,연산동,2647068000,연산제4동,2021,92,92,14,0.0008666584127770212
연제구,연산동,2647068000,연산제4동,2021,93,93,12,0.0007428500680945896
연제구,연산동,2647068000,연산제4동,2021,94,94,7,0.0004333292063885106
연제구,연산동,2647068000,연산제4동,2021,95,95,2,0.0001238083446824316
연제구,연산동,2647068000,연산제4동,2021,96,96,1,6.19041723412158e-05
연제구,연산동,2647068000,연산제4동,2021,97,97,2,0.0001238083446824316
연제구,연산동,2647068000,연산제4동,2021,98,98,0,0.0
연제구,연산동,2647068000,연산제4동,2021,99,99,1,6.19041723412158e-05
연제구,연산동,2647068000,연산제4동,2021,100,100세 이상,2,0.0001238083446824316
연제구,연산동,2647068000,연산제4동,2022,0,0,41,0.0025877303711184046
연제구,연산동,2647068000,연산제4동,2022,1,1,36,0.0022721534965917697
연제구,연산동,2647068000,연산제4동,2022,2,2,35,0.002209038121686443
연제구,연산동,2647068000,연산제4동,2022,3,3,42,0.0026508457460237313
연제구,연산동,2647068000,연산제4동,2022,4,4,49,0.00309265337036102
연제구,연산동,2647068000,연산제4동,2022,5,5,55,0.0034713456197929815
연제구,연산동,2647068000,연산제4동,2022,6,6,50,0.0031557687452663467
연제구,연산동,2647068000,연산제4동,2022,7,7,72,0.0045443069931835394
연제구,연산동,2647068000,연산제4동,2022,8,8,61,0.003850037869224943
연제구,연산동,2647068000,연산제4동,2022,9,9,100,0.006311537490532693
연제구,연산동,2647068000,연산제4동,2022,10,10,86,0.005427922241858117
연제구,연산동,2647068000,연산제4동,2022,11,11,88,0.00555415299166877
연제구,연산동,2647068000,연산제4동,2022,12,12,90,0.0056803837414794245
연제구,연산동,2647068000,연산제4동,2022,13,13,69,0.004354960868467559
연제구,연산동,2647068000,연산제4동,2022,14,14,94,0.005932845241100732
연제구,연산동,2647068000,연산제4동,2022,15,15,87,0.005491037616763444
연제구,연산동,2647068000,연산제4동,2022,16,16,75,0.00473365311789952
연제구,연산동,2647068000,연산제4동,2022,17,17,80,0.005049229992426155
연제구,연산동,2647068000,연산제4동,2022,18,18,84,0.0053016914920474625
연제구,연산동,2647068000,연산제4동,2022,19,19,112,0.007068921989396617
연제구,연산동,2647068000,연산제4동,2022,20,20,112,0.007068921989396617
연제구,연산동,2647068000,연산제4동,2022,21,21,146,0.009214844736177733
연제구,연산동,2647068000,연산제4동,2022,22,22,173,0.01091895985862156
연제구,연산동,2647068000,연산제4동,2022,23,23,201,0.012686190355970715
연제구,연산동,2647068000,연산제4동,2022,24,24,191,0.012055036606917445
연제구,연산동,2647068000,연산제4동,2022,25,25,239,0.015084574602373137
연제구,연산동,2647068000,연산제4동,2022,26,26,274,0.01729361272405958
연제구,연산동,2647068000,연산제4동,2022,27,27,250,0.015778843726331735
연제구,연산동,2647068000,연산제4동,2022,28,28,269,0.016978035849532946
연제구,연산동,2647068000,연산제4동,2022,29,29,284,0.01792476647311285
연제구,연산동,2647068000,연산제4동,2022,30,30,252,0.015905074476142388
연제구,연산동,2647068000,연산제4동,2022,31,31,245,0.0154632668518051
연제구,연산동,2647068000,연산제4동,2022,32,32,224,0.014137843978793235
연제구,연산동,2647068000,연산제4동,2022,33,33,208,0.013127997980308004
연제구,연산동,2647068000,연산제4동,2022,34,34,161,0.010161575359757638
연제구,연산동,2647068000,연산제4동,2022,35,35,161,0.010161575359757638
연제구,연산동,2647068000,연산제4동,2022,36,36,169,0.010666498359000253
연제구,연산동,2647068000,연산제4동,2022,37,37,132,0.008331229487503155
연제구,연산동,2647068000,연산제4동,2022,38,38,158,0.009972229235041655
연제구,연산동,2647068000,연산제4동,2022,39,39,179,0.011297652108053521
연제구,연산동,2647068000,연산제4동,2022,40,40,188,0.011865690482201464
연제구,연산동,2647068000,연산제4동,2022,41,41,206,0.01300176723049735
연제구,연산동,2647068000,연산제4동,2022,42,42,220,0.013885382479171926
연제구,연산동,2647068000,연산제4동,2022,43,43,244,0.015400151476899772
연제구,연산동,2647068000,연산제4동,2022,44,44,208,0.013127997980308004
연제구,연산동,2647068000,연산제4동,2022,45,45,196,0.01237061348144408
연제구,연산동,2647068000,연산제4동,2022,46,46,177,0.011171421358242868
연제구,연산동,2647068000,연산제4동,2022,47,47,188,0.011865690482201464
연제구,연산동,2647068000,연산제4동,2022,48,48,215,0.013569805604645291
연제구,연산동,2647068000,연산제4동,2022,49,49,214,0.013506690229739965
연제구,연산동,2647068000,연산제4동,2022,50,50,227,0.014327190103509215
연제구,연산동,2647068000,연산제4동,2022,51,51,256,0.016157535975763696
연제구,연산동,2647068000,연산제4동,2022,52,52,243,0.015337036101994446
연제구,연산동,2647068000,연산제4동,2022,53,53,252,0.015905074476142388
연제구,연산동,2647068000,연산제4동,2022,54,54,241,0.015210805352183792
연제구,연산동,2647068000,연산제4동,2022,55,55,280,0.017672304973491544
연제구,연산동,2647068000,연산제4동,2022,56,56,229,0.01445342085331987
연제구,연산동,2647068000,연산제4동,2022,57,57,259,0.016346882100479677
연제구,연산동,2647068000,연산제4동,2022,58,58,259,0.016346882100479677
연제구,연산동,2647068000,연산제4동,2022,59,59,280,0.017672304973491544
연제구,연산동,2647068000,연산제4동,2022,60,60,320,0.02019691996970462
연제구,연산동,2647068000,연산제4동,2022,61,61,330,0.02082807371875789
연제구,연산동,2647068000,연산제4동,2022,62,62,356,0.02246907346629639
연제구,연산동,2647068000,연산제4동,2022,63,63,348,0.021964150467053776
연제구,연산동,2647068000,연산제4동,2022,64,64,340,0.02145922746781116
연제구,연산동,2647068000,연산제4동,2022,65,65,313,0.01975511234536733
연제구,연산동,2647068000,연산제4동,2022,66,66,315,0.019881343095177986
연제구,연산동,2647068000,연산제4동,2022,67,67,327,0.02063872759404191
연제구,연산동,2647068000,연산제4동,2022,68,68,273,0.017230497349154255
연제구,연산동,2647068000,연산제4동,2022,69,69,258,0.01628376672557435
연제구,연산동,2647068000,연산제4동,2022,70,70,281,0.01773542034839687
연제구,연산동,2647068000,연산제4동,2022,71,71,200,0.012623074981065387
연제구,연산동,2647068000,연산제4동,2022,72,72,188,0.011865690482201464
연제구,연산동,2647068000,연산제4동,2022,73,73,187,0.011802575107296138
연제구,연산동,2647068000,연산제4동,2022,74,74,204,0.012875536480686695
연제구,연산동,2647068000,연산제4동,2022,75,75,202,0.012749305730876041
연제구,연산동,2647068000,연산제4동,2022,76,76,139,0.008773037111840444
연제구,연산동,2647068000,연산제4동,2022,77,77,126,0.007952537238071194
연제구,연산동,2647068000,연산제4동,2022,78,78,139,0.008773037111840444
연제구,연산동,2647068000,연산제4동,2022,79,79,145,0.009151729361272405
연제구,연산동,2647068000,연산제4동,2022,80,80,145,0.009151729361272405
연제구,연산동,2647068000,연산제4동,2022,81,81,121,0.00763696036354456
연제구,연산동,2647068000,연산제4동,2022,82,82,110,0.006942691239585963
연제구,연산동,2647068000,연산제4동,2022,83,83,74,0.004670537742994194
연제구,연산동,2647068000,연산제4동,2022,84,84,74,0.004670537742994194
연제구,연산동,2647068000,연산제4동,2022,85,85,67,0.004228730118656905
연제구,연산동,2647068000,연산제4동,2022,86,86,57,0.0035975763696036354
연제구,연산동,2647068000,연산제4동,2022,87,87,47,0.002966422620550366
연제구,연산동,2647068000,연산제4동,2022,88,88,25,0.0015778843726331733
연제구,연산동,2647068000,연산제4동,2022,89,89,28,0.0017672304973491543
연제구,연산동,2647068000,연산제4동,2022,90,90,21,0.0013254228730118656
연제구,연산동,2647068000,연산제4동,2022,91,91,20,0.0012623074981065387
연제구,연산동,2647068000,연산제4동,2022,92,92,15,0.0009467306235799041
연제구,연산동,2647068000,연산제4동,2022,93,93,7,0.0004418076243372886
연제구,연산동,2647068000,연산제4동,2022,94,94,11,0.0006942691239585963
연제구,연산동,2647068000,연산제4동,2022,95,95,6,0.0003786922494319616
연제구,연산동,2647068000,연산제4동,2022,96,96,2,0.00012623074981065388
연제구,연산동,2647068000,연산제4동,2022,97,97,1,6.311537490532694e-05
연제구,연산동,2647068000,연산제4동,2022,98,98,1,6.311537490532694e-05
연제구,연산동,2647068000,연산제4동,2022,99,99,1,6.311537490532694e-05
연제구,연산동,2647068000,연산제4동,2022,100,100세 이상,4,0.00025246149962130775
연제구,연산동,2647068000,연산제4동,2023,0,0,32,0.0020657155767865214
연제구,연산동,2647068000,연산제4동,2023,1,1,39,0.002517590859208573
연제구,연산동,2647068000,연산제4동,2023,2,2,35,0.0022593764121102574
연제구,연산동,2647068000,연산제4동,2023,3,3,32,0.0020657155767865214
연제구,연산동,2647068000,연산제4동,2023,4,4,45,0.0029049125298560453
연제구,연산동,2647068000,연산제4동,2023,5,5,48,0.0030985733651797817
연제구,연산동,2647068000,연산제4동,2023,6,6,46,0.0029694661416306244
연제구,연산동,2647068000,연산제4동,2023,7,7,54,0.0034858950358272545
연제구,연산동,2647068000,연산제4동,2023,8,8,71,0.004583306435995094
연제구,연산동,2647068000,연산제4동,2023,9,9,70,0.004518752824220515
연제구,연산동,2647068000,연산제4동,2023,10,10,92,0.005938932283261249
연제구,연산동,2647068000,연산제4동,2023,11,11,90,0.0058098250597120905
연제구,연산동,2647068000,연산제4동,2023,12,12,87,0.005616164224388354
연제구,연산동,2647068000,연산제4동,2023,13,13,93,0.006003485895035827
연제구,연산동,2647068000,연산제4동,2023,14,14,73,0.004712413659544251
연제구,연산동,2647068000,연산제4동,2023,15,15,96,0.006197146730359563
연제구,연산동,2647068000,연산제4동,2023,16,16,92,0.005938932283261249
연제구,연산동,2647068000,연산제4동,2023,17,17,75,0.004841520883093409
연제구,연산동,2647068000,연산제4동,2023,18,18,77,0.004970628106642567
연제구,연산동,2647068000,연산제4동,2023,19,19,86,0.005551610612613776
연제구,연산동,2647068000,연산제4동,2023,20,20,120,0.007746433412949455
연제구,연산동,2647068000,연산제4동,2023,21,21,119,0.0076818798011748755
연제구,연산동,2647068000,연산제4동,2023,22,22,152,0.009812148989735975
연제구,연산동,2647068000,연산제4동,2023,23,23,184,0.011877864566522497
연제구,연산동,2647068000,연산제4동,2023,24,24,211,0.013620812084436124
연제구,연산동,2647068000,연산제4동,2023,25,25,201,0.012975275966690337
연제구,연산동,2647068000,연산제4동,2023,26,26,271,0.017494028790910852
연제구,연산동,2647068000,연산제4동,2023,27,27,268,0.017300367955587113
연제구,연산동,2647068000,연산제4동,2023,28,28,243,0.015686527661222645
연제구,연산동,2647068000,연산제4동,2023,29,29,251,0.016202956555419274
연제구,연산동,2647068000,연산제4동,2023,30,30,256,0.01652572461429217
연제구,연산동,2647068000,연산제4동,2023,31,31,209,0.013491704860886966
연제구,연산동,2647068000,연산제4동,2023,32,32,229,0.014782777096378543
연제구,연산동,2647068000,연산제4동,2023,33,33,189,0.012200632625395391
연제구,연산동,2647068000,연산제4동,2023,34,34,185,0.011942418178297077
연제구,연산동,2647068000,연산제4동,2023,35,35,159,0.010264024272158027
연제구,연산동,2647068000,연산제4동,2023,36,36,159,0.010264024272158027
연제구,연산동,2647068000,연산제4동,2023,37,37,171,0.011038667613452973
연제구,연산동,2647068000,연산제4동,2023,38,38,132,0.0085210767542444
연제구,연산동,2647068000,연산제4동,2023,39,39,149,0.00961848815441224
연제구,연산동,2647068000,연산제4동,2023,40,40,184,0.011877864566522497
연제구,연산동,2647068000,연산제4동,2023,41,41,201,0.012975275966690337
연제구,연산동,2647068000,연산제4동,2023,42,42,197,0.01271706151959202
연제구,연산동,2647068000,연산제4동,2023,43,43,215,0.013879026531534439
연제구,연산동,2647068000,연산제4동,2023,44,44,239,0.01542831321412433
연제구,연산동,2647068000,연산제4동,2023,45,45,209,0.013491704860886966
연제구,연산동,2647068000,연산제4동,2023,46,46,194,0.012523400684268285
연제구,연산동,2647068000,연산제4동,2023,47,47,175,0.011296882060551287
연제구,연산동,2647068000,연산제4동,2023,48,48,189,0.012200632625395391
연제구,연산동,2647068000,연산제4동,2023,49,49,219,0.014137240978632755
연제구,연산동,2647068000,연산제4동,2023,50,50,210,0.013556258472661545
연제구,연산동,2647068000,연산제4동,2023,51,51,215,0.013879026531534439
연제구,연산동,2647068000,연산제4동,2023,52,52,251,0.016202956555419274
연제구,연산동,2647068000,연산제4동,2023,53,53,245,0.015815634884771803
연제구,연산동,2647068000,연산제4동,2023,54,54,251,0.016202956555419274
연제구,연산동,2647068000,연산제4동,2023,55,55,239,0.01542831321412433
연제구,연산동,2647068000,연산제4동,2023,56,56,277,0.017881350461558324
연제구,연산동,2647068000,연산제4동,2023,57,57,228,0.014718223484603964
연제구,연산동,2647068000,연산제4동,2023,58,58,251,0.016202956555419274
연제구,연산동,2647068000,연산제4동,2023,59,59,252,0.016267510167193855
연제구,연산동,2647068000,연산제4동,2023,60,60,273,0.01762313601446001
연제구,연산동,2647068000,연산제4동,2023,61,61,312,0.020140726873668583
연제구,연산동,2647068000,연산제4동,2023,62,62,311,0.020076173261894002
연제구,연산동,2647068000,연산제4동,2023,63,63,349,0.022529210509327997
연제구,연산동,2647068000,연산제4동,2023,64,64,345,0.02227099606222968
연제구,연산동,2647068000,연산제4동,2023,65,65,337,0.02175456716803305
연제구,연산동,2647068000,연산제4동,2023,66,66,313,0.02020528048544316
연제구,연산동,2647068000,연산제4동,2023,67,67,309,0.019947066038344844
연제구,연산동,2647068000,연산제4동,2023,68,68,324,0.02091537021496353
연제구,연산동,2647068000,연산제4동,2023,69,69,255,0.01646117100251759
연제구,연산동,2647068000,연산제4동,2023,70,70,256,0.01652572461429217
연제구,연산동,2647068000,연산제4동,2023,71,71,273,0.01762313601446001
연제구,연산동,2647068000,연산제4동,2023,72,72,194,0.012523400684268285
연제구,연산동,2647068000,연산제4동,2023,73,73,180,0.011619650119424181
연제구,연산동,2647068000,연산제4동,2023,74,74,177,0.011425989284100446
연제구,연산동,2647068000,연산제4동,2023,75,75,196,0.012652507907817443
연제구,연산동,2647068000,연산제4동,2023,76,76,195,0.012587954296042864
연제구,연산동,2647068000,연산제4동,2023,77,77,133,0.00858563036601898
연제구,연산동,2647068000,연산제4동,2023,78,78,121,0.007810987024724034
연제구,연산동,2647068000,연산제4동,2023,79,79,133,0.00858563036601898
연제구,연산동,2647068000,연산제4동,2023,80,80,133,0.00858563036601898
연제구,연산동,2647068000,연산제4동,2023,81,81,138,0.008908398424891873
연제구,연산동,2647068000,연산제4동,2023,82,82,105,0.006778129236330773
연제구,연산동,2647068000,연산제4동,2023,83,83,99,0.0063908075656833
연제구,연산동,2647068000,연산제4동,2023,84,84,71,0.004583306435995094
연제구,연산동,2647068000,연산제4동,2023,85,85,62,0.004002323930023885
연제구,연산동,2647068000,연산제4동,2023,86,86,61,0.003937770318249306
연제구,연산동,2647068000,연산제4동,2023,87,87,54,0.0034858950358272545
연제구,연산동,2647068000,연산제4동,2023,88,88,42,0.0027112516945323093
연제구,연산동,2647068000,연산제4동,2023,89,89,22,0.0014201794590407333
연제구,연산동,2647068000,연산제4동,2023,90,90,24,0.0015492866825898908
연제구,연산동,2647068000,연산제4동,2023,91,91,19,0.001226518623716997
연제구,연산동,2647068000,연산제4동,2023,92,92,12,0.0007746433412949454
연제구,연산동,2647068000,연산제4동,2023,93,93,12,0.0007746433412949454
연제구,연산동,2647068000,연산제4동,2023,94,94,6,0.0003873216706474727
연제구,연산동,2647068000,연산제4동,2023,95,95,6,0.0003873216706474727
연제구,연산동,2647068000,연산제4동,2023,96,96,4,0.0002582144470983152
연제구,연산동,2647068000,연산제4동,2023,97,97,0,0.0
연제구,연산동,2647068000,연산제4동,2023,98,98,1,6.45536117745788e-05
연제구,연산동,2647068000,연산제4동,2023,99,99,0,0.0
연제구,연산동,2647068000,연산제4동,2023,100,100세 이상,2,0.0001291072235491576
연제구,연산동,2647068000,연산제4동,2024,0,0,41,0.0025091799265605876
연제구,연산동,2647068000,연산제4동,2024,1,1,39,0.002386780905752754
연제구,연산동,2647068000,연산제4동,2024,2,2,41,0.0025091799265605876
연제구,연산동,2647068000,연산제4동,2024,3,3,46,0.0028151774785801715
연제구,연산동,2647068000,연산제4동,2024,4,4,45,0.0027539779681762548
연제구,연산동,2647068000,연산제4동,2024,5,5,49,0.0029987760097919215
연제구,연산동,2647068000,연산제4동,2024,6,6,59,0.0036107711138310896
연제구,연산동,2647068000,연산제4동,2024,7,7,68,0.00416156670746634
연제구,연산동,2647068000,연산제4동,2024,8,8,63,0.0038555691554467563
연제구,연산동,2647068000,연산제4동,2024,9,9,82,0.005018359853121175
연제구,연산동,2647068000,연산제4동,2024,10,10,88,0.005385556915544675
연제구,연산동,2647068000,연산제4동,2024,11,11,104,0.006364749082007344
연제구,연산동,2647068000,연산제4동,2024,12,12,88,0.005385556915544675
연제구,연산동,2647068000,연산제4동,2024,13,13,110,0.006731946144430845
연제구,연산동,2647068000,연산제4동,2024,14,14,101,0.006181150550795594
연제구,연산동,2647068000,연산제4동,2024,15,15,91,0.005569155446756426
연제구,연산동,2647068000,연산제4동,2024,16,16,98,0.005997552019583843
연제구,연산동,2647068000,연산제4동,2024,17,17,100,0.006119951040391677
연제구,연산동,2647068000,연산제4동,2024,18,18,86,0.005263157894736842
연제구,연산동,2647068000,연산제4동,2024,19,19,81,0.004957160342717259
연제구,연산동,2647068000,연산제4동,2024,20,20,102,0.0062423500611995105
연제구,연산동,2647068000,연산제4동,2024,21,21,125,0.007649938800489596
연제구,연산동,2647068000,연산제4동,2024,22,22,138,0.008445532435740514
연제구,연산동,2647068000,연산제4동,2024,23,23,177,0.010832313341493267
연제구,연산동,2647068000,연산제4동,2024,24,24,203,0.012423500611995104
연제구,연산동,2647068000,연산제4동,2024,25,25,246,0.015055079559363525
연제구,연산동,2647068000,연산제4동,2024,26,26,238,0.014565483476132192
연제구,연산동,2647068000,연산제4동,2024,27,27,278,0.01701346389228886
연제구,연산동,2647068000,연산제4동,2024,28,28,294,0.01799265605875153
연제구,연산동,2647068000,연산제4동,2024,29,29,256,0.015667074663402693
연제구,연산동,2647068000,연산제4동,2024,30,30,267,0.01634026927784578
연제구,연산동,2647068000,연산제4동,2024,31,31,250,0.015299877600979192
연제구,연산동,2647068000,연산제4동,2024,32,32,217,0.01328029375764994
연제구,연산동,2647068000,연산제4동,2024,33,33,225,0.013769889840881273
연제구,연산동,2647068000,연산제4동,2024,34,34,204,0.012484700122399021
연제구,연산동,2647068000,연산제4동,2024,35,35,187,0.011444308445532436
연제구,연산동,2647068000,연산제4동,2024,36,36,181,0.011077111383108936
연제구,연산동,2647068000,연산제4동,2024,37,37,164,0.01003671970624235
연제구,연산동,2647068000,연산제4동,2024,38,38,189,0.01156670746634027
연제구,연산동,2647068000,연산제4동,2024,39,39,145,0.008873929008567932
연제구,연산동,2647068000,연산제4동,2024,40,40,181,0.011077111383108936
연제구,연산동,2647068000,연산제4동,2024,41,41,181,0.011077111383108936
연제구,연산동,2647068000,연산제4동,2024,42,42,231,0.014137086903304773
연제구,연산동,2647068000,연산제4동,2024,43,43,229,0.01401468788249694
연제구,연산동,2647068000,연산제4동,2024,44,44,228,0.013953488372093023
연제구,연산동,2647068000,연산제4동,2024,45,45,255,0.015605875152998777
연제구,연산동,2647068000,연산제4동,2024,46,46,218,0.013341493268053856
연제구,연산동,2647068000,연산제4동,2024,47,47,198,0.012117503059975521
연제구,연산동,2647068000,연산제4동,2024,48,48,185,0.011321909424724603
연제구,연산동,2647068000,연산제4동,2024,49,49,200,0.012239902080783354
연제구,연산동,2647068000,연산제4동,2024,50,50,230,0.014075887392900856
연제구,연산동,2647068000,연산제4동,2024,51,51,238,0.014565483476132192
연제구,연산동,2647068000,연산제4동,2024,52,52,224,0.013708690330477356
연제구,연산동,2647068000,연산제4동,2024,53,53,271,0.016585067319461445
연제구,연산동,2647068000,연산제4동,2024,54,54,245,0.014993880048959608
연제구,연산동,2647068000,연산제4동,2024,55,55,264,0.016156670746634027
연제구,연산동,2647068000,연산제4동,2024,56,56,266,0.01627906976744186
연제구,연산동,2647068000,연산제4동,2024,57,57,280,0.017135862913096694
연제구,연산동,2647068000,연산제4동,2024,58,58,235,0.01438188494492044
연제구,연산동,2647068000,연산제4동,2024,59,59,263,0.01609547123623011
연제구,연산동,2647068000,연산제4동,2024,60,60,258,0.015789473684210527
연제구,연산동,2647068000,연산제4동,2024,61,61,279,0.01707466340269278
연제구,연산동,2647068000,연산제4동,2024,62,62,332,0.020318237454100368
연제구,연산동,2647068000,연산제4동,2024,63,63,325,0.01988984088127295
연제구,연산동,2647068000,연산제4동,2024,64,64,368,0.02252141982864137
연제구,연산동,2647068000,연산제4동,2024,65,65,350,0.021419828641370868
연제구,연산동,2647068000,연산제4동,2024,66,66,359,0.02197062423500612
연제구,연산동,2647068000,연산제4동,2024,67,67,329,0.020134638922888616
연제구,연산동,2647068000,연산제4동,2024,68,68,310,0.018971848225214197
연제구,연산동,2647068000,연산제4동,2024,69,69,317,0.019400244798041616
연제구,연산동,2647068000,연산제4동,2024,70,70,268,0.016401468788249694
연제구,연산동,2647068000,연산제4동,2024,71,71,245,0.014993880048959608
연제구,연산동,2647068000,연산제4동,2024,72,72,271,0.016585067319461445
연제구,연산동,2647068000,연산제4동,2024,73,73,189,0.01156670746634027
연제구,연산동,2647068000,연산제4동,2024,74,74,185,0.011321909424724603
연제구,연산동,2647068000,연산제4동,2024,75,75,177,0.010832313341493267
연제구,연산동,2647068000,연산제4동,2024,76,76,195,0.01193390452876377
연제구,연산동,2647068000,연산제4동,2024,77,77,190,0.011627906976744186
연제구,연산동,2647068000,연산제4동,2024,78,78,135,0.008261933904528763
연제구,연산동,2647068000,연산제4동,2024,79,79,117,0.0071603427172582616
연제구,연산동,2647068000,연산제4동,2024,80,80,130,0.00795593635250918
연제구,연산동,2647068000,연산제4동,2024,81,81,128,0.007833537331701347
연제구,연산동,2647068000,연산제4동,2024,82,82,132,0.008078335373317013
연제구,연산동,2647068000,연산제4동,2024,83,83,100,0.006119951040391677
연제구,연산동,2647068000,연산제4동,2024,84,84,98,0.005997552019583843
연제구,연산동,2647068000,연산제4동,2024,85,85,69,0.004222766217870257
연제구,연산동,2647068000,연산제4동,2024,86,86,58,0.0035495716034271724
연제구,연산동,2647068000,연산제4동,2024,87,87,62,0.0037943696450428396
연제구,연산동,2647068000,연산제4동,2024,88,88,50,0.0030599755201958386
연제구,연산동,2647068000,연산제4동,2024,89,89,39,0.002386780905752754
연제구,연산동,2647068000,연산제4동,2024,90,90,18,0.001101591187270502
연제구,연산동,2647068000,연산제4동,2024,91,91,20,0.0012239902080783353
연제구,연산동,2647068000,연산제4동,2024,92,92,13,0.000795593635250918
연제구,연산동,2647068000,연산제4동,2024,93,93,13,0.000795593635250918
연제구,연산동,2647068000,연산제4동,2024,94,94,8,0.0004895960832313342
연제구,연산동,2647068000,연산제4동,2024,95,95,4,0.0002447980416156671
연제구,연산동,2647068000,연산제4동,2024,96,96,4,0.0002447980416156671
연제구,연산동,2647068000,연산제4동,2024,97,97,3,0.0001835985312117503
연제구,연산동,2647068000,연산제4동,2024,98,98,1,6.119951040391677e-05
연제구,연산동,2647068000,연산제4동,2024,99,99,1,6.119951040391677e-05
연제구,연산동,2647068000,연산제4동,2024,100,100세 이상,2,0.00012239902080783354
연제구,연산동,2647069000,연산제5동,2020,0,0,93,0.005623752796758783
연제구,연산동,2647069000,연산제5동,2020,1,1,94,0.005684223256938985
연제구,연산동,2647069000,연산제5동,2020,2,2,87,0.005260930035677572
연제구,연산동,2647069000,연산제5동,2020,3,3,69,0.004172461752433936
연제구,연산동,2647069000,연산제5동,2020,4,4,89,0.005381870956037976
연제구,연산동,2647069000,연산제5동,2020,5,5,90,0.005442341416218178
연제구,연산동,2647069000,연산제5동,2020,6,6,64,0.003870109451532926
연제구,연산동,2647069000,연산제5동,2020,7,7,77,0.004656225433875552
연제구,연산동,2647069000,연산제5동,2020,8,8,48,0.0029025820886496947
연제구,연산동,2647069000,연산제5동,2020,9,9,64,0.003870109451532926
연제구,연산동,2647069000,연산제5동,2020,10,10,66,0.00399105037189333
연제구,연산동,2647069000,연산제5동,2020,11,11,46,0.0027816411682892906
연제구,연산동,2647069000,연산제5동,2020,12,12,73,0.004414343593154744
연제구,연산동,2647069000,연산제5동,2020,13,13,60,0.0036282276108121183
연제구,연산동,2647069000,연산제5동,2020,14,14,58,0.0035072866904517145
연제구,연산동,2647069000,연산제5동,2020,15,15,50,0.0030235230090100984
연제구,연산동,2647069000,연산제5동,2020,16,16,68,0.004111991292253734
연제구,연산동,2647069000,연산제5동,2020,17,17,85,0.0051399891153171675
연제구,연산동,2647069000,연산제5동,2020,18,18,62,0.0037491685311725224
연제구,연산동,2647069000,연산제5동,2020,19,19,120,0.0072564552216242365
연제구,연산동,2647069000,연산제5동,2020,20,20,144,0.008707746265949085
연제구,연산동,2647069000,연산제5동,2020,21,21,180,0.010884682832436356
연제구,연산동,2647069000,연산제5동,2020,22,22,244,0.014754792283969281
연제구,연산동,2647069000,연산제5동,2020,23,23,302,0.018262078974420996
연제구,연산동,2647069000,연산제5동,2020,24,24,341,0.020620426921448873
연제구,연산동,2647069000,연산제5동,2020,25,25,401,0.02424865453226099
연제구,연산동,2647069000,연산제5동,2020,26,26,470,0.028421116284694927
연제구,연산동,2647069000,연산제5동,2020,27,27,460,0.027816411682892908
연제구,연산동,2647069000,연산제5동,2020,28,28,460,0.027816411682892908
연제구,연산동,2647069000,연산제5동,2020,29,29,430,0.026002297877486848
연제구,연산동,2647069000,연산제5동,2020,30,30,394,0.023825361310999577
연제구,연산동,2647069000,연산제5동,2020,31,31,405,0.0244905363729818
연제구,연산동,2647069000,연산제5동,2020,32,32,341,0.020620426921448873
연제구,연산동,2647069000,연산제5동,2020,33,33,304,0.0183830198947814
연제구,연산동,2647069000,연산제5동,2020,34,34,312,0.018866783576223015
연제구,연산동,2647069000,연산제5동,2020,35,35,271,0.016387494708834733
연제구,연산동,2647069000,연산제5동,2020,36,36,271,0.016387494708834733
연제구,연산동,2647069000,연산제5동,2020,37,37,310,0.01874584265586261
연제구,연산동,2647069000,연산제5동,2020,38,38,283,0.017113140230997158
연제구,연산동,2647069000,연산제5동,2020,39,39,256,0.015480437806131704
연제구,연산동,2647069000,연산제5동,2020,40,40,291,0.017596903912438774
연제구,연산동,2647069000,연산제5동,2020,41,41,244,0.014754792283969281
연제구,연산동,2647069000,연산제5동,2020,42,42,225,0.013605853540545443
연제구,연산동,2647069000,연산제5동,2020,43,43,200,0.012094092036040394
연제구,연산동,2647069000,연산제5동,2020,44,44,209,0.012638326177662211
연제구,연산동,2647069000,연산제5동,2020,45,45,196,0.011852210195319587
연제구,연산동,2647069000,연산제5동,2020,46,46,238,0.014391969522888069
연제구,연산동,2647069000,연산제5동,2020,47,47,235,0.014210558142347464
연제구,연산동,2647069000,연산제5동,2020,48,48,236,0.014271028602527665
연제구,연산동,2647069000,연산제5동,2020,49,49,259,0.01566184918667231
연제구,연산동,2647069000,연산제5동,2020,50,50,259,0.01566184918667231
연제구,연산동,2647069000,연산제5동,2020,51,51,236,0.014271028602527665
연제구,연산동,2647069000,연산제5동,2020,52,52,258,0.015601378726492109
연제구,연산동,2647069000,연산제5동,2020,53,53,245,0.014815262744149483
연제구,연산동,2647069000,연산제5동,2020,54,54,213,0.01288020801838302
연제구,연산동,2647069000,연산제5동,2020,55,55,229,0.013847735381266251
연제구,연산동,2647069000,연산제5동,2020,56,56,192,0.011610328354598779
연제구,연산동,2647069000,연산제5동,2020,57,57,217,0.013122089859103828
연제구,연산동,2647069000,연산제5동,2020,58,58,245,0.014815262744149483
연제구,연산동,2647069000,연산제5동,2020,59,59,265,0.016024671947753522
연제구,연산동,2647069000,연산제5동,2020,60,60,279,0.01687125839027635
연제구,연산동,2647069000,연산제5동,2020,61,61,244,0.014754792283969281
연제구,연산동,2647069000,연산제5동,2020,62,62,232,0.014029146761806858
연제구,연산동,2647069000,연산제5동,2020,63,63,241,0.014573380903428674
연제구,연산동,2647069000,연산제5동,2020,64,64,221,0.013363971699824636
연제구,연산동,2647069000,연산제5동,2020,65,65,220,0.013303501239644433
연제구,연산동,2647069000,연산제5동,2020,66,66,200,0.012094092036040394
연제구,연산동,2647069000,연산제5동,2020,67,67,159,0.009614803168652113
연제구,연산동,2647069000,연산제5동,2020,68,68,191,0.011549857894418576
연제구,연산동,2647069000,연산제5동,2020,69,69,135,0.008163512124327267
연제구,연산동,2647069000,연산제5동,2020,70,70,139,0.008405393965048073
연제구,연산동,2647069000,연산제5동,2020,71,71,132,0.00798210074378666
연제구,연산동,2647069000,연산제5동,2020,72,72,170,0.010279978230634335
연제구,연산동,2647069000,연산제5동,2020,73,73,152,0.0091915099473907
연제구,연산동,2647069000,연산제5동,2020,74,74,104,0.006288927858741005
연제구,연산동,2647069000,연산제5동,2020,75,75,97,0.0058656346374795915
연제구,연산동,2647069000,연산제5동,2020,76,76,83,0.005019048194956763
연제구,연산동,2647069000,연산제5동,2020,77,77,114,0.006893632460543025
연제구,연산동,2647069000,연산제5동,2020,78,78,117,0.00707504384108363
연제구,연산동,2647069000,연산제5동,2020,79,79,95,0.005744693717119187
연제구,연산동,2647069000,연산제5동,2020,80,80,64,0.003870109451532926
연제구,연산동,2647069000,연산제5동,2020,81,81,66,0.00399105037189333
연제구,연산동,2647069000,연산제5동,2020,82,82,65,0.003930579911713128
연제구,연산동,2647069000,연산제5동,2020,83,83,62,0.0037491685311725224
연제구,연산동,2647069000,연산제5동,2020,84,84,46,0.0027816411682892906
연제구,연산동,2647069000,연산제5동,2020,85,85,47,0.0028421116284694926
연제구,연산동,2647069000,연산제5동,2020,86,86,28,0.0016931728850456552
연제구,연산동,2647069000,연산제5동,2020,87,87,26,0.0015722319646852513
연제구,연산동,2647069000,연산제5동,2020,88,88,19,0.0011489387434238374
연제구,연산동,2647069000,연산제5동,2020,89,89,11,0.0006651750619822217
연제구,연산동,2647069000,연산제5동,2020,90,90,11,0.0006651750619822217
연제구,연산동,2647069000,연산제5동,2020,91,91,8,0.00048376368144161576
연제구,연산동,2647069000,연산제5동,2020,92,92,2,0.00012094092036040394
연제구,연산동,2647069000,연산제5동,2020,93,93,3,0.00018141138054060592
연제구,연산동,2647069000,연산제5동,2020,94,94,1,6.047046018020197e-05
연제구,연산동,2647069000,연산제5동,2020,95,95,4,0.00024188184072080788
연제구,연산동,2647069000,연산제5동,2020,96,96,3,0.00018141138054060592
연제구,연산동,2647069000,연산제5동,2020,97,97,1,6.047046018020197e-05
연제구,연산동,2647069000,연산제5동,2020,98,98,2,0.00012094092036040394
연제구,연산동,2647069000,연산제5동,2020,99,99,0,0.0
연제구,연산동,2647069000,연산제5동,2020,100,100세 이상,9,0.0005442341416218178
연제구,연산동,2647069000,연산제5동,2021,0,0,86,0.005184470701712081
연제구,연산동,2647069000,연산제5동,2021,1,1,85,0.005124186158668918
연제구,연산동,2647069000,연산제5동,2021,2,2,79,0.004762478900409935
연제구,연산동,2647069000,연산제5동,2021,3,3,71,0.004280202556064625
연제구,연산동,2647069000,연산제5동,2021,4,4,61,0.0036773571256329875
연제구,연산동,2647069000,연산제5동,2021,5,5,76,0.004581625271280444
연제구,연산동,2647069000,연산제5동,2021,6,6,80,0.004822763443453099
연제구,연산동,2647069000,연산제5동,2021,7,7,60,0.003617072582589824
연제구,연산동,2647069000,연산제5동,2021,8,8,76,0.004581625271280444
연제구,연산동,2647069000,연산제5동,2021,9,9,52,0.003134796238244514
연제구,연산동,2647069000,연산제5동,2021,10,10,62,0.0037376416686761512
연제구,연산동,2647069000,연산제5동,2021,11,11,67,0.0040390643838919705
연제구,연산동,2647069000,연산제5동,2021,12,12,48,0.0028936580660718593
연제구,연산동,2647069000,연산제5동,2021,13,13,66,0.003978779840848806
연제구,연산동,2647069000,연산제5동,2021,14,14,61,0.0036773571256329875
연제구,연산동,2647069000,연산제5동,2021,15,15,61,0.0036773571256329875
연제구,연산동,2647069000,연산제5동,2021,16,16,45,0.002712804436942368
연제구,연산동,2647069000,연산제5동,2021,17,17,70,0.004219918013021461
연제구,연산동,2647069000,연산제5동,2021,18,18,81,0.004883047986496262
연제구,연산동,2647069000,연산제5동,2021,19,19,82,0.004943332529539426
연제구,연산동,2647069000,연산제5동,2021,20,20,135,0.008138413310827104
연제구,연산동,2647069000,연산제5동,2021,21,21,167,0.010067518688208344
연제구,연산동,2647069000,연산제5동,2021,22,22,220,0.013262599469496022
연제구,연산동,2647069000,연산제5동,2021,23,23,285,0.017181094767301664
연제구,연산동,2647069000,연산제5동,2021,24,24,343,0.02067759826380516
연제구,연산동,2647069000,연산제5동,2021,25,25,378,0.02278755727031589
연제구,연산동,2647069000,연산제5동,2021,26,26,454,0.027369182541596336
연제구,연산동,2647069000,연산제5동,2021,27,27,480,0.02893658066071859
연제구,연산동,2647069000,연산제5동,2021,28,28,477,0.0287557270315891
연제구,연산동,2647069000,연산제5동,2021,29,29,453,0.02730889799855317
연제구,연산동,2647069000,연산제5동,2021,30,30,424,0.02556064625030142
연제구,연산동,2647069000,연산제5동,2021,31,31,371,0.022365565469013745
연제구,연산동,2647069000,연산제5동,2021,32,32,390,0.023510971786833857
연제구,연산동,2647069000,연산제5동,2021,33,33,317,0.019110200144682902
연제구,연산동,2647069000,연산제5동,2021,34,34,294,0.017723655654690137
연제구,연산동,2647069000,연산제5동,2021,35,35,305,0.01838678562816494
연제구,연산동,2647069000,연산제5동,2021,36,36,258,0.015553412105136243
연제구,연산동,2647069000,연산제5동,2021,37,37,241,0.01452857487340246
연제구,연산동,2647069000,연산제5동,2021,38,38,297,0.01790450928381963
연제구,연산동,2647069000,연산제5동,2021,39,39,263,0.015854834820352062
연제구,연산동,2647069000,연산제5동,2021,40,40,247,0.014890282131661442
연제구,연산동,2647069000,연산제5동,2021,41,41,274,0.01651796479382686
연제구,연산동,2647069000,연산제5동,2021,42,42,246,0.014829997588618278
연제구,연산동,2647069000,연산제5동,2021,43,43,228,0.013744875813841331
연제구,연산동,2647069000,연산제5동,2021,44,44,206,0.01241861586689173
연제구,연산동,2647069000,연산제5동,2021,45,45,195,0.011755485893416929
연제구,연산동,2647069000,연산제5동,2021,46,46,192,0.011574632264287437
연제구,연산동,2647069000,연산제5동,2021,47,47,227,0.013684591270798168
연제구,연산동,2647069000,연산제5동,2021,48,48,241,0.01452857487340246
연제구,연산동,2647069000,연산제5동,2021,49,49,230,0.013865444899927658
연제구,연산동,2647069000,연산제5동,2021,50,50,260,0.01567398119122257
연제구,연산동,2647069000,연산제5동,2021,51,51,268,0.016156257535567882
연제구,연산동,2647069000,연산제5동,2021,52,52,240,0.014468290330359295
연제구,연산동,2647069000,연산제5동,2021,53,53,251,0.015131420303834096
연제구,연산동,2647069000,연산제5동,2021,54,54,255,0.015372558476006751
연제구,연산동,2647069000,연산제5동,2021,55,55,217,0.01308174584036653
연제구,연산동,2647069000,연산제5동,2021,56,56,227,0.013684591270798168
연제구,연산동,2647069000,연산제5동,2021,57,57,206,0.01241861586689173
연제구,연산동,2647069000,연산제5동,2021,58,58,215,0.012961176754280202
연제구,연산동,2647069000,연산제5동,2021,59,59,254,0.015312273932963588
연제구,연산동,2647069000,연산제5동,2021,60,60,266,0.016035688449481552
연제구,연산동,2647069000,연산제5동,2021,61,61,259,0.015613696648179408
연제구,연산동,2647069000,연산제5동,2021,62,62,250,0.015071135760790933
연제구,연산동,2647069000,연산제5동,2021,63,63,229,0.013805160356884495
연제구,연산동,2647069000,연산제5동,2021,64,64,242,0.014588859416445624
연제구,연산동,2647069000,연산제5동,2021,65,65,223,0.013443453098625512
연제구,연산동,2647069000,연산제5동,2021,66,66,203,0.012237762237762238
연제구,연산동,2647069000,연산제5동,2021,67,67,204,0.012298046780805401
연제구,연산동,2647069000,연산제5동,2021,68,68,164,0.009886665059078852
연제구,연산동,2647069000,연산제5동,2021,69,69,188,0.011333494092114782
연제구,연산동,2647069000,연산제5동,2021,70,70,132,0.007957559681697613
연제구,연산동,2647069000,연산제5동,2021,71,71,141,0.008500120569086087
연제구,연산동,2647069000,연산제5동,2021,72,72,127,0.007656136966481794
연제구,연산동,2647069000,연산제5동,2021,73,73,163,0.009826380516035689
연제구,연산동,2647069000,연산제5동,2021,74,74,149,0.008982396913431397
연제구,연산동,2647069000,연산제5동,2021,75,75,108,0.0065107306486616836
연제구,연산동,2647069000,연산제5동,2021,76,76,103,0.006209307933445865
연제구,연산동,2647069000,연산제5동,2021,77,77,77,0.004641909814323607
연제구,연산동,2647069000,연산제5동,2021,78,78,120,0.007234145165179648
연제구,연산동,2647069000,연산제5동,2021,79,79,115,0.006932722449963829
연제구,연산동,2647069000,연산제5동,2021,80,80,89,0.005365324330841572
연제구,연산동,2647069000,연산제5동,2021,81,81,67,0.0040390643838919705
연제구,연산동,2647069000,연산제5동,2021,82,82,65,0.003918495297805642
연제구,연산동,2647069000,연산제5동,2021,83,83,59,0.00355678803954666
연제구,연산동,2647069000,연산제5동,2021,84,84,61,0.0036773571256329875
연제구,연산동,2647069000,연산제5동,2021,85,85,41,0.002471666264769713
연제구,연산동,2647069000,연산제5동,2021,86,86,43,0.0025922353508560404
연제구,연산동,2647069000,연산제5동,2021,87,87,25,0.0015071135760790933
연제구,연산동,2647069000,연산제5동,2021,88,88,23,0.001386544489992766
연제구,연산동,2647069000,연산제5동,2021,89,89,15,0.000904268145647456
연제구,연산동,2647069000,연산제5동,2021,90,90,11,0.000663129973474801
연제구,연산동,2647069000,연산제5동,2021,91,91,8,0.0004822763443453099
연제구,연산동,2647069000,연산제5동,2021,92,92,5,0.0003014227152158187
연제구,연산동,2647069000,연산제5동,2021,93,93,2,0.00012056908608632747
연제구,연산동,2647069000,연산제5동,2021,94,94,3,0.0001808536291294912
연제구,연산동,2647069000,연산제5동,2021,95,95,0,0.0
연제구,연산동,2647069000,연산제5동,2021,96,96,4,0.00024113817217265494
연제구,연산동,2647069000,연산제5동,2021,97,97,0,0.0
연제구,연산동,2647069000,연산제5동,2021,98,98,0,0.0
연제구,연산동,2647069000,연산제5동,2021,99,99,2,0.00012056908608632747
연제구,연산동,2647069000,연산제5동,2021,100,100세 이상,2,0.00012056908608632747
연제구,연산동,2647069000,연산제5동,2022,0,0,67,0.004102626905884514
연제구,연산동,2647069000,연산제5동,2022,1,1,64,0.00391892719368073
연제구,연산동,2647069000,연산제5동,2022,2,2,67,0.004102626905884514
연제구,연산동,2647069000,연산제5동,2022,3,3,68,0.004163860143285776
연제구,연산동,2647069000,연산제5동,2022,4,4,66,0.004041393668483253
연제구,연산동,2647069000,연산제5동,2022,5,5,55,0.0033678280570693772
연제구,연산동,2647069000,연산제5동,2022,6,6,55,0.0033678280570693772
연제구,연산동,2647069000,연산제5동,2022,7,7,82,0.005021125466903436
연제구,연산동,2647069000,연산제5동,2022,8,8,60,0.0036739942440756844
연제구,연산동,2647069000,연산제5동,2022,9,9,79,0.004837425754699651
연제구,연산동,2647069000,연산제5동,2022,10,10,53,0.0032453615822668545
연제구,연산동,2647069000,연산제5동,2022,11,11,59,0.003612761006674423
연제구,연산동,2647069000,연산제5동,2022,12,12,62,0.003796460718878207
연제구,연산동,2647069000,연산제5동,2022,13,13,50,0.0030616618700630704
연제구,연산동,2647069000,연산제5동,2022,14,14,63,0.0038576939562794685
연제구,연산동,2647069000,연산제5동,2022,15,15,63,0.0038576939562794685
연제구,연산동,2647069000,연산제5동,2022,16,16,63,0.0038576939562794685
연제구,연산동,2647069000,연산제5동,2022,17,17,43,0.0026330292082542405
연제구,연산동,2647069000,연산제5동,2022,18,18,64,0.00391892719368073
연제구,연산동,2647069000,연산제5동,2022,19,19,100,0.006123323740126141
연제구,연산동,2647069000,연산제5동,2022,20,20,106,0.006490723164533709
연제구,연산동,2647069000,연산제5동,2022,21,21,149,0.009123752372787949
연제구,연산동,2647069000,연산제5동,2022,22,22,213,0.013042679566468679
연제구,연산동,2647069000,연산제5동,2022,23,23,266,0.016288041148735534
연제구,연산동,2647069000,연산제5동,2022,24,24,305,0.01867613740738473
연제구,연산동,2647069000,연산제5동,2022,25,25,364,0.022288898414059153
연제구,연산동,2647069000,연산제5동,2022,26,26,416,0.025473026758924745
연제구,연산동,2647069000,연산제5동,2022,27,27,485,0.029698120139611782
연제구,연산동,2647069000,연산제5동,2022,28,28,453,0.027738656542771415
연제구,연산동,2647069000,연산제5동,2022,29,29,476,0.02914702100300043
연제구,연산동,2647069000,연산제5동,2022,30,30,448,0.02743249035576511
연제구,연산동,2647069000,연산제5동,2022,31,31,409,0.025044394097115914
연제구,연산동,2647069000,연산제5동,2022,32,32,346,0.021186700140836446
연제구,연산동,2647069000,연산제5동,2022,33,33,372,0.022778764313269244
연제구,연산동,2647069000,연산제5동,2022,34,34,285,0.0174514726593595
연제구,연산동,2647069000,연산제5동,2022,35,35,270,0.016532974098340578
연제구,연산동,2647069000,연산제5동,2022,36,36,278,0.017022839997550672
연제구,연산동,2647069000,연산제5동,2022,37,37,243,0.01487967668850652
연제구,연산동,2647069000,연산제5동,2022,38,38,240,0.014695976976302738
연제구,연산동,2647069000,연산제5동,2022,39,39,260,0.015920641724327965
연제구,연산동,2647069000,연산제5동,2022,40,40,259,0.015859408486926702
연제구,연산동,2647069000,연산제5동,2022,41,41,238,0.014573510501500214
연제구,연산동,2647069000,연산제5동,2022,42,42,275,0.016839140285346887
연제구,연산동,2647069000,연산제5동,2022,43,43,230,0.014083644602290123
연제구,연산동,2647069000,연산제5동,2022,44,44,213,0.013042679566468679
연제구,연산동,2647069000,연산제5동,2022,45,45,203,0.012430347192456065
연제구,연산동,2647069000,연산제5동,2022,46,46,197,0.012062947768048497
연제구,연산동,2647069000,연산제5동,2022,47,47,182,0.011144449207029576
연제구,연산동,2647069000,연산제5동,2022,48,48,210,0.012858979854264894
연제구,연산동,2647069000,연산제5동,2022,49,49,242,0.01481844345110526
연제구,연산동,2647069000,연산제5동,2022,50,50,213,0.013042679566468679
연제구,연산동,2647069000,연산제5동,2022,51,51,260,0.015920641724327965
연제구,연산동,2647069000,연산제5동,2022,52,52,276,0.016900373522748147
연제구,연산동,2647069000,연산제5동,2022,53,53,238,0.014573510501500214
연제구,연산동,2647069000,연산제5동,2022,54,54,239,0.014634743738901475
연제구,연산동,2647069000,연산제5동,2022,55,55,251,0.015369542587716613
연제구,연산동,2647069000,연산제5동,2022,56,56,211,0.012920213091666157
연제구,연산동,2647069000,연산제5동,2022,57,57,217,0.013287612516073724
연제구,연산동,2647069000,연산제5동,2022,58,58,200,0.012246647480252282
연제구,연산동,2647069000,연산제5동,2022,59,59,208,0.012736513379462373
연제구,연산동,2647069000,연산제5동,2022,60,60,237,0.014512277264098953
연제구,연산동,2647069000,연산제5동,2022,61,61,264,0.016165574673933012
연제구,연산동,2647069000,연산제5동,2022,62,62,264,0.016165574673933012
연제구,연산동,2647069000,연산제5동,2022,63,63,235,0.01438981078929643
연제구,연산동,2647069000,연산제5동,2022,64,64,222,0.013593778703080032
연제구,연산동,2647069000,연산제5동,2022,65,65,235,0.01438981078929643
연제구,연산동,2647069000,연산제5동,2022,66,66,213,0.013042679566468679
연제구,연산동,2647069000,연산제5동,2022,67,67,206,0.012614046904659849
연제구,연산동,2647069000,연산제5동,2022,68,68,191,0.011695548343640928
연제구,연산동,2647069000,연산제5동,2022,69,69,161,0.009858551221603087
연제구,연산동,2647069000,연산제5동,2022,70,70,187,0.011450615394035883
연제구,연산동,2647069000,연산제5동,2022,71,71,133,0.008144020574367767
연제구,연산동,2647069000,연산제5동,2022,72,72,146,0.008940052660584166
연제구,연산동,2647069000,연산제5동,2022,73,73,123,0.0075316882003551525
연제구,연산동,2647069000,연산제5동,2022,74,74,159,0.009736084746800563
연제구,연산동,2647069000,연산제5동,2022,75,75,150,0.009184985610189211
연제구,연산동,2647069000,연산제5동,2022,76,76,104,0.006368256689731186
연제구,연산동,2647069000,연산제5동,2022,77,77,101,0.006184556977527402
연제구,연산동,2647069000,연산제5동,2022,78,78,75,0.004592492805094606
연제구,연산동,2647069000,연산제5동,2022,79,79,114,0.0069805890637438
연제구,연산동,2647069000,연산제5동,2022,80,80,113,0.006919355826342539
연제구,연산동,2647069000,연산제5동,2022,81,81,82,0.005021125466903436
연제구,연산동,2647069000,연산제5동,2022,82,82,63,0.0038576939562794685
연제구,연산동,2647069000,연산제5동,2022,83,83,65,0.003980160431081991
연제구,연산동,2647069000,연산제5동,2022,84,84,55,0.0033678280570693772
연제구,연산동,2647069000,연산제5동,2022,85,85,55,0.0033678280570693772
연제구,연산동,2647069000,연산제5동,2022,86,86,34,0.002081930071642888
연제구,연산동,2647069000,연산제5동,2022,87,87,36,0.0022043965464454106
연제구,연산동,2647069000,연산제5동,2022,88,88,20,0.001224664748025228
연제구,연산동,2647069000,연산제5동,2022,89,89,19,0.0011634315106239666
연제구,연산동,2647069000,연산제5동,2022,90,90,12,0.0007347988488151368
연제구,연산동,2647069000,연산제5동,2022,91,91,13,0.0007960320862163983
연제구,연산동,2647069000,연산제5동,2022,92,92,6,0.0003673994244075684
연제구,연산동,2647069000,연산제5동,2022,93,93,4,0.00024493294960504564
연제구,연산동,2647069000,연산제5동,2022,94,94,2,0.00012246647480252282
연제구,연산동,2647069000,연산제5동,2022,95,95,0,0.0
연제구,연산동,2647069000,연산제5동,2022,96,96,0,0.0
연제구,연산동,2647069000,연산제5동,2022,97,97,2,0.00012246647480252282
연제구,연산동,2647069000,연산제5동,2022,98,98,0,0.0
연제구,연산동,2647069000,연산제5동,2022,99,99,0,0.0
연제구,연산동,2647069000,연산제5동,2022,100,100세 이상,1,6.123323740126141e-05
연제구,연산동,2647069000,연산제5동,2023,0,0,64,0.0038330238965083546
연제구,연산동,2647069000,연산제5동,2023,1,1,61,0.0036533509013595257
연제구,연산동,2647069000,연산제5동,2023,2,2,57,0.0034137869078277533
연제구,연산동,2647069000,연산제5동,2023,3,3,56,0.0033538959094448107
연제구,연산동,2647069000,연산제5동,2023,4,4,56,0.0033538959094448107
연제구,연산동,2647069000,연산제5동,2023,5,5,59,0.0035335689045936395
연제구,연산동,2647069000,연산제5동,2023,6,6,55,0.0032940049110618676
연제구,연산동,2647069000,연산제5동,2023,7,7,59,0.0035335689045936395
연제구,연산동,2647069000,연산제5동,2023,8,8,81,0.004851170869018387
연제구,연산동,2647069000,연산제5동,2023,9,9,56,0.0033538959094448107
연제구,연산동,2647069000,연산제5동,2023,10,10,85,0.0050907348625501584
연제구,연산동,2647069000,연산제5동,2023,11,11,48,0.0028747679223812663
연제구,연산동,2647069000,연산제5동,2023,12,12,57,0.0034137869078277533
연제구,연산동,2647069000,연산제5동,2023,13,13,62,0.003713241899742469
연제구,연산동,2647069000,연산제5동,2023,14,14,46,0.00275498592561538
연제구,연산동,2647069000,연산제5동,2023,15,15,57,0.0034137869078277533
연제구,연산동,2647069000,연산제5동,2023,16,16,61,0.0036533509013595257
연제구,연산동,2647069000,연산제5동,2023,17,17,62,0.003713241899742469
연제구,연산동,2647069000,연산제5동,2023,18,18,50,0.002994549919147152
연제구,연산동,2647069000,연산제5동,2023,19,19,84,0.005030843864167215
연제구,연산동,2647069000,연산제5동,2023,20,20,115,0.00688746481403845
연제구,연산동,2647069000,연산제5동,2023,21,21,128,0.007666047793016709
연제구,연산동,2647069000,연산제5동,2023,22,22,191,0.011439180691142121
연제구,연산동,2647069000,연산제5동,2023,23,23,258,0.015451877582799305
연제구,연산동,2647069000,연산제5동,2023,24,24,311,0.018626100497095288
연제구,연산동,2647069000,연산제5동,2023,25,25,386,0.023117925375816015
연제구,연산동,2647069000,연산제5동,2023,26,26,420,0.02515421932083608
연제구,연산동,2647069000,연산제5동,2023,27,27,429,0.025693238306282565
연제구,연산동,2647069000,연산제5동,2023,28,28,483,0.02892735221896149
연제구,연산동,2647069000,연산제5동,2023,29,29,489,0.029286698209259148
연제구,연산동,2647069000,연산제5동,2023,30,30,488,0.029226807210876206
연제구,연산동,2647069000,연산제5동,2023,31,31,449,0.026891058273941428
연제구,연산동,2647069000,연산제5동,2023,32,32,410,0.02455530933700665
연제구,연산동,2647069000,연산제5동,2023,33,33,341,0.02042283044858358
연제구,연산동,2647069000,연산제5동,2023,34,34,373,0.022339342396837755
연제구,연산동,2647069000,연산제5동,2023,35,35,267,0.01599089656824579
연제구,연산동,2647069000,연산제5동,2023,36,36,249,0.014912858597352818
연제구,연산동,2647069000,연산제5동,2023,37,37,264,0.015811223573096965
연제구,연산동,2647069000,연산제5동,2023,38,38,230,0.0137749296280769
연제구,연산동,2647069000,연산제5동,2023,39,39,231,0.013834820626459843
연제구,연산동,2647069000,연산제5동,2023,40,40,258,0.015451877582799305
연제구,연산동,2647069000,연산제5동,2023,41,41,234,0.014014493621608672
연제구,연산동,2647069000,연산제5동,2023,42,42,238,0.014254057615140444
연제구,연산동,2647069000,연산제5동,2023,43,43,272,0.016290351560160506
연제구,연산동,2647069000,연산제5동,2023,44,44,234,0.014014493621608672
연제구,연산동,2647069000,연산제5동,2023,45,45,218,0.013056237647481584
연제구,연산동,2647069000,연산제5동,2023,46,46,188,0.011259507695993293
연제구,연산동,2647069000,연산제5동,2023,47,47,195,0.011678744684673894
연제구,연산동,2647069000,연산제5동,2023,48,48,184,0.01101994370246152
연제구,연산동,2647069000,연산제5동,2023,49,49,231,0.013834820626459843
연제구,연산동,2647069000,연산제5동,2023,50,50,245,0.014673294603821045
연제구,연산동,2647069000,연산제5동,2023,51,51,223,0.013355692639396299
연제구,연산동,2647069000,연산제5동,2023,52,52,259,0.015511768581182249
연제구,연산동,2647069000,연산제5동,2023,53,53,283,0.01694915254237288
연제구,연산동,2647069000,연산제5동,2023,54,54,237,0.014194166616757502
연제구,연산동,2647069000,연산제5동,2023,55,55,256,0.015332095586033418
연제구,연산동,2647069000,연산제5동,2023,56,56,256,0.015332095586033418
연제구,연산동,2647069000,연산제5동,2023,57,57,209,0.012517218662035097
연제구,연산동,2647069000,연산제5동,2023,58,58,226,0.013535365634545127
연제구,연산동,2647069000,연산제5동,2023,59,59,217,0.01299634664909864
연제구,연산동,2647069000,연산제5동,2023,60,60,209,0.012517218662035097
연제구,연산동,2647069000,연산제5동,2023,61,61,243,0.014553512607055159
연제구,연산동,2647069000,연산제5동,2023,62,62,265,0.015871114571479907
연제구,연산동,2647069000,연산제5동,2023,63,63,266,0.01593100556986285
연제구,연산동,2647069000,연산제5동,2023,64,64,240,0.01437383961190633
연제구,연산동,2647069000,연산제5동,2023,65,65,223,0.013355692639396299
연제구,연산동,2647069000,연산제5동,2023,66,66,238,0.014254057615140444
연제구,연산동,2647069000,연산제5동,2023,67,67,211,0.012637000658800981
연제구,연산동,2647069000,연산제5동,2023,68,68,217,0.01299634664909864
연제구,연산동,2647069000,연산제5동,2023,69,69,190,0.011379289692759179
연제구,연산동,2647069000,연산제5동,2023,70,70,167,0.010001796729951488
연제구,연산동,2647069000,연산제5동,2023,71,71,182,0.010900161705695634
연제구,연산동,2647069000,연산제5동,2023,72,72,136,0.008145175780080253
연제구,연산동,2647069000,연산제5동,2023,73,73,144,0.008624303767143798
연제구,연산동,2647069000,연산제5동,2023,74,74,126,0.007546265796250824
연제구,연산동,2647069000,연산제5동,2023,75,75,155,0.009283104749356171
연제구,연산동,2647069000,연산제5동,2023,76,76,152,0.009103431754207343
연제구,연산동,2647069000,연산제5동,2023,77,77,103,0.006168772833443133
연제구,연산동,2647069000,연산제5동,2023,78,78,100,0.005989099838294304
연제구,연산동,2647069000,연산제5동,2023,79,79,67,0.004012696891657184
연제구,연산동,2647069000,연산제5동,2023,80,80,112,0.006707791818889621
연제구,연산동,2647069000,연산제5동,2023,81,81,104,0.0062286638318260765
연제구,연산동,2647069000,연산제5동,2023,82,82,85,0.0050907348625501584
연제구,연산동,2647069000,연산제5동,2023,83,83,66,0.003952805893274241
연제구,연산동,2647069000,연산제5동,2023,84,84,62,0.003713241899742469
연제구,연산동,2647069000,연산제5동,2023,85,85,52,0.0031143319159130383
연제구,연산동,2647069000,연산제5동,2023,86,86,48,0.0028747679223812663
연제구,연산동,2647069000,연산제5동,2023,87,87,33,0.0019764029466371206
연제구,연산동,2647069000,연산제5동,2023,88,88,36,0.0021560759417859495
연제구,연산동,2647069000,연산제5동,2023,89,89,18,0.0010780379708929747
연제구,연산동,2647069000,연산제5동,2023,90,90,18,0.0010780379708929747
연제구,연산동,2647069000,연산제5동,2023,91,91,10,0.0005989099838294305
연제구,연산동,2647069000,연산제5동,2023,92,92,12,0.0007186919805953166
연제구,연산동,2647069000,연산제5동,2023,93,93,7,0.00041923698868060133
연제구,연산동,2647069000,연산제5동,2023,94,94,4,0.00023956399353177216
연제구,연산동,2647069000,연산제5동,2023,95,95,2,0.00011978199676588608
연제구,연산동,2647069000,연산제5동,2023,96,96,1,5.989099838294304e-05
연제구,연산동,2647069000,연산제5동,2023,97,97,0,0.0
연제구,연산동,2647069000,연산제5동,2023,98,98,2,0.00011978199676588608
연제구,연산동,2647069000,연산제5동,2023,99,99,0,0.0
연제구,연산동,2647069000,연산제5동,2023,100,100세 이상,0,0.0
연제구,연산동,2647069000,연산제5동,2024,0,0,67,0.00399237278035991
연제구,연산동,2647069000,연산제5동,2024,1,1,52,0.0030985579787867956
연제구,연산동,2647069000,연산제5동,2024,2,2,46,0.0027410320581575495
연제구,연산동,2647069000,연산제5동,2024,3,3,56,0.003336908592539626
연제구,연산동,2647069000,연산제5동,2024,4,4,45,0.002681444404719342
연제구,연산동,2647069000,연산제5동,2024,5,5,51,0.0030389703253485877
연제구,연산동,2647069000,연산제5동,2024,6,6,52,0.0030985579787867956
연제구,연산동,2647069000,연산제5동,2024,7,7,52,0.0030985579787867956
연제구,연산동,2647069000,연산제5동,2024,8,8,56,0.003336908592539626
연제구,연산동,2647069000,연산제5동,2024,9,9,75,0.00446907400786557
연제구,연산동,2647069000,연산제5동,2024,10,10,54,0.0032177332856632105
연제구,연산동,2647069000,연산제5동,2024,11,11,82,0.004886187581933024
연제구,연산동,2647069000,연산제5동,2024,12,12,55,0.0032773209391014184
연제구,연산동,2647069000,연산제5동,2024,13,13,57,0.0033964962459778333
연제구,연산동,2647069000,연산제5동,2024,14,14,58,0.003456083899416041
연제구,연산동,2647069000,연산제5동,2024,15,15,52,0.0030985579787867956
연제구,연산동,2647069000,연산제5동,2024,16,16,58,0.003456083899416041
연제구,연산동,2647069000,연산제5동,2024,17,17,64,0.003813609820045287
연제구,연산동,2647069000,연산제5동,2024,18,18,65,0.0038731974734834943
연제구,연산동,2647069000,연산제5동,2024,19,19,78,0.004647836968180193
연제구,연산동,2647069000,연산제5동,2024,20,20,99,0.005899177690382553
연제구,연산동,2647069000,연산제5동,2024,21,21,141,0.008401859134787273
연제구,연산동,2647069000,연산제5동,2024,22,22,161,0.009593612203551424
연제구,연산동,2647069000,연산제5동,2024,23,23,254,0.015135263973304731
연제구,연산동,2647069000,연산제5동,2024,24,24,304,0.018114646645215112
연제구,연산동,2647069000,연산제5동,2024,25,25,343,0.020438565129305208
연제구,연산동,2647069000,연산제5동,2024,26,26,401,0.023894649028721248
연제구,연산동,2647069000,연산제5동,2024,27,27,445,0.026516505780002385
연제구,연산동,2647069000,연산제5동,2024,28,28,457,0.027231557621260876
연제구,연산동,2647069000,연산제5동,2024,29,29,510,0.03038970325348588
연제구,연산동,2647069000,연산제5동,2024,30,30,499,0.029734239065665594
연제구,연산동,2647069000,연산제5동,2024,31,31,470,0.028006197115957573
연제구,연산동,2647069000,연산제5동,2024,32,32,412,0.024550113216541533
연제구,연산동,2647069000,연산제5동,2024,33,33,398,0.023715886068406626
연제구,연산동,2647069000,연산제5동,2024,34,34,349,0.020796091049934455
연제구,연산동,2647069000,연산제5동,2024,35,35,334,0.01990227624836134
연제구,연산동,2647069000,연산제5동,2024,36,36,260,0.015492789893933977
연제구,연산동,2647069000,연산제5동,2024,37,37,237,0.014122273864855203
연제구,연산동,2647069000,연산제5동,2024,38,38,246,0.01465856274579907
연제구,연산동,2647069000,연산제5동,2024,39,39,227,0.013526397330473125
연제구,연산동,2647069000,연산제5동,2024,40,40,210,0.012513407222023596
연제구,연산동,2647069000,연산제5동,2024,41,41,256,0.015254439280181147
연제구,연산동,2647069000,연산제5동,2024,42,42,239,0.014241449171731617
연제구,연산동,2647069000,연산제5동,2024,43,43,230,0.013705160290787749
연제구,연산동,2647069000,연산제5동,2024,44,44,243,0.014479799785484448
연제구,연산동,2647069000,연산제5동,2024,45,45,234,0.013943510904540579
연제구,연산동,2647069000,연산제5동,2024,46,46,217,0.01293052079609105
연제구,연산동,2647069000,연산제5동,2024,47,47,193,0.011500417113574067
연제구,연산동,2647069000,연산제5동,2024,48,48,192,0.01144082946013586
연제구,연산동,2647069000,연산제5동,2024,49,49,187,0.011142891192944822
연제구,연산동,2647069000,연산제5동,2024,50,50,235,0.014003098557978787
연제구,연산동,2647069000,연산제5동,2024,51,51,233,0.013883923251102371
연제구,연산동,2647069000,연산제5동,2024,52,52,228,0.013585984983911333
연제구,연산동,2647069000,연산제5동,2024,53,53,247,0.014718150399237278
연제구,연산동,2647069000,연산제5동,2024,54,54,278,0.016565367655821714
연제구,연산동,2647069000,연산제5동,2024,55,55,236,0.014062686211416995
연제구,연산동,2647069000,연산제5동,2024,56,56,254,0.015135263973304731
연제구,연산동,2647069000,연산제5동,2024,57,57,267,0.01590990346800143
연제구,연산동,2647069000,연산제5동,2024,58,58,213,0.01269217018233822
연제구,연산동,2647069000,연산제5동,2024,59,59,218,0.012990108449529258
연제구,연산동,2647069000,연산제5동,2024,60,60,213,0.01269217018233822
연제구,연산동,2647069000,연산제5동,2024,61,61,206,0.012275056608270767
연제구,연산동,2647069000,연산제5동,2024,62,62,244,0.014539387438922656
연제구,연산동,2647069000,연산제5동,2024,63,63,276,0.016446192348945298
연제구,연산동,2647069000,연산제5동,2024,64,64,258,0.015373614587057561
연제구,연산동,2647069000,연산제5동,2024,65,65,230,0.013705160290787749
연제구,연산동,2647069000,연산제5동,2024,66,66,231,0.013764747944225957
연제구,연산동,2647069000,연산제5동,2024,67,67,233,0.013883923251102371
연제구,연산동,2647069000,연산제5동,2024,68,68,204,0.01215588130139435
연제구,연산동,2647069000,연산제5동,2024,69,69,211,0.012572994875461804
연제구,연산동,2647069000,연산제5동,2024,70,70,186,0.011083303539506614
연제구,연산동,2647069000,연산제5동,2024,71,71,161,0.009593612203551424
연제구,연산동,2647069000,연산제5동,2024,72,72,185,0.011023715886068406
연제구,연산동,2647069000,연산제5동,2024,73,73,136,0.008103920867596233
연제구,연산동,2647069000,연산제5동,2024,74,74,142,0.008461446788225479
연제구,연산동,2647069000,연산제5동,2024,75,75,128,0.007627219640090574
연제구,연산동,2647069000,연산제5동,2024,76,76,157,0.009355261589798594
연제구,연산동,2647069000,연산제5동,2024,77,77,152,0.009057323322607556
연제구,연산동,2647069000,연산제5동,2024,78,78,102,0.006077940650697175
연제구,연산동,2647069000,연산제5동,2024,79,79,99,0.005899177690382553
연제구,연산동,2647069000,연산제5동,2024,80,80,60,0.003575259206292456
연제구,연산동,2647069000,연산제5동,2024,81,81,111,0.006614229531641044
연제구,연산동,2647069000,연산제5동,2024,82,82,106,0.006316291264450006
연제구,연산동,2647069000,연산제5동,2024,83,83,73,0.004349898700989155
연제구,연산동,2647069000,연산제5동,2024,84,84,63,0.003754022166607079
연제구,연산동,2647069000,연산제5동,2024,85,85,61,0.003634846859730664
연제구,연산동,2647069000,연산제5동,2024,86,86,47,0.0028006197115957574
연제구,연산동,2647069000,연산제5동,2024,87,87,44,0.0026218567512811346
연제구,연산동,2647069000,연산제5동,2024,88,88,32,0.0019068049100226434
연제구,연산동,2647069000,연산제5동,2024,89,89,36,0.0021451555237754737
연제구,연산동,2647069000,연산제5동,2024,90,90,18,0.0010725777618877368
연제구,연산동,2647069000,연산제5동,2024,91,91,16,0.0009534024550113217
연제구,연산동,2647069000,연산제5동,2024,92,92,9,0.0005362888809438684
연제구,연산동,2647069000,연산제5동,2024,93,93,10,0.000595876534382076
연제구,연산동,2647069000,연산제5동,2024,94,94,6,0.0003575259206292456
연제구,연산동,2647069000,연산제5동,2024,95,95,1,5.9587653438207606e-05
연제구,연산동,2647069000,연산제5동,2024,96,96,1,5.9587653438207606e-05
연제구,연산동,2647069000,연산제5동,2024,97,97,1,5.9587653438207606e-05
연제구,연산동,2647069000,연산제5동,2024,98,98,0,0.0
연제구,연산동,2647069000,연산제5동,2024,99,99,1,5.9587653438207606e-05
연제구,연산동,2647069000,연산제5동,2024,100,100세 이상,0,0.0
연제구,연산동,2647070000,연산제6동,2020,0,0,102,0.005964563475820127
연제구,연산동,2647070000,연산제6동,2020,1,1,97,0.005672182913279925
연제구,연산동,2647070000,연산제6동,2020,2,2,111,0.006490848488392492
연제구,연산동,2647070000,연산제6동,2020,3,3,109,0.0063738962633764105
연제구,연산동,2647070000,연산제6동,2020,4,4,119,0.006958657388456815
연제구,연산동,2647070000,연산제6동,2020,5,5,125,0.0073095140635050584
연제구,연산동,2647070000,연산제6동,2020,6,6,117,0.006841705163440734
연제구,연산동,2647070000,연산제6동,2020,7,7,85,0.00497046956318344
연제구,연산동,2647070000,연산제6동,2020,8,8,113,0.006607800713408572
연제구,연산동,2647070000,연산제6동,2020,9,9,88,0.005145897900707561
연제구,연산동,2647070000,연산제6동,2020,10,10,86,0.00502894567569148
연제구,연산동,2647070000,연산제6동,2020,11,11,86,0.00502894567569148
연제구,연산동,2647070000,연산제6동,2020,12,12,94,0.005496754575755804
연제구,연산동,2647070000,연산제6동,2020,13,13,88,0.005145897900707561
연제구,연산동,2647070000,연산제6동,2020,14,14,98,0.0057306590257879654
연제구,연산동,2647070000,연산제6동,2020,15,15,107,0.00625694403836033
연제구,연산동,2647070000,연산제6동,2020,16,16,115,0.006724752938424654
연제구,연산동,2647070000,연산제6동,2020,17,17,117,0.006841705163440734
연제구,연산동,2647070000,연산제6동,2020,18,18,102,0.005964563475820127
연제구,연산동,2647070000,연산제6동,2020,19,19,121,0.007075609613472897
연제구,연산동,2647070000,연산제6동,2020,20,20,149,0.008712940763698029
연제구,연산동,2647070000,연산제6동,2020,21,21,148,0.00865446465118999
연제구,연산동,2647070000,연산제6동,2020,22,22,169,0.009882463013858839
연제구,연산동,2647070000,연산제6동,2020,23,23,185,0.010818080813987486
연제구,연산동,2647070000,연산제6동,2020,24,24,168,0.009823986901350798
연제구,연산동,2647070000,연산제6동,2020,25,25,191,0.011168937489035729
연제구,연산동,2647070000,연산제6동,2020,26,26,227,0.013274077539325186
연제구,연산동,2647070000,연산제6동,2020,27,27,186,0.010876556926495527
연제구,연산동,2647070000,연산제6동,2020,28,28,233,0.013624934214373429
연제구,연산동,2647070000,연산제6동,2020,29,29,235,0.01374188643938951
연제구,연산동,2647070000,연산제6동,2020,30,30,217,0.012689316414244782
연제구,연산동,2647070000,연산제6동,2020,31,31,232,0.013566458101865388
연제구,연산동,2647070000,연산제6동,2020,32,32,247,0.014443599789485995
연제구,연산동,2647070000,연산제6동,2020,33,33,221,0.012923220864276943
연제구,연산동,2647070000,연산제6동,2020,34,34,210,0.012279983626688497
연제구,연산동,2647070000,연산제6동,2020,35,35,196,0.011461318051575931
연제구,연산동,2647070000,연산제6동,2020,36,36,250,0.014619028127010117
연제구,연산동,2647070000,연산제6동,2020,37,37,243,0.014209695339453833
연제구,연산동,2647070000,연산제6동,2020,38,38,286,0.016724168177299572
연제구,연산동,2647070000,연산제6동,2020,39,39,268,0.015671598152154846
연제구,연산동,2647070000,연산제6동,2020,40,40,230,0.013449505876849307
연제구,연산동,2647070000,연산제6동,2020,41,41,228,0.013332553651833227
연제구,연산동,2647070000,연산제6동,2020,42,42,214,0.01251388807672066
연제구,연산동,2647070000,연산제6동,2020,43,43,231,0.013507981989357348
연제구,연산동,2647070000,연산제6동,2020,44,44,194,0.01134436582655985
연제구,연산동,2647070000,연산제6동,2020,45,45,197,0.011519794164083972
연제구,연산동,2647070000,연산제6동,2020,46,46,235,0.01374188643938951
연제구,연산동,2647070000,연산제6동,2020,47,47,253,0.014794456464534238
연제구,연산동,2647070000,연산제6동,2020,48,48,241,0.014092743114437752
연제구,연산동,2647070000,연산제6동,2020,49,49,241,0.014092743114437752
연제구,연산동,2647070000,연산제6동,2020,50,50,265,0.015496169814630723
연제구,연산동,2647070000,연산제6동,2020,51,51,236,0.01380036255189755
연제구,연산동,2647070000,연산제6동,2020,52,52,260,0.015203789252090521
연제구,연산동,2647070000,연산제6동,2020,53,53,266,0.015554645927138764
연제구,연산동,2647070000,연산제6동,2020,54,54,255,0.014911408689550319
연제구,연산동,2647070000,연산제6동,2020,55,55,271,0.015847026489678968
연제구,연산동,2647070000,연산제6동,2020,56,56,249,0.014560552014502076
연제구,연산동,2647070000,연산제6동,2020,57,57,228,0.013332553651833227
연제구,연산동,2647070000,연산제6동,2020,58,58,313,0.018303023215016666
연제구,연산동,2647070000,연산제6동,2020,59,59,352,0.020583591602830242
연제구,연산동,2647070000,연산제6동,2020,60,60,338,0.019764926027717677
연제구,연산동,2647070000,연산제6동,2020,61,61,336,0.019647973802701595
연제구,연산동,2647070000,연산제6동,2020,62,62,335,0.019589497690193556
연제구,연산동,2647070000,연산제6동,2020,63,63,327,0.01912168879012923
연제구,연산동,2647070000,연산제6동,2020,64,64,321,0.01877083211508099
연제구,연산동,2647070000,연산제6동,2020,65,65,335,0.019589497690193556
연제구,연산동,2647070000,연산제6동,2020,66,66,261,0.015262265364598562
연제구,연산동,2647070000,연산제6동,2020,67,67,283,0.01654873983977545
연제구,연산동,2647070000,연산제6동,2020,68,68,281,0.01643178761475937
연제구,연산동,2647070000,연산제6동,2020,69,69,245,0.014326647564469915
연제구,연산동,2647070000,연산제6동,2020,70,70,215,0.0125723641892287
연제구,연산동,2647070000,연산제6동,2020,71,71,222,0.012981696976784984
연제구,연산동,2647070000,연산제6동,2020,72,72,241,0.014092743114437752
연제구,연산동,2647070000,연산제6동,2020,73,73,210,0.012279983626688497
연제구,연산동,2647070000,연산제6동,2020,74,74,169,0.009882463013858839
연제구,연산동,2647070000,연산제6동,2020,75,75,130,0.0076018946260452604
연제구,연산동,2647070000,연산제6동,2020,76,76,156,0.009122273551254313
연제구,연산동,2647070000,연산제6동,2020,77,77,188,0.010993509151511607
연제구,연산동,2647070000,연산제6동,2020,78,78,176,0.010291795801415121
연제구,연산동,2647070000,연산제6동,2020,79,79,182,0.010642652476463364
연제구,연산동,2647070000,연산제6동,2020,80,80,151,0.00882989298871411
연제구,연산동,2647070000,연산제6동,2020,81,81,131,0.007660370738553301
연제구,연산동,2647070000,연산제6동,2020,82,82,86,0.00502894567569148
연제구,연산동,2647070000,연산제6동,2020,83,83,90,0.005262850125723642
연제구,연산동,2647070000,연산제6동,2020,84,84,71,0.004151803988070873
연제구,연산동,2647070000,연산제6동,2020,85,85,79,0.004619612888135197
연제구,연산동,2647070000,연산제6동,2020,86,86,50,0.0029238056254020234
연제구,연산동,2647070000,연산제6동,2020,87,87,38,0.0022220922753055376
연제구,연산동,2647070000,연산제6동,2020,88,88,30,0.001754283375241214
연제구,연산동,2647070000,연산제6동,2020,89,89,34,0.001988187825273376
연제구,연산동,2647070000,연산제6동,2020,90,90,26,0.0015203789252090521
연제구,연산동,2647070000,연산제6동,2020,91,91,17,0.000994093912636688
연제구,연산동,2647070000,연산제6동,2020,92,92,9,0.0005262850125723642
연제구,연산동,2647070000,연산제6동,2020,93,93,5,0.0002923805625402023
연제구,연산동,2647070000,연산제6동,2020,94,94,8,0.00046780890006432375
연제구,연산동,2647070000,연산제6동,2020,95,95,5,0.0002923805625402023
연제구,연산동,2647070000,연산제6동,2020,96,96,2,0.00011695222501608094
연제구,연산동,2647070000,연산제6동,2020,97,97,2,0.00011695222501608094
연제구,연산동,2647070000,연산제6동,2020,98,98,1,5.847611250804047e-05
연제구,연산동,2647070000,연산제6동,2020,99,99,3,0.0001754283375241214
연제구,연산동,2647070000,연산제6동,2020,100,100세 이상,12,0.0007017133500964856
연제구,연산동,2647070000,연산제6동,2021,0,0,85,0.005090125157195042
연제구,연산동,2647070000,연산제6동,2021,1,1,106,0.006347685490149111
연제구,연산동,2647070000,연산제6동,2021,2,2,86,0.005150008982573807
연제구,연산동,2647070000,연산제6동,2021,3,3,108,0.006467453140906641
연제구,연산동,2647070000,연산제6동,2021,4,4,101,0.006048266363255284
연제구,연산동,2647070000,연산제6동,2021,5,5,124,0.007425594346966884
연제구,연산동,2647070000,연산제6동,2021,6,6,101,0.006048266363255284
연제구,연산동,2647070000,연산제6동,2021,7,7,115,0.006886639918557998
연제구,연산동,2647070000,연산제6동,2021,8,8,76,0.004551170728786155
연제구,연산동,2647070000,연산제6동,2021,9,9,110,0.006587220791664171
연제구,연산동,2647070000,연산제6동,2021,10,10,91,0.005449428109467633
연제구,연산동,2647070000,연산제6동,2021,11,11,90,0.0053895442840888675
연제구,연산동,2647070000,연산제6동,2021,12,12,86,0.005150008982573807
연제구,연산동,2647070000,연산제6동,2021,13,13,92,0.005509311934846398
연제구,연산동,2647070000,연산제6동,2021,14,14,88,0.005269776633331337
연제구,연산동,2647070000,연산제6동,2021,15,15,95,0.005688963410982693
연제구,연산동,2647070000,연산제6동,2021,16,16,108,0.006467453140906641
연제구,연산동,2647070000,연산제6동,2021,17,17,113,0.006766872267800467
연제구,연산동,2647070000,연산제6동,2021,18,18,114,0.006826756093179232
연제구,연산동,2647070000,연산제6동,2021,19,19,102,0.00610815018863405
연제구,연산동,2647070000,연산제6동,2021,20,20,123,0.007365710521588119
연제구,연산동,2647070000,연산제6동,2021,21,21,157,0.009401760584466136
연제구,연산동,2647070000,연산제6동,2021,22,22,138,0.008263967902269596
연제구,연산동,2647070000,연산제6동,2021,23,23,165,0.009880831187496258
연제구,연산동,2647070000,연산제6동,2021,24,24,182,0.010898856218935266
연제구,연산동,2647070000,연산제6동,2021,25,25,184,0.011018623869692795
연제구,연산동,2647070000,연산제6동,2021,26,26,178,0.010659320917420204
연제구,연산동,2647070000,연산제6동,2021,27,27,236,0.014132582789388587
연제구,연산동,2647070000,연산제6동,2021,28,28,185,0.01107850769507156
연제구,연산동,2647070000,연산제6동,2021,29,29,239,0.014312234265524882
연제구,연산동,2647070000,연산제6동,2021,30,30,227,0.0135936283609797
연제구,연산동,2647070000,연산제6동,2021,31,31,219,0.013114557757949577
연제구,연산동,2647070000,연산제6동,2021,32,32,225,0.013473860710222168
연제구,연산동,2647070000,연산제6동,2021,33,33,230,0.013773279837115996
연제구,연산동,2647070000,연산제6동,2021,34,34,216,0.012934906281813282
연제구,연산동,2647070000,연산제6동,2021,35,35,197,0.011797113599616743
연제구,연산동,2647070000,연산제6동,2021,36,36,195,0.011677345948859214
연제구,연산동,2647070000,연산제6동,2021,37,37,234,0.014012815138631056
연제구,연산동,2647070000,연산제6동,2021,38,38,210,0.012575603329540691
연제구,연산동,2647070000,연산제6동,2021,39,39,282,0.016887238756811786
연제구,연산동,2647070000,연산제6동,2021,40,40,268,0.016048865201509072
연제구,연산동,2647070000,연산제6동,2021,41,41,220,0.013174441583328343
연제구,연산동,2647070000,연산제6동,2021,42,42,240,0.014372118090903647
연제구,연산동,2647070000,연산제6동,2021,43,43,213,0.012755254805676986
연제구,연산동,2647070000,연산제6동,2021,44,44,221,0.013234325408707108
연제구,연산동,2647070000,연산제6동,2021,45,45,195,0.011677345948859214
연제구,연산동,2647070000,연산제6동,2021,46,46,192,0.011497694472722917
연제구,연산동,2647070000,연산제6동,2021,47,47,222,0.013294209234085873
연제구,연산동,2647070000,연산제6동,2021,48,48,248,0.014851188693933768
연제구,연산동,2647070000,연산제6동,2021,49,49,240,0.014372118090903647
연제구,연산동,2647070000,연산제6동,2021,50,50,241,0.014432001916282413
연제구,연산동,2647070000,연산제6동,2021,51,51,260,0.01556979459847895
연제구,연산동,2647070000,연산제6동,2021,52,52,247,0.014791304868555004
연제구,연산동,2647070000,연산제6동,2021,53,53,257,0.015390143122342655
연제구,연산동,2647070000,연산제6동,2021,54,54,263,0.015749446074615245
연제구,연산동,2647070000,연산제6동,2021,55,55,253,0.015150607820827595
연제구,연산동,2647070000,연산제6동,2021,56,56,255,0.015270375471585124
연제구,연산동,2647070000,연산제6동,2021,57,57,255,0.015270375471585124
연제구,연산동,2647070000,연산제6동,2021,58,58,227,0.0135936283609797
연제구,연산동,2647070000,연산제6동,2021,59,59,312,0.01868375351817474
연제구,연산동,2647070000,연산제6동,2021,60,60,332,0.019881430025750046
연제구,연산동,2647070000,연산제6동,2021,61,61,328,0.019641894724234985
연제구,연산동,2647070000,연산제6동,2021,62,62,314,0.01880352116893227
연제구,연산동,2647070000,연산제6동,2021,63,63,316,0.018923288819689802
연제구,연산동,2647070000,연산제6동,2021,64,64,314,0.01880352116893227
연제구,연산동,2647070000,연산제6동,2021,65,65,302,0.01808491526438709
연제구,연산동,2647070000,연산제6동,2021,66,66,334,0.020001197676507574
연제구,연산동,2647070000,연산제6동,2021,67,67,253,0.015150607820827595
연제구,연산동,2647070000,연산제6동,2021,68,68,277,0.016587819629917958
연제구,연산동,2647070000,연산제6동,2021,69,69,267,0.015988981376130307
연제구,연산동,2647070000,연산제6동,2021,70,70,233,0.01395293131325229
연제구,연산동,2647070000,연산제6동,2021,71,71,213,0.012755254805676986
연제구,연산동,2647070000,연산제6동,2021,72,72,226,0.013533744535600934
연제구,연산동,2647070000,연산제6동,2021,73,73,227,0.0135936283609797
연제구,연산동,2647070000,연산제6동,2021,74,74,196,0.011737229774237978
연제구,연산동,2647070000,연산제6동,2021,75,75,165,0.009880831187496258
연제구,연산동,2647070000,연산제6동,2021,76,76,129,0.00772501347386071
연제구,연산동,2647070000,연산제6동,2021,77,77,149,0.008922689981436013
연제구,연산동,2647070000,연산제6동,2021,78,78,182,0.010898856218935266
연제구,연산동,2647070000,연산제6동,2021,79,79,167,0.010000598838253787
연제구,연산동,2647070000,연산제6동,2021,80,80,173,0.010359901790526378
연제구,연산동,2647070000,연산제6동,2021,81,81,140,0.008383735553027127
연제구,연산동,2647070000,연산제6동,2021,82,82,121,0.007245942870830589
연제구,연산동,2647070000,연산제6동,2021,83,83,77,0.00461105455416492
연제구,연산동,2647070000,연산제6동,2021,84,84,77,0.00461105455416492
연제구,연산동,2647070000,연산제6동,2021,85,85,69,0.004131983951134798
연제구,연산동,2647070000,연산제6동,2021,86,86,72,0.004311635427271094
연제구,연산동,2647070000,연산제6동,2021,87,87,50,0.00299419126893826
연제구,연산동,2647070000,연산제6동,2021,88,88,34,0.0020360500628780168
연제구,연산동,2647070000,연산제6동,2021,89,89,28,0.0016767471106054256
연제구,연산동,2647070000,연산제6동,2021,90,90,31,0.001856398586741721
연제구,연산동,2647070000,연산제6동,2021,91,91,21,0.001257560332954069
연제구,연산동,2647070000,연산제6동,2021,92,92,13,0.0007784897299239475
연제구,연산동,2647070000,연산제6동,2021,93,93,8,0.00047907060303012156
연제구,연산동,2647070000,연산제6동,2021,94,94,3,0.00017965147613629558
연제구,연산동,2647070000,연산제6동,2021,95,95,6,0.00035930295227259117
연제구,연산동,2647070000,연산제6동,2021,96,96,5,0.000299419126893826
연제구,연산동,2647070000,연산제6동,2021,97,97,1,5.9883825378765195e-05
연제구,연산동,2647070000,연산제6동,2021,98,98,2,0.00011976765075753039
연제구,연산동,2647070000,연산제6동,2021,99,99,0,0.0
연제구,연산동,2647070000,연산제6동,2021,100,100세 이상,2,0.00011976765075753039
연제구,연산동,2647070000,연산제6동,2022,0,0,76,0.004661432777232581
연제구,연산동,2647070000,연산제6동,2022,1,1,76,0.004661432777232581
연제구,연산동,2647070000,연산제6동,2022,2,2,93,0.005704121687929342
연제구,연산동,2647070000,연산제6동,2022,3,3,79,0.004845436702649656
연제구,연산동,2647070000,연산제6동,2022,4,4,98,0.006010794896957802
연제구,연산동,2647070000,연산제6동,2022,5,5,97,0.00594946025515211
연제구,연산동,2647070000,연산제6동,2022,6,6,116,0.007114818449460255
연제구,연산동,2647070000,연산제6동,2022,7,7,103,0.006317468105986261
연제구,연산동,2647070000,연산제6동,2022,8,8,105,0.006440137389597644
연제구,연산동,2647070000,연산제6동,2022,9,9,75,0.004600098135426889
연제구,연산동,2647070000,연산제6동,2022,10,10,109,0.006685475956820413
연제구,연산동,2647070000,연산제6동,2022,11,11,84,0.005152109911678116
연제구,연산동,2647070000,연산제6동,2022,12,12,87,0.005336113837095192
연제구,연산동,2647070000,연산제6동,2022,13,13,86,0.005274779195289499
연제구,연산동,2647070000,연산제6동,2022,14,14,97,0.00594946025515211
연제구,연산동,2647070000,연산제6동,2022,15,15,83,0.0050907752698724235
연제구,연산동,2647070000,연산제6동,2022,16,16,99,0.006072129538763494
연제구,연산동,2647070000,연산제6동,2022,17,17,109,0.006685475956820413
연제구,연산동,2647070000,연산제6동,2022,18,18,107,0.0065628066732090285
연제구,연산동,2647070000,연산제6동,2022,19,19,119,0.0072988223748773305
연제구,연산동,2647070000,연산제6동,2022,20,20,103,0.006317468105986261
연제구,연산동,2647070000,연산제6동,2022,21,21,118,0.007237487733071639
연제구,연산동,2647070000,연산제6동,2022,22,22,156,0.009568204121687929
연제구,연산동,2647070000,연산제6동,2022,23,23,139,0.008525515210991168
연제구,연산동,2647070000,연산제6동,2022,24,24,158,0.009690873405299312
연제구,연산동,2647070000,연산제6동,2022,25,25,179,0.010978900883218842
연제구,연산동,2647070000,연산제6동,2022,26,26,178,0.01091756624141315
연제구,연산동,2647070000,연산제6동,2022,27,27,203,0.012450932286555446
연제구,연산동,2647070000,연산제6동,2022,28,28,236,0.014474975466143278
연제구,연산동,2647070000,연산제6동,2022,29,29,193,0.011837585868498528
연제구,연산동,2647070000,연산제6동,2022,30,30,243,0.01490431795878312
연제구,연산동,2647070000,연산제6동,2022,31,31,217,0.013309617271835132
연제구,연산동,2647070000,연산제6동,2022,32,32,203,0.012450932286555446
연제구,연산동,2647070000,연산제6동,2022,33,33,212,0.013002944062806674
연제구,연산동,2647070000,연산제6동,2022,34,34,213,0.013064278704612365
연제구,연산동,2647070000,연산제6동,2022,35,35,205,0.01257360157016683
연제구,연산동,2647070000,연산제6동,2022,36,36,176,0.010794896957801767
연제구,연산동,2647070000,연산제6동,2022,37,37,184,0.011285574092247301
연제구,연산동,2647070000,연산제6동,2022,38,38,219,0.013432286555446517
연제구,연산동,2647070000,연산제6동,2022,39,39,203,0.012450932286555446
연제구,연산동,2647070000,연산제6동,2022,40,40,264,0.01619234543670265
연제구,연산동,2647070000,연산제6동,2022,41,41,262,0.016069676153091267
연제구,연산동,2647070000,연산제6동,2022,42,42,212,0.013002944062806674
연제구,연산동,2647070000,연산제6동,2022,43,43,233,0.014290971540726203
연제구,연산동,2647070000,연산제6동,2022,44,44,206,0.012634936211972522
연제구,연산동,2647070000,연산제6동,2022,45,45,219,0.013432286555446517
연제구,연산동,2647070000,연산제6동,2022,46,46,189,0.011592247301275761
연제구,연산동,2647070000,연산제6동,2022,47,47,182,0.011162904808635918
연제구,연산동,2647070000,연산제6동,2022,48,48,223,0.013677625122669283
연제구,연산동,2647070000,연산제6동,2022,49,49,247,0.015149656526005887
연제구,연산동,2647070000,연산제6동,2022,50,50,244,0.014965652600588812
연제구,연산동,2647070000,연산제6동,2022,51,51,233,0.014290971540726203
연제구,연산동,2647070000,연산제6동,2022,52,52,255,0.015640333660451422
연제구,연산동,2647070000,연산제6동,2022,53,53,247,0.015149656526005887
연제구,연산동,2647070000,연산제6동,2022,54,54,251,0.015394995093228656
연제구,연산동,2647070000,연산제6동,2022,55,55,259,0.015885672227674192
연제구,연산동,2647070000,연산제6동,2022,56,56,252,0.015456329735034347
연제구,연산동,2647070000,연산제6동,2022,57,57,250,0.015333660451422964
연제구,연산동,2647070000,연산제6동,2022,58,58,252,0.015456329735034347
연제구,연산동,2647070000,연산제6동,2022,59,59,225,0.013800294406280667
연제구,연산동,2647070000,연산제6동,2022,60,60,308,0.018891069676153092
연제구,연산동,2647070000,연산제6동,2022,61,61,316,0.019381746810598625
연제구,연산동,2647070000,연산제6동,2022,62,62,329,0.02017909715407262
연제구,연산동,2647070000,연산제6동,2022,63,63,307,0.0188297350343474
연제구,연산동,2647070000,연산제6동,2022,64,64,312,0.019136408243375858
연제구,연산동,2647070000,연산제6동,2022,65,65,320,0.019627085377821395
연제구,연산동,2647070000,연산제6동,2022,66,66,300,0.018400392541707555
연제구,연산동,2647070000,연산제6동,2022,67,67,329,0.02017909715407262
연제구,연산동,2647070000,연산제6동,2022,68,68,248,0.01521099116781158
연제구,연산동,2647070000,연산제6동,2022,69,69,276,0.016928361138370953
연제구,연산동,2647070000,연산제6동,2022,70,70,250,0.015333660451422964
연제구,연산동,2647070000,연산제6동,2022,71,71,230,0.014106967615309126
연제구,연산동,2647070000,연산제6동,2022,72,72,200,0.01226692836113837
연제구,연산동,2647070000,연산제6동,2022,73,73,231,0.014168302257114818
연제구,연산동,2647070000,연산제6동,2022,74,74,231,0.014168302257114818
연제구,연산동,2647070000,연산제6동,2022,75,75,187,0.011469578017664376
연제구,연산동,2647070000,연산제6동,2022,76,76,161,0.009874877330716389
연제구,연산동,2647070000,연산제6동,2022,77,77,121,0.007421491658488715
연제구,연산동,2647070000,연산제6동,2022,78,78,149,0.009138861629048086
연제구,연산동,2647070000,연산제6동,2022,79,79,172,0.010549558390578999
연제구,연산동,2647070000,연산제6동,2022,80,80,157,0.00962953876349362
연제구,연산동,2647070000,연산제6동,2022,81,81,162,0.00993621197252208
연제구,연산동,2647070000,연산제6동,2022,82,82,133,0.008157507360157017
연제구,연산동,2647070000,연산제6동,2022,83,83,110,0.006746810598626104
연제구,연산동,2647070000,연산제6동,2022,84,84,76,0.004661432777232581
연제구,연산동,2647070000,연산제6동,2022,85,85,65,0.003986751717369971
연제구,연산동,2647070000,연산제6동,2022,86,86,54,0.00331207065750736
연제구,연산동,2647070000,연산제6동,2022,87,87,64,0.003925417075564278
연제구,연산동,2647070000,연산제6동,2022,88,88,43,0.0026373895976447496
연제구,연산동,2647070000,연산제6동,2022,89,89,29,0.0017787046123650637
연제구,연산동,2647070000,연산제6동,2022,90,90,24,0.0014720314033366045
연제구,연산동,2647070000,연산제6동,2022,91,91,25,0.0015333660451422964
연제구,연산동,2647070000,연산제6동,2022,92,92,17,0.0010426889106967614
연제구,연산동,2647070000,연산제6동,2022,93,93,12,0.0007360157016683023
연제구,연산동,2647070000,연산제6동,2022,94,94,5,0.0003066732090284593
연제구,연산동,2647070000,연산제6동,2022,95,95,2,0.0001226692836113837
연제구,연산동,2647070000,연산제6동,2022,96,96,3,0.00018400392541707556
연제구,연산동,2647070000,연산제6동,2022,97,97,4,0.0002453385672227674
연제구,연산동,2647070000,연산제6동,2022,98,98,0,0.0
연제구,연산동,2647070000,연산제6동,2022,99,99,1,6.133464180569185e-05
연제구,연산동,2647070000,연산제6동,2022,100,100세 이상,0,0.0
연제구,연산동,2647070000,연산제6동,2023,0,0,68,0.004351443015294042
연제구,연산동,2647070000,연산제6동,2023,1,1,77,0.004927369296730018
연제구,연산동,2647070000,연산제6동,2023,2,2,63,0.004031483970051834
연제구,연산동,2647070000,연산제6동,2023,3,3,77,0.004927369296730018
연제구,연산동,2647070000,연산제6동,2023,4,4,75,0.004799385678633135
연제구,연산동,2647070000,연산제6동,2023,5,5,88,0.005631279196262879
연제구,연산동,2647070000,연산제6동,2023,6,6,95,0.006079221859601971
연제구,연산동,2647070000,연산제6동,2023,7,7,106,0.006783131759134831
연제구,연산동,2647070000,연산제6동,2023,8,8,98,0.006271197286747296
연제구,연산동,2647070000,연산제6동,2023,9,9,103,0.006591156331989505
연제구,연산동,2647070000,연산제6동,2023,10,10,69,0.004415434824342484
연제구,연산동,2647070000,연산제6동,2023,11,11,104,0.006655148141037947
연제구,연산동,2647070000,연산제6동,2023,12,12,79,0.0050553529148269025
연제구,연산동,2647070000,연산제6동,2023,13,13,89,0.00569527100531132
연제구,연산동,2647070000,연산제6동,2023,14,14,85,0.005439303769117553
연제구,연산동,2647070000,연산제6동,2023,15,15,95,0.006079221859601971
연제구,연산동,2647070000,연산제6동,2023,16,16,84,0.005375311960069111
연제구,연산동,2647070000,연산제6동,2023,17,17,103,0.006591156331989505
연제구,연산동,2647070000,연산제6동,2023,18,18,103,0.006591156331989505
연제구,연산동,2647070000,연산제6동,2023,19,19,101,0.006463172713892622
연제구,연산동,2647070000,연산제6동,2023,20,20,116,0.007423049849619248
연제구,연산동,2647070000,연산제6동,2023,21,21,102,0.006527164522941064
연제구,연산동,2647070000,연산제6동,2023,22,22,113,0.0072310744224739236
연제구,연산동,2647070000,연산제6동,2023,23,23,144,0.00921482050297562
연제구,연산동,2647070000,연산제6동,2023,24,24,130,0.008318935176297435
연제구,연산동,2647070000,연산제6동,2023,25,25,146,0.009342804121072502
연제구,연산동,2647070000,연산제6동,2023,26,26,159,0.010174697638702246
연제구,연산동,2647070000,연산제6동,2023,27,27,186,0.011902476483010174
연제구,연산동,2647070000,연산제6동,2023,28,28,196,0.012542394573494592
연제구,연산동,2647070000,연산제6동,2023,29,29,224,0.014334165226850963
연제구,연산동,2647070000,연산제6동,2023,30,30,187,0.011966468292058616
연제구,연산동,2647070000,연산제6동,2023,31,31,220,0.014078197990657196
연제구,연산동,2647070000,연산제6동,2023,32,32,204,0.013054329045882128
연제구,연산동,2647070000,연산제6동,2023,33,33,188,0.012030460101107058
연제구,연산동,2647070000,연산제6동,2023,34,34,198,0.012670378191591477
연제구,연산동,2647070000,연산제6동,2023,35,35,204,0.013054329045882128
연제구,연산동,2647070000,연산제6동,2023,36,36,183,0.011710501055864849
연제구,연산동,2647070000,연산제6동,2023,37,37,167,0.010686632111089781
연제구,연산동,2647070000,연산제6동,2023,38,38,168,0.010750623920138222
연제구,연산동,2647070000,연산제6동,2023,39,39,202,0.012926345427785244
연제구,연산동,2647070000,연산제6동,2023,40,40,191,0.012222435528252383
연제구,연산동,2647070000,연산제6동,2023,41,41,247,0.015805976834965124
연제구,연산동,2647070000,연산제6동,2023,42,42,242,0.015486017789722915
연제구,연산동,2647070000,연산제6동,2023,43,43,209,0.013374288091124335
연제구,연산동,2647070000,연산제6동,2023,44,44,222,0.01420618160875408
연제구,연산동,2647070000,연산제6동,2023,45,45,197,0.012606386382543034
연제구,연산동,2647070000,연산제6동,2023,46,46,219,0.014014206181608754
연제구,연산동,2647070000,연산제6동,2023,47,47,178,0.01139054201062264
연제구,연산동,2647070000,연산제6동,2023,48,48,177,0.011326550201574198
연제구,연산동,2647070000,연산제6동,2023,49,49,213,0.013630255327318104
연제구,연산동,2647070000,연산제6동,2023,50,50,235,0.015038075126383823
연제구,연산동,2647070000,연산제6동,2023,51,51,236,0.015102066935432265
연제구,연산동,2647070000,연산제6동,2023,52,52,225,0.014398157035899405
연제구,연산동,2647070000,연산제6동,2023,53,53,239,0.01529404236257759
연제구,연산동,2647070000,연산제6동,2023,54,54,229,0.014654124272093172
연제구,연산동,2647070000,연산제6동,2023,55,55,256,0.0163819031164011
연제구,연산동,2647070000,연산제6동,2023,56,56,254,0.016253919498304216
연제구,연산동,2647070000,연산제6동,2023,57,57,240,0.015358034171626032
연제구,연산동,2647070000,연산제6동,2023,58,58,236,0.015102066935432265
연제구,연산동,2647070000,연산제6동,2023,59,59,237,0.015166058744480706
연제구,연산동,2647070000,연산제6동,2023,60,60,219,0.014014206181608754
연제구,연산동,2647070000,연산제6동,2023,61,61,288,0.01842964100595124
연제구,연산동,2647070000,연산제6동,2023,62,62,311,0.0199014526140654
연제구,연산동,2647070000,연산제6동,2023,63,63,323,0.020669354322646702
연제구,연산동,2647070000,연산제6동,2023,64,64,299,0.019133550905484097
연제구,연산동,2647070000,연산제6동,2023,65,65,305,0.01951750175977475
연제구,연산동,2647070000,연산제6동,2023,66,66,314,0.020093428041210726
연제구,연산동,2647070000,연산제6동,2023,67,67,292,0.018685608242145005
연제구,연산동,2647070000,연산제6동,2023,68,68,322,0.02060536251359826
연제구,연산동,2647070000,연산제6동,2023,69,69,240,0.015358034171626032
연제구,연산동,2647070000,연산제6동,2023,70,70,270,0.017277788443079287
연제구,연산동,2647070000,연산제6동,2023,71,71,253,0.016189927689255774
연제구,연산동,2647070000,연산제6동,2023,72,72,229,0.014654124272093172
연제구,연산동,2647070000,연산제6동,2023,73,73,202,0.012926345427785244
연제구,연산동,2647070000,연산제6동,2023,74,74,219,0.014014206181608754
연제구,연산동,2647070000,연산제6동,2023,75,75,211,0.01350227170922122
연제구,연산동,2647070000,연산제6동,2023,76,76,184,0.011774492864913291
연제구,연산동,2647070000,연산제6동,2023,77,77,159,0.010174697638702246
연제구,연산동,2647070000,연산제6동,2023,78,78,110,0.007039098995328598
연제구,연산동,2647070000,연산제6동,2023,79,79,143,0.009150828693927178
연제구,연산동,2647070000,연산제6동,2023,80,80,159,0.010174697638702246
연제구,연산동,2647070000,연산제6동,2023,81,81,140,0.008958853266781851
연제구,연산동,2647070000,연산제6동,2023,82,82,149,0.009534779548217829
연제구,연산동,2647070000,연산제6동,2023,83,83,126,0.008062967940103668
연제구,연산동,2647070000,연산제6동,2023,84,84,99,0.006335189095795738
연제구,연산동,2647070000,연산제6동,2023,85,85,74,0.004735393869584693
연제구,연산동,2647070000,연산제6동,2023,86,86,58,0.003711524924809624
연제구,연산동,2647070000,연산제6동,2023,87,87,51,0.003263582261470532
연제구,연산동,2647070000,연산제6동,2023,88,88,58,0.003711524924809624
연제구,연산동,2647070000,연산제6동,2023,89,89,39,0.00249568055288923
연제구,연산동,2647070000,연산제6동,2023,90,90,25,0.001599795226211045
연제구,연산동,2647070000,연산제6동,2023,91,91,18,0.0011518525628719525
연제구,연산동,2647070000,연산제6동,2023,92,92,23,0.0014718116081141614
연제구,연산동,2647070000,연산제6동,2023,93,93,14,0.0008958853266781852
연제구,연산동,2647070000,연산제6동,2023,94,94,9,0.0005759262814359762
연제구,연산동,2647070000,연산제6동,2023,95,95,3,0.0001919754271453254
연제구,연산동,2647070000,연산제6동,2023,96,96,2,0.0001279836180968836
연제구,연산동,2647070000,연산제6동,2023,97,97,3,0.0001919754271453254
연제구,연산동,2647070000,연산제6동,2023,98,98,2,0.0001279836180968836
연제구,연산동,2647070000,연산제6동,2023,99,99,0,0.0
연제구,연산동,2647070000,연산제6동,2023,100,100세 이상,1,6.39918090484418e-05
연제구,연산동,2647070000,연산제6동,2024,0,0,73,0.004749512036434613
연제구,연산동,2647070000,연산제6동,2024,1,1,78,0.005074821080026025
연제구,연산동,2647070000,연산제6동,2024,2,2,65,0.004229017566688354
연제구,연산동,2647070000,연산제6동,2024,3,3,57,0.003708523096942095
연제구,연산동,2647070000,연산제6동,2024,4,4,69,0.004489264801561484
연제구,연산동,2647070000,연산제6동,2024,5,5,71,0.004619388418998048
연제구,연산동,2647070000,연산제6동,2024,6,6,77,0.005009759271307743
연제구,연산동,2647070000,연산제6동,2024,7,7,93,0.00605074821080026
연제구,연산동,2647070000,연산제6동,2024,8,8,101,0.006571242680546519
연제구,연산동,2647070000,연산제6동,2024,9,9,97,0.0063109954456733895
연제구,연산동,2647070000,연산제6동,2024,10,10,103,0.006701366297983084
연제구,연산동,2647070000,연산제6동,2024,11,11,74,0.0048145738451528955
연제구,연산동,2647070000,연산제6동,2024,12,12,99,0.006441119063109954
연제구,연산동,2647070000,연산제6동,2024,13,13,84,0.005465191932335719
연제구,연산동,2647070000,연산제6동,2024,14,14,90,0.005855562784645413
연제구,연산동,2647070000,연산제6동,2024,15,15,84,0.005465191932335719
연제구,연산동,2647070000,연산제6동,2024,16,16,105,0.0068314899154196486
연제구,연산동,2647070000,연산제6동,2024,17,17,93,0.00605074821080026
연제구,연산동,2647070000,연산제6동,2024,18,18,98,0.006376057254391672
연제구,연산동,2647070000,연산제6동,2024,19,19,99,0.006441119063109954
연제구,연산동,2647070000,연산제6동,2024,20,20,98,0.006376057254391672
연제구,연산동,2647070000,연산제6동,2024,21,21,112,0.007286922576447625
연제구,연산동,2647070000,연산제6동,2024,22,22,85,0.005530253741054001
연제구,연산동,2647070000,연산제6동,2024,23,23,103,0.006701366297983084
연제구,연산동,2647070000,연산제6동,2024,24,24,140,0.009108653220559532
연제구,연산동,2647070000,연산제6동,2024,25,25,133,0.008653220559531554
연제구,연산동,2647070000,연산제6동,2024,26,26,153,0.009954456733897202
연제구,연산동,2647070000,연산제6동,2024,27,27,165,0.01073519843851659
연제구,연산동,2647070000,연산제6동,2024,28,28,176,0.011450878334417696
연제구,연산동,2647070000,연산제6동,2024,29,29,199,0.012947299934938192
연제구,연산동,2647070000,연산제6동,2024,30,30,226,0.014703968770331815
연제구,연산동,2647070000,연산제6동,2024,31,31,185,0.012036434612882238
연제구,연산동,2647070000,연산제6동,2024,32,32,216,0.014053350683148991
연제구,연산동,2647070000,연산제6동,2024,33,33,198,0.012882238126219909
연제구,연산동,2647070000,연산제6동,2024,34,34,182,0.01184124918672739
연제구,연산동,2647070000,연산제6동,2024,35,35,183,0.011906310995445674
연제구,연산동,2647070000,연산제6동,2024,36,36,196,0.012752114508783344
연제구,연산동,2647070000,연산제6동,2024,37,37,190,0.01236174365647365
연제구,연산동,2647070000,연산제6동,2024,38,38,166,0.010800260247234874
연제구,연산동,2647070000,연산제6동,2024,39,39,163,0.010605074821080026
연제구,연산동,2647070000,연산제6동,2024,40,40,192,0.012491867273910214
연제구,연산동,2647070000,연산제6동,2024,41,41,191,0.012426805465191933
연제구,연산동,2647070000,연산제6동,2024,42,42,253,0.01646063760572544
연제구,연산동,2647070000,연산제6동,2024,43,43,228,0.01483409238776838
연제구,연산동,2647070000,연산제6동,2024,44,44,205,0.013337670787247886
연제구,연산동,2647070000,연산제6동,2024,45,45,215,0.01398828887443071
연제구,연산동,2647070000,연산제6동,2024,46,46,201,0.013077423552374757
연제구,연산동,2647070000,연산제6동,2024,47,47,220,0.014313597918022121
연제구,연산동,2647070000,연산제6동,2024,48,48,175,0.011385816525699415
연제구,연산동,2647070000,연산제6동,2024,49,49,176,0.011450878334417696
연제구,연산동,2647070000,연산제6동,2024,50,50,211,0.01372804163955758
연제구,연산동,2647070000,연산제6동,2024,51,51,240,0.015614834092387769
연제구,연산동,2647070000,연산제6동,2024,52,52,223,0.014508783344176969
연제구,연산동,2647070000,연산제6동,2024,53,53,222,0.014443721535458686
연제구,연산동,2647070000,연산제6동,2024,54,54,239,0.015549772283669485
연제구,연산동,2647070000,연산제6동,2024,55,55,224,0.01457384515289525
연제구,연산동,2647070000,연산제6동,2024,56,56,250,0.01626545217957059
연제구,연산동,2647070000,연산제6동,2024,57,57,248,0.016135328562134028
연제구,연산동,2647070000,연산제6동,2024,58,58,230,0.014964216005204945
연제구,연산동,2647070000,연산제6동,2024,59,59,229,0.014899154196486662
연제구,연산동,2647070000,연산제6동,2024,60,60,237,0.01541964866623292
연제구,연산동,2647070000,연산제6동,2024,61,61,216,0.014053350683148991
연제구,연산동,2647070000,연산제6동,2024,62,62,282,0.018347430058555627
연제구,연산동,2647070000,연산제6동,2024,63,63,293,0.019063109954456734
연제구,연산동,2647070000,연산제6동,2024,64,64,330,0.02147039687703318
연제구,연산동,2647070000,연산제6동,2024,65,65,299,0.019453480806766427
연제구,연산동,2647070000,연산제6동,2024,66,66,312,0.0202992843201041
연제구,연산동,2647070000,연산제6동,2024,67,67,312,0.0202992843201041
연제구,연산동,2647070000,연산제6동,2024,68,68,285,0.018542615484710475
연제구,연산동,2647070000,연산제6동,2024,69,69,325,0.02114508783344177
연제구,연산동,2647070000,연산제6동,2024,70,70,241,0.01567989590110605
연제구,연산동,2647070000,연산제6동,2024,71,71,270,0.01756668835393624
연제구,연산동,2647070000,연산제6동,2024,72,72,241,0.01567989590110605
연제구,연산동,2647070000,연산제6동,2024,73,73,227,0.014769030579050097
연제구,연산동,2647070000,연산제6동,2024,74,74,193,0.012556929082628497
연제구,연산동,2647070000,연산제6동,2024,75,75,210,0.013662979830839297
연제구,연산동,2647070000,연산제6동,2024,76,76,207,0.01346779440468445
연제구,연산동,2647070000,연산제6동,2024,77,77,173,0.01125569290826285
연제구,연산동,2647070000,연산제6동,2024,78,78,149,0.009694209499024073
연제구,연산동,2647070000,연산제6동,2024,79,79,110,0.0071567989590110605
연제구,연산동,2647070000,연산제6동,2024,80,80,140,0.009108653220559532
연제구,연산동,2647070000,연산제6동,2024,81,81,150,0.009759271307742356
연제구,연산동,2647070000,연산제6동,2024,82,82,142,0.009238776837996097
연제구,연산동,2647070000,연산제6동,2024,83,83,141,0.009173715029277814
연제구,연산동,2647070000,연산제6동,2024,84,84,115,0.007482108002602472
연제구,연산동,2647070000,연산제6동,2024,85,85,87,0.005660377358490566
연제구,연산동,2647070000,연산제6동,2024,86,86,66,0.0042940793754066365
연제구,연산동,2647070000,연산제6동,2024,87,87,52,0.003383214053350683
연제구,연산동,2647070000,연산제6동,2024,88,88,45,0.0029277813923227064
연제구,연산동,2647070000,연산제6동,2024,89,89,52,0.003383214053350683
연제구,연산동,2647070000,연산제6동,2024,90,90,35,0.002277163305139883
연제구,연산동,2647070000,연산제6동,2024,91,91,20,0.0013012361743656475
연제구,연산동,2647070000,연산제6동,2024,92,92,16,0.001040988939492518
연제구,연산동,2647070000,연산제6동,2024,93,93,21,0.0013662979830839298
연제구,연산동,2647070000,연산제6동,2024,94,94,12,0.0007807417046193884
연제구,연산동,2647070000,연산제6동,2024,95,95,7,0.0004554326610279766
연제구,연산동,2647070000,연산제6동,2024,96,96,3,0.0001951854261548471
연제구,연산동,2647070000,연산제6동,2024,97,97,1,6.506180871828237e-05
연제구,연산동,2647070000,연산제6동,2024,98,98,1,6.506180871828237e-05
연제구,연산동,2647070000,연산제6동,2024,99,99,1,6.506180871828237e-05
연제구,연산동,2647070000,연산제6동,2024,100,100세 이상,0,0.0
연제구,연산동,2647072000,연산제8동,2020,0,0,78,0.005390463026952315
연제구,연산동,2647072000,연산제8동,2020,1,1,100,0.006910850034554251
연제구,연산동,2647072000,연산제8동,2020,2,2,109,0.007532826537664133
연제구,연산동,2647072000,연산제8동,2020,3,3,109,0.007532826537664133
연제구,연산동,2647072000,연산제8동,2020,4,4,175,0.012093987560469938
연제구,연산동,2647072000,연산제8동,2020,5,5,141,0.009744298548721492
연제구,연산동,2647072000,연산제8동,2020,6,6,144,0.00995162404975812
연제구,연산동,2647072000,연산제8동,2020,7,7,124,0.00856945404284727
연제구,연산동,2647072000,연산제8동,2020,8,8,158,0.010919143054595716
연제구,연산동,2647072000,연산제8동,2020,9,9,139,0.009606081548030408
연제구,연산동,2647072000,연산제8동,2020,10,10,127,0.008776779543883898
연제구,연산동,2647072000,연산제8동,2020,11,11,132,0.00912232204561161
연제구,연산동,2647072000,연산제8동,2020,12,12,102,0.007049067035245335
연제구,연산동,2647072000,연산제8동,2020,13,13,121,0.008362128541810643
연제구,연산동,2647072000,연산제8동,2020,14,14,94,0.006496199032480996
연제구,연산동,2647072000,연산제8동,2020,15,15,102,0.007049067035245335
연제구,연산동,2647072000,연산제8동,2020,16,16,112,0.007740152038700761
연제구,연산동,2647072000,연산제8동,2020,17,17,117,0.008085694540428472
연제구,연산동,2647072000,연산제8동,2020,18,18,104,0.00718728403593642
연제구,연산동,2647072000,연산제8동,2020,19,19,116,0.008016586040082931
연제구,연산동,2647072000,연산제8동,2020,20,20,149,0.010297166551485833
연제구,연산동,2647072000,연산제8동,2020,21,21,145,0.010020732550103663
연제구,연산동,2647072000,연산제8동,2020,22,22,153,0.010573600552868002
연제구,연산동,2647072000,연산제8동,2020,23,23,164,0.011333794056668971
연제구,연산동,2647072000,연산제8동,2020,24,24,157,0.010850034554250173
연제구,연산동,2647072000,연산제8동,2020,25,25,165,0.011402902557014512
연제구,연산동,2647072000,연산제8동,2020,26,26,189,0.013061506565307532
연제구,연산동,2647072000,연산제8동,2020,27,27,159,0.010988251554941257
연제구,연산동,2647072000,연산제8동,2020,28,28,165,0.011402902557014512
연제구,연산동,2647072000,연산제8동,2020,29,29,168,0.01161022805805114
연제구,연산동,2647072000,연산제8동,2020,30,30,149,0.010297166551485833
연제구,연산동,2647072000,연산제8동,2020,31,31,160,0.0110573600552868
연제구,연산동,2647072000,연산제8동,2020,32,32,158,0.010919143054595716
연제구,연산동,2647072000,연산제8동,2020,33,33,183,0.012646855563234277
연제구,연산동,2647072000,연산제8동,2020,34,34,164,0.011333794056668971
연제구,연산동,2647072000,연산제8동,2020,35,35,184,0.01271596406357982
연제구,연산동,2647072000,연산제8동,2020,36,36,188,0.012992398064961991
연제구,연산동,2647072000,연산제8동,2020,37,37,197,0.013614374568071873
연제구,연산동,2647072000,연산제8동,2020,38,38,243,0.016793365583966827
연제구,연산동,2647072000,연산제8동,2020,39,39,255,0.017622667588113337
연제구,연산동,2647072000,연산제8동,2020,40,40,246,0.017000691085003454
연제구,연산동,2647072000,연산제8동,2020,41,41,257,0.017760884588804423
연제구,연산동,2647072000,연산제8동,2020,42,42,201,0.013890808569454042
연제구,연산동,2647072000,연산제8동,2020,43,43,225,0.015549412577747062
연제구,연산동,2647072000,연산제8동,2020,44,44,213,0.014720110573600552
연제구,연산동,2647072000,연산제8동,2020,45,45,231,0.015964063579820317
연제구,연산동,2647072000,연산제8동,2020,46,46,217,0.014996544574982723
연제구,연산동,2647072000,연산제8동,2020,47,47,208,0.01437456807187284
연제구,연산동,2647072000,연산제8동,2020,48,48,233,0.016102280580511403
연제구,연산동,2647072000,연산제8동,2020,49,49,224,0.015480304077401521
연제구,연산동,2647072000,연산제8동,2020,50,50,227,0.01568762957843815
연제구,연산동,2647072000,연산제8동,2020,51,51,199,0.013752591568762958
연제구,연산동,2647072000,연산제8동,2020,52,52,267,0.018451969592259847
연제구,연산동,2647072000,연산제8동,2020,53,53,257,0.017760884588804423
연제구,연산동,2647072000,연산제8동,2020,54,54,239,0.016516931582584656
연제구,연산동,2647072000,연산제8동,2020,55,55,221,0.015272978576364893
연제구,연산동,2647072000,연산제8동,2020,56,56,259,0.01789910158949551
연제구,연산동,2647072000,연산제8동,2020,57,57,243,0.016793365583966827
연제구,연산동,2647072000,연산제8동,2020,58,58,261,0.018037318590186594
연제구,연산동,2647072000,연산제8동,2020,59,59,299,0.020663441603317206
연제구,연산동,2647072000,연산제8동,2020,60,60,252,0.01741534208707671
연제구,연산동,2647072000,연산제8동,2020,61,61,235,0.01624049758120249
연제구,연산동,2647072000,연산제8동,2020,62,62,248,0.01713890808569454
연제구,연산동,2647072000,연산제8동,2020,63,63,267,0.018451969592259847
연제구,연산동,2647072000,연산제8동,2020,64,64,249,0.017208016586040084
연제구,연산동,2647072000,연산제8동,2020,65,65,248,0.01713890808569454
연제구,연산동,2647072000,연산제8동,2020,66,66,219,0.015134761575673807
연제구,연산동,2647072000,연산제8동,2020,67,67,186,0.012854181064270906
연제구,연산동,2647072000,연산제8동,2020,68,68,187,0.012923289564616448
연제구,연산동,2647072000,연산제8동,2020,69,69,167,0.011541119557705598
연제구,연산동,2647072000,연산제8동,2020,70,70,155,0.010711817553559088
연제구,연산동,2647072000,연산제8동,2020,71,71,159,0.010988251554941257
연제구,연산동,2647072000,연산제8동,2020,72,72,162,0.011195577055977885
연제구,연산동,2647072000,연산제8동,2020,73,73,137,0.009467864547339323
연제구,연산동,2647072000,연산제8동,2020,74,74,102,0.007049067035245335
연제구,연산동,2647072000,연산제8동,2020,75,75,87,0.006012439530062198
연제구,연산동,2647072000,연산제8동,2020,76,76,115,0.007947477539737388
연제구,연산동,2647072000,연산제8동,2020,77,77,74,0.005114029025570145
연제구,연산동,2647072000,연산제8동,2020,78,78,96,0.00663441603317208
연제구,연산동,2647072000,연산제8동,2020,79,79,78,0.005390463026952315
연제구,연산동,2647072000,연산제8동,2020,80,80,66,0.004561161022805805
연제구,연산동,2647072000,연산제8동,2020,81,81,67,0.004630269523151348
연제구,연산동,2647072000,연산제8동,2020,82,82,39,0.0026952315134761576
연제구,연산동,2647072000,연산제8동,2020,83,83,41,0.0028334485141672428
연제구,연산동,2647072000,연산제8동,2020,84,84,30,0.002073255010366275
연제구,연산동,2647072000,연산제8동,2020,85,85,32,0.0022114720110573602
연제구,연산동,2647072000,연산제8동,2020,86,86,38,0.0026261230131306153
연제구,연산동,2647072000,연산제8동,2020,87,87,23,0.0015894955079474775
연제구,연산동,2647072000,연산제8동,2020,88,88,16,0.0011057360055286801
연제구,연산동,2647072000,연산제8동,2020,89,89,15,0.0010366275051831375
연제구,연산동,2647072000,연산제8동,2020,90,90,13,0.0008984105044920525
연제구,연산동,2647072000,연산제8동,2020,91,91,11,0.0007601935038009676
연제구,연산동,2647072000,연산제8동,2020,92,92,6,0.000414651002073255
연제구,연산동,2647072000,연산제8동,2020,93,93,4,0.00027643400138217003
연제구,연산동,2647072000,연산제8동,2020,94,94,0,0.0
연제구,연산동,2647072000,연산제8동,2020,95,95,1,6.910850034554251e-05
연제구,연산동,2647072000,연산제8동,2020,96,96,4,0.00027643400138217003
연제구,연산동,2647072000,연산제8동,2020,97,97,5,0.0003455425017277125
연제구,연산동,2647072000,연산제8동,2020,98,98,2,0.00013821700069108501
연제구,연산동,2647072000,연산제8동,2020,99,99,0,0.0
연제구,연산동,2647072000,연산제8동,2020,100,100세 이상,8,0.0005528680027643401
연제구,연산동,2647072000,연산제8동,2021,0,0,66,0.004668269910878484
연제구,연산동,2647072000,연산제8동,2021,1,1,80,0.005658508982883011
연제구,연산동,2647072000,연산제8동,2021,2,2,101,0.0071438675908898006
연제구,연산동,2647072000,연산제8동,2021,3,3,104,0.007356061677747913
연제구,연산동,2647072000,연산제8동,2021,4,4,109,0.007709718489178102
연제구,연산동,2647072000,연산제8동,2021,5,5,168,0.011882868864054322
연제구,연산동,2647072000,연산제8동,2021,6,6,136,0.009619465270901118
연제구,연산동,2647072000,연산제8동,2021,7,7,132,0.009336539821756968
연제구,연산동,2647072000,연산제8동,2021,8,8,118,0.00834630074975244
연제구,연산동,2647072000,연산제8동,2021,9,9,155,0.010963361154335832
연제구,연산동,2647072000,연산제8동,2021,10,10,129,0.009124345734898854
연제구,연산동,2647072000,연산제8동,2021,11,11,118,0.00834630074975244
연제구,연산동,2647072000,연산제8동,2021,12,12,129,0.009124345734898854
연제구,연산동,2647072000,연산제8동,2021,13,13,97,0.00686094214174565
연제구,연산동,2647072000,연산제8동,2021,14,14,124,0.008770688923468667
연제구,연산동,2647072000,연산제8동,2021,15,15,89,0.006295091243457349
연제구,연산동,2647072000,연산제8동,2021,16,16,101,0.0071438675908898006
연제구,연산동,2647072000,연산제8동,2021,17,17,109,0.007709718489178102
연제구,연산동,2647072000,연산제8동,2021,18,18,116,0.008204838025180365
연제구,연산동,2647072000,연산제8동,2021,19,19,104,0.007356061677747913
연제구,연산동,2647072000,연산제8동,2021,20,20,114,0.00806337530060829
연제구,연산동,2647072000,연산제8동,2021,21,21,146,0.010326778893761494
연제구,연산동,2647072000,연산제8동,2021,22,22,141,0.009973122082331306
연제구,연산동,2647072000,연산제8동,2021,23,23,146,0.010326778893761494
연제구,연산동,2647072000,연산제8동,2021,24,24,155,0.010963361154335832
연제구,연산동,2647072000,연산제8동,2021,25,25,152,0.01075116706747772
연제구,연산동,2647072000,연산제8동,2021,26,26,143,0.01011458480690338
연제구,연산동,2647072000,연산제8동,2021,27,27,179,0.012660913849200735
연제구,연산동,2647072000,연산제8동,2021,28,28,145,0.010256047531475456
연제구,연산동,2647072000,연산제8동,2021,29,29,179,0.012660913849200735
연제구,연산동,2647072000,연산제8동,2021,30,30,174,0.012307257037770547
연제구,연산동,2647072000,연산제8동,2021,31,31,148,0.01046824161833357
연제구,연산동,2647072000,연산제8동,2021,32,32,167,0.011812137501768284
연제구,연산동,2647072000,연산제8동,2021,33,33,158,0.011175555241193945
연제구,연산동,2647072000,연산제8동,2021,34,34,176,0.012448719762342624
연제구,연산동,2647072000,연산제8동,2021,35,35,162,0.011458480690338096
연제구,연산동,2647072000,연산제8동,2021,36,36,172,0.012165794313198473
연제구,연산동,2647072000,연산제8동,2021,37,37,181,0.012802376573772811
연제구,연산동,2647072000,연산제8동,2021,38,38,199,0.014075541094921488
연제구,연산동,2647072000,연산제8동,2021,39,39,244,0.01725845239779318
연제구,연산동,2647072000,연산제8동,2021,40,40,260,0.018390154194369783
연제구,연산동,2647072000,연산제8동,2021,41,41,237,0.01676333286179092
연제구,연산동,2647072000,연산제8동,2021,42,42,246,0.017399915122365255
연제구,연산동,2647072000,연산제8동,2021,43,43,190,0.01343895883434715
연제구,연산동,2647072000,연산제8동,2021,44,44,216,0.015277974253784127
연제구,연산동,2647072000,연산제8동,2021,45,45,212,0.014995048804639977
연제구,연산동,2647072000,연산제8동,2021,46,46,222,0.015702362427500352
연제구,연산동,2647072000,연산제8동,2021,47,47,218,0.015419436978356203
연제구,연산동,2647072000,연산제8동,2021,48,48,206,0.014570660630923752
연제구,연산동,2647072000,연산제8동,2021,49,49,222,0.015702362427500352
연제구,연산동,2647072000,연산제8동,2021,50,50,217,0.015348705616070166
연제구,연산동,2647072000,연산제8동,2021,51,51,221,0.015631631065214317
연제구,연산동,2647072000,연산제8동,2021,52,52,208,0.014712123355495826
연제구,연산동,2647072000,연산제8동,2021,53,53,264,0.018673079643513935
연제구,연산동,2647072000,연산제8동,2021,54,54,255,0.018036497382939595
연제구,연산동,2647072000,연산제8동,2021,55,55,232,0.01640967605036073
연제구,연산동,2647072000,연산제8동,2021,56,56,211,0.01492431744235394
연제구,연산동,2647072000,연산제8동,2021,57,57,252,0.017824303296081482
연제구,연산동,2647072000,연산제8동,2021,58,58,240,0.016975526948649032
연제구,연산동,2647072000,연산제8동,2021,59,59,242,0.017116989673221106
연제구,연산동,2647072000,연산제8동,2021,60,60,293,0.020724289149809026
연제구,연산동,2647072000,연산제8동,2021,61,61,257,0.01817796010751167
연제구,연산동,2647072000,연산제8동,2021,62,62,223,0.01577309378978639
연제구,연산동,2647072000,연산제8동,2021,63,63,245,0.01732918376007922
연제구,연산동,2647072000,연산제8동,2021,64,64,263,0.018602348281227896
연제구,연산동,2647072000,연산제8동,2021,65,65,245,0.01732918376007922
연제구,연산동,2647072000,연산제8동,2021,66,66,248,0.017541377846937333
연제구,연산동,2647072000,연산제8동,2021,67,67,216,0.015277974253784127
연제구,연산동,2647072000,연산제8동,2021,68,68,183,0.012943839298344886
연제구,연산동,2647072000,연산제8동,2021,69,69,180,0.012731645211486774
연제구,연산동,2647072000,연산제8동,2021,70,70,149,0.010538972980619607
연제구,연산동,2647072000,연산제8동,2021,71,71,153,0.010821898429763758
연제구,연산동,2647072000,연산제8동,2021,72,72,149,0.010538972980619607
연제구,연산동,2647072000,연산제8동,2021,73,73,163,0.011529212052624133
연제구,연산동,2647072000,연산제8동,2021,74,74,132,0.009336539821756968
연제구,연산동,2647072000,연산제8동,2021,75,75,100,0.0070731362286037625
연제구,연산동,2647072000,연산제8동,2021,76,76,86,0.0060828971565992365
연제구,연산동,2647072000,연산제8동,2021,77,77,113,0.007992643938322252
연제구,연산동,2647072000,연산제8동,2021,78,78,71,0.0050219267223086715
연제구,연산동,2647072000,연산제8동,2021,79,79,89,0.006295091243457349
연제구,연산동,2647072000,연산제8동,2021,80,80,71,0.0050219267223086715
연제구,연산동,2647072000,연산제8동,2021,81,81,62,0.004385344461734333
연제구,연산동,2647072000,연산제8동,2021,82,82,60,0.004243881737162258
연제구,연산동,2647072000,연산제8동,2021,83,83,40,0.0028292544914415053
연제구,연산동,2647072000,연산제8동,2021,84,84,33,0.002334134955439242
연제구,연산동,2647072000,연산제8동,2021,85,85,32,0.0022634035931532043
연제구,연산동,2647072000,연산제8동,2021,86,86,32,0.0022634035931532043
연제구,연산동,2647072000,연산제8동,2021,87,87,28,0.0019804781440090537
연제구,연산동,2647072000,연산제8동,2021,88,88,19,0.001343895883434715
연제구,연산동,2647072000,연산제8동,2021,89,89,14,0.0009902390720045269
연제구,연산동,2647072000,연산제8동,2021,90,90,18,0.0012731645211486774
연제구,연산동,2647072000,연산제8동,2021,91,91,12,0.0008487763474324516
연제구,연산동,2647072000,연산제8동,2021,92,92,11,0.000778044985146414
연제구,연산동,2647072000,연산제8동,2021,93,93,4,0.00028292544914415053
연제구,연산동,2647072000,연산제8동,2021,94,94,3,0.0002121940868581129
연제구,연산동,2647072000,연산제8동,2021,95,95,0,0.0
연제구,연산동,2647072000,연산제8동,2021,96,96,1,7.073136228603763e-05
연제구,연산동,2647072000,연산제8동,2021,97,97,2,0.00014146272457207527
연제구,연산동,2647072000,연산제8동,2021,98,98,1,7.073136228603763e-05
연제구,연산동,2647072000,연산제8동,2021,99,99,0,0.0
연제구,연산동,2647072000,연산제8동,2021,100,100세 이상,0,0.0
연제구,연산동,2647072000,연산제8동,2022,0,0,55,0.004010500218754557
연제구,연산동,2647072000,연산제8동,2022,1,1,70,0.005104273005687618
연제구,연산동,2647072000,연산제8동,2022,2,2,77,0.005614700306256381
연제구,연산동,2647072000,연산제8동,2022,3,3,98,0.007145982207962666
연제구,연산동,2647072000,연산제8동,2022,4,4,105,0.007656409508531427
연제구,연산동,2647072000,연산제8동,2022,5,5,101,0.007364736765349278
연제구,연산동,2647072000,연산제8동,2022,6,6,160,0.011666909727285985
연제구,연산동,2647072000,연산제8동,2022,7,7,135,0.00984395508239755
연제구,연산동,2647072000,연산제8동,2022,8,8,131,0.009552282339215401
연제구,연산동,2647072000,연산제8동,2022,9,9,109,0.007948082251713577
연제구,연산동,2647072000,연산제8동,2022,10,10,153,0.011156482426717223
연제구,연산동,2647072000,연산제8동,2022,11,11,126,0.009187691410237713
연제구,연산동,2647072000,연산제8동,2022,12,12,108,0.00787516406591804
연제구,연산동,2647072000,연산제8동,2022,13,13,130,0.009479364153419862
연제구,연산동,2647072000,연산제8동,2022,14,14,100,0.00729181857955374
연제구,연산동,2647072000,연산제8동,2022,15,15,116,0.008458509552282339
연제구,연산동,2647072000,연산제8동,2022,16,16,85,0.006198045792620679
연제구,연산동,2647072000,연산제8동,2022,17,17,99,0.0072189003937582034
연제구,연산동,2647072000,연산제8동,2022,18,18,104,0.0075834913227358905
연제구,연산동,2647072000,연산제8동,2022,19,19,107,0.007802245880122503
연제구,연산동,2647072000,연산제8동,2022,20,20,92,0.006708473093189442
연제구,연산동,2647072000,연산제8동,2022,21,21,108,0.00787516406591804
연제구,연산동,2647072000,연산제8동,2022,22,22,121,0.008823100481260027
연제구,연산동,2647072000,연산제8동,2022,23,23,130,0.009479364153419862
연제구,연산동,2647072000,연산제8동,2022,24,24,148,0.010791891497739537
연제구,연산동,2647072000,연산제8동,2022,25,25,138,0.010062709639784163
연제구,연산동,2647072000,연산제8동,2022,26,26,145,0.010573136940352924
연제구,연산동,2647072000,연산제8동,2022,27,27,138,0.010062709639784163
연제구,연산동,2647072000,연산제8동,2022,28,28,158,0.01152107335569491
연제구,연산동,2647072000,연산제8동,2022,29,29,133,0.009698118710806475
연제구,연산동,2647072000,연산제8동,2022,30,30,153,0.011156482426717223
연제구,연산동,2647072000,연산제8동,2022,31,31,174,0.01268776432842351
연제구,연산동,2647072000,연산제8동,2022,32,32,151,0.011010646055126149
연제구,연산동,2647072000,연산제8동,2022,33,33,161,0.011739827913081523
연제구,연산동,2647072000,연산제8동,2022,34,34,150,0.01093772786933061
연제구,연산동,2647072000,연산제8동,2022,35,35,164,0.011958582470468136
연제구,연산동,2647072000,연산제8동,2022,36,36,159,0.011593991541490448
연제구,연산동,2647072000,연산제8동,2022,37,37,158,0.01152107335569491
연제구,연산동,2647072000,연산제8동,2022,38,38,183,0.013344028000583345
연제구,연산동,2647072000,연산제8동,2022,39,39,193,0.014073209858538719
연제구,연산동,2647072000,연산제8동,2022,40,40,234,0.017062855476155752
연제구,연산동,2647072000,연산제8동,2022,41,41,254,0.0185212191920665
연제구,연산동,2647072000,연산제8동,2022,42,42,230,0.016771182732973604
연제구,연산동,2647072000,연산제8동,2022,43,43,240,0.017500364590928977
연제구,연산동,2647072000,연산제8동,2022,44,44,191,0.013927373486947645
연제구,연산동,2647072000,연산제8동,2022,45,45,210,0.015312819017062855
연제구,연산동,2647072000,연산제8동,2022,46,46,199,0.014510718973311944
연제구,연산동,2647072000,연산제8동,2022,47,47,212,0.01545865538865393
연제구,연산동,2647072000,연산제8동,2022,48,48,210,0.015312819017062855
연제구,연산동,2647072000,연산제8동,2022,49,49,201,0.01465655534490302
연제구,연산동,2647072000,연산제8동,2022,50,50,217,0.015823246317631618
연제구,연산동,2647072000,연산제8동,2022,51,51,209,0.015239900831267318
연제구,연산동,2647072000,연산제8동,2022,52,52,220,0.01604200087501823
연제구,연산동,2647072000,연산제8동,2022,53,53,201,0.01465655534490302
연제구,연산동,2647072000,연산제8동,2022,54,54,255,0.01859413737786204
연제구,연산동,2647072000,연산제8동,2022,55,55,244,0.017792037334111128
연제구,연산동,2647072000,연산제8동,2022,56,56,234,0.017062855476155752
연제구,연산동,2647072000,연산제8동,2022,57,57,199,0.014510718973311944
연제구,연산동,2647072000,연산제8동,2022,58,58,245,0.017864955519906665
연제구,연산동,2647072000,연산제8동,2022,59,59,236,0.01720869184774683
연제구,연산동,2647072000,연산제8동,2022,60,60,237,0.017281610033542366
연제구,연산동,2647072000,연산제8동,2022,61,61,296,0.021583782995479073
연제구,연산동,2647072000,연산제8동,2022,62,62,257,0.018739973749453114
연제구,연산동,2647072000,연산제8동,2022,63,63,226,0.016479509989791453
연제구,연산동,2647072000,연산제8동,2022,64,64,241,0.017573282776724514
연제구,연산동,2647072000,연산제8동,2022,65,65,259,0.018885810121044188
연제구,연산동,2647072000,연산제8동,2022,66,66,240,0.017500364590928977
연제구,연산동,2647072000,연산제8동,2022,67,67,253,0.018448301006270963
연제구,연산동,2647072000,연산제8동,2022,68,68,211,0.015385737202858393
연제구,연산동,2647072000,연산제8동,2022,69,69,181,0.013198191628992271
연제구,연산동,2647072000,연산제8동,2022,70,70,185,0.01348986437217442
연제구,연산동,2647072000,연산제8동,2022,71,71,153,0.011156482426717223
연제구,연산동,2647072000,연산제8동,2022,72,72,146,0.010646055126148461
연제구,연산동,2647072000,연산제8동,2022,73,73,152,0.011083564240921686
연제구,연산동,2647072000,연산제8동,2022,74,74,151,0.011010646055126149
연제구,연산동,2647072000,연산제8동,2022,75,75,127,0.00926060959603325
연제구,연산동,2647072000,연산제8동,2022,76,76,93,0.006781391278984979
연제구,연산동,2647072000,연산제8동,2022,77,77,82,0.005979291235234068
연제구,연산동,2647072000,연산제8동,2022,78,78,106,0.007729327694326965
연제구,연산동,2647072000,연산제8동,2022,79,79,66,0.004812600262505469
연제구,연산동,2647072000,연산제8동,2022,80,80,87,0.006343882164211755
연제구,연산동,2647072000,연산제8동,2022,81,81,68,0.004958436634096544
연제구,연산동,2647072000,연산제8동,2022,82,82,63,0.004593845705118857
연제구,연산동,2647072000,연산제8동,2022,83,83,52,0.0037917456613679452
연제구,연산동,2647072000,연산제8동,2022,84,84,34,0.002479218317048272
연제구,연산동,2647072000,연산제8동,2022,85,85,30,0.002187545573866122
연제구,연산동,2647072000,연산제8동,2022,86,86,29,0.0021146273880705848
연제구,연산동,2647072000,연산제8동,2022,87,87,27,0.00196879101647951
연제구,연산동,2647072000,연산제8동,2022,88,88,23,0.0016771182732973604
연제구,연산동,2647072000,연산제8동,2022,89,89,15,0.001093772786933061
연제구,연산동,2647072000,연산제8동,2022,90,90,13,0.0009479364153419863
연제구,연산동,2647072000,연산제8동,2022,91,91,14,0.0010208546011375237
연제구,연산동,2647072000,연산제8동,2022,92,92,12,0.0008750182295464489
연제구,연산동,2647072000,연산제8동,2022,93,93,8,0.0005833454863642993
연제구,연산동,2647072000,연산제8동,2022,94,94,4,0.00029167274318214965
연제구,연산동,2647072000,연산제8동,2022,95,95,2,0.00014583637159107482
연제구,연산동,2647072000,연산제8동,2022,96,96,0,0.0
연제구,연산동,2647072000,연산제8동,2022,97,97,1,7.291818579553741e-05
연제구,연산동,2647072000,연산제8동,2022,98,98,2,0.00014583637159107482
연제구,연산동,2647072000,연산제8동,2022,99,99,1,7.291818579553741e-05
연제구,연산동,2647072000,연산제8동,2022,100,100세 이상,0,0.0
연제구,연산동,2647072000,연산제8동,2023,0,0,59,0.004395768141856654
연제구,연산동,2647072000,연산제8동,2023,1,1,62,0.004619281776188347
연제구,연산동,2647072000,연산제8동,2023,2,2,76,0.005662345403069587
연제구,연산동,2647072000,연산제8동,2023,3,3,78,0.00581135449262405
연제구,연산동,2647072000,연산제8동,2023,4,4,93,0.006928922664282521
연제구,연산동,2647072000,연산제8동,2023,5,5,103,0.007673968112054836
연제구,연산동,2647072000,연산제8동,2023,6,6,95,0.007077931753836984
연제구,연산동,2647072000,연산제8동,2023,7,7,150,0.011175681716584712
연제구,연산동,2647072000,연산제8동,2023,8,8,127,0.00946207718670839
연제구,연산동,2647072000,연산제8동,2023,9,9,126,0.009387572641931158
연제구,연산동,2647072000,연산제8동,2023,10,10,102,0.007599463567277604
연제구,연산동,2647072000,연산제8동,2023,11,11,151,0.011250186261361943
연제구,연산동,2647072000,연산제8동,2023,12,12,119,0.008866040828490539
연제구,연산동,2647072000,연산제8동,2023,13,13,104,0.007748472656832066
연제구,연산동,2647072000,연산제8동,2023,14,14,127,0.00946207718670839
연제구,연산동,2647072000,연산제8동,2023,15,15,98,0.007301445388168678
연제구,연산동,2647072000,연산제8동,2023,16,16,113,0.00841901355982715
연제구,연산동,2647072000,연산제8동,2023,17,17,84,0.006258381761287439
연제구,연산동,2647072000,연산제8동,2023,18,18,93,0.006928922664282521
연제구,연산동,2647072000,연산제8동,2023,19,19,99,0.0073759499329459095
연제구,연산동,2647072000,연산제8동,2023,20,20,98,0.007301445388168678
연제구,연산동,2647072000,연산제8동,2023,21,21,85,0.0063328863060646695
연제구,연산동,2647072000,연산제8동,2023,22,22,109,0.008120995380718223
연제구,연산동,2647072000,연산제8동,2023,23,23,127,0.00946207718670839
연제구,연산동,2647072000,연산제8동,2023,24,24,115,0.008568022649381613
연제구,연산동,2647072000,연산제8동,2023,25,25,134,0.009983609000149008
연제구,연산동,2647072000,연산제8동,2023,26,26,123,0.009164059007599463
연제구,연산동,2647072000,연산제8동,2023,27,27,127,0.00946207718670839
연제구,연산동,2647072000,연산제8동,2023,28,28,130,0.009685590821040084
연제구,연산동,2647072000,연산제8동,2023,29,29,153,0.011399195350916406
연제구,연산동,2647072000,연산제8동,2023,30,30,136,0.010132618089703472
연제구,연산동,2647072000,연산제8동,2023,31,31,150,0.011175681716584712
연제구,연산동,2647072000,연산제8동,2023,32,32,171,0.01274027715690657
연제구,연산동,2647072000,연산제8동,2023,33,33,142,0.01057964535836686
연제구,연산동,2647072000,연산제8동,2023,34,34,160,0.011920727164357025
연제구,연산동,2647072000,연산제8동,2023,35,35,150,0.011175681716584712
연제구,연산동,2647072000,연산제8동,2023,36,36,162,0.012069736253911488
연제구,연산동,2647072000,연산제8동,2023,37,37,164,0.012218745343465951
연제구,연산동,2647072000,연산제8동,2023,38,38,156,0.0116227089852481
연제구,연산동,2647072000,연산제8동,2023,39,39,184,0.013708836239010579
연제구,연산동,2647072000,연산제8동,2023,40,40,182,0.013559827149456118
연제구,연산동,2647072000,연산제8동,2023,41,41,221,0.016465504395768143
연제구,연산동,2647072000,연산제8동,2023,42,42,255,0.01899865891819401
연제구,연산동,2647072000,연산제8동,2023,43,43,238,0.017732081656981077
연제구,연산동,2647072000,연산제8동,2023,44,44,231,0.017210549843540455
연제구,연산동,2647072000,연산제8동,2023,45,45,181,0.013485322604678886
연제구,연산동,2647072000,연산제8동,2023,46,46,203,0.015124422589777977
연제구,연산동,2647072000,연산제8동,2023,47,47,190,0.014155863507673968
연제구,연산동,2647072000,연산제8동,2023,48,48,212,0.01579496349277306
연제구,연산동,2647072000,연산제8동,2023,49,49,212,0.01579496349277306
연제구,연산동,2647072000,연산제8동,2023,50,50,198,0.014751899865891819
연제구,연산동,2647072000,연산제8동,2023,51,51,220,0.01639099985099091
연제구,연산동,2647072000,연산제8동,2023,52,52,208,0.015496945313664133
연제구,연산동,2647072000,연산제8동,2023,53,53,214,0.015943972582327524
연제구,연산동,2647072000,연산제8동,2023,54,54,194,0.014453881686782894
연제구,연산동,2647072000,연산제8동,2023,55,55,250,0.018626136194307853
연제구,연산동,2647072000,연산제8동,2023,56,56,251,0.018700640739085086
연제구,연산동,2647072000,연산제8동,2023,57,57,224,0.016689018030099836
연제구,연산동,2647072000,연산제8동,2023,58,58,201,0.014975413500223514
연제구,연산동,2647072000,연산제8동,2023,59,59,241,0.01795559529131277
연제구,연산동,2647072000,연산제8동,2023,60,60,235,0.01750856802264938
연제구,연산동,2647072000,연산제8동,2023,61,61,231,0.017210549843540455
연제구,연산동,2647072000,연산제8동,2023,62,62,296,0.022053345254060497
연제구,연산동,2647072000,연산제8동,2023,63,63,243,0.018104604380867233
연제구,연산동,2647072000,연산제8동,2023,64,64,231,0.017210549843540455
연제구,연산동,2647072000,연산제8동,2023,65,65,230,0.017136045298763225
연제구,연산동,2647072000,연산제8동,2023,66,66,253,0.018849649828639545
연제구,연산동,2647072000,연산제8동,2023,67,67,230,0.017136045298763225
연제구,연산동,2647072000,연산제8동,2023,68,68,250,0.018626136194307853
연제구,연산동,2647072000,연산제8동,2023,69,69,213,0.01586946803755029
연제구,연산동,2647072000,연산제8동,2023,70,70,180,0.013410818059901655
연제구,연산동,2647072000,연산제8동,2023,71,71,182,0.013559827149456118
연제구,연산동,2647072000,연산제8동,2023,72,72,148,0.011026672627030248
연제구,연산동,2647072000,연산제8동,2023,73,73,140,0.010430636268812398
연제구,연산동,2647072000,연산제8동,2023,74,74,147,0.010952168082253017
연제구,연산동,2647072000,연산제8동,2023,75,75,147,0.010952168082253017
연제구,연산동,2647072000,연산제8동,2023,76,76,130,0.009685590821040084
연제구,연산동,2647072000,연산제8동,2023,77,77,89,0.006630904485173596
연제구,연산동,2647072000,연산제8동,2023,78,78,72,0.005364327223960662
연제구,연산동,2647072000,연산제8동,2023,79,79,101,0.0075249590225003726
연제구,연산동,2647072000,연산제8동,2023,80,80,63,0.004693786320965579
연제구,연산동,2647072000,연산제8동,2023,81,81,85,0.0063328863060646695
연제구,연산동,2647072000,연산제8동,2023,82,82,64,0.0047682908657428105
연제구,연산동,2647072000,연산제8동,2023,83,83,64,0.0047682908657428105
연제구,연산동,2647072000,연산제8동,2023,84,84,52,0.003874236328416033
연제구,연산동,2647072000,연산제8동,2023,85,85,30,0.002235136343316942
연제구,연산동,2647072000,연산제8동,2023,86,86,26,0.0019371181642080166
연제구,연산동,2647072000,연산제8동,2023,87,87,29,0.002160631798539711
연제구,연산동,2647072000,연산제8동,2023,88,88,23,0.0017136045298763224
연제구,연산동,2647072000,연산제8동,2023,89,89,19,0.0014155863507673968
연제구,연산동,2647072000,연산제8동,2023,90,90,12,0.000894054537326777
연제구,연산동,2647072000,연산제8동,2023,91,91,12,0.000894054537326777
연제구,연산동,2647072000,연산제8동,2023,92,92,10,0.0007450454477723141
연제구,연산동,2647072000,연산제8동,2023,93,93,11,0.0008195499925495455
연제구,연산동,2647072000,연산제8동,2023,94,94,5,0.00037252272388615704
연제구,연산동,2647072000,연산제8동,2023,95,95,3,0.00022351363433169424
연제구,연산동,2647072000,연산제8동,2023,96,96,3,0.00022351363433169424
연제구,연산동,2647072000,연산제8동,2023,97,97,0,0.0
연제구,연산동,2647072000,연산제8동,2023,98,98,0,0.0
연제구,연산동,2647072000,연산제8동,2023,99,99,2,0.00014900908955446283
연제구,연산동,2647072000,연산제8동,2023,100,100세 이상,0,0.0
연제구,연산동,2647072000,연산제8동,2024,0,0,43,0.003288467421229734
연제구,연산동,2647072000,연산제8동,2024,1,1,64,0.004894463138574488
연제구,연산동,2647072000,연산제8동,2024,2,2,67,0.005123891098195167
연제구,연산동,2647072000,연산제8동,2024,3,3,83,0.006347506882838788
연제구,연산동,2647072000,연산제8동,2024,4,4,77,0.005888650963597431
연제구,연산동,2647072000,연산제8동,2024,5,5,89,0.006806362802080147
연제구,연산동,2647072000,연산제8동,2024,6,6,98,0.007494646680942184
연제구,연산동,2647072000,연산제8동,2024,7,7,92,0.007035790761700826
연제구,연산동,2647072000,연산제8동,2024,8,8,143,0.010936066075252372
연제구,연산동,2647072000,연산제8동,2024,9,9,116,0.008871214438666258
연제구,연산동,2647072000,연산제8동,2024,10,10,118,0.009024166411746712
연제구,연산동,2647072000,연산제8동,2024,11,11,97,0.007418170694401958
연제구,연산동,2647072000,연산제8동,2024,12,12,129,0.009865402263689201
연제구,연산동,2647072000,연산제8동,2024,13,13,125,0.009559498317528297
연제구,연산동,2647072000,연산제8동,2024,14,14,95,0.007265218721321505
연제구,연산동,2647072000,연산제8동,2024,15,15,122,0.009330070357907618
연제구,연산동,2647072000,연산제8동,2024,16,16,99,0.007571122667482411
연제구,연산동,2647072000,연산제8동,2024,17,17,109,0.008335882532884675
연제구,연산동,2647072000,연산제8동,2024,18,18,79,0.006041602936677883
연제구,연산동,2647072000,연산제8동,2024,19,19,89,0.006806362802080147
연제구,연산동,2647072000,연산제8동,2024,20,20,89,0.006806362802080147
연제구,연산동,2647072000,연산제8동,2024,21,21,98,0.007494646680942184
연제구,연산동,2647072000,연산제8동,2024,22,22,83,0.006347506882838788
연제구,연산동,2647072000,연산제8동,2024,23,23,96,0.007341694707861731
연제구,연산동,2647072000,연산제8동,2024,24,24,112,0.008565310492505354
연제구,연산동,2647072000,연산제8동,2024,25,25,112,0.008565310492505354
연제구,연산동,2647072000,연산제8동,2024,26,26,105,0.008029978586723769
연제구,연산동,2647072000,연산제8동,2024,27,27,119,0.009100642398286937
연제구,연산동,2647072000,연산제8동,2024,28,28,123,0.009406546344447844
연제구,연산동,2647072000,연산제8동,2024,29,29,133,0.010171306209850108
연제구,연산동,2647072000,연산제8동,2024,30,30,147,0.011241970021413276
연제구,연산동,2647072000,연산제8동,2024,31,31,142,0.010859590088712144
연제구,연산동,2647072000,연산제8동,2024,32,32,147,0.011241970021413276
연제구,연산동,2647072000,연산제8동,2024,33,33,175,0.013383297644539615
연제구,연산동,2647072000,연산제8동,2024,34,34,155,0.011853777913735087
연제구,연산동,2647072000,연산제8동,2024,35,35,166,0.012695013765677577
연제구,연산동,2647072000,연산제8동,2024,36,36,151,0.011547873967574182
연제구,연산동,2647072000,연산제8동,2024,37,37,149,0.01139492199449373
연제구,연산동,2647072000,연산제8동,2024,38,38,171,0.013077393698378709
연제구,연산동,2647072000,연산제8동,2024,39,39,159,0.012159681859895993
연제구,연산동,2647072000,연산제8동,2024,40,40,174,0.013306821657999388
연제구,연산동,2647072000,연산제8동,2024,41,41,169,0.012924441725298256
연제구,연산동,2647072000,연산제8동,2024,42,42,217,0.016595289079229122
연제구,연산동,2647072000,연산제8동,2024,43,43,234,0.01789538085041297
연제구,연산동,2647072000,연산제8동,2024,44,44,228,0.01743652493117161
연제구,연산동,2647072000,연산제8동,2024,45,45,228,0.01743652493117161
연제구,연산동,2647072000,연산제8동,2024,46,46,174,0.013306821657999388
연제구,연산동,2647072000,연산제8동,2024,47,47,199,0.015218721321505048
연제구,연산동,2647072000,연산제8동,2024,48,48,179,0.01368920159070052
연제구,연산동,2647072000,연산제8동,2024,49,49,205,0.015677577240746407
연제구,연산동,2647072000,연산제8동,2024,50,50,206,0.01575405322728663
연제구,연산동,2647072000,연산제8동,2024,51,51,186,0.014224533496482105
연제구,연산동,2647072000,연산제8동,2024,52,52,212,0.01621290914652799
연제구,연산동,2647072000,연산제8동,2024,53,53,198,0.015142245334964822
연제구,연산동,2647072000,연산제8동,2024,54,54,213,0.016289385133068216
연제구,연산동,2647072000,연산제8동,2024,55,55,191,0.014606913429183237
연제구,연산동,2647072000,연산제8동,2024,56,56,251,0.019195472621596817
연제구,연산동,2647072000,연산제8동,2024,57,57,240,0.01835423676965433
연제구,연산동,2647072000,연산제8동,2024,58,58,214,0.016365861119608444
연제구,연산동,2647072000,연산제8동,2024,59,59,197,0.015065769348424594
연제구,연산동,2647072000,연산제8동,2024,60,60,247,0.018889568675435914
연제구,연산동,2647072000,연산제8동,2024,61,61,238,0.018201284796573874
연제구,연산동,2647072000,연산제8동,2024,62,62,221,0.01690119302539003
연제구,연산동,2647072000,연산제8동,2024,63,63,295,0.02256041602936678
연제구,연산동,2647072000,연산제8동,2024,64,64,241,0.018430712756194553
연제구,연산동,2647072000,연산제8동,2024,65,65,227,0.017360048944631386
연제구,연산동,2647072000,연산제8동,2024,66,66,234,0.01789538085041297
연제구,연산동,2647072000,연산제8동,2024,67,67,242,0.01850718874273478
연제구,연산동,2647072000,연산제8동,2024,68,68,225,0.01720709697155093
연제구,연산동,2647072000,연산제8동,2024,69,69,238,0.018201284796573874
연제구,연산동,2647072000,연산제8동,2024,70,70,211,0.016136433159987765
연제구,연산동,2647072000,연산제8동,2024,71,71,179,0.01368920159070052
연제구,연산동,2647072000,연산제8동,2024,72,72,184,0.014071581523401652
연제구,연산동,2647072000,연산제8동,2024,73,73,148,0.011318446007953502
연제구,연산동,2647072000,연산제8동,2024,74,74,140,0.010706638115631691
연제구,연산동,2647072000,연산제8동,2024,75,75,141,0.010783114102171918
연제구,연산동,2647072000,연산제8동,2024,76,76,144,0.011012542061792597
연제구,연산동,2647072000,연산제8동,2024,77,77,126,0.009635974304068522
연제구,연산동,2647072000,연산제8동,2024,78,78,86,0.006576934842459468
연제구,연산동,2647072000,연산제8동,2024,79,79,67,0.005123891098195167
연제구,연산동,2647072000,연산제8동,2024,80,80,94,0.007188742734781279
연제구,연산동,2647072000,연산제8동,2024,81,81,61,0.004665035178953809
연제구,연산동,2647072000,연산제8동,2024,82,82,78,0.005965126950137657
연제구,연산동,2647072000,연산제8동,2024,83,83,62,0.004741511165494035
연제구,연산동,2647072000,연산제8동,2024,84,84,56,0.004282655246252677
연제구,연산동,2647072000,연산제8동,2024,85,85,47,0.0035943713673906395
연제구,연산동,2647072000,연산제8동,2024,86,86,28,0.0021413276231263384
연제구,연산동,2647072000,연산제8동,2024,87,87,29,0.0022178036096665646
연제구,연산동,2647072000,연산제8동,2024,88,88,23,0.0017589476904252064
연제구,연산동,2647072000,연산제8동,2024,89,89,19,0.001453043744264301
연제구,연산동,2647072000,연산제8동,2024,90,90,17,0.0013000917711838483
연제구,연산동,2647072000,연산제8동,2024,91,91,13,0.0009941878250229429
연제구,연산동,2647072000,연산제8동,2024,92,92,10,0.0007647598654022637
연제구,연산동,2647072000,연산제8동,2024,93,93,8,0.000611807892321811
연제구,연산동,2647072000,연산제8동,2024,94,94,7,0.0005353319057815846
연제구,연산동,2647072000,연산제8동,2024,95,95,3,0.0002294279596206791
연제구,연산동,2647072000,연산제8동,2024,96,96,2,0.00015295197308045274
연제구,연산동,2647072000,연산제8동,2024,97,97,3,0.0002294279596206791
연제구,연산동,2647072000,연산제8동,2024,98,98,0,0.0
연제구,연산동,2647072000,연산제8동,2024,99,99,0,0.0
연제구,연산동,2647072000,연산제8동,2024,100,100세 이상,1,7.647598654022637e-05
연제구,연산동,2647073000,연산제9동,2020,0,0,157,0.004341694090318299
연제구,연산동,2647073000,연산제9동,2020,1,1,192,0.005309587677331932
연제구,연산동,2647073000,연산제9동,2020,2,2,237,0.006554022289206604
연제구,연산동,2647073000,연산제9동,2020,3,3,249,0.006885871519039849
연제구,연산동,2647073000,연산제9동,2020,4,4,299,0.00826857664334504
연제구,연산동,2647073000,연산제9동,2020,5,5,264,0.007300683056331407
연제구,연산동,2647073000,연산제9동,2020,6,6,283,0.00782611100356738
연제구,연산동,2647073000,연산제9동,2020,7,7,270,0.0074666076712480295
연제구,연산동,2647073000,연산제9동,2020,8,8,288,0.007964381515997898
연제구,연산동,2647073000,연산제9동,2020,9,9,292,0.008074997925942313
연제구,연산동,2647073000,연산제9동,2020,10,10,300,0.008296230745831143
연제구,연산동,2647073000,연산제9동,2020,11,11,252,0.006968833826498161
연제구,연산동,2647073000,연산제9동,2020,12,12,286,0.00790907331102569
연제구,연산동,2647073000,연산제9동,2020,13,13,278,0.00768784049113686
연제구,연산동,2647073000,연산제9동,2020,14,14,253,0.0069964879289842645
연제구,연산동,2647073000,연산제9동,2020,15,15,283,0.00782611100356738
연제구,연산동,2647073000,연산제9동,2020,16,16,280,0.007743148696109068
연제구,연산동,2647073000,연산제9동,2020,17,17,331,0.009153507922900362
연제구,연산동,2647073000,연산제9동,2020,18,18,331,0.009153507922900362
연제구,연산동,2647073000,연산제9동,2020,19,19,399,0.011033986891955422
연제구,연산동,2647073000,연산제9동,2020,20,20,436,0.012057188683941263
연제구,연산동,2647073000,연산제9동,2020,21,21,420,0.011614723044163602
연제구,연산동,2647073000,연산제9동,2020,22,22,435,0.012029534581455158
연제구,연산동,2647073000,연산제9동,2020,23,23,475,0.013135698680899312
연제구,연산동,2647073000,연산제9동,2020,24,24,482,0.013329277398302038
연제구,연산동,2647073000,연산제9동,2020,25,25,452,0.012499654323718924
연제구,연산동,2647073000,연산제9동,2020,26,26,474,0.013108044578413207
연제구,연산동,2647073000,연산제9동,2020,27,27,506,0.013992975857968529
연제구,연산동,2647073000,연산제9동,2020,28,28,455,0.012582616631177235
연제구,연산동,2647073000,연산제9동,2020,29,29,431,0.011918918171510744
연제구,연산동,2647073000,연산제9동,2020,30,30,414,0.01144879842924698
연제구,연산동,2647073000,연산제9동,2020,31,31,407,0.011255219711844252
연제구,연산동,2647073000,연산제9동,2020,32,32,406,0.011227565609358149
연제구,연산동,2647073000,연산제9동,2020,33,33,410,0.011338182019302563
연제구,연산동,2647073000,연산제9동,2020,34,34,419,0.011587068941677497
연제구,연산동,2647073000,연산제9동,2020,35,35,450,0.012444346118746716
연제구,연산동,2647073000,연산제9동,2020,36,36,435,0.012029534581455158
연제구,연산동,2647073000,연산제9동,2020,37,37,511,0.014131246370399048
연제구,연산동,2647073000,연산제9동,2020,38,38,505,0.013965321755482426
연제구,연산동,2647073000,연산제9동,2020,39,39,569,0.01573518431459307
연제구,연산동,2647073000,연산제9동,2020,40,40,560,0.015486297392218136
연제구,연산동,2647073000,연산제9동,2020,41,41,551,0.0152374104698432
연제구,연산동,2647073000,연산제9동,2020,42,42,491,0.013578164320676973
연제구,연산동,2647073000,연산제9동,2020,43,43,518,0.014324825087801776
연제구,연산동,2647073000,연산제9동,2020,44,44,493,0.01363347252564918
연제구,연산동,2647073000,연산제9동,2020,45,45,465,0.012859157656038274
연제구,연산동,2647073000,연산제9동,2020,46,46,539,0.014905561240009956
연제구,연산동,2647073000,연산제9동,2020,47,47,548,0.01515444816238489
연제구,연산동,2647073000,연산제9동,2020,48,48,592,0.016371228671773458
연제구,연산동,2647073000,연산제9동,2020,49,49,619,0.017117889438898262
연제구,연산동,2647073000,연산제9동,2020,50,50,620,0.017145543541384364
연제구,연산동,2647073000,연산제9동,2020,51,51,651,0.018002820718453584
연제구,연산동,2647073000,연산제9동,2020,52,52,701,0.019385525842758773
연제구,연산동,2647073000,연산제9동,2020,53,53,660,0.018251707640828518
연제구,연산동,2647073000,연산제9동,2020,54,54,618,0.017090235336412157
연제구,연산동,2647073000,연산제9동,2020,55,55,577,0.015956417134481902
연제구,연산동,2647073000,연산제9동,2020,56,56,598,0.01653715328669008
연제구,연산동,2647073000,연산제9동,2020,57,57,600,0.016592461491662287
연제구,연산동,2647073000,연산제9동,2020,58,58,695,0.01921960122784215
연제구,연산동,2647073000,연산제9동,2020,59,59,721,0.01993860789248085
연제구,연산동,2647073000,연산제9동,2020,60,60,733,0.020270457122314095
연제구,연산동,2647073000,연산제9동,2020,61,61,693,0.019164293022869944
연제구,연산동,2647073000,연산제9동,2020,62,62,640,0.01769862559110644
연제구,연산동,2647073000,연산제9동,2020,63,63,646,0.017864550206023063
연제구,연산동,2647073000,연산제9동,2020,64,64,611,0.01689665661900943
연제구,연산동,2647073000,연산제9동,2020,65,65,638,0.017643317386134234
연제구,연산동,2647073000,연산제9동,2020,66,66,523,0.014463095600232295
연제구,연산동,2647073000,연산제9동,2020,67,67,502,0.013882359448024115
연제구,연산동,2647073000,연산제9동,2020,68,68,490,0.013550510218190868
연제구,연산동,2647073000,연산제9동,2020,69,69,359,0.00992782279251127
연제구,연산동,2647073000,연산제9동,2020,70,70,325,0.00898758330798374
연제구,연산동,2647073000,연산제9동,2020,71,71,389,0.010757445867094383
연제구,연산동,2647073000,연산제9동,2020,72,72,355,0.009817206382566853
연제구,연산동,2647073000,연산제9동,2020,73,73,340,0.009402394845275297
연제구,연산동,2647073000,연산제9동,2020,74,74,245,0.006775255109095434
연제구,연산동,2647073000,연산제9동,2020,75,75,192,0.005309587677331932
연제구,연산동,2647073000,연산제9동,2020,76,76,205,0.005669091009651282
연제구,연산동,2647073000,연산제9동,2020,77,77,225,0.006222173059373358
연제구,연산동,2647073000,연산제9동,2020,78,78,235,0.006498714084234396
연제구,연산동,2647073000,연산제9동,2020,79,79,199,0.0055031663947346585
연제구,연산동,2647073000,연산제9동,2020,80,80,182,0.005033046652470894
연제구,연산동,2647073000,연산제9동,2020,81,81,166,0.0045905810126932334
연제구,연산동,2647073000,연산제9동,2020,82,82,121,0.0033461464008185614
연제구,연산동,2647073000,연산제9동,2020,83,83,104,0.0028760266585547965
연제구,연산동,2647073000,연산제9동,2020,84,84,100,0.0027654102486103812
연제구,연산동,2647073000,연산제9동,2020,85,85,97,0.00268244794115207
연제구,연산동,2647073000,연산제9동,2020,86,86,85,0.0023505987113188243
연제구,연산동,2647073000,연산제9동,2020,87,87,71,0.0019634412765133706
연제구,연산동,2647073000,연산제9동,2020,88,88,51,0.0014103592267912944
연제구,연산동,2647073000,연산제9동,2020,89,89,46,0.0012720887143607754
연제구,연산동,2647073000,연산제9동,2020,90,90,35,0.0009678935870136335
연제구,연산동,2647073000,연산제9동,2020,91,91,30,0.0008296230745831144
연제구,연산동,2647073000,연산제9동,2020,92,92,28,0.0007743148696109067
연제구,연산동,2647073000,연산제9동,2020,93,93,24,0.0006636984596664915
연제구,연산동,2647073000,연산제9동,2020,94,94,8,0.00022123281988883052
연제구,연산동,2647073000,연산제9동,2020,95,95,6,0.00016592461491662288
연제구,연산동,2647073000,연산제9동,2020,96,96,5,0.00013827051243051907
연제구,연산동,2647073000,연산제9동,2020,97,97,8,0.00022123281988883052
연제구,연산동,2647073000,연산제9동,2020,98,98,2,5.530820497220763e-05
연제구,연산동,2647073000,연산제9동,2020,99,99,1,2.7654102486103815e-05
연제구,연산동,2647073000,연산제9동,2020,100,100세 이상,13,0.00035950333231934956
연제구,연산동,2647073000,연산제9동,2021,0,0,162,0.004618674269422665
연제구,연산동,2647073000,연산제9동,2021,1,1,167,0.004761225944404847
연제구,연산동,2647073000,연산제9동,2021,2,2,174,0.0049607982893799
연제구,연산동,2647073000,연산제9동,2021,3,3,211,0.00601568068424804
연제구,연산동,2647073000,연산제9동,2021,4,4,228,0.006500356379187455
연제구,연산동,2647073000,연산제9동,2021,5,5,281,0.008011404133998574
연제구,연산동,2647073000,연산제9동,2021,6,6,252,0.007184604419101925
연제구,연산동,2647073000,연산제9동,2021,7,7,281,0.008011404133998574
연제구,연산동,2647073000,연산제9동,2021,8,8,265,0.007555238774055595
연제구,연산동,2647073000,연산제9동,2021,9,9,275,0.007840342124019958
연제구,연산동,2647073000,연산제9동,2021,10,10,288,0.008210976478973628
연제구,연산동,2647073000,연산제9동,2021,11,11,286,0.008153955808980755
연제구,연산동,2647073000,연산제9동,2021,12,12,242,0.006899501069137563
연제구,연산동,2647073000,연산제9동,2021,13,13,288,0.008210976478973628
연제구,연산동,2647073000,연산제9동,2021,14,14,269,0.00766928011404134
연제구,연산동,2647073000,연산제9동,2021,15,15,263,0.007498218104062723
연제구,연산동,2647073000,연산제9동,2021,16,16,284,0.008096935138987883
연제구,연산동,2647073000,연산제9동,2021,17,17,272,0.0077548111190306485
연제구,연산동,2647073000,연산제9동,2021,18,18,330,0.009408410548823949
연제구,연산동,2647073000,연산제9동,2021,19,19,320,0.009123307198859587
연제구,연산동,2647073000,연산제9동,2021,20,20,372,0.01060584461867427
연제구,연산동,2647073000,연산제9동,2021,21,21,410,0.011689237348538845
연제구,연산동,2647073000,연산제9동,2021,22,22,391,0.011147540983606558
연제구,연산동,2647073000,연산제9동,2021,23,23,399,0.011375623663578046
연제구,연산동,2647073000,연산제9동,2021,24,24,429,0.012230933713471134
연제구,연산동,2647073000,연산제9동,2021,25,25,445,0.012687099073414112
연제구,연산동,2647073000,연산제9동,2021,26,26,423,0.012059871703492516
연제구,연산동,2647073000,연산제9동,2021,27,27,419,0.01194583036350677
연제구,연산동,2647073000,연산제9동,2021,28,28,472,0.01345687811831789
연제구,연산동,2647073000,연산제9동,2021,29,29,434,0.012373485388453315
연제구,연산동,2647073000,연산제9동,2021,30,30,417,0.0118888096935139
연제구,연산동,2647073000,연산제9동,2021,31,31,395,0.011261582323592301
연제구,연산동,2647073000,연산제9동,2021,32,32,397,0.011318602993585175
연제구,연산동,2647073000,연산제9동,2021,33,33,388,0.011062009978617249
연제구,연산동,2647073000,연산제9동,2021,34,34,399,0.011375623663578046
연제구,연산동,2647073000,연산제9동,2021,35,35,407,0.011603706343549536
연제구,연산동,2647073000,연산제9동,2021,36,36,421,0.012002851033499644
연제구,연산동,2647073000,연산제9동,2021,37,37,401,0.01143264433357092
연제구,연산동,2647073000,연산제9동,2021,38,38,479,0.013656450463292944
연제구,연산동,2647073000,연산제9동,2021,39,39,489,0.013941553813257306
연제구,연산동,2647073000,연산제9동,2021,40,40,551,0.01570919458303635
연제구,연산동,2647073000,연산제9동,2021,41,41,554,0.01579472558802566
연제구,연산동,2647073000,연산제9동,2021,42,42,524,0.014939415538132573
연제구,연산동,2647073000,연산제9동,2021,43,43,478,0.013627940128296507
연제구,연산동,2647073000,연산제9동,2021,44,44,505,0.014397719173200286
연제구,연산동,2647073000,연산제9동,2021,45,45,484,0.013799002138275125
연제구,연산동,2647073000,연산제9동,2021,46,46,458,0.013057733428367784
연제구,연산동,2647073000,연산제9동,2021,47,47,515,0.014682822523164647
연제구,연산동,2647073000,연산제9동,2021,48,48,554,0.01579472558802566
연제구,연산동,2647073000,연산제9동,2021,49,49,560,0.015965787598004277
연제구,연산동,2647073000,연산제9동,2021,50,50,608,0.017334283677833216
연제구,연산동,2647073000,연산제9동,2021,51,51,600,0.017106200997861726
연제구,연산동,2647073000,연산제9동,2021,52,52,636,0.018132573057733428
연제구,연산동,2647073000,연산제9동,2021,53,53,706,0.02012829650748396
연제구,연산동,2647073000,연산제9동,2021,54,54,643,0.018332145402708482
연제구,연산동,2647073000,연산제9동,2021,55,55,601,0.01713471133285816
연제구,연산동,2647073000,연산제9동,2021,56,56,558,0.015908766928011405
연제구,연산동,2647073000,연산제9동,2021,57,57,584,0.016650035637918746
연제구,연산동,2647073000,연산제9동,2021,58,58,581,0.016564504632929435
연제구,연산동,2647073000,연산제9동,2021,59,59,674,0.019215965787598006
연제구,연산동,2647073000,연산제9동,2021,60,60,702,0.02001425516749822
연제구,연산동,2647073000,연산제9동,2021,61,61,737,0.021012116892373485
연제구,연산동,2647073000,연산제9동,2021,62,62,689,0.019643620812544546
연제구,연산동,2647073000,연산제9동,2021,63,63,632,0.018018531717747685
연제구,연산동,2647073000,연산제9동,2021,64,64,627,0.017875980042765503
연제구,연산동,2647073000,연산제9동,2021,65,65,599,0.01707769066286529
연제구,연산동,2647073000,연산제9동,2021,66,66,614,0.01750534568781183
연제구,연산동,2647073000,연산제9동,2021,67,67,499,0.014226657163221667
연제구,연산동,2647073000,연산제9동,2021,68,68,499,0.014226657163221667
연제구,연산동,2647073000,연산제9동,2021,69,69,489,0.013941553813257306
연제구,연산동,2647073000,연산제9동,2021,70,70,352,0.010035637918745545
연제구,연산동,2647073000,연산제9동,2021,71,71,318,0.009066286528866714
연제구,연산동,2647073000,연산제9동,2021,72,72,384,0.010947968638631504
연제구,연산동,2647073000,연산제9동,2021,73,73,343,0.00977904490377762
연제구,연산동,2647073000,연산제9동,2021,74,74,343,0.00977904490377762
연제구,연산동,2647073000,연산제9동,2021,75,75,247,0.007042052744119743
연제구,연산동,2647073000,연산제9동,2021,76,76,186,0.005302922309337135
연제구,연산동,2647073000,연산제9동,2021,77,77,204,0.005816108339272987
연제구,연산동,2647073000,연산제9동,2021,78,78,216,0.006158232359230221
연제구,연산동,2647073000,연산제9동,2021,79,79,215,0.006129722024233785
연제구,연산동,2647073000,연산제9동,2021,80,80,194,0.0055310049893086246
연제구,연산동,2647073000,연산제9동,2021,81,81,183,0.0052173913043478265
연제구,연산동,2647073000,연산제9동,2021,82,82,168,0.004789736279401283
연제구,연산동,2647073000,연산제9동,2021,83,83,111,0.003164647184604419
연제구,연산동,2647073000,연산제9동,2021,84,84,100,0.002851033499643621
연제구,연산동,2647073000,연산제9동,2021,85,85,93,0.0026514611546685674
연제구,연산동,2647073000,연산제9동,2021,86,86,88,0.0025089094796863862
연제구,연산동,2647073000,연산제9동,2021,87,87,75,0.0021382751247327157
연제구,연산동,2647073000,연산제9동,2021,88,88,64,0.0018246614397719172
연제구,연산동,2647073000,연산제9동,2021,89,89,47,0.0013399857448325018
연제구,연산동,2647073000,연산제9동,2021,90,90,36,0.0010263720598717035
연제구,연산동,2647073000,연산제9동,2021,91,91,31,0.0008838203848895225
연제구,연산동,2647073000,연산제9동,2021,92,92,28,0.0007982893799002138
연제구,연산동,2647073000,연산제9동,2021,93,93,23,0.0006557377049180328
연제구,연산동,2647073000,연산제9동,2021,94,94,17,0.00048467569493941553
연제구,연산동,2647073000,연산제9동,2021,95,95,8,0.00022808267997148965
연제구,연산동,2647073000,연산제9동,2021,96,96,5,0.00014255167498218105
연제구,연산동,2647073000,연산제9동,2021,97,97,2,5.702066999287241e-05
연제구,연산동,2647073000,연산제9동,2021,98,98,3,8.553100498930863e-05
연제구,연산동,2647073000,연산제9동,2021,99,99,0,0.0
연제구,연산동,2647073000,연산제9동,2021,100,100세 이상,5,0.00014255167498218105
연제구,연산동,2647073000,연산제9동,2022,0,0,148,0.004340430523784386
연제구,연산동,2647073000,연산제9동,2022,1,1,146,0.00428177605724676
연제구,연산동,2647073000,연산제9동,2022,2,2,170,0.004985629655698281
연제구,연산동,2647073000,연산제9동,2022,3,3,170,0.004985629655698281
연제구,연산동,2647073000,연산제9동,2022,4,4,201,0.005894773887031498
연제구,연산동,2647073000,연산제9동,2022,5,5,211,0.006188046219719631
연제구,연산동,2647073000,연산제9동,2022,6,6,261,0.007654407883160303
연제구,연산동,2647073000,연산제9동,2022,7,7,242,0.007097190451052848
연제구,연산동,2647073000,연산제9동,2022,8,8,273,0.008006334682386063
연제구,연산동,2647073000,연산제9동,2022,9,9,256,0.007507771716816236
연제구,연산동,2647073000,연산제9동,2022,10,10,276,0.008094316382192504
연제구,연산동,2647073000,연산제9동,2022,11,11,291,0.008534224881224706
연제구,연산동,2647073000,연산제9동,2022,12,12,281,0.008240952548536571
연제구,연산동,2647073000,연산제9동,2022,13,13,244,0.007155844917590475
연제구,연산동,2647073000,연산제9동,2022,14,14,278,0.00815297084873013
연제구,연산동,2647073000,연산제9동,2022,15,15,270,0.007918352982579624
연제구,연산동,2647073000,연산제9동,2022,16,16,267,0.007830371282773183
연제구,연산동,2647073000,연산제9동,2022,17,17,290,0.008504897647955891
연제구,연산동,2647073000,연산제9동,2022,18,18,267,0.007830371282773183
연제구,연산동,2647073000,연산제9동,2022,19,19,306,0.008974133380256906
연제구,연산동,2647073000,연산제9동,2022,20,20,307,0.00900346061352572
연제구,연산동,2647073000,연산제9동,2022,21,21,353,0.010352513343891137
연제구,연산동,2647073000,연산제9동,2022,22,22,394,0.011554929907912487
연제구,연산동,2647073000,연산제9동,2022,23,23,381,0.011173675875417913
연제구,연산동,2647073000,연산제9동,2022,24,24,365,0.010704440143116898
연제구,연산동,2647073000,연산제9동,2022,25,25,392,0.01149627544137486
연제구,연산동,2647073000,연산제9동,2022,26,26,411,0.012053492873482315
연제구,연산동,2647073000,연산제9동,2022,27,27,382,0.011203003108686726
연제구,연산동,2647073000,연산제9동,2022,28,28,388,0.011378966508299606
연제구,연산동,2647073000,연산제9동,2022,29,29,432,0.012669364772127397
연제구,연산동,2647073000,연산제9동,2022,30,30,427,0.01252272860578333
연제구,연산동,2647073000,연산제9동,2022,31,31,391,0.011466948208106047
연제구,연산동,2647073000,연산제9동,2022,32,32,389,0.011408293741568421
연제구,연산동,2647073000,연산제9동,2022,33,33,377,0.011056366942342659
연제구,연산동,2647073000,연산제9동,2022,34,34,383,0.01123233034195554
연제구,연산동,2647073000,연산제9동,2022,35,35,397,0.011642911607718928
연제구,연산동,2647073000,연산제9동,2022,36,36,382,0.011203003108686726
연제구,연산동,2647073000,연산제9동,2022,37,37,428,0.012552055839052143
연제구,연산동,2647073000,연산제9동,2022,38,38,386,0.01132031204176198
연제구,연산동,2647073000,연산제9동,2022,39,39,466,0.013666490703267054
연제구,연산동,2647073000,연산제9동,2022,40,40,455,0.013343891137310106
연제구,연산동,2647073000,연산제9동,2022,41,41,552,0.016188632764385008
연제구,연산동,2647073000,연산제9동,2022,42,42,532,0.015602088099008739
연제구,연산동,2647073000,연산제9동,2022,43,43,513,0.015044870666901284
연제구,연산동,2647073000,연산제9동,2022,44,44,471,0.013813126869611121
연제구,연산동,2647073000,연산제9동,2022,45,45,477,0.013989090269224002
연제구,연산동,2647073000,연산제9동,2022,46,46,484,0.014194380902105695
연제구,연산동,2647073000,연산제9동,2022,47,47,447,0.0131092732711596
연제구,연산동,2647073000,연산제9동,2022,48,48,509,0.01492756173382603
연제구,연산동,2647073000,연산제9동,2022,49,49,549,0.01610065106457857
연제구,연산동,2647073000,연산제9동,2022,50,50,556,0.01630594169746026
연제구,연산동,2647073000,연산제9동,2022,51,51,598,0.017537685494750425
연제구,연산동,2647073000,연산제9동,2022,52,52,607,0.017801630594169747
연제구,연산동,2647073000,연산제9동,2022,53,53,597,0.017508358261481612
연제구,연산동,2647073000,연산제9동,2022,54,54,683,0.020030500322599565
연제구,연산동,2647073000,연산제9동,2022,55,55,640,0.01876942929204059
연제구,연산동,2647073000,연산제9동,2022,56,56,578,0.016951140829374156
연제구,연산동,2647073000,연산제9동,2022,57,57,540,0.015836705965159247
연제구,연산동,2647073000,연산제9동,2022,58,58,565,0.016569886796879582
연제구,연산동,2647073000,연산제9동,2022,59,59,553,0.01621795999765382
연제구,연산동,2647073000,연산제9동,2022,60,60,674,0.019766555223180247
연제구,연산동,2647073000,연산제9동,2022,61,61,689,0.020206463722212447
연제구,연산동,2647073000,연산제9동,2022,62,62,713,0.02091031732066397
연제구,연산동,2647073000,연산제9동,2022,63,63,676,0.019825209689717873
연제구,연산동,2647073000,연산제9동,2022,64,64,622,0.018241539093201947
연제구,연산동,2647073000,연산제9동,2022,65,65,620,0.01818288462666432
연제구,연산동,2647073000,연산제9동,2022,66,66,586,0.017185758695524665
연제구,연산동,2647073000,연산제9동,2022,67,67,603,0.01768432166109449
연제구,연산동,2647073000,연산제9동,2022,68,68,482,0.014135726435568069
연제구,연산동,2647073000,연산제9동,2022,69,69,480,0.014077071969030441
연제구,연산동,2647073000,연산제9동,2022,70,70,475,0.013930435802686375
연제구,연산동,2647073000,연산제9동,2022,71,71,340,0.009971259311396563
연제구,연산동,2647073000,연산제9동,2022,72,72,309,0.009062115080063347
연제구,연산동,2647073000,연산제9동,2022,73,73,371,0.010880403542729778
연제구,연산동,2647073000,연산제9동,2022,74,74,338,0.009912604844858936
연제구,연산동,2647073000,연산제9동,2022,75,75,333,0.00976596867851487
연제구,연산동,2647073000,연산제9동,2022,76,76,241,0.0070678632177840345
연제구,연산동,2647073000,연산제9동,2022,77,77,179,0.005249574755117602
연제구,연산동,2647073000,연산제9동,2022,78,78,202,0.005924101120300311
연제구,연산동,2647073000,연산제9동,2022,79,79,211,0.006188046219719631
연제구,연산동,2647073000,연산제9동,2022,80,80,204,0.005982755586837938
연제구,연산동,2647073000,연산제9동,2022,81,81,189,0.005542847087805737
연제구,연산동,2647073000,연산제9동,2022,82,82,174,0.005102938588773535
연제구,연산동,2647073000,연산제9동,2022,83,83,160,0.004692357323010148
연제구,연산동,2647073000,연산제9동,2022,84,84,98,0.002874068860343715
연제구,연산동,2647073000,연산제9동,2022,85,85,96,0.0028154143938060885
연제구,연산동,2647073000,연산제9동,2022,86,86,90,0.002639450994193208
연제구,연산동,2647073000,연산제9동,2022,87,87,76,0.00222886972842982
연제구,연산동,2647073000,연산제9동,2022,88,88,69,0.002023579095548126
연제구,연산동,2647073000,연산제9동,2022,89,89,50,0.001466361663440671
연제구,연산동,2647073000,연산제9동,2022,90,90,37,0.0010851076309460965
연제구,연산동,2647073000,연산제9동,2022,91,91,28,0.0008211625315267758
연제구,연산동,2647073000,연산제9동,2022,92,92,22,0.0006451991319138952
연제구,연산동,2647073000,연산제9동,2022,93,93,24,0.0007038535984515221
연제구,연산동,2647073000,연산제9동,2022,94,94,19,0.000557217432107455
연제구,연산동,2647073000,연산제9동,2022,95,95,13,0.00038125403249457445
연제구,연산동,2647073000,연산제9동,2022,96,96,8,0.00023461786615050736
연제구,연산동,2647073000,연산제9동,2022,97,97,5,0.0001466361663440671
연제구,연산동,2647073000,연산제9동,2022,98,98,1,2.932723326881342e-05
연제구,연산동,2647073000,연산제9동,2022,99,99,3,8.798169980644026e-05
연제구,연산동,2647073000,연산제9동,2022,100,100세 이상,3,8.798169980644026e-05
연제구,연산동,2647073000,연산제9동,2023,0,0,116,0.0035201650836039207
연제구,연산동,2647073000,연산제9동,2023,1,1,143,0.004339513853063454
연제구,연산동,2647073000,연산제9동,2023,2,2,123,0.003732588838648985
연제구,연산동,2647073000,연산제9동,2023,3,3,156,0.004734015112432859
연제구,연산동,2647073000,연산제9동,2023,4,4,161,0.004885746366036476
연제구,연산동,2647073000,연산제9동,2023,5,5,185,0.005614056383333839
연제구,연산동,2647073000,연산제9동,2023,6,6,199,0.006038903893423968
연제구,연산동,2647073000,연산제9동,2023,7,7,239,0.007252753922252906
연제구,연산동,2647073000,연산제9동,2023,8,8,238,0.007222407671532182
연제구,연산동,2647073000,연산제9동,2023,9,9,265,0.008041756440991716
연제구,연산동,2647073000,연산제9동,2023,10,10,244,0.007404485175856523
연제구,연산동,2647073000,연산제9동,2023,11,11,270,0.008193487694595332
연제구,연산동,2647073000,연산제9동,2023,12,12,275,0.00834521894819895
연제구,연산동,2647073000,연산제9동,2023,13,13,270,0.008193487694595332
연제구,연산동,2647073000,연산제9동,2023,14,14,237,0.007192061420811459
연제구,연산동,2647073000,연산제9동,2023,15,15,274,0.008314872697478227
연제구,연산동,2647073000,연산제9동,2023,16,16,269,0.00816314144387461
연제구,연산동,2647073000,연산제9동,2023,17,17,264,0.008011410190270992
연제구,연산동,2647073000,연산제9동,2023,18,18,285,0.008648681455406185
연제구,연산동,2647073000,연산제9동,2023,19,19,252,0.0076472551816223104
연제구,연산동,2647073000,연산제9동,2023,20,20,291,0.008830758959730525
연제구,연산동,2647073000,연산제9동,2023,21,21,307,0.009316298971262101
연제구,연산동,2647073000,연산제9동,2023,22,22,337,0.010226686492883804
연제구,연산동,2647073000,연산제9동,2023,23,23,369,0.011197766515946955
연제구,연산동,2647073000,연산제9동,2023,24,24,366,0.011106727763784784
연제구,연산동,2647073000,연산제9동,2023,25,25,338,0.010257032743604528
연제구,연산동,2647073000,연산제9동,2023,26,26,363,0.011015689011622615
연제구,연산동,2647073000,연산제9동,2023,27,27,391,0.01186538403180287
연제구,연산동,2647073000,연산제9동,2023,28,28,367,0.011137074014505508
연제구,연산동,2647073000,연산제9동,2023,29,29,369,0.011197766515946955
연제구,연산동,2647073000,연산제9동,2023,30,30,415,0.012593694049100233
연제구,연산동,2647073000,연산제9동,2023,31,31,414,0.01256334779837951
연제구,연산동,2647073000,연산제9동,2023,32,32,388,0.0117743452796407
연제구,연산동,2647073000,연산제9동,2023,33,33,370,0.011228112766667677
연제구,연산동,2647073000,연산제9동,2023,34,34,337,0.010226686492883804
연제구,연산동,2647073000,연산제9동,2023,35,35,351,0.010651534002973933
연제구,연산동,2647073000,연산제9동,2023,36,36,360,0.010924650259460444
연제구,연산동,2647073000,연산제9동,2023,37,37,357,0.010833611507298273
연제구,연산동,2647073000,연산제9동,2023,38,38,399,0.012108154037568658
연제구,연산동,2647073000,연산제9동,2023,39,39,372,0.011288805268109126
연제구,연산동,2647073000,연산제9동,2023,40,40,448,0.013595120322884107
연제구,연산동,2647073000,연산제9동,2023,41,41,442,0.013413042818559767
연제구,연산동,2647073000,연산제9동,2023,42,42,538,0.01632628288774922
연제구,연산동,2647073000,연산제9동,2023,43,43,521,0.01581039662549692
연제구,연산동,2647073000,연산제9동,2023,44,44,508,0.015415895366127514
연제구,연산동,2647073000,연산제9동,2023,45,45,454,0.013777197827208449
연제구,연산동,2647073000,연산제9동,2023,46,46,472,0.014323430340181471
연제구,연산동,2647073000,연산제9동,2023,47,47,471,0.014293084089460747
연제구,연산동,2647073000,연산제9동,2023,48,48,434,0.01317027281279398
연제구,연산동,2647073000,연산제9동,2023,49,49,506,0.015355202864686068
연제구,연산동,2647073000,연산제9동,2023,50,50,538,0.01632628288774922
연제구,연산동,2647073000,연산제9동,2023,51,51,550,0.0166904378963979
연제구,연산동,2647073000,연산제9동,2023,52,52,587,0.017813249173064667
연제구,연산동,2647073000,연산제9동,2023,53,53,589,0.017873941674506115
연제구,연산동,2647073000,연산제9동,2023,54,54,590,0.017904287925226837
연제구,연산동,2647073000,연산제9동,2023,55,55,661,0.020058871726398204
연제구,연산동,2647073000,연산제9동,2023,56,56,629,0.019087791703335053
연제구,연산동,2647073000,연산제9동,2023,57,57,569,0.017267016660091644
연제구,연산동,2647073000,연산제9동,2023,58,58,522,0.015840742876217645
연제구,연산동,2647073000,연산제9동,2023,59,59,550,0.0166904378963979
연제구,연산동,2647073000,연산제9동,2023,60,60,545,0.016538706642794283
연제구,연산동,2647073000,연산제9동,2023,61,61,656,0.019907140472794585
연제구,연산동,2647073000,연산제9동,2023,62,62,666,0.02021060298000182
연제구,연산동,2647073000,연산제9동,2023,63,63,687,0.020847874245137014
연제구,연산동,2647073000,연산제9동,2023,64,64,650,0.019725062968470247
연제구,연산동,2647073000,연산제9동,2023,65,65,610,0.01851121293964131
연제구,연산동,2647073000,연산제9동,2023,66,66,607,0.018420174187479137
연제구,연산동,2647073000,연산제9동,2023,67,67,576,0.01747944041513671
연제구,연산동,2647073000,연산제9동,2023,68,68,583,0.017691864170181773
연제구,연산동,2647073000,연산제9동,2023,69,69,476,0.014444815343064365
연제구,연산동,2647073000,연산제9동,2023,70,70,466,0.01414135283585713
연제구,연산동,2647073000,연산제9동,2023,71,71,459,0.013928929080812065
연제구,연산동,2647073000,연산제9동,2023,72,72,333,0.01010530149000091
연제구,연산동,2647073000,연산제9동,2023,73,73,299,0.009073528965496312
연제구,연산동,2647073000,연산제9동,2023,74,74,362,0.01098534276090189
연제구,연산동,2647073000,연산제9동,2023,75,75,325,0.009862531484235123
연제구,연산동,2647073000,연산제9동,2023,76,76,325,0.009862531484235123
연제구,연산동,2647073000,연산제9동,2023,77,77,236,0.007161715170090736
연제구,연산동,2647073000,연산제9동,2023,78,78,172,0.005219555123964434
연제구,연산동,2647073000,연산제9동,2023,79,79,191,0.00579613388765818
연제구,연산동,2647073000,연산제9동,2023,80,80,202,0.006129942645586138
연제구,연산동,2647073000,연산제9동,2023,81,81,192,0.005826480138378903
연제구,연산동,2647073000,연산제9동,2023,82,82,174,0.005280247625405881
연제구,연산동,2647073000,연산제9동,2023,83,83,160,0.004855400115315753
연제구,연산동,2647073000,연산제9동,2023,84,84,146,0.004430552605225625
연제구,연산동,2647073000,연산제9동,2023,85,85,87,0.0026401238127029404
연제구,연산동,2647073000,연산제9동,2023,86,86,89,0.0027008163141443876
연제구,연산동,2647073000,연산제9동,2023,87,87,79,0.002397353806937153
연제구,연산동,2647073000,연산제9동,2023,88,88,66,0.002002852547567748
연제구,연산동,2647073000,연산제9동,2023,89,89,56,0.0016993900403605134
연제구,연산동,2647073000,연산제9동,2023,90,90,42,0.0012745425302703851
연제구,연산동,2647073000,연산제9동,2023,91,91,33,0.001001426273783874
연제구,연산동,2647073000,연산제9동,2023,92,92,21,0.0006372712651351926
연제구,연산동,2647073000,연산제9동,2023,93,93,19,0.0005765787636937456
연제구,연산동,2647073000,연산제9동,2023,94,94,21,0.0006372712651351926
연제구,연산동,2647073000,연산제9동,2023,95,95,13,0.0003945012593694049
연제구,연산동,2647073000,연산제9동,2023,96,96,9,0.00027311625648651107
연제구,연산동,2647073000,연산제9동,2023,97,97,5,0.00015173125360361727
연제구,연산동,2647073000,연산제9동,2023,98,98,5,0.00015173125360361727
연제구,연산동,2647073000,연산제9동,2023,99,99,1,3.0346250720723456e-05
연제구,연산동,2647073000,연산제9동,2023,100,100세 이상,4,0.00012138500288289382
연제구,연산동,2647073000,연산제9동,2024,0,0,133,0.004157549234135667
연제구,연산동,2647073000,연산제9동,2024,1,1,124,0.0038762113160362615
연제구,연산동,2647073000,연산제9동,2024,2,2,127,0.0039699906220693965
연제구,연산동,2647073000,연산제9동,2024,3,3,107,0.003344795248515161
연제구,연산동,2647073000,연산제9동,2024,4,4,141,0.004407627383557362
연제구,연산동,2647073000,연산제9동,2024,5,5,134,0.004188809002813379
연제구,연산동,2647073000,연산제9동,2024,6,6,164,0.005126602063144733
연제구,연산동,2647073000,연산제9동,2024,7,7,182,0.0056892778993435445
연제구,연산동,2647073000,연산제9동,2024,8,8,233,0.007283526101906846
연제구,연산동,2647073000,연산제9동,2024,9,9,227,0.007095967489840575
연제구,연산동,2647073000,연산제9동,2024,10,10,248,0.007752422632072523
연제구,연산동,2647073000,연산제9동,2024,11,11,238,0.007439824945295405
연제구,연산동,2647073000,연산제9동,2024,12,12,259,0.008096280087527353
연제구,연산동,2647073000,연산제9동,2024,13,13,263,0.0082213191622382
연제구,연산동,2647073000,연산제9동,2024,14,14,275,0.008596436386370742
연제구,연산동,2647073000,연산제9동,2024,15,15,230,0.00718974679587371
연제구,연산동,2647073000,연산제9동,2024,16,16,277,0.008658955923726164
연제구,연산동,2647073000,연산제9동,2024,17,17,257,0.008033760550171928
연제구,연산동,2647073000,연산제9동,2024,18,18,259,0.008096280087527353
연제구,연산동,2647073000,연산제9동,2024,19,19,262,0.008190059393560488
연제구,연산동,2647073000,연산제9동,2024,20,20,236,0.007377305407939981
연제구,연산동,2647073000,연산제9동,2024,21,21,278,0.008690215692403877
연제구,연산동,2647073000,연산제9동,2024,22,22,274,0.00856517661769303
연제구,연산동,2647073000,연산제9동,2024,23,23,304,0.009502969678024383
연제구,연산동,2647073000,연산제9동,2024,24,24,338,0.010565801813066582
연제구,연산동,2647073000,연산제9동,2024,25,25,340,0.010628321350422007
연제구,연산동,2647073000,연산제9동,2024,26,26,323,0.010096905282900907
연제구,연산동,2647073000,연산제9동,2024,27,27,345,0.010784620193810567
연제구,연산동,2647073000,연산제9동,2024,28,28,372,0.011628633948108784
연제구,연산동,2647073000,연산제9동,2024,29,29,343,0.010722100656455142
연제구,연산동,2647073000,연산제9동,2024,30,30,363,0.011347296030009378
연제구,연산동,2647073000,연산제9동,2024,31,31,404,0.012628946545795562
연제구,연산동,2647073000,연산제9동,2024,32,32,392,0.01225382932166302
연제구,연산동,2647073000,연산제9동,2024,33,33,366,0.011441075336042513
연제구,연산동,2647073000,연산제9동,2024,34,34,373,0.011659893716786496
연제구,연산동,2647073000,연산제9동,2024,35,35,343,0.010722100656455142
연제구,연산동,2647073000,연산제9동,2024,36,36,328,0.010253204126289465
연제구,연산동,2647073000,연산제9동,2024,37,37,330,0.01031572366364489
연제구,연산동,2647073000,연산제9동,2024,38,38,346,0.010815879962488277
연제구,연산동,2647073000,연산제9동,2024,39,39,370,0.01156611441075336
연제구,연산동,2647073000,연산제9동,2024,40,40,368,0.011503594873397936
연제구,연산동,2647073000,연산제9동,2024,41,41,425,0.013285401688027509
연제구,연산동,2647073000,연산제9동,2024,42,42,429,0.013410440762738356
연제구,연산동,2647073000,연산제9동,2024,43,43,501,0.015661144107533605
연제구,연산동,2647073000,연산제9동,2024,44,44,503,0.015723663644889026
연제구,연산동,2647073000,연산제9동,2024,45,45,500,0.01562988433885589
연제구,연산동,2647073000,연산제9동,2024,46,46,438,0.013691778680837761
연제구,연산동,2647073000,연산제9동,2024,47,47,465,0.01453579243513598
연제구,연산동,2647073000,연산제9동,2024,48,48,458,0.014316974054391998
연제구,연산동,2647073000,연산제9동,2024,49,49,423,0.013222882150672084
연제구,연산동,2647073000,연산제9동,2024,50,50,497,0.015536105032822756
연제구,연산동,2647073000,연산제9동,2024,51,51,508,0.015879962488277586
연제구,연산동,2647073000,연산제9동,2024,52,52,536,0.016755236011253515
연제구,연산동,2647073000,연산제9동,2024,53,53,583,0.018224445139105972
연제구,연산동,2647073000,연산제9동,2024,54,54,581,0.018161925601750548
연제구,연산동,2647073000,연산제9동,2024,55,55,577,0.0180368865270397
연제구,연산동,2647073000,연산제9동,2024,56,56,660,0.02063144732728978
연제구,연산동,2647073000,연산제9동,2024,57,57,628,0.019631134729603
연제구,연산동,2647073000,연산제9동,2024,58,58,556,0.017380431384807753
연제구,연산동,2647073000,연산제9동,2024,59,59,522,0.01631759924976555
연제구,연산동,2647073000,연산제9동,2024,60,60,538,0.01681775554860894
연제구,연산동,2647073000,연산제9동,2024,61,61,549,0.01716161300406377
연제구,연산동,2647073000,연산제9동,2024,62,62,637,0.019912472647702406
연제구,연산동,2647073000,연산제9동,2024,63,63,655,0.02047514848390122
연제구,연산동,2647073000,연산제9동,2024,64,64,665,0.020787746170678335
연제구,연산동,2647073000,연산제9동,2024,65,65,632,0.019756173804313847
연제구,연산동,2647073000,연산제9동,2024,66,66,606,0.018943419818693342
연제구,연산동,2647073000,연산제9동,2024,67,67,590,0.018443263519849953
연제구,연산동,2647073000,연산제9동,2024,68,68,566,0.01769302907158487
연제구,연산동,2647073000,연산제9동,2024,69,69,579,0.018099406064395123
연제구,연산동,2647073000,연산제9동,2024,70,70,466,0.014567052203813692
연제구,연산동,2647073000,연산제9동,2024,71,71,463,0.014473272897780557
연제구,연산동,2647073000,연산제9동,2024,72,72,452,0.014129415442325727
연제구,연산동,2647073000,연산제9동,2024,73,73,322,0.010065645514223195
연제구,연산동,2647073000,연산제9동,2024,74,74,299,0.009346670834635824
연제구,연산동,2647073000,연산제9동,2024,75,75,366,0.011441075336042513
연제구,연산동,2647073000,연산제9동,2024,76,76,319,0.00997186620819006
연제구,연산동,2647073000,연산제9동,2024,77,77,317,0.009909346670834636
연제구,연산동,2647073000,연산제9동,2024,78,78,229,0.007158487027195999
연제구,연산동,2647073000,연산제9동,2024,79,79,163,0.005095342294467021
연제구,연산동,2647073000,연산제9동,2024,80,80,189,0.005908096280087528
연제구,연산동,2647073000,연산제9동,2024,81,81,196,0.00612691466083151
연제구,연산동,2647073000,연산제9동,2024,82,82,176,0.005501719287277274
연제구,연산동,2647073000,연산제9동,2024,83,83,167,0.0052203813691778685
연제구,연산동,2647073000,연산제9동,2024,84,84,154,0.004814004376367615
연제구,연산동,2647073000,연산제9동,2024,85,85,130,0.004063769928102532
연제구,연산동,2647073000,연산제9동,2024,86,86,81,0.0025320412628946545
연제구,연산동,2647073000,연산제9동,2024,87,87,82,0.0025633010315723663
연제구,연산동,2647073000,연산제9동,2024,88,88,72,0.0022507033447952485
연제구,연산동,2647073000,연산제9동,2024,89,89,63,0.0019693654266958426
연제구,연산동,2647073000,연산제9동,2024,90,90,55,0.0017192872772741482
연제구,연산동,2647073000,연산제9동,2024,91,91,36,0.0011253516723976243
연제구,연산동,2647073000,연산제9동,2024,92,92,29,0.0009065332916536417
연제구,연산동,2647073000,연산제9동,2024,93,93,19,0.000593935604876524
연제구,연산동,2647073000,연산제9동,2024,94,94,14,0.000437636761487965
연제구,연산동,2647073000,연산제9동,2024,95,95,20,0.0006251953735542357
연제구,연산동,2647073000,연산제9동,2024,96,96,11,0.00034385745545482965
연제구,연산동,2647073000,연산제9동,2024,97,97,7,0.0002188183807439825
연제구,연산동,2647073000,연산제9동,2024,98,98,4,0.00012503907471084715
연제구,연산동,2647073000,연산제9동,2024,99,99,2,6.251953735542357e-05
연제구,연산동,2647073000,연산제9동,2024,100,100세 이상,4,0.00012503907471084715
부산진구,부전동,2623051000,부전제1동,2020,0,0,74,0.004764050730702376
부산진구,부전동,2623051000,부전제1동,2020,1,1,59,0.0037983647717762183
부산진구,부전동,2623051000,부전제1동,2020,2,2,93,0.0059872529453421745
부산진구,부전동,2623051000,부전제1동,2020,3,3,61,0.003927122899633039
부산진구,부전동,2623051000,부전제1동,2020,4,4,73,0.004699671666773965
부산진구,부전동,2623051000,부전제1동,2020,5,5,53,0.0034120903882057553
부산진구,부전동,2623051000,부전제1동,2020,6,6,64,0.004120260091418271
부산진구,부전동,2623051000,부전제1동,2020,7,7,54,0.003476469452134166
부산진구,부전동,2623051000,부전제1동,2020,8,8,48,0.003090195068563703
부산진구,부전동,2623051000,부전제1동,2020,9,9,51,0.0032833322603489346
부산진구,부전동,2623051000,부전제1동,2020,10,10,36,0.0023176463014227774
부산진구,부전동,2623051000,부전제1동,2020,11,11,47,0.0030258160046352928
부산진구,부전동,2623051000,부전제1동,2020,12,12,37,0.002382025365351188
부산진구,부전동,2623051000,부전제1동,2020,13,13,43,0.0027682997489216505
부산진구,부전동,2623051000,부전제1동,2020,14,14,49,0.0031545741324921135
부산진구,부전동,2623051000,부전제1동,2020,15,15,48,0.003090195068563703
부산진구,부전동,2623051000,부전제1동,2020,16,16,51,0.0032833322603489346
부산진구,부전동,2623051000,부전제1동,2020,17,17,64,0.004120260091418271
부산진구,부전동,2623051000,부전제1동,2020,18,18,65,0.004184639155346681
부산진구,부전동,2623051000,부전제1동,2020,19,19,111,0.007146076096053563
부산진구,부전동,2623051000,부전제1동,2020,20,20,164,0.01055816648425932
부산진구,부전동,2623051000,부전제1동,2020,21,21,183,0.011781368698899118
부산진구,부전동,2623051000,부전제1동,2020,22,22,236,0.015193459087104873
부산진구,부전동,2623051000,부전제1동,2020,23,23,319,0.020536921393162943
부산진구,부전동,2623051000,부전제1동,2020,24,24,335,0.021566986416017512
부산진구,부전동,2623051000,부전제1동,2020,25,25,418,0.02691044872207558
부산진구,부전동,2623051000,부전제1동,2020,26,26,432,0.027811755617073327
부산진구,부전동,2623051000,부전제1동,2020,27,27,399,0.02568724650743578
부산진구,부전동,2623051000,부전제1동,2020,28,28,431,0.027747376553144916
부산진구,부전동,2623051000,부전제1동,2020,29,29,380,0.024464044292795983
부산진구,부전동,2623051000,부전제1동,2020,30,30,305,0.019635614498165196
부산진구,부전동,2623051000,부전제1동,2020,31,31,301,0.019378098242451555
부산진구,부전동,2623051000,부전제1동,2020,32,32,235,0.015129080023176464
부산진구,부전동,2623051000,부전제1동,2020,33,33,266,0.017124831004957188
부산진구,부전동,2623051000,부전제1동,2020,34,34,232,0.01493594283139123
부산진구,부전동,2623051000,부전제1동,2020,35,35,222,0.014292152192107126
부산진구,부전동,2623051000,부전제1동,2020,36,36,215,0.013841498744608254
부산진구,부전동,2623051000,부전제1동,2020,37,37,217,0.013970256872465074
부산진구,부전동,2623051000,부전제1동,2020,38,38,214,0.013777119680679843
부산진구,부전동,2623051000,부전제1동,2020,39,39,200,0.012875812785682096
부산진구,부전동,2623051000,부전제1동,2020,40,40,210,0.013519603424966201
부산진구,부전동,2623051000,부전제1동,2020,41,41,183,0.011781368698899118
부산진구,부전동,2623051000,부전제1동,2020,42,42,130,0.008369278310693362
부산진구,부전동,2623051000,부전제1동,2020,43,43,162,0.010429408356402497
부산진구,부전동,2623051000,부전제1동,2020,44,44,141,0.009077448013905878
부산진구,부전동,2623051000,부전제1동,2020,45,45,167,0.01075130367604455
부산진구,부전동,2623051000,부전제1동,2020,46,46,202,0.013004570913538916
부산진구,부전동,2623051000,부전제1동,2020,47,47,209,0.01345522436103779
부산진구,부전동,2623051000,부전제1동,2020,48,48,196,0.012618296529968454
부산진구,부전동,2623051000,부전제1동,2020,49,49,196,0.012618296529968454
부산진구,부전동,2623051000,부전제1동,2020,50,50,228,0.01467842657567759
부산진구,부전동,2623051000,부전제1동,2020,51,51,258,0.016609798493529903
부산진구,부전동,2623051000,부전제1동,2020,52,52,269,0.01731796819674242
부산진구,부전동,2623051000,부전제1동,2020,53,53,269,0.01731796819674242
부산진구,부전동,2623051000,부전제1동,2020,54,54,224,0.014420910319963948
부산진구,부전동,2623051000,부전제1동,2020,55,55,251,0.01615914504603103
부산진구,부전동,2623051000,부전제1동,2020,56,56,246,0.015837249726388978
부산진구,부전동,2623051000,부전제1동,2020,57,57,217,0.013970256872465074
부산진구,부전동,2623051000,부전제1동,2020,58,58,281,0.018090516963883346
부산진구,부전동,2623051000,부전제1동,2020,59,59,269,0.01731796819674242
부산진구,부전동,2623051000,부전제1동,2020,60,60,301,0.019378098242451555
부산진구,부전동,2623051000,부전제1동,2020,61,61,278,0.017897379772098113
부산진구,부전동,2623051000,부전제1동,2020,62,62,270,0.01738234726067083
부산진구,부전동,2623051000,부전제1동,2020,63,63,270,0.01738234726067083
부산진구,부전동,2623051000,부전제1동,2020,64,64,249,0.01603038691817421
부산진구,부전동,2623051000,부전제1동,2020,65,65,275,0.017704242580312883
부산진구,부전동,2623051000,부전제1동,2020,66,66,221,0.014227773128178717
부산진구,부전동,2623051000,부전제1동,2020,67,67,167,0.01075130367604455
부산진구,부전동,2623051000,부전제1동,2020,68,68,222,0.014292152192107126
부산진구,부전동,2623051000,부전제1동,2020,69,69,170,0.010944440867829782
부산진구,부전동,2623051000,부전제1동,2020,70,70,152,0.009785617717118392
부산진구,부전동,2623051000,부전제1동,2020,71,71,175,0.011266336187471835
부산진구,부전동,2623051000,부전제1동,2020,72,72,155,0.009978754908903625
부산진구,부전동,2623051000,부전제1동,2020,73,73,161,0.010365029292474088
부산진구,부전동,2623051000,부전제1동,2020,74,74,108,0.006952938904268332
부산진구,부전동,2623051000,부전제1동,2020,75,75,127,0.008176141118908131
부산진구,부전동,2623051000,부전제1동,2020,76,76,96,0.006180390137127406
부산진구,부전동,2623051000,부전제1동,2020,77,77,105,0.0067598017124831005
부산진구,부전동,2623051000,부전제1동,2020,78,78,121,0.007789866735337668
부산진구,부전동,2623051000,부전제1동,2020,79,79,104,0.00669542264855469
부산진구,부전동,2623051000,부전제1동,2020,80,80,99,0.006373527328912638
부산진구,부전동,2623051000,부전제1동,2020,81,81,82,0.00527908324212966
부산진구,부전동,2623051000,부전제1동,2020,82,82,73,0.004699671666773965
부산진구,부전동,2623051000,부전제1동,2020,83,83,72,0.004635292602845555
부산진구,부전동,2623051000,부전제1동,2020,84,84,50,0.003218953196420524
부산진구,부전동,2623051000,부전제1동,2020,85,85,32,0.0020601300457091356
부산진구,부전동,2623051000,부전제1동,2020,86,86,41,0.00263954162106483
부산진구,부전동,2623051000,부전제1동,2020,87,87,32,0.0020601300457091356
부산진구,부전동,2623051000,부전제1동,2020,88,88,30,0.0019313719178523144
부산진구,부전동,2623051000,부전제1동,2020,89,89,19,0.001223202214639799
부산진구,부전동,2623051000,부전제1동,2020,90,90,14,0.0009013068949977468
부산진구,부전동,2623051000,부전제1동,2020,91,91,15,0.0009656859589261572
부산진구,부전동,2623051000,부전제1동,2020,92,92,11,0.0007081697032125153
부산진구,부전동,2623051000,부전제1동,2020,93,93,7,0.0004506534474988734
부산진구,부전동,2623051000,부전제1동,2020,94,94,4,0.00025751625571364194
부산진구,부전동,2623051000,부전제1동,2020,95,95,4,0.00025751625571364194
부산진구,부전동,2623051000,부전제1동,2020,96,96,3,0.00019313719178523143
부산진구,부전동,2623051000,부전제1동,2020,97,97,1,6.437906392841049e-05
부산진구,부전동,2623051000,부전제1동,2020,98,98,5,0.0003218953196420524
부산진구,부전동,2623051000,부전제1동,2020,99,99,3,0.00019313719178523143
부산진구,부전동,2623051000,부전제1동,2020,100,100세 이상,16,0.0010300650228545678
부산진구,부전동,2623051000,부전제1동,2021,0,0,64,0.004024650987297196
부산진구,부전동,2623051000,부전제1동,2021,1,1,67,0.004213306502326751
부산진구,부전동,2623051000,부전제1동,2021,2,2,61,0.003835995472267639
부산진구,부전동,2623051000,부전제1동,2021,3,3,93,0.005848320965916237
부산진구,부전동,2623051000,부전제1동,2021,4,4,62,0.003898880643944158
부산진구,부전동,2623051000,부전제1동,2021,5,5,66,0.0041504213306502325
부산진구,부전동,2623051000,부전제1동,2021,6,6,51,0.0032071437555024527
부산진구,부전동,2623051000,부전제1동,2021,7,7,65,0.004087536158973714
부산진구,부전동,2623051000,부전제1동,2021,8,8,49,0.003081373412149415
부산진구,부전동,2623051000,부전제1동,2021,9,9,48,0.0030184882404728965
부산진구,부전동,2623051000,부전제1동,2021,10,10,51,0.0032071437555024527
부산진구,부전동,2623051000,부전제1동,2021,11,11,42,0.0026411772104137842
부산진구,부전동,2623051000,부전제1동,2021,12,12,48,0.0030184882404728965
부산진구,부전동,2623051000,부전제1동,2021,13,13,37,0.0023267513520311913
부산진구,부전동,2623051000,부전제1동,2021,14,14,44,0.002766947553766822
부산진구,부전동,2623051000,부전제1동,2021,15,15,56,0.003521569613885046
부산진구,부전동,2623051000,부전제1동,2021,16,16,51,0.0032071437555024527
부산진구,부전동,2623051000,부전제1동,2021,17,17,53,0.00333291409885549
부산진구,부전동,2623051000,부전제1동,2021,18,18,74,0.0046535027040623825
부산진구,부전동,2623051000,부전제1동,2021,19,19,90,0.005659665450886681
부산진구,부전동,2623051000,부전제1동,2021,20,20,142,0.008929694378065652
부산진구,부전동,2623051000,부전제1동,2021,21,21,205,0.01289146019368633
부산진구,부전동,2623051000,부전제1동,2021,22,22,262,0.016475914979247892
부산진구,부전동,2623051000,부전제1동,2021,23,23,317,0.01993459942145642
부산진구,부전동,2623051000,부전제1동,2021,24,24,398,0.025028298327254433
부산진구,부전동,2623051000,부전제1동,2021,25,25,434,0.027292164507609105
부산진구,부전동,2623051000,부전제1동,2021,26,26,454,0.02854986794113948
부산진구,부전동,2623051000,부전제1동,2021,27,27,477,0.02999622688969941
부산진구,부전동,2623051000,부전제1동,2021,28,28,436,0.027417934850962142
부산진구,부전동,2623051000,부전제1동,2021,29,29,447,0.02810967173940385
부산진구,부전동,2623051000,부전제1동,2021,30,30,388,0.024399446610489248
부산진구,부전동,2623051000,부전제1동,2021,31,31,324,0.02037479562319205
부산진구,부전동,2623051000,부전제1동,2021,32,32,298,0.018739781159602564
부산진구,부전동,2623051000,부전제1동,2021,33,33,224,0.014086278455540184
부산진구,부전동,2623051000,부전제1동,2021,34,34,268,0.016853226009307005
부산진구,부전동,2623051000,부전제1동,2021,35,35,227,0.01427493397056974
부산진구,부전동,2623051000,부전제1동,2021,36,36,226,0.01421204879889322
부산진구,부전동,2623051000,부전제1동,2021,37,37,223,0.014023393283863666
부산진구,부전동,2623051000,부전제1동,2021,38,38,208,0.013080115708715884
부산진구,부전동,2623051000,부전제1동,2021,39,39,205,0.01289146019368633
부산진구,부전동,2623051000,부전제1동,2021,40,40,206,0.012954345365362847
부산진구,부전동,2623051000,부전제1동,2021,41,41,208,0.013080115708715884
부산진구,부전동,2623051000,부전제1동,2021,42,42,172,0.010816249528361212
부산진구,부전동,2623051000,부전제1동,2021,43,43,137,0.00861526851968306
부산진구,부전동,2623051000,부전제1동,2021,44,44,166,0.010438938498302101
부산진구,부전동,2623051000,부전제1동,2021,45,45,141,0.008866809206389133
부산진구,부전동,2623051000,부전제1동,2021,46,46,162,0.010187397811596026
부산진구,부전동,2623051000,부전제1동,2021,47,47,199,0.012514149163627216
부산진구,부전동,2623051000,부전제1동,2021,48,48,190,0.011948182618538548
부산진구,부전동,2623051000,부전제1동,2021,49,49,196,0.01232549364859766
부산진구,부전동,2623051000,부전제1동,2021,50,50,212,0.01333165639542196
부산진구,부전동,2623051000,부전제1동,2021,51,51,237,0.014903785687334926
부산진구,부전동,2623051000,부전제1동,2021,52,52,268,0.016853226009307005
부산진구,부전동,2623051000,부전제1동,2021,53,53,258,0.01622437429254182
부산진구,부전동,2623051000,부전제1동,2021,54,54,262,0.016475914979247892
부산진구,부전동,2623051000,부전제1동,2021,55,55,219,0.01377185259715759
부산진구,부전동,2623051000,부전제1동,2021,56,56,240,0.015092441202364483
부산진구,부전동,2623051000,부전제1동,2021,57,57,241,0.015155326374041002
부산진구,부전동,2623051000,부전제1동,2021,58,58,218,0.013708967425481071
부산진구,부전동,2623051000,부전제1동,2021,59,59,277,0.017419192554395675
부산진구,부전동,2623051000,부전제1동,2021,60,60,267,0.016790340837630487
부산진구,부전동,2623051000,부전제1동,2021,61,61,295,0.01855112564457301
부산진구,부전동,2623051000,부전제1동,2021,62,62,280,0.01760784806942523
부산진구,부전동,2623051000,부전제1동,2021,63,63,263,0.01653880015092441
부산진구,부전동,2623051000,부전제1동,2021,64,64,266,0.016727455665953968
부산진구,부전동,2623051000,부전제1동,2021,65,65,243,0.01528109671739404
부산진구,부전동,2623051000,부전제1동,2021,66,66,267,0.016790340837630487
부산진구,부전동,2623051000,부전제1동,2021,67,67,204,0.01282857502200981
부산진구,부전동,2623051000,부전제1동,2021,68,68,162,0.010187397811596026
부산진구,부전동,2623051000,부전제1동,2021,69,69,188,0.01182241227518551
부산진구,부전동,2623051000,부전제1동,2021,70,70,164,0.010313168154949063
부산진구,부전동,2623051000,부전제1동,2021,71,71,151,0.00949566092315432
부산진구,부전동,2623051000,부전제1동,2021,72,72,165,0.010376053326625582
부산진구,부전동,2623051000,부전제1동,2021,73,73,146,0.009181235064771727
부산진구,부전동,2623051000,부전제1동,2021,74,74,154,0.009684316438183876
부산진구,부전동,2623051000,부전제1동,2021,75,75,100,0.006288517167651868
부산진구,부전동,2623051000,부전제1동,2021,76,76,116,0.007294679914476167
부산진구,부전동,2623051000,부전제1동,2021,77,77,90,0.005659665450886681
부산진구,부전동,2623051000,부전제1동,2021,78,78,96,0.006036976480945793
부산진구,부전동,2623051000,부전제1동,2021,79,79,109,0.006854483712740536
부산진구,부전동,2623051000,부전제1동,2021,80,80,103,0.006477172682681423
부산진구,부전동,2623051000,부전제1동,2021,81,81,95,0.005974091309269274
부산진구,부전동,2623051000,부전제1동,2021,82,82,73,0.004590617532385864
부산진구,부전동,2623051000,부전제1동,2021,83,83,66,0.0041504213306502325
부산진구,부전동,2623051000,부전제1동,2021,84,84,61,0.003835995472267639
부산진구,부전동,2623051000,부전제1동,2021,85,85,53,0.00333291409885549
부산진구,부전동,2623051000,부전제1동,2021,86,86,31,0.001949440321972079
부산진구,부전동,2623051000,부전제1동,2021,87,87,36,0.0022638661803546724
부산진구,부전동,2623051000,부전제1동,2021,88,88,31,0.001949440321972079
부산진구,부전동,2623051000,부전제1동,2021,89,89,26,0.0016350144635894855
부산진구,부전동,2623051000,부전제1동,2021,90,90,15,0.0009432775751477802
부산진구,부전동,2623051000,부전제1동,2021,91,91,13,0.0008175072317947428
부산진구,부전동,2623051000,부전제1동,2021,92,92,11,0.0006917368884417055
부산진구,부전동,2623051000,부전제1동,2021,93,93,8,0.0005030813734121495
부산진구,부전동,2623051000,부전제1동,2021,94,94,4,0.00025154068670607473
부산진구,부전동,2623051000,부전제1동,2021,95,95,1,6.288517167651868e-05
부산진구,부전동,2623051000,부전제1동,2021,96,96,1,6.288517167651868e-05
부산진구,부전동,2623051000,부전제1동,2021,97,97,1,6.288517167651868e-05
부산진구,부전동,2623051000,부전제1동,2021,98,98,1,6.288517167651868e-05
부산진구,부전동,2623051000,부전제1동,2021,99,99,2,0.00012577034335303736
부산진구,부전동,2623051000,부전제1동,2021,100,100세 이상,0,0.0
부산진구,부전동,2623051000,부전제1동,2022,0,0,60,0.00380517503805175
부산진구,부전동,2623051000,부전제1동,2022,1,1,57,0.0036149162861491627
부산진구,부전동,2623051000,부전제1동,2022,2,2,61,0.0038685946220192793
부산진구,부전동,2623051000,부전제1동,2022,3,3,57,0.0036149162861491627
부산진구,부전동,2623051000,부전제1동,2022,4,4,84,0.00532724505327245
부산진구,부전동,2623051000,부전제1동,2022,5,5,54,0.003424657534246575
부산진구,부전동,2623051000,부전제1동,2022,6,6,52,0.003297818366311517
부산진구,부전동,2623051000,부전제1동,2022,7,7,50,0.0031709791983764585
부산진구,부전동,2623051000,부전제1동,2022,8,8,62,0.0039320142059868085
부산진구,부전동,2623051000,부전제1동,2022,9,9,44,0.0027904616945712835
부산진구,부전동,2623051000,부전제1동,2022,10,10,40,0.0025367833587011668
부산진구,부전동,2623051000,부전제1동,2022,11,11,50,0.0031709791983764585
부산진구,부전동,2623051000,부전제1동,2022,12,12,42,0.002663622526636225
부산진구,부전동,2623051000,부전제1동,2022,13,13,46,0.002917300862506342
부산진구,부전동,2623051000,부전제1동,2022,14,14,32,0.0020294266869609334
부산진구,부전동,2623051000,부전제1동,2022,15,15,43,0.0027270421106037543
부산진구,부전동,2623051000,부전제1동,2022,16,16,59,0.003741755454084221
부산진구,부전동,2623051000,부전제1동,2022,17,17,54,0.003424657534246575
부산진구,부전동,2623051000,부전제1동,2022,18,18,58,0.003678335870116692
부산진구,부전동,2623051000,부전제1동,2022,19,19,111,0.007039573820395738
부산진구,부전동,2623051000,부전제1동,2022,20,20,136,0.008625063419583967
부산진구,부전동,2623051000,부전제1동,2022,21,21,199,0.012620497209538305
부산진구,부전동,2623051000,부전제1동,2022,22,22,276,0.01750380517503805
부산진구,부전동,2623051000,부전제1동,2022,23,23,349,0.02213343480466768
부산진구,부전동,2623051000,부전제1동,2022,24,24,376,0.023845763571790968
부산진구,부전동,2623051000,부전제1동,2022,25,25,458,0.02904616945712836
부산진구,부전동,2623051000,부전제1동,2022,26,26,460,0.029173008625063418
부산진구,부전동,2623051000,부전제1동,2022,27,27,474,0.030060882800608826
부산진구,부전동,2623051000,부전제1동,2022,28,28,469,0.02974378488077118
부산진구,부전동,2623051000,부전제1동,2022,29,29,408,0.0258751902587519
부산진구,부전동,2623051000,부전제1동,2022,30,30,388,0.024606798579401318
부산진구,부전동,2623051000,부전제1동,2022,31,31,363,0.02302130898021309
부산진구,부전동,2623051000,부전제1동,2022,32,32,309,0.019596651445966513
부산진구,부전동,2623051000,부전제1동,2022,33,33,258,0.016362252663622526
부산진구,부전동,2623051000,부전제1동,2022,34,34,218,0.013825469304921359
부산진구,부전동,2623051000,부전제1동,2022,35,35,239,0.015157280568239472
부산진구,부전동,2623051000,부전제1동,2022,36,36,208,0.013191273465246067
부산진구,부전동,2623051000,부전제1동,2022,37,37,217,0.01376204972095383
부산진구,부전동,2623051000,부전제1동,2022,38,38,206,0.013064434297311009
부산진구,부전동,2623051000,부전제1동,2022,39,39,198,0.012557077625570776
부산진구,부전동,2623051000,부전제1동,2022,40,40,195,0.012366818873668188
부산진구,부전동,2623051000,부전제1동,2022,41,41,187,0.011859462201927955
부산진구,부전동,2623051000,부전제1동,2022,42,42,193,0.01223997970573313
부산진구,부전동,2623051000,부전제1동,2022,43,43,170,0.010781329274479959
부산진구,부전동,2623051000,부전제1동,2022,44,44,137,0.008688483003551496
부산진구,부전동,2623051000,부전제1동,2022,45,45,163,0.010337392186707255
부산진구,부전동,2623051000,부전제1동,2022,46,46,137,0.008688483003551496
부산진구,부전동,2623051000,부전제1동,2022,47,47,164,0.010400811770674784
부산진구,부전동,2623051000,부전제1동,2022,48,48,200,0.012683916793505834
부산진구,부전동,2623051000,부전제1동,2022,49,49,193,0.01223997970573313
부산진구,부전동,2623051000,부전제1동,2022,50,50,197,0.012493658041603246
부산진구,부전동,2623051000,부전제1동,2022,51,51,207,0.013127853881278538
부산진구,부전동,2623051000,부전제1동,2022,52,52,235,0.014903602232369355
부산진구,부전동,2623051000,부전제1동,2022,53,53,266,0.01686960933536276
부산진구,부전동,2623051000,부전제1동,2022,54,54,246,0.015601217656012176
부산진구,부전동,2623051000,부전제1동,2022,55,55,257,0.016298833079654997
부산진구,부전동,2623051000,부전제1동,2022,56,56,209,0.013254693049213596
부산진구,부전동,2623051000,부전제1동,2022,57,57,235,0.014903602232369355
부산진구,부전동,2623051000,부전제1동,2022,58,58,228,0.01445966514459665
부산진구,부전동,2623051000,부전제1동,2022,59,59,206,0.013064434297311009
부산진구,부전동,2623051000,부전제1동,2022,60,60,284,0.018011161846778284
부산진구,부전동,2623051000,부전제1동,2022,61,61,265,0.01680618975139523
부산진구,부전동,2623051000,부전제1동,2022,62,62,287,0.01820142059868087
부산진구,부전동,2623051000,부전제1동,2022,63,63,275,0.01744038559107052
부산진구,부전동,2623051000,부전제1동,2022,64,64,261,0.016552511415525113
부산진구,부전동,2623051000,부전제1동,2022,65,65,258,0.016362252663622526
부산진구,부전동,2623051000,부전제1동,2022,66,66,224,0.014205986808726534
부산진구,부전동,2623051000,부전제1동,2022,67,67,258,0.016362252663622526
부산진구,부전동,2623051000,부전제1동,2022,68,68,197,0.012493658041603246
부산진구,부전동,2623051000,부전제1동,2022,69,69,154,0.009766615930999492
부산진구,부전동,2623051000,부전제1동,2022,70,70,180,0.01141552511415525
부산진구,부전동,2623051000,부전제1동,2022,71,71,155,0.009830035514967021
부산진구,부전동,2623051000,부전제1동,2022,72,72,144,0.0091324200913242
부산진구,부전동,2623051000,부전제1동,2022,73,73,150,0.009512937595129375
부산진구,부전동,2623051000,부전제1동,2022,74,74,130,0.008244545915778792
부산진구,부전동,2623051000,부전제1동,2022,75,75,139,0.008815322171486555
부산진구,부전동,2623051000,부전제1동,2022,76,76,103,0.0065322171486555045
부산진구,부전동,2623051000,부전제1동,2022,77,77,114,0.007229832572298325
부산진구,부전동,2623051000,부전제1동,2022,78,78,87,0.005517503805175038
부산진구,부전동,2623051000,부전제1동,2022,79,79,89,0.005644342973110096
부산진구,부전동,2623051000,부전제1동,2022,80,80,102,0.006468797564687975
부산진구,부전동,2623051000,부전제1동,2022,81,81,98,0.006215119228817859
부산진구,부전동,2623051000,부전제1동,2022,82,82,86,0.005454084221207509
부산진구,부전동,2623051000,부전제1동,2022,83,83,64,0.004058853373921867
부산진구,부전동,2623051000,부전제1동,2022,84,84,61,0.0038685946220192793
부산진구,부전동,2623051000,부전제1동,2022,85,85,60,0.00380517503805175
부산진구,부전동,2623051000,부전제1동,2022,86,86,41,0.002600202942668696
부산진구,부전동,2623051000,부전제1동,2022,87,87,27,0.0017123287671232876
부산진구,부전동,2623051000,부전제1동,2022,88,88,32,0.0020294266869609334
부산진구,부전동,2623051000,부전제1동,2022,89,89,27,0.0017123287671232876
부산진구,부전동,2623051000,부전제1동,2022,90,90,20,0.0012683916793505834
부산진구,부전동,2623051000,부전제1동,2022,91,91,16,0.0010147133434804667
부산진구,부전동,2623051000,부전제1동,2022,92,92,8,0.0005073566717402334
부산진구,부전동,2623051000,부전제1동,2022,93,93,11,0.0006976154236428209
부산진구,부전동,2623051000,부전제1동,2022,94,94,5,0.00031709791983764585
부산진구,부전동,2623051000,부전제1동,2022,95,95,3,0.0001902587519025875
부산진구,부전동,2623051000,부전제1동,2022,96,96,0,0.0
부산진구,부전동,2623051000,부전제1동,2022,97,97,0,0.0
부산진구,부전동,2623051000,부전제1동,2022,98,98,1,6.341958396752917e-05
부산진구,부전동,2623051000,부전제1동,2022,99,99,1,6.341958396752917e-05
부산진구,부전동,2623051000,부전제1동,2022,100,100세 이상,1,6.341958396752917e-05
부산진구,부전동,2623051000,부전제1동,2023,0,0,57,0.0036278004073319755
부산진구,부전동,2623051000,부전제1동,2023,1,1,54,0.0034368635437881873
부산진구,부전동,2623051000,부전제1동,2023,2,2,56,0.003564154786150713
부산진구,부전동,2623051000,부전제1동,2023,3,3,54,0.0034368635437881873
부산진구,부전동,2623051000,부전제1동,2023,4,4,48,0.003054989816700611
부산진구,부전동,2623051000,부전제1동,2023,5,5,73,0.004646130346232179
부산진구,부전동,2623051000,부전제1동,2023,6,6,44,0.00280040733197556
부산진구,부전동,2623051000,부전제1동,2023,7,7,52,0.003309572301425662
부산진구,부전동,2623051000,부전제1동,2023,8,8,47,0.002991344195519348
부산진구,부전동,2623051000,부전제1동,2023,9,9,59,0.0037550916496945012
부산진구,부전동,2623051000,부전제1동,2023,10,10,39,0.0024821792260692464
부산진구,부전동,2623051000,부전제1동,2023,11,11,30,0.0019093686354378818
부산진구,부전동,2623051000,부전제1동,2023,12,12,47,0.002991344195519348
부산진구,부전동,2623051000,부전제1동,2023,13,13,40,0.0025458248472505093
부산진구,부전동,2623051000,부전제1동,2023,14,14,45,0.0028640529531568227
부산진구,부전동,2623051000,부전제1동,2023,15,15,31,0.0019730142566191447
부산진구,부전동,2623051000,부전제1동,2023,16,16,46,0.0029276985743380856
부산진구,부전동,2623051000,부전제1동,2023,17,17,58,0.0036914460285132383
부산진구,부전동,2623051000,부전제1동,2023,18,18,53,0.003373217922606925
부산진구,부전동,2623051000,부전제1동,2023,19,19,93,0.005919042769857434
부산진구,부전동,2623051000,부전제1동,2023,20,20,148,0.009419551934826884
부산진구,부전동,2623051000,부전제1동,2023,21,21,190,0.012092668024439918
부산진구,부전동,2623051000,부전제1동,2023,22,22,256,0.016293279022403257
부산진구,부전동,2623051000,부전제1동,2023,23,23,362,0.02303971486761711
부산진구,부전동,2623051000,부전제1동,2023,24,24,421,0.026794806517311608
부산진구,부전동,2623051000,부전제1동,2023,25,25,457,0.029086048879837068
부산진구,부전동,2623051000,부전제1동,2023,26,26,495,0.03150458248472505
부산진구,부전동,2623051000,부전제1동,2023,27,27,494,0.03144093686354379
부산진구,부전동,2623051000,부전제1동,2023,28,28,466,0.02965885947046843
부산진구,부전동,2623051000,부전제1동,2023,29,29,460,0.029276985743380855
부산진구,부전동,2623051000,부전제1동,2023,30,30,368,0.023421588594704685
부산진구,부전동,2623051000,부전제1동,2023,31,31,363,0.02310336048879837
부산진구,부전동,2623051000,부전제1동,2023,32,32,344,0.02189409368635438
부산진구,부전동,2623051000,부전제1동,2023,33,33,285,0.018139002036659878
부산진구,부전동,2623051000,부전제1동,2023,34,34,260,0.01654786150712831
부산진구,부전동,2623051000,부전제1동,2023,35,35,212,0.0134928716904277
부산진구,부전동,2623051000,부전제1동,2023,36,36,233,0.014829429735234215
부산진구,부전동,2623051000,부전제1동,2023,37,37,197,0.012538187372708757
부산진구,부전동,2623051000,부전제1동,2023,38,38,205,0.01304735234215886
부산진구,부전동,2623051000,부전제1동,2023,39,39,196,0.012474541751527495
부산진구,부전동,2623051000,부전제1동,2023,40,40,189,0.012029022403258656
부산진구,부전동,2623051000,부전제1동,2023,41,41,196,0.012474541751527495
부산진구,부전동,2623051000,부전제1동,2023,42,42,173,0.011010692464358452
부산진구,부전동,2623051000,부전제1동,2023,43,43,177,0.011265274949083503
부산진구,부전동,2623051000,부전제1동,2023,44,44,163,0.010374236252545825
부산진구,부전동,2623051000,부전제1동,2023,45,45,133,0.008464867617107944
부산진구,부전동,2623051000,부전제1동,2023,46,46,173,0.011010692464358452
부산진구,부전동,2623051000,부전제1동,2023,47,47,131,0.008337576374745418
부산진구,부전동,2623051000,부전제1동,2023,48,48,158,0.010056008146639511
부산진구,부전동,2623051000,부전제1동,2023,49,49,192,0.012219959266802444
부산진구,부전동,2623051000,부전제1동,2023,50,50,195,0.012410896130346231
부산진구,부전동,2623051000,부전제1동,2023,51,51,203,0.012920061099796334
부산진구,부전동,2623051000,부전제1동,2023,52,52,201,0.012792769857433809
부산진구,부전동,2623051000,부전제1동,2023,53,53,226,0.014383910386965376
부산진구,부전동,2623051000,부전제1동,2023,54,54,255,0.016229633401221997
부산진구,부전동,2623051000,부전제1동,2023,55,55,239,0.015211303462321793
부산진구,부전동,2623051000,부전제1동,2023,56,56,253,0.01610234215885947
부산진구,부전동,2623051000,부전제1동,2023,57,57,209,0.01330193482688391
부산진구,부전동,2623051000,부전제1동,2023,58,58,229,0.014574847250509166
부산진구,부전동,2623051000,부전제1동,2023,59,59,209,0.01330193482688391
부산진구,부전동,2623051000,부전제1동,2023,60,60,200,0.012729124236252547
부산진구,부전동,2623051000,부전제1동,2023,61,61,270,0.017184317718940936
부산진구,부전동,2623051000,부전제1동,2023,62,62,251,0.015975050916496945
부산진구,부전동,2623051000,부전제1동,2023,63,63,279,0.017757128309572302
부산진구,부전동,2623051000,부전제1동,2023,64,64,261,0.016611507128309572
부산진구,부전동,2623051000,부전제1동,2023,65,65,243,0.015465885947046842
부산진구,부전동,2623051000,부전제1동,2023,66,66,251,0.015975050916496945
부산진구,부전동,2623051000,부전제1동,2023,67,67,217,0.013811099796334013
부산진구,부전동,2623051000,부전제1동,2023,68,68,239,0.015211303462321793
부산진구,부전동,2623051000,부전제1동,2023,69,69,195,0.012410896130346231
부산진구,부전동,2623051000,부전제1동,2023,70,70,145,0.009228615071283097
부산진구,부전동,2623051000,부전제1동,2023,71,71,172,0.01094704684317719
부산진구,부전동,2623051000,부전제1동,2023,72,72,141,0.008974032586558045
부산진구,부전동,2623051000,부전제1동,2023,73,73,143,0.00910132382892057
부산진구,부전동,2623051000,부전제1동,2023,74,74,144,0.009164969450101833
부산진구,부전동,2623051000,부전제1동,2023,75,75,123,0.007828411405295315
부산진구,부전동,2623051000,부전제1동,2023,76,76,136,0.008655804480651732
부산진구,부전동,2623051000,부전제1동,2023,77,77,99,0.0063009164969450105
부산진구,부전동,2623051000,부전제1동,2023,78,78,108,0.006873727087576375
부산진구,부전동,2623051000,부전제1동,2023,79,79,83,0.005282586558044806
부산진구,부전동,2623051000,부전제1동,2023,80,80,82,0.005218940936863543
부산진구,부전동,2623051000,부전제1동,2023,81,81,91,0.005791751527494908
부산진구,부전동,2623051000,부전제1동,2023,82,82,87,0.005537169042769858
부산진구,부전동,2623051000,부전제1동,2023,83,83,83,0.005282586558044806
부산진구,부전동,2623051000,부전제1동,2023,84,84,58,0.0036914460285132383
부산진구,부전동,2623051000,부전제1동,2023,85,85,55,0.00350050916496945
부산진구,부전동,2623051000,부전제1동,2023,86,86,54,0.0034368635437881873
부산진구,부전동,2623051000,부전제1동,2023,87,87,39,0.0024821792260692464
부산진구,부전동,2623051000,부전제1동,2023,88,88,24,0.0015274949083503055
부산진구,부전동,2623051000,부전제1동,2023,89,89,23,0.0014638492871690428
부산진구,부전동,2623051000,부전제1동,2023,90,90,22,0.00140020366598778
부산진구,부전동,2623051000,부전제1동,2023,91,91,17,0.0010819755600814664
부산진구,부전동,2623051000,부전제1동,2023,92,92,13,0.0008273930753564155
부산진구,부전동,2623051000,부전제1동,2023,93,93,7,0.00044551934826883913
부산진구,부전동,2623051000,부전제1동,2023,94,94,5,0.00031822810590631366
부산진구,부전동,2623051000,부전제1동,2023,95,95,4,0.0002545824847250509
부산진구,부전동,2623051000,부전제1동,2023,96,96,3,0.00019093686354378818
부산진구,부전동,2623051000,부전제1동,2023,97,97,0,0.0
부산진구,부전동,2623051000,부전제1동,2023,98,98,0,0.0
부산진구,부전동,2623051000,부전제1동,2023,99,99,1,6.364562118126272e-05
부산진구,부전동,2623051000,부전제1동,2023,100,100세 이상,2,0.00012729124236252545
부산진구,부전동,2623051000,부전제1동,2024,0,0,54,0.003793733314598848
부산진구,부전동,2623051000,부전제1동,2024,1,1,60,0.004215259238443164
부산진구,부전동,2623051000,부전제1동,2024,2,2,43,0.0030209357875509344
부산진구,부전동,2623051000,부전제1동,2024,3,3,52,0.003653224673317409
부산진구,부전동,2623051000,부전제1동,2024,4,4,44,0.0030911901081916537
부산진구,부전동,2623051000,부전제1동,2024,5,5,45,0.003161444428832373
부산진구,부전동,2623051000,부전제1동,2024,6,6,48,0.0033722073907545315
부산진구,부전동,2623051000,부전제1동,2024,7,7,34,0.00238864690178446
부산진구,부전동,2623051000,부전제1동,2024,8,8,42,0.002950681466910215
부산진구,부전동,2623051000,부전제1동,2024,9,9,42,0.002950681466910215
부산진구,부전동,2623051000,부전제1동,2024,10,10,51,0.0035829703526766895
부산진구,부전동,2623051000,부전제1동,2024,11,11,32,0.002248138260503021
부산진구,부전동,2623051000,부전제1동,2024,12,12,23,0.0016158493747365462
부산진구,부전동,2623051000,부전제1동,2024,13,13,42,0.002950681466910215
부산진구,부전동,2623051000,부전제1동,2024,14,14,33,0.00231839258114374
부산진구,부전동,2623051000,부전제1동,2024,15,15,33,0.00231839258114374
부산진구,부전동,2623051000,부전제1동,2024,16,16,21,0.0014753407334551075
부산진구,부전동,2623051000,부전제1동,2024,17,17,41,0.0028804271462694957
부산진구,부전동,2623051000,부전제1동,2024,18,18,54,0.003793733314598848
부산진구,부전동,2623051000,부전제1동,2024,19,19,91,0.0063931431783054654
부산진구,부전동,2623051000,부전제1동,2024,20,20,128,0.008992553042012083
부산진구,부전동,2623051000,부전제1동,2024,21,21,182,0.012786286356610931
부산진구,부전동,2623051000,부전제1동,2024,22,22,237,0.016650273991850498
부산진구,부전동,2623051000,부전제1동,2024,23,23,304,0.0213573134747787
부산진구,부전동,2623051000,부전제1동,2024,24,24,408,0.028663762821413516
부산진구,부전동,2623051000,부전제1동,2024,25,25,445,0.03126317268512013
부산진구,부전동,2623051000,부전제1동,2024,26,26,434,0.030490375158072222
부산진구,부전동,2623051000,부전제1동,2024,27,27,493,0.03463538007587467
부산진구,부전동,2623051000,부전제1동,2024,28,28,473,0.03323029366306028
부산진구,부전동,2623051000,부전제1동,2024,29,29,472,0.03316003934241956
부산진구,부전동,2623051000,부전제1동,2024,30,30,425,0.029858086272305746
부산진구,부전동,2623051000,부전제1동,2024,31,31,329,0.023113671490796683
부산진구,부전동,2623051000,부전제1동,2024,32,32,350,0.02458901222425179
부산진구,부전동,2623051000,부전제1동,2024,33,33,323,0.022692145566952367
부산진구,부전동,2623051000,부전제1동,2024,34,34,275,0.019319938176197836
부산진구,부전동,2623051000,부전제1동,2024,35,35,236,0.01658001967120978
부산진구,부전동,2623051000,부전제1동,2024,36,36,199,0.013980609807503161
부산진구,부전동,2623051000,부전제1동,2024,37,37,220,0.015455950540958269
부산진구,부전동,2623051000,부전제1동,2024,38,38,175,0.012294506112125896
부산진구,부전동,2623051000,부전제1동,2024,39,39,185,0.01299704931853309
부산진구,부전동,2623051000,부전제1동,2024,40,40,166,0.011662217226359422
부산진구,부전동,2623051000,부전제1동,2024,41,41,172,0.012083743150203738
부산진구,부전동,2623051000,부전제1동,2024,42,42,182,0.012786286356610931
부산진구,부전동,2623051000,부전제1동,2024,43,43,167,0.011732471547000141
부산진구,부전동,2623051000,부전제1동,2024,44,44,157,0.011029928340592946
부산진구,부전동,2623051000,부전제1동,2024,45,45,144,0.010116622172263594
부산진구,부전동,2623051000,부전제1동,2024,46,46,121,0.008500772797527048
부산진구,부전동,2623051000,부전제1동,2024,47,47,153,0.010748911058030068
부산진구,부전동,2623051000,부전제1동,2024,48,48,111,0.007798229591119854
부산진구,부전동,2623051000,부전제1동,2024,49,49,133,0.00934382464521568
부산진구,부전동,2623051000,부전제1동,2024,50,50,165,0.011591962905718702
부산진구,부전동,2623051000,부전제1동,2024,51,51,173,0.012153997470844457
부산진구,부전동,2623051000,부전제1동,2024,52,52,183,0.01285654067725165
부산진구,부전동,2623051000,부전제1동,2024,53,53,182,0.012786286356610931
부산진구,부전동,2623051000,부전제1동,2024,54,54,196,0.013769846845581003
부산진구,부전동,2623051000,부전제1동,2024,55,55,207,0.014542644372628916
부산진구,부전동,2623051000,부전제1동,2024,56,56,195,0.013699592524940284
부산진구,부전동,2623051000,부전제1동,2024,57,57,218,0.01531544189967683
부산진구,부전동,2623051000,부전제1동,2024,58,58,180,0.012645777715329492
부산진구,부전동,2623051000,부전제1동,2024,59,59,177,0.012435014753407334
부산진구,부전동,2623051000,부전제1동,2024,60,60,170,0.011943234508922299
부산진구,부전동,2623051000,부전제1동,2024,61,61,154,0.010819165378670788
부산진구,부전동,2623051000,부전제1동,2024,62,62,224,0.015736967823521148
부산진구,부전동,2623051000,부전제1동,2024,63,63,210,0.014753407334551076
부산진구,부전동,2623051000,부전제1동,2024,64,64,239,0.016790782633131936
부산진구,부전동,2623051000,부전제1동,2024,65,65,226,0.015877476464802587
부산진구,부전동,2623051000,부전제1동,2024,66,66,206,0.014472390051988197
부산진구,부전동,2623051000,부전제1동,2024,67,67,206,0.014472390051988197
부산진구,부전동,2623051000,부전제1동,2024,68,68,178,0.012505269074048054
부산진구,부전동,2623051000,부전제1동,2024,69,69,193,0.013559083883658845
부산진구,부전동,2623051000,부전제1동,2024,70,70,146,0.010257130813545033
부산진구,부전동,2623051000,부전제1동,2024,71,71,122,0.008571027118167767
부산진구,부전동,2623051000,부전제1동,2024,72,72,138,0.009695096248419278
부산진구,부전동,2623051000,부전제1동,2024,73,73,111,0.007798229591119854
부산진구,부전동,2623051000,부전제1동,2024,74,74,114,0.008008992553042013
부산진구,부전동,2623051000,부전제1동,2024,75,75,117,0.00821975551496417
부산진구,부전동,2623051000,부전제1동,2024,76,76,103,0.007236195025994098
부산진구,부전동,2623051000,부전제1동,2024,77,77,107,0.0075172123085569765
부산진구,부전동,2623051000,부전제1동,2024,78,78,80,0.005620345651257552
부산진구,부전동,2623051000,부전제1동,2024,79,79,82,0.0057608542925389914
부산진구,부전동,2623051000,부전제1동,2024,80,80,62,0.004355767879724603
부산진구,부전동,2623051000,부전제1동,2024,81,81,62,0.004355767879724603
부산진구,부전동,2623051000,부전제1동,2024,82,82,71,0.004988056765491078
부산진구,부전동,2623051000,부전제1동,2024,83,83,71,0.004988056765491078
부산진구,부전동,2623051000,부전제1동,2024,84,84,64,0.004496276521006042
부산진구,부전동,2623051000,부전제1동,2024,85,85,41,0.0028804271462694957
부산진구,부전동,2623051000,부전제1동,2024,86,86,37,0.002599409863706618
부산진구,부전동,2623051000,부전제1동,2024,87,87,40,0.002810172825628776
부산진구,부전동,2623051000,부전제1동,2024,88,88,30,0.002107629619221582
부산진구,부전동,2623051000,부전제1동,2024,89,89,15,0.001053814809610791
부산진구,부전동,2623051000,부전제1동,2024,90,90,11,0.0007727975270479134
부산진구,부전동,2623051000,부전제1동,2024,91,91,14,0.0009835604889700718
부산진구,부전동,2623051000,부전제1동,2024,92,92,10,0.000702543206407194
부산진구,부전동,2623051000,부전제1동,2024,93,93,8,0.0005620345651257552
부산진구,부전동,2623051000,부전제1동,2024,94,94,4,0.0002810172825628776
부산진구,부전동,2623051000,부전제1동,2024,95,95,3,0.00021076296192215822
부산진구,부전동,2623051000,부전제1동,2024,96,96,2,0.0001405086412814388
부산진구,부전동,2623051000,부전제1동,2024,97,97,2,0.0001405086412814388
부산진구,부전동,2623051000,부전제1동,2024,98,98,0,0.0
부산진구,부전동,2623051000,부전제1동,2024,99,99,0,0.0
부산진구,부전동,2623051000,부전제1동,2024,100,100세 이상,1,7.02543206407194e-05
부산진구,부전동,2623052000,부전제2동,2020,0,0,46,0.004639435199193142
부산진구,부전동,2623052000,부전제2동,2020,1,1,53,0.005345436207766011
부산진구,부전동,2623052000,부전제2동,2020,2,2,58,0.005849722642460918
부산진구,부전동,2623052000,부전제2동,2020,3,3,69,0.006959152798789713
부산진구,부전동,2623052000,부전제2동,2020,4,4,83,0.008371154815935452
부산진구,부전동,2623052000,부전제2동,2020,5,5,83,0.008371154815935452
부산진구,부전동,2623052000,부전제2동,2020,6,6,53,0.005345436207766011
부산진구,부전동,2623052000,부전제2동,2020,7,7,70,0.0070600100857286935
부산진구,부전동,2623052000,부전제2동,2020,8,8,53,0.005345436207766011
부산진구,부전동,2623052000,부전제2동,2020,9,9,52,0.00524457892082703
부산진구,부전동,2623052000,부전제2동,2020,10,10,45,0.0045385779122541605
부산진구,부전동,2623052000,부전제2동,2020,11,11,50,0.005042864346949067
부산진구,부전동,2623052000,부전제2동,2020,12,12,44,0.004437720625315179
부산진구,부전동,2623052000,부전제2동,2020,13,13,37,0.0037317196167423097
부산진구,부전동,2623052000,부전제2동,2020,14,14,36,0.003630862329803328
부산진구,부전동,2623052000,부전제2동,2020,15,15,29,0.002924861321230459
부산진구,부전동,2623052000,부전제2동,2020,16,16,47,0.004740292486132123
부산진구,부전동,2623052000,부전제2동,2020,17,17,45,0.0045385779122541605
부산진구,부전동,2623052000,부전제2동,2020,18,18,58,0.005849722642460918
부산진구,부전동,2623052000,부전제2동,2020,19,19,74,0.007463439233484619
부산진구,부전동,2623052000,부전제2동,2020,20,20,112,0.01129601613716591
부산진구,부전동,2623052000,부전제2동,2020,21,21,112,0.01129601613716591
부산진구,부전동,2623052000,부전제2동,2020,22,22,180,0.018154311649016642
부산진구,부전동,2623052000,부전제2동,2020,23,23,183,0.018456883509833585
부산진구,부전동,2623052000,부전제2동,2020,24,24,204,0.020574886535552193
부산진구,부전동,2623052000,부전제2동,2020,25,25,222,0.022390317700453858
부산진구,부전동,2623052000,부전제2동,2020,26,26,225,0.0226928895612708
부산진구,부전동,2623052000,부전제2동,2020,27,27,247,0.024911749873928392
부산진구,부전동,2623052000,부전제2동,2020,28,28,229,0.023096318709026727
부산진구,부전동,2623052000,부전제2동,2020,29,29,223,0.02249117498739284
부산진구,부전동,2623052000,부전제2동,2020,30,30,188,0.018961169944528494
부산진구,부전동,2623052000,부전제2동,2020,31,31,188,0.018961169944528494
부산진구,부전동,2623052000,부전제2동,2020,32,32,182,0.018356026222894603
부산진구,부전동,2623052000,부전제2동,2020,33,33,172,0.01734745335350479
부산진구,부전동,2623052000,부전제2동,2020,34,34,150,0.015128593040847202
부산진구,부전동,2623052000,부전제2동,2020,35,35,160,0.016137165910237016
부산진구,부전동,2623052000,부전제2동,2020,36,36,151,0.015229450327786182
부산진구,부전동,2623052000,부전제2동,2020,37,37,177,0.0178517397881997
부산진구,부전동,2623052000,부전제2동,2020,38,38,199,0.020070600100857285
부산진구,부전동,2623052000,부전제2동,2020,39,39,184,0.018557740796772568
부산진구,부전동,2623052000,부전제2동,2020,40,40,172,0.01734745335350479
부산진구,부전동,2623052000,부전제2동,2020,41,41,167,0.016843166918809886
부산진구,부전동,2623052000,부전제2동,2020,42,42,128,0.012909732728189611
부산진구,부전동,2623052000,부전제2동,2020,43,43,140,0.014120020171457387
부산진구,부전동,2623052000,부전제2동,2020,44,44,116,0.011699445284921835
부산진구,부전동,2623052000,부전제2동,2020,45,45,136,0.013716591023701463
부산진구,부전동,2623052000,부전제2동,2020,46,46,130,0.013111447302067574
부산진구,부전동,2623052000,부전제2동,2020,47,47,164,0.01654059505799294
부산진구,부전동,2623052000,부전제2동,2020,48,48,152,0.015330307614725164
부산진구,부전동,2623052000,부전제2동,2020,49,49,169,0.017044881492687847
부산진구,부전동,2623052000,부전제2동,2020,50,50,141,0.01422087745839637
부산진구,부전동,2623052000,부전제2동,2020,51,51,159,0.016036308623298034
부산진구,부전동,2623052000,부전제2동,2020,52,52,162,0.016338880484114977
부산진구,부전동,2623052000,부전제2동,2020,53,53,141,0.01422087745839637
부산진구,부전동,2623052000,부전제2동,2020,54,54,147,0.014826021180030256
부산진구,부전동,2623052000,부전제2동,2020,55,55,152,0.015330307614725164
부산진구,부전동,2623052000,부전제2동,2020,56,56,142,0.01432173474533535
부산진구,부전동,2623052000,부전제2동,2020,57,57,143,0.014422592032274332
부산진구,부전동,2623052000,부전제2동,2020,58,58,142,0.01432173474533535
부산진구,부전동,2623052000,부전제2동,2020,59,59,201,0.02027231467473525
부산진구,부전동,2623052000,부전제2동,2020,60,60,174,0.017549167927382755
부산진구,부전동,2623052000,부전제2동,2020,61,61,146,0.014725163893091276
부산진구,부전동,2623052000,부전제2동,2020,62,62,173,0.017448310640443773
부산진구,부전동,2623052000,부전제2동,2020,63,63,147,0.014826021180030256
부산진구,부전동,2623052000,부전제2동,2020,64,64,132,0.013313161875945537
부산진구,부전동,2623052000,부전제2동,2020,65,65,133,0.013414019162884518
부산진구,부전동,2623052000,부전제2동,2020,66,66,108,0.010892586989409985
부산진구,부전동,2623052000,부전제2동,2020,67,67,94,0.009480584972264247
부산진구,부전동,2623052000,부전제2동,2020,68,68,108,0.010892586989409985
부산진구,부전동,2623052000,부전제2동,2020,69,69,87,0.008774583963691377
부산진구,부전동,2623052000,부전제2동,2020,70,70,64,0.006454866364094806
부산진구,부전동,2623052000,부전제2동,2020,71,71,76,0.007665153807362582
부산진구,부전동,2623052000,부전제2동,2020,72,72,82,0.00827029752899647
부산진구,부전동,2623052000,부전제2동,2020,73,73,60,0.006051437216338881
부산진구,부전동,2623052000,부전제2동,2020,74,74,49,0.0049420070600100854
부산진구,부전동,2623052000,부전제2동,2020,75,75,50,0.005042864346949067
부산진구,부전동,2623052000,부전제2동,2020,76,76,33,0.0033282904689863843
부산진구,부전동,2623052000,부전제2동,2020,77,77,50,0.005042864346949067
부산진구,부전동,2623052000,부전제2동,2020,78,78,56,0.005648008068582955
부산진구,부전동,2623052000,부전제2동,2020,79,79,44,0.004437720625315179
부산진구,부전동,2623052000,부전제2동,2020,80,80,37,0.0037317196167423097
부산진구,부전동,2623052000,부전제2동,2020,81,81,28,0.0028240040342914774
부산진구,부전동,2623052000,부전제2동,2020,82,82,31,0.0031265758951084218
부산진구,부전동,2623052000,부전제2동,2020,83,83,37,0.0037317196167423097
부산진구,부전동,2623052000,부전제2동,2020,84,84,20,0.002017145738779627
부산진구,부전동,2623052000,부전제2동,2020,85,85,13,0.0013111447302067575
부산진구,부전동,2623052000,부전제2동,2020,86,86,22,0.0022188603126575895
부산진구,부전동,2623052000,부전제2동,2020,87,87,12,0.001210287443267776
부산진구,부전동,2623052000,부전제2동,2020,88,88,10,0.0010085728693898135
부산진구,부전동,2623052000,부전제2동,2020,89,89,9,0.000907715582450832
부산진구,부전동,2623052000,부전제2동,2020,90,90,7,0.0007060010085728693
부산진구,부전동,2623052000,부전제2동,2020,91,91,9,0.000907715582450832
부산진구,부전동,2623052000,부전제2동,2020,92,92,8,0.0008068582955118507
부산진구,부전동,2623052000,부전제2동,2020,93,93,5,0.0005042864346949068
부산진구,부전동,2623052000,부전제2동,2020,94,94,3,0.000302571860816944
부산진구,부전동,2623052000,부전제2동,2020,95,95,4,0.00040342914775592535
부산진구,부전동,2623052000,부전제2동,2020,96,96,2,0.00020171457387796267
부산진구,부전동,2623052000,부전제2동,2020,97,97,4,0.00040342914775592535
부산진구,부전동,2623052000,부전제2동,2020,98,98,3,0.000302571860816944
부산진구,부전동,2623052000,부전제2동,2020,99,99,1,0.00010085728693898134
부산진구,부전동,2623052000,부전제2동,2020,100,100세 이상,7,0.0007060010085728693
부산진구,부전동,2623052000,부전제2동,2021,0,0,62,0.006243705941591138
부산진구,부전동,2623052000,부전제2동,2021,1,1,50,0.005035246727089627
부산진구,부전동,2623052000,부전제2동,2021,2,2,58,0.005840886203423968
부산진구,부전동,2623052000,부전제2동,2021,3,3,58,0.005840886203423968
부산진구,부전동,2623052000,부전제2동,2021,4,4,65,0.006545820745216516
부산진구,부전동,2623052000,부전제2동,2021,5,5,89,0.008962739174219537
부산진구,부전동,2623052000,부전제2동,2021,6,6,81,0.008157099697885197
부산진구,부전동,2623052000,부전제2동,2021,7,7,49,0.004934541792547835
부산진구,부전동,2623052000,부전제2동,2021,8,8,67,0.006747230614300101
부산진구,부전동,2623052000,부전제2동,2021,9,9,53,0.0053373615307150055
부산진구,부전동,2623052000,부전제2동,2021,10,10,50,0.005035246727089627
부산진구,부전동,2623052000,부전제2동,2021,11,11,47,0.00473313192346425
부산진구,부전동,2623052000,부전제2동,2021,12,12,46,0.004632426988922457
부산진구,부전동,2623052000,부전제2동,2021,13,13,53,0.0053373615307150055
부산진구,부전동,2623052000,부전제2동,2021,14,14,36,0.0036253776435045317
부산진구,부전동,2623052000,부전제2동,2021,15,15,39,0.00392749244712991
부산진구,부전동,2623052000,부전제2동,2021,16,16,31,0.003121852970795569
부산진구,부전동,2623052000,부전제2동,2021,17,17,47,0.00473313192346425
부산진구,부전동,2623052000,부전제2동,2021,18,18,49,0.004934541792547835
부산진구,부전동,2623052000,부전제2동,2021,19,19,71,0.007150050352467271
부산진구,부전동,2623052000,부전제2동,2021,20,20,91,0.009164149043303121
부산진구,부전동,2623052000,부전제2동,2021,21,21,135,0.013595166163141994
부산진구,부전동,2623052000,부전제2동,2021,22,22,129,0.012990936555891239
부산진구,부전동,2623052000,부전제2동,2021,23,23,204,0.02054380664652568
부산진구,부전동,2623052000,부전제2동,2021,24,24,212,0.021349446122860022
부산진구,부전동,2623052000,부전제2동,2021,25,25,227,0.022860020140986908
부산진구,부전동,2623052000,부전제2동,2021,26,26,246,0.024773413897280966
부산진구,부전동,2623052000,부전제2동,2021,27,27,248,0.024974823766364552
부산진구,부전동,2623052000,부전제2동,2021,28,28,239,0.02406847935548842
부산진구,부전동,2623052000,부전제2동,2021,29,29,214,0.021550855991943604
부산진구,부전동,2623052000,부전제2동,2021,30,30,220,0.022155085599194362
부산진구,부전동,2623052000,부전제2동,2021,31,31,168,0.016918429003021148
부산진구,부전동,2623052000,부전제2동,2021,32,32,176,0.01772406847935549
부산진구,부전동,2623052000,부전제2동,2021,33,33,182,0.018328298086606243
부산진구,부전동,2623052000,부전제2동,2021,34,34,158,0.01591137965760322
부산진구,부전동,2623052000,부전제2동,2021,35,35,149,0.01500503524672709
부산진구,부전동,2623052000,부전제2동,2021,36,36,162,0.016314199395770394
부산진구,부전동,2623052000,부전제2동,2021,37,37,135,0.013595166163141994
부산진구,부전동,2623052000,부전제2동,2021,38,38,162,0.016314199395770394
부산진구,부전동,2623052000,부전제2동,2021,39,39,195,0.019637462235649546
부산진구,부전동,2623052000,부전제2동,2021,40,40,197,0.019838872104733132
부산진구,부전동,2623052000,부전제2동,2021,41,41,176,0.01772406847935549
부산진구,부전동,2623052000,부전제2동,2021,42,42,170,0.017119838872104734
부산진구,부전동,2623052000,부전제2동,2021,43,43,127,0.012789526686807653
부산진구,부전동,2623052000,부전제2동,2021,44,44,145,0.01460221550855992
부산진구,부전동,2623052000,부전제2동,2021,45,45,121,0.012185297079556899
부산진구,부전동,2623052000,부전제2동,2021,46,46,134,0.013494461228600202
부산진구,부전동,2623052000,부전제2동,2021,47,47,128,0.012890231621349446
부산진구,부전동,2623052000,부전제2동,2021,48,48,165,0.01661631419939577
부산진구,부전동,2623052000,부전제2동,2021,49,49,153,0.01540785498489426
부산진구,부전동,2623052000,부전제2동,2021,50,50,174,0.017522658610271902
부산진구,부전동,2623052000,부전제2동,2021,51,51,140,0.014098690835850957
부산진구,부전동,2623052000,부전제2동,2021,52,52,164,0.01651560926485398
부산진구,부전동,2623052000,부전제2동,2021,53,53,165,0.01661631419939577
부산진구,부전동,2623052000,부전제2동,2021,54,54,144,0.014501510574018127
부산진구,부전동,2623052000,부전제2동,2021,55,55,145,0.01460221550855992
부산진구,부전동,2623052000,부전제2동,2021,56,56,160,0.016112789526686808
부산진구,부전동,2623052000,부전제2동,2021,57,57,144,0.014501510574018127
부산진구,부전동,2623052000,부전제2동,2021,58,58,132,0.013293051359516616
부산진구,부전동,2623052000,부전제2동,2021,59,59,129,0.012990936555891239
부산진구,부전동,2623052000,부전제2동,2021,60,60,189,0.019033232628398792
부산진구,부전동,2623052000,부전제2동,2021,61,61,168,0.016918429003021148
부산진구,부전동,2623052000,부전제2동,2021,62,62,143,0.014400805639476334
부산진구,부전동,2623052000,부전제2동,2021,63,63,166,0.016717019133937562
부산진구,부전동,2623052000,부전제2동,2021,64,64,139,0.013997985901309164
부산진구,부전동,2623052000,부전제2동,2021,65,65,123,0.012386706948640483
부산진구,부전동,2623052000,부전제2동,2021,66,66,129,0.012990936555891239
부산진구,부전동,2623052000,부전제2동,2021,67,67,102,0.01027190332326284
부산진구,부전동,2623052000,부전제2동,2021,68,68,90,0.00906344410876133
부산진구,부전동,2623052000,부전제2동,2021,69,69,101,0.010171198388721048
부산진구,부전동,2623052000,부전제2동,2021,70,70,78,0.00785498489425982
부산진구,부전동,2623052000,부전제2동,2021,71,71,58,0.005840886203423968
부산진구,부전동,2623052000,부전제2동,2021,72,72,65,0.006545820745216516
부산진구,부전동,2623052000,부전제2동,2021,73,73,76,0.007653575025176234
부산진구,부전동,2623052000,부전제2동,2021,74,74,57,0.005740181268882176
부산진구,부전동,2623052000,부전제2동,2021,75,75,46,0.004632426988922457
부산진구,부전동,2623052000,부전제2동,2021,76,76,46,0.004632426988922457
부산진구,부전동,2623052000,부전제2동,2021,77,77,34,0.0034239677744209466
부산진구,부전동,2623052000,부전제2동,2021,78,78,46,0.004632426988922457
부산진구,부전동,2623052000,부전제2동,2021,79,79,54,0.005438066465256798
부산진구,부전동,2623052000,부전제2동,2021,80,80,37,0.0037260825780463243
부산진구,부전동,2623052000,부전제2동,2021,81,81,33,0.003323262839879154
부산진구,부전동,2623052000,부전제2동,2021,82,82,25,0.0025176233635448137
부산진구,부전동,2623052000,부전제2동,2021,83,83,21,0.0021148036253776435
부산진구,부전동,2623052000,부전제2동,2021,84,84,35,0.003524672708962739
부산진구,부전동,2623052000,부전제2동,2021,85,85,15,0.0015105740181268882
부산진구,부전동,2623052000,부전제2동,2021,86,86,10,0.0010070493454179255
부산진구,부전동,2623052000,부전제2동,2021,87,87,17,0.0017119838872104733
부산진구,부전동,2623052000,부전제2동,2021,88,88,9,0.0009063444108761329
부산진구,부전동,2623052000,부전제2동,2021,89,89,7,0.0007049345417925478
부산진구,부전동,2623052000,부전제2동,2021,90,90,9,0.0009063444108761329
부산진구,부전동,2623052000,부전제2동,2021,91,91,7,0.0007049345417925478
부산진구,부전동,2623052000,부전제2동,2021,92,92,8,0.0008056394763343404
부산진구,부전동,2623052000,부전제2동,2021,93,93,4,0.0004028197381671702
부산진구,부전동,2623052000,부전제2동,2021,94,94,4,0.0004028197381671702
부산진구,부전동,2623052000,부전제2동,2021,95,95,4,0.0004028197381671702
부산진구,부전동,2623052000,부전제2동,2021,96,96,2,0.0002014098690835851
부산진구,부전동,2623052000,부전제2동,2021,97,97,2,0.0002014098690835851
부산진구,부전동,2623052000,부전제2동,2021,98,98,2,0.0002014098690835851
부산진구,부전동,2623052000,부전제2동,2021,99,99,2,0.0002014098690835851
부산진구,부전동,2623052000,부전제2동,2021,100,100세 이상,1,0.00010070493454179255
부산진구,부전동,2623052000,부전제2동,2022,0,0,49,0.004579867277315637
부산진구,부전동,2623052000,부전제2동,2022,1,1,57,0.0053276007103467615
부산진구,부전동,2623052000,부전제2동,2022,2,2,48,0.004486400598186746
부산진구,부전동,2623052000,부전제2동,2022,3,3,46,0.004299467239928965
부산진구,부전동,2623052000,부전제2동,2022,4,4,52,0.004860267314702308
부산진구,부전동,2623052000,부전제2동,2022,5,5,64,0.005981867464248995
부산진구,부전동,2623052000,부전제2동,2022,6,6,79,0.007383867651182353
부산진구,부전동,2623052000,부전제2동,2022,7,7,69,0.006449200859893448
부산진구,부전동,2623052000,부전제2동,2022,8,8,53,0.004953733993831199
부산진구,부전동,2623052000,부전제2동,2022,9,9,68,0.006355734180764557
부산진구,부전동,2623052000,부전제2동,2022,10,10,51,0.004766800635573418
부산진구,부전동,2623052000,부전제2동,2022,11,11,48,0.004486400598186746
부산진구,부전동,2623052000,부전제2동,2022,12,12,44,0.004112533881671184
부산진구,부전동,2623052000,부전제2동,2022,13,13,40,0.003738667165155622
부산진구,부전동,2623052000,부전제2동,2022,14,14,53,0.004953733993831199
부산진구,부전동,2623052000,부전제2동,2022,15,15,37,0.0034582671277689505
부산진구,부전동,2623052000,부전제2동,2022,16,16,34,0.0031778670903822785
부산진구,부전동,2623052000,부전제2동,2022,17,17,42,0.003925600523413403
부산진구,부전동,2623052000,부전제2동,2022,18,18,50,0.004673333956444528
부산진구,부전동,2623052000,부전제2동,2022,19,19,70,0.006542667539022338
부산진구,부전동,2623052000,부전제2동,2022,20,20,108,0.010094401345920179
부산진구,부전동,2623052000,부전제2동,2022,21,21,157,0.014674268623235816
부산진구,부전동,2623052000,부전제2동,2022,22,22,228,0.021310402841387046
부산진구,부전동,2623052000,부전제2동,2022,23,23,236,0.02205813627441817
부산진구,부전동,2623052000,부전제2동,2022,24,24,284,0.026544536872604916
부산진구,부전동,2623052000,부전제2동,2022,25,25,344,0.03215253762033835
부산진구,부전동,2623052000,부전제2동,2022,26,26,324,0.03028320403776054
부산진구,부전동,2623052000,부전제2동,2022,27,27,326,0.03047013739601832
부산진구,부전동,2623052000,부전제2동,2022,28,28,307,0.0286942704925694
부산진구,부전동,2623052000,부전제2동,2022,29,29,291,0.02719880362650715
부산진구,부전동,2623052000,부전제2동,2022,30,30,249,0.023273203103093748
부산진구,부전동,2623052000,부전제2동,2022,31,31,261,0.024394803252640433
부산진구,부전동,2623052000,부전제2동,2022,32,32,203,0.01897373586316478
부산진구,부전동,2623052000,부전제2동,2022,33,33,185,0.017291335638844753
부산진구,부전동,2623052000,부전제2동,2022,34,34,180,0.016824002243200298
부산진구,부전동,2623052000,부전제2동,2022,35,35,170,0.015889335451911395
부산진구,부전동,2623052000,부전제2동,2022,36,36,151,0.014113468548462474
부산진구,부전동,2623052000,부전제2동,2022,37,37,166,0.015515468735395832
부산진구,부전동,2623052000,부전제2동,2022,38,38,140,0.013085335078044677
부산진구,부전동,2623052000,부전제2동,2022,39,39,172,0.016076268810169176
부산진구,부전동,2623052000,부전제2동,2022,40,40,184,0.01719786895971586
부산진구,부전동,2623052000,부전제2동,2022,41,41,187,0.017478268997102534
부산진구,부전동,2623052000,부전제2동,2022,42,42,165,0.015422002056266941
부산진구,부전동,2623052000,부전제2동,2022,43,43,165,0.015422002056266941
부산진구,부전동,2623052000,부전제2동,2022,44,44,125,0.011683334891111318
부산진구,부전동,2623052000,부전제2동,2022,45,45,144,0.01345920179456024
부산진구,부전동,2623052000,부전제2동,2022,46,46,121,0.011309468174595756
부산진구,부전동,2623052000,부전제2동,2022,47,47,126,0.01177680157024021
부산진구,부전동,2623052000,부전제2동,2022,48,48,136,0.012711468361529114
부산진구,부전동,2623052000,부전제2동,2022,49,49,172,0.016076268810169176
부산진구,부전동,2623052000,부전제2동,2022,50,50,148,0.013833068511075802
부산진구,부전동,2623052000,부전제2동,2022,51,51,159,0.014861201981493597
부산진구,부전동,2623052000,부전제2동,2022,52,52,141,0.013178801757173567
부산진구,부전동,2623052000,부전제2동,2022,53,53,165,0.015422002056266941
부산진구,부전동,2623052000,부전제2동,2022,54,54,166,0.015515468735395832
부산진구,부전동,2623052000,부전제2동,2022,55,55,137,0.012804935040658005
부산진구,부전동,2623052000,부전제2동,2022,56,56,144,0.01345920179456024
부산진구,부전동,2623052000,부전제2동,2022,57,57,150,0.014020001869333583
부산진구,부전동,2623052000,부전제2동,2022,58,58,133,0.012431068324142444
부산진구,부전동,2623052000,부전제2동,2022,59,59,133,0.012431068324142444
부산진구,부전동,2623052000,부전제2동,2022,60,60,127,0.0118702682493691
부산진구,부전동,2623052000,부전제2동,2022,61,61,178,0.016637068884942516
부산진구,부전동,2623052000,부전제2동,2022,62,62,158,0.014767735302364707
부산진구,부전동,2623052000,부전제2동,2022,63,63,140,0.013085335078044677
부산진구,부전동,2623052000,부전제2동,2022,64,64,154,0.014393868585849144
부산진구,부전동,2623052000,부전제2동,2022,65,65,130,0.012150668286755772
부산진구,부전동,2623052000,부전제2동,2022,66,66,120,0.011216001495466865
부산진구,부전동,2623052000,부전제2동,2022,67,67,122,0.011402934853724647
부산진구,부전동,2623052000,부전제2동,2022,68,68,95,0.008879334517244602
부산진구,부전동,2623052000,부전제2동,2022,69,69,88,0.008225067763342368
부산진구,부전동,2623052000,부전제2동,2022,70,70,95,0.008879334517244602
부산진구,부전동,2623052000,부전제2동,2022,71,71,74,0.006916534255537901
부산진구,부전동,2623052000,부전제2동,2022,72,72,56,0.005234134031217871
부산진구,부전동,2623052000,부전제2동,2022,73,73,67,0.006262267501635667
부산진구,부전동,2623052000,부전제2동,2022,74,74,76,0.007103467613795681
부산진구,부전동,2623052000,부전제2동,2022,75,75,52,0.004860267314702308
부산진구,부전동,2623052000,부전제2동,2022,76,76,43,0.004019067202542294
부산진구,부전동,2623052000,부전제2동,2022,77,77,40,0.003738667165155622
부산진구,부전동,2623052000,부전제2동,2022,78,78,32,0.0029909337321244976
부산진구,부전동,2623052000,부전제2동,2022,79,79,46,0.004299467239928965
부산진구,부전동,2623052000,부전제2동,2022,80,80,51,0.004766800635573418
부산진구,부전동,2623052000,부전제2동,2022,81,81,29,0.002710533694737826
부산진구,부전동,2623052000,부전제2동,2022,82,82,30,0.0028040003738667163
부산진구,부전동,2623052000,부전제2동,2022,83,83,26,0.002430133657351154
부산진구,부전동,2623052000,부전제2동,2022,84,84,20,0.001869333582577811
부산진구,부전동,2623052000,부전제2동,2022,85,85,31,0.002897467052995607
부산진구,부전동,2623052000,부전제2동,2022,86,86,14,0.0013085335078044677
부산진구,부전동,2623052000,부전제2동,2022,87,87,8,0.0007477334330311244
부산진구,부전동,2623052000,부전제2동,2022,88,88,13,0.001215066828675577
부산진구,부전동,2623052000,부전제2동,2022,89,89,5,0.00046733339564445275
부산진구,부전동,2623052000,부전제2동,2022,90,90,6,0.0005608000747733433
부산진구,부전동,2623052000,부전제2동,2022,91,91,7,0.0006542667539022339
부산진구,부전동,2623052000,부전제2동,2022,92,92,4,0.0003738667165155622
부산진구,부전동,2623052000,부전제2동,2022,93,93,8,0.0007477334330311244
부산진구,부전동,2623052000,부전제2동,2022,94,94,5,0.00046733339564445275
부산진구,부전동,2623052000,부전제2동,2022,95,95,5,0.00046733339564445275
부산진구,부전동,2623052000,부전제2동,2022,96,96,3,0.00028040003738667165
부산진구,부전동,2623052000,부전제2동,2022,97,97,1,9.346667912889055e-05
부산진구,부전동,2623052000,부전제2동,2022,98,98,0,0.0
부산진구,부전동,2623052000,부전제2동,2022,99,99,1,9.346667912889055e-05
부산진구,부전동,2623052000,부전제2동,2022,100,100세 이상,2,0.0001869333582577811
부산진구,부전동,2623052000,부전제2동,2023,0,0,67,0.00563688372875652
부산진구,부전동,2623052000,부전제2동,2023,1,1,75,0.0063099444724886425
부산진구,부전동,2623052000,부전제2동,2023,2,2,64,0.005384485949856975
부산진구,부전동,2623052000,부전제2동,2023,3,3,69,0.005805148914689551
부산진구,부전동,2623052000,부전제2동,2023,4,4,55,0.004627292613158337
부산진구,부전동,2623052000,부전제2동,2023,5,5,74,0.0062258118795221265
부산진구,부전동,2623052000,부전제2동,2023,6,6,81,0.006814740030287734
부산진구,부전동,2623052000,부전제2동,2023,7,7,80,0.006730607437321218
부산진구,부전동,2623052000,부전제2동,2023,8,8,72,0.006057546693589096
부산진구,부전동,2623052000,부전제2동,2023,9,9,55,0.004627292613158337
부산진구,부전동,2623052000,부전제2동,2023,10,10,70,0.005889281507656066
부산진구,부전동,2623052000,부전제2동,2023,11,11,54,0.004543160020191822
부산진구,부전동,2623052000,부전제2동,2023,12,12,49,0.004122497055359246
부산진구,부전동,2623052000,부전제2동,2023,13,13,44,0.00370183409052667
부산진구,부전동,2623052000,부전제2동,2023,14,14,46,0.0038700992764597003
부산진구,부전동,2623052000,부전제2동,2023,15,15,51,0.004290762241292277
부산진구,부전동,2623052000,부전제2동,2023,16,16,43,0.0036177014975601546
부산진구,부전동,2623052000,부전제2동,2023,17,17,38,0.0031970385327275788
부산진구,부전동,2623052000,부전제2동,2023,18,18,46,0.0038700992764597003
부산진구,부전동,2623052000,부전제2동,2023,19,19,91,0.0076560659599528855
부산진구,부전동,2623052000,부전제2동,2023,20,20,117,0.009843513377082282
부산진구,부전동,2623052000,부전제2동,2023,21,21,151,0.0127040215379438
부산진구,부전동,2623052000,부전제2동,2023,22,22,208,0.01749957933703517
부산진구,부전동,2623052000,부전제2동,2023,23,23,315,0.026501766784452298
부산진구,부전동,2623052000,부전제2동,2023,24,24,273,0.022968197879858657
부산진구,부전동,2623052000,부전제2동,2023,25,25,340,0.028605081608615177
부산진구,부전동,2623052000,부전제2동,2023,26,26,368,0.030960794211677602
부산진구,부전동,2623052000,부전제2동,2023,27,27,360,0.03028773346794548
부산진구,부전동,2623052000,부전제2동,2023,28,28,352,0.02961467272421336
부산진구,부전동,2623052000,부전제2동,2023,29,29,345,0.029025744573447754
부산진구,부전동,2623052000,부전제2동,2023,30,30,316,0.02658589937741881
부산진구,부전동,2623052000,부전제2동,2023,31,31,308,0.02591283863368669
부산진구,부전동,2623052000,부전제2동,2023,32,32,281,0.023641258623590778
부산진구,부전동,2623052000,부전제2동,2023,33,33,236,0.019855291940097594
부산진구,부전동,2623052000,부전제2동,2023,34,34,218,0.01834090526670032
부산진구,부전동,2623052000,부전제2동,2023,35,35,204,0.017163048965169108
부산진구,부전동,2623052000,부전제2동,2023,36,36,204,0.017163048965169108
부산진구,부전동,2623052000,부전제2동,2023,37,37,190,0.015985192663637893
부산진구,부전동,2623052000,부전제2동,2023,38,38,194,0.016321723035503954
부산진구,부전동,2623052000,부전제2동,2023,39,39,153,0.01287228672387683
부산진구,부전동,2623052000,부전제2동,2023,40,40,184,0.015480397105838801
부산진구,부전동,2623052000,부전제2동,2023,41,41,203,0.01707891637220259
부산진구,부전동,2623052000,부전제2동,2023,42,42,194,0.016321723035503954
부산진구,부전동,2623052000,부전제2동,2023,43,43,164,0.013797745246508498
부산진구,부전동,2623052000,부전제2동,2023,44,44,175,0.014723203769140165
부산진구,부전동,2623052000,부전제2동,2023,45,45,134,0.01127376745751304
부산진구,부전동,2623052000,부전제2동,2023,46,46,156,0.013124684502776375
부산진구,부전동,2623052000,부전제2동,2023,47,47,136,0.01144203264344607
부산진구,부전동,2623052000,부전제2동,2023,48,48,137,0.011526165236412587
부산진구,부전동,2623052000,부전제2동,2023,49,49,148,0.012451623759044253
부산진구,부전동,2623052000,부전제2동,2023,50,50,175,0.014723203769140165
부산진구,부전동,2623052000,부전제2동,2023,51,51,169,0.014218408211341073
부산진구,부전동,2623052000,부전제2동,2023,52,52,170,0.014302540804307588
부산진구,부전동,2623052000,부전제2동,2023,53,53,157,0.01320881709574289
부산진구,부전동,2623052000,부전제2동,2023,54,54,171,0.014386673397274103
부산진구,부전동,2623052000,부전제2동,2023,55,55,174,0.01463907117617365
부산진구,부전동,2623052000,부전제2동,2023,56,56,149,0.01253575635201077
부산진구,부전동,2623052000,부전제2동,2023,57,57,135,0.011357900050479555
부산진구,부전동,2623052000,부전제2동,2023,58,58,151,0.0127040215379438
부산진구,부전동,2623052000,부전제2동,2023,59,59,149,0.01253575635201077
부산진구,부전동,2623052000,부전제2동,2023,60,60,145,0.012199225980144708
부산진구,부전동,2623052000,부전제2동,2023,61,61,131,0.011021369678613495
부산진구,부전동,2623052000,부전제2동,2023,62,62,177,0.014891468955073196
부산진구,부전동,2623052000,부전제2동,2023,63,63,163,0.013713612653541983
부산진구,부전동,2623052000,부전제2동,2023,64,64,146,0.012283358573111223
부산진구,부전동,2623052000,부전제2동,2023,65,65,148,0.012451623759044253
부산진구,부전동,2623052000,부전제2동,2023,66,66,134,0.01127376745751304
부산진구,부전동,2623052000,부전제2동,2023,67,67,118,0.009927645970048797
부산진구,부전동,2623052000,부전제2동,2023,68,68,129,0.010853104492680465
부산진구,부전동,2623052000,부전제2동,2023,69,69,90,0.00757193336698637
부산진구,부전동,2623052000,부전제2동,2023,70,70,87,0.007319535588086825
부산진구,부전동,2623052000,부전제2동,2023,71,71,98,0.008244994110718492
부산진구,부전동,2623052000,부전제2동,2023,72,72,74,0.0062258118795221265
부산진구,부전동,2623052000,부전제2동,2023,73,73,57,0.004795557799091368
부산진구,부전동,2623052000,부전제2동,2023,74,74,70,0.005889281507656066
부산진구,부전동,2623052000,부전제2동,2023,75,75,74,0.0062258118795221265
부산진구,부전동,2623052000,부전제2동,2023,76,76,47,0.003954231869426216
부산진구,부전동,2623052000,부전제2동,2023,77,77,41,0.0034494363116271244
부산진구,부전동,2623052000,부전제2동,2023,78,78,39,0.003281171125694094
부산진구,부전동,2623052000,부전제2동,2023,79,79,33,0.0027763755678950025
부산진구,부전동,2623052000,부전제2동,2023,80,80,45,0.003785966683493185
부산진구,부전동,2623052000,부전제2동,2023,81,81,45,0.003785966683493185
부산진구,부전동,2623052000,부전제2동,2023,82,82,32,0.0026922429749284874
부산진구,부전동,2623052000,부전제2동,2023,83,83,31,0.002608110381961972
부산진구,부전동,2623052000,부전제2동,2023,84,84,30,0.002523977788995457
부산진구,부전동,2623052000,부전제2동,2023,85,85,18,0.001514386673397274
부산진구,부전동,2623052000,부전제2동,2023,86,86,30,0.002523977788995457
부산진구,부전동,2623052000,부전제2동,2023,87,87,11,0.0009254585226316675
부산진구,부전동,2623052000,부전제2동,2023,88,88,8,0.0006730607437321219
부산진구,부전동,2623052000,부전제2동,2023,89,89,10,0.0008413259296651522
부산진구,부전동,2623052000,부전제2동,2023,90,90,5,0.0004206629648325761
부산진구,부전동,2623052000,부전제2동,2023,91,91,5,0.0004206629648325761
부산진구,부전동,2623052000,부전제2동,2023,92,92,6,0.0005047955577990914
부산진구,부전동,2623052000,부전제2동,2023,93,93,3,0.0002523977788995457
부산진구,부전동,2623052000,부전제2동,2023,94,94,6,0.0005047955577990914
부산진구,부전동,2623052000,부전제2동,2023,95,95,4,0.0003365303718660609
부산진구,부전동,2623052000,부전제2동,2023,96,96,3,0.0002523977788995457
부산진구,부전동,2623052000,부전제2동,2023,97,97,3,0.0002523977788995457
부산진구,부전동,2623052000,부전제2동,2023,98,98,0,0.0
부산진구,부전동,2623052000,부전제2동,2023,99,99,0,0.0
부산진구,부전동,2623052000,부전제2동,2023,100,100세 이상,2,0.00016826518593303046
부산진구,부전동,2623052000,부전제2동,2024,0,0,50,0.004097688903458449
부산진구,부전동,2623052000,부전제2동,2024,1,1,66,0.005408949352565153
부산진구,부전동,2623052000,부전제2동,2024,2,2,72,0.005900672020980167
부산진구,부전동,2623052000,부전제2동,2024,3,3,71,0.005818718242910998
부산진구,부전동,2623052000,부전제2동,2024,4,4,70,0.005736764464841829
부산진구,부전동,2623052000,부전제2동,2024,5,5,56,0.004589411571873463
부산진구,부전동,2623052000,부전제2동,2024,6,6,68,0.005572856908703491
부산진구,부전동,2623052000,부전제2동,2024,7,7,77,0.0063104409113260125
부산진구,부전동,2623052000,부전제2동,2024,8,8,80,0.006556302245533519
부산진구,부전동,2623052000,부전제2동,2024,9,9,71,0.005818718242910998
부산진구,부전동,2623052000,부전제2동,2024,10,10,61,0.004999180462219309
부산진구,부전동,2623052000,부전제2동,2024,11,11,67,0.005490903130634322
부산진구,부전동,2623052000,부전제2동,2024,12,12,56,0.004589411571873463
부산진구,부전동,2623052000,부전제2동,2024,13,13,47,0.0038518275692509423
부산진구,부전동,2623052000,부전제2동,2024,14,14,49,0.004015735125389281
부산진구,부전동,2623052000,부전제2동,2024,15,15,48,0.003933781347320112
부산진구,부전동,2623052000,부전제2동,2024,16,16,48,0.003933781347320112
부산진구,부전동,2623052000,부전제2동,2024,17,17,44,0.0036059662350434356
부산진구,부전동,2623052000,부전제2동,2024,18,18,36,0.0029503360104900836
부산진구,부전동,2623052000,부전제2동,2024,19,19,62,0.005081134240288478
부산진구,부전동,2623052000,부전제2동,2024,20,20,112,0.009178823143746927
부산진구,부전동,2623052000,부전제2동,2024,21,21,140,0.011473528929683658
부산진구,부전동,2623052000,부전제2동,2024,22,22,184,0.015079495164727093
부산진구,부전동,2623052000,부전제2동,2024,23,23,262,0.021471889854122274
부산진구,부전동,2623052000,부전제2동,2024,24,24,323,0.026471070316341584
부산진구,부전동,2623052000,부전제2동,2024,25,25,352,0.028847729880347485
부산진구,부전동,2623052000,부전제2동,2024,26,26,393,0.032207834781183414
부산진구,부전동,2623052000,부전제2동,2024,27,27,378,0.030978528110145877
부산진구,부전동,2623052000,부전제2동,2024,28,28,369,0.030240944107523357
부산진구,부전동,2623052000,부전제2동,2024,29,29,344,0.028192099655794133
부산진구,부전동,2623052000,부전제2동,2024,30,30,355,0.02909359121455499
부산진구,부전동,2623052000,부전제2동,2024,31,31,314,0.02573348631371906
부산진구,부전동,2623052000,부전제2동,2024,32,32,308,0.02524176364530405
부산진구,부전동,2623052000,부전제2동,2024,33,33,300,0.024586133420750698
부산진구,부전동,2623052000,부전제2동,2024,34,34,243,0.019914768070808064
부산진구,부전동,2623052000,부전제2동,2024,35,35,205,0.016800524504179643
부산진구,부전동,2623052000,부전제2동,2024,36,36,214,0.017538108506802163
부산진구,부전동,2623052000,부전제2동,2024,37,37,228,0.01868546139977053
부산진구,부전동,2623052000,부전제2동,2024,38,38,192,0.015735125389280447
부산진구,부전동,2623052000,부전제2동,2024,39,39,198,0.016226848057695458
부산진구,부전동,2623052000,부전제2동,2024,40,40,172,0.014096049827897066
부산진구,부전동,2623052000,부전제2동,2024,41,41,172,0.014096049827897066
부산진구,부전동,2623052000,부전제2동,2024,42,42,200,0.016390755613833796
부산진구,부전동,2623052000,부전제2동,2024,43,43,197,0.01614489427962629
부산진구,부전동,2623052000,부전제2동,2024,44,44,173,0.014178003605966235
부산진구,부전동,2623052000,부전제2동,2024,45,45,184,0.015079495164727093
부산진구,부전동,2623052000,부전제2동,2024,46,46,134,0.010981806261268644
부산진구,부전동,2623052000,부전제2동,2024,47,47,155,0.012702835600721192
부산진구,부전동,2623052000,부전제2동,2024,48,48,133,0.010899852483199475
부산진구,부전동,2623052000,부전제2동,2024,49,49,132,0.010817898705130306
부산진구,부전동,2623052000,부전제2동,2024,50,50,147,0.012047205376167842
부산진구,부전동,2623052000,부전제2동,2024,51,51,172,0.014096049827897066
부산진구,부전동,2623052000,부전제2동,2024,52,52,156,0.012784789378790361
부산진구,부전동,2623052000,부전제2동,2024,53,53,169,0.013850188493689559
부산진구,부전동,2623052000,부전제2동,2024,54,54,165,0.013522373381412883
부산진구,부전동,2623052000,부전제2동,2024,55,55,174,0.014259957384035404
부산진구,부전동,2623052000,부전제2동,2024,56,56,173,0.014178003605966235
부산진구,부전동,2623052000,부전제2동,2024,57,57,150,0.012293066710375349
부산진구,부전동,2623052000,부전제2동,2024,58,58,132,0.010817898705130306
부산진구,부전동,2623052000,부전제2동,2024,59,59,153,0.012538928044582856
부산진구,부전동,2623052000,부전제2동,2024,60,60,150,0.012293066710375349
부산진구,부전동,2623052000,부전제2동,2024,61,61,144,0.011801344041960335
부산진구,부전동,2623052000,부전제2동,2024,62,62,128,0.01049008359285363
부산진구,부전동,2623052000,부전제2동,2024,63,63,170,0.013932142271758728
부산진구,부전동,2623052000,부전제2동,2024,64,64,155,0.012702835600721192
부산진구,부전동,2623052000,부전제2동,2024,65,65,134,0.010981806261268644
부산진구,부전동,2623052000,부전제2동,2024,66,66,148,0.01212915915423701
부산진구,부전동,2623052000,부전제2동,2024,67,67,132,0.010817898705130306
부산진구,부전동,2623052000,부전제2동,2024,68,68,124,0.010162268480576955
부산진구,부전동,2623052000,부전제2동,2024,69,69,129,0.010572037370922799
부산진구,부전동,2623052000,부전제2동,2024,70,70,90,0.007375840026225209
부산진구,부전동,2623052000,부전제2동,2024,71,71,83,0.006802163579741026
부산진구,부전동,2623052000,부전제2동,2024,72,72,88,0.007211932470086871
부산진구,부전동,2623052000,부전제2동,2024,73,73,68,0.005572856908703491
부산진구,부전동,2623052000,부전제2동,2024,74,74,56,0.004589411571873463
부산진구,부전동,2623052000,부전제2동,2024,75,75,66,0.005408949352565153
부산진구,부전동,2623052000,부전제2동,2024,76,76,72,0.005900672020980167
부산진구,부전동,2623052000,부전제2동,2024,77,77,44,0.0036059662350434356
부산진구,부전동,2623052000,부전제2동,2024,78,78,38,0.0031142435666284217
부산진구,부전동,2623052000,부전제2동,2024,79,79,33,0.0027044746762825765
부산진구,부전동,2623052000,부전제2동,2024,80,80,34,0.0027864284543517455
부산진구,부전동,2623052000,부전제2동,2024,81,81,39,0.0031961973446975904
부산진구,부전동,2623052000,부전제2동,2024,82,82,41,0.0033601049008359285
부산진구,부전동,2623052000,부전제2동,2024,83,83,27,0.0022127520078675626
부산진구,부전동,2623052000,부전제2동,2024,84,84,28,0.0022947057859367317
부산진구,부전동,2623052000,부전제2동,2024,85,85,27,0.0022127520078675626
부산진구,부전동,2623052000,부전제2동,2024,86,86,15,0.0012293066710375349
부산진구,부전동,2623052000,부전제2동,2024,87,87,26,0.0021307982297983936
부산진구,부전동,2623052000,부전제2동,2024,88,88,11,0.0009014915587608589
부산진구,부전동,2623052000,부전제2동,2024,89,89,8,0.0006556302245533519
부산진구,부전동,2623052000,부전제2동,2024,90,90,11,0.0009014915587608589
부산진구,부전동,2623052000,부전제2동,2024,91,91,3,0.000245861334207507
부산진구,부전동,2623052000,부전제2동,2024,92,92,3,0.000245861334207507
부산진구,부전동,2623052000,부전제2동,2024,93,93,5,0.0004097688903458449
부산진구,부전동,2623052000,부전제2동,2024,94,94,3,0.000245861334207507
부산진구,부전동,2623052000,부전제2동,2024,95,95,4,0.00032781511227667593
부산진구,부전동,2623052000,부전제2동,2024,96,96,3,0.000245861334207507
부산진구,부전동,2623052000,부전제2동,2024,97,97,2,0.00016390755613833797
부산진구,부전동,2623052000,부전제2동,2024,98,98,2,0.00016390755613833797
부산진구,부전동,2623052000,부전제2동,2024,99,99,0,0.0
부산진구,부전동,2623052000,부전제2동,2024,100,100세 이상,2,0.00016390755613833797
수영구,광안동,2650076000,광안제1동,2020,0,0,82,0.0031459812008440436
수영구,광안동,2650076000,광안제1동,2020,1,1,93,0.003568003069249952
수영구,광안동,2650076000,광안제1동,2020,2,2,111,0.00425858430845962
수영구,광안동,2650076000,광안제1동,2020,3,3,127,0.004872434298868214
수영구,광안동,2650076000,광안제1동,2020,4,4,133,0.0051026280452714365
수영구,광안동,2650076000,광안제1동,2020,5,5,152,0.005831574908881642
수영구,광안동,2650076000,광안제1동,2020,6,6,139,0.00533282179167466
수영구,광안동,2650076000,광안제1동,2020,7,7,138,0.005294456167274122
수영구,광안동,2650076000,광안제1동,2020,8,8,163,0.0062535967772875505
수영구,광안동,2650076000,광안제1동,2020,9,9,137,0.005256090542873585
수영구,광안동,2650076000,광안제1동,2020,10,10,138,0.005294456167274122
수영구,광안동,2650076000,광안제1동,2020,11,11,148,0.005678112411279494
수영구,광안동,2650076000,광안제1동,2020,12,12,140,0.005371187416075196
수영구,광안동,2650076000,광안제1동,2020,13,13,161,0.006176865528486476
수영구,광안동,2650076000,광안제1동,2020,14,14,155,0.005946671782083254
수영구,광안동,2650076000,광안제1동,2020,15,15,157,0.006023403030884327
수영구,광안동,2650076000,광안제1동,2020,16,16,166,0.006368693650489162
수영구,광안동,2650076000,광안제1동,2020,17,17,165,0.006330328026088625
수영구,광안동,2650076000,광안제1동,2020,18,18,189,0.007251103011701516
수영구,광안동,2650076000,광안제1동,2020,19,19,216,0.008286974870516018
수영구,광안동,2650076000,광안제1동,2020,20,20,289,0.011087665451755227
수영구,광안동,2650076000,광안제1동,2020,21,21,295,0.01131785919815845
수영구,광안동,2650076000,광안제1동,2020,22,22,352,0.013504699788989065
수영구,광안동,2650076000,광안제1동,2020,23,23,430,0.016497218492230962
수영구,광안동,2650076000,광안제1동,2020,24,24,500,0.01918281220026856
수영구,광안동,2650076000,광안제1동,2020,25,25,581,0.022290427776712064
수영구,광안동,2650076000,광안제1동,2020,26,26,655,0.025129483982351812
수영구,광안동,2650076000,광안제1동,2020,27,27,658,0.025244580855553426
수영구,광안동,2650076000,광안제1동,2020,28,28,691,0.02651064646077115
수영구,광안동,2650076000,광안제1동,2020,29,29,643,0.024669096489545368
수영구,광안동,2650076000,광안제1동,2020,30,30,508,0.019489737195472857
수영구,광안동,2650076000,광안제1동,2020,31,31,467,0.017916746595050836
수영구,광안동,2650076000,광안제1동,2020,32,32,441,0.01691924036063687
수영구,광안동,2650076000,광안제1동,2020,33,33,397,0.015231152887013237
수영구,광안동,2650076000,광안제1동,2020,34,34,372,0.014272012276999807
수영구,광안동,2650076000,광안제1동,2020,35,35,334,0.012814118549779398
수영구,광안동,2650076000,광안제1동,2020,36,36,363,0.013926721657394975
수영구,광안동,2650076000,광안제1동,2020,37,37,380,0.014578937272204105
수영구,광안동,2650076000,광안제1동,2020,38,38,392,0.015039324765010551
수영구,광안동,2650076000,광안제1동,2020,39,39,419,0.016075196623825054
수영구,광안동,2650076000,광안제1동,2020,40,40,394,0.015116056013811625
수영구,광안동,2650076000,광안제1동,2020,41,41,381,0.014617302896604642
수영구,광안동,2650076000,광안제1동,2020,42,42,346,0.013274506042585843
수영구,광안동,2650076000,광안제1동,2020,43,43,360,0.013811624784193363
수영구,광안동,2650076000,광안제1동,2020,44,44,302,0.01158641856896221
수영구,광안동,2650076000,광안제1동,2020,45,45,349,0.013389602915787455
수영구,광안동,2650076000,광안제1동,2020,46,46,356,0.013658162286591214
수영구,광안동,2650076000,광안제1동,2020,47,47,366,0.014041818530596585
수영구,광안동,2650076000,광안제1동,2020,48,48,398,0.015269518511413773
수영구,광안동,2650076000,광안제1동,2020,49,49,402,0.015422981009015922
수영구,광안동,2650076000,광안제1동,2020,50,50,403,0.015461346633416459
수영구,광안동,2650076000,광안제1동,2020,51,51,374,0.014348743525800883
수영구,광안동,2650076000,광안제1동,2020,52,52,346,0.013274506042585843
수영구,광안동,2650076000,광안제1동,2020,53,53,362,0.013888356032994436
수영구,광안동,2650076000,광안제1동,2020,54,54,296,0.011356224822558988
수영구,광안동,2650076000,광안제1동,2020,55,55,352,0.013504699788989065
수영구,광안동,2650076000,광안제1동,2020,56,56,323,0.012392096681373489
수영구,광안동,2650076000,광안제1동,2020,57,57,329,0.012622290427776713
수영구,광안동,2650076000,광안제1동,2020,58,58,383,0.014694034145405717
수영구,광안동,2650076000,광안제1동,2020,59,59,429,0.016458852867830425
수영구,광안동,2650076000,광안제1동,2020,60,60,406,0.015576443506618071
수영구,광안동,2650076000,광안제1동,2020,61,61,407,0.015614809131018608
수영구,광안동,2650076000,광안제1동,2020,62,62,408,0.015653174755419143
수영구,광안동,2650076000,광안제1동,2020,63,63,380,0.014578937272204105
수영구,광안동,2650076000,광안제1동,2020,64,64,364,0.013965087281795512
수영구,광안동,2650076000,광안제1동,2020,65,65,415,0.015921734126222904
수영구,광안동,2650076000,광안제1동,2020,66,66,363,0.013926721657394975
수영구,광안동,2650076000,광안제1동,2020,67,67,273,0.010473815461346634
수영구,광안동,2650076000,광안제1동,2020,68,68,337,0.012929215422981009
수영구,광안동,2650076000,광안제1동,2020,69,69,262,0.010051793592940726
수영구,광안동,2650076000,광안제1동,2020,70,70,248,0.009514674851333206
수영구,광안동,2650076000,광안제1동,2020,71,71,263,0.010090159217341263
수영구,광안동,2650076000,광안제1동,2020,72,72,289,0.011087665451755227
수영구,광안동,2650076000,광안제1동,2020,73,73,273,0.010473815461346634
수영구,광안동,2650076000,광안제1동,2020,74,74,218,0.008363706119317091
수영구,광안동,2650076000,광안제1동,2020,75,75,181,0.006944178016497218
수영구,광안동,2650076000,광안제1동,2020,76,76,167,0.006407059274889699
수영구,광안동,2650076000,광안제1동,2020,77,77,188,0.007212737387300978
수영구,광안동,2650076000,광안제1동,2020,78,78,198,0.007596393631306349
수영구,광안동,2650076000,광안제1동,2020,79,79,160,0.006138499904085939
수영구,광안동,2650076000,광안제1동,2020,80,80,151,0.005793209284481105
수영구,광안동,2650076000,광안제1동,2020,81,81,141,0.005409553040475734
수영구,광안동,2650076000,광안제1동,2020,82,82,107,0.004105121810857472
수영구,광안동,2650076000,광안제1동,2020,83,83,107,0.004105121810857472
수영구,광안동,2650076000,광안제1동,2020,84,84,81,0.0031076155764435064
수영구,광안동,2650076000,광안제1동,2020,85,85,62,0.0023786687128333015
수영구,광안동,2650076000,광안제1동,2020,86,86,55,0.0021101093420295416
수영구,광안동,2650076000,광안제1동,2020,87,87,41,0.0015729906004220218
수영구,광안동,2650076000,광안제1동,2020,88,88,36,0.0013811624784193363
수영구,광안동,2650076000,광안제1동,2020,89,89,45,0.0017264530980241703
수영구,광안동,2650076000,광안제1동,2020,90,90,21,0.0008056781124112795
수영구,광안동,2650076000,광안제1동,2020,91,91,21,0.0008056781124112795
수영구,광안동,2650076000,광안제1동,2020,92,92,21,0.0008056781124112795
수영구,광안동,2650076000,광안제1동,2020,93,93,14,0.0005371187416075197
수영구,광안동,2650076000,광안제1동,2020,94,94,8,0.00030692499520429693
수영구,광안동,2650076000,광안제1동,2020,95,95,5,0.0001918281220026856
수영구,광안동,2650076000,광안제1동,2020,96,96,5,0.0001918281220026856
수영구,광안동,2650076000,광안제1동,2020,97,97,2,7.673124880107423e-05
수영구,광안동,2650076000,광안제1동,2020,98,98,4,0.00015346249760214847
수영구,광안동,2650076000,광안제1동,2020,99,99,3,0.00011509687320161136
수영구,광안동,2650076000,광안제1동,2020,100,100세 이상,7,0.00026855937080375985
수영구,광안동,2650076000,광안제1동,2021,0,0,81,0.003131524008350731
수영구,광안동,2650076000,광안제1동,2021,1,1,78,0.003015541637671074
수영구,광안동,2650076000,광안제1동,2021,2,2,85,0.0032861671692569396
수영구,광안동,2650076000,광안제1동,2021,3,3,106,0.0040980437640145365
수영구,광안동,2650076000,광안제1동,2021,4,4,115,0.004445990876053506
수영구,광안동,2650076000,광안제1동,2021,5,5,111,0.004291347715147297
수영구,광안동,2650076000,광안제1동,2021,6,6,138,0.005335189051264208
수영구,광안동,2650076000,광안제1동,2021,7,7,133,0.005141885100131447
수영구,광안동,2650076000,광안제1동,2021,8,8,130,0.00502590272945179
수영구,광안동,2650076000,광안제1동,2021,9,9,149,0.005760457743756282
수영구,광안동,2650076000,광안제1동,2021,10,10,133,0.005141885100131447
수영구,광안동,2650076000,광안제1동,2021,11,11,122,0.004716616407639372
수영구,광안동,2650076000,광안제1동,2021,12,12,147,0.0056831361633031775
수영구,광안동,2650076000,광안제1동,2021,13,13,135,0.005219206680584551
수영구,광안동,2650076000,광안제1동,2021,14,14,157,0.0060697440655687
수영구,광안동,2650076000,광안제1동,2021,15,15,152,0.005876440114435939
수영구,광안동,2650076000,광안제1동,2021,16,16,154,0.005953761694889043
수영구,광안동,2650076000,광안제1동,2021,17,17,158,0.006108404855795253
수영구,광안동,2650076000,광안제1동,2021,18,18,165,0.0063790303873811184
수영구,광안동,2650076000,광안제1동,2021,19,19,186,0.0071909069821387145
수영구,광안동,2650076000,광안제1동,2021,20,20,227,0.008775999381427356
수영구,광안동,2650076000,광안제1동,2021,21,21,313,0.012100827340910848
수영구,광안동,2650076000,광안제1동,2021,22,22,358,0.0138405629011057
수영구,광안동,2650076000,광안제1동,2021,23,23,421,0.01627619268537849
수영구,광안동,2650076000,광안제1동,2021,24,24,486,0.018789144050104383
수영구,광안동,2650076000,광안제1동,2021,25,25,601,0.02323513492615789
수영구,광안동,2650076000,광안제1동,2021,26,26,670,0.025902729451789994
수영구,광안동,2650076000,광안제1동,2021,27,27,686,0.02652130209541483
수영구,광안동,2650076000,광안제1동,2021,28,28,667,0.02578674708111034
수영구,광안동,2650076000,광안제1동,2021,29,29,702,0.027139874739039668
수영구,광안동,2650076000,광안제1동,2021,30,30,614,0.02373772519910307
수영구,광안동,2650076000,광안제1동,2021,31,31,516,0.01994896775690095
수영구,광안동,2650076000,광안제1동,2021,32,32,440,0.01701074769968298
수영구,광안동,2650076000,광안제1동,2021,33,33,441,0.017049408489909535
수영구,광안동,2650076000,광안제1동,2021,34,34,373,0.014420474754503983
수영구,광안동,2650076000,광안제1동,2021,35,35,362,0.013995206062011907
수영구,광안동,2650076000,광안제1동,2021,36,36,315,0.012178148921363952
수영구,광안동,2650076000,광안제1동,2021,37,37,352,0.013608598159746386
수영구,광안동,2650076000,광안제1동,2021,38,38,364,0.014072527642465011
수영구,광안동,2650076000,광안제1동,2021,39,39,349,0.013492615789066728
수영구,광안동,2650076000,광안제1동,2021,40,40,393,0.015193690559035026
수영구,광안동,2650076000,광안제1동,2021,41,41,350,0.01353127657929328
수영구,광안동,2650076000,광안제1동,2021,42,42,369,0.014265831593597773
수영구,광안동,2650076000,광안제1동,2021,43,43,323,0.012487435243176371
수영구,광안동,2650076000,광안제1동,2021,44,44,351,0.013569937369519834
수영구,광안동,2650076000,광안제1동,2021,45,45,297,0.011482254697286013
수영구,광안동,2650076000,광안제1동,2021,46,46,328,0.012680739194309131
수영구,광안동,2650076000,광안제1동,2021,47,47,348,0.013453954998840176
수영구,광안동,2650076000,광안제1동,2021,48,48,356,0.013763241320652594
수영구,광안동,2650076000,광안제1동,2021,49,49,390,0.01507770818835537
수영구,광안동,2650076000,광안제1동,2021,50,50,380,0.014691100286089848
수영구,광안동,2650076000,광안제1동,2021,51,51,406,0.015696280831980207
수영구,광안동,2650076000,광안제1동,2021,52,52,377,0.01457511791541019
수영구,광안동,2650076000,광안제1동,2021,53,53,349,0.013492615789066728
수영구,광안동,2650076000,광안제1동,2021,54,54,367,0.014188510013144669
수영구,광안동,2650076000,광안제1동,2021,55,55,283,0.010941003634114281
수영구,광안동,2650076000,광안제1동,2021,56,56,339,0.013106007886801206
수영구,광안동,2650076000,광안제1동,2021,57,57,321,0.012410113662723266
수영구,광안동,2650076000,광안제1동,2021,58,58,324,0.012526096033402923
수영구,광안동,2650076000,광안제1동,2021,59,59,370,0.014304492383824325
수영구,광안동,2650076000,광안제1동,2021,60,60,415,0.016044227944019177
수영구,광안동,2650076000,광안제1동,2021,61,61,404,0.015618959251527101
수영구,광안동,2650076000,광안제1동,2021,62,62,394,0.01523235134926158
수영구,광안동,2650076000,광안제1동,2021,63,63,408,0.01577360241243331
수영구,광안동,2650076000,광안제1동,2021,64,64,368,0.014227170803371221
수영구,광안동,2650076000,광안제1동,2021,65,65,350,0.01353127657929328
수영구,광안동,2650076000,광안제1동,2021,66,66,411,0.015889584783112965
수영구,광안동,2650076000,광안제1동,2021,67,67,345,0.01333797262816052
수영구,광안동,2650076000,광안제1동,2021,68,68,280,0.010825021263434625
수영구,광안동,2650076000,광안제1동,2021,69,69,330,0.012758060774762237
수영구,광안동,2650076000,광안제1동,2021,70,70,269,0.01039975257094255
수영구,광안동,2650076000,광안제1동,2021,71,71,247,0.009549215185958401
수영구,광안동,2650076000,광안제1동,2021,72,72,264,0.010206448619809788
수영구,광안동,2650076000,광안제1동,2021,73,73,277,0.010709038892754968
수영구,광안동,2650076000,광안제1동,2021,74,74,256,0.00989716229799737
수영구,광안동,2650076000,광안제1동,2021,75,75,217,0.008389391479161835
수영구,광안동,2650076000,광안제1동,2021,76,76,173,0.006688316709193536
수영구,광안동,2650076000,광안제1동,2021,77,77,166,0.00641769117760767
수영구,광안동,2650076000,광안제1동,2021,78,78,175,0.00676563828964664
수영구,광안동,2650076000,광안제1동,2021,79,79,191,0.007384210933271476
수영구,광안동,2650076000,광안제1동,2021,80,80,147,0.0056831361633031775
수영구,광안동,2650076000,광안제1동,2021,81,81,144,0.0055671537926235215
수영구,광안동,2650076000,광안제1동,2021,82,82,138,0.005335189051264208
수영구,광안동,2650076000,광안제1동,2021,83,83,101,0.0039047398128817753
수영구,광안동,2650076000,광안제1동,2021,84,84,98,0.0037887574422021185
수영구,광안동,2650076000,광안제1동,2021,85,85,75,0.002899559266991417
수영구,광안동,2650076000,광안제1동,2021,86,86,57,0.002203665042913477
수영구,광안동,2650076000,광안제1동,2021,87,87,50,0.0019330395113276114
수영구,광안동,2650076000,광안제1동,2021,88,88,36,0.0013917884481558804
수영구,광안동,2650076000,광안제1동,2021,89,89,34,0.0013144668677027758
수영구,광안동,2650076000,광안제1동,2021,90,90,37,0.0014304492383824326
수영구,광안동,2650076000,광안제1동,2021,91,91,21,0.0008118765947575968
수영구,광안동,2650076000,광안제1동,2021,92,92,19,0.0007345550143044924
수영구,광안동,2650076000,광안제1동,2021,93,93,15,0.0005799118533982835
수영구,광안동,2650076000,광안제1동,2021,94,94,18,0.0006958942240779402
수영구,광안동,2650076000,광안제1동,2021,95,95,5,0.00019330395113276115
수영구,광안동,2650076000,광안제1동,2021,96,96,4,0.00015464316090620892
수영구,광안동,2650076000,광안제1동,2021,97,97,4,0.00015464316090620892
수영구,광안동,2650076000,광안제1동,2021,98,98,2,7.732158045310446e-05
수영구,광안동,2650076000,광안제1동,2021,99,99,2,7.732158045310446e-05
수영구,광안동,2650076000,광안제1동,2021,100,100세 이상,6,0.00023196474135931338
수영구,광안동,2650076000,광안제1동,2022,0,0,75,0.002915565230912766
수영구,광안동,2650076000,광안제1동,2022,1,1,70,0.002721194215518582
수영구,광안동,2650076000,광안제1동,2022,2,2,77,0.00299331363707044
수영구,광안동,2650076000,광안제1동,2022,3,3,75,0.002915565230912766
수영구,광안동,2650076000,광안제1동,2022,4,4,103,0.004004042917120199
수영구,광안동,2650076000,광안제1동,2022,5,5,109,0.00423728813559322
수영구,광안동,2650076000,광안제1동,2022,6,6,104,0.004042917120199036
수영구,광안동,2650076000,광안제1동,2022,7,7,131,0.0050925206033276315
수영구,광안동,2650076000,광안제1동,2022,8,8,135,0.005248017415642979
수영구,광안동,2650076000,광안제1동,2022,9,9,128,0.004975897994091121
수영구,광안동,2650076000,광안제1동,2022,10,10,138,0.00536464002487949
수영구,광안동,2650076000,광안제1동,2022,11,11,136,0.005286891618721816
수영구,광안동,2650076000,광안제1동,2022,12,12,125,0.0048592753848546106
수영구,광안동,2650076000,광안제1동,2022,13,13,156,0.006064375680298554
수영구,광안동,2650076000,광안제1동,2022,14,14,136,0.005286891618721816
수영구,광안동,2650076000,광안제1동,2022,15,15,157,0.006103249883377391
수영구,광안동,2650076000,광안제1동,2022,16,16,151,0.005870004664904369
수영구,광안동,2650076000,광안제1동,2022,17,17,147,0.005714507852589022
수영구,광안동,2650076000,광안제1동,2022,18,18,165,0.006414243508008086
수영구,광안동,2650076000,광안제1동,2022,19,19,164,0.006375369304929249
수영구,광안동,2650076000,광안제1동,2022,20,20,208,0.008085834240398071
수영구,광안동,2650076000,광안제1동,2022,21,21,272,0.010573783237443632
수영구,광안동,2650076000,광안제1동,2022,22,22,354,0.013761467889908258
수영구,광안동,2650076000,광안제1동,2022,23,23,415,0.016132794277717306
수영구,광안동,2650076000,광안제1동,2022,24,24,496,0.019281604727103094
수영구,광안동,2650076000,광안제1동,2022,25,25,581,0.02258591198880423
수영구,광안동,2650076000,광안제1동,2022,26,26,692,0.026900948530555125
수영구,광안동,2650076000,광안제1동,2022,27,27,719,0.02795055201368372
수영구,광안동,2650076000,광안제1동,2022,28,28,704,0.027367438967501167
수영구,광안동,2650076000,광안제1동,2022,29,29,657,0.025540351422795832
수영구,광안동,2650076000,광안제1동,2022,30,30,652,0.025345980407401648
수영구,광안동,2650076000,광안제1동,2022,31,31,593,0.02305240242575027
수영구,광안동,2650076000,광안제1동,2022,32,32,512,0.019903591976364484
수영구,광안동,2650076000,광안제1동,2022,33,33,421,0.016366039496190327
수영구,광안동,2650076000,광안제1동,2022,34,34,416,0.016171668480796143
수영구,광안동,2650076000,광안제1동,2022,35,35,336,0.013061732234489193
수영구,광안동,2650076000,광안제1동,2022,36,36,340,0.01321722904680454
수영구,광안동,2650076000,광안제1동,2022,37,37,300,0.011662260923651064
수영구,광안동,2650076000,광안제1동,2022,38,38,338,0.013139480640646867
수영구,광안동,2650076000,광안제1동,2022,39,39,365,0.014189084123775463
수영구,광안동,2650076000,광안제1동,2022,40,40,343,0.01333385165604105
수영구,광안동,2650076000,광안제1동,2022,41,41,375,0.01457782615456383
수영구,광안동,2650076000,광안제1동,2022,42,42,342,0.013294977452962214
수영구,광안동,2650076000,광안제1동,2022,43,43,347,0.013489348468356399
수영구,광안동,2650076000,광안제1동,2022,44,44,315,0.012245373969833618
수영구,광안동,2650076000,광안제1동,2022,45,45,335,0.013022858031410355
수영구,광안동,2650076000,광안제1동,2022,46,46,295,0.011467889908256881
수영구,광안동,2650076000,광안제1동,2022,47,47,333,0.012945109625252683
수영구,광안동,2650076000,광안제1동,2022,48,48,325,0.012634116000621988
수영구,광안동,2650076000,광안제1동,2022,49,49,342,0.013294977452962214
수영구,광안동,2650076000,광안제1동,2022,50,50,384,0.014927693982273364
수영구,광안동,2650076000,광안제1동,2022,51,51,374,0.014538951951484995
수영구,광안동,2650076000,광안제1동,2022,52,52,385,0.0149665681853522
수영구,광안동,2650076000,광안제1동,2022,53,53,362,0.014072461514538953
수영구,광안동,2650076000,광안제1동,2022,54,54,338,0.013139480640646867
수영구,광안동,2650076000,광안제1동,2022,55,55,351,0.013644845280671745
수영구,광안동,2650076000,광안제1동,2022,56,56,278,0.010807028455916653
수영구,광안동,2650076000,광안제1동,2022,57,57,317,0.012323122375991293
수영구,광안동,2650076000,광안제1동,2022,58,58,313,0.012167625563675944
수영구,광안동,2650076000,광안제1동,2022,59,59,305,0.011856631939045249
수영구,광안동,2650076000,광안제1동,2022,60,60,362,0.014072461514538953
수영구,광안동,2650076000,광안제1동,2022,61,61,409,0.015899549059244285
수영구,광안동,2650076000,광안제1동,2022,62,62,389,0.015122064997667549
수영구,광안동,2650076000,광안제1동,2022,63,63,383,0.014888819779194526
수영구,광안동,2650076000,광안제1동,2022,64,64,396,0.015394184419219406
수영구,광안동,2650076000,광안제1동,2022,65,65,358,0.013916964702223604
수영구,광안동,2650076000,광안제1동,2022,66,66,346,0.013450474265277563
수영구,광안동,2650076000,광안제1동,2022,67,67,412,0.016016171668480798
수영구,광안동,2650076000,광안제1동,2022,68,68,335,0.013022858031410355
수영구,광안동,2650076000,광안제1동,2022,69,69,277,0.010768154252837817
수영구,광안동,2650076000,광안제1동,2022,70,70,336,0.013061732234489193
수영구,광안동,2650076000,광안제1동,2022,71,71,265,0.010301663815891773
수영구,광안동,2650076000,광안제1동,2022,72,72,240,0.009329808738920852
수영구,광안동,2650076000,광안제1동,2022,73,73,259,0.010068418597418752
수영구,광안동,2650076000,광안제1동,2022,74,74,282,0.010962525268232002
수영구,광안동,2650076000,광안제1동,2022,75,75,254,0.009874047582024568
수영구,광안동,2650076000,광안제1동,2022,76,76,203,0.007891463225003887
수영구,광안동,2650076000,광안제1동,2022,77,77,170,0.00660861452340227
수영구,광안동,2650076000,광안제1동,2022,78,78,160,0.0062198724926139015
수영구,광안동,2650076000,광안제1동,2022,79,79,172,0.006686362929559944
수영구,광안동,2650076000,광안제1동,2022,80,80,195,0.007580469600373192
수영구,광안동,2650076000,광안제1동,2022,81,81,138,0.00536464002487949
수영구,광안동,2650076000,광안제1동,2022,82,82,132,0.005131394806406469
수영구,광안동,2650076000,광안제1동,2022,83,83,123,0.004781526978696936
수영구,광안동,2650076000,광안제1동,2022,84,84,91,0.0035375524801741563
수영구,광안동,2650076000,광안제1동,2022,85,85,91,0.0035375524801741563
수영구,광안동,2650076000,광안제1동,2022,86,86,69,0.002682320012439745
수영구,광안동,2650076000,광안제1동,2022,87,87,55,0.0021380811693360287
수영구,광안동,2650076000,광안제1동,2022,88,88,47,0.0018270875447053336
수영구,광안동,2650076000,광안제1동,2022,89,89,32,0.0012439744985227803
수영구,광안동,2650076000,광안제1동,2022,90,90,29,0.0011273518892862696
수영구,광안동,2650076000,광안제1동,2022,91,91,30,0.0011662260923651065
수영구,광안동,2650076000,광안제1동,2022,92,92,18,0.0006997356554190639
수영구,광안동,2650076000,광안제1동,2022,93,93,15,0.0005831130461825532
수영구,광안동,2650076000,광안제1동,2022,94,94,11,0.00042761623386720573
수영구,광안동,2650076000,광안제1동,2022,95,95,14,0.0005442388431037163
수영구,광안동,2650076000,광안제1동,2022,96,96,4,0.00015549681231534753
수영구,광안동,2650076000,광안제1동,2022,97,97,2,7.774840615767377e-05
수영구,광안동,2650076000,광안제1동,2022,98,98,2,7.774840615767377e-05
수영구,광안동,2650076000,광안제1동,2022,99,99,1,3.887420307883688e-05
수영구,광안동,2650076000,광안제1동,2022,100,100세 이상,5,0.00019437101539418442
수영구,광안동,2650076000,광안제1동,2023,0,0,62,0.0024406566153603905
수영구,광안동,2650076000,광안제1동,2023,1,1,71,0.002794945478880447
수영구,광안동,2650076000,광안제1동,2023,2,2,67,0.002637483761760422
수영구,광안동,2650076000,광안제1동,2023,3,3,77,0.003031138054560485
수영구,광안동,2650076000,광안제1동,2023,4,4,71,0.002794945478880447
수영구,광안동,2650076000,광안제1동,2023,5,5,103,0.004054639215840649
수영구,광안동,2650076000,광안제1동,2023,6,6,107,0.004212100932960674
수영구,광안동,2650076000,광안제1동,2023,7,7,103,0.004054639215840649
수영구,광안동,2650076000,광안제1동,2023,8,8,123,0.004841947801440775
수영구,광안동,2650076000,광안제1동,2023,9,9,133,0.005235602094240838
수영구,광안동,2650076000,광안제1동,2023,10,10,133,0.005235602094240838
수영구,광안동,2650076000,광안제1동,2023,11,11,133,0.005235602094240838
수영구,광안동,2650076000,광안제1동,2023,12,12,135,0.00531433295280085
수영구,광안동,2650076000,광안제1동,2023,13,13,129,0.005078140377120812
수영구,광안동,2650076000,광안제1동,2023,14,14,154,0.00606227610912097
수영구,광안동,2650076000,광안제1동,2023,15,15,142,0.005589890957760894
수영구,광안동,2650076000,광안제1동,2023,16,16,155,0.006101641538400976
수영구,광안동,2650076000,광안제1동,2023,17,17,138,0.005432429240640869
수영구,광안동,2650076000,광안제1동,2023,18,18,150,0.005904814392000945
수영구,광안동,2650076000,광안제1동,2023,19,19,180,0.0070857772704011335
수영구,광안동,2650076000,광안제1동,2023,20,20,195,0.0076762587096012285
수영구,광안동,2650076000,광안제1동,2023,21,21,208,0.00818800929024131
수영구,광안동,2650076000,광안제1동,2023,22,22,320,0.012596937369602015
수영구,광안동,2650076000,광안제1동,2023,23,23,407,0.016021729716962564
수영구,광안동,2650076000,광안제1동,2023,24,24,475,0.018698578908002993
수영구,광안동,2650076000,광안제1동,2023,25,25,554,0.02180844782112349
수영구,광안동,2650076000,광안제1동,2023,26,26,615,0.024209739007203874
수영구,광안동,2650076000,광안제1동,2023,27,27,695,0.02735897334960438
수영구,광안동,2650076000,광안제1동,2023,28,28,683,0.026886588198244302
수영구,광안동,2650076000,광안제1동,2023,29,29,669,0.026335472188324213
수영구,광안동,2650076000,광안제1동,2023,30,30,623,0.024524662441443922
수영구,광안동,2650076000,광안제1동,2023,31,31,628,0.024721489587843957
수영구,광안동,2650076000,광안제1동,2023,32,32,567,0.02232019840176357
수영구,광안동,2650076000,광안제1동,2023,33,33,481,0.01893477148368303
수영구,광안동,2650076000,광안제1동,2023,34,34,374,0.014722670550722355
수영구,광안동,2650076000,광안제1동,2023,35,35,345,0.013581073101602174
수영구,광안동,2650076000,광안제1동,2023,36,36,295,0.011612801637601857
수영구,광안동,2650076000,광안제1동,2023,37,37,331,0.013029957091682086
수영구,광안동,2650076000,광안제1동,2023,38,38,282,0.011101051056961776
수영구,광안동,2650076000,광안제1동,2023,39,39,329,0.012951226233122072
수영구,광안동,2650076000,광안제1동,2023,40,40,347,0.013659803960162186
수영구,광안동,2650076000,광안제1동,2023,41,41,345,0.013581073101602174
수영구,광안동,2650076000,광안제1동,2023,42,42,363,0.014289650828642286
수영구,광안동,2650076000,광안제1동,2023,43,43,344,0.013541707672322167
수영구,광안동,2650076000,광안제1동,2023,44,44,340,0.01338424595520214
수영구,광안동,2650076000,광안제1동,2023,45,45,298,0.011730897925441876
수영구,광안동,2650076000,광안제1동,2023,46,46,333,0.013108687950242098
수영구,광안동,2650076000,광안제1동,2023,47,47,295,0.011612801637601857
수영구,광안동,2650076000,광안제1동,2023,48,48,319,0.01255757194032201
수영구,광안동,2650076000,광안제1동,2023,49,49,332,0.01306932252096209
수영구,광안동,2650076000,광안제1동,2023,50,50,328,0.012911860803842067
수영구,광안동,2650076000,광안제1동,2023,51,51,377,0.014840766838562374
수영구,광안동,2650076000,광안제1동,2023,52,52,364,0.014329016257922293
수영구,광안동,2650076000,광안제1동,2023,53,53,378,0.014880132267842381
수영구,광안동,2650076000,광안제1동,2023,54,54,361,0.014210919970082274
수영구,광안동,2650076000,광안제1동,2023,55,55,337,0.013266149667362122
수영구,광안동,2650076000,광안제1동,2023,56,56,350,0.013777900248002205
수영구,광안동,2650076000,광안제1동,2023,57,57,278,0.01094358933984175
수영구,광안동,2650076000,광안제1동,2023,58,58,318,0.012518206511042003
수영구,광안동,2650076000,광안제1동,2023,59,59,311,0.01224264850608196
수영구,광안동,2650076000,광안제1동,2023,60,60,296,0.011652167066881864
수영구,광안동,2650076000,광안제1동,2023,61,61,341,0.013423611384482148
수영구,광안동,2650076000,광안제1동,2023,62,62,408,0.01606109514624257
수영구,광안동,2650076000,광안제1동,2023,63,63,383,0.015076959414242412
수영구,광안동,2650076000,광안제1동,2023,64,64,391,0.015391882848482462
수영구,광안동,2650076000,광안제1동,2023,65,65,387,0.015234421131362438
수영구,광안동,2650076000,광안제1동,2023,66,66,362,0.01425028539936228
수영구,광안동,2650076000,광안제1동,2023,67,67,345,0.013581073101602174
수영구,광안동,2650076000,광안제1동,2023,68,68,413,0.016257922292642602
수영구,광안동,2650076000,광안제1동,2023,69,69,337,0.013266149667362122
수영구,광안동,2650076000,광안제1동,2023,70,70,274,0.010786127622721726
수영구,광안동,2650076000,광안제1동,2023,71,71,329,0.012951226233122072
수영구,광안동,2650076000,광안제1동,2023,72,72,263,0.010353107900641657
수영구,광안동,2650076000,광안제1동,2023,73,73,234,0.009211510451521474
수영구,광안동,2650076000,광안제1동,2023,74,74,250,0.009841357320001574
수영구,광안동,2650076000,광안제1동,2023,75,75,273,0.01074676219344172
수영구,광안동,2650076000,광안제1동,2023,76,76,257,0.010116915324961619
수영구,광안동,2650076000,광안제1동,2023,77,77,198,0.0077943549974412475
수영구,광안동,2650076000,광안제1동,2023,78,78,163,0.006416564972641026
수영구,광안동,2650076000,광안제1동,2023,79,79,156,0.006141006967680982
수영구,광안동,2650076000,광안제1동,2023,80,80,171,0.006731488406881077
수영구,광안동,2650076000,광안제1동,2023,81,81,184,0.0072432389875211585
수영구,광안동,2650076000,광안제1동,2023,82,82,127,0.0049994095185608
수영구,광안동,2650076000,광안제1동,2023,83,83,127,0.0049994095185608
수영구,광안동,2650076000,광안제1동,2023,84,84,119,0.00468448608432075
수영구,광안동,2650076000,광안제1동,2023,85,85,83,0.0032673306302405227
수영구,광안동,2650076000,광안제1동,2023,86,86,88,0.003464157776640554
수영구,광안동,2650076000,광안제1동,2023,87,87,63,0.002480022044640397
수영구,광안동,2650076000,광안제1동,2023,88,88,46,0.0018108097468802896
수영구,광안동,2650076000,광안제1동,2023,89,89,41,0.0016139826004802583
수영구,광안동,2650076000,광안제1동,2023,90,90,32,0.0012596937369602015
수영구,광안동,2650076000,광안제1동,2023,91,91,24,0.0009447703027201512
수영구,광안동,2650076000,광안제1동,2023,92,92,22,0.0008660394441601386
수영구,광안동,2650076000,광안제1동,2023,93,93,14,0.0005511160099200882
수영구,광안동,2650076000,광안제1동,2023,94,94,12,0.0004723851513600756
수영구,광안동,2650076000,광안제1동,2023,95,95,9,0.0003542888635200567
수영구,광안동,2650076000,광안제1동,2023,96,96,11,0.0004330197220800693
수영구,광안동,2650076000,광안제1동,2023,97,97,5,0.00019682714640003148
수영구,광안동,2650076000,광안제1동,2023,98,98,2,7.87308585600126e-05
수영구,광안동,2650076000,광안제1동,2023,99,99,1,3.93654292800063e-05
수영구,광안동,2650076000,광안제1동,2023,100,100세 이상,2,7.87308585600126e-05
수영구,광안동,2650076000,광안제1동,2024,0,0,78,0.0031442737936872656
수영구,광안동,2650076000,광안제1동,2024,1,1,56,0.002257427339057524
수영구,광안동,2650076000,광안제1동,2024,2,2,56,0.002257427339057524
수영구,광안동,2650076000,광안제1동,2024,3,3,61,0.0024589833514733744
수영구,광안동,2650076000,광안제1동,2024,4,4,61,0.0024589833514733744
수영구,광안동,2650076000,광안제1동,2024,5,5,67,0.002700850566372395
수영구,광안동,2650076000,광안제1동,2024,6,6,84,0.0033861410085862863
수영구,광안동,2650076000,광안제1동,2024,7,7,93,0.0037489418309348166
수영구,광안동,2650076000,광안제1동,2024,8,8,108,0.004353609868182368
수영구,광안동,2650076000,광안제1동,2024,9,9,112,0.004514854678115048
수영구,광안동,2650076000,광안제1동,2024,10,10,127,0.0051195227153625995
수영구,광안동,2650076000,광안제1동,2024,11,11,131,0.00528076752529528
수영구,광안동,2650076000,광안제1동,2024,12,12,132,0.005321078727778449
수영구,광안동,2650076000,광안제1동,2024,13,13,133,0.00536138993026162
수영구,광안동,2650076000,광안제1동,2024,14,14,122,0.004917966702946749
수영구,광안동,2650076000,광안제1동,2024,15,15,151,0.006086991574958681
수영구,광안동,2650076000,광안제1동,2024,16,16,137,0.0055226347401943
수영구,광안동,2650076000,광안제1동,2024,17,17,153,0.006167613979925021
수영구,광안동,2650076000,광안제1동,2024,18,18,140,0.00564356834764381
수영구,광안동,2650076000,광안제1동,2024,19,19,172,0.006933526827105253
수영구,광안동,2650076000,광안제1동,2024,20,20,200,0.008062240496634015
수영구,광안동,2650076000,광안제1동,2024,21,21,224,0.009029709356230096
수영구,광안동,2650076000,광안제1동,2024,22,22,262,0.01056153505059056
수영구,광안동,2650076000,광안제1동,2024,23,23,368,0.014834522513806587
수영구,광안동,2650076000,광안제1동,2024,24,24,476,0.019188132381988954
수영구,광안동,2650076000,광안제1동,2024,25,25,532,0.02144555972104648
수영구,광안동,2650076000,광안제1동,2024,26,26,568,0.0228967630104406
수영구,광안동,2650076000,광안제1동,2024,27,27,614,0.024751078324666425
수영구,광안동,2650076000,광안제1동,2024,28,28,660,0.02660539363889225
수영구,광안동,2650076000,광안제1동,2024,29,29,623,0.025113879147014954
수영구,광안동,2650076000,광안제1동,2024,30,30,634,0.025557302374329825
수영구,광안동,2650076000,광안제1동,2024,31,31,568,0.0228967630104406
수영구,광안동,2650076000,광안제1동,2024,32,32,547,0.02205022775829403
수영구,광안동,2650076000,광안제1동,2024,33,33,485,0.019550933204337484
수영구,광안동,2650076000,광안제1동,2024,34,34,426,0.017172572257830452
수영구,광안동,2650076000,광안제1동,2024,35,35,327,0.013181763211996614
수영구,광안동,2650076000,광안제1동,2024,36,36,313,0.012617406377232233
수영구,광안동,2650076000,광안제1동,2024,37,37,256,0.010319667835691538
수영구,광안동,2650076000,광안제1동,2024,38,38,285,0.01148869270770347
수영구,광안동,2650076000,광안제1동,2024,39,39,273,0.01100495827790543
수영구,광안동,2650076000,광안제1동,2024,40,40,303,0.012214294352400533
수영구,광안동,2650076000,광안제1동,2024,41,41,321,0.012939895997097594
수영구,광안동,2650076000,광안제1동,2024,42,42,326,0.013141452009513443
수영구,광안동,2650076000,광안제1동,2024,43,43,355,0.014310476881525376
수영구,광안동,2650076000,광안제1동,2024,44,44,337,0.013584875236828315
수영구,광안동,2650076000,광안제1동,2024,45,45,322,0.012980207199580764
수영구,광안동,2650076000,광안제1동,2024,46,46,285,0.01148869270770347
수영구,광안동,2650076000,광안제1동,2024,47,47,331,0.013343008021929293
수영구,광안동,2650076000,광안제1동,2024,48,48,301,0.012133671947434192
수영구,광안동,2650076000,광안제1동,2024,49,49,312,0.012577095174749062
수영구,광안동,2650076000,광안제1동,2024,50,50,317,0.012778651187164912
수영구,광안동,2650076000,광안제1동,2024,51,51,323,0.013020518402063934
수영구,광안동,2650076000,광안제1동,2024,52,52,370,0.014915144918772928
수영구,광안동,2650076000,광안제1동,2024,53,53,361,0.014552344096424396
수영구,광안동,2650076000,광안제1동,2024,54,54,368,0.014834522513806587
수영구,광안동,2650076000,광안제1동,2024,55,55,368,0.014834522513806587
수영구,광안동,2650076000,광안제1동,2024,56,56,332,0.013383319224412464
수영구,광안동,2650076000,광안제1동,2024,57,57,346,0.013947676059176845
수영구,광안동,2650076000,광안제1동,2024,58,58,269,0.01084371346797275
수영구,광안동,2650076000,광안제1동,2024,59,59,322,0.012980207199580764
수영구,광안동,2650076000,광안제1동,2024,60,60,315,0.012698028782198573
수영구,광안동,2650076000,광안제1동,2024,61,61,293,0.011811182327568831
수영구,광안동,2650076000,광안제1동,2024,62,62,340,0.013705808844277825
수영구,광안동,2650076000,광안제1동,2024,63,63,392,0.015801991373402668
수영구,광안동,2650076000,광안제1동,2024,64,64,383,0.015439190551054138
수영구,광안동,2650076000,광안제1동,2024,65,65,381,0.015358568146087798
수영구,광안동,2650076000,광안제1동,2024,66,66,391,0.015761680170919497
수영구,광안동,2650076000,광안제1동,2024,67,67,370,0.014915144918772928
수영구,광안동,2650076000,광안제1동,2024,68,68,340,0.013705808844277825
수영구,광안동,2650076000,광안제1동,2024,69,69,422,0.01701132744789777
수영구,광안동,2650076000,광안제1동,2024,70,70,336,0.013544564034345145
수영구,광안동,2650076000,광안제1동,2024,71,71,275,0.01108558068287177
수영구,광안동,2650076000,광안제1동,2024,72,72,327,0.013181763211996614
수영구,광안동,2650076000,광안제1동,2024,73,73,260,0.01048091264562422
수영구,광안동,2650076000,광안제1동,2024,74,74,240,0.009674688595960818
수영구,광안동,2650076000,광안제1동,2024,75,75,239,0.009634377393477648
수영구,광안동,2650076000,광안제1동,2024,76,76,265,0.01068246865804007
수영구,광안동,2650076000,광안제1동,2024,77,77,254,0.010239045430725199
수영구,광안동,2650076000,광안제1동,2024,78,78,198,0.007981618091667675
수영구,광안동,2650076000,광안제1동,2024,79,79,159,0.006409481194824041
수영구,광안동,2650076000,광안제1동,2024,80,80,154,0.006207925182408191
수영구,광안동,2650076000,광안제1동,2024,81,81,158,0.006369169992340872
수영구,광안동,2650076000,광안제1동,2024,82,82,175,0.007054460434554763
수영구,광안동,2650076000,광안제1동,2024,83,83,119,0.004797033095497239
수영구,광안동,2650076000,광안제1동,2024,84,84,121,0.004877655500463578
수영구,광안동,2650076000,광안제1동,2024,85,85,115,0.004635788285564558
수영구,광안동,2650076000,광안제1동,2024,86,86,72,0.0029024065787882454
수영구,광안동,2650076000,광안제1동,2024,87,87,80,0.003224896198653606
수영구,광안동,2650076000,광안제1동,2024,88,88,62,0.0024992945539565447
수영구,광안동,2650076000,광안제1동,2024,89,89,39,0.0015721368968436328
수영구,광안동,2650076000,광안제1동,2024,90,90,35,0.0014108920869109526
수영구,광안동,2650076000,광안제1동,2024,91,91,28,0.001128713669528762
수영구,광안동,2650076000,광안제1동,2024,92,92,22,0.0008868464546297416
수영구,광안동,2650076000,광안제1동,2024,93,93,16,0.0006449792397307211
수영구,광안동,2650076000,광안제1동,2024,94,94,14,0.000564356834764381
수영구,광안동,2650076000,광안제1동,2024,95,95,9,0.00036280082234853067
수영구,광안동,2650076000,광안제1동,2024,96,96,9,0.00036280082234853067
수영구,광안동,2650076000,광안제1동,2024,97,97,8,0.00032248961986536056
수영구,광안동,2650076000,광안제1동,2024,98,98,4,0.00016124480993268028
수영구,광안동,2650076000,광안제1동,2024,99,99,1,4.031120248317007e-05
수영구,광안동,2650076000,광안제1동,2024,100,100세 이상,2,8.062240496634014e-05
수영구,광안동,2650077000,광안제2동,2020,0,0,72,0.003852739726027397
수영구,광안동,2650077000,광안제2동,2020,1,1,84,0.00449486301369863
수영구,광안동,2650077000,광안제2동,2020,2,2,96,0.005136986301369863
수영구,광안동,2650077000,광안제2동,2020,3,3,97,0.005190496575342466
수영구,광안동,2650077000,광안제2동,2020,4,4,127,0.006795804794520548
수영구,광안동,2650077000,광안제2동,2020,5,5,121,0.006474743150684931
수영구,광안동,2650077000,광안제2동,2020,6,6,133,0.007116866438356164
수영구,광안동,2650077000,광안제2동,2020,7,7,119,0.006367722602739726
수영구,광안동,2650077000,광안제2동,2020,8,8,142,0.007598458904109589
수영구,광안동,2650077000,광안제2동,2020,9,9,129,0.006902825342465753
수영구,광안동,2650077000,광안제2동,2020,10,10,136,0.007277397260273972
수영구,광안동,2650077000,광안제2동,2020,11,11,120,0.006421232876712328
수영구,광안동,2650077000,광안제2동,2020,12,12,119,0.006367722602739726
수영구,광안동,2650077000,광안제2동,2020,13,13,103,0.0055115582191780825
수영구,광안동,2650077000,광안제2동,2020,14,14,108,0.005779109589041096
수영구,광안동,2650077000,광안제2동,2020,15,15,132,0.007063356164383561
수영구,광안동,2650077000,광안제2동,2020,16,16,131,0.007009845890410959
수영구,광안동,2650077000,광안제2동,2020,17,17,131,0.007009845890410959
수영구,광안동,2650077000,광안제2동,2020,18,18,142,0.007598458904109589
수영구,광안동,2650077000,광안제2동,2020,19,19,152,0.008133561643835616
수영구,광안동,2650077000,광안제2동,2020,20,20,188,0.010059931506849315
수영구,광안동,2650077000,광안제2동,2020,21,21,194,0.010380993150684931
수영구,광안동,2650077000,광안제2동,2020,22,22,228,0.012200342465753425
수영구,광안동,2650077000,광안제2동,2020,23,23,251,0.013431078767123288
수영구,광안동,2650077000,광안제2동,2020,24,24,273,0.014608304794520547
수영구,광안동,2650077000,광안제2동,2020,25,25,334,0.017872431506849314
수영구,광안동,2650077000,광안제2동,2020,26,26,349,0.018675085616438356
수영구,광안동,2650077000,광안제2동,2020,27,27,354,0.01894263698630137
수영구,광안동,2650077000,광안제2동,2020,28,28,374,0.020012842465753425
수영구,광안동,2650077000,광안제2동,2020,29,29,351,0.018782106164383562
수영구,광안동,2650077000,광안제2동,2020,30,30,317,0.01696275684931507
수영구,광안동,2650077000,광안제2동,2020,31,31,277,0.01482234589041096
수영구,광안동,2650077000,광안제2동,2020,32,32,247,0.013217037671232877
수영구,광안동,2650077000,광안제2동,2020,33,33,258,0.013805650684931507
수영구,광안동,2650077000,광안제2동,2020,34,34,252,0.01348458904109589
수영구,광안동,2650077000,광안제2동,2020,35,35,226,0.012093321917808219
수영구,광안동,2650077000,광안제2동,2020,36,36,227,0.012146832191780822
수영구,광안동,2650077000,광안제2동,2020,37,37,297,0.015892551369863013
수영구,광안동,2650077000,광안제2동,2020,38,38,287,0.015357448630136987
수영구,광안동,2650077000,광안제2동,2020,39,39,317,0.01696275684931507
수영구,광안동,2650077000,광안제2동,2020,40,40,303,0.01621361301369863
수영구,광안동,2650077000,광안제2동,2020,41,41,329,0.0176048801369863
수영구,광안동,2650077000,광안제2동,2020,42,42,229,0.012253852739726028
수영구,광안동,2650077000,광안제2동,2020,43,43,277,0.01482234589041096
수영구,광안동,2650077000,광안제2동,2020,44,44,237,0.01268193493150685
수영구,광안동,2650077000,광안제2동,2020,45,45,256,0.0136986301369863
수영구,광안동,2650077000,광안제2동,2020,46,46,320,0.017123287671232876
수영구,광안동,2650077000,광안제2동,2020,47,47,295,0.015785530821917807
수영구,광안동,2650077000,광안제2동,2020,48,48,288,0.015410958904109588
수영구,광안동,2650077000,광안제2동,2020,49,49,324,0.017337328767123288
수영구,광안동,2650077000,광안제2동,2020,50,50,316,0.016909246575342467
수영구,광안동,2650077000,광안제2동,2020,51,51,287,0.015357448630136987
수영구,광안동,2650077000,광안제2동,2020,52,52,266,0.014233732876712328
수영구,광안동,2650077000,광안제2동,2020,53,53,276,0.014768835616438356
수영구,광안동,2650077000,광안제2동,2020,54,54,234,0.01252140410958904
수영구,광안동,2650077000,광안제2동,2020,55,55,254,0.013591609589041096
수영구,광안동,2650077000,광안제2동,2020,56,56,259,0.01385916095890411
수영구,광안동,2650077000,광안제2동,2020,57,57,263,0.014073202054794521
수영구,광안동,2650077000,광안제2동,2020,58,58,281,0.01503638698630137
수영구,광안동,2650077000,광안제2동,2020,59,59,288,0.015410958904109588
수영구,광안동,2650077000,광안제2동,2020,60,60,321,0.01717679794520548
수영구,광안동,2650077000,광안제2동,2020,61,61,293,0.0156785102739726
수영구,광안동,2650077000,광안제2동,2020,62,62,268,0.014340753424657534
수영구,광안동,2650077000,광안제2동,2020,63,63,297,0.015892551369863013
수영구,광안동,2650077000,광안제2동,2020,64,64,277,0.01482234589041096
수영구,광안동,2650077000,광안제2동,2020,65,65,277,0.01482234589041096
수영구,광안동,2650077000,광안제2동,2020,66,66,218,0.011665239726027397
수영구,광안동,2650077000,광안제2동,2020,67,67,224,0.011986301369863013
수영구,광안동,2650077000,광안제2동,2020,68,68,239,0.012788955479452056
수영구,광안동,2650077000,광안제2동,2020,69,69,195,0.010434503424657534
수영구,광안동,2650077000,광안제2동,2020,70,70,202,0.010809075342465753
수영구,광안동,2650077000,광안제2동,2020,71,71,196,0.010488013698630137
수영구,광안동,2650077000,광안제2동,2020,72,72,210,0.011237157534246575
수영구,광안동,2650077000,광안제2동,2020,73,73,206,0.011023116438356165
수영구,광안동,2650077000,광안제2동,2020,74,74,175,0.009364297945205479
수영구,광안동,2650077000,광안제2동,2020,75,75,142,0.007598458904109589
수영구,광안동,2650077000,광안제2동,2020,76,76,168,0.00898972602739726
수영구,광안동,2650077000,광안제2동,2020,77,77,148,0.007919520547945206
수영구,광안동,2650077000,광안제2동,2020,78,78,176,0.009417808219178082
수영구,광안동,2650077000,광안제2동,2020,79,79,121,0.006474743150684931
수영구,광안동,2650077000,광안제2동,2020,80,80,126,0.006742294520547945
수영구,광안동,2650077000,광안제2동,2020,81,81,96,0.005136986301369863
수영구,광안동,2650077000,광안제2동,2020,82,82,97,0.005190496575342466
수영구,광안동,2650077000,광안제2동,2020,83,83,88,0.004708904109589041
수영구,광안동,2650077000,광안제2동,2020,84,84,62,0.0033176369863013697
수영구,광안동,2650077000,광안제2동,2020,85,85,53,0.0028360445205479453
수영구,광안동,2650077000,광안제2동,2020,86,86,60,0.003210616438356164
수영구,광안동,2650077000,광안제2동,2020,87,87,38,0.002033390410958904
수영구,광안동,2650077000,광안제2동,2020,88,88,33,0.0017658390410958903
수영구,광안동,2650077000,광안제2동,2020,89,89,32,0.0017123287671232876
수영구,광안동,2650077000,광안제2동,2020,90,90,17,0.0009096746575342465
수영구,광안동,2650077000,광안제2동,2020,91,91,17,0.0009096746575342465
수영구,광안동,2650077000,광안제2동,2020,92,92,12,0.0006421232876712328
수영구,광안동,2650077000,광안제2동,2020,93,93,8,0.0004280821917808219
수영구,광안동,2650077000,광안제2동,2020,94,94,3,0.0001605308219178082
수영구,광안동,2650077000,광안제2동,2020,95,95,2,0.00010702054794520547
수영구,광안동,2650077000,광안제2동,2020,96,96,4,0.00021404109589041095
수영구,광안동,2650077000,광안제2동,2020,97,97,2,0.00010702054794520547
수영구,광안동,2650077000,광안제2동,2020,98,98,0,0.0
수영구,광안동,2650077000,광안제2동,2020,99,99,0,0.0
수영구,광안동,2650077000,광안제2동,2020,100,100세 이상,8,0.0004280821917808219
수영구,광안동,2650077000,광안제2동,2021,0,0,68,0.003638698630136986
수영구,광안동,2650077000,광안제2동,2021,1,1,74,0.003959760273972603
수영구,광안동,2650077000,광안제2동,2021,2,2,75,0.004013270547945206
수영구,광안동,2650077000,광안제2동,2021,3,3,87,0.004655393835616439
수영구,광안동,2650077000,광안제2동,2021,4,4,97,0.005190496575342466
수영구,광안동,2650077000,광안제2동,2021,5,5,129,0.006902825342465753
수영구,광안동,2650077000,광안제2동,2021,6,6,127,0.006795804794520548
수영구,광안동,2650077000,광안제2동,2021,7,7,115,0.006153681506849315
수영구,광안동,2650077000,광안제2동,2021,8,8,115,0.006153681506849315
수영구,광안동,2650077000,광안제2동,2021,9,9,138,0.007384417808219178
수영구,광안동,2650077000,광안제2동,2021,10,10,133,0.007116866438356164
수영구,광안동,2650077000,광안제2동,2021,11,11,129,0.006902825342465753
수영구,광안동,2650077000,광안제2동,2021,12,12,122,0.006528253424657534
수영구,광안동,2650077000,광안제2동,2021,13,13,123,0.006581763698630137
수영구,광안동,2650077000,광안제2동,2021,14,14,111,0.005939640410958904
수영구,광안동,2650077000,광안제2동,2021,15,15,100,0.005351027397260274
수영구,광안동,2650077000,광안제2동,2021,16,16,127,0.006795804794520548
수영구,광안동,2650077000,광안제2동,2021,17,17,127,0.006795804794520548
수영구,광안동,2650077000,광안제2동,2021,18,18,123,0.006581763698630137
수영구,광안동,2650077000,광안제2동,2021,19,19,130,0.006956335616438356
수영구,광안동,2650077000,광안제2동,2021,20,20,155,0.008294092465753425
수영구,광안동,2650077000,광안제2동,2021,21,21,201,0.01075556506849315
수영구,광안동,2650077000,광안제2동,2021,22,22,208,0.01113013698630137
수영구,광안동,2650077000,광안제2동,2021,23,23,242,0.012949486301369863
수영구,광안동,2650077000,광안제2동,2021,24,24,279,0.014929366438356165
수영구,광안동,2650077000,광안제2동,2021,25,25,314,0.01680222602739726
수영구,광안동,2650077000,광안제2동,2021,26,26,362,0.019370719178082193
수영구,광안동,2650077000,광안제2동,2021,27,27,360,0.019263698630136987
수영구,광안동,2650077000,광안제2동,2021,28,28,372,0.01990582191780822
수영구,광안동,2650077000,광안제2동,2021,29,29,385,0.020601455479452056
수영구,광안동,2650077000,광안제2동,2021,30,30,359,0.019210188356164382
수영구,광안동,2650077000,광안제2동,2021,31,31,317,0.01696275684931507
수영구,광안동,2650077000,광안제2동,2021,32,32,312,0.016695205479452056
수영구,광안동,2650077000,광안제2동,2021,33,33,268,0.014340753424657534
수영구,광안동,2650077000,광안제2동,2021,34,34,244,0.013056506849315069
수영구,광안동,2650077000,광안제2동,2021,35,35,240,0.012842465753424657
수영구,광안동,2650077000,광안제2동,2021,36,36,216,0.011558219178082191
수영구,광안동,2650077000,광안제2동,2021,37,37,235,0.012574914383561644
수영구,광안동,2650077000,광안제2동,2021,38,38,304,0.016267123287671232
수영구,광안동,2650077000,광안제2동,2021,39,39,287,0.015357448630136987
수영구,광안동,2650077000,광안제2동,2021,40,40,318,0.01701626712328767
수영구,광안동,2650077000,광안제2동,2021,41,41,323,0.017283818493150686
수영구,광안동,2650077000,광안제2동,2021,42,42,310,0.01658818493150685
수영구,광안동,2650077000,광안제2동,2021,43,43,226,0.012093321917808219
수영구,광안동,2650077000,광안제2동,2021,44,44,267,0.014287243150684931
수영구,광안동,2650077000,광안제2동,2021,45,45,237,0.01268193493150685
수영구,광안동,2650077000,광안제2동,2021,46,46,262,0.014019691780821918
수영구,광안동,2650077000,광안제2동,2021,47,47,303,0.01621361301369863
수영구,광안동,2650077000,광안제2동,2021,48,48,286,0.015303938356164384
수영구,광안동,2650077000,광안제2동,2021,49,49,279,0.014929366438356165
수영구,광안동,2650077000,광안제2동,2021,50,50,314,0.01680222602739726
수영구,광안동,2650077000,광안제2동,2021,51,51,303,0.01621361301369863
수영구,광안동,2650077000,광안제2동,2021,52,52,272,0.014554794520547944
수영구,광안동,2650077000,광안제2동,2021,53,53,267,0.014287243150684931
수영구,광안동,2650077000,광안제2동,2021,54,54,280,0.014982876712328766
수영구,광안동,2650077000,광안제2동,2021,55,55,233,0.012467893835616438
수영구,광안동,2650077000,광안제2동,2021,56,56,254,0.013591609589041096
수영구,광안동,2650077000,광안제2동,2021,57,57,268,0.014340753424657534
수영구,광안동,2650077000,광안제2동,2021,58,58,259,0.01385916095890411
수영구,광안동,2650077000,광안제2동,2021,59,59,283,0.015143407534246575
수영구,광안동,2650077000,광안제2동,2021,60,60,286,0.015303938356164384
수영구,광안동,2650077000,광안제2동,2021,61,61,318,0.01701626712328767
수영구,광안동,2650077000,광안제2동,2021,62,62,281,0.01503638698630137
수영구,광안동,2650077000,광안제2동,2021,63,63,272,0.014554794520547944
수영구,광안동,2650077000,광안제2동,2021,64,64,289,0.015464469178082191
수영구,광안동,2650077000,광안제2동,2021,65,65,273,0.014608304794520547
수영구,광안동,2650077000,광안제2동,2021,66,66,278,0.014875856164383562
수영구,광안동,2650077000,광안제2동,2021,67,67,218,0.011665239726027397
수영구,광안동,2650077000,광안제2동,2021,68,68,224,0.011986301369863013
수영구,광안동,2650077000,광안제2동,2021,69,69,230,0.01230736301369863
수영구,광안동,2650077000,광안제2동,2021,70,70,190,0.010166952054794521
수영구,광안동,2650077000,광안제2동,2021,71,71,187,0.010006421232876712
수영구,광안동,2650077000,광안제2동,2021,72,72,196,0.010488013698630137
수영구,광안동,2650077000,광안제2동,2021,73,73,204,0.01091609589041096
수영구,광안동,2650077000,광안제2동,2021,74,74,200,0.010702054794520547
수영구,광안동,2650077000,광안제2동,2021,75,75,163,0.008722174657534247
수영구,광안동,2650077000,광안제2동,2021,76,76,136,0.007277397260273972
수영구,광안동,2650077000,광안제2동,2021,77,77,163,0.008722174657534247
수영구,광안동,2650077000,광안제2동,2021,78,78,147,0.007866010273972603
수영구,광안동,2650077000,광안제2동,2021,79,79,163,0.008722174657534247
수영구,광안동,2650077000,광안제2동,2021,80,80,116,0.0062071917808219175
수영구,광안동,2650077000,광안제2동,2021,81,81,124,0.006635273972602739
수영구,광안동,2650077000,광안제2동,2021,82,82,95,0.005083476027397261
수영구,광안동,2650077000,광안제2동,2021,83,83,98,0.005244006849315069
수영구,광안동,2650077000,광안제2동,2021,84,84,77,0.004120291095890411
수영구,광안동,2650077000,광안제2동,2021,85,85,55,0.0029430650684931507
수영구,광안동,2650077000,광안제2동,2021,86,86,46,0.002461472602739726
수영구,광안동,2650077000,광안제2동,2021,87,87,52,0.0027825342465753423
수영구,광안동,2650077000,광안제2동,2021,88,88,37,0.0019798801369863015
수영구,광안동,2650077000,광안제2동,2021,89,89,29,0.0015517979452054794
수영구,광안동,2650077000,광안제2동,2021,90,90,26,0.0013912671232876712
수영구,광안동,2650077000,광안제2동,2021,91,91,12,0.0006421232876712328
수영구,광안동,2650077000,광안제2동,2021,92,92,14,0.0007491438356164383
수영구,광안동,2650077000,광안제2동,2021,93,93,11,0.0005886130136986301
수영구,광안동,2650077000,광안제2동,2021,94,94,7,0.00037457191780821916
수영구,광안동,2650077000,광안제2동,2021,95,95,2,0.00010702054794520547
수영구,광안동,2650077000,광안제2동,2021,96,96,1,5.351027397260274e-05
수영구,광안동,2650077000,광안제2동,2021,97,97,4,0.00021404109589041095
수영구,광안동,2650077000,광안제2동,2021,98,98,1,5.351027397260274e-05
수영구,광안동,2650077000,광안제2동,2021,99,99,0,0.0
수영구,광안동,2650077000,광안제2동,2021,100,100세 이상,9,0.00048159246575342463
수영구,광안동,2650077000,광안제2동,2022,0,0,66,0.0035126935973175794
수영구,광안동,2650077000,광안제2동,2022,1,1,66,0.0035126935973175794
수영구,광안동,2650077000,광안제2동,2022,2,2,81,0.004311033051253393
수영구,광안동,2650077000,광안제2동,2022,3,3,77,0.004098142530203843
수영구,광안동,2650077000,광안제2동,2022,4,4,82,0.0043642556815157805
수영구,광안동,2650077000,광안제2동,2022,5,5,95,0.005056149874926819
수영구,광안동,2650077000,광안제2동,2022,6,6,122,0.006493160892011283
수영구,광안동,2650077000,광안제2동,2022,7,7,125,0.006652828782798446
수영구,광안동,2650077000,광안제2동,2022,8,8,116,0.006173825110436958
수영구,광안동,2650077000,광안제2동,2022,9,9,122,0.006493160892011283
수영구,광안동,2650077000,광안제2동,2022,10,10,141,0.007504390866996647
수영구,광안동,2650077000,광안제2동,2022,11,11,132,0.007025387194635159
수영구,광안동,2650077000,광안제2동,2022,12,12,129,0.006865719303847996
수영구,광안동,2650077000,광안제2동,2022,13,13,122,0.006493160892011283
수영구,광안동,2650077000,광안제2동,2022,14,14,121,0.006439938261748895
수영구,광안동,2650077000,광안제2동,2022,15,15,105,0.005588376177550695
수영구,광안동,2650077000,광안제2동,2022,16,16,101,0.005375485656501144
수영구,광안동,2650077000,광안제2동,2022,17,17,130,0.006918941934110384
수영구,광안동,2650077000,광안제2동,2022,18,18,120,0.006386715631486508
수영구,광안동,2650077000,광안제2동,2022,19,19,129,0.006865719303847996
수영구,광안동,2650077000,광안제2동,2022,20,20,142,0.007557613497259035
수영구,광안동,2650077000,광안제2동,2022,21,21,170,0.009047847144605886
수영구,광안동,2650077000,광안제2동,2022,22,22,234,0.01245409548139869
수영구,광안동,2650077000,광안제2동,2022,23,23,233,0.012400872851136302
수영구,광안동,2650077000,광안제2동,2022,24,24,277,0.014742668582681357
수영구,광안동,2650077000,광안제2동,2022,25,25,330,0.017563467986587897
수영구,광안동,2650077000,광안제2동,2022,26,26,385,0.020490712651019212
수영구,광안동,2650077000,광안제2동,2022,27,27,368,0.019585927936558625
수영구,광안동,2650077000,광안제2동,2022,28,28,371,0.019745595827345787
수영구,광안동,2650077000,광안제2동,2022,29,29,390,0.020756825802331152
수영구,광안동,2650077000,광안제2동,2022,30,30,365,0.019426260045771464
수영구,광안동,2650077000,광안제2동,2022,31,31,355,0.018894033743147586
수영구,광안동,2650077000,광안제2동,2022,32,32,326,0.017350577465538346
수영구,광안동,2650077000,광안제2동,2022,33,33,305,0.01623290223002821
수영구,광안동,2650077000,광안제2동,2022,34,34,270,0.014370110170844642
수영구,광안동,2650077000,광안제2동,2022,35,35,251,0.013358880195859279
수영구,광안동,2650077000,광안제2동,2022,36,36,242,0.01287987652349779
수영구,광안동,2650077000,광안제2동,2022,37,37,228,0.012134759699824365
수영구,광안동,2650077000,광안제2동,2022,38,38,230,0.01224120496034914
수영구,광안동,2650077000,광안제2동,2022,39,39,282,0.015008781733993294
수영구,광안동,2650077000,광안제2동,2022,40,40,288,0.015328117515567619
수영구,광안동,2650077000,광안제2동,2022,41,41,334,0.01777635850763745
수영구,광안동,2650077000,광안제2동,2022,42,42,310,0.016499015381340146
수영구,광안동,2650077000,광안제2동,2022,43,43,300,0.01596678907871627
수영구,광안동,2650077000,광안제2동,2022,44,44,219,0.011655756027462877
수영구,광안동,2650077000,광안제2동,2022,45,45,263,0.01399755175900793
수영구,광안동,2650077000,광안제2동,2022,46,46,244,0.012986321784022566
수영구,광안동,2650077000,광안제2동,2022,47,47,265,0.014103997019532705
수영구,광안동,2650077000,광안제2동,2022,48,48,300,0.01596678907871627
수영구,광안동,2650077000,광안제2동,2022,49,49,287,0.015274894885305233
수영구,광안동,2650077000,광안제2동,2022,50,50,274,0.014583000691894193
수영구,광안동,2650077000,광안제2동,2022,51,51,314,0.016711905902389697
수영구,광안동,2650077000,광안제2동,2022,52,52,286,0.015221672255042845
수영구,광안동,2650077000,광안제2동,2022,53,53,268,0.014263664910319869
수영구,광안동,2650077000,광안제2동,2022,54,54,266,0.014157219649795093
수영구,광안동,2650077000,광안제2동,2022,55,55,280,0.014902336473468518
수영구,광안동,2650077000,광안제2동,2022,56,56,234,0.01245409548139869
수영구,광안동,2650077000,광안제2동,2022,57,57,251,0.013358880195859279
수영구,광안동,2650077000,광안제2동,2022,58,58,262,0.013944329128745542
수영구,광안동,2650077000,광안제2동,2022,59,59,252,0.013412102826121666
수영구,광안동,2650077000,광안제2동,2022,60,60,272,0.014476555431369418
수영구,광안동,2650077000,광안제2동,2022,61,61,277,0.014742668582681357
수영구,광안동,2650077000,광안제2동,2022,62,62,309,0.01644579275107776
수영구,광안동,2650077000,광안제2동,2022,63,63,287,0.015274894885305233
수영구,광안동,2650077000,광안제2동,2022,64,64,266,0.014157219649795093
수영구,광안동,2650077000,광안제2동,2022,65,65,292,0.01554100803661717
수영구,광안동,2650077000,광안제2동,2022,66,66,264,0.014050774389270318
수영구,광안동,2650077000,광안제2동,2022,67,67,273,0.014529778061631806
수영구,광안동,2650077000,광안제2동,2022,68,68,213,0.011336420245888552
수영구,광안동,2650077000,광안제2동,2022,69,69,229,0.012187982330086753
수영구,광안동,2650077000,광안제2동,2022,70,70,219,0.011655756027462877
수영구,광안동,2650077000,광안제2동,2022,71,71,186,0.009899409228804088
수영구,광안동,2650077000,광안제2동,2022,72,72,191,0.010165522380116025
수영구,광안동,2650077000,광안제2동,2022,73,73,196,0.010431635531427964
수영구,광안동,2650077000,광안제2동,2022,74,74,201,0.010697748682739901
수영구,광안동,2650077000,광안제2동,2022,75,75,197,0.01048485816169035
수영구,광안동,2650077000,광안제2동,2022,76,76,157,0.008355952951194848
수영구,광안동,2650077000,광안제2동,2022,77,77,129,0.006865719303847996
수영구,광안동,2650077000,광안제2동,2022,78,78,159,0.008462398211719624
수영구,광안동,2650077000,광안제2동,2022,79,79,137,0.007291500345947097
수영구,광안동,2650077000,광안제2동,2022,80,80,154,0.008196285060407685
수영구,광안동,2650077000,광안제2동,2022,81,81,115,0.00612060248017457
수영구,광안동,2650077000,광안제2동,2022,82,82,116,0.006173825110436958
수영구,광안동,2650077000,광안제2동,2022,83,83,85,0.004523923572302943
수영구,광안동,2650077000,광안제2동,2022,84,84,98,0.005215817765713982
수영구,광안동,2650077000,광안제2동,2022,85,85,75,0.003991697269679068
수영구,광안동,2650077000,광안제2동,2022,86,86,47,0.0025014636223322155
수영구,광안동,2650077000,광안제2동,2022,87,87,43,0.0022885731012826653
수영구,광안동,2650077000,광안제2동,2022,88,88,44,0.002341795731545053
수영구,광안동,2650077000,광안제2동,2022,89,89,33,0.0017563467986587897
수영구,광안동,2650077000,광안제2동,2022,90,90,21,0.001117675235510139
수영구,광안동,2650077000,광안제2동,2022,91,91,23,0.001224120496034914
수영구,광안동,2650077000,광안제2동,2022,92,92,10,0.0005322263026238756
수영구,광안동,2650077000,광안제2동,2022,93,93,10,0.0005322263026238756
수영구,광안동,2650077000,광안제2동,2022,94,94,9,0.0004790036723614881
수영구,광안동,2650077000,광안제2동,2022,95,95,4,0.00021289052104955027
수영구,광안동,2650077000,광안제2동,2022,96,96,1,5.322263026238757e-05
수영구,광안동,2650077000,광안제2동,2022,97,97,0,0.0
수영구,광안동,2650077000,광안제2동,2022,98,98,4,0.00021289052104955027
수영구,광안동,2650077000,광안제2동,2022,99,99,1,5.322263026238757e-05
수영구,광안동,2650077000,광안제2동,2022,100,100세 이상,9,0.0004790036723614881
수영구,광안동,2650077000,광안제2동,2023,0,0,58,0.0031380187199047775
수영구,광안동,2650077000,광안제2동,2023,1,1,74,0.004003679056430233
수영구,광안동,2650077000,광안제2동,2023,2,2,65,0.0035167451171346643
수영구,광안동,2650077000,광안제2동,2023,3,3,72,0.003895471514364551
수영구,광안동,2650077000,광안제2동,2023,4,4,82,0.004436509224692961
수영구,광안동,2650077000,광안제2동,2023,5,5,70,0.0037872639722988694
수영구,광안동,2650077000,광안제2동,2023,6,6,99,0.005356273332251258
수영구,광안동,2650077000,광안제2동,2023,7,7,118,0.006384244981875236
수영구,광안동,2650077000,광안제2동,2023,8,8,125,0.006762971379105124
수영구,광안동,2650077000,광안제2동,2023,9,9,115,0.0062219336687767135
수영구,광안동,2650077000,광안제2동,2023,10,10,119,0.006438348752908078
수영구,광안동,2650077000,광안제2동,2023,11,11,142,0.00768273548666342
수영구,광안동,2650077000,광안제2동,2023,12,12,136,0.007358112860466374
수영구,광안동,2650077000,광안제2동,2023,13,13,134,0.007249905318400692
수영구,광안동,2650077000,광안제2동,2023,14,14,121,0.00654655629497376
수영구,광안동,2650077000,광안제2동,2023,15,15,127,0.006871178921170806
수영구,광안동,2650077000,광안제2동,2023,16,16,111,0.00600551858464535
수영구,광안동,2650077000,광안제2동,2023,17,17,102,0.0055185846453497805
수영구,광안동,2650077000,광안제2동,2023,18,18,133,0.0071958015473678515
수영구,광안동,2650077000,광안제2동,2023,19,19,124,0.006708867608072283
수영구,광안동,2650077000,광안제2동,2023,20,20,132,0.007141697776335011
수영구,광안동,2650077000,광안제2동,2023,21,21,142,0.00768273548666342
수영구,광안동,2650077000,광안제2동,2023,22,22,189,0.010225612725206947
수영구,광안동,2650077000,광안제2동,2023,23,23,270,0.014608018178867067
수영구,광안동,2650077000,광안제2동,2023,24,24,256,0.013850565384407293
수영구,광안동,2650077000,광안제2동,2023,25,25,289,0.015635989828491046
수영구,광안동,2650077000,광안제2동,2023,26,26,342,0.01850348969323162
수영구,광안동,2650077000,광안제2동,2023,27,27,399,0.021587404642103555
수영구,광안동,2650077000,광안제2동,2023,28,28,367,0.019856083969052644
수영구,광안동,2650077000,광안제2동,2023,29,29,336,0.018178867067034574
수영구,광안동,2650077000,광안제2동,2023,30,30,366,0.019801980198019802
수영구,광안동,2650077000,광안제2동,2023,31,31,354,0.01915273494562571
수영구,광안동,2650077000,광안제2동,2023,32,32,330,0.017854244440837528
수영구,광안동,2650077000,광안제2동,2023,33,33,290,0.015690093599523888
수영구,광안동,2650077000,광안제2동,2023,34,34,283,0.015311367202294
수영구,광안동,2650077000,광안제2동,2023,35,35,240,0.012984905047881837
수영구,광안동,2650077000,광안제2동,2023,36,36,219,0.011848725856192177
수영구,광안동,2650077000,광안제2동,2023,37,37,224,0.012119244711356381
수영구,광안동,2650077000,광안제2동,2023,38,38,219,0.011848725856192177
수영구,광안동,2650077000,광안제2동,2023,39,39,217,0.011740518314126494
수영구,광안동,2650077000,광안제2동,2023,40,40,275,0.014878537034031272
수영구,광안동,2650077000,광안제2동,2023,41,41,282,0.015257263431261159
수영구,광안동,2650077000,광안제2동,2023,42,42,325,0.01758372558567332
수영구,광안동,2650077000,광안제2동,2023,43,43,288,0.015581886057458205
수영구,광안동,2650077000,광안제2동,2023,44,44,294,0.01590650868365525
수영구,광안동,2650077000,광안제2동,2023,45,45,217,0.011740518314126494
수영구,광안동,2650077000,광안제2동,2023,46,46,273,0.01477032949196559
수영구,광안동,2650077000,광안제2동,2023,47,47,245,0.013255423903046043
수영구,광안동,2650077000,광안제2동,2023,48,48,259,0.014012876697505816
수영구,광안동,2650077000,광안제2동,2023,49,49,296,0.016014716225720933
수영구,광안동,2650077000,광안제2동,2023,50,50,277,0.014986744576096955
수영구,광안동,2650077000,광안제2동,2023,51,51,265,0.014337499323702861
수영구,광안동,2650077000,광안제2동,2023,52,52,299,0.016177027538819454
수영구,광안동,2650077000,광안제2동,2023,53,53,285,0.015419574744359682
수영구,광안동,2650077000,광안제2동,2023,54,54,279,0.015094952118162636
수영구,광안동,2650077000,광안제2동,2023,55,55,272,0.014716225720932749
수영구,광안동,2650077000,광안제2동,2023,56,56,266,0.014391603094735703
수영구,광안동,2650077000,광안제2동,2023,57,57,238,0.012876697505816156
수영구,광안동,2650077000,광안제2동,2023,58,58,248,0.013417735216144566
수영구,광안동,2650077000,광안제2동,2023,59,59,247,0.013363631445111724
수영구,광안동,2650077000,광안제2동,2023,60,60,247,0.013363631445111724
수영구,광안동,2650077000,광안제2동,2023,61,61,263,0.01422929178163718
수영구,광안동,2650077000,광안제2동,2023,62,62,270,0.014608018178867067
수영구,광안동,2650077000,광안제2동,2023,63,63,296,0.016014716225720933
수영구,광안동,2650077000,광안제2동,2023,64,64,288,0.015581886057458205
수영구,광안동,2650077000,광안제2동,2023,65,65,269,0.014553914407834226
수영구,광안동,2650077000,광안제2동,2023,66,66,286,0.015473678515392523
수영구,광안동,2650077000,광안제2동,2023,67,67,269,0.014553914407834226
수영구,광안동,2650077000,광안제2동,2023,68,68,263,0.01422929178163718
수영구,광안동,2650077000,광안제2동,2023,69,69,213,0.011524103229995131
수영구,광안동,2650077000,광안제2동,2023,70,70,216,0.011686414543093654
수영구,광안동,2650077000,광안제2동,2023,71,71,221,0.011956933398257858
수영구,광안동,2650077000,광안제2동,2023,72,72,186,0.010063301412108424
수영구,광안동,2650077000,광안제2동,2023,73,73,186,0.010063301412108424
수영구,광안동,2650077000,광안제2동,2023,74,74,198,0.010712546664502515
수영구,광안동,2650077000,광안제2동,2023,75,75,193,0.010442027809338311
수영구,광안동,2650077000,광안제2동,2023,76,76,192,0.01038792403830547
수영구,광안동,2650077000,광안제2동,2023,77,77,152,0.008223773196991831
수영구,광안동,2650077000,광안제2동,2023,78,78,126,0.006817075150137964
수영구,광안동,2650077000,광안제2동,2023,79,79,160,0.008656603365254558
수영구,광안동,2650077000,광안제2동,2023,80,80,134,0.007249905318400692
수영구,광안동,2650077000,광안제2동,2023,81,81,147,0.007953254341827625
수영구,광안동,2650077000,광안제2동,2023,82,82,114,0.006167829897743873
수영구,광안동,2650077000,광안제2동,2023,83,83,109,0.005897311042579668
수영구,광안동,2650077000,광안제2동,2023,84,84,82,0.004436509224692961
수영구,광안동,2650077000,광안제2동,2023,85,85,91,0.00492344316398853
수영구,광안동,2650077000,광안제2동,2023,86,86,66,0.0035708488881675054
수영구,광안동,2650077000,광안제2동,2023,87,87,46,0.0024887734675106857
수영구,광안동,2650077000,광안제2동,2023,88,88,39,0.0021100470702807984
수영구,광안동,2650077000,광안제2동,2023,89,89,38,0.0020559432992479578
수영구,광안동,2650077000,광안제2동,2023,90,90,27,0.0014608018178867068
수영구,광안동,2650077000,광안제2동,2023,91,91,17,0.0009197641075582968
수영구,광안동,2650077000,광안제2동,2023,92,92,17,0.0009197641075582968
수영구,광안동,2650077000,광안제2동,2023,93,93,9,0.0004869339392955689
수영구,광안동,2650077000,광안제2동,2023,94,94,8,0.0004328301682627279
수영구,광안동,2650077000,광안제2동,2023,95,95,9,0.0004869339392955689
수영구,광안동,2650077000,광안제2동,2023,96,96,2,0.00010820754206568198
수영구,광안동,2650077000,광안제2동,2023,97,97,1,5.410377103284099e-05
수영구,광안동,2650077000,광안제2동,2023,98,98,0,0.0
수영구,광안동,2650077000,광안제2동,2023,99,99,2,0.00010820754206568198
수영구,광안동,2650077000,광안제2동,2023,100,100세 이상,10,0.0005410377103284099
수영구,광안동,2650077000,광안제2동,2024,0,0,59,0.003220699819859163
수영구,광안동,2650077000,광안제2동,2024,1,1,55,0.0030023472896992193
수영구,광안동,2650077000,광안제2동,2024,2,2,75,0.004094109940498936
수영구,광안동,2650077000,광안제2동,2024,3,3,70,0.0038211692777990066
수영구,광안동,2650077000,광안제2동,2024,4,4,69,0.0037665811452590207
수영구,광안동,2650077000,광안제2동,2024,5,5,81,0.00442163873573885
수영구,광안동,2650077000,광안제2동,2024,6,6,78,0.004257874338118893
수영구,광안동,2650077000,광안제2동,2024,7,7,95,0.005185872591298652
수영구,광안동,2650077000,광안제2동,2024,8,8,115,0.0062776352420983676
수영구,광안동,2650077000,광안제2동,2024,9,9,125,0.006823516567498226
수영구,광안동,2650077000,광안제2동,2024,10,10,117,0.006386811507178339
수영구,광안동,2650077000,광안제2동,2024,11,11,121,0.006605164037338283
수영구,광안동,2650077000,광안제2동,2024,12,12,135,0.007369397892898084
수영구,광안동,2650077000,광안제2동,2024,13,13,134,0.007314809760358098
수영구,광안동,2650077000,광안제2동,2024,14,14,137,0.007478574157978056
수영구,광안동,2650077000,광안제2동,2024,15,15,124,0.00676892843495824
수영구,광안동,2650077000,광안제2동,2024,16,16,126,0.006878104700038212
수영구,광안동,2650077000,광안제2동,2024,17,17,106,0.005786342049238496
수영구,광안동,2650077000,광안제2동,2024,18,18,101,0.005513401386538566
수영구,광안동,2650077000,광안제2동,2024,19,19,140,0.007642338555598013
수영구,광안동,2650077000,광안제2동,2024,20,20,121,0.006605164037338283
수영구,광안동,2650077000,광안제2동,2024,21,21,152,0.008297396146077843
수영구,광안동,2650077000,광안제2동,2024,22,22,155,0.008461160543697801
수영구,광안동,2650077000,광안제2동,2024,23,23,213,0.011627272231016977
수영구,광안동,2650077000,광안제2동,2024,24,24,303,0.0165402041596157
수영구,광안동,2650077000,광안제2동,2024,25,25,276,0.015066324581036083
수영구,광안동,2650077000,광안제2동,2024,26,26,321,0.017522790545335443
수영구,광안동,2650077000,광안제2동,2024,27,27,333,0.018177848135815272
수영구,광안동,2650077000,광안제2동,2024,28,28,408,0.02227195807631421
수영구,광안동,2650077000,광안제2동,2024,29,29,345,0.018832905726295104
수영구,광안동,2650077000,광안제2동,2024,30,30,334,0.01823243626835526
수영구,광안동,2650077000,광안제2동,2024,31,31,355,0.019378787051694962
수영구,광안동,2650077000,광안제2동,2024,32,32,339,0.01850537693105519
수영구,광안동,2650077000,광안제2동,2024,33,33,313,0.017086085485015556
수영구,광안동,2650077000,광안제2동,2024,34,34,268,0.014629619520716196
수영구,광안동,2650077000,광안제2동,2024,35,35,263,0.014356678858016267
수영구,광안동,2650077000,광안제2동,2024,36,36,238,0.012991975544516622
수영구,광안동,2650077000,광안제2동,2024,37,37,213,0.011627272231016977
수영구,광안동,2650077000,광안제2동,2024,38,38,222,0.01211856542387685
수영구,광안동,2650077000,광안제2동,2024,39,39,216,0.011791036628636934
수영구,광안동,2650077000,광안제2동,2024,40,40,213,0.011627272231016977
수영구,광안동,2650077000,광안제2동,2024,41,41,257,0.014029150062776352
수영구,광안동,2650077000,광안제2동,2024,42,42,271,0.014793383918336154
수영구,광안동,2650077000,광안제2동,2024,43,43,316,0.017249849882635514
수영구,광안동,2650077000,광안제2동,2024,44,44,280,0.015284677111196026
수영구,광안동,2650077000,광안제2동,2024,45,45,295,0.01610349909929581
수영구,광안동,2650077000,광안제2동,2024,46,46,221,0.012063977291336863
수영구,광안동,2650077000,광안제2동,2024,47,47,263,0.014356678858016267
수영구,광안동,2650077000,광안제2동,2024,48,48,235,0.012828211146896664
수영구,광안동,2650077000,광안제2동,2024,49,49,259,0.014138326327856323
수영구,광안동,2650077000,광안제2동,2024,50,50,289,0.0157759703040559
수영구,광안동,2650077000,광안제2동,2024,51,51,281,0.015339265243736012
수영구,광안동,2650077000,광안제2동,2024,52,52,275,0.015011736448496097
수영구,광안동,2650077000,광안제2동,2024,53,53,301,0.016431027894535728
수영구,광안동,2650077000,광안제2동,2024,54,54,289,0.0157759703040559
수영구,광안동,2650077000,광안제2동,2024,55,55,282,0.015393853376275997
수영구,광안동,2650077000,광안제2동,2024,56,56,275,0.015011736448496097
수영구,광안동,2650077000,광안제2동,2024,57,57,262,0.014302090725476281
수영구,광안동,2650077000,광안제2동,2024,58,58,235,0.012828211146896664
수영구,광안동,2650077000,광안제2동,2024,59,59,236,0.012882799279436651
수영구,광안동,2650077000,광안제2동,2024,60,60,245,0.013374092472296522
수영구,광안동,2650077000,광안제2동,2024,61,61,248,0.01353785686991648
수영구,광안동,2650077000,광안제2동,2024,62,62,249,0.013592445002456465
수영구,광안동,2650077000,광안제2동,2024,63,63,265,0.01446585512309624
수영구,광안동,2650077000,광안제2동,2024,64,64,291,0.01588514656913587
수영구,광안동,2650077000,광안제2동,2024,65,65,273,0.014902560183416125
수영구,광안동,2650077000,광안제2동,2024,66,66,256,0.013974561930236367
수영구,광안동,2650077000,광안제2동,2024,67,67,283,0.015448441508815983
수영구,광안동,2650077000,광안제2동,2024,68,68,254,0.013865385665156394
수영구,광안동,2650077000,광안제2동,2024,69,69,257,0.014029150062776352
수영구,광안동,2650077000,광안제2동,2024,70,70,215,0.011736448496096948
수영구,광안동,2650077000,광안제2동,2024,71,71,212,0.011572684098476992
수영구,광안동,2650077000,광안제2동,2024,72,72,218,0.011900212893716906
수영구,광안동,2650077000,광안제2동,2024,73,73,182,0.009935040122277417
수영구,광안동,2650077000,광안제2동,2024,74,74,182,0.009935040122277417
수영구,광안동,2650077000,광안제2동,2024,75,75,205,0.01119056717069709
수영구,광안동,2650077000,광안제2동,2024,76,76,185,0.010098804519897375
수영구,광안동,2650077000,광안제2동,2024,77,77,191,0.010426333315137289
수영구,광안동,2650077000,광안제2동,2024,78,78,149,0.008133631748457885
수영구,광안동,2650077000,광안제2동,2024,79,79,123,0.0067143403024182546
수영구,광안동,2650077000,광안제2동,2024,80,80,149,0.008133631748457885
수영구,광안동,2650077000,광안제2동,2024,81,81,132,0.007205633495278126
수영구,광안동,2650077000,광안제2동,2024,82,82,141,0.007696926688137999
수영구,광안동,2650077000,광안제2동,2024,83,83,105,0.00573175391669851
수영구,광안동,2650077000,광안제2동,2024,84,84,99,0.005404225121458595
수영구,광안동,2650077000,광안제2동,2024,85,85,83,0.004530815000818822
수영구,광안동,2650077000,광안제2동,2024,86,86,80,0.004367050603198865
수영구,광안동,2650077000,광안제2동,2024,87,87,60,0.0032752879523991483
수영구,광안동,2650077000,광안제2동,2024,88,88,43,0.0023472896992193897
수영구,광안동,2650077000,광안제2동,2024,89,89,30,0.0016376439761995741
수영구,광안동,2650077000,광안제2동,2024,90,90,33,0.0018014083738195315
수영구,광안동,2650077000,광안제2동,2024,91,91,23,0.0012555270484196736
수영구,광안동,2650077000,광안제2동,2024,92,92,16,0.0008734101206397729
수영구,광안동,2650077000,광안제2동,2024,93,93,16,0.0008734101206397729
수영구,광안동,2650077000,광안제2동,2024,94,94,7,0.00038211692777990065
수영구,광안동,2650077000,광안제2동,2024,95,95,9,0.0004912931928598722
수영구,광안동,2650077000,광안제2동,2024,96,96,9,0.0004912931928598722
수영구,광안동,2650077000,광안제2동,2024,97,97,3,0.0001637643976199574
수영구,광안동,2650077000,광안제2동,2024,98,98,0,0.0
수영구,광안동,2650077000,광안제2동,2024,99,99,0,0.0
수영구,광안동,2650077000,광안제2동,2024,100,100세 이상,12,0.0006550575904798297
수영구,광안동,2650078000,광안제3동,2020,0,0,23,0.002372112211221122
수영구,광안동,2650078000,광안제3동,2020,1,1,28,0.0028877887788778876
수영구,광안동,2650078000,광안제3동,2020,2,2,21,0.002165841584158416
수영구,광안동,2650078000,광안제3동,2020,3,3,23,0.002372112211221122
수영구,광안동,2650078000,광안제3동,2020,4,4,32,0.0033003300330033004
수영구,광안동,2650078000,광안제3동,2020,5,5,34,0.0035066006600660065
수영구,광안동,2650078000,광안제3동,2020,6,6,38,0.003919141914191419
수영구,광안동,2650078000,광안제3동,2020,7,7,29,0.002990924092409241
수영구,광안동,2650078000,광안제3동,2020,8,8,37,0.003816006600660066
수영구,광안동,2650078000,광안제3동,2020,9,9,45,0.004641089108910891
수영구,광안동,2650078000,광안제3동,2020,10,10,41,0.0042285478547854785
수영구,광안동,2650078000,광안제3동,2020,11,11,38,0.003919141914191419
수영구,광안동,2650078000,광안제3동,2020,12,12,39,0.004022277227722772
수영구,광안동,2650078000,광안제3동,2020,13,13,35,0.0036097359735973596
수영구,광안동,2650078000,광안제3동,2020,14,14,42,0.004331683168316832
수영구,광안동,2650078000,광안제3동,2020,15,15,37,0.003816006600660066
수영구,광안동,2650078000,광안제3동,2020,16,16,51,0.00525990099009901
수영구,광안동,2650078000,광안제3동,2020,17,17,35,0.0036097359735973596
수영구,광안동,2650078000,광안제3동,2020,18,18,43,0.004434818481848185
수영구,광안동,2650078000,광안제3동,2020,19,19,51,0.00525990099009901
수영구,광안동,2650078000,광안제3동,2020,20,20,98,0.010107260726072606
수영구,광안동,2650078000,광안제3동,2020,21,21,91,0.009385313531353136
수영구,광안동,2650078000,광안제3동,2020,22,22,119,0.012273102310231022
수영구,광안동,2650078000,광안제3동,2020,23,23,179,0.018461221122112213
수영구,광안동,2650078000,광안제3동,2020,24,24,185,0.01908003300330033
수영구,광안동,2650078000,광안제3동,2020,25,25,238,0.024546204620462045
수영구,광안동,2650078000,광안제3동,2020,26,26,240,0.024752475247524754
수영구,광안동,2650078000,광안제3동,2020,27,27,237,0.024443069306930694
수영구,광안동,2650078000,광안제3동,2020,28,28,244,0.025165016501650164
수영구,광안동,2650078000,광안제3동,2020,29,29,225,0.023205445544554455
수영구,광안동,2650078000,광안제3동,2020,30,30,211,0.02176155115511551
수영구,광안동,2650078000,광안제3동,2020,31,31,178,0.018358085808580858
수영구,광안동,2650078000,광안제3동,2020,32,32,166,0.01712046204620462
수영구,광안동,2650078000,광안제3동,2020,33,33,144,0.01485148514851485
수영구,광안동,2650078000,광안제3동,2020,34,34,128,0.013201320132013201
수영구,광안동,2650078000,광안제3동,2020,35,35,125,0.012891914191419142
수영구,광안동,2650078000,광안제3동,2020,36,36,116,0.011963696369636964
수영구,광안동,2650078000,광안제3동,2020,37,37,135,0.013923267326732673
수영구,광안동,2650078000,광안제3동,2020,38,38,123,0.012685643564356437
수영구,광안동,2650078000,광안제3동,2020,39,39,140,0.014438943894389438
수영구,광안동,2650078000,광안제3동,2020,40,40,146,0.015057755775577558
수영구,광안동,2650078000,광안제3동,2020,41,41,124,0.01278877887788779
수영구,광안동,2650078000,광안제3동,2020,42,42,110,0.011344884488448845
수영구,광안동,2650078000,광안제3동,2020,43,43,105,0.010829207920792078
수영구,광안동,2650078000,광안제3동,2020,44,44,111,0.011448019801980198
수영구,광안동,2650078000,광안제3동,2020,45,45,113,0.011654290429042905
수영구,광안동,2650078000,광안제3동,2020,46,46,116,0.011963696369636964
수영구,광안동,2650078000,광안제3동,2020,47,47,149,0.015367161716171618
수영구,광안동,2650078000,광안제3동,2020,48,48,129,0.013304455445544554
수영구,광안동,2650078000,광안제3동,2020,49,49,124,0.01278877887788779
수영구,광안동,2650078000,광안제3동,2020,50,50,142,0.014645214521452146
수영구,광안동,2650078000,광안제3동,2020,51,51,142,0.014645214521452146
수영구,광안동,2650078000,광안제3동,2020,52,52,146,0.015057755775577558
수영구,광안동,2650078000,광안제3동,2020,53,53,127,0.013098184818481849
수영구,광안동,2650078000,광안제3동,2020,54,54,101,0.010416666666666666
수영구,광안동,2650078000,광안제3동,2020,55,55,112,0.01155115511551155
수영구,광안동,2650078000,광안제3동,2020,56,56,131,0.013510726072607261
수영구,광안동,2650078000,광안제3동,2020,57,57,144,0.01485148514851485
수영구,광안동,2650078000,광안제3동,2020,58,58,156,0.01608910891089109
수영구,광안동,2650078000,광안제3동,2020,59,59,176,0.018151815181518153
수영구,광안동,2650078000,광안제3동,2020,60,60,183,0.018873762376237623
수영구,광안동,2650078000,광안제3동,2020,61,61,163,0.01681105610561056
수영구,광안동,2650078000,광안제3동,2020,62,62,177,0.018254950495049504
수영구,광안동,2650078000,광안제3동,2020,63,63,193,0.019905115511551157
수영구,광안동,2650078000,광안제3동,2020,64,64,170,0.017533003300330034
수영구,광안동,2650078000,광안제3동,2020,65,65,172,0.01773927392739274
수영구,광안동,2650078000,광안제3동,2020,66,66,150,0.01547029702970297
수영구,광안동,2650078000,광안제3동,2020,67,67,143,0.014748349834983498
수영구,광안동,2650078000,광안제3동,2020,68,68,154,0.015882838283828384
수영구,광안동,2650078000,광안제3동,2020,69,69,111,0.011448019801980198
수영구,광안동,2650078000,광안제3동,2020,70,70,117,0.012066831683168317
수영구,광안동,2650078000,광안제3동,2020,71,71,112,0.01155115511551155
수영구,광안동,2650078000,광안제3동,2020,72,72,141,0.014542079207920793
수영구,광안동,2650078000,광안제3동,2020,73,73,119,0.012273102310231022
수영구,광안동,2650078000,광안제3동,2020,74,74,102,0.01051980198019802
수영구,광안동,2650078000,광안제3동,2020,75,75,70,0.007219471947194719
수영구,광안동,2650078000,광안제3동,2020,76,76,90,0.009282178217821782
수영구,광안동,2650078000,광안제3동,2020,77,77,83,0.00856023102310231
수영구,광안동,2650078000,광안제3동,2020,78,78,97,0.010004125412541254
수영구,광안동,2650078000,광안제3동,2020,79,79,75,0.007735148514851485
수영구,광안동,2650078000,광안제3동,2020,80,80,58,0.005981848184818482
수영구,광안동,2650078000,광안제3동,2020,81,81,56,0.005775577557755775
수영구,광안동,2650078000,광안제3동,2020,82,82,53,0.005466171617161716
수영구,광안동,2650078000,광안제3동,2020,83,83,50,0.005156765676567657
수영구,광안동,2650078000,광안제3동,2020,84,84,41,0.0042285478547854785
수영구,광안동,2650078000,광안제3동,2020,85,85,36,0.0037128712871287127
수영구,광안동,2650078000,광안제3동,2020,86,86,38,0.003919141914191419
수영구,광안동,2650078000,광안제3동,2020,87,87,19,0.0019595709570957094
수영구,광안동,2650078000,광안제3동,2020,88,88,18,0.0018564356435643563
수영구,광안동,2650078000,광안제3동,2020,89,89,12,0.0012376237623762376
수영구,광안동,2650078000,광안제3동,2020,90,90,7,0.0007219471947194719
수영구,광안동,2650078000,광안제3동,2020,91,91,9,0.0009282178217821782
수영구,광안동,2650078000,광안제3동,2020,92,92,8,0.0008250825082508251
수영구,광안동,2650078000,광안제3동,2020,93,93,7,0.0007219471947194719
수영구,광안동,2650078000,광안제3동,2020,94,94,4,0.00041254125412541255
수영구,광안동,2650078000,광안제3동,2020,95,95,3,0.0003094059405940594
수영구,광안동,2650078000,광안제3동,2020,96,96,1,0.00010313531353135314
수영구,광안동,2650078000,광안제3동,2020,97,97,1,0.00010313531353135314
수영구,광안동,2650078000,광안제3동,2020,98,98,0,0.0
수영구,광안동,2650078000,광안제3동,2020,99,99,1,0.00010313531353135314
수영구,광안동,2650078000,광안제3동,2020,100,100세 이상,4,0.00041254125412541255
수영구,광안동,2650078000,광안제3동,2021,0,0,14,0.0014587892049598833
수영구,광안동,2650078000,광안제3동,2021,1,1,16,0.001667187662811295
수영구,광안동,2650078000,광안제3동,2021,2,2,22,0.002292383036365531
수영구,광안동,2650078000,광안제3동,2021,3,3,16,0.001667187662811295
수영구,광안동,2650078000,광안제3동,2021,4,4,21,0.002188183807439825
수영구,광안동,2650078000,광안제3동,2021,5,5,31,0.0032301760966968844
수영구,광안동,2650078000,광안제3동,2021,6,6,26,0.0027091799520683546
수영구,광안동,2650078000,광안제3동,2021,7,7,38,0.003959570699176826
수영구,광안동,2650078000,광안제3동,2021,8,8,30,0.0031259768677711786
수영구,광안동,2650078000,광안제3동,2021,9,9,33,0.0034385745545482964
수영구,광안동,2650078000,광안제3동,2021,10,10,47,0.0048973637595081795
수영구,광안동,2650078000,광안제3동,2021,11,11,35,0.0036469730123997084
수영구,광안동,2650078000,광안제3동,2021,12,12,34,0.003542773783474002
수영구,광안동,2650078000,광안제3동,2021,13,13,38,0.003959570699176826
수영구,광안동,2650078000,광안제3동,2021,14,14,33,0.0034385745545482964
수영구,광안동,2650078000,광안제3동,2021,15,15,42,0.00437636761487965
수영구,광안동,2650078000,광안제3동,2021,16,16,29,0.0030217776388454724
수영구,광안동,2650078000,광안제3동,2021,17,17,47,0.0048973637595081795
수영구,광안동,2650078000,광안제3동,2021,18,18,39,0.004063769928102532
수영구,광안동,2650078000,광안제3동,2021,19,19,53,0.005522559133062415
수영구,광안동,2650078000,광안제3동,2021,20,20,62,0.006460352193393769
수영구,광안동,2650078000,광안제3동,2021,21,21,113,0.011774512868604772
수영구,광안동,2650078000,광안제3동,2021,22,22,121,0.01260810670001042
수영구,광안동,2650078000,광안제3동,2021,23,23,171,0.017818068146295718
수영구,광안동,2650078000,광안제3동,2021,24,24,212,0.02209023653224966
수영구,광안동,2650078000,광안제3동,2021,25,25,245,0.025528811086797956
수영구,광안동,2650078000,광안제3동,2021,26,26,261,0.027195998749609252
수영구,광안동,2650078000,광안제3동,2021,27,27,284,0.02959258101490049
수영구,광안동,2650078000,광안제3동,2021,28,28,268,0.027925393352089194
수영구,광안동,2650078000,광안제3동,2021,29,29,277,0.028863186412420548
수영구,광안동,2650078000,광안제3동,2021,30,30,238,0.024799416484318017
수영구,광안동,2650078000,광안제3동,2021,31,31,180,0.018755861206627072
수영구,광안동,2650078000,광안제3동,2021,32,32,156,0.01625507971241013
수영구,광안동,2650078000,광안제3동,2021,33,33,167,0.017401271230592895
수영구,광안동,2650078000,광안제3동,2021,34,34,131,0.01365009898926748
수영구,광안동,2650078000,광안제3동,2021,35,35,122,0.012712305928936126
수영구,광안동,2650078000,광안제3동,2021,36,36,120,0.012503907471084715
수영구,광안동,2650078000,광안제3동,2021,37,37,107,0.011149317495050536
수영구,광안동,2650078000,광안제3동,2021,38,38,126,0.01312910284463895
수영구,광안동,2650078000,광안제3동,2021,39,39,114,0.011878712097530478
수영구,광안동,2650078000,광안제3동,2021,40,40,129,0.013441700531416068
수영구,광안동,2650078000,광안제3동,2021,41,41,130,0.013545899760341774
수영구,광안동,2650078000,광안제3동,2021,42,42,113,0.011774512868604772
수영구,광안동,2650078000,광안제3동,2021,43,43,114,0.011878712097530478
수영구,광안동,2650078000,광안제3동,2021,44,44,92,0.009586329061164947
수영구,광안동,2650078000,광안제3동,2021,45,45,117,0.012191309784307595
수영구,광안동,2650078000,광안제3동,2021,46,46,97,0.010107325205793476
수영구,광안동,2650078000,광안제3동,2021,47,47,116,0.01208711055538189
수영구,광안동,2650078000,광안제3동,2021,48,48,144,0.015004688965301657
수영구,광안동,2650078000,광안제3동,2021,49,49,124,0.012920704386787538
수영구,광안동,2650078000,광안제3동,2021,50,50,130,0.013545899760341774
수영구,광안동,2650078000,광안제3동,2021,51,51,135,0.014066895904970303
수영구,광안동,2650078000,광안제3동,2021,52,52,123,0.012816505157861832
수영구,광안동,2650078000,광안제3동,2021,53,53,146,0.015213087423153068
수영구,광안동,2650078000,광안제3동,2021,54,54,126,0.01312910284463895
수영구,광안동,2650078000,광안제3동,2021,55,55,96,0.01000312597686777
수영구,광안동,2650078000,광안제3동,2021,56,56,112,0.011670313639679067
수영구,광안동,2650078000,광안제3동,2021,57,57,129,0.013441700531416068
수영구,광안동,2650078000,광안제3동,2021,58,58,138,0.01437949359174742
수영구,광안동,2650078000,광안제3동,2021,59,59,150,0.01562988433885589
수영구,광안동,2650078000,광안제3동,2021,60,60,160,0.016671876628112953
수영구,광안동,2650078000,광안제3동,2021,61,61,176,0.01833906429092425
수영구,광안동,2650078000,광안제3동,2021,62,62,158,0.01646347817026154
수영구,광안동,2650078000,광안제3동,2021,63,63,160,0.016671876628112953
수영구,광안동,2650078000,광안제3동,2021,64,64,186,0.019381056580181306
수영구,광안동,2650078000,광안제3동,2021,65,65,157,0.016359278941335834
수영구,광안동,2650078000,광안제3동,2021,66,66,164,0.017088673543815776
수영구,광안동,2650078000,광안제3동,2021,67,67,142,0.014796290507450245
수영구,광안동,2650078000,광안제3동,2021,68,68,144,0.015004688965301657
수영구,광안동,2650078000,광안제3동,2021,69,69,144,0.015004688965301657
수영구,광안동,2650078000,광안제3동,2021,70,70,106,0.01104511826612483
수영구,광안동,2650078000,광안제3동,2021,71,71,110,0.011461915181827655
수영구,광안동,2650078000,광안제3동,2021,72,72,113,0.011774512868604772
수영구,광안동,2650078000,광안제3동,2021,73,73,134,0.013962696676044597
수영구,광안동,2650078000,광안제3동,2021,74,74,117,0.012191309784307595
수영구,광안동,2650078000,광안제3동,2021,75,75,98,0.010211524434719184
수영구,광안동,2650078000,광안제3동,2021,76,76,68,0.007085547566948004
수영구,광안동,2650078000,광안제3동,2021,77,77,84,0.0087527352297593
수영구,광안동,2650078000,광안제3동,2021,78,78,79,0.00823173908513077
수영구,광안동,2650078000,광안제3동,2021,79,79,92,0.009586329061164947
수영구,광안동,2650078000,광안제3동,2021,80,80,77,0.008023340627279359
수영구,광안동,2650078000,광안제3동,2021,81,81,56,0.005835156819839533
수영구,광안동,2650078000,광안제3동,2021,82,82,48,0.005001562988433885
수영구,광안동,2650078000,광안제3동,2021,83,83,39,0.004063769928102532
수영구,광안동,2650078000,광안제3동,2021,84,84,44,0.004584766072731062
수영구,광안동,2650078000,광안제3동,2021,85,85,37,0.00385537147025112
수영구,광안동,2650078000,광안제3동,2021,86,86,30,0.0031259768677711786
수영구,광안동,2650078000,광안제3동,2021,87,87,25,0.002604980723142649
수영구,광안동,2650078000,광안제3동,2021,88,88,17,0.001771386891737001
수영구,광안동,2650078000,광안제3동,2021,89,89,14,0.0014587892049598833
수영구,광안동,2650078000,광안제3동,2021,90,90,8,0.0008335938314056475
수영구,광안동,2650078000,광안제3동,2021,91,91,4,0.0004167969157028238
수영구,광안동,2650078000,광안제3동,2021,92,92,7,0.0007293946024799417
수영구,광안동,2650078000,광안제3동,2021,93,93,4,0.0004167969157028238
수영구,광안동,2650078000,광안제3동,2021,94,94,7,0.0007293946024799417
수영구,광안동,2650078000,광안제3동,2021,95,95,4,0.0004167969157028238
수영구,광안동,2650078000,광안제3동,2021,96,96,1,0.00010419922892570594
수영구,광안동,2650078000,광안제3동,2021,97,97,0,0.0
수영구,광안동,2650078000,광안제3동,2021,98,98,1,0.00010419922892570594
수영구,광안동,2650078000,광안제3동,2021,99,99,1,0.00010419922892570594
수영구,광안동,2650078000,광안제3동,2021,100,100세 이상,1,0.00010419922892570594
수영구,광안동,2650078000,광안제3동,2022,0,0,20,0.002087464774031938
수영구,광안동,2650078000,광안제3동,2022,1,1,16,0.0016699718192255506
수영구,광안동,2650078000,광안제3동,2022,2,2,12,0.001252478864419163
수영구,광안동,2650078000,광안제3동,2022,3,3,21,0.002191838012733535
수영구,광안동,2650078000,광안제3동,2022,4,4,21,0.002191838012733535
수영구,광안동,2650078000,광안제3동,2022,5,5,25,0.0026093309675399227
수영구,광안동,2650078000,광안제3동,2022,6,6,25,0.0026093309675399227
수영구,광안동,2650078000,광안제3동,2022,7,7,25,0.0026093309675399227
수영구,광안동,2650078000,광안제3동,2022,8,8,31,0.003235570399749504
수영구,광안동,2650078000,광안제3동,2022,9,9,32,0.003339943638451101
수영구,광안동,2650078000,광안제3동,2022,10,10,28,0.0029224506836447134
수영구,광안동,2650078000,광안제3동,2022,11,11,43,0.004488049264168667
수영구,광안동,2650078000,광안제3동,2022,12,12,38,0.003966183070660683
수영구,광안동,2650078000,광안제3동,2022,13,13,31,0.003235570399749504
수영구,광안동,2650078000,광안제3동,2022,14,14,39,0.004070556309362279
수영구,광안동,2650078000,광안제3동,2022,15,15,32,0.003339943638451101
수영구,광안동,2650078000,광안제3동,2022,16,16,37,0.0038618098319590857
수영구,광안동,2650078000,광안제3동,2022,17,17,26,0.0027137042062415195
수영구,광안동,2650078000,광안제3동,2022,18,18,49,0.005114288696378248
수영구,광안동,2650078000,광안제3동,2022,19,19,48,0.005009915457676652
수영구,광안동,2650078000,광안제3동,2022,20,20,77,0.008036739380022962
수영구,광안동,2650078000,광안제3동,2022,21,21,78,0.008141112618724558
수영구,광안동,2650078000,광안제3동,2022,22,22,139,0.014507880179521971
수영구,광안동,2650078000,광안제3동,2022,23,23,160,0.016699718192255505
수영구,광안동,2650078000,광안제3동,2022,24,24,210,0.021918380127335352
수영구,광안동,2650078000,광안제3동,2022,25,25,241,0.025153950527084856
수영구,광안동,2650078000,광안제3동,2022,26,26,246,0.02567581672059284
수영구,광안동,2650078000,광안제3동,2022,27,27,262,0.02734578853981839
수영구,광안동,2650078000,광안제3동,2022,28,28,279,0.029120133597745537
수영구,광안동,2650078000,광안제3동,2022,29,29,273,0.028493894165535955
수영구,광안동,2650078000,광안제3동,2022,30,30,281,0.029328880075148733
수영구,광안동,2650078000,광안제3동,2022,31,31,229,0.023901471662665694
수영구,광안동,2650078000,광안제3동,2022,32,32,170,0.017743450579271475
수영구,광안동,2650078000,광안제3동,2022,33,33,160,0.016699718192255505
수영구,광안동,2650078000,광안제3동,2022,34,34,153,0.015969105521344326
수영구,광안동,2650078000,광안제3동,2022,35,35,143,0.014925373134328358
수영구,광안동,2650078000,광안제3동,2022,36,36,110,0.011481056257175661
수영구,광안동,2650078000,광안제3동,2022,37,37,111,0.011585429495877257
수영구,광안동,2650078000,광안제3동,2022,38,38,99,0.010332950631458095
수영구,광안동,2650078000,광안제3동,2022,39,39,118,0.012316042166788435
수영구,광안동,2650078000,광안제3동,2022,40,40,107,0.01116793654107087
수영구,광안동,2650078000,광안제3동,2022,41,41,118,0.012316042166788435
수영구,광안동,2650078000,광안제3동,2022,42,42,119,0.012420415405490033
수영구,광안동,2650078000,광안제3동,2022,43,43,117,0.012211668928086838
수영구,광안동,2650078000,광안제3동,2022,44,44,113,0.011794175973280452
수영구,광안동,2650078000,광안제3동,2022,45,45,86,0.008976098528337334
수영구,광안동,2650078000,광안제3동,2022,46,46,115,0.012002922450683644
수영구,광안동,2650078000,광안제3동,2022,47,47,96,0.010019830915353304
수영구,광안동,2650078000,광안제3동,2022,48,48,113,0.011794175973280452
수영구,광안동,2650078000,광안제3동,2022,49,49,127,0.013255401315102808
수영구,광안동,2650078000,광안제3동,2022,50,50,127,0.013255401315102808
수영구,광안동,2650078000,광안제3동,2022,51,51,128,0.013359774553804405
수영구,광안동,2650078000,광안제3동,2022,52,52,130,0.013568521031207599
수영구,광안동,2650078000,광안제3동,2022,53,53,122,0.012733535121594823
수영구,광안동,2650078000,광안제3동,2022,54,54,145,0.015134119611731552
수영구,광안동,2650078000,광안제3동,2022,55,55,119,0.012420415405490033
수영구,광안동,2650078000,광안제3동,2022,56,56,94,0.00981108443795011
수영구,광안동,2650078000,광안제3동,2022,57,57,116,0.012107295689385242
수영구,광안동,2650078000,광안제3동,2022,58,58,128,0.013359774553804405
수영구,광안동,2650078000,광안제3동,2022,59,59,139,0.014507880179521971
수영구,광안동,2650078000,광안제3동,2022,60,60,142,0.014820999895626762
수영구,광안동,2650078000,광안제3동,2022,61,61,164,0.017117211147061894
수영구,광안동,2650078000,광안제3동,2022,62,62,169,0.017639077340569877
수영구,광안동,2650078000,광안제3동,2022,63,63,155,0.016177851998747522
수영구,광안동,2650078000,광안제3동,2022,64,64,156,0.016282225237449117
수영구,광안동,2650078000,광안제3동,2022,65,65,178,0.01857843648888425
수영구,광안동,2650078000,광안제3동,2022,66,66,153,0.015969105521344326
수영구,광안동,2650078000,광안제3동,2022,67,67,158,0.016490971714852313
수영구,광안동,2650078000,광안제3동,2022,68,68,149,0.01555161256653794
수영구,광안동,2650078000,광안제3동,2022,69,69,145,0.015134119611731552
수영구,광안동,2650078000,광안제3동,2022,70,70,142,0.014820999895626762
수영구,광안동,2650078000,광안제3동,2022,71,71,103,0.010750443586264482
수영구,광안동,2650078000,광안제3동,2022,72,72,108,0.011272309779772467
수영구,광안동,2650078000,광안제3동,2022,73,73,116,0.012107295689385242
수영구,광안동,2650078000,광안제3동,2022,74,74,139,0.014507880179521971
수영구,광안동,2650078000,광안제3동,2022,75,75,121,0.012629161882893225
수영구,광안동,2650078000,광안제3동,2022,76,76,95,0.009915457676651706
수영구,광안동,2650078000,광안제3동,2022,77,77,65,0.0067842605156037995
수영구,광안동,2650078000,광안제3동,2022,78,78,76,0.007932366141321366
수영구,광안동,2650078000,광안제3동,2022,79,79,73,0.007619246425216574
수영구,광안동,2650078000,광안제3동,2022,80,80,85,0.008871725289635738
수영구,광안동,2650078000,광안제3동,2022,81,81,73,0.007619246425216574
수영구,광안동,2650078000,광안제3동,2022,82,82,49,0.005114288696378248
수영구,광안동,2650078000,광안제3동,2022,83,83,46,0.004801168980273458
수영구,광안동,2650078000,광안제3동,2022,84,84,37,0.0038618098319590857
수영구,광안동,2650078000,광안제3동,2022,85,85,41,0.0042793027867654735
수영구,광안동,2650078000,광안제3동,2022,86,86,40,0.004174929548063876
수영구,광안동,2650078000,광안제3동,2022,87,87,24,0.002504957728838326
수영구,광안동,2650078000,광안제3동,2022,88,88,23,0.002400584490136729
수영구,광안동,2650078000,광안제3동,2022,89,89,16,0.0016699718192255506
수영구,광안동,2650078000,광안제3동,2022,90,90,11,0.001148105625717566
수영구,광안동,2650078000,광안제3동,2022,91,91,6,0.0006262394322095815
수영구,광안동,2650078000,광안제3동,2022,92,92,4,0.00041749295480638765
수영구,광안동,2650078000,광안제3동,2022,93,93,5,0.0005218661935079845
수영구,광안동,2650078000,광안제3동,2022,94,94,4,0.00041749295480638765
수영구,광안동,2650078000,광안제3동,2022,95,95,6,0.0006262394322095815
수영구,광안동,2650078000,광안제3동,2022,96,96,4,0.00041749295480638765
수영구,광안동,2650078000,광안제3동,2022,97,97,0,0.0
수영구,광안동,2650078000,광안제3동,2022,98,98,0,0.0
수영구,광안동,2650078000,광안제3동,2022,99,99,1,0.00010437323870159691
수영구,광안동,2650078000,광안제3동,2022,100,100세 이상,2,0.00020874647740319382
수영구,광안동,2650078000,광안제3동,2023,0,0,18,0.0019102196752626551
수영구,광안동,2650078000,광안제3동,2023,1,1,14,0.0014857264140931763
수영구,광안동,2650078000,광안제3동,2023,2,2,17,0.0018040963599702854
수영구,광안동,2650078000,광안제3동,2023,3,3,9,0.0009551098376313276
수영구,광안동,2650078000,광안제3동,2023,4,4,19,0.002016342990555025
수영구,광안동,2650078000,광안제3동,2023,5,5,20,0.0021224663058473947
수영구,광안동,2650078000,광안제3동,2023,6,6,19,0.002016342990555025
수영구,광안동,2650078000,광안제3동,2023,7,7,23,0.0024408362517245037
수영구,광안동,2650078000,광안제3동,2023,8,8,24,0.0025469595670168737
수영구,광안동,2650078000,광안제3동,2023,9,9,30,0.003183699458771092
수영구,광안동,2650078000,광안제3동,2023,10,10,33,0.0035020694046482012
수영구,광안동,2650078000,광안제3동,2023,11,11,28,0.0029714528281863527
수영구,광안동,2650078000,광안제3동,2023,12,12,41,0.004351055926987159
수영구,광안동,2650078000,광안제3동,2023,13,13,38,0.00403268598111005
수영구,광안동,2650078000,광안제3동,2023,14,14,34,0.003608192719940571
수영구,광안동,2650078000,광안제3동,2023,15,15,37,0.00392656266581768
수영구,광안동,2650078000,광안제3동,2023,16,16,34,0.003608192719940571
수영구,광안동,2650078000,광안제3동,2023,17,17,38,0.00403268598111005
수영구,광안동,2650078000,광안제3동,2023,18,18,28,0.0029714528281863527
수영구,광안동,2650078000,광안제3동,2023,19,19,55,0.005836782341080335
수영구,광안동,2650078000,광안제3동,2023,20,20,63,0.0066857688634192934
수영구,광안동,2650078000,광안제3동,2023,21,21,86,0.009126605115143797
수영구,광안동,2650078000,광안제3동,2023,22,22,102,0.010824578159821713
수영구,광안동,2650078000,광안제3동,2023,23,23,172,0.018253210230287593
수영구,광안동,2650078000,광안제3동,2023,24,24,186,0.01973893664438077
수영구,광안동,2650078000,광안제3동,2023,25,25,247,0.026212458877215326
수영구,광안동,2650078000,광안제3동,2023,26,26,254,0.026955322084261914
수영구,광안동,2650078000,광안제3동,2023,27,27,238,0.025257349039583998
수영구,광안동,2650078000,광안제3동,2023,28,28,268,0.02844104849835509
수영구,광안동,2650078000,광안제3동,2023,29,29,251,0.026636952138384802
수영구,광안동,2650078000,광안제3동,2023,30,30,251,0.026636952138384802
수영구,광안동,2650078000,광안제3동,2023,31,31,242,0.025681842300753474
수영구,광안동,2650078000,광안제3동,2023,32,32,213,0.022604266157274754
수영구,광안동,2650078000,광안제3동,2023,33,33,144,0.015281757402101241
수영구,광안동,2650078000,광안제3동,2023,34,34,153,0.01623686723973257
수영구,광안동,2650078000,광안제3동,2023,35,35,126,0.013371537726838587
수영구,광안동,2650078000,광안제3동,2023,36,36,147,0.015600127347978351
수영구,광안동,2650078000,광안제3동,2023,37,37,103,0.010930701475114083
수영구,광안동,2650078000,광안제3동,2023,38,38,107,0.011355194736283561
수영구,광안동,2650078000,광안제3동,2023,39,39,88,0.009338851745728537
수영구,광안동,2650078000,광안제3동,2023,40,40,109,0.0115674413668683
수영구,광안동,2650078000,광안제3동,2023,41,41,113,0.01199193462803778
수영구,광안동,2650078000,광안제3동,2023,42,42,114,0.012098057943330149
수영구,광안동,2650078000,광안제3동,2023,43,43,117,0.012416427889207259
수영구,광안동,2650078000,광안제3동,2023,44,44,110,0.01167356468216067
수영구,광안동,2650078000,광안제3동,2023,45,45,121,0.012840921150376737
수영구,광안동,2650078000,광안제3동,2023,46,46,86,0.009126605115143797
수영구,광안동,2650078000,광안제3동,2023,47,47,115,0.012204181258622519
수영구,광안동,2650078000,광안제3동,2023,48,48,100,0.010612331529236973
수영구,광안동,2650078000,광안제3동,2023,49,49,112,0.01188581131274541
수영구,광안동,2650078000,광안제3동,2023,50,50,130,0.013796030988008065
수영구,광안동,2650078000,광안제3동,2023,51,51,124,0.013159291096253847
수영구,광안동,2650078000,광안제3동,2023,52,52,125,0.013265414411546217
수영구,광안동,2650078000,광안제3동,2023,53,53,129,0.013689907672715695
수영구,광안동,2650078000,광안제3동,2023,54,54,112,0.01188581131274541
수영구,광안동,2650078000,광안제3동,2023,55,55,145,0.015387880717393611
수영구,광안동,2650078000,광안제3동,2023,56,56,123,0.013053167780961477
수영구,광안동,2650078000,광안제3동,2023,57,57,97,0.010293961583359865
수영구,광안동,2650078000,광안제3동,2023,58,58,117,0.012416427889207259
수영구,광안동,2650078000,광안제3동,2023,59,59,123,0.013053167780961477
수영구,광안동,2650078000,광안제3동,2023,60,60,135,0.014326647564469915
수영구,광안동,2650078000,광안제3동,2023,61,61,130,0.013796030988008065
수영구,광안동,2650078000,광안제3동,2023,62,62,164,0.017404223707948637
수영구,광안동,2650078000,광안제3동,2023,63,63,167,0.017722593653825745
수영구,광안동,2650078000,광안제3동,2023,64,64,152,0.0161307439244402
수영구,광안동,2650078000,광안제3동,2023,65,65,152,0.0161307439244402
수영구,광안동,2650078000,광안제3동,2023,66,66,171,0.018147086914995225
수영구,광안동,2650078000,광안제3동,2023,67,67,143,0.015175634086808871
수영구,광안동,2650078000,광안제3동,2023,68,68,152,0.0161307439244402
수영구,광안동,2650078000,광안제3동,2023,69,69,146,0.015494004032685981
수영구,광안동,2650078000,광안제3동,2023,70,70,137,0.014538894195054653
수영구,광안동,2650078000,광안제3동,2023,71,71,134,0.014220524249177545
수영구,광안동,2650078000,광안제3동,2023,72,72,102,0.010824578159821713
수영구,광안동,2650078000,광안제3동,2023,73,73,107,0.011355194736283561
수영구,광안동,2650078000,광안제3동,2023,74,74,111,0.01177968799745304
수영구,광안동,2650078000,광안제3동,2023,75,75,131,0.013902154303300435
수영구,광안동,2650078000,광안제3동,2023,76,76,121,0.012840921150376737
수영구,광안동,2650078000,광안제3동,2023,77,77,95,0.010081714952775125
수영구,광안동,2650078000,광안제3동,2023,78,78,59,0.006261275602249814
수영구,광안동,2650078000,광안제3동,2023,79,79,72,0.007640878701050621
수영구,광안동,2650078000,광안제3동,2023,80,80,72,0.007640878701050621
수영구,광안동,2650078000,광안제3동,2023,81,81,83,0.008808235169266689
수영구,광안동,2650078000,광안제3동,2023,82,82,63,0.0066857688634192934
수영구,광안동,2650078000,광안제3동,2023,83,83,49,0.005200042449326117
수영구,광안동,2650078000,광안제3동,2023,84,84,45,0.004775549188156638
수영구,광안동,2650078000,광안제3동,2023,85,85,37,0.00392656266581768
수영구,광안동,2650078000,광안제3동,2023,86,86,36,0.0038204393505253103
수영구,광안동,2650078000,광안제3동,2023,87,87,39,0.004138809296402419
수영구,광안동,2650078000,광안제3동,2023,88,88,22,0.002334712936432134
수영구,광안동,2650078000,광안제3동,2023,89,89,23,0.0024408362517245037
수영구,광안동,2650078000,광안제3동,2023,90,90,13,0.0013796030988008066
수영구,광안동,2650078000,광안제3동,2023,91,91,8,0.0008489865223389578
수영구,광안동,2650078000,광안제3동,2023,92,92,5,0.0005306165764618487
수영구,광안동,2650078000,광안제3동,2023,93,93,3,0.0003183699458771092
수영구,광안동,2650078000,광안제3동,2023,94,94,5,0.0005306165764618487
수영구,광안동,2650078000,광안제3동,2023,95,95,5,0.0005306165764618487
수영구,광안동,2650078000,광안제3동,2023,96,96,7,0.0007428632070465882
수영구,광안동,2650078000,광안제3동,2023,97,97,4,0.0004244932611694789
수영구,광안동,2650078000,광안제3동,2023,98,98,0,0.0
수영구,광안동,2650078000,광안제3동,2023,99,99,0,0.0
수영구,광안동,2650078000,광안제3동,2023,100,100세 이상,1,0.00010612331529236973
수영구,광안동,2650078000,광안제3동,2024,0,0,11,0.0012024486226497595
수영구,광안동,2650078000,광안제3동,2024,1,1,12,0.0013117621337997377
수영구,광안동,2650078000,광안제3동,2024,2,2,14,0.001530389156099694
수영구,광안동,2650078000,광안제3동,2024,3,3,12,0.0013117621337997377
수영구,광안동,2650078000,광안제3동,2024,4,4,10,0.0010931351114997813
수영구,광안동,2650078000,광안제3동,2024,5,5,18,0.0019676432006996065
수영구,광안동,2650078000,광안제3동,2024,6,6,16,0.0017490161783996502
수영구,광안동,2650078000,광안제3동,2024,7,7,16,0.0017490161783996502
수영구,광안동,2650078000,광안제3동,2024,8,8,25,0.0027328377787494535
수영구,광안동,2650078000,광안제3동,2024,9,9,25,0.0027328377787494535
수영구,광안동,2650078000,광안제3동,2024,10,10,28,0.003060778312199388
수영구,광안동,2650078000,광안제3동,2024,11,11,30,0.003279405334499344
수영구,광안동,2650078000,광안제3동,2024,12,12,26,0.0028421512898994315
수영구,광안동,2650078000,광안제3동,2024,13,13,37,0.004044599912549191
수영구,광안동,2650078000,광안제3동,2024,14,14,35,0.003825972890249235
수영구,광안동,2650078000,광안제3동,2024,15,15,31,0.0033887188456493225
수영구,광안동,2650078000,광안제3동,2024,16,16,36,0.003935286401399213
수영구,광안동,2650078000,광안제3동,2024,17,17,33,0.0036073458679492785
수영구,광안동,2650078000,광안제3동,2024,18,18,32,0.0034980323567993005
수영구,광안동,2650078000,광안제3동,2024,19,19,30,0.003279405334499344
수영구,광안동,2650078000,광안제3동,2024,20,20,54,0.005902929602098819
수영구,광안동,2650078000,광안제3동,2024,21,21,73,0.007979886313948404
수영구,광안동,2650078000,광안제3동,2024,22,22,100,0.010931351114997814
수영구,광안동,2650078000,광안제3동,2024,23,23,134,0.01464801049409707
수영구,광안동,2650078000,광안제3동,2024,24,24,182,0.01989505902929602
수영구,광안동,2650078000,광안제3동,2024,25,25,199,0.021753388718845648
수영구,광안동,2650078000,광안제3동,2024,26,26,259,0.028312199387844336
수영구,광안동,2650078000,광안제3동,2024,27,27,290,0.031700918233493657
수영구,광안동,2650078000,광안제3동,2024,28,28,250,0.027328377787494536
수영구,광안동,2650078000,광안제3동,2024,29,29,253,0.027656318320944468
수영구,광안동,2650078000,광안제3동,2024,30,30,234,0.025579361609094884
수영구,광안동,2650078000,광안제3동,2024,31,31,226,0.02470485351989506
수영구,광안동,2650078000,광안제3동,2024,32,32,202,0.022081329252295584
수영구,광안동,2650078000,광안제3동,2024,33,33,187,0.020441626585045912
수영구,광안동,2650078000,광안제3동,2024,34,34,133,0.014538696982947092
수영구,광안동,2650078000,광안제3동,2024,35,35,140,0.01530389156099694
수영구,광안동,2650078000,광안제3동,2024,36,36,109,0.011915172715347616
수영구,광안동,2650078000,광안제3동,2024,37,37,132,0.014429383471797114
수영구,광안동,2650078000,광안제3동,2024,38,38,99,0.010822037603847836
수영구,광안동,2650078000,광안제3동,2024,39,39,102,0.01114997813729777
수영구,광안동,2650078000,광안제3동,2024,40,40,82,0.008963707914298208
수영구,광안동,2650078000,광안제3동,2024,41,41,109,0.011915172715347616
수영구,광안동,2650078000,광안제3동,2024,42,42,110,0.012024486226497596
수영구,광안동,2650078000,광안제3동,2024,43,43,125,0.013664188893747268
수영구,광안동,2650078000,광안제3동,2024,44,44,116,0.012680367293397464
수영구,광안동,2650078000,광안제3동,2024,45,45,107,0.01169654569304766
수영구,광안동,2650078000,광안제3동,2024,46,46,109,0.011915172715347616
수영구,광안동,2650078000,광안제3동,2024,47,47,86,0.00940096195889812
수영구,광안동,2650078000,광안제3동,2024,48,48,110,0.012024486226497596
수영구,광안동,2650078000,광안제3동,2024,49,49,105,0.011477918670747704
수영구,광안동,2650078000,광안제3동,2024,50,50,101,0.011040664626147792
수영구,광안동,2650078000,광안제3동,2024,51,51,122,0.013336248360297332
수영구,광안동,2650078000,광안제3동,2024,52,52,128,0.013992129427197202
수영구,광안동,2650078000,광안제3동,2024,53,53,114,0.012461740271097508
수영구,광안동,2650078000,광안제3동,2024,54,54,124,0.01355487538259729
수영구,광안동,2650078000,광안제3동,2024,55,55,112,0.012243113248797552
수영구,광안동,2650078000,광안제3동,2024,56,56,143,0.015631832094446872
수영구,광안동,2650078000,광안제3동,2024,57,57,118,0.01289899431569742
수영구,광안동,2650078000,광안제3동,2024,58,58,98,0.010712724092697858
수영구,광안동,2650078000,광안제3동,2024,59,59,114,0.012461740271097508
수영구,광안동,2650078000,광안제3동,2024,60,60,115,0.012571053782247486
수영구,광안동,2650078000,광안제3동,2024,61,61,129,0.01410144293834718
수영구,광안동,2650078000,광안제3동,2024,62,62,132,0.014429383471797114
수영구,광안동,2650078000,광안제3동,2024,63,63,157,0.017162221250546568
수영구,광안동,2650078000,광안제3동,2024,64,64,160,0.0174901617839965
수영구,광안동,2650078000,광안제3동,2024,65,65,152,0.016615653694796676
수영구,광안동,2650078000,광안제3동,2024,66,66,148,0.016178399650196764
수영구,광안동,2650078000,광안제3동,2024,67,67,164,0.017927415828596416
수영구,광안동,2650078000,광안제3동,2024,68,68,146,0.015959772627896808
수영구,광안동,2650078000,광안제3동,2024,69,69,149,0.016287713161346744
수영구,광안동,2650078000,광안제3동,2024,70,70,146,0.015959772627896808
수영구,광안동,2650078000,광안제3동,2024,71,71,127,0.013882815916047224
수영구,광안동,2650078000,광안제3동,2024,72,72,125,0.013664188893747268
수영구,광안동,2650078000,광안제3동,2024,73,73,99,0.010822037603847836
수영구,광안동,2650078000,광안제3동,2024,74,74,103,0.011259291648447748
수영구,광안동,2650078000,광안제3동,2024,75,75,111,0.012133799737647574
수영구,광안동,2650078000,광안제3동,2024,76,76,123,0.01344556187144731
수영구,광안동,2650078000,광안제3동,2024,77,77,109,0.011915172715347616
수영구,광안동,2650078000,광안제3동,2024,78,78,95,0.010384783559247924
수영구,광안동,2650078000,광안제3동,2024,79,79,56,0.006121556624398776
수영구,광안동,2650078000,광안제3동,2024,80,80,68,0.007433318758198513
수영구,광안동,2650078000,광안제3동,2024,81,81,69,0.007542632269348491
수영구,광안동,2650078000,광안제3동,2024,82,82,76,0.008307826847398338
수영구,광안동,2650078000,광안제3동,2024,83,83,60,0.006558810668998688
수영구,광안동,2650078000,광안제3동,2024,84,84,47,0.005137735024048972
수영구,광안동,2650078000,광안제3동,2024,85,85,40,0.004372540445999125
수영구,광안동,2650078000,광안제3동,2024,86,86,28,0.003060778312199388
수영구,광안동,2650078000,광안제3동,2024,87,87,33,0.0036073458679492785
수영구,광안동,2650078000,광안제3동,2024,88,88,36,0.003935286401399213
수영구,광안동,2650078000,광안제3동,2024,89,89,17,0.0018583296895496283
수영구,광안동,2650078000,광안제3동,2024,90,90,21,0.002295583734149541
수영구,광안동,2650078000,광안제3동,2024,91,91,14,0.001530389156099694
수영구,광안동,2650078000,광안제3동,2024,92,92,4,0.00043725404459991256
수영구,광안동,2650078000,광안제3동,2024,93,93,3,0.00032794053344993443
수영구,광안동,2650078000,광안제3동,2024,94,94,1,0.00010931351114997814
수영구,광안동,2650078000,광안제3동,2024,95,95,3,0.00032794053344993443
수영구,광안동,2650078000,광안제3동,2024,96,96,4,0.00043725404459991256
수영구,광안동,2650078000,광안제3동,2024,97,97,6,0.0006558810668998689
수영구,광안동,2650078000,광안제3동,2024,98,98,3,0.00032794053344993443
수영구,광안동,2650078000,광안제3동,2024,99,99,0,0.0
수영구,광안동,2650078000,광안제3동,2024,100,100세 이상,1,0.00010931351114997814
수영구,광안동,2650079000,광안제4동,2020,0,0,69,0.005256341890759503
수영구,광안동,2650079000,광안제4동,2020,1,1,75,0.005713415098651634
수영구,광안동,2650079000,광안제4동,2020,2,2,65,0.004951626418831416
수영구,광안동,2650079000,광안제4동,2020,3,3,89,0.006779919250399939
수영구,광안동,2650079000,광안제4동,2020,4,4,86,0.006551382646453874
수영구,광안동,2650079000,광안제4동,2020,5,5,88,0.006703740382417917
수영구,광안동,2650079000,광안제4동,2020,6,6,97,0.007389350194256113
수영구,광안동,2650079000,광안제4동,2020,7,7,62,0.004723089814885351
수영구,광안동,2650079000,광안제4동,2020,8,8,87,0.0066275615144358955
수영구,광안동,2650079000,광안제4동,2020,9,9,69,0.005256341890759503
수영구,광안동,2650079000,광안제4동,2020,10,10,75,0.005713415098651634
수영구,광안동,2650079000,광안제4동,2020,11,11,80,0.006094309438561743
수영구,광안동,2650079000,광안제4동,2020,12,12,70,0.005332520758741525
수영구,광안동,2650079000,광안제4동,2020,13,13,89,0.006779919250399939
수영구,광안동,2650079000,광안제4동,2020,14,14,82,0.006246667174525786
수영구,광안동,2650079000,광안제4동,2020,15,15,78,0.0059419517025977
수영구,광안동,2650079000,광안제4동,2020,16,16,112,0.00853203321398644
수영구,광안동,2650079000,광안제4동,2020,17,17,91,0.006932276986363983
수영구,광안동,2650079000,광안제4동,2020,18,18,90,0.006856098118381961
수영구,광안동,2650079000,광안제4동,2020,19,19,88,0.006703740382417917
수영구,광안동,2650079000,광안제4동,2020,20,20,129,0.00982707396968081
수영구,광안동,2650079000,광안제4동,2020,21,21,129,0.00982707396968081
수영구,광안동,2650079000,광안제4동,2020,22,22,145,0.01104593585739316
수영구,광안동,2650079000,광안제4동,2020,23,23,133,0.010131789441608897
수영구,광안동,2650079000,광안제4동,2020,24,24,175,0.013331301896853812
수영구,광안동,2650079000,광안제4동,2020,25,25,190,0.014473984916584139
수영구,광안동,2650079000,광안제4동,2020,26,26,218,0.01660699322008075
수영구,광안동,2650079000,광안제4동,2020,27,27,190,0.014473984916584139
수영구,광안동,2650079000,광안제4동,2020,28,28,204,0.015540489068332445
수영구,광안동,2650079000,광안제4동,2020,29,29,229,0.01744496076788299
수영구,광안동,2650079000,광안제4동,2020,30,30,177,0.013483659632817856
수영구,광안동,2650079000,광안제4동,2020,31,31,201,0.015311952464386379
수영구,광안동,2650079000,광안제4동,2020,32,32,189,0.014397806048602118
수영구,광안동,2650079000,광안제4동,2020,33,33,180,0.013712196236763922
수영구,광안동,2650079000,광안제4동,2020,34,34,196,0.01493105812447627
수영구,광안동,2650079000,광안제4동,2020,35,35,187,0.014245448312638074
수영구,광안동,2650079000,광안제4동,2020,36,36,191,0.014550163784566162
수영구,광안동,2650079000,광안제4동,2020,37,37,198,0.015083415860440314
수영구,광안동,2650079000,광안제4동,2020,38,38,189,0.014397806048602118
수영구,광안동,2650079000,광안제4동,2020,39,39,212,0.01614992001218862
수영구,광안동,2650079000,광안제4동,2020,40,40,221,0.016835529824026814
수영구,광안동,2650079000,광안제4동,2020,41,41,195,0.014854879256494249
수영구,광안동,2650079000,광안제4동,2020,42,42,190,0.014473984916584139
수영구,광안동,2650079000,광안제4동,2020,43,43,177,0.013483659632817856
수영구,광안동,2650079000,광안제4동,2020,44,44,178,0.013559838500799878
수영구,광안동,2650079000,광안제4동,2020,45,45,165,0.012569513217033595
수영구,광안동,2650079000,광안제4동,2020,46,46,206,0.015692846804296487
수영구,광안동,2650079000,광안제4동,2020,47,47,217,0.016530814352098726
수영구,광안동,2650079000,광안제4동,2020,48,48,215,0.016378456616134685
수영구,광안동,2650079000,광안제4동,2020,49,49,224,0.01706406642797288
수영구,광안동,2650079000,광안제4동,2020,50,50,228,0.017368781899900966
수영구,광안동,2650079000,광안제4동,2020,51,51,213,0.01622609888017064
수영구,광안동,2650079000,광안제4동,2020,52,52,234,0.0178258551077931
수영구,광안동,2650079000,광안제4동,2020,53,53,216,0.016454635484116707
수영구,광안동,2650079000,광안제4동,2020,54,54,178,0.013559838500799878
수영구,광안동,2650079000,광안제4동,2020,55,55,193,0.014702521520530205
수영구,광안동,2650079000,광안제4동,2020,56,56,182,0.013864553972727966
수영구,광안동,2650079000,광안제4동,2020,57,57,199,0.015159594728422335
수영구,광안동,2650079000,광안제4동,2020,58,58,213,0.01622609888017064
수영구,광안동,2650079000,광안제4동,2020,59,59,212,0.01614992001218862
수영구,광안동,2650079000,광안제4동,2020,60,60,256,0.019501790203397578
수영구,광안동,2650079000,광안제4동,2020,61,61,210,0.015997562276224574
수영구,광안동,2650079000,광안제4동,2020,62,62,212,0.01614992001218862
수영구,광안동,2650079000,광안제4동,2020,63,63,200,0.015235773596404358
수영구,광안동,2650079000,광안제4동,2020,64,64,187,0.014245448312638074
수영구,광안동,2650079000,광안제4동,2020,65,65,243,0.018511464919631293
수영구,광안동,2650079000,광안제4동,2020,66,66,190,0.014473984916584139
수영구,광안동,2650079000,광안제4동,2020,67,67,189,0.014397806048602118
수영구,광안동,2650079000,광안제4동,2020,68,68,178,0.013559838500799878
수영구,광안동,2650079000,광안제4동,2020,69,69,133,0.010131789441608897
수영구,광안동,2650079000,광안제4동,2020,70,70,128,0.009750895101698789
수영구,광안동,2650079000,광안제4동,2020,71,71,152,0.011579187933267312
수영구,광안동,2650079000,광안제4동,2020,72,72,138,0.010512683781519006
수영구,광안동,2650079000,광안제4동,2020,73,73,142,0.010817399253447093
수영구,광안동,2650079000,광안제4동,2020,74,74,102,0.0077702445341662225
수영구,광안동,2650079000,광안제4동,2020,75,75,96,0.007313171326274091
수영구,광안동,2650079000,광안제4동,2020,76,76,106,0.00807496000609431
수영구,광안동,2650079000,광안제4동,2020,77,77,93,0.007084634722328027
수영구,광안동,2650079000,광안제4동,2020,78,78,114,0.008684390949950483
수영구,광안동,2650079000,광안제4동,2020,79,79,93,0.007084634722328027
수영구,광안동,2650079000,광안제4동,2020,80,80,93,0.007084634722328027
수영구,광안동,2650079000,광안제4동,2020,81,81,94,0.007160813590310048
수영구,광안동,2650079000,광안제4동,2020,82,82,78,0.0059419517025977
수영구,광안동,2650079000,광안제4동,2020,83,83,67,0.00510398415479546
수영구,광안동,2650079000,광안제4동,2020,84,84,57,0.0043421954749752415
수영구,광안동,2650079000,광안제4동,2020,85,85,43,0.003275691323226937
수영구,광안동,2650079000,광안제4동,2020,86,86,39,0.00297097585129885
수영구,광안동,2650079000,광안제4동,2020,87,87,30,0.0022853660394606535
수영구,광안동,2650079000,광안제4동,2020,88,88,24,0.0018282928315685228
수영구,광안동,2650079000,광안제4동,2020,89,89,16,0.0012188618877123486
수영구,광안동,2650079000,광안제4동,2020,90,90,10,0.0007617886798202179
수영구,광안동,2650079000,광안제4동,2020,91,91,13,0.0009903252837662833
수영구,광안동,2650079000,광안제4동,2020,92,92,12,0.0009141464157842614
수영구,광안동,2650079000,광안제4동,2020,93,93,7,0.0005332520758741525
수영구,광안동,2650079000,광안제4동,2020,94,94,2,0.00015235773596404358
수영구,광안동,2650079000,광안제4동,2020,95,95,3,0.00022853660394606535
수영구,광안동,2650079000,광안제4동,2020,96,96,7,0.0005332520758741525
수영구,광안동,2650079000,광안제4동,2020,97,97,1,7.617886798202179e-05
수영구,광안동,2650079000,광안제4동,2020,98,98,1,7.617886798202179e-05
수영구,광안동,2650079000,광안제4동,2020,99,99,3,0.00022853660394606535
수영구,광안동,2650079000,광안제4동,2020,100,100세 이상,5,0.00038089433991010896
수영구,광안동,2650079000,광안제4동,2021,0,0,82,0.005978855267954794
수영구,광안동,2650079000,광안제4동,2021,1,1,88,0.006416332482683193
수영구,광안동,2650079000,광안제4동,2021,2,2,94,0.0068538096974115935
수영구,광안동,2650079000,광안제4동,2021,3,3,76,0.005541378053226394
수영구,광안동,2650079000,광안제4동,2021,4,4,100,0.007291286912139993
수영구,광안동,2650079000,광안제4동,2021,5,5,106,0.0077287641268683925
수영구,광안동,2650079000,광안제4동,2021,6,6,102,0.007437112650382793
수영구,광안동,2650079000,광안제4동,2021,7,7,105,0.007655851257746992
수영구,광안동,2650079000,광안제4동,2021,8,8,80,0.005833029529711994
수영구,광안동,2650079000,광안제4동,2021,9,9,99,0.007218374043018593
수영구,광안동,2650079000,광안제4동,2021,10,10,74,0.005395552314983594
수영구,광안동,2650079000,광안제4동,2021,11,11,92,0.006707983959168794
수영구,광안동,2650079000,광안제4동,2021,12,12,92,0.006707983959168794
수영구,광안동,2650079000,광안제4동,2021,13,13,84,0.0061246810061975935
수영구,광안동,2650079000,광안제4동,2021,14,14,96,0.006999635435654393
수영구,광안동,2650079000,광안제4동,2021,15,15,92,0.006707983959168794
수영구,광안동,2650079000,광안제4동,2021,16,16,75,0.005468465184104995
수영구,광안동,2650079000,광안제4동,2021,17,17,121,0.00882245716368939
수영구,광안동,2650079000,광안제4동,2021,18,18,89,0.0064892453518045935
수영구,광안동,2650079000,광안제4동,2021,19,19,103,0.007510025519504192
수영구,광안동,2650079000,광안제4동,2021,20,20,100,0.007291286912139993
수영구,광안동,2650079000,광안제4동,2021,21,21,127,0.009259934378417791
수영구,광안동,2650079000,광안제4동,2021,22,22,122,0.008895370032810792
수영구,광안동,2650079000,광안제4동,2021,23,23,152,0.011082756106452788
수영구,광안동,2650079000,광안제4동,2021,24,24,155,0.011301494713816989
수영구,광안동,2650079000,광안제4동,2021,25,25,188,0.013707619394823187
수영구,광안동,2650079000,광안제4동,2021,26,26,183,0.013343055049216186
수영구,광안동,2650079000,광안제4동,2021,27,27,220,0.016040831206707983
수영구,광안동,2650079000,광안제4동,2021,28,28,197,0.014363835216915786
수영구,광안동,2650079000,광안제4동,2021,29,29,205,0.014947138169886985
수영구,광안동,2650079000,광안제4동,2021,30,30,230,0.016769959897921984
수영구,광안동,2650079000,광안제4동,2021,31,31,181,0.013197229310973387
수영구,광안동,2650079000,광안제4동,2021,32,32,203,0.014801312431644184
수영구,광안동,2650079000,광안제4동,2021,33,33,188,0.013707619394823187
수영구,광안동,2650079000,광안제4동,2021,34,34,190,0.013853445133065986
수영구,광안동,2650079000,광안제4동,2021,35,35,200,0.014582573824279986
수영구,광안동,2650079000,광안제4동,2021,36,36,210,0.015311702515493984
수영구,광안동,2650079000,광안제4동,2021,37,37,213,0.015530441122858184
수영구,광안동,2650079000,광안제4동,2021,38,38,217,0.015822092599343786
수영구,광안동,2650079000,광안제4동,2021,39,39,209,0.015238789646372585
수영구,광안동,2650079000,광안제4동,2021,40,40,227,0.016551221290557784
수영구,광안동,2650079000,광안제4동,2021,41,41,234,0.017061611374407582
수영구,광안동,2650079000,광안제4동,2021,42,42,205,0.014947138169886985
수영구,광안동,2650079000,광안제4동,2021,43,43,206,0.015020051039008385
수영구,광안동,2650079000,광안제4동,2021,44,44,190,0.013853445133065986
수영구,광안동,2650079000,광안제4동,2021,45,45,205,0.014947138169886985
수영구,광안동,2650079000,광안제4동,2021,46,46,179,0.013051403572730587
수영구,광안동,2650079000,광안제4동,2021,47,47,210,0.015311702515493984
수영구,광안동,2650079000,광안제4동,2021,48,48,227,0.016551221290557784
수영구,광안동,2650079000,광안제4동,2021,49,49,226,0.016478308421436383
수영구,광안동,2650079000,광안제4동,2021,50,50,243,0.017717827196500183
수영구,광안동,2650079000,광안제4동,2021,51,51,232,0.016915785636164783
수영구,광안동,2650079000,광안제4동,2021,52,52,218,0.015895005468465184
수영구,광안동,2650079000,광안제4동,2021,53,53,229,0.016697047028800583
수영구,광안동,2650079000,광안제4동,2021,54,54,219,0.015967918337586585
수영구,광안동,2650079000,광안제4동,2021,55,55,181,0.013197229310973387
수영구,광안동,2650079000,광안제4동,2021,56,56,195,0.014218009478672985
수영구,광안동,2650079000,광안제4동,2021,57,57,190,0.013853445133065986
수영구,광안동,2650079000,광안제4동,2021,58,58,190,0.013853445133065986
수영구,광안동,2650079000,광안제4동,2021,59,59,210,0.015311702515493984
수영구,광안동,2650079000,광안제4동,2021,60,60,212,0.015457528253736785
수영구,광안동,2650079000,광안제4동,2021,61,61,255,0.01859278162595698
수영구,광안동,2650079000,광안제4동,2021,62,62,208,0.015165876777251185
수영구,광안동,2650079000,광안제4동,2021,63,63,210,0.015311702515493984
수영구,광안동,2650079000,광안제4동,2021,64,64,203,0.014801312431644184
수영구,광안동,2650079000,광안제4동,2021,65,65,189,0.013780532263944587
수영구,광안동,2650079000,광안제4동,2021,66,66,240,0.017499088589135983
수영구,광안동,2650079000,광안제4동,2021,67,67,192,0.013999270871308787
수영구,광안동,2650079000,광안제4동,2021,68,68,180,0.013124316441851986
수영구,광안동,2650079000,광안제4동,2021,69,69,183,0.013343055049216186
수영구,광안동,2650079000,광안제4동,2021,70,70,136,0.00991615020051039
수영구,광안동,2650079000,광안제4동,2021,71,71,128,0.00933284724753919
수영구,광안동,2650079000,광안제4동,2021,72,72,161,0.011738971928545389
수영구,광안동,2650079000,광안제4동,2021,73,73,137,0.00998906306963179
수영구,광안동,2650079000,광안제4동,2021,74,74,146,0.01064527889172439
수영구,광안동,2650079000,광안제4동,2021,75,75,100,0.007291286912139993
수영구,광안동,2650079000,광안제4동,2021,76,76,96,0.006999635435654393
수영구,광안동,2650079000,광안제4동,2021,77,77,110,0.008020415603353991
수영구,광안동,2650079000,광안제4동,2021,78,78,99,0.007218374043018593
수영구,광안동,2650079000,광안제4동,2021,79,79,111,0.008093328472475392
수영구,광안동,2650079000,광안제4동,2021,80,80,104,0.007582938388625593
수영구,광안동,2650079000,광안제4동,2021,81,81,94,0.0068538096974115935
수영구,광안동,2650079000,광안제4동,2021,82,82,91,0.006635071090047393
수영구,광안동,2650079000,광안제4동,2021,83,83,76,0.005541378053226394
수영구,광안동,2650079000,광안제4동,2021,84,84,59,0.004301859278162595
수영구,광안동,2650079000,광안제4동,2021,85,85,58,0.004228946409041196
수영구,광안동,2650079000,광안제4동,2021,86,86,42,0.0030623405030987968
수영구,광안동,2650079000,광안제4동,2021,87,87,37,0.002697776157491797
수영구,광안동,2650079000,광안제4동,2021,88,88,26,0.0018957345971563982
수영구,광안동,2650079000,광안제4동,2021,89,89,20,0.0014582573824279985
수영구,광안동,2650079000,광안제4동,2021,90,90,15,0.001093693036820999
수영구,광안동,2650079000,광안제4동,2021,91,91,7,0.0005103900838497995
수영구,광안동,2650079000,광안제4동,2021,92,92,12,0.0008749544294567992
수영구,광안동,2650079000,광안제4동,2021,93,93,7,0.0005103900838497995
수영구,광안동,2650079000,광안제4동,2021,94,94,5,0.0003645643456069996
수영구,광안동,2650079000,광안제4동,2021,95,95,2,0.00014582573824279985
수영구,광안동,2650079000,광안제4동,2021,96,96,2,0.00014582573824279985
수영구,광안동,2650079000,광안제4동,2021,97,97,4,0.0002916514764855997
수영구,광안동,2650079000,광안제4동,2021,98,98,1,7.291286912139993e-05
수영구,광안동,2650079000,광안제4동,2021,99,99,0,0.0
수영구,광안동,2650079000,광안제4동,2021,100,100세 이상,1,7.291286912139993e-05
수영구,광안동,2650079000,광안제4동,2022,0,0,77,0.005668433451118964
수영구,광안동,2650079000,광안제4동,2022,1,1,75,0.005521201413427562
수영구,광안동,2650079000,광안제4동,2022,2,2,80,0.005889281507656066
수영구,광안동,2650079000,광안제4동,2022,3,3,87,0.006404593639575972
수영구,광안동,2650079000,광안제4동,2022,4,4,79,0.005815665488810365
수영구,광안동,2650079000,광안제4동,2022,5,5,94,0.006919905771495877
수영구,광안동,2650079000,광안제4동,2022,6,6,100,0.007361601884570083
수영구,광안동,2650079000,광안제4동,2022,7,7,98,0.007214369846878681
수영구,광안동,2650079000,광안제4동,2022,8,8,99,0.007287985865724381
수영구,광안동,2650079000,광안제4동,2022,9,9,75,0.005521201413427562
수영구,광안동,2650079000,광안제4동,2022,10,10,93,0.006846289752650177
수영구,광안동,2650079000,광안제4동,2022,11,11,71,0.005226737338044758
수영구,광안동,2650079000,광안제4동,2022,12,12,84,0.006183745583038869
수영구,광안동,2650079000,광안제4동,2022,13,13,94,0.006919905771495877
수영구,광안동,2650079000,광안제4동,2022,14,14,81,0.005962897526501767
수영구,광안동,2650079000,광안제4동,2022,15,15,92,0.006772673733804476
수영구,광안동,2650079000,광안제4동,2022,16,16,87,0.006404593639575972
수영구,광안동,2650079000,광안제4동,2022,17,17,75,0.005521201413427562
수영구,광안동,2650079000,광안제4동,2022,18,18,114,0.008392226148409895
수영구,광안동,2650079000,광안제4동,2022,19,19,92,0.006772673733804476
수영구,광안동,2650079000,광안제4동,2022,20,20,98,0.007214369846878681
수영구,광안동,2650079000,광안제4동,2022,21,21,110,0.008097762073027091
수영구,광안동,2650079000,광안제4동,2022,22,22,140,0.010306242638398116
수영구,광안동,2650079000,광안제4동,2022,23,23,139,0.010232626619552414
수영구,광안동,2650079000,광안제4동,2022,24,24,149,0.010968786808009423
수영구,광안동,2650079000,광안제4동,2022,25,25,178,0.013103651354534746
수영구,광안동,2650079000,광안제4동,2022,26,26,198,0.014575971731448763
수영구,광안동,2650079000,광안제4동,2022,27,27,193,0.01420789163722026
수영구,광안동,2650079000,광안제4동,2022,28,28,215,0.01582744405182568
수영구,광안동,2650079000,광안제4동,2022,29,29,199,0.014649587750294464
수영구,광안동,2650079000,광안제4동,2022,30,30,199,0.014649587750294464
수영구,광안동,2650079000,광안제4동,2022,31,31,227,0.016710836277974088
수영구,광안동,2650079000,광안제4동,2022,32,32,185,0.013618963486454652
수영구,광안동,2650079000,광안제4동,2022,33,33,184,0.013545347467608953
수영구,광안동,2650079000,광안제4동,2022,34,34,179,0.013177267373380448
수영구,광안동,2650079000,광안제4동,2022,35,35,178,0.013103651354534746
수영구,광안동,2650079000,광안제4동,2022,36,36,195,0.01435512367491166
수영구,광안동,2650079000,광안제4동,2022,37,37,196,0.014428739693757362
수영구,광안동,2650079000,광안제4동,2022,38,38,214,0.015753828032979977
수영구,광안동,2650079000,광안제4동,2022,39,39,218,0.01604829210836278
수영구,광안동,2650079000,광안제4동,2022,40,40,207,0.015238515901060071
수영구,광안동,2650079000,광안제4동,2022,41,41,214,0.015753828032979977
수영구,광안동,2650079000,광안제4동,2022,42,42,222,0.016342756183745585
수영구,광안동,2650079000,광안제4동,2022,43,43,208,0.015312131919905771
수영구,광안동,2650079000,광안제4동,2022,44,44,203,0.014944051825677268
수영구,광안동,2650079000,광안제4동,2022,45,45,189,0.013913427561837456
수영구,광안동,2650079000,광안제4동,2022,46,46,197,0.014502355712603063
수영구,광안동,2650079000,광안제4동,2022,47,47,174,0.012809187279151944
수영구,광안동,2650079000,광안제4동,2022,48,48,204,0.015017667844522967
수영구,광안동,2650079000,광안제4동,2022,49,49,240,0.0176678445229682
수영구,광안동,2650079000,광안제4동,2022,50,50,227,0.016710836277974088
수영구,광안동,2650079000,광안제4동,2022,51,51,231,0.01700530035335689
수영구,광안동,2650079000,광안제4동,2022,52,52,226,0.016637220259128387
수영구,광안동,2650079000,광안제4동,2022,53,53,217,0.015974676089517078
수영구,광안동,2650079000,광안제4동,2022,54,54,237,0.017446996466431094
수영구,광안동,2650079000,광안제4동,2022,55,55,211,0.015532979976442873
수영구,광안동,2650079000,광안제4동,2022,56,56,183,0.013471731448763251
수영구,광안동,2650079000,광안제4동,2022,57,57,200,0.014723203769140165
수영구,광안동,2650079000,광안제4동,2022,58,58,182,0.01339811542991755
수영구,광안동,2650079000,광안제4동,2022,59,59,195,0.01435512367491166
수영구,광안동,2650079000,광안제4동,2022,60,60,204,0.015017667844522967
수영구,광안동,2650079000,광안제4동,2022,61,61,212,0.015606595995288575
수영구,광안동,2650079000,광안제4동,2022,62,62,243,0.0178886925795053
수영구,광안동,2650079000,광안제4동,2022,63,63,195,0.01435512367491166
수영구,광안동,2650079000,광안제4동,2022,64,64,209,0.015385747938751472
수영구,광안동,2650079000,광안제4동,2022,65,65,205,0.015091283863368669
수영구,광안동,2650079000,광안제4동,2022,66,66,187,0.013766195524146055
수영구,광안동,2650079000,광안제4동,2022,67,67,235,0.017299764428739695
수영구,광안동,2650079000,광안제4동,2022,68,68,193,0.01420789163722026
수영구,광안동,2650079000,광안제4동,2022,69,69,178,0.013103651354534746
수영구,광안동,2650079000,광안제4동,2022,70,70,182,0.01339811542991755
수영구,광안동,2650079000,광안제4동,2022,71,71,135,0.00993816254416961
수영구,광안동,2650079000,광안제4동,2022,72,72,127,0.009349234393404005
수영구,광안동,2650079000,광안제4동,2022,73,73,159,0.011704946996466431
수영구,광안동,2650079000,광안제4동,2022,74,74,139,0.010232626619552414
수영구,광안동,2650079000,광안제4동,2022,75,75,147,0.010821554770318022
수영구,광안동,2650079000,광안제4동,2022,76,76,99,0.007287985865724381
수영구,광안동,2650079000,광안제4동,2022,77,77,92,0.006772673733804476
수영구,광안동,2650079000,광안제4동,2022,78,78,110,0.008097762073027091
수영구,광안동,2650079000,광안제4동,2022,79,79,95,0.006993521790341579
수영구,광안동,2650079000,광안제4동,2022,80,80,110,0.008097762073027091
수영구,광안동,2650079000,광안제4동,2022,81,81,103,0.007582449941107185
수영구,광안동,2650079000,광안제4동,2022,82,82,92,0.006772673733804476
수영구,광안동,2650079000,광안제4동,2022,83,83,90,0.0066254416961130744
수영구,광안동,2650079000,광안제4동,2022,84,84,73,0.00537396937573616
수영구,광안동,2650079000,광안제4동,2022,85,85,56,0.004122497055359246
수영구,광안동,2650079000,광안제4동,2022,86,86,51,0.003754416961130742
수영구,광안동,2650079000,광안제4동,2022,87,87,38,0.0027974087161366313
수영구,광안동,2650079000,광안제4동,2022,88,88,31,0.0022820965842167257
수영구,광안동,2650079000,광안제4동,2022,89,89,24,0.0017667844522968198
수영구,광안동,2650079000,광안제4동,2022,90,90,18,0.001325088339222615
수영구,광안동,2650079000,광안제4동,2022,91,91,12,0.0008833922261484099
수영구,광안동,2650079000,광안제4동,2022,92,92,5,0.00036808009422850414
수영구,광안동,2650079000,광안제4동,2022,93,93,9,0.0006625441696113075
수영구,광안동,2650079000,광안제4동,2022,94,94,8,0.0005889281507656066
수영구,광안동,2650079000,광안제4동,2022,95,95,3,0.00022084805653710247
수영구,광안동,2650079000,광안제4동,2022,96,96,0,0.0
수영구,광안동,2650079000,광안제4동,2022,97,97,2,0.00014723203769140164
수영구,광안동,2650079000,광안제4동,2022,98,98,4,0.0002944640753828033
수영구,광안동,2650079000,광안제4동,2022,99,99,0,0.0
수영구,광안동,2650079000,광안제4동,2022,100,100세 이상,1,7.361601884570082e-05
수영구,광안동,2650079000,광안제4동,2023,0,0,58,0.004340667564735818
수영구,광안동,2650079000,광안제4동,2023,1,1,65,0.004864541236341865
수영구,광안동,2650079000,광안제4동,2023,2,2,71,0.005313575812004191
수영구,광안동,2650079000,광안제4동,2023,3,3,79,0.0059122885795539586
수영구,광안동,2650079000,광안제4동,2023,4,4,89,0.006660679538991169
수영구,광안동,2650079000,광안제4동,2023,5,5,77,0.005762610387666517
수영구,광안동,2650079000,광안제4동,2023,6,6,89,0.006660679538991169
수영구,광안동,2650079000,광안제4동,2023,7,7,98,0.007334231402484658
수영구,광안동,2650079000,광안제4동,2023,8,8,101,0.007558748690315821
수영구,광안동,2650079000,광안제4동,2023,9,9,98,0.007334231402484658
수영구,광안동,2650079000,광안제4동,2023,10,10,71,0.005313575812004191
수영구,광안동,2650079000,광안제4동,2023,11,11,91,0.006810357730878611
수영구,광안동,2650079000,광안제4동,2023,12,12,73,0.005463254003891633
수영구,광안동,2650079000,광안제4동,2023,13,13,83,0.006211644963328843
수영구,광안동,2650079000,광안제4동,2023,14,14,98,0.007334231402484658
수영구,광안동,2650079000,광안제4동,2023,15,15,78,0.0058374494836102376
수영구,광안동,2650079000,광안제4동,2023,16,16,88,0.006585840443047448
수영구,광안동,2650079000,광안제4동,2023,17,17,91,0.006810357730878611
수영구,광안동,2650079000,광안제4동,2023,18,18,78,0.0058374494836102376
수영구,광안동,2650079000,광안제4동,2023,19,19,114,0.008531656937584195
수영구,광안동,2650079000,광안제4동,2023,20,20,95,0.007109714114653495
수영구,광안동,2650079000,광안제4동,2023,21,21,100,0.0074839095943721
수영구,광안동,2650079000,광안제4동,2023,22,22,108,0.008082622361921869
수영구,광안동,2650079000,광안제4동,2023,23,23,143,0.010701990719952103
수영구,광안동,2650079000,광안제4동,2023,24,24,138,0.010327795240233499
수영구,광안동,2650079000,광안제4동,2023,25,25,149,0.011151025295614429
수영구,광안동,2650079000,광안제4동,2023,26,26,181,0.013545876365813501
수영구,광안동,2650079000,광안제4동,2023,27,27,207,0.015491692860350247
수영구,광안동,2650079000,광안제4동,2023,28,28,193,0.014443945517138153
수영구,광안동,2650079000,광안제4동,2023,29,29,235,0.017587187546774435
수영구,광안동,2650079000,광안제4동,2023,30,30,179,0.013396198173926059
수영구,광안동,2650079000,광안제4동,2023,31,31,217,0.016240083819787456
수영구,광안동,2650079000,광안제4동,2023,32,32,216,0.016165244723843737
수영구,광안동,2650079000,광안제4동,2023,33,33,179,0.013396198173926059
수영구,광안동,2650079000,광안제4동,2023,34,34,178,0.013321359077982337
수영구,광안동,2650079000,광안제4동,2023,35,35,166,0.012423289926657685
수영구,광안동,2650079000,광안제4동,2023,36,36,184,0.013770393653644663
수영구,광안동,2650079000,광안제4동,2023,37,37,176,0.013171680886094895
수영구,광안동,2650079000,광안제4동,2023,38,38,198,0.014818140996856757
수영구,광안동,2650079000,광안제4동,2023,39,39,190,0.01421942822930699
수영구,광안동,2650079000,광안제4동,2023,40,40,203,0.015192336476575363
수영구,광안동,2650079000,광안제4동,2023,41,41,191,0.014294267325250711
수영구,광안동,2650079000,광안제4동,2023,42,42,219,0.0163897620116749
수영구,광안동,2650079000,광안제4동,2023,43,43,221,0.01653944020356234
수영구,광안동,2650079000,광안제4동,2023,44,44,210,0.01571621014818141
수영구,광안동,2650079000,광안제4동,2023,45,45,196,0.014668462804969315
수영구,광안동,2650079000,광안제4동,2023,46,46,185,0.013845232749588385
수영구,광안동,2650079000,광안제4동,2023,47,47,197,0.014743301900913037
수영구,광안동,2650079000,광안제4동,2023,48,48,174,0.013022002694207453
수영구,광안동,2650079000,광안제4동,2023,49,49,205,0.015342014668462805
수영구,광안동,2650079000,광안제4동,2023,50,50,236,0.017662026642718157
수영구,광안동,2650079000,광안제4동,2023,51,51,221,0.01653944020356234
수영구,광안동,2650079000,광안제4동,2023,52,52,223,0.016689118395449783
수영구,광안동,2650079000,광안제4동,2023,53,53,219,0.0163897620116749
수영구,광안동,2650079000,광안제4동,2023,54,54,209,0.015641371052237688
수영구,광안동,2650079000,광안제4동,2023,55,55,239,0.01788654393054932
수영구,광안동,2650079000,광안제4동,2023,56,56,196,0.014668462804969315
수영구,광안동,2650079000,광안제4동,2023,57,57,190,0.01421942822930699
수영구,광안동,2650079000,광안제4동,2023,58,58,197,0.014743301900913037
수영구,광안동,2650079000,광안제4동,2023,59,59,177,0.013246519982038617
수영구,광안동,2650079000,광안제4동,2023,60,60,191,0.014294267325250711
수영구,광안동,2650079000,광안제4동,2023,61,61,199,0.01489298009280048
수영구,광안동,2650079000,광안제4동,2023,62,62,210,0.01571621014818141
수영구,광안동,2650079000,광안제4동,2023,63,63,237,0.017736865738661876
수영구,광안동,2650079000,광안제4동,2023,64,64,182,0.013620715461757221
수영구,광안동,2650079000,광안제4동,2023,65,65,197,0.014743301900913037
수영구,광안동,2650079000,광안제4동,2023,66,66,204,0.015267175572519083
수영구,광안동,2650079000,광안제4동,2023,67,67,181,0.013545876365813501
수영구,광안동,2650079000,광안제4동,2023,68,68,235,0.017587187546774435
수영구,광안동,2650079000,광안제4동,2023,69,69,190,0.01421942822930699
수영구,광안동,2650079000,광안제4동,2023,70,70,174,0.013022002694207453
수영구,광안동,2650079000,광안제4동,2023,71,71,177,0.013246519982038617
수영구,광안동,2650079000,광안제4동,2023,72,72,127,0.009504565184852567
수영구,광안동,2650079000,광안제4동,2023,73,73,127,0.009504565184852567
수영구,광안동,2650079000,광안제4동,2023,74,74,154,0.011525220775333035
수영구,광안동,2650079000,광안제4동,2023,75,75,142,0.010627151624008383
수영구,광안동,2650079000,광안제4동,2023,76,76,147,0.011001347103726987
수영구,광안동,2650079000,광안제4동,2023,77,77,104,0.007783265978146984
수영구,광안동,2650079000,광안제4동,2023,78,78,91,0.006810357730878611
수영구,광안동,2650079000,광안제4동,2023,79,79,106,0.007932944170034427
수영구,광안동,2650079000,광안제4동,2023,80,80,90,0.00673551863493489
수영구,광안동,2650079000,광안제4동,2023,81,81,107,0.008007783265978147
수영구,광안동,2650079000,광안제4동,2023,82,82,101,0.007558748690315821
수영구,광안동,2650079000,광안제4동,2023,83,83,80,0.00598712767549768
수영구,광안동,2650079000,광안제4동,2023,84,84,80,0.00598712767549768
수영구,광안동,2650079000,광안제4동,2023,85,85,69,0.005163897620116749
수영구,광안동,2650079000,광안제4동,2023,86,86,53,0.003966472085017213
수영구,광안동,2650079000,광안제4동,2023,87,87,46,0.003442598413411166
수영구,광안동,2650079000,광안제4동,2023,88,88,35,0.002619368358030235
수영구,광안동,2650079000,광안제4동,2023,89,89,20,0.00149678191887442
수영구,광안동,2650079000,광안제4동,2023,90,90,25,0.001870977398593025
수영구,광안동,2650079000,광안제4동,2023,91,91,14,0.001047747343212094
수영구,광안동,2650079000,광안제4동,2023,92,92,11,0.000823230055380931
수영구,광안동,2650079000,광안제4동,2023,93,93,5,0.000374195479718605
수영구,광안동,2650079000,광안제4동,2023,94,94,6,0.000449034575662326
수영구,광안동,2650079000,광안제4동,2023,95,95,6,0.000449034575662326
수영구,광안동,2650079000,광안제4동,2023,96,96,3,0.000224517287831163
수영구,광안동,2650079000,광안제4동,2023,97,97,0,0.0
수영구,광안동,2650079000,광안제4동,2023,98,98,2,0.000149678191887442
수영구,광안동,2650079000,광안제4동,2023,99,99,3,0.000224517287831163
수영구,광안동,2650079000,광안제4동,2023,100,100세 이상,1,7.4839095943721e-05
수영구,광안동,2650079000,광안제4동,2024,0,0,53,0.004045492710480116
수영구,광안동,2650079000,광안제4동,2024,1,1,56,0.004274482863903519
수영구,광안동,2650079000,광안제4동,2024,2,2,57,0.004350812915044653
수영구,광안동,2650079000,광안제4동,2024,3,3,72,0.005495763682161667
수영구,광안동,2650079000,광안제4동,2024,4,4,75,0.00572475383558507
수영구,광안동,2650079000,광안제4동,2024,5,5,79,0.006030074040149607
수영구,광안동,2650079000,광안제4동,2024,6,6,74,0.005648423784443936
수영구,광안동,2650079000,광안제4동,2024,7,7,90,0.0068697046027020835
수영구,광안동,2650079000,광안제4동,2024,8,8,95,0.007251354858407755
수영구,광안동,2650079000,광안제4동,2024,9,9,103,0.00786199526753683
수영구,광안동,2650079000,광안제4동,2024,10,10,99,0.007556675062972292
수영구,광안동,2650079000,광안제4동,2024,11,11,76,0.005801083886726204
수영구,광안동,2650079000,광안제4동,2024,12,12,100,0.007633005114113426
수영구,광안동,2650079000,광안제4동,2024,13,13,77,0.005877413937867338
수영구,광안동,2650079000,광안제4동,2024,14,14,91,0.006946034653843218
수영구,광안동,2650079000,광안제4동,2024,15,15,90,0.0068697046027020835
수영구,광안동,2650079000,광안제4동,2024,16,16,72,0.005495763682161667
수영구,광안동,2650079000,광안제4동,2024,17,17,86,0.006564384398137547
수영구,광안동,2650079000,광안제4동,2024,18,18,86,0.006564384398137547
수영구,광안동,2650079000,광안제4동,2024,19,19,75,0.00572475383558507
수영구,광안동,2650079000,광안제4동,2024,20,20,116,0.008854285932371574
수영구,광안동,2650079000,광안제4동,2024,21,21,89,0.006793374551560949
수영구,광안동,2650079000,광안제4동,2024,22,22,96,0.0073276849095488894
수영구,광안동,2650079000,광안제4동,2024,23,23,106,0.008090985420960232
수영구,광안동,2650079000,광안제4동,2024,24,24,140,0.010686207159758798
수영구,광안동,2650079000,광안제4동,2024,25,25,146,0.011144187466605603
수영구,광안동,2650079000,광안제4동,2024,26,26,155,0.01183115792687581
수영구,광안동,2650079000,광안제4동,2024,27,27,186,0.014197389512250974
수영구,광안동,2650079000,광안제4동,2024,28,28,219,0.016716281199908405
수영구,광안동,2650079000,광안제4동,2024,29,29,189,0.014426379665674376
수영구,광안동,2650079000,광안제4동,2024,30,30,230,0.01755591176246088
수영구,광안동,2650079000,광안제4동,2024,31,31,178,0.013586749103121899
수영구,광안동,2650079000,광안제4동,2024,32,32,201,0.015342340279367987
수영구,광안동,2650079000,광안제4동,2024,33,33,200,0.015266010228226852
수영구,광안동,2650079000,광안제4동,2024,34,34,173,0.013205098847416228
수영구,광안동,2650079000,광안제4동,2024,35,35,173,0.013205098847416228
수영구,광안동,2650079000,광안제4동,2024,36,36,163,0.012441798336004886
수영구,광안동,2650079000,광안제4동,2024,37,37,178,0.013586749103121899
수영구,광안동,2650079000,광안제4동,2024,38,38,177,0.013510419051980764
수영구,광안동,2650079000,광안제4동,2024,39,39,183,0.013968399358827571
수영구,광안동,2650079000,광안제4동,2024,40,40,187,0.014273719563392108
수영구,광안동,2650079000,광안제4동,2024,41,41,193,0.014731699870238913
수영구,광안동,2650079000,광안제4동,2024,42,42,204,0.01557133043279139
수영구,광안동,2650079000,광안제4동,2024,43,43,210,0.016029310739638196
수영구,광안동,2650079000,광안제4동,2024,44,44,219,0.016716281199908405
수영구,광안동,2650079000,광안제4동,2024,45,45,209,0.01595298068849706
수영구,광안동,2650079000,광안제4동,2024,46,46,185,0.01412105946110984
수영구,광안동,2650079000,광안제4동,2024,47,47,183,0.013968399358827571
수영구,광안동,2650079000,광안제4동,2024,48,48,190,0.01450270971681551
수영구,광안동,2650079000,광안제4동,2024,49,49,173,0.013205098847416228
수영구,광안동,2650079000,광안제4동,2024,50,50,203,0.015495000381650255
수영구,광안동,2650079000,광안제4동,2024,51,51,224,0.017097931455614074
수영구,광안동,2650079000,광안제4동,2024,52,52,207,0.01580032058621479
수영구,광안동,2650079000,광안제4동,2024,53,53,223,0.017021601404472942
수영구,광안동,2650079000,광안제4동,2024,54,54,220,0.016792611251049538
수영구,광안동,2650079000,광안제4동,2024,55,55,203,0.015495000381650255
수영구,광안동,2650079000,광안제4동,2024,56,56,230,0.01755591176246088
수영구,광안동,2650079000,광안제4동,2024,57,57,191,0.014579039767956645
수영구,광안동,2650079000,광안제4동,2024,58,58,188,0.014350049614533242
수영구,광안동,2650079000,광안제4동,2024,59,59,191,0.014579039767956645
수영구,광안동,2650079000,광안제4동,2024,60,60,174,0.013281428898557362
수영구,광안동,2650079000,광안제4동,2024,61,61,192,0.014655369819097779
수영구,광안동,2650079000,광안제4동,2024,62,62,194,0.014808029921380047
수영구,광안동,2650079000,광안제4동,2024,63,63,209,0.01595298068849706
수영구,광안동,2650079000,광안제4동,2024,64,64,235,0.017937562018166552
수영구,광안동,2650079000,광안제4동,2024,65,65,188,0.014350049614533242
수영구,광안동,2650079000,광안제4동,2024,66,66,200,0.015266010228226852
수영구,광안동,2650079000,광안제4동,2024,67,67,198,0.015113350125944584
수영구,광안동,2650079000,광안제4동,2024,68,68,176,0.01343408900083963
수영구,광안동,2650079000,광안제4동,2024,69,69,233,0.017784901915884284
수영구,광안동,2650079000,광안제4동,2024,70,70,185,0.01412105946110984
수영구,광안동,2650079000,광안제4동,2024,71,71,168,0.012823448591710557
수영구,광안동,2650079000,광안제4동,2024,72,72,165,0.012594458438287154
수영구,광안동,2650079000,광안제4동,2024,73,73,121,0.009235936188077247
수영구,광안동,2650079000,광안제4동,2024,74,74,122,0.00931226623921838
수영구,광안동,2650079000,광안제4동,2024,75,75,146,0.011144187466605603
수영구,광안동,2650079000,광안제4동,2024,76,76,138,0.010533547057476528
수영구,광안동,2650079000,광안제4동,2024,77,77,143,0.0109151973131822
수영구,광안동,2650079000,광안제4동,2024,78,78,97,0.007404014960690024
수영구,광안동,2650079000,광안제4동,2024,79,79,89,0.006793374551560949
수영구,광안동,2650079000,광안제4동,2024,80,80,104,0.007938325318677964
수영구,광안동,2650079000,광안제4동,2024,81,81,82,0.00625906419357301
수영구,광안동,2650079000,광안제4동,2024,82,82,102,0.007785665216395695
수영구,광안동,2650079000,광안제4동,2024,83,83,99,0.007556675062972292
수영구,광안동,2650079000,광안제4동,2024,84,84,72,0.005495763682161667
수영구,광안동,2650079000,광안제4동,2024,85,85,71,0.005419433631020533
수영구,광안동,2650079000,광안제4동,2024,86,86,64,0.004885123273032593
수영구,광안동,2650079000,광안제4동,2024,87,87,50,0.003816502557056713
수영구,광안동,2650079000,광안제4동,2024,88,88,41,0.003129532096786505
수영구,광안동,2650079000,광안제4동,2024,89,89,27,0.002060911380810625
수영구,광안동,2650079000,광안제4동,2024,90,90,17,0.0012976108693992824
수영구,광안동,2650079000,광안제4동,2024,91,91,20,0.0015266010228226852
수영구,광안동,2650079000,광안제4동,2024,92,92,11,0.0008396305625524769
수영구,광안동,2650079000,광안제4동,2024,93,93,11,0.0008396305625524769
수영구,광안동,2650079000,광안제4동,2024,94,94,5,0.0003816502557056713
수영구,광안동,2650079000,광안제4동,2024,95,95,6,0.0004579803068468056
수영구,광안동,2650079000,광안제4동,2024,96,96,3,0.0002289901534234028
수영구,광안동,2650079000,광안제4동,2024,97,97,1,7.633005114113426e-05
수영구,광안동,2650079000,광안제4동,2024,98,98,0,0.0
수영구,광안동,2650079000,광안제4동,2024,99,99,1,7.633005114113426e-05
수영구,광안동,2650079000,광안제4동,2024,100,100세 이상,4,0.00030532020456453706
