district,rawDong,type,subtype,regionObservedYears,status,countC,candidateEligible,yearCounts,core8YearCounts,retention,directionPreservedAllScopes,repeatedAllScopes,selectedDetailedExample
강서구,강동동,구급,심정지,"[2020, 2021, 2022, 2023, 2024]",결측·처리조건 민감 또는 5년 반복 미충족,30,False,"[8, 5, 3, 10, 4]","[9, 8, 5, 16, 9]",0.6382978723404256,False,True,False
강서구,강동동,화재,일반화재(주택),"[2020, 2021, 2022, 2023, 2024]",결측·처리조건 민감 또는 5년 반복 미충족,29,False,"[5, 5, 5, 6, 8]","[6, 5, 5, 6, 8]",0.9666666666666667,False,True,False
강서구,강동동,구조,산악사고,"[2020, 2021, 2022, 2023, 2024]",해당 조건에서 관측된 신고 없음,0,False,,,,,,False
강서구,강동동,구조,수난사고,"[2020, 2021, 2022, 2023, 2024]",결측·처리조건 민감 또는 5년 반복 미충족,4,False,"[0, 0, 2, 2, 0]","[2, 1, 5, 3, 0]",0.36363636363636365,True,False,False
강서구,강동동,구급,교통사고,"[2020, 2021, 2022, 2023, 2024]",반복·방향 보존,117,True,"[21, 20, 21, 28, 27]","[34, 30, 31, 44, 41]",0.65,True,True,False
강서구,구랑동,구급,심정지,"[2020, 2021, 2022, 2023, 2024]",결측·처리조건 민감 또는 5년 반복 미충족,2,False,"[0, 1, 0, 1, 0]","[0, 1, 0, 1, 0]",1.0,True,False,False
강서구,구랑동,화재,일반화재(주택),"[2020, 2021, 2022, 2023, 2024]",결측·처리조건 민감 또는 5년 반복 미충족,1,False,"[1, 0, 0, 0, 0]","[2, 0, 0, 0, 1]",0.3333333333333333,True,False,False
강서구,구랑동,구조,산악사고,"[2020, 2021, 2022, 2023, 2024]",결측·처리조건 민감 또는 5년 반복 미충족,2,False,"[0, 0, 2, 0, 0]","[0, 0, 2, 0, 0]",1.0,True,False,False
강서구,구랑동,구조,수난사고,"[2020, 2021, 2022, 2023, 2024]",해당 조건에서 관측된 신고 없음,0,False,,,,,,False
강서구,구랑동,구급,교통사고,"[2020, 2021, 2022, 2023, 2024]",반복·방향 보존,32,True,"[3, 7, 10, 7, 5]","[6, 11, 23, 15, 11]",0.48484848484848486,True,True,False
강서구,녹산동,구급,심정지,"[2020, 2021, 2022, 2023, 2024]",결측·처리조건 민감 또는 5년 반복 미충족,9,False,"[1, 4, 3, 0, 1]","[1, 5, 4, 2, 1]",0.6923076923076923,True,False,False
강서구,녹산동,화재,일반화재(주택),"[2020, 2021, 2022, 2023, 2024]",결측·처리조건 민감 또는 5년 반복 미충족,6,False,"[2, 1, 2, 1, 0]","[2, 1, 3, 1, 0]",0.8571428571428571,True,False,False
강서구,녹산동,구조,산악사고,"[2020, 2021, 2022, 2023, 2024]",결측·처리조건 민감 또는 5년 반복 미충족,2,False,"[0, 0, 1, 0, 1]","[1, 0, 1, 0, 1]",0.6666666666666666,True,False,False
강서구,녹산동,구조,수난사고,"[2020, 2021, 2022, 2023, 2024]",결측·처리조건 민감 또는 5년 반복 미충족,0,False,"[0, 0, 0, 0, 0]","[1, 0, 1, 1, 1]",0.0,True,False,False
강서구,녹산동,구급,교통사고,"[2020, 2021, 2022, 2023, 2024]",반복·방향 보존,48,True,"[13, 11, 6, 7, 11]","[19, 19, 10, 11, 18]",0.6233766233766234,True,True,False
강서구,눌차동,구급,심정지,"[2020, 2021, 2022, 2023, 2024]",결측·처리조건 민감 또는 5년 반복 미충족,4,False,"[1, 0, 1, 2, 0]","[1, 0, 1, 3, 1]",0.6666666666666666,True,False,False
강서구,눌차동,화재,일반화재(주택),"[2020, 2021, 2022, 2023, 2024]",해당 조건에서 관측된 신고 없음,0,False,,,,,,False
강서구,눌차동,구조,산악사고,"[2020, 2021, 2022, 2023, 2024]",결측·처리조건 민감 또는 5년 반복 미충족,0,False,"[0, 0, 0, 0, 0]","[0, 0, 1, 0, 0]",0.0,True,False,False
강서구,눌차동,구조,수난사고,"[2020, 2021, 2022, 2023, 2024]",결측·처리조건 민감 또는 5년 반복 미충족,0,False,"[0, 0, 0, 0, 0]","[0, 0, 0, 1, 0]",0.0,True,False,False
강서구,눌차동,구급,교통사고,"[2020, 2021, 2022, 2023, 2024]",결측·처리조건 민감 또는 5년 반복 미충족,2,False,"[0, 0, 1, 0, 1]","[0, 0, 1, 0, 2]",0.6666666666666666,True,False,False
강서구,대저1동,구급,심정지,"[2020, 2021, 2022, 2023, 2024]",반복·방향 보존,59,True,"[7, 13, 15, 12, 12]","[11, 17, 19, 14, 20]",0.7283950617283951,True,True,False
강서구,대저1동,화재,일반화재(주택),"[2020, 2021, 2022, 2023, 2024]",반복·방향 보존,38,True,"[6, 12, 8, 9, 3]","[7, 13, 11, 10, 6]",0.8085106382978723,True,True,False
강서구,대저1동,구조,산악사고,"[2020, 2021, 2022, 2023, 2024]",해당 조건에서 관측된 신고 없음,0,False,,,,,,False
강서구,대저1동,구조,수난사고,"[2020, 2021, 2022, 2023, 2024]",결측·처리조건 민감 또는 5년 반복 미충족,6,False,"[1, 1, 0, 2, 2]","[5, 3, 5, 6, 3]",0.2727272727272727,False,False,False
강서구,대저1동,구급,교통사고,"[2020, 2021, 2022, 2023, 2024]",반복·방향 보존,257,True,"[60, 41, 61, 44, 51]","[82, 65, 81, 69, 74]",0.692722371967655,True,True,False
강서구,대저2동,구급,심정지,"[2020, 2021, 2022, 2023, 2024]",반복·방향 보존,43,True,"[9, 6, 7, 9, 12]","[11, 8, 10, 11, 15]",0.7818181818181819,True,True,False
강서구,대저2동,화재,일반화재(주택),"[2020, 2021, 2022, 2023, 2024]",반복·방향 보존,41,True,"[7, 7, 12, 5, 10]","[9, 8, 14, 6, 12]",0.8367346938775511,True,True,False
강서구,대저2동,구조,산악사고,"[2020, 2021, 2022, 2023, 2024]",해당 조건에서 관측된 신고 없음,0,False,,,,,,False
강서구,대저2동,구조,수난사고,"[2020, 2021, 2022, 2023, 2024]",결측·처리조건 민감 또는 5년 반복 미충족,4,False,"[0, 2, 1, 1, 0]","[2, 6, 3, 4, 1]",0.25,True,False,False
강서구,대저2동,구급,교통사고,"[2020, 2021, 2022, 2023, 2024]",반복·방향 보존,240,True,"[39, 49, 51, 49, 52]","[55, 66, 76, 79, 69]",0.6956521739130435,True,True,False
강서구,대항동,구급,심정지,"[2020, 2021, 2022, 2023, 2024]",결측·처리조건 민감 또는 5년 반복 미충족,5,False,"[1, 0, 3, 1, 0]","[1, 3, 3, 1, 1]",0.5555555555555556,True,False,False
강서구,대항동,화재,일반화재(주택),"[2020, 2021, 2022, 2023, 2024]",결측·처리조건 민감 또는 5년 반복 미충족,3,False,"[0, 1, 1, 0, 1]","[0, 1, 1, 0, 1]",1.0,True,False,False
강서구,대항동,구조,산악사고,"[2020, 2021, 2022, 2023, 2024]",결측·처리조건 민감 또는 5년 반복 미충족,3,False,"[1, 0, 1, 1, 0]","[1, 0, 2, 2, 1]",0.5,True,False,False
강서구,대항동,구조,수난사고,"[2020, 2021, 2022, 2023, 2024]",결측·처리조건 민감 또는 5년 반복 미충족,6,False,"[1, 0, 1, 2, 2]","[3, 1, 1, 2, 3]",0.6,True,False,False
강서구,대항동,구급,교통사고,"[2020, 2021, 2022, 2023, 2024]",결측·처리조건 민감 또는 5년 반복 미충족,1,False,"[0, 0, 1, 0, 0]","[0, 0, 1, 0, 0]",1.0,True,False,False
강서구,동선동,구급,심정지,"[2020, 2021, 2022, 2023, 2024]",결측·처리조건 민감 또는 5년 반복 미충족,5,False,"[1, 0, 2, 1, 1]","[3, 0, 3, 1, 3]",0.5,True,False,False
강서구,동선동,화재,일반화재(주택),"[2020, 2021, 2022, 2023, 2024]",해당 조건에서 관측된 신고 없음,0,False,,,,,,False
강서구,동선동,구조,산악사고,"[2020, 2021, 2022, 2023, 2024]",결측·처리조건 민감 또는 5년 반복 미충족,6,False,"[1, 1, 1, 2, 1]","[1, 1, 1, 2, 1]",1.0,False,True,False
강서구,동선동,구조,수난사고,"[2020, 2021, 2022, 2023, 2024]",결측·처리조건 민감 또는 5년 반복 미충족,1,False,"[0, 0, 0, 1, 0]","[0, 1, 1, 1, 0]",0.3333333333333333,True,False,False
강서구,동선동,구급,교통사고,"[2020, 2021, 2022, 2023, 2024]",결측·처리조건 민감 또는 5년 반복 미충족,5,False,"[0, 2, 2, 1, 0]","[1, 2, 3, 1, 1]",0.625,True,False,False
강서구,명지동,구급,심정지,"[2020, 2021, 2022, 2023, 2024]",반복·방향 보존,81,True,"[11, 18, 18, 18, 16]","[26, 32, 33, 36, 35]",0.5,True,True,False
강서구,명지동,화재,일반화재(주택),"[2020, 2021, 2022, 2023, 2024]",반복·방향 보존,30,True,"[10, 6, 4, 6, 4]","[14, 8, 10, 10, 7]",0.6122448979591837,True,True,False
강서구,명지동,구조,산악사고,"[2020, 2021, 2022, 2023, 2024]",결측·처리조건 민감 또는 5년 반복 미충족,0,False,"[0, 0, 0, 0, 0]","[0, 0, 0, 0, 1]",0.0,True,False,False
강서구,명지동,구조,수난사고,"[2020, 2021, 2022, 2023, 2024]",결측·처리조건 민감 또는 5년 반복 미충족,4,False,"[1, 0, 1, 1, 1]","[4, 5, 5, 1, 3]",0.2222222222222222,True,False,False
강서구,명지동,구급,교통사고,"[2020, 2021, 2022, 2023, 2024]",반복·방향 보존,429,True,"[84, 79, 89, 93, 84]","[143, 177, 178, 182, 166]",0.5070921985815603,True,True,False
강서구,미음동,구급,심정지,"[2020, 2021, 2022, 2023, 2024]",해당 조건에서 관측된 신고 없음,0,False,,,,,,False
강서구,미음동,화재,일반화재(주택),"[2020, 2021, 2022, 2023, 2024]",결측·처리조건 민감 또는 5년 반복 미충족,3,False,"[2, 1, 0, 0, 0]","[3, 1, 1, 0, 0]",0.6,True,False,False
강서구,미음동,구조,산악사고,"[2020, 2021, 2022, 2023, 2024]",결측·처리조건 민감 또는 5년 반복 미충족,1,False,"[0, 1, 0, 0, 0]","[0, 1, 0, 0, 0]",1.0,True,False,False
강서구,미음동,구조,수난사고,"[2020, 2021, 2022, 2023, 2024]",해당 조건에서 관측된 신고 없음,0,False,,,,,,False
강서구,미음동,구급,교통사고,"[2020, 2021, 2022, 2023, 2024]",반복·방향 보존,28,True,"[9, 8, 5, 2, 4]","[12, 8, 8, 6, 5]",0.717948717948718,True,True,False
강서구,범방동,구급,심정지,"[2020, 2021, 2022, 2023, 2024]",결측·처리조건 민감 또는 5년 반복 미충족,2,False,"[0, 0, 0, 0, 2]","[1, 0, 0, 1, 2]",0.5,True,False,False
강서구,범방동,화재,일반화재(주택),"[2020, 2021, 2022, 2023, 2024]",결측·처리조건 민감 또는 5년 반복 미충족,3,False,"[1, 1, 1, 0, 0]","[1, 1, 1, 0, 1]",0.75,True,False,False
강서구,범방동,구조,산악사고,"[2020, 2021, 2022, 2023, 2024]",해당 조건에서 관측된 신고 없음,0,False,,,,,,False
강서구,범방동,구조,수난사고,"[2020, 2021, 2022, 2023, 2024]",결측·처리조건 민감 또는 5년 반복 미충족,1,False,"[0, 0, 0, 0, 1]","[1, 0, 0, 1, 2]",0.25,True,False,False
강서구,범방동,구급,교통사고,"[2020, 2021, 2022, 2023, 2024]",반복·방향 보존,46,True,"[13, 12, 10, 6, 5]","[25, 22, 16, 16, 15]",0.48936170212765956,True,True,False
강서구,봉림동,구급,심정지,"[2020, 2021, 2022, 2023, 2024]",결측·처리조건 민감 또는 5년 반복 미충족,8,False,"[0, 2, 1, 2, 3]","[0, 2, 4, 2, 6]",0.5714285714285714,True,False,False
강서구,봉림동,화재,일반화재(주택),"[2020, 2021, 2022, 2023, 2024]",반복·방향 보존,9,True,"[2, 1, 1, 1, 4]","[3, 1, 1, 1, 4]",0.9,True,True,False
강서구,봉림동,구조,산악사고,"[2020, 2021, 2022, 2023, 2024]",해당 조건에서 관측된 신고 없음,0,False,,,,,,False
강서구,봉림동,구조,수난사고,"[2020, 2021, 2022, 2023, 2024]",결측·처리조건 민감 또는 5년 반복 미충족,2,False,"[0, 0, 1, 0, 1]","[1, 1, 2, 0, 4]",0.25,True,False,False
강서구,봉림동,구급,교통사고,"[2020, 2021, 2022, 2023, 2024]",반복·방향 보존,32,True,"[7, 4, 7, 9, 5]","[17, 8, 15, 18, 16]",0.43243243243243246,True,True,False
강서구,생곡동,구급,심정지,"[2020, 2021, 2022, 2023, 2024]",결측·처리조건 민감 또는 5년 반복 미충족,5,False,"[0, 1, 2, 2, 0]","[0, 1, 2, 2, 0]",1.0,True,False,False
강서구,생곡동,화재,일반화재(주택),"[2020, 2021, 2022, 2023, 2024]",결측·처리조건 민감 또는 5년 반복 미충족,2,False,"[2, 0, 0, 0, 0]","[2, 0, 0, 0, 0]",1.0,True,False,False
강서구,생곡동,구조,산악사고,"[2020, 2021, 2022, 2023, 2024]",해당 조건에서 관측된 신고 없음,0,False,,,,,,False
강서구,생곡동,구조,수난사고,"[2020, 2021, 2022, 2023, 2024]",결측·처리조건 민감 또는 5년 반복 미충족,0,False,"[0, 0, 0, 0, 0]","[1, 1, 0, 0, 0]",0.0,True,False,False
강서구,생곡동,구급,교통사고,"[2020, 2021, 2022, 2023, 2024]",반복·방향 보존,22,True,"[4, 7, 4, 2, 5]","[8, 7, 9, 7, 11]",0.5238095238095238,True,True,False
강서구,성북동,구급,심정지,"[2020, 2021, 2022, 2023, 2024]",반복·방향 보존,7,True,"[1, 1, 2, 1, 2]","[1, 3, 2, 3, 3]",0.5833333333333334,True,True,False
강서구,성북동,화재,일반화재(주택),"[2020, 2021, 2022, 2023, 2024]",결측·처리조건 민감 또는 5년 반복 미충족,1,False,"[0, 0, 1, 0, 0]","[0, 0, 1, 0, 0]",1.0,True,False,False
강서구,성북동,구조,산악사고,"[2020, 2021, 2022, 2023, 2024]",결측·처리조건 민감 또는 5년 반복 미충족,0,False,"[0, 0, 0, 0, 0]","[0, 1, 0, 0, 1]",0.0,True,False,False
강서구,성북동,구조,수난사고,"[2020, 2021, 2022, 2023, 2024]",결측·처리조건 민감 또는 5년 반복 미충족,4,False,"[1, 1, 1, 1, 0]","[1, 2, 1, 1, 1]",0.6666666666666666,True,False,False
강서구,성북동,구급,교통사고,"[2020, 2021, 2022, 2023, 2024]",반복·방향 보존,32,True,"[9, 5, 7, 7, 4]","[22, 11, 17, 12, 13]",0.4266666666666667,True,True,False
강서구,송정동,구급,심정지,"[2020, 2021, 2022, 2023, 2024]",반복·방향 보존,21,True,"[3, 3, 5, 4, 6]","[5, 4, 6, 6, 13]",0.6176470588235294,True,True,False
강서구,송정동,화재,일반화재(주택),"[2020, 2021, 2022, 2023, 2024]",결측·처리조건 민감 또는 5년 반복 미충족,12,False,"[5, 2, 3, 2, 0]","[6, 3, 5, 2, 2]",0.6666666666666666,True,False,False
강서구,송정동,구조,산악사고,"[2020, 2021, 2022, 2023, 2024]",결측·처리조건 민감 또는 5년 반복 미충족,1,False,"[0, 0, 0, 1, 0]","[0, 0, 0, 1, 2]",0.3333333333333333,True,False,False
강서구,송정동,구조,수난사고,"[2020, 2021, 2022, 2023, 2024]",결측·처리조건 민감 또는 5년 반복 미충족,3,False,"[2, 0, 0, 1, 0]","[3, 0, 0, 1, 0]",0.75,True,False,False
강서구,송정동,구급,교통사고,"[2020, 2021, 2022, 2023, 2024]",결측·처리조건 민감 또는 5년 반복 미충족,161,False,"[32, 30, 36, 36, 27]","[57, 45, 61, 70, 69]",0.5331125827814569,False,True,False
강서구,식만동,구급,심정지,"[2020, 2021, 2022, 2023, 2024]",결측·처리조건 민감 또는 5년 반복 미충족,5,False,"[1, 3, 0, 0, 1]","[1, 3, 0, 0, 2]",0.8333333333333334,True,False,False
강서구,식만동,화재,일반화재(주택),"[2020, 2021, 2022, 2023, 2024]",결측·처리조건 민감 또는 5년 반복 미충족,5,False,"[0, 0, 2, 3, 0]","[0, 2, 2, 3, 1]",0.625,True,False,False
강서구,식만동,구조,산악사고,"[2020, 2021, 2022, 2023, 2024]",해당 조건에서 관측된 신고 없음,0,False,,,,,,False
강서구,식만동,구조,수난사고,"[2020, 2021, 2022, 2023, 2024]",결측·처리조건 민감 또는 5년 반복 미충족,0,False,"[0, 0, 0, 0, 0]","[0, 1, 1, 0, 0]",0.0,True,False,False
강서구,식만동,구급,교통사고,"[2020, 2021, 2022, 2023, 2024]",결측·처리조건 민감 또는 5년 반복 미충족,7,False,"[0, 2, 2, 1, 2]","[3, 4, 7, 3, 5]",0.3181818181818182,True,False,False
강서구,신호동,구급,심정지,"[2020, 2021, 2022, 2023, 2024]",반복·방향 보존,41,True,"[8, 9, 4, 11, 9]","[10, 14, 7, 14, 15]",0.6833333333333333,True,True,False
강서구,신호동,화재,일반화재(주택),"[2020, 2021, 2022, 2023, 2024]",결측·처리조건 민감 또는 5년 반복 미충족,5,False,"[0, 2, 1, 1, 1]","[0, 2, 3, 1, 1]",0.7142857142857143,True,False,False
강서구,신호동,구조,산악사고,"[2020, 2021, 2022, 2023, 2024]",해당 조건에서 관측된 신고 없음,0,False,,,,,,False
강서구,신호동,구조,수난사고,"[2020, 2021, 2022, 2023, 2024]",결측·처리조건 민감 또는 5년 반복 미충족,7,False,"[4, 2, 1, 0, 0]","[4, 5, 7, 1, 4]",0.3333333333333333,True,False,False
강서구,신호동,구급,교통사고,"[2020, 2021, 2022, 2023, 2024]",결측·처리조건 민감 또는 5년 반복 미충족,122,False,"[22, 30, 33, 22, 15]","[34, 42, 43, 31, 29]",0.6815642458100558,False,True,False
강서구,죽동동,구급,심정지,"[2020, 2021, 2022, 2023, 2024]",결측·처리조건 민감 또는 5년 반복 미충족,4,False,"[1, 0, 0, 1, 2]","[1, 0, 1, 1, 3]",0.6666666666666666,False,False,False
강서구,죽동동,화재,일반화재(주택),"[2020, 2021, 2022, 2023, 2024]",결측·처리조건 민감 또는 5년 반복 미충족,5,False,"[0, 0, 2, 2, 1]","[0, 0, 2, 4, 1]",0.7142857142857143,True,False,False
강서구,죽동동,구조,산악사고,"[2020, 2021, 2022, 2023, 2024]",해당 조건에서 관측된 신고 없음,0,False,,,,,,False
강서구,죽동동,구조,수난사고,"[2020, 2021, 2022, 2023, 2024]",해당 조건에서 관측된 신고 없음,0,False,,,,,,False
강서구,죽동동,구급,교통사고,"[2020, 2021, 2022, 2023, 2024]",결측·처리조건 민감 또는 5년 반복 미충족,6,False,"[1, 1, 2, 0, 2]","[1, 2, 5, 4, 5]",0.35294117647058826,True,False,False
강서구,죽림동,구급,심정지,"[2020, 2021, 2022, 2023, 2024]",결측·처리조건 민감 또는 5년 반복 미충족,2,False,"[1, 0, 1, 0, 0]","[1, 1, 1, 0, 1]",0.5,True,False,False
강서구,죽림동,화재,일반화재(주택),"[2020, 2021, 2022, 2023, 2024]",결측·처리조건 민감 또는 5년 반복 미충족,0,False,"[0, 0, 0, 0, 0]","[2, 0, 0, 0, 0]",0.0,True,False,False
강서구,죽림동,구조,산악사고,"[2020, 2021, 2022, 2023, 2024]",결측·처리조건 민감 또는 5년 반복 미충족,0,False,"[0, 0, 0, 0, 0]","[0, 0, 0, 1, 0]",0.0,True,False,False
강서구,죽림동,구조,수난사고,"[2020, 2021, 2022, 2023, 2024]",해당 조건에서 관측된 신고 없음,0,False,,,,,,False
강서구,죽림동,구급,교통사고,"[2020, 2021, 2022, 2023, 2024]",결측·처리조건 민감 또는 5년 반복 미충족,9,False,"[1, 2, 0, 2, 4]","[2, 4, 0, 10, 7]",0.391304347826087,True,False,False
강서구,지사동,구급,심정지,"[2020, 2021, 2022, 2023, 2024]",반복·방향 보존,22,True,"[4, 4, 3, 3, 8]","[6, 4, 3, 6, 14]",0.6666666666666666,True,True,False
강서구,지사동,화재,일반화재(주택),"[2020, 2021, 2022, 2023, 2024]",결측·처리조건 민감 또는 5년 반복 미충족,6,False,"[1, 2, 2, 0, 1]","[1, 2, 3, 0, 1]",0.8571428571428571,True,False,False
강서구,지사동,구조,산악사고,"[2020, 2021, 2022, 2023, 2024]",결측·처리조건 민감 또는 5년 반복 미충족,3,False,"[0, 0, 3, 0, 0]","[0, 1, 3, 0, 1]",0.6,True,False,False
강서구,지사동,구조,수난사고,"[2020, 2021, 2022, 2023, 2024]",해당 조건에서 관측된 신고 없음,0,False,,,,,,False
강서구,지사동,구급,교통사고,"[2020, 2021, 2022, 2023, 2024]",반복·방향 보존,47,True,"[7, 11, 13, 5, 11]","[10, 14, 17, 8, 13]",0.7580645161290323,True,True,False
강서구,천성동,구급,심정지,"[2020, 2021, 2022, 2023, 2024]",결측·처리조건 민감 또는 5년 반복 미충족,2,False,"[1, 1, 0, 0, 0]","[1, 1, 0, 3, 2]",0.2857142857142857,False,False,False
강서구,천성동,화재,일반화재(주택),"[2020, 2021, 2022, 2023, 2024]",결측·처리조건 민감 또는 5년 반복 미충족,5,False,"[0, 1, 2, 1, 1]","[0, 2, 2, 1, 1]",0.8333333333333334,True,False,False
강서구,천성동,구조,산악사고,"[2020, 2021, 2022, 2023, 2024]",결측·처리조건 민감 또는 5년 반복 미충족,8,False,"[1, 2, 4, 1, 0]","[2, 7, 7, 4, 3]",0.34782608695652173,False,False,False
강서구,천성동,구조,수난사고,"[2020, 2021, 2022, 2023, 2024]",결측·처리조건 민감 또는 5년 반복 미충족,2,False,"[0, 1, 0, 1, 0]","[0, 1, 2, 4, 4]",0.18181818181818182,True,False,False
강서구,천성동,구급,교통사고,"[2020, 2021, 2022, 2023, 2024]",결측·처리조건 민감 또는 5년 반복 미충족,7,False,"[4, 1, 1, 1, 0]","[4, 4, 4, 8, 4]",0.2916666666666667,False,False,False
강서구,화전동,구급,심정지,"[2020, 2021, 2022, 2023, 2024]",반복·방향 보존,9,True,"[2, 4, 1, 1, 1]","[3, 5, 2, 2, 2]",0.6428571428571429,True,True,False
강서구,화전동,화재,일반화재(주택),"[2020, 2021, 2022, 2023, 2024]",결측·처리조건 민감 또는 5년 반복 미충족,2,False,"[1, 1, 0, 0, 0]","[3, 2, 1, 1, 0]",0.2857142857142857,True,False,False
강서구,화전동,구조,산악사고,"[2020, 2021, 2022, 2023, 2024]",결측·처리조건 민감 또는 5년 반복 미충족,1,False,"[0, 0, 0, 1, 0]","[0, 0, 0, 1, 0]",1.0,True,False,False
강서구,화전동,구조,수난사고,"[2020, 2021, 2022, 2023, 2024]",결측·처리조건 민감 또는 5년 반복 미충족,0,False,"[0, 0, 0, 0, 0]","[0, 0, 0, 0, 1]",0.0,True,False,False
강서구,화전동,구급,교통사고,"[2020, 2021, 2022, 2023, 2024]",반복·방향 보존,26,True,"[9, 4, 8, 3, 2]","[10, 5, 9, 10, 6]",0.65,True,True,False
금정구,구서동,구급,심정지,"[2020, 2021, 2022, 2023, 2024]",반복·방향 보존,147,True,"[23, 33, 30, 30, 31]","[36, 47, 62, 47, 53]",0.6,True,True,False
금정구,구서동,화재,일반화재(주택),"[2020, 2021, 2022, 2023, 2024]",반복·방향 보존,17,True,"[5, 5, 2, 2, 3]","[9, 6, 4, 4, 5]",0.6071428571428571,True,True,False
금정구,구서동,구조,산악사고,"[2020, 2021, 2022, 2023, 2024]",결측·처리조건 민감 또는 5년 반복 미충족,19,False,"[4, 5, 1, 4, 5]","[9, 10, 3, 6, 8]",0.5277777777777778,False,True,False
금정구,구서동,구조,수난사고,"[2020, 2021, 2022, 2023, 2024]",결측·처리조건 민감 또는 5년 반복 미충족,5,False,"[2, 1, 1, 1, 0]","[2, 1, 1, 1, 0]",1.0,True,False,False
금정구,구서동,구급,교통사고,"[2020, 2021, 2022, 2023, 2024]",반복·방향 보존,258,True,"[48, 61, 52, 36, 61]","[78, 93, 83, 77, 96]",0.6042154566744731,True,True,False
금정구,금사동,구급,심정지,"[2020, 2021, 2022, 2023, 2024]",반복·방향 보존,30,True,"[8, 6, 4, 7, 5]","[16, 8, 6, 10, 8]",0.625,True,True,False
금정구,금사동,화재,일반화재(주택),"[2020, 2021, 2022, 2023, 2024]",결측·처리조건 민감 또는 5년 반복 미충족,9,False,"[2, 5, 1, 1, 0]","[3, 6, 2, 1, 1]",0.6923076923076923,True,False,False
금정구,금사동,구조,산악사고,"[2020, 2021, 2022, 2023, 2024]",결측·처리조건 민감 또는 5년 반복 미충족,4,False,"[0, 1, 1, 2, 0]","[2, 2, 2, 4, 0]",0.4,True,False,False
금정구,금사동,구조,수난사고,"[2020, 2021, 2022, 2023, 2024]",해당 조건에서 관측된 신고 없음,0,False,,,,,,False
금정구,금사동,구급,교통사고,"[2020, 2021, 2022, 2023, 2024]",결측·처리조건 민감 또는 5년 반복 미충족,80,False,"[14, 16, 17, 14, 19]","[30, 33, 30, 28, 27]",0.5405405405405406,False,True,False
금정구,금성동,구급,심정지,"[2020, 2021, 2022, 2023, 2024]",반복·방향 보존,9,True,"[1, 2, 2, 2, 2]","[1, 2, 3, 4, 2]",0.75,True,True,False
금정구,금성동,화재,일반화재(주택),"[2020, 2021, 2022, 2023, 2024]",결측·처리조건 민감 또는 5년 반복 미충족,9,False,"[1, 4, 2, 1, 1]","[1, 4, 2, 1, 1]",1.0,False,True,False
금정구,금성동,구조,산악사고,"[2020, 2021, 2022, 2023, 2024]",반복·방향 보존,61,True,"[7, 10, 14, 17, 13]","[17, 17, 23, 23, 21]",0.6039603960396039,True,True,True
금정구,금성동,구조,수난사고,"[2020, 2021, 2022, 2023, 2024]",해당 조건에서 관측된 신고 없음,0,False,,,,,,False
금정구,금성동,구급,교통사고,"[2020, 2021, 2022, 2023, 2024]",결측·처리조건 민감 또는 5년 반복 미충족,12,False,"[4, 1, 0, 4, 3]","[4, 1, 2, 6, 4]",0.7058823529411765,True,False,False
금정구,남산동,구급,심정지,"[2020, 2021, 2022, 2023, 2024]",반복·방향 보존,136,True,"[23, 28, 20, 30, 35]","[28, 35, 34, 44, 52]",0.7046632124352331,True,True,False
금정구,남산동,화재,일반화재(주택),"[2020, 2021, 2022, 2023, 2024]",반복·방향 보존,24,True,"[5, 4, 5, 5, 5]","[8, 4, 6, 7, 6]",0.7741935483870968,True,True,False
금정구,남산동,구조,산악사고,"[2020, 2021, 2022, 2023, 2024]",반복·방향 보존,11,True,"[1, 2, 2, 3, 3]","[1, 5, 3, 3, 3]",0.7333333333333333,True,True,False
금정구,남산동,구조,수난사고,"[2020, 2021, 2022, 2023, 2024]",결측·처리조건 민감 또는 5년 반복 미충족,1,False,"[1, 0, 0, 0, 0]","[1, 0, 0, 0, 0]",1.0,True,False,False
금정구,남산동,구급,교통사고,"[2020, 2021, 2022, 2023, 2024]",반복·방향 보존,163,True,"[28, 33, 30, 33, 39]","[42, 41, 43, 43, 49]",0.7477064220183486,True,True,False
금정구,노포동,구급,심정지,"[2020, 2021, 2022, 2023, 2024]",결측·처리조건 민감 또는 5년 반복 미충족,12,False,"[0, 3, 3, 3, 3]","[3, 4, 5, 3, 6]",0.5714285714285714,True,False,False
금정구,노포동,화재,일반화재(주택),"[2020, 2021, 2022, 2023, 2024]",결측·처리조건 민감 또는 5년 반복 미충족,4,False,"[0, 2, 0, 2, 0]","[1, 3, 1, 4, 2]",0.36363636363636365,True,False,False
금정구,노포동,구조,산악사고,"[2020, 2021, 2022, 2023, 2024]",결측·처리조건 민감 또는 5년 반복 미충족,2,False,"[1, 0, 0, 0, 1]","[1, 0, 0, 0, 1]",1.0,True,False,False
금정구,노포동,구조,수난사고,"[2020, 2021, 2022, 2023, 2024]",해당 조건에서 관측된 신고 없음,0,False,,,,,,False
금정구,노포동,구급,교통사고,"[2020, 2021, 2022, 2023, 2024]",반복·방향 보존,51,True,"[10, 8, 10, 10, 13]","[24, 16, 20, 22, 30]",0.45535714285714285,True,True,False
금정구,두구동,구급,심정지,"[2020, 2021, 2022, 2023, 2024]",반복·방향 보존,14,True,"[2, 1, 3, 4, 4]","[2, 2, 4, 8, 7]",0.6086956521739131,True,True,False
금정구,두구동,화재,일반화재(주택),"[2020, 2021, 2022, 2023, 2024]",결측·처리조건 민감 또는 5년 반복 미충족,7,False,"[3, 0, 3, 0, 1]","[5, 1, 5, 3, 3]",0.4117647058823529,True,False,False
금정구,두구동,구조,산악사고,"[2020, 2021, 2022, 2023, 2024]",결측·처리조건 민감 또는 5년 반복 미충족,1,False,"[0, 0, 0, 1, 0]","[0, 0, 0, 2, 0]",0.5,True,False,False
금정구,두구동,구조,수난사고,"[2020, 2021, 2022, 2023, 2024]",결측·처리조건 민감 또는 5년 반복 미충족,1,False,"[0, 0, 1, 0, 0]","[0, 0, 1, 0, 0]",1.0,True,False,False
금정구,두구동,구급,교통사고,"[2020, 2021, 2022, 2023, 2024]",반복·방향 보존,39,True,"[6, 8, 6, 16, 3]","[14, 15, 14, 22, 8]",0.5342465753424658,True,True,False
금정구,부곡동,구급,심정지,"[2020, 2021, 2022, 2023, 2024]",반복·방향 보존,171,True,"[20, 46, 34, 33, 38]","[49, 69, 61, 69, 65]",0.5463258785942492,True,True,False
금정구,부곡동,화재,일반화재(주택),"[2020, 2021, 2022, 2023, 2024]",반복·방향 보존,29,True,"[6, 9, 3, 6, 5]","[9, 11, 6, 10, 7]",0.6744186046511628,True,True,False
금정구,부곡동,구조,산악사고,"[2020, 2021, 2022, 2023, 2024]",결측·처리조건 민감 또는 5년 반복 미충족,17,False,"[4, 2, 3, 4, 4]","[4, 2, 8, 4, 6]",0.7083333333333334,False,True,False
금정구,부곡동,구조,수난사고,"[2020, 2021, 2022, 2023, 2024]",결측·처리조건 민감 또는 5년 반복 미충족,2,False,"[0, 0, 0, 0, 2]","[1, 0, 1, 1, 3]",0.3333333333333333,True,False,False
금정구,부곡동,구급,교통사고,"[2020, 2021, 2022, 2023, 2024]",반복·방향 보존,329,True,"[65, 82, 67, 53, 62]","[115, 141, 137, 110, 106]",0.5402298850574713,True,True,False
금정구,서동,구급,심정지,"[2020, 2021, 2022, 2023, 2024]",결측·처리조건 민감 또는 5년 반복 미충족,118,False,"[22, 17, 26, 26, 27]","[43, 34, 47, 52, 47]",0.5291479820627802,False,True,False
금정구,서동,화재,일반화재(주택),"[2020, 2021, 2022, 2023, 2024]",반복·방향 보존,34,True,"[3, 7, 8, 9, 7]","[5, 13, 12, 13, 7]",0.68,True,True,False
금정구,서동,구조,산악사고,"[2020, 2021, 2022, 2023, 2024]",반복·방향 보존,8,True,"[1, 4, 1, 1, 1]","[3, 7, 5, 2, 1]",0.4444444444444444,True,True,False
금정구,서동,구조,수난사고,"[2020, 2021, 2022, 2023, 2024]",해당 조건에서 관측된 신고 없음,0,False,,,,,,False
금정구,서동,구급,교통사고,"[2020, 2021, 2022, 2023, 2024]",반복·방향 보존,174,True,"[34, 32, 37, 25, 46]","[66, 56, 60, 62, 83]",0.5321100917431193,True,True,False
금정구,선동,구급,심정지,"[2020, 2021, 2022, 2023, 2024]",결측·처리조건 민감 또는 5년 반복 미충족,3,False,"[0, 0, 1, 1, 1]","[1, 1, 1, 2, 1]",0.5,True,False,False
금정구,선동,화재,일반화재(주택),"[2020, 2021, 2022, 2023, 2024]",반복·방향 보존,9,True,"[1, 1, 3, 1, 3]","[1, 3, 3, 3, 3]",0.6923076923076923,True,True,False
금정구,선동,구조,산악사고,"[2020, 2021, 2022, 2023, 2024]",결측·처리조건 민감 또는 5년 반복 미충족,5,False,"[1, 0, 2, 2, 0]","[2, 0, 3, 3, 1]",0.5555555555555556,True,False,False
금정구,선동,구조,수난사고,"[2020, 2021, 2022, 2023, 2024]",결측·처리조건 민감 또는 5년 반복 미충족,0,False,"[0, 0, 0, 0, 0]","[0, 1, 0, 0, 1]",0.0,True,False,False
금정구,선동,구급,교통사고,"[2020, 2021, 2022, 2023, 2024]",반복·방향 보존,23,True,"[3, 4, 4, 5, 7]","[10, 7, 7, 11, 18]",0.4339622641509434,True,True,False
금정구,오륜동,구급,심정지,"[2020, 2021, 2022, 2023, 2024]",결측·처리조건 민감 또는 5년 반복 미충족,1,False,"[0, 0, 1, 0, 0]","[1, 0, 1, 0, 0]",0.5,True,False,False
금정구,오륜동,화재,일반화재(주택),"[2020, 2021, 2022, 2023, 2024]",결측·처리조건 민감 또는 5년 반복 미충족,2,False,"[0, 0, 0, 1, 1]","[0, 1, 0, 1, 1]",0.6666666666666666,True,False,False
금정구,오륜동,구조,산악사고,"[2020, 2021, 2022, 2023, 2024]",반복·방향 보존,22,True,"[3, 6, 4, 6, 3]","[6, 9, 9, 7, 6]",0.5945945945945946,True,True,False
금정구,오륜동,구조,수난사고,"[2020, 2021, 2022, 2023, 2024]",결측·처리조건 민감 또는 5년 반복 미충족,1,False,"[0, 0, 0, 1, 0]","[0, 0, 0, 1, 1]",0.5,True,False,False
금정구,오륜동,구급,교통사고,"[2020, 2021, 2022, 2023, 2024]",결측·처리조건 민감 또는 5년 반복 미충족,19,False,"[4, 6, 5, 2, 2]","[8, 11, 10, 5, 6]",0.475,False,True,False
금정구,장전동,구급,심정지,"[2020, 2021, 2022, 2023, 2024]",반복·방향 보존,126,True,"[28, 17, 22, 23, 36]","[41, 33, 58, 44, 63]",0.5271966527196653,True,True,False
금정구,장전동,화재,일반화재(주택),"[2020, 2021, 2022, 2023, 2024]",반복·방향 보존,30,True,"[12, 4, 4, 6, 4]","[21, 11, 10, 11, 9]",0.4838709677419355,True,True,False
금정구,장전동,구조,산악사고,"[2020, 2021, 2022, 2023, 2024]",반복·방향 보존,20,True,"[3, 4, 7, 3, 3]","[4, 11, 10, 7, 4]",0.5555555555555556,True,True,False
금정구,장전동,구조,수난사고,"[2020, 2021, 2022, 2023, 2024]",결측·처리조건 민감 또는 5년 반복 미충족,1,False,"[0, 0, 0, 0, 1]","[0, 0, 0, 0, 4]",0.25,True,False,False
금정구,장전동,구급,교통사고,"[2020, 2021, 2022, 2023, 2024]",결측·처리조건 민감 또는 5년 반복 미충족,284,False,"[57, 59, 63, 48, 57]","[103, 105, 110, 100, 103]",0.54510556621881,False,True,False
금정구,청룡동,구급,심정지,"[2020, 2021, 2022, 2023, 2024]",결측·처리조건 민감 또는 5년 반복 미충족,50,False,"[9, 10, 10, 11, 10]","[19, 15, 15, 14, 17]",0.625,False,True,False
금정구,청룡동,화재,일반화재(주택),"[2020, 2021, 2022, 2023, 2024]",반복·방향 보존,9,True,"[2, 3, 1, 2, 1]","[3, 3, 1, 3, 1]",0.8181818181818182,True,True,False
금정구,청룡동,구조,산악사고,"[2020, 2021, 2022, 2023, 2024]",반복·방향 보존,50,True,"[11, 9, 6, 13, 11]","[15, 22, 21, 25, 20]",0.4854368932038835,True,True,False
금정구,청룡동,구조,수난사고,"[2020, 2021, 2022, 2023, 2024]",해당 조건에서 관측된 신고 없음,0,False,,,,,,False
금정구,청룡동,구급,교통사고,"[2020, 2021, 2022, 2023, 2024]",반복·방향 보존,33,True,"[7, 5, 8, 6, 7]","[13, 14, 16, 7, 13]",0.5238095238095238,True,True,False
금정구,회동동,구급,심정지,"[2020, 2021, 2022, 2023, 2024]",반복·방향 보존,20,True,"[3, 2, 5, 3, 7]","[3, 3, 5, 7, 10]",0.7142857142857143,True,True,False
금정구,회동동,화재,일반화재(주택),"[2020, 2021, 2022, 2023, 2024]",결측·처리조건 민감 또는 5년 반복 미충족,3,False,"[1, 0, 0, 2, 0]","[2, 0, 2, 3, 0]",0.42857142857142855,True,False,False
금정구,회동동,구조,산악사고,"[2020, 2021, 2022, 2023, 2024]",반복·방향 보존,11,True,"[3, 3, 1, 2, 2]","[4, 4, 3, 2, 3]",0.6875,True,True,False
금정구,회동동,구조,수난사고,"[2020, 2021, 2022, 2023, 2024]",결측·처리조건 민감 또는 5년 반복 미충족,1,False,"[0, 0, 0, 0, 1]","[0, 0, 0, 0, 1]",1.0,True,False,False
금정구,회동동,구급,교통사고,"[2020, 2021, 2022, 2023, 2024]",반복·방향 보존,47,True,"[9, 10, 9, 10, 9]","[17, 16, 17, 18, 18]",0.5465116279069767,True,True,False
기장군,기장읍,구급,심정지,"[2020, 2021, 2022, 2023, 2024]",반복·방향 보존,360,True,"[52, 64, 85, 78, 81]","[60, 85, 103, 95, 105]",0.8035714285714286,True,True,True
기장군,기장읍,화재,일반화재(주택),"[2020, 2021, 2022, 2023, 2024]",반복·방향 보존,76,True,"[16, 13, 12, 16, 19]","[18, 18, 13, 17, 24]",0.8444444444444444,True,True,True
기장군,기장읍,구조,산악사고,"[2020, 2021, 2022, 2023, 2024]",반복·방향 보존,26,True,"[5, 4, 4, 2, 11]","[8, 5, 9, 3, 13]",0.6842105263157895,True,True,False
기장군,기장읍,구조,수난사고,"[2020, 2021, 2022, 2023, 2024]",반복·방향 보존,36,True,"[8, 7, 7, 11, 3]","[10, 13, 13, 14, 9]",0.6101694915254238,True,True,False
기장군,기장읍,구급,교통사고,"[2020, 2021, 2022, 2023, 2024]",결측·처리조건 민감 또는 5년 반복 미충족,651,False,"[129, 124, 132, 157, 109]","[154, 164, 178, 217, 170]",0.7372593431483578,False,True,False
기장군,일광면,구급,심정지,"[2020, 2021, 2022, 2023]",결측·처리조건 민감 또는 5년 반복 미충족,46,False,"[10, 26, 10, 0, 0]","[14, 30, 13, 0, 0]",0.8070175438596491,True,False,False
기장군,일광면,화재,일반화재(주택),"[2020, 2021, 2022, 2023]",결측·처리조건 민감 또는 5년 반복 미충족,16,False,"[4, 9, 3, 0, 0]","[5, 9, 3, 0, 0]",0.9411764705882353,True,False,False
기장군,일광면,구조,산악사고,"[2020, 2021, 2022, 2023]",결측·처리조건 민감 또는 5년 반복 미충족,18,False,"[3, 13, 2, 0, 0]","[7, 20, 4, 0, 0]",0.5806451612903226,True,False,False
기장군,일광면,구조,수난사고,"[2020, 2021, 2022, 2023]",결측·처리조건 민감 또는 5년 반복 미충족,15,False,"[7, 5, 3, 0, 0]","[9, 24, 3, 0, 0]",0.4166666666666667,True,False,False
기장군,일광면,구급,교통사고,"[2020, 2021, 2022, 2023]",결측·처리조건 민감 또는 5년 반복 미충족,122,False,"[39, 65, 18, 0, 0]","[67, 80, 43, 0, 0]",0.6421052631578947,True,False,False
기장군,일광읍,구급,심정지,"[2022, 2023, 2024]",결측·처리조건 민감 또는 5년 반복 미충족,23,False,"[0, 0, 1, 10, 12]","[0, 0, 10, 38, 25]",0.3150684931506849,True,False,False
기장군,일광읍,화재,일반화재(주택),"[2022, 2023, 2024]",결측·처리조건 민감 또는 5년 반복 미충족,3,False,"[0, 0, 2, 1, 0]","[0, 0, 2, 4, 4]",0.3,True,False,False
기장군,일광읍,구조,산악사고,"[2022, 2023, 2024]",결측·처리조건 민감 또는 5년 반복 미충족,8,False,"[0, 0, 2, 4, 2]","[0, 0, 6, 5, 7]",0.4444444444444444,True,False,False
기장군,일광읍,구조,수난사고,"[2022, 2023, 2024]",결측·처리조건 민감 또는 5년 반복 미충족,9,False,"[0, 0, 3, 3, 3]","[0, 0, 17, 12, 16]",0.2,True,False,False
기장군,일광읍,구급,교통사고,"[2022, 2023, 2024]",결측·처리조건 민감 또는 5년 반복 미충족,53,False,"[0, 0, 14, 22, 17]","[0, 0, 46, 73, 74]",0.27461139896373055,True,False,False
기장군,장안읍,구급,심정지,"[2020, 2021, 2022, 2023, 2024]",결측·처리조건 민감 또는 5년 반복 미충족,84,False,"[18, 11, 24, 15, 16]","[23, 15, 29, 30, 29]",0.6666666666666666,False,True,False
기장군,장안읍,화재,일반화재(주택),"[2020, 2021, 2022, 2023, 2024]",반복·방향 보존,38,True,"[9, 3, 7, 15, 4]","[9, 4, 11, 16, 5]",0.8444444444444444,True,True,False
기장군,장안읍,구조,산악사고,"[2020, 2021, 2022, 2023, 2024]",반복·방향 보존,13,True,"[3, 3, 2, 4, 1]","[7, 7, 4, 6, 4]",0.4642857142857143,True,True,False
기장군,장안읍,구조,수난사고,"[2020, 2021, 2022, 2023, 2024]",반복·방향 보존,15,True,"[3, 2, 3, 6, 1]","[4, 70, 4, 12, 4]",0.1595744680851064,True,True,False
기장군,장안읍,구급,교통사고,"[2020, 2021, 2022, 2023, 2024]",반복·방향 보존,178,True,"[45, 44, 35, 24, 30]","[58, 58, 61, 39, 47]",0.6768060836501901,True,True,False
기장군,정관면,구급,심정지,"[2020, 2021, 2022, 2023, 2024]",결측·처리조건 민감 또는 5년 반복 미충족,0,False,"[0, 0, 0, 0, 0]","[0, 0, 0, 1, 0]",0.0,True,False,False
기장군,정관면,화재,일반화재(주택),"[2020, 2021, 2022, 2023, 2024]",해당 조건에서 관측된 신고 없음,0,False,,,,,,False
기장군,정관면,구조,산악사고,"[2020, 2021, 2022, 2023, 2024]",해당 조건에서 관측된 신고 없음,0,False,,,,,,False
기장군,정관면,구조,수난사고,"[2020, 2021, 2022, 2023, 2024]",해당 조건에서 관측된 신고 없음,0,False,,,,,,False
기장군,정관면,구급,교통사고,"[2020, 2021, 2022, 2023, 2024]",결측·처리조건 민감 또는 5년 반복 미충족,3,False,"[2, 1, 0, 0, 0]","[2, 1, 0, 0, 0]",1.0,True,False,False
기장군,정관읍,구급,심정지,"[2020, 2021, 2022, 2023, 2024]",반복·방향 보존,82,True,"[10, 12, 13, 21, 26]","[33, 44, 49, 59, 76]",0.31417624521072796,True,True,False
기장군,정관읍,화재,일반화재(주택),"[2020, 2021, 2022, 2023, 2024]",결측·처리조건 민감 또는 5년 반복 미충족,14,False,"[5, 3, 1, 1, 4]","[8, 10, 7, 8, 9]",0.3333333333333333,False,True,False
기장군,정관읍,구조,산악사고,"[2020, 2021, 2022, 2023, 2024]",반복·방향 보존,7,True,"[1, 1, 3, 1, 1]","[7, 7, 7, 3, 3]",0.25925925925925924,True,True,False
기장군,정관읍,구조,수난사고,"[2020, 2021, 2022, 2023, 2024]",결측·처리조건 민감 또는 5년 반복 미충족,1,False,"[1, 0, 0, 0, 0]","[3, 0, 0, 2, 1]",0.16666666666666666,True,False,False
기장군,정관읍,구급,교통사고,"[2020, 2021, 2022, 2023, 2024]",반복·방향 보존,230,True,"[44, 52, 43, 47, 44]","[142, 141, 134, 139, 147]",0.32716927453769556,True,True,False
기장군,철마면,구급,심정지,"[2020, 2021, 2022, 2023, 2024]",반복·방향 보존,63,True,"[11, 10, 14, 12, 16]","[13, 18, 16, 14, 19]",0.7875,True,True,False
기장군,철마면,화재,일반화재(주택),"[2020, 2021, 2022, 2023, 2024]",반복·방향 보존,28,True,"[11, 3, 7, 4, 3]","[12, 4, 8, 4, 3]",0.9032258064516129,True,True,False
기장군,철마면,구조,산악사고,"[2020, 2021, 2022, 2023, 2024]",반복·방향 보존,21,True,"[5, 10, 2, 2, 2]","[8, 18, 7, 5, 3]",0.5121951219512195,True,True,False
기장군,철마면,구조,수난사고,"[2020, 2021, 2022, 2023, 2024]",결측·처리조건 민감 또는 5년 반복 미충족,1,False,"[0, 0, 0, 0, 1]","[0, 0, 0, 0, 1]",1.0,True,False,False
기장군,철마면,구급,교통사고,"[2020, 2021, 2022, 2023, 2024]",반복·방향 보존,115,True,"[32, 29, 23, 18, 13]","[47, 44, 39, 27, 34]",0.6020942408376964,True,True,False
남구,감만동,구급,심정지,"[2020, 2021, 2022, 2023, 2024]",결측·처리조건 민감 또는 5년 반복 미충족,84,False,"[11, 21, 16, 18, 18]","[23, 37, 36, 31, 25]",0.5526315789473685,False,True,False
남구,감만동,화재,일반화재(주택),"[2020, 2021, 2022, 2023, 2024]",반복·방향 보존,9,True,"[3, 1, 3, 1, 1]","[7, 1, 3, 1, 2]",0.6428571428571429,True,True,False
남구,감만동,구조,산악사고,"[2020, 2021, 2022, 2023, 2024]",해당 조건에서 관측된 신고 없음,0,False,,,,,,False
남구,감만동,구조,수난사고,"[2020, 2021, 2022, 2023, 2024]",결측·처리조건 민감 또는 5년 반복 미충족,0,False,"[0, 0, 0, 0, 0]","[1, 3, 2, 0, 4]",0.0,True,False,False
남구,감만동,구급,교통사고,"[2020, 2021, 2022, 2023, 2024]",반복·방향 보존,96,True,"[28, 22, 13, 21, 12]","[47, 45, 22, 35, 27]",0.5454545454545454,True,True,False
남구,대연동,구급,심정지,"[2020, 2021, 2022, 2023, 2024]",반복·방향 보존,256,True,"[35, 44, 56, 59, 62]","[68, 86, 107, 101, 111]",0.5412262156448203,True,True,False
남구,대연동,화재,일반화재(주택),"[2020, 2021, 2022, 2023, 2024]",반복·방향 보존,48,True,"[8, 14, 6, 12, 8]","[21, 17, 15, 15, 12]",0.6,True,True,False
남구,대연동,구조,산악사고,"[2020, 2021, 2022, 2023, 2024]",반복·방향 보존,26,True,"[7, 5, 9, 2, 3]","[14, 11, 13, 7, 5]",0.52,True,True,False
남구,대연동,구조,수난사고,"[2020, 2021, 2022, 2023, 2024]",결측·처리조건 민감 또는 5년 반복 미충족,4,False,"[0, 1, 1, 1, 1]","[1, 6, 6, 2, 4]",0.21052631578947367,True,False,False
남구,대연동,구급,교통사고,"[2020, 2021, 2022, 2023, 2024]",반복·방향 보존,736,True,"[189, 144, 156, 131, 116]","[346, 284, 306, 269, 245]",0.5075862068965518,True,True,True
남구,문현동,구급,심정지,"[2020, 2021, 2022, 2023, 2024]",반복·방향 보존,174,True,"[29, 32, 37, 36, 40]","[52, 64, 69, 69, 82]",0.5178571428571429,True,True,False
남구,문현동,화재,일반화재(주택),"[2020, 2021, 2022, 2023, 2024]",반복·방향 보존,31,True,"[7, 6, 6, 7, 5]","[11, 8, 8, 15, 8]",0.62,True,True,False
남구,문현동,구조,산악사고,"[2020, 2021, 2022, 2023, 2024]",결측·처리조건 민감 또는 5년 반복 미충족,1,False,"[1, 0, 0, 0, 0]","[2, 1, 0, 0, 0]",0.3333333333333333,True,False,False
남구,문현동,구조,수난사고,"[2020, 2021, 2022, 2023, 2024]",결측·처리조건 민감 또는 5년 반복 미충족,1,False,"[0, 0, 0, 1, 0]","[0, 0, 0, 2, 0]",0.5,True,False,False
남구,문현동,구급,교통사고,"[2020, 2021, 2022, 2023, 2024]",반복·방향 보존,281,True,"[53, 57, 73, 58, 40]","[116, 102, 124, 124, 86]",0.5090579710144928,True,True,False
남구,용당동,구급,심정지,"[2020, 2021, 2022, 2023, 2024]",반복·방향 보존,32,True,"[3, 7, 10, 6, 6]","[4, 11, 12, 11, 13]",0.6274509803921569,True,True,False
남구,용당동,화재,일반화재(주택),"[2020, 2021, 2022, 2023, 2024]",결측·처리조건 민감 또는 5년 반복 미충족,9,False,"[0, 1, 4, 2, 2]","[2, 2, 4, 2, 2]",0.75,True,False,False
남구,용당동,구조,산악사고,"[2020, 2021, 2022, 2023, 2024]",결측·처리조건 민감 또는 5년 반복 미충족,2,False,"[1, 1, 0, 0, 0]","[2, 1, 0, 0, 0]",0.6666666666666666,True,False,False
남구,용당동,구조,수난사고,"[2020, 2021, 2022, 2023, 2024]",결측·처리조건 민감 또는 5년 반복 미충족,1,False,"[0, 0, 0, 0, 1]","[0, 1, 0, 0, 1]",0.5,True,False,False
남구,용당동,구급,교통사고,"[2020, 2021, 2022, 2023, 2024]",반복·방향 보존,102,True,"[19, 26, 16, 19, 22]","[25, 38, 31, 28, 31]",0.6666666666666666,True,True,False
남구,용호동,구급,심정지,"[2020, 2021, 2022, 2023, 2024]",반복·방향 보존,276,True,"[42, 63, 56, 54, 61]","[67, 96, 98, 101, 103]",0.5935483870967742,True,True,False
남구,용호동,화재,일반화재(주택),"[2020, 2021, 2022, 2023, 2024]",결측·처리조건 민감 또는 5년 반복 미충족,24,False,"[4, 5, 5, 4, 6]","[10, 9, 9, 8, 11]",0.5106382978723404,False,True,False
남구,용호동,구조,산악사고,"[2020, 2021, 2022, 2023, 2024]",반복·방향 보존,43,True,"[5, 10, 11, 8, 9]","[12, 14, 17, 14, 12]",0.6231884057971014,True,True,False
남구,용호동,구조,수난사고,"[2020, 2021, 2022, 2023, 2024]",반복·방향 보존,23,True,"[6, 5, 5, 5, 2]","[11, 6, 12, 10, 6]",0.5111111111111111,True,True,False
남구,용호동,구급,교통사고,"[2020, 2021, 2022, 2023, 2024]",결측·처리조건 민감 또는 5년 반복 미충족,318,False,"[74, 63, 63, 52, 66]","[127, 108, 107, 92, 131]",0.5628318584070796,False,True,False
남구,우암동,구급,심정지,"[2020, 2021, 2022, 2023, 2024]",결측·처리조건 민감 또는 5년 반복 미충족,63,False,"[12, 13, 15, 13, 10]","[14, 21, 30, 19, 18]",0.6176470588235294,False,True,False
남구,우암동,화재,일반화재(주택),"[2020, 2021, 2022, 2023, 2024]",반복·방향 보존,16,True,"[3, 2, 2, 6, 3]","[6, 3, 3, 6, 4]",0.7272727272727273,True,True,False
남구,우암동,구조,산악사고,"[2020, 2021, 2022, 2023, 2024]",결측·처리조건 민감 또는 5년 반복 미충족,1,False,"[0, 1, 0, 0, 0]","[0, 1, 0, 1, 0]",0.5,True,False,False
남구,우암동,구조,수난사고,"[2020, 2021, 2022, 2023, 2024]",결측·처리조건 민감 또는 5년 반복 미충족,2,False,"[0, 1, 0, 0, 1]","[0, 1, 0, 0, 1]",1.0,True,False,False
남구,우암동,구급,교통사고,"[2020, 2021, 2022, 2023, 2024]",반복·방향 보존,88,True,"[20, 24, 15, 9, 20]","[27, 33, 20, 15, 24]",0.7394957983193278,True,True,False
동구,범일동,구급,심정지,"[2020, 2021, 2022, 2023, 2024]",반복·방향 보존,114,True,"[17, 17, 26, 23, 31]","[33, 38, 48, 42, 44]",0.5560975609756098,True,True,False
동구,범일동,화재,일반화재(주택),"[2020, 2021, 2022, 2023, 2024]",반복·방향 보존,31,True,"[11, 4, 5, 5, 6]","[14, 7, 8, 8, 7]",0.7045454545454546,True,True,False
동구,범일동,구조,산악사고,"[2020, 2021, 2022, 2023, 2024]",결측·처리조건 민감 또는 5년 반복 미충족,0,False,"[0, 0, 0, 0, 0]","[1, 1, 0, 0, 0]",0.0,True,False,False
동구,범일동,구조,수난사고,"[2020, 2021, 2022, 2023, 2024]",결측·처리조건 민감 또는 5년 반복 미충족,0,False,"[0, 0, 0, 0, 0]","[1, 0, 0, 3, 0]",0.0,True,False,False
동구,범일동,구급,교통사고,"[2020, 2021, 2022, 2023, 2024]",결측·처리조건 민감 또는 5년 반복 미충족,231,False,"[41, 40, 60, 48, 42]","[83, 80, 112, 90, 74]",0.5261958997722096,False,True,False
동구,수정동,구급,심정지,"[2020, 2021, 2022, 2023, 2024]",결측·처리조건 민감 또는 5년 반복 미충족,133,False,"[24, 32, 25, 27, 25]","[41, 59, 45, 44, 39]",0.5833333333333334,False,True,False
동구,수정동,화재,일반화재(주택),"[2020, 2021, 2022, 2023, 2024]",반복·방향 보존,32,True,"[8, 6, 4, 2, 12]","[8, 6, 6, 5, 14]",0.8205128205128205,True,True,False
동구,수정동,구조,산악사고,"[2020, 2021, 2022, 2023, 2024]",반복·방향 보존,8,True,"[1, 3, 2, 1, 1]","[2, 3, 5, 3, 1]",0.5714285714285714,True,True,False
동구,수정동,구조,수난사고,"[2020, 2021, 2022, 2023, 2024]",해당 조건에서 관측된 신고 없음,0,False,,,,,,False
동구,수정동,구급,교통사고,"[2020, 2021, 2022, 2023, 2024]",반복·방향 보존,118,True,"[28, 25, 17, 25, 23]","[55, 53, 50, 51, 42]",0.4701195219123506,True,True,False
동구,좌천동,구급,심정지,"[2020, 2021, 2022, 2023, 2024]",반복·방향 보존,87,True,"[14, 17, 19, 18, 19]","[17, 24, 29, 29, 27]",0.6904761904761905,True,True,False
동구,좌천동,화재,일반화재(주택),"[2020, 2021, 2022, 2023, 2024]",반복·방향 보존,13,True,"[1, 6, 2, 2, 2]","[2, 6, 2, 2, 3]",0.8666666666666667,True,True,False
동구,좌천동,구조,산악사고,"[2020, 2021, 2022, 2023, 2024]",해당 조건에서 관측된 신고 없음,0,False,,,,,,False
동구,좌천동,구조,수난사고,"[2020, 2021, 2022, 2023, 2024]",결측·처리조건 민감 또는 5년 반복 미충족,0,False,"[0, 0, 0, 0, 0]","[1, 0, 4, 0, 2]",0.0,True,False,False
동구,좌천동,구급,교통사고,"[2020, 2021, 2022, 2023, 2024]",결측·처리조건 민감 또는 5년 반복 미충족,117,False,"[20, 27, 27, 17, 26]","[48, 43, 40, 30, 39]",0.585,False,True,False
동구,초량동,구급,심정지,"[2020, 2021, 2022, 2023, 2024]",반복·방향 보존,142,True,"[28, 24, 34, 22, 34]","[47, 53, 61, 41, 62]",0.5378787878787878,True,True,False
동구,초량동,화재,일반화재(주택),"[2020, 2021, 2022, 2023, 2024]",반복·방향 보존,31,True,"[10, 10, 6, 2, 3]","[15, 14, 9, 10, 6]",0.5740740740740741,True,True,False
동구,초량동,구조,산악사고,"[2020, 2021, 2022, 2023, 2024]",결측·처리조건 민감 또는 5년 반복 미충족,8,False,"[1, 0, 3, 3, 1]","[1, 1, 3, 6, 2]",0.6153846153846154,True,False,False
동구,초량동,구조,수난사고,"[2020, 2021, 2022, 2023, 2024]",반복·방향 보존,6,True,"[1, 1, 1, 1, 2]","[2, 2, 1, 1, 3]",0.6666666666666666,True,True,False
동구,초량동,구급,교통사고,"[2020, 2021, 2022, 2023, 2024]",결측·처리조건 민감 또는 5년 반복 미충족,356,False,"[74, 73, 75, 74, 60]","[132, 127, 134, 133, 143]",0.5321375186846039,False,True,False
동래구,낙민동,구급,심정지,"[2020, 2021, 2022, 2023, 2024]",반복·방향 보존,48,True,"[5, 10, 15, 10, 8]","[10, 17, 25, 21, 18]",0.5274725274725275,True,True,False
동래구,낙민동,화재,일반화재(주택),"[2020, 2021, 2022, 2023, 2024]",결측·처리조건 민감 또는 5년 반복 미충족,3,False,"[0, 0, 1, 1, 1]","[0, 0, 3, 2, 1]",0.5,True,False,False
동래구,낙민동,구조,산악사고,"[2020, 2021, 2022, 2023, 2024]",해당 조건에서 관측된 신고 없음,0,False,,,,,,False
동래구,낙민동,구조,수난사고,"[2020, 2021, 2022, 2023, 2024]",해당 조건에서 관측된 신고 없음,0,False,,,,,,False
동래구,낙민동,구급,교통사고,"[2020, 2021, 2022, 2023, 2024]",반복·방향 보존,59,True,"[15, 12, 6, 15, 11]","[29, 24, 13, 35, 21]",0.48360655737704916,True,True,False
동래구,명륜동,구급,심정지,"[2020, 2021, 2022, 2023, 2024]",반복·방향 보존,79,True,"[9, 16, 14, 25, 15]","[17, 19, 22, 28, 24]",0.7181818181818181,True,True,False
동래구,명륜동,화재,일반화재(주택),"[2020, 2021, 2022, 2023, 2024]",반복·방향 보존,16,True,"[4, 4, 4, 2, 2]","[4, 6, 6, 3, 4]",0.6956521739130435,True,True,False
동래구,명륜동,구조,산악사고,"[2020, 2021, 2022, 2023, 2024]",결측·처리조건 민감 또는 5년 반복 미충족,1,False,"[1, 0, 0, 0, 0]","[1, 0, 1, 1, 1]",0.25,True,False,False
동래구,명륜동,구조,수난사고,"[2020, 2021, 2022, 2023, 2024]",결측·처리조건 민감 또는 5년 반복 미충족,0,False,"[0, 0, 0, 0, 0]","[0, 0, 0, 0, 1]",0.0,True,False,False
동래구,명륜동,구급,교통사고,"[2020, 2021, 2022, 2023, 2024]",결측·처리조건 민감 또는 5년 반복 미충족,199,False,"[38, 46, 42, 38, 35]","[53, 64, 60, 61, 54]",0.6815068493150684,False,True,False
동래구,명장동,구급,심정지,"[2020, 2021, 2022, 2023, 2024]",결측·처리조건 민감 또는 5년 반복 미충족,109,False,"[21, 24, 23, 22, 19]","[29, 42, 46, 38, 32]",0.5828877005347594,False,True,False
동래구,명장동,화재,일반화재(주택),"[2020, 2021, 2022, 2023, 2024]",반복·방향 보존,21,True,"[3, 3, 4, 4, 7]","[5, 3, 7, 5, 12]",0.65625,True,True,False
동래구,명장동,구조,산악사고,"[2020, 2021, 2022, 2023, 2024]",결측·처리조건 민감 또는 5년 반복 미충족,2,False,"[1, 0, 0, 0, 1]","[1, 2, 2, 0, 1]",0.3333333333333333,True,False,False
동래구,명장동,구조,수난사고,"[2020, 2021, 2022, 2023, 2024]",해당 조건에서 관측된 신고 없음,0,False,,,,,,False
동래구,명장동,구급,교통사고,"[2020, 2021, 2022, 2023, 2024]",반복·방향 보존,145,True,"[29, 29, 29, 34, 24]","[50, 55, 50, 56, 42]",0.5731225296442688,True,True,False
동래구,복천동,구급,심정지,"[2020, 2021, 2022, 2023, 2024]",반복·방향 보존,34,True,"[9, 4, 9, 3, 9]","[13, 7, 15, 5, 13]",0.6415094339622641,True,True,False
동래구,복천동,화재,일반화재(주택),"[2020, 2021, 2022, 2023, 2024]",결측·처리조건 민감 또는 5년 반복 미충족,3,False,"[0, 2, 1, 0, 0]","[1, 3, 2, 1, 0]",0.42857142857142855,True,False,False
동래구,복천동,구조,산악사고,"[2020, 2021, 2022, 2023, 2024]",결측·처리조건 민감 또는 5년 반복 미충족,3,False,"[1, 0, 0, 0, 2]","[2, 0, 0, 0, 2]",0.75,True,False,False
동래구,복천동,구조,수난사고,"[2020, 2021, 2022, 2023, 2024]",해당 조건에서 관측된 신고 없음,0,False,,,,,,False
동래구,복천동,구급,교통사고,"[2020, 2021, 2022, 2023, 2024]",반복·방향 보존,14,True,"[6, 1, 1, 4, 2]","[9, 6, 3, 6, 5]",0.4827586206896552,True,True,False
동래구,사직동,구급,심정지,"[2020, 2021, 2022, 2023, 2024]",반복·방향 보존,128,True,"[22, 26, 28, 19, 33]","[39, 50, 52, 46, 64]",0.5099601593625498,True,True,False
동래구,사직동,화재,일반화재(주택),"[2020, 2021, 2022, 2023, 2024]",반복·방향 보존,22,True,"[3, 4, 4, 5, 6]","[6, 9, 7, 8, 8]",0.5789473684210527,True,True,False
동래구,사직동,구조,산악사고,"[2020, 2021, 2022, 2023, 2024]",결측·처리조건 민감 또는 5년 반복 미충족,6,False,"[1, 1, 3, 1, 0]","[2, 4, 5, 3, 0]",0.42857142857142855,True,False,False
동래구,사직동,구조,수난사고,"[2020, 2021, 2022, 2023, 2024]",해당 조건에서 관측된 신고 없음,0,False,,,,,,False
동래구,사직동,구급,교통사고,"[2020, 2021, 2022, 2023, 2024]",반복·방향 보존,232,True,"[47, 49, 48, 46, 42]","[87, 103, 84, 92, 78]",0.5225225225225225,True,True,False
동래구,수안동,구급,심정지,"[2020, 2021, 2022, 2023, 2024]",반복·방향 보존,66,True,"[10, 6, 16, 13, 21]","[14, 14, 26, 23, 33]",0.6,True,True,False
동래구,수안동,화재,일반화재(주택),"[2020, 2021, 2022, 2023, 2024]",반복·방향 보존,8,True,"[1, 1, 2, 1, 3]","[2, 2, 2, 2, 3]",0.7272727272727273,True,True,False
동래구,수안동,구조,산악사고,"[2020, 2021, 2022, 2023, 2024]",해당 조건에서 관측된 신고 없음,0,False,,,,,,False
동래구,수안동,구조,수난사고,"[2020, 2021, 2022, 2023, 2024]",결측·처리조건 민감 또는 5년 반복 미충족,0,False,"[0, 0, 0, 0, 0]","[0, 1, 0, 1, 0]",0.0,True,False,False
동래구,수안동,구급,교통사고,"[2020, 2021, 2022, 2023, 2024]",결측·처리조건 민감 또는 5년 반복 미충족,115,False,"[23, 21, 25, 20, 26]","[53, 52, 34, 43, 43]",0.5111111111111111,False,True,False
동래구,안락동,구급,심정지,"[2020, 2021, 2022, 2023, 2024]",결측·처리조건 민감 또는 5년 반복 미충족,140,False,"[29, 28, 31, 27, 25]","[47, 46, 42, 52, 53]",0.5833333333333334,False,True,False
동래구,안락동,화재,일반화재(주택),"[2020, 2021, 2022, 2023, 2024]",반복·방향 보존,32,True,"[3, 6, 9, 7, 7]","[9, 8, 12, 11, 15]",0.5818181818181818,True,True,False
동래구,안락동,구조,산악사고,"[2020, 2021, 2022, 2023, 2024]",결측·처리조건 민감 또는 5년 반복 미충족,1,False,"[0, 0, 0, 1, 0]","[0, 0, 0, 1, 0]",1.0,True,False,False
동래구,안락동,구조,수난사고,"[2020, 2021, 2022, 2023, 2024]",결측·처리조건 민감 또는 5년 반복 미충족,2,False,"[0, 0, 0, 2, 0]","[1, 0, 0, 2, 1]",0.5,True,False,False
동래구,안락동,구급,교통사고,"[2020, 2021, 2022, 2023, 2024]",반복·방향 보존,304,True,"[68, 64, 65, 52, 55]","[122, 110, 127, 105, 108]",0.5314685314685315,True,True,False
동래구,온천동,구급,심정지,"[2020, 2021, 2022, 2023, 2024]",반복·방향 보존,253,True,"[31, 58, 56, 63, 45]","[60, 88, 115, 104, 97]",0.5452586206896551,True,True,False
동래구,온천동,화재,일반화재(주택),"[2020, 2021, 2022, 2023, 2024]",반복·방향 보존,53,True,"[7, 15, 11, 8, 12]","[13, 22, 16, 13, 15]",0.6708860759493671,True,True,True
동래구,온천동,구조,산악사고,"[2020, 2021, 2022, 2023, 2024]",결측·처리조건 민감 또는 5년 반복 미충족,29,False,"[6, 6, 7, 5, 5]","[11, 16, 12, 13, 11]",0.4603174603174603,False,True,False
동래구,온천동,구조,수난사고,"[2020, 2021, 2022, 2023, 2024]",결측·처리조건 민감 또는 5년 반복 미충족,3,False,"[0, 1, 0, 2, 0]","[0, 1, 0, 3, 0]",0.75,True,False,False
동래구,온천동,구급,교통사고,"[2020, 2021, 2022, 2023, 2024]",반복·방향 보존,504,True,"[115, 106, 116, 71, 96]","[209, 203, 206, 185, 188]",0.508577194752775,True,True,False
동래구,칠산동,구급,심정지,"[2020, 2021, 2022, 2023, 2024]",반복·방향 보존,22,True,"[2, 5, 3, 4, 8]","[8, 7, 7, 4, 13]",0.5641025641025641,True,True,False
동래구,칠산동,화재,일반화재(주택),"[2020, 2021, 2022, 2023, 2024]",결측·처리조건 민감 또는 5년 반복 미충족,2,False,"[0, 2, 0, 0, 0]","[1, 2, 1, 0, 1]",0.4,True,False,False
동래구,칠산동,구조,산악사고,"[2020, 2021, 2022, 2023, 2024]",결측·처리조건 민감 또는 5년 반복 미충족,1,False,"[0, 0, 1, 0, 0]","[0, 0, 1, 0, 0]",1.0,True,False,False
동래구,칠산동,구조,수난사고,"[2020, 2021, 2022, 2023, 2024]",해당 조건에서 관측된 신고 없음,0,False,,,,,,False
동래구,칠산동,구급,교통사고,"[2020, 2021, 2022, 2023, 2024]",반복·방향 보존,14,True,"[4, 4, 2, 2, 2]","[6, 4, 4, 2, 3]",0.7368421052631579,True,True,False
부산진구,가야동,구급,심정지,"[2020, 2021, 2022, 2023, 2024]",반복·방향 보존,133,True,"[17, 28, 31, 19, 38]","[36, 53, 57, 40, 66]",0.5277777777777778,True,True,False
부산진구,가야동,화재,일반화재(주택),"[2020, 2021, 2022, 2023, 2024]",반복·방향 보존,23,True,"[5, 6, 4, 4, 4]","[8, 10, 8, 7, 8]",0.5609756097560976,True,True,False
부산진구,가야동,구조,산악사고,"[2020, 2021, 2022, 2023, 2024]",결측·처리조건 민감 또는 5년 반복 미충족,6,False,"[2, 1, 0, 2, 1]","[4, 4, 2, 5, 1]",0.375,True,False,False
부산진구,가야동,구조,수난사고,"[2020, 2021, 2022, 2023, 2024]",해당 조건에서 관측된 신고 없음,0,False,,,,,,False
부산진구,가야동,구급,교통사고,"[2020, 2021, 2022, 2023, 2024]",반복·방향 보존,243,True,"[60, 58, 44, 46, 35]","[114, 100, 97, 93, 74]",0.5083682008368201,True,True,False
부산진구,개금동,구급,심정지,"[2020, 2021, 2022, 2023, 2024]",반복·방향 보존,208,True,"[43, 32, 42, 45, 46]","[63, 64, 74, 73, 74]",0.5977011494252874,True,True,False
부산진구,개금동,화재,일반화재(주택),"[2020, 2021, 2022, 2023, 2024]",반복·방향 보존,29,True,"[5, 7, 2, 7, 8]","[11, 8, 7, 8, 11]",0.6444444444444445,True,True,False
부산진구,개금동,구조,산악사고,"[2020, 2021, 2022, 2023, 2024]",결측·처리조건 민감 또는 5년 반복 미충족,6,False,"[1, 3, 1, 1, 0]","[2, 4, 2, 2, 1]",0.5454545454545454,True,False,False
부산진구,개금동,구조,수난사고,"[2020, 2021, 2022, 2023, 2024]",해당 조건에서 관측된 신고 없음,0,False,,,,,,False
부산진구,개금동,구급,교통사고,"[2020, 2021, 2022, 2023, 2024]",반복·방향 보존,321,True,"[75, 61, 68, 65, 52]","[142, 121, 125, 129, 130]",0.49613601236476046,True,True,False
부산진구,당감동,구급,심정지,"[2020, 2021, 2022, 2023, 2024]",반복·방향 보존,169,True,"[18, 32, 35, 48, 36]","[25, 55, 61, 72, 67]",0.6035714285714285,True,True,False
부산진구,당감동,화재,일반화재(주택),"[2020, 2021, 2022, 2023, 2024]",반복·방향 보존,26,True,"[6, 6, 5, 5, 4]","[9, 10, 6, 12, 6]",0.6046511627906976,True,True,False
부산진구,당감동,구조,산악사고,"[2020, 2021, 2022, 2023, 2024]",결측·처리조건 민감 또는 5년 반복 미충족,14,False,"[5, 5, 1, 2, 1]","[8, 10, 3, 3, 8]",0.4375,False,True,False
부산진구,당감동,구조,수난사고,"[2020, 2021, 2022, 2023, 2024]",해당 조건에서 관측된 신고 없음,0,False,,,,,,False
부산진구,당감동,구급,교통사고,"[2020, 2021, 2022, 2023, 2024]",반복·방향 보존,234,True,"[55, 58, 41, 49, 31]","[100, 111, 88, 93, 68]",0.508695652173913,True,True,False
부산진구,범전동,구급,심정지,"[2020, 2021, 2022, 2023, 2024]",반복·방향 보존,21,True,"[5, 3, 4, 4, 5]","[8, 6, 8, 7, 10]",0.5384615384615384,True,True,False
부산진구,범전동,화재,일반화재(주택),"[2020, 2021, 2022, 2023, 2024]",결측·처리조건 민감 또는 5년 반복 미충족,4,False,"[1, 1, 1, 0, 1]","[2, 1, 1, 0, 1]",0.8,True,False,False
부산진구,범전동,구조,산악사고,"[2020, 2021, 2022, 2023, 2024]",해당 조건에서 관측된 신고 없음,0,False,,,,,,False
부산진구,범전동,구조,수난사고,"[2020, 2021, 2022, 2023, 2024]",해당 조건에서 관측된 신고 없음,0,False,,,,,,False
부산진구,범전동,구급,교통사고,"[2020, 2021, 2022, 2023, 2024]",반복·방향 보존,44,True,"[12, 10, 9, 4, 9]","[23, 24, 16, 11, 18]",0.4782608695652174,True,True,False
부산진구,범천동,구급,심정지,"[2020, 2021, 2022, 2023, 2024]",반복·방향 보존,133,True,"[17, 32, 28, 25, 31]","[39, 42, 54, 51, 62]",0.5362903225806451,True,True,False
부산진구,범천동,화재,일반화재(주택),"[2020, 2021, 2022, 2023, 2024]",결측·처리조건 민감 또는 5년 반복 미충족,26,False,"[7, 6, 2, 3, 8]","[13, 8, 4, 6, 9]",0.65,False,True,False
부산진구,범천동,구조,산악사고,"[2020, 2021, 2022, 2023, 2024]",결측·처리조건 민감 또는 5년 반복 미충족,2,False,"[0, 0, 0, 2, 0]","[0, 0, 0, 2, 0]",1.0,True,False,False
부산진구,범천동,구조,수난사고,"[2020, 2021, 2022, 2023, 2024]",결측·처리조건 민감 또는 5년 반복 미충족,0,False,"[0, 0, 0, 0, 0]","[1, 0, 1, 1, 2]",0.0,True,False,False
부산진구,범천동,구급,교통사고,"[2020, 2021, 2022, 2023, 2024]",반복·방향 보존,314,True,"[58, 85, 53, 57, 61]","[107, 141, 99, 125, 115]",0.534923339011925,True,True,False
부산진구,부암동,구급,심정지,"[2020, 2021, 2022, 2023, 2024]",결측·처리조건 민감 또는 5년 반복 미충족,129,False,"[31, 20, 24, 26, 28]","[50, 37, 51, 41, 51]",0.5608695652173913,False,True,False
부산진구,부암동,화재,일반화재(주택),"[2020, 2021, 2022, 2023, 2024]",반복·방향 보존,17,True,"[6, 2, 1, 4, 4]","[8, 4, 2, 5, 5]",0.7083333333333334,True,True,False
부산진구,부암동,구조,산악사고,"[2020, 2021, 2022, 2023, 2024]",결측·처리조건 민감 또는 5년 반복 미충족,15,False,"[3, 6, 3, 3, 0]","[6, 7, 6, 4, 0]",0.6521739130434783,True,False,False
부산진구,부암동,구조,수난사고,"[2020, 2021, 2022, 2023, 2024]",해당 조건에서 관측된 신고 없음,0,False,,,,,,False
부산진구,부암동,구급,교통사고,"[2020, 2021, 2022, 2023, 2024]",결측·처리조건 민감 또는 5년 반복 미충족,266,False,"[61, 54, 48, 45, 58]","[99, 82, 87, 88, 109]",0.5720430107526882,False,True,False
부산진구,부전동,구급,심정지,"[2020, 2021, 2022, 2023, 2024]",반복·방향 보존,99,True,"[20, 11, 21, 24, 23]","[37, 32, 34, 47, 51]",0.4925373134328358,True,True,False
부산진구,부전동,화재,일반화재(주택),"[2020, 2021, 2022, 2023, 2024]",반복·방향 보존,34,True,"[6, 13, 3, 7, 5]","[14, 22, 9, 13, 11]",0.4927536231884058,True,True,False
부산진구,부전동,구조,산악사고,"[2020, 2021, 2022, 2023, 2024]",해당 조건에서 관측된 신고 없음,0,False,,,,,,False
부산진구,부전동,구조,수난사고,"[2020, 2021, 2022, 2023, 2024]",결측·처리조건 민감 또는 5년 반복 미충족,0,False,"[0, 0, 0, 0, 0]","[0, 1, 0, 1, 0]",0.0,True,False,False
부산진구,부전동,구급,교통사고,"[2020, 2021, 2022, 2023, 2024]",반복·방향 보존,723,True,"[168, 163, 138, 138, 116]","[334, 345, 284, 279, 243]",0.4868686868686869,True,True,False
부산진구,양정동,구급,심정지,"[2020, 2021, 2022, 2023, 2024]",반복·방향 보존,91,True,"[13, 15, 24, 18, 21]","[32, 33, 40, 40, 47]",0.4739583333333333,True,True,False
부산진구,양정동,화재,일반화재(주택),"[2020, 2021, 2022, 2023, 2024]",반복·방향 보존,20,True,"[4, 5, 6, 3, 2]","[9, 10, 7, 3, 5]",0.5882352941176471,True,True,False
부산진구,양정동,구조,산악사고,"[2020, 2021, 2022, 2023, 2024]",결측·처리조건 민감 또는 5년 반복 미충족,1,False,"[0, 0, 0, 0, 1]","[1, 1, 0, 0, 1]",0.3333333333333333,True,False,False
부산진구,양정동,구조,수난사고,"[2020, 2021, 2022, 2023, 2024]",해당 조건에서 관측된 신고 없음,0,False,,,,,,False
부산진구,양정동,구급,교통사고,"[2020, 2021, 2022, 2023, 2024]",반복·방향 보존,323,True,"[59, 71, 60, 69, 64]","[119, 140, 115, 118, 123]",0.5252032520325203,True,True,False
부산진구,연지동,구급,심정지,"[2020, 2021, 2022, 2023, 2024]",반복·방향 보존,79,True,"[12, 14, 17, 14, 22]","[18, 20, 25, 18, 31]",0.7053571428571429,True,True,False
부산진구,연지동,화재,일반화재(주택),"[2020, 2021, 2022, 2023, 2024]",반복·방향 보존,11,True,"[1, 3, 3, 2, 2]","[2, 4, 3, 2, 2]",0.8461538461538461,True,True,False
부산진구,연지동,구조,산악사고,"[2020, 2021, 2022, 2023, 2024]",해당 조건에서 관측된 신고 없음,0,False,,,,,,False
부산진구,연지동,구조,수난사고,"[2020, 2021, 2022, 2023, 2024]",해당 조건에서 관측된 신고 없음,0,False,,,,,,False
부산진구,연지동,구급,교통사고,"[2020, 2021, 2022, 2023, 2024]",반복·방향 보존,109,True,"[26, 32, 16, 17, 18]","[37, 38, 23, 28, 32]",0.689873417721519,True,True,False
부산진구,전포동,구급,심정지,"[2020, 2021, 2022, 2023, 2024]",반복·방향 보존,133,True,"[22, 24, 25, 29, 33]","[45, 48, 46, 50, 58]",0.5384615384615384,True,True,False
부산진구,전포동,화재,일반화재(주택),"[2020, 2021, 2022, 2023, 2024]",반복·방향 보존,26,True,"[9, 5, 4, 6, 2]","[13, 9, 9, 10, 7]",0.5416666666666666,True,True,False
부산진구,전포동,구조,산악사고,"[2020, 2021, 2022, 2023, 2024]",결측·처리조건 민감 또는 5년 반복 미충족,5,False,"[0, 1, 1, 2, 1]","[1, 3, 1, 3, 3]",0.45454545454545453,True,False,False
부산진구,전포동,구조,수난사고,"[2020, 2021, 2022, 2023, 2024]",결측·처리조건 민감 또는 5년 반복 미충족,0,False,"[0, 0, 0, 0, 0]","[0, 1, 0, 0, 0]",0.0,True,False,False
부산진구,전포동,구급,교통사고,"[2020, 2021, 2022, 2023, 2024]",반복·방향 보존,467,True,"[99, 115, 104, 83, 66]","[184, 210, 182, 155, 131]",0.5417633410672854,True,True,False
부산진구,초읍동,구급,심정지,"[2020, 2021, 2022, 2023, 2024]",반복·방향 보존,117,True,"[14, 22, 33, 26, 22]","[19, 33, 42, 35, 35]",0.7134146341463414,True,True,False
부산진구,초읍동,화재,일반화재(주택),"[2020, 2021, 2022, 2023, 2024]",반복·방향 보존,19,True,"[3, 4, 2, 3, 7]","[4, 6, 3, 4, 7]",0.7916666666666666,True,True,False
부산진구,초읍동,구조,산악사고,"[2020, 2021, 2022, 2023, 2024]",반복·방향 보존,64,True,"[10, 21, 15, 9, 9]","[13, 24, 20, 11, 10]",0.8205128205128205,True,True,True
부산진구,초읍동,구조,수난사고,"[2020, 2021, 2022, 2023, 2024]",결측·처리조건 민감 또는 5년 반복 미충족,3,False,"[0, 0, 0, 1, 2]","[0, 1, 0, 2, 2]",0.6,True,False,False
부산진구,초읍동,구급,교통사고,"[2020, 2021, 2022, 2023, 2024]",반복·방향 보존,120,True,"[23, 23, 23, 26, 25]","[31, 29, 31, 36, 31]",0.759493670886076,True,True,False
북구,구포동,구급,심정지,"[2020, 2021, 2022, 2023, 2024]",반복·방향 보존,222,True,"[31, 40, 48, 47, 56]","[64, 70, 87, 76, 98]",0.5620253164556962,True,True,False
북구,구포동,화재,일반화재(주택),"[2020, 2021, 2022, 2023, 2024]",반복·방향 보존,46,True,"[13, 6, 12, 5, 10]","[22, 7, 21, 9, 12]",0.647887323943662,True,True,False
북구,구포동,구조,산악사고,"[2020, 2021, 2022, 2023, 2024]",반복·방향 보존,17,True,"[1, 3, 2, 5, 6]","[6, 8, 2, 7, 8]",0.5483870967741935,True,True,False
북구,구포동,구조,수난사고,"[2020, 2021, 2022, 2023, 2024]",결측·처리조건 민감 또는 5년 반복 미충족,13,False,"[4, 2, 2, 3, 2]","[17, 12, 9, 13, 11]",0.20967741935483872,False,True,False
북구,구포동,구급,교통사고,"[2020, 2021, 2022, 2023, 2024]",반복·방향 보존,394,True,"[102, 77, 79, 71, 65]","[166, 147, 153, 147, 136]",0.5260347129506008,True,True,False
북구,금곡동,구급,심정지,"[2020, 2021, 2022, 2023, 2024]",반복·방향 보존,232,True,"[45, 54, 41, 41, 51]","[55, 70, 54, 53, 70]",0.7682119205298014,True,True,False
북구,금곡동,화재,일반화재(주택),"[2020, 2021, 2022, 2023, 2024]",결측·처리조건 민감 또는 5년 반복 미충족,11,False,"[1, 2, 3, 3, 2]","[1, 2, 3, 3, 2]",1.0,False,True,False
북구,금곡동,구조,산악사고,"[2020, 2021, 2022, 2023, 2024]",결측·처리조건 민감 또는 5년 반복 미충족,12,False,"[1, 0, 4, 5, 2]","[5, 2, 5, 7, 6]",0.48,True,False,False
북구,금곡동,구조,수난사고,"[2020, 2021, 2022, 2023, 2024]",결측·처리조건 민감 또는 5년 반복 미충족,0,False,"[0, 0, 0, 0, 0]","[3, 3, 3, 3, 3]",0.0,True,False,False
북구,금곡동,구급,교통사고,"[2020, 2021, 2022, 2023, 2024]",반복·방향 보존,199,True,"[47, 45, 37, 34, 36]","[70, 63, 61, 53, 51]",0.6677852348993288,True,True,False
북구,덕천동,구급,심정지,"[2020, 2021, 2022, 2023, 2024]",반복·방향 보존,152,True,"[25, 22, 34, 34, 37]","[50, 49, 60, 53, 63]",0.5527272727272727,True,True,False
북구,덕천동,화재,일반화재(주택),"[2020, 2021, 2022, 2023, 2024]",결측·처리조건 민감 또는 5년 반복 미충족,28,False,"[5, 8, 6, 2, 7]","[14, 11, 10, 4, 10]",0.5714285714285714,False,True,False
북구,덕천동,구조,산악사고,"[2020, 2021, 2022, 2023, 2024]",결측·처리조건 민감 또는 5년 반복 미충족,5,False,"[2, 2, 0, 0, 1]","[2, 3, 0, 0, 2]",0.7142857142857143,False,False,False
북구,덕천동,구조,수난사고,"[2020, 2021, 2022, 2023, 2024]",결측·처리조건 민감 또는 5년 반복 미충족,14,False,"[0, 5, 3, 2, 4]","[4, 8, 7, 8, 6]",0.42424242424242425,True,False,False
북구,덕천동,구급,교통사고,"[2020, 2021, 2022, 2023, 2024]",반복·방향 보존,391,True,"[74, 84, 75, 74, 84]","[134, 158, 147, 128, 172]",0.5290933694181326,True,True,False
북구,만덕동,구급,심정지,"[2020, 2021, 2022, 2023, 2024]",반복·방향 보존,164,True,"[26, 32, 38, 34, 34]","[44, 52, 60, 65, 62]",0.5795053003533569,True,True,False
북구,만덕동,화재,일반화재(주택),"[2020, 2021, 2022, 2023, 2024]",반복·방향 보존,17,True,"[6, 1, 4, 3, 3]","[7, 2, 6, 6, 5]",0.6538461538461539,True,True,False
북구,만덕동,구조,산악사고,"[2020, 2021, 2022, 2023, 2024]",반복·방향 보존,43,True,"[8, 5, 7, 10, 13]","[11, 8, 15, 12, 14]",0.7166666666666667,True,True,False
북구,만덕동,구조,수난사고,"[2020, 2021, 2022, 2023, 2024]",해당 조건에서 관측된 신고 없음,0,False,,,,,,False
북구,만덕동,구급,교통사고,"[2020, 2021, 2022, 2023, 2024]",반복·방향 보존,212,True,"[36, 48, 39, 48, 41]","[65, 88, 92, 89, 83]",0.5083932853717026,True,True,False
북구,화명동,구급,심정지,"[2020, 2021, 2022, 2023, 2024]",반복·방향 보존,162,True,"[23, 31, 46, 30, 32]","[45, 51, 75, 48, 54]",0.5934065934065934,True,True,False
북구,화명동,화재,일반화재(주택),"[2020, 2021, 2022, 2023, 2024]",반복·방향 보존,15,True,"[4, 4, 3, 1, 3]","[6, 4, 7, 2, 4]",0.6521739130434783,True,True,False
북구,화명동,구조,산악사고,"[2020, 2021, 2022, 2023, 2024]",결측·처리조건 민감 또는 5년 반복 미충족,32,False,"[8, 4, 7, 6, 7]","[14, 10, 12, 11, 10]",0.5614035087719298,False,True,False
북구,화명동,구조,수난사고,"[2020, 2021, 2022, 2023, 2024]",결측·처리조건 민감 또는 5년 반복 미충족,3,False,"[0, 0, 1, 2, 0]","[0, 5, 7, 6, 4]",0.13636363636363635,True,False,False
북구,화명동,구급,교통사고,"[2020, 2021, 2022, 2023, 2024]",반복·방향 보존,377,True,"[97, 82, 72, 71, 55]","[165, 142, 130, 117, 98]",0.5782208588957055,True,True,False
사상구,감전동,구급,심정지,"[2020, 2021, 2022, 2023, 2024]",반복·방향 보존,92,True,"[14, 19, 15, 27, 17]","[17, 24, 20, 32, 24]",0.7863247863247863,True,True,False
사상구,감전동,화재,일반화재(주택),"[2020, 2021, 2022, 2023, 2024]",반복·방향 보존,34,True,"[7, 10, 5, 5, 7]","[8, 14, 5, 5, 7]",0.8717948717948718,True,True,False
사상구,감전동,구조,산악사고,"[2020, 2021, 2022, 2023, 2024]",결측·처리조건 민감 또는 5년 반복 미충족,2,False,"[0, 0, 1, 0, 1]","[0, 0, 2, 0, 1]",0.6666666666666666,True,False,False
사상구,감전동,구조,수난사고,"[2020, 2021, 2022, 2023, 2024]",결측·처리조건 민감 또는 5년 반복 미충족,0,False,"[0, 0, 0, 0, 0]","[0, 0, 0, 1, 1]",0.0,True,False,False
사상구,감전동,구급,교통사고,"[2020, 2021, 2022, 2023, 2024]",반복·방향 보존,346,True,"[84, 92, 61, 51, 58]","[108, 116, 91, 81, 89]",0.7134020618556701,True,True,False
사상구,괘법동,구급,심정지,"[2020, 2021, 2022, 2023, 2024]",반복·방향 보존,143,True,"[29, 14, 39, 27, 34]","[37, 26, 54, 37, 46]",0.715,True,True,False
사상구,괘법동,화재,일반화재(주택),"[2020, 2021, 2022, 2023, 2024]",반복·방향 보존,34,True,"[6, 3, 10, 10, 5]","[7, 5, 11, 11, 5]",0.8717948717948718,True,True,False
사상구,괘법동,구조,산악사고,"[2020, 2021, 2022, 2023, 2024]",결측·처리조건 민감 또는 5년 반복 미충족,8,False,"[2, 3, 0, 1, 2]","[2, 4, 1, 4, 3]",0.5714285714285714,True,False,False
사상구,괘법동,구조,수난사고,"[2020, 2021, 2022, 2023, 2024]",결측·처리조건 민감 또는 5년 반복 미충족,0,False,"[0, 0, 0, 0, 0]","[0, 0, 0, 0, 1]",0.0,True,False,False
사상구,괘법동,구급,교통사고,"[2020, 2021, 2022, 2023, 2024]",반복·방향 보존,372,True,"[95, 78, 58, 80, 61]","[129, 104, 82, 114, 101]",0.7018867924528301,True,True,False
사상구,덕포동,구급,심정지,"[2020, 2021, 2022, 2023, 2024]",반복·방향 보존,70,True,"[20, 11, 19, 8, 12]","[28, 16, 30, 18, 24]",0.603448275862069,True,True,False
사상구,덕포동,화재,일반화재(주택),"[2020, 2021, 2022, 2023, 2024]",결측·처리조건 민감 또는 5년 반복 미충족,19,False,"[3, 4, 11, 0, 1]","[7, 4, 12, 1, 4]",0.6785714285714286,True,False,False
사상구,덕포동,구조,산악사고,"[2020, 2021, 2022, 2023, 2024]",결측·처리조건 민감 또는 5년 반복 미충족,2,False,"[0, 1, 1, 0, 0]","[0, 1, 1, 0, 0]",1.0,True,False,False
사상구,덕포동,구조,수난사고,"[2020, 2021, 2022, 2023, 2024]",해당 조건에서 관측된 신고 없음,0,False,,,,,,False
사상구,덕포동,구급,교통사고,"[2020, 2021, 2022, 2023, 2024]",반복·방향 보존,192,True,"[43, 40, 30, 38, 41]","[71, 64, 47, 68, 70]",0.6,True,True,False
사상구,모라동,구급,심정지,"[2020, 2021, 2022, 2023, 2024]",결측·처리조건 민감 또는 5년 반복 미충족,175,False,"[39, 34, 32, 34, 36]","[58, 63, 62, 58, 63]",0.5756578947368421,False,True,False
사상구,모라동,화재,일반화재(주택),"[2020, 2021, 2022, 2023, 2024]",결측·처리조건 민감 또는 5년 반복 미충족,19,False,"[4, 4, 6, 0, 5]","[7, 6, 6, 0, 9]",0.6785714285714286,True,False,False
사상구,모라동,구조,산악사고,"[2020, 2021, 2022, 2023, 2024]",결측·처리조건 민감 또는 5년 반복 미충족,12,False,"[3, 5, 2, 0, 2]","[7, 5, 4, 3, 3]",0.5454545454545454,True,False,False
사상구,모라동,구조,수난사고,"[2020, 2021, 2022, 2023, 2024]",해당 조건에서 관측된 신고 없음,0,False,,,,,,False
사상구,모라동,구급,교통사고,"[2020, 2021, 2022, 2023, 2024]",반복·방향 보존,252,True,"[57, 49, 52, 45, 49]","[110, 82, 107, 96, 102]",0.5070422535211268,True,True,False
사상구,삼락동,구급,심정지,"[2020, 2021, 2022, 2023, 2024]",반복·방향 보존,42,True,"[6, 6, 10, 9, 11]","[10, 10, 14, 16, 15]",0.6461538461538462,True,True,False
사상구,삼락동,화재,일반화재(주택),"[2020, 2021, 2022, 2023, 2024]",결측·처리조건 민감 또는 5년 반복 미충족,12,False,"[2, 3, 4, 3, 0]","[2, 6, 4, 5, 0]",0.7058823529411765,True,False,False
사상구,삼락동,구조,산악사고,"[2020, 2021, 2022, 2023, 2024]",결측·처리조건 민감 또는 5년 반복 미충족,1,False,"[0, 0, 0, 0, 1]","[0, 0, 0, 0, 1]",1.0,True,False,False
사상구,삼락동,구조,수난사고,"[2020, 2021, 2022, 2023, 2024]",결측·처리조건 민감 또는 5년 반복 미충족,8,False,"[2, 0, 3, 2, 1]","[5, 5, 6, 5, 4]",0.32,True,False,False
사상구,삼락동,구급,교통사고,"[2020, 2021, 2022, 2023, 2024]",반복·방향 보존,174,True,"[36, 41, 39, 35, 23]","[56, 54, 60, 52, 40]",0.6641221374045801,True,True,False
사상구,엄궁동,구급,심정지,"[2020, 2021, 2022, 2023, 2024]",결측·처리조건 민감 또는 5년 반복 미충족,89,False,"[16, 20, 17, 20, 16]","[16, 24, 21, 24, 23]",0.8240740740740741,False,True,False
사상구,엄궁동,화재,일반화재(주택),"[2020, 2021, 2022, 2023, 2024]",결측·처리조건 민감 또는 5년 반복 미충족,17,False,"[5, 1, 6, 5, 0]","[5, 1, 7, 5, 0]",0.9444444444444444,True,False,False
사상구,엄궁동,구조,산악사고,"[2020, 2021, 2022, 2023, 2024]",반복·방향 보존,19,True,"[5, 7, 3, 2, 2]","[6, 13, 4, 3, 2]",0.6785714285714286,True,True,False
사상구,엄궁동,구조,수난사고,"[2020, 2021, 2022, 2023, 2024]",결측·처리조건 민감 또는 5년 반복 미충족,7,False,"[3, 1, 0, 2, 1]","[3, 3, 3, 4, 2]",0.4666666666666667,True,False,False
사상구,엄궁동,구급,교통사고,"[2020, 2021, 2022, 2023, 2024]",반복·방향 보존,251,True,"[57, 65, 48, 43, 38]","[78, 79, 67, 62, 59]",0.7275362318840579,True,True,False
사상구,주례동,구급,심정지,"[2020, 2021, 2022, 2023, 2024]",반복·방향 보존,142,True,"[20, 29, 22, 34, 37]","[42, 55, 42, 66, 72]",0.5126353790613718,True,True,False
사상구,주례동,화재,일반화재(주택),"[2020, 2021, 2022, 2023, 2024]",결측·처리조건 민감 또는 5년 반복 미충족,30,False,"[5, 7, 7, 4, 7]","[12, 10, 16, 8, 8]",0.5555555555555556,False,True,False
사상구,주례동,구조,산악사고,"[2020, 2021, 2022, 2023, 2024]",반복·방향 보존,11,True,"[3, 1, 2, 3, 2]","[8, 7, 4, 5, 4]",0.39285714285714285,True,True,False
사상구,주례동,구조,수난사고,"[2020, 2021, 2022, 2023, 2024]",결측·처리조건 민감 또는 5년 반복 미충족,1,False,"[0, 0, 0, 1, 0]","[1, 0, 0, 1, 0]",0.5,True,False,False
사상구,주례동,구급,교통사고,"[2020, 2021, 2022, 2023, 2024]",반복·방향 보존,292,True,"[62, 73, 59, 55, 43]","[112, 112, 110, 99, 98]",0.5499058380414312,True,True,False
사상구,학장동,구급,심정지,"[2020, 2021, 2022, 2023, 2024]",반복·방향 보존,123,True,"[14, 26, 35, 31, 17]","[21, 37, 46, 39, 25]",0.7321428571428571,True,True,False
사상구,학장동,화재,일반화재(주택),"[2020, 2021, 2022, 2023, 2024]",반복·방향 보존,16,True,"[6, 3, 1, 4, 2]","[7, 4, 2, 5, 2]",0.8,True,True,False
사상구,학장동,구조,산악사고,"[2020, 2021, 2022, 2023, 2024]",결측·처리조건 민감 또는 5년 반복 미충족,10,False,"[1, 0, 4, 1, 4]","[1, 1, 5, 1, 4]",0.8333333333333334,True,False,False
사상구,학장동,구조,수난사고,"[2020, 2021, 2022, 2023, 2024]",결측·처리조건 민감 또는 5년 반복 미충족,1,False,"[0, 0, 0, 1, 0]","[0, 0, 0, 2, 1]",0.3333333333333333,True,False,False
사상구,학장동,구급,교통사고,"[2020, 2021, 2022, 2023, 2024]",반복·방향 보존,335,True,"[84, 76, 62, 56, 57]","[112, 98, 84, 85, 80]",0.7298474945533769,True,True,False
사하구,감천동,구급,심정지,"[2020, 2021, 2022, 2023, 2024]",반복·방향 보존,103,True,"[19, 16, 20, 24, 24]","[32, 28, 44, 39, 43]",0.553763440860215,True,True,False
사하구,감천동,화재,일반화재(주택),"[2020, 2021, 2022, 2023, 2024]",반복·방향 보존,20,True,"[6, 6, 1, 3, 4]","[9, 7, 1, 5, 5]",0.7407407407407407,True,True,False
사하구,감천동,구조,산악사고,"[2020, 2021, 2022, 2023, 2024]",결측·처리조건 민감 또는 5년 반복 미충족,5,False,"[2, 2, 0, 1, 0]","[3, 4, 1, 2, 0]",0.5,True,False,False
사하구,감천동,구조,수난사고,"[2020, 2021, 2022, 2023, 2024]",결측·처리조건 민감 또는 5년 반복 미충족,5,False,"[2, 0, 1, 2, 0]","[6, 0, 3, 2, 0]",0.45454545454545453,True,False,False
사하구,감천동,구급,교통사고,"[2020, 2021, 2022, 2023, 2024]",결측·처리조건 민감 또는 5년 반복 미충족,176,False,"[33, 52, 30, 27, 34]","[51, 85, 58, 52, 60]",0.5751633986928104,False,True,False
사하구,괴정동,구급,심정지,"[2020, 2021, 2022, 2023, 2024]",반복·방향 보존,254,True,"[46, 48, 62, 45, 53]","[76, 86, 104, 74, 93]",0.5866050808314087,True,True,False
사하구,괴정동,화재,일반화재(주택),"[2020, 2021, 2022, 2023, 2024]",반복·방향 보존,35,True,"[7, 7, 7, 3, 11]","[9, 9, 13, 6, 15]",0.6730769230769231,True,True,False
사하구,괴정동,구조,산악사고,"[2020, 2021, 2022, 2023, 2024]",결측·처리조건 민감 또는 5년 반복 미충족,18,False,"[3, 4, 4, 5, 2]","[4, 9, 6, 9, 7]",0.5142857142857142,False,True,False
사하구,괴정동,구조,수난사고,"[2020, 2021, 2022, 2023, 2024]",결측·처리조건 민감 또는 5년 반복 미충족,1,False,"[0, 0, 1, 0, 0]","[0, 0, 1, 1, 0]",0.5,True,False,False
사하구,괴정동,구급,교통사고,"[2020, 2021, 2022, 2023, 2024]",반복·방향 보존,311,True,"[72, 57, 73, 56, 53]","[117, 109, 131, 119, 97]",0.5427574171029669,True,True,False
사하구,구평동,구급,심정지,"[2020, 2021, 2022, 2023, 2024]",반복·방향 보존,31,True,"[4, 4, 5, 7, 11]","[8, 6, 8, 9, 15]",0.6739130434782609,True,True,False
사하구,구평동,화재,일반화재(주택),"[2020, 2021, 2022, 2023, 2024]",반복·방향 보존,12,True,"[2, 6, 2, 1, 1]","[2, 7, 2, 2, 1]",0.8571428571428571,True,True,False
사하구,구평동,구조,산악사고,"[2020, 2021, 2022, 2023, 2024]",결측·처리조건 민감 또는 5년 반복 미충족,1,False,"[1, 0, 0, 0, 0]","[1, 0, 0, 0, 0]",1.0,True,False,False
사하구,구평동,구조,수난사고,"[2020, 2021, 2022, 2023, 2024]",결측·처리조건 민감 또는 5년 반복 미충족,5,False,"[3, 1, 1, 0, 0]","[3, 1, 2, 1, 0]",0.7142857142857143,True,False,False
사하구,구평동,구급,교통사고,"[2020, 2021, 2022, 2023, 2024]",반복·방향 보존,87,True,"[21, 15, 26, 15, 10]","[32, 27, 42, 23, 15]",0.6258992805755396,True,True,False
사하구,다대동,구급,심정지,"[2020, 2021, 2022, 2023, 2024]",반복·방향 보존,267,True,"[53, 57, 48, 49, 60]","[82, 94, 90, 81, 109]",0.5855263157894737,True,True,False
사하구,다대동,화재,일반화재(주택),"[2020, 2021, 2022, 2023, 2024]",결측·처리조건 민감 또는 5년 반복 미충족,19,False,"[7, 3, 4, 5, 0]","[10, 5, 5, 8, 1]",0.6551724137931034,True,False,False
사하구,다대동,구조,산악사고,"[2020, 2021, 2022, 2023, 2024]",결측·처리조건 민감 또는 5년 반복 미충족,5,False,"[0, 1, 1, 1, 2]","[1, 3, 1, 4, 6]",0.3333333333333333,True,False,False
사하구,다대동,구조,수난사고,"[2020, 2021, 2022, 2023, 2024]",반복·방향 보존,67,True,"[20, 17, 13, 7, 10]","[35, 34, 24, 27, 23]",0.46853146853146854,True,True,True
사하구,다대동,구급,교통사고,"[2020, 2021, 2022, 2023, 2024]",반복·방향 보존,272,True,"[64, 67, 58, 39, 44]","[105, 117, 113, 78, 95]",0.5354330708661418,True,True,False
사하구,당리동,구급,심정지,"[2020, 2021, 2022, 2023, 2024]",반복·방향 보존,102,True,"[15, 21, 22, 20, 24]","[21, 33, 37, 30, 30]",0.6754966887417219,True,True,False
사하구,당리동,화재,일반화재(주택),"[2020, 2021, 2022, 2023, 2024]",반복·방향 보존,18,True,"[2, 6, 4, 5, 1]","[4, 6, 6, 5, 1]",0.8181818181818182,True,True,False
사하구,당리동,구조,산악사고,"[2020, 2021, 2022, 2023, 2024]",반복·방향 보존,33,True,"[4, 8, 8, 5, 8]","[5, 12, 16, 6, 10]",0.673469387755102,True,True,False
사하구,당리동,구조,수난사고,"[2020, 2021, 2022, 2023, 2024]",결측·처리조건 민감 또는 5년 반복 미충족,0,False,"[0, 0, 0, 0, 0]","[0, 2, 0, 0, 0]",0.0,True,False,False
사하구,당리동,구급,교통사고,"[2020, 2021, 2022, 2023, 2024]",반복·방향 보존,209,True,"[46, 44, 38, 44, 37]","[63, 65, 61, 60, 57]",0.6830065359477124,True,True,False
사하구,신평동,구급,심정지,"[2020, 2021, 2022, 2023, 2024]",반복·방향 보존,106,True,"[15, 25, 26, 25, 15]","[30, 44, 40, 45, 29]",0.5638297872340425,True,True,False
사하구,신평동,화재,일반화재(주택),"[2020, 2021, 2022, 2023, 2024]",반복·방향 보존,27,True,"[5, 7, 6, 4, 5]","[6, 13, 9, 7, 6]",0.6585365853658537,True,True,False
사하구,신평동,구조,산악사고,"[2020, 2021, 2022, 2023, 2024]",결측·처리조건 민감 또는 5년 반복 미충족,10,False,"[0, 5, 3, 1, 1]","[0, 6, 4, 2, 2]",0.7142857142857143,True,False,False
사하구,신평동,구조,수난사고,"[2020, 2021, 2022, 2023, 2024]",결측·처리조건 민감 또는 5년 반복 미충족,2,False,"[0, 1, 0, 0, 1]","[2, 2, 1, 1, 2]",0.25,True,False,False
사하구,신평동,구급,교통사고,"[2020, 2021, 2022, 2023, 2024]",반복·방향 보존,233,True,"[48, 49, 52, 41, 43]","[106, 108, 99, 116, 104]",0.4371482176360225,True,True,False
사하구,장림동,구급,심정지,"[2020, 2021, 2022, 2023, 2024]",반복·방향 보존,143,True,"[30, 27, 31, 27, 28]","[53, 40, 53, 44, 49]",0.5983263598326359,True,True,False
사하구,장림동,화재,일반화재(주택),"[2020, 2021, 2022, 2023, 2024]",결측·처리조건 민감 또는 5년 반복 미충족,33,False,"[6, 5, 7, 6, 9]","[10, 7, 8, 9, 10]",0.75,False,True,False
사하구,장림동,구조,산악사고,"[2020, 2021, 2022, 2023, 2024]",결측·처리조건 민감 또는 5년 반복 미충족,9,False,"[3, 3, 2, 1, 0]","[3, 3, 4, 1, 0]",0.8181818181818182,True,False,False
사하구,장림동,구조,수난사고,"[2020, 2021, 2022, 2023, 2024]",결측·처리조건 민감 또는 5년 반복 미충족,2,False,"[0, 0, 1, 1, 0]","[0, 1, 1, 2, 0]",0.5,True,False,False
사하구,장림동,구급,교통사고,"[2020, 2021, 2022, 2023, 2024]",반복·방향 보존,290,True,"[80, 61, 49, 49, 51]","[131, 119, 91, 98, 96]",0.5420560747663551,True,True,False
사하구,하단동,구급,심정지,"[2020, 2021, 2022, 2023, 2024]",반복·방향 보존,141,True,"[20, 23, 31, 34, 33]","[36, 49, 54, 54, 60]",0.5573122529644269,True,True,False
사하구,하단동,화재,일반화재(주택),"[2020, 2021, 2022, 2023, 2024]",반복·방향 보존,29,True,"[7, 5, 4, 6, 7]","[10, 10, 10, 8, 8]",0.6304347826086957,True,True,False
사하구,하단동,구조,산악사고,"[2020, 2021, 2022, 2023, 2024]",반복·방향 보존,17,True,"[2, 8, 2, 4, 1]","[6, 9, 4, 4, 3]",0.6538461538461539,True,True,False
사하구,하단동,구조,수난사고,"[2020, 2021, 2022, 2023, 2024]",결측·처리조건 민감 또는 5년 반복 미충족,17,False,"[6, 6, 0, 2, 3]","[14, 18, 6, 11, 9]",0.29310344827586204,True,False,False
사하구,하단동,구급,교통사고,"[2020, 2021, 2022, 2023, 2024]",반복·방향 보존,473,True,"[100, 101, 105, 77, 90]","[164, 179, 213, 184, 164]",0.5232300884955752,True,True,False
서구,남부민동,구급,심정지,"[2020, 2021, 2022, 2023, 2024]",반복·방향 보존,93,True,"[15, 17, 16, 23, 22]","[26, 26, 33, 45, 34]",0.5670731707317073,True,True,False
서구,남부민동,화재,일반화재(주택),"[2020, 2021, 2022, 2023, 2024]",반복·방향 보존,19,True,"[4, 5, 4, 3, 3]","[7, 6, 5, 6, 3]",0.7037037037037037,True,True,False
서구,남부민동,구조,산악사고,"[2020, 2021, 2022, 2023, 2024]",결측·처리조건 민감 또는 5년 반복 미충족,4,False,"[1, 1, 1, 1, 0]","[1, 1, 1, 1, 0]",1.0,True,False,False
서구,남부민동,구조,수난사고,"[2020, 2021, 2022, 2023, 2024]",결측·처리조건 민감 또는 5년 반복 미충족,20,False,"[3, 6, 4, 4, 3]","[9, 12, 7, 7, 10]",0.4444444444444444,False,True,False
서구,남부민동,구급,교통사고,"[2020, 2021, 2022, 2023, 2024]",반복·방향 보존,83,True,"[25, 22, 13, 12, 11]","[46, 36, 23, 27, 23]",0.535483870967742,True,True,False
서구,동대신동1가,구급,심정지,"[2020, 2021, 2022, 2023, 2024]",결측·처리조건 민감 또는 5년 반복 미충족,13,False,"[5, 2, 3, 1, 2]","[7, 2, 7, 3, 12]",0.41935483870967744,False,True,False
서구,동대신동1가,화재,일반화재(주택),"[2020, 2021, 2022, 2023, 2024]",결측·처리조건 민감 또는 5년 반복 미충족,3,False,"[0, 1, 0, 1, 1]","[2, 2, 2, 1, 1]",0.375,False,False,False
서구,동대신동1가,구조,산악사고,"[2020, 2021, 2022, 2023, 2024]",해당 조건에서 관측된 신고 없음,0,False,,,,,,False
서구,동대신동1가,구조,수난사고,"[2020, 2021, 2022, 2023, 2024]",해당 조건에서 관측된 신고 없음,0,False,,,,,,False
서구,동대신동1가,구급,교통사고,"[2020, 2021, 2022, 2023, 2024]",반복·방향 보존,33,True,"[5, 6, 10, 6, 6]","[7, 15, 13, 14, 11]",0.55,True,True,False
서구,동대신동2가,구급,심정지,"[2020, 2021, 2022, 2023, 2024]",반복·방향 보존,38,True,"[6, 10, 6, 8, 8]","[10, 12, 6, 12, 17]",0.6666666666666666,True,True,False
서구,동대신동2가,화재,일반화재(주택),"[2020, 2021, 2022, 2023, 2024]",반복·방향 보존,10,True,"[2, 1, 3, 2, 2]","[3, 2, 3, 4, 2]",0.7142857142857143,True,True,False
서구,동대신동2가,구조,산악사고,"[2020, 2021, 2022, 2023, 2024]",해당 조건에서 관측된 신고 없음,0,False,,,,,,False
서구,동대신동2가,구조,수난사고,"[2020, 2021, 2022, 2023, 2024]",해당 조건에서 관측된 신고 없음,0,False,,,,,,False
서구,동대신동2가,구급,교통사고,"[2020, 2021, 2022, 2023, 2024]",반복·방향 보존,53,True,"[10, 12, 6, 9, 16]","[17, 22, 14, 14, 25]",0.5760869565217391,True,True,False
서구,동대신동3가,구급,심정지,"[2020, 2021, 2022, 2023, 2024]",결측·처리조건 민감 또는 5년 반복 미충족,35,False,"[7, 6, 10, 6, 6]","[8, 12, 14, 11, 13]",0.603448275862069,False,True,False
서구,동대신동3가,화재,일반화재(주택),"[2020, 2021, 2022, 2023, 2024]",결측·처리조건 민감 또는 5년 반복 미충족,8,False,"[1, 0, 4, 2, 1]","[3, 1, 4, 2, 1]",0.7272727272727273,True,False,False
서구,동대신동3가,구조,산악사고,"[2020, 2021, 2022, 2023, 2024]",결측·처리조건 민감 또는 5년 반복 미충족,11,False,"[5, 0, 2, 1, 3]","[5, 3, 3, 3, 3]",0.6470588235294118,True,False,False
서구,동대신동3가,구조,수난사고,"[2020, 2021, 2022, 2023, 2024]",해당 조건에서 관측된 신고 없음,0,False,,,,,,False
서구,동대신동3가,구급,교통사고,"[2020, 2021, 2022, 2023, 2024]",결측·처리조건 민감 또는 5년 반복 미충족,57,False,"[15, 7, 11, 14, 10]","[21, 13, 26, 24, 21]",0.5428571428571428,False,True,False
서구,부민동1가,구급,심정지,"[2020, 2021, 2022, 2023, 2024]",결측·처리조건 민감 또는 5년 반복 미충족,4,False,"[1, 1, 1, 0, 1]","[1, 1, 2, 1, 3]",0.5,True,False,False
서구,부민동1가,화재,일반화재(주택),"[2020, 2021, 2022, 2023, 2024]",결측·처리조건 민감 또는 5년 반복 미충족,2,False,"[0, 1, 0, 1, 0]","[0, 1, 0, 1, 0]",1.0,True,False,False
서구,부민동1가,구조,산악사고,"[2020, 2021, 2022, 2023, 2024]",해당 조건에서 관측된 신고 없음,0,False,,,,,,False
서구,부민동1가,구조,수난사고,"[2020, 2021, 2022, 2023, 2024]",해당 조건에서 관측된 신고 없음,0,False,,,,,,False
서구,부민동1가,구급,교통사고,"[2020, 2021, 2022, 2023, 2024]",반복·방향 보존,20,True,"[9, 1, 4, 5, 1]","[12, 6, 6, 5, 4]",0.6060606060606061,True,True,False
서구,부민동2가,구급,심정지,"[2020, 2021, 2022, 2023, 2024]",결측·처리조건 민감 또는 5년 반복 미충족,1,False,"[0, 1, 0, 0, 0]","[0, 1, 0, 0, 0]",1.0,True,False,False
서구,부민동2가,화재,일반화재(주택),"[2020, 2021, 2022, 2023, 2024]",결측·처리조건 민감 또는 5년 반복 미충족,0,False,"[0, 0, 0, 0, 0]","[0, 1, 1, 0, 0]",0.0,True,False,False
서구,부민동2가,구조,산악사고,"[2020, 2021, 2022, 2023, 2024]",해당 조건에서 관측된 신고 없음,0,False,,,,,,False
서구,부민동2가,구조,수난사고,"[2020, 2021, 2022, 2023, 2024]",해당 조건에서 관측된 신고 없음,0,False,,,,,,False
서구,부민동2가,구급,교통사고,"[2020, 2021, 2022, 2023, 2024]",결측·처리조건 민감 또는 5년 반복 미충족,14,False,"[6, 2, 3, 3, 0]","[8, 3, 5, 4, 0]",0.7,True,False,False
서구,부민동3가,구급,심정지,"[2020, 2021, 2022, 2023, 2024]",반복·방향 보존,16,True,"[2, 3, 3, 1, 7]","[4, 4, 3, 4, 8]",0.6956521739130435,True,True,False
서구,부민동3가,화재,일반화재(주택),"[2020, 2021, 2022, 2023, 2024]",결측·처리조건 민감 또는 5년 반복 미충족,2,False,"[0, 1, 1, 0, 0]","[1, 1, 1, 1, 0]",0.5,True,False,False
서구,부민동3가,구조,산악사고,"[2020, 2021, 2022, 2023, 2024]",해당 조건에서 관측된 신고 없음,0,False,,,,,,False
서구,부민동3가,구조,수난사고,"[2020, 2021, 2022, 2023, 2024]",해당 조건에서 관측된 신고 없음,0,False,,,,,,False
서구,부민동3가,구급,교통사고,"[2020, 2021, 2022, 2023, 2024]",결측·처리조건 민감 또는 5년 반복 미충족,10,False,"[2, 4, 2, 2, 0]","[2, 6, 3, 3, 1]",0.6666666666666666,True,False,False
서구,부용동1가,구급,심정지,"[2020, 2021, 2022, 2023, 2024]",결측·처리조건 민감 또는 5년 반복 미충족,2,False,"[0, 1, 1, 0, 0]","[0, 1, 2, 1, 0]",0.5,True,False,False
서구,부용동1가,화재,일반화재(주택),"[2020, 2021, 2022, 2023, 2024]",해당 조건에서 관측된 신고 없음,0,False,,,,,,False
서구,부용동1가,구조,산악사고,"[2020, 2021, 2022, 2023, 2024]",해당 조건에서 관측된 신고 없음,0,False,,,,,,False
서구,부용동1가,구조,수난사고,"[2020, 2021, 2022, 2023, 2024]",해당 조건에서 관측된 신고 없음,0,False,,,,,,False
서구,부용동1가,구급,교통사고,"[2020, 2021, 2022, 2023, 2024]",결측·처리조건 민감 또는 5년 반복 미충족,15,False,"[4, 1, 4, 6, 0]","[6, 1, 4, 7, 0]",0.8333333333333334,True,False,False
서구,부용동2가,구급,심정지,"[2020, 2021, 2022, 2023, 2024]",결측·처리조건 민감 또는 5년 반복 미충족,5,False,"[1, 0, 4, 0, 0]","[2, 0, 6, 0, 0]",0.625,True,False,False
서구,부용동2가,화재,일반화재(주택),"[2020, 2021, 2022, 2023, 2024]",결측·처리조건 민감 또는 5년 반복 미충족,2,False,"[1, 0, 0, 1, 0]","[1, 0, 0, 1, 0]",1.0,True,False,False
서구,부용동2가,구조,산악사고,"[2020, 2021, 2022, 2023, 2024]",해당 조건에서 관측된 신고 없음,0,False,,,,,,False
서구,부용동2가,구조,수난사고,"[2020, 2021, 2022, 2023, 2024]",해당 조건에서 관측된 신고 없음,0,False,,,,,,False
서구,부용동2가,구급,교통사고,"[2020, 2021, 2022, 2023, 2024]",반복·방향 보존,17,True,"[6, 4, 2, 4, 1]","[10, 5, 4, 6, 2]",0.6296296296296297,True,True,False
서구,서대신동1가,구급,심정지,"[2020, 2021, 2022, 2023, 2024]",결측·처리조건 민감 또는 5년 반복 미충족,18,False,"[0, 1, 8, 3, 6]","[1, 4, 10, 6, 11]",0.5625,True,False,False
서구,서대신동1가,화재,일반화재(주택),"[2020, 2021, 2022, 2023, 2024]",결측·처리조건 민감 또는 5년 반복 미충족,4,False,"[0, 2, 2, 0, 0]","[0, 2, 3, 0, 0]",0.8,True,False,False
서구,서대신동1가,구조,산악사고,"[2020, 2021, 2022, 2023, 2024]",해당 조건에서 관측된 신고 없음,0,False,,,,,,False
서구,서대신동1가,구조,수난사고,"[2020, 2021, 2022, 2023, 2024]",해당 조건에서 관측된 신고 없음,0,False,,,,,,False
서구,서대신동1가,구급,교통사고,"[2020, 2021, 2022, 2023, 2024]",반복·방향 보존,30,True,"[3, 9, 4, 5, 9]","[7, 17, 8, 10, 14]",0.5357142857142857,True,True,False
서구,서대신동2가,구급,심정지,"[2020, 2021, 2022, 2023, 2024]",반복·방향 보존,31,True,"[2, 5, 4, 11, 9]","[6, 10, 9, 16, 21]",0.5,True,True,False
서구,서대신동2가,화재,일반화재(주택),"[2020, 2021, 2022, 2023, 2024]",반복·방향 보존,5,True,"[1, 1, 1, 1, 1]","[1, 2, 1, 1, 2]",0.7142857142857143,True,True,False
서구,서대신동2가,구조,산악사고,"[2020, 2021, 2022, 2023, 2024]",해당 조건에서 관측된 신고 없음,0,False,,,,,,False
서구,서대신동2가,구조,수난사고,"[2020, 2021, 2022, 2023, 2024]",해당 조건에서 관측된 신고 없음,0,False,,,,,,False
서구,서대신동2가,구급,교통사고,"[2020, 2021, 2022, 2023, 2024]",반복·방향 보존,53,True,"[8, 18, 8, 10, 9]","[18, 28, 16, 24, 20]",0.5,True,True,False
서구,서대신동3가,구급,심정지,"[2020, 2021, 2022, 2023, 2024]",반복·방향 보존,44,True,"[7, 6, 7, 13, 11]","[11, 19, 10, 28, 26]",0.46808510638297873,True,True,False
서구,서대신동3가,화재,일반화재(주택),"[2020, 2021, 2022, 2023, 2024]",결측·처리조건 민감 또는 5년 반복 미충족,7,False,"[2, 0, 2, 1, 2]","[3, 1, 2, 3, 2]",0.6363636363636364,False,False,False
서구,서대신동3가,구조,산악사고,"[2020, 2021, 2022, 2023, 2024]",반복·방향 보존,24,True,"[8, 4, 6, 3, 3]","[12, 5, 11, 8, 7]",0.5581395348837209,True,True,False
서구,서대신동3가,구조,수난사고,"[2020, 2021, 2022, 2023, 2024]",해당 조건에서 관측된 신고 없음,0,False,,,,,,False
서구,서대신동3가,구급,교통사고,"[2020, 2021, 2022, 2023, 2024]",반복·방향 보존,45,True,"[5, 10, 9, 8, 13]","[9, 26, 21, 16, 27]",0.45454545454545453,True,True,False
서구,아미동1가,구급,심정지,"[2020, 2021, 2022, 2023, 2024]",결측·처리조건 민감 또는 5년 반복 미충족,3,False,"[2, 0, 0, 1, 0]","[2, 0, 0, 1, 2]",0.6,True,False,False
서구,아미동1가,화재,일반화재(주택),"[2020, 2021, 2022, 2023, 2024]",해당 조건에서 관측된 신고 없음,0,False,,,,,,False
서구,아미동1가,구조,산악사고,"[2020, 2021, 2022, 2023, 2024]",해당 조건에서 관측된 신고 없음,0,False,,,,,,False
서구,아미동1가,구조,수난사고,"[2020, 2021, 2022, 2023, 2024]",해당 조건에서 관측된 신고 없음,0,False,,,,,,False
서구,아미동1가,구급,교통사고,"[2020, 2021, 2022, 2023, 2024]",반복·방향 보존,19,True,"[2, 4, 4, 6, 3]","[5, 4, 4, 7, 6]",0.7307692307692307,True,True,False
서구,아미동2가,구급,심정지,"[2020, 2021, 2022, 2023, 2024]",반복·방향 보존,48,True,"[8, 7, 11, 14, 8]","[11, 13, 19, 21, 17]",0.5925925925925926,True,True,False
서구,아미동2가,화재,일반화재(주택),"[2020, 2021, 2022, 2023, 2024]",반복·방향 보존,12,True,"[1, 1, 4, 4, 2]","[2, 3, 7, 5, 4]",0.5714285714285714,True,True,False
서구,아미동2가,구조,산악사고,"[2020, 2021, 2022, 2023, 2024]",결측·처리조건 민감 또는 5년 반복 미충족,0,False,"[0, 0, 0, 0, 0]","[0, 0, 0, 0, 1]",0.0,True,False,False
서구,아미동2가,구조,수난사고,"[2020, 2021, 2022, 2023, 2024]",해당 조건에서 관측된 신고 없음,0,False,,,,,,False
서구,아미동2가,구급,교통사고,"[2020, 2021, 2022, 2023, 2024]",결측·처리조건 민감 또는 5년 반복 미충족,37,False,"[15, 6, 6, 3, 7]","[17, 9, 11, 10, 17]",0.578125,False,True,False
서구,암남동,구급,심정지,"[2020, 2021, 2022, 2023, 2024]",반복·방향 보존,75,True,"[11, 14, 16, 18, 16]","[15, 20, 29, 26, 27]",0.6410256410256411,True,True,False
서구,암남동,화재,일반화재(주택),"[2020, 2021, 2022, 2023, 2024]",반복·방향 보존,21,True,"[5, 2, 4, 6, 4]","[6, 2, 5, 7, 4]",0.875,True,True,False
서구,암남동,구조,산악사고,"[2020, 2021, 2022, 2023, 2024]",결측·처리조건 민감 또는 5년 반복 미충족,8,False,"[3, 3, 1, 1, 0]","[4, 5, 1, 2, 0]",0.6666666666666666,True,False,False
서구,암남동,구조,수난사고,"[2020, 2021, 2022, 2023, 2024]",반복·방향 보존,37,True,"[8, 8, 6, 11, 4]","[15, 100, 15, 22, 11]",0.22699386503067484,True,True,False
서구,암남동,구급,교통사고,"[2020, 2021, 2022, 2023, 2024]",반복·방향 보존,148,True,"[42, 28, 25, 31, 22]","[50, 44, 46, 51, 27]",0.6788990825688074,True,True,False
서구,초장동,구급,심정지,"[2020, 2021, 2022, 2023, 2024]",반복·방향 보존,40,True,"[4, 10, 13, 6, 7]","[6, 18, 16, 8, 10]",0.6896551724137931,True,True,False
서구,초장동,화재,일반화재(주택),"[2020, 2021, 2022, 2023, 2024]",결측·처리조건 민감 또는 5년 반복 미충족,12,False,"[4, 2, 3, 0, 3]","[5, 2, 3, 1, 3]",0.8571428571428571,True,False,False
서구,초장동,구조,산악사고,"[2020, 2021, 2022, 2023, 2024]",결측·처리조건 민감 또는 5년 반복 미충족,1,False,"[1, 0, 0, 0, 0]","[1, 1, 0, 0, 0]",0.5,True,False,False
서구,초장동,구조,수난사고,"[2020, 2021, 2022, 2023, 2024]",해당 조건에서 관측된 신고 없음,0,False,,,,,,False
서구,초장동,구급,교통사고,"[2020, 2021, 2022, 2023, 2024]",반복·방향 보존,18,True,"[3, 4, 7, 2, 2]","[5, 5, 8, 7, 3]",0.6428571428571429,True,True,False
서구,충무동1가,구급,심정지,"[2020, 2021, 2022, 2023, 2024]",결측·처리조건 민감 또는 5년 반복 미충족,16,False,"[2, 4, 5, 4, 1]","[2, 8, 6, 11, 3]",0.5333333333333333,False,True,False
서구,충무동1가,화재,일반화재(주택),"[2020, 2021, 2022, 2023, 2024]",결측·처리조건 민감 또는 5년 반복 미충족,6,False,"[0, 0, 3, 0, 3]","[0, 1, 3, 0, 5]",0.6666666666666666,True,False,False
서구,충무동1가,구조,산악사고,"[2020, 2021, 2022, 2023, 2024]",해당 조건에서 관측된 신고 없음,0,False,,,,,,False
서구,충무동1가,구조,수난사고,"[2020, 2021, 2022, 2023, 2024]",반복·방향 보존,8,True,"[1, 1, 1, 4, 1]","[1, 1, 1, 5, 2]",0.8,True,True,False
서구,충무동1가,구급,교통사고,"[2020, 2021, 2022, 2023, 2024]",반복·방향 보존,57,True,"[16, 12, 13, 8, 8]","[24, 21, 15, 18, 18]",0.59375,True,True,False
서구,충무동2가,구급,심정지,"[2020, 2021, 2022, 2023, 2024]",반복·방향 보존,10,True,"[2, 3, 1, 3, 1]","[5, 4, 5, 6, 3]",0.43478260869565216,True,True,False
서구,충무동2가,화재,일반화재(주택),"[2020, 2021, 2022, 2023, 2024]",결측·처리조건 민감 또는 5년 반복 미충족,3,False,"[0, 0, 1, 1, 1]","[0, 0, 1, 1, 1]",1.0,True,False,False
서구,충무동2가,구조,산악사고,"[2020, 2021, 2022, 2023, 2024]",해당 조건에서 관측된 신고 없음,0,False,,,,,,False
서구,충무동2가,구조,수난사고,"[2020, 2021, 2022, 2023, 2024]",해당 조건에서 관측된 신고 없음,0,False,,,,,,False
서구,충무동2가,구급,교통사고,"[2020, 2021, 2022, 2023, 2024]",결측·처리조건 민감 또는 5년 반복 미충족,4,False,"[1, 2, 0, 1, 0]","[2, 4, 0, 1, 0]",0.5714285714285714,True,False,False
서구,충무동3가,구급,심정지,"[2020, 2021, 2022, 2023, 2024]",반복·방향 보존,9,True,"[2, 3, 2, 1, 1]","[4, 4, 4, 2, 1]",0.6,True,True,False
서구,충무동3가,화재,일반화재(주택),"[2020, 2021, 2022, 2023, 2024]",결측·처리조건 민감 또는 5년 반복 미충족,3,False,"[2, 0, 0, 1, 0]","[2, 0, 0, 1, 0]",1.0,True,False,False
서구,충무동3가,구조,산악사고,"[2020, 2021, 2022, 2023, 2024]",해당 조건에서 관측된 신고 없음,0,False,,,,,,False
서구,충무동3가,구조,수난사고,"[2020, 2021, 2022, 2023, 2024]",해당 조건에서 관측된 신고 없음,0,False,,,,,,False
서구,충무동3가,구급,교통사고,"[2020, 2021, 2022, 2023, 2024]",결측·처리조건 민감 또는 5년 반복 미충족,9,False,"[0, 4, 2, 2, 1]","[1, 6, 2, 3, 1]",0.6923076923076923,True,False,False
서구,토성동1가,구급,심정지,"[2020, 2021, 2022, 2023, 2024]",결측·처리조건 민감 또는 5년 반복 미충족,8,False,"[1, 2, 3, 2, 0]","[1, 3, 3, 7, 1]",0.5333333333333333,True,False,False
서구,토성동1가,화재,일반화재(주택),"[2020, 2021, 2022, 2023, 2024]",결측·처리조건 민감 또는 5년 반복 미충족,1,False,"[0, 0, 1, 0, 0]","[0, 0, 2, 1, 0]",0.3333333333333333,True,False,False
서구,토성동1가,구조,산악사고,"[2020, 2021, 2022, 2023, 2024]",해당 조건에서 관측된 신고 없음,0,False,,,,,,False
서구,토성동1가,구조,수난사고,"[2020, 2021, 2022, 2023, 2024]",해당 조건에서 관측된 신고 없음,0,False,,,,,,False
서구,토성동1가,구급,교통사고,"[2020, 2021, 2022, 2023, 2024]",결측·처리조건 민감 또는 5년 반복 미충족,22,False,"[2, 7, 7, 5, 1]","[3, 7, 8, 6, 4]",0.7857142857142857,False,True,False
서구,토성동2가,구급,심정지,"[2020, 2021, 2022, 2023, 2024]",결측·처리조건 민감 또는 5년 반복 미충족,6,False,"[3, 2, 1, 0, 0]","[4, 2, 1, 0, 1]",0.75,True,False,False
서구,토성동2가,화재,일반화재(주택),"[2020, 2021, 2022, 2023, 2024]",해당 조건에서 관측된 신고 없음,0,False,,,,,,False
서구,토성동2가,구조,산악사고,"[2020, 2021, 2022, 2023, 2024]",해당 조건에서 관측된 신고 없음,0,False,,,,,,False
서구,토성동2가,구조,수난사고,"[2020, 2021, 2022, 2023, 2024]",해당 조건에서 관측된 신고 없음,0,False,,,,,,False
서구,토성동2가,구급,교통사고,"[2020, 2021, 2022, 2023, 2024]",결측·처리조건 민감 또는 5년 반복 미충족,2,False,"[0, 2, 0, 0, 0]","[0, 4, 1, 1, 2]",0.25,True,False,False
서구,토성동3가,구급,심정지,"[2020, 2021, 2022, 2023, 2024]",결측·처리조건 민감 또는 5년 반복 미충족,3,False,"[0, 1, 2, 0, 0]","[0, 1, 2, 0, 0]",1.0,True,False,False
서구,토성동3가,화재,일반화재(주택),"[2020, 2021, 2022, 2023, 2024]",결측·처리조건 민감 또는 5년 반복 미충족,2,False,"[1, 1, 0, 0, 0]","[1, 2, 0, 0, 0]",0.6666666666666666,True,False,False
서구,토성동3가,구조,산악사고,"[2020, 2021, 2022, 2023, 2024]",해당 조건에서 관측된 신고 없음,0,False,,,,,,False
서구,토성동3가,구조,수난사고,"[2020, 2021, 2022, 2023, 2024]",해당 조건에서 관측된 신고 없음,0,False,,,,,,False
서구,토성동3가,구급,교통사고,"[2020, 2021, 2022, 2023, 2024]",반복·방향 보존,12,True,"[4, 1, 2, 4, 1]","[4, 1, 4, 6, 1]",0.75,True,True,False
서구,토성동4가,구급,심정지,"[2020, 2021, 2022, 2023, 2024]",결측·처리조건 민감 또는 5년 반복 미충족,2,False,"[0, 0, 1, 1, 0]","[0, 0, 1, 1, 0]",1.0,True,False,False
서구,토성동4가,화재,일반화재(주택),"[2020, 2021, 2022, 2023, 2024]",결측·처리조건 민감 또는 5년 반복 미충족,3,False,"[0, 2, 0, 1, 0]","[0, 2, 0, 1, 0]",1.0,True,False,False
서구,토성동4가,구조,산악사고,"[2020, 2021, 2022, 2023, 2024]",해당 조건에서 관측된 신고 없음,0,False,,,,,,False
서구,토성동4가,구조,수난사고,"[2020, 2021, 2022, 2023, 2024]",해당 조건에서 관측된 신고 없음,0,False,,,,,,False
서구,토성동4가,구급,교통사고,"[2020, 2021, 2022, 2023, 2024]",결측·처리조건 민감 또는 5년 반복 미충족,20,False,"[4, 6, 5, 2, 3]","[5, 9, 7, 3, 8]",0.625,False,True,False
서구,토성동5가,구급,심정지,"[2020, 2021, 2022, 2023, 2024]",반복·방향 보존,12,True,"[4, 1, 4, 2, 1]","[4, 1, 6, 3, 2]",0.75,True,True,False
서구,토성동5가,화재,일반화재(주택),"[2020, 2021, 2022, 2023, 2024]",결측·처리조건 민감 또는 5년 반복 미충족,2,False,"[0, 0, 2, 0, 0]","[0, 0, 3, 0, 0]",0.6666666666666666,True,False,False
서구,토성동5가,구조,산악사고,"[2020, 2021, 2022, 2023, 2024]",해당 조건에서 관측된 신고 없음,0,False,,,,,,False
서구,토성동5가,구조,수난사고,"[2020, 2021, 2022, 2023, 2024]",해당 조건에서 관측된 신고 없음,0,False,,,,,,False
서구,토성동5가,구급,교통사고,"[2020, 2021, 2022, 2023, 2024]",결측·처리조건 민감 또는 5년 반복 미충족,15,False,"[3, 5, 3, 3, 1]","[3, 5, 8, 3, 4]",0.6521739130434783,False,True,False
수영구,광안동,구급,심정지,"[2020, 2021, 2022, 2023, 2024]",반복·방향 보존,223,True,"[40, 48, 44, 40, 51]","[62, 83, 79, 69, 95]",0.5747422680412371,True,True,False
수영구,광안동,화재,일반화재(주택),"[2020, 2021, 2022, 2023, 2024]",결측·처리조건 민감 또는 5년 반복 미충족,52,False,"[9, 12, 10, 8, 13]","[19, 16, 14, 10, 16]",0.6933333333333334,False,True,False
수영구,광안동,구조,산악사고,"[2020, 2021, 2022, 2023, 2024]",결측·처리조건 민감 또는 5년 반복 미충족,6,False,"[1, 2, 2, 1, 0]","[1, 5, 9, 2, 2]",0.3157894736842105,False,False,False
수영구,광안동,구조,수난사고,"[2020, 2021, 2022, 2023, 2024]",반복·방향 보존,40,True,"[5, 16, 7, 7, 5]","[22, 133, 18, 34, 24]",0.17316017316017315,True,True,False
수영구,광안동,구급,교통사고,"[2020, 2021, 2022, 2023, 2024]",결측·처리조건 민감 또는 5년 반복 미충족,611,False,"[112, 169, 126, 108, 96]","[207, 278, 224, 214, 207]",0.54070796460177,False,True,False
수영구,남천동,구급,심정지,"[2020, 2021, 2022, 2023, 2024]",반복·방향 보존,81,True,"[6, 15, 23, 16, 21]","[18, 32, 47, 29, 42]",0.48214285714285715,True,True,False
수영구,남천동,화재,일반화재(주택),"[2020, 2021, 2022, 2023, 2024]",반복·방향 보존,16,True,"[3, 4, 1, 5, 3]","[5, 6, 1, 5, 8]",0.64,True,True,False
수영구,남천동,구조,산악사고,"[2020, 2021, 2022, 2023, 2024]",결측·처리조건 민감 또는 5년 반복 미충족,1,False,"[0, 1, 0, 0, 0]","[0, 2, 0, 0, 0]",0.5,True,False,False
수영구,남천동,구조,수난사고,"[2020, 2021, 2022, 2023, 2024]",결측·처리조건 민감 또는 5년 반복 미충족,12,False,"[0, 3, 3, 4, 2]","[6, 10, 9, 12, 9]",0.2608695652173913,True,False,False
수영구,남천동,구급,교통사고,"[2020, 2021, 2022, 2023, 2024]",반복·방향 보존,223,True,"[36, 52, 50, 39, 46]","[76, 93, 85, 80, 93]",0.522248243559719,True,True,False
수영구,망미동,구급,심정지,"[2020, 2021, 2022, 2023, 2024]",결측·처리조건 민감 또는 5년 반복 미충족,139,False,"[30, 28, 29, 25, 27]","[50, 52, 51, 42, 65]",0.5346153846153846,False,True,False
수영구,망미동,화재,일반화재(주택),"[2020, 2021, 2022, 2023, 2024]",반복·방향 보존,33,True,"[7, 6, 5, 5, 10]","[11, 7, 9, 10, 12]",0.673469387755102,True,True,False
수영구,망미동,구조,산악사고,"[2020, 2021, 2022, 2023, 2024]",반복·방향 보존,10,True,"[2, 1, 3, 3, 1]","[3, 2, 4, 3, 1]",0.7692307692307693,True,True,False
수영구,망미동,구조,수난사고,"[2020, 2021, 2022, 2023, 2024]",결측·처리조건 민감 또는 5년 반복 미충족,1,False,"[0, 0, 1, 0, 0]","[0, 2, 3, 0, 0]",0.2,True,False,False
수영구,망미동,구급,교통사고,"[2020, 2021, 2022, 2023, 2024]",반복·방향 보존,234,True,"[54, 43, 43, 52, 42]","[90, 88, 83, 91, 80]",0.5416666666666666,True,True,False
수영구,민락동,구급,심정지,"[2020, 2021, 2022, 2023, 2024]",결측·처리조건 민감 또는 5년 반복 미충족,114,False,"[15, 20, 32, 25, 22]","[30, 24, 42, 35, 29]",0.7125,False,True,False
수영구,민락동,화재,일반화재(주택),"[2020, 2021, 2022, 2023, 2024]",결측·처리조건 민감 또는 5년 반복 미충족,24,False,"[5, 6, 5, 4, 4]","[5, 7, 7, 7, 9]",0.6857142857142857,False,True,False
수영구,민락동,구조,산악사고,"[2020, 2021, 2022, 2023, 2024]",결측·처리조건 민감 또는 5년 반복 미충족,5,False,"[0, 1, 3, 1, 0]","[0, 1, 4, 2, 0]",0.7142857142857143,True,False,False
수영구,민락동,구조,수난사고,"[2020, 2021, 2022, 2023, 2024]",반복·방향 보존,42,True,"[5, 11, 11, 6, 9]","[15, 27, 36, 28, 37]",0.2937062937062937,True,True,False
수영구,민락동,구급,교통사고,"[2020, 2021, 2022, 2023, 2024]",반복·방향 보존,316,True,"[63, 61, 78, 53, 61]","[89, 85, 114, 80, 89]",0.6914660831509847,True,True,False
수영구,수영동,구급,심정지,"[2020, 2021, 2022, 2023, 2024]",반복·방향 보존,82,True,"[12, 16, 16, 15, 23]","[17, 20, 22, 20, 36]",0.7130434782608696,True,True,False
수영구,수영동,화재,일반화재(주택),"[2020, 2021, 2022, 2023, 2024]",반복·방향 보존,14,True,"[1, 4, 1, 4, 4]","[3, 4, 1, 5, 4]",0.8235294117647058,True,True,False
수영구,수영동,구조,산악사고,"[2020, 2021, 2022, 2023, 2024]",해당 조건에서 관측된 신고 없음,0,False,,,,,,False
수영구,수영동,구조,수난사고,"[2020, 2021, 2022, 2023, 2024]",결측·처리조건 민감 또는 5년 반복 미충족,6,False,"[1, 0, 3, 2, 0]","[1, 0, 5, 3, 0]",0.6666666666666666,True,False,False
수영구,수영동,구급,교통사고,"[2020, 2021, 2022, 2023, 2024]",반복·방향 보존,141,True,"[30, 33, 28, 29, 21]","[39, 44, 43, 43, 36]",0.6878048780487804,True,True,False
연제구,거제동,구급,심정지,"[2020, 2021, 2022, 2023, 2024]",반복·방향 보존,197,True,"[15, 44, 52, 45, 41]","[36, 65, 78, 78, 74]",0.595166163141994,True,True,False
연제구,거제동,화재,일반화재(주택),"[2020, 2021, 2022, 2023, 2024]",결측·처리조건 민감 또는 5년 반복 미충족,18,False,"[2, 5, 6, 1, 4]","[7, 7, 8, 3, 7]",0.5625,False,True,False
연제구,거제동,구조,산악사고,"[2020, 2021, 2022, 2023, 2024]",결측·처리조건 민감 또는 5년 반복 미충족,2,False,"[0, 0, 1, 0, 1]","[1, 0, 2, 1, 1]",0.4,True,False,False
연제구,거제동,구조,수난사고,"[2020, 2021, 2022, 2023, 2024]",해당 조건에서 관측된 신고 없음,0,False,,,,,,False
연제구,거제동,구급,교통사고,"[2020, 2021, 2022, 2023, 2024]",결측·처리조건 민감 또는 5년 반복 미충족,423,False,"[92, 87, 80, 78, 86]","[157, 151, 156, 158, 171]",0.5334174022698613,False,True,False
연제구,연산동,구급,심정지,"[2020, 2021, 2022, 2023, 2024]",반복·방향 보존,511,True,"[78, 102, 119, 115, 97]","[143, 171, 207, 198, 176]",0.5709497206703911,True,True,True
연제구,연산동,화재,일반화재(주택),"[2020, 2021, 2022, 2023, 2024]",결측·처리조건 민감 또는 5년 반복 미충족,77,False,"[17, 13, 15, 17, 15]","[35, 23, 32, 22, 23]",0.5703703703703704,False,True,False
연제구,연산동,구조,산악사고,"[2020, 2021, 2022, 2023, 2024]",반복·방향 보존,26,True,"[4, 8, 3, 7, 4]","[14, 9, 10, 11, 5]",0.5306122448979592,True,True,False
연제구,연산동,구조,수난사고,"[2020, 2021, 2022, 2023, 2024]",결측·처리조건 민감 또는 5년 반복 미충족,2,False,"[0, 2, 0, 0, 0]","[0, 2, 0, 2, 1]",0.4,True,False,False
연제구,연산동,구급,교통사고,"[2020, 2021, 2022, 2023, 2024]",반복·방향 보존,981,True,"[199, 239, 192, 180, 171]","[395, 403, 361, 349, 310]",0.5396039603960396,True,True,True
영도구,남항동1가,구급,심정지,"[2020, 2021, 2022, 2023, 2024]",반복·방향 보존,25,True,"[3, 8, 5, 5, 4]","[5, 10, 7, 7, 8]",0.6756756756756757,True,True,False
영도구,남항동1가,화재,일반화재(주택),"[2020, 2021, 2022, 2023, 2024]",결측·처리조건 민감 또는 5년 반복 미충족,7,False,"[1, 2, 3, 0, 1]","[1, 2, 3, 0, 1]",1.0,True,False,False
영도구,남항동1가,구조,산악사고,"[2020, 2021, 2022, 2023, 2024]",해당 조건에서 관측된 신고 없음,0,False,,,,,,False
영도구,남항동1가,구조,수난사고,"[2020, 2021, 2022, 2023, 2024]",해당 조건에서 관측된 신고 없음,0,False,,,,,,False
영도구,남항동1가,구급,교통사고,"[2020, 2021, 2022, 2023, 2024]",결측·처리조건 민감 또는 5년 반복 미충족,34,False,"[7, 6, 9, 6, 6]","[10, 7, 12, 13, 8]",0.68,False,True,False
영도구,남항동2가,구급,심정지,"[2020, 2021, 2022, 2023, 2024]",결측·처리조건 민감 또는 5년 반복 미충족,7,False,"[3, 1, 2, 1, 0]","[3, 2, 3, 3, 1]",0.5833333333333334,True,False,False
영도구,남항동2가,화재,일반화재(주택),"[2020, 2021, 2022, 2023, 2024]",결측·처리조건 민감 또는 5년 반복 미충족,2,False,"[0, 0, 0, 0, 2]","[0, 0, 0, 0, 2]",1.0,True,False,False
영도구,남항동2가,구조,산악사고,"[2020, 2021, 2022, 2023, 2024]",해당 조건에서 관측된 신고 없음,0,False,,,,,,False
영도구,남항동2가,구조,수난사고,"[2020, 2021, 2022, 2023, 2024]",결측·처리조건 민감 또는 5년 반복 미충족,1,False,"[0, 1, 0, 0, 0]","[0, 1, 1, 0, 0]",0.5,True,False,False
영도구,남항동2가,구급,교통사고,"[2020, 2021, 2022, 2023, 2024]",반복·방향 보존,31,True,"[8, 7, 6, 8, 2]","[9, 7, 9, 12, 3]",0.775,True,True,False
영도구,남항동3가,구급,심정지,"[2020, 2021, 2022, 2023, 2024]",결측·처리조건 민감 또는 5년 반복 미충족,16,False,"[4, 6, 1, 3, 2]","[6, 7, 1, 9, 5]",0.5714285714285714,False,True,False
영도구,남항동3가,화재,일반화재(주택),"[2020, 2021, 2022, 2023, 2024]",결측·처리조건 민감 또는 5년 반복 미충족,2,False,"[1, 0, 0, 1, 0]","[1, 0, 0, 1, 0]",1.0,True,False,False
영도구,남항동3가,구조,산악사고,"[2020, 2021, 2022, 2023, 2024]",해당 조건에서 관측된 신고 없음,0,False,,,,,,False
영도구,남항동3가,구조,수난사고,"[2020, 2021, 2022, 2023, 2024]",결측·처리조건 민감 또는 5년 반복 미충족,0,False,"[0, 0, 0, 0, 0]","[0, 2, 0, 1, 0]",0.0,True,False,False
영도구,남항동3가,구급,교통사고,"[2020, 2021, 2022, 2023, 2024]",결측·처리조건 민감 또는 5년 반복 미충족,16,False,"[4, 6, 2, 1, 3]","[6, 10, 5, 2, 7]",0.5333333333333333,False,True,False
영도구,대교동1가,구급,심정지,"[2020, 2021, 2022, 2023, 2024]",결측·처리조건 민감 또는 5년 반복 미충족,7,False,"[2, 2, 2, 1, 0]","[3, 3, 4, 1, 0]",0.6363636363636364,True,False,False
영도구,대교동1가,화재,일반화재(주택),"[2020, 2021, 2022, 2023, 2024]",결측·처리조건 민감 또는 5년 반복 미충족,3,False,"[0, 0, 1, 2, 0]","[0, 0, 1, 2, 1]",0.75,True,False,False
영도구,대교동1가,구조,산악사고,"[2020, 2021, 2022, 2023, 2024]",해당 조건에서 관측된 신고 없음,0,False,,,,,,False
영도구,대교동1가,구조,수난사고,"[2020, 2021, 2022, 2023, 2024]",반복·방향 보존,21,True,"[3, 7, 6, 2, 3]","[4, 14, 6, 6, 3]",0.6363636363636364,True,True,False
영도구,대교동1가,구급,교통사고,"[2020, 2021, 2022, 2023, 2024]",결측·처리조건 민감 또는 5년 반복 미충족,44,False,"[6, 6, 15, 11, 6]","[7, 7, 19, 15, 11]",0.7457627118644068,False,True,False
영도구,대교동2가,구급,심정지,"[2020, 2021, 2022, 2023, 2024]",결측·처리조건 민감 또는 5년 반복 미충족,8,False,"[5, 1, 0, 2, 0]","[5, 1, 2, 4, 6]",0.4444444444444444,False,False,False
영도구,대교동2가,화재,일반화재(주택),"[2020, 2021, 2022, 2023, 2024]",결측·처리조건 민감 또는 5년 반복 미충족,3,False,"[2, 0, 0, 0, 1]","[2, 0, 0, 2, 1]",0.6,True,False,False
영도구,대교동2가,구조,산악사고,"[2020, 2021, 2022, 2023, 2024]",해당 조건에서 관측된 신고 없음,0,False,,,,,,False
영도구,대교동2가,구조,수난사고,"[2020, 2021, 2022, 2023, 2024]",결측·처리조건 민감 또는 5년 반복 미충족,1,False,"[0, 1, 0, 0, 0]","[0, 1, 1, 1, 0]",0.3333333333333333,True,False,False
영도구,대교동2가,구급,교통사고,"[2020, 2021, 2022, 2023, 2024]",반복·방향 보존,30,True,"[4, 7, 12, 4, 3]","[5, 9, 17, 9, 3]",0.6976744186046512,True,True,False
영도구,대평동1가,구급,심정지,"[2020, 2021, 2022, 2023, 2024]",결측·처리조건 민감 또는 5년 반복 미충족,8,False,"[3, 0, 1, 1, 3]","[4, 0, 2, 3, 3]",0.6666666666666666,True,False,False
영도구,대평동1가,화재,일반화재(주택),"[2020, 2021, 2022, 2023, 2024]",결측·처리조건 민감 또는 5년 반복 미충족,1,False,"[0, 0, 0, 1, 0]","[0, 0, 2, 2, 1]",0.2,True,False,False
영도구,대평동1가,구조,산악사고,"[2020, 2021, 2022, 2023, 2024]",해당 조건에서 관측된 신고 없음,0,False,,,,,,False
영도구,대평동1가,구조,수난사고,"[2020, 2021, 2022, 2023, 2024]",결측·처리조건 민감 또는 5년 반복 미충족,3,False,"[2, 0, 1, 0, 0]","[2, 1, 1, 0, 0]",0.75,True,False,False
영도구,대평동1가,구급,교통사고,"[2020, 2021, 2022, 2023, 2024]",결측·처리조건 민감 또는 5년 반복 미충족,13,False,"[5, 4, 0, 1, 3]","[6, 6, 2, 1, 5]",0.65,True,False,False
영도구,대평동2가,구급,심정지,"[2020, 2021, 2022, 2023, 2024]",결측·처리조건 민감 또는 5년 반복 미충족,7,False,"[0, 2, 2, 1, 2]","[0, 4, 2, 1, 3]",0.7,True,False,False
영도구,대평동2가,화재,일반화재(주택),"[2020, 2021, 2022, 2023, 2024]",결측·처리조건 민감 또는 5년 반복 미충족,0,False,"[0, 0, 0, 0, 0]","[0, 0, 0, 0, 1]",0.0,True,False,False
영도구,대평동2가,구조,산악사고,"[2020, 2021, 2022, 2023, 2024]",해당 조건에서 관측된 신고 없음,0,False,,,,,,False
영도구,대평동2가,구조,수난사고,"[2020, 2021, 2022, 2023, 2024]",결측·처리조건 민감 또는 5년 반복 미충족,0,False,"[0, 0, 0, 0, 0]","[1, 0, 0, 0, 0]",0.0,True,False,False
영도구,대평동2가,구급,교통사고,"[2020, 2021, 2022, 2023, 2024]",결측·처리조건 민감 또는 5년 반복 미충족,2,False,"[1, 0, 0, 1, 0]","[1, 0, 1, 1, 1]",0.5,True,False,False
영도구,동삼동,구급,심정지,"[2020, 2021, 2022, 2023, 2024]",반복·방향 보존,239,True,"[28, 48, 50, 51, 62]","[67, 85, 93, 96, 97]",0.545662100456621,True,True,False
영도구,동삼동,화재,일반화재(주택),"[2020, 2021, 2022, 2023, 2024]",결측·처리조건 민감 또는 5년 반복 미충족,21,False,"[5, 4, 0, 8, 4]","[9, 7, 4, 14, 7]",0.5121951219512195,True,False,False
영도구,동삼동,구조,산악사고,"[2020, 2021, 2022, 2023, 2024]",반복·방향 보존,12,True,"[2, 2, 2, 1, 5]","[3, 4, 3, 5, 5]",0.6,True,True,False
영도구,동삼동,구조,수난사고,"[2020, 2021, 2022, 2023, 2024]",반복·방향 보존,29,True,"[10, 9, 4, 3, 3]","[19, 26, 11, 12, 13]",0.35802469135802467,True,True,False
영도구,동삼동,구급,교통사고,"[2020, 2021, 2022, 2023, 2024]",반복·방향 보존,206,True,"[33, 46, 52, 38, 37]","[63, 72, 91, 59, 75]",0.5722222222222222,True,True,False
영도구,봉래동1가,구급,심정지,"[2020, 2021, 2022, 2023, 2024]",결측·처리조건 민감 또는 5년 반복 미충족,5,False,"[1, 1, 2, 0, 1]","[1, 1, 2, 3, 2]",0.5555555555555556,True,False,False
영도구,봉래동1가,화재,일반화재(주택),"[2020, 2021, 2022, 2023, 2024]",결측·처리조건 민감 또는 5년 반복 미충족,1,False,"[1, 0, 0, 0, 0]","[1, 0, 0, 0, 0]",1.0,True,False,False
영도구,봉래동1가,구조,산악사고,"[2020, 2021, 2022, 2023, 2024]",해당 조건에서 관측된 신고 없음,0,False,,,,,,False
영도구,봉래동1가,구조,수난사고,"[2020, 2021, 2022, 2023, 2024]",결측·처리조건 민감 또는 5년 반복 미충족,15,False,"[3, 4, 4, 1, 3]","[3, 7, 9, 4, 8]",0.4838709677419355,False,True,False
영도구,봉래동1가,구급,교통사고,"[2020, 2021, 2022, 2023, 2024]",반복·방향 보존,17,True,"[4, 2, 4, 4, 3]","[6, 6, 6, 5, 5]",0.6071428571428571,True,True,False
영도구,봉래동2가,구급,심정지,"[2020, 2021, 2022, 2023, 2024]",반복·방향 보존,17,True,"[5, 4, 3, 2, 3]","[6, 5, 4, 3, 4]",0.7727272727272727,True,True,False
영도구,봉래동2가,화재,일반화재(주택),"[2020, 2021, 2022, 2023, 2024]",결측·처리조건 민감 또는 5년 반복 미충족,1,False,"[0, 1, 0, 0, 0]","[0, 1, 1, 0, 0]",0.5,True,False,False
영도구,봉래동2가,구조,산악사고,"[2020, 2021, 2022, 2023, 2024]",해당 조건에서 관측된 신고 없음,0,False,,,,,,False
영도구,봉래동2가,구조,수난사고,"[2020, 2021, 2022, 2023, 2024]",결측·처리조건 민감 또는 5년 반복 미충족,3,False,"[1, 0, 1, 0, 1]","[3, 0, 1, 0, 2]",0.5,True,False,False
영도구,봉래동2가,구급,교통사고,"[2020, 2021, 2022, 2023, 2024]",반복·방향 보존,17,True,"[6, 2, 5, 3, 1]","[9, 4, 7, 5, 2]",0.6296296296296297,True,True,False
영도구,봉래동3가,구급,심정지,"[2020, 2021, 2022, 2023, 2024]",반복·방향 보존,11,True,"[2, 1, 1, 4, 3]","[4, 3, 4, 5, 6]",0.5,True,True,False
영도구,봉래동3가,화재,일반화재(주택),"[2020, 2021, 2022, 2023, 2024]",결측·처리조건 민감 또는 5년 반복 미충족,1,False,"[0, 0, 1, 0, 0]","[1, 0, 1, 0, 0]",0.5,True,False,False
영도구,봉래동3가,구조,산악사고,"[2020, 2021, 2022, 2023, 2024]",해당 조건에서 관측된 신고 없음,0,False,,,,,,False
영도구,봉래동3가,구조,수난사고,"[2020, 2021, 2022, 2023, 2024]",해당 조건에서 관측된 신고 없음,0,False,,,,,,False
영도구,봉래동3가,구급,교통사고,"[2020, 2021, 2022, 2023, 2024]",반복·방향 보존,24,True,"[7, 7, 1, 8, 1]","[11, 8, 2, 11, 4]",0.6666666666666666,True,True,False
영도구,봉래동4가,구급,심정지,"[2020, 2021, 2022, 2023, 2024]",반복·방향 보존,17,True,"[1, 4, 6, 2, 4]","[1, 5, 6, 6, 8]",0.6538461538461539,True,True,False
영도구,봉래동4가,화재,일반화재(주택),"[2020, 2021, 2022, 2023, 2024]",결측·처리조건 민감 또는 5년 반복 미충족,2,False,"[1, 1, 0, 0, 0]","[2, 1, 0, 0, 0]",0.6666666666666666,True,False,False
영도구,봉래동4가,구조,산악사고,"[2020, 2021, 2022, 2023, 2024]",결측·처리조건 민감 또는 5년 반복 미충족,1,False,"[0, 0, 1, 0, 0]","[0, 0, 1, 0, 0]",1.0,True,False,False
영도구,봉래동4가,구조,수난사고,"[2020, 2021, 2022, 2023, 2024]",해당 조건에서 관측된 신고 없음,0,False,,,,,,False
영도구,봉래동4가,구급,교통사고,"[2020, 2021, 2022, 2023, 2024]",결측·처리조건 민감 또는 5년 반복 미충족,28,False,"[0, 13, 2, 6, 7]","[3, 17, 5, 8, 13]",0.6086956521739131,True,False,False
영도구,봉래동5가,구급,심정지,"[2020, 2021, 2022, 2023, 2024]",결측·처리조건 민감 또는 5년 반복 미충족,15,False,"[3, 7, 0, 2, 3]","[5, 9, 3, 3, 6]",0.5769230769230769,True,False,False
영도구,봉래동5가,화재,일반화재(주택),"[2020, 2021, 2022, 2023, 2024]",결측·처리조건 민감 또는 5년 반복 미충족,2,False,"[1, 0, 0, 0, 1]","[1, 0, 0, 0, 1]",1.0,True,False,False
영도구,봉래동5가,구조,산악사고,"[2020, 2021, 2022, 2023, 2024]",결측·처리조건 민감 또는 5년 반복 미충족,3,False,"[0, 0, 2, 1, 0]","[0, 0, 2, 2, 0]",0.75,True,False,False
영도구,봉래동5가,구조,수난사고,"[2020, 2021, 2022, 2023, 2024]",해당 조건에서 관측된 신고 없음,0,False,,,,,,False
영도구,봉래동5가,구급,교통사고,"[2020, 2021, 2022, 2023, 2024]",결측·처리조건 민감 또는 5년 반복 미충족,15,False,"[3, 4, 5, 2, 1]","[5, 7, 8, 5, 7]",0.46875,False,True,False
영도구,신선동1가,구급,심정지,"[2020, 2021, 2022, 2023, 2024]",반복·방향 보존,12,True,"[1, 1, 1, 4, 5]","[2, 1, 1, 5, 5]",0.8571428571428571,True,True,False
영도구,신선동1가,화재,일반화재(주택),"[2020, 2021, 2022, 2023, 2024]",결측·처리조건 민감 또는 5년 반복 미충족,1,False,"[0, 0, 0, 0, 1]","[0, 0, 0, 1, 2]",0.3333333333333333,True,False,False
영도구,신선동1가,구조,산악사고,"[2020, 2021, 2022, 2023, 2024]",해당 조건에서 관측된 신고 없음,0,False,,,,,,False
영도구,신선동1가,구조,수난사고,"[2020, 2021, 2022, 2023, 2024]",해당 조건에서 관측된 신고 없음,0,False,,,,,,False
영도구,신선동1가,구급,교통사고,"[2020, 2021, 2022, 2023, 2024]",반복·방향 보존,14,True,"[1, 7, 2, 3, 1]","[2, 9, 2, 4, 5]",0.6363636363636364,True,True,False
영도구,신선동2가,구급,심정지,"[2020, 2021, 2022, 2023, 2024]",결측·처리조건 민감 또는 5년 반복 미충족,40,False,"[6, 8, 11, 11, 4]","[7, 13, 13, 14, 11]",0.6896551724137931,False,True,False
영도구,신선동2가,화재,일반화재(주택),"[2020, 2021, 2022, 2023, 2024]",결측·처리조건 민감 또는 5년 반복 미충족,4,False,"[0, 0, 2, 1, 1]","[0, 0, 2, 2, 1]",0.8,True,False,False
영도구,신선동2가,구조,산악사고,"[2020, 2021, 2022, 2023, 2024]",결측·처리조건 민감 또는 5년 반복 미충족,1,False,"[0, 0, 0, 0, 1]","[0, 0, 0, 0, 1]",1.0,True,False,False
영도구,신선동2가,구조,수난사고,"[2020, 2021, 2022, 2023, 2024]",해당 조건에서 관측된 신고 없음,0,False,,,,,,False
영도구,신선동2가,구급,교통사고,"[2020, 2021, 2022, 2023, 2024]",결측·처리조건 민감 또는 5년 반복 미충족,4,False,"[2, 2, 0, 0, 0]","[2, 3, 1, 1, 0]",0.5714285714285714,True,False,False
영도구,신선동3가,구급,심정지,"[2020, 2021, 2022, 2023, 2024]",반복·방향 보존,14,True,"[3, 2, 6, 2, 1]","[6, 3, 10, 4, 2]",0.56,True,True,False
영도구,신선동3가,화재,일반화재(주택),"[2020, 2021, 2022, 2023, 2024]",결측·처리조건 민감 또는 5년 반복 미충족,1,False,"[1, 0, 0, 0, 0]","[1, 0, 1, 0, 0]",0.5,True,False,False
영도구,신선동3가,구조,산악사고,"[2020, 2021, 2022, 2023, 2024]",결측·처리조건 민감 또는 5년 반복 미충족,2,False,"[1, 0, 1, 0, 0]","[1, 1, 5, 0, 0]",0.2857142857142857,True,False,False
영도구,신선동3가,구조,수난사고,"[2020, 2021, 2022, 2023, 2024]",해당 조건에서 관측된 신고 없음,0,False,,,,,,False
영도구,신선동3가,구급,교통사고,"[2020, 2021, 2022, 2023, 2024]",반복·방향 보존,8,True,"[2, 1, 1, 1, 3]","[2, 1, 3, 2, 4]",0.6666666666666666,True,True,False
영도구,영선동1가,구급,심정지,"[2020, 2021, 2022, 2023, 2024]",결측·처리조건 민감 또는 5년 반복 미충족,7,False,"[0, 1, 2, 2, 2]","[0, 1, 2, 2, 3]",0.875,True,False,False
영도구,영선동1가,화재,일반화재(주택),"[2020, 2021, 2022, 2023, 2024]",결측·처리조건 민감 또는 5년 반복 미충족,0,False,"[0, 0, 0, 0, 0]","[1, 0, 1, 1, 1]",0.0,True,False,False
영도구,영선동1가,구조,산악사고,"[2020, 2021, 2022, 2023, 2024]",해당 조건에서 관측된 신고 없음,0,False,,,,,,False
영도구,영선동1가,구조,수난사고,"[2020, 2021, 2022, 2023, 2024]",해당 조건에서 관측된 신고 없음,0,False,,,,,,False
영도구,영선동1가,구급,교통사고,"[2020, 2021, 2022, 2023, 2024]",결측·처리조건 민감 또는 5년 반복 미충족,19,False,"[4, 4, 4, 4, 3]","[12, 5, 6, 7, 4]",0.5588235294117647,False,True,False
영도구,영선동2가,구급,심정지,"[2020, 2021, 2022, 2023, 2024]",반복·방향 보존,11,True,"[1, 3, 2, 2, 3]","[3, 3, 5, 5, 6]",0.5,True,True,False
영도구,영선동2가,화재,일반화재(주택),"[2020, 2021, 2022, 2023, 2024]",결측·처리조건 민감 또는 5년 반복 미충족,4,False,"[2, 1, 0, 0, 1]","[2, 1, 0, 0, 1]",1.0,True,False,False
영도구,영선동2가,구조,산악사고,"[2020, 2021, 2022, 2023, 2024]",해당 조건에서 관측된 신고 없음,0,False,,,,,,False
영도구,영선동2가,구조,수난사고,"[2020, 2021, 2022, 2023, 2024]",해당 조건에서 관측된 신고 없음,0,False,,,,,,False
영도구,영선동2가,구급,교통사고,"[2020, 2021, 2022, 2023, 2024]",결측·처리조건 민감 또는 5년 반복 미충족,38,False,"[6, 9, 15, 5, 3]","[9, 11, 17, 6, 9]",0.7307692307692307,False,True,False
영도구,영선동3가,구급,심정지,"[2020, 2021, 2022, 2023, 2024]",결측·처리조건 민감 또는 5년 반복 미충족,8,False,"[1, 2, 1, 0, 4]","[3, 2, 5, 1, 6]",0.47058823529411764,True,False,False
영도구,영선동3가,화재,일반화재(주택),"[2020, 2021, 2022, 2023, 2024]",결측·처리조건 민감 또는 5년 반복 미충족,1,False,"[0, 0, 0, 0, 1]","[0, 1, 0, 0, 1]",0.5,True,False,False
영도구,영선동3가,구조,산악사고,"[2020, 2021, 2022, 2023, 2024]",해당 조건에서 관측된 신고 없음,0,False,,,,,,False
영도구,영선동3가,구조,수난사고,"[2020, 2021, 2022, 2023, 2024]",해당 조건에서 관측된 신고 없음,0,False,,,,,,False
영도구,영선동3가,구급,교통사고,"[2020, 2021, 2022, 2023, 2024]",반복·방향 보존,17,True,"[4, 4, 3, 4, 2]","[7, 5, 7, 7, 5]",0.5483870967741935,True,True,False
영도구,영선동4가,구급,심정지,"[2020, 2021, 2022, 2023, 2024]",반복·방향 보존,26,True,"[4, 5, 6, 5, 6]","[8, 12, 13, 13, 10]",0.4642857142857143,True,True,False
영도구,영선동4가,화재,일반화재(주택),"[2020, 2021, 2022, 2023, 2024]",결측·처리조건 민감 또는 5년 반복 미충족,11,False,"[2, 1, 2, 2, 4]","[5, 3, 2, 2, 4]",0.6875,False,True,False
영도구,영선동4가,구조,산악사고,"[2020, 2021, 2022, 2023, 2024]",결측·처리조건 민감 또는 5년 반복 미충족,1,False,"[0, 0, 1, 0, 0]","[0, 1, 1, 0, 0]",0.5,True,False,False
영도구,영선동4가,구조,수난사고,"[2020, 2021, 2022, 2023, 2024]",결측·처리조건 민감 또는 5년 반복 미충족,5,False,"[0, 2, 2, 1, 0]","[1, 4, 2, 1, 0]",0.625,True,False,False
영도구,영선동4가,구급,교통사고,"[2020, 2021, 2022, 2023, 2024]",반복·방향 보존,40,True,"[8, 12, 5, 11, 4]","[9, 18, 9, 19, 8]",0.6349206349206349,True,True,False
영도구,청학동,구급,심정지,"[2020, 2021, 2022, 2023, 2024]",반복·방향 보존,104,True,"[21, 24, 16, 20, 23]","[33, 37, 27, 37, 42]",0.5909090909090909,True,True,False
영도구,청학동,화재,일반화재(주택),"[2020, 2021, 2022, 2023, 2024]",반복·방향 보존,19,True,"[6, 1, 3, 5, 4]","[9, 3, 4, 6, 4]",0.7307692307692307,True,True,False
영도구,청학동,구조,산악사고,"[2020, 2021, 2022, 2023, 2024]",결측·처리조건 민감 또는 5년 반복 미충족,8,False,"[1, 2, 2, 2, 1]","[2, 3, 3, 3, 1]",0.6666666666666666,False,True,False
영도구,청학동,구조,수난사고,"[2020, 2021, 2022, 2023, 2024]",결측·처리조건 민감 또는 5년 반복 미충족,10,False,"[2, 0, 2, 2, 4]","[6, 1, 4, 6, 5]",0.45454545454545453,False,False,False
영도구,청학동,구급,교통사고,"[2020, 2021, 2022, 2023, 2024]",반복·방향 보존,140,True,"[37, 33, 20, 24, 26]","[68, 55, 36, 41, 48]",0.5645161290322581,True,True,False
중구,광복동1가,구급,심정지,"[2020, 2021, 2022, 2023, 2024]",해당 조건에서 관측된 신고 없음,0,False,,,,,,False
중구,광복동1가,화재,일반화재(주택),"[2020, 2021, 2022, 2023, 2024]",결측·처리조건 민감 또는 5년 반복 미충족,1,False,"[1, 0, 0, 0, 0]","[1, 0, 0, 0, 0]",1.0,True,False,False
중구,광복동1가,구조,산악사고,"[2020, 2021, 2022, 2023, 2024]",해당 조건에서 관측된 신고 없음,0,False,,,,,,False
중구,광복동1가,구조,수난사고,"[2020, 2021, 2022, 2023, 2024]",해당 조건에서 관측된 신고 없음,0,False,,,,,,False
중구,광복동1가,구급,교통사고,"[2020, 2021, 2022, 2023, 2024]",결측·처리조건 민감 또는 5년 반복 미충족,5,False,"[1, 2, 1, 1, 0]","[1, 2, 1, 2, 0]",0.8333333333333334,True,False,False
중구,광복동2가,구급,심정지,"[2020, 2021, 2022, 2023, 2024]",결측·처리조건 민감 또는 5년 반복 미충족,0,False,"[0, 0, 0, 0, 0]","[0, 0, 0, 0, 1]",0.0,True,False,False
중구,광복동2가,화재,일반화재(주택),"[2020, 2021, 2022, 2023, 2024]",해당 조건에서 관측된 신고 없음,0,False,,,,,,False
중구,광복동2가,구조,산악사고,"[2020, 2021, 2022, 2023, 2024]",해당 조건에서 관측된 신고 없음,0,False,,,,,,False
중구,광복동2가,구조,수난사고,"[2020, 2021, 2022, 2023, 2024]",해당 조건에서 관측된 신고 없음,0,False,,,,,,False
중구,광복동2가,구급,교통사고,"[2020, 2021, 2022, 2023, 2024]",결측·처리조건 민감 또는 5년 반복 미충족,7,False,"[2, 0, 2, 2, 1]","[2, 0, 2, 4, 2]",0.7,True,False,False
중구,광복동3가,구급,심정지,"[2020, 2021, 2022, 2023, 2024]",해당 조건에서 관측된 신고 없음,0,False,,,,,,False
중구,광복동3가,화재,일반화재(주택),"[2020, 2021, 2022, 2023, 2024]",결측·처리조건 민감 또는 5년 반복 미충족,1,False,"[0, 0, 0, 0, 1]","[0, 0, 0, 0, 1]",1.0,True,False,False
중구,광복동3가,구조,산악사고,"[2020, 2021, 2022, 2023, 2024]",해당 조건에서 관측된 신고 없음,0,False,,,,,,False
중구,광복동3가,구조,수난사고,"[2020, 2021, 2022, 2023, 2024]",해당 조건에서 관측된 신고 없음,0,False,,,,,,False
중구,광복동3가,구급,교통사고,"[2020, 2021, 2022, 2023, 2024]",결측·처리조건 민감 또는 5년 반복 미충족,1,False,"[1, 0, 0, 0, 0]","[1, 0, 0, 0, 1]",0.5,True,False,False
중구,남포동1가,구급,심정지,"[2020, 2021, 2022, 2023, 2024]",결측·처리조건 민감 또는 5년 반복 미충족,2,False,"[0, 0, 0, 1, 1]","[0, 1, 0, 1, 1]",0.6666666666666666,True,False,False
중구,남포동1가,화재,일반화재(주택),"[2020, 2021, 2022, 2023, 2024]",해당 조건에서 관측된 신고 없음,0,False,,,,,,False
중구,남포동1가,구조,산악사고,"[2020, 2021, 2022, 2023, 2024]",해당 조건에서 관측된 신고 없음,0,False,,,,,,False
중구,남포동1가,구조,수난사고,"[2020, 2021, 2022, 2023, 2024]",결측·처리조건 민감 또는 5년 반복 미충족,1,False,"[0, 0, 1, 0, 0]","[0, 0, 1, 0, 0]",1.0,True,False,False
중구,남포동1가,구급,교통사고,"[2020, 2021, 2022, 2023, 2024]",결측·처리조건 민감 또는 5년 반복 미충족,10,False,"[3, 4, 2, 0, 1]","[5, 4, 6, 2, 1]",0.5555555555555556,True,False,False
중구,남포동2가,구급,심정지,"[2020, 2021, 2022, 2023, 2024]",결측·처리조건 민감 또는 5년 반복 미충족,1,False,"[1, 0, 0, 0, 0]","[1, 0, 0, 0, 1]",0.5,True,False,False
중구,남포동2가,화재,일반화재(주택),"[2020, 2021, 2022, 2023, 2024]",결측·처리조건 민감 또는 5년 반복 미충족,2,False,"[0, 1, 1, 0, 0]","[0, 1, 1, 0, 0]",1.0,True,False,False
중구,남포동2가,구조,산악사고,"[2020, 2021, 2022, 2023, 2024]",해당 조건에서 관측된 신고 없음,0,False,,,,,,False
중구,남포동2가,구조,수난사고,"[2020, 2021, 2022, 2023, 2024]",해당 조건에서 관측된 신고 없음,0,False,,,,,,False
중구,남포동2가,구급,교통사고,"[2020, 2021, 2022, 2023, 2024]",결측·처리조건 민감 또는 5년 반복 미충족,6,False,"[0, 1, 2, 3, 0]","[1, 2, 3, 4, 0]",0.6,True,False,False
중구,남포동3가,구급,심정지,"[2020, 2021, 2022, 2023, 2024]",결측·처리조건 민감 또는 5년 반복 미충족,0,False,"[0, 0, 0, 0, 0]","[0, 0, 1, 0, 0]",0.0,True,False,False
중구,남포동3가,화재,일반화재(주택),"[2020, 2021, 2022, 2023, 2024]",해당 조건에서 관측된 신고 없음,0,False,,,,,,False
중구,남포동3가,구조,산악사고,"[2020, 2021, 2022, 2023, 2024]",해당 조건에서 관측된 신고 없음,0,False,,,,,,False
중구,남포동3가,구조,수난사고,"[2020, 2021, 2022, 2023, 2024]",해당 조건에서 관측된 신고 없음,0,False,,,,,,False
중구,남포동3가,구급,교통사고,"[2020, 2021, 2022, 2023, 2024]",결측·처리조건 민감 또는 5년 반복 미충족,1,False,"[0, 1, 0, 0, 0]","[0, 1, 0, 0, 0]",1.0,True,False,False
중구,남포동4가,구급,심정지,"[2020, 2021, 2022, 2023, 2024]",결측·처리조건 민감 또는 5년 반복 미충족,4,False,"[0, 0, 1, 3, 0]","[0, 1, 1, 3, 1]",0.6666666666666666,True,False,False
중구,남포동4가,화재,일반화재(주택),"[2020, 2021, 2022, 2023, 2024]",결측·처리조건 민감 또는 5년 반복 미충족,2,False,"[0, 0, 1, 0, 1]","[0, 0, 1, 0, 2]",0.6666666666666666,True,False,False
중구,남포동4가,구조,산악사고,"[2020, 2021, 2022, 2023, 2024]",해당 조건에서 관측된 신고 없음,0,False,,,,,,False
중구,남포동4가,구조,수난사고,"[2020, 2021, 2022, 2023, 2024]",결측·처리조건 민감 또는 5년 반복 미충족,7,False,"[1, 3, 1, 2, 0]","[1, 3, 1, 2, 1]",0.875,False,False,False
중구,남포동4가,구급,교통사고,"[2020, 2021, 2022, 2023, 2024]",반복·방향 보존,25,True,"[6, 6, 11, 1, 1]","[8, 8, 14, 2, 6]",0.6578947368421053,True,True,False
중구,남포동5가,구급,심정지,"[2020, 2021, 2022, 2023, 2024]",반복·방향 보존,10,True,"[2, 2, 1, 4, 1]","[3, 4, 1, 4, 2]",0.7142857142857143,True,True,False
중구,남포동5가,화재,일반화재(주택),"[2020, 2021, 2022, 2023, 2024]",결측·처리조건 민감 또는 5년 반복 미충족,1,False,"[1, 0, 0, 0, 0]","[1, 0, 0, 0, 0]",1.0,True,False,False
중구,남포동5가,구조,산악사고,"[2020, 2021, 2022, 2023, 2024]",해당 조건에서 관측된 신고 없음,0,False,,,,,,False
중구,남포동5가,구조,수난사고,"[2020, 2021, 2022, 2023, 2024]",결측·처리조건 민감 또는 5년 반복 미충족,5,False,"[1, 0, 3, 0, 1]","[2, 1, 4, 0, 5]",0.4166666666666667,True,False,False
중구,남포동5가,구급,교통사고,"[2020, 2021, 2022, 2023, 2024]",결측·처리조건 민감 또는 5년 반복 미충족,56,False,"[9, 13, 15, 8, 11]","[19, 19, 15, 14, 18]",0.6588235294117647,False,True,False
중구,남포동6가,구급,심정지,"[2020, 2021, 2022, 2023, 2024]",결측·처리조건 민감 또는 5년 반복 미충족,8,False,"[3, 1, 3, 1, 0]","[3, 3, 3, 3, 3]",0.5333333333333333,True,False,False
중구,남포동6가,화재,일반화재(주택),"[2020, 2021, 2022, 2023, 2024]",결측·처리조건 민감 또는 5년 반복 미충족,3,False,"[0, 1, 1, 1, 0]","[1, 1, 3, 1, 0]",0.5,True,False,False
중구,남포동6가,구조,산악사고,"[2020, 2021, 2022, 2023, 2024]",해당 조건에서 관측된 신고 없음,0,False,,,,,,False
중구,남포동6가,구조,수난사고,"[2020, 2021, 2022, 2023, 2024]",결측·처리조건 민감 또는 5년 반복 미충족,2,False,"[0, 1, 0, 1, 0]","[0, 1, 0, 1, 0]",1.0,True,False,False
중구,남포동6가,구급,교통사고,"[2020, 2021, 2022, 2023, 2024]",반복·방향 보존,78,True,"[16, 18, 22, 13, 9]","[22, 21, 22, 21, 19]",0.7428571428571429,True,True,False
중구,대창동1가,구급,심정지,"[2020, 2021, 2022, 2023, 2024]",결측·처리조건 민감 또는 5년 반복 미충족,3,False,"[1, 1, 0, 0, 1]","[1, 4, 0, 0, 1]",0.5,True,False,False
중구,대창동1가,화재,일반화재(주택),"[2020, 2021, 2022, 2023, 2024]",해당 조건에서 관측된 신고 없음,0,False,,,,,,False
중구,대창동1가,구조,산악사고,"[2020, 2021, 2022, 2023, 2024]",해당 조건에서 관측된 신고 없음,0,False,,,,,,False
중구,대창동1가,구조,수난사고,"[2020, 2021, 2022, 2023, 2024]",해당 조건에서 관측된 신고 없음,0,False,,,,,,False
중구,대창동1가,구급,교통사고,"[2020, 2021, 2022, 2023, 2024]",결측·처리조건 민감 또는 5년 반복 미충족,9,False,"[1, 6, 2, 0, 0]","[3, 8, 3, 0, 1]",0.6,True,False,False
중구,대창동2가,구급,심정지,"[2020, 2021, 2022, 2023, 2024]",해당 조건에서 관측된 신고 없음,0,False,,,,,,False
중구,대창동2가,화재,일반화재(주택),"[2020, 2021, 2022, 2023, 2024]",해당 조건에서 관측된 신고 없음,0,False,,,,,,False
중구,대창동2가,구조,산악사고,"[2020, 2021, 2022, 2023, 2024]",해당 조건에서 관측된 신고 없음,0,False,,,,,,False
중구,대창동2가,구조,수난사고,"[2020, 2021, 2022, 2023, 2024]",해당 조건에서 관측된 신고 없음,0,False,,,,,,False
중구,대창동2가,구급,교통사고,"[2020, 2021, 2022, 2023, 2024]",결측·처리조건 민감 또는 5년 반복 미충족,4,False,"[0, 1, 0, 1, 2]","[1, 1, 3, 3, 3]",0.36363636363636365,True,False,False
중구,대청동1가,구급,심정지,"[2020, 2021, 2022, 2023, 2024]",결측·처리조건 민감 또는 5년 반복 미충족,2,False,"[1, 0, 1, 0, 0]","[2, 0, 1, 2, 0]",0.4,True,False,False
중구,대청동1가,화재,일반화재(주택),"[2020, 2021, 2022, 2023, 2024]",결측·처리조건 민감 또는 5년 반복 미충족,1,False,"[0, 1, 0, 0, 0]","[0, 1, 0, 0, 0]",1.0,True,False,False
중구,대청동1가,구조,산악사고,"[2020, 2021, 2022, 2023, 2024]",해당 조건에서 관측된 신고 없음,0,False,,,,,,False
중구,대청동1가,구조,수난사고,"[2020, 2021, 2022, 2023, 2024]",해당 조건에서 관측된 신고 없음,0,False,,,,,,False
중구,대청동1가,구급,교통사고,"[2020, 2021, 2022, 2023, 2024]",반복·방향 보존,8,True,"[1, 2, 2, 1, 2]","[2, 3, 2, 1, 2]",0.8,True,True,False
중구,대청동2가,구급,심정지,"[2020, 2021, 2022, 2023, 2024]",결측·처리조건 민감 또는 5년 반복 미충족,3,False,"[0, 2, 1, 0, 0]","[0, 2, 1, 0, 1]",0.75,True,False,False
중구,대청동2가,화재,일반화재(주택),"[2020, 2021, 2022, 2023, 2024]",결측·처리조건 민감 또는 5년 반복 미충족,2,False,"[1, 0, 0, 1, 0]","[1, 0, 0, 1, 0]",1.0,True,False,False
중구,대청동2가,구조,산악사고,"[2020, 2021, 2022, 2023, 2024]",해당 조건에서 관측된 신고 없음,0,False,,,,,,False
중구,대청동2가,구조,수난사고,"[2020, 2021, 2022, 2023, 2024]",해당 조건에서 관측된 신고 없음,0,False,,,,,,False
중구,대청동2가,구급,교통사고,"[2020, 2021, 2022, 2023, 2024]",결측·처리조건 민감 또는 5년 반복 미충족,9,False,"[0, 2, 4, 2, 1]","[1, 2, 4, 2, 2]",0.8181818181818182,True,False,False
중구,대청동3가,구급,심정지,"[2020, 2021, 2022, 2023, 2024]",결측·처리조건 민감 또는 5년 반복 미충족,1,False,"[0, 0, 0, 0, 1]","[0, 0, 0, 0, 1]",1.0,True,False,False
중구,대청동3가,화재,일반화재(주택),"[2020, 2021, 2022, 2023, 2024]",결측·처리조건 민감 또는 5년 반복 미충족,2,False,"[0, 1, 0, 1, 0]","[0, 1, 0, 1, 0]",1.0,True,False,False
중구,대청동3가,구조,산악사고,"[2020, 2021, 2022, 2023, 2024]",해당 조건에서 관측된 신고 없음,0,False,,,,,,False
중구,대청동3가,구조,수난사고,"[2020, 2021, 2022, 2023, 2024]",해당 조건에서 관측된 신고 없음,0,False,,,,,,False
중구,대청동3가,구급,교통사고,"[2020, 2021, 2022, 2023, 2024]",결측·처리조건 민감 또는 5년 반복 미충족,14,False,"[4, 3, 6, 0, 1]","[6, 4, 6, 0, 1]",0.8235294117647058,True,False,False
중구,대청동4가,구급,심정지,"[2020, 2021, 2022, 2023, 2024]",반복·방향 보존,32,True,"[5, 7, 9, 3, 8]","[6, 9, 10, 6, 13]",0.7272727272727273,True,True,False
중구,대청동4가,화재,일반화재(주택),"[2020, 2021, 2022, 2023, 2024]",결측·처리조건 민감 또는 5년 반복 미충족,4,False,"[1, 2, 0, 0, 1]","[1, 3, 0, 0, 1]",0.8,True,False,False
중구,대청동4가,구조,산악사고,"[2020, 2021, 2022, 2023, 2024]",해당 조건에서 관측된 신고 없음,0,False,,,,,,False
중구,대청동4가,구조,수난사고,"[2020, 2021, 2022, 2023, 2024]",해당 조건에서 관측된 신고 없음,0,False,,,,,,False
중구,대청동4가,구급,교통사고,"[2020, 2021, 2022, 2023, 2024]",반복·방향 보존,20,True,"[4, 4, 7, 3, 2]","[8, 5, 7, 4, 5]",0.6896551724137931,True,True,False
중구,동광동1가,구급,심정지,"[2020, 2021, 2022, 2023, 2024]",결측·처리조건 민감 또는 5년 반복 미충족,3,False,"[0, 1, 0, 1, 1]","[0, 1, 0, 1, 1]",1.0,True,False,False
중구,동광동1가,화재,일반화재(주택),"[2020, 2021, 2022, 2023, 2024]",해당 조건에서 관측된 신고 없음,0,False,,,,,,False
중구,동광동1가,구조,산악사고,"[2020, 2021, 2022, 2023, 2024]",해당 조건에서 관측된 신고 없음,0,False,,,,,,False
중구,동광동1가,구조,수난사고,"[2020, 2021, 2022, 2023, 2024]",해당 조건에서 관측된 신고 없음,0,False,,,,,,False
중구,동광동1가,구급,교통사고,"[2020, 2021, 2022, 2023, 2024]",반복·방향 보존,11,True,"[1, 4, 3, 2, 1]","[2, 5, 5, 9, 5]",0.4230769230769231,True,True,False
중구,동광동2가,구급,심정지,"[2020, 2021, 2022, 2023, 2024]",결측·처리조건 민감 또는 5년 반복 미충족,0,False,"[0, 0, 0, 0, 0]","[0, 0, 0, 1, 0]",0.0,True,False,False
중구,동광동2가,화재,일반화재(주택),"[2020, 2021, 2022, 2023, 2024]",결측·처리조건 민감 또는 5년 반복 미충족,1,False,"[0, 1, 0, 0, 0]","[0, 1, 0, 0, 0]",1.0,True,False,False
중구,동광동2가,구조,산악사고,"[2020, 2021, 2022, 2023, 2024]",해당 조건에서 관측된 신고 없음,0,False,,,,,,False
중구,동광동2가,구조,수난사고,"[2020, 2021, 2022, 2023, 2024]",해당 조건에서 관측된 신고 없음,0,False,,,,,,False
중구,동광동2가,구급,교통사고,"[2020, 2021, 2022, 2023, 2024]",결측·처리조건 민감 또는 5년 반복 미충족,0,False,"[0, 0, 0, 0, 0]","[1, 0, 0, 0, 0]",0.0,True,False,False
중구,동광동3가,구급,심정지,"[2020, 2021, 2022, 2023, 2024]",결측·처리조건 민감 또는 5년 반복 미충족,6,False,"[0, 2, 3, 0, 1]","[0, 2, 3, 0, 2]",0.8571428571428571,True,False,False
중구,동광동3가,화재,일반화재(주택),"[2020, 2021, 2022, 2023, 2024]",결측·처리조건 민감 또는 5년 반복 미충족,2,False,"[0, 0, 0, 0, 2]","[0, 0, 0, 0, 2]",1.0,True,False,False
중구,동광동3가,구조,산악사고,"[2020, 2021, 2022, 2023, 2024]",해당 조건에서 관측된 신고 없음,0,False,,,,,,False
중구,동광동3가,구조,수난사고,"[2020, 2021, 2022, 2023, 2024]",해당 조건에서 관측된 신고 없음,0,False,,,,,,False
중구,동광동3가,구급,교통사고,"[2020, 2021, 2022, 2023, 2024]",결측·처리조건 민감 또는 5년 반복 미충족,1,False,"[0, 0, 0, 0, 1]","[2, 1, 0, 0, 1]",0.25,False,False,False
중구,동광동4가,구급,심정지,"[2020, 2021, 2022, 2023, 2024]",결측·처리조건 민감 또는 5년 반복 미충족,0,False,"[0, 0, 0, 0, 0]","[1, 0, 0, 1, 0]",0.0,True,False,False
중구,동광동4가,화재,일반화재(주택),"[2020, 2021, 2022, 2023, 2024]",해당 조건에서 관측된 신고 없음,0,False,,,,,,False
중구,동광동4가,구조,산악사고,"[2020, 2021, 2022, 2023, 2024]",해당 조건에서 관측된 신고 없음,0,False,,,,,,False
중구,동광동4가,구조,수난사고,"[2020, 2021, 2022, 2023, 2024]",해당 조건에서 관측된 신고 없음,0,False,,,,,,False
중구,동광동4가,구급,교통사고,"[2020, 2021, 2022, 2023, 2024]",결측·처리조건 민감 또는 5년 반복 미충족,5,False,"[2, 0, 1, 0, 2]","[2, 0, 1, 0, 3]",0.8333333333333334,True,False,False
중구,동광동5가,구급,심정지,"[2020, 2021, 2022, 2023, 2024]",반복·방향 보존,19,True,"[2, 3, 8, 2, 4]","[4, 3, 9, 6, 5]",0.7037037037037037,True,True,False
중구,동광동5가,화재,일반화재(주택),"[2020, 2021, 2022, 2023, 2024]",결측·처리조건 민감 또는 5년 반복 미충족,2,False,"[0, 0, 1, 1, 0]","[0, 0, 1, 1, 1]",0.6666666666666666,True,False,False
중구,동광동5가,구조,산악사고,"[2020, 2021, 2022, 2023, 2024]",해당 조건에서 관측된 신고 없음,0,False,,,,,,False
중구,동광동5가,구조,수난사고,"[2020, 2021, 2022, 2023, 2024]",해당 조건에서 관측된 신고 없음,0,False,,,,,,False
중구,동광동5가,구급,교통사고,"[2020, 2021, 2022, 2023, 2024]",반복·방향 보존,10,True,"[1, 2, 1, 5, 1]","[1, 2, 2, 5, 3]",0.7692307692307693,True,True,False
중구,보수동1가,구급,심정지,"[2020, 2021, 2022, 2023, 2024]",반복·방향 보존,31,True,"[4, 6, 8, 4, 9]","[5, 9, 13, 8, 12]",0.6595744680851063,True,True,False
중구,보수동1가,화재,일반화재(주택),"[2020, 2021, 2022, 2023, 2024]",결측·처리조건 민감 또는 5년 반복 미충족,12,False,"[4, 5, 1, 2, 0]","[5, 7, 2, 4, 1]",0.631578947368421,True,False,False
중구,보수동1가,구조,산악사고,"[2020, 2021, 2022, 2023, 2024]",해당 조건에서 관측된 신고 없음,0,False,,,,,,False
중구,보수동1가,구조,수난사고,"[2020, 2021, 2022, 2023, 2024]",해당 조건에서 관측된 신고 없음,0,False,,,,,,False
중구,보수동1가,구급,교통사고,"[2020, 2021, 2022, 2023, 2024]",반복·방향 보존,53,True,"[19, 9, 12, 8, 5]","[23, 12, 16, 13, 12]",0.6973684210526315,True,True,False
중구,보수동2가,구급,심정지,"[2020, 2021, 2022, 2023, 2024]",반복·방향 보존,11,True,"[2, 1, 3, 3, 2]","[2, 1, 4, 3, 4]",0.7857142857142857,True,True,False
중구,보수동2가,화재,일반화재(주택),"[2020, 2021, 2022, 2023, 2024]",결측·처리조건 민감 또는 5년 반복 미충족,1,False,"[1, 0, 0, 0, 0]","[2, 0, 0, 1, 0]",0.3333333333333333,True,False,False
중구,보수동2가,구조,산악사고,"[2020, 2021, 2022, 2023, 2024]",해당 조건에서 관측된 신고 없음,0,False,,,,,,False
중구,보수동2가,구조,수난사고,"[2020, 2021, 2022, 2023, 2024]",해당 조건에서 관측된 신고 없음,0,False,,,,,,False
중구,보수동2가,구급,교통사고,"[2020, 2021, 2022, 2023, 2024]",반복·방향 보존,27,True,"[3, 10, 7, 2, 5]","[5, 12, 7, 4, 7]",0.7714285714285715,True,True,False
중구,보수동3가,구급,심정지,"[2020, 2021, 2022, 2023, 2024]",결측·처리조건 민감 또는 5년 반복 미충족,9,False,"[2, 0, 3, 1, 3]","[2, 0, 5, 2, 4]",0.6923076923076923,True,False,False
중구,보수동3가,화재,일반화재(주택),"[2020, 2021, 2022, 2023, 2024]",결측·처리조건 민감 또는 5년 반복 미충족,1,False,"[0, 0, 0, 0, 1]","[0, 0, 0, 0, 1]",1.0,True,False,False
중구,보수동3가,구조,산악사고,"[2020, 2021, 2022, 2023, 2024]",해당 조건에서 관측된 신고 없음,0,False,,,,,,False
중구,보수동3가,구조,수난사고,"[2020, 2021, 2022, 2023, 2024]",해당 조건에서 관측된 신고 없음,0,False,,,,,,False
중구,보수동3가,구급,교통사고,"[2020, 2021, 2022, 2023, 2024]",결측·처리조건 민감 또는 5년 반복 미충족,21,False,"[0, 12, 3, 2, 4]","[3, 13, 7, 5, 9]",0.5675675675675675,True,False,False
중구,부평동1가,구급,심정지,"[2020, 2021, 2022, 2023, 2024]",결측·처리조건 민감 또는 5년 반복 미충족,14,False,"[4, 2, 4, 2, 2]","[5, 2, 4, 5, 6]",0.6363636363636364,False,True,False
중구,부평동1가,화재,일반화재(주택),"[2020, 2021, 2022, 2023, 2024]",결측·처리조건 민감 또는 5년 반복 미충족,4,False,"[0, 0, 3, 1, 0]","[1, 1, 3, 1, 0]",0.6666666666666666,True,False,False
중구,부평동1가,구조,산악사고,"[2020, 2021, 2022, 2023, 2024]",해당 조건에서 관측된 신고 없음,0,False,,,,,,False
중구,부평동1가,구조,수난사고,"[2020, 2021, 2022, 2023, 2024]",해당 조건에서 관측된 신고 없음,0,False,,,,,,False
중구,부평동1가,구급,교통사고,"[2020, 2021, 2022, 2023, 2024]",반복·방향 보존,35,True,"[9, 6, 13, 5, 2]","[10, 7, 16, 8, 4]",0.7777777777777778,True,True,False
중구,부평동2가,구급,심정지,"[2020, 2021, 2022, 2023, 2024]",결측·처리조건 민감 또는 5년 반복 미충족,5,False,"[1, 0, 1, 1, 2]","[2, 0, 4, 5, 4]",0.3333333333333333,True,False,False
중구,부평동2가,화재,일반화재(주택),"[2020, 2021, 2022, 2023, 2024]",반복·방향 보존,10,True,"[1, 3, 2, 1, 3]","[1, 4, 2, 1, 5]",0.7692307692307693,True,True,False
중구,부평동2가,구조,산악사고,"[2020, 2021, 2022, 2023, 2024]",해당 조건에서 관측된 신고 없음,0,False,,,,,,False
중구,부평동2가,구조,수난사고,"[2020, 2021, 2022, 2023, 2024]",해당 조건에서 관측된 신고 없음,0,False,,,,,,False
중구,부평동2가,구급,교통사고,"[2020, 2021, 2022, 2023, 2024]",반복·방향 보존,51,True,"[12, 12, 8, 15, 4]","[20, 15, 13, 23, 12]",0.6144578313253012,True,True,False
중구,부평동3가,구급,심정지,"[2020, 2021, 2022, 2023, 2024]",결측·처리조건 민감 또는 5년 반복 미충족,6,False,"[1, 1, 3, 1, 0]","[2, 1, 3, 1, 3]",0.6,False,False,False
중구,부평동3가,화재,일반화재(주택),"[2020, 2021, 2022, 2023, 2024]",결측·처리조건 민감 또는 5년 반복 미충족,4,False,"[0, 1, 1, 1, 1]","[0, 2, 1, 1, 1]",0.8,True,False,False
중구,부평동3가,구조,산악사고,"[2020, 2021, 2022, 2023, 2024]",해당 조건에서 관측된 신고 없음,0,False,,,,,,False
중구,부평동3가,구조,수난사고,"[2020, 2021, 2022, 2023, 2024]",해당 조건에서 관측된 신고 없음,0,False,,,,,,False
중구,부평동3가,구급,교통사고,"[2020, 2021, 2022, 2023, 2024]",반복·방향 보존,39,True,"[4, 10, 8, 13, 4]","[8, 11, 9, 19, 6]",0.7358490566037735,True,True,False
중구,부평동4가,구급,심정지,"[2020, 2021, 2022, 2023, 2024]",반복·방향 보존,8,True,"[1, 1, 2, 3, 1]","[4, 1, 3, 4, 2]",0.5714285714285714,True,True,False
중구,부평동4가,화재,일반화재(주택),"[2020, 2021, 2022, 2023, 2024]",결측·처리조건 민감 또는 5년 반복 미충족,1,False,"[0, 0, 1, 0, 0]","[0, 0, 1, 1, 0]",0.5,True,False,False
중구,부평동4가,구조,산악사고,"[2020, 2021, 2022, 2023, 2024]",해당 조건에서 관측된 신고 없음,0,False,,,,,,False
중구,부평동4가,구조,수난사고,"[2020, 2021, 2022, 2023, 2024]",해당 조건에서 관측된 신고 없음,0,False,,,,,,False
중구,부평동4가,구급,교통사고,"[2020, 2021, 2022, 2023, 2024]",반복·방향 보존,20,True,"[6, 4, 6, 2, 2]","[6, 10, 7, 7, 4]",0.5882352941176471,True,True,False
중구,신창동1가,구급,심정지,"[2020, 2021, 2022, 2023, 2024]",결측·처리조건 민감 또는 5년 반복 미충족,2,False,"[0, 0, 1, 0, 1]","[0, 0, 1, 0, 1]",1.0,True,False,False
중구,신창동1가,화재,일반화재(주택),"[2020, 2021, 2022, 2023, 2024]",결측·처리조건 민감 또는 5년 반복 미충족,2,False,"[0, 0, 1, 1, 0]","[0, 0, 1, 1, 0]",1.0,True,False,False
중구,신창동1가,구조,산악사고,"[2020, 2021, 2022, 2023, 2024]",해당 조건에서 관측된 신고 없음,0,False,,,,,,False
중구,신창동1가,구조,수난사고,"[2020, 2021, 2022, 2023, 2024]",해당 조건에서 관측된 신고 없음,0,False,,,,,,False
중구,신창동1가,구급,교통사고,"[2020, 2021, 2022, 2023, 2024]",결측·처리조건 민감 또는 5년 반복 미충족,5,False,"[0, 1, 1, 1, 2]","[1, 1, 1, 1, 2]",0.8333333333333334,True,False,False
중구,신창동2가,구급,심정지,"[2020, 2021, 2022, 2023, 2024]",결측·처리조건 민감 또는 5년 반복 미충족,1,False,"[0, 1, 0, 0, 0]","[0, 1, 0, 0, 0]",1.0,True,False,False
중구,신창동2가,화재,일반화재(주택),"[2020, 2021, 2022, 2023, 2024]",결측·처리조건 민감 또는 5년 반복 미충족,3,False,"[1, 0, 2, 0, 0]","[1, 0, 2, 0, 0]",1.0,True,False,False
중구,신창동2가,구조,산악사고,"[2020, 2021, 2022, 2023, 2024]",해당 조건에서 관측된 신고 없음,0,False,,,,,,False
중구,신창동2가,구조,수난사고,"[2020, 2021, 2022, 2023, 2024]",해당 조건에서 관측된 신고 없음,0,False,,,,,,False
중구,신창동2가,구급,교통사고,"[2020, 2021, 2022, 2023, 2024]",결측·처리조건 민감 또는 5년 반복 미충족,3,False,"[0, 1, 0, 0, 2]","[0, 1, 0, 1, 2]",0.75,True,False,False
중구,신창동3가,구급,심정지,"[2020, 2021, 2022, 2023, 2024]",해당 조건에서 관측된 신고 없음,0,False,,,,,,False
중구,신창동3가,화재,일반화재(주택),"[2020, 2021, 2022, 2023, 2024]",결측·처리조건 민감 또는 5년 반복 미충족,1,False,"[1, 0, 0, 0, 0]","[1, 0, 1, 0, 0]",0.5,True,False,False
중구,신창동3가,구조,산악사고,"[2020, 2021, 2022, 2023, 2024]",해당 조건에서 관측된 신고 없음,0,False,,,,,,False
중구,신창동3가,구조,수난사고,"[2020, 2021, 2022, 2023, 2024]",해당 조건에서 관측된 신고 없음,0,False,,,,,,False
중구,신창동3가,구급,교통사고,"[2020, 2021, 2022, 2023, 2024]",결측·처리조건 민감 또는 5년 반복 미충족,4,False,"[0, 0, 1, 1, 2]","[0, 0, 1, 1, 2]",1.0,True,False,False
중구,신창동4가,구급,심정지,"[2020, 2021, 2022, 2023, 2024]",결측·처리조건 민감 또는 5년 반복 미충족,1,False,"[0, 0, 0, 0, 1]","[0, 0, 0, 0, 1]",1.0,True,False,False
중구,신창동4가,화재,일반화재(주택),"[2020, 2021, 2022, 2023, 2024]",해당 조건에서 관측된 신고 없음,0,False,,,,,,False
중구,신창동4가,구조,산악사고,"[2020, 2021, 2022, 2023, 2024]",해당 조건에서 관측된 신고 없음,0,False,,,,,,False
중구,신창동4가,구조,수난사고,"[2020, 2021, 2022, 2023, 2024]",해당 조건에서 관측된 신고 없음,0,False,,,,,,False
중구,신창동4가,구급,교통사고,"[2020, 2021, 2022, 2023, 2024]",반복·방향 보존,13,True,"[2, 1, 4, 3, 3]","[3, 1, 5, 6, 4]",0.6842105263157895,True,True,False
중구,영주동,구급,심정지,"[2020, 2021, 2022, 2023, 2024]",반복·방향 보존,64,True,"[16, 7, 12, 12, 17]","[20, 17, 22, 23, 27]",0.5871559633027523,True,True,False
중구,영주동,화재,일반화재(주택),"[2020, 2021, 2022, 2023, 2024]",결측·처리조건 민감 또는 5년 반복 미충족,14,False,"[0, 5, 4, 2, 3]","[2, 6, 4, 2, 3]",0.8235294117647058,True,False,False
중구,영주동,구조,산악사고,"[2020, 2021, 2022, 2023, 2024]",결측·처리조건 민감 또는 5년 반복 미충족,0,False,"[0, 0, 0, 0, 0]","[0, 1, 0, 0, 0]",0.0,True,False,False
중구,영주동,구조,수난사고,"[2020, 2021, 2022, 2023, 2024]",결측·처리조건 민감 또는 5년 반복 미충족,0,False,"[0, 0, 0, 0, 0]","[0, 1, 0, 0, 0]",0.0,True,False,False
중구,영주동,구급,교통사고,"[2020, 2021, 2022, 2023, 2024]",반복·방향 보존,61,True,"[19, 14, 17, 4, 7]","[37, 28, 33, 12, 19]",0.4728682170542636,True,True,False
중구,중앙동1가,구급,심정지,"[2020, 2021, 2022, 2023, 2024]",결측·처리조건 민감 또는 5년 반복 미충족,1,False,"[0, 0, 0, 1, 0]","[0, 1, 0, 1, 0]",0.5,True,False,False
중구,중앙동1가,화재,일반화재(주택),"[2020, 2021, 2022, 2023, 2024]",해당 조건에서 관측된 신고 없음,0,False,,,,,,False
중구,중앙동1가,구조,산악사고,"[2020, 2021, 2022, 2023, 2024]",해당 조건에서 관측된 신고 없음,0,False,,,,,,False
중구,중앙동1가,구조,수난사고,"[2020, 2021, 2022, 2023, 2024]",해당 조건에서 관측된 신고 없음,0,False,,,,,,False
중구,중앙동1가,구급,교통사고,"[2020, 2021, 2022, 2023, 2024]",결측·처리조건 민감 또는 5년 반복 미충족,1,False,"[0, 0, 0, 1, 0]","[0, 0, 1, 1, 0]",0.5,True,False,False
중구,중앙동2가,구급,심정지,"[2020, 2021, 2022, 2023, 2024]",결측·처리조건 민감 또는 5년 반복 미충족,2,False,"[0, 1, 1, 0, 0]","[0, 1, 2, 1, 1]",0.4,True,False,False
중구,중앙동2가,화재,일반화재(주택),"[2020, 2021, 2022, 2023, 2024]",결측·처리조건 민감 또는 5년 반복 미충족,2,False,"[1, 1, 0, 0, 0]","[1, 1, 1, 0, 0]",0.6666666666666666,True,False,False
중구,중앙동2가,구조,산악사고,"[2020, 2021, 2022, 2023, 2024]",해당 조건에서 관측된 신고 없음,0,False,,,,,,False
중구,중앙동2가,구조,수난사고,"[2020, 2021, 2022, 2023, 2024]",해당 조건에서 관측된 신고 없음,0,False,,,,,,False
중구,중앙동2가,구급,교통사고,"[2020, 2021, 2022, 2023, 2024]",결측·처리조건 민감 또는 5년 반복 미충족,4,False,"[1, 2, 0, 1, 0]","[3, 2, 1, 5, 2]",0.3076923076923077,True,False,False
중구,중앙동3가,구급,심정지,"[2020, 2021, 2022, 2023, 2024]",해당 조건에서 관측된 신고 없음,0,False,,,,,,False
중구,중앙동3가,화재,일반화재(주택),"[2020, 2021, 2022, 2023, 2024]",해당 조건에서 관측된 신고 없음,0,False,,,,,,False
중구,중앙동3가,구조,산악사고,"[2020, 2021, 2022, 2023, 2024]",해당 조건에서 관측된 신고 없음,0,False,,,,,,False
중구,중앙동3가,구조,수난사고,"[2020, 2021, 2022, 2023, 2024]",해당 조건에서 관측된 신고 없음,0,False,,,,,,False
중구,중앙동3가,구급,교통사고,"[2020, 2021, 2022, 2023, 2024]",결측·처리조건 민감 또는 5년 반복 미충족,3,False,"[1, 0, 1, 1, 0]","[3, 1, 2, 2, 0]",0.375,True,False,False
중구,중앙동4가,구급,심정지,"[2020, 2021, 2022, 2023, 2024]",결측·처리조건 민감 또는 5년 반복 미충족,17,False,"[4, 2, 4, 2, 5]","[6, 2, 5, 4, 5]",0.7727272727272727,False,True,False
중구,중앙동4가,화재,일반화재(주택),"[2020, 2021, 2022, 2023, 2024]",결측·처리조건 민감 또는 5년 반복 미충족,4,False,"[1, 0, 1, 0, 2]","[4, 0, 1, 1, 2]",0.5,False,False,False
중구,중앙동4가,구조,산악사고,"[2020, 2021, 2022, 2023, 2024]",해당 조건에서 관측된 신고 없음,0,False,,,,,,False
중구,중앙동4가,구조,수난사고,"[2020, 2021, 2022, 2023, 2024]",결측·처리조건 민감 또는 5년 반복 미충족,2,False,"[0, 0, 0, 1, 1]","[0, 0, 1, 2, 2]",0.4,True,False,False
중구,중앙동4가,구급,교통사고,"[2020, 2021, 2022, 2023, 2024]",결측·처리조건 민감 또는 5년 반복 미충족,70,False,"[11, 17, 21, 12, 9]","[22, 25, 30, 21, 28]",0.5555555555555556,False,True,False
중구,중앙동5가,구급,심정지,"[2020, 2021, 2022, 2023, 2024]",결측·처리조건 민감 또는 5년 반복 미충족,3,False,"[0, 0, 2, 1, 0]","[1, 0, 2, 1, 0]",0.75,True,False,False
중구,중앙동5가,화재,일반화재(주택),"[2020, 2021, 2022, 2023, 2024]",해당 조건에서 관측된 신고 없음,0,False,,,,,,False
중구,중앙동5가,구조,산악사고,"[2020, 2021, 2022, 2023, 2024]",해당 조건에서 관측된 신고 없음,0,False,,,,,,False
중구,중앙동5가,구조,수난사고,"[2020, 2021, 2022, 2023, 2024]",결측·처리조건 민감 또는 5년 반복 미충족,1,False,"[0, 0, 1, 0, 0]","[0, 0, 1, 0, 0]",1.0,True,False,False
중구,중앙동5가,구급,교통사고,"[2020, 2021, 2022, 2023, 2024]",결측·처리조건 민감 또는 5년 반복 미충족,16,False,"[4, 2, 5, 4, 1]","[7, 4, 8, 6, 8]",0.48484848484848486,False,True,False
중구,중앙동6가,구급,심정지,"[2020, 2021, 2022, 2023, 2024]",결측·처리조건 민감 또는 5년 반복 미충족,1,False,"[0, 0, 0, 1, 0]","[0, 1, 1, 1, 2]",0.2,True,False,False
중구,중앙동6가,화재,일반화재(주택),"[2020, 2021, 2022, 2023, 2024]",결측·처리조건 민감 또는 5년 반복 미충족,0,False,"[0, 0, 0, 0, 0]","[0, 0, 0, 0, 1]",0.0,True,False,False
중구,중앙동6가,구조,산악사고,"[2020, 2021, 2022, 2023, 2024]",해당 조건에서 관측된 신고 없음,0,False,,,,,,False
중구,중앙동6가,구조,수난사고,"[2020, 2021, 2022, 2023, 2024]",해당 조건에서 관측된 신고 없음,0,False,,,,,,False
중구,중앙동6가,구급,교통사고,"[2020, 2021, 2022, 2023, 2024]",결측·처리조건 민감 또는 5년 반복 미충족,24,False,"[3, 3, 10, 4, 4]","[6, 5, 15, 8, 4]",0.631578947368421,False,True,False
중구,중앙동7가,구급,심정지,"[2020, 2021, 2022, 2023, 2024]",해당 조건에서 관측된 신고 없음,0,False,,,,,,False
중구,중앙동7가,화재,일반화재(주택),"[2020, 2021, 2022, 2023, 2024]",해당 조건에서 관측된 신고 없음,0,False,,,,,,False
중구,중앙동7가,구조,산악사고,"[2020, 2021, 2022, 2023, 2024]",해당 조건에서 관측된 신고 없음,0,False,,,,,,False
중구,중앙동7가,구조,수난사고,"[2020, 2021, 2022, 2023, 2024]",결측·처리조건 민감 또는 5년 반복 미충족,9,False,"[3, 1, 0, 4, 1]","[5, 5, 4, 4, 3]",0.42857142857142855,True,False,False
중구,중앙동7가,구급,교통사고,"[2020, 2021, 2022, 2023, 2024]",결측·처리조건 민감 또는 5년 반복 미충족,5,False,"[1, 0, 1, 1, 2]","[2, 0, 2, 3, 2]",0.5555555555555556,True,False,False
중구,창선동1가,구급,심정지,"[2020, 2021, 2022, 2023, 2024]",해당 조건에서 관측된 신고 없음,0,False,,,,,,False
중구,창선동1가,화재,일반화재(주택),"[2020, 2021, 2022, 2023, 2024]",해당 조건에서 관측된 신고 없음,0,False,,,,,,False
중구,창선동1가,구조,산악사고,"[2020, 2021, 2022, 2023, 2024]",해당 조건에서 관측된 신고 없음,0,False,,,,,,False
중구,창선동1가,구조,수난사고,"[2020, 2021, 2022, 2023, 2024]",해당 조건에서 관측된 신고 없음,0,False,,,,,,False
중구,창선동1가,구급,교통사고,"[2020, 2021, 2022, 2023, 2024]",결측·처리조건 민감 또는 5년 반복 미충족,3,False,"[1, 1, 0, 0, 1]","[1, 1, 0, 0, 2]",0.75,True,False,False
중구,창선동2가,구급,심정지,"[2020, 2021, 2022, 2023, 2024]",결측·처리조건 민감 또는 5년 반복 미충족,1,False,"[0, 0, 1, 0, 0]","[1, 0, 2, 0, 0]",0.3333333333333333,True,False,False
중구,창선동2가,화재,일반화재(주택),"[2020, 2021, 2022, 2023, 2024]",해당 조건에서 관측된 신고 없음,0,False,,,,,,False
중구,창선동2가,구조,산악사고,"[2020, 2021, 2022, 2023, 2024]",해당 조건에서 관측된 신고 없음,0,False,,,,,,False
중구,창선동2가,구조,수난사고,"[2020, 2021, 2022, 2023, 2024]",해당 조건에서 관측된 신고 없음,0,False,,,,,,False
중구,창선동2가,구급,교통사고,"[2020, 2021, 2022, 2023, 2024]",반복·방향 보존,8,True,"[2, 2, 1, 2, 1]","[3, 2, 3, 3, 1]",0.6666666666666666,True,True,False
해운대구,반송동,구급,심정지,"[2020, 2021, 2022, 2023, 2024]",반복·방향 보존,232,True,"[30, 41, 59, 44, 58]","[55, 66, 92, 74, 94]",0.6089238845144357,True,True,False
해운대구,반송동,화재,일반화재(주택),"[2020, 2021, 2022, 2023, 2024]",반복·방향 보존,40,True,"[10, 8, 6, 9, 7]","[14, 13, 14, 15, 8]",0.625,True,True,False
해운대구,반송동,구조,산악사고,"[2020, 2021, 2022, 2023, 2024]",반복·방향 보존,18,True,"[5, 4, 5, 3, 1]","[8, 8, 11, 3, 3]",0.5454545454545454,True,True,False
해운대구,반송동,구조,수난사고,"[2020, 2021, 2022, 2023, 2024]",결측·처리조건 민감 또는 5년 반복 미충족,0,False,"[0, 0, 0, 0, 0]","[1, 0, 1, 0, 0]",0.0,True,False,False
해운대구,반송동,구급,교통사고,"[2020, 2021, 2022, 2023, 2024]",반복·방향 보존,154,True,"[33, 26, 37, 31, 27]","[54, 52, 60, 55, 47]",0.5746268656716418,True,True,False
해운대구,반여동,구급,심정지,"[2020, 2021, 2022, 2023, 2024]",반복·방향 보존,239,True,"[30, 47, 56, 44, 62]","[61, 89, 87, 91, 97]",0.5623529411764706,True,True,False
해운대구,반여동,화재,일반화재(주택),"[2020, 2021, 2022, 2023, 2024]",반복·방향 보존,38,True,"[12, 10, 7, 5, 4]","[17, 15, 13, 10, 9]",0.59375,True,True,False
해운대구,반여동,구조,산악사고,"[2020, 2021, 2022, 2023, 2024]",반복·방향 보존,38,True,"[6, 6, 13, 3, 10]","[13, 18, 23, 7, 16]",0.4935064935064935,True,True,False
해운대구,반여동,구조,수난사고,"[2020, 2021, 2022, 2023, 2024]",결측·처리조건 민감 또는 5년 반복 미충족,3,False,"[2, 1, 0, 0, 0]","[3, 2, 1, 0, 2]",0.375,True,False,False
해운대구,반여동,구급,교통사고,"[2020, 2021, 2022, 2023, 2024]",반복·방향 보존,299,True,"[73, 57, 53, 63, 53]","[122, 102, 122, 106, 113]",0.5292035398230088,True,True,False
해운대구,석대동,구급,심정지,"[2020, 2021, 2022, 2023, 2024]",결측·처리조건 민감 또는 5년 반복 미충족,8,False,"[2, 0, 2, 2, 2]","[2, 0, 3, 2, 3]",0.8,True,False,False
해운대구,석대동,화재,일반화재(주택),"[2020, 2021, 2022, 2023, 2024]",결측·처리조건 민감 또는 5년 반복 미충족,1,False,"[0, 0, 0, 0, 1]","[1, 1, 1, 0, 1]",0.25,True,False,False
해운대구,석대동,구조,산악사고,"[2020, 2021, 2022, 2023, 2024]",해당 조건에서 관측된 신고 없음,0,False,,,,,,False
해운대구,석대동,구조,수난사고,"[2020, 2021, 2022, 2023, 2024]",해당 조건에서 관측된 신고 없음,0,False,,,,,,False
해운대구,석대동,구급,교통사고,"[2020, 2021, 2022, 2023, 2024]",결측·처리조건 민감 또는 5년 반복 미충족,56,False,"[16, 15, 10, 9, 6]","[21, 27, 23, 22, 22]",0.48695652173913045,False,True,False
해운대구,송정동,구급,심정지,"[2020, 2021, 2022, 2023, 2024]",반복·방향 보존,71,True,"[9, 10, 22, 15, 15]","[11, 12, 28, 19, 23]",0.7634408602150538,True,True,False
해운대구,송정동,화재,일반화재(주택),"[2020, 2021, 2022, 2023, 2024]",결측·처리조건 민감 또는 5년 반복 미충족,10,False,"[0, 1, 2, 5, 2]","[2, 1, 3, 5, 2]",0.7692307692307693,True,False,False
해운대구,송정동,구조,산악사고,"[2020, 2021, 2022, 2023, 2024]",결측·처리조건 민감 또는 5년 반복 미충족,4,False,"[1, 0, 3, 0, 0]","[2, 1, 3, 0, 0]",0.6666666666666666,True,False,False
해운대구,송정동,구조,수난사고,"[2020, 2021, 2022, 2023, 2024]",반복·방향 보존,38,True,"[9, 10, 9, 5, 5]","[22, 152, 14, 18, 18]",0.16964285714285715,True,True,False
해운대구,송정동,구급,교통사고,"[2020, 2021, 2022, 2023, 2024]",반복·방향 보존,157,True,"[36, 37, 27, 30, 27]","[45, 48, 45, 39, 35]",0.7405660377358491,True,True,False
해운대구,우동,구급,심정지,"[2020, 2021, 2022, 2023, 2024]",반복·방향 보존,196,True,"[34, 30, 40, 46, 46]","[52, 65, 80, 78, 87]",0.5414364640883977,True,True,False
해운대구,우동,화재,일반화재(주택),"[2020, 2021, 2022, 2023, 2024]",반복·방향 보존,34,True,"[6, 4, 10, 7, 7]","[11, 7, 14, 11, 12]",0.6181818181818182,True,True,False
해운대구,우동,구조,산악사고,"[2020, 2021, 2022, 2023, 2024]",반복·방향 보존,55,True,"[10, 9, 15, 12, 9]","[24, 23, 29, 21, 22]",0.46218487394957986,True,True,False
해운대구,우동,구조,수난사고,"[2020, 2021, 2022, 2023, 2024]",반복·방향 보존,57,True,"[14, 10, 10, 9, 14]","[26, 68, 35, 33, 30]",0.296875,True,True,True
해운대구,우동,구급,교통사고,"[2020, 2021, 2022, 2023, 2024]",결측·처리조건 민감 또는 5년 반복 미충족,615,False,"[129, 130, 136, 111, 109]","[236, 251, 265, 228, 242]",0.5032733224222586,False,True,False
해운대구,재송동,구급,심정지,"[2020, 2021, 2022, 2023, 2024]",반복·방향 보존,147,True,"[23, 28, 33, 29, 34]","[44, 52, 63, 52, 56]",0.550561797752809,True,True,False
해운대구,재송동,화재,일반화재(주택),"[2020, 2021, 2022, 2023, 2024]",반복·방향 보존,22,True,"[5, 2, 6, 6, 3]","[9, 7, 8, 8, 6]",0.5789473684210527,True,True,False
해운대구,재송동,구조,산악사고,"[2020, 2021, 2022, 2023, 2024]",결측·처리조건 민감 또는 5년 반복 미충족,14,False,"[2, 5, 3, 3, 1]","[4, 7, 5, 6, 5]",0.5185185185185185,False,True,False
해운대구,재송동,구조,수난사고,"[2020, 2021, 2022, 2023, 2024]",결측·처리조건 민감 또는 5년 반복 미충족,5,False,"[0, 0, 1, 3, 1]","[0, 3, 2, 4, 5]",0.35714285714285715,True,False,False
해운대구,재송동,구급,교통사고,"[2020, 2021, 2022, 2023, 2024]",반복·방향 보존,314,True,"[69, 65, 74, 65, 41]","[135, 111, 145, 100, 108]",0.5242070116861436,True,True,False
해운대구,좌동,구급,심정지,"[2020, 2021, 2022, 2023, 2024]",반복·방향 보존,225,True,"[29, 37, 56, 49, 54]","[50, 62, 97, 89, 110]",0.5514705882352942,True,True,False
해운대구,좌동,화재,일반화재(주택),"[2020, 2021, 2022, 2023, 2024]",결측·처리조건 민감 또는 5년 반복 미충족,9,False,"[4, 2, 0, 1, 2]","[7, 3, 1, 1, 3]",0.6,True,False,False
해운대구,좌동,구조,산악사고,"[2020, 2021, 2022, 2023, 2024]",결측·처리조건 민감 또는 5년 반복 미충족,34,False,"[6, 10, 6, 4, 8]","[15, 18, 15, 14, 13]",0.4533333333333333,False,True,False
해운대구,좌동,구조,수난사고,"[2020, 2021, 2022, 2023, 2024]",결측·처리조건 민감 또는 5년 반복 미충족,0,False,"[0, 0, 0, 0, 0]","[1, 0, 1, 0, 0]",0.0,True,False,False
해운대구,좌동,구급,교통사고,"[2020, 2021, 2022, 2023, 2024]",반복·방향 보존,362,True,"[86, 77, 74, 70, 55]","[146, 135, 145, 114, 103]",0.5629860031104199,True,True,False
해운대구,중동,구급,심정지,"[2020, 2021, 2022, 2023, 2024]",결측·처리조건 민감 또는 5년 반복 미충족,147,False,"[21, 37, 32, 38, 19]","[36, 61, 57, 62, 51]",0.550561797752809,False,True,False
해운대구,중동,화재,일반화재(주택),"[2020, 2021, 2022, 2023, 2024]",반복·방향 보존,28,True,"[9, 5, 4, 8, 2]","[12, 8, 7, 9, 4]",0.7,True,True,False
해운대구,중동,구조,산악사고,"[2020, 2021, 2022, 2023, 2024]",결측·처리조건 민감 또는 5년 반복 미충족,0,False,"[0, 0, 0, 0, 0]","[0, 0, 1, 2, 1]",0.0,True,False,False
해운대구,중동,구조,수난사고,"[2020, 2021, 2022, 2023, 2024]",반복·방향 보존,55,True,"[9, 10, 8, 17, 11]","[28, 108, 21, 35, 34]",0.24336283185840707,True,True,False
해운대구,중동,구급,교통사고,"[2020, 2021, 2022, 2023, 2024]",반복·방향 보존,248,True,"[48, 50, 57, 60, 33]","[94, 90, 106, 111, 82]",0.5134575569358178,True,True,False
