행정동코드,행정동명,나이대,평균주거인구수,평균직장인구수,평균방문인구수,aggregation,months
2611051000,중구 중앙동,20대,585.9166666666666,881.0833333333334,1033.8333333333333,2024 기준년월12개의 월별일평균 값을 동일 가중 평균,12
2611051000,중구 중앙동,20대미만,318.9166666666667,67.41666666666667,343.1666666666667,2024 기준년월12개의 월별일평균 값을 동일 가중 평균,12
2611051000,중구 중앙동,30대,638.0,1235.8333333333333,1113.8333333333333,2024 기준년월12개의 월별일평균 값을 동일 가중 평균,12
2611051000,중구 중앙동,40대,739.0833333333334,1110.8333333333333,1087.5,2024 기준년월12개의 월별일평균 값을 동일 가중 평균,12
2611051000,중구 중앙동,50대,955.9166666666666,1108.6666666666667,1216.25,2024 기준년월12개의 월별일평균 값을 동일 가중 평균,12
2611051000,중구 중앙동,60대이상,1925.5833333333333,663.5,1667.75,2024 기준년월12개의 월별일평균 값을 동일 가중 평균,12
2611052000,중구 동광동,20대,121.33333333333333,60.75,158.5,2024 기준년월12개의 월별일평균 값을 동일 가중 평균,12
2611052000,중구 동광동,20대미만,42.666666666666664,6.583333333333333,55.75,2024 기준년월12개의 월별일평균 값을 동일 가중 평균,12
2611052000,중구 동광동,30대,138.0,76.75,143.5,2024 기준년월12개의 월별일평균 값을 동일 가중 평균,12
2611052000,중구 동광동,40대,169.75,108.08333333333333,164.83333333333334,2024 기준년월12개의 월별일평균 값을 동일 가중 평균,12
2611052000,중구 동광동,50대,272.9166666666667,105.08333333333333,189.58333333333334,2024 기준년월12개의 월별일평균 값을 동일 가중 평균,12
2611052000,중구 동광동,60대이상,948.1666666666666,99.33333333333333,346.8333333333333,2024 기준년월12개의 월별일평균 값을 동일 가중 평균,12
2611053000,중구 대청동,20대,538.0833333333334,207.66666666666666,344.5833333333333,2024 기준년월12개의 월별일평균 값을 동일 가중 평균,12
2611053000,중구 대청동,20대미만,255.66666666666666,60.666666666666664,137.58333333333334,2024 기준년월12개의 월별일평균 값을 동일 가중 평균,12
2611053000,중구 대청동,30대,399.9166666666667,262.25,291.6666666666667,2024 기준년월12개의 월별일평균 값을 동일 가중 평균,12
2611053000,중구 대청동,40대,536.8333333333334,232.16666666666666,299.4166666666667,2024 기준년월12개의 월별일평균 값을 동일 가중 평균,12
2611053000,중구 대청동,50대,710.1666666666666,254.08333333333334,343.3333333333333,2024 기준년월12개의 월별일평균 값을 동일 가중 평균,12
2611053000,중구 대청동,60대이상,2085.25,238.33333333333334,619.5,2024 기준년월12개의 월별일평균 값을 동일 가중 평균,12
2611054500,중구 보수동,20대,993.3333333333334,121.66666666666667,229.41666666666666,2024 기준년월12개의 월별일평균 값을 동일 가중 평균,12
2611054500,중구 보수동,20대미만,367.25,56.083333333333336,108.91666666666667,2024 기준년월12개의 월별일평균 값을 동일 가중 평균,12
2611054500,중구 보수동,30대,513.5,70.75,159.25,2024 기준년월12개의 월별일평균 값을 동일 가중 평균,12
2611054500,중구 보수동,40대,657.9166666666666,100.66666666666667,184.91666666666666,2024 기준년월12개의 월별일평균 값을 동일 가중 평균,12
2611054500,중구 보수동,50대,1031.3333333333333,150.08333333333334,235.83333333333334,2024 기준년월12개의 월별일평균 값을 동일 가중 평균,12
2611054500,중구 보수동,60대이상,2348.5833333333335,148.83333333333334,531.4166666666666,2024 기준년월12개의 월별일평균 값을 동일 가중 평균,12
2611056000,중구 부평동,20대,372.4166666666667,150.0,900.0833333333334,2024 기준년월12개의 월별일평균 값을 동일 가중 평균,12
2611056000,중구 부평동,20대미만,174.0,12.416666666666666,237.66666666666666,2024 기준년월12개의 월별일평균 값을 동일 가중 평균,12
2611056000,중구 부평동,30대,269.75,206.08333333333334,705.0833333333334,2024 기준년월12개의 월별일평균 값을 동일 가중 평균,12
2611056000,중구 부평동,40대,342.75,218.75,745.3333333333334,2024 기준년월12개의 월별일평균 값을 동일 가중 평균,12
2611056000,중구 부평동,50대,511.0833333333333,290.75,975.75,2024 기준년월12개의 월별일평균 값을 동일 가중 평균,12
2611056000,중구 부평동,60대이상,1603.9166666666667,343.8333333333333,1820.0833333333333,2024 기준년월12개의 월별일평균 값을 동일 가중 평균,12
2611057000,중구 광복동,20대,31.583333333333332,133.75,323.1666666666667,2024 기준년월12개의 월별일평균 값을 동일 가중 평균,12
2611057000,중구 광복동,20대미만,9.666666666666666,30.083333333333332,158.5,2024 기준년월12개의 월별일평균 값을 동일 가중 평균,12
2611057000,중구 광복동,30대,27.75,84.16666666666667,215.5,2024 기준년월12개의 월별일평균 값을 동일 가중 평균,12
2611057000,중구 광복동,40대,57.666666666666664,94.0,232.5,2024 기준년월12개의 월별일평균 값을 동일 가중 평균,12
2611057000,중구 광복동,50대,56.583333333333336,113.58333333333333,262.9166666666667,2024 기준년월12개의 월별일평균 값을 동일 가중 평균,12
2611057000,중구 광복동,60대이상,190.0,215.0,419.4166666666667,2024 기준년월12개의 월별일평균 값을 동일 가중 평균,12
2611058000,중구 남포동,20대,228.58333333333334,323.1666666666667,880.25,2024 기준년월12개의 월별일평균 값을 동일 가중 평균,12
2611058000,중구 남포동,20대미만,42.25,16.583333333333332,363.0833333333333,2024 기준년월12개의 월별일평균 값을 동일 가중 평균,12
2611058000,중구 남포동,30대,234.0,400.75,764.75,2024 기준년월12개의 월별일평균 값을 동일 가중 평균,12
2611058000,중구 남포동,40대,266.8333333333333,390.1666666666667,891.6666666666666,2024 기준년월12개의 월별일평균 값을 동일 가중 평균,12
2611058000,중구 남포동,50대,431.4166666666667,514.9166666666666,1315.5,2024 기준년월12개의 월별일평균 값을 동일 가중 평균,12
2611058000,중구 남포동,60대이상,1087.25,861.25,3042.0833333333335,2024 기준년월12개의 월별일평균 값을 동일 가중 평균,12
2611059000,중구 영주1동,20대,40.083333333333336,16.75,57.916666666666664,2024 기준년월12개의 월별일평균 값을 동일 가중 평균,12
2611059000,중구 영주1동,20대미만,8.916666666666666,0.08333333333333333,20.416666666666668,2024 기준년월12개의 월별일평균 값을 동일 가중 평균,12
2611059000,중구 영주1동,30대,35.333333333333336,19.083333333333332,50.666666666666664,2024 기준년월12개의 월별일평균 값을 동일 가중 평균,12
2611059000,중구 영주1동,40대,38.333333333333336,22.25,58.5,2024 기준년월12개의 월별일평균 값을 동일 가중 평균,12
2611059000,중구 영주1동,50대,52.0,22.833333333333332,77.0,2024 기준년월12개의 월별일평균 값을 동일 가중 평균,12
2611059000,중구 영주1동,60대이상,131.58333333333334,21.75,113.33333333333333,2024 기준년월12개의 월별일평균 값을 동일 가중 평균,12
2611060000,중구 영주2동,20대,407.5,41.083333333333336,124.83333333333333,2024 기준년월12개의 월별일평균 값을 동일 가중 평균,12
2611060000,중구 영주2동,20대미만,298.75,28.75,71.83333333333333,2024 기준년월12개의 월별일평균 값을 동일 가중 평균,12
2611060000,중구 영주2동,30대,374.0,52.916666666666664,123.16666666666667,2024 기준년월12개의 월별일평균 값을 동일 가중 평균,12
2611060000,중구 영주2동,40대,534.0833333333334,67.25,147.75,2024 기준년월12개의 월별일평균 값을 동일 가중 평균,12
2611060000,중구 영주2동,50대,887.5,94.16666666666667,211.0,2024 기준년월12개의 월별일평균 값을 동일 가중 평균,12
2611060000,중구 영주2동,60대이상,2667.8333333333335,96.66666666666667,471.0,2024 기준년월12개의 월별일평균 값을 동일 가중 평균,12
2614051000,서구 동대신1동,20대,339.3333333333333,39.333333333333336,157.16666666666666,2024 기준년월12개의 월별일평균 값을 동일 가중 평균,12
2614051000,서구 동대신1동,20대미만,275.3333333333333,16.75,121.0,2024 기준년월12개의 월별일평균 값을 동일 가중 평균,12
2614051000,서구 동대신1동,30대,396.75,44.666666666666664,131.41666666666666,2024 기준년월12개의 월별일평균 값을 동일 가중 평균,12
2614051000,서구 동대신1동,40대,478.6666666666667,51.25,164.33333333333334,2024 기준년월12개의 월별일평균 값을 동일 가중 평균,12
2614051000,서구 동대신1동,50대,573.1666666666666,69.75,213.0,2024 기준년월12개의 월별일평균 값을 동일 가중 평균,12
2614051000,서구 동대신1동,60대이상,1523.4166666666667,90.58333333333333,396.0,2024 기준년월12개의 월별일평균 값을 동일 가중 평균,12
2614052000,서구 동대신2동,20대,177.5,13.833333333333334,52.916666666666664,2024 기준년월12개의 월별일평균 값을 동일 가중 평균,12
2614052000,서구 동대신2동,20대미만,128.08333333333334,16.833333333333332,50.25,2024 기준년월12개의 월별일평균 값을 동일 가중 평균,12
2614052000,서구 동대신2동,30대,150.08333333333334,12.25,44.0,2024 기준년월12개의 월별일평균 값을 동일 가중 평균,12
2614052000,서구 동대신2동,40대,297.9166666666667,30.0,70.5,2024 기준년월12개의 월별일평균 값을 동일 가중 평균,12
2614052000,서구 동대신2동,50대,405.4166666666667,36.333333333333336,82.41666666666667,2024 기준년월12개의 월별일평균 값을 동일 가중 평균,12
2614052000,서구 동대신2동,60대이상,1469.4166666666667,42.25,201.75,2024 기준년월12개의 월별일평균 값을 동일 가중 평균,12
2614053000,서구 동대신3동,20대,752.6666666666666,326.0,545.75,2024 기준년월12개의 월별일평균 값을 동일 가중 평균,12
2614053000,서구 동대신3동,20대미만,528.9166666666666,218.25,390.5833333333333,2024 기준년월12개의 월별일평균 값을 동일 가중 평균,12
2614053000,서구 동대신3동,30대,503.9166666666667,272.8333333333333,441.5833333333333,2024 기준년월12개의 월별일평균 값을 동일 가중 평균,12
2614053000,서구 동대신3동,40대,659.9166666666666,275.75,553.6666666666666,2024 기준년월12개의 월별일평균 값을 동일 가중 평균,12
2614053000,서구 동대신3동,50대,783.9166666666666,286.1666666666667,665.6666666666666,2024 기준년월12개의 월별일평균 값을 동일 가중 평균,12
2614053000,서구 동대신3동,60대이상,2216.6666666666665,205.25,1398.5,2024 기준년월12개의 월별일평균 값을 동일 가중 평균,12
2614054000,서구 서대신1동,20대,1123.75,174.58333333333334,315.5833333333333,2024 기준년월12개의 월별일평균 값을 동일 가중 평균,12
2614054000,서구 서대신1동,20대미만,1228.75,26.916666666666668,226.83333333333334,2024 기준년월12개의 월별일평균 값을 동일 가중 평균,12
2614054000,서구 서대신1동,30대,1323.0833333333333,185.33333333333334,304.25,2024 기준년월12개의 월별일평균 값을 동일 가중 평균,12
2614054000,서구 서대신1동,40대,1738.4166666666667,216.91666666666666,373.4166666666667,2024 기준년월12개의 월별일평균 값을 동일 가중 평균,12
2614054000,서구 서대신1동,50대,1617.6666666666667,249.58333333333334,460.3333333333333,2024 기준년월12개의 월별일평균 값을 동일 가중 평균,12
2614054000,서구 서대신1동,60대이상,3809.8333333333335,237.83333333333334,825.5,2024 기준년월12개의 월별일평균 값을 동일 가중 평균,12
2614056000,서구 서대신3동,20대,256.25,47.333333333333336,92.41666666666667,2024 기준년월12개의 월별일평균 값을 동일 가중 평균,12
2614056000,서구 서대신3동,20대미만,321.6666666666667,93.66666666666667,134.91666666666666,2024 기준년월12개의 월별일평균 값을 동일 가중 평균,12
2614056000,서구 서대신3동,30대,278.6666666666667,63.833333333333336,113.08333333333333,2024 기준년월12개의 월별일평균 값을 동일 가중 평균,12
2614056000,서구 서대신3동,40대,407.3333333333333,78.91666666666667,152.91666666666666,2024 기준년월12개의 월별일평균 값을 동일 가중 평균,12
2614056000,서구 서대신3동,50대,490.0,70.83333333333333,194.91666666666666,2024 기준년월12개의 월별일평균 값을 동일 가중 평균,12
2614056000,서구 서대신3동,60대이상,1049.0,78.75,345.8333333333333,2024 기준년월12개의 월별일평균 값을 동일 가중 평균,12
2614057000,서구 서대신4동,20대,473.1666666666667,65.66666666666667,199.58333333333334,2024 기준년월12개의 월별일평균 값을 동일 가중 평균,12
2614057000,서구 서대신4동,20대미만,570.9166666666666,69.08333333333333,145.5,2024 기준년월12개의 월별일평균 값을 동일 가중 평균,12
2614057000,서구 서대신4동,30대,456.3333333333333,59.166666666666664,145.75,2024 기준년월12개의 월별일평균 값을 동일 가중 평균,12
2614057000,서구 서대신4동,40대,751.1666666666666,88.0,214.66666666666666,2024 기준년월12개의 월별일평균 값을 동일 가중 평균,12
2614057000,서구 서대신4동,50대,828.5833333333334,102.08333333333333,293.3333333333333,2024 기준년월12개의 월별일평균 값을 동일 가중 평균,12
2614057000,서구 서대신4동,60대이상,1966.0833333333333,102.91666666666667,586.0833333333334,2024 기준년월12개의 월별일평균 값을 동일 가중 평균,12
2614059000,서구 부민동,20대,604.3333333333334,203.66666666666666,331.4166666666667,2024 기준년월12개의 월별일평균 값을 동일 가중 평균,12
2614059000,서구 부민동,20대미만,406.25,51.916666666666664,140.91666666666666,2024 기준년월12개의 월별일평균 값을 동일 가중 평균,12
2614059000,서구 부민동,30대,354.0833333333333,72.58333333333333,125.58333333333333,2024 기준년월12개의 월별일평균 값을 동일 가중 평균,12
2614059000,서구 부민동,40대,474.1666666666667,83.33333333333333,140.83333333333334,2024 기준년월12개의 월별일평균 값을 동일 가중 평균,12
2614059000,서구 부민동,50대,523.4166666666666,94.58333333333333,189.66666666666666,2024 기준년월12개의 월별일평균 값을 동일 가중 평균,12
2614059000,서구 부민동,60대이상,1311.4166666666667,79.0,287.5833333333333,2024 기준년월12개의 월별일평균 값을 동일 가중 평균,12
2614061500,서구 아미동,20대,510.9166666666667,67.66666666666667,246.91666666666666,2024 기준년월12개의 월별일평균 값을 동일 가중 평균,12
2614061500,서구 아미동,20대미만,189.83333333333334,2.5,61.166666666666664,2024 기준년월12개의 월별일평균 값을 동일 가중 평균,12
2614061500,서구 아미동,30대,448.75,105.08333333333333,249.5,2024 기준년월12개의 월별일평균 값을 동일 가중 평균,12
2614061500,서구 아미동,40대,416.25,91.5,213.25,2024 기준년월12개의 월별일평균 값을 동일 가중 평균,12
2614061500,서구 아미동,50대,637.75,100.75,267.75,2024 기준년월12개의 월별일평균 값을 동일 가중 평균,12
2614061500,서구 아미동,60대이상,2589.9166666666665,112.41666666666667,580.0833333333334,2024 기준년월12개의 월별일평균 값을 동일 가중 평균,12
2614063000,서구 초장동,20대,188.16666666666666,39.666666666666664,106.0,2024 기준년월12개의 월별일평균 값을 동일 가중 평균,12
2614063000,서구 초장동,20대미만,120.0,34.583333333333336,64.66666666666667,2024 기준년월12개의 월별일평균 값을 동일 가중 평균,12
2614063000,서구 초장동,30대,182.41666666666666,13.5,67.25,2024 기준년월12개의 월별일평균 값을 동일 가중 평균,12
2614063000,서구 초장동,40대,315.6666666666667,27.583333333333332,97.16666666666667,2024 기준년월12개의 월별일평균 값을 동일 가중 평균,12
2614063000,서구 초장동,50대,477.25,58.916666666666664,158.66666666666666,2024 기준년월12개의 월별일평균 값을 동일 가중 평균,12
2614063000,서구 초장동,60대이상,1740.0,61.0,324.4166666666667,2024 기준년월12개의 월별일평균 값을 동일 가중 평균,12
2614064000,서구 충무동,20대,615.75,93.25,158.16666666666666,2024 기준년월12개의 월별일평균 값을 동일 가중 평균,12
2614064000,서구 충무동,20대미만,309.0833333333333,75.83333333333333,93.08333333333333,2024 기준년월12개의 월별일평균 값을 동일 가중 평균,12
2614064000,서구 충무동,30대,438.9166666666667,123.75,133.33333333333334,2024 기준년월12개의 월별일평균 값을 동일 가중 평균,12
2614064000,서구 충무동,40대,609.3333333333334,140.58333333333334,187.66666666666666,2024 기준년월12개의 월별일평균 값을 동일 가중 평균,12
2614064000,서구 충무동,50대,772.3333333333334,171.91666666666666,287.4166666666667,2024 기준년월12개의 월별일평균 값을 동일 가중 평균,12
2614064000,서구 충무동,60대이상,2185.25,173.75,610.5833333333334,2024 기준년월12개의 월별일평균 값을 동일 가중 평균,12
2614065000,서구 남부민1동,20대,157.83333333333334,19.0,61.416666666666664,2024 기준년월12개의 월별일평균 값을 동일 가중 평균,12
2614065000,서구 남부민1동,20대미만,61.75,5.583333333333333,29.25,2024 기준년월12개의 월별일평균 값을 동일 가중 평균,12
2614065000,서구 남부민1동,30대,105.5,30.25,59.0,2024 기준년월12개의 월별일평균 값을 동일 가중 평균,12
2614065000,서구 남부민1동,40대,200.58333333333334,39.166666666666664,96.16666666666667,2024 기준년월12개의 월별일평균 값을 동일 가중 평균,12
2614065000,서구 남부민1동,50대,438.6666666666667,55.5,150.83333333333334,2024 기준년월12개의 월별일평균 값을 동일 가중 평균,12
2614065000,서구 남부민1동,60대이상,1255.9166666666667,66.91666666666667,337.8333333333333,2024 기준년월12개의 월별일평균 값을 동일 가중 평균,12
2614066000,서구 남부민2동,20대,417.9166666666667,59.166666666666664,184.66666666666666,2024 기준년월12개의 월별일평균 값을 동일 가중 평균,12
2614066000,서구 남부민2동,20대미만,345.6666666666667,50.833333333333336,143.16666666666666,2024 기준년월12개의 월별일평균 값을 동일 가중 평균,12
2614066000,서구 남부민2동,30대,408.3333333333333,66.75,238.83333333333334,2024 기준년월12개의 월별일평균 값을 동일 가중 평균,12
2614066000,서구 남부민2동,40대,621.25,88.0,287.75,2024 기준년월12개의 월별일평균 값을 동일 가중 평균,12
2614066000,서구 남부민2동,50대,966.3333333333334,104.41666666666667,351.1666666666667,2024 기준년월12개의 월별일평균 값을 동일 가중 평균,12
2614066000,서구 남부민2동,60대이상,3226.75,120.33333333333333,781.9166666666666,2024 기준년월12개의 월별일평균 값을 동일 가중 평균,12
2614068000,서구 암남동,20대,1164.4166666666667,383.25,717.75,2024 기준년월12개의 월별일평균 값을 동일 가중 평균,12
2614068000,서구 암남동,20대미만,786.5833333333334,42.166666666666664,279.1666666666667,2024 기준년월12개의 월별일평균 값을 동일 가중 평균,12
2614068000,서구 암남동,30대,1146.0833333333333,439.8333333333333,703.9166666666666,2024 기준년월12개의 월별일평균 값을 동일 가중 평균,12
2614068000,서구 암남동,40대,1484.0833333333333,508.5,904.3333333333334,2024 기준년월12개의 월별일평균 값을 동일 가중 평균,12
2614068000,서구 암남동,50대,1929.9166666666667,603.3333333333334,1157.75,2024 기준년월12개의 월별일평균 값을 동일 가중 평균,12
2614068000,서구 암남동,60대이상,4796.583333333333,425.0833333333333,1861.0,2024 기준년월12개의 월별일평균 값을 동일 가중 평균,12
2617051000,동구 초량1동,20대,155.5,155.75,398.0,2024 기준년월12개의 월별일평균 값을 동일 가중 평균,12
2617051000,동구 초량1동,20대미만,103.25,21.916666666666668,116.41666666666667,2024 기준년월12개의 월별일평균 값을 동일 가중 평균,12
2617051000,동구 초량1동,30대,148.66666666666666,231.66666666666666,370.0,2024 기준년월12개의 월별일평균 값을 동일 가중 평균,12
2617051000,동구 초량1동,40대,227.83333333333334,209.08333333333334,355.4166666666667,2024 기준년월12개의 월별일평균 값을 동일 가중 평균,12
2617051000,동구 초량1동,50대,335.75,180.41666666666666,436.25,2024 기준년월12개의 월별일평균 값을 동일 가중 평균,12
2617051000,동구 초량1동,60대이상,920.0,131.5,632.75,2024 기준년월12개의 월별일평균 값을 동일 가중 평균,12
2617052000,동구 초량2동,20대,301.75,154.75,666.5,2024 기준년월12개의 월별일평균 값을 동일 가중 평균,12
2617052000,동구 초량2동,20대미만,226.58333333333334,118.41666666666667,247.16666666666666,2024 기준년월12개의 월별일평균 값을 동일 가중 평균,12
2617052000,동구 초량2동,30대,290.4166666666667,196.83333333333334,534.0833333333334,2024 기준년월12개의 월별일평균 값을 동일 가중 평균,12
2617052000,동구 초량2동,40대,422.25,187.33333333333334,530.75,2024 기준년월12개의 월별일평균 값을 동일 가중 평균,12
2617052000,동구 초량2동,50대,650.1666666666666,210.91666666666666,680.1666666666666,2024 기준년월12개의 월별일평균 값을 동일 가중 평균,12
2617052000,동구 초량2동,60대이상,2055.5,218.58333333333334,1355.75,2024 기준년월12개의 월별일평균 값을 동일 가중 평균,12
2617053000,동구 초량3동,20대,1129.5,467.6666666666667,1314.5,2024 기준년월12개의 월별일평균 값을 동일 가중 평균,12
2617053000,동구 초량3동,20대미만,675.4166666666666,86.58333333333333,472.3333333333333,2024 기준년월12개의 월별일평균 값을 동일 가중 평균,12
2617053000,동구 초량3동,30대,1602.25,608.5833333333334,1253.75,2024 기준년월12개의 월별일평균 값을 동일 가중 평균,12
2617053000,동구 초량3동,40대,1381.3333333333333,527.5833333333334,1286.5,2024 기준년월12개의 월별일평균 값을 동일 가중 평균,12
2617053000,동구 초량3동,50대,1244.8333333333333,576.9166666666666,1607.9166666666667,2024 기준년월12개의 월별일평균 값을 동일 가중 평균,12
2617053000,동구 초량3동,60대이상,2207.9166666666665,427.9166666666667,2132.0,2024 기준년월12개의 월별일평균 값을 동일 가중 평균,12
2617055000,동구 초량6동,20대,88.0,22.0,117.33333333333333,2024 기준년월12개의 월별일평균 값을 동일 가중 평균,12
2617055000,동구 초량6동,20대미만,63.25,35.416666666666664,86.33333333333333,2024 기준년월12개의 월별일평균 값을 동일 가중 평균,12
2617055000,동구 초량6동,30대,82.41666666666667,21.416666666666668,117.0,2024 기준년월12개의 월별일평균 값을 동일 가중 평균,12
2617055000,동구 초량6동,40대,108.91666666666667,29.916666666666668,134.58333333333334,2024 기준년월12개의 월별일평균 값을 동일 가중 평균,12
2617055000,동구 초량6동,50대,221.58333333333334,44.333333333333336,132.0,2024 기준년월12개의 월별일평균 값을 동일 가중 평균,12
2617055000,동구 초량6동,60대이상,523.6666666666666,25.5,167.08333333333334,2024 기준년월12개의 월별일평균 값을 동일 가중 평균,12
2617056000,동구 수정1동,20대,290.3333333333333,72.66666666666667,169.33333333333334,2024 기준년월12개의 월별일평균 값을 동일 가중 평균,12
2617056000,동구 수정1동,20대미만,278.1666666666667,31.333333333333332,107.83333333333333,2024 기준년월12개의 월별일평균 값을 동일 가중 평균,12
2617056000,동구 수정1동,30대,248.25,85.91666666666667,171.0,2024 기준년월12개의 월별일평균 값을 동일 가중 평균,12
2617056000,동구 수정1동,40대,395.8333333333333,88.0,178.33333333333334,2024 기준년월12개의 월별일평균 값을 동일 가중 평균,12
2617056000,동구 수정1동,50대,480.0833333333333,87.91666666666667,215.25,2024 기준년월12개의 월별일평균 값을 동일 가중 평균,12
2617056000,동구 수정1동,60대이상,1397.8333333333333,86.0,388.25,2024 기준년월12개의 월별일평균 값을 동일 가중 평균,12
2617057000,동구 수정2동,20대,469.5,80.33333333333333,125.08333333333333,2024 기준년월12개의 월별일평균 값을 동일 가중 평균,12
2617057000,동구 수정2동,20대미만,377.1666666666667,87.41666666666667,120.91666666666667,2024 기준년월12개의 월별일평균 값을 동일 가중 평균,12
2617057000,동구 수정2동,30대,590.5833333333334,122.75,162.41666666666666,2024 기준년월12개의 월별일평균 값을 동일 가중 평균,12
2617057000,동구 수정2동,40대,654.0833333333334,148.33333333333334,196.16666666666666,2024 기준년월12개의 월별일평균 값을 동일 가중 평균,12
2617057000,동구 수정2동,50대,924.5833333333334,184.58333333333334,282.8333333333333,2024 기준년월12개의 월별일평균 값을 동일 가중 평균,12
2617057000,동구 수정2동,60대이상,2938.0,163.08333333333334,522.5,2024 기준년월12개의 월별일평균 값을 동일 가중 평균,12
2617059000,동구 수정4동,20대,128.0,19.916666666666668,29.833333333333332,2024 기준년월12개의 월별일평균 값을 동일 가중 평균,12
2617059000,동구 수정4동,20대미만,96.41666666666667,1.9166666666666667,27.583333333333332,2024 기준년월12개의 월별일평균 값을 동일 가중 평균,12
2617059000,동구 수정4동,30대,132.25,8.416666666666666,32.083333333333336,2024 기준년월12개의 월별일평균 값을 동일 가중 평균,12
2617059000,동구 수정4동,40대,211.66666666666666,16.833333333333332,44.333333333333336,2024 기준년월12개의 월별일평균 값을 동일 가중 평균,12
2617059000,동구 수정4동,50대,403.3333333333333,30.416666666666668,68.58333333333333,2024 기준년월12개의 월별일평균 값을 동일 가중 평균,12
2617059000,동구 수정4동,60대이상,1424.5833333333333,37.083333333333336,171.0,2024 기준년월12개의 월별일평균 값을 동일 가중 평균,12
2617060000,동구 수정5동,20대,272.5833333333333,23.916666666666668,47.166666666666664,2024 기준년월12개의 월별일평균 값을 동일 가중 평균,12
2617060000,동구 수정5동,20대미만,254.16666666666666,23.5,49.5,2024 기준년월12개의 월별일평균 값을 동일 가중 평균,12
2617060000,동구 수정5동,30대,222.41666666666666,35.416666666666664,55.916666666666664,2024 기준년월12개의 월별일평균 값을 동일 가중 평균,12
2617060000,동구 수정5동,40대,388.6666666666667,41.166666666666664,73.25,2024 기준년월12개의 월별일평균 값을 동일 가중 평균,12
2617060000,동구 수정5동,50대,634.6666666666666,59.916666666666664,100.0,2024 기준년월12개의 월별일평균 값을 동일 가중 평균,12
2617060000,동구 수정5동,60대이상,2134.5,57.5,222.83333333333334,2024 기준년월12개의 월별일평균 값을 동일 가중 평균,12
2617064500,동구 좌천동,20대,300.1666666666667,34.75,189.41666666666666,2024 기준년월12개의 월별일평균 값을 동일 가중 평균,12
2617064500,동구 좌천동,20대미만,153.66666666666666,41.5,162.58333333333334,2024 기준년월12개의 월별일평균 값을 동일 가중 평균,12
2617064500,동구 좌천동,30대,281.0,42.333333333333336,221.75,2024 기준년월12개의 월별일평균 값을 동일 가중 평균,12
2617064500,동구 좌천동,40대,278.1666666666667,45.75,234.41666666666666,2024 기준년월12개의 월별일평균 값을 동일 가중 평균,12
2617064500,동구 좌천동,50대,446.0833333333333,79.25,333.1666666666667,2024 기준년월12개의 월별일평균 값을 동일 가중 평균,12
2617064500,동구 좌천동,60대이상,1422.0,78.41666666666667,773.9166666666666,2024 기준년월12개의 월별일평균 값을 동일 가중 평균,12
2617065000,동구 범일1동,20대,601.4166666666666,72.91666666666667,209.75,2024 기준년월12개의 월별일평균 값을 동일 가중 평균,12
2617065000,동구 범일1동,20대미만,302.1666666666667,55.416666666666664,88.33333333333333,2024 기준년월12개의 월별일평균 값을 동일 가중 평균,12
2617065000,동구 범일1동,30대,671.0,115.16666666666667,245.91666666666666,2024 기준년월12개의 월별일평균 값을 동일 가중 평균,12
2617065000,동구 범일1동,40대,799.9166666666666,130.25,240.08333333333334,2024 기준년월12개의 월별일평균 값을 동일 가중 평균,12
2617065000,동구 범일1동,50대,1142.0,165.5,300.9166666666667,2024 기준년월12개의 월별일평균 값을 동일 가중 평균,12
2617065000,동구 범일1동,60대이상,4096.083333333333,190.16666666666666,617.5,2024 기준년월12개의 월별일평균 값을 동일 가중 평균,12
2617066000,동구 범일2동,20대,641.9166666666666,422.1666666666667,592.3333333333334,2024 기준년월12개의 월별일평균 값을 동일 가중 평균,12
2617066000,동구 범일2동,20대미만,342.75,57.333333333333336,176.0,2024 기준년월12개의 월별일평균 값을 동일 가중 평균,12
2617066000,동구 범일2동,30대,731.6666666666666,747.1666666666666,800.4166666666666,2024 기준년월12개의 월별일평균 값을 동일 가중 평균,12
2617066000,동구 범일2동,40대,720.5,970.0833333333334,838.0,2024 기준년월12개의 월별일평균 값을 동일 가중 평균,12
2617066000,동구 범일2동,50대,968.0,1080.0,1121.5,2024 기준년월12개의 월별일평균 값을 동일 가중 평균,12
2617066000,동구 범일2동,60대이상,2256.9166666666665,893.5833333333334,2110.6666666666665,2024 기준년월12개의 월별일평균 값을 동일 가중 평균,12
2617068000,동구 범일5동,20대,581.3333333333334,95.16666666666667,430.1666666666667,2024 기준년월12개의 월별일평균 값을 동일 가중 평균,12
2617068000,동구 범일5동,20대미만,441.5833333333333,114.33333333333333,197.25,2024 기준년월12개의 월별일평균 값을 동일 가중 평균,12
2617068000,동구 범일5동,30대,1354.0833333333333,165.25,515.3333333333334,2024 기준년월12개의 월별일평균 값을 동일 가중 평균,12
2617068000,동구 범일5동,40대,996.1666666666666,202.91666666666666,603.3333333333334,2024 기준년월12개의 월별일평균 값을 동일 가중 평균,12
2617068000,동구 범일5동,50대,843.5,242.16666666666666,750.3333333333334,2024 기준년월12개의 월별일평균 값을 동일 가중 평균,12
2617068000,동구 범일5동,60대이상,1662.25,364.8333333333333,1489.9166666666667,2024 기준년월12개의 월별일평균 값을 동일 가중 평균,12
2620053000,영도구 남항동,20대,616.0833333333334,205.91666666666666,506.5,2024 기준년월12개의 월별일평균 값을 동일 가중 평균,12
2620053000,영도구 남항동,20대미만,431.3333333333333,25.583333333333332,218.33333333333334,2024 기준년월12개의 월별일평균 값을 동일 가중 평균,12
2620053000,영도구 남항동,30대,649.5,276.8333333333333,520.8333333333334,2024 기준년월12개의 월별일평균 값을 동일 가중 평균,12
2620053000,영도구 남항동,40대,905.4166666666666,358.5833333333333,672.5,2024 기준년월12개의 월별일평균 값을 동일 가중 평균,12
2620053000,영도구 남항동,50대,1350.5833333333333,464.3333333333333,973.4166666666666,2024 기준년월12개의 월별일평균 값을 동일 가중 평균,12
2620053000,영도구 남항동,60대이상,4283.583333333333,530.0833333333334,1927.8333333333333,2024 기준년월12개의 월별일평균 값을 동일 가중 평균,12
2620054000,영도구 영선1동,20대,67.33333333333333,14.416666666666666,44.083333333333336,2024 기준년월12개의 월별일평균 값을 동일 가중 평균,12
2620054000,영도구 영선1동,20대미만,51.916666666666664,3.0,32.416666666666664,2024 기준년월12개의 월별일평균 값을 동일 가중 평균,12
2620054000,영도구 영선1동,30대,69.16666666666667,19.583333333333332,63.583333333333336,2024 기준년월12개의 월별일평균 값을 동일 가중 평균,12
2620054000,영도구 영선1동,40대,140.0,36.5,85.0,2024 기준년월12개의 월별일평균 값을 동일 가중 평균,12
2620054000,영도구 영선1동,50대,170.08333333333334,61.333333333333336,136.16666666666666,2024 기준년월12개의 월별일평균 값을 동일 가중 평균,12
2620054000,영도구 영선1동,60대이상,537.25,86.5,296.0,2024 기준년월12개의 월별일평균 값을 동일 가중 평균,12
2620055000,영도구 영선2동,20대,442.1666666666667,60.25,193.33333333333334,2024 기준년월12개의 월별일평균 값을 동일 가중 평균,12
2620055000,영도구 영선2동,20대미만,410.6666666666667,70.5,118.83333333333333,2024 기준년월12개의 월별일평균 값을 동일 가중 평균,12
2620055000,영도구 영선2동,30대,452.6666666666667,51.0,145.58333333333334,2024 기준년월12개의 월별일평균 값을 동일 가중 평균,12
2620055000,영도구 영선2동,40대,527.9166666666666,80.58333333333333,160.0,2024 기준년월12개의 월별일평균 값을 동일 가중 평균,12
2620055000,영도구 영선2동,50대,912.5,98.33333333333333,223.08333333333334,2024 기준년월12개의 월별일평균 값을 동일 가중 평균,12
2620055000,영도구 영선2동,60대이상,2919.8333333333335,132.58333333333334,485.3333333333333,2024 기준년월12개의 월별일평균 값을 동일 가중 평균,12
2620058500,영도구 신선동,20대,283.0,33.75,67.91666666666667,2024 기준년월12개의 월별일평균 값을 동일 가중 평균,12
2620058500,영도구 신선동,20대미만,264.4166666666667,109.91666666666667,103.0,2024 기준년월12개의 월별일평균 값을 동일 가중 평균,12
2620058500,영도구 신선동,30대,302.4166666666667,36.333333333333336,85.91666666666667,2024 기준년월12개의 월별일평균 값을 동일 가중 평균,12
2620058500,영도구 신선동,40대,568.1666666666666,64.75,122.75,2024 기준년월12개의 월별일평균 값을 동일 가중 평균,12
2620058500,영도구 신선동,50대,894.4166666666666,92.33333333333333,161.91666666666666,2024 기준년월12개의 월별일평균 값을 동일 가중 평균,12
2620058500,영도구 신선동,60대이상,3013.3333333333335,79.08333333333333,344.8333333333333,2024 기준년월12개의 월별일평균 값을 동일 가중 평균,12
2620059000,영도구 봉래1동,20대,292.25,40.583333333333336,158.41666666666666,2024 기준년월12개의 월별일평균 값을 동일 가중 평균,12
2620059000,영도구 봉래1동,20대미만,300.5,4.75,103.58333333333333,2024 기준년월12개의 월별일평균 값을 동일 가중 평균,12
2620059000,영도구 봉래1동,30대,326.0,79.08333333333333,196.5,2024 기준년월12개의 월별일평균 값을 동일 가중 평균,12
2620059000,영도구 봉래1동,40대,477.0833333333333,101.5,256.6666666666667,2024 기준년월12개의 월별일평균 값을 동일 가중 평균,12
2620059000,영도구 봉래1동,50대,587.4166666666666,144.16666666666666,319.1666666666667,2024 기준년월12개의 월별일평균 값을 동일 가중 평균,12
2620059000,영도구 봉래1동,60대이상,1993.6666666666667,190.0,595.3333333333334,2024 기준년월12개의 월별일평균 값을 동일 가중 평균,12
2620060500,영도구 봉래2동,20대,389.6666666666667,52.25,119.66666666666667,2024 기준년월12개의 월별일평균 값을 동일 가중 평균,12
2620060500,영도구 봉래2동,20대미만,321.0,27.5,111.83333333333333,2024 기준년월12개의 월별일평균 값을 동일 가중 평균,12
2620060500,영도구 봉래2동,30대,457.8333333333333,80.91666666666667,138.58333333333334,2024 기준년월12개의 월별일평균 값을 동일 가중 평균,12
2620060500,영도구 봉래2동,40대,565.3333333333334,135.0,188.75,2024 기준년월12개의 월별일평균 값을 동일 가중 평균,12
2620060500,영도구 봉래2동,50대,904.4166666666666,152.83333333333334,237.16666666666666,2024 기준년월12개의 월별일평균 값을 동일 가중 평균,12
2620060500,영도구 봉래2동,60대이상,2481.1666666666665,165.58333333333334,457.5,2024 기준년월12개의 월별일평균 값을 동일 가중 평균,12
2620063000,영도구 청학1동,20대,225.41666666666666,65.25,123.41666666666667,2024 기준년월12개의 월별일평균 값을 동일 가중 평균,12
2620063000,영도구 청학1동,20대미만,210.5,15.75,68.5,2024 기준년월12개의 월별일평균 값을 동일 가중 평균,12
2620063000,영도구 청학1동,30대,276.0833333333333,67.58333333333333,113.91666666666667,2024 기준년월12개의 월별일평균 값을 동일 가중 평균,12
2620063000,영도구 청학1동,40대,463.0833333333333,180.16666666666666,213.5,2024 기준년월12개의 월별일평균 값을 동일 가중 평균,12
2620063000,영도구 청학1동,50대,578.0833333333334,196.91666666666666,250.83333333333334,2024 기준년월12개의 월별일평균 값을 동일 가중 평균,12
2620063000,영도구 청학1동,60대이상,1968.5,153.08333333333334,401.5833333333333,2024 기준년월12개의 월별일평균 값을 동일 가중 평균,12
2620064000,영도구 청학2동,20대,788.25,160.08333333333334,260.5,2024 기준년월12개의 월별일평균 값을 동일 가중 평균,12
2620064000,영도구 청학2동,20대미만,869.8333333333334,14.416666666666666,171.33333333333334,2024 기준년월12개의 월별일평균 값을 동일 가중 평균,12
2620064000,영도구 청학2동,30대,1050.3333333333333,233.0,285.8333333333333,2024 기준년월12개의 월별일평균 값을 동일 가중 평균,12
2620064000,영도구 청학2동,40대,1432.3333333333333,304.75,380.0,2024 기준년월12개의 월별일평균 값을 동일 가중 평균,12
2620064000,영도구 청학2동,50대,1827.75,375.9166666666667,461.3333333333333,2024 기준년월12개의 월별일평균 값을 동일 가중 평균,12
2620064000,영도구 청학2동,60대이상,5129.833333333333,298.6666666666667,849.3333333333334,2024 기준년월12개의 월별일평균 값을 동일 가중 평균,12
2620065000,영도구 동삼1동,20대,1929.9166666666667,361.5833333333333,444.5833333333333,2024 기준년월12개의 월별일평균 값을 동일 가중 평균,12
2620065000,영도구 동삼1동,20대미만,2046.3333333333333,190.83333333333334,325.4166666666667,2024 기준년월12개의 월별일평균 값을 동일 가중 평균,12
2620065000,영도구 동삼1동,30대,1837.6666666666667,346.75,446.75,2024 기준년월12개의 월별일평균 값을 동일 가중 평균,12
2620065000,영도구 동삼1동,40대,2512.75,443.75,551.3333333333334,2024 기준년월12개의 월별일평균 값을 동일 가중 평균,12
2620065000,영도구 동삼1동,50대,3435.0833333333335,538.25,686.4166666666666,2024 기준년월12개의 월별일평균 값을 동일 가중 평균,12
2620065000,영도구 동삼1동,60대이상,9305.666666666666,429.9166666666667,1164.3333333333333,2024 기준년월12개의 월별일평균 값을 동일 가중 평균,12
2620066000,영도구 동삼2동,20대,879.1666666666666,310.0833333333333,638.75,2024 기준년월12개의 월별일평균 값을 동일 가중 평균,12
2620066000,영도구 동삼2동,20대미만,536.1666666666666,82.75,471.4166666666667,2024 기준년월12개의 월별일평균 값을 동일 가중 평균,12
2620066000,영도구 동삼2동,30대,341.25,137.58333333333334,539.9166666666666,2024 기준년월12개의 월별일평균 값을 동일 가중 평균,12
2620066000,영도구 동삼2동,40대,482.5833333333333,158.75,661.1666666666666,2024 기준년월12개의 월별일평균 값을 동일 가중 평균,12
2620066000,영도구 동삼2동,50대,526.5833333333334,167.66666666666666,742.75,2024 기준년월12개의 월별일평균 값을 동일 가중 평균,12
2620066000,영도구 동삼2동,60대이상,1379.5,109.0,1121.1666666666667,2024 기준년월12개의 월별일평균 값을 동일 가중 평균,12
2620067000,영도구 동삼3동,20대,421.0833333333333,71.33333333333333,187.16666666666666,2024 기준년월12개의 월별일평균 값을 동일 가중 평균,12
2620067000,영도구 동삼3동,20대미만,373.0,58.5,152.5,2024 기준년월12개의 월별일평균 값을 동일 가중 평균,12
2620067000,영도구 동삼3동,30대,466.0,85.5,219.83333333333334,2024 기준년월12개의 월별일평균 값을 동일 가중 평균,12
2620067000,영도구 동삼3동,40대,677.25,114.5,272.9166666666667,2024 기준년월12개의 월별일평균 값을 동일 가중 평균,12
2620067000,영도구 동삼3동,50대,1026.4166666666667,146.66666666666666,357.25,2024 기준년월12개의 월별일평균 값을 동일 가중 평균,12
2620067000,영도구 동삼3동,60대이상,3897.6666666666665,172.91666666666666,682.75,2024 기준년월12개의 월별일평균 값을 동일 가중 평균,12
2623051000,부산진구 부전1동,20대,2507.4166666666665,822.75,1736.8333333333333,2024 기준년월12개의 월별일평균 값을 동일 가중 평균,12
2623051000,부산진구 부전1동,20대미만,445.75,52.25,428.5833333333333,2024 기준년월12개의 월별일평균 값을 동일 가중 평균,12
2623051000,부산진구 부전1동,30대,1902.9166666666667,892.75,1334.6666666666667,2024 기준년월12개의 월별일평균 값을 동일 가중 평균,12
2623051000,부산진구 부전1동,40대,1211.5,779.0833333333334,1217.8333333333333,2024 기준년월12개의 월별일평균 값을 동일 가중 평균,12
2623051000,부산진구 부전1동,50대,1580.3333333333333,965.0,1742.25,2024 기준년월12개의 월별일평균 값을 동일 가중 평균,12
2623051000,부산진구 부전1동,60대이상,3535.5833333333335,1247.8333333333333,4478.25,2024 기준년월12개의 월별일평균 값을 동일 가중 평균,12
2623052000,부산진구 부전2동,20대,2037.9166666666667,2121.5833333333335,6669.416666666667,2024 기준년월12개의 월별일평균 값을 동일 가중 평균,12
2623052000,부산진구 부전2동,20대미만,451.9166666666667,155.08333333333334,1676.8333333333333,2024 기준년월12개의 월별일평균 값을 동일 가중 평균,12
2623052000,부산진구 부전2동,30대,1790.5833333333333,1455.8333333333333,3450.25,2024 기준년월12개의 월별일평균 값을 동일 가중 평균,12
2623052000,부산진구 부전2동,40대,1258.3333333333333,1051.9166666666667,2238.6666666666665,2024 기준년월12개의 월별일평균 값을 동일 가중 평균,12
2623052000,부산진구 부전2동,50대,1213.0,984.5,2073.4166666666665,2024 기준년월12개의 월별일평균 값을 동일 가중 평균,12
2623052000,부산진구 부전2동,60대이상,1813.6666666666667,765.75,2776.3333333333335,2024 기준년월12개의 월별일평균 값을 동일 가중 평균,12
2623054000,부산진구 연지동,20대,679.3333333333334,80.66666666666667,179.91666666666666,2024 기준년월12개의 월별일평균 값을 동일 가중 평균,12
2623054000,부산진구 연지동,20대미만,649.9166666666666,62.916666666666664,185.41666666666666,2024 기준년월12개의 월별일평균 값을 동일 가중 평균,12
2623054000,부산진구 연지동,30대,940.0833333333334,110.41666666666667,240.75,2024 기준년월12개의 월별일평균 값을 동일 가중 평균,12
2623054000,부산진구 연지동,40대,1173.1666666666667,157.25,265.25,2024 기준년월12개의 월별일평균 값을 동일 가중 평균,12
2623054000,부산진구 연지동,50대,1380.25,163.0,284.6666666666667,2024 기준년월12개의 월별일평균 값을 동일 가중 평균,12
2623054000,부산진구 연지동,60대이상,3799.0833333333335,171.0,553.6666666666666,2024 기준년월12개의 월별일평균 값을 동일 가중 평균,12
2623055000,부산진구 초읍동,20대,1332.25,191.33333333333334,367.1666666666667,2024 기준년월12개의 월별일평균 값을 동일 가중 평균,12
2623055000,부산진구 초읍동,20대미만,1781.0,118.41666666666667,288.25,2024 기준년월12개의 월별일평균 값을 동일 가중 평균,12
2623055000,부산진구 초읍동,30대,1602.4166666666667,215.0,539.0,2024 기준년월12개의 월별일평균 값을 동일 가중 평균,12
2623055000,부산진구 초읍동,40대,2125.6666666666665,316.6666666666667,650.6666666666666,2024 기준년월12개의 월별일평균 값을 동일 가중 평균,12
2623055000,부산진구 초읍동,50대,2656.75,421.25,794.0833333333334,2024 기준년월12개의 월별일평균 값을 동일 가중 평균,12
2623055000,부산진구 초읍동,60대이상,7578.583333333333,388.3333333333333,1435.25,2024 기준년월12개의 월별일평균 값을 동일 가중 평균,12
2623056000,부산진구 양정1동,20대,1755.0833333333333,549.5,712.1666666666666,2024 기준년월12개의 월별일평균 값을 동일 가중 평균,12
2623056000,부산진구 양정1동,20대미만,1336.1666666666667,334.5,352.75,2024 기준년월12개의 월별일평균 값을 동일 가중 평균,12
2623056000,부산진구 양정1동,30대,1747.0,377.0,654.1666666666666,2024 기준년월12개의 월별일평균 값을 동일 가중 평균,12
2623056000,부산진구 양정1동,40대,1829.5,436.5833333333333,648.4166666666666,2024 기준년월12개의 월별일평균 값을 동일 가중 평균,12
2623056000,부산진구 양정1동,50대,2456.6666666666665,537.5,773.1666666666666,2024 기준년월12개의 월별일평균 값을 동일 가중 평균,12
2623056000,부산진구 양정1동,60대이상,5421.916666666667,476.3333333333333,1216.1666666666667,2024 기준년월12개의 월별일평균 값을 동일 가중 평균,12
2623057000,부산진구 양정2동,20대,1801.1666666666667,236.66666666666666,475.4166666666667,2024 기준년월12개의 월별일평균 값을 동일 가중 평균,12
2623057000,부산진구 양정2동,20대미만,552.6666666666666,212.58333333333334,205.0,2024 기준년월12개의 월별일평균 값을 동일 가중 평균,12
2623057000,부산진구 양정2동,30대,1593.5,256.6666666666667,424.9166666666667,2024 기준년월12개의 월별일평균 값을 동일 가중 평균,12
2623057000,부산진구 양정2동,40대,1087.5833333333333,278.4166666666667,433.25,2024 기준년월12개의 월별일평균 값을 동일 가중 평균,12
2623057000,부산진구 양정2동,50대,993.9166666666666,330.1666666666667,614.5833333333334,2024 기준년월12개의 월별일평균 값을 동일 가중 평균,12
2623057000,부산진구 양정2동,60대이상,2145.4166666666665,229.66666666666666,981.75,2024 기준년월12개의 월별일평균 값을 동일 가중 평균,12
2623060000,부산진구 전포1동,20대,2973.1666666666665,810.4166666666666,2004.25,2024 기준년월12개의 월별일평균 값을 동일 가중 평균,12
2623060000,부산진구 전포1동,20대미만,796.25,332.1666666666667,529.0,2024 기준년월12개의 월별일평균 값을 동일 가중 평균,12
2623060000,부산진구 전포1동,30대,2778.8333333333335,629.9166666666666,1095.9166666666667,2024 기준년월12개의 월별일평균 값을 동일 가중 평균,12
2623060000,부산진구 전포1동,40대,1560.5,414.8333333333333,597.0833333333334,2024 기준년월12개의 월별일평균 값을 동일 가중 평균,12
2623060000,부산진구 전포1동,50대,1641.6666666666667,389.75,554.9166666666666,2024 기준년월12개의 월별일평균 값을 동일 가중 평균,12
2623060000,부산진구 전포1동,60대이상,2906.8333333333335,305.1666666666667,679.0,2024 기준년월12개의 월별일평균 값을 동일 가중 평균,12
2623061000,부산진구 전포2동,20대,2426.0,571.25,1755.3333333333333,2024 기준년월12개의 월별일평균 값을 동일 가중 평균,12
2623061000,부산진구 전포2동,20대미만,959.5833333333334,63.083333333333336,490.5833333333333,2024 기준년월12개의 월별일평균 값을 동일 가중 평균,12
2623061000,부산진구 전포2동,30대,2730.8333333333335,509.9166666666667,1146.0833333333333,2024 기준년월12개의 월별일평균 값을 동일 가중 평균,12
2623061000,부산진구 전포2동,40대,2117.5833333333335,410.25,715.25,2024 기준년월12개의 월별일평균 값을 동일 가중 평균,12
2623061000,부산진구 전포2동,50대,2339.25,473.3333333333333,680.4166666666666,2024 기준년월12개의 월별일평균 값을 동일 가중 평균,12
2623061000,부산진구 전포2동,60대이상,5459.0,422.0,1093.5833333333333,2024 기준년월12개의 월별일평균 값을 동일 가중 평균,12
2623064000,부산진구 부암1동,20대,1602.5833333333333,196.58333333333334,489.3333333333333,2024 기준년월12개의 월별일평균 값을 동일 가중 평균,12
2623064000,부산진구 부암1동,20대미만,1193.0833333333333,33.083333333333336,229.66666666666666,2024 기준년월12개의 월별일평균 값을 동일 가중 평균,12
2623064000,부산진구 부암1동,30대,2323.1666666666665,288.5,565.3333333333334,2024 기준년월12개의 월별일평균 값을 동일 가중 평균,12
2623064000,부산진구 부암1동,40대,2000.25,273.25,504.9166666666667,2024 기준년월12개의 월별일평균 값을 동일 가중 평균,12
2623064000,부산진구 부암1동,50대,2388.1666666666665,335.25,646.1666666666666,2024 기준년월12개의 월별일평균 값을 동일 가중 평균,12
2623064000,부산진구 부암1동,60대이상,5030.0,285.0833333333333,1053.0,2024 기준년월12개의 월별일평균 값을 동일 가중 평균,12
2623066000,부산진구 부암3동,20대,1183.4166666666667,126.33333333333333,354.25,2024 기준년월12개의 월별일평균 값을 동일 가중 평균,12
2623066000,부산진구 부암3동,20대미만,1492.75,120.66666666666667,367.9166666666667,2024 기준년월12개의 월별일평균 값을 동일 가중 평균,12
2623066000,부산진구 부암3동,30대,1768.1666666666667,138.91666666666666,405.6666666666667,2024 기준년월12개의 월별일평균 값을 동일 가중 평균,12
2623066000,부산진구 부암3동,40대,1882.3333333333333,209.58333333333334,494.0,2024 기준년월12개의 월별일평균 값을 동일 가중 평균,12
2623066000,부산진구 부암3동,50대,2553.1666666666665,310.4166666666667,693.4166666666666,2024 기준년월12개의 월별일평균 값을 동일 가중 평균,12
2623066000,부산진구 부암3동,60대이상,4836.333333333333,291.9166666666667,1445.6666666666667,2024 기준년월12개의 월별일평균 값을 동일 가중 평균,12
2623067000,부산진구 당감1동,20대,1414.8333333333333,169.66666666666666,328.4166666666667,2024 기준년월12개의 월별일평균 값을 동일 가중 평균,12
2623067000,부산진구 당감1동,20대미만,1338.25,122.5,313.6666666666667,2024 기준년월12개의 월별일평균 값을 동일 가중 평균,12
2623067000,부산진구 당감1동,30대,1431.9166666666667,167.41666666666666,373.0833333333333,2024 기준년월12개의 월별일평균 값을 동일 가중 평균,12
2623067000,부산진구 당감1동,40대,1797.4166666666667,226.08333333333334,418.5833333333333,2024 기준년월12개의 월별일평균 값을 동일 가중 평균,12
2623067000,부산진구 당감1동,50대,2944.5833333333335,360.0,613.9166666666666,2024 기준년월12개의 월별일평균 값을 동일 가중 평균,12
2623067000,부산진구 당감1동,60대이상,5900.5,345.3333333333333,1031.8333333333333,2024 기준년월12개의 월별일평균 값을 동일 가중 평균,12
2623068000,부산진구 당감2동,20대,439.0833333333333,44.0,172.08333333333334,2024 기준년월12개의 월별일평균 값을 동일 가중 평균,12
2623068000,부산진구 당감2동,20대미만,344.3333333333333,7.416666666666667,97.25,2024 기준년월12개의 월별일평균 값을 동일 가중 평균,12
2623068000,부산진구 당감2동,30대,582.75,70.33333333333333,237.66666666666666,2024 기준년월12개의 월별일평균 값을 동일 가중 평균,12
2623068000,부산진구 당감2동,40대,748.5,75.25,233.08333333333334,2024 기준년월12개의 월별일평균 값을 동일 가중 평균,12
2623068000,부산진구 당감2동,50대,744.9166666666666,107.5,295.1666666666667,2024 기준년월12개의 월별일평균 값을 동일 가중 평균,12
2623068000,부산진구 당감2동,60대이상,1690.25,93.33333333333333,517.3333333333334,2024 기준년월12개의 월별일평균 값을 동일 가중 평균,12
2623070000,부산진구 당감4동,20대,572.25,59.083333333333336,188.91666666666666,2024 기준년월12개의 월별일평균 값을 동일 가중 평균,12
2623070000,부산진구 당감4동,20대미만,788.5,42.583333333333336,171.33333333333334,2024 기준년월12개의 월별일평균 값을 동일 가중 평균,12
2623070000,부산진구 당감4동,30대,658.0,75.5,261.0,2024 기준년월12개의 월별일평균 값을 동일 가중 평균,12
2623070000,부산진구 당감4동,40대,867.9166666666666,88.25,286.4166666666667,2024 기준년월12개의 월별일평균 값을 동일 가중 평균,12
2623070000,부산진구 당감4동,50대,1214.5,144.41666666666666,358.75,2024 기준년월12개의 월별일평균 값을 동일 가중 평균,12
2623070000,부산진구 당감4동,60대이상,2600.4166666666665,147.58333333333334,592.9166666666666,2024 기준년월12개의 월별일평균 값을 동일 가중 평균,12
2623071000,부산진구 가야1동,20대,1778.0833333333333,692.0833333333334,926.25,2024 기준년월12개의 월별일평균 값을 동일 가중 평균,12
2623071000,부산진구 가야1동,20대미만,1468.0833333333333,245.5,504.0833333333333,2024 기준년월12개의 월별일평균 값을 동일 가중 평균,12
2623071000,부산진구 가야1동,30대,1218.9166666666667,222.25,573.0833333333334,2024 기준년월12개의 월별일평균 값을 동일 가중 평균,12
2623071000,부산진구 가야1동,40대,1530.5,299.25,601.6666666666666,2024 기준년월12개의 월별일평균 값을 동일 가중 평균,12
2623071000,부산진구 가야1동,50대,1946.0833333333333,402.1666666666667,743.5833333333334,2024 기준년월12개의 월별일평균 값을 동일 가중 평균,12
2623071000,부산진구 가야1동,60대이상,5208.416666666667,335.9166666666667,1272.25,2024 기준년월12개의 월별일평균 값을 동일 가중 평균,12
2623072000,부산진구 가야2동,20대,734.1666666666666,76.25,321.5,2024 기준년월12개의 월별일평균 값을 동일 가중 평균,12
2623072000,부산진구 가야2동,20대미만,610.6666666666666,58.083333333333336,266.1666666666667,2024 기준년월12개의 월별일평균 값을 동일 가중 평균,12
2623072000,부산진구 가야2동,30대,800.5833333333334,77.83333333333333,362.9166666666667,2024 기준년월12개의 월별일평균 값을 동일 가중 평균,12
2623072000,부산진구 가야2동,40대,952.3333333333334,92.91666666666667,386.5,2024 기준년월12개의 월별일평균 값을 동일 가중 평균,12
2623072000,부산진구 가야2동,50대,1210.5,158.0,523.0,2024 기준년월12개의 월별일평균 값을 동일 가중 평균,12
2623072000,부산진구 가야2동,60대이상,3247.1666666666665,196.75,969.25,2024 기준년월12개의 월별일평균 값을 동일 가중 평균,12
2623074000,부산진구 개금1동,20대,2210.25,218.5,501.3333333333333,2024 기준년월12개의 월별일평균 값을 동일 가중 평균,12
2623074000,부산진구 개금1동,20대미만,736.4166666666666,40.0,269.9166666666667,2024 기준년월12개의 월별일평균 값을 동일 가중 평균,12
2623074000,부산진구 개금1동,30대,1739.4166666666667,173.25,393.9166666666667,2024 기준년월12개의 월별일평균 값을 동일 가중 평균,12
2623074000,부산진구 개금1동,40대,1537.0833333333333,203.16666666666666,410.75,2024 기준년월12개의 월별일평균 값을 동일 가중 평균,12
2623074000,부산진구 개금1동,50대,1745.3333333333333,263.1666666666667,521.0,2024 기준년월12개의 월별일평균 값을 동일 가중 평균,12
2623074000,부산진구 개금1동,60대이상,3714.0,271.1666666666667,873.0833333333334,2024 기준년월12개의 월별일평균 값을 동일 가중 평균,12
2623075000,부산진구 개금2동,20대,803.75,190.58333333333334,498.8333333333333,2024 기준년월12개의 월별일평균 값을 동일 가중 평균,12
2623075000,부산진구 개금2동,20대미만,626.0833333333334,24.166666666666668,182.58333333333334,2024 기준년월12개의 월별일평균 값을 동일 가중 평균,12
2623075000,부산진구 개금2동,30대,619.5,191.83333333333334,405.0,2024 기준년월12개의 월별일평균 값을 동일 가중 평균,12
2623075000,부산진구 개금2동,40대,814.0833333333334,169.58333333333334,400.8333333333333,2024 기준년월12개의 월별일평균 값을 동일 가중 평균,12
2623075000,부산진구 개금2동,50대,1159.3333333333333,183.0,484.9166666666667,2024 기준년월12개의 월별일평균 값을 동일 가중 평균,12
2623075000,부산진구 개금2동,60대이상,2942.8333333333335,161.33333333333334,984.8333333333334,2024 기준년월12개의 월별일평균 값을 동일 가중 평균,12
2623076000,부산진구 개금3동,20대,1651.3333333333333,188.08333333333334,315.0833333333333,2024 기준년월12개의 월별일평균 값을 동일 가중 평균,12
2623076000,부산진구 개금3동,20대미만,1524.1666666666667,121.0,310.9166666666667,2024 기준년월12개의 월별일평균 값을 동일 가중 평균,12
2623076000,부산진구 개금3동,30대,1982.5833333333333,202.58333333333334,425.25,2024 기준년월12개의 월별일평균 값을 동일 가중 평균,12
2623076000,부산진구 개금3동,40대,2145.25,231.83333333333334,399.0833333333333,2024 기준년월12개의 월별일평균 값을 동일 가중 평균,12
2623076000,부산진구 개금3동,50대,2969.6666666666665,328.5,545.3333333333334,2024 기준년월12개의 월별일평균 값을 동일 가중 평균,12
2623076000,부산진구 개금3동,60대이상,7395.416666666667,340.0,973.9166666666666,2024 기준년월12개의 월별일평균 값을 동일 가중 평균,12
2623077000,부산진구 범천1동,20대,1672.5833333333333,477.0,1050.3333333333333,2024 기준년월12개의 월별일평균 값을 동일 가중 평균,12
2623077000,부산진구 범천1동,20대미만,445.6666666666667,18.166666666666668,343.25,2024 기준년월12개의 월별일평균 값을 동일 가중 평균,12
2623077000,부산진구 범천1동,30대,1767.8333333333333,616.9166666666666,1091.0,2024 기준년월12개의 월별일평균 값을 동일 가중 평균,12
2623077000,부산진구 범천1동,40대,1175.8333333333333,604.25,1002.8333333333334,2024 기준년월12개의 월별일평균 값을 동일 가중 평균,12
2623077000,부산진구 범천1동,50대,1231.9166666666667,743.6666666666666,1192.9166666666667,2024 기준년월12개의 월별일평균 값을 동일 가중 평균,12
2623077000,부산진구 범천1동,60대이상,2739.75,649.5833333333334,2139.5833333333335,2024 기준년월12개의 월별일평균 값을 동일 가중 평균,12
2623078000,부산진구 범천2동,20대,1414.5833333333333,126.25,349.6666666666667,2024 기준년월12개의 월별일평균 값을 동일 가중 평균,12
2623078000,부산진구 범천2동,20대미만,697.4166666666666,17.666666666666668,130.0,2024 기준년월12개의 월별일평균 값을 동일 가중 평균,12
2623078000,부산진구 범천2동,30대,2351.1666666666665,191.83333333333334,439.6666666666667,2024 기준년월12개의 월별일평균 값을 동일 가중 평균,12
2623078000,부산진구 범천2동,40대,1990.0,187.5,353.0833333333333,2024 기준년월12개의 월별일평균 값을 동일 가중 평균,12
2623078000,부산진구 범천2동,50대,2103.0,277.75,408.5,2024 기준년월12개의 월별일평균 값을 동일 가중 평균,12
2623078000,부산진구 범천2동,60대이상,5414.666666666667,281.9166666666667,777.1666666666666,2024 기준년월12개의 월별일평균 값을 동일 가중 평균,12
2626051000,동래구 수민동,20대,1664.4166666666667,267.4166666666667,584.4166666666666,2024 기준년월12개의 월별일평균 값을 동일 가중 평균,12
2626051000,동래구 수민동,20대미만,1495.8333333333333,124.75,557.25,2024 기준년월12개의 월별일평균 값을 동일 가중 평균,12
2626051000,동래구 수민동,30대,1905.4166666666667,361.0,703.6666666666666,2024 기준년월12개의 월별일평균 값을 동일 가중 평균,12
2626051000,동래구 수민동,40대,2281.1666666666665,423.4166666666667,886.5833333333334,2024 기준년월12개의 월별일평균 값을 동일 가중 평균,12
2626051000,동래구 수민동,50대,2570.3333333333335,512.9166666666666,1154.8333333333333,2024 기준년월12개의 월별일평균 값을 동일 가중 평균,12
2626051000,동래구 수민동,60대이상,7981.583333333333,451.5833333333333,2342.25,2024 기준년월12개의 월별일평균 값을 동일 가중 평균,12
2626052000,동래구 복산동,20대,499.0,58.166666666666664,114.33333333333333,2024 기준년월12개의 월별일평균 값을 동일 가중 평균,12
2626052000,동래구 복산동,20대미만,359.6666666666667,21.666666666666668,132.5,2024 기준년월12개의 월별일평균 값을 동일 가중 평균,12
2626052000,동래구 복산동,30대,505.5833333333333,64.08333333333333,130.5,2024 기준년월12개의 월별일평균 값을 동일 가중 평균,12
2626052000,동래구 복산동,40대,653.6666666666666,90.0,195.5,2024 기준년월12개의 월별일평균 값을 동일 가중 평균,12
2626052000,동래구 복산동,50대,1064.25,132.83333333333334,251.0,2024 기준년월12개의 월별일평균 값을 동일 가중 평균,12
2626052000,동래구 복산동,60대이상,3246.25,165.16666666666666,460.0833333333333,2024 기준년월12개의 월별일평균 값을 동일 가중 평균,12
2626054500,동래구 명륜동,20대,1563.5,511.8333333333333,1430.1666666666667,2024 기준년월12개의 월별일평균 값을 동일 가중 평균,12
2626054500,동래구 명륜동,20대미만,2502.1666666666665,286.1666666666667,682.0833333333334,2024 기준년월12개의 월별일평균 값을 동일 가중 평균,12
2626054500,동래구 명륜동,30대,2048.8333333333335,540.0833333333334,1205.5,2024 기준년월12개의 월별일평균 값을 동일 가중 평균,12
2626054500,동래구 명륜동,40대,3322.1666666666665,625.3333333333334,1270.25,2024 기준년월12개의 월별일평균 값을 동일 가중 평균,12
2626054500,동래구 명륜동,50대,3179.9166666666665,786.9166666666666,1469.6666666666667,2024 기준년월12개의 월별일평균 값을 동일 가중 평균,12
2626054500,동래구 명륜동,60대이상,4762.5,599.5833333333334,2514.1666666666665,2024 기준년월12개의 월별일평균 값을 동일 가중 평균,12
2626055000,동래구 온천1동,20대,2590.25,405.25,940.6666666666666,2024 기준년월12개의 월별일평균 값을 동일 가중 평균,12
2626055000,동래구 온천1동,20대미만,1752.1666666666667,207.08333333333334,574.75,2024 기준년월12개의 월별일평균 값을 동일 가중 평균,12
2626055000,동래구 온천1동,30대,3309.3333333333335,449.5,1127.1666666666667,2024 기준년월12개의 월별일평균 값을 동일 가중 평균,12
2626055000,동래구 온천1동,40대,3023.3333333333335,512.3333333333334,1256.5833333333333,2024 기준년월12개의 월별일평균 값을 동일 가중 평균,12
2626055000,동래구 온천1동,50대,2868.75,628.6666666666666,1411.4166666666667,2024 기준년월12개의 월별일평균 값을 동일 가중 평균,12
2626055000,동래구 온천1동,60대이상,5503.833333333333,559.1666666666666,2246.5,2024 기준년월12개의 월별일평균 값을 동일 가중 평균,12
2626056000,동래구 온천2동,20대,879.0,205.0,386.0833333333333,2024 기준년월12개의 월별일평균 값을 동일 가중 평균,12
2626056000,동래구 온천2동,20대미만,1326.0833333333333,137.58333333333334,244.25,2024 기준년월12개의 월별일평균 값을 동일 가중 평균,12
2626056000,동래구 온천2동,30대,1153.8333333333333,292.9166666666667,394.5833333333333,2024 기준년월12개의 월별일평균 값을 동일 가중 평균,12
2626056000,동래구 온천2동,40대,1619.25,321.6666666666667,470.75,2024 기준년월12개의 월별일평균 값을 동일 가중 평균,12
2626056000,동래구 온천2동,50대,1450.3333333333333,329.0,595.25,2024 기준년월12개의 월별일평균 값을 동일 가중 평균,12
2626056000,동래구 온천2동,60대이상,3409.0833333333335,274.8333333333333,1101.6666666666667,2024 기준년월12개의 월별일평균 값을 동일 가중 평균,12
2626057000,동래구 온천3동,20대,3142.9166666666665,289.6666666666667,1368.5,2024 기준년월12개의 월별일평균 값을 동일 가중 평균,12
2626057000,동래구 온천3동,20대미만,2279.0833333333335,166.58333333333334,1645.8333333333333,2024 기준년월12개의 월별일평균 값을 동일 가중 평균,12
2626057000,동래구 온천3동,30대,3261.9166666666665,324.1666666666667,2014.8333333333333,2024 기준년월12개의 월별일평균 값을 동일 가중 평균,12
2626057000,동래구 온천3동,40대,3592.75,449.8333333333333,2479.25,2024 기준년월12개의 월별일평균 값을 동일 가중 평균,12
2626057000,동래구 온천3동,50대,4376.5,530.5,2127.4166666666665,2024 기준년월12개의 월별일평균 값을 동일 가중 평균,12
2626057000,동래구 온천3동,60대이상,9497.583333333334,488.1666666666667,3935.1666666666665,2024 기준년월12개의 월별일평균 값을 동일 가중 평균,12
2626058000,동래구 사직1동,20대,633.5,226.83333333333334,584.1666666666666,2024 기준년월12개의 월별일평균 값을 동일 가중 평균,12
2626058000,동래구 사직1동,20대미만,872.0,139.08333333333334,730.4166666666666,2024 기준년월12개의 월별일평균 값을 동일 가중 평균,12
2626058000,동래구 사직1동,30대,793.1666666666666,219.25,593.1666666666666,2024 기준년월12개의 월별일평균 값을 동일 가중 평균,12
2626058000,동래구 사직1동,40대,1007.6666666666666,236.58333333333334,794.5,2024 기준년월12개의 월별일평균 값을 동일 가중 평균,12
2626058000,동래구 사직1동,50대,965.0833333333334,249.75,822.5833333333334,2024 기준년월12개의 월별일평균 값을 동일 가중 평균,12
2626058000,동래구 사직1동,60대이상,2368.1666666666665,258.0833333333333,1253.4166666666667,2024 기준년월12개의 월별일평균 값을 동일 가중 평균,12
2626059000,동래구 사직2동,20대,1592.4166666666667,191.5,850.8333333333334,2024 기준년월12개의 월별일평균 값을 동일 가중 평균,12
2626059000,동래구 사직2동,20대미만,3173.0,322.4166666666667,905.0,2024 기준년월12개의 월별일평균 값을 동일 가중 평균,12
2626059000,동래구 사직2동,30대,1505.0,181.66666666666666,704.5833333333334,2024 기준년월12개의 월별일평균 값을 동일 가중 평균,12
2626059000,동래구 사직2동,40대,2916.9166666666665,350.4166666666667,985.9166666666666,2024 기준년월12개의 월별일평균 값을 동일 가중 평균,12
2626059000,동래구 사직2동,50대,3152.0833333333335,345.0833333333333,913.3333333333334,2024 기준년월12개의 월별일평균 값을 동일 가중 평균,12
2626059000,동래구 사직2동,60대이상,4314.0,273.75,1327.6666666666667,2024 기준년월12개의 월별일평균 값을 동일 가중 평균,12
2626060000,동래구 사직3동,20대,1045.5833333333333,161.08333333333334,336.25,2024 기준년월12개의 월별일평균 값을 동일 가중 평균,12
2626060000,동래구 사직3동,20대미만,1700.75,85.25,463.6666666666667,2024 기준년월12개의 월별일평균 값을 동일 가중 평균,12
2626060000,동래구 사직3동,30대,1163.5,210.83333333333334,356.0833333333333,2024 기준년월12개의 월별일평균 값을 동일 가중 평균,12
2626060000,동래구 사직3동,40대,2223.75,278.4166666666667,533.5833333333334,2024 기준년월12개의 월별일평균 값을 동일 가중 평균,12
2626060000,동래구 사직3동,50대,1797.5833333333333,287.6666666666667,543.8333333333334,2024 기준년월12개의 월별일평균 값을 동일 가중 평균,12
2626060000,동래구 사직3동,60대이상,4020.0,230.41666666666666,793.0,2024 기준년월12개의 월별일평균 값을 동일 가중 평균,12
2626074000,동래구 안락1동,20대,738.6666666666666,140.33333333333334,288.4166666666667,2024 기준년월12개의 월별일평균 값을 동일 가중 평균,12
2626074000,동래구 안락1동,20대미만,623.0,37.833333333333336,214.5,2024 기준년월12개의 월별일평균 값을 동일 가중 평균,12
2626074000,동래구 안락1동,30대,841.8333333333334,167.83333333333334,366.8333333333333,2024 기준년월12개의 월별일평균 값을 동일 가중 평균,12
2626074000,동래구 안락1동,40대,1017.3333333333334,208.66666666666666,506.75,2024 기준년월12개의 월별일평균 값을 동일 가중 평균,12
2626074000,동래구 안락1동,50대,1320.8333333333333,277.5,652.5,2024 기준년월12개의 월별일평균 값을 동일 가중 평균,12
2626074000,동래구 안락1동,60대이상,3996.1666666666665,337.6666666666667,1277.9166666666667,2024 기준년월12개의 월별일평균 값을 동일 가중 평균,12
2626075000,동래구 안락2동,20대,1785.3333333333333,250.41666666666666,459.8333333333333,2024 기준년월12개의 월별일평균 값을 동일 가중 평균,12
2626075000,동래구 안락2동,20대미만,2164.0833333333335,111.58333333333333,444.3333333333333,2024 기준년월12개의 월별일평균 값을 동일 가중 평균,12
2626075000,동래구 안락2동,30대,1990.1666666666667,331.0833333333333,526.9166666666666,2024 기준년월12개의 월별일평균 값을 동일 가중 평균,12
2626075000,동래구 안락2동,40대,2666.9166666666665,448.5833333333333,700.1666666666666,2024 기준년월12개의 월별일평균 값을 동일 가중 평균,12
2626075000,동래구 안락2동,50대,3234.9166666666665,513.1666666666666,741.1666666666666,2024 기준년월12개의 월별일평균 값을 동일 가중 평균,12
2626075000,동래구 안락2동,60대이상,6973.75,414.6666666666667,1239.0833333333333,2024 기준년월12개의 월별일평균 값을 동일 가중 평균,12
2626076100,동래구 명장1동,20대,841.9166666666666,98.33333333333333,220.33333333333334,2024 기준년월12개의 월별일평균 값을 동일 가중 평균,12
2626076100,동래구 명장1동,20대미만,1013.9166666666666,246.08333333333334,225.58333333333334,2024 기준년월12개의 월별일평균 값을 동일 가중 평균,12
2626076100,동래구 명장1동,30대,1054.1666666666667,130.41666666666666,239.75,2024 기준년월12개의 월별일평균 값을 동일 가중 평균,12
2626076100,동래구 명장1동,40대,1406.3333333333333,178.08333333333334,318.8333333333333,2024 기준년월12개의 월별일평균 값을 동일 가중 평균,12
2626076100,동래구 명장1동,50대,1538.25,238.41666666666666,391.5,2024 기준년월12개의 월별일평균 값을 동일 가중 평균,12
2626076100,동래구 명장1동,60대이상,4220.5,280.4166666666667,788.5833333333334,2024 기준년월12개의 월별일평균 값을 동일 가중 평균,12
2626076200,동래구 명장2동,20대,529.3333333333334,50.166666666666664,96.16666666666667,2024 기준년월12개의 월별일평균 값을 동일 가중 평균,12
2626076200,동래구 명장2동,20대미만,508.5,152.91666666666666,192.16666666666666,2024 기준년월12개의 월별일평균 값을 동일 가중 평균,12
2626076200,동래구 명장2동,30대,750.5,61.5,146.83333333333334,2024 기준년월12개의 월별일평균 값을 동일 가중 평균,12
2626076200,동래구 명장2동,40대,837.8333333333334,95.83333333333333,180.5,2024 기준년월12개의 월별일평균 값을 동일 가중 평균,12
2626076200,동래구 명장2동,50대,1068.1666666666667,135.41666666666666,209.16666666666666,2024 기준년월12개의 월별일평균 값을 동일 가중 평균,12
2626076200,동래구 명장2동,60대이상,2815.5833333333335,149.41666666666666,427.9166666666667,2024 기준년월12개의 월별일평균 값을 동일 가중 평균,12
2629051000,남구 대연1동,20대,2673.0,302.5833333333333,1152.0833333333333,2024 기준년월12개의 월별일평균 값을 동일 가중 평균,12
2629051000,남구 대연1동,20대미만,857.3333333333334,87.08333333333333,639.0833333333334,2024 기준년월12개의 월별일평균 값을 동일 가중 평균,12
2629051000,남구 대연1동,30대,1207.9166666666667,213.58333333333334,841.5,2024 기준년월12개의 월별일평균 값을 동일 가중 평균,12
2629051000,남구 대연1동,40대,1250.0833333333333,261.0,943.5,2024 기준년월12개의 월별일평균 값을 동일 가중 평균,12
2629051000,남구 대연1동,50대,1680.1666666666667,334.8333333333333,1106.75,2024 기준년월12개의 월별일평균 값을 동일 가중 평균,12
2629051000,남구 대연1동,60대이상,4329.5,277.5,1766.3333333333333,2024 기준년월12개의 월별일평균 값을 동일 가중 평균,12
2629053000,남구 대연3동,20대,5406.583333333333,2329.1666666666665,2823.75,2024 기준년월12개의 월별일평균 값을 동일 가중 평균,12
2629053000,남구 대연3동,20대미만,3850.5833333333335,560.6666666666666,1364.25,2024 기준년월12개의 월별일평균 값을 동일 가중 평균,12
2629053000,남구 대연3동,30대,3056.1666666666665,867.5,1294.3333333333333,2024 기준년월12개의 월별일평균 값을 동일 가중 평균,12
2629053000,남구 대연3동,40대,4240.666666666667,921.4166666666666,1316.6666666666667,2024 기준년월12개의 월별일평균 값을 동일 가중 평균,12
2629053000,남구 대연3동,50대,3803.5833333333335,823.8333333333334,1406.4166666666667,2024 기준년월12개의 월별일평균 값을 동일 가중 평균,12
2629053000,남구 대연3동,60대이상,6290.333333333333,573.5833333333334,1730.0833333333333,2024 기준년월12개의 월별일평균 값을 동일 가중 평균,12
2629054000,남구 대연4동,20대,785.9166666666666,80.25,194.66666666666666,2024 기준년월12개의 월별일평균 값을 동일 가중 평균,12
2629054000,남구 대연4동,20대미만,968.9166666666666,63.75,195.25,2024 기준년월12개의 월별일평균 값을 동일 가중 평균,12
2629054000,남구 대연4동,30대,1415.9166666666667,108.41666666666667,229.41666666666666,2024 기준년월12개의 월별일평균 값을 동일 가중 평균,12
2629054000,남구 대연4동,40대,1448.25,147.83333333333334,284.4166666666667,2024 기준년월12개의 월별일평균 값을 동일 가중 평균,12
2629054000,남구 대연4동,50대,1367.0833333333333,172.0,342.3333333333333,2024 기준년월12개의 월별일평균 값을 동일 가중 평균,12
2629054000,남구 대연4동,60대이상,3337.0,181.41666666666666,667.4166666666666,2024 기준년월12개의 월별일평균 값을 동일 가중 평균,12
2629055000,남구 대연5동,20대,1776.0833333333333,227.58333333333334,411.75,2024 기준년월12개의 월별일평균 값을 동일 가중 평균,12
2629055000,남구 대연5동,20대미만,992.5833333333334,126.91666666666667,235.83333333333334,2024 기준년월12개의 월별일평균 값을 동일 가중 평균,12
2629055000,남구 대연5동,30대,1155.9166666666667,188.16666666666666,298.25,2024 기준년월12개의 월별일평균 값을 동일 가중 평균,12
2629055000,남구 대연5동,40대,1470.5,226.83333333333334,344.25,2024 기준년월12개의 월별일평균 값을 동일 가중 평균,12
2629055000,남구 대연5동,50대,1769.75,272.9166666666667,414.5,2024 기준년월12개의 월별일평균 값을 동일 가중 평균,12
2629055000,남구 대연5동,60대이상,4054.6666666666665,237.75,729.5,2024 기준년월12개의 월별일평균 값을 동일 가중 평균,12
2629056000,남구 대연6동,20대,899.6666666666666,152.41666666666666,194.16666666666666,2024 기준년월12개의 월별일평균 값을 동일 가중 평균,12
2629056000,남구 대연6동,20대미만,1427.0833333333333,145.75,193.91666666666666,2024 기준년월12개의 월별일평균 값을 동일 가중 평균,12
2629056000,남구 대연6동,30대,1183.5,212.16666666666666,219.91666666666666,2024 기준년월12개의 월별일평균 값을 동일 가중 평균,12
2629056000,남구 대연6동,40대,1910.6666666666667,277.9166666666667,291.1666666666667,2024 기준년월12개의 월별일평균 값을 동일 가중 평균,12
2629056000,남구 대연6동,50대,1525.25,262.3333333333333,348.0833333333333,2024 기준년월12개의 월별일평균 값을 동일 가중 평균,12
2629056000,남구 대연6동,60대이상,2797.4166666666665,156.83333333333334,550.9166666666666,2024 기준년월12개의 월별일평균 값을 동일 가중 평균,12
2629057000,남구 용호1동,20대,2590.9166666666665,353.3333333333333,584.0833333333334,2024 기준년월12개의 월별일평균 값을 동일 가중 평균,12
2629057000,남구 용호1동,20대미만,4201.666666666667,184.25,471.1666666666667,2024 기준년월12개의 월별일평균 값을 동일 가중 평균,12
2629057000,남구 용호1동,30대,2607.9166666666665,302.9166666666667,622.5,2024 기준년월12개의 월별일평균 값을 동일 가중 평균,12
2629057000,남구 용호1동,40대,4450.583333333333,494.8333333333333,763.75,2024 기준년월12개의 월별일평균 값을 동일 가중 평균,12
2629057000,남구 용호1동,50대,5784.75,602.5833333333334,904.4166666666666,2024 기준년월12개의 월별일평균 값을 동일 가중 평균,12
2629057000,남구 용호1동,60대이상,10461.666666666666,513.1666666666666,1650.9166666666667,2024 기준년월12개의 월별일평균 값을 동일 가중 평균,12
2629058000,남구 용호2동,20대,1106.5,202.83333333333334,396.5,2024 기준년월12개의 월별일평균 값을 동일 가중 평균,12
2629058000,남구 용호2동,20대미만,1533.25,47.25,211.91666666666666,2024 기준년월12개의 월별일평균 값을 동일 가중 평균,12
2629058000,남구 용호2동,30대,1547.6666666666667,160.58333333333334,360.9166666666667,2024 기준년월12개의 월별일평균 값을 동일 가중 평균,12
2629058000,남구 용호2동,40대,2204.0833333333335,236.0,458.1666666666667,2024 기준년월12개의 월별일평균 값을 동일 가중 평균,12
2629058000,남구 용호2동,50대,2035.9166666666667,239.83333333333334,530.75,2024 기준년월12개의 월별일평균 값을 동일 가중 평균,12
2629058000,남구 용호2동,60대이상,4804.083333333333,220.5,934.5833333333334,2024 기준년월12개의 월별일평균 값을 동일 가중 평균,12
2629059000,남구 용호3동,20대,713.0833333333334,107.16666666666667,204.16666666666666,2024 기준년월12개의 월별일평균 값을 동일 가중 평균,12
2629059000,남구 용호3동,20대미만,724.6666666666666,212.41666666666666,240.83333333333334,2024 기준년월12개의 월별일평균 값을 동일 가중 평균,12
2629059000,남구 용호3동,30대,682.25,114.16666666666667,220.41666666666666,2024 기준년월12개의 월별일평균 값을 동일 가중 평균,12
2629059000,남구 용호3동,40대,935.3333333333334,163.0,323.75,2024 기준년월12개의 월별일평균 값을 동일 가중 평균,12
2629059000,남구 용호3동,50대,1396.75,243.58333333333334,435.3333333333333,2024 기준년월12개의 월별일평균 값을 동일 가중 평균,12
2629059000,남구 용호3동,60대이상,4311.583333333333,256.8333333333333,799.4166666666666,2024 기준년월12개의 월별일평균 값을 동일 가중 평균,12
2629060000,남구 용호4동,20대,449.4166666666667,135.91666666666666,306.8333333333333,2024 기준년월12개의 월별일평균 값을 동일 가중 평균,12
2629060000,남구 용호4동,20대미만,453.0,43.166666666666664,177.75,2024 기준년월12개의 월별일평균 값을 동일 가중 평균,12
2629060000,남구 용호4동,30대,453.5,69.75,226.58333333333334,2024 기준년월12개의 월별일평균 값을 동일 가중 평균,12
2629060000,남구 용호4동,40대,686.25,111.33333333333333,278.8333333333333,2024 기준년월12개의 월별일평균 값을 동일 가중 평균,12
2629060000,남구 용호4동,50대,788.4166666666666,135.91666666666666,323.3333333333333,2024 기준년월12개의 월별일평균 값을 동일 가중 평균,12
2629060000,남구 용호4동,60대이상,2126.0,154.58333333333334,638.8333333333334,2024 기준년월12개의 월별일평균 값을 동일 가중 평균,12
2629061000,남구 용당동,20대,604.5833333333334,288.75,363.0,2024 기준년월12개의 월별일평균 값을 동일 가중 평균,12
2629061000,남구 용당동,20대미만,455.8333333333333,99.91666666666667,153.66666666666666,2024 기준년월12개의 월별일평균 값을 동일 가중 평균,12
2629061000,남구 용당동,30대,434.9166666666667,207.0,266.0,2024 기준년월12개의 월별일평균 값을 동일 가중 평균,12
2629061000,남구 용당동,40대,668.25,247.16666666666666,449.5,2024 기준년월12개의 월별일평균 값을 동일 가중 평균,12
2629061000,남구 용당동,50대,1091.8333333333333,283.9166666666667,574.5833333333334,2024 기준년월12개의 월별일평균 값을 동일 가중 평균,12
2629061000,남구 용당동,60대이상,2080.8333333333335,217.91666666666666,668.9166666666666,2024 기준년월12개의 월별일평균 값을 동일 가중 평균,12
2629062000,남구 감만1동,20대,431.9166666666667,142.83333333333334,212.75,2024 기준년월12개의 월별일평균 값을 동일 가중 평균,12
2629062000,남구 감만1동,20대미만,291.4166666666667,32.25,71.08333333333333,2024 기준년월12개의 월별일평균 값을 동일 가중 평균,12
2629062000,남구 감만1동,30대,383.8333333333333,179.83333333333334,305.25,2024 기준년월12개의 월별일평균 값을 동일 가중 평균,12
2629062000,남구 감만1동,40대,567.4166666666666,203.91666666666666,455.6666666666667,2024 기준년월12개의 월별일평균 값을 동일 가중 평균,12
2629062000,남구 감만1동,50대,760.3333333333334,230.58333333333334,612.6666666666666,2024 기준년월12개의 월별일평균 값을 동일 가중 평균,12
2629062000,남구 감만1동,60대이상,1976.3333333333333,221.5,637.5,2024 기준년월12개의 월별일평균 값을 동일 가중 평균,12
2629063000,남구 감만2동,20대,240.33333333333334,22.583333333333332,128.41666666666666,2024 기준년월12개의 월별일평균 값을 동일 가중 평균,12
2629063000,남구 감만2동,20대미만,246.91666666666666,35.583333333333336,146.66666666666666,2024 기준년월12개의 월별일평균 값을 동일 가중 평균,12
2629063000,남구 감만2동,30대,222.66666666666666,34.416666666666664,135.5,2024 기준년월12개의 월별일평균 값을 동일 가중 평균,12
2629063000,남구 감만2동,40대,363.1666666666667,50.25,214.5,2024 기준년월12개의 월별일평균 값을 동일 가중 평균,12
2629063000,남구 감만2동,50대,653.3333333333334,79.83333333333333,337.25,2024 기준년월12개의 월별일평균 값을 동일 가중 평균,12
2629063000,남구 감만2동,60대이상,1585.8333333333333,76.91666666666667,737.75,2024 기준년월12개의 월별일평균 값을 동일 가중 평균,12
2629064500,남구 우암동,20대,709.25,136.58333333333334,299.6666666666667,2024 기준년월12개의 월별일평균 값을 동일 가중 평균,12
2629064500,남구 우암동,20대미만,830.8333333333334,84.0,180.33333333333334,2024 기준년월12개의 월별일평균 값을 동일 가중 평균,12
2629064500,남구 우암동,30대,710.6666666666666,149.33333333333334,345.4166666666667,2024 기준년월12개의 월별일평균 값을 동일 가중 평균,12
2629064500,남구 우암동,40대,1103.5,193.83333333333334,422.5833333333333,2024 기준년월12개의 월별일평균 값을 동일 가중 평균,12
2629064500,남구 우암동,50대,1415.1666666666667,282.0833333333333,667.5,2024 기준년월12개의 월별일평균 값을 동일 가중 평균,12
2629064500,남구 우암동,60대이상,4737.083333333333,263.5833333333333,1167.5833333333333,2024 기준년월12개의 월별일평균 값을 동일 가중 평균,12
2629068000,남구 문현1동,20대,612.5833333333334,64.25,194.75,2024 기준년월12개의 월별일평균 값을 동일 가중 평균,12
2629068000,남구 문현1동,20대미만,672.5,120.58333333333333,252.16666666666666,2024 기준년월12개의 월별일평균 값을 동일 가중 평균,12
2629068000,남구 문현1동,30대,465.1666666666667,65.58333333333333,258.9166666666667,2024 기준년월12개의 월별일평균 값을 동일 가중 평균,12
2629068000,남구 문현1동,40대,767.5833333333334,112.5,296.3333333333333,2024 기준년월12개의 월별일평균 값을 동일 가중 평균,12
2629068000,남구 문현1동,50대,1119.0833333333333,154.08333333333334,371.9166666666667,2024 기준년월12개의 월별일평균 값을 동일 가중 평균,12
2629068000,남구 문현1동,60대이상,2700.5,150.91666666666666,673.1666666666666,2024 기준년월12개의 월별일평균 값을 동일 가중 평균,12
2629069000,남구 문현2동,20대,443.3333333333333,333.25,362.9166666666667,2024 기준년월12개의 월별일평균 값을 동일 가중 평균,12
2629069000,남구 문현2동,20대미만,187.16666666666666,50.583333333333336,177.0,2024 기준년월12개의 월별일평균 값을 동일 가중 평균,12
2629069000,남구 문현2동,30대,646.1666666666666,658.5,463.4166666666667,2024 기준년월12개의 월별일평균 값을 동일 가중 평균,12
2629069000,남구 문현2동,40대,497.25,525.75,436.4166666666667,2024 기준년월12개의 월별일평균 값을 동일 가중 평균,12
2629069000,남구 문현2동,50대,566.4166666666666,433.9166666666667,502.5,2024 기준년월12개의 월별일평균 값을 동일 가중 평균,12
2629069000,남구 문현2동,60대이상,1824.8333333333333,244.75,753.0833333333334,2024 기준년월12개의 월별일평균 값을 동일 가중 평균,12
2629070000,남구 문현3동,20대,728.25,100.25,748.9166666666666,2024 기준년월12개의 월별일평균 값을 동일 가중 평균,12
2629070000,남구 문현3동,20대미만,748.5833333333334,48.833333333333336,862.4166666666666,2024 기준년월12개의 월별일평균 값을 동일 가중 평균,12
2629070000,남구 문현3동,30대,918.0,99.58333333333333,756.75,2024 기준년월12개의 월별일평균 값을 동일 가중 평균,12
2629070000,남구 문현3동,40대,1284.8333333333333,156.41666666666666,1039.4166666666667,2024 기준년월12개의 월별일평균 값을 동일 가중 평균,12
2629070000,남구 문현3동,50대,1143.5,164.66666666666666,1347.6666666666667,2024 기준년월12개의 월별일평균 값을 동일 가중 평균,12
2629070000,남구 문현3동,60대이상,3402.9166666666665,210.58333333333334,2693.25,2024 기준년월12개의 월별일평균 값을 동일 가중 평균,12
2629071000,남구 문현4동,20대,436.0,90.16666666666667,191.91666666666666,2024 기준년월12개의 월별일평균 값을 동일 가중 평균,12
2629071000,남구 문현4동,20대미만,272.5833333333333,46.416666666666664,121.58333333333333,2024 기준년월12개의 월별일평균 값을 동일 가중 평균,12
2629071000,남구 문현4동,30대,492.1666666666667,115.08333333333333,232.75,2024 기준년월12개의 월별일평균 값을 동일 가중 평균,12
2629071000,남구 문현4동,40대,518.0833333333334,105.41666666666667,232.41666666666666,2024 기준년월12개의 월별일평균 값을 동일 가중 평균,12
2629071000,남구 문현4동,50대,661.0833333333334,108.5,258.1666666666667,2024 기준년월12개의 월별일평균 값을 동일 가중 평균,12
2629071000,남구 문현4동,60대이상,1704.1666666666667,113.16666666666667,401.9166666666667,2024 기준년월12개의 월별일평균 값을 동일 가중 평균,12
2632051000,북구 구포1동,20대,1097.8333333333333,157.25,456.25,2024 기준년월12개의 월별일평균 값을 동일 가중 평균,12
2632051000,북구 구포1동,20대미만,646.0,8.083333333333334,171.83333333333334,2024 기준년월12개의 월별일평균 값을 동일 가중 평균,12
2632051000,북구 구포1동,30대,1352.3333333333333,197.5,533.3333333333334,2024 기준년월12개의 월별일평균 값을 동일 가중 평균,12
2632051000,북구 구포1동,40대,1222.9166666666667,240.91666666666666,549.6666666666666,2024 기준년월12개의 월별일평균 값을 동일 가중 평균,12
2632051000,북구 구포1동,50대,1803.4166666666667,401.8333333333333,929.6666666666666,2024 기준년월12개의 월별일평균 값을 동일 가중 평균,12
2632051000,북구 구포1동,60대이상,4524.75,532.5,2053.5,2024 기준년월12개의 월별일평균 값을 동일 가중 평균,12
2632052000,북구 구포2동,20대,1824.1666666666667,203.16666666666666,336.5,2024 기준년월12개의 월별일평균 값을 동일 가중 평균,12
2632052000,북구 구포2동,20대미만,1231.4166666666667,151.16666666666666,210.75,2024 기준년월12개의 월별일평균 값을 동일 가중 평균,12
2632052000,북구 구포2동,30대,1982.1666666666667,296.5833333333333,372.8333333333333,2024 기준년월12개의 월별일평균 값을 동일 가중 평균,12
2632052000,북구 구포2동,40대,2135.4166666666665,365.4166666666667,415.0833333333333,2024 기준년월12개의 월별일평균 값을 동일 가중 평균,12
2632052000,북구 구포2동,50대,3108.6666666666665,470.5,596.6666666666666,2024 기준년월12개의 월별일평균 값을 동일 가중 평균,12
2632052000,북구 구포2동,60대이상,7116.083333333333,395.25,1030.25,2024 기준년월12개의 월별일평균 값을 동일 가중 평균,12
2632052100,북구 구포3동,20대,1539.6666666666667,170.25,237.66666666666666,2024 기준년월12개의 월별일평균 값을 동일 가중 평균,12
2632052100,북구 구포3동,20대미만,1241.25,171.66666666666666,151.58333333333334,2024 기준년월12개의 월별일평균 값을 동일 가중 평균,12
2632052100,북구 구포3동,30대,1280.4166666666667,114.41666666666667,198.83333333333334,2024 기준년월12개의 월별일평균 값을 동일 가중 평균,12
2632052100,북구 구포3동,40대,1710.4166666666667,190.66666666666666,228.75,2024 기준년월12개의 월별일평균 값을 동일 가중 평균,12
2632052100,북구 구포3동,50대,2846.5833333333335,318.9166666666667,384.8333333333333,2024 기준년월12개의 월별일평균 값을 동일 가중 평균,12
2632052100,북구 구포3동,60대이상,5921.25,269.9166666666667,607.0,2024 기준년월12개의 월별일평균 값을 동일 가중 평균,12
2632053000,북구 금곡동,20대,2339.1666666666665,258.6666666666667,419.75,2024 기준년월12개의 월별일평균 값을 동일 가중 평균,12
2632053000,북구 금곡동,20대미만,2329.9166666666665,121.66666666666667,338.0,2024 기준년월12개의 월별일평균 값을 동일 가중 평균,12
2632053000,북구 금곡동,30대,2417.3333333333335,272.6666666666667,556.0833333333334,2024 기준년월12개의 월별일평균 값을 동일 가중 평균,12
2632053000,북구 금곡동,40대,3088.75,356.5,613.0,2024 기준년월12개의 월별일평균 값을 동일 가중 평균,12
2632053000,북구 금곡동,50대,4857.833333333333,584.0833333333334,902.0833333333334,2024 기준년월12개의 월별일평균 값을 동일 가중 평균,12
2632053000,북구 금곡동,60대이상,12285.416666666666,521.9166666666666,1586.6666666666667,2024 기준년월12개의 월별일평균 값을 동일 가중 평균,12
2632054100,북구 화명1동,20대,2817.5,263.25,976.8333333333334,2024 기준년월12개의 월별일평균 값을 동일 가중 평균,12
2632054100,북구 화명1동,20대미만,2983.6666666666665,60.833333333333336,1042.1666666666667,2024 기준년월12개의 월별일평균 값을 동일 가중 평균,12
2632054100,북구 화명1동,30대,3383.5,243.91666666666666,1129.6666666666667,2024 기준년월12개의 월별일평균 값을 동일 가중 평균,12
2632054100,북구 화명1동,40대,3541.8333333333335,331.5833333333333,1251.25,2024 기준년월12개의 월별일평균 값을 동일 가중 평균,12
2632054100,북구 화명1동,50대,5178.75,507.25,1475.4166666666667,2024 기준년월12개의 월별일평균 값을 동일 가중 평균,12
2632054100,북구 화명1동,60대이상,7881.166666666667,438.3333333333333,2128.25,2024 기준년월12개의 월별일평균 값을 동일 가중 평균,12
2632054200,북구 화명2동,20대,1451.75,175.5,330.3333333333333,2024 기준년월12개의 월별일평균 값을 동일 가중 평균,12
2632054200,북구 화명2동,20대미만,1475.5,140.91666666666666,292.8333333333333,2024 기준년월12개의 월별일평균 값을 동일 가중 평균,12
2632054200,북구 화명2동,30대,1586.1666666666667,158.0,386.25,2024 기준년월12개의 월별일평균 값을 동일 가중 평균,12
2632054200,북구 화명2동,40대,1602.0833333333333,210.0,395.6666666666667,2024 기준년월12개의 월별일평균 값을 동일 가중 평균,12
2632054200,북구 화명2동,50대,2331.3333333333335,313.75,588.9166666666666,2024 기준년월12개의 월별일평균 값을 동일 가중 평균,12
2632054200,북구 화명2동,60대이상,4427.0,266.0833333333333,874.1666666666666,2024 기준년월12개의 월별일평균 값을 동일 가중 평균,12
2632054300,북구 화명3동,20대,2052.5833333333335,398.8333333333333,833.0,2024 기준년월12개의 월별일평균 값을 동일 가중 평균,12
2632054300,북구 화명3동,20대미만,2558.1666666666665,322.9166666666667,648.3333333333334,2024 기준년월12개의 월별일평균 값을 동일 가중 평균,12
2632054300,북구 화명3동,30대,1721.9166666666667,302.0,728.0,2024 기준년월12개의 월별일평균 값을 동일 가중 평균,12
2632054300,북구 화명3동,40대,2583.25,426.1666666666667,736.1666666666666,2024 기준년월12개의 월별일평균 값을 동일 가중 평균,12
2632054300,북구 화명3동,50대,3363.5,539.6666666666666,961.0,2024 기준년월12개의 월별일평균 값을 동일 가중 평균,12
2632054300,북구 화명3동,60대이상,4645.0,333.5833333333333,1401.25,2024 기준년월12개의 월별일평균 값을 동일 가중 평균,12
2632055000,북구 덕천1동,20대,1023.0,196.58333333333334,345.9166666666667,2024 기준년월12개의 월별일평균 값을 동일 가중 평균,12
2632055000,북구 덕천1동,20대미만,539.8333333333334,35.0,187.66666666666666,2024 기준년월12개의 월별일평균 값을 동일 가중 평균,12
2632055000,북구 덕천1동,30대,1406.75,187.91666666666666,373.8333333333333,2024 기준년월12개의 월별일평균 값을 동일 가중 평균,12
2632055000,북구 덕천1동,40대,1112.0,198.83333333333334,408.0,2024 기준년월12개의 월별일평균 값을 동일 가중 평균,12
2632055000,북구 덕천1동,50대,1453.0,299.3333333333333,542.1666666666666,2024 기준년월12개의 월별일평균 값을 동일 가중 평균,12
2632055000,북구 덕천1동,60대이상,4243.75,258.75,1078.75,2024 기준년월12개의 월별일평균 값을 동일 가중 평균,12
2632056000,북구 덕천2동,20대,933.0,400.25,1114.0833333333333,2024 기준년월12개의 월별일평균 값을 동일 가중 평균,12
2632056000,북구 덕천2동,20대미만,537.5,189.0,567.0,2024 기준년월12개의 월별일평균 값을 동일 가중 평균,12
2632056000,북구 덕천2동,30대,948.0833333333334,429.6666666666667,1104.6666666666667,2024 기준년월12개의 월별일평균 값을 동일 가중 평균,12
2632056000,북구 덕천2동,40대,911.5,400.4166666666667,1052.8333333333333,2024 기준년월12개의 월별일평균 값을 동일 가중 평균,12
2632056000,북구 덕천2동,50대,1372.75,502.0,1363.75,2024 기준년월12개의 월별일평균 값을 동일 가중 평균,12
2632056000,북구 덕천2동,60대이상,3655.25,419.5,2308.75,2024 기준년월12개의 월별일평균 값을 동일 가중 평균,12
2632056100,북구 덕천3동,20대,410.4166666666667,29.5,75.83333333333333,2024 기준년월12개의 월별일평균 값을 동일 가중 평균,12
2632056100,북구 덕천3동,20대미만,253.08333333333334,6.833333333333333,41.0,2024 기준년월12개의 월별일평균 값을 동일 가중 평균,12
2632056100,북구 덕천3동,30대,369.25,27.083333333333332,89.75,2024 기준년월12개의 월별일평균 값을 동일 가중 평균,12
2632056100,북구 덕천3동,40대,606.5,50.0,95.75,2024 기준년월12개의 월별일평균 값을 동일 가중 평균,12
2632056100,북구 덕천3동,50대,951.4166666666666,83.33333333333333,147.5,2024 기준년월12개의 월별일평균 값을 동일 가중 평균,12
2632056100,북구 덕천3동,60대이상,2724.4166666666665,69.33333333333333,303.9166666666667,2024 기준년월12개의 월별일평균 값을 동일 가중 평균,12
2632057100,북구 만덕1동,20대,971.6666666666666,100.66666666666667,210.83333333333334,2024 기준년월12개의 월별일평균 값을 동일 가중 평균,12
2632057100,북구 만덕1동,20대미만,934.0,64.91666666666667,182.16666666666666,2024 기준년월12개의 월별일평균 값을 동일 가중 평균,12
2632057100,북구 만덕1동,30대,1957.0,136.33333333333334,351.8333333333333,2024 기준년월12개의 월별일평균 값을 동일 가중 평균,12
2632057100,북구 만덕1동,40대,1603.1666666666667,147.41666666666666,303.3333333333333,2024 기준년월12개의 월별일평균 값을 동일 가중 평균,12
2632057100,북구 만덕1동,50대,1580.8333333333333,149.33333333333334,345.0,2024 기준년월12개의 월별일평균 값을 동일 가중 평균,12
2632057100,북구 만덕1동,60대이상,3817.25,203.0,750.9166666666666,2024 기준년월12개의 월별일평균 값을 동일 가중 평균,12
2632057200,북구 만덕2동,20대,1706.4166666666667,156.41666666666666,287.75,2024 기준년월12개의 월별일평균 값을 동일 가중 평균,12
2632057200,북구 만덕2동,20대미만,2460.75,167.91666666666666,256.75,2024 기준년월12개의 월별일평균 값을 동일 가중 평균,12
2632057200,북구 만덕2동,30대,2365.6666666666665,192.16666666666666,388.5,2024 기준년월12개의 월별일평균 값을 동일 가중 평균,12
2632057200,북구 만덕2동,40대,2848.0,289.4166666666667,425.9166666666667,2024 기준년월12개의 월별일평균 값을 동일 가중 평균,12
2632057200,북구 만덕2동,50대,3016.3333333333335,322.75,497.6666666666667,2024 기준년월12개의 월별일평균 값을 동일 가중 평균,12
2632057200,북구 만덕2동,60대이상,6820.166666666667,309.1666666666667,987.3333333333334,2024 기준년월12개의 월별일평균 값을 동일 가중 평균,12
2632057300,북구 만덕3동,20대,1162.5833333333333,91.58333333333333,300.75,2024 기준년월12개의 월별일평균 값을 동일 가중 평균,12
2632057300,북구 만덕3동,20대미만,1101.6666666666667,32.583333333333336,258.5833333333333,2024 기준년월12개의 월별일평균 값을 동일 가중 평균,12
2632057300,북구 만덕3동,30대,1336.8333333333333,90.58333333333333,353.4166666666667,2024 기준년월12개의 월별일평균 값을 동일 가중 평균,12
2632057300,북구 만덕3동,40대,1555.5,132.91666666666666,368.0,2024 기준년월12개의 월별일평균 값을 동일 가중 평균,12
2632057300,북구 만덕3동,50대,2081.0833333333335,200.08333333333334,422.1666666666667,2024 기준년월12개의 월별일평균 값을 동일 가중 평균,12
2632057300,북구 만덕3동,60대이상,5304.5,245.83333333333334,899.75,2024 기준년월12개의 월별일평균 값을 동일 가중 평균,12
2635051000,해운대구 우1동,20대,1813.6666666666667,719.5,2515.4166666666665,2024 기준년월12개의 월별일평균 값을 동일 가중 평균,12
2635051000,해운대구 우1동,20대미만,1937.6666666666667,495.5,1416.5833333333333,2024 기준년월12개의 월별일평균 값을 동일 가중 평균,12
2635051000,해운대구 우1동,30대,2041.5833333333333,688.5833333333334,2337.0833333333335,2024 기준년월12개의 월별일평균 값을 동일 가중 평균,12
2635051000,해운대구 우1동,40대,2478.9166666666665,688.3333333333334,2450.75,2024 기준년월12개의 월별일평균 값을 동일 가중 평균,12
2635051000,해운대구 우1동,50대,2781.5,753.0833333333334,2305.3333333333335,2024 기준년월12개의 월별일평균 값을 동일 가중 평균,12
2635051000,해운대구 우1동,60대이상,6039.5,750.8333333333334,3039.0833333333335,2024 기준년월12개의 월별일평균 값을 동일 가중 평균,12
2635052000,해운대구 우2동,20대,1790.5833333333333,2128.0,2299.5833333333335,2024 기준년월12개의 월별일평균 값을 동일 가중 평균,12
2635052000,해운대구 우2동,20대미만,2416.6666666666665,556.5833333333334,1519.3333333333333,2024 기준년월12개의 월별일평균 값을 동일 가중 평균,12
2635052000,해운대구 우2동,30대,2421.8333333333335,2272.9166666666665,2649.0,2024 기준년월12개의 월별일평균 값을 동일 가중 평균,12
2635052000,해운대구 우2동,40대,3553.5,1753.9166666666667,2461.5,2024 기준년월12개의 월별일평균 값을 동일 가중 평균,12
2635052000,해운대구 우2동,50대,4023.0833333333335,1507.9166666666667,2192.0833333333335,2024 기준년월12개의 월별일평균 값을 동일 가중 평균,12
2635052000,해운대구 우2동,60대이상,6700.916666666667,812.25,2743.3333333333335,2024 기준년월12개의 월별일평균 값을 동일 가중 평균,12
2635052500,해운대구 우3동,20대,1354.5833333333333,223.75,590.75,2024 기준년월12개의 월별일평균 값을 동일 가중 평균,12
2635052500,해운대구 우3동,20대미만,1975.9166666666667,100.66666666666667,464.5833333333333,2024 기준년월12개의 월별일평균 값을 동일 가중 평균,12
2635052500,해운대구 우3동,30대,1682.3333333333333,287.0,673.5833333333334,2024 기준년월12개의 월별일평균 값을 동일 가중 평균,12
2635052500,해운대구 우3동,40대,2909.0,414.5,803.5833333333334,2024 기준년월12개의 월별일평균 값을 동일 가중 평균,12
2635052500,해운대구 우3동,50대,3167.25,358.4166666666667,821.1666666666666,2024 기준년월12개의 월별일평균 값을 동일 가중 평균,12
2635052500,해운대구 우3동,60대이상,6034.083333333333,340.75,1112.6666666666667,2024 기준년월12개의 월별일평균 값을 동일 가중 평균,12
2635053000,해운대구 중1동,20대,2041.3333333333333,648.0,1774.9166666666667,2024 기준년월12개의 월별일평균 값을 동일 가중 평균,12
2635053000,해운대구 중1동,20대미만,1819.4166666666667,101.83333333333333,1133.5,2024 기준년월12개의 월별일평균 값을 동일 가중 평균,12
2635053000,해운대구 중1동,30대,2365.25,626.75,2052.6666666666665,2024 기준년월12개의 월별일평균 값을 동일 가중 평균,12
2635053000,해운대구 중1동,40대,3306.9166666666665,677.25,2054.6666666666665,2024 기준년월12개의 월별일평균 값을 동일 가중 평균,12
2635053000,해운대구 중1동,50대,3513.5833333333335,771.25,1903.75,2024 기준년월12개의 월별일평균 값을 동일 가중 평균,12
2635053000,해운대구 중1동,60대이상,5879.666666666667,620.0833333333334,2369.1666666666665,2024 기준년월12개의 월별일평균 값을 동일 가중 평균,12
2635054000,해운대구 중2동,20대,954.5833333333334,159.33333333333334,514.75,2024 기준년월12개의 월별일평균 값을 동일 가중 평균,12
2635054000,해운대구 중2동,20대미만,1406.0,47.0,269.6666666666667,2024 기준년월12개의 월별일평균 값을 동일 가중 평균,12
2635054000,해운대구 중2동,30대,1417.25,203.0,596.1666666666666,2024 기준년월12개의 월별일평균 값을 동일 가중 평균,12
2635054000,해운대구 중2동,40대,1932.9166666666667,219.08333333333334,609.9166666666666,2024 기준년월12개의 월별일평균 값을 동일 가중 평균,12
2635054000,해운대구 중2동,50대,1972.6666666666667,247.5,725.5,2024 기준년월12개의 월별일평균 값을 동일 가중 평균,12
2635054000,해운대구 중2동,60대이상,3866.5833333333335,238.58333333333334,1103.0833333333333,2024 기준년월12개의 월별일평균 값을 동일 가중 평균,12
2635055100,해운대구 좌1동,20대,1430.4166666666667,410.75,775.6666666666666,2024 기준년월12개의 월별일평균 값을 동일 가중 평균,12
2635055100,해운대구 좌1동,20대미만,1109.3333333333333,72.91666666666667,568.3333333333334,2024 기준년월12개의 월별일평균 값을 동일 가중 평균,12
2635055100,해운대구 좌1동,30대,1371.5,379.5,700.6666666666666,2024 기준년월12개의 월별일평균 값을 동일 가중 평균,12
2635055100,해운대구 좌1동,40대,1727.0833333333333,421.6666666666667,806.4166666666666,2024 기준년월12개의 월별일평균 값을 동일 가중 평균,12
2635055100,해운대구 좌1동,50대,2352.25,506.0,1012.6666666666666,2024 기준년월12개의 월별일평균 값을 동일 가중 평균,12
2635055100,해운대구 좌1동,60대이상,3340.5,386.5,1347.6666666666667,2024 기준년월12개의 월별일평균 값을 동일 가중 평균,12
2635055200,해운대구 좌2동,20대,2782.0,295.25,554.1666666666666,2024 기준년월12개의 월별일평균 값을 동일 가중 평균,12
2635055200,해운대구 좌2동,20대미만,2228.25,134.5,469.0,2024 기준년월12개의 월별일평균 값을 동일 가중 평균,12
2635055200,해운대구 좌2동,30대,3147.3333333333335,309.0,504.0833333333333,2024 기준년월12개의 월별일평균 값을 동일 가중 평균,12
2635055200,해운대구 좌2동,40대,3107.8333333333335,367.75,498.4166666666667,2024 기준년월12개의 월별일평균 값을 동일 가중 평균,12
2635055200,해운대구 좌2동,50대,4039.0,422.5,579.9166666666666,2024 기준년월12개의 월별일평균 값을 동일 가중 평균,12
2635055200,해운대구 좌2동,60대이상,6773.25,331.6666666666667,840.1666666666666,2024 기준년월12개의 월별일평균 값을 동일 가중 평균,12
2635055300,해운대구 좌3동,20대,1092.5,104.0,259.75,2024 기준년월12개의 월별일평균 값을 동일 가중 평균,12
2635055300,해운대구 좌3동,20대미만,1163.0,248.41666666666666,286.1666666666667,2024 기준년월12개의 월별일평균 값을 동일 가중 평균,12
2635055300,해운대구 좌3동,30대,1049.0833333333333,101.41666666666667,262.75,2024 기준년월12개의 월별일평균 값을 동일 가중 평균,12
2635055300,해운대구 좌3동,40대,1361.4166666666667,121.83333333333333,316.25,2024 기준년월12개의 월별일평균 값을 동일 가중 평균,12
2635055300,해운대구 좌3동,50대,2079.0833333333335,188.0,413.0,2024 기준년월12개의 월별일평균 값을 동일 가중 평균,12
2635055300,해운대구 좌3동,60대이상,4225.083333333333,173.75,686.5833333333334,2024 기준년월12개의 월별일평균 값을 동일 가중 평균,12
2635055400,해운대구 좌4동,20대,1803.4166666666667,453.0,711.1666666666666,2024 기준년월12개의 월별일평균 값을 동일 가중 평균,12
2635055400,해운대구 좌4동,20대미만,2772.6666666666665,329.0,509.6666666666667,2024 기준년월12개의 월별일평균 값을 동일 가중 평균,12
2635055400,해운대구 좌4동,30대,1682.5833333333333,363.8333333333333,671.25,2024 기준년월12개의 월별일평균 값을 동일 가중 평균,12
2635055400,해운대구 좌4동,40대,2529.8333333333335,442.5833333333333,806.0,2024 기준년월12개의 월별일평균 값을 동일 가중 평균,12
2635055400,해운대구 좌4동,50대,3064.5833333333335,484.9166666666667,1002.4166666666666,2024 기준년월12개의 월별일평균 값을 동일 가중 평균,12
2635055400,해운대구 좌4동,60대이상,4860.416666666667,365.5,1700.3333333333333,2024 기준년월12개의 월별일평균 값을 동일 가중 평균,12
2635056000,해운대구 송정동,20대,637.4166666666666,302.6666666666667,1238.75,2024 기준년월12개의 월별일평균 값을 동일 가중 평균,12
2635056000,해운대구 송정동,20대미만,613.0,124.5,629.5833333333334,2024 기준년월12개의 월별일평균 값을 동일 가중 평균,12
2635056000,해운대구 송정동,30대,776.3333333333334,318.1666666666667,1092.0,2024 기준년월12개의 월별일평균 값을 동일 가중 평균,12
2635056000,해운대구 송정동,40대,933.0,339.9166666666667,1142.75,2024 기준년월12개의 월별일평균 값을 동일 가중 평균,12
2635056000,해운대구 송정동,50대,1156.25,453.5833333333333,1191.5833333333333,2024 기준년월12개의 월별일평균 값을 동일 가중 평균,12
2635056000,해운대구 송정동,60대이상,3378.5833333333335,335.1666666666667,1511.8333333333333,2024 기준년월12개의 월별일평균 값을 동일 가중 평균,12
2635057000,해운대구 반여1동,20대,2767.8333333333335,391.1666666666667,559.3333333333334,2024 기준년월12개의 월별일평균 값을 동일 가중 평균,12
2635057000,해운대구 반여1동,20대미만,4012.5,220.83333333333334,410.9166666666667,2024 기준년월12개의 월별일평균 값을 동일 가중 평균,12
2635057000,해운대구 반여1동,30대,2700.9166666666665,422.6666666666667,700.8333333333334,2024 기준년월12개의 월별일평균 값을 동일 가중 평균,12
2635057000,해운대구 반여1동,40대,4139.5,587.0,849.75,2024 기준년월12개의 월별일평균 값을 동일 가중 평균,12
2635057000,해운대구 반여1동,50대,4870.5,753.8333333333334,1032.75,2024 기준년월12개의 월별일평균 값을 동일 가중 평균,12
2635057000,해운대구 반여1동,60대이상,7999.0,549.1666666666666,1700.3333333333333,2024 기준년월12개의 월별일평균 값을 동일 가중 평균,12
2635058000,해운대구 반여2동,20대,734.9166666666666,78.75,261.8333333333333,2024 기준년월12개의 월별일평균 값을 동일 가중 평균,12
2635058000,해운대구 반여2동,20대미만,451.4166666666667,38.916666666666664,149.16666666666666,2024 기준년월12개의 월별일평균 값을 동일 가중 평균,12
2635058000,해운대구 반여2동,30대,923.0833333333334,82.16666666666667,278.1666666666667,2024 기준년월12개의 월별일평균 값을 동일 가중 평균,12
2635058000,해운대구 반여2동,40대,1116.6666666666667,116.16666666666667,353.0833333333333,2024 기준년월12개의 월별일평균 값을 동일 가중 평균,12
2635058000,해운대구 반여2동,50대,1611.25,184.58333333333334,577.0833333333334,2024 기준년월12개의 월별일평균 값을 동일 가중 평균,12
2635058000,해운대구 반여2동,60대이상,4381.916666666667,165.5,1009.4166666666666,2024 기준년월12개의 월별일평균 값을 동일 가중 평균,12
2635059000,해운대구 반여3동,20대,427.8333333333333,30.916666666666668,59.75,2024 기준년월12개의 월별일평균 값을 동일 가중 평균,12
2635059000,해운대구 반여3동,20대미만,208.75,7.333333333333333,31.25,2024 기준년월12개의 월별일평균 값을 동일 가중 평균,12
2635059000,해운대구 반여3동,30대,379.8333333333333,31.083333333333332,64.16666666666667,2024 기준년월12개의 월별일평균 값을 동일 가중 평균,12
2635059000,해운대구 반여3동,40대,543.75,37.0,77.25,2024 기준년월12개의 월별일평균 값을 동일 가중 평균,12
2635059000,해운대구 반여3동,50대,796.4166666666666,73.75,126.25,2024 기준년월12개의 월별일평균 값을 동일 가중 평균,12
2635059000,해운대구 반여3동,60대이상,1873.0,79.75,216.33333333333334,2024 기준년월12개의 월별일평균 값을 동일 가중 평균,12
2635059500,해운대구 반여4동,20대,746.9166666666666,52.083333333333336,165.58333333333334,2024 기준년월12개의 월별일평균 값을 동일 가중 평균,12
2635059500,해운대구 반여4동,20대미만,763.0833333333334,20.166666666666668,170.66666666666666,2024 기준년월12개의 월별일평균 값을 동일 가중 평균,12
2635059500,해운대구 반여4동,30대,678.4166666666666,59.75,205.0,2024 기준년월12개의 월별일평균 값을 동일 가중 평균,12
2635059500,해운대구 반여4동,40대,928.1666666666666,93.0,243.58333333333334,2024 기준년월12개의 월별일평균 값을 동일 가중 평균,12
2635059500,해운대구 반여4동,50대,1075.5833333333333,98.08333333333333,289.4166666666667,2024 기준년월12개의 월별일평균 값을 동일 가중 평균,12
2635059500,해운대구 반여4동,60대이상,1953.5,85.91666666666667,600.8333333333334,2024 기준년월12개의 월별일평균 값을 동일 가중 평균,12
2635061000,해운대구 반송1동,20대,771.5833333333334,136.5,164.91666666666666,2024 기준년월12개의 월별일평균 값을 동일 가중 평균,12
2635061000,해운대구 반송1동,20대미만,337.5833333333333,97.16666666666667,85.16666666666667,2024 기준년월12개의 월별일평균 값을 동일 가중 평균,12
2635061000,해운대구 반송1동,30대,590.5,124.75,163.5,2024 기준년월12개의 월별일평균 값을 동일 가중 평균,12
2635061000,해운대구 반송1동,40대,772.3333333333334,153.75,242.41666666666666,2024 기준년월12개의 월별일평균 값을 동일 가중 평균,12
2635061000,해운대구 반송1동,50대,1183.25,235.58333333333334,355.3333333333333,2024 기준년월12개의 월별일평균 값을 동일 가중 평균,12
2635061000,해운대구 반송1동,60대이상,3362.9166666666665,216.5,575.8333333333334,2024 기준년월12개의 월별일평균 값을 동일 가중 평균,12
2635062000,해운대구 반송2동,20대,1212.1666666666667,114.66666666666667,134.16666666666666,2024 기준년월12개의 월별일평균 값을 동일 가중 평균,12
2635062000,해운대구 반송2동,20대미만,1057.5833333333333,14.583333333333334,85.5,2024 기준년월12개의 월별일평균 값을 동일 가중 평균,12
2635062000,해운대구 반송2동,30대,1223.5833333333333,92.5,168.33333333333334,2024 기준년월12개의 월별일평균 값을 동일 가중 평균,12
2635062000,해운대구 반송2동,40대,1979.0833333333333,196.16666666666666,231.5,2024 기준년월12개의 월별일평균 값을 동일 가중 평균,12
2635062000,해운대구 반송2동,50대,2909.9166666666665,351.9166666666667,326.1666666666667,2024 기준년월12개의 월별일평균 값을 동일 가중 평균,12
2635062000,해운대구 반송2동,60대이상,8248.333333333334,336.0833333333333,606.5,2024 기준년월12개의 월별일평균 값을 동일 가중 평균,12
2635065000,해운대구 재송1동,20대,2406.3333333333335,493.9166666666667,646.8333333333334,2024 기준년월12개의 월별일평균 값을 동일 가중 평균,12
2635065000,해운대구 재송1동,20대미만,4374.5,217.66666666666666,446.5,2024 기준년월12개의 월별일평균 값을 동일 가중 평균,12
2635065000,해운대구 재송1동,30대,2817.1666666666665,616.9166666666666,754.4166666666666,2024 기준년월12개의 월별일평균 값을 동일 가중 평균,12
2635065000,해운대구 재송1동,40대,5411.0,738.0,952.5833333333334,2024 기준년월12개의 월별일평균 값을 동일 가중 평균,12
2635065000,해운대구 재송1동,50대,4282.666666666667,666.8333333333334,1023.25,2024 기준년월12개의 월별일평균 값을 동일 가중 평균,12
2635065000,해운대구 재송1동,60대이상,6727.666666666667,490.6666666666667,1483.6666666666667,2024 기준년월12개의 월별일평균 값을 동일 가중 평균,12
2635066000,해운대구 재송2동,20대,1612.1666666666667,156.25,302.4166666666667,2024 기준년월12개의 월별일평균 값을 동일 가중 평균,12
2635066000,해운대구 재송2동,20대미만,1211.8333333333333,45.666666666666664,216.41666666666666,2024 기준년월12개의 월별일평균 값을 동일 가중 평균,12
2635066000,해운대구 재송2동,30대,1679.8333333333333,199.5,370.0833333333333,2024 기준년월12개의 월별일평균 값을 동일 가중 평균,12
2635066000,해운대구 재송2동,40대,2378.1666666666665,253.33333333333334,429.4166666666667,2024 기준년월12개의 월별일평균 값을 동일 가중 평균,12
2635066000,해운대구 재송2동,50대,3015.1666666666665,305.8333333333333,509.75,2024 기준년월12개의 월별일평균 값을 동일 가중 평균,12
2635066000,해운대구 재송2동,60대이상,6594.5,300.5833333333333,826.0,2024 기준년월12개의 월별일평균 값을 동일 가중 평균,12
2638051000,사하구 괴정1동,20대,1260.0833333333333,113.66666666666667,400.5833333333333,2024 기준년월12개의 월별일평균 값을 동일 가중 평균,12
2638051000,사하구 괴정1동,20대미만,1273.0,144.83333333333334,321.75,2024 기준년월12개의 월별일평균 값을 동일 가중 평균,12
2638051000,사하구 괴정1동,30대,1146.5833333333333,108.66666666666667,395.9166666666667,2024 기준년월12개의 월별일평균 값을 동일 가중 평균,12
2638051000,사하구 괴정1동,40대,1703.0833333333333,160.16666666666666,496.3333333333333,2024 기준년월12개의 월별일평균 값을 동일 가중 평균,12
2638051000,사하구 괴정1동,50대,2102.25,250.33333333333334,639.1666666666666,2024 기준년월12개의 월별일평균 값을 동일 가중 평균,12
2638051000,사하구 괴정1동,60대이상,5985.666666666667,238.0,1116.4166666666667,2024 기준년월12개의 월별일평균 값을 동일 가중 평균,12
2638052000,사하구 괴정2동,20대,932.3333333333334,59.0,123.66666666666667,2024 기준년월12개의 월별일평균 값을 동일 가중 평균,12
2638052000,사하구 괴정2동,20대미만,842.9166666666666,55.75,91.25,2024 기준년월12개의 월별일평균 값을 동일 가중 평균,12
2638052000,사하구 괴정2동,30대,910.0,65.16666666666667,126.5,2024 기준년월12개의 월별일평균 값을 동일 가중 평균,12
2638052000,사하구 괴정2동,40대,1326.25,115.41666666666667,169.41666666666666,2024 기준년월12개의 월별일평균 값을 동일 가중 평균,12
2638052000,사하구 괴정2동,50대,1623.0,133.66666666666666,194.0,2024 기준년월12개의 월별일평균 값을 동일 가중 평균,12
2638052000,사하구 괴정2동,60대이상,4380.5,135.66666666666666,407.0,2024 기준년월12개의 월별일평균 값을 동일 가중 평균,12
2638053000,사하구 괴정3동,20대,842.5,239.41666666666666,366.75,2024 기준년월12개의 월별일평균 값을 동일 가중 평균,12
2638053000,사하구 괴정3동,20대미만,673.5833333333334,75.91666666666667,265.4166666666667,2024 기준년월12개의 월별일평균 값을 동일 가중 평균,12
2638053000,사하구 괴정3동,30대,863.1666666666666,164.16666666666666,333.1666666666667,2024 기준년월12개의 월별일평균 값을 동일 가중 평균,12
2638053000,사하구 괴정3동,40대,1065.0833333333333,214.5,415.75,2024 기준년월12개의 월별일평균 값을 동일 가중 평균,12
2638053000,사하구 괴정3동,50대,1484.1666666666667,283.6666666666667,550.3333333333334,2024 기준년월12개의 월별일평균 값을 동일 가중 평균,12
2638053000,사하구 괴정3동,60대이상,4518.25,318.8333333333333,1089.4166666666667,2024 기준년월12개의 월별일평균 값을 동일 가중 평균,12
2638054000,사하구 괴정4동,20대,891.75,77.33333333333333,203.25,2024 기준년월12개의 월별일평균 값을 동일 가중 평균,12
2638054000,사하구 괴정4동,20대미만,1189.0833333333333,75.83333333333333,312.4166666666667,2024 기준년월12개의 월별일평균 값을 동일 가중 평균,12
2638054000,사하구 괴정4동,30대,1175.6666666666667,114.91666666666667,243.58333333333334,2024 기준년월12개의 월별일평균 값을 동일 가중 평균,12
2638054000,사하구 괴정4동,40대,1630.75,164.41666666666666,333.4166666666667,2024 기준년월12개의 월별일평균 값을 동일 가중 평균,12
2638054000,사하구 괴정4동,50대,1533.5833333333333,159.41666666666666,378.1666666666667,2024 기준년월12개의 월별일평균 값을 동일 가중 평균,12
2638054000,사하구 괴정4동,60대이상,3553.6666666666665,153.66666666666666,811.8333333333334,2024 기준년월12개의 월별일평균 값을 동일 가중 평균,12
2638055000,사하구 당리동,20대,1757.1666666666667,274.6666666666667,573.9166666666666,2024 기준년월12개의 월별일평균 값을 동일 가중 평균,12
2638055000,사하구 당리동,20대미만,1609.0,122.0,442.3333333333333,2024 기준년월12개의 월별일평균 값을 동일 가중 평균,12
2638055000,사하구 당리동,30대,1771.9166666666667,304.0833333333333,591.0,2024 기준년월12개의 월별일평균 값을 동일 가중 평균,12
2638055000,사하구 당리동,40대,2417.6666666666665,421.0,628.5833333333334,2024 기준년월12개의 월별일평균 값을 동일 가중 평균,12
2638055000,사하구 당리동,50대,3063.1666666666665,476.4166666666667,785.3333333333334,2024 기준년월12개의 월별일평균 값을 동일 가중 평균,12
2638055000,사하구 당리동,60대이상,7363.166666666667,402.1666666666667,1454.5,2024 기준년월12개의 월별일평균 값을 동일 가중 평균,12
2638056100,사하구 하단1동,20대,2229.3333333333335,217.08333333333334,469.8333333333333,2024 기준년월12개의 월별일평균 값을 동일 가중 평균,12
2638056100,사하구 하단1동,20대미만,1209.0,55.916666666666664,231.83333333333334,2024 기준년월12개의 월별일평균 값을 동일 가중 평균,12
2638056100,사하구 하단1동,30대,1997.9166666666667,199.0,472.1666666666667,2024 기준년월12개의 월별일평균 값을 동일 가중 평균,12
2638056100,사하구 하단1동,40대,2089.5833333333335,251.83333333333334,496.9166666666667,2024 기준년월12개의 월별일평균 값을 동일 가중 평균,12
2638056100,사하구 하단1동,50대,2548.4166666666665,314.5,627.25,2024 기준년월12개의 월별일평균 값을 동일 가중 평균,12
2638056100,사하구 하단1동,60대이상,5665.5,332.5,1063.3333333333333,2024 기준년월12개의 월별일평균 값을 동일 가중 평균,12
2638056200,사하구 하단2동,20대,3707.1666666666665,1315.3333333333333,1510.25,2024 기준년월12개의 월별일평균 값을 동일 가중 평균,12
2638056200,사하구 하단2동,20대미만,1907.4166666666667,343.6666666666667,570.5833333333334,2024 기준년월12개의 월별일평균 값을 동일 가중 평균,12
2638056200,사하구 하단2동,30대,2263.1666666666665,441.5833333333333,839.6666666666666,2024 기준년월12개의 월별일평균 값을 동일 가중 평균,12
2638056200,사하구 하단2동,40대,2478.25,477.5,799.9166666666666,2024 기준년월12개의 월별일평균 값을 동일 가중 평균,12
2638056200,사하구 하단2동,50대,2952.6666666666665,556.8333333333334,881.6666666666666,2024 기준년월12개의 월별일평균 값을 동일 가중 평균,12
2638056200,사하구 하단2동,60대이상,5971.416666666667,397.9166666666667,1249.6666666666667,2024 기준년월12개의 월별일평균 값을 동일 가중 평균,12
2638057100,사하구 신평1동,20대,967.6666666666666,207.0,231.25,2024 기준년월12개의 월별일평균 값을 동일 가중 평균,12
2638057100,사하구 신평1동,20대미만,954.25,127.58333333333333,190.66666666666666,2024 기준년월12개의 월별일평균 값을 동일 가중 평균,12
2638057100,사하구 신평1동,30대,1133.5,364.1666666666667,324.8333333333333,2024 기준년월12개의 월별일평균 값을 동일 가중 평균,12
2638057100,사하구 신평1동,40대,1605.75,413.6666666666667,412.5833333333333,2024 기준년월12개의 월별일평균 값을 동일 가중 평균,12
2638057100,사하구 신평1동,50대,2182.0,562.8333333333334,558.9166666666666,2024 기준년월12개의 월별일평균 값을 동일 가중 평균,12
2638057100,사하구 신평1동,60대이상,5237.5,351.9166666666667,711.3333333333334,2024 기준년월12개의 월별일평균 값을 동일 가중 평균,12
2638057200,사하구 신평2동,20대,1142.1666666666667,244.5,276.0,2024 기준년월12개의 월별일평균 값을 동일 가중 평균,12
2638057200,사하구 신평2동,20대미만,1241.5833333333333,60.416666666666664,183.16666666666666,2024 기준년월12개의 월별일평균 값을 동일 가중 평균,12
2638057200,사하구 신평2동,30대,1719.25,322.0833333333333,407.1666666666667,2024 기준년월12개의 월별일평균 값을 동일 가중 평균,12
2638057200,사하구 신평2동,40대,1863.25,417.0833333333333,444.0,2024 기준년월12개의 월별일평균 값을 동일 가중 평균,12
2638057200,사하구 신평2동,50대,2184.5833333333335,483.9166666666667,616.8333333333334,2024 기준년월12개의 월별일평균 값을 동일 가중 평균,12
2638057200,사하구 신평2동,60대이상,4232.416666666667,425.75,891.75,2024 기준년월12개의 월별일평균 값을 동일 가중 평균,12
2638058000,사하구 장림1동,20대,638.75,211.83333333333334,283.1666666666667,2024 기준년월12개의 월별일평균 값을 동일 가중 평균,12
2638058000,사하구 장림1동,20대미만,1008.3333333333334,59.666666666666664,196.5,2024 기준년월12개의 월별일평균 값을 동일 가중 평균,12
2638058000,사하구 장림1동,30대,866.5833333333334,305.1666666666667,419.5,2024 기준년월12개의 월별일평균 값을 동일 가중 평균,12
2638058000,사하구 장림1동,40대,1439.0,408.1666666666667,514.0833333333334,2024 기준년월12개의 월별일평균 값을 동일 가중 평균,12
2638058000,사하구 장림1동,50대,1325.0,622.75,712.3333333333334,2024 기준년월12개의 월별일평균 값을 동일 가중 평균,12
2638058000,사하구 장림1동,60대이상,2737.25,566.1666666666666,1089.3333333333333,2024 기준년월12개의 월별일평균 값을 동일 가중 평균,12
2638059000,사하구 장림2동,20대,1866.1666666666667,257.0,433.25,2024 기준년월12개의 월별일평균 값을 동일 가중 평균,12
2638059000,사하구 장림2동,20대미만,1925.0833333333333,125.33333333333333,333.6666666666667,2024 기준년월12개의 월별일평균 값을 동일 가중 평균,12
2638059000,사하구 장림2동,30대,2118.4166666666665,322.5833333333333,578.0833333333334,2024 기준년월12개의 월별일평균 값을 동일 가중 평균,12
2638059000,사하구 장림2동,40대,2915.8333333333335,507.1666666666667,650.5833333333334,2024 기준년월12개의 월별일평균 값을 동일 가중 평균,12
2638059000,사하구 장림2동,50대,3404.4166666666665,617.25,770.5,2024 기준년월12개의 월별일평균 값을 동일 가중 평균,12
2638059000,사하구 장림2동,60대이상,6462.0,559.8333333333334,1249.8333333333333,2024 기준년월12개의 월별일평균 값을 동일 가중 평균,12
2638060100,사하구 다대1동,20대,2367.0,420.0,442.25,2024 기준년월12개의 월별일평균 값을 동일 가중 평균,12
2638060100,사하구 다대1동,20대미만,3035.9166666666665,89.16666666666667,261.8333333333333,2024 기준년월12개의 월별일평균 값을 동일 가중 평균,12
2638060100,사하구 다대1동,30대,2601.3333333333335,487.6666666666667,510.5833333333333,2024 기준년월12개의 월별일평균 값을 동일 가중 평균,12
2638060100,사하구 다대1동,40대,3979.5833333333335,730.0,632.1666666666666,2024 기준년월12개의 월별일평균 값을 동일 가중 평균,12
2638060100,사하구 다대1동,50대,5272.333333333333,912.3333333333334,894.0,2024 기준년월12개의 월별일평균 값을 동일 가중 평균,12
2638060100,사하구 다대1동,60대이상,10751.083333333334,739.3333333333334,1499.25,2024 기준년월12개의 월별일평균 값을 동일 가중 평균,12
2638060200,사하구 다대2동,20대,1827.1666666666667,251.66666666666666,267.6666666666667,2024 기준년월12개의 월별일평균 값을 동일 가중 평균,12
2638060200,사하구 다대2동,20대미만,2152.9166666666665,77.16666666666667,156.08333333333334,2024 기준년월12개의 월별일평균 값을 동일 가중 평균,12
2638060200,사하구 다대2동,30대,1660.8333333333333,241.5,305.25,2024 기준년월12개의 월별일평균 값을 동일 가중 평균,12
2638060200,사하구 다대2동,40대,2650.1666666666665,388.5833333333333,361.9166666666667,2024 기준년월12개의 월별일평균 값을 동일 가중 평균,12
2638060200,사하구 다대2동,50대,3896.0,521.75,509.5833333333333,2024 기준년월12개의 월별일평균 값을 동일 가중 평균,12
2638060200,사하구 다대2동,60대이상,8756.583333333334,442.25,826.75,2024 기준년월12개의 월별일평균 값을 동일 가중 평균,12
2638061000,사하구 구평동,20대,764.75,143.16666666666666,169.66666666666666,2024 기준년월12개의 월별일평균 값을 동일 가중 평균,12
2638061000,사하구 구평동,20대미만,1067.5833333333333,58.916666666666664,131.08333333333334,2024 기준년월12개의 월별일평균 값을 동일 가중 평균,12
2638061000,사하구 구평동,30대,1530.9166666666667,269.5,269.3333333333333,2024 기준년월12개의 월별일평균 값을 동일 가중 평균,12
2638061000,사하구 구평동,40대,1552.6666666666667,379.1666666666667,365.4166666666667,2024 기준년월12개의 월별일평균 값을 동일 가중 평균,12
2638061000,사하구 구평동,50대,1426.75,469.4166666666667,510.8333333333333,2024 기준년월12개의 월별일평균 값을 동일 가중 평균,12
2638061000,사하구 구평동,60대이상,2620.4166666666665,457.75,725.25,2024 기준년월12개의 월별일평균 값을 동일 가중 평균,12
2638062000,사하구 감천1동,20대,1094.0833333333333,158.58333333333334,193.41666666666666,2024 기준년월12개의 월별일평균 값을 동일 가중 평균,12
2638062000,사하구 감천1동,20대미만,1134.4166666666667,282.5,257.8333333333333,2024 기준년월12개의 월별일평균 값을 동일 가중 평균,12
2638062000,사하구 감천1동,30대,1074.0,204.16666666666666,256.9166666666667,2024 기준년월12개의 월별일평균 값을 동일 가중 평균,12
2638062000,사하구 감천1동,40대,1611.8333333333333,300.5833333333333,393.1666666666667,2024 기준년월12개의 월별일평균 값을 동일 가중 평균,12
2638062000,사하구 감천1동,50대,2298.0833333333335,425.5833333333333,551.0833333333334,2024 기준년월12개의 월별일평균 값을 동일 가중 평균,12
2638062000,사하구 감천1동,60대이상,6357.916666666667,349.9166666666667,837.4166666666666,2024 기준년월12개의 월별일평균 값을 동일 가중 평균,12
2638063000,사하구 감천2동,20대,218.91666666666666,17.416666666666668,53.25,2024 기준년월12개의 월별일평균 값을 동일 가중 평균,12
2638063000,사하구 감천2동,20대미만,134.0,0.4166666666666667,44.083333333333336,2024 기준년월12개의 월별일평균 값을 동일 가중 평균,12
2638063000,사하구 감천2동,30대,232.58333333333334,23.333333333333332,53.083333333333336,2024 기준년월12개의 월별일평균 값을 동일 가중 평균,12
2638063000,사하구 감천2동,40대,436.6666666666667,39.333333333333336,70.41666666666667,2024 기준년월12개의 월별일평균 값을 동일 가중 평균,12
2638063000,사하구 감천2동,50대,768.5,60.75,120.25,2024 기준년월12개의 월별일평균 값을 동일 가중 평균,12
2638063000,사하구 감천2동,60대이상,1977.1666666666667,48.0,189.5,2024 기준년월12개의 월별일평균 값을 동일 가중 평균,12
2641051000,금정구 서1동,20대,233.08333333333334,20.083333333333332,51.25,2024 기준년월12개의 월별일평균 값을 동일 가중 평균,12
2641051000,금정구 서1동,20대미만,148.16666666666666,6.666666666666667,41.833333333333336,2024 기준년월12개의 월별일평균 값을 동일 가중 평균,12
2641051000,금정구 서1동,30대,243.58333333333334,21.166666666666668,75.41666666666667,2024 기준년월12개의 월별일평균 값을 동일 가중 평균,12
2641051000,금정구 서1동,40대,373.8333333333333,44.166666666666664,91.16666666666667,2024 기준년월12개의 월별일평균 값을 동일 가중 평균,12
2641051000,금정구 서1동,50대,584.3333333333334,77.25,149.41666666666666,2024 기준년월12개의 월별일평균 값을 동일 가중 평균,12
2641051000,금정구 서1동,60대이상,1873.8333333333333,98.08333333333333,327.5,2024 기준년월12개의 월별일평균 값을 동일 가중 평균,12
2641052000,금정구 서2동,20대,373.5833333333333,57.666666666666664,157.5,2024 기준년월12개의 월별일평균 값을 동일 가중 평균,12
2641052000,금정구 서2동,20대미만,201.41666666666666,51.25,92.91666666666667,2024 기준년월12개의 월별일평균 값을 동일 가중 평균,12
2641052000,금정구 서2동,30대,470.0833333333333,70.66666666666667,181.25,2024 기준년월12개의 월별일평균 값을 동일 가중 평균,12
2641052000,금정구 서2동,40대,557.8333333333334,103.5,215.66666666666666,2024 기준년월12개의 월별일평균 값을 동일 가중 평균,12
2641052000,금정구 서2동,50대,925.3333333333334,169.25,358.25,2024 기준년월12개의 월별일평균 값을 동일 가중 평균,12
2641052000,금정구 서2동,60대이상,2390.6666666666665,197.83333333333334,686.8333333333334,2024 기준년월12개의 월별일평균 값을 동일 가중 평균,12
2641053000,금정구 서3동,20대,547.8333333333334,73.08333333333333,129.5,2024 기준년월12개의 월별일평균 값을 동일 가중 평균,12
2641053000,금정구 서3동,20대미만,325.9166666666667,61.25,104.41666666666667,2024 기준년월12개의 월별일평균 값을 동일 가중 평균,12
2641053000,금정구 서3동,30대,664.3333333333334,96.5,170.66666666666666,2024 기준년월12개의 월별일평균 값을 동일 가중 평균,12
2641053000,금정구 서3동,40대,699.0833333333334,115.08333333333333,205.5,2024 기준년월12개의 월별일평균 값을 동일 가중 평균,12
2641053000,금정구 서3동,50대,1325.4166666666667,192.75,336.6666666666667,2024 기준년월12개의 월별일평균 값을 동일 가중 평균,12
2641053000,금정구 서3동,60대이상,3924.5,253.5,694.0,2024 기준년월12개의 월별일평균 값을 동일 가중 평균,12
2641055500,금정구 금사회동동,20대,336.0,292.8333333333333,248.0,2024 기준년월12개의 월별일평균 값을 동일 가중 평균,12
2641055500,금정구 금사회동동,20대미만,265.0833333333333,47.333333333333336,125.08333333333333,2024 기준년월12개의 월별일평균 값을 동일 가중 평균,12
2641055500,금정구 금사회동동,30대,419.1666666666667,496.25,411.5833333333333,2024 기준년월12개의 월별일평균 값을 동일 가중 평균,12
2641055500,금정구 금사회동동,40대,565.4166666666666,552.5,528.0833333333334,2024 기준년월12개의 월별일평균 값을 동일 가중 평균,12
2641055500,금정구 금사회동동,50대,892.5,720.5,804.9166666666666,2024 기준년월12개의 월별일평균 값을 동일 가중 평균,12
2641055500,금정구 금사회동동,60대이상,2848.3333333333335,593.0833333333334,1260.3333333333333,2024 기준년월12개의 월별일평균 값을 동일 가중 평균,12
2641057000,금정구 부곡1동,20대,413.3333333333333,39.333333333333336,99.75,2024 기준년월12개의 월별일평균 값을 동일 가중 평균,12
2641057000,금정구 부곡1동,20대미만,343.4166666666667,95.66666666666667,129.5,2024 기준년월12개의 월별일평균 값을 동일 가중 평균,12
2641057000,금정구 부곡1동,30대,434.0833333333333,44.333333333333336,116.75,2024 기준년월12개의 월별일평균 값을 동일 가중 평균,12
2641057000,금정구 부곡1동,40대,632.1666666666666,74.58333333333333,153.25,2024 기준년월12개의 월별일평균 값을 동일 가중 평균,12
2641057000,금정구 부곡1동,50대,856.5833333333334,93.08333333333333,196.0,2024 기준년월12개의 월별일평균 값을 동일 가중 평균,12
2641057000,금정구 부곡1동,60대이상,2953.75,123.5,377.4166666666667,2024 기준년월12개의 월별일평균 값을 동일 가중 평균,12
2641058000,금정구 부곡2동,20대,1639.1666666666667,300.0833333333333,473.9166666666667,2024 기준년월12개의 월별일평균 값을 동일 가중 평균,12
2641058000,금정구 부곡2동,20대미만,1374.6666666666667,322.8333333333333,381.4166666666667,2024 기준년월12개의 월별일평균 값을 동일 가중 평균,12
2641058000,금정구 부곡2동,30대,1238.0,289.75,525.0833333333334,2024 기준년월12개의 월별일평균 값을 동일 가중 평균,12
2641058000,금정구 부곡2동,40대,1700.1666666666667,359.0833333333333,576.9166666666666,2024 기준년월12개의 월별일평균 값을 동일 가중 평균,12
2641058000,금정구 부곡2동,50대,2137.5,376.9166666666667,636.8333333333334,2024 기준년월12개의 월별일평균 값을 동일 가중 평균,12
2641058000,금정구 부곡2동,60대이상,4668.5,356.6666666666667,1159.5,2024 기준년월12개의 월별일평균 값을 동일 가중 평균,12
2641059000,금정구 부곡3동,20대,1308.75,370.0,391.1666666666667,2024 기준년월12개의 월별일평균 값을 동일 가중 평균,12
2641059000,금정구 부곡3동,20대미만,1080.0,352.0833333333333,312.3333333333333,2024 기준년월12개의 월별일평균 값을 동일 가중 평균,12
2641059000,금정구 부곡3동,30대,1177.9166666666667,325.75,391.0,2024 기준년월12개의 월별일평균 값을 동일 가중 평균,12
2641059000,금정구 부곡3동,40대,1451.9166666666667,315.9166666666667,463.0,2024 기준년월12개의 월별일평균 값을 동일 가중 평균,12
2641059000,금정구 부곡3동,50대,1828.25,339.5833333333333,585.8333333333334,2024 기준년월12개의 월별일평균 값을 동일 가중 평균,12
2641059000,금정구 부곡3동,60대이상,3985.0,269.5833333333333,950.4166666666666,2024 기준년월12개의 월별일평균 값을 동일 가중 평균,12
2641059100,금정구 부곡4동,20대,426.4166666666667,50.333333333333336,185.08333333333334,2024 기준년월12개의 월별일평균 값을 동일 가중 평균,12
2641059100,금정구 부곡4동,20대미만,297.5,27.25,169.91666666666666,2024 기준년월12개의 월별일평균 값을 동일 가중 평균,12
2641059100,금정구 부곡4동,30대,601.1666666666666,71.08333333333333,199.66666666666666,2024 기준년월12개의 월별일평균 값을 동일 가중 평균,12
2641059100,금정구 부곡4동,40대,596.5833333333334,85.5,257.75,2024 기준년월12개의 월별일평균 값을 동일 가중 평균,12
2641059100,금정구 부곡4동,50대,889.0,120.0,310.5833333333333,2024 기준년월12개의 월별일평균 값을 동일 가중 평균,12
2641059100,금정구 부곡4동,60대이상,2351.75,150.41666666666666,658.1666666666666,2024 기준년월12개의 월별일평균 값을 동일 가중 평균,12
2641060000,금정구 장전1동,20대,4272.666666666667,494.4166666666667,888.0,2024 기준년월12개의 월별일평균 값을 동일 가중 평균,12
2641060000,금정구 장전1동,20대미만,1005.0833333333334,93.08333333333333,335.5833333333333,2024 기준년월12개의 월별일평균 값을 동일 가중 평균,12
2641060000,금정구 장전1동,30대,1368.4166666666667,193.91666666666666,408.4166666666667,2024 기준년월12개의 월별일평균 값을 동일 가중 평균,12
2641060000,금정구 장전1동,40대,1423.5833333333333,230.75,422.4166666666667,2024 기준년월12개의 월별일평균 값을 동일 가중 평균,12
2641060000,금정구 장전1동,50대,1508.6666666666667,270.5,493.25,2024 기준년월12개의 월별일평균 값을 동일 가중 평균,12
2641060000,금정구 장전1동,60대이상,3453.6666666666665,226.75,697.0,2024 기준년월12개의 월별일평균 값을 동일 가중 평균,12
2641061000,금정구 장전2동,20대,2021.9166666666667,1879.1666666666667,2230.5,2024 기준년월12개의 월별일평균 값을 동일 가중 평균,12
2641061000,금정구 장전2동,20대미만,2504.9166666666665,323.6666666666667,864.4166666666666,2024 기준년월12개의 월별일평균 값을 동일 가중 평균,12
2641061000,금정구 장전2동,30대,2265.1666666666665,780.8333333333334,984.6666666666666,2024 기준년월12개의 월별일평균 값을 동일 가중 평균,12
2641061000,금정구 장전2동,40대,3316.0833333333335,775.6666666666666,1002.5833333333334,2024 기준년월12개의 월별일평균 값을 동일 가중 평균,12
2641061000,금정구 장전2동,50대,2712.4166666666665,699.75,1015.1666666666666,2024 기준년월12개의 월별일평균 값을 동일 가중 평균,12
2641061000,금정구 장전2동,60대이상,5883.666666666667,498.1666666666667,1449.4166666666667,2024 기준년월12개의 월별일평균 값을 동일 가중 평균,12
2641063500,금정구 선두구동,20대,58.583333333333336,29.0,105.66666666666667,2024 기준년월12개의 월별일평균 값을 동일 가중 평균,12
2641063500,금정구 선두구동,20대미만,52.666666666666664,1.0,49.5,2024 기준년월12개의 월별일평균 값을 동일 가중 평균,12
2641063500,금정구 선두구동,30대,59.166666666666664,56.75,143.41666666666666,2024 기준년월12개의 월별일평균 값을 동일 가중 평균,12
2641063500,금정구 선두구동,40대,107.5,81.0,242.75,2024 기준년월12개의 월별일평균 값을 동일 가중 평균,12
2641063500,금정구 선두구동,50대,212.66666666666666,123.83333333333333,345.8333333333333,2024 기준년월12개의 월별일평균 값을 동일 가중 평균,12
2641063500,금정구 선두구동,60대이상,799.25,112.66666666666667,538.1666666666666,2024 기준년월12개의 월별일평균 값을 동일 가중 평균,12
2641066500,금정구 청룡노포동,20대,534.75,116.33333333333333,328.5,2024 기준년월12개의 월별일평균 값을 동일 가중 평균,12
2641066500,금정구 청룡노포동,20대미만,498.3333333333333,42.083333333333336,154.08333333333334,2024 기준년월12개의 월별일평균 값을 동일 가중 평균,12
2641066500,금정구 청룡노포동,30대,537.3333333333334,153.0,344.75,2024 기준년월12개의 월별일평균 값을 동일 가중 평균,12
2641066500,금정구 청룡노포동,40대,665.6666666666666,179.58333333333334,476.0,2024 기준년월12개의 월별일평균 값을 동일 가중 평균,12
2641066500,금정구 청룡노포동,50대,1119.1666666666667,239.91666666666666,789.5833333333334,2024 기준년월12개의 월별일평균 값을 동일 가중 평균,12
2641066500,금정구 청룡노포동,60대이상,3352.0833333333335,285.3333333333333,1496.4166666666667,2024 기준년월12개의 월별일평균 값을 동일 가중 평균,12
2641067000,금정구 남산동,20대,2272.6666666666665,474.5833333333333,743.1666666666666,2024 기준년월12개의 월별일평균 값을 동일 가중 평균,12
2641067000,금정구 남산동,20대미만,1439.8333333333333,148.83333333333334,507.5,2024 기준년월12개의 월별일평균 값을 동일 가중 평균,12
2641067000,금정구 남산동,30대,1663.9166666666667,264.5,561.5,2024 기준년월12개의 월별일평균 값을 동일 가중 평균,12
2641067000,금정구 남산동,40대,1882.1666666666667,386.5833333333333,714.3333333333334,2024 기준년월12개의 월별일평균 값을 동일 가중 평균,12
2641067000,금정구 남산동,50대,3150.6666666666665,544.75,1017.8333333333334,2024 기준년월12개의 월별일평균 값을 동일 가중 평균,12
2641067000,금정구 남산동,60대이상,7831.083333333333,480.0833333333333,1853.0833333333333,2024 기준년월12개의 월별일평균 값을 동일 가중 평균,12
2641068000,금정구 구서1동,20대,850.6666666666666,152.5,355.9166666666667,2024 기준년월12개의 월별일평균 값을 동일 가중 평균,12
2641068000,금정구 구서1동,20대미만,1080.5833333333333,312.0833333333333,313.0,2024 기준년월12개의 월별일평균 값을 동일 가중 평균,12
2641068000,금정구 구서1동,30대,1037.6666666666667,213.08333333333334,387.4166666666667,2024 기준년월12개의 월별일평균 값을 동일 가중 평균,12
2641068000,금정구 구서1동,40대,1356.5833333333333,250.33333333333334,500.3333333333333,2024 기준년월12개의 월별일평균 값을 동일 가중 평균,12
2641068000,금정구 구서1동,50대,1502.4166666666667,263.25,547.0,2024 기준년월12개의 월별일평균 값을 동일 가중 평균,12
2641068000,금정구 구서1동,60대이상,3227.5,225.58333333333334,806.4166666666666,2024 기준년월12개의 월별일평균 값을 동일 가중 평균,12
2641069000,금정구 구서2동,20대,2055.75,258.3333333333333,926.25,2024 기준년월12개의 월별일평균 값을 동일 가중 평균,12
2641069000,금정구 구서2동,20대미만,2317.5,115.83333333333333,545.25,2024 기준년월12개의 월별일평균 값을 동일 가중 평균,12
2641069000,금정구 구서2동,30대,2186.3333333333335,265.3333333333333,789.5,2024 기준년월12개의 월별일평균 값을 동일 가중 평균,12
2641069000,금정구 구서2동,40대,3079.8333333333335,366.6666666666667,881.0,2024 기준년월12개의 월별일평균 값을 동일 가중 평균,12
2641069000,금정구 구서2동,50대,3890.3333333333335,505.5,1295.25,2024 기준년월12개의 월별일평균 값을 동일 가중 평균,12
2641069000,금정구 구서2동,60대이상,8259.5,491.4166666666667,2583.25,2024 기준년월12개의 월별일평균 값을 동일 가중 평균,12
2641070000,금정구 금성동,20대,41.416666666666664,14.0,43.916666666666664,2024 기준년월12개의 월별일평균 값을 동일 가중 평균,12
2641070000,금정구 금성동,20대미만,81.58333333333333,5.833333333333333,61.5,2024 기준년월12개의 월별일평균 값을 동일 가중 평균,12
2641070000,금정구 금성동,30대,38.25,15.25,73.66666666666667,2024 기준년월12개의 월별일평균 값을 동일 가중 평균,12
2641070000,금정구 금성동,40대,87.5,16.583333333333332,113.5,2024 기준년월12개의 월별일평균 값을 동일 가중 평균,12
2641070000,금정구 금성동,50대,100.83333333333333,28.333333333333332,176.33333333333334,2024 기준년월12개의 월별일평균 값을 동일 가중 평균,12
2641070000,금정구 금성동,60대이상,344.1666666666667,41.25,279.4166666666667,2024 기준년월12개의 월별일평균 값을 동일 가중 평균,12
2644051000,강서구 대저1동,20대,606.5833333333334,444.5,556.6666666666666,2024 기준년월12개의 월별일평균 값을 동일 가중 평균,12
2644051000,강서구 대저1동,20대미만,202.16666666666666,102.75,162.75,2024 기준년월12개의 월별일평균 값을 동일 가중 평균,12
2644051000,강서구 대저1동,30대,383.8333333333333,599.75,469.3333333333333,2024 기준년월12개의 월별일평균 값을 동일 가중 평균,12
2644051000,강서구 대저1동,40대,445.75,689.25,636.1666666666666,2024 기준년월12개의 월별일평균 값을 동일 가중 평균,12
2644051000,강서구 대저1동,50대,738.25,838.9166666666666,842.5,2024 기준년월12개의 월별일평균 값을 동일 가중 평균,12
2644051000,강서구 대저1동,60대이상,2802.1666666666665,664.1666666666666,1356.25,2024 기준년월12개의 월별일평균 값을 동일 가중 평균,12
2644052000,강서구 대저2동,20대,960.1666666666666,762.8333333333334,2887.6666666666665,2024 기준년월12개의 월별일평균 값을 동일 가중 평균,12
2644052000,강서구 대저2동,20대미만,502.4166666666667,32.833333333333336,1007.9166666666666,2024 기준년월12개의 월별일평균 값을 동일 가중 평균,12
2644052000,강서구 대저2동,30대,660.8333333333334,1054.3333333333333,3099.5,2024 기준년월12개의 월별일평균 값을 동일 가중 평균,12
2644052000,강서구 대저2동,40대,637.0,1025.0,3022.3333333333335,2024 기준년월12개의 월별일평균 값을 동일 가중 평균,12
2644052000,강서구 대저2동,50대,714.3333333333334,1348.25,3592.3333333333335,2024 기준년월12개의 월별일평균 값을 동일 가중 평균,12
2644052000,강서구 대저2동,60대이상,2254.75,929.4166666666666,3885.75,2024 기준년월12개의 월별일평균 값을 동일 가중 평균,12
2644053000,강서구 강동동,20대,85.33333333333333,53.666666666666664,84.66666666666667,2024 기준년월12개의 월별일평균 값을 동일 가중 평균,12
2644053000,강서구 강동동,20대미만,37.25,2.9166666666666665,25.25,2024 기준년월12개의 월별일평균 값을 동일 가중 평균,12
2644053000,강서구 강동동,30대,160.16666666666666,118.75,141.91666666666666,2024 기준년월12개의 월별일평균 값을 동일 가중 평균,12
2644053000,강서구 강동동,40대,199.58333333333334,154.5,199.83333333333334,2024 기준년월12개의 월별일평균 값을 동일 가중 평균,12
2644053000,강서구 강동동,50대,243.33333333333334,210.08333333333334,308.1666666666667,2024 기준년월12개의 월별일평균 값을 동일 가중 평균,12
2644053000,강서구 강동동,60대이상,1493.0833333333333,250.83333333333334,486.3333333333333,2024 기준년월12개의 월별일평균 값을 동일 가중 평균,12
2644053500,강서구 명지1동,20대,2942.0833333333335,727.8333333333334,896.9166666666666,2024 기준년월12개의 월별일평균 값을 동일 가중 평균,12
2644053500,강서구 명지1동,20대미만,7465.0,226.58333333333334,516.0,2024 기준년월12개의 월별일평균 값을 동일 가중 평균,12
2644053500,강서구 명지1동,30대,8606.666666666666,1317.4166666666667,1487.8333333333333,2024 기준년월12개의 월별일평균 값을 동일 가중 평균,12
2644053500,강서구 명지1동,40대,9453.083333333334,1560.4166666666667,1517.9166666666667,2024 기준년월12개의 월별일평균 값을 동일 가중 평균,12
2644053500,강서구 명지1동,50대,3952.9166666666665,942.5833333333334,1265.8333333333333,2024 기준년월12개의 월별일평균 값을 동일 가중 평균,12
2644053500,강서구 명지1동,60대이상,6315.666666666667,613.0833333333334,1477.5833333333333,2024 기준년월12개의 월별일평균 값을 동일 가중 평균,12
2644054500,강서구 명지2동,20대,1397.6666666666667,272.6666666666667,367.5833333333333,2024 기준년월12개의 월별일평균 값을 동일 가중 평균,12
2644054500,강서구 명지2동,20대미만,4330.75,118.58333333333333,307.5,2024 기준년월12개의 월별일평균 값을 동일 가중 평균,12
2644054500,강서구 명지2동,30대,2666.5833333333335,418.3333333333333,502.0833333333333,2024 기준년월12개의 월별일평균 값을 동일 가중 평균,12
2644054500,강서구 명지2동,40대,5294.583333333333,707.8333333333334,625.0,2024 기준년월12개의 월별일평균 값을 동일 가중 평균,12
2644054500,강서구 명지2동,50대,3021.6666666666665,410.9166666666667,492.5833333333333,2024 기준년월12개의 월별일평균 값을 동일 가중 평균,12
2644054500,강서구 명지2동,60대이상,3689.8333333333335,252.75,605.75,2024 기준년월12개의 월별일평균 값을 동일 가중 평균,12
2644055000,강서구 가락동,20대,63.75,57.75,91.75,2024 기준년월12개의 월별일평균 값을 동일 가중 평균,12
2644055000,강서구 가락동,20대미만,86.25,10.0,49.583333333333336,2024 기준년월12개의 월별일평균 값을 동일 가중 평균,12
2644055000,강서구 가락동,30대,101.5,125.0,163.33333333333334,2024 기준년월12개의 월별일평균 값을 동일 가중 평균,12
2644055000,강서구 가락동,40대,145.75,159.58333333333334,208.83333333333334,2024 기준년월12개의 월별일평균 값을 동일 가중 평균,12
2644055000,강서구 가락동,50대,272.3333333333333,266.9166666666667,326.6666666666667,2024 기준년월12개의 월별일평균 값을 동일 가중 평균,12
2644055000,강서구 가락동,60대이상,1119.25,229.58333333333334,494.0,2024 기준년월12개의 월별일평균 값을 동일 가중 평균,12
2644056000,강서구 녹산동,20대,2210.3333333333335,1763.8333333333333,1130.3333333333333,2024 기준년월12개의 월별일평균 값을 동일 가중 평균,12
2644056000,강서구 녹산동,20대미만,3497.6666666666665,85.41666666666667,301.25,2024 기준년월12개의 월별일평균 값을 동일 가중 평균,12
2644056000,강서구 녹산동,30대,4325.583333333333,3553.3333333333335,2053.0833333333335,2024 기준년월12개의 월별일평균 값을 동일 가중 평균,12
2644056000,강서구 녹산동,40대,5533.833333333333,4490.833333333333,2772.3333333333335,2024 기준년월12개의 월별일평균 값을 동일 가중 평균,12
2644056000,강서구 녹산동,50대,3704.9166666666665,3695.8333333333335,2804.5833333333335,2024 기준년월12개의 월별일평균 값을 동일 가중 평균,12
2644056000,강서구 녹산동,60대이상,6581.333333333333,2173.0833333333335,2698.1666666666665,2024 기준년월12개의 월별일평균 값을 동일 가중 평균,12
2644058000,강서구 가덕도동,20대,183.33333333333334,95.58333333333333,325.3333333333333,2024 기준년월12개의 월별일평균 값을 동일 가중 평균,12
2644058000,강서구 가덕도동,20대미만,122.83333333333333,30.25,86.58333333333333,2024 기준년월12개의 월별일평균 값을 동일 가중 평균,12
2644058000,강서구 가덕도동,30대,272.0833333333333,143.25,595.75,2024 기준년월12개의 월별일평균 값을 동일 가중 평균,12
2644058000,강서구 가덕도동,40대,370.3333333333333,203.75,983.8333333333334,2024 기준년월12개의 월별일평균 값을 동일 가중 평균,12
2644058000,강서구 가덕도동,50대,494.9166666666667,202.66666666666666,992.4166666666666,2024 기준년월12개의 월별일평균 값을 동일 가중 평균,12
2644058000,강서구 가덕도동,60대이상,1528.0833333333333,125.25,845.5833333333334,2024 기준년월12개의 월별일평균 값을 동일 가중 평균,12
2647061000,연제구 거제1동,20대,2007.5,620.75,639.5833333333334,2024 기준년월12개의 월별일평균 값을 동일 가중 평균,12
2647061000,연제구 거제1동,20대미만,2170.5,410.6666666666667,700.25,2024 기준년월12개의 월별일평균 값을 동일 가중 평균,12
2647061000,연제구 거제1동,30대,1819.6666666666667,736.5833333333334,689.25,2024 기준년월12개의 월별일평균 값을 동일 가중 평균,12
2647061000,연제구 거제1동,40대,2812.75,977.0833333333334,924.8333333333334,2024 기준년월12개의 월별일평균 값을 동일 가중 평균,12
2647061000,연제구 거제1동,50대,2848.1666666666665,973.25,1067.75,2024 기준년월12개의 월별일평균 값을 동일 가중 평균,12
2647061000,연제구 거제1동,60대이상,5936.666666666667,718.5,1557.3333333333333,2024 기준년월12개의 월별일평균 값을 동일 가중 평균,12
2647062000,연제구 거제2동,20대,1427.4166666666667,214.58333333333334,428.5833333333333,2024 기준년월12개의 월별일평균 값을 동일 가중 평균,12
2647062000,연제구 거제2동,20대미만,2459.0833333333335,132.91666666666666,481.5,2024 기준년월12개의 월별일평균 값을 동일 가중 평균,12
2647062000,연제구 거제2동,30대,2175.6666666666665,305.0,578.3333333333334,2024 기준년월12개의 월별일평균 값을 동일 가중 평균,12
2647062000,연제구 거제2동,40대,3139.0833333333335,415.6666666666667,792.6666666666666,2024 기준년월12개의 월별일평균 값을 동일 가중 평균,12
2647062000,연제구 거제2동,50대,2492.4166666666665,475.0833333333333,863.0,2024 기준년월12개의 월별일평균 값을 동일 가중 평균,12
2647062000,연제구 거제2동,60대이상,3553.3333333333335,365.4166666666667,1727.8333333333333,2024 기준년월12개의 월별일평균 값을 동일 가중 평균,12
2647063000,연제구 거제3동,20대,615.4166666666666,120.41666666666667,870.9166666666666,2024 기준년월12개의 월별일평균 값을 동일 가중 평균,12
2647063000,연제구 거제3동,20대미만,416.25,18.916666666666668,308.8333333333333,2024 기준년월12개의 월별일평균 값을 동일 가중 평균,12
2647063000,연제구 거제3동,30대,657.5,141.83333333333334,1196.9166666666667,2024 기준년월12개의 월별일평균 값을 동일 가중 평균,12
2647063000,연제구 거제3동,40대,690.9166666666666,164.91666666666666,1204.25,2024 기준년월12개의 월별일평균 값을 동일 가중 평균,12
2647063000,연제구 거제3동,50대,982.3333333333334,207.41666666666666,1273.4166666666667,2024 기준년월12개의 월별일평균 값을 동일 가중 평균,12
2647063000,연제구 거제3동,60대이상,1976.25,192.08333333333334,1370.5833333333333,2024 기준년월12개의 월별일평균 값을 동일 가중 평균,12
2647064000,연제구 거제4동,20대,637.0,51.833333333333336,242.41666666666666,2024 기준년월12개의 월별일평균 값을 동일 가중 평균,12
2647064000,연제구 거제4동,20대미만,869.0833333333334,90.33333333333333,255.91666666666666,2024 기준년월12개의 월별일평균 값을 동일 가중 평균,12
2647064000,연제구 거제4동,30대,601.3333333333334,76.5,400.5,2024 기준년월12개의 월별일평균 값을 동일 가중 평균,12
2647064000,연제구 거제4동,40대,909.3333333333334,86.83333333333333,393.3333333333333,2024 기준년월12개의 월별일평균 값을 동일 가중 평균,12
2647064000,연제구 거제4동,50대,1219.1666666666667,142.66666666666666,368.3333333333333,2024 기준년월12개의 월별일평균 값을 동일 가중 평균,12
2647064000,연제구 거제4동,60대이상,2607.0833333333335,131.83333333333334,589.6666666666666,2024 기준년월12개의 월별일평균 값을 동일 가중 평균,12
2647065000,연제구 연산1동,20대,902.9166666666666,207.33333333333334,420.5,2024 기준년월12개의 월별일평균 값을 동일 가중 평균,12
2647065000,연제구 연산1동,20대미만,1249.25,128.58333333333334,331.1666666666667,2024 기준년월12개의 월별일평균 값을 동일 가중 평균,12
2647065000,연제구 연산1동,30대,1243.9166666666667,279.0,501.5833333333333,2024 기준년월12개의 월별일평균 값을 동일 가중 평균,12
2647065000,연제구 연산1동,40대,1609.9166666666667,326.6666666666667,572.25,2024 기준년월12개의 월별일평균 값을 동일 가중 평균,12
2647065000,연제구 연산1동,50대,1576.5833333333333,358.25,655.5,2024 기준년월12개의 월별일평균 값을 동일 가중 평균,12
2647065000,연제구 연산1동,60대이상,3976.25,335.25,1149.5,2024 기준년월12개의 월별일평균 값을 동일 가중 평균,12
2647066000,연제구 연산2동,20대,1721.0,278.5833333333333,1104.0,2024 기준년월12개의 월별일평균 값을 동일 가중 평균,12
2647066000,연제구 연산2동,20대미만,1321.0833333333333,183.08333333333334,796.4166666666666,2024 기준년월12개의 월별일평균 값을 동일 가중 평균,12
2647066000,연제구 연산2동,30대,2861.25,499.5,1692.75,2024 기준년월12개의 월별일평균 값을 동일 가중 평균,12
2647066000,연제구 연산2동,40대,2249.4166666666665,498.0833333333333,1536.0833333333333,2024 기준년월12개의 월별일평균 값을 동일 가중 평균,12
2647066000,연제구 연산2동,50대,2249.3333333333335,529.75,1499.8333333333333,2024 기준년월12개의 월별일평균 값을 동일 가중 평균,12
2647066000,연제구 연산2동,60대이상,4911.833333333333,359.25,2857.5833333333335,2024 기준년월12개의 월별일평균 값을 동일 가중 평균,12
2647067000,연제구 연산3동,20대,281.4166666666667,12.166666666666666,47.833333333333336,2024 기준년월12개의 월별일평균 값을 동일 가중 평균,12
2647067000,연제구 연산3동,20대미만,189.5,51.75,61.916666666666664,2024 기준년월12개의 월별일평균 값을 동일 가중 평균,12
2647067000,연제구 연산3동,30대,464.75,26.666666666666668,86.66666666666667,2024 기준년월12개의 월별일평균 값을 동일 가중 평균,12
2647067000,연제구 연산3동,40대,570.3333333333334,32.333333333333336,101.75,2024 기준년월12개의 월별일평균 값을 동일 가중 평균,12
2647067000,연제구 연산3동,50대,554.1666666666666,52.75,105.91666666666667,2024 기준년월12개의 월별일평균 값을 동일 가중 평균,12
2647067000,연제구 연산3동,60대이상,1816.6666666666667,54.666666666666664,215.0,2024 기준년월12개의 월별일평균 값을 동일 가중 평균,12
2647068000,연제구 연산4동,20대,1079.0,271.3333333333333,955.3333333333334,2024 기준년월12개의 월별일평균 값을 동일 가중 평균,12
2647068000,연제구 연산4동,20대미만,571.0,19.583333333333332,255.41666666666666,2024 기준년월12개의 월별일평균 값을 동일 가중 평균,12
2647068000,연제구 연산4동,30대,1295.6666666666667,297.4166666666667,1009.4166666666666,2024 기준년월12개의 월별일평균 값을 동일 가중 평균,12
2647068000,연제구 연산4동,40대,1286.3333333333333,329.1666666666667,966.0833333333334,2024 기준년월12개의 월별일평균 값을 동일 가중 평균,12
2647068000,연제구 연산4동,50대,1713.0,397.75,1129.9166666666667,2024 기준년월12개의 월별일평균 값을 동일 가중 평균,12
2647068000,연제구 연산4동,60대이상,4655.75,386.0833333333333,2242.0,2024 기준년월12개의 월별일평균 값을 동일 가중 평균,12
2647069000,연제구 연산5동,20대,1656.0833333333333,363.3333333333333,708.25,2024 기준년월12개의 월별일평균 값을 동일 가중 평균,12
2647069000,연제구 연산5동,20대미만,474.25,33.083333333333336,155.66666666666666,2024 기준년월12개의 월별일평균 값을 동일 가중 평균,12
2647069000,연제구 연산5동,30대,1828.5833333333333,510.3333333333333,747.0833333333334,2024 기준년월12개의 월별일평균 값을 동일 가중 평균,12
2647069000,연제구 연산5동,40대,1189.4166666666667,518.0833333333334,690.0,2024 기준년월12개의 월별일평균 값을 동일 가중 평균,12
2647069000,연제구 연산5동,50대,1271.5,612.8333333333334,841.5833333333334,2024 기준년월12개의 월별일평균 값을 동일 가중 평균,12
2647069000,연제구 연산5동,60대이상,2853.25,537.5,1359.6666666666667,2024 기준년월12개의 월별일평균 값을 동일 가중 평균,12
2647070000,연제구 연산6동,20대,805.5833333333334,106.91666666666667,545.0833333333334,2024 기준년월12개의 월별일평균 값을 동일 가중 평균,12
2647070000,연제구 연산6동,20대미만,692.5,108.66666666666667,336.6666666666667,2024 기준년월12개의 월별일평균 값을 동일 가중 평균,12
2647070000,연제구 연산6동,30대,1094.6666666666667,112.58333333333333,589.25,2024 기준년월12개의 월별일평균 값을 동일 가중 평균,12
2647070000,연제구 연산6동,40대,1319.9166666666667,162.16666666666666,609.3333333333334,2024 기준년월12개의 월별일평균 값을 동일 가중 평균,12
2647070000,연제구 연산6동,50대,1482.8333333333333,203.58333333333334,802.8333333333334,2024 기준년월12개의 월별일평균 값을 동일 가중 평균,12
2647070000,연제구 연산6동,60대이상,4428.0,225.08333333333334,1962.9166666666667,2024 기준년월12개의 월별일평균 값을 동일 가중 평균,12
2647072000,연제구 연산8동,20대,407.3333333333333,64.58333333333333,286.5833333333333,2024 기준년월12개의 월별일평균 값을 동일 가중 평균,12
2647072000,연제구 연산8동,20대미만,419.0833333333333,101.58333333333333,309.25,2024 기준년월12개의 월별일평균 값을 동일 가중 평균,12
2647072000,연제구 연산8동,30대,512.75,64.83333333333333,343.0833333333333,2024 기준년월12개의 월별일평균 값을 동일 가중 평균,12
2647072000,연제구 연산8동,40대,708.25,97.66666666666667,440.3333333333333,2024 기준년월12개의 월별일평균 값을 동일 가중 평균,12
2647072000,연제구 연산8동,50대,837.4166666666666,125.91666666666667,526.0833333333334,2024 기준년월12개의 월별일평균 값을 동일 가중 평균,12
2647072000,연제구 연산8동,60대이상,2121.0,127.25,1147.6666666666667,2024 기준년월12개의 월별일평균 값을 동일 가중 평균,12
2647073000,연제구 연산9동,20대,2314.5,315.75,515.1666666666666,2024 기준년월12개의 월별일평균 값을 동일 가중 평균,12
2647073000,연제구 연산9동,20대미만,2549.25,211.41666666666666,431.5,2024 기준년월12개의 월별일평균 값을 동일 가중 평균,12
2647073000,연제구 연산9동,30대,2653.0833333333335,347.5833333333333,646.6666666666666,2024 기준년월12개의 월별일평균 값을 동일 가중 평균,12
2647073000,연제구 연산9동,40대,3389.1666666666665,523.8333333333334,808.75,2024 기준년월12개의 월별일평균 값을 동일 가중 평균,12
2647073000,연제구 연산9동,50대,4219.916666666667,619.5833333333334,949.5,2024 기준년월12개의 월별일평균 값을 동일 가중 평균,12
2647073000,연제구 연산9동,60대이상,9244.583333333334,540.9166666666666,1458.8333333333333,2024 기준년월12개의 월별일평균 값을 동일 가중 평균,12
2650066000,수영구 남천1동,20대,1241.5,420.5,783.5,2024 기준년월12개의 월별일평균 값을 동일 가중 평균,12
2650066000,수영구 남천1동,20대미만,1447.0833333333333,235.5,696.75,2024 기준년월12개의 월별일평균 값을 동일 가중 평균,12
2650066000,수영구 남천1동,30대,1443.9166666666667,516.1666666666666,804.5833333333334,2024 기준년월12개의 월별일평균 값을 동일 가중 평균,12
2650066000,수영구 남천1동,40대,1635.75,526.75,986.3333333333334,2024 기준년월12개의 월별일평균 값을 동일 가중 평균,12
2650066000,수영구 남천1동,50대,1833.5,549.25,1073.4166666666667,2024 기준년월12개의 월별일평균 값을 동일 가중 평균,12
2650066000,수영구 남천1동,60대이상,3826.4166666666665,466.75,1708.3333333333333,2024 기준년월12개의 월별일평균 값을 동일 가중 평균,12
2650067000,수영구 남천2동,20대,489.25,63.0,448.1666666666667,2024 기준년월12개의 월별일평균 값을 동일 가중 평균,12
2650067000,수영구 남천2동,20대미만,567.5833333333334,20.583333333333332,213.33333333333334,2024 기준년월12개의 월별일평균 값을 동일 가중 평균,12
2650067000,수영구 남천2동,30대,758.3333333333334,83.25,385.5833333333333,2024 기준년월12개의 월별일평균 값을 동일 가중 평균,12
2650067000,수영구 남천2동,40대,819.5833333333334,96.25,384.0833333333333,2024 기준년월12개의 월별일평균 값을 동일 가중 평균,12
2650067000,수영구 남천2동,50대,1220.5,128.0,417.0,2024 기준년월12개의 월별일평균 값을 동일 가중 평균,12
2650067000,수영구 남천2동,60대이상,2364.9166666666665,107.66666666666667,710.1666666666666,2024 기준년월12개의 월별일평균 값을 동일 가중 평균,12
2650073000,수영구 수영동,20대,1076.75,166.66666666666666,400.5,2024 기준년월12개의 월별일평균 값을 동일 가중 평균,12
2650073000,수영구 수영동,20대미만,583.0833333333334,70.66666666666667,197.91666666666666,2024 기준년월12개의 월별일평균 값을 동일 가중 평균,12
2650073000,수영구 수영동,30대,1147.1666666666667,190.08333333333334,442.5,2024 기준년월12개의 월별일평균 값을 동일 가중 평균,12
2650073000,수영구 수영동,40대,1160.0833333333333,194.58333333333334,445.25,2024 기준년월12개의 월별일평균 값을 동일 가중 평균,12
2650073000,수영구 수영동,50대,1576.5833333333333,283.0,556.5833333333334,2024 기준년월12개의 월별일평균 값을 동일 가중 평균,12
2650073000,수영구 수영동,60대이상,5292.083333333333,323.5,1106.3333333333333,2024 기준년월12개의 월별일평균 값을 동일 가중 평균,12
2650074000,수영구 망미1동,20대,1676.4166666666667,217.91666666666666,382.4166666666667,2024 기준년월12개의 월별일평균 값을 동일 가중 평균,12
2650074000,수영구 망미1동,20대미만,1904.1666666666667,85.33333333333333,276.0833333333333,2024 기준년월12개의 월별일평균 값을 동일 가중 평균,12
2650074000,수영구 망미1동,30대,2055.6666666666665,244.16666666666666,456.5833333333333,2024 기준년월12개의 월별일평균 값을 동일 가중 평균,12
2650074000,수영구 망미1동,40대,2653.3333333333335,334.8333333333333,516.6666666666666,2024 기준년월12개의 월별일평균 값을 동일 가중 평균,12
2650074000,수영구 망미1동,50대,2877.25,383.0833333333333,596.3333333333334,2024 기준년월12개의 월별일평균 값을 동일 가중 평균,12
2650074000,수영구 망미1동,60대이상,9030.083333333334,438.3333333333333,1219.9166666666667,2024 기준년월12개의 월별일평균 값을 동일 가중 평균,12
2650075000,수영구 망미2동,20대,470.6666666666667,63.666666666666664,259.5833333333333,2024 기준년월12개의 월별일평균 값을 동일 가중 평균,12
2650075000,수영구 망미2동,20대미만,543.9166666666666,32.5,238.25,2024 기준년월12개의 월별일평균 값을 동일 가중 평균,12
2650075000,수영구 망미2동,30대,547.1666666666666,89.83333333333333,299.0833333333333,2024 기준년월12개의 월별일평균 값을 동일 가중 평균,12
2650075000,수영구 망미2동,40대,855.4166666666666,115.08333333333333,458.5833333333333,2024 기준년월12개의 월별일평균 값을 동일 가중 평균,12
2650075000,수영구 망미2동,50대,1133.6666666666667,130.5,429.5,2024 기준년월12개의 월별일평균 값을 동일 가중 평균,12
2650075000,수영구 망미2동,60대이상,2454.8333333333335,138.08333333333334,806.6666666666666,2024 기준년월12개의 월별일평균 값을 동일 가중 평균,12
2650076000,수영구 광안1동,20대,2244.25,186.83333333333334,498.5833333333333,2024 기준년월12개의 월별일평균 값을 동일 가중 평균,12
2650076000,수영구 광안1동,20대미만,877.5833333333334,50.25,202.91666666666666,2024 기준년월12개의 월별일평균 값을 동일 가중 평균,12
2650076000,수영구 광안1동,30대,2104.8333333333335,210.08333333333334,430.8333333333333,2024 기준년월12개의 월별일평균 값을 동일 가중 평균,12
2650076000,수영구 광안1동,40대,1546.5833333333333,212.75,404.0833333333333,2024 기준년월12개의 월별일평균 값을 동일 가중 평균,12
2650076000,수영구 광안1동,50대,1495.25,208.5,459.6666666666667,2024 기준년월12개의 월별일평균 값을 동일 가중 평균,12
2650076000,수영구 광안1동,60대이상,4098.583333333333,220.75,915.5833333333334,2024 기준년월12개의 월별일평균 값을 동일 가중 평균,12
2650077000,수영구 광안2동,20대,1624.0,379.3333333333333,2134.0,2024 기준년월12개의 월별일평균 값을 동일 가중 평균,12
2650077000,수영구 광안2동,20대미만,1055.4166666666667,123.41666666666667,571.5,2024 기준년월12개의 월별일평균 값을 동일 가중 평균,12
2650077000,수영구 광안2동,30대,1730.4166666666667,368.75,1298.8333333333333,2024 기준년월12개의 월별일평균 값을 동일 가중 평균,12
2650077000,수영구 광안2동,40대,1758.0,338.9166666666667,915.25,2024 기준년월12개의 월별일평균 값을 동일 가중 평균,12
2650077000,수영구 광안2동,50대,1813.5833333333333,329.1666666666667,903.5833333333334,2024 기준년월12개의 월별일평균 값을 동일 가중 평균,12
2650077000,수영구 광안2동,60대이상,4300.916666666667,330.25,1287.1666666666667,2024 기준년월12개의 월별일평균 값을 동일 가중 평균,12
2650078000,수영구 광안3동,20대,1240.0833333333333,188.5,739.8333333333334,2024 기준년월12개의 월별일평균 값을 동일 가중 평균,12
2650078000,수영구 광안3동,20대미만,320.0,26.25,234.66666666666666,2024 기준년월12개의 월별일평균 값을 동일 가중 평균,12
2650078000,수영구 광안3동,30대,1124.0833333333333,191.5,619.0833333333334,2024 기준년월12개의 월별일평균 값을 동일 가중 평균,12
2650078000,수영구 광안3동,40대,810.9166666666666,212.33333333333334,554.25,2024 기준년월12개의 월별일평균 값을 동일 가중 평균,12
2650078000,수영구 광안3동,50대,866.25,216.08333333333334,630.25,2024 기준년월12개의 월별일평균 값을 동일 가중 평균,12
2650078000,수영구 광안3동,60대이상,2708.1666666666665,256.0,1211.6666666666667,2024 기준년월12개의 월별일평균 값을 동일 가중 평균,12
2650079000,수영구 광안4동,20대,888.4166666666666,113.08333333333333,590.4166666666666,2024 기준년월12개의 월별일평균 값을 동일 가중 평균,12
2650079000,수영구 광안4동,20대미만,639.0833333333334,141.66666666666666,393.6666666666667,2024 기준년월12개의 월별일평균 값을 동일 가중 평균,12
2650079000,수영구 광안4동,30대,935.6666666666666,119.08333333333333,651.25,2024 기준년월12개의 월별일평균 값을 동일 가중 평균,12
2650079000,수영구 광안4동,40대,1089.8333333333333,143.58333333333334,636.8333333333334,2024 기준년월12개의 월별일평균 값을 동일 가중 평균,12
2650079000,수영구 광안4동,50대,1414.0,159.83333333333334,642.1666666666666,2024 기준년월12개의 월별일평균 값을 동일 가중 평균,12
2650079000,수영구 광안4동,60대이상,3031.3333333333335,161.66666666666666,1238.4166666666667,2024 기준년월12개의 월별일평균 값을 동일 가중 평균,12
2650080000,수영구 민락동,20대,2103.6666666666665,391.0833333333333,2363.75,2024 기준년월12개의 월별일평균 값을 동일 가중 평균,12
2650080000,수영구 민락동,20대미만,1433.75,36.833333333333336,679.4166666666666,2024 기준년월12개의 월별일평균 값을 동일 가중 평균,12
2650080000,수영구 민락동,30대,2836.4166666666665,395.5833333333333,1525.5833333333333,2024 기준년월12개의 월별일평균 값을 동일 가중 평균,12
2650080000,수영구 민락동,40대,2900.75,379.0833333333333,1141.5,2024 기준년월12개의 월별일평균 값을 동일 가중 평균,12
2650080000,수영구 민락동,50대,3148.0,451.25,1149.0833333333333,2024 기준년월12개의 월별일평균 값을 동일 가중 평균,12
2650080000,수영구 민락동,60대이상,7320.166666666667,466.75,1588.5833333333333,2024 기준년월12개의 월별일평균 값을 동일 가중 평균,12
2653058000,사상구 삼락동,20대,258.8333333333333,166.08333333333334,355.9166666666667,2024 기준년월12개의 월별일평균 값을 동일 가중 평균,12
2653058000,사상구 삼락동,20대미만,200.58333333333334,63.416666666666664,223.0,2024 기준년월12개의 월별일평균 값을 동일 가중 평균,12
2653058000,사상구 삼락동,30대,297.9166666666667,287.5,469.3333333333333,2024 기준년월12개의 월별일평균 값을 동일 가중 평균,12
2653058000,사상구 삼락동,40대,314.1666666666667,393.5833333333333,534.5,2024 기준년월12개의 월별일평균 값을 동일 가중 평균,12
2653058000,사상구 삼락동,50대,676.6666666666666,600.5,784.5833333333334,2024 기준년월12개의 월별일평균 값을 동일 가중 평균,12
2653058000,사상구 삼락동,60대이상,1601.5833333333333,514.0833333333334,1351.1666666666667,2024 기준년월12개의 월별일평균 값을 동일 가중 평균,12
2653059100,사상구 모라1동,20대,1805.5,357.5,379.1666666666667,2024 기준년월12개의 월별일평균 값을 동일 가중 평균,12
2653059100,사상구 모라1동,20대미만,1335.0,99.16666666666667,203.08333333333334,2024 기준년월12개의 월별일평균 값을 동일 가중 평균,12
2653059100,사상구 모라1동,30대,2069.9166666666665,465.3333333333333,447.3333333333333,2024 기준년월12개의 월별일평균 값을 동일 가중 평균,12
2653059100,사상구 모라1동,40대,2058.8333333333335,548.0833333333334,530.6666666666666,2024 기준년월12개의 월별일평균 값을 동일 가중 평균,12
2653059100,사상구 모라1동,50대,3452.4166666666665,827.5,795.75,2024 기준년월12개의 월별일평균 값을 동일 가중 평균,12
2653059100,사상구 모라1동,60대이상,8281.416666666666,795.3333333333334,1328.75,2024 기준년월12개의 월별일평균 값을 동일 가중 평균,12
2653059300,사상구 모라3동,20대,374.4166666666667,64.25,85.33333333333333,2024 기준년월12개의 월별일평균 값을 동일 가중 평균,12
2653059300,사상구 모라3동,20대미만,337.8333333333333,35.916666666666664,78.75,2024 기준년월12개의 월별일평균 값을 동일 가중 평균,12
2653059300,사상구 모라3동,30대,436.0,43.75,100.75,2024 기준년월12개의 월별일평균 값을 동일 가중 평균,12
2653059300,사상구 모라3동,40대,729.4166666666666,80.08333333333333,165.83333333333334,2024 기준년월12개의 월별일평균 값을 동일 가중 평균,12
2653059300,사상구 모라3동,50대,1309.4166666666667,159.16666666666666,262.0833333333333,2024 기준년월12개의 월별일평균 값을 동일 가중 평균,12
2653059300,사상구 모라3동,60대이상,4691.833333333333,195.66666666666666,553.3333333333334,2024 기준년월12개의 월별일평균 값을 동일 가중 평균,12
2653060000,사상구 덕포1동,20대,680.4166666666666,64.16666666666667,163.83333333333334,2024 기준년월12개의 월별일평균 값을 동일 가중 평균,12
2653060000,사상구 덕포1동,20대미만,595.4166666666666,81.33333333333333,113.91666666666667,2024 기준년월12개의 월별일평균 값을 동일 가중 평균,12
2653060000,사상구 덕포1동,30대,1055.1666666666667,78.25,175.83333333333334,2024 기준년월12개의 월별일평균 값을 동일 가중 평균,12
2653060000,사상구 덕포1동,40대,935.0,91.25,170.33333333333334,2024 기준년월12개의 월별일평균 값을 동일 가중 평균,12
2653060000,사상구 덕포1동,50대,1134.5833333333333,136.58333333333334,240.75,2024 기준년월12개의 월별일평균 값을 동일 가중 평균,12
2653060000,사상구 덕포1동,60대이상,2281.0833333333335,134.58333333333334,439.3333333333333,2024 기준년월12개의 월별일평균 값을 동일 가중 평균,12
2653061000,사상구 덕포2동,20대,914.3333333333334,200.75,381.3333333333333,2024 기준년월12개의 월별일평균 값을 동일 가중 평균,12
2653061000,사상구 덕포2동,20대미만,917.8333333333334,108.41666666666667,244.75,2024 기준년월12개의 월별일평균 값을 동일 가중 평균,12
2653061000,사상구 덕포2동,30대,916.3333333333334,254.66666666666666,347.75,2024 기준년월12개의 월별일평균 값을 동일 가중 평균,12
2653061000,사상구 덕포2동,40대,1087.4166666666667,328.9166666666667,390.5833333333333,2024 기준년월12개의 월별일평균 값을 동일 가중 평균,12
2653061000,사상구 덕포2동,50대,1612.6666666666667,467.5,538.5833333333334,2024 기준년월12개의 월별일평균 값을 동일 가중 평균,12
2653061000,사상구 덕포2동,60대이상,3703.1666666666665,391.5,795.3333333333334,2024 기준년월12개의 월별일평균 값을 동일 가중 평균,12
2653062000,사상구 괘법동,20대,3196.0833333333335,866.4166666666666,1771.1666666666667,2024 기준년월12개의 월별일평균 값을 동일 가중 평균,12
2653062000,사상구 괘법동,20대미만,908.3333333333334,123.33333333333333,560.25,2024 기준년월12개의 월별일평균 값을 동일 가중 평균,12
2653062000,사상구 괘법동,30대,2954.5,636.0833333333334,1285.0833333333333,2024 기준년월12개의 월별일평균 값을 동일 가중 평균,12
2653062000,사상구 괘법동,40대,2101.5833333333335,724.25,1181.6666666666667,2024 기준년월12개의 월별일평균 값을 동일 가중 평균,12
2653062000,사상구 괘법동,50대,2890.8333333333335,915.4166666666666,1621.4166666666667,2024 기준년월12개의 월별일평균 값을 동일 가중 평균,12
2653062000,사상구 괘법동,60대이상,5968.916666666667,833.3333333333334,2640.5,2024 기준년월12개의 월별일평균 값을 동일 가중 평균,12
2653064500,사상구 감전동,20대,693.25,483.6666666666667,648.0,2024 기준년월12개의 월별일평균 값을 동일 가중 평균,12
2653064500,사상구 감전동,20대미만,345.5833333333333,46.25,189.66666666666666,2024 기준년월12개의 월별일평균 값을 동일 가중 평균,12
2653064500,사상구 감전동,30대,858.6666666666666,783.25,710.3333333333334,2024 기준년월12개의 월별일평균 값을 동일 가중 평균,12
2653064500,사상구 감전동,40대,850.9166666666666,801.4166666666666,739.25,2024 기준년월12개의 월별일평균 값을 동일 가중 평균,12
2653064500,사상구 감전동,50대,1453.9166666666667,1021.4166666666666,1022.25,2024 기준년월12개의 월별일평균 값을 동일 가중 평균,12
2653064500,사상구 감전동,60대이상,3616.0833333333335,880.75,1359.8333333333333,2024 기준년월12개의 월별일평균 값을 동일 가중 평균,12
2653065000,사상구 주례1동,20대,1177.6666666666667,254.66666666666666,345.8333333333333,2024 기준년월12개의 월별일평균 값을 동일 가중 평균,12
2653065000,사상구 주례1동,20대미만,1252.5833333333333,23.916666666666668,128.41666666666666,2024 기준년월12개의 월별일평균 값을 동일 가중 평균,12
2653065000,사상구 주례1동,30대,1576.4166666666667,307.5,371.25,2024 기준년월12개의 월별일평균 값을 동일 가중 평균,12
2653065000,사상구 주례1동,40대,1572.0833333333333,325.0833333333333,375.3333333333333,2024 기준년월12개의 월별일평균 값을 동일 가중 평균,12
2653065000,사상구 주례1동,50대,2145.0,452.0833333333333,541.6666666666666,2024 기준년월12개의 월별일평균 값을 동일 가중 평균,12
2653065000,사상구 주례1동,60대이상,4332.0,427.0833333333333,1061.6666666666667,2024 기준년월12개의 월별일평균 값을 동일 가중 평균,12
2653066000,사상구 주례2동,20대,2741.25,727.5,847.5833333333334,2024 기준년월12개의 월별일평균 값을 동일 가중 평균,12
2653066000,사상구 주례2동,20대미만,1784.6666666666667,236.41666666666666,387.3333333333333,2024 기준년월12개의 월별일평균 값을 동일 가중 평균,12
2653066000,사상구 주례2동,30대,1912.8333333333333,329.75,493.9166666666667,2024 기준년월12개의 월별일평균 값을 동일 가중 평균,12
2653066000,사상구 주례2동,40대,2111.25,354.1666666666667,537.0,2024 기준년월12개의 월별일평균 값을 동일 가중 평균,12
2653066000,사상구 주례2동,50대,2517.5,415.6666666666667,726.5,2024 기준년월12개의 월별일평균 값을 동일 가중 평균,12
2653066000,사상구 주례2동,60대이상,5335.916666666667,384.75,1292.5,2024 기준년월12개의 월별일평균 값을 동일 가중 평균,12
2653066100,사상구 주례3동,20대,469.6666666666667,68.25,140.5,2024 기준년월12개의 월별일평균 값을 동일 가중 평균,12
2653066100,사상구 주례3동,20대미만,412.25,39.0,83.5,2024 기준년월12개의 월별일평균 값을 동일 가중 평균,12
2653066100,사상구 주례3동,30대,433.4166666666667,84.83333333333333,165.0,2024 기준년월12개의 월별일평균 값을 동일 가중 평균,12
2653066100,사상구 주례3동,40대,590.5833333333334,121.83333333333333,203.91666666666666,2024 기준년월12개의 월별일평균 값을 동일 가중 평균,12
2653066100,사상구 주례3동,50대,848.5,130.58333333333334,232.0,2024 기준년월12개의 월별일평균 값을 동일 가중 평균,12
2653066100,사상구 주례3동,60대이상,1926.5,118.75,373.75,2024 기준년월12개의 월별일평균 값을 동일 가중 평균,12
2653067000,사상구 학장동,20대,1170.25,356.3333333333333,463.75,2024 기준년월12개의 월별일평균 값을 동일 가중 평균,12
2653067000,사상구 학장동,20대미만,1076.0,118.33333333333333,310.3333333333333,2024 기준년월12개의 월별일평균 값을 동일 가중 평균,12
2653067000,사상구 학장동,30대,1328.0833333333333,426.6666666666667,593.6666666666666,2024 기준년월12개의 월별일평균 값을 동일 가중 평균,12
2653067000,사상구 학장동,40대,1891.0833333333333,526.8333333333334,726.4166666666666,2024 기준년월12개의 월별일평균 값을 동일 가중 평균,12
2653067000,사상구 학장동,50대,2239.1666666666665,760.25,1023.75,2024 기준년월12개의 월별일평균 값을 동일 가중 평균,12
2653067000,사상구 학장동,60대이상,5437.583333333333,619.3333333333334,1700.25,2024 기준년월12개의 월별일평균 값을 동일 가중 평균,12
2653068000,사상구 엄궁동,20대,1911.4166666666667,291.0833333333333,324.25,2024 기준년월12개의 월별일평균 값을 동일 가중 평균,12
2653068000,사상구 엄궁동,20대미만,2621.6666666666665,24.25,141.16666666666666,2024 기준년월12개의 월별일평균 값을 동일 가중 평균,12
2653068000,사상구 엄궁동,30대,2008.5833333333333,328.9166666666667,423.0833333333333,2024 기준년월12개의 월별일평균 값을 동일 가중 평균,12
2653068000,사상구 엄궁동,40대,2815.3333333333335,513.0833333333334,516.8333333333334,2024 기준년월12개의 월별일평균 값을 동일 가중 평균,12
2653068000,사상구 엄궁동,50대,3633.5833333333335,605.5833333333334,707.25,2024 기준년월12개의 월별일평균 값을 동일 가중 평균,12
2653068000,사상구 엄궁동,60대이상,6032.583333333333,435.3333333333333,1019.6666666666666,2024 기준년월12개의 월별일평균 값을 동일 가중 평균,12
2671025000,기장군 기장읍,20대,4114.083333333333,1169.6666666666667,1842.6666666666667,2024 기준년월12개의 월별일평균 값을 동일 가중 평균,12
2671025000,기장군 기장읍,20대미만,4085.1666666666665,124.75,1328.8333333333333,2024 기준년월12개의 월별일평균 값을 동일 가중 평균,12
2671025000,기장군 기장읍,30대,4460.916666666667,1228.0,2623.1666666666665,2024 기준년월12개의 월별일평균 값을 동일 가중 평균,12
2671025000,기장군 기장읍,40대,5936.833333333333,1457.6666666666667,2901.4166666666665,2024 기준년월12개의 월별일평균 값을 동일 가중 평균,12
2671025000,기장군 기장읍,50대,7680.333333333333,1760.0833333333333,2884.4166666666665,2024 기준년월12개의 월별일평균 값을 동일 가중 평균,12
2671025000,기장군 기장읍,60대이상,17273.75,1251.6666666666667,3587.6666666666665,2024 기준년월12개의 월별일평균 값을 동일 가중 평균,12
2671025300,기장군 장안읍,20대,600.1666666666666,615.6666666666666,633.5833333333334,2024 기준년월12개의 월별일평균 값을 동일 가중 평균,12
2671025300,기장군 장안읍,20대미만,417.9166666666667,193.75,370.6666666666667,2024 기준년월12개의 월별일평균 값을 동일 가중 평균,12
2671025300,기장군 장안읍,30대,710.6666666666666,1027.25,1032.4166666666667,2024 기준년월12개의 월별일평균 값을 동일 가중 평균,12
2671025300,기장군 장안읍,40대,749.75,1176.5833333333333,1379.8333333333333,2024 기준년월12개의 월별일평균 값을 동일 가중 평균,12
2671025300,기장군 장안읍,50대,1144.4166666666667,1072.6666666666667,1471.75,2024 기준년월12개의 월별일평균 값을 동일 가중 평균,12
2671025300,기장군 장안읍,60대이상,3146.75,619.3333333333334,1709.5833333333333,2024 기준년월12개의 월별일평균 값을 동일 가중 평균,12
2671025600,기장군 정관읍,20대,4921.083333333333,987.3333333333334,784.25,2024 기준년월12개의 월별일평균 값을 동일 가중 평균,12
2671025600,기장군 정관읍,20대미만,13920.083333333334,95.83333333333333,424.25,2024 기준년월12개의 월별일평균 값을 동일 가중 평균,12
2671025600,기장군 정관읍,30대,7427.416666666667,1301.75,968.25,2024 기준년월12개의 월별일평균 값을 동일 가중 평균,12
2671025600,기장군 정관읍,40대,14889.5,2501.4166666666665,1365.75,2024 기준년월12개의 월별일평균 값을 동일 가중 평균,12
2671025600,기장군 정관읍,50대,8630.833333333334,1841.9166666666667,1365.8333333333333,2024 기준년월12개의 월별일평균 값을 동일 가중 평균,12
2671025600,기장군 정관읍,60대이상,13468.5,1008.0,1598.1666666666667,2024 기준년월12개의 월별일평균 값을 동일 가중 평균,12
2671025900,기장군 일광읍,20대,1965.6666666666667,335.6666666666667,730.8333333333334,2024 기준년월12개의 월별일평균 값을 동일 가중 평균,12
2671025900,기장군 일광읍,20대미만,2375.5833333333335,52.416666666666664,389.0833333333333,2024 기준년월12개의 월별일평균 값을 동일 가중 평균,12
2671025900,기장군 일광읍,30대,3638.25,509.5833333333333,923.0,2024 기준년월12개의 월별일평균 값을 동일 가중 평균,12
2671025900,기장군 일광읍,40대,3929.9166666666665,617.0,1097.8333333333333,2024 기준년월12개의 월별일평균 값을 동일 가중 평균,12
2671025900,기장군 일광읍,50대,3242.5833333333335,575.8333333333334,1260.9166666666667,2024 기준년월12개의 월별일평균 값을 동일 가중 평균,12
2671025900,기장군 일광읍,60대이상,5603.166666666667,482.75,1621.5833333333333,2024 기준년월12개의 월별일평균 값을 동일 가중 평균,12
2671033000,기장군 철마면,20대,178.08333333333334,45.75,96.08333333333333,2024 기준년월12개의 월별일평균 값을 동일 가중 평균,12
2671033000,기장군 철마면,20대미만,210.66666666666666,9.416666666666666,62.666666666666664,2024 기준년월12개의 월별일평균 값을 동일 가중 평균,12
2671033000,기장군 철마면,30대,278.5,99.75,160.58333333333334,2024 기준년월12개의 월별일평균 값을 동일 가중 평균,12
2671033000,기장군 철마면,40대,467.8333333333333,141.33333333333334,264.0833333333333,2024 기준년월12개의 월별일평균 값을 동일 가중 평균,12
2671033000,기장군 철마면,50대,680.9166666666666,265.3333333333333,475.4166666666667,2024 기준년월12개의 월별일평균 값을 동일 가중 평균,12
2671033000,기장군 철마면,60대이상,3255.1666666666665,257.0833333333333,978.4166666666666,2024 기준년월12개의 월별일평균 값을 동일 가중 평균,12
