statisticsYear,boundaryDate,sgisCode,district,name,level,kind,itemCode,itemLabel,value,rawValue,missing
2024,2025-06-30,21,부산광역시,부산광역시,city,type,ho_gb_001,다세대,148276.0,148276,False
2024,2025-06-30,21,부산광역시,부산광역시,city,type,ho_gb_002,단독주택,164145.0,164145,False
2024,2025-06-30,21,부산광역시,부산광역시,city,type,ho_gb_005,영업용 건물 내 주택,10775.0,10775,False
2024,2025-06-30,21,부산광역시,부산광역시,city,type,ho_gb_004,연립주택,26358.0,26358,False
2024,2025-06-30,21,부산광역시,부산광역시,city,type,ho_gb_003,아파트,878143.0,878143,False
2024,2025-06-30,21,부산광역시,부산광역시,city,type,ho_gb_006,주택이외 거처,109459.0,109459,False
2024,2025-06-30,21060,동래구,동래구,district,type,ho_gb_005,영업용 건물 내 주택,996.0,996,False
2024,2025-06-30,21150,사상구,사상구,district,type,ho_gb_004,연립주택,709.0,709,False
2024,2025-06-30,21080,북구,북구,district,type,ho_gb_004,연립주택,2037.0,2037,False
2024,2025-06-30,21010,중구,중구,district,type,ho_gb_005,영업용 건물 내 주택,568.0,568,False
2024,2025-06-30,21070,남구,남구,district,type,ho_gb_005,영업용 건물 내 주택,709.0,709,False
2024,2025-06-30,21020,서구,서구,district,type,ho_gb_001,다세대,5786.0,5786,False
2024,2025-06-30,21100,사하구,사하구,district,type,ho_gb_006,주택이외 거처,6623.0,6623,False
2024,2025-06-30,21150,사상구,사상구,district,type,ho_gb_003,아파트,58408.0,58408,False
2024,2025-06-30,21010,중구,중구,district,type,ho_gb_002,단독주택,3789.0,3789,False
2024,2025-06-30,21060,동래구,동래구,district,type,ho_gb_002,단독주택,10686.0,10686,False
2024,2025-06-30,21120,강서구,강서구,district,type,ho_gb_001,다세대,671.0,671,False
2024,2025-06-30,21050,부산진구,부산진구,district,type,ho_gb_005,영업용 건물 내 주택,987.0,987,False
2024,2025-06-30,21100,사하구,사하구,district,type,ho_gb_001,다세대,10571.0,10571,False
2024,2025-06-30,21110,금정구,금정구,district,type,ho_gb_002,단독주택,13753.0,13753,False
2024,2025-06-30,21030,동구,동구,district,type,ho_gb_002,단독주택,11172.0,11172,False
2024,2025-06-30,21140,수영구,수영구,district,type,ho_gb_006,주택이외 거처,7288.0,7288,False
2024,2025-06-30,21120,강서구,강서구,district,type,ho_gb_004,연립주택,312.0,312,False
2024,2025-06-30,21030,동구,동구,district,type,ho_gb_004,연립주택,869.0,869,False
2024,2025-06-30,21020,서구,서구,district,type,ho_gb_004,연립주택,967.0,967,False
2024,2025-06-30,21070,남구,남구,district,type,ho_gb_004,연립주택,2451.0,2451,False
2024,2025-06-30,21040,영도구,영도구,district,type,ho_gb_006,주택이외 거처,1715.0,1715,False
2024,2025-06-30,21090,해운대구,해운대구,district,type,ho_gb_004,연립주택,2014.0,2014,False
2024,2025-06-30,21070,남구,남구,district,type,ho_gb_002,단독주택,11245.0,11245,False
2024,2025-06-30,21120,강서구,강서구,district,type,ho_gb_003,아파트,36985.0,36985,False
2024,2025-06-30,21040,영도구,영도구,district,type,ho_gb_002,단독주택,11013.0,11013,False
2024,2025-06-30,21130,연제구,연제구,district,type,ho_gb_001,다세대,9890.0,9890,False
2024,2025-06-30,21100,사하구,사하구,district,type,ho_gb_004,연립주택,4404.0,4404,False
2024,2025-06-30,21010,중구,중구,district,type,ho_gb_006,주택이외 거처,4118.0,4118,False
2024,2025-06-30,21020,서구,서구,district,type,ho_gb_005,영업용 건물 내 주택,419.0,419,False
2024,2025-06-30,21510,기장군,기장군,district,type,ho_gb_004,연립주택,1270.0,1270,False
2024,2025-06-30,21130,연제구,연제구,district,type,ho_gb_005,영업용 건물 내 주택,684.0,684,False
2024,2025-06-30,21070,남구,남구,district,type,ho_gb_001,다세대,18495.0,18495,False
2024,2025-06-30,21150,사상구,사상구,district,type,ho_gb_006,주택이외 거처,6360.0,6360,False
2024,2025-06-30,21050,부산진구,부산진구,district,type,ho_gb_002,단독주택,16770.0,16770,False
2024,2025-06-30,21140,수영구,수영구,district,type,ho_gb_002,단독주택,8509.0,8509,False
2024,2025-06-30,21120,강서구,강서구,district,type,ho_gb_006,주택이외 거처,5754.0,5754,False
2024,2025-06-30,21140,수영구,수영구,district,type,ho_gb_003,아파트,39207.0,39207,False
2024,2025-06-30,21510,기장군,기장군,district,type,ho_gb_001,다세대,3215.0,3215,False
2024,2025-06-30,21090,해운대구,해운대구,district,type,ho_gb_001,다세대,11383.0,11383,False
2024,2025-06-30,21080,북구,북구,district,type,ho_gb_003,아파트,86525.0,86525,False
2024,2025-06-30,21130,연제구,연제구,district,type,ho_gb_004,연립주택,1248.0,1248,False
2024,2025-06-30,21130,연제구,연제구,district,type,ho_gb_002,단독주택,9010.0,9010,False
2024,2025-06-30,21150,사상구,사상구,district,type,ho_gb_001,다세대,7693.0,7693,False
2024,2025-06-30,21010,중구,중구,district,type,ho_gb_004,연립주택,606.0,606,False
2024,2025-06-30,21030,동구,동구,district,type,ho_gb_001,다세대,3995.0,3995,False
2024,2025-06-30,21050,부산진구,부산진구,district,type,ho_gb_006,주택이외 거처,20683.0,20683,False
2024,2025-06-30,21040,영도구,영도구,district,type,ho_gb_005,영업용 건물 내 주택,432.0,432,False
2024,2025-06-30,21090,해운대구,해운대구,district,type,ho_gb_003,아파트,111120.0,111120,False
2024,2025-06-30,21090,해운대구,해운대구,district,type,ho_gb_006,주택이외 거처,15859.0,15859,False
2024,2025-06-30,21110,금정구,금정구,district,type,ho_gb_006,주택이외 거처,4950.0,4950,False
2024,2025-06-30,21120,강서구,강서구,district,type,ho_gb_005,영업용 건물 내 주택,417.0,417,False
2024,2025-06-30,21020,서구,서구,district,type,ho_gb_006,주택이외 거처,3458.0,3458,False
2024,2025-06-30,21140,수영구,수영구,district,type,ho_gb_004,연립주택,1880.0,1880,False
2024,2025-06-30,21150,사상구,사상구,district,type,ho_gb_005,영업용 건물 내 주택,749.0,749,False
2024,2025-06-30,21060,동래구,동래구,district,type,ho_gb_004,연립주택,2412.0,2412,False
2024,2025-06-30,21060,동래구,동래구,district,type,ho_gb_003,아파트,70575.0,70575,False
2024,2025-06-30,21090,해운대구,해운대구,district,type,ho_gb_005,영업용 건물 내 주택,705.0,705,False
2024,2025-06-30,21010,중구,중구,district,type,ho_gb_001,다세대,4401.0,4401,False
2024,2025-06-30,21510,기장군,기장군,district,type,ho_gb_006,주택이외 거처,3348.0,3348,False
2024,2025-06-30,21050,부산진구,부산진구,district,type,ho_gb_004,연립주택,1467.0,1467,False
2024,2025-06-30,21070,남구,남구,district,type,ho_gb_003,아파트,66770.0,66770,False
2024,2025-06-30,21070,남구,남구,district,type,ho_gb_006,주택이외 거처,6402.0,6402,False
2024,2025-06-30,21010,중구,중구,district,type,ho_gb_003,아파트,4836.0,4836,False
2024,2025-06-30,21040,영도구,영도구,district,type,ho_gb_001,다세대,2975.0,2975,False
2024,2025-06-30,21110,금정구,금정구,district,type,ho_gb_005,영업용 건물 내 주택,1061.0,1061,False
2024,2025-06-30,21110,금정구,금정구,district,type,ho_gb_001,다세대,15798.0,15798,False
2024,2025-06-30,21130,연제구,연제구,district,type,ho_gb_003,아파트,57507.0,57507,False
2024,2025-06-30,21510,기장군,기장군,district,type,ho_gb_005,영업용 건물 내 주택,597.0,597,False
2024,2025-06-30,21060,동래구,동래구,district,type,ho_gb_001,다세대,11313.0,11313,False
2024,2025-06-30,21130,연제구,연제구,district,type,ho_gb_006,주택이외 거처,6959.0,6959,False
2024,2025-06-30,21120,강서구,강서구,district,type,ho_gb_002,단독주택,8442.0,8442,False
2024,2025-06-30,21050,부산진구,부산진구,district,type,ho_gb_003,아파트,102572.0,102572,False
2024,2025-06-30,21030,동구,동구,district,type,ho_gb_005,영업용 건물 내 주택,442.0,442,False
2024,2025-06-30,21080,북구,북구,district,type,ho_gb_002,단독주택,6738.0,6738,False
2024,2025-06-30,21020,서구,서구,district,type,ho_gb_002,단독주택,11644.0,11644,False
2024,2025-06-30,21080,북구,북구,district,type,ho_gb_006,주택이외 거처,2838.0,2838,False
2024,2025-06-30,21030,동구,동구,district,type,ho_gb_006,주택이외 거처,5240.0,5240,False
2024,2025-06-30,21050,부산진구,부산진구,district,type,ho_gb_001,다세대,16774.0,16774,False
2024,2025-06-30,21150,사상구,사상구,district,type,ho_gb_002,단독주택,8635.0,8635,False
2024,2025-06-30,21030,동구,동구,district,type,ho_gb_003,아파트,15038.0,15038,False
2024,2025-06-30,21110,금정구,금정구,district,type,ho_gb_004,연립주택,2701.0,2701,False
2024,2025-06-30,21510,기장군,기장군,district,type,ho_gb_002,단독주택,7744.0,7744,False
2024,2025-06-30,21040,영도구,영도구,district,type,ho_gb_004,연립주택,1011.0,1011,False
2024,2025-06-30,21020,서구,서구,district,type,ho_gb_003,아파트,21397.0,21397,False
2024,2025-06-30,21080,북구,북구,district,type,ho_gb_001,다세대,8501.0,8501,False
2024,2025-06-30,21510,기장군,기장군,district,type,ho_gb_003,아파트,51202.0,51202,False
2024,2025-06-30,21090,해운대구,해운대구,district,type,ho_gb_002,단독주택,10486.0,10486,False
2024,2025-06-30,21100,사하구,사하구,district,type,ho_gb_005,영업용 건물 내 주택,846.0,846,False
2024,2025-06-30,21080,북구,북구,district,type,ho_gb_005,영업용 건물 내 주택,563.0,563,False
2024,2025-06-30,21140,수영구,수영구,district,type,ho_gb_005,영업용 건물 내 주택,600.0,600,False
2024,2025-06-30,21040,영도구,영도구,district,type,ho_gb_003,아파트,27231.0,27231,False
2024,2025-06-30,21140,수영구,수영구,district,type,ho_gb_001,다세대,16815.0,16815,False
2024,2025-06-30,21060,동래구,동래구,district,type,ho_gb_006,주택이외 거처,7864.0,7864,False
2024,2025-06-30,21100,사하구,사하구,district,type,ho_gb_003,아파트,82447.0,82447,False
2024,2025-06-30,21110,금정구,금정구,district,type,ho_gb_003,아파트,46323.0,46323,False
2024,2025-06-30,21100,사하구,사하구,district,type,ho_gb_002,단독주택,14509.0,14509,False
2024,2025-06-30,21030660,동구,범일2동,dong,type,ho_gb_005,영업용 건물 내 주택,88.0,88,False
2024,2025-06-30,21150640,사상구,엄궁동,dong,type,ho_gb_006,주택이외 거처,137.0,137,False
2024,2025-06-30,21100620,사하구,다대1동,dong,type,ho_gb_001,다세대,166.0,166,False
2024,2025-06-30,21150540,사상구,모라3동,dong,type,ho_gb_005,영업용 건물 내 주택,,N/A,True
2024,2025-06-30,21510120,기장군,장안읍,dong,type,ho_gb_002,단독주택,1703.0,1703,False
2024,2025-06-30,21100530,사하구,괴정3동,dong,type,ho_gb_003,아파트,2305.0,2305,False
2024,2025-06-30,21080550,북구,화명1동,dong,type,ho_gb_001,다세대,88.0,88,False
2024,2025-06-30,21080620,북구,화명2동,dong,type,ho_gb_001,다세대,110.0,110,False
2024,2025-06-30,21140570,수영구,광안2동,dong,type,ho_gb_004,연립주택,241.0,241,False
2024,2025-06-30,21080530,북구,구포3동,dong,type,ho_gb_005,영업용 건물 내 주택,68.0,68,False
2024,2025-06-30,21030590,동구,수정4동,dong,type,ho_gb_005,영업용 건물 내 주택,17.0,17,False
2024,2025-06-30,21050750,부산진구,개금2동,dong,type,ho_gb_005,영업용 건물 내 주택,,N/A,True
2024,2025-06-30,21070670,남구,문현2동,dong,type,ho_gb_004,연립주택,43.0,43,False
2024,2025-06-30,21040530,영도구,남항동,dong,type,ho_gb_004,연립주택,74.0,74,False
2024,2025-06-30,21030600,동구,수정5동,dong,type,ho_gb_001,다세대,278.0,278,False
2024,2025-06-30,21150650,사상구,감전동,dong,type,ho_gb_003,아파트,971.0,971,False
2024,2025-06-30,21140600,수영구,민락동,dong,type,ho_gb_001,다세대,2011.0,2011,False
2024,2025-06-30,21140560,수영구,광안1동,dong,type,ho_gb_001,다세대,5314.0,5314,False
2024,2025-06-30,21130630,연제구,연산9동,dong,type,ho_gb_001,다세대,882.0,882,False
2024,2025-06-30,21150650,사상구,감전동,dong,type,ho_gb_005,영업용 건물 내 주택,160.0,160,False
2024,2025-06-30,21050520,부산진구,부전2동,dong,type,ho_gb_002,단독주택,314.0,314,False
2024,2025-06-30,21040550,영도구,영선2동,dong,type,ho_gb_004,연립주택,32.0,32,False
2024,2025-06-30,21090530,해운대구,중1동,dong,type,ho_gb_001,다세대,426.0,426,False
2024,2025-06-30,21080510,북구,구포1동,dong,type,ho_gb_004,연립주택,98.0,98,False
2024,2025-06-30,21030680,동구,범일5동,dong,type,ho_gb_002,단독주택,549.0,549,False
2024,2025-06-30,21040530,영도구,남항동,dong,type,ho_gb_005,영업용 건물 내 주택,148.0,148,False
2024,2025-06-30,21050640,부산진구,부암1동,dong,type,ho_gb_004,연립주택,119.0,119,False
2024,2025-06-30,21110570,금정구,부곡1동,dong,type,ho_gb_006,주택이외 거처,55.0,55,False
2024,2025-06-30,21080590,북구,만덕1동,dong,type,ho_gb_003,아파트,6031.0,6031,False
2024,2025-06-30,21010590,중구,영주1동,dong,type,ho_gb_006,주택이외 거처,502.0,502,False
2024,2025-06-30,21110670,금정구,청룡노포동,dong,type,ho_gb_001,다세대,640.0,640,False
2024,2025-06-30,21020510,서구,동대신1동,dong,type,ho_gb_003,아파트,781.0,781,False
2024,2025-06-30,21100550,사하구,당리동,dong,type,ho_gb_005,영업용 건물 내 주택,106.0,106,False
2024,2025-06-30,21080590,북구,만덕1동,dong,type,ho_gb_006,주택이외 거처,45.0,45,False
2024,2025-06-30,21090530,해운대구,중1동,dong,type,ho_gb_004,연립주택,244.0,244,False
2024,2025-06-30,21110700,금정구,구서2동,dong,type,ho_gb_005,영업용 건물 내 주택,112.0,112,False
2024,2025-06-30,21130600,연제구,연산6동,dong,type,ho_gb_006,주택이외 거처,197.0,197,False
2024,2025-06-30,21110610,금정구,장전1동,dong,type,ho_gb_004,연립주택,189.0,189,False
2024,2025-06-30,21140520,수영구,남천2동,dong,type,ho_gb_004,연립주택,42.0,42,False
2024,2025-06-30,21050660,부산진구,부암3동,dong,type,ho_gb_002,단독주택,750.0,750,False
2024,2025-06-30,21090590,해운대구,반여3동,dong,type,ho_gb_004,연립주택,36.0,36,False
2024,2025-06-30,21130560,연제구,연산2동,dong,type,ho_gb_001,다세대,943.0,943,False
2024,2025-06-30,21140560,수영구,광안1동,dong,type,ho_gb_002,단독주택,1167.0,1167,False
2024,2025-06-30,21090700,해운대구,반여1동,dong,type,ho_gb_006,주택이외 거처,530.0,530,False
2024,2025-06-30,21090590,해운대구,반여3동,dong,type,ho_gb_002,단독주택,589.0,589,False
2024,2025-06-30,21080540,북구,금곡동,dong,type,ho_gb_001,다세대,239.0,239,False
2024,2025-06-30,21130590,연제구,연산5동,dong,type,ho_gb_006,주택이외 거처,2992.0,2992,False
2024,2025-06-30,21040630,영도구,청학1동,dong,type,ho_gb_005,영업용 건물 내 주택,16.0,16,False
2024,2025-06-30,21070530,남구,대연3동,dong,type,ho_gb_003,아파트,11135.0,11135,False
2024,2025-06-30,21090710,해운대구,반여4동,dong,type,ho_gb_005,영업용 건물 내 주택,6.0,6,False
2024,2025-06-30,21030700,동구,좌천동,dong,type,ho_gb_005,영업용 건물 내 주택,36.0,36,False
2024,2025-06-30,21020680,서구,암남동,dong,type,ho_gb_005,영업용 건물 내 주택,35.0,35,False
2024,2025-06-30,21020510,서구,동대신1동,dong,type,ho_gb_001,다세대,502.0,502,False
2024,2025-06-30,21150610,사상구,주례2동,dong,type,ho_gb_006,주택이외 거처,935.0,935,False
2024,2025-06-30,21050640,부산진구,부암1동,dong,type,ho_gb_002,단독주택,784.0,784,False
2024,2025-06-30,21070700,남구,대연1동,dong,type,ho_gb_001,다세대,5103.0,5103,False
2024,2025-06-30,21050750,부산진구,개금2동,dong,type,ho_gb_001,다세대,1270.0,1270,False
2024,2025-06-30,21090650,해운대구,재송2동,dong,type,ho_gb_004,연립주택,180.0,180,False
2024,2025-06-30,21100650,사하구,감천1동,dong,type,ho_gb_005,영업용 건물 내 주택,55.0,55,False
2024,2025-06-30,21140590,수영구,광안4동,dong,type,ho_gb_005,영업용 건물 내 주택,29.0,29,False
2024,2025-06-30,21080520,북구,구포2동,dong,type,ho_gb_006,주택이외 거처,503.0,503,False
2024,2025-06-30,21020690,서구,남부민2동,dong,type,ho_gb_003,아파트,1494.0,1494,False
2024,2025-06-30,21050700,부산진구,당감4동,dong,type,ho_gb_006,주택이외 거처,50.0,50,False
2024,2025-06-30,21100660,사하구,감천2동,dong,type,ho_gb_003,아파트,352.0,352,False
2024,2025-06-30,21150550,사상구,덕포1동,dong,type,ho_gb_004,연립주택,31.0,31,False
2024,2025-06-30,21090680,해운대구,좌3동,dong,type,ho_gb_003,아파트,5798.0,5798,False
2024,2025-06-30,21060620,동래구,안락2동,dong,type,ho_gb_003,아파트,7239.0,7239,False
2024,2025-06-30,21050720,부산진구,가야2동,dong,type,ho_gb_005,영업용 건물 내 주택,49.0,49,False
2024,2025-06-30,21020540,서구,서대신1동,dong,type,ho_gb_005,영업용 건물 내 주택,41.0,41,False
2024,2025-06-30,21050550,부산진구,초읍동,dong,type,ho_gb_004,연립주택,372.0,372,False
2024,2025-06-30,21140600,수영구,민락동,dong,type,ho_gb_006,주택이외 거처,1129.0,1129,False
2024,2025-06-30,21030600,동구,수정5동,dong,type,ho_gb_005,영업용 건물 내 주택,12.0,12,False
2024,2025-06-30,21050770,부산진구,범천1동,dong,type,ho_gb_003,아파트,3778.0,3778,False
2024,2025-06-30,21070560,남구,대연6동,dong,type,ho_gb_001,다세대,326.0,326,False
2024,2025-06-30,21020570,서구,서대신4동,dong,type,ho_gb_006,주택이외 거처,18.0,18,False
2024,2025-06-30,21070590,남구,용호3동,dong,type,ho_gb_004,연립주택,119.0,119,False
2024,2025-06-30,21130510,연제구,거제1동,dong,type,ho_gb_006,주택이외 거처,476.0,476,False
2024,2025-06-30,21050550,부산진구,초읍동,dong,type,ho_gb_001,다세대,1345.0,1345,False
2024,2025-06-30,21030710,동구,범일1동,dong,type,ho_gb_001,다세대,462.0,462,False
2024,2025-06-30,21140590,수영구,광안4동,dong,type,ho_gb_004,연립주택,190.0,190,False
2024,2025-06-30,21130630,연제구,연산9동,dong,type,ho_gb_005,영업용 건물 내 주택,98.0,98,False
2024,2025-06-30,21150600,사상구,주례1동,dong,type,ho_gb_002,단독주택,662.0,662,False
2024,2025-06-30,21070550,남구,대연5동,dong,type,ho_gb_005,영업용 건물 내 주택,78.0,78,False
2024,2025-06-30,21110570,금정구,부곡1동,dong,type,ho_gb_001,다세대,576.0,576,False
2024,2025-06-30,21140580,수영구,광안3동,dong,type,ho_gb_001,다세대,1854.0,1854,False
2024,2025-06-30,21080620,북구,화명2동,dong,type,ho_gb_004,연립주택,24.0,24,False
2024,2025-06-30,21090710,해운대구,반여4동,dong,type,ho_gb_006,주택이외 거처,16.0,16,False
2024,2025-06-30,21060640,동래구,명장2동,dong,type,ho_gb_004,연립주택,158.0,158,False
2024,2025-06-30,21510130,기장군,정관읍,dong,type,ho_gb_002,단독주택,1292.0,1292,False
2024,2025-06-30,21110700,금정구,구서2동,dong,type,ho_gb_006,주택이외 거처,576.0,576,False
2024,2025-06-30,21150560,사상구,덕포2동,dong,type,ho_gb_002,단독주택,528.0,528,False
2024,2025-06-30,21020520,서구,동대신2동,dong,type,ho_gb_006,주택이외 거처,127.0,127,False
2024,2025-06-30,21100580,사하구,신평1동,dong,type,ho_gb_004,연립주택,256.0,256,False
2024,2025-06-30,21150570,사상구,괘법동,dong,type,ho_gb_005,영업용 건물 내 주택,112.0,112,False
2024,2025-06-30,21090640,해운대구,재송1동,dong,type,ho_gb_004,연립주택,166.0,166,False
2024,2025-06-30,21040530,영도구,남항동,dong,type,ho_gb_001,다세대,112.0,112,False
2024,2025-06-30,21100610,사하구,장림2동,dong,type,ho_gb_003,아파트,8324.0,8324,False
2024,2025-06-30,21090660,해운대구,좌1동,dong,type,ho_gb_001,다세대,6.0,6,False
2024,2025-06-30,21040590,영도구,봉래1동,dong,type,ho_gb_006,주택이외 거처,287.0,287,False
2024,2025-06-30,21070660,남구,문현1동,dong,type,ho_gb_006,주택이외 거처,54.0,54,False
2024,2025-06-30,21070570,남구,용호1동,dong,type,ho_gb_001,다세대,1383.0,1383,False
2024,2025-06-30,21110670,금정구,청룡노포동,dong,type,ho_gb_006,주택이외 거처,208.0,208,False
2024,2025-06-30,21070700,남구,대연1동,dong,type,ho_gb_005,영업용 건물 내 주택,74.0,74,False
2024,2025-06-30,21090650,해운대구,재송2동,dong,type,ho_gb_001,다세대,836.0,836,False
2024,2025-06-30,21110600,금정구,부곡4동,dong,type,ho_gb_004,연립주택,220.0,220,False
2024,2025-06-30,21040550,영도구,영선2동,dong,type,ho_gb_003,아파트,1530.0,1530,False
2024,2025-06-30,21130540,연제구,거제4동,dong,type,ho_gb_003,아파트,2004.0,2004,False
2024,2025-06-30,21060640,동래구,명장2동,dong,type,ho_gb_005,영업용 건물 내 주택,69.0,69,False
2024,2025-06-30,21050840,부산진구,범천2동,dong,type,ho_gb_003,아파트,6659.0,6659,False
2024,2025-06-30,21130620,연제구,연산8동,dong,type,ho_gb_005,영업용 건물 내 주택,76.0,76,False
2024,2025-06-30,21050810,부산진구,가야1동,dong,type,ho_gb_002,단독주택,1287.0,1287,False
2024,2025-06-30,21100530,사하구,괴정3동,dong,type,ho_gb_002,단독주택,1234.0,1234,False
2024,2025-06-30,21120600,강서구,명지2동,dong,type,ho_gb_003,아파트,8889.0,8889,False
2024,2025-06-30,21040660,영도구,동삼2동,dong,type,ho_gb_004,연립주택,103.0,103,False
2024,2025-06-30,21110610,금정구,장전1동,dong,type,ho_gb_001,다세대,4907.0,4907,False
2024,2025-06-30,21060520,동래구,복산동,dong,type,ho_gb_005,영업용 건물 내 주택,40.0,40,False
2024,2025-06-30,21130520,연제구,거제2동,dong,type,ho_gb_003,아파트,8226.0,8226,False
2024,2025-06-30,21060550,동래구,온천1동,dong,type,ho_gb_001,다세대,1024.0,1024,False
2024,2025-06-30,21120530,강서구,강동동,dong,type,ho_gb_003,아파트,1045.0,1045,False
2024,2025-06-30,21090730,해운대구,우1동,dong,type,ho_gb_005,영업용 건물 내 주택,57.0,57,False
2024,2025-06-30,21100550,사하구,당리동,dong,type,ho_gb_001,다세대,1152.0,1152,False
2024,2025-06-30,21040540,영도구,영선1동,dong,type,ho_gb_006,주택이외 거처,140.0,140,False
2024,2025-06-30,21020570,서구,서대신4동,dong,type,ho_gb_004,연립주택,42.0,42,False
2024,2025-06-30,21030700,동구,좌천동,dong,type,ho_gb_004,연립주택,138.0,138,False
2024,2025-06-30,21090730,해운대구,우1동,dong,type,ho_gb_004,연립주택,210.0,210,False
2024,2025-06-30,21090700,해운대구,반여1동,dong,type,ho_gb_002,단독주택,847.0,847,False
2024,2025-06-30,21040640,영도구,청학2동,dong,type,ho_gb_001,다세대,564.0,564,False
2024,2025-06-30,21040550,영도구,영선2동,dong,type,ho_gb_005,영업용 건물 내 주택,30.0,30,False
2024,2025-06-30,21020540,서구,서대신1동,dong,type,ho_gb_003,아파트,3894.0,3894,False
2024,2025-06-30,21090560,해운대구,송정동,dong,type,ho_gb_006,주택이외 거처,186.0,186,False
2024,2025-06-30,21150620,사상구,주례3동,dong,type,ho_gb_006,주택이외 거처,194.0,194,False
2024,2025-06-30,21110720,금정구,서3동,dong,type,ho_gb_006,주택이외 거처,246.0,246,False
2024,2025-06-30,21150600,사상구,주례1동,dong,type,ho_gb_005,영업용 건물 내 주택,24.0,24,False
2024,2025-06-30,21070550,남구,대연5동,dong,type,ho_gb_006,주택이외 거처,700.0,700,False
2024,2025-06-30,21010570,중구,광복동,dong,type,ho_gb_002,단독주택,89.0,89,False
2024,2025-06-30,21020630,서구,초장동,dong,type,ho_gb_003,아파트,9.0,9,False
2024,2025-06-30,21100620,사하구,다대1동,dong,type,ho_gb_002,단독주택,852.0,852,False
2024,2025-06-30,21050800,부산진구,당감1동,dong,type,ho_gb_001,다세대,152.0,152,False
2024,2025-06-30,21150620,사상구,주례3동,dong,type,ho_gb_001,다세대,220.0,220,False
2024,2025-06-30,21050820,부산진구,부전1동,dong,type,ho_gb_003,아파트,2553.0,2553,False
2024,2025-06-30,21110600,금정구,부곡4동,dong,type,ho_gb_002,단독주택,813.0,813,False
2024,2025-06-30,21110700,금정구,구서2동,dong,type,ho_gb_002,단독주택,674.0,674,False
2024,2025-06-30,21050770,부산진구,범천1동,dong,type,ho_gb_001,다세대,114.0,114,False
2024,2025-06-30,21030530,동구,초량3동,dong,type,ho_gb_006,주택이외 거처,1529.0,1529,False
2024,2025-06-30,21150510,사상구,삼락동,dong,type,ho_gb_001,다세대,281.0,281,False
2024,2025-06-30,21020640,서구,충무동,dong,type,ho_gb_001,다세대,626.0,626,False
2024,2025-06-30,21050720,부산진구,가야2동,dong,type,ho_gb_004,연립주택,115.0,115,False
2024,2025-06-30,21140600,수영구,민락동,dong,type,ho_gb_005,영업용 건물 내 주택,55.0,55,False
2024,2025-06-30,21050570,부산진구,양정2동,dong,type,ho_gb_006,주택이외 거처,2735.0,2735,False
2024,2025-06-30,21080550,북구,화명1동,dong,type,ho_gb_006,주택이외 거처,36.0,36,False
2024,2025-06-30,21150520,사상구,모라1동,dong,type,ho_gb_006,주택이외 거처,355.0,355,False
2024,2025-06-30,21150560,사상구,덕포2동,dong,type,ho_gb_006,주택이외 거처,144.0,144,False
2024,2025-06-30,21060610,동래구,안락1동,dong,type,ho_gb_002,단독주택,1080.0,1080,False
2024,2025-06-30,21050830,부산진구,전포1동,dong,type,ho_gb_004,연립주택,70.0,70,False
2024,2025-06-30,21120530,강서구,강동동,dong,type,ho_gb_001,다세대,5.0,5,False
2024,2025-06-30,21100520,사하구,괴정2동,dong,type,ho_gb_005,영업용 건물 내 주택,46.0,46,False
2024,2025-06-30,21050680,부산진구,당감2동,dong,type,ho_gb_006,주택이외 거처,407.0,407,False
2024,2025-06-30,21510330,기장군,철마면,dong,type,ho_gb_001,다세대,18.0,18,False
2024,2025-06-30,21020680,서구,암남동,dong,type,ho_gb_001,다세대,532.0,532,False
2024,2025-06-30,21140580,수영구,광안3동,dong,type,ho_gb_006,주택이외 거처,978.0,978,False
2024,2025-06-30,21050560,부산진구,양정1동,dong,type,ho_gb_004,연립주택,55.0,55,False
2024,2025-06-30,21050680,부산진구,당감2동,dong,type,ho_gb_005,영업용 건물 내 주택,12.0,12,False
2024,2025-06-30,21110610,금정구,장전1동,dong,type,ho_gb_005,영업용 건물 내 주택,109.0,109,False
2024,2025-06-30,21130580,연제구,연산4동,dong,type,ho_gb_003,아파트,3053.0,3053,False
2024,2025-06-30,21020510,서구,동대신1동,dong,type,ho_gb_002,단독주택,695.0,695,False
2024,2025-06-30,21030700,동구,좌천동,dong,type,ho_gb_002,단독주택,1500.0,1500,False
2024,2025-06-30,21060600,동래구,사직3동,dong,type,ho_gb_006,주택이외 거처,249.0,249,False
2024,2025-06-30,21090540,해운대구,중2동,dong,type,ho_gb_005,영업용 건물 내 주택,21.0,21,False
2024,2025-06-30,21090530,해운대구,중1동,dong,type,ho_gb_005,영업용 건물 내 주택,65.0,65,False
2024,2025-06-30,21120562,강서구,신호동,dong,type,ho_gb_003,아파트,4848.0,4848,False
2024,2025-06-30,21010590,중구,영주1동,dong,type,ho_gb_005,영업용 건물 내 주택,39.0,39,False
2024,2025-06-30,21510330,기장군,철마면,dong,type,ho_gb_006,주택이외 거처,156.0,156,False
2024,2025-06-30,21040630,영도구,청학1동,dong,type,ho_gb_001,다세대,188.0,188,False
2024,2025-06-30,21150520,사상구,모라1동,dong,type,ho_gb_003,아파트,7559.0,7559,False
2024,2025-06-30,21050840,부산진구,범천2동,dong,type,ho_gb_005,영업용 건물 내 주택,41.0,41,False
2024,2025-06-30,21030570,동구,수정2동,dong,type,ho_gb_003,아파트,1383.0,1383,False
2024,2025-06-30,21110590,금정구,부곡3동,dong,type,ho_gb_001,다세대,592.0,592,False
2024,2025-06-30,21100530,사하구,괴정3동,dong,type,ho_gb_004,연립주택,97.0,97,False
2024,2025-06-30,21030600,동구,수정5동,dong,type,ho_gb_004,연립주택,59.0,59,False
2024,2025-06-30,21130600,연제구,연산6동,dong,type,ho_gb_005,영업용 건물 내 주택,75.0,75,False
2024,2025-06-30,21110730,금정구,금사회동동,dong,type,ho_gb_001,다세대,833.0,833,False
2024,2025-06-30,21010570,중구,광복동,dong,type,ho_gb_001,다세대,,N/A,True
2024,2025-06-30,21510130,기장군,정관읍,dong,type,ho_gb_005,영업용 건물 내 주택,60.0,60,False
2024,2025-06-30,21110590,금정구,부곡3동,dong,type,ho_gb_005,영업용 건물 내 주택,46.0,46,False
2024,2025-06-30,21140550,수영구,망미2동,dong,type,ho_gb_004,연립주택,102.0,102,False
2024,2025-06-30,21040590,영도구,봉래1동,dong,type,ho_gb_005,영업용 건물 내 주택,42.0,42,False
2024,2025-06-30,21020640,서구,충무동,dong,type,ho_gb_006,주택이외 거처,787.0,787,False
2024,2025-06-30,21110670,금정구,청룡노포동,dong,type,ho_gb_004,연립주택,96.0,96,False
2024,2025-06-30,21030510,동구,초량1동,dong,type,ho_gb_003,아파트,678.0,678,False
2024,2025-06-30,21020590,서구,부민동,dong,type,ho_gb_006,주택이외 거처,742.0,742,False
2024,2025-06-30,21090530,해운대구,중1동,dong,type,ho_gb_002,단독주택,407.0,407,False
2024,2025-06-30,21090720,해운대구,반송1동,dong,type,ho_gb_002,단독주택,2789.0,2789,False
2024,2025-06-30,21050820,부산진구,부전1동,dong,type,ho_gb_004,연립주택,69.0,69,False
2024,2025-06-30,21510330,기장군,철마면,dong,type,ho_gb_005,영업용 건물 내 주택,60.0,60,False
2024,2025-06-30,21010560,중구,부평동,dong,type,ho_gb_005,영업용 건물 내 주택,120.0,120,False
2024,2025-06-30,21080580,북구,덕천3동,dong,type,ho_gb_003,아파트,2824.0,2824,False
2024,2025-06-30,21070600,남구,용호4동,dong,type,ho_gb_006,주택이외 거처,115.0,115,False
2024,2025-06-30,21150620,사상구,주례3동,dong,type,ho_gb_004,연립주택,28.0,28,False
2024,2025-06-30,21040690,영도구,봉래2동,dong,type,ho_gb_004,연립주택,79.0,79,False
2024,2025-06-30,21150510,사상구,삼락동,dong,type,ho_gb_006,주택이외 거처,104.0,104,False
2024,2025-06-30,21030520,동구,초량2동,dong,type,ho_gb_002,단독주택,813.0,813,False
2024,2025-06-30,21100620,사하구,다대1동,dong,type,ho_gb_005,영업용 건물 내 주택,63.0,63,False
2024,2025-06-30,21020680,서구,암남동,dong,type,ho_gb_002,단독주택,892.0,892,False
2024,2025-06-30,21070560,남구,대연6동,dong,type,ho_gb_002,단독주택,323.0,323,False
2024,2025-06-30,21110580,금정구,부곡2동,dong,type,ho_gb_006,주택이외 거처,395.0,395,False
2024,2025-06-30,21110510,금정구,서1동,dong,type,ho_gb_006,주택이외 거처,14.0,14,False
2024,2025-06-30,21030590,동구,수정4동,dong,type,ho_gb_001,다세대,253.0,253,False
2024,2025-06-30,21010510,중구,중앙동,dong,type,ho_gb_005,영업용 건물 내 주택,104.0,104,False
2024,2025-06-30,21040530,영도구,남항동,dong,type,ho_gb_003,아파트,2217.0,2217,False
2024,2025-06-30,21040660,영도구,동삼2동,dong,type,ho_gb_002,단독주택,522.0,522,False
2024,2025-06-30,21060580,동래구,사직1동,dong,type,ho_gb_003,아파트,2324.0,2324,False
2024,2025-06-30,21050700,부산진구,당감4동,dong,type,ho_gb_003,아파트,2869.0,2869,False
2024,2025-06-30,21100610,사하구,장림2동,dong,type,ho_gb_001,다세대,584.0,584,False
2024,2025-06-30,21040590,영도구,봉래1동,dong,type,ho_gb_001,다세대,227.0,227,False
2024,2025-06-30,21080570,북구,덕천2동,dong,type,ho_gb_003,아파트,2655.0,2655,False
2024,2025-06-30,21130540,연제구,거제4동,dong,type,ho_gb_004,연립주택,135.0,135,False
2024,2025-06-30,21100630,사하구,다대2동,dong,type,ho_gb_006,주택이외 거처,56.0,56,False
2024,2025-06-30,21110600,금정구,부곡4동,dong,type,ho_gb_006,주택이외 거처,264.0,264,False
2024,2025-06-30,21140580,수영구,광안3동,dong,type,ho_gb_003,아파트,993.0,993,False
2024,2025-06-30,21070530,남구,대연3동,dong,type,ho_gb_006,주택이외 거처,1784.0,1784,False
2024,2025-06-30,21040670,영도구,동삼3동,dong,type,ho_gb_002,단독주택,300.0,300,False
2024,2025-06-30,21140510,수영구,남천1동,dong,type,ho_gb_006,주택이외 거처,712.0,712,False
2024,2025-06-30,21110690,금정구,구서1동,dong,type,ho_gb_005,영업용 건물 내 주택,61.0,61,False
2024,2025-06-30,21110710,금정구,금성동,dong,type,ho_gb_002,단독주택,220.0,220,False
2024,2025-06-30,21050540,부산진구,연지동,dong,type,ho_gb_002,단독주택,753.0,753,False
2024,2025-06-30,21040650,영도구,동삼1동,dong,type,ho_gb_005,영업용 건물 내 주택,56.0,56,False
2024,2025-06-30,21050610,부산진구,전포2동,dong,type,ho_gb_005,영업용 건물 내 주택,57.0,57,False
2024,2025-06-30,21040680,영도구,신선동,dong,type,ho_gb_005,영업용 건물 내 주택,18.0,18,False
2024,2025-06-30,21090650,해운대구,재송2동,dong,type,ho_gb_003,아파트,7260.0,7260,False
2024,2025-06-30,21130540,연제구,거제4동,dong,type,ho_gb_001,다세대,1175.0,1175,False
2024,2025-06-30,21080590,북구,만덕1동,dong,type,ho_gb_005,영업용 건물 내 주택,32.0,32,False
2024,2025-06-30,21040540,영도구,영선1동,dong,type,ho_gb_004,연립주택,14.0,14,False
2024,2025-06-30,21080530,북구,구포3동,dong,type,ho_gb_006,주택이외 거처,155.0,155,False
2024,2025-06-30,21090740,해운대구,우2동,dong,type,ho_gb_005,영업용 건물 내 주택,10.0,10,False
2024,2025-06-30,21140540,수영구,망미1동,dong,type,ho_gb_001,다세대,1997.0,1997,False
2024,2025-06-30,21110670,금정구,청룡노포동,dong,type,ho_gb_003,아파트,2346.0,2346,False
2024,2025-06-30,21100650,사하구,감천1동,dong,type,ho_gb_003,아파트,3534.0,3534,False
2024,2025-06-30,21510110,기장군,기장읍,dong,type,ho_gb_003,아파트,14146.0,14146,False
2024,2025-06-30,21130600,연제구,연산6동,dong,type,ho_gb_001,다세대,1525.0,1525,False
2024,2025-06-30,21090720,해운대구,반송1동,dong,type,ho_gb_004,연립주택,22.0,22,False
2024,2025-06-30,21100630,사하구,다대2동,dong,type,ho_gb_001,다세대,14.0,14,False
2024,2025-06-30,21050820,부산진구,부전1동,dong,type,ho_gb_002,단독주택,778.0,778,False
2024,2025-06-30,21080600,북구,만덕2동,dong,type,ho_gb_004,연립주택,500.0,500,False
2024,2025-06-30,21090530,해운대구,중1동,dong,type,ho_gb_003,아파트,7247.0,7247,False
2024,2025-06-30,21030510,동구,초량1동,dong,type,ho_gb_006,주택이외 거처,908.0,908,False
2024,2025-06-30,21110590,금정구,부곡3동,dong,type,ho_gb_003,아파트,4284.0,4284,False
2024,2025-06-30,21140600,수영구,민락동,dong,type,ho_gb_002,단독주택,896.0,896,False
2024,2025-06-30,21140590,수영구,광안4동,dong,type,ho_gb_003,아파트,3436.0,3436,False
2024,2025-06-30,21130520,연제구,거제2동,dong,type,ho_gb_001,다세대,164.0,164,False
2024,2025-06-30,21060650,동래구,명륜동,dong,type,ho_gb_004,연립주택,107.0,107,False
2024,2025-06-30,21150520,사상구,모라1동,dong,type,ho_gb_005,영업용 건물 내 주택,90.0,90,False
2024,2025-06-30,21130560,연제구,연산2동,dong,type,ho_gb_006,주택이외 거처,547.0,547,False
2024,2025-06-30,21050750,부산진구,개금2동,dong,type,ho_gb_006,주택이외 거처,35.0,35,False
2024,2025-06-30,21020540,서구,서대신1동,dong,type,ho_gb_002,단독주택,819.0,819,False
2024,2025-06-30,21060560,동래구,온천2동,dong,type,ho_gb_001,다세대,1033.0,1033,False
2024,2025-06-30,21100640,사하구,구평동,dong,type,ho_gb_001,다세대,225.0,225,False
2024,2025-06-30,21140510,수영구,남천1동,dong,type,ho_gb_004,연립주택,236.0,236,False
2024,2025-06-30,21110610,금정구,장전1동,dong,type,ho_gb_006,주택이외 거처,442.0,442,False
2024,2025-06-30,21130570,연제구,연산3동,dong,type,ho_gb_003,아파트,2571.0,2571,False
2024,2025-06-30,21030560,동구,수정1동,dong,type,ho_gb_005,영업용 건물 내 주택,16.0,16,False
2024,2025-06-30,21060550,동래구,온천1동,dong,type,ho_gb_003,아파트,7781.0,7781,False
2024,2025-06-30,21150650,사상구,감전동,dong,type,ho_gb_002,단독주택,1292.0,1292,False
2024,2025-06-30,21070610,남구,용당동,dong,type,ho_gb_005,영업용 건물 내 주택,40.0,40,False
2024,2025-06-30,21140550,수영구,망미2동,dong,type,ho_gb_005,영업용 건물 내 주택,30.0,30,False
2024,2025-06-30,21070540,남구,대연4동,dong,type,ho_gb_006,주택이외 거처,32.0,32,False
2024,2025-06-30,21060590,동래구,사직2동,dong,type,ho_gb_004,연립주택,51.0,51,False
2024,2025-06-30,21070610,남구,용당동,dong,type,ho_gb_004,연립주택,74.0,74,False
2024,2025-06-30,21010540,중구,보수동,dong,type,ho_gb_006,주택이외 거처,998.0,998,False
2024,2025-06-30,21120580,강서구,가덕도동,dong,type,ho_gb_006,주택이외 거처,42.0,42,False
2024,2025-06-30,21150550,사상구,덕포1동,dong,type,ho_gb_003,아파트,3270.0,3270,False
2024,2025-06-30,21050570,부산진구,양정2동,dong,type,ho_gb_005,영업용 건물 내 주택,66.0,66,False
2024,2025-06-30,21060580,동래구,사직1동,dong,type,ho_gb_002,단독주택,550.0,550,False
2024,2025-06-30,21040640,영도구,청학2동,dong,type,ho_gb_002,단독주택,1933.0,1933,False
2024,2025-06-30,21110740,금정구,장전2동,dong,type,ho_gb_006,주택이외 거처,1196.0,1196,False
2024,2025-06-30,21070660,남구,문현1동,dong,type,ho_gb_002,단독주택,646.0,646,False
2024,2025-06-30,21070660,남구,문현1동,dong,type,ho_gb_004,연립주택,255.0,255,False
2024,2025-06-30,21070590,남구,용호3동,dong,type,ho_gb_002,단독주택,681.0,681,False
2024,2025-06-30,21050760,부산진구,개금3동,dong,type,ho_gb_006,주택이외 거처,38.0,38,False
2024,2025-06-30,21010580,중구,남포동,dong,type,ho_gb_004,연립주택,43.0,43,False
2024,2025-06-30,21090740,해운대구,우2동,dong,type,ho_gb_003,아파트,9370.0,9370,False
2024,2025-06-30,21040590,영도구,봉래1동,dong,type,ho_gb_002,단독주택,452.0,452,False
2024,2025-06-30,21040590,영도구,봉래1동,dong,type,ho_gb_004,연립주택,124.0,124,False
2024,2025-06-30,21040640,영도구,청학2동,dong,type,ho_gb_006,주택이외 거처,159.0,159,False
2024,2025-06-30,21060550,동래구,온천1동,dong,type,ho_gb_006,주택이외 거처,3876.0,3876,False
2024,2025-06-30,21110610,금정구,장전1동,dong,type,ho_gb_002,단독주택,1129.0,1129,False
2024,2025-06-30,21060630,동래구,명장1동,dong,type,ho_gb_001,다세대,752.0,752,False
2024,2025-06-30,21050640,부산진구,부암1동,dong,type,ho_gb_006,주택이외 거처,798.0,798,False
2024,2025-06-30,21010590,중구,영주1동,dong,type,ho_gb_003,아파트,317.0,317,False
2024,2025-06-30,21140530,수영구,수영동,dong,type,ho_gb_006,주택이외 거처,818.0,818,False
2024,2025-06-30,21070530,남구,대연3동,dong,type,ho_gb_002,단독주택,527.0,527,False
2024,2025-06-30,21080590,북구,만덕1동,dong,type,ho_gb_002,단독주택,229.0,229,False
2024,2025-06-30,21010540,중구,보수동,dong,type,ho_gb_001,다세대,1514.0,1514,False
2024,2025-06-30,21040680,영도구,신선동,dong,type,ho_gb_003,아파트,304.0,304,False
2024,2025-06-30,21100600,사하구,장림1동,dong,type,ho_gb_001,다세대,422.0,422,False
2024,2025-06-30,21010530,중구,대청동,dong,type,ho_gb_005,영업용 건물 내 주택,49.0,49,False
2024,2025-06-30,21070710,남구,우암동,dong,type,ho_gb_002,단독주택,1210.0,1210,False
2024,2025-06-30,21130550,연제구,연산1동,dong,type,ho_gb_003,아파트,4446.0,4446,False
2024,2025-06-30,21130510,연제구,거제1동,dong,type,ho_gb_002,단독주택,462.0,462,False
2024,2025-06-30,21120550,강서구,가락동,dong,type,ho_gb_002,단독주택,790.0,790,False
2024,2025-06-30,21070620,남구,감만1동,dong,type,ho_gb_006,주택이외 거처,202.0,202,False
2024,2025-06-30,21070660,남구,문현1동,dong,type,ho_gb_001,다세대,1050.0,1050,False
2024,2025-06-30,21150640,사상구,엄궁동,dong,type,ho_gb_004,연립주택,44.0,44,False
2024,2025-06-30,21140530,수영구,수영동,dong,type,ho_gb_001,다세대,929.0,929,False
2024,2025-06-30,21110570,금정구,부곡1동,dong,type,ho_gb_002,단독주택,792.0,792,False
2024,2025-06-30,21110520,금정구,서2동,dong,type,ho_gb_002,단독주택,1368.0,1368,False
2024,2025-06-30,21110510,금정구,서1동,dong,type,ho_gb_004,연립주택,6.0,6,False
2024,2025-06-30,21110580,금정구,부곡2동,dong,type,ho_gb_003,아파트,4298.0,4298,False
2024,2025-06-30,21050660,부산진구,부암3동,dong,type,ho_gb_004,연립주택,31.0,31,False
2024,2025-06-30,21010600,중구,영주2동,dong,type,ho_gb_005,영업용 건물 내 주택,12.0,12,False
2024,2025-06-30,21090650,해운대구,재송2동,dong,type,ho_gb_002,단독주택,667.0,667,False
2024,2025-06-30,21030530,동구,초량3동,dong,type,ho_gb_005,영업용 건물 내 주택,46.0,46,False
2024,2025-06-30,21110600,금정구,부곡4동,dong,type,ho_gb_001,다세대,381.0,381,False
2024,2025-06-30,21120590,강서구,명지1동,dong,type,ho_gb_005,영업용 건물 내 주택,56.0,56,False
2024,2025-06-30,21110700,금정구,구서2동,dong,type,ho_gb_003,아파트,9327.0,9327,False
2024,2025-06-30,21060630,동래구,명장1동,dong,type,ho_gb_002,단독주택,1045.0,1045,False
2024,2025-06-30,21060610,동래구,안락1동,dong,type,ho_gb_004,연립주택,166.0,166,False
2024,2025-06-30,21150620,사상구,주례3동,dong,type,ho_gb_005,영업용 건물 내 주택,33.0,33,False
2024,2025-06-30,21050810,부산진구,가야1동,dong,type,ho_gb_006,주택이외 거처,603.0,603,False
2024,2025-06-30,21150560,사상구,덕포2동,dong,type,ho_gb_003,아파트,3186.0,3186,False
2024,2025-06-30,21070590,남구,용호3동,dong,type,ho_gb_001,다세대,996.0,996,False
2024,2025-06-30,21130510,연제구,거제1동,dong,type,ho_gb_004,연립주택,156.0,156,False
2024,2025-06-30,21030520,동구,초량2동,dong,type,ho_gb_001,다세대,312.0,312,False
2024,2025-06-30,21090710,해운대구,반여4동,dong,type,ho_gb_002,단독주택,84.0,84,False
2024,2025-06-30,21120510,강서구,대저1동,dong,type,ho_gb_004,연립주택,65.0,65,False
2024,2025-06-30,21080560,북구,덕천1동,dong,type,ho_gb_003,아파트,4780.0,4780,False
2024,2025-06-30,21110520,금정구,서2동,dong,type,ho_gb_006,주택이외 거처,60.0,60,False
2024,2025-06-30,21090590,해운대구,반여3동,dong,type,ho_gb_005,영업용 건물 내 주택,16.0,16,False
2024,2025-06-30,21090560,해운대구,송정동,dong,type,ho_gb_001,다세대,576.0,576,False
2024,2025-06-30,21060650,동래구,명륜동,dong,type,ho_gb_006,주택이외 거처,336.0,336,False
2024,2025-06-30,21050840,부산진구,범천2동,dong,type,ho_gb_004,연립주택,47.0,47,False
2024,2025-06-30,21130580,연제구,연산4동,dong,type,ho_gb_005,영업용 건물 내 주택,73.0,73,False
2024,2025-06-30,21090640,해운대구,재송1동,dong,type,ho_gb_005,영업용 건물 내 주택,114.0,114,False
2024,2025-06-30,21130520,연제구,거제2동,dong,type,ho_gb_006,주택이외 거처,117.0,117,False
2024,2025-06-30,21020610,서구,아미동,dong,type,ho_gb_003,아파트,900.0,900,False
2024,2025-06-30,21070700,남구,대연1동,dong,type,ho_gb_004,연립주택,217.0,217,False
2024,2025-06-30,21050760,부산진구,개금3동,dong,type,ho_gb_003,아파트,9835.0,9835,False
2024,2025-06-30,21020560,서구,서대신3동,dong,type,ho_gb_002,단독주택,395.0,395,False
2024,2025-06-30,21020590,서구,부민동,dong,type,ho_gb_001,다세대,708.0,708,False
2024,2025-06-30,21020530,서구,동대신3동,dong,type,ho_gb_002,단독주택,814.0,814,False
2024,2025-06-30,21050800,부산진구,당감1동,dong,type,ho_gb_006,주택이외 거처,86.0,86,False
2024,2025-06-30,21090540,해운대구,중2동,dong,type,ho_gb_003,아파트,4387.0,4387,False
2024,2025-06-30,21060570,동래구,온천3동,dong,type,ho_gb_002,단독주택,1347.0,1347,False
2024,2025-06-30,21090580,해운대구,반여2동,dong,type,ho_gb_004,연립주택,101.0,101,False
2024,2025-06-30,21050610,부산진구,전포2동,dong,type,ho_gb_003,아파트,7241.0,7241,False
2024,2025-06-30,21120561,강서구,녹산동,dong,type,ho_gb_001,다세대,40.0,40,False
2024,2025-06-30,21120600,강서구,명지2동,dong,type,ho_gb_005,영업용 건물 내 주택,,N/A,True
2024,2025-06-30,21150640,사상구,엄궁동,dong,type,ho_gb_003,아파트,7476.0,7476,False
2024,2025-06-30,21050820,부산진구,부전1동,dong,type,ho_gb_001,다세대,882.0,882,False
2024,2025-06-30,21130570,연제구,연산3동,dong,type,ho_gb_001,다세대,364.0,364,False
2024,2025-06-30,21100630,사하구,다대2동,dong,type,ho_gb_005,영업용 건물 내 주택,21.0,21,False
2024,2025-06-30,21120590,강서구,명지1동,dong,type,ho_gb_002,단독주택,947.0,947,False
2024,2025-06-30,21020530,서구,동대신3동,dong,type,ho_gb_004,연립주택,37.0,37,False
2024,2025-06-30,21090590,해운대구,반여3동,dong,type,ho_gb_003,아파트,855.0,855,False
2024,2025-06-30,21090640,해운대구,재송1동,dong,type,ho_gb_001,다세대,1551.0,1551,False
2024,2025-06-30,21120590,강서구,명지1동,dong,type,ho_gb_001,다세대,150.0,150,False
2024,2025-06-30,21100630,사하구,다대2동,dong,type,ho_gb_003,아파트,11197.0,11197,False
2024,2025-06-30,21090740,해운대구,우2동,dong,type,ho_gb_001,다세대,74.0,74,False
2024,2025-06-30,21110570,금정구,부곡1동,dong,type,ho_gb_005,영업용 건물 내 주택,35.0,35,False
2024,2025-06-30,21050550,부산진구,초읍동,dong,type,ho_gb_002,단독주택,1675.0,1675,False
2024,2025-06-30,21130620,연제구,연산8동,dong,type,ho_gb_001,다세대,586.0,586,False
2024,2025-06-30,21100560,사하구,하단1동,dong,type,ho_gb_001,다세대,1452.0,1452,False
2024,2025-06-30,21040660,영도구,동삼2동,dong,type,ho_gb_003,아파트,900.0,900,False
2024,2025-06-30,21020630,서구,초장동,dong,type,ho_gb_004,연립주택,66.0,66,False
2024,2025-06-30,21020610,서구,아미동,dong,type,ho_gb_005,영업용 건물 내 주택,22.0,22,False
2024,2025-06-30,21070710,남구,우암동,dong,type,ho_gb_004,연립주택,11.0,11,False
2024,2025-06-30,21110510,금정구,서1동,dong,type,ho_gb_001,다세대,268.0,268,False
2024,2025-06-30,21150570,사상구,괘법동,dong,type,ho_gb_006,주택이외 거처,3536.0,3536,False
2024,2025-06-30,21100650,사하구,감천1동,dong,type,ho_gb_004,연립주택,541.0,541,False
2024,2025-06-30,21120550,강서구,가락동,dong,type,ho_gb_006,주택이외 거처,117.0,117,False
2024,2025-06-30,21120520,강서구,대저2동,dong,type,ho_gb_006,주택이외 거처,422.0,422,False
2024,2025-06-30,21050810,부산진구,가야1동,dong,type,ho_gb_004,연립주택,160.0,160,False
2024,2025-06-30,21130510,연제구,거제1동,dong,type,ho_gb_005,영업용 건물 내 주택,79.0,79,False
2024,2025-06-30,21150630,사상구,학장동,dong,type,ho_gb_004,연립주택,24.0,24,False
2024,2025-06-30,21080520,북구,구포2동,dong,type,ho_gb_001,다세대,1372.0,1372,False
2024,2025-06-30,21020690,서구,남부민2동,dong,type,ho_gb_005,영업용 건물 내 주택,21.0,21,False
2024,2025-06-30,21110680,금정구,남산동,dong,type,ho_gb_003,아파트,3814.0,3814,False
2024,2025-06-30,21080630,북구,화명3동,dong,type,ho_gb_002,단독주택,50.0,50,False
2024,2025-06-30,21030700,동구,좌천동,dong,type,ho_gb_003,아파트,1750.0,1750,False
2024,2025-06-30,21100590,사하구,신평2동,dong,type,ho_gb_006,주택이외 거처,733.0,733,False
2024,2025-06-30,21020520,서구,동대신2동,dong,type,ho_gb_003,아파트,609.0,609,False
2024,2025-06-30,21060550,동래구,온천1동,dong,type,ho_gb_004,연립주택,169.0,169,False
2024,2025-06-30,21090620,해운대구,반송2동,dong,type,ho_gb_004,연립주택,128.0,128,False
2024,2025-06-30,21050640,부산진구,부암1동,dong,type,ho_gb_001,다세대,330.0,330,False
2024,2025-06-30,21080560,북구,덕천1동,dong,type,ho_gb_004,연립주택,217.0,217,False
2024,2025-06-30,21040640,영도구,청학2동,dong,type,ho_gb_003,아파트,3188.0,3188,False
2024,2025-06-30,21130630,연제구,연산9동,dong,type,ho_gb_003,아파트,9861.0,9861,False
2024,2025-06-30,21010560,중구,부평동,dong,type,ho_gb_001,다세대,227.0,227,False
2024,2025-06-30,21080560,북구,덕천1동,dong,type,ho_gb_006,주택이외 거처,152.0,152,False
2024,2025-06-30,21100520,사하구,괴정2동,dong,type,ho_gb_001,다세대,525.0,525,False
2024,2025-06-30,21070690,남구,문현4동,dong,type,ho_gb_006,주택이외 거처,77.0,77,False
2024,2025-06-30,21050720,부산진구,가야2동,dong,type,ho_gb_001,다세대,421.0,421,False
2024,2025-06-30,21030680,동구,범일5동,dong,type,ho_gb_006,주택이외 거처,136.0,136,False
2024,2025-06-30,21100520,사하구,괴정2동,dong,type,ho_gb_004,연립주택,318.0,318,False
2024,2025-06-30,21050700,부산진구,당감4동,dong,type,ho_gb_001,다세대,180.0,180,False
2024,2025-06-30,21070680,남구,문현3동,dong,type,ho_gb_001,다세대,697.0,697,False
2024,2025-06-30,21050800,부산진구,당감1동,dong,type,ho_gb_002,단독주택,1242.0,1242,False
2024,2025-06-30,21150570,사상구,괘법동,dong,type,ho_gb_003,아파트,5737.0,5737,False
2024,2025-06-30,21140560,수영구,광안1동,dong,type,ho_gb_005,영업용 건물 내 주택,86.0,86,False
2024,2025-06-30,21030560,동구,수정1동,dong,type,ho_gb_004,연립주택,41.0,41,False
2024,2025-06-30,21090650,해운대구,재송2동,dong,type,ho_gb_005,영업용 건물 내 주택,105.0,105,False
2024,2025-06-30,21090620,해운대구,반송2동,dong,type,ho_gb_003,아파트,6600.0,6600,False
2024,2025-06-30,21070590,남구,용호3동,dong,type,ho_gb_006,주택이외 거처,187.0,187,False
2024,2025-06-30,21140600,수영구,민락동,dong,type,ho_gb_003,아파트,7306.0,7306,False
2024,2025-06-30,21070680,남구,문현3동,dong,type,ho_gb_004,연립주택,208.0,208,False
2024,2025-06-30,21060580,동래구,사직1동,dong,type,ho_gb_001,다세대,901.0,901,False
2024,2025-06-30,21050520,부산진구,부전2동,dong,type,ho_gb_005,영업용 건물 내 주택,31.0,31,False
2024,2025-06-30,21010600,중구,영주2동,dong,type,ho_gb_006,주택이외 거처,77.0,77,False
2024,2025-06-30,21010520,중구,동광동,dong,type,ho_gb_002,단독주택,382.0,382,False
2024,2025-06-30,21010600,중구,영주2동,dong,type,ho_gb_002,단독주택,652.0,652,False
2024,2025-06-30,21140540,수영구,망미1동,dong,type,ho_gb_005,영업용 건물 내 주택,118.0,118,False
2024,2025-06-30,21510111,기장군,일광읍,dong,type,ho_gb_004,연립주택,133.0,133,False
2024,2025-06-30,21020530,서구,동대신3동,dong,type,ho_gb_001,다세대,902.0,902,False
2024,2025-06-30,21040540,영도구,영선1동,dong,type,ho_gb_001,다세대,65.0,65,False
2024,2025-06-30,21050760,부산진구,개금3동,dong,type,ho_gb_004,연립주택,16.0,16,False
2024,2025-06-30,21150520,사상구,모라1동,dong,type,ho_gb_002,단독주택,1044.0,1044,False
2024,2025-06-30,21090680,해운대구,좌3동,dong,type,ho_gb_006,주택이외 거처,43.0,43,False
2024,2025-06-30,21030700,동구,좌천동,dong,type,ho_gb_001,다세대,762.0,762,False
2024,2025-06-30,21010520,중구,동광동,dong,type,ho_gb_006,주택이외 거처,48.0,48,False
2024,2025-06-30,21080520,북구,구포2동,dong,type,ho_gb_002,단독주택,1245.0,1245,False
2024,2025-06-30,21070700,남구,대연1동,dong,type,ho_gb_003,아파트,1714.0,1714,False
2024,2025-06-30,21090580,해운대구,반여2동,dong,type,ho_gb_005,영업용 건물 내 주택,49.0,49,False
2024,2025-06-30,21110570,금정구,부곡1동,dong,type,ho_gb_004,연립주택,133.0,133,False
2024,2025-06-30,21020530,서구,동대신3동,dong,type,ho_gb_003,아파트,1056.0,1056,False
2024,2025-06-30,21130580,연제구,연산4동,dong,type,ho_gb_002,단독주택,986.0,986,False
2024,2025-06-30,21090640,해운대구,재송1동,dong,type,ho_gb_002,단독주택,564.0,564,False
2024,2025-06-30,21150540,사상구,모라3동,dong,type,ho_gb_001,다세대,32.0,32,False
2024,2025-06-30,21090750,해운대구,우3동,dong,type,ho_gb_003,아파트,8499.0,8499,False
2024,2025-06-30,21060510,동래구,수민동,dong,type,ho_gb_006,주택이외 거처,407.0,407,False
2024,2025-06-30,21150550,사상구,덕포1동,dong,type,ho_gb_001,다세대,493.0,493,False
2024,2025-06-30,21020640,서구,충무동,dong,type,ho_gb_004,연립주택,48.0,48,False
2024,2025-06-30,21030550,동구,초량6동,dong,type,ho_gb_006,주택이외 거처,17.0,17,False
2024,2025-06-30,21090560,해운대구,송정동,dong,type,ho_gb_005,영업용 건물 내 주택,39.0,39,False
2024,2025-06-30,21060550,동래구,온천1동,dong,type,ho_gb_005,영업용 건물 내 주택,68.0,68,False
2024,2025-06-30,21030560,동구,수정1동,dong,type,ho_gb_003,아파트,663.0,663,False
2024,2025-06-30,21040680,영도구,신선동,dong,type,ho_gb_001,다세대,131.0,131,False
2024,2025-06-30,21140520,수영구,남천2동,dong,type,ho_gb_005,영업용 건물 내 주택,10.0,10,False
2024,2025-06-30,21120580,강서구,가덕도동,dong,type,ho_gb_005,영업용 건물 내 주택,31.0,31,False
2024,2025-06-30,21070580,남구,용호2동,dong,type,ho_gb_004,연립주택,165.0,165,False
2024,2025-06-30,21140520,수영구,남천2동,dong,type,ho_gb_006,주택이외 거처,16.0,16,False
2024,2025-06-30,21070660,남구,문현1동,dong,type,ho_gb_003,아파트,2065.0,2065,False
2024,2025-06-30,21060560,동래구,온천2동,dong,type,ho_gb_003,아파트,6961.0,6961,False
2024,2025-06-30,21140580,수영구,광안3동,dong,type,ho_gb_005,영업용 건물 내 주택,48.0,48,False
2024,2025-06-30,21080570,북구,덕천2동,dong,type,ho_gb_001,다세대,948.0,948,False
2024,2025-06-30,21050750,부산진구,개금2동,dong,type,ho_gb_002,단독주택,134.0,134,False
2024,2025-06-30,21080630,북구,화명3동,dong,type,ho_gb_001,다세대,,N/A,True
2024,2025-06-30,21130560,연제구,연산2동,dong,type,ho_gb_002,단독주택,943.0,943,False
2024,2025-06-30,21110730,금정구,금사회동동,dong,type,ho_gb_005,영업용 건물 내 주택,59.0,59,False
2024,2025-06-30,21060570,동래구,온천3동,dong,type,ho_gb_006,주택이외 거처,1775.0,1775,False
2024,2025-06-30,21070620,남구,감만1동,dong,type,ho_gb_004,연립주택,26.0,26,False
2024,2025-06-30,21110570,금정구,부곡1동,dong,type,ho_gb_003,아파트,1476.0,1476,False
2024,2025-06-30,21070570,남구,용호1동,dong,type,ho_gb_004,연립주택,323.0,323,False
2024,2025-06-30,21030710,동구,범일1동,dong,type,ho_gb_006,주택이외 거처,296.0,296,False
2024,2025-06-30,21140510,수영구,남천1동,dong,type,ho_gb_002,단독주택,377.0,377,False
2024,2025-06-30,21110640,금정구,선두구동,dong,type,ho_gb_002,단독주택,622.0,622,False
2024,2025-06-30,21080620,북구,화명2동,dong,type,ho_gb_006,주택이외 거처,30.0,30,False
2024,2025-06-30,21090730,해운대구,우1동,dong,type,ho_gb_003,아파트,6181.0,6181,False
2024,2025-06-30,21090560,해운대구,송정동,dong,type,ho_gb_003,아파트,2965.0,2965,False
2024,2025-06-30,21050740,부산진구,개금1동,dong,type,ho_gb_006,주택이외 거처,1026.0,1026,False
2024,2025-06-30,21140530,수영구,수영동,dong,type,ho_gb_004,연립주택,156.0,156,False
2024,2025-06-30,21100570,사하구,하단2동,dong,type,ho_gb_001,다세대,1934.0,1934,False
2024,2025-06-30,21080510,북구,구포1동,dong,type,ho_gb_002,단독주택,1065.0,1065,False
2024,2025-06-30,21080510,북구,구포1동,dong,type,ho_gb_003,아파트,2696.0,2696,False
2024,2025-06-30,21080600,북구,만덕2동,dong,type,ho_gb_002,단독주택,1010.0,1010,False
2024,2025-06-30,21040690,영도구,봉래2동,dong,type,ho_gb_003,아파트,1891.0,1891,False
2024,2025-06-30,21040530,영도구,남항동,dong,type,ho_gb_006,주택이외 거처,549.0,549,False
2024,2025-06-30,21110730,금정구,금사회동동,dong,type,ho_gb_004,연립주택,377.0,377,False
2024,2025-06-30,21080520,북구,구포2동,dong,type,ho_gb_004,연립주택,149.0,149,False
2024,2025-06-30,21050660,부산진구,부암3동,dong,type,ho_gb_003,아파트,6554.0,6554,False
2024,2025-06-30,21510330,기장군,철마면,dong,type,ho_gb_003,아파트,1943.0,1943,False
2024,2025-06-30,21010570,중구,광복동,dong,type,ho_gb_006,주택이외 거처,53.0,53,False
2024,2025-06-30,21080570,북구,덕천2동,dong,type,ho_gb_004,연립주택,126.0,126,False
2024,2025-06-30,21060510,동래구,수민동,dong,type,ho_gb_002,단독주택,590.0,590,False
2024,2025-06-30,21050830,부산진구,전포1동,dong,type,ho_gb_001,다세대,897.0,897,False
2024,2025-06-30,21070540,남구,대연4동,dong,type,ho_gb_001,다세대,662.0,662,False
2024,2025-06-30,21060620,동래구,안락2동,dong,type,ho_gb_001,다세대,621.0,621,False
2024,2025-06-30,21130590,연제구,연산5동,dong,type,ho_gb_001,다세대,1720.0,1720,False
2024,2025-06-30,21090640,해운대구,재송1동,dong,type,ho_gb_006,주택이외 거처,899.0,899,False
2024,2025-06-30,21080600,북구,만덕2동,dong,type,ho_gb_003,아파트,7665.0,7665,False
2024,2025-06-30,21110690,금정구,구서1동,dong,type,ho_gb_001,다세대,608.0,608,False
2024,2025-06-30,21010540,중구,보수동,dong,type,ho_gb_005,영업용 건물 내 주택,48.0,48,False
2024,2025-06-30,21130530,연제구,거제3동,dong,type,ho_gb_005,영업용 건물 내 주택,37.0,37,False
2024,2025-06-30,21060610,동래구,안락1동,dong,type,ho_gb_006,주택이외 거처,286.0,286,False
2024,2025-06-30,21080520,북구,구포2동,dong,type,ho_gb_003,아파트,5653.0,5653,False
2024,2025-06-30,21110720,금정구,서3동,dong,type,ho_gb_002,단독주택,1551.0,1551,False
2024,2025-06-30,21090530,해운대구,중1동,dong,type,ho_gb_006,주택이외 거처,2900.0,2900,False
2024,2025-06-30,21090540,해운대구,중2동,dong,type,ho_gb_004,연립주택,521.0,521,False
2024,2025-06-30,21140530,수영구,수영동,dong,type,ho_gb_005,영업용 건물 내 주택,97.0,97,False
2024,2025-06-30,21510330,기장군,철마면,dong,type,ho_gb_002,단독주택,1025.0,1025,False
2024,2025-06-30,21150620,사상구,주례3동,dong,type,ho_gb_002,단독주택,521.0,521,False
2024,2025-06-30,21020560,서구,서대신3동,dong,type,ho_gb_003,아파트,1885.0,1885,False
2024,2025-06-30,21100650,사하구,감천1동,dong,type,ho_gb_001,다세대,680.0,680,False
2024,2025-06-30,21150600,사상구,주례1동,dong,type,ho_gb_004,연립주택,12.0,12,False
2024,2025-06-30,21050770,부산진구,범천1동,dong,type,ho_gb_004,연립주택,18.0,18,False
2024,2025-06-30,21020650,서구,남부민1동,dong,type,ho_gb_002,단독주택,751.0,751,False
2024,2025-06-30,21070620,남구,감만1동,dong,type,ho_gb_001,다세대,67.0,67,False
2024,2025-06-30,21050560,부산진구,양정1동,dong,type,ho_gb_001,다세대,939.0,939,False
2024,2025-06-30,21140570,수영구,광안2동,dong,type,ho_gb_002,단독주택,727.0,727,False
2024,2025-06-30,21030660,동구,범일2동,dong,type,ho_gb_006,주택이외 거처,1276.0,1276,False
2024,2025-06-30,21060510,동래구,수민동,dong,type,ho_gb_001,다세대,393.0,393,False
2024,2025-06-30,21050560,부산진구,양정1동,dong,type,ho_gb_005,영업용 건물 내 주택,93.0,93,False
2024,2025-06-30,21050750,부산진구,개금2동,dong,type,ho_gb_003,아파트,2933.0,2933,False
2024,2025-06-30,21070630,남구,감만2동,dong,type,ho_gb_005,영업용 건물 내 주택,19.0,19,False
2024,2025-06-30,21060630,동래구,명장1동,dong,type,ho_gb_004,연립주택,537.0,537,False
2024,2025-06-30,21080520,북구,구포2동,dong,type,ho_gb_005,영업용 건물 내 주택,67.0,67,False
2024,2025-06-30,21510111,기장군,일광읍,dong,type,ho_gb_005,영업용 건물 내 주택,123.0,123,False
2024,2025-06-30,21100530,사하구,괴정3동,dong,type,ho_gb_005,영업용 건물 내 주택,42.0,42,False
2024,2025-06-30,21150570,사상구,괘법동,dong,type,ho_gb_002,단독주택,1069.0,1069,False
2024,2025-06-30,21150640,사상구,엄궁동,dong,type,ho_gb_005,영업용 건물 내 주택,47.0,47,False
2024,2025-06-30,21510120,기장군,장안읍,dong,type,ho_gb_001,다세대,237.0,237,False
2024,2025-06-30,21120600,강서구,명지2동,dong,type,ho_gb_006,주택이외 거처,887.0,887,False
2024,2025-06-30,21020680,서구,암남동,dong,type,ho_gb_003,아파트,4781.0,4781,False
2024,2025-06-30,21510130,기장군,정관읍,dong,type,ho_gb_001,다세대,29.0,29,False
2024,2025-06-30,21080510,북구,구포1동,dong,type,ho_gb_005,영업용 건물 내 주택,117.0,117,False
2024,2025-06-30,21150570,사상구,괘법동,dong,type,ho_gb_001,다세대,1355.0,1355,False
2024,2025-06-30,21020560,서구,서대신3동,dong,type,ho_gb_001,다세대,183.0,183,False
2024,2025-06-30,21110520,금정구,서2동,dong,type,ho_gb_004,연립주택,86.0,86,False
2024,2025-06-30,21510110,기장군,기장읍,dong,type,ho_gb_005,영업용 건물 내 주택,271.0,271,False
2024,2025-06-30,21030550,동구,초량6동,dong,type,ho_gb_003,아파트,59.0,59,False
2024,2025-06-30,21110680,금정구,남산동,dong,type,ho_gb_006,주택이외 거처,554.0,554,False
2024,2025-06-30,21100540,사하구,괴정4동,dong,type,ho_gb_004,연립주택,233.0,233,False
2024,2025-06-30,21060640,동래구,명장2동,dong,type,ho_gb_003,아파트,3406.0,3406,False
2024,2025-06-30,21100560,사하구,하단1동,dong,type,ho_gb_005,영업용 건물 내 주택,93.0,93,False
2024,2025-06-30,21050720,부산진구,가야2동,dong,type,ho_gb_006,주택이외 거처,251.0,251,False
2024,2025-06-30,21110520,금정구,서2동,dong,type,ho_gb_005,영업용 건물 내 주택,56.0,56,False
2024,2025-06-30,21110680,금정구,남산동,dong,type,ho_gb_002,단독주택,1830.0,1830,False
2024,2025-06-30,21020520,서구,동대신2동,dong,type,ho_gb_005,영업용 건물 내 주택,30.0,30,False
2024,2025-06-30,21020540,서구,서대신1동,dong,type,ho_gb_004,연립주택,93.0,93,False
2024,2025-06-30,21040680,영도구,신선동,dong,type,ho_gb_006,주택이외 거처,22.0,22,False
2024,2025-06-30,21060630,동래구,명장1동,dong,type,ho_gb_006,주택이외 거처,70.0,70,False
2024,2025-06-30,21130550,연제구,연산1동,dong,type,ho_gb_002,단독주택,621.0,621,False
2024,2025-06-30,21120561,강서구,녹산동,dong,type,ho_gb_006,주택이외 거처,1446.0,1446,False
2024,2025-06-30,21140530,수영구,수영동,dong,type,ho_gb_002,단독주택,1121.0,1121,False
2024,2025-06-30,21090750,해운대구,우3동,dong,type,ho_gb_006,주택이외 거처,2080.0,2080,False
2024,2025-06-30,21030660,동구,범일2동,dong,type,ho_gb_002,단독주택,540.0,540,False
2024,2025-06-30,21130530,연제구,거제3동,dong,type,ho_gb_003,아파트,2455.0,2455,False
2024,2025-06-30,21030600,동구,수정5동,dong,type,ho_gb_002,단독주택,1137.0,1137,False
2024,2025-06-30,21080590,북구,만덕1동,dong,type,ho_gb_001,다세대,190.0,190,False
2024,2025-06-30,21060650,동래구,명륜동,dong,type,ho_gb_005,영업용 건물 내 주택,91.0,91,False
2024,2025-06-30,21510110,기장군,기장읍,dong,type,ho_gb_001,다세대,2818.0,2818,False
2024,2025-06-30,21090720,해운대구,반송1동,dong,type,ho_gb_001,다세대,914.0,914,False
2024,2025-06-30,21060620,동래구,안락2동,dong,type,ho_gb_002,단독주택,1132.0,1132,False
2024,2025-06-30,21100540,사하구,괴정4동,dong,type,ho_gb_003,아파트,3605.0,3605,False
2024,2025-06-30,21090660,해운대구,좌1동,dong,type,ho_gb_003,아파트,5474.0,5474,False
2024,2025-06-30,21090590,해운대구,반여3동,dong,type,ho_gb_001,다세대,1765.0,1765,False
2024,2025-06-30,21020520,서구,동대신2동,dong,type,ho_gb_004,연립주택,85.0,85,False
2024,2025-06-30,21150650,사상구,감전동,dong,type,ho_gb_001,다세대,1321.0,1321,False
2024,2025-06-30,21100570,사하구,하단2동,dong,type,ho_gb_004,연립주택,525.0,525,False
2024,2025-06-30,21080510,북구,구포1동,dong,type,ho_gb_006,주택이외 거처,694.0,694,False
2024,2025-06-30,21060580,동래구,사직1동,dong,type,ho_gb_006,주택이외 거처,434.0,434,False
2024,2025-06-30,21050740,부산진구,개금1동,dong,type,ho_gb_005,영업용 건물 내 주택,66.0,66,False
2024,2025-06-30,21120590,강서구,명지1동,dong,type,ho_gb_006,주택이외 거처,2177.0,2177,False
2024,2025-06-30,21050770,부산진구,범천1동,dong,type,ho_gb_006,주택이외 거처,2379.0,2379,False
2024,2025-06-30,21140570,수영구,광안2동,dong,type,ho_gb_006,주택이외 거처,1082.0,1082,False
2024,2025-06-30,21010530,중구,대청동,dong,type,ho_gb_001,다세대,1176.0,1176,False
2024,2025-06-30,21030660,동구,범일2동,dong,type,ho_gb_001,다세대,53.0,53,False
2024,2025-06-30,21010600,중구,영주2동,dong,type,ho_gb_001,다세대,326.0,326,False
2024,2025-06-30,21150550,사상구,덕포1동,dong,type,ho_gb_006,주택이외 거처,64.0,64,False
2024,2025-06-30,21050680,부산진구,당감2동,dong,type,ho_gb_001,다세대,92.0,92,False
2024,2025-06-30,21110690,금정구,구서1동,dong,type,ho_gb_003,아파트,5494.0,5494,False
2024,2025-06-30,21130620,연제구,연산8동,dong,type,ho_gb_003,아파트,2922.0,2922,False
2024,2025-06-30,21030680,동구,범일5동,dong,type,ho_gb_005,영업용 건물 내 주택,5.0,5,False
2024,2025-06-30,21060630,동래구,명장1동,dong,type,ho_gb_005,영업용 건물 내 주택,72.0,72,False
2024,2025-06-30,21020540,서구,서대신1동,dong,type,ho_gb_001,다세대,665.0,665,False
2024,2025-06-30,21040660,영도구,동삼2동,dong,type,ho_gb_006,주택이외 거처,106.0,106,False
2024,2025-06-30,21110690,금정구,구서1동,dong,type,ho_gb_002,단독주택,421.0,421,False
2024,2025-06-30,21090690,해운대구,좌4동,dong,type,ho_gb_003,아파트,8120.0,8120,False
2024,2025-06-30,21070660,남구,문현1동,dong,type,ho_gb_005,영업용 건물 내 주택,35.0,35,False
2024,2025-06-30,21100520,사하구,괴정2동,dong,type,ho_gb_002,단독주택,1153.0,1153,False
2024,2025-06-30,21070690,남구,문현4동,dong,type,ho_gb_003,아파트,2669.0,2669,False
2024,2025-06-30,21140590,수영구,광안4동,dong,type,ho_gb_002,단독주택,474.0,474,False
2024,2025-06-30,21140550,수영구,망미2동,dong,type,ho_gb_001,다세대,690.0,690,False
2024,2025-06-30,21080570,북구,덕천2동,dong,type,ho_gb_002,단독주택,737.0,737,False
2024,2025-06-30,21050700,부산진구,당감4동,dong,type,ho_gb_002,단독주택,753.0,753,False
2024,2025-06-30,21040530,영도구,남항동,dong,type,ho_gb_002,단독주택,1217.0,1217,False
2024,2025-06-30,21120530,강서구,강동동,dong,type,ho_gb_005,영업용 건물 내 주택,44.0,44,False
2024,2025-06-30,21070570,남구,용호1동,dong,type,ho_gb_006,주택이외 거처,488.0,488,False
2024,2025-06-30,21110740,금정구,장전2동,dong,type,ho_gb_002,단독주택,574.0,574,False
2024,2025-06-30,21050830,부산진구,전포1동,dong,type,ho_gb_003,아파트,6318.0,6318,False
2024,2025-06-30,21130630,연제구,연산9동,dong,type,ho_gb_006,주택이외 거처,132.0,132,False
2024,2025-06-30,21090710,해운대구,반여4동,dong,type,ho_gb_001,다세대,100.0,100,False
2024,2025-06-30,21040650,영도구,동삼1동,dong,type,ho_gb_003,아파트,9891.0,9891,False
2024,2025-06-30,21100610,사하구,장림2동,dong,type,ho_gb_006,주택이외 거처,397.0,397,False
2024,2025-06-30,21140570,수영구,광안2동,dong,type,ho_gb_001,다세대,2310.0,2310,False
2024,2025-06-30,21100550,사하구,당리동,dong,type,ho_gb_006,주택이외 거처,495.0,495,False
2024,2025-06-30,21060560,동래구,온천2동,dong,type,ho_gb_002,단독주택,553.0,553,False
2024,2025-06-30,21130560,연제구,연산2동,dong,type,ho_gb_004,연립주택,32.0,32,False
2024,2025-06-30,21070550,남구,대연5동,dong,type,ho_gb_002,단독주택,800.0,800,False
2024,2025-06-30,21020610,서구,아미동,dong,type,ho_gb_001,다세대,239.0,239,False
2024,2025-06-30,21080630,북구,화명3동,dong,type,ho_gb_003,아파트,9737.0,9737,False
2024,2025-06-30,21510120,기장군,장안읍,dong,type,ho_gb_005,영업용 건물 내 주택,83.0,83,False
2024,2025-06-30,21070710,남구,우암동,dong,type,ho_gb_003,아파트,3496.0,3496,False
2024,2025-06-30,21010560,중구,부평동,dong,type,ho_gb_003,아파트,540.0,540,False
2024,2025-06-30,21070630,남구,감만2동,dong,type,ho_gb_001,다세대,407.0,407,False
2024,2025-06-30,21030660,동구,범일2동,dong,type,ho_gb_004,연립주택,11.0,11,False
2024,2025-06-30,21080610,북구,만덕3동,dong,type,ho_gb_005,영업용 건물 내 주택,26.0,26,False
2024,2025-06-30,21140520,수영구,남천2동,dong,type,ho_gb_001,다세대,18.0,18,False
2024,2025-06-30,21510111,기장군,일광읍,dong,type,ho_gb_003,아파트,9073.0,9073,False
2024,2025-06-30,21030590,동구,수정4동,dong,type,ho_gb_006,주택이외 거처,12.0,12,False
2024,2025-06-30,21140560,수영구,광안1동,dong,type,ho_gb_004,연립주택,145.0,145,False
2024,2025-06-30,21070610,남구,용당동,dong,type,ho_gb_002,단독주택,358.0,358,False
2024,2025-06-30,21130520,연제구,거제2동,dong,type,ho_gb_002,단독주택,130.0,130,False
2024,2025-06-30,21010580,중구,남포동,dong,type,ho_gb_006,주택이외 거처,105.0,105,False
2024,2025-06-30,21080570,북구,덕천2동,dong,type,ho_gb_006,주택이외 거처,421.0,421,False
2024,2025-06-30,21030710,동구,범일1동,dong,type,ho_gb_003,아파트,1133.0,1133,False
2024,2025-06-30,21100650,사하구,감천1동,dong,type,ho_gb_002,단독주택,1471.0,1471,False
2024,2025-06-30,21020510,서구,동대신1동,dong,type,ho_gb_006,주택이외 거처,128.0,128,False
2024,2025-06-30,21100660,사하구,감천2동,dong,type,ho_gb_004,연립주택,182.0,182,False
2024,2025-06-30,21050740,부산진구,개금1동,dong,type,ho_gb_004,연립주택,50.0,50,False
2024,2025-06-30,21110510,금정구,서1동,dong,type,ho_gb_002,단독주택,1271.0,1271,False
2024,2025-06-30,21050540,부산진구,연지동,dong,type,ho_gb_004,연립주택,24.0,24,False
2024,2025-06-30,21070530,남구,대연3동,dong,type,ho_gb_005,영업용 건물 내 주택,103.0,103,False
2024,2025-06-30,21150540,사상구,모라3동,dong,type,ho_gb_002,단독주택,16.0,16,False
2024,2025-06-30,21150650,사상구,감전동,dong,type,ho_gb_006,주택이외 거처,509.0,509,False
2024,2025-06-30,21130590,연제구,연산5동,dong,type,ho_gb_005,영업용 건물 내 주택,52.0,52,False
2024,2025-06-30,21070550,남구,대연5동,dong,type,ho_gb_001,다세대,2215.0,2215,False
2024,2025-06-30,21070620,남구,감만1동,dong,type,ho_gb_002,단독주택,289.0,289,False
2024,2025-06-30,21060560,동래구,온천2동,dong,type,ho_gb_006,주택이외 거처,97.0,97,False
2024,2025-06-30,21140520,수영구,남천2동,dong,type,ho_gb_003,아파트,5289.0,5289,False
2024,2025-06-30,21100590,사하구,신평2동,dong,type,ho_gb_002,단독주택,503.0,503,False
2024,2025-06-30,21060600,동래구,사직3동,dong,type,ho_gb_003,아파트,2901.0,2901,False
2024,2025-06-30,21100550,사하구,당리동,dong,type,ho_gb_003,아파트,6069.0,6069,False
2024,2025-06-30,21150520,사상구,모라1동,dong,type,ho_gb_004,연립주택,138.0,138,False
2024,2025-06-30,21100600,사하구,장림1동,dong,type,ho_gb_006,주택이외 거처,214.0,214,False
2024,2025-06-30,21060600,동래구,사직3동,dong,type,ho_gb_002,단독주택,1290.0,1290,False
2024,2025-06-30,21140510,수영구,남천1동,dong,type,ho_gb_003,아파트,4677.0,4677,False
2024,2025-06-30,21040590,영도구,봉래1동,dong,type,ho_gb_003,아파트,1506.0,1506,False
2024,2025-06-30,21110590,금정구,부곡3동,dong,type,ho_gb_006,주택이외 거처,305.0,305,False
2024,2025-06-30,21010540,중구,보수동,dong,type,ho_gb_003,아파트,1328.0,1328,False
2024,2025-06-30,21120550,강서구,가락동,dong,type,ho_gb_005,영업용 건물 내 주택,26.0,26,False
2024,2025-06-30,21010540,중구,보수동,dong,type,ho_gb_004,연립주택,102.0,102,False
2024,2025-06-30,21070630,남구,감만2동,dong,type,ho_gb_003,아파트,1181.0,1181,False
2024,2025-06-30,21140550,수영구,망미2동,dong,type,ho_gb_002,단독주택,920.0,920,False
2024,2025-06-30,21080570,북구,덕천2동,dong,type,ho_gb_005,영업용 건물 내 주택,71.0,71,False
2024,2025-06-30,21090730,해운대구,우1동,dong,type,ho_gb_006,주택이외 거처,2036.0,2036,False
2024,2025-06-30,21070570,남구,용호1동,dong,type,ho_gb_005,영업용 건물 내 주택,64.0,64,False
2024,2025-06-30,21100510,사하구,괴정1동,dong,type,ho_gb_004,연립주택,244.0,244,False
2024,2025-06-30,21050570,부산진구,양정2동,dong,type,ho_gb_002,단독주택,386.0,386,False
2024,2025-06-30,21090540,해운대구,중2동,dong,type,ho_gb_001,다세대,1456.0,1456,False
2024,2025-06-30,21040690,영도구,봉래2동,dong,type,ho_gb_005,영업용 건물 내 주택,13.0,13,False
2024,2025-06-30,21120520,강서구,대저2동,dong,type,ho_gb_004,연립주택,,N/A,True
2024,2025-06-30,21150630,사상구,학장동,dong,type,ho_gb_005,영업용 건물 내 주택,52.0,52,False
2024,2025-06-30,21110580,금정구,부곡2동,dong,type,ho_gb_001,다세대,877.0,877,False
2024,2025-06-30,21030710,동구,범일1동,dong,type,ho_gb_004,연립주택,108.0,108,False
2024,2025-06-30,21060590,동래구,사직2동,dong,type,ho_gb_005,영업용 건물 내 주택,51.0,51,False
2024,2025-06-30,21030510,동구,초량1동,dong,type,ho_gb_001,다세대,341.0,341,False
2024,2025-06-30,21150560,사상구,덕포2동,dong,type,ho_gb_001,다세대,421.0,421,False
2024,2025-06-30,21080610,북구,만덕3동,dong,type,ho_gb_004,연립주택,69.0,69,False
2024,2025-06-30,21010510,중구,중앙동,dong,type,ho_gb_006,주택이외 거처,1662.0,1662,False
2024,2025-06-30,21100630,사하구,다대2동,dong,type,ho_gb_004,연립주택,15.0,15,False
2024,2025-06-30,21100560,사하구,하단1동,dong,type,ho_gb_002,단독주택,642.0,642,False
2024,2025-06-30,21070580,남구,용호2동,dong,type,ho_gb_001,다세대,644.0,644,False
2024,2025-06-30,21080530,북구,구포3동,dong,type,ho_gb_001,다세대,2603.0,2603,False
2024,2025-06-30,21050750,부산진구,개금2동,dong,type,ho_gb_004,연립주택,50.0,50,False
2024,2025-06-30,21510120,기장군,장안읍,dong,type,ho_gb_006,주택이외 거처,401.0,401,False
2024,2025-06-30,21090720,해운대구,반송1동,dong,type,ho_gb_006,주택이외 거처,87.0,87,False
2024,2025-06-30,21060590,동래구,사직2동,dong,type,ho_gb_002,단독주택,284.0,284,False
2024,2025-06-30,21010520,중구,동광동,dong,type,ho_gb_005,영업용 건물 내 주택,32.0,32,False
2024,2025-06-30,21100640,사하구,구평동,dong,type,ho_gb_004,연립주택,110.0,110,False
2024,2025-06-30,21080560,북구,덕천1동,dong,type,ho_gb_002,단독주택,426.0,426,False
2024,2025-06-30,21110720,금정구,서3동,dong,type,ho_gb_005,영업용 건물 내 주택,102.0,102,False
2024,2025-06-30,21140510,수영구,남천1동,dong,type,ho_gb_001,다세대,858.0,858,False
2024,2025-06-30,21150630,사상구,학장동,dong,type,ho_gb_001,다세대,290.0,290,False
2024,2025-06-30,21510110,기장군,기장읍,dong,type,ho_gb_002,단독주택,2117.0,2117,False
2024,2025-06-30,21050770,부산진구,범천1동,dong,type,ho_gb_005,영업용 건물 내 주택,56.0,56,False
2024,2025-06-30,21020630,서구,초장동,dong,type,ho_gb_001,다세대,177.0,177,False
2024,2025-06-30,21070540,남구,대연4동,dong,type,ho_gb_003,아파트,3330.0,3330,False
2024,2025-06-30,21150540,사상구,모라3동,dong,type,ho_gb_006,주택이외 거처,6.0,6,False
2024,2025-06-30,21100580,사하구,신평1동,dong,type,ho_gb_006,주택이외 거처,145.0,145,False
2024,2025-06-30,21110520,금정구,서2동,dong,type,ho_gb_001,다세대,244.0,244,False
2024,2025-06-30,21140540,수영구,망미1동,dong,type,ho_gb_002,단독주택,2023.0,2023,False
2024,2025-06-30,21080580,북구,덕천3동,dong,type,ho_gb_005,영업용 건물 내 주택,12.0,12,False
2024,2025-06-30,21100590,사하구,신평2동,dong,type,ho_gb_003,아파트,4631.0,4631,False
2024,2025-06-30,21100600,사하구,장림1동,dong,type,ho_gb_003,아파트,3112.0,3112,False
2024,2025-06-30,21080530,북구,구포3동,dong,type,ho_gb_002,단독주택,864.0,864,False
2024,2025-06-30,21100640,사하구,구평동,dong,type,ho_gb_005,영업용 건물 내 주택,16.0,16,False
2024,2025-06-30,21020640,서구,충무동,dong,type,ho_gb_002,단독주택,695.0,695,False
2024,2025-06-30,21080510,북구,구포1동,dong,type,ho_gb_001,다세대,1319.0,1319,False
2024,2025-06-30,21140560,수영구,광안1동,dong,type,ho_gb_006,주택이외 거처,1750.0,1750,False
2024,2025-06-30,21050810,부산진구,가야1동,dong,type,ho_gb_005,영업용 건물 내 주택,64.0,64,False
2024,2025-06-30,21020530,서구,동대신3동,dong,type,ho_gb_005,영업용 건물 내 주택,39.0,39,False
2024,2025-06-30,21010530,중구,대청동,dong,type,ho_gb_006,주택이외 거처,349.0,349,False
2024,2025-06-30,21050540,부산진구,연지동,dong,type,ho_gb_006,주택이외 거처,240.0,240,False
2024,2025-06-30,21150610,사상구,주례2동,dong,type,ho_gb_001,다세대,1684.0,1684,False
2024,2025-06-30,21150510,사상구,삼락동,dong,type,ho_gb_004,연립주택,60.0,60,False
2024,2025-06-30,21050760,부산진구,개금3동,dong,type,ho_gb_005,영업용 건물 내 주택,26.0,26,False
2024,2025-06-30,21090580,해운대구,반여2동,dong,type,ho_gb_001,다세대,2217.0,2217,False
2024,2025-06-30,21010520,중구,동광동,dong,type,ho_gb_001,다세대,305.0,305,False
2024,2025-06-30,21130530,연제구,거제3동,dong,type,ho_gb_004,연립주택,132.0,132,False
2024,2025-06-30,21060640,동래구,명장2동,dong,type,ho_gb_002,단독주택,870.0,870,False
2024,2025-06-30,21100630,사하구,다대2동,dong,type,ho_gb_002,단독주택,56.0,56,False
2024,2025-06-30,21130590,연제구,연산5동,dong,type,ho_gb_004,연립주택,77.0,77,False
2024,2025-06-30,21080600,북구,만덕2동,dong,type,ho_gb_005,영업용 건물 내 주택,45.0,45,False
2024,2025-06-30,21030570,동구,수정2동,dong,type,ho_gb_004,연립주택,148.0,148,False
2024,2025-06-30,21080530,북구,구포3동,dong,type,ho_gb_004,연립주택,334.0,334,False
2024,2025-06-30,21060510,동래구,수민동,dong,type,ho_gb_003,아파트,10400.0,10400,False
2024,2025-06-30,21120561,강서구,녹산동,dong,type,ho_gb_005,영업용 건물 내 주택,76.0,76,False
2024,2025-06-30,21100570,사하구,하단2동,dong,type,ho_gb_003,아파트,6455.0,6455,False
2024,2025-06-30,21060600,동래구,사직3동,dong,type,ho_gb_005,영업용 건물 내 주택,81.0,81,False
2024,2025-06-30,21050760,부산진구,개금3동,dong,type,ho_gb_001,다세대,444.0,444,False
2024,2025-06-30,21040670,영도구,동삼3동,dong,type,ho_gb_004,연립주택,55.0,55,False
2024,2025-06-30,21120530,강서구,강동동,dong,type,ho_gb_006,주택이외 거처,211.0,211,False
2024,2025-06-30,21070700,남구,대연1동,dong,type,ho_gb_002,단독주택,606.0,606,False
2024,2025-06-30,21090660,해운대구,좌1동,dong,type,ho_gb_005,영업용 건물 내 주택,21.0,21,False
2024,2025-06-30,21040550,영도구,영선2동,dong,type,ho_gb_006,주택이외 거처,211.0,211,False
2024,2025-06-30,21120580,강서구,가덕도동,dong,type,ho_gb_002,단독주택,1455.0,1455,False
2024,2025-06-30,21050800,부산진구,당감1동,dong,type,ho_gb_004,연립주택,102.0,102,False
2024,2025-06-30,21100510,사하구,괴정1동,dong,type,ho_gb_003,아파트,4235.0,4235,False
2024,2025-06-30,21050550,부산진구,초읍동,dong,type,ho_gb_005,영업용 건물 내 주택,63.0,63,False
2024,2025-06-30,21010540,중구,보수동,dong,type,ho_gb_002,단독주택,1022.0,1022,False
2024,2025-06-30,21150560,사상구,덕포2동,dong,type,ho_gb_005,영업용 건물 내 주택,54.0,54,False
2024,2025-06-30,21010530,중구,대청동,dong,type,ho_gb_003,아파트,600.0,600,False
2024,2025-06-30,21090680,해운대구,좌3동,dong,type,ho_gb_002,단독주택,53.0,53,False
2024,2025-06-30,21050740,부산진구,개금1동,dong,type,ho_gb_003,아파트,3811.0,3811,False
2024,2025-06-30,21070690,남구,문현4동,dong,type,ho_gb_004,연립주택,153.0,153,False
2024,2025-06-30,21050560,부산진구,양정1동,dong,type,ho_gb_003,아파트,5432.0,5432,False
2024,2025-06-30,21070530,남구,대연3동,dong,type,ho_gb_001,다세대,3843.0,3843,False
2024,2025-06-30,21110700,금정구,구서2동,dong,type,ho_gb_001,다세대,846.0,846,False
2024,2025-06-30,21090590,해운대구,반여3동,dong,type,ho_gb_006,주택이외 거처,22.0,22,False
2024,2025-06-30,21080560,북구,덕천1동,dong,type,ho_gb_001,다세대,480.0,480,False
2024,2025-06-30,21090700,해운대구,반여1동,dong,type,ho_gb_005,영업용 건물 내 주택,48.0,48,False
2024,2025-06-30,21100640,사하구,구평동,dong,type,ho_gb_002,단독주택,150.0,150,False
2024,2025-06-30,21100590,사하구,신평2동,dong,type,ho_gb_005,영업용 건물 내 주택,34.0,34,False
2024,2025-06-30,21050830,부산진구,전포1동,dong,type,ho_gb_005,영업용 건물 내 주택,56.0,56,False
2024,2025-06-30,21090660,해운대구,좌1동,dong,type,ho_gb_006,주택이외 거처,1804.0,1804,False
2024,2025-06-30,21030560,동구,수정1동,dong,type,ho_gb_002,단독주택,452.0,452,False
2024,2025-06-30,21070680,남구,문현3동,dong,type,ho_gb_005,영업용 건물 내 주택,40.0,40,False
2024,2025-06-30,21040630,영도구,청학1동,dong,type,ho_gb_003,아파트,785.0,785,False
2024,2025-06-30,21020590,서구,부민동,dong,type,ho_gb_005,영업용 건물 내 주택,36.0,36,False
2024,2025-06-30,21110580,금정구,부곡2동,dong,type,ho_gb_004,연립주택,126.0,126,False
2024,2025-06-30,21060640,동래구,명장2동,dong,type,ho_gb_001,다세대,572.0,572,False
2024,2025-06-30,21120580,강서구,가덕도동,dong,type,ho_gb_004,연립주택,30.0,30,False
2024,2025-06-30,21120510,강서구,대저1동,dong,type,ho_gb_006,주택이외 거처,343.0,343,False
2024,2025-06-30,21080580,북구,덕천3동,dong,type,ho_gb_001,다세대,665.0,665,False
2024,2025-06-30,21020590,서구,부민동,dong,type,ho_gb_003,아파트,1355.0,1355,False
2024,2025-06-30,21050680,부산진구,당감2동,dong,type,ho_gb_002,단독주택,391.0,391,False
2024,2025-06-30,21030710,동구,범일1동,dong,type,ho_gb_005,영업용 건물 내 주택,64.0,64,False
2024,2025-06-30,21510120,기장군,장안읍,dong,type,ho_gb_004,연립주택,635.0,635,False
2024,2025-06-30,21040650,영도구,동삼1동,dong,type,ho_gb_002,단독주택,1056.0,1056,False
2024,2025-06-30,21050560,부산진구,양정1동,dong,type,ho_gb_002,단독주택,609.0,609,False
2024,2025-06-30,21100570,사하구,하단2동,dong,type,ho_gb_005,영업용 건물 내 주택,134.0,134,False
2024,2025-06-30,21040550,영도구,영선2동,dong,type,ho_gb_002,단독주택,850.0,850,False
2024,2025-06-30,21040540,영도구,영선1동,dong,type,ho_gb_002,단독주택,484.0,484,False
2024,2025-06-30,21070610,남구,용당동,dong,type,ho_gb_006,주택이외 거처,49.0,49,False
2024,2025-06-30,21050720,부산진구,가야2동,dong,type,ho_gb_003,아파트,4980.0,4980,False
2024,2025-06-30,21010580,중구,남포동,dong,type,ho_gb_005,영업용 건물 내 주택,74.0,74,False
2024,2025-06-30,21050810,부산진구,가야1동,dong,type,ho_gb_003,아파트,2411.0,2411,False
2024,2025-06-30,21100650,사하구,감천1동,dong,type,ho_gb_006,주택이외 거처,67.0,67,False
2024,2025-06-30,21120590,강서구,명지1동,dong,type,ho_gb_003,아파트,15977.0,15977,False
2024,2025-06-30,21100570,사하구,하단2동,dong,type,ho_gb_002,단독주택,648.0,648,False
2024,2025-06-30,21140540,수영구,망미1동,dong,type,ho_gb_003,아파트,4978.0,4978,False
2024,2025-06-30,21510110,기장군,기장읍,dong,type,ho_gb_006,주택이외 거처,1061.0,1061,False
2024,2025-06-30,21090690,해운대구,좌4동,dong,type,ho_gb_006,주택이외 거처,147.0,147,False
2024,2025-06-30,21090560,해운대구,송정동,dong,type,ho_gb_002,단독주택,327.0,327,False
2024,2025-06-30,21090670,해운대구,좌2동,dong,type,ho_gb_006,주택이외 거처,3000.0,3000,False
2024,2025-06-30,21510110,기장군,기장읍,dong,type,ho_gb_004,연립주택,386.0,386,False
2024,2025-06-30,21150610,사상구,주례2동,dong,type,ho_gb_002,단독주택,1324.0,1324,False
2024,2025-06-30,21090720,해운대구,반송1동,dong,type,ho_gb_005,영업용 건물 내 주택,74.0,74,False
2024,2025-06-30,21050610,부산진구,전포2동,dong,type,ho_gb_002,단독주택,996.0,996,False
2024,2025-06-30,21040680,영도구,신선동,dong,type,ho_gb_004,연립주택,34.0,34,False
2024,2025-06-30,21100540,사하구,괴정4동,dong,type,ho_gb_005,영업용 건물 내 주택,37.0,37,False
2024,2025-06-30,21070710,남구,우암동,dong,type,ho_gb_005,영업용 건물 내 주택,32.0,32,False
2024,2025-06-30,21030510,동구,초량1동,dong,type,ho_gb_002,단독주택,609.0,609,False
2024,2025-06-30,21130530,연제구,거제3동,dong,type,ho_gb_006,주택이외 거처,248.0,248,False
2024,2025-06-30,21030570,동구,수정2동,dong,type,ho_gb_006,주택이외 거처,220.0,220,False
2024,2025-06-30,21130600,연제구,연산6동,dong,type,ho_gb_003,아파트,2019.0,2019,False
2024,2025-06-30,21110730,금정구,금사회동동,dong,type,ho_gb_002,단독주택,795.0,795,False
2024,2025-06-30,21030520,동구,초량2동,dong,type,ho_gb_004,연립주택,143.0,143,False
2024,2025-06-30,21010570,중구,광복동,dong,type,ho_gb_005,영업용 건물 내 주택,90.0,90,False
2024,2025-06-30,21090720,해운대구,반송1동,dong,type,ho_gb_003,아파트,441.0,441,False
2024,2025-06-30,21070630,남구,감만2동,dong,type,ho_gb_004,연립주택,183.0,183,False
2024,2025-06-30,21090670,해운대구,좌2동,dong,type,ho_gb_005,영업용 건물 내 주택,,N/A,True
2024,2025-06-30,21120510,강서구,대저1동,dong,type,ho_gb_003,아파트,206.0,206,False
2024,2025-06-30,21050700,부산진구,당감4동,dong,type,ho_gb_005,영업용 건물 내 주택,31.0,31,False
2024,2025-06-30,21120562,강서구,신호동,dong,type,ho_gb_002,단독주택,456.0,456,False
2024,2025-06-30,21050680,부산진구,당감2동,dong,type,ho_gb_003,아파트,3919.0,3919,False
2024,2025-06-30,21130550,연제구,연산1동,dong,type,ho_gb_005,영업용 건물 내 주택,73.0,73,False
2024,2025-06-30,21130560,연제구,연산2동,dong,type,ho_gb_005,영업용 건물 내 주택,42.0,42,False
2024,2025-06-30,21130590,연제구,연산5동,dong,type,ho_gb_003,아파트,4131.0,4131,False
2024,2025-06-30,21040660,영도구,동삼2동,dong,type,ho_gb_005,영업용 건물 내 주택,14.0,14,False
2024,2025-06-30,21090650,해운대구,재송2동,dong,type,ho_gb_006,주택이외 거처,174.0,174,False
2024,2025-06-30,21040640,영도구,청학2동,dong,type,ho_gb_005,영업용 건물 내 주택,55.0,55,False
2024,2025-06-30,21140540,수영구,망미1동,dong,type,ho_gb_006,주택이외 거처,234.0,234,False
2024,2025-06-30,21020690,서구,남부민2동,dong,type,ho_gb_002,단독주택,1439.0,1439,False
2024,2025-06-30,21090620,해운대구,반송2동,dong,type,ho_gb_002,단독주택,1824.0,1824,False
2024,2025-06-30,21010510,중구,중앙동,dong,type,ho_gb_002,단독주택,107.0,107,False
2024,2025-06-30,21040670,영도구,동삼3동,dong,type,ho_gb_001,다세대,196.0,196,False
2024,2025-06-30,21060560,동래구,온천2동,dong,type,ho_gb_005,영업용 건물 내 주택,61.0,61,False
2024,2025-06-30,21050570,부산진구,양정2동,dong,type,ho_gb_003,아파트,2873.0,2873,False
2024,2025-06-30,21130620,연제구,연산8동,dong,type,ho_gb_004,연립주택,119.0,119,False
2024,2025-06-30,21070620,남구,감만1동,dong,type,ho_gb_003,아파트,2761.0,2761,False
2024,2025-06-30,21020560,서구,서대신3동,dong,type,ho_gb_005,영업용 건물 내 주택,23.0,23,False
2024,2025-06-30,21130550,연제구,연산1동,dong,type,ho_gb_001,다세대,669.0,669,False
2024,2025-06-30,21150570,사상구,괘법동,dong,type,ho_gb_004,연립주택,55.0,55,False
2024,2025-06-30,21050520,부산진구,부전2동,dong,type,ho_gb_001,다세대,248.0,248,False
2024,2025-06-30,21150560,사상구,덕포2동,dong,type,ho_gb_004,연립주택,82.0,82,False
2024,2025-06-30,21100510,사하구,괴정1동,dong,type,ho_gb_001,다세대,943.0,943,False
2024,2025-06-30,21050540,부산진구,연지동,dong,type,ho_gb_003,아파트,8150.0,8150,False
2024,2025-06-30,21030530,동구,초량3동,dong,type,ho_gb_002,단독주택,266.0,266,False
2024,2025-06-30,21100550,사하구,당리동,dong,type,ho_gb_002,단독주택,981.0,981,False
2024,2025-06-30,21050640,부산진구,부암1동,dong,type,ho_gb_003,아파트,7292.0,7292,False
2024,2025-06-30,21070600,남구,용호4동,dong,type,ho_gb_004,연립주택,142.0,142,False
2024,2025-06-30,21110690,금정구,구서1동,dong,type,ho_gb_004,연립주택,207.0,207,False
2024,2025-06-30,21050820,부산진구,부전1동,dong,type,ho_gb_006,주택이외 거처,3656.0,3656,False
2024,2025-06-30,21050640,부산진구,부암1동,dong,type,ho_gb_005,영업용 건물 내 주택,32.0,32,False
2024,2025-06-30,21080610,북구,만덕3동,dong,type,ho_gb_006,주택이외 거처,17.0,17,False
2024,2025-06-30,21110670,금정구,청룡노포동,dong,type,ho_gb_005,영업용 건물 내 주택,29.0,29,False
2024,2025-06-30,21070600,남구,용호4동,dong,type,ho_gb_002,단독주택,214.0,214,False
2024,2025-06-30,21070710,남구,우암동,dong,type,ho_gb_001,다세대,65.0,65,False
2024,2025-06-30,21040670,영도구,동삼3동,dong,type,ho_gb_003,아파트,4428.0,4428,False
2024,2025-06-30,21130580,연제구,연산4동,dong,type,ho_gb_006,주택이외 거처,1734.0,1734,False
2024,2025-06-30,21080540,북구,금곡동,dong,type,ho_gb_003,아파트,16005.0,16005,False
2024,2025-06-30,21030600,동구,수정5동,dong,type,ho_gb_006,주택이외 거처,20.0,20,False
2024,2025-06-30,21510130,기장군,정관읍,dong,type,ho_gb_004,연립주택,116.0,116,False
2024,2025-06-30,21150600,사상구,주례1동,dong,type,ho_gb_006,주택이외 거처,142.0,142,False
2024,2025-06-30,21060620,동래구,안락2동,dong,type,ho_gb_004,연립주택,165.0,165,False
2024,2025-06-30,21130600,연제구,연산6동,dong,type,ho_gb_004,연립주택,225.0,225,False
2024,2025-06-30,21020690,서구,남부민2동,dong,type,ho_gb_001,다세대,186.0,186,False
2024,2025-06-30,21070530,남구,대연3동,dong,type,ho_gb_004,연립주택,136.0,136,False
2024,2025-06-30,21060610,동래구,안락1동,dong,type,ho_gb_001,다세대,1222.0,1222,False
2024,2025-06-30,21070680,남구,문현3동,dong,type,ho_gb_003,아파트,4327.0,4327,False
2024,2025-06-30,21070540,남구,대연4동,dong,type,ho_gb_004,연립주택,42.0,42,False
2024,2025-06-30,21110600,금정구,부곡4동,dong,type,ho_gb_005,영업용 건물 내 주택,15.0,15,False
2024,2025-06-30,21040690,영도구,봉래2동,dong,type,ho_gb_006,주택이외 거처,11.0,11,False
2024,2025-06-30,21140600,수영구,민락동,dong,type,ho_gb_004,연립주택,309.0,309,False
2024,2025-06-30,21080610,북구,만덕3동,dong,type,ho_gb_003,아파트,6188.0,6188,False
2024,2025-06-30,21050660,부산진구,부암3동,dong,type,ho_gb_005,영업용 건물 내 주택,40.0,40,False
2024,2025-06-30,21150640,사상구,엄궁동,dong,type,ho_gb_002,단독주택,466.0,466,False
2024,2025-06-30,21050660,부산진구,부암3동,dong,type,ho_gb_006,주택이외 거처,51.0,51,False
2024,2025-06-30,21020630,서구,초장동,dong,type,ho_gb_006,주택이외 거처,11.0,11,False
2024,2025-06-30,21030570,동구,수정2동,dong,type,ho_gb_002,단독주택,1305.0,1305,False
2024,2025-06-30,21020610,서구,아미동,dong,type,ho_gb_004,연립주택,11.0,11,False
2024,2025-06-30,21010560,중구,부평동,dong,type,ho_gb_006,주택이외 거처,324.0,324,False
2024,2025-06-30,21060610,동래구,안락1동,dong,type,ho_gb_005,영업용 건물 내 주택,105.0,105,False
2024,2025-06-30,21080630,북구,화명3동,dong,type,ho_gb_006,주택이외 거처,609.0,609,False
2024,2025-06-30,21070580,남구,용호2동,dong,type,ho_gb_002,단독주택,355.0,355,False
2024,2025-06-30,21020590,서구,부민동,dong,type,ho_gb_002,단독주택,713.0,713,False
2024,2025-06-30,21060600,동래구,사직3동,dong,type,ho_gb_004,연립주택,256.0,256,False
2024,2025-06-30,21150510,사상구,삼락동,dong,type,ho_gb_003,아파트,449.0,449,False
2024,2025-06-30,21070540,남구,대연4동,dong,type,ho_gb_005,영업용 건물 내 주택,39.0,39,False
2024,2025-06-30,21110680,금정구,남산동,dong,type,ho_gb_005,영업용 건물 내 주택,178.0,178,False
2024,2025-06-30,21080580,북구,덕천3동,dong,type,ho_gb_002,단독주택,460.0,460,False
2024,2025-06-30,21070700,남구,대연1동,dong,type,ho_gb_006,주택이외 거처,859.0,859,False
2024,2025-06-30,21150540,사상구,모라3동,dong,type,ho_gb_003,아파트,5848.0,5848,False
2024,2025-06-30,21110720,금정구,서3동,dong,type,ho_gb_004,연립주택,151.0,151,False
2024,2025-06-30,21120520,강서구,대저2동,dong,type,ho_gb_002,단독주택,1121.0,1121,False
2024,2025-06-30,21090580,해운대구,반여2동,dong,type,ho_gb_006,주택이외 거처,41.0,41,False
2024,2025-06-30,21100620,사하구,다대1동,dong,type,ho_gb_004,연립주택,919.0,919,False
2024,2025-06-30,21020630,서구,초장동,dong,type,ho_gb_002,단독주택,1176.0,1176,False
2024,2025-06-30,21110720,금정구,서3동,dong,type,ho_gb_003,아파트,727.0,727,False
2024,2025-06-30,21070710,남구,우암동,dong,type,ho_gb_006,주택이외 거처,23.0,23,False
2024,2025-06-30,21110590,금정구,부곡3동,dong,type,ho_gb_004,연립주택,135.0,135,False
2024,2025-06-30,21020640,서구,충무동,dong,type,ho_gb_005,영업용 건물 내 주택,95.0,95,False
2024,2025-06-30,21110680,금정구,남산동,dong,type,ho_gb_001,다세대,3271.0,3271,False
2024,2025-06-30,21020640,서구,충무동,dong,type,ho_gb_003,아파트,2112.0,2112,False
2024,2025-06-30,21100620,사하구,다대1동,dong,type,ho_gb_003,아파트,12525.0,12525,False
2024,2025-06-30,21100590,사하구,신평2동,dong,type,ho_gb_001,다세대,177.0,177,False
2024,2025-06-30,21130510,연제구,거제1동,dong,type,ho_gb_001,다세대,374.0,374,False
2024,2025-06-30,21030590,동구,수정4동,dong,type,ho_gb_003,아파트,585.0,585,False
2024,2025-06-30,21110680,금정구,남산동,dong,type,ho_gb_004,연립주택,507.0,507,False
2024,2025-06-30,21100600,사하구,장림1동,dong,type,ho_gb_005,영업용 건물 내 주택,25.0,25,False
2024,2025-06-30,21050770,부산진구,범천1동,dong,type,ho_gb_002,단독주택,379.0,379,False
2024,2025-06-30,21030590,동구,수정4동,dong,type,ho_gb_002,단독주택,650.0,650,False
2024,2025-06-30,21100580,사하구,신평1동,dong,type,ho_gb_002,단독주택,1616.0,1616,False
2024,2025-06-30,21090740,해운대구,우2동,dong,type,ho_gb_002,단독주택,181.0,181,False
2024,2025-06-30,21020520,서구,동대신2동,dong,type,ho_gb_002,단독주택,1095.0,1095,False
2024,2025-06-30,21050550,부산진구,초읍동,dong,type,ho_gb_003,아파트,4489.0,4489,False
2024,2025-06-30,21030660,동구,범일2동,dong,type,ho_gb_003,아파트,1262.0,1262,False
2024,2025-06-30,21040550,영도구,영선2동,dong,type,ho_gb_001,다세대,212.0,212,False
2024,2025-06-30,21080550,북구,화명1동,dong,type,ho_gb_002,단독주택,31.0,31,False
2024,2025-06-30,21030530,동구,초량3동,dong,type,ho_gb_001,다세대,196.0,196,False
2024,2025-06-30,21050800,부산진구,당감1동,dong,type,ho_gb_005,영업용 건물 내 주택,41.0,41,False
2024,2025-06-30,21020650,서구,남부민1동,dong,type,ho_gb_005,영업용 건물 내 주택,23.0,23,False
2024,2025-06-30,21120520,강서구,대저2동,dong,type,ho_gb_001,다세대,,N/A,True
2024,2025-06-30,21030520,동구,초량2동,dong,type,ho_gb_006,주택이외 거처,402.0,402,False
2024,2025-06-30,21060580,동래구,사직1동,dong,type,ho_gb_005,영업용 건물 내 주택,49.0,49,False
2024,2025-06-30,21030710,동구,범일1동,dong,type,ho_gb_002,단독주택,2135.0,2135,False
2024,2025-06-30,21110510,금정구,서1동,dong,type,ho_gb_003,아파트,15.0,15,False
2024,2025-06-30,21070550,남구,대연5동,dong,type,ho_gb_003,아파트,3144.0,3144,False
2024,2025-06-30,21070560,남구,대연6동,dong,type,ho_gb_006,주택이외 거처,307.0,307,False
2024,2025-06-30,21130580,연제구,연산4동,dong,type,ho_gb_004,연립주택,54.0,54,False
2024,2025-06-30,21090660,해운대구,좌1동,dong,type,ho_gb_002,단독주택,38.0,38,False
2024,2025-06-30,21150510,사상구,삼락동,dong,type,ho_gb_005,영업용 건물 내 주택,51.0,51,False
2024,2025-06-30,21140540,수영구,망미1동,dong,type,ho_gb_004,연립주택,218.0,218,False
2024,2025-06-30,21010510,중구,중앙동,dong,type,ho_gb_001,다세대,6.0,6,False
2024,2025-06-30,21020590,서구,부민동,dong,type,ho_gb_004,연립주택,26.0,26,False
2024,2025-06-30,21080550,북구,화명1동,dong,type,ho_gb_003,아파트,13748.0,13748,False
2024,2025-06-30,21150550,사상구,덕포1동,dong,type,ho_gb_002,단독주택,679.0,679,False
2024,2025-06-30,21020570,서구,서대신4동,dong,type,ho_gb_002,단독주택,459.0,459,False
2024,2025-06-30,21060520,동래구,복산동,dong,type,ho_gb_003,아파트,1547.0,1547,False
2024,2025-06-30,21040690,영도구,봉래2동,dong,type,ho_gb_001,다세대,25.0,25,False
2024,2025-06-30,21060620,동래구,안락2동,dong,type,ho_gb_005,영업용 건물 내 주택,123.0,123,False
2024,2025-06-30,21110590,금정구,부곡3동,dong,type,ho_gb_002,단독주택,473.0,473,False
2024,2025-06-30,21070610,남구,용당동,dong,type,ho_gb_003,아파트,2061.0,2061,False
2024,2025-06-30,21070610,남구,용당동,dong,type,ho_gb_001,다세대,322.0,322,False
2024,2025-06-30,21050550,부산진구,초읍동,dong,type,ho_gb_006,주택이외 거처,274.0,274,False
2024,2025-06-30,21150630,사상구,학장동,dong,type,ho_gb_006,주택이외 거처,234.0,234,False
2024,2025-06-30,21020570,서구,서대신4동,dong,type,ho_gb_003,아파트,1878.0,1878,False
2024,2025-06-30,21100540,사하구,괴정4동,dong,type,ho_gb_006,주택이외 거처,155.0,155,False
2024,2025-06-30,21140550,수영구,망미2동,dong,type,ho_gb_006,주택이외 거처,61.0,61,False
2024,2025-06-30,21090580,해운대구,반여2동,dong,type,ho_gb_002,단독주택,1064.0,1064,False
2024,2025-06-30,21060520,동래구,복산동,dong,type,ho_gb_002,단독주택,1057.0,1057,False
2024,2025-06-30,21130510,연제구,거제1동,dong,type,ho_gb_003,아파트,8935.0,8935,False
2024,2025-06-30,21140570,수영구,광안2동,dong,type,ho_gb_003,아파트,3975.0,3975,False
2024,2025-06-30,21050570,부산진구,양정2동,dong,type,ho_gb_004,연립주택,12.0,12,False
2024,2025-06-30,21140580,수영구,광안3동,dong,type,ho_gb_002,단독주택,788.0,788,False
2024,2025-06-30,21150520,사상구,모라1동,dong,type,ho_gb_001,다세대,892.0,892,False
2024,2025-06-30,21140590,수영구,광안4동,dong,type,ho_gb_006,주택이외 거처,508.0,508,False
2024,2025-06-30,21090730,해운대구,우1동,dong,type,ho_gb_002,단독주택,896.0,896,False
2024,2025-06-30,21060640,동래구,명장2동,dong,type,ho_gb_006,주택이외 거처,92.0,92,False
2024,2025-06-30,21040650,영도구,동삼1동,dong,type,ho_gb_001,다세대,863.0,863,False
2024,2025-06-30,21120590,강서구,명지1동,dong,type,ho_gb_004,연립주택,213.0,213,False
2024,2025-06-30,21040650,영도구,동삼1동,dong,type,ho_gb_006,주택이외 거처,184.0,184,False
2024,2025-06-30,21110580,금정구,부곡2동,dong,type,ho_gb_002,단독주택,772.0,772,False
2024,2025-06-30,21050700,부산진구,당감4동,dong,type,ho_gb_004,연립주택,83.0,83,False
2024,2025-06-30,21070560,남구,대연6동,dong,type,ho_gb_004,연립주택,96.0,96,False
2024,2025-06-30,21010590,중구,영주1동,dong,type,ho_gb_001,다세대,843.0,843,False
2024,2025-06-30,21090700,해운대구,반여1동,dong,type,ho_gb_003,아파트,10961.0,10961,False
2024,2025-06-30,21010580,중구,남포동,dong,type,ho_gb_002,단독주택,110.0,110,False
2024,2025-06-30,21100530,사하구,괴정3동,dong,type,ho_gb_006,주택이외 거처,193.0,193,False
2024,2025-06-30,21010520,중구,동광동,dong,type,ho_gb_003,아파트,153.0,153,False
2024,2025-06-30,21030520,동구,초량2동,dong,type,ho_gb_005,영업용 건물 내 주택,63.0,63,False
2024,2025-06-30,21090700,해운대구,반여1동,dong,type,ho_gb_004,연립주택,23.0,23,False
2024,2025-06-30,21040670,영도구,동삼3동,dong,type,ho_gb_006,주택이외 거처,15.0,15,False
2024,2025-06-30,21080530,북구,구포3동,dong,type,ho_gb_003,아파트,2415.0,2415,False
2024,2025-06-30,21030550,동구,초량6동,dong,type,ho_gb_001,다세대,510.0,510,False
2024,2025-06-30,21070680,남구,문현3동,dong,type,ho_gb_006,주택이외 거처,84.0,84,False
2024,2025-06-30,21060610,동래구,안락1동,dong,type,ho_gb_003,아파트,2241.0,2241,False
2024,2025-06-30,21070690,남구,문현4동,dong,type,ho_gb_005,영업용 건물 내 주택,30.0,30,False
2024,2025-06-30,21050760,부산진구,개금3동,dong,type,ho_gb_002,단독주택,689.0,689,False
2024,2025-06-30,21130570,연제구,연산3동,dong,type,ho_gb_006,주택이외 거처,12.0,12,False
2024,2025-06-30,21100640,사하구,구평동,dong,type,ho_gb_003,아파트,4255.0,4255,False
2024,2025-06-30,21040630,영도구,청학1동,dong,type,ho_gb_002,단독주택,1140.0,1140,False
2024,2025-06-30,21140590,수영구,광안4동,dong,type,ho_gb_001,다세대,834.0,834,False
2024,2025-06-30,21150610,사상구,주례2동,dong,type,ho_gb_005,영업용 건물 내 주택,63.0,63,False
2024,2025-06-30,21110740,금정구,장전2동,dong,type,ho_gb_003,아파트,7391.0,7391,False
2024,2025-06-30,21060570,동래구,온천3동,dong,type,ho_gb_005,영업용 건물 내 주택,90.0,90,False
2024,2025-06-30,21010600,중구,영주2동,dong,type,ho_gb_004,연립주택,182.0,182,False
2024,2025-06-30,21110710,금정구,금성동,dong,type,ho_gb_006,주택이외 거처,15.0,15,False
2024,2025-06-30,21060590,동래구,사직2동,dong,type,ho_gb_001,다세대,269.0,269,False
2024,2025-06-30,21020520,서구,동대신2동,dong,type,ho_gb_001,다세대,708.0,708,False
2024,2025-06-30,21150640,사상구,엄궁동,dong,type,ho_gb_001,다세대,589.0,589,False
2024,2025-06-30,21090690,해운대구,좌4동,dong,type,ho_gb_002,단독주택,5.0,5,False
2024,2025-06-30,21130600,연제구,연산6동,dong,type,ho_gb_002,단독주택,1690.0,1690,False
2024,2025-06-30,21050610,부산진구,전포2동,dong,type,ho_gb_004,연립주택,74.0,74,False
2024,2025-06-30,21060600,동래구,사직3동,dong,type,ho_gb_001,다세대,953.0,953,False
2024,2025-06-30,21130540,연제구,거제4동,dong,type,ho_gb_005,영업용 건물 내 주택,30.0,30,False
2024,2025-06-30,21070560,남구,대연6동,dong,type,ho_gb_003,아파트,4726.0,4726,False
2024,2025-06-30,21010570,중구,광복동,dong,type,ho_gb_003,아파트,139.0,139,False
2024,2025-06-30,21090730,해운대구,우1동,dong,type,ho_gb_001,다세대,490.0,490,False
2024,2025-06-30,21050610,부산진구,전포2동,dong,type,ho_gb_001,다세대,1459.0,1459,False
2024,2025-06-30,21110510,금정구,서1동,dong,type,ho_gb_005,영업용 건물 내 주택,19.0,19,False
2024,2025-06-30,21020650,서구,남부민1동,dong,type,ho_gb_004,연립주택,169.0,169,False
2024,2025-06-30,21040670,영도구,동삼3동,dong,type,ho_gb_005,영업용 건물 내 주택,7.0,7,False
2024,2025-06-30,21120561,강서구,녹산동,dong,type,ho_gb_003,아파트,5543.0,5543,False
2024,2025-06-30,21050830,부산진구,전포1동,dong,type,ho_gb_002,단독주택,870.0,870,False
2024,2025-06-30,21100660,사하구,감천2동,dong,type,ho_gb_002,단독주택,1636.0,1636,False
2024,2025-06-30,21030510,동구,초량1동,dong,type,ho_gb_004,연립주택,34.0,34,False
2024,2025-06-30,21080540,북구,금곡동,dong,type,ho_gb_005,영업용 건물 내 주택,31.0,31,False
2024,2025-06-30,21150510,사상구,삼락동,dong,type,ho_gb_002,단독주택,704.0,704,False
2024,2025-06-30,21100520,사하구,괴정2동,dong,type,ho_gb_006,주택이외 거처,125.0,125,False
2024,2025-06-30,21070670,남구,문현2동,dong,type,ho_gb_003,아파트,1204.0,1204,False
2024,2025-06-30,21110580,금정구,부곡2동,dong,type,ho_gb_005,영업용 건물 내 주택,40.0,40,False
2024,2025-06-30,21140530,수영구,수영동,dong,type,ho_gb_003,아파트,2692.0,2692,False
2024,2025-06-30,21060650,동래구,명륜동,dong,type,ho_gb_003,아파트,7735.0,7735,False
2024,2025-06-30,21150610,사상구,주례2동,dong,type,ho_gb_003,아파트,5192.0,5192,False
2024,2025-06-30,21040680,영도구,신선동,dong,type,ho_gb_002,단독주택,2155.0,2155,False
2024,2025-06-30,21110640,금정구,선두구동,dong,type,ho_gb_006,주택이외 거처,59.0,59,False
2024,2025-06-30,21030600,동구,수정5동,dong,type,ho_gb_003,아파트,230.0,230,False
2024,2025-06-30,21080610,북구,만덕3동,dong,type,ho_gb_002,단독주택,193.0,193,False
2024,2025-06-30,21010600,중구,영주2동,dong,type,ho_gb_003,아파트,1466.0,1466,False
2024,2025-06-30,21130570,연제구,연산3동,dong,type,ho_gb_004,연립주택,56.0,56,False
2024,2025-06-30,21110690,금정구,구서1동,dong,type,ho_gb_006,주택이외 거처,342.0,342,False
2024,2025-06-30,21060570,동래구,온천3동,dong,type,ho_gb_003,아파트,8232.0,8232,False
2024,2025-06-30,21020530,서구,동대신3동,dong,type,ho_gb_006,주택이외 거처,217.0,217,False
2024,2025-06-30,21060560,동래구,온천2동,dong,type,ho_gb_004,연립주택,121.0,121,False
2024,2025-06-30,21100610,사하구,장림2동,dong,type,ho_gb_002,단독주택,792.0,792,False
2024,2025-06-30,21030570,동구,수정2동,dong,type,ho_gb_001,다세대,494.0,494,False
2024,2025-06-30,21070630,남구,감만2동,dong,type,ho_gb_002,단독주택,734.0,734,False
2024,2025-06-30,21050570,부산진구,양정2동,dong,type,ho_gb_001,다세대,2113.0,2113,False
2024,2025-06-30,21060550,동래구,온천1동,dong,type,ho_gb_002,단독주택,369.0,369,False
2024,2025-06-30,21050740,부산진구,개금1동,dong,type,ho_gb_001,다세대,1992.0,1992,False
2024,2025-06-30,21120510,강서구,대저1동,dong,type,ho_gb_002,단독주택,1240.0,1240,False
2024,2025-06-30,21110600,금정구,부곡4동,dong,type,ho_gb_003,아파트,3256.0,3256,False
2024,2025-06-30,21020560,서구,서대신3동,dong,type,ho_gb_004,연립주택,196.0,196,False
2024,2025-06-30,21110610,금정구,장전1동,dong,type,ho_gb_003,아파트,2206.0,2206,False
2024,2025-06-30,21060620,동래구,안락2동,dong,type,ho_gb_006,주택이외 거처,138.0,138,False
2024,2025-06-30,21020570,서구,서대신4동,dong,type,ho_gb_005,영업용 건물 내 주택,21.0,21,False
2024,2025-06-30,21090710,해운대구,반여4동,dong,type,ho_gb_003,아파트,5261.0,5261,False
2024,2025-06-30,21150610,사상구,주례2동,dong,type,ho_gb_004,연립주택,114.0,114,False
2024,2025-06-30,21150650,사상구,감전동,dong,type,ho_gb_004,연립주택,121.0,121,False
2024,2025-06-30,21110520,금정구,서2동,dong,type,ho_gb_003,아파트,1134.0,1134,False
2024,2025-06-30,21010510,중구,중앙동,dong,type,ho_gb_003,아파트,293.0,293,False
2024,2025-06-30,21130530,연제구,거제3동,dong,type,ho_gb_002,단독주택,563.0,563,False
2024,2025-06-30,21090620,해운대구,반송2동,dong,type,ho_gb_006,주택이외 거처,37.0,37,False
2024,2025-06-30,21050660,부산진구,부암3동,dong,type,ho_gb_001,다세대,272.0,272,False
2024,2025-06-30,21080600,북구,만덕2동,dong,type,ho_gb_001,다세대,293.0,293,False
2024,2025-06-30,21140560,수영구,광안1동,dong,type,ho_gb_003,아파트,3882.0,3882,False
2024,2025-06-30,21010520,중구,동광동,dong,type,ho_gb_004,연립주택,65.0,65,False
2024,2025-06-30,21130630,연제구,연산9동,dong,type,ho_gb_004,연립주택,194.0,194,False
2024,2025-06-30,21120562,강서구,신호동,dong,type,ho_gb_006,주택이외 거처,109.0,109,False
2024,2025-06-30,21020680,서구,암남동,dong,type,ho_gb_006,주택이외 거처,429.0,429,False
2024,2025-06-30,21030560,동구,수정1동,dong,type,ho_gb_006,주택이외 거처,101.0,101,False
2024,2025-06-30,21120580,강서구,가덕도동,dong,type,ho_gb_001,다세대,340.0,340,False
2024,2025-06-30,21040690,영도구,봉래2동,dong,type,ho_gb_002,단독주택,904.0,904,False
2024,2025-06-30,21040660,영도구,동삼2동,dong,type,ho_gb_001,다세대,392.0,392,False
2024,2025-06-30,21090740,해운대구,우2동,dong,type,ho_gb_004,연립주택,26.0,26,False
2024,2025-06-30,21090640,해운대구,재송1동,dong,type,ho_gb_003,아파트,9886.0,9886,False
2024,2025-06-30,21020650,서구,남부민1동,dong,type,ho_gb_003,아파트,643.0,643,False
2024,2025-06-30,21120530,강서구,강동동,dong,type,ho_gb_002,단독주택,1043.0,1043,False
2024,2025-06-30,21130530,연제구,거제3동,dong,type,ho_gb_001,다세대,418.0,418,False
2024,2025-06-30,21110730,금정구,금사회동동,dong,type,ho_gb_003,아파트,555.0,555,False
2024,2025-06-30,21070580,남구,용호2동,dong,type,ho_gb_006,주택이외 거처,98.0,98,False
2024,2025-06-30,21100550,사하구,당리동,dong,type,ho_gb_004,연립주택,602.0,602,False
2024,2025-06-30,21120550,강서구,가락동,dong,type,ho_gb_001,다세대,,N/A,True
2024,2025-06-30,21070580,남구,용호2동,dong,type,ho_gb_005,영업용 건물 내 주택,25.0,25,False
2024,2025-06-30,21090620,해운대구,반송2동,dong,type,ho_gb_005,영업용 건물 내 주택,79.0,79,False
2024,2025-06-30,21510130,기장군,정관읍,dong,type,ho_gb_006,주택이외 거처,1163.0,1163,False
2024,2025-06-30,21100570,사하구,하단2동,dong,type,ho_gb_006,주택이외 거처,1795.0,1795,False
2024,2025-06-30,21510111,기장군,일광읍,dong,type,ho_gb_006,주택이외 거처,567.0,567,False
2024,2025-06-30,21020680,서구,암남동,dong,type,ho_gb_004,연립주택,125.0,125,False
2024,2025-06-30,21100580,사하구,신평1동,dong,type,ho_gb_005,영업용 건물 내 주택,31.0,31,False
2024,2025-06-30,21090540,해운대구,중2동,dong,type,ho_gb_006,주택이외 거처,269.0,269,False
2024,2025-06-30,21070670,남구,문현2동,dong,type,ho_gb_001,다세대,130.0,130,False
2024,2025-06-30,21110720,금정구,서3동,dong,type,ho_gb_001,다세대,914.0,914,False
2024,2025-06-30,21100660,사하구,감천2동,dong,type,ho_gb_006,주택이외 거처,24.0,24,False
2024,2025-06-30,21090620,해운대구,반송2동,dong,type,ho_gb_001,다세대,776.0,776,False
2024,2025-06-30,21100600,사하구,장림1동,dong,type,ho_gb_002,단독주택,839.0,839,False
2024,2025-06-30,21080560,북구,덕천1동,dong,type,ho_gb_005,영업용 건물 내 주택,42.0,42,False
2024,2025-06-30,21040630,영도구,청학1동,dong,type,ho_gb_006,주택이외 거처,31.0,31,False
2024,2025-06-30,21040650,영도구,동삼1동,dong,type,ho_gb_004,연립주택,199.0,199,False
2024,2025-06-30,21020560,서구,서대신3동,dong,type,ho_gb_006,주택이외 거처,141.0,141,False
2024,2025-06-30,21090560,해운대구,송정동,dong,type,ho_gb_004,연립주택,41.0,41,False
2024,2025-06-30,21080590,북구,만덕1동,dong,type,ho_gb_004,연립주택,81.0,81,False
2024,2025-06-30,21110740,금정구,장전2동,dong,type,ho_gb_001,다세대,766.0,766,False
2024,2025-06-30,21010530,중구,대청동,dong,type,ho_gb_002,단독주택,408.0,408,False
2024,2025-06-30,21110670,금정구,청룡노포동,dong,type,ho_gb_002,단독주택,448.0,448,False
2024,2025-06-30,21020650,서구,남부민1동,dong,type,ho_gb_006,주택이외 거처,124.0,124,False
2024,2025-06-30,21030700,동구,좌천동,dong,type,ho_gb_006,주택이외 거처,323.0,323,False
2024,2025-06-30,21030550,동구,초량6동,dong,type,ho_gb_002,단독주택,1216.0,1216,False
2024,2025-06-30,21140550,수영구,망미2동,dong,type,ho_gb_003,아파트,1979.0,1979,False
2024,2025-06-30,21070670,남구,문현2동,dong,type,ho_gb_005,영업용 건물 내 주택,33.0,33,False
2024,2025-06-30,21070600,남구,용호4동,dong,type,ho_gb_001,다세대,377.0,377,False
2024,2025-06-30,21060630,동래구,명장1동,dong,type,ho_gb_003,아파트,2294.0,2294,False
2024,2025-06-30,21150630,사상구,학장동,dong,type,ho_gb_003,아파트,10141.0,10141,False
2024,2025-06-30,21020650,서구,남부민1동,dong,type,ho_gb_001,다세대,125.0,125,False
2024,2025-06-30,21100640,사하구,구평동,dong,type,ho_gb_006,주택이외 거처,60.0,60,False
2024,2025-06-30,21100610,사하구,장림2동,dong,type,ho_gb_004,연립주택,104.0,104,False
2024,2025-06-30,21120562,강서구,신호동,dong,type,ho_gb_005,영업용 건물 내 주택,7.0,7,False
2024,2025-06-30,21020610,서구,아미동,dong,type,ho_gb_006,주택이외 거처,143.0,143,False
2024,2025-06-30,21090740,해운대구,우2동,dong,type,ho_gb_006,주택이외 거처,1588.0,1588,False
2024,2025-06-30,21080550,북구,화명1동,dong,type,ho_gb_005,영업용 건물 내 주택,10.0,10,False
2024,2025-06-30,21070590,남구,용호3동,dong,type,ho_gb_005,영업용 건물 내 주택,40.0,40,False
2024,2025-06-30,21040540,영도구,영선1동,dong,type,ho_gb_005,영업용 건물 내 주택,33.0,33,False
2024,2025-06-30,21070690,남구,문현4동,dong,type,ho_gb_001,다세대,208.0,208,False
2024,2025-06-30,21070620,남구,감만1동,dong,type,ho_gb_005,영업용 건물 내 주택,17.0,17,False
2024,2025-06-30,21130630,연제구,연산9동,dong,type,ho_gb_002,단독주택,1168.0,1168,False
2024,2025-06-30,21060650,동래구,명륜동,dong,type,ho_gb_002,단독주택,519.0,519,False
2024,2025-06-30,21070570,남구,용호1동,dong,type,ho_gb_002,단독주택,1002.0,1002,False
2024,2025-06-30,21020610,서구,아미동,dong,type,ho_gb_002,단독주택,1701.0,1701,False
2024,2025-06-30,21090540,해운대구,중2동,dong,type,ho_gb_002,단독주택,151.0,151,False
2024,2025-06-30,21030570,동구,수정2동,dong,type,ho_gb_005,영업용 건물 내 주택,60.0,60,False
2024,2025-06-30,21030550,동구,초량6동,dong,type,ho_gb_005,영업용 건물 내 주택,7.0,7,False
2024,2025-06-30,21100530,사하구,괴정3동,dong,type,ho_gb_001,다세대,956.0,956,False
2024,2025-06-30,21080580,북구,덕천3동,dong,type,ho_gb_006,주택이외 거처,54.0,54,False
2024,2025-06-30,21060580,동래구,사직1동,dong,type,ho_gb_004,연립주택,40.0,40,False
2024,2025-06-30,21080630,북구,화명3동,dong,type,ho_gb_005,영업용 건물 내 주택,20.0,20,False
2024,2025-06-30,21130620,연제구,연산8동,dong,type,ho_gb_006,주택이외 거처,196.0,196,False
2024,2025-06-30,21090670,해운대구,좌2동,dong,type,ho_gb_003,아파트,10505.0,10505,False
2024,2025-06-30,21060510,동래구,수민동,dong,type,ho_gb_005,영업용 건물 내 주택,96.0,96,False
2024,2025-06-30,21050720,부산진구,가야2동,dong,type,ho_gb_002,단독주택,954.0,954,False
2024,2025-06-30,21030550,동구,초량6동,dong,type,ho_gb_004,연립주택,151.0,151,False
2024,2025-06-30,21050540,부산진구,연지동,dong,type,ho_gb_001,다세대,404.0,404,False
2024,2025-06-30,21130620,연제구,연산8동,dong,type,ho_gb_002,단독주택,838.0,838,False
2024,2025-06-30,21130540,연제구,거제4동,dong,type,ho_gb_002,단독주택,218.0,218,False
2024,2025-06-30,21150620,사상구,주례3동,dong,type,ho_gb_003,아파트,3641.0,3641,False
2024,2025-06-30,21130520,연제구,거제2동,dong,type,ho_gb_005,영업용 건물 내 주택,24.0,24,False
2024,2025-06-30,21140570,수영구,광안2동,dong,type,ho_gb_005,영업용 건물 내 주택,65.0,65,False
2024,2025-06-30,21060590,동래구,사직2동,dong,type,ho_gb_006,주택이외 거처,64.0,64,False
2024,2025-06-30,21080600,북구,만덕2동,dong,type,ho_gb_006,주택이외 거처,45.0,45,False
2024,2025-06-30,21070630,남구,감만2동,dong,type,ho_gb_006,주택이외 거처,17.0,17,False
2024,2025-06-30,21090580,해운대구,반여2동,dong,type,ho_gb_003,아파트,1310.0,1310,False
2024,2025-06-30,21100580,사하구,신평1동,dong,type,ho_gb_003,아파트,2950.0,2950,False
2024,2025-06-30,21100520,사하구,괴정2동,dong,type,ho_gb_003,아파트,3478.0,3478,False
2024,2025-06-30,21050840,부산진구,범천2동,dong,type,ho_gb_006,주택이외 거처,630.0,630,False
2024,2025-06-30,21100540,사하구,괴정4동,dong,type,ho_gb_002,단독주택,810.0,810,False
2024,2025-06-30,21070580,남구,용호2동,dong,type,ho_gb_003,아파트,6278.0,6278,False
2024,2025-06-30,21140520,수영구,남천2동,dong,type,ho_gb_002,단독주택,16.0,16,False
2024,2025-06-30,21020690,서구,남부민2동,dong,type,ho_gb_006,주택이외 거처,67.0,67,False
2024,2025-06-30,21070560,남구,대연6동,dong,type,ho_gb_005,영업용 건물 내 주택,20.0,20,False
2024,2025-06-30,21070680,남구,문현3동,dong,type,ho_gb_002,단독주택,785.0,785,False
2024,2025-06-30,21050820,부산진구,부전1동,dong,type,ho_gb_005,영업용 건물 내 주택,109.0,109,False
2024,2025-06-30,21050540,부산진구,연지동,dong,type,ho_gb_005,영업용 건물 내 주택,51.0,51,False
2024,2025-06-30,21060570,동래구,온천3동,dong,type,ho_gb_004,연립주택,309.0,309,False
2024,2025-06-30,21150630,사상구,학장동,dong,type,ho_gb_002,단독주택,330.0,330,False
2024,2025-06-30,21070590,남구,용호3동,dong,type,ho_gb_003,아파트,2200.0,2200,False
2024,2025-06-30,21080540,북구,금곡동,dong,type,ho_gb_006,주택이외 거처,77.0,77,False
2024,2025-06-30,21010560,중구,부평동,dong,type,ho_gb_002,단독주택,557.0,557,False
2024,2025-06-30,21020510,서구,동대신1동,dong,type,ho_gb_004,연립주택,26.0,26,False
2024,2025-06-30,21090680,해운대구,좌3동,dong,type,ho_gb_004,연립주택,248.0,248,False
2024,2025-06-30,21070550,남구,대연5동,dong,type,ho_gb_004,연립주택,258.0,258,False
2024,2025-06-30,21110700,금정구,구서2동,dong,type,ho_gb_004,연립주택,276.0,276,False
2024,2025-06-30,21060650,동래구,명륜동,dong,type,ho_gb_001,다세대,396.0,396,False
2024,2025-06-30,21120520,강서구,대저2동,dong,type,ho_gb_005,영업용 건물 내 주택,88.0,88,False
2024,2025-06-30,21050840,부산진구,범천2동,dong,type,ho_gb_002,단독주택,2023.0,2023,False
2024,2025-06-30,21040640,영도구,청학2동,dong,type,ho_gb_004,연립주택,297.0,297,False
2024,2025-06-30,21060520,동래구,복산동,dong,type,ho_gb_004,연립주택,10.0,10,False
2024,2025-06-30,21100560,사하구,하단1동,dong,type,ho_gb_003,아파트,5420.0,5420,False
2024,2025-06-30,21010530,중구,대청동,dong,type,ho_gb_004,연립주택,153.0,153,False
2024,2025-06-30,21510111,기장군,일광읍,dong,type,ho_gb_001,다세대,113.0,113,False
2024,2025-06-30,21100620,사하구,다대1동,dong,type,ho_gb_006,주택이외 거처,167.0,167,False
2024,2025-06-30,21060520,동래구,복산동,dong,type,ho_gb_001,다세대,401.0,401,False
2024,2025-06-30,21060520,동래구,복산동,dong,type,ho_gb_006,주택이외 거처,40.0,40,False
2024,2025-06-30,21010590,중구,영주1동,dong,type,ho_gb_004,연립주택,42.0,42,False
2024,2025-06-30,21030680,동구,범일5동,dong,type,ho_gb_003,아파트,3097.0,3097,False
2024,2025-06-30,21080610,북구,만덕3동,dong,type,ho_gb_001,다세대,190.0,190,False
2024,2025-06-30,21130580,연제구,연산4동,dong,type,ho_gb_001,다세대,1070.0,1070,False
2024,2025-06-30,21070670,남구,문현2동,dong,type,ho_gb_002,단독주택,1220.0,1220,False
2024,2025-06-30,21510111,기장군,일광읍,dong,type,ho_gb_002,단독주택,1607.0,1607,False
2024,2025-06-30,21110740,금정구,장전2동,dong,type,ho_gb_005,영업용 건물 내 주택,120.0,120,False
2024,2025-06-30,21070600,남구,용호4동,dong,type,ho_gb_003,아파트,2472.0,2472,False
2024,2025-06-30,21100560,사하구,하단1동,dong,type,ho_gb_004,연립주택,192.0,192,False
2024,2025-06-30,21140510,수영구,남천1동,dong,type,ho_gb_005,영업용 건물 내 주택,62.0,62,False
2024,2025-06-30,21080540,북구,금곡동,dong,type,ho_gb_004,연립주택,34.0,34,False
2024,2025-06-30,21150550,사상구,덕포1동,dong,type,ho_gb_005,영업용 건물 내 주택,61.0,61,False
2024,2025-06-30,21150600,사상구,주례1동,dong,type,ho_gb_003,아파트,4938.0,4938,False
2024,2025-06-30,21120600,강서구,명지2동,dong,type,ho_gb_002,단독주택,187.0,187,False
2024,2025-06-30,21110640,금정구,선두구동,dong,type,ho_gb_005,영업용 건물 내 주택,52.0,52,False
2024,2025-06-30,21100600,사하구,장림1동,dong,type,ho_gb_004,연립주택,66.0,66,False
2024,2025-06-30,21510120,기장군,장안읍,dong,type,ho_gb_003,아파트,514.0,514,False
2024,2025-06-30,21100610,사하구,장림2동,dong,type,ho_gb_005,영업용 건물 내 주택,40.0,40,False
2024,2025-06-30,21020540,서구,서대신1동,dong,type,ho_gb_006,주택이외 거처,524.0,524,False
2024,2025-06-30,21030520,동구,초량2동,dong,type,ho_gb_003,아파트,483.0,483,False
2024,2025-06-30,21080540,북구,금곡동,dong,type,ho_gb_002,단독주택,180.0,180,False
2024,2025-06-30,21090710,해운대구,반여4동,dong,type,ho_gb_004,연립주택,68.0,68,False
2024,2025-06-30,21030530,동구,초량3동,dong,type,ho_gb_003,아파트,3715.0,3715,False
2024,2025-06-30,21030590,동구,수정4동,dong,type,ho_gb_004,연립주택,36.0,36,False
2024,2025-06-30,21080580,북구,덕천3동,dong,type,ho_gb_004,연립주택,405.0,405,False
2024,2025-06-30,21140580,수영구,광안3동,dong,type,ho_gb_004,연립주택,241.0,241,False
2024,2025-06-30,21130540,연제구,거제4동,dong,type,ho_gb_006,주택이외 거처,38.0,38,False
2024,2025-06-30,21100660,사하구,감천2동,dong,type,ho_gb_001,다세대,86.0,86,False
2024,2025-06-30,21060510,동래구,수민동,dong,type,ho_gb_004,연립주택,323.0,323,False
2024,2025-06-30,21130570,연제구,연산3동,dong,type,ho_gb_005,영업용 건물 내 주택,25.0,25,False
2024,2025-06-30,21080620,북구,화명2동,dong,type,ho_gb_005,영업용 건물 내 주택,22.0,22,False
2024,2025-06-30,21100660,사하구,감천2동,dong,type,ho_gb_005,영업용 건물 내 주택,30.0,30,False
2024,2025-06-30,21100580,사하구,신평1동,dong,type,ho_gb_001,다세대,484.0,484,False
2024,2025-06-30,21100560,사하구,하단1동,dong,type,ho_gb_006,주택이외 거처,1579.0,1579,False
2024,2025-06-30,21050520,부산진구,부전2동,dong,type,ho_gb_003,아파트,3512.0,3512,False
2024,2025-06-30,21100540,사하구,괴정4동,dong,type,ho_gb_001,다세대,771.0,771,False
2024,2025-06-30,21130550,연제구,연산1동,dong,type,ho_gb_004,연립주택,68.0,68,False
2024,2025-06-30,21020690,서구,남부민2동,dong,type,ho_gb_004,연립주택,43.0,43,False
2024,2025-06-30,21060590,동래구,사직2동,dong,type,ho_gb_003,아파트,7514.0,7514,False
2024,2025-06-30,21110710,금정구,금성동,dong,type,ho_gb_005,영업용 건물 내 주택,28.0,28,False
2024,2025-06-30,21030510,동구,초량1동,dong,type,ho_gb_005,영업용 건물 내 주택,28.0,28,False
2024,2025-06-30,21110740,금정구,장전2동,dong,type,ho_gb_004,연립주택,192.0,192,False
2024,2025-06-30,21120510,강서구,대저1동,dong,type,ho_gb_005,영업용 건물 내 주택,86.0,86,False
2024,2025-06-30,21080620,북구,화명2동,dong,type,ho_gb_003,아파트,6128.0,6128,False
2024,2025-06-30,21120520,강서구,대저2동,dong,type,ho_gb_003,아파트,477.0,477,False
2024,2025-06-30,21090700,해운대구,반여1동,dong,type,ho_gb_001,다세대,196.0,196,False
2024,2025-06-30,21110710,금정구,금성동,dong,type,ho_gb_001,다세대,75.0,75,False
2024,2025-06-30,21070690,남구,문현4동,dong,type,ho_gb_002,단독주택,490.0,490,False
2024,2025-06-30,21020630,서구,초장동,dong,type,ho_gb_005,영업용 건물 내 주택,12.0,12,False
2024,2025-06-30,21130560,연제구,연산2동,dong,type,ho_gb_003,아파트,6884.0,6884,False
2024,2025-06-30,21050560,부산진구,양정1동,dong,type,ho_gb_006,주택이외 거처,996.0,996,False
2024,2025-06-30,21010560,중구,부평동,dong,type,ho_gb_004,연립주택,19.0,19,False
2024,2025-06-30,21120510,강서구,대저1동,dong,type,ho_gb_001,다세대,131.0,131,False
2024,2025-06-30,21100510,사하구,괴정1동,dong,type,ho_gb_005,영업용 건물 내 주택,73.0,73,False
2024,2025-06-30,21060570,동래구,온천3동,dong,type,ho_gb_001,다세대,2776.0,2776,False
2024,2025-06-30,21110730,금정구,금사회동동,dong,type,ho_gb_006,주택이외 거처,219.0,219,False
2024,2025-06-30,21120561,강서구,녹산동,dong,type,ho_gb_002,단독주택,1203.0,1203,False
2024,2025-06-30,21050520,부산진구,부전2동,dong,type,ho_gb_006,주택이외 거처,2593.0,2593,False
2024,2025-06-30,21030560,동구,수정1동,dong,type,ho_gb_001,다세대,334.0,334,False
2024,2025-06-30,21130590,연제구,연산5동,dong,type,ho_gb_002,단독주택,514.0,514,False
2024,2025-06-30,21070600,남구,용호4동,dong,type,ho_gb_005,영업용 건물 내 주택,20.0,20,False
2024,2025-06-30,21020570,서구,서대신4동,dong,type,ho_gb_001,다세대,233.0,233,False
2024,2025-06-30,21100510,사하구,괴정1동,dong,type,ho_gb_006,주택이외 거처,418.0,418,False
2024,2025-06-30,21050810,부산진구,가야1동,dong,type,ho_gb_001,다세대,3071.0,3071,False
2024,2025-06-30,21070570,남구,용호1동,dong,type,ho_gb_003,아파트,12007.0,12007,False
2024,2025-06-30,21070540,남구,대연4동,dong,type,ho_gb_002,단독주택,1005.0,1005,False
2024,2025-06-30,21050830,부산진구,전포1동,dong,type,ho_gb_006,주택이외 거처,2292.0,2292,False
2024,2025-06-30,21010590,중구,영주1동,dong,type,ho_gb_002,단독주택,462.0,462,False
2024,2025-06-30,21150600,사상구,주례1동,dong,type,ho_gb_001,다세대,115.0,115,False
2024,2025-06-30,21130550,연제구,연산1동,dong,type,ho_gb_006,주택이외 거처,270.0,270,False
2024,2025-06-30,21510130,기장군,정관읍,dong,type,ho_gb_003,아파트,25526.0,25526,False
2024,2025-06-30,21050740,부산진구,개금1동,dong,type,ho_gb_002,단독주택,1003.0,1003,False
2024,2025-06-30,21130570,연제구,연산3동,dong,type,ho_gb_002,단독주택,877.0,877,False
2024,2025-06-30,21100510,사하구,괴정1동,dong,type,ho_gb_002,단독주택,1126.0,1126,False
2024,2025-06-30,21050840,부산진구,범천2동,dong,type,ho_gb_001,다세대,149.0,149,False
2024,2025-06-30,21080620,북구,화명2동,dong,type,ho_gb_002,단독주택,248.0,248,False
2024,2025-06-30,21070670,남구,문현2동,dong,type,ho_gb_006,주택이외 거처,1326.0,1326,False
2024,2025-06-30,21020510,서구,동대신1동,dong,type,ho_gb_005,영업용 건물 내 주택,21.0,21,False
2024,2025-06-30,21050610,부산진구,전포2동,dong,type,ho_gb_006,주택이외 거처,1543.0,1543,False
2024,2025-06-30,21040540,영도구,영선1동,dong,type,ho_gb_003,아파트,591.0,591,False
2024,2025-06-30,21050800,부산진구,당감1동,dong,type,ho_gb_003,아파트,6963.0,6963,False
2024,2025-06-30,21,부산광역시,부산광역시,city,constructionYear,ho_yr_014,2018년,32223.0,32223,False
2024,2025-06-30,21,부산광역시,부산광역시,city,constructionYear,ho_yr_004,2000년~2004년,148334.0,148334,False
2024,2025-06-30,21,부산광역시,부산광역시,city,constructionYear,ho_yr_016,2020년,27967.0,27967,False
2024,2025-06-30,21,부산광역시,부산광역시,city,constructionYear,ho_yr_012,2016년,23467.0,23467,False
2024,2025-06-30,21,부산광역시,부산광역시,city,constructionYear,ho_yr_001,1979년 이전,85645.0,85645,False
2024,2025-06-30,21,부산광역시,부산광역시,city,constructionYear,ho_yr_009,2013년,34667.0,34667,False
2024,2025-06-30,21,부산광역시,부산광역시,city,constructionYear,ho_yr_017,2021년,19384.0,19384,False
2024,2025-06-30,21,부산광역시,부산광역시,city,constructionYear,ho_yr_010,2014년,31761.0,31761,False
2024,2025-06-30,21,부산광역시,부산광역시,city,constructionYear,ho_yr_018,2022년,28520.0,28520,False
2024,2025-06-30,21,부산광역시,부산광역시,city,constructionYear,ho_yr_020,2024년,16099.0,16099,False
2024,2025-06-30,21,부산광역시,부산광역시,city,constructionYear,ho_yr_007,2011년,21583.0,21583,False
2024,2025-06-30,21,부산광역시,부산광역시,city,constructionYear,ho_yr_015,2019년,30797.0,30797,False
2024,2025-06-30,21,부산광역시,부산광역시,city,constructionYear,ho_yr_008,2012년,29432.0,29432,False
2024,2025-06-30,21,부산광역시,부산광역시,city,constructionYear,ho_yr_019,2023년,25267.0,25267,False
2024,2025-06-30,21,부산광역시,부산광역시,city,constructionYear,ho_yr_011,2015년,30239.0,30239,False
2024,2025-06-30,21,부산광역시,부산광역시,city,constructionYear,ho_yr_002,1980년~1989년,149074.0,149074,False
2024,2025-06-30,21,부산광역시,부산광역시,city,constructionYear,ho_yr_006,2010년,17163.0,17163,False
2024,2025-06-30,21,부산광역시,부산광역시,city,constructionYear,ho_yr_013,2017년,27254.0,27254,False
2024,2025-06-30,21,부산광역시,부산광역시,city,constructionYear,ho_yr_003,1990년~1999년,344689.0,344689,False
2024,2025-06-30,21,부산광역시,부산광역시,city,constructionYear,ho_yr_005,2005년~2009년,104132.0,104132,False
2024,2025-06-30,21510,기장군,기장군,district,constructionYear,ho_yr_007,2011년,3027.0,3027,False
2024,2025-06-30,21090,해운대구,해운대구,district,constructionYear,ho_yr_019,2023년,690.0,690,False
2024,2025-06-30,21120,강서구,강서구,district,constructionYear,ho_yr_010,2014년,5532.0,5532,False
2024,2025-06-30,21110,금정구,금정구,district,constructionYear,ho_yr_012,2016년,1436.0,1436,False
2024,2025-06-30,21120,강서구,강서구,district,constructionYear,ho_yr_020,2024년,1103.0,1103,False
2024,2025-06-30,21070,남구,남구,district,constructionYear,ho_yr_007,2011년,1390.0,1390,False
2024,2025-06-30,21080,북구,북구,district,constructionYear,ho_yr_013,2017년,487.0,487,False
2024,2025-06-30,21100,사하구,사하구,district,constructionYear,ho_yr_019,2023년,127.0,127,False
2024,2025-06-30,21020,서구,서구,district,constructionYear,ho_yr_015,2019년,365.0,365,False
2024,2025-06-30,21020,서구,서구,district,constructionYear,ho_yr_003,1990년~1999년,7137.0,7137,False
2024,2025-06-30,21130,연제구,연제구,district,constructionYear,ho_yr_010,2014년,858.0,858,False
2024,2025-06-30,21130,연제구,연제구,district,constructionYear,ho_yr_019,2023년,2447.0,2447,False
2024,2025-06-30,21070,남구,남구,district,constructionYear,ho_yr_020,2024년,1584.0,1584,False
2024,2025-06-30,21020,서구,서구,district,constructionYear,ho_yr_001,1979년 이전,6829.0,6829,False
2024,2025-06-30,21060,동래구,동래구,district,constructionYear,ho_yr_001,1979년 이전,6692.0,6692,False
2024,2025-06-30,21150,사상구,사상구,district,constructionYear,ho_yr_006,2010년,1957.0,1957,False
2024,2025-06-30,21140,수영구,수영구,district,constructionYear,ho_yr_006,2010년,745.0,745,False
2024,2025-06-30,21140,수영구,수영구,district,constructionYear,ho_yr_014,2018년,1132.0,1132,False
2024,2025-06-30,21060,동래구,동래구,district,constructionYear,ho_yr_010,2014년,964.0,964,False
2024,2025-06-30,21510,기장군,기장군,district,constructionYear,ho_yr_005,2005년~2009년,7464.0,7464,False
2024,2025-06-30,21130,연제구,연제구,district,constructionYear,ho_yr_011,2015년,3177.0,3177,False
2024,2025-06-30,21030,동구,동구,district,constructionYear,ho_yr_001,1979년 이전,6407.0,6407,False
2024,2025-06-30,21040,영도구,영도구,district,constructionYear,ho_yr_004,2000년~2004년,4051.0,4051,False
2024,2025-06-30,21020,서구,서구,district,constructionYear,ho_yr_013,2017년,682.0,682,False
2024,2025-06-30,21100,사하구,사하구,district,constructionYear,ho_yr_006,2010년,111.0,111,False
2024,2025-06-30,21140,수영구,수영구,district,constructionYear,ho_yr_004,2000년~2004년,8589.0,8589,False
2024,2025-06-30,21110,금정구,금정구,district,constructionYear,ho_yr_002,1980년~1989년,11844.0,11844,False
2024,2025-06-30,21090,해운대구,해운대구,district,constructionYear,ho_yr_003,1990년~1999년,66791.0,66791,False
2024,2025-06-30,21100,사하구,사하구,district,constructionYear,ho_yr_004,2000년~2004년,11436.0,11436,False
2024,2025-06-30,21040,영도구,영도구,district,constructionYear,ho_yr_009,2013년,356.0,356,False
2024,2025-06-30,21050,부산진구,부산진구,district,constructionYear,ho_yr_001,1979년 이전,11618.0,11618,False
2024,2025-06-30,21010,중구,중구,district,constructionYear,ho_yr_018,2022년,74.0,74,False
2024,2025-06-30,21120,강서구,강서구,district,constructionYear,ho_yr_012,2016년,4833.0,4833,False
2024,2025-06-30,21080,북구,북구,district,constructionYear,ho_yr_018,2022년,1783.0,1783,False
2024,2025-06-30,21030,동구,동구,district,constructionYear,ho_yr_006,2010년,360.0,360,False
2024,2025-06-30,21130,연제구,연제구,district,constructionYear,ho_yr_015,2019년,2660.0,2660,False
2024,2025-06-30,21140,수영구,수영구,district,constructionYear,ho_yr_007,2011년,1245.0,1245,False
2024,2025-06-30,21130,연제구,연제구,district,constructionYear,ho_yr_001,1979년 이전,5185.0,5185,False
2024,2025-06-30,21060,동래구,동래구,district,constructionYear,ho_yr_018,2022년,4806.0,4806,False
2024,2025-06-30,21100,사하구,사하구,district,constructionYear,ho_yr_017,2021년,2423.0,2423,False
2024,2025-06-30,21130,연제구,연제구,district,constructionYear,ho_yr_008,2012년,1190.0,1190,False
2024,2025-06-30,21030,동구,동구,district,constructionYear,ho_yr_013,2017년,264.0,264,False
2024,2025-06-30,21020,서구,서구,district,constructionYear,ho_yr_007,2011년,493.0,493,False
2024,2025-06-30,21130,연제구,연제구,district,constructionYear,ho_yr_018,2022년,410.0,410,False
2024,2025-06-30,21100,사하구,사하구,district,constructionYear,ho_yr_005,2005년~2009년,8731.0,8731,False
2024,2025-06-30,21080,북구,북구,district,constructionYear,ho_yr_003,1990년~1999년,43145.0,43145,False
2024,2025-06-30,21510,기장군,기장군,district,constructionYear,ho_yr_014,2018년,1930.0,1930,False
2024,2025-06-30,21140,수영구,수영구,district,constructionYear,ho_yr_005,2005년~2009년,5217.0,5217,False
2024,2025-06-30,21110,금정구,금정구,district,constructionYear,ho_yr_001,1979년 이전,5219.0,5219,False
2024,2025-06-30,21090,해운대구,해운대구,district,constructionYear,ho_yr_009,2013년,1928.0,1928,False
2024,2025-06-30,21150,사상구,사상구,district,constructionYear,ho_yr_012,2016년,917.0,917,False
2024,2025-06-30,21120,강서구,강서구,district,constructionYear,ho_yr_014,2018년,3841.0,3841,False
2024,2025-06-30,21110,금정구,금정구,district,constructionYear,ho_yr_011,2015년,1888.0,1888,False
2024,2025-06-30,21510,기장군,기장군,district,constructionYear,ho_yr_019,2023년,849.0,849,False
2024,2025-06-30,21120,강서구,강서구,district,constructionYear,ho_yr_009,2013년,3296.0,3296,False
2024,2025-06-30,21070,남구,남구,district,constructionYear,ho_yr_014,2018년,7204.0,7204,False
2024,2025-06-30,21140,수영구,수영구,district,constructionYear,ho_yr_018,2022년,1870.0,1870,False
2024,2025-06-30,21070,남구,남구,district,constructionYear,ho_yr_003,1990년~1999년,20104.0,20104,False
2024,2025-06-30,21010,중구,중구,district,constructionYear,ho_yr_006,2010년,45.0,45,False
2024,2025-06-30,21510,기장군,기장군,district,constructionYear,ho_yr_006,2010년,2430.0,2430,False
2024,2025-06-30,21040,영도구,영도구,district,constructionYear,ho_yr_018,2022년,1106.0,1106,False
2024,2025-06-30,21060,동래구,동래구,district,constructionYear,ho_yr_014,2018년,3111.0,3111,False
2024,2025-06-30,21110,금정구,금정구,district,constructionYear,ho_yr_003,1990년~1999년,22867.0,22867,False
2024,2025-06-30,21120,강서구,강서구,district,constructionYear,ho_yr_003,1990년~1999년,1513.0,1513,False
2024,2025-06-30,21030,동구,동구,district,constructionYear,ho_yr_016,2020년,936.0,936,False
2024,2025-06-30,21150,사상구,사상구,district,constructionYear,ho_yr_004,2000년~2004년,7041.0,7041,False
2024,2025-06-30,21510,기장군,기장군,district,constructionYear,ho_yr_002,1980년~1989년,1080.0,1080,False
2024,2025-06-30,21140,수영구,수영구,district,constructionYear,ho_yr_013,2017년,3484.0,3484,False
2024,2025-06-30,21030,동구,동구,district,constructionYear,ho_yr_017,2021년,1278.0,1278,False
2024,2025-06-30,21150,사상구,사상구,district,constructionYear,ho_yr_016,2020년,626.0,626,False
2024,2025-06-30,21510,기장군,기장군,district,constructionYear,ho_yr_015,2019년,286.0,286,False
2024,2025-06-30,21040,영도구,영도구,district,constructionYear,ho_yr_020,2024년,6.0,6,False
2024,2025-06-30,21130,연제구,연제구,district,constructionYear,ho_yr_020,2024년,4772.0,4772,False
2024,2025-06-30,21140,수영구,수영구,district,constructionYear,ho_yr_003,1990년~1999년,9142.0,9142,False
2024,2025-06-30,21140,수영구,수영구,district,constructionYear,ho_yr_010,2014년,3438.0,3438,False
2024,2025-06-30,21040,영도구,영도구,district,constructionYear,ho_yr_011,2015년,260.0,260,False
2024,2025-06-30,21040,영도구,영도구,district,constructionYear,ho_yr_003,1990년~1999년,16692.0,16692,False
2024,2025-06-30,21140,수영구,수영구,district,constructionYear,ho_yr_009,2013년,1117.0,1117,False
2024,2025-06-30,21110,금정구,금정구,district,constructionYear,ho_yr_007,2011년,767.0,767,False
2024,2025-06-30,21090,해운대구,해운대구,district,constructionYear,ho_yr_017,2021년,359.0,359,False
2024,2025-06-30,21080,북구,북구,district,constructionYear,ho_yr_002,1980년~1989년,8663.0,8663,False
2024,2025-06-30,21100,사하구,사하구,district,constructionYear,ho_yr_010,2014년,1926.0,1926,False
2024,2025-06-30,21070,남구,남구,district,constructionYear,ho_yr_017,2021년,220.0,220,False
2024,2025-06-30,21110,금정구,금정구,district,constructionYear,ho_yr_020,2024년,261.0,261,False
2024,2025-06-30,21130,연제구,연제구,district,constructionYear,ho_yr_012,2016년,1979.0,1979,False
2024,2025-06-30,21060,동래구,동래구,district,constructionYear,ho_yr_015,2019년,5493.0,5493,False
2024,2025-06-30,21130,연제구,연제구,district,constructionYear,ho_yr_004,2000년~2004년,10390.0,10390,False
2024,2025-06-30,21090,해운대구,해운대구,district,constructionYear,ho_yr_014,2018년,1618.0,1618,False
2024,2025-06-30,21150,사상구,사상구,district,constructionYear,ho_yr_005,2005년~2009년,2549.0,2549,False
2024,2025-06-30,21010,중구,중구,district,constructionYear,ho_yr_001,1979년 이전,3622.0,3622,False
2024,2025-06-30,21120,강서구,강서구,district,constructionYear,ho_yr_006,2010년,155.0,155,False
2024,2025-06-30,21150,사상구,사상구,district,constructionYear,ho_yr_015,2019년,1064.0,1064,False
2024,2025-06-30,21050,부산진구,부산진구,district,constructionYear,ho_yr_006,2010년,829.0,829,False
2024,2025-06-30,21080,북구,북구,district,constructionYear,ho_yr_011,2015년,5460.0,5460,False
2024,2025-06-30,21080,북구,북구,district,constructionYear,ho_yr_006,2010년,72.0,72,False
2024,2025-06-30,21060,동래구,동래구,district,constructionYear,ho_yr_005,2005년~2009년,11248.0,11248,False
2024,2025-06-30,21100,사하구,사하구,district,constructionYear,ho_yr_012,2016년,3236.0,3236,False
2024,2025-06-30,21020,서구,서구,district,constructionYear,ho_yr_006,2010년,339.0,339,False
2024,2025-06-30,21080,북구,북구,district,constructionYear,ho_yr_014,2018년,645.0,645,False
2024,2025-06-30,21510,기장군,기장군,district,constructionYear,ho_yr_017,2021년,343.0,343,False
2024,2025-06-30,21080,북구,북구,district,constructionYear,ho_yr_012,2016년,405.0,405,False
2024,2025-06-30,21010,중구,중구,district,constructionYear,ho_yr_014,2018년,66.0,66,False
2024,2025-06-30,21020,서구,서구,district,constructionYear,ho_yr_009,2013년,1477.0,1477,False
2024,2025-06-30,21060,동래구,동래구,district,constructionYear,ho_yr_008,2012년,1176.0,1176,False
2024,2025-06-30,21120,강서구,강서구,district,constructionYear,ho_yr_002,1980년~1989년,1045.0,1045,False
2024,2025-06-30,21060,동래구,동래구,district,constructionYear,ho_yr_013,2017년,1728.0,1728,False
2024,2025-06-30,21150,사상구,사상구,district,constructionYear,ho_yr_013,2017년,1203.0,1203,False
2024,2025-06-30,21070,남구,남구,district,constructionYear,ho_yr_012,2016년,1064.0,1064,False
2024,2025-06-30,21040,영도구,영도구,district,constructionYear,ho_yr_014,2018년,262.0,262,False
2024,2025-06-30,21010,중구,중구,district,constructionYear,ho_yr_002,1980년~1989년,1808.0,1808,False
2024,2025-06-30,21090,해운대구,해운대구,district,constructionYear,ho_yr_015,2019년,3828.0,3828,False
2024,2025-06-30,21010,중구,중구,district,constructionYear,ho_yr_011,2015년,89.0,89,False
2024,2025-06-30,21010,중구,중구,district,constructionYear,ho_yr_009,2013년,663.0,663,False
2024,2025-06-30,21010,중구,중구,district,constructionYear,ho_yr_005,2005년~2009년,421.0,421,False
2024,2025-06-30,21010,중구,중구,district,constructionYear,ho_yr_012,2016년,199.0,199,False
2024,2025-06-30,21080,북구,북구,district,constructionYear,ho_yr_005,2005년~2009년,4634.0,4634,False
2024,2025-06-30,21020,서구,서구,district,constructionYear,ho_yr_018,2022년,2082.0,2082,False
2024,2025-06-30,21140,수영구,수영구,district,constructionYear,ho_yr_011,2015년,1343.0,1343,False
2024,2025-06-30,21090,해운대구,해운대구,district,constructionYear,ho_yr_018,2022년,1014.0,1014,False
2024,2025-06-30,21110,금정구,금정구,district,constructionYear,ho_yr_018,2022년,590.0,590,False
2024,2025-06-30,21080,북구,북구,district,constructionYear,ho_yr_015,2019년,2237.0,2237,False
2024,2025-06-30,21060,동래구,동래구,district,constructionYear,ho_yr_011,2015년,3690.0,3690,False
2024,2025-06-30,21010,중구,중구,district,constructionYear,ho_yr_015,2019년,163.0,163,False
2024,2025-06-30,21050,부산진구,부산진구,district,constructionYear,ho_yr_018,2022년,5276.0,5276,False
2024,2025-06-30,21070,남구,남구,district,constructionYear,ho_yr_009,2013년,4142.0,4142,False
2024,2025-06-30,21080,북구,북구,district,constructionYear,ho_yr_016,2020년,38.0,38,False
2024,2025-06-30,21100,사하구,사하구,district,constructionYear,ho_yr_007,2011년,1084.0,1084,False
2024,2025-06-30,21050,부산진구,부산진구,district,constructionYear,ho_yr_007,2011년,3996.0,3996,False
2024,2025-06-30,21100,사하구,사하구,district,constructionYear,ho_yr_002,1980년~1989년,19219.0,19219,False
2024,2025-06-30,21150,사상구,사상구,district,constructionYear,ho_yr_018,2022년,1969.0,1969,False
2024,2025-06-30,21150,사상구,사상구,district,constructionYear,ho_yr_019,2023년,1761.0,1761,False
2024,2025-06-30,21110,금정구,금정구,district,constructionYear,ho_yr_006,2010년,3087.0,3087,False
2024,2025-06-30,21040,영도구,영도구,district,constructionYear,ho_yr_008,2012년,286.0,286,False
2024,2025-06-30,21070,남구,남구,district,constructionYear,ho_yr_006,2010년,1141.0,1141,False
2024,2025-06-30,21060,동래구,동래구,district,constructionYear,ho_yr_004,2000년~2004년,8552.0,8552,False
2024,2025-06-30,21100,사하구,사하구,district,constructionYear,ho_yr_009,2013년,1923.0,1923,False
2024,2025-06-30,21030,동구,동구,district,constructionYear,ho_yr_008,2012년,282.0,282,False
2024,2025-06-30,21020,서구,서구,district,constructionYear,ho_yr_019,2023년,994.0,994,False
2024,2025-06-30,21110,금정구,금정구,district,constructionYear,ho_yr_015,2019년,850.0,850,False
2024,2025-06-30,21040,영도구,영도구,district,constructionYear,ho_yr_007,2011년,116.0,116,False
2024,2025-06-30,21050,부산진구,부산진구,district,constructionYear,ho_yr_017,2021년,2984.0,2984,False
2024,2025-06-30,21070,남구,남구,district,constructionYear,ho_yr_008,2012년,1615.0,1615,False
2024,2025-06-30,21030,동구,동구,district,constructionYear,ho_yr_018,2022년,11.0,11,False
2024,2025-06-30,21050,부산진구,부산진구,district,constructionYear,ho_yr_014,2018년,2166.0,2166,False
2024,2025-06-30,21040,영도구,영도구,district,constructionYear,ho_yr_006,2010년,57.0,57,False
2024,2025-06-30,21010,중구,중구,district,constructionYear,ho_yr_016,2020년,171.0,171,False
2024,2025-06-30,21120,강서구,강서구,district,constructionYear,ho_yr_005,2005년~2009년,6011.0,6011,False
2024,2025-06-30,21090,해운대구,해운대구,district,constructionYear,ho_yr_012,2016년,124.0,124,False
2024,2025-06-30,21150,사상구,사상구,district,constructionYear,ho_yr_008,2012년,329.0,329,False
2024,2025-06-30,21120,강서구,강서구,district,constructionYear,ho_yr_019,2023년,90.0,90,False
2024,2025-06-30,21100,사하구,사하구,district,constructionYear,ho_yr_020,2024년,742.0,742,False
2024,2025-06-30,21080,북구,북구,district,constructionYear,ho_yr_001,1979년 이전,1383.0,1383,False
2024,2025-06-30,21080,북구,북구,district,constructionYear,ho_yr_019,2023년,837.0,837,False
2024,2025-06-30,21050,부산진구,부산진구,district,constructionYear,ho_yr_010,2014년,2649.0,2649,False
2024,2025-06-30,21040,영도구,영도구,district,constructionYear,ho_yr_016,2020년,186.0,186,False
2024,2025-06-30,21030,동구,동구,district,constructionYear,ho_yr_002,1980년~1989년,4802.0,4802,False
2024,2025-06-30,21150,사상구,사상구,district,constructionYear,ho_yr_002,1980년~1989년,12473.0,12473,False
2024,2025-06-30,21020,서구,서구,district,constructionYear,ho_yr_004,2000년~2004년,5173.0,5173,False
2024,2025-06-30,21030,동구,동구,district,constructionYear,ho_yr_011,2015년,220.0,220,False
2024,2025-06-30,21110,금정구,금정구,district,constructionYear,ho_yr_017,2021년,756.0,756,False
2024,2025-06-30,21100,사하구,사하구,district,constructionYear,ho_yr_018,2022년,2640.0,2640,False
2024,2025-06-30,21120,강서구,강서구,district,constructionYear,ho_yr_018,2022년,276.0,276,False
2024,2025-06-30,21510,기장군,기장군,district,constructionYear,ho_yr_018,2022년,2527.0,2527,False
2024,2025-06-30,21020,서구,서구,district,constructionYear,ho_yr_012,2016년,580.0,580,False
2024,2025-06-30,21130,연제구,연제구,district,constructionYear,ho_yr_002,1980년~1989년,11422.0,11422,False
2024,2025-06-30,21510,기장군,기장군,district,constructionYear,ho_yr_012,2016년,1819.0,1819,False
2024,2025-06-30,21040,영도구,영도구,district,constructionYear,ho_yr_015,2019년,308.0,308,False
2024,2025-06-30,21130,연제구,연제구,district,constructionYear,ho_yr_003,1990년~1999년,13667.0,13667,False
2024,2025-06-30,21060,동래구,동래구,district,constructionYear,ho_yr_019,2023년,1148.0,1148,False
2024,2025-06-30,21510,기장군,기장군,district,constructionYear,ho_yr_016,2020년,6345.0,6345,False
2024,2025-06-30,21010,중구,중구,district,constructionYear,ho_yr_017,2021년,203.0,203,False
2024,2025-06-30,21070,남구,남구,district,constructionYear,ho_yr_015,2019년,2521.0,2521,False
2024,2025-06-30,21090,해운대구,해운대구,district,constructionYear,ho_yr_020,2024년,1401.0,1401,False
2024,2025-06-30,21060,동래구,동래구,district,constructionYear,ho_yr_007,2011년,1945.0,1945,False
2024,2025-06-30,21030,동구,동구,district,constructionYear,ho_yr_012,2016년,347.0,347,False
2024,2025-06-30,21050,부산진구,부산진구,district,constructionYear,ho_yr_002,1980년~1989년,18007.0,18007,False
2024,2025-06-30,21030,동구,동구,district,constructionYear,ho_yr_010,2014년,719.0,719,False
2024,2025-06-30,21040,영도구,영도구,district,constructionYear,ho_yr_017,2021년,66.0,66,False
2024,2025-06-30,21100,사하구,사하구,district,constructionYear,ho_yr_015,2019년,902.0,902,False
2024,2025-06-30,21140,수영구,수영구,district,constructionYear,ho_yr_019,2023년,1613.0,1613,False
2024,2025-06-30,21080,북구,북구,district,constructionYear,ho_yr_008,2012년,5626.0,5626,False
2024,2025-06-30,21030,동구,동구,district,constructionYear,ho_yr_020,2024년,,N/A,True
2024,2025-06-30,21130,연제구,연제구,district,constructionYear,ho_yr_006,2010년,2423.0,2423,False
2024,2025-06-30,21100,사하구,사하구,district,constructionYear,ho_yr_016,2020년,471.0,471,False
2024,2025-06-30,21060,동래구,동래구,district,constructionYear,ho_yr_017,2021년,1486.0,1486,False
2024,2025-06-30,21150,사상구,사상구,district,constructionYear,ho_yr_017,2021년,810.0,810,False
2024,2025-06-30,21510,기장군,기장군,district,constructionYear,ho_yr_003,1990년~1999년,7894.0,7894,False
2024,2025-06-30,21090,해운대구,해운대구,district,constructionYear,ho_yr_007,2011년,4010.0,4010,False
2024,2025-06-30,21130,연제구,연제구,district,constructionYear,ho_yr_014,2018년,3195.0,3195,False
2024,2025-06-30,21030,동구,동구,district,constructionYear,ho_yr_015,2019년,1912.0,1912,False
2024,2025-06-30,21100,사하구,사하구,district,constructionYear,ho_yr_008,2012년,2401.0,2401,False
2024,2025-06-30,21130,연제구,연제구,district,constructionYear,ho_yr_007,2011년,1054.0,1054,False
2024,2025-06-30,21040,영도구,영도구,district,constructionYear,ho_yr_005,2005년~2009년,1617.0,1617,False
2024,2025-06-30,21080,북구,북구,district,constructionYear,ho_yr_004,2000년~2004년,21654.0,21654,False
2024,2025-06-30,21120,강서구,강서구,district,constructionYear,ho_yr_011,2015년,3982.0,3982,False
2024,2025-06-30,21110,금정구,금정구,district,constructionYear,ho_yr_019,2023년,207.0,207,False
2024,2025-06-30,21110,금정구,금정구,district,constructionYear,ho_yr_004,2000년~2004년,9200.0,9200,False
2024,2025-06-30,21090,해운대구,해운대구,district,constructionYear,ho_yr_008,2012년,1105.0,1105,False
2024,2025-06-30,21510,기장군,기장군,district,constructionYear,ho_yr_001,1979년 이전,2013.0,2013,False
2024,2025-06-30,21100,사하구,사하구,district,constructionYear,ho_yr_011,2015년,1223.0,1223,False
2024,2025-06-30,21020,서구,서구,district,constructionYear,ho_yr_014,2018년,2334.0,2334,False
2024,2025-06-30,21060,동래구,동래구,district,constructionYear,ho_yr_009,2013년,2918.0,2918,False
2024,2025-06-30,21130,연제구,연제구,district,constructionYear,ho_yr_005,2005년~2009년,5983.0,5983,False
2024,2025-06-30,21100,사하구,사하구,district,constructionYear,ho_yr_001,1979년 이전,6845.0,6845,False
2024,2025-06-30,21100,사하구,사하구,district,constructionYear,ho_yr_013,2017년,2605.0,2605,False
2024,2025-06-30,21150,사상구,사상구,district,constructionYear,ho_yr_011,2015년,228.0,228,False
2024,2025-06-30,21080,북구,북구,district,constructionYear,ho_yr_007,2011년,624.0,624,False
2024,2025-06-30,21110,금정구,금정구,district,constructionYear,ho_yr_010,2014년,2162.0,2162,False
2024,2025-06-30,21120,강서구,강서구,district,constructionYear,ho_yr_008,2012년,1555.0,1555,False
2024,2025-06-30,21070,남구,남구,district,constructionYear,ho_yr_001,1979년 이전,7483.0,7483,False
2024,2025-06-30,21060,동래구,동래구,district,constructionYear,ho_yr_016,2020년,2259.0,2259,False
2024,2025-06-30,21010,중구,중구,district,constructionYear,ho_yr_008,2012년,399.0,399,False
2024,2025-06-30,21120,강서구,강서구,district,constructionYear,ho_yr_013,2017년,2218.0,2218,False
2024,2025-06-30,21510,기장군,기장군,district,constructionYear,ho_yr_020,2024년,126.0,126,False
2024,2025-06-30,21090,해운대구,해운대구,district,constructionYear,ho_yr_004,2000년~2004년,13377.0,13377,False
2024,2025-06-30,21060,동래구,동래구,district,constructionYear,ho_yr_020,2024년,2692.0,2692,False
2024,2025-06-30,21050,부산진구,부산진구,district,constructionYear,ho_yr_009,2013년,3943.0,3943,False
2024,2025-06-30,21080,북구,북구,district,constructionYear,ho_yr_010,2014년,2532.0,2532,False
2024,2025-06-30,21020,서구,서구,district,constructionYear,ho_yr_002,1980년~1989년,5061.0,5061,False
2024,2025-06-30,21090,해운대구,해운대구,district,constructionYear,ho_yr_013,2017년,573.0,573,False
2024,2025-06-30,21510,기장군,기장군,district,constructionYear,ho_yr_011,2015년,2211.0,2211,False
2024,2025-06-30,21140,수영구,수영구,district,constructionYear,ho_yr_008,2012년,2255.0,2255,False
2024,2025-06-30,21050,부산진구,부산진구,district,constructionYear,ho_yr_016,2020년,3354.0,3354,False
2024,2025-06-30,21120,강서구,강서구,district,constructionYear,ho_yr_007,2011년,1070.0,1070,False
2024,2025-06-30,21010,중구,중구,district,constructionYear,ho_yr_013,2017년,210.0,210,False
2024,2025-06-30,21120,강서구,강서구,district,constructionYear,ho_yr_016,2020년,4271.0,4271,False
2024,2025-06-30,21510,기장군,기장군,district,constructionYear,ho_yr_008,2012년,3878.0,3878,False
2024,2025-06-30,21510,기장군,기장군,district,constructionYear,ho_yr_010,2014년,3857.0,3857,False
2024,2025-06-30,21070,남구,남구,district,constructionYear,ho_yr_018,2022년,2086.0,2086,False
2024,2025-06-30,21090,해운대구,해운대구,district,constructionYear,ho_yr_005,2005년~2009년,16896.0,16896,False
2024,2025-06-30,21030,동구,동구,district,constructionYear,ho_yr_007,2011년,336.0,336,False
2024,2025-06-30,21510,기장군,기장군,district,constructionYear,ho_yr_009,2013년,6696.0,6696,False
2024,2025-06-30,21100,사하구,사하구,district,constructionYear,ho_yr_014,2018년,1023.0,1023,False
2024,2025-06-30,21140,수영구,수영구,district,constructionYear,ho_yr_002,1980년~1989년,11240.0,11240,False
2024,2025-06-30,21130,연제구,연제구,district,constructionYear,ho_yr_017,2021년,2388.0,2388,False
2024,2025-06-30,21110,금정구,금정구,district,constructionYear,ho_yr_016,2020년,633.0,633,False
2024,2025-06-30,21070,남구,남구,district,constructionYear,ho_yr_010,2014년,764.0,764,False
2024,2025-06-30,21010,중구,중구,district,constructionYear,ho_yr_010,2014년,404.0,404,False
2024,2025-06-30,21150,사상구,사상구,district,constructionYear,ho_yr_020,2024년,415.0,415,False
2024,2025-06-30,21130,연제구,연제구,district,constructionYear,ho_yr_016,2020년,1537.0,1537,False
2024,2025-06-30,21060,동래구,동래구,district,constructionYear,ho_yr_002,1980년~1989년,14645.0,14645,False
2024,2025-06-30,21150,사상구,사상구,district,constructionYear,ho_yr_009,2013년,1444.0,1444,False
2024,2025-06-30,21050,부산진구,부산진구,district,constructionYear,ho_yr_020,2024년,2165.0,2165,False
2024,2025-06-30,21140,수영구,수영구,district,constructionYear,ho_yr_001,1979년 이전,6671.0,6671,False
2024,2025-06-30,21050,부산진구,부산진구,district,constructionYear,ho_yr_015,2019년,3450.0,3450,False
2024,2025-06-30,21010,중구,중구,district,constructionYear,ho_yr_004,2000년~2004년,1544.0,1544,False
2024,2025-06-30,21070,남구,남구,district,constructionYear,ho_yr_005,2005년~2009년,11207.0,11207,False
2024,2025-06-30,21510,기장군,기장군,district,constructionYear,ho_yr_013,2017년,3197.0,3197,False
2024,2025-06-30,21040,영도구,영도구,district,constructionYear,ho_yr_001,1979년 이전,6356.0,6356,False
2024,2025-06-30,21060,동래구,동래구,district,constructionYear,ho_yr_012,2016년,2193.0,2193,False
2024,2025-06-30,21130,연제구,연제구,district,constructionYear,ho_yr_013,2017년,2227.0,2227,False
2024,2025-06-30,21070,남구,남구,district,constructionYear,ho_yr_004,2000년~2004년,19957.0,19957,False
2024,2025-06-30,21050,부산진구,부산진구,district,constructionYear,ho_yr_003,1990년~1999년,31818.0,31818,False
2024,2025-06-30,21140,수영구,수영구,district,constructionYear,ho_yr_017,2021년,1171.0,1171,False
2024,2025-06-30,21040,영도구,영도구,district,constructionYear,ho_yr_010,2014년,536.0,536,False
2024,2025-06-30,21020,서구,서구,district,constructionYear,ho_yr_016,2020년,1583.0,1583,False
2024,2025-06-30,21110,금정구,금정구,district,constructionYear,ho_yr_005,2005년~2009년,6182.0,6182,False
2024,2025-06-30,21120,강서구,강서구,district,constructionYear,ho_yr_004,2000년~2004년,830.0,830,False
2024,2025-06-30,21070,남구,남구,district,constructionYear,ho_yr_002,1980년~1989년,9873.0,9873,False
2024,2025-06-30,21040,영도구,영도구,district,constructionYear,ho_yr_012,2016년,412.0,412,False
2024,2025-06-30,21090,해운대구,해운대구,district,constructionYear,ho_yr_001,1979년 이전,2793.0,2793,False
2024,2025-06-30,21050,부산진구,부산진구,district,constructionYear,ho_yr_012,2016년,2282.0,2282,False
2024,2025-06-30,21020,서구,서구,district,constructionYear,ho_yr_005,2005년~2009년,1216.0,1216,False
2024,2025-06-30,21120,강서구,강서구,district,constructionYear,ho_yr_017,2021년,631.0,631,False
2024,2025-06-30,21020,서구,서구,district,constructionYear,ho_yr_017,2021년,599.0,599,False
2024,2025-06-30,21030,동구,동구,district,constructionYear,ho_yr_009,2013년,511.0,511,False
2024,2025-06-30,21080,북구,북구,district,constructionYear,ho_yr_020,2024년,110.0,110,False
2024,2025-06-30,21050,부산진구,부산진구,district,constructionYear,ho_yr_019,2023년,6003.0,6003,False
2024,2025-06-30,21110,금정구,금정구,district,constructionYear,ho_yr_008,2012년,3740.0,3740,False
2024,2025-06-30,21060,동래구,동래구,district,constructionYear,ho_yr_003,1990년~1999년,17356.0,17356,False
2024,2025-06-30,21020,서구,서구,district,constructionYear,ho_yr_011,2015년,697.0,697,False
2024,2025-06-30,21050,부산진구,부산진구,district,constructionYear,ho_yr_011,2015년,1486.0,1486,False
2024,2025-06-30,21070,남구,남구,district,constructionYear,ho_yr_016,2020년,1277.0,1277,False
2024,2025-06-30,21150,사상구,사상구,district,constructionYear,ho_yr_003,1990년~1999년,34513.0,34513,False
2024,2025-06-30,21090,해운대구,해운대구,district,constructionYear,ho_yr_011,2015년,2862.0,2862,False
2024,2025-06-30,21020,서구,서구,district,constructionYear,ho_yr_008,2012년,419.0,419,False
2024,2025-06-30,21030,동구,동구,district,constructionYear,ho_yr_003,1990년~1999년,4412.0,4412,False
2024,2025-06-30,21150,사상구,사상구,district,constructionYear,ho_yr_007,2011년,236.0,236,False
2024,2025-06-30,21070,남구,남구,district,constructionYear,ho_yr_011,2015년,1423.0,1423,False
2024,2025-06-30,21130,연제구,연제구,district,constructionYear,ho_yr_009,2013년,1375.0,1375,False
2024,2025-06-30,21010,중구,중구,district,constructionYear,ho_yr_003,1990년~1999년,3929.0,3929,False
2024,2025-06-30,21150,사상구,사상구,district,constructionYear,ho_yr_001,1979년 이전,4392.0,4392,False
2024,2025-06-30,21030,동구,동구,district,constructionYear,ho_yr_004,2000년~2004년,3122.0,3122,False
2024,2025-06-30,21020,서구,서구,district,constructionYear,ho_yr_010,2014년,1467.0,1467,False
2024,2025-06-30,21120,강서구,강서구,district,constructionYear,ho_yr_001,1979년 이전,2137.0,2137,False
2024,2025-06-30,21040,영도구,영도구,district,constructionYear,ho_yr_013,2017년,651.0,651,False
2024,2025-06-30,21050,부산진구,부산진구,district,constructionYear,ho_yr_008,2012년,3176.0,3176,False
2024,2025-06-30,21050,부산진구,부산진구,district,constructionYear,ho_yr_005,2005년~2009년,12712.0,12712,False
2024,2025-06-30,21030,동구,동구,district,constructionYear,ho_yr_019,2023년,2182.0,2182,False
2024,2025-06-30,21040,영도구,영도구,district,constructionYear,ho_yr_019,2023년,2362.0,2362,False
2024,2025-06-30,21090,해운대구,해운대구,district,constructionYear,ho_yr_002,1980년~1989년,10916.0,10916,False
2024,2025-06-30,21020,서구,서구,district,constructionYear,ho_yr_020,2024년,686.0,686,False
2024,2025-06-30,21010,중구,중구,district,constructionYear,ho_yr_007,2011년,190.0,190,False
2024,2025-06-30,21150,사상구,사상구,district,constructionYear,ho_yr_010,2014년,1598.0,1598,False
2024,2025-06-30,21090,해운대구,해운대구,district,constructionYear,ho_yr_010,2014년,2355.0,2355,False
2024,2025-06-30,21140,수영구,수영구,district,constructionYear,ho_yr_016,2020년,2744.0,2744,False
2024,2025-06-30,21510,기장군,기장군,district,constructionYear,ho_yr_004,2000년~2004년,6056.0,6056,False
2024,2025-06-30,21080,북구,북구,district,constructionYear,ho_yr_017,2021년,3667.0,3667,False
2024,2025-06-30,21060,동래구,동래구,district,constructionYear,ho_yr_006,2010년,1880.0,1880,False
2024,2025-06-30,21150,사상구,사상구,district,constructionYear,ho_yr_014,2018년,669.0,669,False
2024,2025-06-30,21040,영도구,영도구,district,constructionYear,ho_yr_002,1980년~1989년,6976.0,6976,False
2024,2025-06-30,21100,사하구,사하구,district,constructionYear,ho_yr_003,1990년~1999년,43709.0,43709,False
2024,2025-06-30,21140,수영구,수영구,district,constructionYear,ho_yr_020,2024년,34.0,34,False
2024,2025-06-30,21050,부산진구,부산진구,district,constructionYear,ho_yr_013,2017년,3294.0,3294,False
2024,2025-06-30,21030,동구,동구,district,constructionYear,ho_yr_014,2018년,1369.0,1369,False
2024,2025-06-30,21110,금정구,금정구,district,constructionYear,ho_yr_014,2018년,1658.0,1658,False
2024,2025-06-30,21120,강서구,강서구,district,constructionYear,ho_yr_015,2019년,2438.0,2438,False
2024,2025-06-30,21090,해운대구,해운대구,district,constructionYear,ho_yr_016,2020년,1536.0,1536,False
2024,2025-06-30,21070,남구,남구,district,constructionYear,ho_yr_013,2017년,658.0,658,False
2024,2025-06-30,21080,북구,북구,district,constructionYear,ho_yr_009,2013년,362.0,362,False
2024,2025-06-30,21110,금정구,금정구,district,constructionYear,ho_yr_009,2013년,2516.0,2516,False
2024,2025-06-30,21140,수영구,수영구,district,constructionYear,ho_yr_012,2016년,1641.0,1641,False
2024,2025-06-30,21110,금정구,금정구,district,constructionYear,ho_yr_013,2017년,3773.0,3773,False
2024,2025-06-30,21050,부산진구,부산진구,district,constructionYear,ho_yr_004,2000년~2004년,17362.0,17362,False
2024,2025-06-30,21090,해운대구,해운대구,district,constructionYear,ho_yr_006,2010년,1532.0,1532,False
2024,2025-06-30,21140,수영구,수영구,district,constructionYear,ho_yr_015,2019년,2320.0,2320,False
2024,2025-06-30,21070,남구,남구,district,constructionYear,ho_yr_019,2023년,3957.0,3957,False
2024,2025-06-30,21030,동구,동구,district,constructionYear,ho_yr_005,2005년~2009년,2044.0,2044,False
2024,2025-06-30,21070660,남구,문현1동,dong,constructionYear,ho_yr_016,2020년,26.0,26,False
2024,2025-06-30,21510120,기장군,장안읍,dong,constructionYear,ho_yr_008,2012년,55.0,55,False
2024,2025-06-30,21090580,해운대구,반여2동,dong,constructionYear,ho_yr_011,2015년,,N/A,True
2024,2025-06-30,21090560,해운대구,송정동,dong,constructionYear,ho_yr_009,2013년,45.0,45,False
2024,2025-06-30,21030710,동구,범일1동,dong,constructionYear,ho_yr_012,2016년,,N/A,True
2024,2025-06-30,21130530,연제구,거제3동,dong,constructionYear,ho_yr_002,1980년~1989년,1314.0,1314,False
2024,2025-06-30,21100530,사하구,괴정3동,dong,constructionYear,ho_yr_003,1990년~1999년,873.0,873,False
2024,2025-06-30,21120520,강서구,대저2동,dong,constructionYear,ho_yr_007,2011년,15.0,15,False
2024,2025-06-30,21110610,금정구,장전1동,dong,constructionYear,ho_yr_017,2021년,87.0,87,False
2024,2025-06-30,21080560,북구,덕천1동,dong,constructionYear,ho_yr_014,2018년,18.0,18,False
2024,2025-06-30,21130630,연제구,연산9동,dong,constructionYear,ho_yr_013,2017년,578.0,578,False
2024,2025-06-30,21130620,연제구,연산8동,dong,constructionYear,ho_yr_013,2017년,84.0,84,False
2024,2025-06-30,21090650,해운대구,재송2동,dong,constructionYear,ho_yr_011,2015년,105.0,105,False
2024,2025-06-30,21050560,부산진구,양정1동,dong,constructionYear,ho_yr_002,1980년~1989년,191.0,191,False
2024,2025-06-30,21060590,동래구,사직2동,dong,constructionYear,ho_yr_013,2017년,,N/A,True
2024,2025-06-30,21070540,남구,대연4동,dong,constructionYear,ho_yr_011,2015년,,N/A,True
2024,2025-06-30,21040540,영도구,영선1동,dong,constructionYear,ho_yr_019,2023년,,N/A,True
2024,2025-06-30,21110640,금정구,선두구동,dong,constructionYear,ho_yr_014,2018년,16.0,16,False
2024,2025-06-30,21090530,해운대구,중1동,dong,constructionYear,ho_yr_010,2014년,852.0,852,False
2024,2025-06-30,21130550,연제구,연산1동,dong,constructionYear,ho_yr_001,1979년 이전,390.0,390,False
2024,2025-06-30,21050760,부산진구,개금3동,dong,constructionYear,ho_yr_018,2022년,,N/A,True
2024,2025-06-30,21130520,연제구,거제2동,dong,constructionYear,ho_yr_014,2018년,,N/A,True
2024,2025-06-30,21130510,연제구,거제1동,dong,constructionYear,ho_yr_007,2011년,22.0,22,False
2024,2025-06-30,21100570,사하구,하단2동,dong,constructionYear,ho_yr_014,2018년,143.0,143,False
2024,2025-06-30,21100650,사하구,감천1동,dong,constructionYear,ho_yr_008,2012년,15.0,15,False
2024,2025-06-30,21020560,서구,서대신3동,dong,constructionYear,ho_yr_002,1980년~1989년,99.0,99,False
2024,2025-06-30,21060510,동래구,수민동,dong,constructionYear,ho_yr_013,2017년,120.0,120,False
2024,2025-06-30,21100570,사하구,하단2동,dong,constructionYear,ho_yr_017,2021년,76.0,76,False
2024,2025-06-30,21050820,부산진구,부전1동,dong,constructionYear,ho_yr_015,2019년,1302.0,1302,False
2024,2025-06-30,21100640,사하구,구평동,dong,constructionYear,ho_yr_013,2017년,944.0,944,False
2024,2025-06-30,21140540,수영구,망미1동,dong,constructionYear,ho_yr_008,2012년,100.0,100,False
2024,2025-06-30,21050560,부산진구,양정1동,dong,constructionYear,ho_yr_007,2011년,60.0,60,False
2024,2025-06-30,21110740,금정구,장전2동,dong,constructionYear,ho_yr_013,2017년,2075.0,2075,False
2024,2025-06-30,21110690,금정구,구서1동,dong,constructionYear,ho_yr_006,2010년,1116.0,1116,False
2024,2025-06-30,21060600,동래구,사직3동,dong,constructionYear,ho_yr_002,1980년~1989년,1288.0,1288,False
2024,2025-06-30,21100570,사하구,하단2동,dong,constructionYear,ho_yr_001,1979년 이전,330.0,330,False
2024,2025-06-30,21090720,해운대구,반송1동,dong,constructionYear,ho_yr_011,2015년,12.0,12,False
2024,2025-06-30,21010540,중구,보수동,dong,constructionYear,ho_yr_009,2013년,158.0,158,False
2024,2025-06-30,21040540,영도구,영선1동,dong,constructionYear,ho_yr_014,2018년,23.0,23,False
2024,2025-06-30,21130530,연제구,거제3동,dong,constructionYear,ho_yr_010,2014년,22.0,22,False
2024,2025-06-30,21140540,수영구,망미1동,dong,constructionYear,ho_yr_014,2018년,33.0,33,False
2024,2025-06-30,21030520,동구,초량2동,dong,constructionYear,ho_yr_002,1980년~1989년,716.0,716,False
2024,2025-06-30,21060630,동래구,명장1동,dong,constructionYear,ho_yr_002,1980년~1989년,1445.0,1445,False
2024,2025-06-30,21110670,금정구,청룡노포동,dong,constructionYear,ho_yr_003,1990년~1999년,1393.0,1393,False
2024,2025-06-30,21110520,금정구,서2동,dong,constructionYear,ho_yr_005,2005년~2009년,49.0,49,False
2024,2025-06-30,21020680,서구,암남동,dong,constructionYear,ho_yr_002,1980년~1989년,1118.0,1118,False
2024,2025-06-30,21030570,동구,수정2동,dong,constructionYear,ho_yr_010,2014년,20.0,20,False
2024,2025-06-30,21100520,사하구,괴정2동,dong,constructionYear,ho_yr_013,2017년,124.0,124,False
2024,2025-06-30,21510130,기장군,정관읍,dong,constructionYear,ho_yr_002,1980년~1989년,114.0,114,False
2024,2025-06-30,21040640,영도구,청학2동,dong,constructionYear,ho_yr_015,2019년,20.0,20,False
2024,2025-06-30,21040630,영도구,청학1동,dong,constructionYear,ho_yr_006,2010년,7.0,7,False
2024,2025-06-30,21100550,사하구,당리동,dong,constructionYear,ho_yr_008,2012년,172.0,172,False
2024,2025-06-30,21100630,사하구,다대2동,dong,constructionYear,ho_yr_004,2000년~2004년,19.0,19,False
2024,2025-06-30,21100510,사하구,괴정1동,dong,constructionYear,ho_yr_017,2021년,28.0,28,False
2024,2025-06-30,21110680,금정구,남산동,dong,constructionYear,ho_yr_004,2000년~2004년,1576.0,1576,False
2024,2025-06-30,21030710,동구,범일1동,dong,constructionYear,ho_yr_019,2023년,54.0,54,False
2024,2025-06-30,21510330,기장군,철마면,dong,constructionYear,ho_yr_016,2020년,13.0,13,False
2024,2025-06-30,21030570,동구,수정2동,dong,constructionYear,ho_yr_013,2017년,10.0,10,False
2024,2025-06-30,21130530,연제구,거제3동,dong,constructionYear,ho_yr_009,2013년,10.0,10,False
2024,2025-06-30,21120562,강서구,신호동,dong,constructionYear,ho_yr_014,2018년,30.0,30,False
2024,2025-06-30,21020690,서구,남부민2동,dong,constructionYear,ho_yr_009,2013년,697.0,697,False
2024,2025-06-30,21120580,강서구,가덕도동,dong,constructionYear,ho_yr_015,2019년,13.0,13,False
2024,2025-06-30,21510130,기장군,정관읍,dong,constructionYear,ho_yr_007,2011년,1477.0,1477,False
2024,2025-06-30,21020680,서구,암남동,dong,constructionYear,ho_yr_019,2023년,260.0,260,False
2024,2025-06-30,21010560,중구,부평동,dong,constructionYear,ho_yr_006,2010년,,N/A,True
2024,2025-06-30,21110730,금정구,금사회동동,dong,constructionYear,ho_yr_003,1990년~1999년,710.0,710,False
2024,2025-06-30,21040660,영도구,동삼2동,dong,constructionYear,ho_yr_003,1990년~1999년,320.0,320,False
2024,2025-06-30,21030530,동구,초량3동,dong,constructionYear,ho_yr_005,2005년~2009년,309.0,309,False
2024,2025-06-30,21060570,동래구,온천3동,dong,constructionYear,ho_yr_019,2023년,72.0,72,False
2024,2025-06-30,21090680,해운대구,좌3동,dong,constructionYear,ho_yr_016,2020년,,N/A,True
2024,2025-06-30,21020560,서구,서대신3동,dong,constructionYear,ho_yr_005,2005년~2009년,40.0,40,False
2024,2025-06-30,21070590,남구,용호3동,dong,constructionYear,ho_yr_013,2017년,20.0,20,False
2024,2025-06-30,21510120,기장군,장안읍,dong,constructionYear,ho_yr_007,2011년,80.0,80,False
2024,2025-06-30,21130570,연제구,연산3동,dong,constructionYear,ho_yr_001,1979년 이전,409.0,409,False
2024,2025-06-30,21110610,금정구,장전1동,dong,constructionYear,ho_yr_015,2019년,10.0,10,False
2024,2025-06-30,21060570,동래구,온천3동,dong,constructionYear,ho_yr_013,2017년,109.0,109,False
2024,2025-06-30,21130590,연제구,연산5동,dong,constructionYear,ho_yr_006,2010년,206.0,206,False
2024,2025-06-30,21110570,금정구,부곡1동,dong,constructionYear,ho_yr_002,1980년~1989년,302.0,302,False
2024,2025-06-30,21130620,연제구,연산8동,dong,constructionYear,ho_yr_015,2019년,58.0,58,False
2024,2025-06-30,21130530,연제구,거제3동,dong,constructionYear,ho_yr_019,2023년,44.0,44,False
2024,2025-06-30,21070560,남구,대연6동,dong,constructionYear,ho_yr_010,2014년,12.0,12,False
2024,2025-06-30,21100510,사하구,괴정1동,dong,constructionYear,ho_yr_002,1980년~1989년,2627.0,2627,False
2024,2025-06-30,21060550,동래구,온천1동,dong,constructionYear,ho_yr_015,2019년,628.0,628,False
2024,2025-06-30,21030680,동구,범일5동,dong,constructionYear,ho_yr_005,2005년~2009년,439.0,439,False
2024,2025-06-30,21010530,중구,대청동,dong,constructionYear,ho_yr_010,2014년,45.0,45,False
2024,2025-06-30,21020640,서구,충무동,dong,constructionYear,ho_yr_019,2023년,,N/A,True
2024,2025-06-30,21510120,기장군,장안읍,dong,constructionYear,ho_yr_010,2014년,62.0,62,False
2024,2025-06-30,21110740,금정구,장전2동,dong,constructionYear,ho_yr_019,2023년,,N/A,True
2024,2025-06-30,21130600,연제구,연산6동,dong,constructionYear,ho_yr_012,2016년,79.0,79,False
2024,2025-06-30,21080520,북구,구포2동,dong,constructionYear,ho_yr_013,2017년,43.0,43,False
2024,2025-06-30,21060600,동래구,사직3동,dong,constructionYear,ho_yr_015,2019년,44.0,44,False
2024,2025-06-30,21110710,금정구,금성동,dong,constructionYear,ho_yr_001,1979년 이전,47.0,47,False
2024,2025-06-30,21020540,서구,서대신1동,dong,constructionYear,ho_yr_010,2014년,99.0,99,False
2024,2025-06-30,21020540,서구,서대신1동,dong,constructionYear,ho_yr_006,2010년,61.0,61,False
2024,2025-06-30,21020680,서구,암남동,dong,constructionYear,ho_yr_007,2011년,,N/A,True
2024,2025-06-30,21140560,수영구,광안1동,dong,constructionYear,ho_yr_003,1990년~1999년,2358.0,2358,False
2024,2025-06-30,21130510,연제구,거제1동,dong,constructionYear,ho_yr_019,2023년,16.0,16,False
2024,2025-06-30,21140580,수영구,광안3동,dong,constructionYear,ho_yr_004,2000년~2004년,353.0,353,False
2024,2025-06-30,21090540,해운대구,중2동,dong,constructionYear,ho_yr_006,2010년,7.0,7,False
2024,2025-06-30,21120590,강서구,명지1동,dong,constructionYear,ho_yr_002,1980년~1989년,161.0,161,False
2024,2025-06-30,21030600,동구,수정5동,dong,constructionYear,ho_yr_002,1980년~1989년,371.0,371,False
2024,2025-06-30,21060580,동래구,사직1동,dong,constructionYear,ho_yr_010,2014년,40.0,40,False
2024,2025-06-30,21030590,동구,수정4동,dong,constructionYear,ho_yr_017,2021년,11.0,11,False
2024,2025-06-30,21050570,부산진구,양정2동,dong,constructionYear,ho_yr_008,2012년,518.0,518,False
2024,2025-06-30,21030710,동구,범일1동,dong,constructionYear,ho_yr_014,2018년,149.0,149,False
2024,2025-06-30,21120550,강서구,가락동,dong,constructionYear,ho_yr_011,2015년,5.0,5,False
2024,2025-06-30,21070630,남구,감만2동,dong,constructionYear,ho_yr_011,2015년,20.0,20,False
2024,2025-06-30,21090650,해운대구,재송2동,dong,constructionYear,ho_yr_012,2016년,7.0,7,False
2024,2025-06-30,21150640,사상구,엄궁동,dong,constructionYear,ho_yr_007,2011년,15.0,15,False
2024,2025-06-30,21050520,부산진구,부전2동,dong,constructionYear,ho_yr_004,2000년~2004년,199.0,199,False
2024,2025-06-30,21060650,동래구,명륜동,dong,constructionYear,ho_yr_004,2000년~2004년,435.0,435,False
2024,2025-06-30,21100630,사하구,다대2동,dong,constructionYear,ho_yr_011,2015년,,N/A,True
2024,2025-06-30,21070560,남구,대연6동,dong,constructionYear,ho_yr_013,2017년,38.0,38,False
2024,2025-06-30,21110690,금정구,구서1동,dong,constructionYear,ho_yr_002,1980년~1989년,748.0,748,False
2024,2025-06-30,21140560,수영구,광안1동,dong,constructionYear,ho_yr_019,2023년,32.0,32,False
2024,2025-06-30,21090740,해운대구,우2동,dong,constructionYear,ho_yr_016,2020년,184.0,184,False
2024,2025-06-30,21130540,연제구,거제4동,dong,constructionYear,ho_yr_002,1980년~1989년,246.0,246,False
2024,2025-06-30,21090710,해운대구,반여4동,dong,constructionYear,ho_yr_001,1979년 이전,26.0,26,False
2024,2025-06-30,21120562,강서구,신호동,dong,constructionYear,ho_yr_016,2020년,6.0,6,False
2024,2025-06-30,21100650,사하구,감천1동,dong,constructionYear,ho_yr_001,1979년 이전,745.0,745,False
2024,2025-06-30,21080550,북구,화명1동,dong,constructionYear,ho_yr_013,2017년,7.0,7,False
2024,2025-06-30,21030560,동구,수정1동,dong,constructionYear,ho_yr_005,2005년~2009년,11.0,11,False
2024,2025-06-30,21070550,남구,대연5동,dong,constructionYear,ho_yr_001,1979년 이전,690.0,690,False
2024,2025-06-30,21130520,연제구,거제2동,dong,constructionYear,ho_yr_003,1990년~1999년,1535.0,1535,False
2024,2025-06-30,21140550,수영구,망미2동,dong,constructionYear,ho_yr_013,2017년,6.0,6,False
2024,2025-06-30,21110680,금정구,남산동,dong,constructionYear,ho_yr_018,2022년,79.0,79,False
2024,2025-06-30,21090640,해운대구,재송1동,dong,constructionYear,ho_yr_003,1990년~1999년,1665.0,1665,False
2024,2025-06-30,21050540,부산진구,연지동,dong,constructionYear,ho_yr_010,2014년,16.0,16,False
2024,2025-06-30,21100530,사하구,괴정3동,dong,constructionYear,ho_yr_019,2023년,30.0,30,False
2024,2025-06-30,21070620,남구,감만1동,dong,constructionYear,ho_yr_011,2015년,,N/A,True
2024,2025-06-30,21060580,동래구,사직1동,dong,constructionYear,ho_yr_011,2015년,94.0,94,False
2024,2025-06-30,21050810,부산진구,가야1동,dong,constructionYear,ho_yr_006,2010년,67.0,67,False
2024,2025-06-30,21010530,중구,대청동,dong,constructionYear,ho_yr_008,2012년,80.0,80,False
2024,2025-06-30,21060600,동래구,사직3동,dong,constructionYear,ho_yr_001,1979년 이전,641.0,641,False
2024,2025-06-30,21050550,부산진구,초읍동,dong,constructionYear,ho_yr_003,1990년~1999년,1346.0,1346,False
2024,2025-06-30,21110680,금정구,남산동,dong,constructionYear,ho_yr_012,2016년,102.0,102,False
2024,2025-06-30,21090700,해운대구,반여1동,dong,constructionYear,ho_yr_007,2011년,,N/A,True
2024,2025-06-30,21130550,연제구,연산1동,dong,constructionYear,ho_yr_011,2015년,87.0,87,False
2024,2025-06-30,21510130,기장군,정관읍,dong,constructionYear,ho_yr_005,2005년~2009년,5204.0,5204,False
2024,2025-06-30,21020520,서구,동대신2동,dong,constructionYear,ho_yr_015,2019년,,N/A,True
2024,2025-06-30,21140530,수영구,수영동,dong,constructionYear,ho_yr_015,2019년,116.0,116,False
2024,2025-06-30,21030590,동구,수정4동,dong,constructionYear,ho_yr_013,2017년,,N/A,True
2024,2025-06-30,21110610,금정구,장전1동,dong,constructionYear,ho_yr_013,2017년,118.0,118,False
2024,2025-06-30,21020520,서구,동대신2동,dong,constructionYear,ho_yr_010,2014년,10.0,10,False
2024,2025-06-30,21020640,서구,충무동,dong,constructionYear,ho_yr_007,2011년,82.0,82,False
2024,2025-06-30,21050700,부산진구,당감4동,dong,constructionYear,ho_yr_012,2016년,,N/A,True
2024,2025-06-30,21120520,강서구,대저2동,dong,constructionYear,ho_yr_019,2023년,10.0,10,False
2024,2025-06-30,21050750,부산진구,개금2동,dong,constructionYear,ho_yr_013,2017년,9.0,9,False
2024,2025-06-30,21150520,사상구,모라1동,dong,constructionYear,ho_yr_009,2013년,19.0,19,False
2024,2025-06-30,21100610,사하구,장림2동,dong,constructionYear,ho_yr_012,2016년,21.0,21,False
2024,2025-06-30,21140590,수영구,광안4동,dong,constructionYear,ho_yr_001,1979년 이전,405.0,405,False
2024,2025-06-30,21050570,부산진구,양정2동,dong,constructionYear,ho_yr_007,2011년,192.0,192,False
2024,2025-06-30,21100570,사하구,하단2동,dong,constructionYear,ho_yr_013,2017년,209.0,209,False
2024,2025-06-30,21100520,사하구,괴정2동,dong,constructionYear,ho_yr_009,2013년,12.0,12,False
2024,2025-06-30,21040690,영도구,봉래2동,dong,constructionYear,ho_yr_003,1990년~1999년,608.0,608,False
2024,2025-06-30,21030530,동구,초량3동,dong,constructionYear,ho_yr_004,2000년~2004년,208.0,208,False
2024,2025-06-30,21150640,사상구,엄궁동,dong,constructionYear,ho_yr_014,2018년,9.0,9,False
2024,2025-06-30,21070580,남구,용호2동,dong,constructionYear,ho_yr_012,2016년,19.0,19,False
2024,2025-06-30,21060590,동래구,사직2동,dong,constructionYear,ho_yr_010,2014년,52.0,52,False
2024,2025-06-30,21070570,남구,용호1동,dong,constructionYear,ho_yr_019,2023년,,N/A,True
2024,2025-06-30,21090530,해운대구,중1동,dong,constructionYear,ho_yr_013,2017년,5.0,5,False
2024,2025-06-30,21070570,남구,용호1동,dong,constructionYear,ho_yr_007,2011년,13.0,13,False
2024,2025-06-30,21070700,남구,대연1동,dong,constructionYear,ho_yr_002,1980년~1989년,240.0,240,False
2024,2025-06-30,21070620,남구,감만1동,dong,constructionYear,ho_yr_002,1980년~1989년,169.0,169,False
2024,2025-06-30,21150640,사상구,엄궁동,dong,constructionYear,ho_yr_005,2005년~2009년,737.0,737,False
2024,2025-06-30,21070570,남구,용호1동,dong,constructionYear,ho_yr_001,1979년 이전,683.0,683,False
2024,2025-06-30,21030600,동구,수정5동,dong,constructionYear,ho_yr_007,2011년,,N/A,True
2024,2025-06-30,21070630,남구,감만2동,dong,constructionYear,ho_yr_010,2014년,34.0,34,False
2024,2025-06-30,21130630,연제구,연산9동,dong,constructionYear,ho_yr_008,2012년,77.0,77,False
2024,2025-06-30,21140570,수영구,광안2동,dong,constructionYear,ho_yr_018,2022년,130.0,130,False
2024,2025-06-30,21130580,연제구,연산4동,dong,constructionYear,ho_yr_013,2017년,176.0,176,False
2024,2025-06-30,21110570,금정구,부곡1동,dong,constructionYear,ho_yr_003,1990년~1999년,1501.0,1501,False
2024,2025-06-30,21040660,영도구,동삼2동,dong,constructionYear,ho_yr_001,1979년 이전,188.0,188,False
2024,2025-06-30,21010560,중구,부평동,dong,constructionYear,ho_yr_004,2000년~2004년,175.0,175,False
2024,2025-06-30,21070660,남구,문현1동,dong,constructionYear,ho_yr_004,2000년~2004년,1060.0,1060,False
2024,2025-06-30,21140510,수영구,남천1동,dong,constructionYear,ho_yr_003,1990년~1999년,432.0,432,False
2024,2025-06-30,21040650,영도구,동삼1동,dong,constructionYear,ho_yr_009,2013년,41.0,41,False
2024,2025-06-30,21110680,금정구,남산동,dong,constructionYear,ho_yr_001,1979년 이전,188.0,188,False
2024,2025-06-30,21070550,남구,대연5동,dong,constructionYear,ho_yr_011,2015년,360.0,360,False
2024,2025-06-30,21090540,해운대구,중2동,dong,constructionYear,ho_yr_012,2016년,20.0,20,False
2024,2025-06-30,21140580,수영구,광안3동,dong,constructionYear,ho_yr_015,2019년,60.0,60,False
2024,2025-06-30,21080560,북구,덕천1동,dong,constructionYear,ho_yr_007,2011년,40.0,40,False
2024,2025-06-30,21020630,서구,초장동,dong,constructionYear,ho_yr_018,2022년,13.0,13,False
2024,2025-06-30,21110730,금정구,금사회동동,dong,constructionYear,ho_yr_015,2019년,,N/A,True
2024,2025-06-30,21070660,남구,문현1동,dong,constructionYear,ho_yr_013,2017년,32.0,32,False
2024,2025-06-30,21020590,서구,부민동,dong,constructionYear,ho_yr_015,2019년,31.0,31,False
2024,2025-06-30,21090700,해운대구,반여1동,dong,constructionYear,ho_yr_009,2013년,9.0,9,False
2024,2025-06-30,21100560,사하구,하단1동,dong,constructionYear,ho_yr_012,2016년,84.0,84,False
2024,2025-06-30,21090580,해운대구,반여2동,dong,constructionYear,ho_yr_001,1979년 이전,92.0,92,False
2024,2025-06-30,21070560,남구,대연6동,dong,constructionYear,ho_yr_009,2013년,80.0,80,False
2024,2025-06-30,21040660,영도구,동삼2동,dong,constructionYear,ho_yr_019,2023년,,N/A,True
2024,2025-06-30,21120510,강서구,대저1동,dong,constructionYear,ho_yr_008,2012년,,N/A,True
2024,2025-06-30,21120562,강서구,신호동,dong,constructionYear,ho_yr_008,2012년,43.0,43,False
2024,2025-06-30,21130530,연제구,거제3동,dong,constructionYear,ho_yr_006,2010년,,N/A,True
2024,2025-06-30,21060580,동래구,사직1동,dong,constructionYear,ho_yr_006,2010년,11.0,11,False
2024,2025-06-30,21130600,연제구,연산6동,dong,constructionYear,ho_yr_008,2012년,90.0,90,False
2024,2025-06-30,21150520,사상구,모라1동,dong,constructionYear,ho_yr_001,1979년 이전,525.0,525,False
2024,2025-06-30,21070560,남구,대연6동,dong,constructionYear,ho_yr_020,2024년,427.0,427,False
2024,2025-06-30,21080560,북구,덕천1동,dong,constructionYear,ho_yr_006,2010년,6.0,6,False
2024,2025-06-30,21110570,금정구,부곡1동,dong,constructionYear,ho_yr_004,2000년~2004년,421.0,421,False
2024,2025-06-30,21070600,남구,용호4동,dong,constructionYear,ho_yr_008,2012년,15.0,15,False
2024,2025-06-30,21020540,서구,서대신1동,dong,constructionYear,ho_yr_005,2005년~2009년,255.0,255,False
2024,2025-06-30,21130600,연제구,연산6동,dong,constructionYear,ho_yr_016,2020년,51.0,51,False
2024,2025-06-30,21050540,부산진구,연지동,dong,constructionYear,ho_yr_006,2010년,,N/A,True
2024,2025-06-30,21030520,동구,초량2동,dong,constructionYear,ho_yr_003,1990년~1999년,314.0,314,False
2024,2025-06-30,21110700,금정구,구서2동,dong,constructionYear,ho_yr_014,2018년,213.0,213,False
2024,2025-06-30,21110520,금정구,서2동,dong,constructionYear,ho_yr_006,2010년,,N/A,True
2024,2025-06-30,21030600,동구,수정5동,dong,constructionYear,ho_yr_010,2014년,16.0,16,False
2024,2025-06-30,21120580,강서구,가덕도동,dong,constructionYear,ho_yr_009,2013년,51.0,51,False
2024,2025-06-30,21050740,부산진구,개금1동,dong,constructionYear,ho_yr_006,2010년,494.0,494,False
2024,2025-06-30,21150520,사상구,모라1동,dong,constructionYear,ho_yr_020,2024년,8.0,8,False
2024,2025-06-30,21080630,북구,화명3동,dong,constructionYear,ho_yr_005,2005년~2009년,7.0,7,False
2024,2025-06-30,21060590,동래구,사직2동,dong,constructionYear,ho_yr_011,2015년,,N/A,True
2024,2025-06-30,21120600,강서구,명지2동,dong,constructionYear,ho_yr_008,2012년,1021.0,1021,False
2024,2025-06-30,21050720,부산진구,가야2동,dong,constructionYear,ho_yr_019,2023년,40.0,40,False
2024,2025-06-30,21080520,북구,구포2동,dong,constructionYear,ho_yr_017,2021년,,N/A,True
2024,2025-06-30,21060610,동래구,안락1동,dong,constructionYear,ho_yr_009,2013년,45.0,45,False
2024,2025-06-30,21150600,사상구,주례1동,dong,constructionYear,ho_yr_005,2005년~2009년,41.0,41,False
2024,2025-06-30,21020640,서구,충무동,dong,constructionYear,ho_yr_008,2012년,137.0,137,False
2024,2025-06-30,21130540,연제구,거제4동,dong,constructionYear,ho_yr_018,2022년,6.0,6,False
2024,2025-06-30,21110710,금정구,금성동,dong,constructionYear,ho_yr_018,2022년,,N/A,True
2024,2025-06-30,21070580,남구,용호2동,dong,constructionYear,ho_yr_003,1990년~1999년,839.0,839,False
2024,2025-06-30,21130570,연제구,연산3동,dong,constructionYear,ho_yr_016,2020년,,N/A,True
2024,2025-06-30,21060600,동래구,사직3동,dong,constructionYear,ho_yr_020,2024년,109.0,109,False
2024,2025-06-30,21080590,북구,만덕1동,dong,constructionYear,ho_yr_005,2005년~2009년,406.0,406,False
2024,2025-06-30,21060550,동래구,온천1동,dong,constructionYear,ho_yr_005,2005년~2009년,1245.0,1245,False
2024,2025-06-30,21050720,부산진구,가야2동,dong,constructionYear,ho_yr_008,2012년,38.0,38,False
2024,2025-06-30,21110700,금정구,구서2동,dong,constructionYear,ho_yr_005,2005년~2009년,3664.0,3664,False
2024,2025-06-30,21510330,기장군,철마면,dong,constructionYear,ho_yr_004,2000년~2004년,113.0,113,False
2024,2025-06-30,21010600,중구,영주2동,dong,constructionYear,ho_yr_004,2000년~2004년,141.0,141,False
2024,2025-06-30,21050700,부산진구,당감4동,dong,constructionYear,ho_yr_013,2017년,,N/A,True
2024,2025-06-30,21130590,연제구,연산5동,dong,constructionYear,ho_yr_015,2019년,201.0,201,False
2024,2025-06-30,21110640,금정구,선두구동,dong,constructionYear,ho_yr_016,2020년,11.0,11,False
2024,2025-06-30,21080610,북구,만덕3동,dong,constructionYear,ho_yr_011,2015년,8.0,8,False
2024,2025-06-30,21080620,북구,화명2동,dong,constructionYear,ho_yr_007,2011년,,N/A,True
2024,2025-06-30,21050640,부산진구,부암1동,dong,constructionYear,ho_yr_016,2020년,388.0,388,False
2024,2025-06-30,21060630,동래구,명장1동,dong,constructionYear,ho_yr_010,2014년,42.0,42,False
2024,2025-06-30,21030710,동구,범일1동,dong,constructionYear,ho_yr_017,2021년,183.0,183,False
2024,2025-06-30,21100650,사하구,감천1동,dong,constructionYear,ho_yr_015,2019년,,N/A,True
2024,2025-06-30,21130580,연제구,연산4동,dong,constructionYear,ho_yr_001,1979년 이전,791.0,791,False
2024,2025-06-30,21150520,사상구,모라1동,dong,constructionYear,ho_yr_004,2000년~2004년,996.0,996,False
2024,2025-06-30,21090710,해운대구,반여4동,dong,constructionYear,ho_yr_013,2017년,,N/A,True
2024,2025-06-30,21150650,사상구,감전동,dong,constructionYear,ho_yr_009,2013년,11.0,11,False
2024,2025-06-30,21080610,북구,만덕3동,dong,constructionYear,ho_yr_009,2013년,6.0,6,False
2024,2025-06-30,21070680,남구,문현3동,dong,constructionYear,ho_yr_001,1979년 이전,423.0,423,False
2024,2025-06-30,21070670,남구,문현2동,dong,constructionYear,ho_yr_003,1990년~1999년,197.0,197,False
2024,2025-06-30,21080530,북구,구포3동,dong,constructionYear,ho_yr_009,2013년,5.0,5,False
2024,2025-06-30,21020630,서구,초장동,dong,constructionYear,ho_yr_005,2005년~2009년,,N/A,True
2024,2025-06-30,21020640,서구,충무동,dong,constructionYear,ho_yr_001,1979년 이전,510.0,510,False
2024,2025-06-30,21070710,남구,우암동,dong,constructionYear,ho_yr_007,2011년,,N/A,True
2024,2025-06-30,21050570,부산진구,양정2동,dong,constructionYear,ho_yr_005,2005년~2009년,330.0,330,False
2024,2025-06-30,21030570,동구,수정2동,dong,constructionYear,ho_yr_009,2013년,25.0,25,False
2024,2025-06-30,21030510,동구,초량1동,dong,constructionYear,ho_yr_004,2000년~2004년,223.0,223,False
2024,2025-06-30,21090700,해운대구,반여1동,dong,constructionYear,ho_yr_011,2015년,9.0,9,False
2024,2025-06-30,21090560,해운대구,송정동,dong,constructionYear,ho_yr_008,2012년,131.0,131,False
2024,2025-06-30,21100580,사하구,신평1동,dong,constructionYear,ho_yr_004,2000년~2004년,499.0,499,False
2024,2025-06-30,21020510,서구,동대신1동,dong,constructionYear,ho_yr_008,2012년,40.0,40,False
2024,2025-06-30,21010560,중구,부평동,dong,constructionYear,ho_yr_010,2014년,178.0,178,False
2024,2025-06-30,21150600,사상구,주례1동,dong,constructionYear,ho_yr_001,1979년 이전,129.0,129,False
2024,2025-06-30,21120561,강서구,녹산동,dong,constructionYear,ho_yr_002,1980년~1989년,73.0,73,False
2024,2025-06-30,21070550,남구,대연5동,dong,constructionYear,ho_yr_014,2018년,1026.0,1026,False
2024,2025-06-30,21110570,금정구,부곡1동,dong,constructionYear,ho_yr_015,2019년,,N/A,True
2024,2025-06-30,21070560,남구,대연6동,dong,constructionYear,ho_yr_001,1979년 이전,307.0,307,False
2024,2025-06-30,21080600,북구,만덕2동,dong,constructionYear,ho_yr_002,1980년~1989년,1893.0,1893,False
2024,2025-06-30,21050820,부산진구,부전1동,dong,constructionYear,ho_yr_010,2014년,162.0,162,False
2024,2025-06-30,21070550,남구,대연5동,dong,constructionYear,ho_yr_004,2000년~2004년,1356.0,1356,False
2024,2025-06-30,21110640,금정구,선두구동,dong,constructionYear,ho_yr_004,2000년~2004년,23.0,23,False
2024,2025-06-30,21100540,사하구,괴정4동,dong,constructionYear,ho_yr_010,2014년,19.0,19,False
2024,2025-06-30,21110680,금정구,남산동,dong,constructionYear,ho_yr_016,2020년,94.0,94,False
2024,2025-06-30,21050720,부산진구,가야2동,dong,constructionYear,ho_yr_017,2021년,46.0,46,False
2024,2025-06-30,21080540,북구,금곡동,dong,constructionYear,ho_yr_013,2017년,11.0,11,False
2024,2025-06-30,21060560,동래구,온천2동,dong,constructionYear,ho_yr_004,2000년~2004년,480.0,480,False
2024,2025-06-30,21120590,강서구,명지1동,dong,constructionYear,ho_yr_016,2020년,2801.0,2801,False
2024,2025-06-30,21110510,금정구,서1동,dong,constructionYear,ho_yr_006,2010년,,N/A,True
2024,2025-06-30,21020640,서구,충무동,dong,constructionYear,ho_yr_003,1990년~1999년,342.0,342,False
2024,2025-06-30,21090700,해운대구,반여1동,dong,constructionYear,ho_yr_005,2005년~2009년,3138.0,3138,False
2024,2025-06-30,21070690,남구,문현4동,dong,constructionYear,ho_yr_002,1980년~1989년,886.0,886,False
2024,2025-06-30,21050840,부산진구,범천2동,dong,constructionYear,ho_yr_017,2021년,24.0,24,False
2024,2025-06-30,21030520,동구,초량2동,dong,constructionYear,ho_yr_006,2010년,13.0,13,False
2024,2025-06-30,21110520,금정구,서2동,dong,constructionYear,ho_yr_011,2015년,,N/A,True
2024,2025-06-30,21120520,강서구,대저2동,dong,constructionYear,ho_yr_003,1990년~1999년,308.0,308,False
2024,2025-06-30,21100660,사하구,감천2동,dong,constructionYear,ho_yr_004,2000년~2004년,209.0,209,False
2024,2025-06-30,21110740,금정구,장전2동,dong,constructionYear,ho_yr_015,2019년,340.0,340,False
2024,2025-06-30,21020520,서구,동대신2동,dong,constructionYear,ho_yr_013,2017년,,N/A,True
2024,2025-06-30,21020530,서구,동대신3동,dong,constructionYear,ho_yr_002,1980년~1989년,309.0,309,False
2024,2025-06-30,21110640,금정구,선두구동,dong,constructionYear,ho_yr_005,2005년~2009년,27.0,27,False
2024,2025-06-30,21010540,중구,보수동,dong,constructionYear,ho_yr_008,2012년,193.0,193,False
2024,2025-06-30,21150620,사상구,주례3동,dong,constructionYear,ho_yr_005,2005년~2009년,,N/A,True
2024,2025-06-30,21090620,해운대구,반송2동,dong,constructionYear,ho_yr_003,1990년~1999년,7510.0,7510,False
2024,2025-06-30,21080600,북구,만덕2동,dong,constructionYear,ho_yr_007,2011년,,N/A,True
2024,2025-06-30,21150570,사상구,괘법동,dong,constructionYear,ho_yr_014,2018년,119.0,119,False
2024,2025-06-30,21010520,중구,동광동,dong,constructionYear,ho_yr_005,2005년~2009년,17.0,17,False
2024,2025-06-30,21100560,사하구,하단1동,dong,constructionYear,ho_yr_006,2010년,35.0,35,False
2024,2025-06-30,21150610,사상구,주례2동,dong,constructionYear,ho_yr_001,1979년 이전,803.0,803,False
2024,2025-06-30,21080580,북구,덕천3동,dong,constructionYear,ho_yr_007,2011년,54.0,54,False
2024,2025-06-30,21100620,사하구,다대1동,dong,constructionYear,ho_yr_005,2005년~2009년,3593.0,3593,False
2024,2025-06-30,21120561,강서구,녹산동,dong,constructionYear,ho_yr_007,2011년,919.0,919,False
2024,2025-06-30,21100620,사하구,다대1동,dong,constructionYear,ho_yr_015,2019년,,N/A,True
2024,2025-06-30,21110680,금정구,남산동,dong,constructionYear,ho_yr_008,2012년,140.0,140,False
2024,2025-06-30,21130570,연제구,연산3동,dong,constructionYear,ho_yr_002,1980년~1989년,476.0,476,False
2024,2025-06-30,21080610,북구,만덕3동,dong,constructionYear,ho_yr_015,2019년,,N/A,True
2024,2025-06-30,21070560,남구,대연6동,dong,constructionYear,ho_yr_008,2012년,42.0,42,False
2024,2025-06-30,21100550,사하구,당리동,dong,constructionYear,ho_yr_010,2014년,27.0,27,False
2024,2025-06-30,21070630,남구,감만2동,dong,constructionYear,ho_yr_018,2022년,18.0,18,False
2024,2025-06-30,21140570,수영구,광안2동,dong,constructionYear,ho_yr_009,2013년,210.0,210,False
2024,2025-06-30,21090640,해운대구,재송1동,dong,constructionYear,ho_yr_008,2012년,160.0,160,False
2024,2025-06-30,21100590,사하구,신평2동,dong,constructionYear,ho_yr_014,2018년,,N/A,True
2024,2025-06-30,21130510,연제구,거제1동,dong,constructionYear,ho_yr_015,2019년,,N/A,True
2024,2025-06-30,21060650,동래구,명륜동,dong,constructionYear,ho_yr_003,1990년~1999년,227.0,227,False
2024,2025-06-30,21040530,영도구,남항동,dong,constructionYear,ho_yr_004,2000년~2004년,328.0,328,False
2024,2025-06-30,21090650,해운대구,재송2동,dong,constructionYear,ho_yr_008,2012년,73.0,73,False
2024,2025-06-30,21070610,남구,용당동,dong,constructionYear,ho_yr_009,2013년,,N/A,True
2024,2025-06-30,21510110,기장군,기장읍,dong,constructionYear,ho_yr_013,2017년,806.0,806,False
2024,2025-06-30,21110600,금정구,부곡4동,dong,constructionYear,ho_yr_015,2019년,53.0,53,False
2024,2025-06-30,21040670,영도구,동삼3동,dong,constructionYear,ho_yr_007,2011년,22.0,22,False
2024,2025-06-30,21080610,북구,만덕3동,dong,constructionYear,ho_yr_008,2012년,29.0,29,False
2024,2025-06-30,21050760,부산진구,개금3동,dong,constructionYear,ho_yr_002,1980년~1989년,3263.0,3263,False
2024,2025-06-30,21150630,사상구,학장동,dong,constructionYear,ho_yr_015,2019년,,N/A,True
2024,2025-06-30,21140510,수영구,남천1동,dong,constructionYear,ho_yr_016,2020년,190.0,190,False
2024,2025-06-30,21060570,동래구,온천3동,dong,constructionYear,ho_yr_008,2012년,442.0,442,False
2024,2025-06-30,21070690,남구,문현4동,dong,constructionYear,ho_yr_004,2000년~2004년,56.0,56,False
2024,2025-06-30,21060510,동래구,수민동,dong,constructionYear,ho_yr_018,2022년,,N/A,True
2024,2025-06-30,21150600,사상구,주례1동,dong,constructionYear,ho_yr_013,2017년,820.0,820,False
2024,2025-06-30,21100650,사하구,감천1동,dong,constructionYear,ho_yr_013,2017년,,N/A,True
2024,2025-06-30,21010540,중구,보수동,dong,constructionYear,ho_yr_018,2022년,48.0,48,False
2024,2025-06-30,21150510,사상구,삼락동,dong,constructionYear,ho_yr_001,1979년 이전,410.0,410,False
2024,2025-06-30,21010530,중구,대청동,dong,constructionYear,ho_yr_007,2011년,12.0,12,False
2024,2025-06-30,21050560,부산진구,양정1동,dong,constructionYear,ho_yr_005,2005년~2009년,818.0,818,False
2024,2025-06-30,21010570,중구,광복동,dong,constructionYear,ho_yr_001,1979년 이전,234.0,234,False
2024,2025-06-30,21090540,해운대구,중2동,dong,constructionYear,ho_yr_013,2017년,357.0,357,False
2024,2025-06-30,21040540,영도구,영선1동,dong,constructionYear,ho_yr_009,2013년,12.0,12,False
2024,2025-06-30,21130510,연제구,거제1동,dong,constructionYear,ho_yr_004,2000년~2004년,3450.0,3450,False
2024,2025-06-30,21120510,강서구,대저1동,dong,constructionYear,ho_yr_009,2013년,38.0,38,False
2024,2025-06-30,21140540,수영구,망미1동,dong,constructionYear,ho_yr_003,1990년~1999년,2601.0,2601,False
2024,2025-06-30,21130510,연제구,거제1동,dong,constructionYear,ho_yr_017,2021년,,N/A,True
2024,2025-06-30,21080550,북구,화명1동,dong,constructionYear,ho_yr_015,2019년,26.0,26,False
2024,2025-06-30,21120510,강서구,대저1동,dong,constructionYear,ho_yr_017,2021년,7.0,7,False
2024,2025-06-30,21020540,서구,서대신1동,dong,constructionYear,ho_yr_012,2016년,51.0,51,False
2024,2025-06-30,21010540,중구,보수동,dong,constructionYear,ho_yr_003,1990년~1999년,1214.0,1214,False
2024,2025-06-30,21080600,북구,만덕2동,dong,constructionYear,ho_yr_008,2012년,51.0,51,False
2024,2025-06-30,21040550,영도구,영선2동,dong,constructionYear,ho_yr_012,2016년,,N/A,True
2024,2025-06-30,21120520,강서구,대저2동,dong,constructionYear,ho_yr_015,2019년,18.0,18,False
2024,2025-06-30,21060560,동래구,온천2동,dong,constructionYear,ho_yr_017,2021년,,N/A,True
2024,2025-06-30,21140590,수영구,광안4동,dong,constructionYear,ho_yr_006,2010년,38.0,38,False
2024,2025-06-30,21100530,사하구,괴정3동,dong,constructionYear,ho_yr_002,1980년~1989년,1109.0,1109,False
2024,2025-06-30,21070690,남구,문현4동,dong,constructionYear,ho_yr_001,1979년 이전,564.0,564,False
2024,2025-06-30,21050640,부산진구,부암1동,dong,constructionYear,ho_yr_003,1990년~1999년,996.0,996,False
2024,2025-06-30,21030560,동구,수정1동,dong,constructionYear,ho_yr_012,2016년,11.0,11,False
2024,2025-06-30,21140590,수영구,광안4동,dong,constructionYear,ho_yr_014,2018년,150.0,150,False
2024,2025-06-30,21140540,수영구,망미1동,dong,constructionYear,ho_yr_015,2019년,1309.0,1309,False
2024,2025-06-30,21070680,남구,문현3동,dong,constructionYear,ho_yr_005,2005년~2009년,472.0,472,False
2024,2025-06-30,21090540,해운대구,중2동,dong,constructionYear,ho_yr_014,2018년,34.0,34,False
2024,2025-06-30,21110570,금정구,부곡1동,dong,constructionYear,ho_yr_006,2010년,,N/A,True
2024,2025-06-30,21040660,영도구,동삼2동,dong,constructionYear,ho_yr_009,2013년,114.0,114,False
2024,2025-06-30,21070540,남구,대연4동,dong,constructionYear,ho_yr_002,1980년~1989년,393.0,393,False
2024,2025-06-30,21090730,해운대구,우1동,dong,constructionYear,ho_yr_009,2013년,,N/A,True
2024,2025-06-30,21510110,기장군,기장읍,dong,constructionYear,ho_yr_006,2010년,132.0,132,False
2024,2025-06-30,21130560,연제구,연산2동,dong,constructionYear,ho_yr_018,2022년,148.0,148,False
2024,2025-06-30,21050540,부산진구,연지동,dong,constructionYear,ho_yr_015,2019년,,N/A,True
2024,2025-06-30,21020650,서구,남부민1동,dong,constructionYear,ho_yr_003,1990년~1999년,420.0,420,False
2024,2025-06-30,21130540,연제구,거제4동,dong,constructionYear,ho_yr_013,2017년,7.0,7,False
2024,2025-06-30,21050840,부산진구,범천2동,dong,constructionYear,ho_yr_012,2016년,115.0,115,False
2024,2025-06-30,21100640,사하구,구평동,dong,constructionYear,ho_yr_017,2021년,658.0,658,False
2024,2025-06-30,21140600,수영구,민락동,dong,constructionYear,ho_yr_018,2022년,76.0,76,False
2024,2025-06-30,21050820,부산진구,부전1동,dong,constructionYear,ho_yr_018,2022년,,N/A,True
2024,2025-06-30,21050540,부산진구,연지동,dong,constructionYear,ho_yr_018,2022년,1974.0,1974,False
2024,2025-06-30,21050570,부산진구,양정2동,dong,constructionYear,ho_yr_020,2024년,95.0,95,False
2024,2025-06-30,21150610,사상구,주례2동,dong,constructionYear,ho_yr_003,1990년~1999년,3660.0,3660,False
2024,2025-06-30,21110700,금정구,구서2동,dong,constructionYear,ho_yr_018,2022년,211.0,211,False
2024,2025-06-30,21150600,사상구,주례1동,dong,constructionYear,ho_yr_012,2016년,,N/A,True
2024,2025-06-30,21050740,부산진구,개금1동,dong,constructionYear,ho_yr_011,2015년,122.0,122,False
2024,2025-06-30,21120530,강서구,강동동,dong,constructionYear,ho_yr_012,2016년,6.0,6,False
2024,2025-06-30,21030550,동구,초량6동,dong,constructionYear,ho_yr_008,2012년,17.0,17,False
2024,2025-06-30,21050810,부산진구,가야1동,dong,constructionYear,ho_yr_012,2016년,40.0,40,False
2024,2025-06-30,21090620,해운대구,반송2동,dong,constructionYear,ho_yr_002,1980년~1989년,984.0,984,False
2024,2025-06-30,21050820,부산진구,부전1동,dong,constructionYear,ho_yr_012,2016년,98.0,98,False
2024,2025-06-30,21050680,부산진구,당감2동,dong,constructionYear,ho_yr_013,2017년,,N/A,True
2024,2025-06-30,21010590,중구,영주1동,dong,constructionYear,ho_yr_004,2000년~2004년,317.0,317,False
2024,2025-06-30,21090620,해운대구,반송2동,dong,constructionYear,ho_yr_010,2014년,19.0,19,False
2024,2025-06-30,21030710,동구,범일1동,dong,constructionYear,ho_yr_011,2015년,21.0,21,False
2024,2025-06-30,21100550,사하구,당리동,dong,constructionYear,ho_yr_001,1979년 이전,458.0,458,False
2024,2025-06-30,21030590,동구,수정4동,dong,constructionYear,ho_yr_001,1979년 이전,876.0,876,False
2024,2025-06-30,21080560,북구,덕천1동,dong,constructionYear,ho_yr_008,2012년,49.0,49,False
2024,2025-06-30,21090730,해운대구,우1동,dong,constructionYear,ho_yr_002,1980년~1989년,667.0,667,False
2024,2025-06-30,21090530,해운대구,중1동,dong,constructionYear,ho_yr_009,2013년,35.0,35,False
2024,2025-06-30,21070570,남구,용호1동,dong,constructionYear,ho_yr_009,2013년,24.0,24,False
2024,2025-06-30,21140600,수영구,민락동,dong,constructionYear,ho_yr_012,2016년,467.0,467,False
2024,2025-06-30,21030680,동구,범일5동,dong,constructionYear,ho_yr_002,1980년~1989년,290.0,290,False
2024,2025-06-30,21140600,수영구,민락동,dong,constructionYear,ho_yr_010,2014년,1185.0,1185,False
2024,2025-06-30,21040640,영도구,청학2동,dong,constructionYear,ho_yr_019,2023년,,N/A,True
2024,2025-06-30,21070590,남구,용호3동,dong,constructionYear,ho_yr_010,2014년,76.0,76,False
2024,2025-06-30,21130560,연제구,연산2동,dong,constructionYear,ho_yr_017,2021년,24.0,24,False
2024,2025-06-30,21040640,영도구,청학2동,dong,constructionYear,ho_yr_001,1979년 이전,1089.0,1089,False
2024,2025-06-30,21150570,사상구,괘법동,dong,constructionYear,ho_yr_015,2019년,286.0,286,False
2024,2025-06-30,21130550,연제구,연산1동,dong,constructionYear,ho_yr_019,2023년,19.0,19,False
2024,2025-06-30,21020560,서구,서대신3동,dong,constructionYear,ho_yr_001,1979년 이전,279.0,279,False
2024,2025-06-30,21090590,해운대구,반여3동,dong,constructionYear,ho_yr_002,1980년~1989년,383.0,383,False
2024,2025-06-30,21140530,수영구,수영동,dong,constructionYear,ho_yr_002,1980년~1989년,1737.0,1737,False
2024,2025-06-30,21050540,부산진구,연지동,dong,constructionYear,ho_yr_007,2011년,1019.0,1019,False
2024,2025-06-30,21090560,해운대구,송정동,dong,constructionYear,ho_yr_010,2014년,72.0,72,False
2024,2025-06-30,21110600,금정구,부곡4동,dong,constructionYear,ho_yr_014,2018년,247.0,247,False
2024,2025-06-30,21040550,영도구,영선2동,dong,constructionYear,ho_yr_006,2010년,10.0,10,False
2024,2025-06-30,21060650,동래구,명륜동,dong,constructionYear,ho_yr_020,2024년,,N/A,True
2024,2025-06-30,21150550,사상구,덕포1동,dong,constructionYear,ho_yr_010,2014년,12.0,12,False
2024,2025-06-30,21130590,연제구,연산5동,dong,constructionYear,ho_yr_011,2015년,420.0,420,False
2024,2025-06-30,21070690,남구,문현4동,dong,constructionYear,ho_yr_007,2011년,22.0,22,False
2024,2025-06-30,21090730,해운대구,우1동,dong,constructionYear,ho_yr_003,1990년~1999년,2408.0,2408,False
2024,2025-06-30,21110700,금정구,구서2동,dong,constructionYear,ho_yr_004,2000년~2004년,881.0,881,False
2024,2025-06-30,21060600,동래구,사직3동,dong,constructionYear,ho_yr_008,2012년,55.0,55,False
2024,2025-06-30,21050610,부산진구,전포2동,dong,constructionYear,ho_yr_019,2023년,1398.0,1398,False
2024,2025-06-30,21090730,해운대구,우1동,dong,constructionYear,ho_yr_007,2011년,213.0,213,False
2024,2025-06-30,21080520,북구,구포2동,dong,constructionYear,ho_yr_018,2022년,7.0,7,False
2024,2025-06-30,21050760,부산진구,개금3동,dong,constructionYear,ho_yr_006,2010년,16.0,16,False
2024,2025-06-30,21040690,영도구,봉래2동,dong,constructionYear,ho_yr_016,2020년,,N/A,True
2024,2025-06-30,21040680,영도구,신선동,dong,constructionYear,ho_yr_001,1979년 이전,1079.0,1079,False
2024,2025-06-30,21130600,연제구,연산6동,dong,constructionYear,ho_yr_007,2011년,43.0,43,False
2024,2025-06-30,21050800,부산진구,당감1동,dong,constructionYear,ho_yr_002,1980년~1989년,4005.0,4005,False
2024,2025-06-30,21140560,수영구,광안1동,dong,constructionYear,ho_yr_004,2000년~2004년,1154.0,1154,False
2024,2025-06-30,21110600,금정구,부곡4동,dong,constructionYear,ho_yr_005,2005년~2009년,507.0,507,False
2024,2025-06-30,21050520,부산진구,부전2동,dong,constructionYear,ho_yr_005,2005년~2009년,417.0,417,False
2024,2025-06-30,21080590,북구,만덕1동,dong,constructionYear,ho_yr_014,2018년,,N/A,True
2024,2025-06-30,21050770,부산진구,범천1동,dong,constructionYear,ho_yr_018,2022년,223.0,223,False
2024,2025-06-30,21140520,수영구,남천2동,dong,constructionYear,ho_yr_010,2014년,,N/A,True
2024,2025-06-30,21100600,사하구,장림1동,dong,constructionYear,ho_yr_005,2005년~2009년,1994.0,1994,False
2024,2025-06-30,21060610,동래구,안락1동,dong,constructionYear,ho_yr_012,2016년,72.0,72,False
2024,2025-06-30,21140570,수영구,광안2동,dong,constructionYear,ho_yr_010,2014년,929.0,929,False
2024,2025-06-30,21020560,서구,서대신3동,dong,constructionYear,ho_yr_013,2017년,122.0,122,False
2024,2025-06-30,21020650,서구,남부민1동,dong,constructionYear,ho_yr_016,2020년,188.0,188,False
2024,2025-06-30,21030700,동구,좌천동,dong,constructionYear,ho_yr_019,2023년,,N/A,True
2024,2025-06-30,21120530,강서구,강동동,dong,constructionYear,ho_yr_018,2022년,12.0,12,False
2024,2025-06-30,21050660,부산진구,부암3동,dong,constructionYear,ho_yr_001,1979년 이전,344.0,344,False
2024,2025-06-30,21050610,부산진구,전포2동,dong,constructionYear,ho_yr_005,2005년~2009년,1255.0,1255,False
2024,2025-06-30,21070700,남구,대연1동,dong,constructionYear,ho_yr_001,1979년 이전,476.0,476,False
2024,2025-06-30,21110690,금정구,구서1동,dong,constructionYear,ho_yr_007,2011년,14.0,14,False
2024,2025-06-30,21040650,영도구,동삼1동,dong,constructionYear,ho_yr_008,2012년,85.0,85,False
2024,2025-06-30,21150550,사상구,덕포1동,dong,constructionYear,ho_yr_001,1979년 이전,430.0,430,False
2024,2025-06-30,21130510,연제구,거제1동,dong,constructionYear,ho_yr_009,2013년,119.0,119,False
2024,2025-06-30,21040590,영도구,봉래1동,dong,constructionYear,ho_yr_005,2005년~2009년,,N/A,True
2024,2025-06-30,21100540,사하구,괴정4동,dong,constructionYear,ho_yr_004,2000년~2004년,827.0,827,False
2024,2025-06-30,21020560,서구,서대신3동,dong,constructionYear,ho_yr_003,1990년~1999년,326.0,326,False
2024,2025-06-30,21100540,사하구,괴정4동,dong,constructionYear,ho_yr_009,2013년,85.0,85,False
2024,2025-06-30,21080530,북구,구포3동,dong,constructionYear,ho_yr_017,2021년,5.0,5,False
2024,2025-06-30,21050550,부산진구,초읍동,dong,constructionYear,ho_yr_001,1979년 이전,768.0,768,False
2024,2025-06-30,21080530,북구,구포3동,dong,constructionYear,ho_yr_007,2011년,45.0,45,False
2024,2025-06-30,21090680,해운대구,좌3동,dong,constructionYear,ho_yr_012,2016년,,N/A,True
2024,2025-06-30,21110740,금정구,장전2동,dong,constructionYear,ho_yr_012,2016년,101.0,101,False
2024,2025-06-30,21090590,해운대구,반여3동,dong,constructionYear,ho_yr_005,2005년~2009년,5.0,5,False
2024,2025-06-30,21070600,남구,용호4동,dong,constructionYear,ho_yr_010,2014년,31.0,31,False
2024,2025-06-30,21050700,부산진구,당감4동,dong,constructionYear,ho_yr_007,2011년,,N/A,True
2024,2025-06-30,21080590,북구,만덕1동,dong,constructionYear,ho_yr_017,2021년,1874.0,1874,False
2024,2025-06-30,21510330,기장군,철마면,dong,constructionYear,ho_yr_018,2022년,14.0,14,False
2024,2025-06-30,21110740,금정구,장전2동,dong,constructionYear,ho_yr_016,2020년,11.0,11,False
2024,2025-06-30,21020510,서구,동대신1동,dong,constructionYear,ho_yr_006,2010년,,N/A,True
2024,2025-06-30,21130560,연제구,연산2동,dong,constructionYear,ho_yr_010,2014년,31.0,31,False
2024,2025-06-30,21140590,수영구,광안4동,dong,constructionYear,ho_yr_010,2014년,296.0,296,False
2024,2025-06-30,21140570,수영구,광안2동,dong,constructionYear,ho_yr_002,1980년~1989년,774.0,774,False
2024,2025-06-30,21020570,서구,서대신4동,dong,constructionYear,ho_yr_001,1979년 이전,200.0,200,False
2024,2025-06-30,21090530,해운대구,중1동,dong,constructionYear,ho_yr_014,2018년,,N/A,True
2024,2025-06-30,21030530,동구,초량3동,dong,constructionYear,ho_yr_013,2017년,88.0,88,False
2024,2025-06-30,21100520,사하구,괴정2동,dong,constructionYear,ho_yr_018,2022년,836.0,836,False
2024,2025-06-30,21050770,부산진구,범천1동,dong,constructionYear,ho_yr_013,2017년,200.0,200,False
2024,2025-06-30,21130590,연제구,연산5동,dong,constructionYear,ho_yr_002,1980년~1989년,165.0,165,False
2024,2025-06-30,21010560,중구,부평동,dong,constructionYear,ho_yr_002,1980년~1989년,225.0,225,False
2024,2025-06-30,21110700,금정구,구서2동,dong,constructionYear,ho_yr_012,2016년,134.0,134,False
2024,2025-06-30,21140600,수영구,민락동,dong,constructionYear,ho_yr_003,1990년~1999년,1332.0,1332,False
2024,2025-06-30,21100530,사하구,괴정3동,dong,constructionYear,ho_yr_004,2000년~2004년,685.0,685,False
2024,2025-06-30,21050720,부산진구,가야2동,dong,constructionYear,ho_yr_009,2013년,293.0,293,False
2024,2025-06-30,21110600,금정구,부곡4동,dong,constructionYear,ho_yr_008,2012년,20.0,20,False
2024,2025-06-30,21040660,영도구,동삼2동,dong,constructionYear,ho_yr_015,2019년,,N/A,True
2024,2025-06-30,21110740,금정구,장전2동,dong,constructionYear,ho_yr_007,2011년,61.0,61,False
2024,2025-06-30,21050840,부산진구,범천2동,dong,constructionYear,ho_yr_004,2000년~2004년,1775.0,1775,False
2024,2025-06-30,21130530,연제구,거제3동,dong,constructionYear,ho_yr_012,2016년,237.0,237,False
2024,2025-06-30,21040530,영도구,남항동,dong,constructionYear,ho_yr_018,2022년,72.0,72,False
2024,2025-06-30,21040530,영도구,남항동,dong,constructionYear,ho_yr_016,2020년,107.0,107,False
2024,2025-06-30,21070710,남구,우암동,dong,constructionYear,ho_yr_005,2005년~2009년,67.0,67,False
2024,2025-06-30,21120510,강서구,대저1동,dong,constructionYear,ho_yr_019,2023년,,N/A,True
2024,2025-06-30,21100580,사하구,신평1동,dong,constructionYear,ho_yr_014,2018년,95.0,95,False
2024,2025-06-30,21050720,부산진구,가야2동,dong,constructionYear,ho_yr_013,2017년,5.0,5,False
2024,2025-06-30,21010530,중구,대청동,dong,constructionYear,ho_yr_001,1979년 이전,281.0,281,False
2024,2025-06-30,21120580,강서구,가덕도동,dong,constructionYear,ho_yr_008,2012년,45.0,45,False
2024,2025-06-30,21140600,수영구,민락동,dong,constructionYear,ho_yr_002,1980년~1989년,890.0,890,False
2024,2025-06-30,21130550,연제구,연산1동,dong,constructionYear,ho_yr_002,1980년~1989년,635.0,635,False
2024,2025-06-30,21120530,강서구,강동동,dong,constructionYear,ho_yr_007,2011년,11.0,11,False
2024,2025-06-30,21150600,사상구,주례1동,dong,constructionYear,ho_yr_019,2023년,,N/A,True
2024,2025-06-30,21150640,사상구,엄궁동,dong,constructionYear,ho_yr_018,2022년,,N/A,True
2024,2025-06-30,21130580,연제구,연산4동,dong,constructionYear,ho_yr_005,2005년~2009년,713.0,713,False
2024,2025-06-30,21040640,영도구,청학2동,dong,constructionYear,ho_yr_011,2015년,26.0,26,False
2024,2025-06-30,21020610,서구,아미동,dong,constructionYear,ho_yr_003,1990년~1999년,542.0,542,False
2024,2025-06-30,21040670,영도구,동삼3동,dong,constructionYear,ho_yr_002,1980년~1989년,348.0,348,False
2024,2025-06-30,21150550,사상구,덕포1동,dong,constructionYear,ho_yr_011,2015년,16.0,16,False
2024,2025-06-30,21100530,사하구,괴정3동,dong,constructionYear,ho_yr_014,2018년,16.0,16,False
2024,2025-06-30,21150540,사상구,모라3동,dong,constructionYear,ho_yr_009,2013년,,N/A,True
2024,2025-06-30,21070610,남구,용당동,dong,constructionYear,ho_yr_005,2005년~2009년,721.0,721,False
2024,2025-06-30,21510120,기장군,장안읍,dong,constructionYear,ho_yr_011,2015년,276.0,276,False
2024,2025-06-30,21080540,북구,금곡동,dong,constructionYear,ho_yr_011,2015년,811.0,811,False
2024,2025-06-30,21040640,영도구,청학2동,dong,constructionYear,ho_yr_014,2018년,18.0,18,False
2024,2025-06-30,21120590,강서구,명지1동,dong,constructionYear,ho_yr_004,2000년~2004년,111.0,111,False
2024,2025-06-30,21150570,사상구,괘법동,dong,constructionYear,ho_yr_011,2015년,62.0,62,False
2024,2025-06-30,21070610,남구,용당동,dong,constructionYear,ho_yr_012,2016년,,N/A,True
2024,2025-06-30,21120561,강서구,녹산동,dong,constructionYear,ho_yr_017,2021년,16.0,16,False
2024,2025-06-30,21150560,사상구,덕포2동,dong,constructionYear,ho_yr_001,1979년 이전,205.0,205,False
2024,2025-06-30,21020590,서구,부민동,dong,constructionYear,ho_yr_010,2014년,125.0,125,False
2024,2025-06-30,21080620,북구,화명2동,dong,constructionYear,ho_yr_010,2014년,,N/A,True
2024,2025-06-30,21050680,부산진구,당감2동,dong,constructionYear,ho_yr_001,1979년 이전,175.0,175,False
2024,2025-06-30,21050800,부산진구,당감1동,dong,constructionYear,ho_yr_005,2005년~2009년,1087.0,1087,False
2024,2025-06-30,21100560,사하구,하단1동,dong,constructionYear,ho_yr_009,2013년,174.0,174,False
2024,2025-06-30,21040550,영도구,영선2동,dong,constructionYear,ho_yr_004,2000년~2004년,945.0,945,False
2024,2025-06-30,21150620,사상구,주례3동,dong,constructionYear,ho_yr_012,2016년,30.0,30,False
2024,2025-06-30,21080560,북구,덕천1동,dong,constructionYear,ho_yr_005,2005년~2009년,747.0,747,False
2024,2025-06-30,21090650,해운대구,재송2동,dong,constructionYear,ho_yr_006,2010년,,N/A,True
2024,2025-06-30,21130530,연제구,거제3동,dong,constructionYear,ho_yr_016,2020년,16.0,16,False
2024,2025-06-30,21090560,해운대구,송정동,dong,constructionYear,ho_yr_002,1980년~1989년,169.0,169,False
2024,2025-06-30,21110670,금정구,청룡노포동,dong,constructionYear,ho_yr_012,2016년,27.0,27,False
2024,2025-06-30,21090710,해운대구,반여4동,dong,constructionYear,ho_yr_012,2016년,,N/A,True
2024,2025-06-30,21080540,북구,금곡동,dong,constructionYear,ho_yr_005,2005년~2009년,209.0,209,False
2024,2025-06-30,21130540,연제구,거제4동,dong,constructionYear,ho_yr_010,2014년,71.0,71,False
2024,2025-06-30,21040550,영도구,영선2동,dong,constructionYear,ho_yr_002,1980년~1989년,354.0,354,False
2024,2025-06-30,21140550,수영구,망미2동,dong,constructionYear,ho_yr_007,2011년,9.0,9,False
2024,2025-06-30,21510111,기장군,일광읍,dong,constructionYear,ho_yr_006,2010년,29.0,29,False
2024,2025-06-30,21020530,서구,동대신3동,dong,constructionYear,ho_yr_008,2012년,29.0,29,False
2024,2025-06-30,21040540,영도구,영선1동,dong,constructionYear,ho_yr_001,1979년 이전,224.0,224,False
2024,2025-06-30,21010540,중구,보수동,dong,constructionYear,ho_yr_005,2005년~2009년,43.0,43,False
2024,2025-06-30,21060570,동래구,온천3동,dong,constructionYear,ho_yr_017,2021년,82.0,82,False
2024,2025-06-30,21110600,금정구,부곡4동,dong,constructionYear,ho_yr_007,2011년,,N/A,True
2024,2025-06-30,21070710,남구,우암동,dong,constructionYear,ho_yr_001,1979년 이전,395.0,395,False
2024,2025-06-30,21110640,금정구,선두구동,dong,constructionYear,ho_yr_018,2022년,6.0,6,False
2024,2025-06-30,21030600,동구,수정5동,dong,constructionYear,ho_yr_001,1979년 이전,626.0,626,False
2024,2025-06-30,21110670,금정구,청룡노포동,dong,constructionYear,ho_yr_020,2024년,,N/A,True
2024,2025-06-30,21110590,금정구,부곡3동,dong,constructionYear,ho_yr_001,1979년 이전,264.0,264,False
2024,2025-06-30,21030570,동구,수정2동,dong,constructionYear,ho_yr_016,2020년,87.0,87,False
2024,2025-06-30,21130600,연제구,연산6동,dong,constructionYear,ho_yr_014,2018년,136.0,136,False
2024,2025-06-30,21010600,중구,영주2동,dong,constructionYear,ho_yr_014,2018년,,N/A,True
2024,2025-06-30,21050840,부산진구,범천2동,dong,constructionYear,ho_yr_016,2020년,541.0,541,False
2024,2025-06-30,21070540,남구,대연4동,dong,constructionYear,ho_yr_015,2019년,24.0,24,False
2024,2025-06-30,21090740,해운대구,우2동,dong,constructionYear,ho_yr_005,2005년~2009년,526.0,526,False
2024,2025-06-30,21140560,수영구,광안1동,dong,constructionYear,ho_yr_012,2016년,500.0,500,False
2024,2025-06-30,21130540,연제구,거제4동,dong,constructionYear,ho_yr_009,2013년,69.0,69,False
2024,2025-06-30,21130520,연제구,거제2동,dong,constructionYear,ho_yr_019,2023년,463.0,463,False
2024,2025-06-30,21110510,금정구,서1동,dong,constructionYear,ho_yr_005,2005년~2009년,12.0,12,False
2024,2025-06-30,21140520,수영구,남천2동,dong,constructionYear,ho_yr_019,2023년,882.0,882,False
2024,2025-06-30,21110570,금정구,부곡1동,dong,constructionYear,ho_yr_013,2017년,,N/A,True
2024,2025-06-30,21140590,수영구,광안4동,dong,constructionYear,ho_yr_008,2012년,84.0,84,False
2024,2025-06-30,21060630,동래구,명장1동,dong,constructionYear,ho_yr_015,2019년,1339.0,1339,False
2024,2025-06-30,21050610,부산진구,전포2동,dong,constructionYear,ho_yr_009,2013년,270.0,270,False
2024,2025-06-30,21090700,해운대구,반여1동,dong,constructionYear,ho_yr_001,1979년 이전,568.0,568,False
2024,2025-06-30,21100520,사하구,괴정2동,dong,constructionYear,ho_yr_003,1990년~1999년,1011.0,1011,False
2024,2025-06-30,21110700,금정구,구서2동,dong,constructionYear,ho_yr_011,2015년,103.0,103,False
2024,2025-06-30,21050810,부산진구,가야1동,dong,constructionYear,ho_yr_013,2017년,82.0,82,False
2024,2025-06-30,21140530,수영구,수영동,dong,constructionYear,ho_yr_019,2023년,56.0,56,False
2024,2025-06-30,21020510,서구,동대신1동,dong,constructionYear,ho_yr_017,2021년,503.0,503,False
2024,2025-06-30,21120530,강서구,강동동,dong,constructionYear,ho_yr_013,2017년,11.0,11,False
2024,2025-06-30,21130530,연제구,거제3동,dong,constructionYear,ho_yr_014,2018년,35.0,35,False
2024,2025-06-30,21060600,동래구,사직3동,dong,constructionYear,ho_yr_010,2014년,45.0,45,False
2024,2025-06-30,21070680,남구,문현3동,dong,constructionYear,ho_yr_012,2016년,21.0,21,False
2024,2025-06-30,21150560,사상구,덕포2동,dong,constructionYear,ho_yr_002,1980년~1989년,1388.0,1388,False
2024,2025-06-30,21150550,사상구,덕포1동,dong,constructionYear,ho_yr_009,2013년,508.0,508,False
2024,2025-06-30,21130570,연제구,연산3동,dong,constructionYear,ho_yr_017,2021년,1606.0,1606,False
2024,2025-06-30,21100620,사하구,다대1동,dong,constructionYear,ho_yr_010,2014년,25.0,25,False
2024,2025-06-30,21130560,연제구,연산2동,dong,constructionYear,ho_yr_006,2010년,115.0,115,False
2024,2025-06-30,21010590,중구,영주1동,dong,constructionYear,ho_yr_015,2019년,,N/A,True
2024,2025-06-30,21060580,동래구,사직1동,dong,constructionYear,ho_yr_007,2011년,85.0,85,False
2024,2025-06-30,21030520,동구,초량2동,dong,constructionYear,ho_yr_010,2014년,18.0,18,False
2024,2025-06-30,21050700,부산진구,당감4동,dong,constructionYear,ho_yr_006,2010년,,N/A,True
2024,2025-06-30,21010510,중구,중앙동,dong,constructionYear,ho_yr_007,2011년,,N/A,True
2024,2025-06-30,21140560,수영구,광안1동,dong,constructionYear,ho_yr_016,2020년,134.0,134,False
2024,2025-06-30,21150560,사상구,덕포2동,dong,constructionYear,ho_yr_015,2019년,10.0,10,False
2024,2025-06-30,21150600,사상구,주례1동,dong,constructionYear,ho_yr_018,2022년,998.0,998,False
2024,2025-06-30,21120550,강서구,가락동,dong,constructionYear,ho_yr_014,2018년,20.0,20,False
2024,2025-06-30,21080620,북구,화명2동,dong,constructionYear,ho_yr_018,2022년,452.0,452,False
2024,2025-06-30,21130520,연제구,거제2동,dong,constructionYear,ho_yr_020,2024년,4208.0,4208,False
2024,2025-06-30,21100540,사하구,괴정4동,dong,constructionYear,ho_yr_011,2015년,36.0,36,False
2024,2025-06-30,21040640,영도구,청학2동,dong,constructionYear,ho_yr_008,2012년,19.0,19,False
2024,2025-06-30,21150650,사상구,감전동,dong,constructionYear,ho_yr_011,2015년,17.0,17,False
2024,2025-06-30,21080520,북구,구포2동,dong,constructionYear,ho_yr_014,2018년,281.0,281,False
2024,2025-06-30,21040680,영도구,신선동,dong,constructionYear,ho_yr_004,2000년~2004년,141.0,141,False
2024,2025-06-30,21070540,남구,대연4동,dong,constructionYear,ho_yr_017,2021년,11.0,11,False
2024,2025-06-30,21100510,사하구,괴정1동,dong,constructionYear,ho_yr_007,2011년,13.0,13,False
2024,2025-06-30,21070600,남구,용호4동,dong,constructionYear,ho_yr_012,2016년,9.0,9,False
2024,2025-06-30,21070700,남구,대연1동,dong,constructionYear,ho_yr_016,2020년,153.0,153,False
2024,2025-06-30,21140540,수영구,망미1동,dong,constructionYear,ho_yr_001,1979년 이전,1303.0,1303,False
2024,2025-06-30,21510111,기장군,일광읍,dong,constructionYear,ho_yr_005,2005년~2009년,118.0,118,False
2024,2025-06-30,21080620,북구,화명2동,dong,constructionYear,ho_yr_011,2015년,12.0,12,False
2024,2025-06-30,21050810,부산진구,가야1동,dong,constructionYear,ho_yr_010,2014년,47.0,47,False
2024,2025-06-30,21100570,사하구,하단2동,dong,constructionYear,ho_yr_003,1990년~1999년,2475.0,2475,False
2024,2025-06-30,21090620,해운대구,반송2동,dong,constructionYear,ho_yr_009,2013년,,N/A,True
2024,2025-06-30,21070540,남구,대연4동,dong,constructionYear,ho_yr_005,2005년~2009년,5.0,5,False
2024,2025-06-30,21120590,강서구,명지1동,dong,constructionYear,ho_yr_012,2016년,4351.0,4351,False
2024,2025-06-30,21110680,금정구,남산동,dong,constructionYear,ho_yr_014,2018년,126.0,126,False
2024,2025-06-30,21090650,해운대구,재송2동,dong,constructionYear,ho_yr_009,2013년,39.0,39,False
2024,2025-06-30,21110640,금정구,선두구동,dong,constructionYear,ho_yr_009,2013년,18.0,18,False
2024,2025-06-30,21080600,북구,만덕2동,dong,constructionYear,ho_yr_012,2016년,,N/A,True
2024,2025-06-30,21130630,연제구,연산9동,dong,constructionYear,ho_yr_006,2010년,,N/A,True
2024,2025-06-30,21070610,남구,용당동,dong,constructionYear,ho_yr_019,2023년,,N/A,True
2024,2025-06-30,21120530,강서구,강동동,dong,constructionYear,ho_yr_019,2023년,12.0,12,False
2024,2025-06-30,21030560,동구,수정1동,dong,constructionYear,ho_yr_004,2000년~2004년,468.0,468,False
2024,2025-06-30,21150540,사상구,모라3동,dong,constructionYear,ho_yr_017,2021년,,N/A,True
2024,2025-06-30,21030570,동구,수정2동,dong,constructionYear,ho_yr_004,2000년~2004년,333.0,333,False
2024,2025-06-30,21130550,연제구,연산1동,dong,constructionYear,ho_yr_015,2019년,49.0,49,False
2024,2025-06-30,21060510,동래구,수민동,dong,constructionYear,ho_yr_020,2024년,292.0,292,False
2024,2025-06-30,21090680,해운대구,좌3동,dong,constructionYear,ho_yr_007,2011년,,N/A,True
2024,2025-06-30,21080570,북구,덕천2동,dong,constructionYear,ho_yr_008,2012년,41.0,41,False
2024,2025-06-30,21130630,연제구,연산9동,dong,constructionYear,ho_yr_020,2024년,,N/A,True
2024,2025-06-30,21080540,북구,금곡동,dong,constructionYear,ho_yr_014,2018년,30.0,30,False
2024,2025-06-30,21050610,부산진구,전포2동,dong,constructionYear,ho_yr_013,2017년,42.0,42,False
2024,2025-06-30,21090660,해운대구,좌1동,dong,constructionYear,ho_yr_004,2000년~2004년,12.0,12,False
2024,2025-06-30,21030550,동구,초량6동,dong,constructionYear,ho_yr_010,2014년,10.0,10,False
2024,2025-06-30,21050720,부산진구,가야2동,dong,constructionYear,ho_yr_004,2000년~2004년,126.0,126,False
2024,2025-06-30,21510111,기장군,일광읍,dong,constructionYear,ho_yr_013,2017년,54.0,54,False
2024,2025-06-30,21050540,부산진구,연지동,dong,constructionYear,ho_yr_014,2018년,32.0,32,False
2024,2025-06-30,21510130,기장군,정관읍,dong,constructionYear,ho_yr_020,2024년,,N/A,True
2024,2025-06-30,21100520,사하구,괴정2동,dong,constructionYear,ho_yr_020,2024년,,N/A,True
2024,2025-06-30,21110690,금정구,구서1동,dong,constructionYear,ho_yr_011,2015년,9.0,9,False
2024,2025-06-30,21100540,사하구,괴정4동,dong,constructionYear,ho_yr_005,2005년~2009년,26.0,26,False
2024,2025-06-30,21100630,사하구,다대2동,dong,constructionYear,ho_yr_010,2014년,1310.0,1310,False
2024,2025-06-30,21100580,사하구,신평1동,dong,constructionYear,ho_yr_007,2011년,,N/A,True
2024,2025-06-30,21080570,북구,덕천2동,dong,constructionYear,ho_yr_004,2000년~2004년,609.0,609,False
2024,2025-06-30,21150520,사상구,모라1동,dong,constructionYear,ho_yr_011,2015년,10.0,10,False
2024,2025-06-30,21100650,사하구,감천1동,dong,constructionYear,ho_yr_003,1990년~1999년,2248.0,2248,False
2024,2025-06-30,21100530,사하구,괴정3동,dong,constructionYear,ho_yr_006,2010년,7.0,7,False
2024,2025-06-30,21060650,동래구,명륜동,dong,constructionYear,ho_yr_018,2022년,871.0,871,False
2024,2025-06-30,21110580,금정구,부곡2동,dong,constructionYear,ho_yr_018,2022년,15.0,15,False
2024,2025-06-30,21090640,해운대구,재송1동,dong,constructionYear,ho_yr_019,2023년,,N/A,True
2024,2025-06-30,21050770,부산진구,범천1동,dong,constructionYear,ho_yr_001,1979년 이전,311.0,311,False
2024,2025-06-30,21070580,남구,용호2동,dong,constructionYear,ho_yr_005,2005년~2009년,3233.0,3233,False
2024,2025-06-30,21070670,남구,문현2동,dong,constructionYear,ho_yr_019,2023년,255.0,255,False
2024,2025-06-30,21120561,강서구,녹산동,dong,constructionYear,ho_yr_020,2024년,,N/A,True
2024,2025-06-30,21130520,연제구,거제2동,dong,constructionYear,ho_yr_002,1980년~1989년,242.0,242,False
2024,2025-06-30,21070700,남구,대연1동,dong,constructionYear,ho_yr_008,2012년,414.0,414,False
2024,2025-06-30,21100520,사하구,괴정2동,dong,constructionYear,ho_yr_001,1979년 이전,887.0,887,False
2024,2025-06-30,21110700,금정구,구서2동,dong,constructionYear,ho_yr_003,1990년~1999년,2542.0,2542,False
2024,2025-06-30,21020540,서구,서대신1동,dong,constructionYear,ho_yr_015,2019년,84.0,84,False
2024,2025-06-30,21070590,남구,용호3동,dong,constructionYear,ho_yr_015,2019년,20.0,20,False
2024,2025-06-30,21060510,동래구,수민동,dong,constructionYear,ho_yr_001,1979년 이전,1542.0,1542,False
2024,2025-06-30,21090730,해운대구,우1동,dong,constructionYear,ho_yr_012,2016년,7.0,7,False
2024,2025-06-30,21130580,연제구,연산4동,dong,constructionYear,ho_yr_012,2016년,80.0,80,False
2024,2025-06-30,21120590,강서구,명지1동,dong,constructionYear,ho_yr_018,2022년,95.0,95,False
2024,2025-06-30,21090750,해운대구,우3동,dong,constructionYear,ho_yr_004,2000년~2004년,266.0,266,False
2024,2025-06-30,21150550,사상구,덕포1동,dong,constructionYear,ho_yr_004,2000년~2004년,625.0,625,False
2024,2025-06-30,21090730,해운대구,우1동,dong,constructionYear,ho_yr_018,2022년,,N/A,True
2024,2025-06-30,21060630,동래구,명장1동,dong,constructionYear,ho_yr_017,2021년,132.0,132,False
2024,2025-06-30,21080560,북구,덕천1동,dong,constructionYear,ho_yr_017,2021년,6.0,6,False
2024,2025-06-30,21090720,해운대구,반송1동,dong,constructionYear,ho_yr_003,1990년~1999년,2823.0,2823,False
2024,2025-06-30,21060520,동래구,복산동,dong,constructionYear,ho_yr_009,2013년,268.0,268,False
2024,2025-06-30,21040650,영도구,동삼1동,dong,constructionYear,ho_yr_014,2018년,37.0,37,False
2024,2025-06-30,21120510,강서구,대저1동,dong,constructionYear,ho_yr_018,2022년,7.0,7,False
2024,2025-06-30,21110570,금정구,부곡1동,dong,constructionYear,ho_yr_007,2011년,31.0,31,False
2024,2025-06-30,21110690,금정구,구서1동,dong,constructionYear,ho_yr_014,2018년,153.0,153,False
2024,2025-06-30,21150540,사상구,모라3동,dong,constructionYear,ho_yr_019,2023년,,N/A,True
2024,2025-06-30,21140590,수영구,광안4동,dong,constructionYear,ho_yr_009,2013년,59.0,59,False
2024,2025-06-30,21070700,남구,대연1동,dong,constructionYear,ho_yr_011,2015년,179.0,179,False
2024,2025-06-30,21510111,기장군,일광읍,dong,constructionYear,ho_yr_008,2012년,52.0,52,False
2024,2025-06-30,21130570,연제구,연산3동,dong,constructionYear,ho_yr_007,2011년,7.0,7,False
2024,2025-06-30,21090750,해운대구,우3동,dong,constructionYear,ho_yr_003,1990년~1999년,3631.0,3631,False
2024,2025-06-30,21100640,사하구,구평동,dong,constructionYear,ho_yr_010,2014년,,N/A,True
2024,2025-06-30,21050810,부산진구,가야1동,dong,constructionYear,ho_yr_003,1990년~1999년,1268.0,1268,False
2024,2025-06-30,21100530,사하구,괴정3동,dong,constructionYear,ho_yr_012,2016년,77.0,77,False
2024,2025-06-30,21140560,수영구,광안1동,dong,constructionYear,ho_yr_008,2012년,660.0,660,False
2024,2025-06-30,21140510,수영구,남천1동,dong,constructionYear,ho_yr_015,2019년,109.0,109,False
2024,2025-06-30,21110720,금정구,서3동,dong,constructionYear,ho_yr_020,2024년,28.0,28,False
2024,2025-06-30,21100610,사하구,장림2동,dong,constructionYear,ho_yr_009,2013년,49.0,49,False
2024,2025-06-30,21080580,북구,덕천3동,dong,constructionYear,ho_yr_014,2018년,30.0,30,False
2024,2025-06-30,21030530,동구,초량3동,dong,constructionYear,ho_yr_007,2011년,250.0,250,False
2024,2025-06-30,21060560,동래구,온천2동,dong,constructionYear,ho_yr_010,2014년,106.0,106,False
2024,2025-06-30,21120590,강서구,명지1동,dong,constructionYear,ho_yr_001,1979년 이전,164.0,164,False
2024,2025-06-30,21090740,해운대구,우2동,dong,constructionYear,ho_yr_014,2018년,1037.0,1037,False
2024,2025-06-30,21040640,영도구,청학2동,dong,constructionYear,ho_yr_006,2010년,,N/A,True
2024,2025-06-30,21120562,강서구,신호동,dong,constructionYear,ho_yr_004,2000년~2004년,53.0,53,False
2024,2025-06-30,21510110,기장군,기장읍,dong,constructionYear,ho_yr_017,2021년,254.0,254,False
2024,2025-06-30,21090720,해운대구,반송1동,dong,constructionYear,ho_yr_010,2014년,10.0,10,False
2024,2025-06-30,21510330,기장군,철마면,dong,constructionYear,ho_yr_003,1990년~1999년,297.0,297,False
2024,2025-06-30,21050760,부산진구,개금3동,dong,constructionYear,ho_yr_012,2016년,27.0,27,False
2024,2025-06-30,21060560,동래구,온천2동,dong,constructionYear,ho_yr_005,2005년~2009년,526.0,526,False
2024,2025-06-30,21020630,서구,초장동,dong,constructionYear,ho_yr_013,2017년,21.0,21,False
2024,2025-06-30,21110640,금정구,선두구동,dong,constructionYear,ho_yr_007,2011년,17.0,17,False
2024,2025-06-30,21040660,영도구,동삼2동,dong,constructionYear,ho_yr_004,2000년~2004년,86.0,86,False
2024,2025-06-30,21070530,남구,대연3동,dong,constructionYear,ho_yr_018,2022년,396.0,396,False
2024,2025-06-30,21150610,사상구,주례2동,dong,constructionYear,ho_yr_020,2024년,14.0,14,False
2024,2025-06-30,21050830,부산진구,전포1동,dong,constructionYear,ho_yr_011,2015년,39.0,39,False
2024,2025-06-30,21030530,동구,초량3동,dong,constructionYear,ho_yr_002,1980년~1989년,64.0,64,False
2024,2025-06-30,21010600,중구,영주2동,dong,constructionYear,ho_yr_010,2014년,,N/A,True
2024,2025-06-30,21060590,동래구,사직2동,dong,constructionYear,ho_yr_001,1979년 이전,75.0,75,False
2024,2025-06-30,21060570,동래구,온천3동,dong,constructionYear,ho_yr_015,2019년,1042.0,1042,False
2024,2025-06-30,21070610,남구,용당동,dong,constructionYear,ho_yr_016,2020년,,N/A,True
2024,2025-06-30,21150610,사상구,주례2동,dong,constructionYear,ho_yr_018,2022년,57.0,57,False
2024,2025-06-30,21050740,부산진구,개금1동,dong,constructionYear,ho_yr_008,2012년,634.0,634,False
2024,2025-06-30,21060610,동래구,안락1동,dong,constructionYear,ho_yr_006,2010년,13.0,13,False
2024,2025-06-30,21050830,부산진구,전포1동,dong,constructionYear,ho_yr_004,2000년~2004년,1508.0,1508,False
2024,2025-06-30,21080510,북구,구포1동,dong,constructionYear,ho_yr_013,2017년,320.0,320,False
2024,2025-06-30,21050830,부산진구,전포1동,dong,constructionYear,ho_yr_013,2017년,51.0,51,False
2024,2025-06-30,21100580,사하구,신평1동,dong,constructionYear,ho_yr_002,1980년~1989년,1298.0,1298,False
2024,2025-06-30,21020630,서구,초장동,dong,constructionYear,ho_yr_014,2018년,20.0,20,False
2024,2025-06-30,21010540,중구,보수동,dong,constructionYear,ho_yr_007,2011년,76.0,76,False
2024,2025-06-30,21130530,연제구,거제3동,dong,constructionYear,ho_yr_011,2015년,39.0,39,False
2024,2025-06-30,21080580,북구,덕천3동,dong,constructionYear,ho_yr_002,1980년~1989년,1204.0,1204,False
2024,2025-06-30,21050740,부산진구,개금1동,dong,constructionYear,ho_yr_019,2023년,901.0,901,False
2024,2025-06-30,21080620,북구,화명2동,dong,constructionYear,ho_yr_017,2021년,884.0,884,False
2024,2025-06-30,21020510,서구,동대신1동,dong,constructionYear,ho_yr_013,2017년,43.0,43,False
2024,2025-06-30,21070560,남구,대연6동,dong,constructionYear,ho_yr_004,2000년~2004년,144.0,144,False
2024,2025-06-30,21020530,서구,동대신3동,dong,constructionYear,ho_yr_006,2010년,28.0,28,False
2024,2025-06-30,21030530,동구,초량3동,dong,constructionYear,ho_yr_015,2019년,1008.0,1008,False
2024,2025-06-30,21090650,해운대구,재송2동,dong,constructionYear,ho_yr_003,1990년~1999년,3393.0,3393,False
2024,2025-06-30,21100650,사하구,감천1동,dong,constructionYear,ho_yr_011,2015년,11.0,11,False
2024,2025-06-30,21510130,기장군,정관읍,dong,constructionYear,ho_yr_012,2016년,889.0,889,False
2024,2025-06-30,21510120,기장군,장안읍,dong,constructionYear,ho_yr_003,1990년~1999년,325.0,325,False
2024,2025-06-30,21110700,금정구,구서2동,dong,constructionYear,ho_yr_001,1979년 이전,58.0,58,False
2024,2025-06-30,21020540,서구,서대신1동,dong,constructionYear,ho_yr_013,2017년,49.0,49,False
2024,2025-06-30,21050660,부산진구,부암3동,dong,constructionYear,ho_yr_004,2000년~2004년,932.0,932,False
2024,2025-06-30,21010560,중구,부평동,dong,constructionYear,ho_yr_016,2020년,51.0,51,False
2024,2025-06-30,21100650,사하구,감천1동,dong,constructionYear,ho_yr_002,1980년~1989년,1968.0,1968,False
2024,2025-06-30,21110720,금정구,서3동,dong,constructionYear,ho_yr_015,2019년,9.0,9,False
2024,2025-06-30,21150570,사상구,괘법동,dong,constructionYear,ho_yr_005,2005년~2009년,,N/A,True
2024,2025-06-30,21080610,북구,만덕3동,dong,constructionYear,ho_yr_002,1980년~1989년,95.0,95,False
2024,2025-06-30,21020530,서구,동대신3동,dong,constructionYear,ho_yr_018,2022년,,N/A,True
2024,2025-06-30,21510330,기장군,철마면,dong,constructionYear,ho_yr_008,2012년,22.0,22,False
2024,2025-06-30,21040640,영도구,청학2동,dong,constructionYear,ho_yr_010,2014년,35.0,35,False
2024,2025-06-30,21090540,해운대구,중2동,dong,constructionYear,ho_yr_011,2015년,2152.0,2152,False
2024,2025-06-30,21040640,영도구,청학2동,dong,constructionYear,ho_yr_007,2011년,,N/A,True
2024,2025-06-30,21130570,연제구,연산3동,dong,constructionYear,ho_yr_006,2010년,,N/A,True
2024,2025-06-30,21050800,부산진구,당감1동,dong,constructionYear,ho_yr_004,2000년~2004년,92.0,92,False
2024,2025-06-30,21050720,부산진구,가야2동,dong,constructionYear,ho_yr_002,1980년~1989년,1352.0,1352,False
2024,2025-06-30,21100620,사하구,다대1동,dong,constructionYear,ho_yr_014,2018년,,N/A,True
2024,2025-06-30,21040630,영도구,청학1동,dong,constructionYear,ho_yr_018,2022년,,N/A,True
2024,2025-06-30,21120550,강서구,가락동,dong,constructionYear,ho_yr_004,2000년~2004년,63.0,63,False
2024,2025-06-30,21070660,남구,문현1동,dong,constructionYear,ho_yr_003,1990년~1999년,1135.0,1135,False
2024,2025-06-30,21090580,해운대구,반여2동,dong,constructionYear,ho_yr_005,2005년~2009년,,N/A,True
2024,2025-06-30,21080510,북구,구포1동,dong,constructionYear,ho_yr_012,2016년,107.0,107,False
2024,2025-06-30,21110570,금정구,부곡1동,dong,constructionYear,ho_yr_008,2012년,36.0,36,False
2024,2025-06-30,21070630,남구,감만2동,dong,constructionYear,ho_yr_003,1990년~1999년,1280.0,1280,False
2024,2025-06-30,21050700,부산진구,당감4동,dong,constructionYear,ho_yr_001,1979년 이전,328.0,328,False
2024,2025-06-30,21050830,부산진구,전포1동,dong,constructionYear,ho_yr_001,1979년 이전,846.0,846,False
2024,2025-06-30,21090530,해운대구,중1동,dong,constructionYear,ho_yr_015,2019년,857.0,857,False
2024,2025-06-30,21040630,영도구,청학1동,dong,constructionYear,ho_yr_013,2017년,12.0,12,False
2024,2025-06-30,21150560,사상구,덕포2동,dong,constructionYear,ho_yr_004,2000년~2004년,170.0,170,False
2024,2025-06-30,21130520,연제구,거제2동,dong,constructionYear,ho_yr_004,2000년~2004년,454.0,454,False
2024,2025-06-30,21100590,사하구,신평2동,dong,constructionYear,ho_yr_003,1990년~1999년,3368.0,3368,False
2024,2025-06-30,21030570,동구,수정2동,dong,constructionYear,ho_yr_011,2015년,50.0,50,False
2024,2025-06-30,21050660,부산진구,부암3동,dong,constructionYear,ho_yr_019,2023년,2088.0,2088,False
2024,2025-06-30,21030600,동구,수정5동,dong,constructionYear,ho_yr_006,2010년,9.0,9,False
2024,2025-06-30,21070610,남구,용당동,dong,constructionYear,ho_yr_004,2000년~2004년,880.0,880,False
2024,2025-06-30,21090640,해운대구,재송1동,dong,constructionYear,ho_yr_001,1979년 이전,101.0,101,False
2024,2025-06-30,21010520,중구,동광동,dong,constructionYear,ho_yr_007,2011년,,N/A,True
2024,2025-06-30,21140560,수영구,광안1동,dong,constructionYear,ho_yr_006,2010년,200.0,200,False
2024,2025-06-30,21080600,북구,만덕2동,dong,constructionYear,ho_yr_019,2023년,,N/A,True
2024,2025-06-30,21080510,북구,구포1동,dong,constructionYear,ho_yr_004,2000년~2004년,357.0,357,False
2024,2025-06-30,21040640,영도구,청학2동,dong,constructionYear,ho_yr_016,2020년,19.0,19,False
2024,2025-06-30,21100610,사하구,장림2동,dong,constructionYear,ho_yr_006,2010년,,N/A,True
2024,2025-06-30,21040660,영도구,동삼2동,dong,constructionYear,ho_yr_011,2015년,31.0,31,False
2024,2025-06-30,21050680,부산진구,당감2동,dong,constructionYear,ho_yr_006,2010년,,N/A,True
2024,2025-06-30,21020640,서구,충무동,dong,constructionYear,ho_yr_018,2022년,95.0,95,False
2024,2025-06-30,21050720,부산진구,가야2동,dong,constructionYear,ho_yr_015,2019년,49.0,49,False
2024,2025-06-30,21050700,부산진구,당감4동,dong,constructionYear,ho_yr_002,1980년~1989년,640.0,640,False
2024,2025-06-30,21060640,동래구,명장2동,dong,constructionYear,ho_yr_014,2018년,717.0,717,False
2024,2025-06-30,21080610,북구,만덕3동,dong,constructionYear,ho_yr_005,2005년~2009년,600.0,600,False
2024,2025-06-30,21090740,해운대구,우2동,dong,constructionYear,ho_yr_018,2022년,200.0,200,False
2024,2025-06-30,21140550,수영구,망미2동,dong,constructionYear,ho_yr_002,1980년~1989년,458.0,458,False
2024,2025-06-30,21050740,부산진구,개금1동,dong,constructionYear,ho_yr_018,2022년,13.0,13,False
2024,2025-06-30,21510330,기장군,철마면,dong,constructionYear,ho_yr_012,2016년,481.0,481,False
2024,2025-06-30,21020690,서구,남부민2동,dong,constructionYear,ho_yr_002,1980년~1989년,629.0,629,False
2024,2025-06-30,21030600,동구,수정5동,dong,constructionYear,ho_yr_015,2019년,16.0,16,False
2024,2025-06-30,21090620,해운대구,반송2동,dong,constructionYear,ho_yr_012,2016년,,N/A,True
2024,2025-06-30,21150650,사상구,감전동,dong,constructionYear,ho_yr_007,2011년,12.0,12,False
2024,2025-06-30,21050550,부산진구,초읍동,dong,constructionYear,ho_yr_018,2022년,29.0,29,False
2024,2025-06-30,21150560,사상구,덕포2동,dong,constructionYear,ho_yr_018,2022년,25.0,25,False
2024,2025-06-30,21030550,동구,초량6동,dong,constructionYear,ho_yr_002,1980년~1989년,282.0,282,False
2024,2025-06-30,21120590,강서구,명지1동,dong,constructionYear,ho_yr_005,2005년~2009년,9.0,9,False
2024,2025-06-30,21070710,남구,우암동,dong,constructionYear,ho_yr_010,2014년,,N/A,True
2024,2025-06-30,21110590,금정구,부곡3동,dong,constructionYear,ho_yr_011,2015년,31.0,31,False
2024,2025-06-30,21510110,기장군,기장읍,dong,constructionYear,ho_yr_009,2013년,455.0,455,False
2024,2025-06-30,21050560,부산진구,양정1동,dong,constructionYear,ho_yr_001,1979년 이전,303.0,303,False
2024,2025-06-30,21090590,해운대구,반여3동,dong,constructionYear,ho_yr_007,2011년,,N/A,True
2024,2025-06-30,21020690,서구,남부민2동,dong,constructionYear,ho_yr_003,1990년~1999년,475.0,475,False
2024,2025-06-30,21060590,동래구,사직2동,dong,constructionYear,ho_yr_008,2012년,15.0,15,False
2024,2025-06-30,21060560,동래구,온천2동,dong,constructionYear,ho_yr_011,2015년,59.0,59,False
2024,2025-06-30,21110700,금정구,구서2동,dong,constructionYear,ho_yr_008,2012년,14.0,14,False
2024,2025-06-30,21150600,사상구,주례1동,dong,constructionYear,ho_yr_002,1980년~1989년,1276.0,1276,False
2024,2025-06-30,21110570,금정구,부곡1동,dong,constructionYear,ho_yr_010,2014년,30.0,30,False
2024,2025-06-30,21120520,강서구,대저2동,dong,constructionYear,ho_yr_006,2010년,16.0,16,False
2024,2025-06-30,21060640,동래구,명장2동,dong,constructionYear,ho_yr_011,2015년,19.0,19,False
2024,2025-06-30,21030570,동구,수정2동,dong,constructionYear,ho_yr_012,2016년,91.0,91,False
2024,2025-06-30,21020630,서구,초장동,dong,constructionYear,ho_yr_011,2015년,,N/A,True
2024,2025-06-30,21080620,북구,화명2동,dong,constructionYear,ho_yr_016,2020년,,N/A,True
2024,2025-06-30,21100570,사하구,하단2동,dong,constructionYear,ho_yr_007,2011년,119.0,119,False
2024,2025-06-30,21110670,금정구,청룡노포동,dong,constructionYear,ho_yr_007,2011년,36.0,36,False
2024,2025-06-30,21080550,북구,화명1동,dong,constructionYear,ho_yr_014,2018년,,N/A,True
2024,2025-06-30,21080530,북구,구포3동,dong,constructionYear,ho_yr_011,2015년,24.0,24,False
2024,2025-06-30,21090720,해운대구,반송1동,dong,constructionYear,ho_yr_013,2017년,,N/A,True
2024,2025-06-30,21070570,남구,용호1동,dong,constructionYear,ho_yr_011,2015년,,N/A,True
2024,2025-06-30,21140560,수영구,광안1동,dong,constructionYear,ho_yr_018,2022년,114.0,114,False
2024,2025-06-30,21120580,강서구,가덕도동,dong,constructionYear,ho_yr_012,2016년,160.0,160,False
2024,2025-06-30,21050660,부산진구,부암3동,dong,constructionYear,ho_yr_002,1980년~1989년,427.0,427,False
2024,2025-06-30,21020640,서구,충무동,dong,constructionYear,ho_yr_005,2005년~2009년,266.0,266,False
2024,2025-06-30,21080630,북구,화명3동,dong,constructionYear,ho_yr_013,2017년,5.0,5,False
2024,2025-06-30,21110700,금정구,구서2동,dong,constructionYear,ho_yr_007,2011년,21.0,21,False
2024,2025-06-30,21050550,부산진구,초읍동,dong,constructionYear,ho_yr_010,2014년,102.0,102,False
2024,2025-06-30,21150570,사상구,괘법동,dong,constructionYear,ho_yr_019,2023년,159.0,159,False
2024,2025-06-30,21070570,남구,용호1동,dong,constructionYear,ho_yr_018,2022년,32.0,32,False
2024,2025-06-30,21040530,영도구,남항동,dong,constructionYear,ho_yr_011,2015년,,N/A,True
2024,2025-06-30,21140540,수영구,망미1동,dong,constructionYear,ho_yr_020,2024년,20.0,20,False
2024,2025-06-30,21030560,동구,수정1동,dong,constructionYear,ho_yr_001,1979년 이전,255.0,255,False
2024,2025-06-30,21030590,동구,수정4동,dong,constructionYear,ho_yr_010,2014년,10.0,10,False
2024,2025-06-30,21080510,북구,구포1동,dong,constructionYear,ho_yr_018,2022년,,N/A,True
2024,2025-06-30,21120562,강서구,신호동,dong,constructionYear,ho_yr_019,2023년,6.0,6,False
2024,2025-06-30,21090690,해운대구,좌4동,dong,constructionYear,ho_yr_001,1979년 이전,,N/A,True
2024,2025-06-30,21100610,사하구,장림2동,dong,constructionYear,ho_yr_011,2015년,249.0,249,False
2024,2025-06-30,21110720,금정구,서3동,dong,constructionYear,ho_yr_003,1990년~1999년,901.0,901,False
2024,2025-06-30,21140510,수영구,남천1동,dong,constructionYear,ho_yr_007,2011년,202.0,202,False
2024,2025-06-30,21040530,영도구,남항동,dong,constructionYear,ho_yr_006,2010년,,N/A,True
2024,2025-06-30,21080540,북구,금곡동,dong,constructionYear,ho_yr_003,1990년~1999년,10744.0,10744,False
2024,2025-06-30,21040640,영도구,청학2동,dong,constructionYear,ho_yr_020,2024년,,N/A,True
2024,2025-06-30,21040680,영도구,신선동,dong,constructionYear,ho_yr_002,1980년~1989년,588.0,588,False
2024,2025-06-30,21100610,사하구,장림2동,dong,constructionYear,ho_yr_015,2019년,168.0,168,False
2024,2025-06-30,21090620,해운대구,반송2동,dong,constructionYear,ho_yr_013,2017년,,N/A,True
2024,2025-06-30,21070590,남구,용호3동,dong,constructionYear,ho_yr_001,1979년 이전,480.0,480,False
2024,2025-06-30,21140560,수영구,광안1동,dong,constructionYear,ho_yr_017,2021년,330.0,330,False
2024,2025-06-30,21020630,서구,초장동,dong,constructionYear,ho_yr_004,2000년~2004년,23.0,23,False
2024,2025-06-30,21060650,동래구,명륜동,dong,constructionYear,ho_yr_015,2019년,654.0,654,False
2024,2025-06-30,21050550,부산진구,초읍동,dong,constructionYear,ho_yr_020,2024년,757.0,757,False
2024,2025-06-30,21040530,영도구,남항동,dong,constructionYear,ho_yr_009,2013년,37.0,37,False
2024,2025-06-30,21120600,강서구,명지2동,dong,constructionYear,ho_yr_006,2010년,21.0,21,False
2024,2025-06-30,21070630,남구,감만2동,dong,constructionYear,ho_yr_001,1979년 이전,283.0,283,False
2024,2025-06-30,21050570,부산진구,양정2동,dong,constructionYear,ho_yr_001,1979년 이전,232.0,232,False
2024,2025-06-30,21150550,사상구,덕포1동,dong,constructionYear,ho_yr_015,2019년,,N/A,True
2024,2025-06-30,21080590,북구,만덕1동,dong,constructionYear,ho_yr_008,2012년,17.0,17,False
2024,2025-06-30,21120510,강서구,대저1동,dong,constructionYear,ho_yr_014,2018년,15.0,15,False
2024,2025-06-30,21100610,사하구,장림2동,dong,constructionYear,ho_yr_013,2017년,187.0,187,False
2024,2025-06-30,21040550,영도구,영선2동,dong,constructionYear,ho_yr_009,2013년,82.0,82,False
2024,2025-06-30,21090640,해운대구,재송1동,dong,constructionYear,ho_yr_018,2022년,,N/A,True
2024,2025-06-30,21080510,북구,구포1동,dong,constructionYear,ho_yr_008,2012년,72.0,72,False
2024,2025-06-30,21110740,금정구,장전2동,dong,constructionYear,ho_yr_006,2010년,1242.0,1242,False
2024,2025-06-30,21070600,남구,용호4동,dong,constructionYear,ho_yr_004,2000년~2004년,50.0,50,False
2024,2025-06-30,21100540,사하구,괴정4동,dong,constructionYear,ho_yr_015,2019년,17.0,17,False
2024,2025-06-30,21110600,금정구,부곡4동,dong,constructionYear,ho_yr_001,1979년 이전,451.0,451,False
2024,2025-06-30,21100580,사하구,신평1동,dong,constructionYear,ho_yr_012,2016년,909.0,909,False
2024,2025-06-30,21110670,금정구,청룡노포동,dong,constructionYear,ho_yr_010,2014년,96.0,96,False
2024,2025-06-30,21070530,남구,대연3동,dong,constructionYear,ho_yr_013,2017년,56.0,56,False
2024,2025-06-30,21070550,남구,대연5동,dong,constructionYear,ho_yr_008,2012년,234.0,234,False
2024,2025-06-30,21110580,금정구,부곡2동,dong,constructionYear,ho_yr_004,2000년~2004년,426.0,426,False
2024,2025-06-30,21510110,기장군,기장읍,dong,constructionYear,ho_yr_008,2012년,400.0,400,False
2024,2025-06-30,21140600,수영구,민락동,dong,constructionYear,ho_yr_001,1979년 이전,705.0,705,False
2024,2025-06-30,21040640,영도구,청학2동,dong,constructionYear,ho_yr_004,2000년~2004년,806.0,806,False
2024,2025-06-30,21020560,서구,서대신3동,dong,constructionYear,ho_yr_015,2019년,58.0,58,False
2024,2025-06-30,21070570,남구,용호1동,dong,constructionYear,ho_yr_010,2014년,57.0,57,False
2024,2025-06-30,21110520,금정구,서2동,dong,constructionYear,ho_yr_013,2017년,,N/A,True
2024,2025-06-30,21090660,해운대구,좌1동,dong,constructionYear,ho_yr_005,2005년~2009년,197.0,197,False
2024,2025-06-30,21060610,동래구,안락1동,dong,constructionYear,ho_yr_007,2011년,63.0,63,False
2024,2025-06-30,21140570,수영구,광안2동,dong,constructionYear,ho_yr_019,2023년,165.0,165,False
2024,2025-06-30,21120562,강서구,신호동,dong,constructionYear,ho_yr_018,2022년,7.0,7,False
2024,2025-06-30,21090680,해운대구,좌3동,dong,constructionYear,ho_yr_004,2000년~2004년,324.0,324,False
2024,2025-06-30,21010590,중구,영주1동,dong,constructionYear,ho_yr_008,2012년,51.0,51,False
2024,2025-06-30,21110580,금정구,부곡2동,dong,constructionYear,ho_yr_017,2021년,622.0,622,False
2024,2025-06-30,21030700,동구,좌천동,dong,constructionYear,ho_yr_011,2015년,33.0,33,False
2024,2025-06-30,21050520,부산진구,부전2동,dong,constructionYear,ho_yr_009,2013년,102.0,102,False
2024,2025-06-30,21050610,부산진구,전포2동,dong,constructionYear,ho_yr_010,2014년,149.0,149,False
2024,2025-06-30,21100550,사하구,당리동,dong,constructionYear,ho_yr_007,2011년,384.0,384,False
2024,2025-06-30,21050770,부산진구,범천1동,dong,constructionYear,ho_yr_008,2012년,205.0,205,False
2024,2025-06-30,21020650,서구,남부민1동,dong,constructionYear,ho_yr_011,2015년,10.0,10,False
2024,2025-06-30,21050720,부산진구,가야2동,dong,constructionYear,ho_yr_012,2016년,49.0,49,False
2024,2025-06-30,21100560,사하구,하단1동,dong,constructionYear,ho_yr_015,2019년,67.0,67,False
2024,2025-06-30,21100550,사하구,당리동,dong,constructionYear,ho_yr_015,2019년,58.0,58,False
2024,2025-06-30,21040550,영도구,영선2동,dong,constructionYear,ho_yr_005,2005년~2009년,,N/A,True
2024,2025-06-30,21080550,북구,화명1동,dong,constructionYear,ho_yr_017,2021년,,N/A,True
2024,2025-06-30,21030600,동구,수정5동,dong,constructionYear,ho_yr_018,2022년,,N/A,True
2024,2025-06-30,21050640,부산진구,부암1동,dong,constructionYear,ho_yr_020,2024년,53.0,53,False
2024,2025-06-30,21120580,강서구,가덕도동,dong,constructionYear,ho_yr_001,1979년 이전,275.0,275,False
2024,2025-06-30,21130630,연제구,연산9동,dong,constructionYear,ho_yr_018,2022년,,N/A,True
2024,2025-06-30,21020560,서구,서대신3동,dong,constructionYear,ho_yr_006,2010년,,N/A,True
2024,2025-06-30,21020590,서구,부민동,dong,constructionYear,ho_yr_019,2023년,60.0,60,False
2024,2025-06-30,21110740,금정구,장전2동,dong,constructionYear,ho_yr_004,2000년~2004년,532.0,532,False
2024,2025-06-30,21020610,서구,아미동,dong,constructionYear,ho_yr_020,2024년,,N/A,True
2024,2025-06-30,21010580,중구,남포동,dong,constructionYear,ho_yr_008,2012년,,N/A,True
2024,2025-06-30,21100650,사하구,감천1동,dong,constructionYear,ho_yr_007,2011년,,N/A,True
2024,2025-06-30,21060640,동래구,명장2동,dong,constructionYear,ho_yr_013,2017년,66.0,66,False
2024,2025-06-30,21020530,서구,동대신3동,dong,constructionYear,ho_yr_010,2014년,28.0,28,False
2024,2025-06-30,21150570,사상구,괘법동,dong,constructionYear,ho_yr_006,2010년,5.0,5,False
2024,2025-06-30,21150540,사상구,모라3동,dong,constructionYear,ho_yr_016,2020년,,N/A,True
2024,2025-06-30,21090650,해운대구,재송2동,dong,constructionYear,ho_yr_014,2018년,76.0,76,False
2024,2025-06-30,21150550,사상구,덕포1동,dong,constructionYear,ho_yr_003,1990년~1999년,633.0,633,False
2024,2025-06-30,21130550,연제구,연산1동,dong,constructionYear,ho_yr_017,2021년,504.0,504,False
2024,2025-06-30,21090750,해운대구,우3동,dong,constructionYear,ho_yr_015,2019년,253.0,253,False
2024,2025-06-30,21070570,남구,용호1동,dong,constructionYear,ho_yr_016,2020년,,N/A,True
2024,2025-06-30,21140600,수영구,민락동,dong,constructionYear,ho_yr_013,2017년,1221.0,1221,False
2024,2025-06-30,21130560,연제구,연산2동,dong,constructionYear,ho_yr_008,2012년,94.0,94,False
2024,2025-06-30,21070600,남구,용호4동,dong,constructionYear,ho_yr_020,2024년,6.0,6,False
2024,2025-06-30,21110610,금정구,장전1동,dong,constructionYear,ho_yr_008,2012년,1466.0,1466,False
2024,2025-06-30,21050540,부산진구,연지동,dong,constructionYear,ho_yr_016,2020년,426.0,426,False
2024,2025-06-30,21070700,남구,대연1동,dong,constructionYear,ho_yr_014,2018년,135.0,135,False
2024,2025-06-30,21090680,해운대구,좌3동,dong,constructionYear,ho_yr_011,2015년,,N/A,True
2024,2025-06-30,21010580,중구,남포동,dong,constructionYear,ho_yr_013,2017년,,N/A,True
2024,2025-06-30,21030600,동구,수정5동,dong,constructionYear,ho_yr_009,2013년,12.0,12,False
2024,2025-06-30,21110690,금정구,구서1동,dong,constructionYear,ho_yr_001,1979년 이전,155.0,155,False
2024,2025-06-30,21110680,금정구,남산동,dong,constructionYear,ho_yr_017,2021년,13.0,13,False
2024,2025-06-30,21070570,남구,용호1동,dong,constructionYear,ho_yr_003,1990년~1999년,2055.0,2055,False
2024,2025-06-30,21120550,강서구,가락동,dong,constructionYear,ho_yr_006,2010년,19.0,19,False
2024,2025-06-30,21510120,기장군,장안읍,dong,constructionYear,ho_yr_017,2021년,23.0,23,False
2024,2025-06-30,21020570,서구,서대신4동,dong,constructionYear,ho_yr_009,2013년,,N/A,True
2024,2025-06-30,21070550,남구,대연5동,dong,constructionYear,ho_yr_012,2016년,105.0,105,False
2024,2025-06-30,21050550,부산진구,초읍동,dong,constructionYear,ho_yr_014,2018년,292.0,292,False
2024,2025-06-30,21130520,연제구,거제2동,dong,constructionYear,ho_yr_009,2013년,,N/A,True
2024,2025-06-30,21090690,해운대구,좌4동,dong,constructionYear,ho_yr_003,1990년~1999년,8025.0,8025,False
2024,2025-06-30,21010600,중구,영주2동,dong,constructionYear,ho_yr_002,1980년~1989년,483.0,483,False
2024,2025-06-30,21030710,동구,범일1동,dong,constructionYear,ho_yr_008,2012년,51.0,51,False
2024,2025-06-30,21110580,금정구,부곡2동,dong,constructionYear,ho_yr_007,2011년,55.0,55,False
2024,2025-06-30,21090720,해운대구,반송1동,dong,constructionYear,ho_yr_014,2018년,56.0,56,False
2024,2025-06-30,21110670,금정구,청룡노포동,dong,constructionYear,ho_yr_004,2000년~2004년,441.0,441,False
2024,2025-06-30,21080630,북구,화명3동,dong,constructionYear,ho_yr_010,2014년,69.0,69,False
2024,2025-06-30,21110740,금정구,장전2동,dong,constructionYear,ho_yr_003,1990년~1999년,1282.0,1282,False
2024,2025-06-30,21060650,동래구,명륜동,dong,constructionYear,ho_yr_014,2018년,698.0,698,False
2024,2025-06-30,21110720,금정구,서3동,dong,constructionYear,ho_yr_013,2017년,288.0,288,False
2024,2025-06-30,21020520,서구,동대신2동,dong,constructionYear,ho_yr_017,2021년,15.0,15,False
2024,2025-06-30,21070530,남구,대연3동,dong,constructionYear,ho_yr_014,2018년,63.0,63,False
2024,2025-06-30,21100620,사하구,다대1동,dong,constructionYear,ho_yr_013,2017년,101.0,101,False
2024,2025-06-30,21140530,수영구,수영동,dong,constructionYear,ho_yr_003,1990년~1999년,480.0,480,False
2024,2025-06-30,21090530,해운대구,중1동,dong,constructionYear,ho_yr_003,1990년~1999년,891.0,891,False
2024,2025-06-30,21020530,서구,동대신3동,dong,constructionYear,ho_yr_015,2019년,30.0,30,False
2024,2025-06-30,21060650,동래구,명륜동,dong,constructionYear,ho_yr_007,2011년,416.0,416,False
2024,2025-06-30,21080600,북구,만덕2동,dong,constructionYear,ho_yr_010,2014년,,N/A,True
2024,2025-06-30,21040540,영도구,영선1동,dong,constructionYear,ho_yr_008,2012년,,N/A,True
2024,2025-06-30,21090730,해운대구,우1동,dong,constructionYear,ho_yr_014,2018년,8.0,8,False
2024,2025-06-30,21060600,동래구,사직3동,dong,constructionYear,ho_yr_004,2000년~2004년,313.0,313,False
2024,2025-06-30,21120580,강서구,가덕도동,dong,constructionYear,ho_yr_020,2024년,31.0,31,False
2024,2025-06-30,21020540,서구,서대신1동,dong,constructionYear,ho_yr_001,1979년 이전,388.0,388,False
2024,2025-06-30,21020630,서구,초장동,dong,constructionYear,ho_yr_009,2013년,20.0,20,False
2024,2025-06-30,21100620,사하구,다대1동,dong,constructionYear,ho_yr_020,2024년,89.0,89,False
2024,2025-06-30,21100580,사하구,신평1동,dong,constructionYear,ho_yr_013,2017년,9.0,9,False
2024,2025-06-30,21080530,북구,구포3동,dong,constructionYear,ho_yr_002,1980년~1989년,65.0,65,False
2024,2025-06-30,21100630,사하구,다대2동,dong,constructionYear,ho_yr_005,2005년~2009년,,N/A,True
2024,2025-06-30,21100590,사하구,신평2동,dong,constructionYear,ho_yr_008,2012년,16.0,16,False
2024,2025-06-30,21040590,영도구,봉래1동,dong,constructionYear,ho_yr_004,2000년~2004년,447.0,447,False
2024,2025-06-30,21150650,사상구,감전동,dong,constructionYear,ho_yr_017,2021년,90.0,90,False
2024,2025-06-30,21140520,수영구,남천2동,dong,constructionYear,ho_yr_015,2019년,393.0,393,False
2024,2025-06-30,21150520,사상구,모라1동,dong,constructionYear,ho_yr_014,2018년,148.0,148,False
2024,2025-06-30,21020520,서구,동대신2동,dong,constructionYear,ho_yr_011,2015년,,N/A,True
2024,2025-06-30,21060640,동래구,명장2동,dong,constructionYear,ho_yr_012,2016년,53.0,53,False
2024,2025-06-30,21050540,부산진구,연지동,dong,constructionYear,ho_yr_012,2016년,120.0,120,False
2024,2025-06-30,21140520,수영구,남천2동,dong,constructionYear,ho_yr_014,2018년,,N/A,True
2024,2025-06-30,21080540,북구,금곡동,dong,constructionYear,ho_yr_016,2020년,13.0,13,False
2024,2025-06-30,21150570,사상구,괘법동,dong,constructionYear,ho_yr_012,2016년,665.0,665,False
2024,2025-06-30,21050540,부산진구,연지동,dong,constructionYear,ho_yr_017,2021년,12.0,12,False
2024,2025-06-30,21050830,부산진구,전포1동,dong,constructionYear,ho_yr_003,1990년~1999년,323.0,323,False
2024,2025-06-30,21040650,영도구,동삼1동,dong,constructionYear,ho_yr_006,2010년,8.0,8,False
2024,2025-06-30,21080510,북구,구포1동,dong,constructionYear,ho_yr_006,2010년,,N/A,True
2024,2025-06-30,21090620,해운대구,반송2동,dong,constructionYear,ho_yr_007,2011년,,N/A,True
2024,2025-06-30,21040530,영도구,남항동,dong,constructionYear,ho_yr_008,2012년,43.0,43,False
2024,2025-06-30,21050660,부산진구,부암3동,dong,constructionYear,ho_yr_010,2014년,11.0,11,False
2024,2025-06-30,21090540,해운대구,중2동,dong,constructionYear,ho_yr_001,1979년 이전,173.0,173,False
2024,2025-06-30,21130630,연제구,연산9동,dong,constructionYear,ho_yr_002,1980년~1989년,4735.0,4735,False
2024,2025-06-30,21150610,사상구,주례2동,dong,constructionYear,ho_yr_015,2019년,86.0,86,False
2024,2025-06-30,21050520,부산진구,부전2동,dong,constructionYear,ho_yr_010,2014년,86.0,86,False
2024,2025-06-30,21090720,해운대구,반송1동,dong,constructionYear,ho_yr_020,2024년,,N/A,True
2024,2025-06-30,21140540,수영구,망미1동,dong,constructionYear,ho_yr_016,2020년,202.0,202,False
2024,2025-06-30,21080590,북구,만덕1동,dong,constructionYear,ho_yr_003,1990년~1999년,989.0,989,False
2024,2025-06-30,21090680,해운대구,좌3동,dong,constructionYear,ho_yr_005,2005년~2009년,323.0,323,False
2024,2025-06-30,21020510,서구,동대신1동,dong,constructionYear,ho_yr_003,1990년~1999년,410.0,410,False
2024,2025-06-30,21020510,서구,동대신1동,dong,constructionYear,ho_yr_005,2005년~2009년,27.0,27,False
2024,2025-06-30,21130540,연제구,거제4동,dong,constructionYear,ho_yr_007,2011년,23.0,23,False
2024,2025-06-30,21010580,중구,남포동,dong,constructionYear,ho_yr_004,2000년~2004년,,N/A,True
2024,2025-06-30,21100530,사하구,괴정3동,dong,constructionYear,ho_yr_001,1979년 이전,617.0,617,False
2024,2025-06-30,21060640,동래구,명장2동,dong,constructionYear,ho_yr_009,2013년,20.0,20,False
2024,2025-06-30,21040530,영도구,남항동,dong,constructionYear,ho_yr_002,1980년~1989년,988.0,988,False
2024,2025-06-30,21050810,부산진구,가야1동,dong,constructionYear,ho_yr_004,2000년~2004년,1905.0,1905,False
2024,2025-06-30,21130530,연제구,거제3동,dong,constructionYear,ho_yr_004,2000년~2004년,297.0,297,False
2024,2025-06-30,21110730,금정구,금사회동동,dong,constructionYear,ho_yr_014,2018년,29.0,29,False
2024,2025-06-30,21120550,강서구,가락동,dong,constructionYear,ho_yr_002,1980년~1989년,99.0,99,False
2024,2025-06-30,21100610,사하구,장림2동,dong,constructionYear,ho_yr_005,2005년~2009년,1016.0,1016,False
2024,2025-06-30,21050760,부산진구,개금3동,dong,constructionYear,ho_yr_004,2000년~2004년,184.0,184,False
2024,2025-06-30,21020650,서구,남부민1동,dong,constructionYear,ho_yr_012,2016년,53.0,53,False
2024,2025-06-30,21020570,서구,서대신4동,dong,constructionYear,ho_yr_012,2016년,,N/A,True
2024,2025-06-30,21120590,강서구,명지1동,dong,constructionYear,ho_yr_014,2018년,3626.0,3626,False
2024,2025-06-30,21110730,금정구,금사회동동,dong,constructionYear,ho_yr_008,2012년,69.0,69,False
2024,2025-06-30,21120530,강서구,강동동,dong,constructionYear,ho_yr_015,2019년,24.0,24,False
2024,2025-06-30,21050800,부산진구,당감1동,dong,constructionYear,ho_yr_018,2022년,,N/A,True
2024,2025-06-30,21060520,동래구,복산동,dong,constructionYear,ho_yr_001,1979년 이전,548.0,548,False
2024,2025-06-30,21100510,사하구,괴정1동,dong,constructionYear,ho_yr_005,2005년~2009년,242.0,242,False
2024,2025-06-30,21050610,부산진구,전포2동,dong,constructionYear,ho_yr_007,2011년,135.0,135,False
2024,2025-06-30,21100550,사하구,당리동,dong,constructionYear,ho_yr_016,2020년,24.0,24,False
2024,2025-06-30,21510120,기장군,장안읍,dong,constructionYear,ho_yr_015,2019년,50.0,50,False
2024,2025-06-30,21080580,북구,덕천3동,dong,constructionYear,ho_yr_005,2005년~2009년,27.0,27,False
2024,2025-06-30,21020540,서구,서대신1동,dong,constructionYear,ho_yr_014,2018년,1038.0,1038,False
2024,2025-06-30,21120510,강서구,대저1동,dong,constructionYear,ho_yr_020,2024년,,N/A,True
2024,2025-06-30,21090530,해운대구,중1동,dong,constructionYear,ho_yr_004,2000년~2004년,1475.0,1475,False
2024,2025-06-30,21120510,강서구,대저1동,dong,constructionYear,ho_yr_006,2010년,,N/A,True
2024,2025-06-30,21070550,남구,대연5동,dong,constructionYear,ho_yr_018,2022년,71.0,71,False
2024,2025-06-30,21150560,사상구,덕포2동,dong,constructionYear,ho_yr_012,2016년,,N/A,True
2024,2025-06-30,21110720,금정구,서3동,dong,constructionYear,ho_yr_008,2012년,8.0,8,False
2024,2025-06-30,21110710,금정구,금성동,dong,constructionYear,ho_yr_015,2019년,,N/A,True
2024,2025-06-30,21090640,해운대구,재송1동,dong,constructionYear,ho_yr_009,2013년,632.0,632,False
2024,2025-06-30,21090530,해운대구,중1동,dong,constructionYear,ho_yr_020,2024년,,N/A,True
2024,2025-06-30,21050830,부산진구,전포1동,dong,constructionYear,ho_yr_007,2011년,179.0,179,False
2024,2025-06-30,21020640,서구,충무동,dong,constructionYear,ho_yr_010,2014년,119.0,119,False
2024,2025-06-30,21100520,사하구,괴정2동,dong,constructionYear,ho_yr_015,2019년,135.0,135,False
2024,2025-06-30,21110640,금정구,선두구동,dong,constructionYear,ho_yr_017,2021년,8.0,8,False
2024,2025-06-30,21080580,북구,덕천3동,dong,constructionYear,ho_yr_015,2019년,31.0,31,False
2024,2025-06-30,21130520,연제구,거제2동,dong,constructionYear,ho_yr_015,2019년,340.0,340,False
2024,2025-06-30,21070660,남구,문현1동,dong,constructionYear,ho_yr_009,2013년,50.0,50,False
2024,2025-06-30,21050700,부산진구,당감4동,dong,constructionYear,ho_yr_011,2015년,80.0,80,False
2024,2025-06-30,21040540,영도구,영선1동,dong,constructionYear,ho_yr_004,2000년~2004년,495.0,495,False
2024,2025-06-30,21070660,남구,문현1동,dong,constructionYear,ho_yr_017,2021년,36.0,36,False
2024,2025-06-30,21080530,북구,구포3동,dong,constructionYear,ho_yr_006,2010년,,N/A,True
2024,2025-06-30,21050820,부산진구,부전1동,dong,constructionYear,ho_yr_013,2017년,109.0,109,False
2024,2025-06-30,21020540,서구,서대신1동,dong,constructionYear,ho_yr_016,2020년,800.0,800,False
2024,2025-06-30,21070600,남구,용호4동,dong,constructionYear,ho_yr_007,2011년,,N/A,True
2024,2025-06-30,21070660,남구,문현1동,dong,constructionYear,ho_yr_007,2011년,29.0,29,False
2024,2025-06-30,21110610,금정구,장전1동,dong,constructionYear,ho_yr_019,2023년,37.0,37,False
2024,2025-06-30,21130590,연제구,연산5동,dong,constructionYear,ho_yr_010,2014년,173.0,173,False
2024,2025-06-30,21100660,사하구,감천2동,dong,constructionYear,ho_yr_001,1979년 이전,1006.0,1006,False
2024,2025-06-30,21030710,동구,범일1동,dong,constructionYear,ho_yr_018,2022년,,N/A,True
2024,2025-06-30,21030570,동구,수정2동,dong,constructionYear,ho_yr_003,1990년~1999년,545.0,545,False
2024,2025-06-30,21080570,북구,덕천2동,dong,constructionYear,ho_yr_002,1980년~1989년,1082.0,1082,False
2024,2025-06-30,21110730,금정구,금사회동동,dong,constructionYear,ho_yr_002,1980년~1989년,865.0,865,False
2024,2025-06-30,21100560,사하구,하단1동,dong,constructionYear,ho_yr_013,2017년,86.0,86,False
2024,2025-06-30,21080620,북구,화명2동,dong,constructionYear,ho_yr_014,2018년,,N/A,True
2024,2025-06-30,21050830,부산진구,전포1동,dong,constructionYear,ho_yr_002,1980년~1989년,413.0,413,False
2024,2025-06-30,21030560,동구,수정1동,dong,constructionYear,ho_yr_006,2010년,,N/A,True
2024,2025-06-30,21150610,사상구,주례2동,dong,constructionYear,ho_yr_010,2014년,155.0,155,False
2024,2025-06-30,21070660,남구,문현1동,dong,constructionYear,ho_yr_002,1980년~1989년,576.0,576,False
2024,2025-06-30,21150640,사상구,엄궁동,dong,constructionYear,ho_yr_015,2019년,17.0,17,False
2024,2025-06-30,21150600,사상구,주례1동,dong,constructionYear,ho_yr_003,1990년~1999년,1586.0,1586,False
2024,2025-06-30,21080570,북구,덕천2동,dong,constructionYear,ho_yr_016,2020년,,N/A,True
2024,2025-06-30,21060510,동래구,수민동,dong,constructionYear,ho_yr_015,2019년,1290.0,1290,False
2024,2025-06-30,21070530,남구,대연3동,dong,constructionYear,ho_yr_007,2011년,436.0,436,False
2024,2025-06-30,21070620,남구,감만1동,dong,constructionYear,ho_yr_014,2018년,19.0,19,False
2024,2025-06-30,21110580,금정구,부곡2동,dong,constructionYear,ho_yr_009,2013년,235.0,235,False
2024,2025-06-30,21100530,사하구,괴정3동,dong,constructionYear,ho_yr_015,2019년,,N/A,True
2024,2025-06-30,21070550,남구,대연5동,dong,constructionYear,ho_yr_003,1990년~1999년,828.0,828,False
2024,2025-06-30,21060640,동래구,명장2동,dong,constructionYear,ho_yr_007,2011년,,N/A,True
2024,2025-06-30,21110680,금정구,남산동,dong,constructionYear,ho_yr_009,2013년,199.0,199,False
2024,2025-06-30,21060580,동래구,사직1동,dong,constructionYear,ho_yr_003,1990년~1999년,257.0,257,False
2024,2025-06-30,21130530,연제구,거제3동,dong,constructionYear,ho_yr_013,2017년,9.0,9,False
2024,2025-06-30,21130570,연제구,연산3동,dong,constructionYear,ho_yr_011,2015년,,N/A,True
2024,2025-06-30,21020520,서구,동대신2동,dong,constructionYear,ho_yr_002,1980년~1989년,309.0,309,False
2024,2025-06-30,21030550,동구,초량6동,dong,constructionYear,ho_yr_013,2017년,5.0,5,False
2024,2025-06-30,21070620,남구,감만1동,dong,constructionYear,ho_yr_019,2023년,220.0,220,False
2024,2025-06-30,21020590,서구,부민동,dong,constructionYear,ho_yr_001,1979년 이전,459.0,459,False
2024,2025-06-30,21070550,남구,대연5동,dong,constructionYear,ho_yr_015,2019년,279.0,279,False
2024,2025-06-30,21120510,강서구,대저1동,dong,constructionYear,ho_yr_001,1979년 이전,488.0,488,False
2024,2025-06-30,21070530,남구,대연3동,dong,constructionYear,ho_yr_010,2014년,119.0,119,False
2024,2025-06-30,21040690,영도구,봉래2동,dong,constructionYear,ho_yr_011,2015년,,N/A,True
2024,2025-06-30,21020610,서구,아미동,dong,constructionYear,ho_yr_006,2010년,,N/A,True
2024,2025-06-30,21030520,동구,초량2동,dong,constructionYear,ho_yr_005,2005년~2009년,18.0,18,False
2024,2025-06-30,21100510,사하구,괴정1동,dong,constructionYear,ho_yr_003,1990년~1999년,1231.0,1231,False
2024,2025-06-30,21110580,금정구,부곡2동,dong,constructionYear,ho_yr_005,2005년~2009년,621.0,621,False
2024,2025-06-30,21090530,해운대구,중1동,dong,constructionYear,ho_yr_017,2021년,285.0,285,False
2024,2025-06-30,21040630,영도구,청학1동,dong,constructionYear,ho_yr_011,2015년,52.0,52,False
2024,2025-06-30,21050740,부산진구,개금1동,dong,constructionYear,ho_yr_017,2021년,63.0,63,False
2024,2025-06-30,21060560,동래구,온천2동,dong,constructionYear,ho_yr_009,2013년,50.0,50,False
2024,2025-06-30,21140540,수영구,망미1동,dong,constructionYear,ho_yr_004,2000년~2004년,476.0,476,False
2024,2025-06-30,21050520,부산진구,부전2동,dong,constructionYear,ho_yr_002,1980년~1989년,181.0,181,False
2024,2025-06-30,21120590,강서구,명지1동,dong,constructionYear,ho_yr_010,2014년,,N/A,True
2024,2025-06-30,21510120,기장군,장안읍,dong,constructionYear,ho_yr_005,2005년~2009년,514.0,514,False
2024,2025-06-30,21050810,부산진구,가야1동,dong,constructionYear,ho_yr_019,2023년,137.0,137,False
2024,2025-06-30,21020520,서구,동대신2동,dong,constructionYear,ho_yr_001,1979년 이전,1062.0,1062,False
2024,2025-06-30,21020530,서구,동대신3동,dong,constructionYear,ho_yr_016,2020년,543.0,543,False
2024,2025-06-30,21150510,사상구,삼락동,dong,constructionYear,ho_yr_005,2005년~2009년,,N/A,True
2024,2025-06-30,21070570,남구,용호1동,dong,constructionYear,ho_yr_008,2012년,40.0,40,False
2024,2025-06-30,21050830,부산진구,전포1동,dong,constructionYear,ho_yr_006,2010년,35.0,35,False
2024,2025-06-30,21080580,북구,덕천3동,dong,constructionYear,ho_yr_011,2015년,,N/A,True
2024,2025-06-30,21140510,수영구,남천1동,dong,constructionYear,ho_yr_006,2010년,25.0,25,False
2024,2025-06-30,21150570,사상구,괘법동,dong,constructionYear,ho_yr_007,2011년,63.0,63,False
2024,2025-06-30,21050640,부산진구,부암1동,dong,constructionYear,ho_yr_005,2005년~2009년,1865.0,1865,False
2024,2025-06-30,21090710,해운대구,반여4동,dong,constructionYear,ho_yr_007,2011년,,N/A,True
2024,2025-06-30,21020560,서구,서대신3동,dong,constructionYear,ho_yr_011,2015년,13.0,13,False
2024,2025-06-30,21030710,동구,범일1동,dong,constructionYear,ho_yr_004,2000년~2004년,420.0,420,False
2024,2025-06-30,21050640,부산진구,부암1동,dong,constructionYear,ho_yr_006,2010년,,N/A,True
2024,2025-06-30,21050750,부산진구,개금2동,dong,constructionYear,ho_yr_014,2018년,139.0,139,False
2024,2025-06-30,21080520,북구,구포2동,dong,constructionYear,ho_yr_012,2016년,156.0,156,False
2024,2025-06-30,21100510,사하구,괴정1동,dong,constructionYear,ho_yr_008,2012년,108.0,108,False
2024,2025-06-30,21100540,사하구,괴정4동,dong,constructionYear,ho_yr_018,2022년,1313.0,1313,False
2024,2025-06-30,21040650,영도구,동삼1동,dong,constructionYear,ho_yr_015,2019년,79.0,79,False
2024,2025-06-30,21020680,서구,암남동,dong,constructionYear,ho_yr_011,2015년,45.0,45,False
2024,2025-06-30,21070710,남구,우암동,dong,constructionYear,ho_yr_018,2022년,155.0,155,False
2024,2025-06-30,21070540,남구,대연4동,dong,constructionYear,ho_yr_004,2000년~2004년,191.0,191,False
2024,2025-06-30,21120561,강서구,녹산동,dong,constructionYear,ho_yr_003,1990년~1999년,166.0,166,False
2024,2025-06-30,21120590,강서구,명지1동,dong,constructionYear,ho_yr_007,2011년,19.0,19,False
2024,2025-06-30,21050820,부산진구,부전1동,dong,constructionYear,ho_yr_006,2010년,54.0,54,False
2024,2025-06-30,21070710,남구,우암동,dong,constructionYear,ho_yr_004,2000년~2004년,498.0,498,False
2024,2025-06-30,21070560,남구,대연6동,dong,constructionYear,ho_yr_014,2018년,2994.0,2994,False
2024,2025-06-30,21130520,연제구,거제2동,dong,constructionYear,ho_yr_010,2014년,8.0,8,False
2024,2025-06-30,21130620,연제구,연산8동,dong,constructionYear,ho_yr_018,2022년,8.0,8,False
2024,2025-06-30,21110600,금정구,부곡4동,dong,constructionYear,ho_yr_012,2016년,24.0,24,False
2024,2025-06-30,21080570,북구,덕천2동,dong,constructionYear,ho_yr_018,2022년,54.0,54,False
2024,2025-06-30,21110670,금정구,청룡노포동,dong,constructionYear,ho_yr_018,2022년,164.0,164,False
2024,2025-06-30,21050740,부산진구,개금1동,dong,constructionYear,ho_yr_012,2016년,257.0,257,False
2024,2025-06-30,21070580,남구,용호2동,dong,constructionYear,ho_yr_019,2023년,1681.0,1681,False
2024,2025-06-30,21070660,남구,문현1동,dong,constructionYear,ho_yr_012,2016년,54.0,54,False
2024,2025-06-30,21110710,금정구,금성동,dong,constructionYear,ho_yr_005,2005년~2009년,10.0,10,False
2024,2025-06-30,21070620,남구,감만1동,dong,constructionYear,ho_yr_005,2005년~2009년,524.0,524,False
2024,2025-06-30,21050840,부산진구,범천2동,dong,constructionYear,ho_yr_010,2014년,7.0,7,False
2024,2025-06-30,21060610,동래구,안락1동,dong,constructionYear,ho_yr_004,2000년~2004년,265.0,265,False
2024,2025-06-30,21140530,수영구,수영동,dong,constructionYear,ho_yr_014,2018년,92.0,92,False
2024,2025-06-30,21120510,강서구,대저1동,dong,constructionYear,ho_yr_013,2017년,139.0,139,False
2024,2025-06-30,21100570,사하구,하단2동,dong,constructionYear,ho_yr_012,2016년,105.0,105,False
2024,2025-06-30,21060560,동래구,온천2동,dong,constructionYear,ho_yr_002,1980년~1989년,1739.0,1739,False
2024,2025-06-30,21140590,수영구,광안4동,dong,constructionYear,ho_yr_015,2019년,15.0,15,False
2024,2025-06-30,21030520,동구,초량2동,dong,constructionYear,ho_yr_016,2020년,,N/A,True
2024,2025-06-30,21090530,해운대구,중1동,dong,constructionYear,ho_yr_008,2012년,368.0,368,False
2024,2025-06-30,21120561,강서구,녹산동,dong,constructionYear,ho_yr_004,2000년~2004년,98.0,98,False
2024,2025-06-30,21110720,금정구,서3동,dong,constructionYear,ho_yr_012,2016년,65.0,65,False
2024,2025-06-30,21020560,서구,서대신3동,dong,constructionYear,ho_yr_007,2011년,39.0,39,False
2024,2025-06-30,21050830,부산진구,전포1동,dong,constructionYear,ho_yr_010,2014년,245.0,245,False
2024,2025-06-30,21150650,사상구,감전동,dong,constructionYear,ho_yr_015,2019년,51.0,51,False
2024,2025-06-30,21090700,해운대구,반여1동,dong,constructionYear,ho_yr_010,2014년,,N/A,True
2024,2025-06-30,21130520,연제구,거제2동,dong,constructionYear,ho_yr_017,2021년,,N/A,True
2024,2025-06-30,21020610,서구,아미동,dong,constructionYear,ho_yr_001,1979년 이전,871.0,871,False
2024,2025-06-30,21050760,부산진구,개금3동,dong,constructionYear,ho_yr_014,2018년,25.0,25,False
2024,2025-06-30,21110720,금정구,서3동,dong,constructionYear,ho_yr_014,2018년,169.0,169,False
2024,2025-06-30,21150570,사상구,괘법동,dong,constructionYear,ho_yr_009,2013년,611.0,611,False
2024,2025-06-30,21150630,사상구,학장동,dong,constructionYear,ho_yr_011,2015년,21.0,21,False
2024,2025-06-30,21040590,영도구,봉래1동,dong,constructionYear,ho_yr_007,2011년,,N/A,True
2024,2025-06-30,21120561,강서구,녹산동,dong,constructionYear,ho_yr_009,2013년,1051.0,1051,False
2024,2025-06-30,21120510,강서구,대저1동,dong,constructionYear,ho_yr_002,1980년~1989년,240.0,240,False
2024,2025-06-30,21050660,부산진구,부암3동,dong,constructionYear,ho_yr_003,1990년~1999년,2698.0,2698,False
2024,2025-06-30,21060580,동래구,사직1동,dong,constructionYear,ho_yr_012,2016년,358.0,358,False
2024,2025-06-30,21070670,남구,문현2동,dong,constructionYear,ho_yr_002,1980년~1989년,591.0,591,False
2024,2025-06-30,21130580,연제구,연산4동,dong,constructionYear,ho_yr_007,2011년,53.0,53,False
2024,2025-06-30,21150610,사상구,주례2동,dong,constructionYear,ho_yr_011,2015년,34.0,34,False
2024,2025-06-30,21030510,동구,초량1동,dong,constructionYear,ho_yr_011,2015년,33.0,33,False
2024,2025-06-30,21070690,남구,문현4동,dong,constructionYear,ho_yr_008,2012년,22.0,22,False
2024,2025-06-30,21150650,사상구,감전동,dong,constructionYear,ho_yr_013,2017년,,N/A,True
2024,2025-06-30,21080550,북구,화명1동,dong,constructionYear,ho_yr_008,2012년,4994.0,4994,False
2024,2025-06-30,21050840,부산진구,범천2동,dong,constructionYear,ho_yr_013,2017년,653.0,653,False
2024,2025-06-30,21070620,남구,감만1동,dong,constructionYear,ho_yr_013,2017년,,N/A,True
2024,2025-06-30,21050750,부산진구,개금2동,dong,constructionYear,ho_yr_004,2000년~2004년,1374.0,1374,False
2024,2025-06-30,21110680,금정구,남산동,dong,constructionYear,ho_yr_002,1980년~1989년,1418.0,1418,False
2024,2025-06-30,21100660,사하구,감천2동,dong,constructionYear,ho_yr_015,2019년,18.0,18,False
2024,2025-06-30,21090640,해운대구,재송1동,dong,constructionYear,ho_yr_016,2020년,286.0,286,False
2024,2025-06-30,21120562,강서구,신호동,dong,constructionYear,ho_yr_011,2015년,32.0,32,False
2024,2025-06-30,21140540,수영구,망미1동,dong,constructionYear,ho_yr_009,2013년,81.0,81,False
2024,2025-06-30,21100650,사하구,감천1동,dong,constructionYear,ho_yr_004,2000년~2004년,1041.0,1041,False
2024,2025-06-30,21120590,강서구,명지1동,dong,constructionYear,ho_yr_017,2021년,357.0,357,False
2024,2025-06-30,21090650,해운대구,재송2동,dong,constructionYear,ho_yr_002,1980년~1989년,3332.0,3332,False
2024,2025-06-30,21040670,영도구,동삼3동,dong,constructionYear,ho_yr_009,2013년,6.0,6,False
2024,2025-06-30,21130600,연제구,연산6동,dong,constructionYear,ho_yr_010,2014년,91.0,91,False
2024,2025-06-30,21150640,사상구,엄궁동,dong,constructionYear,ho_yr_003,1990년~1999년,4313.0,4313,False
2024,2025-06-30,21010530,중구,대청동,dong,constructionYear,ho_yr_012,2016년,27.0,27,False
2024,2025-06-30,21110570,금정구,부곡1동,dong,constructionYear,ho_yr_016,2020년,,N/A,True
2024,2025-06-30,21050570,부산진구,양정2동,dong,constructionYear,ho_yr_004,2000년~2004년,295.0,295,False
2024,2025-06-30,21060570,동래구,온천3동,dong,constructionYear,ho_yr_002,1980년~1989년,1056.0,1056,False
2024,2025-06-30,21140570,수영구,광안2동,dong,constructionYear,ho_yr_006,2010년,187.0,187,False
2024,2025-06-30,21110720,금정구,서3동,dong,constructionYear,ho_yr_002,1980년~1989년,973.0,973,False
2024,2025-06-30,21050750,부산진구,개금2동,dong,constructionYear,ho_yr_001,1979년 이전,1755.0,1755,False
2024,2025-06-30,21040690,영도구,봉래2동,dong,constructionYear,ho_yr_004,2000년~2004년,13.0,13,False
2024,2025-06-30,21100620,사하구,다대1동,dong,constructionYear,ho_yr_009,2013년,59.0,59,False
2024,2025-06-30,21140540,수영구,망미1동,dong,constructionYear,ho_yr_019,2023년,14.0,14,False
2024,2025-06-30,21150650,사상구,감전동,dong,constructionYear,ho_yr_018,2022년,38.0,38,False
2024,2025-06-30,21150630,사상구,학장동,dong,constructionYear,ho_yr_004,2000년~2004년,832.0,832,False
2024,2025-06-30,21070710,남구,우암동,dong,constructionYear,ho_yr_002,1980년~1989년,1100.0,1100,False
2024,2025-06-30,21080510,북구,구포1동,dong,constructionYear,ho_yr_017,2021년,845.0,845,False
2024,2025-06-30,21060570,동래구,온천3동,dong,constructionYear,ho_yr_001,1979년 이전,573.0,573,False
2024,2025-06-30,21070550,남구,대연5동,dong,constructionYear,ho_yr_013,2017년,90.0,90,False
2024,2025-06-30,21120561,강서구,녹산동,dong,constructionYear,ho_yr_016,2020년,1372.0,1372,False
2024,2025-06-30,21150630,사상구,학장동,dong,constructionYear,ho_yr_005,2005년~2009년,60.0,60,False
2024,2025-06-30,21140570,수영구,광안2동,dong,constructionYear,ho_yr_007,2011년,226.0,226,False
2024,2025-06-30,21130600,연제구,연산6동,dong,constructionYear,ho_yr_003,1990년~1999년,758.0,758,False
2024,2025-06-30,21140530,수영구,수영동,dong,constructionYear,ho_yr_008,2012년,120.0,120,False
2024,2025-06-30,21010530,중구,대청동,dong,constructionYear,ho_yr_011,2015년,17.0,17,False
2024,2025-06-30,21030530,동구,초량3동,dong,constructionYear,ho_yr_014,2018년,159.0,159,False
2024,2025-06-30,21070700,남구,대연1동,dong,constructionYear,ho_yr_010,2014년,255.0,255,False
2024,2025-06-30,21110580,금정구,부곡2동,dong,constructionYear,ho_yr_006,2010년,300.0,300,False
2024,2025-06-30,21110640,금정구,선두구동,dong,constructionYear,ho_yr_011,2015년,20.0,20,False
2024,2025-06-30,21140560,수영구,광안1동,dong,constructionYear,ho_yr_013,2017년,722.0,722,False
2024,2025-06-30,21090670,해운대구,좌2동,dong,constructionYear,ho_yr_003,1990년~1999년,10203.0,10203,False
2024,2025-06-30,21110710,금정구,금성동,dong,constructionYear,ho_yr_002,1980년~1989년,69.0,69,False
2024,2025-06-30,21080630,북구,화명3동,dong,constructionYear,ho_yr_011,2015년,,N/A,True
2024,2025-06-30,21090560,해운대구,송정동,dong,constructionYear,ho_yr_020,2024년,30.0,30,False
2024,2025-06-30,21020690,서구,남부민2동,dong,constructionYear,ho_yr_018,2022년,,N/A,True
2024,2025-06-30,21030530,동구,초량3동,dong,constructionYear,ho_yr_011,2015년,44.0,44,False
2024,2025-06-30,21090530,해운대구,중1동,dong,constructionYear,ho_yr_011,2015년,33.0,33,False
2024,2025-06-30,21100570,사하구,하단2동,dong,constructionYear,ho_yr_011,2015년,123.0,123,False
2024,2025-06-30,21090560,해운대구,송정동,dong,constructionYear,ho_yr_003,1990년~1999년,375.0,375,False
2024,2025-06-30,21060580,동래구,사직1동,dong,constructionYear,ho_yr_019,2023년,21.0,21,False
2024,2025-06-30,21020640,서구,충무동,dong,constructionYear,ho_yr_009,2013년,149.0,149,False
2024,2025-06-30,21020610,서구,아미동,dong,constructionYear,ho_yr_014,2018년,,N/A,True
2024,2025-06-30,21120562,강서구,신호동,dong,constructionYear,ho_yr_007,2011년,42.0,42,False
2024,2025-06-30,21020530,서구,동대신3동,dong,constructionYear,ho_yr_012,2016년,6.0,6,False
2024,2025-06-30,21020560,서구,서대신3동,dong,constructionYear,ho_yr_009,2013년,91.0,91,False
2024,2025-06-30,21050800,부산진구,당감1동,dong,constructionYear,ho_yr_010,2014년,5.0,5,False
2024,2025-06-30,21080610,북구,만덕3동,dong,constructionYear,ho_yr_007,2011년,,N/A,True
2024,2025-06-30,21060580,동래구,사직1동,dong,constructionYear,ho_yr_017,2021년,22.0,22,False
2024,2025-06-30,21110610,금정구,장전1동,dong,constructionYear,ho_yr_005,2005년~2009년,379.0,379,False
2024,2025-06-30,21130520,연제구,거제2동,dong,constructionYear,ho_yr_006,2010년,474.0,474,False
2024,2025-06-30,21140590,수영구,광안4동,dong,constructionYear,ho_yr_011,2015년,189.0,189,False
2024,2025-06-30,21070600,남구,용호4동,dong,constructionYear,ho_yr_009,2013년,759.0,759,False
2024,2025-06-30,21090680,해운대구,좌3동,dong,constructionYear,ho_yr_008,2012년,,N/A,True
2024,2025-06-30,21050700,부산진구,당감4동,dong,constructionYear,ho_yr_016,2020년,7.0,7,False
2024,2025-06-30,21080530,북구,구포3동,dong,constructionYear,ho_yr_012,2016년,5.0,5,False
2024,2025-06-30,21020640,서구,충무동,dong,constructionYear,ho_yr_002,1980년~1989년,267.0,267,False
2024,2025-06-30,21060510,동래구,수민동,dong,constructionYear,ho_yr_010,2014년,35.0,35,False
2024,2025-06-30,21110510,금정구,서1동,dong,constructionYear,ho_yr_001,1979년 이전,442.0,442,False
2024,2025-06-30,21130580,연제구,연산4동,dong,constructionYear,ho_yr_010,2014년,78.0,78,False
2024,2025-06-30,21030560,동구,수정1동,dong,constructionYear,ho_yr_002,1980년~1989년,252.0,252,False
2024,2025-06-30,21070550,남구,대연5동,dong,constructionYear,ho_yr_010,2014년,64.0,64,False
2024,2025-06-30,21030710,동구,범일1동,dong,constructionYear,ho_yr_010,2014년,16.0,16,False
2024,2025-06-30,21070590,남구,용호3동,dong,constructionYear,ho_yr_012,2016년,31.0,31,False
2024,2025-06-30,21030560,동구,수정1동,dong,constructionYear,ho_yr_017,2021년,,N/A,True
2024,2025-06-30,21110590,금정구,부곡3동,dong,constructionYear,ho_yr_010,2014년,134.0,134,False
2024,2025-06-30,21090700,해운대구,반여1동,dong,constructionYear,ho_yr_016,2020년,,N/A,True
2024,2025-06-30,21020570,서구,서대신4동,dong,constructionYear,ho_yr_015,2019년,31.0,31,False
2024,2025-06-30,21100620,사하구,다대1동,dong,constructionYear,ho_yr_003,1990년~1999년,8506.0,8506,False
2024,2025-06-30,21090640,해운대구,재송1동,dong,constructionYear,ho_yr_015,2019년,824.0,824,False
2024,2025-06-30,21070600,남구,용호4동,dong,constructionYear,ho_yr_014,2018년,16.0,16,False
2024,2025-06-30,21090540,해운대구,중2동,dong,constructionYear,ho_yr_002,1980년~1989년,367.0,367,False
2024,2025-06-30,21030710,동구,범일1동,dong,constructionYear,ho_yr_007,2011년,19.0,19,False
2024,2025-06-30,21090730,해운대구,우1동,dong,constructionYear,ho_yr_011,2015년,9.0,9,False
2024,2025-06-30,21100530,사하구,괴정3동,dong,constructionYear,ho_yr_013,2017년,385.0,385,False
2024,2025-06-30,21040690,영도구,봉래2동,dong,constructionYear,ho_yr_002,1980년~1989년,341.0,341,False
2024,2025-06-30,21040630,영도구,청학1동,dong,constructionYear,ho_yr_007,2011년,,N/A,True
2024,2025-06-30,21020560,서구,서대신3동,dong,constructionYear,ho_yr_004,2000년~2004년,797.0,797,False
2024,2025-06-30,21080590,북구,만덕1동,dong,constructionYear,ho_yr_009,2013년,,N/A,True
2024,2025-06-30,21110730,금정구,금사회동동,dong,constructionYear,ho_yr_019,2023년,,N/A,True
2024,2025-06-30,21080510,북구,구포1동,dong,constructionYear,ho_yr_020,2024년,,N/A,True
2024,2025-06-30,21040670,영도구,동삼3동,dong,constructionYear,ho_yr_004,2000년~2004년,92.0,92,False
2024,2025-06-30,21080520,북구,구포2동,dong,constructionYear,ho_yr_009,2013년,135.0,135,False
2024,2025-06-30,21110600,금정구,부곡4동,dong,constructionYear,ho_yr_006,2010년,,N/A,True
2024,2025-06-30,21120561,강서구,녹산동,dong,constructionYear,ho_yr_006,2010년,33.0,33,False
2024,2025-06-30,21140510,수영구,남천1동,dong,constructionYear,ho_yr_008,2012년,420.0,420,False
2024,2025-06-30,21110740,금정구,장전2동,dong,constructionYear,ho_yr_011,2015년,190.0,190,False
2024,2025-06-30,21010510,중구,중앙동,dong,constructionYear,ho_yr_016,2020년,16.0,16,False
2024,2025-06-30,21130580,연제구,연산4동,dong,constructionYear,ho_yr_003,1990년~1999년,1341.0,1341,False
2024,2025-06-30,21110700,금정구,구서2동,dong,constructionYear,ho_yr_016,2020년,69.0,69,False
2024,2025-06-30,21070690,남구,문현4동,dong,constructionYear,ho_yr_016,2020년,15.0,15,False
2024,2025-06-30,21100590,사하구,신평2동,dong,constructionYear,ho_yr_012,2016년,297.0,297,False
2024,2025-06-30,21050800,부산진구,당감1동,dong,constructionYear,ho_yr_003,1990년~1999년,1916.0,1916,False
2024,2025-06-30,21010570,중구,광복동,dong,constructionYear,ho_yr_003,1990년~1999년,16.0,16,False
2024,2025-06-30,21510120,기장군,장안읍,dong,constructionYear,ho_yr_001,1979년 이전,597.0,597,False
2024,2025-06-30,21060550,동래구,온천1동,dong,constructionYear,ho_yr_019,2023년,1029.0,1029,False
2024,2025-06-30,21110710,금정구,금성동,dong,constructionYear,ho_yr_017,2021년,,N/A,True
2024,2025-06-30,21050640,부산진구,부암1동,dong,constructionYear,ho_yr_012,2016년,7.0,7,False
2024,2025-06-30,21070570,남구,용호1동,dong,constructionYear,ho_yr_017,2021년,,N/A,True
2024,2025-06-30,21030660,동구,범일2동,dong,constructionYear,ho_yr_008,2012년,,N/A,True
2024,2025-06-30,21060630,동래구,명장1동,dong,constructionYear,ho_yr_018,2022년,12.0,12,False
2024,2025-06-30,21150600,사상구,주례1동,dong,constructionYear,ho_yr_004,2000년~2004년,886.0,886,False
2024,2025-06-30,21120530,강서구,강동동,dong,constructionYear,ho_yr_011,2015년,6.0,6,False
2024,2025-06-30,21140550,수영구,망미2동,dong,constructionYear,ho_yr_012,2016년,58.0,58,False
2024,2025-06-30,21070540,남구,대연4동,dong,constructionYear,ho_yr_010,2014년,,N/A,True
2024,2025-06-30,21040630,영도구,청학1동,dong,constructionYear,ho_yr_001,1979년 이전,456.0,456,False
2024,2025-06-30,21100600,사하구,장림1동,dong,constructionYear,ho_yr_008,2012년,14.0,14,False
2024,2025-06-30,21060620,동래구,안락2동,dong,constructionYear,ho_yr_002,1980년~1989년,1121.0,1121,False
2024,2025-06-30,21050700,부산진구,당감4동,dong,constructionYear,ho_yr_020,2024년,,N/A,True
2024,2025-06-30,21140510,수영구,남천1동,dong,constructionYear,ho_yr_002,1980년~1989년,1985.0,1985,False
2024,2025-06-30,21100640,사하구,구평동,dong,constructionYear,ho_yr_011,2015년,,N/A,True
2024,2025-06-30,21100570,사하구,하단2동,dong,constructionYear,ho_yr_005,2005년~2009년,150.0,150,False
2024,2025-06-30,21010600,중구,영주2동,dong,constructionYear,ho_yr_007,2011년,,N/A,True
2024,2025-06-30,21100520,사하구,괴정2동,dong,constructionYear,ho_yr_014,2018년,,N/A,True
2024,2025-06-30,21020570,서구,서대신4동,dong,constructionYear,ho_yr_007,2011년,,N/A,True
2024,2025-06-30,21130590,연제구,연산5동,dong,constructionYear,ho_yr_004,2000년~2004년,1208.0,1208,False
2024,2025-06-30,21090530,해운대구,중1동,dong,constructionYear,ho_yr_002,1980년~1989년,512.0,512,False
2024,2025-06-30,21050680,부산진구,당감2동,dong,constructionYear,ho_yr_012,2016년,59.0,59,False
2024,2025-06-30,21010530,중구,대청동,dong,constructionYear,ho_yr_015,2019년,,N/A,True
2024,2025-06-30,21130630,연제구,연산9동,dong,constructionYear,ho_yr_005,2005년~2009년,634.0,634,False
2024,2025-06-30,21070540,남구,대연4동,dong,constructionYear,ho_yr_014,2018년,1392.0,1392,False
2024,2025-06-30,21020690,서구,남부민2동,dong,constructionYear,ho_yr_011,2015년,,N/A,True
2024,2025-06-30,21040530,영도구,남항동,dong,constructionYear,ho_yr_019,2023년,39.0,39,False
2024,2025-06-30,21030660,동구,범일2동,dong,constructionYear,ho_yr_013,2017년,,N/A,True
2024,2025-06-30,21060620,동래구,안락2동,dong,constructionYear,ho_yr_003,1990년~1999년,2253.0,2253,False
2024,2025-06-30,21120550,강서구,가락동,dong,constructionYear,ho_yr_013,2017년,13.0,13,False
2024,2025-06-30,21510120,기장군,장안읍,dong,constructionYear,ho_yr_020,2024년,10.0,10,False
2024,2025-06-30,21060620,동래구,안락2동,dong,constructionYear,ho_yr_016,2020년,43.0,43,False
2024,2025-06-30,21010520,중구,동광동,dong,constructionYear,ho_yr_009,2013년,43.0,43,False
2024,2025-06-30,21110600,금정구,부곡4동,dong,constructionYear,ho_yr_010,2014년,91.0,91,False
2024,2025-06-30,21130550,연제구,연산1동,dong,constructionYear,ho_yr_010,2014년,23.0,23,False
2024,2025-06-30,21010510,중구,중앙동,dong,constructionYear,ho_yr_003,1990년~1999년,13.0,13,False
2024,2025-06-30,21110580,금정구,부곡2동,dong,constructionYear,ho_yr_003,1990년~1999년,2255.0,2255,False
2024,2025-06-30,21070540,남구,대연4동,dong,constructionYear,ho_yr_001,1979년 이전,544.0,544,False
2024,2025-06-30,21130600,연제구,연산6동,dong,constructionYear,ho_yr_006,2010년,24.0,24,False
2024,2025-06-30,21140600,수영구,민락동,dong,constructionYear,ho_yr_014,2018년,47.0,47,False
2024,2025-06-30,21130600,연제구,연산6동,dong,constructionYear,ho_yr_011,2015년,61.0,61,False
2024,2025-06-30,21120520,강서구,대저2동,dong,constructionYear,ho_yr_004,2000년~2004년,242.0,242,False
2024,2025-06-30,21150560,사상구,덕포2동,dong,constructionYear,ho_yr_016,2020년,163.0,163,False
2024,2025-06-30,21030530,동구,초량3동,dong,constructionYear,ho_yr_009,2013년,69.0,69,False
2024,2025-06-30,21050640,부산진구,부암1동,dong,constructionYear,ho_yr_002,1980년~1989년,1065.0,1065,False
2024,2025-06-30,21150610,사상구,주례2동,dong,constructionYear,ho_yr_014,2018년,135.0,135,False
2024,2025-06-30,21150630,사상구,학장동,dong,constructionYear,ho_yr_003,1990년~1999년,8078.0,8078,False
2024,2025-06-30,21510130,기장군,정관읍,dong,constructionYear,ho_yr_014,2018년,1489.0,1489,False
2024,2025-06-30,21050610,부산진구,전포2동,dong,constructionYear,ho_yr_014,2018년,60.0,60,False
2024,2025-06-30,21120600,강서구,명지2동,dong,constructionYear,ho_yr_012,2016년,5.0,5,False
2024,2025-06-30,21140580,수영구,광안3동,dong,constructionYear,ho_yr_001,1979년 이전,552.0,552,False
2024,2025-06-30,21030570,동구,수정2동,dong,constructionYear,ho_yr_014,2018년,56.0,56,False
2024,2025-06-30,21510120,기장군,장안읍,dong,constructionYear,ho_yr_002,1980년~1989년,128.0,128,False
2024,2025-06-30,21040670,영도구,동삼3동,dong,constructionYear,ho_yr_015,2019년,11.0,11,False
2024,2025-06-30,21040540,영도구,영선1동,dong,constructionYear,ho_yr_002,1980년~1989년,189.0,189,False
2024,2025-06-30,21110690,금정구,구서1동,dong,constructionYear,ho_yr_018,2022년,74.0,74,False
2024,2025-06-30,21090540,해운대구,중2동,dong,constructionYear,ho_yr_015,2019년,21.0,21,False
2024,2025-06-30,21150620,사상구,주례3동,dong,constructionYear,ho_yr_004,2000년~2004년,220.0,220,False
2024,2025-06-30,21140580,수영구,광안3동,dong,constructionYear,ho_yr_010,2014년,82.0,82,False
2024,2025-06-30,21010540,중구,보수동,dong,constructionYear,ho_yr_001,1979년 이전,787.0,787,False
2024,2025-06-30,21150620,사상구,주례3동,dong,constructionYear,ho_yr_011,2015년,11.0,11,False
2024,2025-06-30,21130520,연제구,거제2동,dong,constructionYear,ho_yr_016,2020년,30.0,30,False
2024,2025-06-30,21100600,사하구,장림1동,dong,constructionYear,ho_yr_003,1990년~1999년,543.0,543,False
2024,2025-06-30,21070700,남구,대연1동,dong,constructionYear,ho_yr_005,2005년~2009년,573.0,573,False
2024,2025-06-30,21030530,동구,초량3동,dong,constructionYear,ho_yr_003,1990년~1999년,51.0,51,False
2024,2025-06-30,21030530,동구,초량3동,dong,constructionYear,ho_yr_006,2010년,,N/A,True
2024,2025-06-30,21150570,사상구,괘법동,dong,constructionYear,ho_yr_020,2024년,393.0,393,False
2024,2025-06-30,21110720,금정구,서3동,dong,constructionYear,ho_yr_004,2000년~2004년,280.0,280,False
2024,2025-06-30,21060620,동래구,안락2동,dong,constructionYear,ho_yr_018,2022년,7.0,7,False
2024,2025-06-30,21050570,부산진구,양정2동,dong,constructionYear,ho_yr_013,2017년,374.0,374,False
2024,2025-06-30,21110610,금정구,장전1동,dong,constructionYear,ho_yr_010,2014년,749.0,749,False
2024,2025-06-30,21150520,사상구,모라1동,dong,constructionYear,ho_yr_012,2016년,44.0,44,False
2024,2025-06-30,21040650,영도구,동삼1동,dong,constructionYear,ho_yr_004,2000년~2004년,587.0,587,False
2024,2025-06-30,21130620,연제구,연산8동,dong,constructionYear,ho_yr_006,2010년,,N/A,True
2024,2025-06-30,21110610,금정구,장전1동,dong,constructionYear,ho_yr_001,1979년 이전,258.0,258,False
2024,2025-06-30,21120520,강서구,대저2동,dong,constructionYear,ho_yr_014,2018년,21.0,21,False
2024,2025-06-30,21120600,강서구,명지2동,dong,constructionYear,ho_yr_014,2018년,7.0,7,False
2024,2025-06-30,21070710,남구,우암동,dong,constructionYear,ho_yr_020,2024년,,N/A,True
2024,2025-06-30,21510111,기장군,일광읍,dong,constructionYear,ho_yr_019,2023년,793.0,793,False
2024,2025-06-30,21090540,해운대구,중2동,dong,constructionYear,ho_yr_017,2021년,11.0,11,False
2024,2025-06-30,21050570,부산진구,양정2동,dong,constructionYear,ho_yr_017,2021년,130.0,130,False
2024,2025-06-30,21050830,부산진구,전포1동,dong,constructionYear,ho_yr_015,2019년,200.0,200,False
2024,2025-06-30,21040630,영도구,청학1동,dong,constructionYear,ho_yr_003,1990년~1999년,546.0,546,False
2024,2025-06-30,21050750,부산진구,개금2동,dong,constructionYear,ho_yr_015,2019년,,N/A,True
2024,2025-06-30,21080600,북구,만덕2동,dong,constructionYear,ho_yr_016,2020년,,N/A,True
2024,2025-06-30,21130550,연제구,연산1동,dong,constructionYear,ho_yr_020,2024년,,N/A,True
2024,2025-06-30,21050800,부산진구,당감1동,dong,constructionYear,ho_yr_012,2016년,,N/A,True
2024,2025-06-30,21060650,동래구,명륜동,dong,constructionYear,ho_yr_016,2020년,226.0,226,False
2024,2025-06-30,21030560,동구,수정1동,dong,constructionYear,ho_yr_011,2015년,8.0,8,False
2024,2025-06-30,21510110,기장군,기장읍,dong,constructionYear,ho_yr_005,2005년~2009년,1559.0,1559,False
2024,2025-06-30,21090700,해운대구,반여1동,dong,constructionYear,ho_yr_012,2016년,,N/A,True
2024,2025-06-30,21050610,부산진구,전포2동,dong,constructionYear,ho_yr_004,2000년~2004년,2797.0,2797,False
2024,2025-06-30,21050770,부산진구,범천1동,dong,constructionYear,ho_yr_015,2019년,520.0,520,False
2024,2025-06-30,21070700,남구,대연1동,dong,constructionYear,ho_yr_013,2017년,75.0,75,False
2024,2025-06-30,21010560,중구,부평동,dong,constructionYear,ho_yr_017,2021년,70.0,70,False
2024,2025-06-30,21130550,연제구,연산1동,dong,constructionYear,ho_yr_016,2020년,22.0,22,False
2024,2025-06-30,21030700,동구,좌천동,dong,constructionYear,ho_yr_012,2016년,17.0,17,False
2024,2025-06-30,21120520,강서구,대저2동,dong,constructionYear,ho_yr_011,2015년,8.0,8,False
2024,2025-06-30,21110720,금정구,서3동,dong,constructionYear,ho_yr_001,1979년 이전,666.0,666,False
2024,2025-06-30,21090540,해운대구,중2동,dong,constructionYear,ho_yr_003,1990년~1999년,1833.0,1833,False
2024,2025-06-30,21020520,서구,동대신2동,dong,constructionYear,ho_yr_004,2000년~2004년,235.0,235,False
2024,2025-06-30,21090560,해운대구,송정동,dong,constructionYear,ho_yr_006,2010년,849.0,849,False
2024,2025-06-30,21090700,해운대구,반여1동,dong,constructionYear,ho_yr_019,2023년,8.0,8,False
2024,2025-06-30,21100590,사하구,신평2동,dong,constructionYear,ho_yr_001,1979년 이전,9.0,9,False
2024,2025-06-30,21110670,금정구,청룡노포동,dong,constructionYear,ho_yr_002,1980년~1989년,418.0,418,False
2024,2025-06-30,21020610,서구,아미동,dong,constructionYear,ho_yr_004,2000년~2004년,67.0,67,False
2024,2025-06-30,21050820,부산진구,부전1동,dong,constructionYear,ho_yr_014,2018년,,N/A,True
2024,2025-06-30,21150630,사상구,학장동,dong,constructionYear,ho_yr_017,2021년,12.0,12,False
2024,2025-06-30,21150630,사상구,학장동,dong,constructionYear,ho_yr_010,2014년,507.0,507,False
2024,2025-06-30,21110590,금정구,부곡3동,dong,constructionYear,ho_yr_012,2016년,5.0,5,False
2024,2025-06-30,21090650,해운대구,재송2동,dong,constructionYear,ho_yr_019,2023년,161.0,161,False
2024,2025-06-30,21150570,사상구,괘법동,dong,constructionYear,ho_yr_002,1980년~1989년,576.0,576,False
2024,2025-06-30,21140530,수영구,수영동,dong,constructionYear,ho_yr_007,2011년,27.0,27,False
2024,2025-06-30,21110590,금정구,부곡3동,dong,constructionYear,ho_yr_004,2000년~2004년,740.0,740,False
2024,2025-06-30,21060610,동래구,안락1동,dong,constructionYear,ho_yr_011,2015년,108.0,108,False
2024,2025-06-30,21100560,사하구,하단1동,dong,constructionYear,ho_yr_007,2011년,121.0,121,False
2024,2025-06-30,21130550,연제구,연산1동,dong,constructionYear,ho_yr_003,1990년~1999년,1542.0,1542,False
2024,2025-06-30,21050520,부산진구,부전2동,dong,constructionYear,ho_yr_013,2017년,40.0,40,False
2024,2025-06-30,21100600,사하구,장림1동,dong,constructionYear,ho_yr_002,1980년~1989년,606.0,606,False
2024,2025-06-30,21030660,동구,범일2동,dong,constructionYear,ho_yr_017,2021년,24.0,24,False
2024,2025-06-30,21090640,해운대구,재송1동,dong,constructionYear,ho_yr_005,2005년~2009년,6777.0,6777,False
2024,2025-06-30,21130570,연제구,연산3동,dong,constructionYear,ho_yr_004,2000년~2004년,78.0,78,False
2024,2025-06-30,21080560,북구,덕천1동,dong,constructionYear,ho_yr_002,1980년~1989년,1136.0,1136,False
2024,2025-06-30,21140540,수영구,망미1동,dong,constructionYear,ho_yr_011,2015년,92.0,92,False
2024,2025-06-30,21050700,부산진구,당감4동,dong,constructionYear,ho_yr_009,2013년,44.0,44,False
2024,2025-06-30,21040550,영도구,영선2동,dong,constructionYear,ho_yr_007,2011년,,N/A,True
2024,2025-06-30,21100570,사하구,하단2동,dong,constructionYear,ho_yr_015,2019년,215.0,215,False
2024,2025-06-30,21040650,영도구,동삼1동,dong,constructionYear,ho_yr_003,1990년~1999년,6333.0,6333,False
2024,2025-06-30,21040540,영도구,영선1동,dong,constructionYear,ho_yr_007,2011년,33.0,33,False
2024,2025-06-30,21070700,남구,대연1동,dong,constructionYear,ho_yr_004,2000년~2004년,2270.0,2270,False
2024,2025-06-30,21100540,사하구,괴정4동,dong,constructionYear,ho_yr_003,1990년~1999년,665.0,665,False
2024,2025-06-30,21130550,연제구,연산1동,dong,constructionYear,ho_yr_004,2000년~2004년,168.0,168,False
2024,2025-06-30,21070630,남구,감만2동,dong,constructionYear,ho_yr_004,2000년~2004년,222.0,222,False
2024,2025-06-30,21100610,사하구,장림2동,dong,constructionYear,ho_yr_003,1990년~1999년,4405.0,4405,False
2024,2025-06-30,21110720,금정구,서3동,dong,constructionYear,ho_yr_010,2014년,,N/A,True
2024,2025-06-30,21110740,금정구,장전2동,dong,constructionYear,ho_yr_020,2024년,225.0,225,False
2024,2025-06-30,21080580,북구,덕천3동,dong,constructionYear,ho_yr_012,2016년,,N/A,True
2024,2025-06-30,21060640,동래구,명장2동,dong,constructionYear,ho_yr_019,2023년,,N/A,True
2024,2025-06-30,21130580,연제구,연산4동,dong,constructionYear,ho_yr_016,2020년,47.0,47,False
2024,2025-06-30,21050640,부산진구,부암1동,dong,constructionYear,ho_yr_008,2012년,47.0,47,False
2024,2025-06-30,21040650,영도구,동삼1동,dong,constructionYear,ho_yr_017,2021년,,N/A,True
2024,2025-06-30,21080620,북구,화명2동,dong,constructionYear,ho_yr_008,2012년,14.0,14,False
2024,2025-06-30,21020560,서구,서대신3동,dong,constructionYear,ho_yr_014,2018년,43.0,43,False
2024,2025-06-30,21140580,수영구,광안3동,dong,constructionYear,ho_yr_012,2016년,127.0,127,False
2024,2025-06-30,21140570,수영구,광안2동,dong,constructionYear,ho_yr_003,1990년~1999년,591.0,591,False
2024,2025-06-30,21070560,남구,대연6동,dong,constructionYear,ho_yr_016,2020년,,N/A,True
2024,2025-06-30,21080630,북구,화명3동,dong,constructionYear,ho_yr_012,2016년,,N/A,True
2024,2025-06-30,21080620,북구,화명2동,dong,constructionYear,ho_yr_002,1980년~1989년,697.0,697,False
2024,2025-06-30,21040640,영도구,청학2동,dong,constructionYear,ho_yr_012,2016년,71.0,71,False
2024,2025-06-30,21050840,부산진구,범천2동,dong,constructionYear,ho_yr_009,2013년,940.0,940,False
2024,2025-06-30,21100510,사하구,괴정1동,dong,constructionYear,ho_yr_004,2000년~2004년,509.0,509,False
2024,2025-06-30,21060520,동래구,복산동,dong,constructionYear,ho_yr_018,2022년,11.0,11,False
2024,2025-06-30,21050820,부산진구,부전1동,dong,constructionYear,ho_yr_016,2020년,22.0,22,False
2024,2025-06-30,21150550,사상구,덕포1동,dong,constructionYear,ho_yr_016,2020년,,N/A,True
2024,2025-06-30,21100600,사하구,장림1동,dong,constructionYear,ho_yr_007,2011년,102.0,102,False
2024,2025-06-30,21020650,서구,남부민1동,dong,constructionYear,ho_yr_002,1980년~1989년,518.0,518,False
2024,2025-06-30,21510111,기장군,일광읍,dong,constructionYear,ho_yr_004,2000년~2004년,127.0,127,False
2024,2025-06-30,21050540,부산진구,연지동,dong,constructionYear,ho_yr_013,2017년,132.0,132,False
2024,2025-06-30,21080590,북구,만덕1동,dong,constructionYear,ho_yr_004,2000년~2004년,803.0,803,False
2024,2025-06-30,21070700,남구,대연1동,dong,constructionYear,ho_yr_012,2016년,164.0,164,False
2024,2025-06-30,21080530,북구,구포3동,dong,constructionYear,ho_yr_008,2012년,68.0,68,False
2024,2025-06-30,21110740,금정구,장전2동,dong,constructionYear,ho_yr_002,1980년~1989년,221.0,221,False
2024,2025-06-30,21110520,금정구,서2동,dong,constructionYear,ho_yr_010,2014년,,N/A,True
2024,2025-06-30,21070530,남구,대연3동,dong,constructionYear,ho_yr_005,2005년~2009년,1338.0,1338,False
2024,2025-06-30,21110730,금정구,금사회동동,dong,constructionYear,ho_yr_001,1979년 이전,431.0,431,False
2024,2025-06-30,21110730,금정구,금사회동동,dong,constructionYear,ho_yr_007,2011년,,N/A,True
2024,2025-06-30,21050810,부산진구,가야1동,dong,constructionYear,ho_yr_001,1979년 이전,792.0,792,False
2024,2025-06-30,21020510,서구,동대신1동,dong,constructionYear,ho_yr_020,2024년,,N/A,True
2024,2025-06-30,21510330,기장군,철마면,dong,constructionYear,ho_yr_015,2019년,,N/A,True
2024,2025-06-30,21130510,연제구,거제1동,dong,constructionYear,ho_yr_003,1990년~1999년,955.0,955,False
2024,2025-06-30,21110690,금정구,구서1동,dong,constructionYear,ho_yr_019,2023년,73.0,73,False
2024,2025-06-30,21090640,해운대구,재송1동,dong,constructionYear,ho_yr_013,2017년,49.0,49,False
2024,2025-06-30,21080620,북구,화명2동,dong,constructionYear,ho_yr_001,1979년 이전,21.0,21,False
2024,2025-06-30,21100510,사하구,괴정1동,dong,constructionYear,ho_yr_010,2014년,52.0,52,False
2024,2025-06-30,21050800,부산진구,당감1동,dong,constructionYear,ho_yr_016,2020년,,N/A,True
2024,2025-06-30,21070590,남구,용호3동,dong,constructionYear,ho_yr_007,2011년,19.0,19,False
2024,2025-06-30,21100520,사하구,괴정2동,dong,constructionYear,ho_yr_016,2020년,11.0,11,False
2024,2025-06-30,21110690,금정구,구서1동,dong,constructionYear,ho_yr_012,2016년,692.0,692,False
2024,2025-06-30,21110700,금정구,구서2동,dong,constructionYear,ho_yr_013,2017년,69.0,69,False
2024,2025-06-30,21020570,서구,서대신4동,dong,constructionYear,ho_yr_018,2022년,,N/A,True
2024,2025-06-30,21080630,북구,화명3동,dong,constructionYear,ho_yr_004,2000년~2004년,9577.0,9577,False
2024,2025-06-30,21070590,남구,용호3동,dong,constructionYear,ho_yr_011,2015년,30.0,30,False
2024,2025-06-30,21120510,강서구,대저1동,dong,constructionYear,ho_yr_011,2015년,14.0,14,False
2024,2025-06-30,21100570,사하구,하단2동,dong,constructionYear,ho_yr_019,2023년,91.0,91,False
2024,2025-06-30,21110610,금정구,장전1동,dong,constructionYear,ho_yr_007,2011년,426.0,426,False
2024,2025-06-30,21110730,금정구,금사회동동,dong,constructionYear,ho_yr_012,2016년,22.0,22,False
2024,2025-06-30,21090560,해운대구,송정동,dong,constructionYear,ho_yr_011,2015년,416.0,416,False
2024,2025-06-30,21060510,동래구,수민동,dong,constructionYear,ho_yr_012,2016년,31.0,31,False
2024,2025-06-30,21050700,부산진구,당감4동,dong,constructionYear,ho_yr_017,2021년,17.0,17,False
2024,2025-06-30,21120600,강서구,명지2동,dong,constructionYear,ho_yr_007,2011년,33.0,33,False
2024,2025-06-30,21050820,부산진구,부전1동,dong,constructionYear,ho_yr_008,2012년,215.0,215,False
2024,2025-06-30,21110740,금정구,장전2동,dong,constructionYear,ho_yr_010,2014년,227.0,227,False
2024,2025-06-30,21100560,사하구,하단1동,dong,constructionYear,ho_yr_018,2022년,379.0,379,False
2024,2025-06-30,21140530,수영구,수영동,dong,constructionYear,ho_yr_001,1979년 이전,562.0,562,False
2024,2025-06-30,21040680,영도구,신선동,dong,constructionYear,ho_yr_012,2016년,,N/A,True
2024,2025-06-30,21020640,서구,충무동,dong,constructionYear,ho_yr_012,2016년,176.0,176,False
2024,2025-06-30,21140590,수영구,광안4동,dong,constructionYear,ho_yr_018,2022년,254.0,254,False
2024,2025-06-30,21030590,동구,수정4동,dong,constructionYear,ho_yr_012,2016년,16.0,16,False
2024,2025-06-30,21020590,서구,부민동,dong,constructionYear,ho_yr_016,2020년,,N/A,True
2024,2025-06-30,21050640,부산진구,부암1동,dong,constructionYear,ho_yr_013,2017년,983.0,983,False
2024,2025-06-30,21050770,부산진구,범천1동,dong,constructionYear,ho_yr_003,1990년~1999년,106.0,106,False
2024,2025-06-30,21090640,해운대구,재송1동,dong,constructionYear,ho_yr_012,2016년,32.0,32,False
2024,2025-06-30,21050800,부산진구,당감1동,dong,constructionYear,ho_yr_007,2011년,,N/A,True
2024,2025-06-30,21130590,연제구,연산5동,dong,constructionYear,ho_yr_018,2022년,96.0,96,False
2024,2025-06-30,21130560,연제구,연산2동,dong,constructionYear,ho_yr_007,2011년,130.0,130,False
2024,2025-06-30,21090730,해운대구,우1동,dong,constructionYear,ho_yr_017,2021년,,N/A,True
2024,2025-06-30,21120561,강서구,녹산동,dong,constructionYear,ho_yr_010,2014년,40.0,40,False
2024,2025-06-30,21060610,동래구,안락1동,dong,constructionYear,ho_yr_019,2023년,19.0,19,False
2024,2025-06-30,21060610,동래구,안락1동,dong,constructionYear,ho_yr_016,2020년,35.0,35,False
2024,2025-06-30,21100590,사하구,신평2동,dong,constructionYear,ho_yr_009,2013년,6.0,6,False
2024,2025-06-30,21040530,영도구,남항동,dong,constructionYear,ho_yr_017,2021년,44.0,44,False
2024,2025-06-30,21020590,서구,부민동,dong,constructionYear,ho_yr_012,2016년,78.0,78,False
2024,2025-06-30,21100580,사하구,신평1동,dong,constructionYear,ho_yr_011,2015년,10.0,10,False
2024,2025-06-30,21110710,금정구,금성동,dong,constructionYear,ho_yr_010,2014년,13.0,13,False
2024,2025-06-30,21060550,동래구,온천1동,dong,constructionYear,ho_yr_006,2010년,,N/A,True
2024,2025-06-30,21040690,영도구,봉래2동,dong,constructionYear,ho_yr_017,2021년,,N/A,True
2024,2025-06-30,21130510,연제구,거제1동,dong,constructionYear,ho_yr_005,2005년~2009년,2774.0,2774,False
2024,2025-06-30,21100560,사하구,하단1동,dong,constructionYear,ho_yr_003,1990년~1999년,3754.0,3754,False
2024,2025-06-30,21150620,사상구,주례3동,dong,constructionYear,ho_yr_008,2012년,27.0,27,False
2024,2025-06-30,21110700,금정구,구서2동,dong,constructionYear,ho_yr_010,2014년,235.0,235,False
2024,2025-06-30,21140550,수영구,망미2동,dong,constructionYear,ho_yr_018,2022년,69.0,69,False
2024,2025-06-30,21100520,사하구,괴정2동,dong,constructionYear,ho_yr_004,2000년~2004년,412.0,412,False
2024,2025-06-30,21120580,강서구,가덕도동,dong,constructionYear,ho_yr_019,2023년,32.0,32,False
2024,2025-06-30,21060610,동래구,안락1동,dong,constructionYear,ho_yr_008,2012년,121.0,121,False
2024,2025-06-30,21100510,사하구,괴정1동,dong,constructionYear,ho_yr_011,2015년,148.0,148,False
2024,2025-06-30,21110640,금정구,선두구동,dong,constructionYear,ho_yr_006,2010년,15.0,15,False
2024,2025-06-30,21080510,북구,구포1동,dong,constructionYear,ho_yr_010,2014년,1191.0,1191,False
2024,2025-06-30,21100560,사하구,하단1동,dong,constructionYear,ho_yr_017,2021년,158.0,158,False
2024,2025-06-30,21100530,사하구,괴정3동,dong,constructionYear,ho_yr_009,2013년,53.0,53,False
2024,2025-06-30,21020520,서구,동대신2동,dong,constructionYear,ho_yr_008,2012년,10.0,10,False
2024,2025-06-30,21080540,북구,금곡동,dong,constructionYear,ho_yr_020,2024년,,N/A,True
2024,2025-06-30,21040630,영도구,청학1동,dong,constructionYear,ho_yr_004,2000년~2004년,111.0,111,False
2024,2025-06-30,21050550,부산진구,초읍동,dong,constructionYear,ho_yr_012,2016년,78.0,78,False
2024,2025-06-30,21020540,서구,서대신1동,dong,constructionYear,ho_yr_009,2013년,156.0,156,False
2024,2025-06-30,21060630,동래구,명장1동,dong,constructionYear,ho_yr_013,2017년,30.0,30,False
2024,2025-06-30,21050840,부산진구,범천2동,dong,constructionYear,ho_yr_020,2024년,233.0,233,False
2024,2025-06-30,21100550,사하구,당리동,dong,constructionYear,ho_yr_003,1990년~1999년,2435.0,2435,False
2024,2025-06-30,21070670,남구,문현2동,dong,constructionYear,ho_yr_006,2010년,,N/A,True
2024,2025-06-30,21050840,부산진구,범천2동,dong,constructionYear,ho_yr_018,2022년,1004.0,1004,False
2024,2025-06-30,21030550,동구,초량6동,dong,constructionYear,ho_yr_001,1979년 이전,632.0,632,False
2024,2025-06-30,21050830,부산진구,전포1동,dong,constructionYear,ho_yr_014,2018년,567.0,567,False
2024,2025-06-30,21120550,강서구,가락동,dong,constructionYear,ho_yr_007,2011년,14.0,14,False
2024,2025-06-30,21150570,사상구,괘법동,dong,constructionYear,ho_yr_001,1979년 이전,572.0,572,False
2024,2025-06-30,21050570,부산진구,양정2동,dong,constructionYear,ho_yr_019,2023년,913.0,913,False
2024,2025-06-30,21090720,해운대구,반송1동,dong,constructionYear,ho_yr_001,1979년 이전,354.0,354,False
2024,2025-06-30,21120510,강서구,대저1동,dong,constructionYear,ho_yr_016,2020년,56.0,56,False
2024,2025-06-30,21150640,사상구,엄궁동,dong,constructionYear,ho_yr_009,2013년,45.0,45,False
2024,2025-06-30,21030600,동구,수정5동,dong,constructionYear,ho_yr_003,1990년~1999년,403.0,403,False
2024,2025-06-30,21080570,북구,덕천2동,dong,constructionYear,ho_yr_006,2010년,34.0,34,False
2024,2025-06-30,21050540,부산진구,연지동,dong,constructionYear,ho_yr_009,2013년,29.0,29,False
2024,2025-06-30,21020690,서구,남부민2동,dong,constructionYear,ho_yr_013,2017년,,N/A,True
2024,2025-06-30,21100560,사하구,하단1동,dong,constructionYear,ho_yr_004,2000년~2004년,1246.0,1246,False
2024,2025-06-30,21080550,북구,화명1동,dong,constructionYear,ho_yr_012,2016년,16.0,16,False
2024,2025-06-30,21070570,남구,용호1동,dong,constructionYear,ho_yr_015,2019년,89.0,89,False
2024,2025-06-30,21050810,부산진구,가야1동,dong,constructionYear,ho_yr_011,2015년,11.0,11,False
2024,2025-06-30,21140570,수영구,광안2동,dong,constructionYear,ho_yr_004,2000년~2004년,675.0,675,False
2024,2025-06-30,21070580,남구,용호2동,dong,constructionYear,ho_yr_004,2000년~2004년,445.0,445,False
2024,2025-06-30,21050540,부산진구,연지동,dong,constructionYear,ho_yr_008,2012년,50.0,50,False
2024,2025-06-30,21090650,해운대구,재송2동,dong,constructionYear,ho_yr_001,1979년 이전,74.0,74,False
2024,2025-06-30,21090730,해운대구,우1동,dong,constructionYear,ho_yr_005,2005년~2009년,1140.0,1140,False
2024,2025-06-30,21090740,해운대구,우2동,dong,constructionYear,ho_yr_004,2000년~2004년,802.0,802,False
2024,2025-06-30,21130510,연제구,거제1동,dong,constructionYear,ho_yr_013,2017년,,N/A,True
2024,2025-06-30,21120580,강서구,가덕도동,dong,constructionYear,ho_yr_016,2020년,8.0,8,False
2024,2025-06-30,21100600,사하구,장림1동,dong,constructionYear,ho_yr_011,2015년,,N/A,True
2024,2025-06-30,21020680,서구,암남동,dong,constructionYear,ho_yr_001,1979년 이전,384.0,384,False
2024,2025-06-30,21040540,영도구,영선1동,dong,constructionYear,ho_yr_010,2014년,,N/A,True
2024,2025-06-30,21020530,서구,동대신3동,dong,constructionYear,ho_yr_001,1979년 이전,571.0,571,False
2024,2025-06-30,21090560,해운대구,송정동,dong,constructionYear,ho_yr_015,2019년,44.0,44,False
2024,2025-06-30,21020640,서구,충무동,dong,constructionYear,ho_yr_016,2020년,,N/A,True
2024,2025-06-30,21060550,동래구,온천1동,dong,constructionYear,ho_yr_008,2012년,73.0,73,False
2024,2025-06-30,21110640,금정구,선두구동,dong,constructionYear,ho_yr_002,1980년~1989년,91.0,91,False
2024,2025-06-30,21020590,서구,부민동,dong,constructionYear,ho_yr_008,2012년,64.0,64,False
2024,2025-06-30,21050550,부산진구,초읍동,dong,constructionYear,ho_yr_008,2012년,121.0,121,False
2024,2025-06-30,21110590,금정구,부곡3동,dong,constructionYear,ho_yr_015,2019년,37.0,37,False
2024,2025-06-30,21100590,사하구,신평2동,dong,constructionYear,ho_yr_010,2014년,,N/A,True
2024,2025-06-30,21050640,부산진구,부암1동,dong,constructionYear,ho_yr_001,1979년 이전,570.0,570,False
2024,2025-06-30,21030600,동구,수정5동,dong,constructionYear,ho_yr_004,2000년~2004년,160.0,160,False
2024,2025-06-30,21060550,동래구,온천1동,dong,constructionYear,ho_yr_018,2022년,,N/A,True
2024,2025-06-30,21110590,금정구,부곡3동,dong,constructionYear,ho_yr_007,2011년,22.0,22,False
2024,2025-06-30,21050550,부산진구,초읍동,dong,constructionYear,ho_yr_007,2011년,88.0,88,False
2024,2025-06-30,21050570,부산진구,양정2동,dong,constructionYear,ho_yr_011,2015년,319.0,319,False
2024,2025-06-30,21510330,기장군,철마면,dong,constructionYear,ho_yr_010,2014년,496.0,496,False
2024,2025-06-30,21060600,동래구,사직3동,dong,constructionYear,ho_yr_016,2020년,952.0,952,False
2024,2025-06-30,21070630,남구,감만2동,dong,constructionYear,ho_yr_002,1980년~1989년,552.0,552,False
2024,2025-06-30,21080600,북구,만덕2동,dong,constructionYear,ho_yr_011,2015년,3046.0,3046,False
2024,2025-06-30,21020680,서구,암남동,dong,constructionYear,ho_yr_008,2012년,44.0,44,False
2024,2025-06-30,21080520,북구,구포2동,dong,constructionYear,ho_yr_015,2019년,289.0,289,False
2024,2025-06-30,21070550,남구,대연5동,dong,constructionYear,ho_yr_007,2011년,190.0,190,False
2024,2025-06-30,21020610,서구,아미동,dong,constructionYear,ho_yr_016,2020년,18.0,18,False
2024,2025-06-30,21150650,사상구,감전동,dong,constructionYear,ho_yr_014,2018년,200.0,200,False
2024,2025-06-30,21030560,동구,수정1동,dong,constructionYear,ho_yr_003,1990년~1999년,208.0,208,False
2024,2025-06-30,21010560,중구,부평동,dong,constructionYear,ho_yr_005,2005년~2009년,26.0,26,False
2024,2025-06-30,21080520,북구,구포2동,dong,constructionYear,ho_yr_005,2005년~2009년,1377.0,1377,False
2024,2025-06-30,21060590,동래구,사직2동,dong,constructionYear,ho_yr_015,2019년,,N/A,True
2024,2025-06-30,21030560,동구,수정1동,dong,constructionYear,ho_yr_010,2014년,60.0,60,False
2024,2025-06-30,21150610,사상구,주례2동,dong,constructionYear,ho_yr_012,2016년,55.0,55,False
2024,2025-06-30,21120530,강서구,강동동,dong,constructionYear,ho_yr_020,2024년,1051.0,1051,False
2024,2025-06-30,21130580,연제구,연산4동,dong,constructionYear,ho_yr_011,2015년,27.0,27,False
2024,2025-06-30,21050680,부산진구,당감2동,dong,constructionYear,ho_yr_014,2018년,,N/A,True
2024,2025-06-30,21050680,부산진구,당감2동,dong,constructionYear,ho_yr_003,1990년~1999년,1519.0,1519,False
2024,2025-06-30,21060560,동래구,온천2동,dong,constructionYear,ho_yr_003,1990년~1999년,1109.0,1109,False
2024,2025-06-30,21110640,금정구,선두구동,dong,constructionYear,ho_yr_019,2023년,7.0,7,False
2024,2025-06-30,21090720,해운대구,반송1동,dong,constructionYear,ho_yr_016,2020년,,N/A,True
2024,2025-06-30,21130520,연제구,거제2동,dong,constructionYear,ho_yr_005,2005년~2009년,289.0,289,False
2024,2025-06-30,21120550,강서구,가락동,dong,constructionYear,ho_yr_003,1990년~1999년,179.0,179,False
2024,2025-06-30,21090710,해운대구,반여4동,dong,constructionYear,ho_yr_017,2021년,,N/A,True
2024,2025-06-30,21020590,서구,부민동,dong,constructionYear,ho_yr_006,2010년,33.0,33,False
2024,2025-06-30,21130590,연제구,연산5동,dong,constructionYear,ho_yr_005,2005년~2009년,126.0,126,False
2024,2025-06-30,21020520,서구,동대신2동,dong,constructionYear,ho_yr_003,1990년~1999년,646.0,646,False
2024,2025-06-30,21060620,동래구,안락2동,dong,constructionYear,ho_yr_012,2016년,34.0,34,False
2024,2025-06-30,21020640,서구,충무동,dong,constructionYear,ho_yr_011,2015년,231.0,231,False
2024,2025-06-30,21150640,사상구,엄궁동,dong,constructionYear,ho_yr_002,1980년~1989년,725.0,725,False
2024,2025-06-30,21050610,부산진구,전포2동,dong,constructionYear,ho_yr_008,2012년,323.0,323,False
2024,2025-06-30,21150650,사상구,감전동,dong,constructionYear,ho_yr_006,2010년,17.0,17,False
2024,2025-06-30,21100560,사하구,하단1동,dong,constructionYear,ho_yr_016,2020년,17.0,17,False
2024,2025-06-30,21120510,강서구,대저1동,dong,constructionYear,ho_yr_004,2000년~2004년,106.0,106,False
2024,2025-06-30,21090640,해운대구,재송1동,dong,constructionYear,ho_yr_006,2010년,5.0,5,False
2024,2025-06-30,21090740,해운대구,우2동,dong,constructionYear,ho_yr_003,1990년~1999년,3686.0,3686,False
2024,2025-06-30,21010590,중구,영주1동,dong,constructionYear,ho_yr_009,2013년,98.0,98,False
2024,2025-06-30,21100520,사하구,괴정2동,dong,constructionYear,ho_yr_002,1980년~1989년,1112.0,1112,False
2024,2025-06-30,21040650,영도구,동삼1동,dong,constructionYear,ho_yr_013,2017년,516.0,516,False
2024,2025-06-30,21110590,금정구,부곡3동,dong,constructionYear,ho_yr_013,2017년,672.0,672,False
2024,2025-06-30,21090690,해운대구,좌4동,dong,constructionYear,ho_yr_016,2020년,97.0,97,False
2024,2025-06-30,21140580,수영구,광안3동,dong,constructionYear,ho_yr_009,2013년,218.0,218,False
2024,2025-06-30,21110680,금정구,남산동,dong,constructionYear,ho_yr_007,2011년,79.0,79,False
2024,2025-06-30,21020650,서구,남부민1동,dong,constructionYear,ho_yr_014,2018년,65.0,65,False
2024,2025-06-30,21110670,금정구,청룡노포동,dong,constructionYear,ho_yr_019,2023년,5.0,5,False
2024,2025-06-30,21110580,금정구,부곡2동,dong,constructionYear,ho_yr_002,1980년~1989년,675.0,675,False
2024,2025-06-30,21010520,중구,동광동,dong,constructionYear,ho_yr_002,1980년~1989년,252.0,252,False
2024,2025-06-30,21090640,해운대구,재송1동,dong,constructionYear,ho_yr_007,2011년,70.0,70,False
2024,2025-06-30,21070550,남구,대연5동,dong,constructionYear,ho_yr_019,2023년,48.0,48,False
2024,2025-06-30,21140580,수영구,광안3동,dong,constructionYear,ho_yr_013,2017년,264.0,264,False
2024,2025-06-30,21080630,북구,화명3동,dong,constructionYear,ho_yr_008,2012년,104.0,104,False
2024,2025-06-30,21010590,중구,영주1동,dong,constructionYear,ho_yr_005,2005년~2009년,226.0,226,False
2024,2025-06-30,21050540,부산진구,연지동,dong,constructionYear,ho_yr_003,1990년~1999년,1997.0,1997,False
2024,2025-06-30,21050750,부산진구,개금2동,dong,constructionYear,ho_yr_009,2013년,12.0,12,False
2024,2025-06-30,21110580,금정구,부곡2동,dong,constructionYear,ho_yr_019,2023년,,N/A,True
2024,2025-06-30,21130510,연제구,거제1동,dong,constructionYear,ho_yr_016,2020년,,N/A,True
2024,2025-06-30,21090700,해운대구,반여1동,dong,constructionYear,ho_yr_004,2000년~2004년,3392.0,3392,False
2024,2025-06-30,21130570,연제구,연산3동,dong,constructionYear,ho_yr_009,2013년,,N/A,True
2024,2025-06-30,21070530,남구,대연3동,dong,constructionYear,ho_yr_017,2021년,13.0,13,False
2024,2025-06-30,21020510,서구,동대신1동,dong,constructionYear,ho_yr_004,2000년~2004년,231.0,231,False
2024,2025-06-30,21110670,금정구,청룡노포동,dong,constructionYear,ho_yr_014,2018년,40.0,40,False
2024,2025-06-30,21100510,사하구,괴정1동,dong,constructionYear,ho_yr_016,2020년,11.0,11,False
2024,2025-06-30,21090740,해운대구,우2동,dong,constructionYear,ho_yr_009,2013년,1019.0,1019,False
2024,2025-06-30,21120561,강서구,녹산동,dong,constructionYear,ho_yr_019,2023년,11.0,11,False
2024,2025-06-30,21080540,북구,금곡동,dong,constructionYear,ho_yr_006,2010년,,N/A,True
2024,2025-06-30,21090650,해운대구,재송2동,dong,constructionYear,ho_yr_004,2000년~2004년,471.0,471,False
2024,2025-06-30,21120562,강서구,신호동,dong,constructionYear,ho_yr_005,2005년~2009년,683.0,683,False
2024,2025-06-30,21050540,부산진구,연지동,dong,constructionYear,ho_yr_011,2015년,20.0,20,False
2024,2025-06-30,21050720,부산진구,가야2동,dong,constructionYear,ho_yr_010,2014년,27.0,27,False
2024,2025-06-30,21030550,동구,초량6동,dong,constructionYear,ho_yr_003,1990년~1999년,547.0,547,False
2024,2025-06-30,21110520,금정구,서2동,dong,constructionYear,ho_yr_002,1980년~1989년,886.0,886,False
2024,2025-06-30,21150520,사상구,모라1동,dong,constructionYear,ho_yr_016,2020년,212.0,212,False
2024,2025-06-30,21080520,북구,구포2동,dong,constructionYear,ho_yr_006,2010년,13.0,13,False
2024,2025-06-30,21040650,영도구,동삼1동,dong,constructionYear,ho_yr_002,1980년~1989년,2359.0,2359,False
2024,2025-06-30,21060640,동래구,명장2동,dong,constructionYear,ho_yr_004,2000년~2004년,505.0,505,False
2024,2025-06-30,21140550,수영구,망미2동,dong,constructionYear,ho_yr_010,2014년,9.0,9,False
2024,2025-06-30,21030590,동구,수정4동,dong,constructionYear,ho_yr_007,2011년,,N/A,True
2024,2025-06-30,21060520,동래구,복산동,dong,constructionYear,ho_yr_007,2011년,31.0,31,False
2024,2025-06-30,21060600,동래구,사직3동,dong,constructionYear,ho_yr_014,2018년,34.0,34,False
2024,2025-06-30,21120561,강서구,녹산동,dong,constructionYear,ho_yr_005,2005년~2009년,71.0,71,False
2024,2025-06-30,21090560,해운대구,송정동,dong,constructionYear,ho_yr_012,2016년,17.0,17,False
2024,2025-06-30,21130520,연제구,거제2동,dong,constructionYear,ho_yr_013,2017년,60.0,60,False
2024,2025-06-30,21060570,동래구,온천3동,dong,constructionYear,ho_yr_010,2014년,330.0,330,False
2024,2025-06-30,21030600,동구,수정5동,dong,constructionYear,ho_yr_008,2012년,,N/A,True
2024,2025-06-30,21010560,중구,부평동,dong,constructionYear,ho_yr_001,1979년 이전,385.0,385,False
2024,2025-06-30,21120590,강서구,명지1동,dong,constructionYear,ho_yr_009,2013년,9.0,9,False
2024,2025-06-30,21020510,서구,동대신1동,dong,constructionYear,ho_yr_007,2011년,46.0,46,False
2024,2025-06-30,21130540,연제구,거제4동,dong,constructionYear,ho_yr_008,2012년,51.0,51,False
2024,2025-06-30,21050570,부산진구,양정2동,dong,constructionYear,ho_yr_015,2019년,190.0,190,False
2024,2025-06-30,21080590,북구,만덕1동,dong,constructionYear,ho_yr_007,2011년,207.0,207,False
2024,2025-06-30,21050740,부산진구,개금1동,dong,constructionYear,ho_yr_002,1980년~1989년,387.0,387,False
2024,2025-06-30,21130560,연제구,연산2동,dong,constructionYear,ho_yr_019,2023년,1371.0,1371,False
2024,2025-06-30,21020590,서구,부민동,dong,constructionYear,ho_yr_018,2022년,13.0,13,False
2024,2025-06-30,21130620,연제구,연산8동,dong,constructionYear,ho_yr_014,2018년,96.0,96,False
2024,2025-06-30,21020530,서구,동대신3동,dong,constructionYear,ho_yr_013,2017년,67.0,67,False
2024,2025-06-30,21140570,수영구,광안2동,dong,constructionYear,ho_yr_020,2024년,,N/A,True
2024,2025-06-30,21020510,서구,동대신1동,dong,constructionYear,ho_yr_012,2016년,8.0,8,False
2024,2025-06-30,21080550,북구,화명1동,dong,constructionYear,ho_yr_005,2005년~2009년,287.0,287,False
2024,2025-06-30,21140520,수영구,남천2동,dong,constructionYear,ho_yr_005,2005년~2009년,951.0,951,False
2024,2025-06-30,21110690,금정구,구서1동,dong,constructionYear,ho_yr_009,2013년,117.0,117,False
2024,2025-06-30,21050660,부산진구,부암3동,dong,constructionYear,ho_yr_007,2011년,,N/A,True
2024,2025-06-30,21130620,연제구,연산8동,dong,constructionYear,ho_yr_012,2016년,69.0,69,False
2024,2025-06-30,21050760,부산진구,개금3동,dong,constructionYear,ho_yr_007,2011년,23.0,23,False
2024,2025-06-30,21040650,영도구,동삼1동,dong,constructionYear,ho_yr_010,2014년,317.0,317,False
2024,2025-06-30,21060650,동래구,명륜동,dong,constructionYear,ho_yr_005,2005년~2009년,594.0,594,False
2024,2025-06-30,21050550,부산진구,초읍동,dong,constructionYear,ho_yr_019,2023년,,N/A,True
2024,2025-06-30,21050720,부산진구,가야2동,dong,constructionYear,ho_yr_006,2010년,16.0,16,False
2024,2025-06-30,21070630,남구,감만2동,dong,constructionYear,ho_yr_005,2005년~2009년,15.0,15,False
2024,2025-06-30,21030520,동구,초량2동,dong,constructionYear,ho_yr_004,2000년~2004년,131.0,131,False
2024,2025-06-30,21150640,사상구,엄궁동,dong,constructionYear,ho_yr_008,2012년,30.0,30,False
2024,2025-06-30,21040690,영도구,봉래2동,dong,constructionYear,ho_yr_001,1979년 이전,764.0,764,False
2024,2025-06-30,21030660,동구,범일2동,dong,constructionYear,ho_yr_001,1979년 이전,365.0,365,False
2024,2025-06-30,21020640,서구,충무동,dong,constructionYear,ho_yr_004,2000년~2004년,375.0,375,False
2024,2025-06-30,21070670,남구,문현2동,dong,constructionYear,ho_yr_018,2022년,,N/A,True
2024,2025-06-30,21050810,부산진구,가야1동,dong,constructionYear,ho_yr_005,2005년~2009년,1315.0,1315,False
2024,2025-06-30,21030520,동구,초량2동,dong,constructionYear,ho_yr_001,1979년 이전,393.0,393,False
2024,2025-06-30,21050840,부산진구,범천2동,dong,constructionYear,ho_yr_007,2011년,,N/A,True
2024,2025-06-30,21120520,강서구,대저2동,dong,constructionYear,ho_yr_017,2021년,145.0,145,False
2024,2025-06-30,21010570,중구,광복동,dong,constructionYear,ho_yr_007,2011년,,N/A,True
2024,2025-06-30,21070570,남구,용호1동,dong,constructionYear,ho_yr_004,2000년~2004년,7243.0,7243,False
2024,2025-06-30,21050550,부산진구,초읍동,dong,constructionYear,ho_yr_015,2019년,16.0,16,False
2024,2025-06-30,21060600,동래구,사직3동,dong,constructionYear,ho_yr_009,2013년,49.0,49,False
2024,2025-06-30,21090580,해운대구,반여2동,dong,constructionYear,ho_yr_004,2000년~2004년,86.0,86,False
2024,2025-06-30,21130590,연제구,연산5동,dong,constructionYear,ho_yr_012,2016년,457.0,457,False
2024,2025-06-30,21030560,동구,수정1동,dong,constructionYear,ho_yr_009,2013년,34.0,34,False
2024,2025-06-30,21060590,동래구,사직2동,dong,constructionYear,ho_yr_006,2010년,1073.0,1073,False
2024,2025-06-30,21150630,사상구,학장동,dong,constructionYear,ho_yr_001,1979년 이전,208.0,208,False
2024,2025-06-30,21150640,사상구,엄궁동,dong,constructionYear,ho_yr_016,2020년,,N/A,True
2024,2025-06-30,21020610,서구,아미동,dong,constructionYear,ho_yr_002,1980년~1989년,572.0,572,False
2024,2025-06-30,21120550,강서구,가락동,dong,constructionYear,ho_yr_010,2014년,10.0,10,False
2024,2025-06-30,21010580,중구,남포동,dong,constructionYear,ho_yr_006,2010년,,N/A,True
2024,2025-06-30,21150520,사상구,모라1동,dong,constructionYear,ho_yr_018,2022년,,N/A,True
2024,2025-06-30,21140520,수영구,남천2동,dong,constructionYear,ho_yr_001,1979년 이전,1069.0,1069,False
2024,2025-06-30,21130530,연제구,거제3동,dong,constructionYear,ho_yr_001,1979년 이전,518.0,518,False
2024,2025-06-30,21150610,사상구,주례2동,dong,constructionYear,ho_yr_005,2005년~2009년,1005.0,1005,False
2024,2025-06-30,21030520,동구,초량2동,dong,constructionYear,ho_yr_020,2024년,,N/A,True
2024,2025-06-30,21060580,동래구,사직1동,dong,constructionYear,ho_yr_013,2017년,14.0,14,False
2024,2025-06-30,21100520,사하구,괴정2동,dong,constructionYear,ho_yr_011,2015년,256.0,256,False
2024,2025-06-30,21110580,금정구,부곡2동,dong,constructionYear,ho_yr_008,2012년,87.0,87,False
2024,2025-06-30,21040660,영도구,동삼2동,dong,constructionYear,ho_yr_018,2022년,767.0,767,False
2024,2025-06-30,21120520,강서구,대저2동,dong,constructionYear,ho_yr_010,2014년,6.0,6,False
2024,2025-06-30,21510120,기장군,장안읍,dong,constructionYear,ho_yr_004,2000년~2004년,133.0,133,False
2024,2025-06-30,21080560,북구,덕천1동,dong,constructionYear,ho_yr_013,2017년,15.0,15,False
2024,2025-06-30,21120530,강서구,강동동,dong,constructionYear,ho_yr_005,2005년~2009년,49.0,49,False
2024,2025-06-30,21130550,연제구,연산1동,dong,constructionYear,ho_yr_012,2016년,29.0,29,False
2024,2025-06-30,21080620,북구,화명2동,dong,constructionYear,ho_yr_019,2023년,,N/A,True
2024,2025-06-30,21010520,중구,동광동,dong,constructionYear,ho_yr_008,2012년,18.0,18,False
2024,2025-06-30,21070600,남구,용호4동,dong,constructionYear,ho_yr_013,2017년,11.0,11,False
2024,2025-06-30,21100540,사하구,괴정4동,dong,constructionYear,ho_yr_012,2016년,93.0,93,False
2024,2025-06-30,21150620,사상구,주례3동,dong,constructionYear,ho_yr_015,2019년,,N/A,True
2024,2025-06-30,21130530,연제구,거제3동,dong,constructionYear,ho_yr_020,2024년,30.0,30,False
2024,2025-06-30,21020540,서구,서대신1동,dong,constructionYear,ho_yr_011,2015년,157.0,157,False
2024,2025-06-30,21150650,사상구,감전동,dong,constructionYear,ho_yr_010,2014년,646.0,646,False
2024,2025-06-30,21070540,남구,대연4동,dong,constructionYear,ho_yr_006,2010년,12.0,12,False
2024,2025-06-30,21020690,서구,남부민2동,dong,constructionYear,ho_yr_012,2016년,,N/A,True
2024,2025-06-30,21130560,연제구,연산2동,dong,constructionYear,ho_yr_016,2020년,1254.0,1254,False
2024,2025-06-30,21080570,북구,덕천2동,dong,constructionYear,ho_yr_014,2018년,33.0,33,False
2024,2025-06-30,21110640,금정구,선두구동,dong,constructionYear,ho_yr_013,2017년,32.0,32,False
2024,2025-06-30,21050560,부산진구,양정1동,dong,constructionYear,ho_yr_012,2016년,175.0,175,False
2024,2025-06-30,21030600,동구,수정5동,dong,constructionYear,ho_yr_005,2005년~2009년,53.0,53,False
2024,2025-06-30,21100510,사하구,괴정1동,dong,constructionYear,ho_yr_009,2013년,122.0,122,False
2024,2025-06-30,21510110,기장군,기장읍,dong,constructionYear,ho_yr_018,2022년,846.0,846,False
2024,2025-06-30,21120590,강서구,명지1동,dong,constructionYear,ho_yr_013,2017년,780.0,780,False
2024,2025-06-30,21070690,남구,문현4동,dong,constructionYear,ho_yr_005,2005년~2009년,348.0,348,False
2024,2025-06-30,21130560,연제구,연산2동,dong,constructionYear,ho_yr_001,1979년 이전,545.0,545,False
2024,2025-06-30,21140550,수영구,망미2동,dong,constructionYear,ho_yr_011,2015년,18.0,18,False
2024,2025-06-30,21140560,수영구,광안1동,dong,constructionYear,ho_yr_014,2018년,346.0,346,False
2024,2025-06-30,21050520,부산진구,부전2동,dong,constructionYear,ho_yr_014,2018년,37.0,37,False
2024,2025-06-30,21080620,북구,화명2동,dong,constructionYear,ho_yr_003,1990년~1999년,4345.0,4345,False
2024,2025-06-30,21010540,중구,보수동,dong,constructionYear,ho_yr_002,1980년~1989년,304.0,304,False
2024,2025-06-30,21130580,연제구,연산4동,dong,constructionYear,ho_yr_008,2012년,65.0,65,False
2024,2025-06-30,21150620,사상구,주례3동,dong,constructionYear,ho_yr_014,2018년,,N/A,True
2024,2025-06-30,21090660,해운대구,좌1동,dong,constructionYear,ho_yr_009,2013년,,N/A,True
2024,2025-06-30,21060610,동래구,안락1동,dong,constructionYear,ho_yr_010,2014년,70.0,70,False
2024,2025-06-30,21030520,동구,초량2동,dong,constructionYear,ho_yr_013,2017년,25.0,25,False
2024,2025-06-30,21120580,강서구,가덕도동,dong,constructionYear,ho_yr_005,2005년~2009년,135.0,135,False
2024,2025-06-30,21130530,연제구,거제3동,dong,constructionYear,ho_yr_015,2019년,84.0,84,False
2024,2025-06-30,21510120,기장군,장안읍,dong,constructionYear,ho_yr_009,2013년,88.0,88,False
2024,2025-06-30,21130540,연제구,거제4동,dong,constructionYear,ho_yr_005,2005년~2009년,82.0,82,False
2024,2025-06-30,21070550,남구,대연5동,dong,constructionYear,ho_yr_006,2010년,118.0,118,False
2024,2025-06-30,21020540,서구,서대신1동,dong,constructionYear,ho_yr_004,2000년~2004년,667.0,667,False
2024,2025-06-30,21050800,부산진구,당감1동,dong,constructionYear,ho_yr_013,2017년,36.0,36,False
2024,2025-06-30,21130560,연제구,연산2동,dong,constructionYear,ho_yr_015,2019년,735.0,735,False
2024,2025-06-30,21050540,부산진구,연지동,dong,constructionYear,ho_yr_019,2023년,33.0,33,False
2024,2025-06-30,21040650,영도구,동삼1동,dong,constructionYear,ho_yr_005,2005년~2009년,75.0,75,False
2024,2025-06-30,21100610,사하구,장림2동,dong,constructionYear,ho_yr_001,1979년 이전,354.0,354,False
2024,2025-06-30,21140590,수영구,광안4동,dong,constructionYear,ho_yr_013,2017년,119.0,119,False
2024,2025-06-30,21030700,동구,좌천동,dong,constructionYear,ho_yr_017,2021년,546.0,546,False
2024,2025-06-30,21030680,동구,범일5동,dong,constructionYear,ho_yr_001,1979년 이전,245.0,245,False
2024,2025-06-30,21510130,기장군,정관읍,dong,constructionYear,ho_yr_008,2012년,3349.0,3349,False
2024,2025-06-30,21090710,해운대구,반여4동,dong,constructionYear,ho_yr_003,1990년~1999년,1627.0,1627,False
2024,2025-06-30,21080540,북구,금곡동,dong,constructionYear,ho_yr_001,1979년 이전,28.0,28,False
2024,2025-06-30,21060650,동래구,명륜동,dong,constructionYear,ho_yr_011,2015년,1980.0,1980,False
2024,2025-06-30,21130630,연제구,연산9동,dong,constructionYear,ho_yr_004,2000년~2004년,707.0,707,False
2024,2025-06-30,21120530,강서구,강동동,dong,constructionYear,ho_yr_001,1979년 이전,358.0,358,False
2024,2025-06-30,21050700,부산진구,당감4동,dong,constructionYear,ho_yr_019,2023년,11.0,11,False
2024,2025-06-30,21090740,해운대구,우2동,dong,constructionYear,ho_yr_010,2014년,564.0,564,False
2024,2025-06-30,21080560,북구,덕천1동,dong,constructionYear,ho_yr_004,2000년~2004년,80.0,80,False
2024,2025-06-30,21050570,부산진구,양정2동,dong,constructionYear,ho_yr_003,1990년~1999년,113.0,113,False
2024,2025-06-30,21040540,영도구,영선1동,dong,constructionYear,ho_yr_006,2010년,7.0,7,False
2024,2025-06-30,21040660,영도구,동삼2동,dong,constructionYear,ho_yr_014,2018년,7.0,7,False
2024,2025-06-30,21050570,부산진구,양정2동,dong,constructionYear,ho_yr_002,1980년~1989년,530.0,530,False
2024,2025-06-30,21150520,사상구,모라1동,dong,constructionYear,ho_yr_007,2011년,13.0,13,False
2024,2025-06-30,21510330,기장군,철마면,dong,constructionYear,ho_yr_002,1980년~1989년,99.0,99,False
2024,2025-06-30,21050610,부산진구,전포2동,dong,constructionYear,ho_yr_001,1979년 이전,452.0,452,False
2024,2025-06-30,21080600,북구,만덕2동,dong,constructionYear,ho_yr_018,2022년,583.0,583,False
2024,2025-06-30,21040660,영도구,동삼2동,dong,constructionYear,ho_yr_008,2012년,5.0,5,False
2024,2025-06-30,21090620,해운대구,반송2동,dong,constructionYear,ho_yr_001,1979년 이전,332.0,332,False
2024,2025-06-30,21090720,해운대구,반송1동,dong,constructionYear,ho_yr_005,2005년~2009년,20.0,20,False
2024,2025-06-30,21110590,금정구,부곡3동,dong,constructionYear,ho_yr_014,2018년,69.0,69,False
2024,2025-06-30,21100570,사하구,하단2동,dong,constructionYear,ho_yr_004,2000년~2004년,2847.0,2847,False
2024,2025-06-30,21040640,영도구,청학2동,dong,constructionYear,ho_yr_017,2021년,13.0,13,False
2024,2025-06-30,21050560,부산진구,양정1동,dong,constructionYear,ho_yr_016,2020년,282.0,282,False
2024,2025-06-30,21510110,기장군,기장읍,dong,constructionYear,ho_yr_019,2023년,12.0,12,False
2024,2025-06-30,21150510,사상구,삼락동,dong,constructionYear,ho_yr_002,1980년~1989년,315.0,315,False
2024,2025-06-30,21510120,기장군,장안읍,dong,constructionYear,ho_yr_014,2018년,58.0,58,False
2024,2025-06-30,21060570,동래구,온천3동,dong,constructionYear,ho_yr_018,2022년,28.0,28,False
2024,2025-06-30,21120530,강서구,강동동,dong,constructionYear,ho_yr_002,1980년~1989년,200.0,200,False
2024,2025-06-30,21120580,강서구,가덕도동,dong,constructionYear,ho_yr_018,2022년,127.0,127,False
2024,2025-06-30,21130530,연제구,거제3동,dong,constructionYear,ho_yr_003,1990년~1999년,387.0,387,False
2024,2025-06-30,21040590,영도구,봉래1동,dong,constructionYear,ho_yr_010,2014년,25.0,25,False
2024,2025-06-30,21110570,금정구,부곡1동,dong,constructionYear,ho_yr_011,2015년,50.0,50,False
2024,2025-06-30,21020570,서구,서대신4동,dong,constructionYear,ho_yr_010,2014년,302.0,302,False
2024,2025-06-30,21030660,동구,범일2동,dong,constructionYear,ho_yr_006,2010년,282.0,282,False
2024,2025-06-30,21040550,영도구,영선2동,dong,constructionYear,ho_yr_011,2015년,,N/A,True
2024,2025-06-30,21020680,서구,암남동,dong,constructionYear,ho_yr_009,2013년,90.0,90,False
2024,2025-06-30,21120520,강서구,대저2동,dong,constructionYear,ho_yr_002,1980년~1989년,110.0,110,False
2024,2025-06-30,21050820,부산진구,부전1동,dong,constructionYear,ho_yr_009,2013년,251.0,251,False
2024,2025-06-30,21090700,해운대구,반여1동,dong,constructionYear,ho_yr_008,2012년,19.0,19,False
2024,2025-06-30,21020610,서구,아미동,dong,constructionYear,ho_yr_010,2014년,,N/A,True
2024,2025-06-30,21010560,중구,부평동,dong,constructionYear,ho_yr_015,2019년,19.0,19,False
2024,2025-06-30,21120580,강서구,가덕도동,dong,constructionYear,ho_yr_004,2000년~2004년,79.0,79,False
2024,2025-06-30,21100650,사하구,감천1동,dong,constructionYear,ho_yr_017,2021년,,N/A,True
2024,2025-06-30,21020680,서구,암남동,dong,constructionYear,ho_yr_010,2014년,30.0,30,False
2024,2025-06-30,21070530,남구,대연3동,dong,constructionYear,ho_yr_003,1990년~1999년,1775.0,1775,False
2024,2025-06-30,21050750,부산진구,개금2동,dong,constructionYear,ho_yr_007,2011년,9.0,9,False
2024,2025-06-30,21060570,동래구,온천3동,dong,constructionYear,ho_yr_003,1990년~1999년,2399.0,2399,False
2024,2025-06-30,21080520,북구,구포2동,dong,constructionYear,ho_yr_004,2000년~2004년,521.0,521,False
2024,2025-06-30,21120580,강서구,가덕도동,dong,constructionYear,ho_yr_017,2021년,86.0,86,False
2024,2025-06-30,21050800,부산진구,당감1동,dong,constructionYear,ho_yr_014,2018년,,N/A,True
2024,2025-06-30,21060560,동래구,온천2동,dong,constructionYear,ho_yr_007,2011년,129.0,129,False
2024,2025-06-30,21120561,강서구,녹산동,dong,constructionYear,ho_yr_008,2012년,62.0,62,False
2024,2025-06-30,21070610,남구,용당동,dong,constructionYear,ho_yr_001,1979년 이전,173.0,173,False
2024,2025-06-30,21020610,서구,아미동,dong,constructionYear,ho_yr_011,2015년,,N/A,True
2024,2025-06-30,21020570,서구,서대신4동,dong,constructionYear,ho_yr_003,1990년~1999년,971.0,971,False
2024,2025-06-30,21510110,기장군,기장읍,dong,constructionYear,ho_yr_011,2015년,290.0,290,False
2024,2025-06-30,21080620,북구,화명2동,dong,constructionYear,ho_yr_005,2005년~2009년,37.0,37,False
2024,2025-06-30,21510110,기장군,기장읍,dong,constructionYear,ho_yr_012,2016년,292.0,292,False
2024,2025-06-30,21090690,해운대구,좌4동,dong,constructionYear,ho_yr_009,2013년,,N/A,True
2024,2025-06-30,21110680,금정구,남산동,dong,constructionYear,ho_yr_011,2015년,520.0,520,False
2024,2025-06-30,21010600,중구,영주2동,dong,constructionYear,ho_yr_008,2012년,7.0,7,False
2024,2025-06-30,21050760,부산진구,개금3동,dong,constructionYear,ho_yr_010,2014년,34.0,34,False
2024,2025-06-30,21110590,금정구,부곡3동,dong,constructionYear,ho_yr_006,2010년,5.0,5,False
2024,2025-06-30,21130550,연제구,연산1동,dong,constructionYear,ho_yr_009,2013년,13.0,13,False
2024,2025-06-30,21130620,연제구,연산8동,dong,constructionYear,ho_yr_010,2014년,33.0,33,False
2024,2025-06-30,21510110,기장군,기장읍,dong,constructionYear,ho_yr_016,2020년,46.0,46,False
2024,2025-06-30,21050820,부산진구,부전1동,dong,constructionYear,ho_yr_020,2024년,244.0,244,False
2024,2025-06-30,21120600,강서구,명지2동,dong,constructionYear,ho_yr_015,2019년,,N/A,True
2024,2025-06-30,21040530,영도구,남항동,dong,constructionYear,ho_yr_007,2011년,,N/A,True
2024,2025-06-30,21060620,동래구,안락2동,dong,constructionYear,ho_yr_009,2013년,161.0,161,False
2024,2025-06-30,21060600,동래구,사직3동,dong,constructionYear,ho_yr_013,2017년,1037.0,1037,False
2024,2025-06-30,21080540,북구,금곡동,dong,constructionYear,ho_yr_010,2014년,1084.0,1084,False
2024,2025-06-30,21080520,북구,구포2동,dong,constructionYear,ho_yr_007,2011년,129.0,129,False
2024,2025-06-30,21100590,사하구,신평2동,dong,constructionYear,ho_yr_002,1980년~1989년,231.0,231,False
2024,2025-06-30,21070710,남구,우암동,dong,constructionYear,ho_yr_012,2016년,,N/A,True
2024,2025-06-30,21080570,북구,덕천2동,dong,constructionYear,ho_yr_005,2005년~2009년,36.0,36,False
2024,2025-06-30,21100570,사하구,하단2동,dong,constructionYear,ho_yr_009,2013년,220.0,220,False
2024,2025-06-30,21130590,연제구,연산5동,dong,constructionYear,ho_yr_007,2011년,344.0,344,False
2024,2025-06-30,21080510,북구,구포1동,dong,constructionYear,ho_yr_014,2018년,247.0,247,False
2024,2025-06-30,21090660,해운대구,좌1동,dong,constructionYear,ho_yr_016,2020년,,N/A,True
2024,2025-06-30,21070680,남구,문현3동,dong,constructionYear,ho_yr_016,2020년,611.0,611,False
2024,2025-06-30,21050820,부산진구,부전1동,dong,constructionYear,ho_yr_004,2000년~2004년,365.0,365,False
2024,2025-06-30,21050740,부산진구,개금1동,dong,constructionYear,ho_yr_003,1990년~1999년,260.0,260,False
2024,2025-06-30,21090740,해운대구,우2동,dong,constructionYear,ho_yr_001,1979년 이전,97.0,97,False
2024,2025-06-30,21090730,해운대구,우1동,dong,constructionYear,ho_yr_001,1979년 이전,445.0,445,False
2024,2025-06-30,21050680,부산진구,당감2동,dong,constructionYear,ho_yr_004,2000년~2004년,379.0,379,False
2024,2025-06-30,21130600,연제구,연산6동,dong,constructionYear,ho_yr_015,2019년,1111.0,1111,False
2024,2025-06-30,21120562,강서구,신호동,dong,constructionYear,ho_yr_017,2021년,6.0,6,False
2024,2025-06-30,21110710,금정구,금성동,dong,constructionYear,ho_yr_012,2016년,23.0,23,False
2024,2025-06-30,21120510,강서구,대저1동,dong,constructionYear,ho_yr_003,1990년~1999년,355.0,355,False
2024,2025-06-30,21110520,금정구,서2동,dong,constructionYear,ho_yr_003,1990년~1999년,776.0,776,False
2024,2025-06-30,21100650,사하구,감천1동,dong,constructionYear,ho_yr_005,2005년~2009년,,N/A,True
2024,2025-06-30,21100660,사하구,감천2동,dong,constructionYear,ho_yr_002,1980년~1989년,671.0,671,False
2024,2025-06-30,21020590,서구,부민동,dong,constructionYear,ho_yr_014,2018년,34.0,34,False
2024,2025-06-30,21050540,부산진구,연지동,dong,constructionYear,ho_yr_002,1980년~1989년,670.0,670,False
2024,2025-06-30,21070670,남구,문현2동,dong,constructionYear,ho_yr_009,2013년,,N/A,True
2024,2025-06-30,21070690,남구,문현4동,dong,constructionYear,ho_yr_018,2022년,650.0,650,False
2024,2025-06-30,21040630,영도구,청학1동,dong,constructionYear,ho_yr_012,2016년,8.0,8,False
2024,2025-06-30,21040550,영도구,영선2동,dong,constructionYear,ho_yr_003,1990년~1999년,664.0,664,False
2024,2025-06-30,21010520,중구,동광동,dong,constructionYear,ho_yr_001,1979년 이전,301.0,301,False
2024,2025-06-30,21100610,사하구,장림2동,dong,constructionYear,ho_yr_004,2000년~2004년,1655.0,1655,False
2024,2025-06-30,21090720,해운대구,반송1동,dong,constructionYear,ho_yr_018,2022년,,N/A,True
2024,2025-06-30,21090580,해운대구,반여2동,dong,constructionYear,ho_yr_002,1980년~1989년,411.0,411,False
2024,2025-06-30,21070670,남구,문현2동,dong,constructionYear,ho_yr_012,2016년,113.0,113,False
2024,2025-06-30,21510330,기장군,철마면,dong,constructionYear,ho_yr_019,2023년,8.0,8,False
2024,2025-06-30,21020610,서구,아미동,dong,constructionYear,ho_yr_007,2011년,21.0,21,False
2024,2025-06-30,21060590,동래구,사직2동,dong,constructionYear,ho_yr_004,2000년~2004년,182.0,182,False
2024,2025-06-30,21060580,동래구,사직1동,dong,constructionYear,ho_yr_014,2018년,274.0,274,False
2024,2025-06-30,21070570,남구,용호1동,dong,constructionYear,ho_yr_002,1980년~1989년,1065.0,1065,False
2024,2025-06-30,21040590,영도구,봉래1동,dong,constructionYear,ho_yr_003,1990년~1999년,914.0,914,False
2024,2025-06-30,21080570,북구,덕천2동,dong,constructionYear,ho_yr_007,2011년,121.0,121,False
2024,2025-06-30,21020680,서구,암남동,dong,constructionYear,ho_yr_020,2024년,602.0,602,False
2024,2025-06-30,21050810,부산진구,가야1동,dong,constructionYear,ho_yr_017,2021년,16.0,16,False
2024,2025-06-30,21070680,남구,문현3동,dong,constructionYear,ho_yr_014,2018년,58.0,58,False
2024,2025-06-30,21080600,북구,만덕2동,dong,constructionYear,ho_yr_005,2005년~2009년,850.0,850,False
2024,2025-06-30,21130580,연제구,연산4동,dong,constructionYear,ho_yr_020,2024년,339.0,339,False
2024,2025-06-30,21090560,해운대구,송정동,dong,constructionYear,ho_yr_007,2011년,,N/A,True
2024,2025-06-30,21040690,영도구,봉래2동,dong,constructionYear,ho_yr_010,2014년,17.0,17,False
2024,2025-06-30,21090640,해운대구,재송1동,dong,constructionYear,ho_yr_002,1980년~1989년,666.0,666,False
2024,2025-06-30,21090740,해운대구,우2동,dong,constructionYear,ho_yr_002,1980년~1989년,1048.0,1048,False
2024,2025-06-30,21030660,동구,범일2동,dong,constructionYear,ho_yr_004,2000년~2004년,27.0,27,False
2024,2025-06-30,21130510,연제구,거제1동,dong,constructionYear,ho_yr_008,2012년,47.0,47,False
2024,2025-06-30,21150610,사상구,주례2동,dong,constructionYear,ho_yr_008,2012년,148.0,148,False
2024,2025-06-30,21060520,동래구,복산동,dong,constructionYear,ho_yr_012,2016년,11.0,11,False
2024,2025-06-30,21130600,연제구,연산6동,dong,constructionYear,ho_yr_018,2022년,66.0,66,False
2024,2025-06-30,21130530,연제구,거제3동,dong,constructionYear,ho_yr_005,2005년~2009년,501.0,501,False
2024,2025-06-30,21110590,금정구,부곡3동,dong,constructionYear,ho_yr_003,1990년~1999년,2568.0,2568,False
2024,2025-06-30,21110640,금정구,선두구동,dong,constructionYear,ho_yr_020,2024년,5.0,5,False
2024,2025-06-30,21020530,서구,동대신3동,dong,constructionYear,ho_yr_014,2018년,38.0,38,False
2024,2025-06-30,21080560,북구,덕천1동,dong,constructionYear,ho_yr_001,1979년 이전,84.0,84,False
2024,2025-06-30,21090720,해운대구,반송1동,dong,constructionYear,ho_yr_007,2011년,,N/A,True
2024,2025-06-30,21130520,연제구,거제2동,dong,constructionYear,ho_yr_001,1979년 이전,32.0,32,False
2024,2025-06-30,21070530,남구,대연3동,dong,constructionYear,ho_yr_016,2020년,234.0,234,False
2024,2025-06-30,21040550,영도구,영선2동,dong,constructionYear,ho_yr_014,2018년,,N/A,True
2024,2025-06-30,21070690,남구,문현4동,dong,constructionYear,ho_yr_011,2015년,,N/A,True
2024,2025-06-30,21010600,중구,영주2동,dong,constructionYear,ho_yr_005,2005년~2009년,30.0,30,False
2024,2025-06-30,21090640,해운대구,재송1동,dong,constructionYear,ho_yr_014,2018년,90.0,90,False
2024,2025-06-30,21090700,해운대구,반여1동,dong,constructionYear,ho_yr_003,1990년~1999년,2135.0,2135,False
2024,2025-06-30,21100580,사하구,신평1동,dong,constructionYear,ho_yr_010,2014년,10.0,10,False
2024,2025-06-30,21510330,기장군,철마면,dong,constructionYear,ho_yr_001,1979년 이전,269.0,269,False
2024,2025-06-30,21110710,금정구,금성동,dong,constructionYear,ho_yr_019,2023년,,N/A,True
2024,2025-06-30,21070670,남구,문현2동,dong,constructionYear,ho_yr_014,2018년,5.0,5,False
2024,2025-06-30,21040630,영도구,청학1동,dong,constructionYear,ho_yr_009,2013년,15.0,15,False
2024,2025-06-30,21130540,연제구,거제4동,dong,constructionYear,ho_yr_004,2000년~2004년,2293.0,2293,False
2024,2025-06-30,21030700,동구,좌천동,dong,constructionYear,ho_yr_010,2014년,44.0,44,False
2024,2025-06-30,21100540,사하구,괴정4동,dong,constructionYear,ho_yr_006,2010년,11.0,11,False
2024,2025-06-30,21510110,기장군,기장읍,dong,constructionYear,ho_yr_001,1979년 이전,518.0,518,False
2024,2025-06-30,21090590,해운대구,반여3동,dong,constructionYear,ho_yr_003,1990년~1999년,2556.0,2556,False
2024,2025-06-30,21090560,해운대구,송정동,dong,constructionYear,ho_yr_001,1979년 이전,51.0,51,False
2024,2025-06-30,21010510,중구,중앙동,dong,constructionYear,ho_yr_017,2021년,95.0,95,False
2024,2025-06-30,21110600,금정구,부곡4동,dong,constructionYear,ho_yr_004,2000년~2004년,193.0,193,False
2024,2025-06-30,21030550,동구,초량6동,dong,constructionYear,ho_yr_004,2000년~2004년,349.0,349,False
2024,2025-06-30,21060510,동래구,수민동,dong,constructionYear,ho_yr_016,2020년,210.0,210,False
2024,2025-06-30,21150620,사상구,주례3동,dong,constructionYear,ho_yr_003,1990년~1999년,1374.0,1374,False
2024,2025-06-30,21030590,동구,수정4동,dong,constructionYear,ho_yr_003,1990년~1999년,269.0,269,False
2024,2025-06-30,21020530,서구,동대신3동,dong,constructionYear,ho_yr_004,2000년~2004년,602.0,602,False
2024,2025-06-30,21090710,해운대구,반여4동,dong,constructionYear,ho_yr_004,2000년~2004년,3294.0,3294,False
2024,2025-06-30,21060590,동래구,사직2동,dong,constructionYear,ho_yr_002,1980년~1989년,499.0,499,False
2024,2025-06-30,21060570,동래구,온천3동,dong,constructionYear,ho_yr_005,2005년~2009년,1246.0,1246,False
2024,2025-06-30,21060610,동래구,안락1동,dong,constructionYear,ho_yr_001,1979년 이전,438.0,438,False
2024,2025-06-30,21050840,부산진구,범천2동,dong,constructionYear,ho_yr_006,2010년,,N/A,True
2024,2025-06-30,21040670,영도구,동삼3동,dong,constructionYear,ho_yr_005,2005년~2009년,8.0,8,False
2024,2025-06-30,21070590,남구,용호3동,dong,constructionYear,ho_yr_009,2013년,37.0,37,False
2024,2025-06-30,21140580,수영구,광안3동,dong,constructionYear,ho_yr_020,2024년,,N/A,True
2024,2025-06-30,21050760,부산진구,개금3동,dong,constructionYear,ho_yr_003,1990년~1999년,6976.0,6976,False
2024,2025-06-30,21110740,금정구,장전2동,dong,constructionYear,ho_yr_014,2018년,406.0,406,False
2024,2025-06-30,21140560,수영구,광안1동,dong,constructionYear,ho_yr_001,1979년 이전,666.0,666,False
2024,2025-06-30,21030660,동구,범일2동,dong,constructionYear,ho_yr_012,2016년,92.0,92,False
2024,2025-06-30,21050760,부산진구,개금3동,dong,constructionYear,ho_yr_011,2015년,26.0,26,False
2024,2025-06-30,21060600,동래구,사직3동,dong,constructionYear,ho_yr_003,1990년~1999년,580.0,580,False
2024,2025-06-30,21040690,영도구,봉래2동,dong,constructionYear,ho_yr_019,2023년,1163.0,1163,False
2024,2025-06-30,21070610,남구,용당동,dong,constructionYear,ho_yr_007,2011년,,N/A,True
2024,2025-06-30,21040670,영도구,동삼3동,dong,constructionYear,ho_yr_010,2014년,26.0,26,False
2024,2025-06-30,21510110,기장군,기장읍,dong,constructionYear,ho_yr_003,1990년~1999년,6170.0,6170,False
2024,2025-06-30,21110720,금정구,서3동,dong,constructionYear,ho_yr_011,2015년,13.0,13,False
2024,2025-06-30,21150610,사상구,주례2동,dong,constructionYear,ho_yr_017,2021년,74.0,74,False
2024,2025-06-30,21050720,부산진구,가야2동,dong,constructionYear,ho_yr_011,2015년,13.0,13,False
2024,2025-06-30,21030560,동구,수정1동,dong,constructionYear,ho_yr_018,2022년,,N/A,True
2024,2025-06-30,21030550,동구,초량6동,dong,constructionYear,ho_yr_012,2016년,,N/A,True
2024,2025-06-30,21100620,사하구,다대1동,dong,constructionYear,ho_yr_011,2015년,77.0,77,False
2024,2025-06-30,21010530,중구,대청동,dong,constructionYear,ho_yr_002,1980년~1989년,264.0,264,False
2024,2025-06-30,21110580,금정구,부곡2동,dong,constructionYear,ho_yr_011,2015년,145.0,145,False
2024,2025-06-30,21110520,금정구,서2동,dong,constructionYear,ho_yr_004,2000년~2004년,551.0,551,False
2024,2025-06-30,21090660,해운대구,좌1동,dong,constructionYear,ho_yr_011,2015년,,N/A,True
2024,2025-06-30,21080630,북구,화명3동,dong,constructionYear,ho_yr_016,2020년,,N/A,True
2024,2025-06-30,21060590,동래구,사직2동,dong,constructionYear,ho_yr_009,2013년,,N/A,True
2024,2025-06-30,21020560,서구,서대신3동,dong,constructionYear,ho_yr_012,2016년,29.0,29,False
2024,2025-06-30,21090540,해운대구,중2동,dong,constructionYear,ho_yr_020,2024년,24.0,24,False
2024,2025-06-30,21120561,강서구,녹산동,dong,constructionYear,ho_yr_018,2022년,14.0,14,False
2024,2025-06-30,21010600,중구,영주2동,dong,constructionYear,ho_yr_001,1979년 이전,902.0,902,False
2024,2025-06-30,21110690,금정구,구서1동,dong,constructionYear,ho_yr_003,1990년~1999년,1478.0,1478,False
2024,2025-06-30,21090680,해운대구,좌3동,dong,constructionYear,ho_yr_003,1990년~1999년,5441.0,5441,False
2024,2025-06-30,21050550,부산진구,초읍동,dong,constructionYear,ho_yr_005,2005년~2009년,65.0,65,False
2024,2025-06-30,21130580,연제구,연산4동,dong,constructionYear,ho_yr_014,2018년,89.0,89,False
2024,2025-06-30,21050800,부산진구,당감1동,dong,constructionYear,ho_yr_006,2010년,,N/A,True
2024,2025-06-30,21060650,동래구,명륜동,dong,constructionYear,ho_yr_006,2010년,663.0,663,False
2024,2025-06-30,21090710,해운대구,반여4동,dong,constructionYear,ho_yr_002,1980년~1989년,24.0,24,False
2024,2025-06-30,21030660,동구,범일2동,dong,constructionYear,ho_yr_002,1980년~1989년,309.0,309,False
2024,2025-06-30,21080570,북구,덕천2동,dong,constructionYear,ho_yr_009,2013년,79.0,79,False
2024,2025-06-30,21090700,해운대구,반여1동,dong,constructionYear,ho_yr_017,2021년,,N/A,True
2024,2025-06-30,21100620,사하구,다대1동,dong,constructionYear,ho_yr_012,2016년,6.0,6,False
2024,2025-06-30,21150600,사상구,주례1동,dong,constructionYear,ho_yr_011,2015년,,N/A,True
2024,2025-06-30,21150560,사상구,덕포2동,dong,constructionYear,ho_yr_010,2014년,5.0,5,False
2024,2025-06-30,21100660,사하구,감천2동,dong,constructionYear,ho_yr_003,1990년~1999년,344.0,344,False
2024,2025-06-30,21030710,동구,범일1동,dong,constructionYear,ho_yr_009,2013년,35.0,35,False
2024,2025-06-30,21100610,사하구,장림2동,dong,constructionYear,ho_yr_010,2014년,26.0,26,False
2024,2025-06-30,21050820,부산진구,부전1동,dong,constructionYear,ho_yr_005,2005년~2009년,98.0,98,False
2024,2025-06-30,21110700,금정구,구서2동,dong,constructionYear,ho_yr_009,2013년,365.0,365,False
2024,2025-06-30,21050740,부산진구,개금1동,dong,constructionYear,ho_yr_004,2000년~2004년,776.0,776,False
2024,2025-06-30,21030550,동구,초량6동,dong,constructionYear,ho_yr_006,2010년,20.0,20,False
2024,2025-06-30,21090730,해운대구,우1동,dong,constructionYear,ho_yr_020,2024년,703.0,703,False
2024,2025-06-30,21040540,영도구,영선1동,dong,constructionYear,ho_yr_003,1990년~1999년,132.0,132,False
2024,2025-06-30,21100620,사하구,다대1동,dong,constructionYear,ho_yr_016,2020년,,N/A,True
2024,2025-06-30,21090650,해운대구,재송2동,dong,constructionYear,ho_yr_016,2020년,,N/A,True
2024,2025-06-30,21100550,사하구,당리동,dong,constructionYear,ho_yr_005,2005년~2009년,1023.0,1023,False
2024,2025-06-30,21030700,동구,좌천동,dong,constructionYear,ho_yr_009,2013년,95.0,95,False
2024,2025-06-30,21050700,부산진구,당감4동,dong,constructionYear,ho_yr_014,2018년,5.0,5,False
2024,2025-06-30,21040670,영도구,동삼3동,dong,constructionYear,ho_yr_008,2012년,36.0,36,False
2024,2025-06-30,21140550,수영구,망미2동,dong,constructionYear,ho_yr_003,1990년~1999년,610.0,610,False
2024,2025-06-30,21120562,강서구,신호동,dong,constructionYear,ho_yr_009,2013년,906.0,906,False
2024,2025-06-30,21070680,남구,문현3동,dong,constructionYear,ho_yr_004,2000년~2004년,1416.0,1416,False
2024,2025-06-30,21130590,연제구,연산5동,dong,constructionYear,ho_yr_001,1979년 이전,497.0,497,False
2024,2025-06-30,21150570,사상구,괘법동,dong,constructionYear,ho_yr_017,2021년,234.0,234,False
2024,2025-06-30,21150620,사상구,주례3동,dong,constructionYear,ho_yr_013,2017년,,N/A,True
2024,2025-06-30,21130630,연제구,연산9동,dong,constructionYear,ho_yr_001,1979년 이전,155.0,155,False
2024,2025-06-30,21010590,중구,영주1동,dong,constructionYear,ho_yr_006,2010년,,N/A,True
2024,2025-06-30,21020680,서구,암남동,dong,constructionYear,ho_yr_003,1990년~1999년,1544.0,1544,False
2024,2025-06-30,21120550,강서구,가락동,dong,constructionYear,ho_yr_016,2020년,,N/A,True
2024,2025-06-30,21130510,연제구,거제1동,dong,constructionYear,ho_yr_018,2022년,,N/A,True
2024,2025-06-30,21100520,사하구,괴정2동,dong,constructionYear,ho_yr_008,2012년,165.0,165,False
2024,2025-06-30,21040640,영도구,청학2동,dong,constructionYear,ho_yr_009,2013년,21.0,21,False
2024,2025-06-30,21140600,수영구,민락동,dong,constructionYear,ho_yr_006,2010년,63.0,63,False
2024,2025-06-30,21010600,중구,영주2동,dong,constructionYear,ho_yr_003,1990년~1999년,983.0,983,False
2024,2025-06-30,21010560,중구,부평동,dong,constructionYear,ho_yr_003,1990년~1999년,187.0,187,False
2024,2025-06-30,21130590,연제구,연산5동,dong,constructionYear,ho_yr_016,2020년,49.0,49,False
2024,2025-06-30,21030510,동구,초량1동,dong,constructionYear,ho_yr_007,2011년,19.0,19,False
2024,2025-06-30,21100600,사하구,장림1동,dong,constructionYear,ho_yr_010,2014년,106.0,106,False
2024,2025-06-30,21060640,동래구,명장2동,dong,constructionYear,ho_yr_001,1979년 이전,188.0,188,False
2024,2025-06-30,21070620,남구,감만1동,dong,constructionYear,ho_yr_004,2000년~2004년,173.0,173,False
2024,2025-06-30,21010530,중구,대청동,dong,constructionYear,ho_yr_018,2022년,16.0,16,False
2024,2025-06-30,21140520,수영구,남천2동,dong,constructionYear,ho_yr_003,1990년~1999년,19.0,19,False
2024,2025-06-30,21050540,부산진구,연지동,dong,constructionYear,ho_yr_001,1979년 이전,542.0,542,False
2024,2025-06-30,21090620,해운대구,반송2동,dong,constructionYear,ho_yr_006,2010년,,N/A,True
2024,2025-06-30,21030680,동구,범일5동,dong,constructionYear,ho_yr_003,1990년~1999년,16.0,16,False
2024,2025-06-30,21100620,사하구,다대1동,dong,constructionYear,ho_yr_019,2023년,,N/A,True
2024,2025-06-30,21070620,남구,감만1동,dong,constructionYear,ho_yr_001,1979년 이전,136.0,136,False
2024,2025-06-30,21010600,중구,영주2동,dong,constructionYear,ho_yr_017,2021년,,N/A,True
2024,2025-06-30,21050660,부산진구,부암3동,dong,constructionYear,ho_yr_011,2015년,,N/A,True
2024,2025-06-30,21140600,수영구,민락동,dong,constructionYear,ho_yr_017,2021년,273.0,273,False
2024,2025-06-30,21110510,금정구,서1동,dong,constructionYear,ho_yr_003,1990년~1999년,661.0,661,False
2024,2025-06-30,21070690,남구,문현4동,dong,constructionYear,ho_yr_015,2019년,,N/A,True
2024,2025-06-30,21080560,북구,덕천1동,dong,constructionYear,ho_yr_018,2022년,660.0,660,False
2024,2025-06-30,21070680,남구,문현3동,dong,constructionYear,ho_yr_013,2017년,48.0,48,False
2024,2025-06-30,21010540,중구,보수동,dong,constructionYear,ho_yr_012,2016년,111.0,111,False
2024,2025-06-30,21090540,해운대구,중2동,dong,constructionYear,ho_yr_008,2012년,34.0,34,False
2024,2025-06-30,21150620,사상구,주례3동,dong,constructionYear,ho_yr_007,2011년,,N/A,True
2024,2025-06-30,21070590,남구,용호3동,dong,constructionYear,ho_yr_016,2020년,29.0,29,False
2024,2025-06-30,21090650,해운대구,재송2동,dong,constructionYear,ho_yr_015,2019년,21.0,21,False
2024,2025-06-30,21150640,사상구,엄궁동,dong,constructionYear,ho_yr_012,2016년,33.0,33,False
2024,2025-06-30,21110720,금정구,서3동,dong,constructionYear,ho_yr_005,2005년~2009년,17.0,17,False
2024,2025-06-30,21050840,부산진구,범천2동,dong,constructionYear,ho_yr_005,2005년~2009년,667.0,667,False
2024,2025-06-30,21060560,동래구,온천2동,dong,constructionYear,ho_yr_013,2017년,20.0,20,False
2024,2025-06-30,21070560,남구,대연6동,dong,constructionYear,ho_yr_018,2022년,,N/A,True
2024,2025-06-30,21510330,기장군,철마면,dong,constructionYear,ho_yr_007,2011년,24.0,24,False
2024,2025-06-30,21130590,연제구,연산5동,dong,constructionYear,ho_yr_014,2018년,571.0,571,False
2024,2025-06-30,21510130,기장군,정관읍,dong,constructionYear,ho_yr_018,2022년,16.0,16,False
2024,2025-06-30,21120580,강서구,가덕도동,dong,constructionYear,ho_yr_003,1990년~1999년,118.0,118,False
2024,2025-06-30,21130510,연제구,거제1동,dong,constructionYear,ho_yr_006,2010년,,N/A,True
2024,2025-06-30,21060520,동래구,복산동,dong,constructionYear,ho_yr_015,2019년,21.0,21,False
2024,2025-06-30,21140510,수영구,남천1동,dong,constructionYear,ho_yr_009,2013년,99.0,99,False
2024,2025-06-30,21050560,부산진구,양정1동,dong,constructionYear,ho_yr_017,2021년,9.0,9,False
2024,2025-06-30,21050830,부산진구,전포1동,dong,constructionYear,ho_yr_008,2012년,195.0,195,False
2024,2025-06-30,21130600,연제구,연산6동,dong,constructionYear,ho_yr_002,1980년~1989년,750.0,750,False
2024,2025-06-30,21110720,금정구,서3동,dong,constructionYear,ho_yr_019,2023년,,N/A,True
2024,2025-06-30,21030520,동구,초량2동,dong,constructionYear,ho_yr_012,2016년,46.0,46,False
2024,2025-06-30,21010530,중구,대청동,dong,constructionYear,ho_yr_004,2000년~2004년,189.0,189,False
2024,2025-06-30,21130560,연제구,연산2동,dong,constructionYear,ho_yr_005,2005년~2009년,237.0,237,False
2024,2025-06-30,21050560,부산진구,양정1동,dong,constructionYear,ho_yr_011,2015년,96.0,96,False
2024,2025-06-30,21120590,강서구,명지1동,dong,constructionYear,ho_yr_003,1990년~1999년,158.0,158,False
2024,2025-06-30,21120510,강서구,대저1동,dong,constructionYear,ho_yr_015,2019년,147.0,147,False
2024,2025-06-30,21120562,강서구,신호동,dong,constructionYear,ho_yr_020,2024년,,N/A,True
2024,2025-06-30,21030550,동구,초량6동,dong,constructionYear,ho_yr_020,2024년,,N/A,True
2024,2025-06-30,21020610,서구,아미동,dong,constructionYear,ho_yr_005,2005년~2009년,11.0,11,False
2024,2025-06-30,21030700,동구,좌천동,dong,constructionYear,ho_yr_007,2011년,10.0,10,False
2024,2025-06-30,21020680,서구,암남동,dong,constructionYear,ho_yr_018,2022년,1224.0,1224,False
2024,2025-06-30,21120520,강서구,대저2동,dong,constructionYear,ho_yr_018,2022년,10.0,10,False
2024,2025-06-30,21060630,동래구,명장1동,dong,constructionYear,ho_yr_001,1979년 이전,403.0,403,False
2024,2025-06-30,21140530,수영구,수영동,dong,constructionYear,ho_yr_011,2015년,62.0,62,False
2024,2025-06-30,21070630,남구,감만2동,dong,constructionYear,ho_yr_012,2016년,100.0,100,False
2024,2025-06-30,21060570,동래구,온천3동,dong,constructionYear,ho_yr_011,2015년,295.0,295,False
2024,2025-06-30,21510330,기장군,철마면,dong,constructionYear,ho_yr_017,2021년,14.0,14,False
2024,2025-06-30,21100590,사하구,신평2동,dong,constructionYear,ho_yr_007,2011년,20.0,20,False
2024,2025-06-30,21070660,남구,문현1동,dong,constructionYear,ho_yr_001,1979년 이전,371.0,371,False
2024,2025-06-30,21130620,연제구,연산8동,dong,constructionYear,ho_yr_005,2005년~2009년,148.0,148,False
2024,2025-06-30,21090720,해운대구,반송1동,dong,constructionYear,ho_yr_004,2000년~2004년,92.0,92,False
2024,2025-06-30,21510111,기장군,일광읍,dong,constructionYear,ho_yr_010,2014년,253.0,253,False
2024,2025-06-30,21120550,강서구,가락동,dong,constructionYear,ho_yr_009,2013년,8.0,8,False
2024,2025-06-30,21110670,금정구,청룡노포동,dong,constructionYear,ho_yr_013,2017년,158.0,158,False
2024,2025-06-30,21050640,부산진구,부암1동,dong,constructionYear,ho_yr_015,2019년,40.0,40,False
2024,2025-06-30,21080620,북구,화명2동,dong,constructionYear,ho_yr_009,2013년,,N/A,True
2024,2025-06-30,21140530,수영구,수영동,dong,constructionYear,ho_yr_020,2024년,9.0,9,False
2024,2025-06-30,21090730,해운대구,우1동,dong,constructionYear,ho_yr_004,2000년~2004년,354.0,354,False
2024,2025-06-30,21100660,사하구,감천2동,dong,constructionYear,ho_yr_012,2016년,,N/A,True
2024,2025-06-30,21510120,기장군,장안읍,dong,constructionYear,ho_yr_006,2010년,40.0,40,False
2024,2025-06-30,21060580,동래구,사직1동,dong,constructionYear,ho_yr_009,2013년,81.0,81,False
2024,2025-06-30,21060520,동래구,복산동,dong,constructionYear,ho_yr_003,1990년~1999년,810.0,810,False
2024,2025-06-30,21030590,동구,수정4동,dong,constructionYear,ho_yr_005,2005년~2009년,50.0,50,False
2024,2025-06-30,21110710,금정구,금성동,dong,constructionYear,ho_yr_011,2015년,5.0,5,False
2024,2025-06-30,21150510,사상구,삼락동,dong,constructionYear,ho_yr_015,2019년,8.0,8,False
2024,2025-06-30,21120590,강서구,명지1동,dong,constructionYear,ho_yr_020,2024년,,N/A,True
2024,2025-06-30,21140510,수영구,남천1동,dong,constructionYear,ho_yr_017,2021년,102.0,102,False
2024,2025-06-30,21510111,기장군,일광읍,dong,constructionYear,ho_yr_003,1990년~1999년,594.0,594,False
2024,2025-06-30,21070700,남구,대연1동,dong,constructionYear,ho_yr_003,1990년~1999년,961.0,961,False
2024,2025-06-30,21070580,남구,용호2동,dong,constructionYear,ho_yr_013,2017년,11.0,11,False
2024,2025-06-30,21150570,사상구,괘법동,dong,constructionYear,ho_yr_004,2000년~2004년,827.0,827,False
2024,2025-06-30,21140550,수영구,망미2동,dong,constructionYear,ho_yr_014,2018년,24.0,24,False
2024,2025-06-30,21070680,남구,문현3동,dong,constructionYear,ho_yr_019,2023년,,N/A,True
2024,2025-06-30,21010560,중구,부평동,dong,constructionYear,ho_yr_012,2016년,,N/A,True
2024,2025-06-30,21120600,강서구,명지2동,dong,constructionYear,ho_yr_013,2017년,7.0,7,False
2024,2025-06-30,21150620,사상구,주례3동,dong,constructionYear,ho_yr_018,2022년,12.0,12,False
2024,2025-06-30,21080550,북구,화명1동,dong,constructionYear,ho_yr_004,2000년~2004년,3422.0,3422,False
2024,2025-06-30,21020610,서구,아미동,dong,constructionYear,ho_yr_017,2021년,,N/A,True
2024,2025-06-30,21060510,동래구,수민동,dong,constructionYear,ho_yr_004,2000년~2004년,449.0,449,False
2024,2025-06-30,21050570,부산진구,양정2동,dong,constructionYear,ho_yr_016,2020년,26.0,26,False
2024,2025-06-30,21080520,북구,구포2동,dong,constructionYear,ho_yr_011,2015년,79.0,79,False
2024,2025-06-30,21150560,사상구,덕포2동,dong,constructionYear,ho_yr_011,2015년,13.0,13,False
2024,2025-06-30,21080540,북구,금곡동,dong,constructionYear,ho_yr_007,2011년,10.0,10,False
2024,2025-06-30,21050840,부산진구,범천2동,dong,constructionYear,ho_yr_015,2019년,115.0,115,False
2024,2025-06-30,21050760,부산진구,개금3동,dong,constructionYear,ho_yr_017,2021년,36.0,36,False
2024,2025-06-30,21110710,금정구,금성동,dong,constructionYear,ho_yr_004,2000년~2004년,37.0,37,False
2024,2025-06-30,21110710,금정구,금성동,dong,constructionYear,ho_yr_014,2018년,12.0,12,False
2024,2025-06-30,21070570,남구,용호1동,dong,constructionYear,ho_yr_012,2016년,32.0,32,False
2024,2025-06-30,21010560,중구,부평동,dong,constructionYear,ho_yr_011,2015년,,N/A,True
2024,2025-06-30,21050760,부산진구,개금3동,dong,constructionYear,ho_yr_016,2020년,,N/A,True
2024,2025-06-30,21050820,부산진구,부전1동,dong,constructionYear,ho_yr_007,2011년,148.0,148,False
2024,2025-06-30,21030700,동구,좌천동,dong,constructionYear,ho_yr_005,2005년~2009년,133.0,133,False
2024,2025-06-30,21020690,서구,남부민2동,dong,constructionYear,ho_yr_020,2024년,,N/A,True
2024,2025-06-30,21130560,연제구,연산2동,dong,constructionYear,ho_yr_003,1990년~1999년,235.0,235,False
2024,2025-06-30,21110690,금정구,구서1동,dong,constructionYear,ho_yr_013,2017년,47.0,47,False
2024,2025-06-30,21130510,연제구,거제1동,dong,constructionYear,ho_yr_020,2024년,192.0,192,False
2024,2025-06-30,21140580,수영구,광안3동,dong,constructionYear,ho_yr_002,1980년~1989년,386.0,386,False
2024,2025-06-30,21060580,동래구,사직1동,dong,constructionYear,ho_yr_015,2019년,322.0,322,False
2024,2025-06-30,21090620,해운대구,반송2동,dong,constructionYear,ho_yr_005,2005년~2009년,61.0,61,False
2024,2025-06-30,21010520,중구,동광동,dong,constructionYear,ho_yr_004,2000년~2004년,184.0,184,False
2024,2025-06-30,21120510,강서구,대저1동,dong,constructionYear,ho_yr_005,2005년~2009년,48.0,48,False
2024,2025-06-30,21080610,북구,만덕3동,dong,constructionYear,ho_yr_019,2023년,,N/A,True
2024,2025-06-30,21070530,남구,대연3동,dong,constructionYear,ho_yr_004,2000년~2004년,3617.0,3617,False
2024,2025-06-30,21080510,북구,구포1동,dong,constructionYear,ho_yr_009,2013년,31.0,31,False
2024,2025-06-30,21140550,수영구,망미2동,dong,constructionYear,ho_yr_005,2005년~2009년,539.0,539,False
2024,2025-06-30,21110730,금정구,금사회동동,dong,constructionYear,ho_yr_020,2024년,,N/A,True
2024,2025-06-30,21120580,강서구,가덕도동,dong,constructionYear,ho_yr_013,2017년,84.0,84,False
2024,2025-06-30,21040540,영도구,영선1동,dong,constructionYear,ho_yr_012,2016년,,N/A,True
2024,2025-06-30,21060620,동래구,안락2동,dong,constructionYear,ho_yr_011,2015년,707.0,707,False
2024,2025-06-30,21120520,강서구,대저2동,dong,constructionYear,ho_yr_020,2024년,,N/A,True
2024,2025-06-30,21080530,북구,구포3동,dong,constructionYear,ho_yr_014,2018년,,N/A,True
2024,2025-06-30,21080510,북구,구포1동,dong,constructionYear,ho_yr_005,2005년~2009년,19.0,19,False
2024,2025-06-30,21140510,수영구,남천1동,dong,constructionYear,ho_yr_011,2015년,89.0,89,False
2024,2025-06-30,21070670,남구,문현2동,dong,constructionYear,ho_yr_004,2000년~2004년,204.0,204,False
2024,2025-06-30,21130570,연제구,연산3동,dong,constructionYear,ho_yr_014,2018년,40.0,40,False
2024,2025-06-30,21140530,수영구,수영동,dong,constructionYear,ho_yr_013,2017년,99.0,99,False
2024,2025-06-30,21140600,수영구,민락동,dong,constructionYear,ho_yr_004,2000년~2004년,2286.0,2286,False
2024,2025-06-30,21120600,강서구,명지2동,dong,constructionYear,ho_yr_018,2022년,,N/A,True
2024,2025-06-30,21020530,서구,동대신3동,dong,constructionYear,ho_yr_003,1990년~1999년,330.0,330,False
2024,2025-06-30,21060600,동래구,사직3동,dong,constructionYear,ho_yr_006,2010년,,N/A,True
2024,2025-06-30,21120520,강서구,대저2동,dong,constructionYear,ho_yr_009,2013년,10.0,10,False
2024,2025-06-30,21050610,부산진구,전포2동,dong,constructionYear,ho_yr_012,2016년,879.0,879,False
2024,2025-06-30,21110680,금정구,남산동,dong,constructionYear,ho_yr_013,2017년,148.0,148,False
2024,2025-06-30,21140510,수영구,남천1동,dong,constructionYear,ho_yr_005,2005년~2009년,22.0,22,False
2024,2025-06-30,21020590,서구,부민동,dong,constructionYear,ho_yr_017,2021년,28.0,28,False
2024,2025-06-30,21140570,수영구,광안2동,dong,constructionYear,ho_yr_013,2017년,598.0,598,False
2024,2025-06-30,21050770,부산진구,범천1동,dong,constructionYear,ho_yr_009,2013년,154.0,154,False
2024,2025-06-30,21060550,동래구,온천1동,dong,constructionYear,ho_yr_020,2024년,1382.0,1382,False
2024,2025-06-30,21050770,부산진구,범천1동,dong,constructionYear,ho_yr_019,2023년,20.0,20,False
2024,2025-06-30,21130570,연제구,연산3동,dong,constructionYear,ho_yr_012,2016년,,N/A,True
2024,2025-06-30,21030660,동구,범일2동,dong,constructionYear,ho_yr_010,2014년,38.0,38,False
2024,2025-06-30,21060610,동래구,안락1동,dong,constructionYear,ho_yr_003,1990년~1999년,1314.0,1314,False
2024,2025-06-30,21020540,서구,서대신1동,dong,constructionYear,ho_yr_002,1980년~1989년,299.0,299,False
2024,2025-06-30,21150650,사상구,감전동,dong,constructionYear,ho_yr_003,1990년~1999년,548.0,548,False
2024,2025-06-30,21070550,남구,대연5동,dong,constructionYear,ho_yr_017,2021년,112.0,112,False
2024,2025-06-30,21100560,사하구,하단1동,dong,constructionYear,ho_yr_019,2023년,,N/A,True
2024,2025-06-30,21090620,해운대구,반송2동,dong,constructionYear,ho_yr_008,2012년,25.0,25,False
2024,2025-06-30,21030550,동구,초량6동,dong,constructionYear,ho_yr_016,2020년,11.0,11,False
2024,2025-06-30,21090720,해운대구,반송1동,dong,constructionYear,ho_yr_012,2016년,,N/A,True
2024,2025-06-30,21510130,기장군,정관읍,dong,constructionYear,ho_yr_015,2019년,17.0,17,False
2024,2025-06-30,21020650,서구,남부민1동,dong,constructionYear,ho_yr_005,2005년~2009년,30.0,30,False
2024,2025-06-30,21080560,북구,덕천1동,dong,constructionYear,ho_yr_012,2016년,73.0,73,False
2024,2025-06-30,21010540,중구,보수동,dong,constructionYear,ho_yr_006,2010년,,N/A,True
2024,2025-06-30,21050740,부산진구,개금1동,dong,constructionYear,ho_yr_010,2014년,190.0,190,False
2024,2025-06-30,21010590,중구,영주1동,dong,constructionYear,ho_yr_007,2011년,96.0,96,False
2024,2025-06-30,21150540,사상구,모라3동,dong,constructionYear,ho_yr_003,1990년~1999년,5882.0,5882,False
2024,2025-06-30,21090660,해운대구,좌1동,dong,constructionYear,ho_yr_003,1990년~1999년,4905.0,4905,False
2024,2025-06-30,21020560,서구,서대신3동,dong,constructionYear,ho_yr_018,2022년,,N/A,True
2024,2025-06-30,21150540,사상구,모라3동,dong,constructionYear,ho_yr_018,2022년,,N/A,True
2024,2025-06-30,21150630,사상구,학장동,dong,constructionYear,ho_yr_009,2013년,,N/A,True
2024,2025-06-30,21510130,기장군,정관읍,dong,constructionYear,ho_yr_017,2021년,12.0,12,False
2024,2025-06-30,21030510,동구,초량1동,dong,constructionYear,ho_yr_003,1990년~1999년,223.0,223,False
2024,2025-06-30,21060550,동래구,온천1동,dong,constructionYear,ho_yr_017,2021년,965.0,965,False
2024,2025-06-30,21080590,북구,만덕1동,dong,constructionYear,ho_yr_012,2016년,,N/A,True
2024,2025-06-30,21100550,사하구,당리동,dong,constructionYear,ho_yr_004,2000년~2004년,688.0,688,False
2024,2025-06-30,21150570,사상구,괘법동,dong,constructionYear,ho_yr_003,1990년~1999년,2373.0,2373,False
2024,2025-06-30,21020690,서구,남부민2동,dong,constructionYear,ho_yr_004,2000년~2004년,504.0,504,False
2024,2025-06-30,21100540,사하구,괴정4동,dong,constructionYear,ho_yr_017,2021년,516.0,516,False
2024,2025-06-30,21110600,금정구,부곡4동,dong,constructionYear,ho_yr_003,1990년~1999년,1815.0,1815,False
2024,2025-06-30,21090670,해운대구,좌2동,dong,constructionYear,ho_yr_004,2000년~2004년,303.0,303,False
2024,2025-06-30,21510130,기장군,정관읍,dong,constructionYear,ho_yr_004,2000년~2004년,194.0,194,False
2024,2025-06-30,21130600,연제구,연산6동,dong,constructionYear,ho_yr_017,2021년,132.0,132,False
2024,2025-06-30,21130600,연제구,연산6동,dong,constructionYear,ho_yr_009,2013년,133.0,133,False
2024,2025-06-30,21010580,중구,남포동,dong,constructionYear,ho_yr_001,1979년 이전,166.0,166,False
2024,2025-06-30,21030530,동구,초량3동,dong,constructionYear,ho_yr_001,1979년 이전,229.0,229,False
2024,2025-06-30,21040550,영도구,영선2동,dong,constructionYear,ho_yr_010,2014년,6.0,6,False
2024,2025-06-30,21070680,남구,문현3동,dong,constructionYear,ho_yr_011,2015년,57.0,57,False
2024,2025-06-30,21120530,강서구,강동동,dong,constructionYear,ho_yr_004,2000년~2004년,77.0,77,False
2024,2025-06-30,21090720,해운대구,반송1동,dong,constructionYear,ho_yr_002,1980년~1989년,864.0,864,False
2024,2025-06-30,21010510,중구,중앙동,dong,constructionYear,ho_yr_005,2005년~2009년,,N/A,True
2024,2025-06-30,21050680,부산진구,당감2동,dong,constructionYear,ho_yr_009,2013년,47.0,47,False
2024,2025-06-30,21050610,부산진구,전포2동,dong,constructionYear,ho_yr_011,2015년,84.0,84,False
2024,2025-06-30,21080510,북구,구포1동,dong,constructionYear,ho_yr_003,1990년~1999년,1182.0,1182,False
2024,2025-06-30,21060630,동래구,명장1동,dong,constructionYear,ho_yr_005,2005년~2009년,,N/A,True
2024,2025-06-30,21100630,사하구,다대2동,dong,constructionYear,ho_yr_008,2012년,,N/A,True
2024,2025-06-30,21070680,남구,문현3동,dong,constructionYear,ho_yr_002,1980년~1989년,643.0,643,False
2024,2025-06-30,21060560,동래구,온천2동,dong,constructionYear,ho_yr_001,1979년 이전,678.0,678,False
2024,2025-06-30,21130630,연제구,연산9동,dong,constructionYear,ho_yr_014,2018년,48.0,48,False
2024,2025-06-30,21100650,사하구,감천1동,dong,constructionYear,ho_yr_009,2013년,33.0,33,False
2024,2025-06-30,21070680,남구,문현3동,dong,constructionYear,ho_yr_007,2011년,26.0,26,False
2024,2025-06-30,21070610,남구,용당동,dong,constructionYear,ho_yr_013,2017년,,N/A,True
2024,2025-06-30,21080530,북구,구포3동,dong,constructionYear,ho_yr_005,2005년~2009년,32.0,32,False
2024,2025-06-30,21050830,부산진구,전포1동,dong,constructionYear,ho_yr_005,2005년~2009년,938.0,938,False
2024,2025-06-30,21060610,동래구,안락1동,dong,constructionYear,ho_yr_013,2017년,71.0,71,False
2024,2025-06-30,21080580,북구,덕천3동,dong,constructionYear,ho_yr_004,2000년~2004년,841.0,841,False
2024,2025-06-30,21060600,동래구,사직3동,dong,constructionYear,ho_yr_005,2005년~2009년,5.0,5,False
2024,2025-06-30,21030570,동구,수정2동,dong,constructionYear,ho_yr_002,1980년~1989년,615.0,615,False
2024,2025-06-30,21130590,연제구,연산5동,dong,constructionYear,ho_yr_019,2023년,510.0,510,False
2024,2025-06-30,21510130,기장군,정관읍,dong,constructionYear,ho_yr_009,2013년,6080.0,6080,False
2024,2025-06-30,21080550,북구,화명1동,dong,constructionYear,ho_yr_009,2013년,,N/A,True
2024,2025-06-30,21020570,서구,서대신4동,dong,constructionYear,ho_yr_013,2017년,,N/A,True
2024,2025-06-30,21080520,북구,구포2동,dong,constructionYear,ho_yr_002,1980년~1989년,1486.0,1486,False
2024,2025-06-30,21050720,부산진구,가야2동,dong,constructionYear,ho_yr_020,2024년,,N/A,True
2024,2025-06-30,21110670,금정구,청룡노포동,dong,constructionYear,ho_yr_009,2013년,337.0,337,False
2024,2025-06-30,21020680,서구,암남동,dong,constructionYear,ho_yr_015,2019년,11.0,11,False
2024,2025-06-30,21030510,동구,초량1동,dong,constructionYear,ho_yr_008,2012년,61.0,61,False
2024,2025-06-30,21510130,기장군,정관읍,dong,constructionYear,ho_yr_006,2010년,1192.0,1192,False
2024,2025-06-30,21100630,사하구,다대2동,dong,constructionYear,ho_yr_002,1980년~1989년,1023.0,1023,False
2024,2025-06-30,21080610,북구,만덕3동,dong,constructionYear,ho_yr_001,1979년 이전,,N/A,True
2024,2025-06-30,21090640,해운대구,재송1동,dong,constructionYear,ho_yr_017,2021년,14.0,14,False
2024,2025-06-30,21010590,중구,영주1동,dong,constructionYear,ho_yr_012,2016년,20.0,20,False
2024,2025-06-30,21030560,동구,수정1동,dong,constructionYear,ho_yr_015,2019년,,N/A,True
2024,2025-06-30,21080610,북구,만덕3동,dong,constructionYear,ho_yr_004,2000년~2004년,34.0,34,False
2024,2025-06-30,21070610,남구,용당동,dong,constructionYear,ho_yr_008,2012년,26.0,26,False
2024,2025-06-30,21050770,부산진구,범천1동,dong,constructionYear,ho_yr_016,2020년,299.0,299,False
2024,2025-06-30,21100610,사하구,장림2동,dong,constructionYear,ho_yr_002,1980년~1989년,1062.0,1062,False
2024,2025-06-30,21080520,북구,구포2동,dong,constructionYear,ho_yr_003,1990년~1999년,3398.0,3398,False
2024,2025-06-30,21090620,해운대구,반송2동,dong,constructionYear,ho_yr_015,2019년,11.0,11,False
2024,2025-06-30,21050680,부산진구,당감2동,dong,constructionYear,ho_yr_011,2015년,335.0,335,False
2024,2025-06-30,21110590,금정구,부곡3동,dong,constructionYear,ho_yr_019,2023년,,N/A,True
2024,2025-06-30,21110570,금정구,부곡1동,dong,constructionYear,ho_yr_012,2016년,16.0,16,False
2024,2025-06-30,21130550,연제구,연산1동,dong,constructionYear,ho_yr_007,2011년,21.0,21,False
2024,2025-06-30,21130570,연제구,연산3동,dong,constructionYear,ho_yr_003,1990년~1999년,1249.0,1249,False
2024,2025-06-30,21070610,남구,용당동,dong,constructionYear,ho_yr_003,1990년~1999년,859.0,859,False
2024,2025-06-30,21140540,수영구,망미1동,dong,constructionYear,ho_yr_007,2011년,94.0,94,False
2024,2025-06-30,21060620,동래구,안락2동,dong,constructionYear,ho_yr_020,2024년,214.0,214,False
2024,2025-06-30,21140560,수영구,광안1동,dong,constructionYear,ho_yr_002,1980년~1989년,1073.0,1073,False
2024,2025-06-30,21120550,강서구,가락동,dong,constructionYear,ho_yr_020,2024년,,N/A,True
2024,2025-06-30,21150560,사상구,덕포2동,dong,constructionYear,ho_yr_003,1990년~1999년,1853.0,1853,False
2024,2025-06-30,21050800,부산진구,당감1동,dong,constructionYear,ho_yr_019,2023년,,N/A,True
2024,2025-06-30,21100570,사하구,하단2동,dong,constructionYear,ho_yr_010,2014년,101.0,101,False
2024,2025-06-30,21060510,동래구,수민동,dong,constructionYear,ho_yr_017,2021년,80.0,80,False
2024,2025-06-30,21060620,동래구,안락2동,dong,constructionYear,ho_yr_005,2005년~2009년,1871.0,1871,False
2024,2025-06-30,21050770,부산진구,범천1동,dong,constructionYear,ho_yr_010,2014년,358.0,358,False
2024,2025-06-30,21050660,부산진구,부암3동,dong,constructionYear,ho_yr_005,2005년~2009년,909.0,909,False
2024,2025-06-30,21100590,사하구,신평2동,dong,constructionYear,ho_yr_005,2005년~2009년,5.0,5,False
2024,2025-06-30,21090710,해운대구,반여4동,dong,constructionYear,ho_yr_010,2014년,16.0,16,False
2024,2025-06-30,21150540,사상구,모라3동,dong,constructionYear,ho_yr_002,1980년~1989년,,N/A,True
2024,2025-06-30,21070530,남구,대연3동,dong,constructionYear,ho_yr_011,2015년,616.0,616,False
2024,2025-06-30,21020650,서구,남부민1동,dong,constructionYear,ho_yr_004,2000년~2004년,40.0,40,False
2024,2025-06-30,21150610,사상구,주례2동,dong,constructionYear,ho_yr_006,2010년,94.0,94,False
2024,2025-06-30,21140530,수영구,수영동,dong,constructionYear,ho_yr_016,2020년,15.0,15,False
2024,2025-06-30,21080590,북구,만덕1동,dong,constructionYear,ho_yr_015,2019년,1618.0,1618,False
2024,2025-06-30,21040550,영도구,영선2동,dong,constructionYear,ho_yr_001,1979년 이전,584.0,584,False
2024,2025-06-30,21100510,사하구,괴정1동,dong,constructionYear,ho_yr_001,1979년 이전,678.0,678,False
2024,2025-06-30,21060570,동래구,온천3동,dong,constructionYear,ho_yr_009,2013년,376.0,376,False
2024,2025-06-30,21140580,수영구,광안3동,dong,constructionYear,ho_yr_016,2020년,43.0,43,False
2024,2025-06-30,21020690,서구,남부민2동,dong,constructionYear,ho_yr_010,2014년,,N/A,True
2024,2025-06-30,21100550,사하구,당리동,dong,constructionYear,ho_yr_018,2022년,8.0,8,False
2024,2025-06-30,21030700,동구,좌천동,dong,constructionYear,ho_yr_013,2017년,8.0,8,False
2024,2025-06-30,21050680,부산진구,당감2동,dong,constructionYear,ho_yr_020,2024년,780.0,780,False
2024,2025-06-30,21020570,서구,서대신4동,dong,constructionYear,ho_yr_017,2021년,,N/A,True
2024,2025-06-30,21090530,해운대구,중1동,dong,constructionYear,ho_yr_012,2016년,30.0,30,False
2024,2025-06-30,21110680,금정구,남산동,dong,constructionYear,ho_yr_019,2023년,67.0,67,False
2024,2025-06-30,21110580,금정구,부곡2동,dong,constructionYear,ho_yr_012,2016년,69.0,69,False
2024,2025-06-30,21110580,금정구,부곡2동,dong,constructionYear,ho_yr_016,2020년,32.0,32,False
2024,2025-06-30,21090560,해운대구,송정동,dong,constructionYear,ho_yr_013,2017년,56.0,56,False
2024,2025-06-30,21090560,해운대구,송정동,dong,constructionYear,ho_yr_005,2005년~2009년,817.0,817,False
2024,2025-06-30,21050550,부산진구,초읍동,dong,constructionYear,ho_yr_002,1980년~1989년,1433.0,1433,False
2024,2025-06-30,21130560,연제구,연산2동,dong,constructionYear,ho_yr_011,2015년,67.0,67,False
2024,2025-06-30,21020570,서구,서대신4동,dong,constructionYear,ho_yr_002,1980년~1989년,209.0,209,False
2024,2025-06-30,21510130,기장군,정관읍,dong,constructionYear,ho_yr_003,1990년~1999년,508.0,508,False
2024,2025-06-30,21050540,부산진구,연지동,dong,constructionYear,ho_yr_004,2000년~2004년,1375.0,1375,False
2024,2025-06-30,21090540,해운대구,중2동,dong,constructionYear,ho_yr_016,2020년,7.0,7,False
2024,2025-06-30,21020680,서구,암남동,dong,constructionYear,ho_yr_005,2005년~2009년,283.0,283,False
2024,2025-06-30,21020590,서구,부민동,dong,constructionYear,ho_yr_002,1980년~1989년,204.0,204,False
2024,2025-06-30,21060570,동래구,온천3동,dong,constructionYear,ho_yr_020,2024년,,N/A,True
2024,2025-06-30,21130620,연제구,연산8동,dong,constructionYear,ho_yr_020,2024년,,N/A,True
2024,2025-06-30,21060620,동래구,안락2동,dong,constructionYear,ho_yr_007,2011년,628.0,628,False
2024,2025-06-30,21150610,사상구,주례2동,dong,constructionYear,ho_yr_013,2017년,191.0,191,False
2024,2025-06-30,21010530,중구,대청동,dong,constructionYear,ho_yr_005,2005년~2009년,76.0,76,False
2024,2025-06-30,21050720,부산진구,가야2동,dong,constructionYear,ho_yr_001,1979년 이전,556.0,556,False
2024,2025-06-30,21030510,동구,초량1동,dong,constructionYear,ho_yr_017,2021년,63.0,63,False
2024,2025-06-30,21030520,동구,초량2동,dong,constructionYear,ho_yr_008,2012년,21.0,21,False
2024,2025-06-30,21030560,동구,수정1동,dong,constructionYear,ho_yr_008,2012년,61.0,61,False
2024,2025-06-30,21020610,서구,아미동,dong,constructionYear,ho_yr_008,2012년,,N/A,True
2024,2025-06-30,21080590,북구,만덕1동,dong,constructionYear,ho_yr_011,2015년,45.0,45,False
2024,2025-06-30,21140570,수영구,광안2동,dong,constructionYear,ho_yr_012,2016년,252.0,252,False
2024,2025-06-30,21140580,수영구,광안3동,dong,constructionYear,ho_yr_019,2023년,34.0,34,False
2024,2025-06-30,21110580,금정구,부곡2동,dong,constructionYear,ho_yr_015,2019년,19.0,19,False
2024,2025-06-30,21100530,사하구,괴정3동,dong,constructionYear,ho_yr_005,2005년~2009년,93.0,93,False
2024,2025-06-30,21040590,영도구,봉래1동,dong,constructionYear,ho_yr_009,2013년,28.0,28,False
2024,2025-06-30,21150640,사상구,엄궁동,dong,constructionYear,ho_yr_011,2015년,43.0,43,False
2024,2025-06-30,21070580,남구,용호2동,dong,constructionYear,ho_yr_001,1979년 이전,840.0,840,False
2024,2025-06-30,21080540,북구,금곡동,dong,constructionYear,ho_yr_002,1980년~1989년,26.0,26,False
2024,2025-06-30,21060510,동래구,수민동,dong,constructionYear,ho_yr_014,2018년,33.0,33,False
2024,2025-06-30,21070680,남구,문현3동,dong,constructionYear,ho_yr_009,2013년,123.0,123,False
2024,2025-06-30,21120530,강서구,강동동,dong,constructionYear,ho_yr_008,2012년,6.0,6,False
2024,2025-06-30,21050720,부산진구,가야2동,dong,constructionYear,ho_yr_003,1990년~1999년,1625.0,1625,False
2024,2025-06-30,21510110,기장군,기장읍,dong,constructionYear,ho_yr_014,2018년,304.0,304,False
2024,2025-06-30,21070540,남구,대연4동,dong,constructionYear,ho_yr_020,2024년,1050.0,1050,False
2024,2025-06-30,21140510,수영구,남천1동,dong,constructionYear,ho_yr_001,1979년 이전,266.0,266,False
2024,2025-06-30,21120562,강서구,신호동,dong,constructionYear,ho_yr_006,2010년,19.0,19,False
2024,2025-06-30,21120600,강서구,명지2동,dong,constructionYear,ho_yr_009,2013년,1208.0,1208,False
2024,2025-06-30,21070580,남구,용호2동,dong,constructionYear,ho_yr_002,1980년~1989년,381.0,381,False
2024,2025-06-30,21050820,부산진구,부전1동,dong,constructionYear,ho_yr_003,1990년~1999년,261.0,261,False
2024,2025-06-30,21120530,강서구,강동동,dong,constructionYear,ho_yr_014,2018년,27.0,27,False
2024,2025-06-30,21080580,북구,덕천3동,dong,constructionYear,ho_yr_003,1990년~1999년,1848.0,1848,False
2024,2025-06-30,21060650,동래구,명륜동,dong,constructionYear,ho_yr_001,1979년 이전,389.0,389,False
2024,2025-06-30,21090740,해운대구,우2동,dong,constructionYear,ho_yr_013,2017년,16.0,16,False
2024,2025-06-30,21070680,남구,문현3동,dong,constructionYear,ho_yr_018,2022년,556.0,556,False
2024,2025-06-30,21130630,연제구,연산9동,dong,constructionYear,ho_yr_015,2019년,,N/A,True
2024,2025-06-30,21050820,부산진구,부전1동,dong,constructionYear,ho_yr_011,2015년,68.0,68,False
2024,2025-06-30,21050520,부산진구,부전2동,dong,constructionYear,ho_yr_019,2023년,450.0,450,False
2024,2025-06-30,21510110,기장군,기장읍,dong,constructionYear,ho_yr_020,2024년,7.0,7,False
2024,2025-06-30,21150650,사상구,감전동,dong,constructionYear,ho_yr_002,1980년~1989년,375.0,375,False
2024,2025-06-30,21080580,북구,덕천3동,dong,constructionYear,ho_yr_010,2014년,9.0,9,False
2024,2025-06-30,21040590,영도구,봉래1동,dong,constructionYear,ho_yr_011,2015년,140.0,140,False
2024,2025-06-30,21060590,동래구,사직2동,dong,constructionYear,ho_yr_012,2016년,999.0,999,False
2024,2025-06-30,21130620,연제구,연산8동,dong,constructionYear,ho_yr_004,2000년~2004년,214.0,214,False
2024,2025-06-30,21140590,수영구,광안4동,dong,constructionYear,ho_yr_002,1980년~1989년,426.0,426,False
2024,2025-06-30,21120600,강서구,명지2동,dong,constructionYear,ho_yr_010,2014년,1878.0,1878,False
2024,2025-06-30,21040530,영도구,남항동,dong,constructionYear,ho_yr_020,2024년,,N/A,True
2024,2025-06-30,21020540,서구,서대신1동,dong,constructionYear,ho_yr_007,2011년,128.0,128,False
2024,2025-06-30,21090590,해운대구,반여3동,dong,constructionYear,ho_yr_001,1979년 이전,251.0,251,False
2024,2025-06-30,21150600,사상구,주례1동,dong,constructionYear,ho_yr_006,2010년,,N/A,True
2024,2025-06-30,21020610,서구,아미동,dong,constructionYear,ho_yr_019,2023년,662.0,662,False
2024,2025-06-30,21080570,북구,덕천2동,dong,constructionYear,ho_yr_017,2021년,15.0,15,False
2024,2025-06-30,21130520,연제구,거제2동,dong,constructionYear,ho_yr_012,2016년,,N/A,True
2024,2025-06-30,21010520,중구,동광동,dong,constructionYear,ho_yr_006,2010년,,N/A,True
2024,2025-06-30,21100650,사하구,감천1동,dong,constructionYear,ho_yr_012,2016년,35.0,35,False
2024,2025-06-30,21120520,강서구,대저2동,dong,constructionYear,ho_yr_008,2012년,361.0,361,False
2024,2025-06-30,21070660,남구,문현1동,dong,constructionYear,ho_yr_006,2010년,18.0,18,False
2024,2025-06-30,21060630,동래구,명장1동,dong,constructionYear,ho_yr_016,2020년,92.0,92,False
2024,2025-06-30,21030700,동구,좌천동,dong,constructionYear,ho_yr_003,1990년~1999년,548.0,548,False
2024,2025-06-30,21100600,사하구,장림1동,dong,constructionYear,ho_yr_009,2013년,53.0,53,False
2024,2025-06-30,21110520,금정구,서2동,dong,constructionYear,ho_yr_001,1979년 이전,580.0,580,False
2024,2025-06-30,21050640,부산진구,부암1동,dong,constructionYear,ho_yr_007,2011년,544.0,544,False
2024,2025-06-30,21140570,수영구,광안2동,dong,constructionYear,ho_yr_016,2020년,116.0,116,False
2024,2025-06-30,21050560,부산진구,양정1동,dong,constructionYear,ho_yr_015,2019년,93.0,93,False
2024,2025-06-30,21510111,기장군,일광읍,dong,constructionYear,ho_yr_002,1980년~1989년,260.0,260,False
2024,2025-06-30,21030710,동구,범일1동,dong,constructionYear,ho_yr_005,2005년~2009년,116.0,116,False
2024,2025-06-30,21090680,해운대구,좌3동,dong,constructionYear,ho_yr_009,2013년,,N/A,True
2024,2025-06-30,21070570,남구,용호1동,dong,constructionYear,ho_yr_005,2005년~2009년,1842.0,1842,False
2024,2025-06-30,21140580,수영구,광안3동,dong,constructionYear,ho_yr_014,2018년,95.0,95,False
2024,2025-06-30,21040660,영도구,동삼2동,dong,constructionYear,ho_yr_012,2016년,,N/A,True
2024,2025-06-30,21020590,서구,부민동,dong,constructionYear,ho_yr_009,2013년,89.0,89,False
2024,2025-06-30,21050770,부산진구,범천1동,dong,constructionYear,ho_yr_005,2005년~2009년,300.0,300,False
2024,2025-06-30,21510110,기장군,기장읍,dong,constructionYear,ho_yr_015,2019년,183.0,183,False
2024,2025-06-30,21140600,수영구,민락동,dong,constructionYear,ho_yr_011,2015년,86.0,86,False
2024,2025-06-30,21080600,북구,만덕2동,dong,constructionYear,ho_yr_004,2000년~2004년,1586.0,1586,False
2024,2025-06-30,21110710,금정구,금성동,dong,constructionYear,ho_yr_006,2010년,11.0,11,False
2024,2025-06-30,21090530,해운대구,중1동,dong,constructionYear,ho_yr_018,2022년,162.0,162,False
2024,2025-06-30,21050560,부산진구,양정1동,dong,constructionYear,ho_yr_013,2017년,244.0,244,False
2024,2025-06-30,21050540,부산진구,연지동,dong,constructionYear,ho_yr_005,2005년~2009년,932.0,932,False
2024,2025-06-30,21080550,북구,화명1동,dong,constructionYear,ho_yr_011,2015년,1211.0,1211,False
2024,2025-06-30,21070590,남구,용호3동,dong,constructionYear,ho_yr_008,2012년,8.0,8,False
2024,2025-06-30,21150520,사상구,모라1동,dong,constructionYear,ho_yr_003,1990년~1999년,3476.0,3476,False
2024,2025-06-30,21050550,부산진구,초읍동,dong,constructionYear,ho_yr_017,2021년,32.0,32,False
2024,2025-06-30,21110700,금정구,구서2동,dong,constructionYear,ho_yr_002,1980년~1989년,2555.0,2555,False
2024,2025-06-30,21080630,북구,화명3동,dong,constructionYear,ho_yr_017,2021년,32.0,32,False
2024,2025-06-30,21120562,강서구,신호동,dong,constructionYear,ho_yr_013,2017년,41.0,41,False
2024,2025-06-30,21040590,영도구,봉래1동,dong,constructionYear,ho_yr_006,2010년,21.0,21,False
2024,2025-06-30,21050800,부산진구,당감1동,dong,constructionYear,ho_yr_015,2019년,,N/A,True
2024,2025-06-30,21080620,북구,화명2동,dong,constructionYear,ho_yr_006,2010년,,N/A,True
2024,2025-06-30,21130630,연제구,연산9동,dong,constructionYear,ho_yr_009,2013년,48.0,48,False
2024,2025-06-30,21150610,사상구,주례2동,dong,constructionYear,ho_yr_002,1980년~1989년,560.0,560,False
2024,2025-06-30,21020570,서구,서대신4동,dong,constructionYear,ho_yr_005,2005년~2009년,27.0,27,False
2024,2025-06-30,21040660,영도구,동삼2동,dong,constructionYear,ho_yr_013,2017년,,N/A,True
2024,2025-06-30,21150520,사상구,모라1동,dong,constructionYear,ho_yr_013,2017년,95.0,95,False
2024,2025-06-30,21100600,사하구,장림1동,dong,constructionYear,ho_yr_004,2000년~2004년,213.0,213,False
2024,2025-06-30,21050550,부산진구,초읍동,dong,constructionYear,ho_yr_006,2010년,30.0,30,False
2024,2025-06-30,21140600,수영구,민락동,dong,constructionYear,ho_yr_005,2005년~2009년,608.0,608,False
2024,2025-06-30,21060550,동래구,온천1동,dong,constructionYear,ho_yr_004,2000년~2004년,1156.0,1156,False
2024,2025-06-30,21110590,금정구,부곡3동,dong,constructionYear,ho_yr_017,2021년,7.0,7,False
2024,2025-06-30,21110610,금정구,장전1동,dong,constructionYear,ho_yr_002,1980년~1989년,615.0,615,False
2024,2025-06-30,21070610,남구,용당동,dong,constructionYear,ho_yr_002,1980년~1989년,165.0,165,False
2024,2025-06-30,21080570,북구,덕천2동,dong,constructionYear,ho_yr_012,2016년,33.0,33,False
2024,2025-06-30,21040650,영도구,동삼1동,dong,constructionYear,ho_yr_011,2015년,5.0,5,False
2024,2025-06-30,21110670,금정구,청룡노포동,dong,constructionYear,ho_yr_001,1979년 이전,118.0,118,False
2024,2025-06-30,21050810,부산진구,가야1동,dong,constructionYear,ho_yr_002,1980년~1989년,560.0,560,False
2024,2025-06-30,21060610,동래구,안락1동,dong,constructionYear,ho_yr_002,1980년~1989년,907.0,907,False
2024,2025-06-30,21080550,북구,화명1동,dong,constructionYear,ho_yr_003,1990년~1999년,3600.0,3600,False
2024,2025-06-30,21030520,동구,초량2동,dong,constructionYear,ho_yr_014,2018년,13.0,13,False
2024,2025-06-30,21130540,연제구,거제4동,dong,constructionYear,ho_yr_016,2020년,12.0,12,False
2024,2025-06-30,21090640,해운대구,재송1동,dong,constructionYear,ho_yr_004,2000년~2004년,288.0,288,False
2024,2025-06-30,21050840,부산진구,범천2동,dong,constructionYear,ho_yr_002,1980년~1989년,1011.0,1011,False
2024,2025-06-30,21060650,동래구,명륜동,dong,constructionYear,ho_yr_009,2013년,1218.0,1218,False
2024,2025-06-30,21110600,금정구,부곡4동,dong,constructionYear,ho_yr_009,2013년,7.0,7,False
2024,2025-06-30,21120600,강서구,명지2동,dong,constructionYear,ho_yr_017,2021년,,N/A,True
2024,2025-06-30,21150610,사상구,주례2동,dong,constructionYear,ho_yr_007,2011년,131.0,131,False
2024,2025-06-30,21510130,기장군,정관읍,dong,constructionYear,ho_yr_011,2015년,1535.0,1535,False
2024,2025-06-30,21090740,해운대구,우2동,dong,constructionYear,ho_yr_006,2010년,473.0,473,False
2024,2025-06-30,21050810,부산진구,가야1동,dong,constructionYear,ho_yr_014,2018년,49.0,49,False
2024,2025-06-30,21090540,해운대구,중2동,dong,constructionYear,ho_yr_009,2013년,137.0,137,False
2024,2025-06-30,21070530,남구,대연3동,dong,constructionYear,ho_yr_008,2012년,436.0,436,False
2024,2025-06-30,21060510,동래구,수민동,dong,constructionYear,ho_yr_005,2005년~2009년,1134.0,1134,False
2024,2025-06-30,21140580,수영구,광안3동,dong,constructionYear,ho_yr_006,2010년,160.0,160,False
2024,2025-06-30,21510111,기장군,일광읍,dong,constructionYear,ho_yr_020,2024년,103.0,103,False
2024,2025-06-30,21110510,금정구,서1동,dong,constructionYear,ho_yr_004,2000년~2004년,81.0,81,False
2024,2025-06-30,21060560,동래구,온천2동,dong,constructionYear,ho_yr_016,2020년,16.0,16,False
2024,2025-06-30,21150520,사상구,모라1동,dong,constructionYear,ho_yr_005,2005년~2009년,307.0,307,False
2024,2025-06-30,21020530,서구,동대신3동,dong,constructionYear,ho_yr_011,2015년,12.0,12,False
2024,2025-06-30,21060610,동래구,안락1동,dong,constructionYear,ho_yr_014,2018년,48.0,48,False
2024,2025-06-30,21100600,사하구,장림1동,dong,constructionYear,ho_yr_012,2016년,13.0,13,False
2024,2025-06-30,21140600,수영구,민락동,dong,constructionYear,ho_yr_016,2020년,1016.0,1016,False
2024,2025-06-30,21130560,연제구,연산2동,dong,constructionYear,ho_yr_009,2013년,521.0,521,False
2024,2025-06-30,21120561,강서구,녹산동,dong,constructionYear,ho_yr_014,2018년,48.0,48,False
2024,2025-06-30,21050800,부산진구,당감1동,dong,constructionYear,ho_yr_017,2021년,,N/A,True
2024,2025-06-30,21110610,금정구,장전1동,dong,constructionYear,ho_yr_003,1990년~1999년,771.0,771,False
2024,2025-06-30,21040530,영도구,남항동,dong,constructionYear,ho_yr_003,1990년~1999년,293.0,293,False
2024,2025-06-30,21010590,중구,영주1동,dong,constructionYear,ho_yr_001,1979년 이전,263.0,263,False
2024,2025-06-30,21030510,동구,초량1동,dong,constructionYear,ho_yr_010,2014년,52.0,52,False
2024,2025-06-30,21050550,부산진구,초읍동,dong,constructionYear,ho_yr_004,2000년~2004년,1415.0,1415,False
2024,2025-06-30,21100600,사하구,장림1동,dong,constructionYear,ho_yr_001,1979년 이전,180.0,180,False
2024,2025-06-30,21080580,북구,덕천3동,dong,constructionYear,ho_yr_009,2013년,60.0,60,False
2024,2025-06-30,21510111,기장군,일광읍,dong,constructionYear,ho_yr_009,2013년,56.0,56,False
2024,2025-06-30,21080520,북구,구포2동,dong,constructionYear,ho_yr_019,2023년,,N/A,True
2024,2025-06-30,21090540,해운대구,중2동,dong,constructionYear,ho_yr_019,2023년,21.0,21,False
2024,2025-06-30,21100590,사하구,신평2동,dong,constructionYear,ho_yr_006,2010년,,N/A,True
2024,2025-06-30,21050660,부산진구,부암3동,dong,constructionYear,ho_yr_014,2018년,,N/A,True
2024,2025-06-30,21130540,연제구,거제4동,dong,constructionYear,ho_yr_006,2010년,37.0,37,False
2024,2025-06-30,21040690,영도구,봉래2동,dong,constructionYear,ho_yr_005,2005년~2009년,,N/A,True
2024,2025-06-30,21510111,기장군,일광읍,dong,constructionYear,ho_yr_012,2016년,31.0,31,False
2024,2025-06-30,21050740,부산진구,개금1동,dong,constructionYear,ho_yr_014,2018년,674.0,674,False
2024,2025-06-30,21070560,남구,대연6동,dong,constructionYear,ho_yr_003,1990년~1999년,203.0,203,False
2024,2025-06-30,21110690,금정구,구서1동,dong,constructionYear,ho_yr_015,2019년,208.0,208,False
2024,2025-06-30,21100510,사하구,괴정1동,dong,constructionYear,ho_yr_006,2010년,,N/A,True
2024,2025-06-30,21090540,해운대구,중2동,dong,constructionYear,ho_yr_007,2011년,,N/A,True
2024,2025-06-30,21140590,수영구,광안4동,dong,constructionYear,ho_yr_017,2021년,32.0,32,False
2024,2025-06-30,21140600,수영구,민락동,dong,constructionYear,ho_yr_008,2012년,83.0,83,False
2024,2025-06-30,21050770,부산진구,범천1동,dong,constructionYear,ho_yr_011,2015년,158.0,158,False
2024,2025-06-30,21120530,강서구,강동동,dong,constructionYear,ho_yr_009,2013년,15.0,15,False
2024,2025-06-30,21090660,해운대구,좌1동,dong,constructionYear,ho_yr_001,1979년 이전,5.0,5,False
2024,2025-06-30,21110610,금정구,장전1동,dong,constructionYear,ho_yr_009,2013년,940.0,940,False
2024,2025-06-30,21130620,연제구,연산8동,dong,constructionYear,ho_yr_007,2011년,,N/A,True
2024,2025-06-30,21070620,남구,감만1동,dong,constructionYear,ho_yr_008,2012년,250.0,250,False
2024,2025-06-30,21140590,수영구,광안4동,dong,constructionYear,ho_yr_003,1990년~1999년,374.0,374,False
2024,2025-06-30,21080590,북구,만덕1동,dong,constructionYear,ho_yr_001,1979년 이전,354.0,354,False
2024,2025-06-30,21510111,기장군,일광읍,dong,constructionYear,ho_yr_001,1979년 이전,483.0,483,False
2024,2025-06-30,21140550,수영구,망미2동,dong,constructionYear,ho_yr_015,2019년,29.0,29,False
2024,2025-06-30,21090660,해운대구,좌1동,dong,constructionYear,ho_yr_018,2022년,,N/A,True
2024,2025-06-30,21130620,연제구,연산8동,dong,constructionYear,ho_yr_009,2013년,22.0,22,False
2024,2025-06-30,21100540,사하구,괴정4동,dong,constructionYear,ho_yr_016,2020년,10.0,10,False
2024,2025-06-30,21140510,수영구,남천1동,dong,constructionYear,ho_yr_018,2022년,933.0,933,False
2024,2025-06-30,21130540,연제구,거제4동,dong,constructionYear,ho_yr_003,1990년~1999년,478.0,478,False
2024,2025-06-30,21030510,동구,초량1동,dong,constructionYear,ho_yr_001,1979년 이전,273.0,273,False
2024,2025-06-30,21070600,남구,용호4동,dong,constructionYear,ho_yr_001,1979년 이전,234.0,234,False
2024,2025-06-30,21050750,부산진구,개금2동,dong,constructionYear,ho_yr_003,1990년~1999년,701.0,701,False
2024,2025-06-30,21100630,사하구,다대2동,dong,constructionYear,ho_yr_003,1990년~1999년,8945.0,8945,False
2024,2025-06-30,21070670,남구,문현2동,dong,constructionYear,ho_yr_001,1979년 이전,582.0,582,False
2024,2025-06-30,21100560,사하구,하단1동,dong,constructionYear,ho_yr_008,2012년,163.0,163,False
2024,2025-06-30,21050680,부산진구,당감2동,dong,constructionYear,ho_yr_007,2011년,13.0,13,False
2024,2025-06-30,21150570,사상구,괘법동,dong,constructionYear,ho_yr_018,2022년,836.0,836,False
2024,2025-06-30,21010590,중구,영주1동,dong,constructionYear,ho_yr_003,1990년~1999년,301.0,301,False
2024,2025-06-30,21140510,수영구,남천1동,dong,constructionYear,ho_yr_010,2014년,123.0,123,False
2024,2025-06-30,21130550,연제구,연산1동,dong,constructionYear,ho_yr_006,2010년,1537.0,1537,False
2024,2025-06-30,21050610,부산진구,전포2동,dong,constructionYear,ho_yr_002,1980년~1989년,407.0,407,False
2024,2025-06-30,21100640,사하구,구평동,dong,constructionYear,ho_yr_009,2013년,396.0,396,False
2024,2025-06-30,21010590,중구,영주1동,dong,constructionYear,ho_yr_011,2015년,63.0,63,False
2024,2025-06-30,21060650,동래구,명륜동,dong,constructionYear,ho_yr_019,2023년,,N/A,True
2024,2025-06-30,21060620,동래구,안락2동,dong,constructionYear,ho_yr_017,2021년,35.0,35,False
2024,2025-06-30,21010570,중구,광복동,dong,constructionYear,ho_yr_002,1980년~1989년,64.0,64,False
2024,2025-06-30,21070700,남구,대연1동,dong,constructionYear,ho_yr_017,2021년,23.0,23,False
2024,2025-06-30,21020640,서구,충무동,dong,constructionYear,ho_yr_006,2010년,,N/A,True
2024,2025-06-30,21060560,동래구,온천2동,dong,constructionYear,ho_yr_014,2018년,,N/A,True
2024,2025-06-30,21510330,기장군,철마면,dong,constructionYear,ho_yr_014,2018년,15.0,15,False
2024,2025-06-30,21130590,연제구,연산5동,dong,constructionYear,ho_yr_003,1990년~1999년,146.0,146,False
2024,2025-06-30,21070610,남구,용당동,dong,constructionYear,ho_yr_006,2010년,,N/A,True
2024,2025-06-30,21510111,기장군,일광읍,dong,constructionYear,ho_yr_017,2021년,40.0,40,False
2024,2025-06-30,21100530,사하구,괴정3동,dong,constructionYear,ho_yr_018,2022년,,N/A,True
2024,2025-06-30,21040650,영도구,동삼1동,dong,constructionYear,ho_yr_001,1979년 이전,427.0,427,False
2024,2025-06-30,21510120,기장군,장안읍,dong,constructionYear,ho_yr_019,2023년,33.0,33,False
2024,2025-06-30,21100550,사하구,당리동,dong,constructionYear,ho_yr_017,2021년,16.0,16,False
2024,2025-06-30,21040670,영도구,동삼3동,dong,constructionYear,ho_yr_011,2015년,,N/A,True
2024,2025-06-30,21100580,사하구,신평1동,dong,constructionYear,ho_yr_016,2020년,8.0,8,False
2024,2025-06-30,21060510,동래구,수민동,dong,constructionYear,ho_yr_003,1990년~1999년,3635.0,3635,False
2024,2025-06-30,21050770,부산진구,범천1동,dong,constructionYear,ho_yr_012,2016년,41.0,41,False
2024,2025-06-30,21090750,해운대구,우3동,dong,constructionYear,ho_yr_007,2011년,3079.0,3079,False
2024,2025-06-30,21100620,사하구,다대1동,dong,constructionYear,ho_yr_002,1980년~1989년,882.0,882,False
2024,2025-06-30,21040670,영도구,동삼3동,dong,constructionYear,ho_yr_013,2017년,10.0,10,False
2024,2025-06-30,21010540,중구,보수동,dong,constructionYear,ho_yr_017,2021년,20.0,20,False
2024,2025-06-30,21070560,남구,대연6동,dong,constructionYear,ho_yr_006,2010년,,N/A,True
2024,2025-06-30,21510110,기장군,기장읍,dong,constructionYear,ho_yr_010,2014년,499.0,499,False
2024,2025-06-30,21070680,남구,문현3동,dong,constructionYear,ho_yr_015,2019년,741.0,741,False
2024,2025-06-30,21120520,강서구,대저2동,dong,constructionYear,ho_yr_005,2005년~2009년,93.0,93,False
2024,2025-06-30,21100640,사하구,구평동,dong,constructionYear,ho_yr_001,1979년 이전,113.0,113,False
2024,2025-06-30,21060570,동래구,온천3동,dong,constructionYear,ho_yr_014,2018년,916.0,916,False
2024,2025-06-30,21130580,연제구,연산4동,dong,constructionYear,ho_yr_015,2019년,75.0,75,False
2024,2025-06-30,21110610,금정구,장전1동,dong,constructionYear,ho_yr_018,2022년,,N/A,True
2024,2025-06-30,21020560,서구,서대신3동,dong,constructionYear,ho_yr_008,2012년,16.0,16,False
2024,2025-06-30,21080600,북구,만덕2동,dong,constructionYear,ho_yr_014,2018년,,N/A,True
2024,2025-06-30,21100550,사하구,당리동,dong,constructionYear,ho_yr_019,2023년,,N/A,True
2024,2025-06-30,21100520,사하구,괴정2동,dong,constructionYear,ho_yr_010,2014년,8.0,8,False
2024,2025-06-30,21100570,사하구,하단2동,dong,constructionYear,ho_yr_002,1980년~1989년,1951.0,1951,False
2024,2025-06-30,21030700,동구,좌천동,dong,constructionYear,ho_yr_016,2020년,31.0,31,False
2024,2025-06-30,21140530,수영구,수영동,dong,constructionYear,ho_yr_010,2014년,428.0,428,False
2024,2025-06-30,21130580,연제구,연산4동,dong,constructionYear,ho_yr_002,1980년~1989년,532.0,532,False
2024,2025-06-30,21020570,서구,서대신4동,dong,constructionYear,ho_yr_016,2020년,28.0,28,False
2024,2025-06-30,21060580,동래구,사직1동,dong,constructionYear,ho_yr_018,2022년,13.0,13,False
2024,2025-06-30,21140560,수영구,광안1동,dong,constructionYear,ho_yr_010,2014년,320.0,320,False
2024,2025-06-30,21060620,동래구,안락2동,dong,constructionYear,ho_yr_006,2010년,,N/A,True
2024,2025-06-30,21060610,동래구,안락1동,dong,constructionYear,ho_yr_018,2022년,77.0,77,False
2024,2025-06-30,21510130,기장군,정관읍,dong,constructionYear,ho_yr_019,2023년,,N/A,True
2024,2025-06-30,21090580,해운대구,반여2동,dong,constructionYear,ho_yr_003,1990년~1999년,3684.0,3684,False
2024,2025-06-30,21130630,연제구,연산9동,dong,constructionYear,ho_yr_011,2015년,570.0,570,False
2024,2025-06-30,21090660,해운대구,좌1동,dong,constructionYear,ho_yr_002,1980년~1989년,,N/A,True
2024,2025-06-30,21030510,동구,초량1동,dong,constructionYear,ho_yr_002,1980년~1989년,374.0,374,False
2024,2025-06-30,21150570,사상구,괘법동,dong,constructionYear,ho_yr_013,2017년,84.0,84,False
2024,2025-06-30,21040590,영도구,봉래1동,dong,constructionYear,ho_yr_012,2016년,9.0,9,False
2024,2025-06-30,21050680,부산진구,당감2동,dong,constructionYear,ho_yr_002,1980년~1989년,110.0,110,False
2024,2025-06-30,21050640,부산진구,부암1동,dong,constructionYear,ho_yr_011,2015년,9.0,9,False
2024,2025-06-30,21080620,북구,화명2동,dong,constructionYear,ho_yr_013,2017년,,N/A,True
2024,2025-06-30,21040540,영도구,영선1동,dong,constructionYear,ho_yr_016,2020년,49.0,49,False
2024,2025-06-30,21060630,동래구,명장1동,dong,constructionYear,ho_yr_009,2013년,30.0,30,False
2024,2025-06-30,21110680,금정구,남산동,dong,constructionYear,ho_yr_010,2014년,491.0,491,False
2024,2025-06-30,21060640,동래구,명장2동,dong,constructionYear,ho_yr_003,1990년~1999년,1304.0,1304,False
2024,2025-06-30,21140570,수영구,광안2동,dong,constructionYear,ho_yr_017,2021년,255.0,255,False
2024,2025-06-30,21110640,금정구,선두구동,dong,constructionYear,ho_yr_001,1979년 이전,192.0,192,False
2024,2025-06-30,21050800,부산진구,당감1동,dong,constructionYear,ho_yr_008,2012년,12.0,12,False
2024,2025-06-30,21060620,동래구,안락2동,dong,constructionYear,ho_yr_008,2012년,67.0,67,False
2024,2025-06-30,21060600,동래구,사직3동,dong,constructionYear,ho_yr_011,2015년,52.0,52,False
2024,2025-06-30,21130600,연제구,연산6동,dong,constructionYear,ho_yr_001,1979년 이전,1074.0,1074,False
2024,2025-06-30,21030530,동구,초량3동,dong,constructionYear,ho_yr_016,2020년,803.0,803,False
2024,2025-06-30,21150550,사상구,덕포1동,dong,constructionYear,ho_yr_019,2023년,1572.0,1572,False
2024,2025-06-30,21080600,북구,만덕2동,dong,constructionYear,ho_yr_015,2019년,,N/A,True
2024,2025-06-30,21110690,금정구,구서1동,dong,constructionYear,ho_yr_005,2005년~2009년,233.0,233,False
2024,2025-06-30,21090620,해운대구,반송2동,dong,constructionYear,ho_yr_004,2000년~2004년,405.0,405,False
2024,2025-06-30,21140550,수영구,망미2동,dong,constructionYear,ho_yr_008,2012년,26.0,26,False
2024,2025-06-30,21090650,해운대구,재송2동,dong,constructionYear,ho_yr_005,2005년~2009년,1191.0,1191,False
2024,2025-06-30,21510330,기장군,철마면,dong,constructionYear,ho_yr_020,2024년,5.0,5,False
2024,2025-06-30,21060600,동래구,사직3동,dong,constructionYear,ho_yr_017,2021년,87.0,87,False
2024,2025-06-30,21090660,해운대구,좌1동,dong,constructionYear,ho_yr_013,2017년,,N/A,True
2024,2025-06-30,21020590,서구,부민동,dong,constructionYear,ho_yr_020,2024년,80.0,80,False
2024,2025-06-30,21140540,수영구,망미1동,dong,constructionYear,ho_yr_002,1980년~1989년,1454.0,1454,False
2024,2025-06-30,21070600,남구,용호4동,dong,constructionYear,ho_yr_003,1990년~1999년,872.0,872,False
2024,2025-06-30,21030510,동구,초량1동,dong,constructionYear,ho_yr_009,2013년,117.0,117,False
2024,2025-06-30,21060510,동래구,수민동,dong,constructionYear,ho_yr_008,2012년,140.0,140,False
2024,2025-06-30,21100520,사하구,괴정2동,dong,constructionYear,ho_yr_005,2005년~2009년,447.0,447,False
2024,2025-06-30,21050700,부산진구,당감4동,dong,constructionYear,ho_yr_004,2000년~2004년,102.0,102,False
2024,2025-06-30,21100600,사하구,장림1동,dong,constructionYear,ho_yr_020,2024년,639.0,639,False
2024,2025-06-30,21050680,부산진구,당감2동,dong,constructionYear,ho_yr_018,2022년,,N/A,True
2024,2025-06-30,21060580,동래구,사직1동,dong,constructionYear,ho_yr_005,2005년~2009년,261.0,261,False
2024,2025-06-30,21060560,동래구,온천2동,dong,constructionYear,ho_yr_018,2022년,3698.0,3698,False
2024,2025-06-30,21040640,영도구,청학2동,dong,constructionYear,ho_yr_003,1990년~1999년,1747.0,1747,False
2024,2025-06-30,21100590,사하구,신평2동,dong,constructionYear,ho_yr_013,2017년,,N/A,True
2024,2025-06-30,21010540,중구,보수동,dong,constructionYear,ho_yr_015,2019년,132.0,132,False
2024,2025-06-30,21510110,기장군,기장읍,dong,constructionYear,ho_yr_002,1980년~1989년,479.0,479,False
2024,2025-06-30,21100530,사하구,괴정3동,dong,constructionYear,ho_yr_010,2014년,26.0,26,False
2024,2025-06-30,21090530,해운대구,중1동,dong,constructionYear,ho_yr_016,2020년,950.0,950,False
2024,2025-06-30,21020540,서구,서대신1동,dong,constructionYear,ho_yr_003,1990년~1999년,471.0,471,False
2024,2025-06-30,21100540,사하구,괴정4동,dong,constructionYear,ho_yr_001,1979년 이전,656.0,656,False
2024,2025-06-30,21050610,부산진구,전포2동,dong,constructionYear,ho_yr_016,2020년,36.0,36,False
2024,2025-06-30,21020520,서구,동대신2동,dong,constructionYear,ho_yr_012,2016년,7.0,7,False
2024,2025-06-30,21050760,부산진구,개금3동,dong,constructionYear,ho_yr_001,1979년 이전,256.0,256,False
2024,2025-06-30,21070690,남구,문현4동,dong,constructionYear,ho_yr_003,1990년~1999년,977.0,977,False
2024,2025-06-30,21050660,부산진구,부암3동,dong,constructionYear,ho_yr_013,2017년,,N/A,True
2024,2025-06-30,21050740,부산진구,개금1동,dong,constructionYear,ho_yr_009,2013년,579.0,579,False
2024,2025-06-30,21050700,부산진구,당감4동,dong,constructionYear,ho_yr_018,2022년,35.0,35,False
2024,2025-06-30,21100510,사하구,괴정1동,dong,constructionYear,ho_yr_012,2016년,416.0,416,False
2024,2025-06-30,21050640,부산진구,부암1동,dong,constructionYear,ho_yr_009,2013년,33.0,33,False
2024,2025-06-30,21100650,사하구,감천1동,dong,constructionYear,ho_yr_006,2010년,16.0,16,False
2024,2025-06-30,21050760,부산진구,개금3동,dong,constructionYear,ho_yr_019,2023년,8.0,8,False
2024,2025-06-30,21060640,동래구,명장2동,dong,constructionYear,ho_yr_008,2012년,39.0,39,False
2024,2025-06-30,21080510,북구,구포1동,dong,constructionYear,ho_yr_011,2015년,152.0,152,False
2024,2025-06-30,21510120,기장군,장안읍,dong,constructionYear,ho_yr_018,2022년,452.0,452,False
2024,2025-06-30,21130540,연제구,거제4동,dong,constructionYear,ho_yr_017,2021년,9.0,9,False
2024,2025-06-30,21060630,동래구,명장1동,dong,constructionYear,ho_yr_011,2015년,28.0,28,False
2024,2025-06-30,21140590,수영구,광안4동,dong,constructionYear,ho_yr_012,2016년,83.0,83,False
2024,2025-06-30,21130510,연제구,거제1동,dong,constructionYear,ho_yr_012,2016년,6.0,6,False
2024,2025-06-30,21070570,남구,용호1동,dong,constructionYear,ho_yr_014,2018년,1488.0,1488,False
2024,2025-06-30,21060580,동래구,사직1동,dong,constructionYear,ho_yr_002,1980년~1989년,332.0,332,False
2024,2025-06-30,21040530,영도구,남항동,dong,constructionYear,ho_yr_013,2017년,54.0,54,False
2024,2025-06-30,21150610,사상구,주례2동,dong,constructionYear,ho_yr_009,2013년,238.0,238,False
2024,2025-06-30,21010530,중구,대청동,dong,constructionYear,ho_yr_003,1990년~1999년,1077.0,1077,False
2024,2025-06-30,21150570,사상구,괘법동,dong,constructionYear,ho_yr_008,2012년,89.0,89,False
2024,2025-06-30,21080530,북구,구포3동,dong,constructionYear,ho_yr_001,1979년 이전,,N/A,True
2024,2025-06-30,21090690,해운대구,좌4동,dong,constructionYear,ho_yr_011,2015년,,N/A,True
2024,2025-06-30,21120530,강서구,강동동,dong,constructionYear,ho_yr_003,1990년~1999년,229.0,229,False
2024,2025-06-30,21130510,연제구,거제1동,dong,constructionYear,ho_yr_001,1979년 이전,439.0,439,False
2024,2025-06-30,21110680,금정구,남산동,dong,constructionYear,ho_yr_015,2019년,76.0,76,False
2024,2025-06-30,21090650,해운대구,재송2동,dong,constructionYear,ho_yr_010,2014년,26.0,26,False
2024,2025-06-30,21080570,북구,덕천2동,dong,constructionYear,ho_yr_020,2024년,107.0,107,False
2024,2025-06-30,21130510,연제구,거제1동,dong,constructionYear,ho_yr_002,1980년~1989년,806.0,806,False
2024,2025-06-30,21130540,연제구,거제4동,dong,constructionYear,ho_yr_012,2016년,30.0,30,False
2024,2025-06-30,21060510,동래구,수민동,dong,constructionYear,ho_yr_011,2015년,77.0,77,False
2024,2025-06-30,21050520,부산진구,부전2동,dong,constructionYear,ho_yr_003,1990년~1999년,741.0,741,False
2024,2025-06-30,21140550,수영구,망미2동,dong,constructionYear,ho_yr_009,2013년,25.0,25,False
2024,2025-06-30,21030680,동구,범일5동,dong,constructionYear,ho_yr_014,2018년,609.0,609,False
2024,2025-06-30,21100580,사하구,신평1동,dong,constructionYear,ho_yr_009,2013년,60.0,60,False
2024,2025-06-30,21110640,금정구,선두구동,dong,constructionYear,ho_yr_008,2012년,29.0,29,False
2024,2025-06-30,21090660,해운대구,좌1동,dong,constructionYear,ho_yr_010,2014년,7.0,7,False
2024,2025-06-30,21150550,사상구,덕포1동,dong,constructionYear,ho_yr_014,2018년,15.0,15,False
2024,2025-06-30,21040590,영도구,봉래1동,dong,constructionYear,ho_yr_008,2012년,95.0,95,False
2024,2025-06-30,21050560,부산진구,양정1동,dong,constructionYear,ho_yr_003,1990년~1999년,3761.0,3761,False
2024,2025-06-30,21010590,중구,영주1동,dong,constructionYear,ho_yr_014,2018년,33.0,33,False
2024,2025-06-30,21080540,북구,금곡동,dong,constructionYear,ho_yr_012,2016년,,N/A,True
2024,2025-06-30,21050800,부산진구,당감1동,dong,constructionYear,ho_yr_011,2015년,10.0,10,False
2024,2025-06-30,21140580,수영구,광안3동,dong,constructionYear,ho_yr_017,2021년,34.0,34,False
2024,2025-06-30,21110590,금정구,부곡3동,dong,constructionYear,ho_yr_008,2012년,116.0,116,False
2024,2025-06-30,21030550,동구,초량6동,dong,constructionYear,ho_yr_005,2005년~2009년,51.0,51,False
2024,2025-06-30,21070660,남구,문현1동,dong,constructionYear,ho_yr_014,2018년,,N/A,True
2024,2025-06-30,21050520,부산진구,부전2동,dong,constructionYear,ho_yr_007,2011년,1248.0,1248,False
2024,2025-06-30,21090730,해운대구,우1동,dong,constructionYear,ho_yr_013,2017년,70.0,70,False
2024,2025-06-30,21070710,남구,우암동,dong,constructionYear,ho_yr_003,1990년~1999년,2593.0,2593,False
2024,2025-06-30,21140590,수영구,광안4동,dong,constructionYear,ho_yr_016,2020년,993.0,993,False
2024,2025-06-30,21030570,동구,수정2동,dong,constructionYear,ho_yr_007,2011년,9.0,9,False
2024,2025-06-30,21050810,부산진구,가야1동,dong,constructionYear,ho_yr_009,2013년,85.0,85,False
2024,2025-06-30,21090620,해운대구,반송2동,dong,constructionYear,ho_yr_011,2015년,21.0,21,False
2024,2025-06-30,21090560,해운대구,송정동,dong,constructionYear,ho_yr_017,2021년,29.0,29,False
2024,2025-06-30,21090650,해운대구,재송2동,dong,constructionYear,ho_yr_017,2021년,14.0,14,False
2024,2025-06-30,21110640,금정구,선두구동,dong,constructionYear,ho_yr_012,2016년,30.0,30,False
2024,2025-06-30,21050760,부산진구,개금3동,dong,constructionYear,ho_yr_013,2017년,,N/A,True
2024,2025-06-30,21030700,동구,좌천동,dong,constructionYear,ho_yr_008,2012년,67.0,67,False
2024,2025-06-30,21060610,동래구,안락1동,dong,constructionYear,ho_yr_020,2024년,,N/A,True
2024,2025-06-30,21060640,동래구,명장2동,dong,constructionYear,ho_yr_017,2021년,37.0,37,False
2024,2025-06-30,21020640,서구,충무동,dong,constructionYear,ho_yr_017,2021년,22.0,22,False
2024,2025-06-30,21510330,기장군,철마면,dong,constructionYear,ho_yr_011,2015년,25.0,25,False
2024,2025-06-30,21070660,남구,문현1동,dong,constructionYear,ho_yr_010,2014년,13.0,13,False
2024,2025-06-30,21120562,강서구,신호동,dong,constructionYear,ho_yr_015,2019년,10.0,10,False
2024,2025-06-30,21110610,금정구,장전1동,dong,constructionYear,ho_yr_012,2016년,123.0,123,False
2024,2025-06-30,21120590,강서구,명지1동,dong,constructionYear,ho_yr_019,2023년,14.0,14,False
2024,2025-06-30,21100540,사하구,괴정4동,dong,constructionYear,ho_yr_002,1980년~1989년,1089.0,1089,False
2024,2025-06-30,21030710,동구,범일1동,dong,constructionYear,ho_yr_003,1990년~1999년,1209.0,1209,False
2024,2025-06-30,21130620,연제구,연산8동,dong,constructionYear,ho_yr_016,2020년,27.0,27,False
2024,2025-06-30,21030710,동구,범일1동,dong,constructionYear,ho_yr_006,2010년,,N/A,True
2024,2025-06-30,21080570,북구,덕천2동,dong,constructionYear,ho_yr_011,2015년,5.0,5,False
2024,2025-06-30,21150560,사상구,덕포2동,dong,constructionYear,ho_yr_006,2010년,45.0,45,False
2024,2025-06-30,21070660,남구,문현1동,dong,constructionYear,ho_yr_015,2019년,15.0,15,False
2024,2025-06-30,21050720,부산진구,가야2동,dong,constructionYear,ho_yr_016,2020년,214.0,214,False
2024,2025-06-30,21030660,동구,범일2동,dong,constructionYear,ho_yr_005,2005년~2009년,654.0,654,False
2024,2025-06-30,21120590,강서구,명지1동,dong,constructionYear,ho_yr_011,2015년,2482.0,2482,False
2024,2025-06-30,21100570,사하구,하단2동,dong,constructionYear,ho_yr_016,2020년,76.0,76,False
2024,2025-06-30,21140600,수영구,민락동,dong,constructionYear,ho_yr_019,2023년,165.0,165,False
2024,2025-06-30,21050680,부산진구,당감2동,dong,constructionYear,ho_yr_008,2012년,15.0,15,False
2024,2025-06-30,21140520,수영구,남천2동,dong,constructionYear,ho_yr_002,1980년~1989년,2057.0,2057,False
2024,2025-06-30,21140570,수영구,광안2동,dong,constructionYear,ho_yr_001,1979년 이전,543.0,543,False
2024,2025-06-30,21110520,금정구,서2동,dong,constructionYear,ho_yr_015,2019년,,N/A,True
2024,2025-06-30,21070670,남구,문현2동,dong,constructionYear,ho_yr_011,2015년,64.0,64,False
2024,2025-06-30,21030600,동구,수정5동,dong,constructionYear,ho_yr_011,2015년,31.0,31,False
2024,2025-06-30,21090620,해운대구,반송2동,dong,constructionYear,ho_yr_014,2018년,29.0,29,False
2024,2025-06-30,21020590,서구,부민동,dong,constructionYear,ho_yr_013,2017년,136.0,136,False
2024,2025-06-30,21100560,사하구,하단1동,dong,constructionYear,ho_yr_001,1979년 이전,311.0,311,False
2024,2025-06-30,21070610,남구,용당동,dong,constructionYear,ho_yr_017,2021년,,N/A,True
2024,2025-06-30,21110690,금정구,구서1동,dong,constructionYear,ho_yr_010,2014년,,N/A,True
2024,2025-06-30,21030660,동구,범일2동,dong,constructionYear,ho_yr_015,2019년,18.0,18,False
2024,2025-06-30,21100530,사하구,괴정3동,dong,constructionYear,ho_yr_011,2015년,189.0,189,False
2024,2025-06-30,21020510,서구,동대신1동,dong,constructionYear,ho_yr_014,2018년,57.0,57,False
2024,2025-06-30,21510111,기장군,일광읍,dong,constructionYear,ho_yr_015,2019년,32.0,32,False
2024,2025-06-30,21020680,서구,암남동,dong,constructionYear,ho_yr_014,2018년,,N/A,True
2024,2025-06-30,21050700,부산진구,당감4동,dong,constructionYear,ho_yr_003,1990년~1999년,2621.0,2621,False
2024,2025-06-30,21020640,서구,충무동,dong,constructionYear,ho_yr_015,2019년,39.0,39,False
2024,2025-06-30,21110740,금정구,장전2동,dong,constructionYear,ho_yr_009,2013년,30.0,30,False
2024,2025-06-30,21130560,연제구,연산2동,dong,constructionYear,ho_yr_004,2000년~2004년,559.0,559,False
2024,2025-06-30,21070620,남구,감만1동,dong,constructionYear,ho_yr_003,1990년~1999년,1565.0,1565,False
2024,2025-06-30,21130590,연제구,연산5동,dong,constructionYear,ho_yr_013,2017년,298.0,298,False
2024,2025-06-30,21070700,남구,대연1동,dong,constructionYear,ho_yr_018,2022년,166.0,166,False
2024,2025-06-30,21010580,중구,남포동,dong,constructionYear,ho_yr_002,1980년~1989년,35.0,35,False
2024,2025-06-30,21080600,북구,만덕2동,dong,constructionYear,ho_yr_001,1979년 이전,13.0,13,False
2024,2025-06-30,21510330,기장군,철마면,dong,constructionYear,ho_yr_006,2010년,1037.0,1037,False
2024,2025-06-30,21510120,기장군,장안읍,dong,constructionYear,ho_yr_016,2020년,52.0,52,False
2024,2025-06-30,21080570,북구,덕천2동,dong,constructionYear,ho_yr_015,2019년,260.0,260,False
2024,2025-06-30,21110670,금정구,청룡노포동,dong,constructionYear,ho_yr_005,2005년~2009년,227.0,227,False
2024,2025-06-30,21110740,금정구,장전2동,dong,constructionYear,ho_yr_005,2005년~2009년,6.0,6,False
2024,2025-06-30,21140530,수영구,수영동,dong,constructionYear,ho_yr_018,2022년,130.0,130,False
2024,2025-06-30,21060630,동래구,명장1동,dong,constructionYear,ho_yr_003,1990년~1999년,909.0,909,False
2024,2025-06-30,21130620,연제구,연산8동,dong,constructionYear,ho_yr_011,2015년,1776.0,1776,False
2024,2025-06-30,21090680,해운대구,좌3동,dong,constructionYear,ho_yr_017,2021년,,N/A,True
2024,2025-06-30,21100560,사하구,하단1동,dong,constructionYear,ho_yr_011,2015년,80.0,80,False
2024,2025-06-30,21110710,금정구,금성동,dong,constructionYear,ho_yr_008,2012년,13.0,13,False
2024,2025-06-30,21120550,강서구,가락동,dong,constructionYear,ho_yr_015,2019년,,N/A,True
2024,2025-06-30,21110510,금정구,서1동,dong,constructionYear,ho_yr_013,2017년,,N/A,True
2024,2025-06-30,21120562,강서구,신호동,dong,constructionYear,ho_yr_012,2016년,39.0,39,False
2024,2025-06-30,21020630,서구,초장동,dong,constructionYear,ho_yr_002,1980년~1989년,380.0,380,False
2024,2025-06-30,21060550,동래구,온천1동,dong,constructionYear,ho_yr_010,2014년,161.0,161,False
2024,2025-06-30,21050680,부산진구,당감2동,dong,constructionYear,ho_yr_015,2019년,508.0,508,False
2024,2025-06-30,21140530,수영구,수영동,dong,constructionYear,ho_yr_012,2016년,14.0,14,False
2024,2025-06-30,21030510,동구,초량1동,dong,constructionYear,ho_yr_014,2018년,42.0,42,False
2024,2025-06-30,21070610,남구,용당동,dong,constructionYear,ho_yr_010,2014년,,N/A,True
2024,2025-06-30,21130600,연제구,연산6동,dong,constructionYear,ho_yr_013,2017년,214.0,214,False
2024,2025-06-30,21150510,사상구,삼락동,dong,constructionYear,ho_yr_003,1990년~1999년,737.0,737,False
2024,2025-06-30,21070680,남구,문현3동,dong,constructionYear,ho_yr_010,2014년,61.0,61,False
2024,2025-06-30,21120520,강서구,대저2동,dong,constructionYear,ho_yr_013,2017년,23.0,23,False
2024,2025-06-30,21040630,영도구,청학1동,dong,constructionYear,ho_yr_002,1980년~1989년,374.0,374,False
2024,2025-06-30,21060590,동래구,사직2동,dong,constructionYear,ho_yr_005,2005년~2009년,3372.0,3372,False
2024,2025-06-30,21060650,동래구,명륜동,dong,constructionYear,ho_yr_012,2016년,,N/A,True
2024,2025-06-30,21060560,동래구,온천2동,dong,constructionYear,ho_yr_012,2016년,17.0,17,False
2024,2025-06-30,21140540,수영구,망미1동,dong,constructionYear,ho_yr_010,2014년,65.0,65,False
2024,2025-06-30,21100550,사하구,당리동,dong,constructionYear,ho_yr_002,1980년~1989년,2486.0,2486,False
2024,2025-06-30,21040530,영도구,남항동,dong,constructionYear,ho_yr_014,2018년,83.0,83,False
2024,2025-06-30,21140540,수영구,망미1동,dong,constructionYear,ho_yr_018,2022년,18.0,18,False
2024,2025-06-30,21050810,부산진구,가야1동,dong,constructionYear,ho_yr_008,2012년,270.0,270,False
2024,2025-06-30,21100640,사하구,구평동,dong,constructionYear,ho_yr_002,1980년~1989년,304.0,304,False
2024,2025-06-30,21110740,금정구,장전2동,dong,constructionYear,ho_yr_008,2012년,1645.0,1645,False
2024,2025-06-30,21070590,남구,용호3동,dong,constructionYear,ho_yr_002,1980년~1989년,1008.0,1008,False
2024,2025-06-30,21150550,사상구,덕포1동,dong,constructionYear,ho_yr_012,2016년,71.0,71,False
2024,2025-06-30,21030600,동구,수정5동,dong,constructionYear,ho_yr_013,2017년,,N/A,True
2024,2025-06-30,21110740,금정구,장전2동,dong,constructionYear,ho_yr_017,2021년,6.0,6,False
2024,2025-06-30,21100560,사하구,하단1동,dong,constructionYear,ho_yr_010,2014년,203.0,203,False
2024,2025-06-30,21090700,해운대구,반여1동,dong,constructionYear,ho_yr_013,2017년,,N/A,True
2024,2025-06-30,21010600,중구,영주2동,dong,constructionYear,ho_yr_009,2013년,67.0,67,False
2024,2025-06-30,21110640,금정구,선두구동,dong,constructionYear,ho_yr_010,2014년,22.0,22,False
2024,2025-06-30,21050830,부산진구,전포1동,dong,constructionYear,ho_yr_009,2013년,425.0,425,False
2024,2025-06-30,21020650,서구,남부민1동,dong,constructionYear,ho_yr_001,1979년 이전,387.0,387,False
2024,2025-06-30,21140560,수영구,광안1동,dong,constructionYear,ho_yr_009,2013년,267.0,267,False
2024,2025-06-30,21140560,수영구,광안1동,dong,constructionYear,ho_yr_015,2019년,150.0,150,False
2024,2025-06-30,21060510,동래구,수민동,dong,constructionYear,ho_yr_002,1980년~1989년,2357.0,2357,False
2024,2025-06-30,21070660,남구,문현1동,dong,constructionYear,ho_yr_008,2012년,24.0,24,False
2024,2025-06-30,21100550,사하구,당리동,dong,constructionYear,ho_yr_014,2018년,68.0,68,False
2024,2025-06-30,21510330,기장군,철마면,dong,constructionYear,ho_yr_009,2013년,17.0,17,False
2024,2025-06-30,21060580,동래구,사직1동,dong,constructionYear,ho_yr_016,2020년,45.0,45,False
2024,2025-06-30,21070530,남구,대연3동,dong,constructionYear,ho_yr_002,1980년~1989년,318.0,318,False
2024,2025-06-30,21100610,사하구,장림2동,dong,constructionYear,ho_yr_014,2018년,418.0,418,False
2024,2025-06-30,21080610,북구,만덕3동,dong,constructionYear,ho_yr_003,1990년~1999년,5888.0,5888,False
2024,2025-06-30,21090700,해운대구,반여1동,dong,constructionYear,ho_yr_014,2018년,,N/A,True
2024,2025-06-30,21030710,동구,범일1동,dong,constructionYear,ho_yr_001,1979년 이전,759.0,759,False
2024,2025-06-30,21100560,사하구,하단1동,dong,constructionYear,ho_yr_014,2018년,92.0,92,False
2024,2025-06-30,21080590,북구,만덕1동,dong,constructionYear,ho_yr_018,2022년,,N/A,True
2024,2025-06-30,21080630,북구,화명3동,dong,constructionYear,ho_yr_015,2019년,,N/A,True
2024,2025-06-30,21100540,사하구,괴정4동,dong,constructionYear,ho_yr_007,2011년,20.0,20,False
2024,2025-06-30,21110690,금정구,구서1동,dong,constructionYear,ho_yr_004,2000년~2004년,1293.0,1293,False
2024,2025-06-30,21130510,연제구,거제1동,dong,constructionYear,ho_yr_014,2018년,823.0,823,False
2024,2025-06-30,21040660,영도구,동삼2동,dong,constructionYear,ho_yr_007,2011년,21.0,21,False
2024,2025-06-30,21060640,동래구,명장2동,dong,constructionYear,ho_yr_010,2014년,25.0,25,False
2024,2025-06-30,21060550,동래구,온천1동,dong,constructionYear,ho_yr_007,2011년,129.0,129,False
2024,2025-06-30,21150540,사상구,모라3동,dong,constructionYear,ho_yr_004,2000년~2004년,7.0,7,False
2024,2025-06-30,21120520,강서구,대저2동,dong,constructionYear,ho_yr_001,1979년 이전,264.0,264,False
2024,2025-06-30,21060550,동래구,온천1동,dong,constructionYear,ho_yr_014,2018년,364.0,364,False
2024,2025-06-30,21050770,부산진구,범천1동,dong,constructionYear,ho_yr_004,2000년~2004년,690.0,690,False
2024,2025-06-30,21020530,서구,동대신3동,dong,constructionYear,ho_yr_019,2023년,8.0,8,False
2024,2025-06-30,21060570,동래구,온천3동,dong,constructionYear,ho_yr_016,2020년,616.0,616,False
2024,2025-06-30,21140510,수영구,남천1동,dong,constructionYear,ho_yr_012,2016년,94.0,94,False
2024,2025-06-30,21050770,부산진구,범천1동,dong,constructionYear,ho_yr_002,1980년~1989년,617.0,617,False
2024,2025-06-30,21090710,해운대구,반여4동,dong,constructionYear,ho_yr_016,2020년,,N/A,True
2024,2025-06-30,21100550,사하구,당리동,dong,constructionYear,ho_yr_013,2017년,394.0,394,False
2024,2025-06-30,21090740,해운대구,우2동,dong,constructionYear,ho_yr_011,2015년,5.0,5,False
2024,2025-06-30,21070620,남구,감만1동,dong,constructionYear,ho_yr_012,2016년,98.0,98,False
2024,2025-06-30,21030590,동구,수정4동,dong,constructionYear,ho_yr_004,2000년~2004년,48.0,48,False
2024,2025-06-30,21010510,중구,중앙동,dong,constructionYear,ho_yr_002,1980년~1989년,38.0,38,False
2024,2025-06-30,21080570,북구,덕천2동,dong,constructionYear,ho_yr_013,2017년,48.0,48,False
2024,2025-06-30,21040530,영도구,남항동,dong,constructionYear,ho_yr_010,2014년,107.0,107,False
2024,2025-06-30,21010520,중구,동광동,dong,constructionYear,ho_yr_013,2017년,,N/A,True
2024,2025-06-30,21010540,중구,보수동,dong,constructionYear,ho_yr_010,2014년,138.0,138,False
2024,2025-06-30,21070560,남구,대연6동,dong,constructionYear,ho_yr_007,2011년,15.0,15,False
2024,2025-06-30,21060620,동래구,안락2동,dong,constructionYear,ho_yr_015,2019년,16.0,16,False
2024,2025-06-30,21110730,금정구,금사회동동,dong,constructionYear,ho_yr_005,2005년~2009년,6.0,6,False
2024,2025-06-30,21130590,연제구,연산5동,dong,constructionYear,ho_yr_009,2013년,380.0,380,False
2024,2025-06-30,21510130,기장군,정관읍,dong,constructionYear,ho_yr_001,1979년 이전,146.0,146,False
2024,2025-06-30,21040640,영도구,청학2동,dong,constructionYear,ho_yr_005,2005년~2009년,765.0,765,False
2024,2025-06-30,21100550,사하구,당리동,dong,constructionYear,ho_yr_012,2016년,27.0,27,False
2024,2025-06-30,21140580,수영구,광안3동,dong,constructionYear,ho_yr_005,2005년~2009년,289.0,289,False
2024,2025-06-30,21040530,영도구,남항동,dong,constructionYear,ho_yr_005,2005년~2009년,48.0,48,False
2024,2025-06-30,21070590,남구,용호3동,dong,constructionYear,ho_yr_003,1990년~1999년,1960.0,1960,False
2024,2025-06-30,21080590,북구,만덕1동,dong,constructionYear,ho_yr_002,1980년~1989년,236.0,236,False
2024,2025-06-30,21070660,남구,문현1동,dong,constructionYear,ho_yr_018,2022년,13.0,13,False
2024,2025-06-30,21070530,남구,대연3동,dong,constructionYear,ho_yr_019,2023년,1434.0,1434,False
2024,2025-06-30,21120562,강서구,신호동,dong,constructionYear,ho_yr_010,2014년,3385.0,3385,False
2024,2025-06-30,21040630,영도구,청학1동,dong,constructionYear,ho_yr_016,2020년,6.0,6,False
2024,2025-06-30,21040660,영도구,동삼2동,dong,constructionYear,ho_yr_005,2005년~2009년,143.0,143,False
2024,2025-06-30,21110700,금정구,구서2동,dong,constructionYear,ho_yr_019,2023년,9.0,9,False
2024,2025-06-30,21510130,기장군,정관읍,dong,constructionYear,ho_yr_016,2020년,7.0,7,False
2024,2025-06-30,21100640,사하구,구평동,dong,constructionYear,ho_yr_004,2000년~2004년,58.0,58,False
2024,2025-06-30,21020690,서구,남부민2동,dong,constructionYear,ho_yr_005,2005년~2009년,,N/A,True
2024,2025-06-30,21100560,사하구,하단1동,dong,constructionYear,ho_yr_005,2005년~2009년,26.0,26,False
2024,2025-06-30,21040650,영도구,동삼1동,dong,constructionYear,ho_yr_019,2023년,1156.0,1156,False
2024,2025-06-30,21070530,남구,대연3동,dong,constructionYear,ho_yr_020,2024년,29.0,29,False
2024,2025-06-30,21030560,동구,수정1동,dong,constructionYear,ho_yr_016,2020년,,N/A,True
2024,2025-06-30,21100580,사하구,신평1동,dong,constructionYear,ho_yr_003,1990년~1999년,1694.0,1694,False
2024,2025-06-30,21070700,남구,대연1동,dong,constructionYear,ho_yr_009,2013년,199.0,199,False
2024,2025-06-30,21100550,사하구,당리동,dong,constructionYear,ho_yr_006,2010년,12.0,12,False
2024,2025-06-30,21010600,중구,영주2동,dong,constructionYear,ho_yr_015,2019년,8.0,8,False
2024,2025-06-30,21110580,금정구,부곡2동,dong,constructionYear,ho_yr_013,2017년,70.0,70,False
2024,2025-06-30,21050700,부산진구,당감4동,dong,constructionYear,ho_yr_010,2014년,12.0,12,False
2024,2025-06-30,21130580,연제구,연산4동,dong,constructionYear,ho_yr_009,2013년,56.0,56,False
2024,2025-06-30,21090540,해운대구,중2동,dong,constructionYear,ho_yr_010,2014년,48.0,48,False
2024,2025-06-30,21100550,사하구,당리동,dong,constructionYear,ho_yr_009,2013년,601.0,601,False
2024,2025-06-30,21510111,기장군,일광읍,dong,constructionYear,ho_yr_014,2018년,64.0,64,False
2024,2025-06-30,21130620,연제구,연산8동,dong,constructionYear,ho_yr_008,2012년,46.0,46,False
2024,2025-06-30,21030560,동구,수정1동,dong,constructionYear,ho_yr_013,2017년,49.0,49,False
2024,2025-06-30,21090710,해운대구,반여4동,dong,constructionYear,ho_yr_015,2019년,524.0,524,False
2024,2025-06-30,21120530,강서구,강동동,dong,constructionYear,ho_yr_017,2021년,11.0,11,False
2024,2025-06-30,21080560,북구,덕천1동,dong,constructionYear,ho_yr_016,2020년,,N/A,True
2024,2025-06-30,21080600,북구,만덕2동,dong,constructionYear,ho_yr_009,2013년,29.0,29,False
2024,2025-06-30,21020630,서구,초장동,dong,constructionYear,ho_yr_001,1979년 이전,482.0,482,False
2024,2025-06-30,21100510,사하구,괴정1동,dong,constructionYear,ho_yr_015,2019년,220.0,220,False
2024,2025-06-30,21050680,부산진구,당감2동,dong,constructionYear,ho_yr_005,2005년~2009년,435.0,435,False
2024,2025-06-30,21510111,기장군,일광읍,dong,constructionYear,ho_yr_018,2022년,1199.0,1199,False
2024,2025-06-30,21030600,동구,수정5동,dong,constructionYear,ho_yr_012,2016년,15.0,15,False
2024,2025-06-30,21140580,수영구,광안3동,dong,constructionYear,ho_yr_018,2022년,146.0,146,False
2024,2025-06-30,21060650,동래구,명륜동,dong,constructionYear,ho_yr_008,2012년,26.0,26,False
2024,2025-06-30,21080510,북구,구포1동,dong,constructionYear,ho_yr_002,1980년~1989년,445.0,445,False
2024,2025-06-30,21040680,영도구,신선동,dong,constructionYear,ho_yr_016,2020년,,N/A,True
2024,2025-06-30,21020630,서구,초장동,dong,constructionYear,ho_yr_012,2016년,,N/A,True
2024,2025-06-30,21150610,사상구,주례2동,dong,constructionYear,ho_yr_016,2020년,119.0,119,False
2024,2025-06-30,21150550,사상구,덕포1동,dong,constructionYear,ho_yr_013,2017년,,N/A,True
2024,2025-06-30,21020630,서구,초장동,dong,constructionYear,ho_yr_019,2023년,,N/A,True
2024,2025-06-30,21110670,금정구,청룡노포동,dong,constructionYear,ho_yr_006,2010년,10.0,10,False
2024,2025-06-30,21120561,강서구,녹산동,dong,constructionYear,ho_yr_012,2016년,196.0,196,False
2024,2025-06-30,21130540,연제구,거제4동,dong,constructionYear,ho_yr_001,1979년 이전,94.0,94,False
2024,2025-06-30,21020590,서구,부민동,dong,constructionYear,ho_yr_004,2000년~2004년,871.0,871,False
2024,2025-06-30,21080580,북구,덕천3동,dong,constructionYear,ho_yr_001,1979년 이전,112.0,112,False
2024,2025-06-30,21060610,동래구,안락1동,dong,constructionYear,ho_yr_005,2005년~2009년,969.0,969,False
2024,2025-06-30,21080600,북구,만덕2동,dong,constructionYear,ho_yr_006,2010년,,N/A,True
2024,2025-06-30,21060640,동래구,명장2동,dong,constructionYear,ho_yr_005,2005년~2009년,6.0,6,False
2024,2025-06-30,21080610,북구,만덕3동,dong,constructionYear,ho_yr_012,2016년,,N/A,True
2024,2025-06-30,21130530,연제구,거제3동,dong,constructionYear,ho_yr_008,2012년,17.0,17,False
2024,2025-06-30,21140560,수영구,광안1동,dong,constructionYear,ho_yr_011,2015년,516.0,516,False
2024,2025-06-30,21100580,사하구,신평1동,dong,constructionYear,ho_yr_020,2024년,13.0,13,False
2024,2025-06-30,21140530,수영구,수영동,dong,constructionYear,ho_yr_005,2005년~2009년,27.0,27,False
2024,2025-06-30,21060650,동래구,명륜동,dong,constructionYear,ho_yr_010,2014년,20.0,20,False
2024,2025-06-30,21060620,동래구,안락2동,dong,constructionYear,ho_yr_001,1979년 이전,498.0,498,False
2024,2025-06-30,21060550,동래구,온천1동,dong,constructionYear,ho_yr_013,2017년,173.0,173,False
2024,2025-06-30,21050660,부산진구,부암3동,dong,constructionYear,ho_yr_012,2016년,33.0,33,False
2024,2025-06-30,21140520,수영구,남천2동,dong,constructionYear,ho_yr_020,2024년,,N/A,True
2024,2025-06-30,21120580,강서구,가덕도동,dong,constructionYear,ho_yr_010,2014년,185.0,185,False
2024,2025-06-30,21040680,영도구,신선동,dong,constructionYear,ho_yr_011,2015년,,N/A,True
2024,2025-06-30,21110710,금정구,금성동,dong,constructionYear,ho_yr_016,2020년,,N/A,True
2024,2025-06-30,21030510,동구,초량1동,dong,constructionYear,ho_yr_015,2019년,,N/A,True
2024,2025-06-30,21010540,중구,보수동,dong,constructionYear,ho_yr_011,2015년,7.0,7,False
2024,2025-06-30,21090750,해운대구,우3동,dong,constructionYear,ho_yr_006,2010년,92.0,92,False
2024,2025-06-30,21010600,중구,영주2동,dong,constructionYear,ho_yr_013,2017년,,N/A,True
2024,2025-06-30,21030510,동구,초량1동,dong,constructionYear,ho_yr_013,2017년,30.0,30,False
2024,2025-06-30,21120600,강서구,명지2동,dong,constructionYear,ho_yr_019,2023년,,N/A,True
2024,2025-06-30,21030550,동구,초량6동,dong,constructionYear,ho_yr_009,2013년,17.0,17,False
2024,2025-06-30,21150600,사상구,주례1동,dong,constructionYear,ho_yr_009,2013년,10.0,10,False
2024,2025-06-30,21110690,금정구,구서1동,dong,constructionYear,ho_yr_016,2020년,316.0,316,False
2024,2025-06-30,21070540,남구,대연4동,dong,constructionYear,ho_yr_008,2012년,33.0,33,False
2024,2025-06-30,21120580,강서구,가덕도동,dong,constructionYear,ho_yr_007,2011년,17.0,17,False
2024,2025-06-30,21150560,사상구,덕포2동,dong,constructionYear,ho_yr_014,2018년,40.0,40,False
2024,2025-06-30,21130620,연제구,연산8동,dong,constructionYear,ho_yr_017,2021년,85.0,85,False
2024,2025-06-30,21120580,강서구,가덕도동,dong,constructionYear,ho_yr_011,2015년,166.0,166,False
2024,2025-06-30,21120600,강서구,명지2동,dong,constructionYear,ho_yr_016,2020년,,N/A,True
2024,2025-06-30,21060650,동래구,명륜동,dong,constructionYear,ho_yr_017,2021년,,N/A,True
2024,2025-06-30,21080580,북구,덕천3동,dong,constructionYear,ho_yr_013,2017년,29.0,29,False
2024,2025-06-30,21110580,금정구,부곡2동,dong,constructionYear,ho_yr_010,2014년,70.0,70,False
2024,2025-06-30,21110720,금정구,서3동,dong,constructionYear,ho_yr_016,2020년,17.0,17,False
2024,2025-06-30,21080570,북구,덕천2동,dong,constructionYear,ho_yr_003,1990년~1999년,1815.0,1815,False
2024,2025-06-30,21100580,사하구,신평1동,dong,constructionYear,ho_yr_008,2012년,284.0,284,False
2024,2025-06-30,21150510,사상구,삼락동,dong,constructionYear,ho_yr_004,2000년~2004년,72.0,72,False
2024,2025-06-30,21060570,동래구,온천3동,dong,constructionYear,ho_yr_006,2010년,71.0,71,False
2024,2025-06-30,21140560,수영구,광안1동,dong,constructionYear,ho_yr_005,2005년~2009년,588.0,588,False
2024,2025-06-30,21060520,동래구,복산동,dong,constructionYear,ho_yr_002,1980년~1989년,1149.0,1149,False
2024,2025-06-30,21060630,동래구,명장1동,dong,constructionYear,ho_yr_008,2012년,27.0,27,False
2024,2025-06-30,21130550,연제구,연산1동,dong,constructionYear,ho_yr_008,2012년,36.0,36,False
2024,2025-06-30,21060560,동래구,온천2동,dong,constructionYear,ho_yr_008,2012년,85.0,85,False
2024,2025-06-30,21130510,연제구,거제1동,dong,constructionYear,ho_yr_011,2015년,89.0,89,False
2024,2025-06-30,21130560,연제구,연산2동,dong,constructionYear,ho_yr_012,2016년,815.0,815,False
2024,2025-06-30,21120600,강서구,명지2동,dong,constructionYear,ho_yr_005,2005년~2009년,4881.0,4881,False
2024,2025-06-30,21050560,부산진구,양정1동,dong,constructionYear,ho_yr_004,2000년~2004년,895.0,895,False
2024,2025-06-30,21010510,중구,중앙동,dong,constructionYear,ho_yr_001,1979년 이전,303.0,303,False
2024,2025-06-30,21020510,서구,동대신1동,dong,constructionYear,ho_yr_009,2013년,74.0,74,False
2024,2025-06-30,21100510,사하구,괴정1동,dong,constructionYear,ho_yr_018,2022년,27.0,27,False
2024,2025-06-30,21010590,중구,영주1동,dong,constructionYear,ho_yr_013,2017년,36.0,36,False
2024,2025-06-30,21150620,사상구,주례3동,dong,constructionYear,ho_yr_016,2020년,,N/A,True
2024,2025-06-30,21130530,연제구,거제3동,dong,constructionYear,ho_yr_007,2011년,20.0,20,False
2024,2025-06-30,21030510,동구,초량1동,dong,constructionYear,ho_yr_016,2020년,,N/A,True
2024,2025-06-30,21130620,연제구,연산8동,dong,constructionYear,ho_yr_001,1979년 이전,241.0,241,False
2024,2025-06-30,21100510,사하구,괴정1동,dong,constructionYear,ho_yr_013,2017년,160.0,160,False
2024,2025-06-30,21030530,동구,초량3동,dong,constructionYear,ho_yr_012,2016년,54.0,54,False
2024,2025-06-30,21040590,영도구,봉래1동,dong,constructionYear,ho_yr_016,2020년,,N/A,True
2024,2025-06-30,21120510,강서구,대저1동,dong,constructionYear,ho_yr_012,2016년,43.0,43,False
2024,2025-06-30,21130560,연제구,연산2동,dong,constructionYear,ho_yr_013,2017년,86.0,86,False
2024,2025-06-30,21150650,사상구,감전동,dong,constructionYear,ho_yr_012,2016년,17.0,17,False
2024,2025-06-30,21510330,기장군,철마면,dong,constructionYear,ho_yr_013,2017년,24.0,24,False
2024,2025-06-30,21030700,동구,좌천동,dong,constructionYear,ho_yr_004,2000년~2004년,752.0,752,False
2024,2025-06-30,21020610,서구,아미동,dong,constructionYear,ho_yr_015,2019년,56.0,56,False
2024,2025-06-30,21100660,사하구,감천2동,dong,constructionYear,ho_yr_005,2005년~2009년,17.0,17,False
2024,2025-06-30,21050640,부산진구,부암1동,dong,constructionYear,ho_yr_017,2021년,340.0,340,False
2024,2025-06-30,21100580,사하구,신평1동,dong,constructionYear,ho_yr_001,1979년 이전,353.0,353,False
2024,2025-06-30,21080510,북구,구포1동,dong,constructionYear,ho_yr_015,2019년,,N/A,True
2024,2025-06-30,21050550,부산진구,초읍동,dong,constructionYear,ho_yr_016,2020년,1077.0,1077,False
2024,2025-06-30,21040590,영도구,봉래1동,dong,constructionYear,ho_yr_001,1979년 이전,440.0,440,False
2024,2025-06-30,21060580,동래구,사직1동,dong,constructionYear,ho_yr_020,2024년,689.0,689,False
2024,2025-06-30,21140510,수영구,남천1동,dong,constructionYear,ho_yr_014,2018년,85.0,85,False
2024,2025-06-30,21140600,수영구,민락동,dong,constructionYear,ho_yr_015,2019년,17.0,17,False
2024,2025-06-30,21050610,부산진구,전포2동,dong,constructionYear,ho_yr_015,2019년,48.0,48,False
2024,2025-06-30,21140590,수영구,광안4동,dong,constructionYear,ho_yr_007,2011년,66.0,66,False
2024,2025-06-30,21030700,동구,좌천동,dong,constructionYear,ho_yr_001,1979년 이전,1100.0,1100,False
2024,2025-06-30,21120520,강서구,대저2동,dong,constructionYear,ho_yr_012,2016년,24.0,24,False
2024,2025-06-30,21060620,동래구,안락2동,dong,constructionYear,ho_yr_010,2014년,38.0,38,False
2024,2025-06-30,21040660,영도구,동삼2동,dong,constructionYear,ho_yr_017,2021년,,N/A,True
2024,2025-06-30,21010520,중구,동광동,dong,constructionYear,ho_yr_003,1990년~1999년,119.0,119,False
2024,2025-06-30,21040640,영도구,청학2동,dong,constructionYear,ho_yr_018,2022년,263.0,263,False
2024,2025-06-30,21100560,사하구,하단1동,dong,constructionYear,ho_yr_002,1980년~1989년,800.0,800,False
2024,2025-06-30,21090560,해운대구,송정동,dong,constructionYear,ho_yr_014,2018년,285.0,285,False
2024,2025-06-30,21020590,서구,부민동,dong,constructionYear,ho_yr_005,2005년~2009년,61.0,61,False
2024,2025-06-30,21130520,연제구,거제2동,dong,constructionYear,ho_yr_011,2015년,10.0,10,False
2024,2025-06-30,21050820,부산진구,부전1동,dong,constructionYear,ho_yr_001,1979년 이전,410.0,410,False
2024,2025-06-30,21020520,서구,동대신2동,dong,constructionYear,ho_yr_009,2013년,33.0,33,False
2024,2025-06-30,21040630,영도구,청학1동,dong,constructionYear,ho_yr_005,2005년~2009년,534.0,534,False
2024,2025-06-30,21030710,동구,범일1동,dong,constructionYear,ho_yr_002,1980년~1989년,816.0,816,False
2024,2025-06-30,21110600,금정구,부곡4동,dong,constructionYear,ho_yr_002,1980년~1989년,1187.0,1187,False
2024,2025-06-30,21060520,동래구,복산동,dong,constructionYear,ho_yr_004,2000년~2004년,189.0,189,False
2024,2025-06-30,21120600,강서구,명지2동,dong,constructionYear,ho_yr_011,2015년,8.0,8,False
2024,2025-06-30,21060550,동래구,온천1동,dong,constructionYear,ho_yr_001,1979년 이전,277.0,277,False
2024,2025-06-30,21100610,사하구,장림2동,dong,constructionYear,ho_yr_016,2020년,230.0,230,False
2024,2025-06-30,21080620,북구,화명2동,dong,constructionYear,ho_yr_012,2016년,,N/A,True
2024,2025-06-30,21120561,강서구,녹산동,dong,constructionYear,ho_yr_015,2019년,28.0,28,False
2024,2025-06-30,21060620,동래구,안락2동,dong,constructionYear,ho_yr_014,2018년,26.0,26,False
2024,2025-06-30,21030560,동구,수정1동,dong,constructionYear,ho_yr_019,2023년,78.0,78,False
2024,2025-06-30,21130550,연제구,연산1동,dong,constructionYear,ho_yr_005,2005년~2009년,19.0,19,False
2024,2025-06-30,21050820,부산진구,부전1동,dong,constructionYear,ho_yr_017,2021년,133.0,133,False
2024,2025-06-30,21110610,금정구,장전1동,dong,constructionYear,ho_yr_014,2018년,133.0,133,False
2024,2025-06-30,21140550,수영구,망미2동,dong,constructionYear,ho_yr_016,2020년,35.0,35,False
2024,2025-06-30,21140540,수영구,망미1동,dong,constructionYear,ho_yr_006,2010년,22.0,22,False
2024,2025-06-30,21080520,북구,구포2동,dong,constructionYear,ho_yr_010,2014년,154.0,154,False
2024,2025-06-30,21120561,강서구,녹산동,dong,constructionYear,ho_yr_013,2017년,1120.0,1120,False
2024,2025-06-30,21140510,수영구,남천1동,dong,constructionYear,ho_yr_004,2000년~2004년,732.0,732,False
2024,2025-06-30,21150650,사상구,감전동,dong,constructionYear,ho_yr_008,2012년,34.0,34,False
2024,2025-06-30,21050640,부산진구,부암1동,dong,constructionYear,ho_yr_014,2018년,7.0,7,False
2024,2025-06-30,21070680,남구,문현3동,dong,constructionYear,ho_yr_017,2021년,10.0,10,False
2024,2025-06-30,21010530,중구,대청동,dong,constructionYear,ho_yr_006,2010년,39.0,39,False
2024,2025-06-30,21070600,남구,용호4동,dong,constructionYear,ho_yr_015,2019년,13.0,13,False
2024,2025-06-30,21030510,동구,초량1동,dong,constructionYear,ho_yr_005,2005년~2009년,151.0,151,False
2024,2025-06-30,21140510,수영구,남천1동,dong,constructionYear,ho_yr_013,2017년,56.0,56,False
2024,2025-06-30,21020640,서구,충무동,dong,constructionYear,ho_yr_013,2017년,191.0,191,False
2024,2025-06-30,21030660,동구,범일2동,dong,constructionYear,ho_yr_009,2013년,63.0,63,False
2024,2025-06-30,21060600,동래구,사직3동,dong,constructionYear,ho_yr_019,2023년,,N/A,True
2024,2025-06-30,21110740,금정구,장전2동,dong,constructionYear,ho_yr_001,1979년 이전,414.0,414,False
2024,2025-06-30,21140580,수영구,광안3동,dong,constructionYear,ho_yr_011,2015년,174.0,174,False
2024,2025-06-30,21050830,부산진구,전포1동,dong,constructionYear,ho_yr_017,2021년,2124.0,2124,False
2024,2025-06-30,21050720,부산진구,가야2동,dong,constructionYear,ho_yr_014,2018년,10.0,10,False
2024,2025-06-30,21050810,부산진구,가야1동,dong,constructionYear,ho_yr_016,2020년,32.0,32,False
2024,2025-06-30,21120550,강서구,가락동,dong,constructionYear,ho_yr_018,2022년,,N/A,True
2024,2025-06-30,21070700,남구,대연1동,dong,constructionYear,ho_yr_015,2019년,189.0,189,False
2024,2025-06-30,21080620,북구,화명2동,dong,constructionYear,ho_yr_015,2019년,7.0,7,False
2024,2025-06-30,21110710,금정구,금성동,dong,constructionYear,ho_yr_003,1990년~1999년,58.0,58,False
2024,2025-06-30,21030530,동구,초량3동,dong,constructionYear,ho_yr_008,2012년,,N/A,True
2024,2025-06-30,21070580,남구,용호2동,dong,constructionYear,ho_yr_014,2018년,5.0,5,False
2024,2025-06-30,21070590,남구,용호3동,dong,constructionYear,ho_yr_018,2022년,12.0,12,False
2024,2025-06-30,21060510,동래구,수민동,dong,constructionYear,ho_yr_007,2011년,98.0,98,False
2024,2025-06-30,21100510,사하구,괴정1동,dong,constructionYear,ho_yr_014,2018년,26.0,26,False
2024,2025-06-30,21010540,중구,보수동,dong,constructionYear,ho_yr_016,2020년,88.0,88,False
2024,2025-06-30,21060580,동래구,사직1동,dong,constructionYear,ho_yr_001,1979년 이전,442.0,442,False
2024,2025-06-30,21140540,수영구,망미1동,dong,constructionYear,ho_yr_013,2017년,399.0,399,False
2024,2025-06-30,21130550,연제구,연산1동,dong,constructionYear,ho_yr_013,2017년,714.0,714,False
2024,2025-06-30,21140570,수영구,광안2동,dong,constructionYear,ho_yr_005,2005년~2009년,836.0,836,False
2024,2025-06-30,21080560,북구,덕천1동,dong,constructionYear,ho_yr_019,2023년,828.0,828,False
2024,2025-06-30,21020640,서구,충무동,dong,constructionYear,ho_yr_014,2018년,568.0,568,False
2024,2025-06-30,21080530,북구,구포3동,dong,constructionYear,ho_yr_004,2000년~2004년,258.0,258,False
2024,2025-06-30,21130530,연제구,거제3동,dong,constructionYear,ho_yr_018,2022년,23.0,23,False
2024,2025-06-30,21040630,영도구,청학1동,dong,constructionYear,ho_yr_020,2024년,,N/A,True
2024,2025-06-30,21080510,북구,구포1동,dong,constructionYear,ho_yr_007,2011년,12.0,12,False
2024,2025-06-30,21050570,부산진구,양정2동,dong,constructionYear,ho_yr_009,2013년,481.0,481,False
2024,2025-06-30,21130540,연제구,거제4동,dong,constructionYear,ho_yr_011,2015년,30.0,30,False
2024,2025-06-30,21080620,북구,화명2동,dong,constructionYear,ho_yr_004,2000년~2004년,47.0,47,False
2024,2025-06-30,21060630,동래구,명장1동,dong,constructionYear,ho_yr_004,2000년~2004년,161.0,161,False
2024,2025-06-30,21100620,사하구,다대1동,dong,constructionYear,ho_yr_001,1979년 이전,148.0,148,False
2024,2025-06-30,21120590,강서구,명지1동,dong,constructionYear,ho_yr_015,2019년,2191.0,2191,False
2024,2025-06-30,21010570,중구,광복동,dong,constructionYear,ho_yr_004,2000년~2004년,,N/A,True
2024,2025-06-30,21110520,금정구,서2동,dong,constructionYear,ho_yr_009,2013년,26.0,26,False
2024,2025-06-30,21010530,중구,대청동,dong,constructionYear,ho_yr_014,2018년,,N/A,True
2024,2025-06-30,21100540,사하구,괴정4동,dong,constructionYear,ho_yr_008,2012년,72.0,72,False
2024,2025-06-30,21080550,북구,화명1동,dong,constructionYear,ho_yr_001,1979년 이전,12.0,12,False
2024,2025-06-30,21100530,사하구,괴정3동,dong,constructionYear,ho_yr_016,2020년,82.0,82,False
2024,2025-06-30,21140530,수영구,수영동,dong,constructionYear,ho_yr_006,2010년,50.0,50,False
2024,2025-06-30,21060570,동래구,온천3동,dong,constructionYear,ho_yr_004,2000년~2004년,2517.0,2517,False
2024,2025-06-30,21060510,동래구,수민동,dong,constructionYear,ho_yr_006,2010년,15.0,15,False
2024,2025-06-30,21100660,사하구,감천2동,dong,constructionYear,ho_yr_011,2015년,9.0,9,False
2024,2025-06-30,21510120,기장군,장안읍,dong,constructionYear,ho_yr_013,2017년,70.0,70,False
2024,2025-06-30,21080580,북구,덕천3동,dong,constructionYear,ho_yr_016,2020년,16.0,16,False
2024,2025-06-30,21010530,중구,대청동,dong,constructionYear,ho_yr_013,2017년,25.0,25,False
2024,2025-06-30,21150640,사상구,엄궁동,dong,constructionYear,ho_yr_004,2000년~2004년,737.0,737,False
2024,2025-06-30,21010560,중구,부평동,dong,constructionYear,ho_yr_009,2013년,81.0,81,False
2024,2025-06-30,21010580,중구,남포동,dong,constructionYear,ho_yr_010,2014년,,N/A,True
2024,2025-06-30,21110610,금정구,장전1동,dong,constructionYear,ho_yr_006,2010년,351.0,351,False
2024,2025-06-30,21070610,남구,용당동,dong,constructionYear,ho_yr_011,2015년,17.0,17,False
2024,2025-06-30,21010540,중구,보수동,dong,constructionYear,ho_yr_004,2000년~2004년,532.0,532,False
2024,2025-06-30,21010560,중구,부평동,dong,constructionYear,ho_yr_007,2011년,,N/A,True
2024,2025-06-30,21030520,동구,초량2동,dong,constructionYear,ho_yr_015,2019년,31.0,31,False
2024,2025-06-30,21030570,동구,수정2동,dong,constructionYear,ho_yr_005,2005년~2009년,59.0,59,False
2024,2025-06-30,21070590,남구,용호3동,dong,constructionYear,ho_yr_019,2023년,161.0,161,False
2024,2025-06-30,21060570,동래구,온천3동,dong,constructionYear,ho_yr_012,2016년,286.0,286,False
2024,2025-06-30,21070600,남구,용호4동,dong,constructionYear,ho_yr_002,1980년~1989년,1143.0,1143,False
2024,2025-06-30,21050570,부산진구,양정2동,dong,constructionYear,ho_yr_014,2018년,121.0,121,False
2024,2025-06-30,21110610,금정구,장전1동,dong,constructionYear,ho_yr_016,2020년,66.0,66,False
2024,2025-06-30,21070560,남구,대연6동,dong,constructionYear,ho_yr_005,2005년~2009년,885.0,885,False
2024,2025-06-30,21020520,서구,동대신2동,dong,constructionYear,ho_yr_014,2018년,12.0,12,False
2024,2025-06-30,21020530,서구,동대신3동,dong,constructionYear,ho_yr_009,2013년,75.0,75,False
2024,2025-06-30,21020690,서구,남부민2동,dong,constructionYear,ho_yr_015,2019년,,N/A,True
2024,2025-06-30,21030570,동구,수정2동,dong,constructionYear,ho_yr_017,2021년,,N/A,True
2024,2025-06-30,21140570,수영구,광안2동,dong,constructionYear,ho_yr_011,2015년,117.0,117,False
2024,2025-06-30,21070530,남구,대연3동,dong,constructionYear,ho_yr_015,2019년,1147.0,1147,False
2024,2025-06-30,21100550,사하구,당리동,dong,constructionYear,ho_yr_011,2015년,28.0,28,False
2024,2025-06-30,21120520,강서구,대저2동,dong,constructionYear,ho_yr_016,2020년,6.0,6,False
2024,2025-06-30,21120550,강서구,가락동,dong,constructionYear,ho_yr_005,2005년~2009년,42.0,42,False
2024,2025-06-30,21040540,영도구,영선1동,dong,constructionYear,ho_yr_013,2017년,,N/A,True
2024,2025-06-30,21070550,남구,대연5동,dong,constructionYear,ho_yr_005,2005년~2009년,279.0,279,False
2024,2025-06-30,21060620,동래구,안락2동,dong,constructionYear,ho_yr_004,2000년~2004년,1482.0,1482,False
2024,2025-06-30,21110570,금정구,부곡1동,dong,constructionYear,ho_yr_014,2018년,17.0,17,False
2024,2025-06-30,21130570,연제구,연산3동,dong,constructionYear,ho_yr_005,2005년~2009년,6.0,6,False
2024,2025-06-30,21100570,사하구,하단2동,dong,constructionYear,ho_yr_006,2010년,7.0,7,False
2024,2025-06-30,21130520,연제구,거제2동,dong,constructionYear,ho_yr_018,2022년,,N/A,True
2024,2025-06-30,21070530,남구,대연3동,dong,constructionYear,ho_yr_006,2010년,435.0,435,False
2024,2025-06-30,21050700,부산진구,당감4동,dong,constructionYear,ho_yr_005,2005년~2009년,,N/A,True
2024,2025-06-30,21070580,남구,용호2동,dong,constructionYear,ho_yr_015,2019년,,N/A,True
2024,2025-06-30,21100640,사하구,구평동,dong,constructionYear,ho_yr_003,1990년~1999년,1212.0,1212,False
2024,2025-06-30,21110710,금정구,금성동,dong,constructionYear,ho_yr_013,2017년,10.0,10,False
2024,2025-06-30,21080580,북구,덕천3동,dong,constructionYear,ho_yr_018,2022년,24.0,24,False
2024,2025-06-30,21040650,영도구,동삼1동,dong,constructionYear,ho_yr_018,2022년,,N/A,True
2024,2025-06-30,21070680,남구,문현3동,dong,constructionYear,ho_yr_003,1990년~1999년,716.0,716,False
2024,2025-06-30,21050800,부산진구,당감1동,dong,constructionYear,ho_yr_001,1979년 이전,1321.0,1321,False
2024,2025-06-30,21110730,금정구,금사회동동,dong,constructionYear,ho_yr_004,2000년~2004년,151.0,151,False
2024,2025-06-30,21040650,영도구,동삼1동,dong,constructionYear,ho_yr_012,2016년,5.0,5,False
2024,2025-06-30,21100630,사하구,다대2동,dong,constructionYear,ho_yr_013,2017년,,N/A,True
2024,2025-06-30,21030570,동구,수정2동,dong,constructionYear,ho_yr_015,2019년,835.0,835,False
2024,2025-06-30,21050740,부산진구,개금1동,dong,constructionYear,ho_yr_015,2019년,219.0,219,False
2024,2025-06-30,21080560,북구,덕천1동,dong,constructionYear,ho_yr_011,2015년,61.0,61,False
2024,2025-06-30,21010560,중구,부평동,dong,constructionYear,ho_yr_013,2017년,12.0,12,False
2024,2025-06-30,21140590,수영구,광안4동,dong,constructionYear,ho_yr_004,2000년~2004년,908.0,908,False
2024,2025-06-30,21130630,연제구,연산9동,dong,constructionYear,ho_yr_016,2020년,26.0,26,False
2024,2025-06-30,21110600,금정구,부곡4동,dong,constructionYear,ho_yr_013,2017년,19.0,19,False
2024,2025-06-30,21120580,강서구,가덕도동,dong,constructionYear,ho_yr_002,1980년~1989년,162.0,162,False
2024,2025-06-30,21150620,사상구,주례3동,dong,constructionYear,ho_yr_002,1980년~1989년,2645.0,2645,False
2024,2025-06-30,21100520,사하구,괴정2동,dong,constructionYear,ho_yr_006,2010년,15.0,15,False
2024,2025-06-30,21110640,금정구,선두구동,dong,constructionYear,ho_yr_003,1990년~1999년,89.0,89,False
2024,2025-06-30,21140530,수영구,수영동,dong,constructionYear,ho_yr_004,2000년~2004년,836.0,836,False
2024,2025-06-30,21070670,남구,문현2동,dong,constructionYear,ho_yr_010,2014년,34.0,34,False
2024,2025-06-30,21110520,금정구,서2동,dong,constructionYear,ho_yr_014,2018년,8.0,8,False
2024,2025-06-30,21130630,연제구,연산9동,dong,constructionYear,ho_yr_003,1990년~1999년,4369.0,4369,False
2024,2025-06-30,21150650,사상구,감전동,dong,constructionYear,ho_yr_001,1979년 이전,881.0,881,False
2024,2025-06-30,21150630,사상구,학장동,dong,constructionYear,ho_yr_016,2020년,,N/A,True
2024,2025-06-30,21090580,해운대구,반여2동,dong,constructionYear,ho_yr_015,2019년,463.0,463,False
2024,2025-06-30,21050520,부산진구,부전2동,dong,constructionYear,ho_yr_018,2022년,329.0,329,False
2024,2025-06-30,21150630,사상구,학장동,dong,constructionYear,ho_yr_002,1980년~1989년,1113.0,1113,False
2024,2025-06-30,21110690,금정구,구서1동,dong,constructionYear,ho_yr_008,2012년,64.0,64,False
2024,2025-06-30,21140510,수영구,남천1동,dong,constructionYear,ho_yr_019,2023년,246.0,246,False
2024,2025-06-30,21110510,금정구,서1동,dong,constructionYear,ho_yr_002,1980년~1989년,379.0,379,False
2024,2025-06-30,21060600,동래구,사직3동,dong,constructionYear,ho_yr_012,2016년,55.0,55,False
2024,2025-06-30,21050750,부산진구,개금2동,dong,constructionYear,ho_yr_010,2014년,89.0,89,False
2024,2025-06-30,21020520,서구,동대신2동,dong,constructionYear,ho_yr_006,2010년,,N/A,True
2024,2025-06-30,21070660,남구,문현1동,dong,constructionYear,ho_yr_005,2005년~2009년,516.0,516,False
2024,2025-06-30,21010590,중구,영주1동,dong,constructionYear,ho_yr_010,2014년,37.0,37,False
2024,2025-06-30,21050520,부산진구,부전2동,dong,constructionYear,ho_yr_008,2012년,153.0,153,False
2024,2025-06-30,21080540,북구,금곡동,dong,constructionYear,ho_yr_004,2000년~2004년,3519.0,3519,False
2024,2025-06-30,21120550,강서구,가락동,dong,constructionYear,ho_yr_012,2016년,9.0,9,False
2024,2025-06-30,21040630,영도구,청학1동,dong,constructionYear,ho_yr_008,2012년,,N/A,True
2024,2025-06-30,21010570,중구,광복동,dong,constructionYear,ho_yr_012,2016년,,N/A,True
2024,2025-06-30,21510111,기장군,일광읍,dong,constructionYear,ho_yr_007,2011년,449.0,449,False
2024,2025-06-30,21100610,사하구,장림2동,dong,constructionYear,ho_yr_007,2011년,,N/A,True
2024,2025-06-30,21020680,서구,암남동,dong,constructionYear,ho_yr_013,2017년,29.0,29,False
2024,2025-06-30,21010510,중구,중앙동,dong,constructionYear,ho_yr_012,2016년,39.0,39,False
2024,2025-06-30,21070660,남구,문현1동,dong,constructionYear,ho_yr_019,2023년,17.0,17,False
2024,2025-06-30,21050750,부산진구,개금2동,dong,constructionYear,ho_yr_008,2012년,5.0,5,False
2024,2025-06-30,21070550,남구,대연5동,dong,constructionYear,ho_yr_016,2020년,194.0,194,False
2024,2025-06-30,21140600,수영구,민락동,dong,constructionYear,ho_yr_007,2011년,27.0,27,False
2024,2025-06-30,21110730,금정구,금사회동동,dong,constructionYear,ho_yr_013,2017년,61.0,61,False
2024,2025-06-30,21150640,사상구,엄궁동,dong,constructionYear,ho_yr_001,1979년 이전,119.0,119,False
2024,2025-06-30,21140570,수영구,광안2동,dong,constructionYear,ho_yr_015,2019년,122.0,122,False
2024,2025-06-30,21030520,동구,초량2동,dong,constructionYear,ho_yr_018,2022년,,N/A,True
2024,2025-06-30,21050550,부산진구,초읍동,dong,constructionYear,ho_yr_011,2015년,94.0,94,False
2024,2025-06-30,21150640,사상구,엄궁동,dong,constructionYear,ho_yr_013,2017년,,N/A,True
2024,2025-06-30,21150620,사상구,주례3동,dong,constructionYear,ho_yr_006,2010년,,N/A,True
2024,2025-06-30,21060550,동래구,온천1동,dong,constructionYear,ho_yr_003,1990년~1999년,666.0,666,False
2024,2025-06-30,21100590,사하구,신평2동,dong,constructionYear,ho_yr_004,2000년~2004년,409.0,409,False
2024,2025-06-30,21020510,서구,동대신1동,dong,constructionYear,ho_yr_002,1980년~1989년,148.0,148,False
2024,2025-06-30,21030680,동구,범일5동,dong,constructionYear,ho_yr_004,2000년~2004년,,N/A,True
2024,2025-06-30,21080600,북구,만덕2동,dong,constructionYear,ho_yr_013,2017년,,N/A,True
2024,2025-06-30,21110710,금정구,금성동,dong,constructionYear,ho_yr_009,2013년,7.0,7,False
2024,2025-06-30,21080520,북구,구포2동,dong,constructionYear,ho_yr_008,2012년,119.0,119,False
2024,2025-06-30,21130630,연제구,연산9동,dong,constructionYear,ho_yr_012,2016년,175.0,175,False
2024,2025-06-30,21050570,부산진구,양정2동,dong,constructionYear,ho_yr_006,2010년,108.0,108,False
2024,2025-06-30,21150650,사상구,감전동,dong,constructionYear,ho_yr_004,2000년~2004년,878.0,878,False
2024,2025-06-30,21100590,사하구,신평2동,dong,constructionYear,ho_yr_017,2021년,969.0,969,False
2024,2025-06-30,21130590,연제구,연산5동,dong,constructionYear,ho_yr_008,2012년,647.0,647,False
2024,2025-06-30,21020560,서구,서대신3동,dong,constructionYear,ho_yr_010,2014년,728.0,728,False
2024,2025-06-30,21100580,사하구,신평1동,dong,constructionYear,ho_yr_005,2005년~2009년,93.0,93,False
2024,2025-06-30,21010580,중구,남포동,dong,constructionYear,ho_yr_003,1990년~1999년,19.0,19,False
2024,2025-06-30,21040670,영도구,동삼3동,dong,constructionYear,ho_yr_017,2021년,,N/A,True
2024,2025-06-30,21100570,사하구,하단2동,dong,constructionYear,ho_yr_018,2022년,76.0,76,False
2024,2025-06-30,21110570,금정구,부곡1동,dong,constructionYear,ho_yr_001,1979년 이전,559.0,559,False
2024,2025-06-30,21090540,해운대구,중2동,dong,constructionYear,ho_yr_005,2005년~2009년,95.0,95,False
2024,2025-06-30,21060550,동래구,온천1동,dong,constructionYear,ho_yr_002,1980년~1989년,251.0,251,False
2024,2025-06-30,21130580,연제구,연산4동,dong,constructionYear,ho_yr_017,2021년,26.0,26,False
2024,2025-06-30,21010560,중구,부평동,dong,constructionYear,ho_yr_008,2012년,49.0,49,False
2024,2025-06-30,21040650,영도구,동삼1동,dong,constructionYear,ho_yr_007,2011년,30.0,30,False
2024,2025-06-30,21050810,부산진구,가야1동,dong,constructionYear,ho_yr_007,2011년,154.0,154,False
2024,2025-06-30,21090730,해운대구,우1동,dong,constructionYear,ho_yr_015,2019년,800.0,800,False
2024,2025-06-30,21130580,연제구,연산4동,dong,constructionYear,ho_yr_006,2010년,20.0,20,False
2024,2025-06-30,21010540,중구,보수동,dong,constructionYear,ho_yr_014,2018년,29.0,29,False
2024,2025-06-30,21120561,강서구,녹산동,dong,constructionYear,ho_yr_011,2015년,1261.0,1261,False
2024,2025-06-30,21050570,부산진구,양정2동,dong,constructionYear,ho_yr_012,2016년,176.0,176,False
2024,2025-06-30,21110680,금정구,남산동,dong,constructionYear,ho_yr_006,2010년,24.0,24,False
2024,2025-06-30,21070590,남구,용호3동,dong,constructionYear,ho_yr_004,2000년~2004년,132.0,132,False
2024,2025-06-30,21090560,해운대구,송정동,dong,constructionYear,ho_yr_016,2020년,,N/A,True
2024,2025-06-30,21110590,금정구,부곡3동,dong,constructionYear,ho_yr_002,1980년~1989년,442.0,442,False
2024,2025-06-30,21020630,서구,초장동,dong,constructionYear,ho_yr_010,2014년,23.0,23,False
2024,2025-06-30,21050560,부산진구,양정1동,dong,constructionYear,ho_yr_008,2012년,104.0,104,False
2024,2025-06-30,21080510,북구,구포1동,dong,constructionYear,ho_yr_001,1979년 이전,307.0,307,False
2024,2025-06-30,21020570,서구,서대신4동,dong,constructionYear,ho_yr_011,2015년,,N/A,True
2024,2025-06-30,21090530,해운대구,중1동,dong,constructionYear,ho_yr_001,1979년 이전,223.0,223,False
2024,2025-06-30,21070700,남구,대연1동,dong,constructionYear,ho_yr_006,2010년,468.0,468,False
2024,2025-06-30,21120600,강서구,명지2동,dong,constructionYear,ho_yr_004,2000년~2004년,,N/A,True
2024,2025-06-30,21150520,사상구,모라1동,dong,constructionYear,ho_yr_010,2014년,9.0,9,False
2024,2025-06-30,21140540,수영구,망미1동,dong,constructionYear,ho_yr_005,2005년~2009년,904.0,904,False
2024,2025-06-30,21070540,남구,대연4동,dong,constructionYear,ho_yr_003,1990년~1999년,1289.0,1289,False
2024,2025-06-30,21070690,남구,문현4동,dong,constructionYear,ho_yr_010,2014년,5.0,5,False
2024,2025-06-30,21040680,영도구,신선동,dong,constructionYear,ho_yr_005,2005년~2009년,23.0,23,False
2024,2025-06-30,21060640,동래구,명장2동,dong,constructionYear,ho_yr_002,1980년~1989년,2086.0,2086,False
2024,2025-06-30,21050520,부산진구,부전2동,dong,constructionYear,ho_yr_001,1979년 이전,122.0,122,False
2024,2025-06-30,21150510,사상구,삼락동,dong,constructionYear,ho_yr_008,2012년,,N/A,True
2024,2025-06-30,21070680,남구,문현3동,dong,constructionYear,ho_yr_008,2012년,69.0,69,False
2024,2025-06-30,21050760,부산진구,개금3동,dong,constructionYear,ho_yr_005,2005년~2009년,34.0,34,False
2024,2025-06-30,21090530,해운대구,중1동,dong,constructionYear,ho_yr_019,2023년,,N/A,True
2024,2025-06-30,21020530,서구,동대신3동,dong,constructionYear,ho_yr_017,2021년,28.0,28,False
2024,2025-06-30,21050720,부산진구,가야2동,dong,constructionYear,ho_yr_007,2011년,25.0,25,False
2024,2025-06-30,21510330,기장군,철마면,dong,constructionYear,ho_yr_005,2005년~2009년,69.0,69,False
2024,2025-06-30,21040660,영도구,동삼2동,dong,constructionYear,ho_yr_002,1980년~1989년,243.0,243,False
2024,2025-06-30,21150520,사상구,모라1동,dong,constructionYear,ho_yr_015,2019년,603.0,603,False
2024,2025-06-30,21070700,남구,대연1동,dong,constructionYear,ho_yr_020,2024년,71.0,71,False
2024,2025-06-30,21110570,금정구,부곡1동,dong,constructionYear,ho_yr_005,2005년~2009년,43.0,43,False
2024,2025-06-30,21020510,서구,동대신1동,dong,constructionYear,ho_yr_001,1979년 이전,395.0,395,False
2024,2025-06-30,21050770,부산진구,범천1동,dong,constructionYear,ho_yr_014,2018년,143.0,143,False
2024,2025-06-30,21010590,중구,영주1동,dong,constructionYear,ho_yr_002,1980년~1989년,143.0,143,False
2024,2025-06-30,21140530,수영구,수영동,dong,constructionYear,ho_yr_017,2021년,7.0,7,False
2024,2025-06-30,21020510,서구,동대신1동,dong,constructionYear,ho_yr_011,2015년,18.0,18,False
2024,2025-06-30,21090650,해운대구,재송2동,dong,constructionYear,ho_yr_007,2011년,52.0,52,False
2024,2025-06-30,21010530,중구,대청동,dong,constructionYear,ho_yr_016,2020년,16.0,16,False
2024,2025-06-30,21040530,영도구,남항동,dong,constructionYear,ho_yr_012,2016년,313.0,313,False
2024,2025-06-30,21510130,기장군,정관읍,dong,constructionYear,ho_yr_010,2014년,2547.0,2547,False
2024,2025-06-30,21130600,연제구,연산6동,dong,constructionYear,ho_yr_004,2000년~2004년,267.0,267,False
2024,2025-06-30,21140580,수영구,광안3동,dong,constructionYear,ho_yr_003,1990년~1999년,345.0,345,False
2024,2025-06-30,21020570,서구,서대신4동,dong,constructionYear,ho_yr_004,2000년~2004년,418.0,418,False
2024,2025-06-30,21100590,사하구,신평2동,dong,constructionYear,ho_yr_011,2015년,,N/A,True
2024,2025-06-30,21060550,동래구,온천1동,dong,constructionYear,ho_yr_016,2020년,24.0,24,False
2024,2025-06-30,21130580,연제구,연산4동,dong,constructionYear,ho_yr_004,2000년~2004년,695.0,695,False
2024,2025-06-30,21070550,남구,대연5동,dong,constructionYear,ho_yr_009,2013년,149.0,149,False
2024,2025-06-30,21120561,강서구,녹산동,dong,constructionYear,ho_yr_001,1979년 이전,279.0,279,False
2024,2025-06-30,21070540,남구,대연4동,dong,constructionYear,ho_yr_007,2011년,68.0,68,False
2024,2025-06-30,21110730,금정구,금사회동동,dong,constructionYear,ho_yr_018,2022년,11.0,11,False
2024,2025-06-30,21020610,서구,아미동,dong,constructionYear,ho_yr_013,2017년,19.0,19,False
2024,2025-06-30,21120590,강서구,명지1동,dong,constructionYear,ho_yr_008,2012년,,N/A,True
2024,2025-06-30,21110590,금정구,부곡3동,dong,constructionYear,ho_yr_016,2020년,,N/A,True
2024,2025-06-30,21020680,서구,암남동,dong,constructionYear,ho_yr_006,2010년,206.0,206,False
2024,2025-06-30,21110670,금정구,청룡노포동,dong,constructionYear,ho_yr_016,2020년,14.0,14,False
2024,2025-06-30,21080570,북구,덕천2동,dong,constructionYear,ho_yr_010,2014년,5.0,5,False
2024,2025-06-30,21110720,금정구,서3동,dong,constructionYear,ho_yr_009,2013년,9.0,9,False
2024,2025-06-30,21080630,북구,화명3동,dong,constructionYear,ho_yr_009,2013년,,N/A,True
2024,2025-06-30,21050740,부산진구,개금1동,dong,constructionYear,ho_yr_001,1979년 이전,802.0,802,False
2024,2025-06-30,21510120,기장군,장안읍,dong,constructionYear,ho_yr_012,2016년,126.0,126,False
2024,2025-06-30,21080580,북구,덕천3동,dong,constructionYear,ho_yr_008,2012년,68.0,68,False
2024,2025-06-30,21050640,부산진구,부암1동,dong,constructionYear,ho_yr_004,2000년~2004년,178.0,178,False
2024,2025-06-30,21030660,동구,범일2동,dong,constructionYear,ho_yr_003,1990년~1999년,79.0,79,False
2024,2025-06-30,21050570,부산진구,양정2동,dong,constructionYear,ho_yr_018,2022년,16.0,16,False
2024,2025-06-30,21020540,서구,서대신1동,dong,constructionYear,ho_yr_008,2012년,77.0,77,False
2024,2025-06-30,21150520,사상구,모라1동,dong,constructionYear,ho_yr_002,1980년~1989년,2859.0,2859,False
2024,2025-06-30,21150610,사상구,주례2동,dong,constructionYear,ho_yr_004,2000년~2004년,791.0,791,False
2024,2025-06-30,21140560,수영구,광안1동,dong,constructionYear,ho_yr_007,2011년,463.0,463,False
2024,2025-06-30,21010540,중구,보수동,dong,constructionYear,ho_yr_013,2017년,133.0,133,False
2024,2025-06-30,21100520,사하구,괴정2동,dong,constructionYear,ho_yr_007,2011년,,N/A,True
2024,2025-06-30,21060550,동래구,온천1동,dong,constructionYear,ho_yr_012,2016년,255.0,255,False
2024,2025-06-30,21060570,동래구,온천3동,dong,constructionYear,ho_yr_007,2011년,294.0,294,False
2024,2025-06-30,21090530,해운대구,중1동,dong,constructionYear,ho_yr_005,2005년~2009년,1427.0,1427,False
2024,2025-06-30,21120550,강서구,가락동,dong,constructionYear,ho_yr_008,2012년,12.0,12,False
2024,2025-06-30,21120590,강서구,명지1동,dong,constructionYear,ho_yr_006,2010년,5.0,5,False
2024,2025-06-30,21080560,북구,덕천1동,dong,constructionYear,ho_yr_010,2014년,,N/A,True
2024,2025-06-30,21070670,남구,문현2동,dong,constructionYear,ho_yr_013,2017년,233.0,233,False
2024,2025-06-30,21110520,금정구,서2동,dong,constructionYear,ho_yr_019,2023년,,N/A,True
2024,2025-06-30,21040590,영도구,봉래1동,dong,constructionYear,ho_yr_014,2018년,93.0,93,False
2024,2025-06-30,21050760,부산진구,개금3동,dong,constructionYear,ho_yr_008,2012년,70.0,70,False
2024,2025-06-30,21050760,부산진구,개금3동,dong,constructionYear,ho_yr_009,2013년,25.0,25,False
2024,2025-06-30,21070700,남구,대연1동,dong,constructionYear,ho_yr_019,2023년,137.0,137,False
2024,2025-06-30,21140590,수영구,광안4동,dong,constructionYear,ho_yr_005,2005년~2009년,453.0,453,False
2024,2025-06-30,21050720,부산진구,가야2동,dong,constructionYear,ho_yr_005,2005년~2009년,1096.0,1096,False
2024,2025-06-30,21090560,해운대구,송정동,dong,constructionYear,ho_yr_018,2022년,,N/A,True
2024,2025-06-30,21130540,연제구,거제4동,dong,constructionYear,ho_yr_019,2023년,24.0,24,False
2024,2025-06-30,21090700,해운대구,반여1동,dong,constructionYear,ho_yr_020,2024년,642.0,642,False
2024,2025-06-30,21130510,연제구,거제1동,dong,constructionYear,ho_yr_010,2014년,259.0,259,False
2024,2025-06-30,21030590,동구,수정4동,dong,constructionYear,ho_yr_009,2013년,,N/A,True
2024,2025-06-30,21090540,해운대구,중2동,dong,constructionYear,ho_yr_004,2000년~2004년,1194.0,1194,False
2024,2025-06-30,21030570,동구,수정2동,dong,constructionYear,ho_yr_001,1979년 이전,654.0,654,False
2024,2025-06-30,21150610,사상구,주례2동,dong,constructionYear,ho_yr_019,2023년,27.0,27,False
2024,2025-06-30,21040590,영도구,봉래1동,dong,constructionYear,ho_yr_020,2024년,,N/A,True
2024,2025-06-30,21110700,금정구,구서2동,dong,constructionYear,ho_yr_006,2010년,,N/A,True
2024,2025-06-30,21140570,수영구,광안2동,dong,constructionYear,ho_yr_014,2018년,259.0,259,False
2024,2025-06-30,21050660,부산진구,부암3동,dong,constructionYear,ho_yr_008,2012년,201.0,201,False
2024,2025-06-30,21140550,수영구,망미2동,dong,constructionYear,ho_yr_017,2021년,37.0,37,False
2024,2025-06-30,21510110,기장군,기장읍,dong,constructionYear,ho_yr_004,2000년~2004년,5489.0,5489,False
2024,2025-06-30,21090560,해운대구,송정동,dong,constructionYear,ho_yr_004,2000년~2004년,554.0,554,False
2024,2025-06-30,21030520,동구,초량2동,dong,constructionYear,ho_yr_009,2013년,43.0,43,False
2024,2025-06-30,21070570,남구,용호1동,dong,constructionYear,ho_yr_006,2010년,82.0,82,False
2024,2025-06-30,21060520,동래구,복산동,dong,constructionYear,ho_yr_005,2005년~2009년,16.0,16,False
2024,2025-06-30,21060650,동래구,명륜동,dong,constructionYear,ho_yr_013,2017년,8.0,8,False
2024,2025-06-30,21090640,해운대구,재송1동,dong,constructionYear,ho_yr_011,2015년,92.0,92,False
2024,2025-06-30,21150650,사상구,감전동,dong,constructionYear,ho_yr_016,2020년,20.0,20,False
2024,2025-06-30,21080590,북구,만덕1동,dong,constructionYear,ho_yr_020,2024년,,N/A,True
2024,2025-06-30,21140580,수영구,광안3동,dong,constructionYear,ho_yr_007,2011년,131.0,131,False
2024,2025-06-30,21060550,동래구,온천1동,dong,constructionYear,ho_yr_009,2013년,356.0,356,False
2024,2025-06-30,21030530,동구,초량3동,dong,constructionYear,ho_yr_010,2014년,435.0,435,False
2024,2025-06-30,21120550,강서구,가락동,dong,constructionYear,ho_yr_019,2023년,,N/A,True
2024,2025-06-30,21060560,동래구,온천2동,dong,constructionYear,ho_yr_006,2010년,15.0,15,False
2024,2025-06-30,21030700,동구,좌천동,dong,constructionYear,ho_yr_014,2018년,341.0,341,False
2024,2025-06-30,21080530,북구,구포3동,dong,constructionYear,ho_yr_013,2017년,,N/A,True
2024,2025-06-30,21060630,동래구,명장1동,dong,constructionYear,ho_yr_007,2011년,19.0,19,False
2024,2025-06-30,21130520,연제구,거제2동,dong,constructionYear,ho_yr_008,2012년,7.0,7,False
2024,2025-06-30,21140560,수영구,광안1동,dong,constructionYear,ho_yr_020,2024년,,N/A,True
2024,2025-06-30,21100530,사하구,괴정3동,dong,constructionYear,ho_yr_008,2012년,94.0,94,False
2024,2025-06-30,21110700,금정구,구서2동,dong,constructionYear,ho_yr_017,2021년,12.0,12,False
2024,2025-06-30,21110600,금정구,부곡4동,dong,constructionYear,ho_yr_011,2015년,69.0,69,False
2024,2025-06-30,21050840,부산진구,범천2동,dong,constructionYear,ho_yr_001,1979년 이전,733.0,733,False
2024,2025-06-30,21120580,강서구,가덕도동,dong,constructionYear,ho_yr_014,2018년,47.0,47,False
2024,2025-06-30,21050560,부산진구,양정1동,dong,constructionYear,ho_yr_009,2013년,49.0,49,False
2024,2025-06-30,21070540,남구,대연4동,dong,constructionYear,ho_yr_009,2013년,51.0,51,False
2024,2025-06-30,21040550,영도구,영선2동,dong,constructionYear,ho_yr_015,2019년,,N/A,True
2024,2025-06-30,21090530,해운대구,중1동,dong,constructionYear,ho_yr_007,2011년,179.0,179,False
2024,2025-06-30,21090700,해운대구,반여1동,dong,constructionYear,ho_yr_002,1980년~1989년,1486.0,1486,False
2024,2025-06-30,21090650,해운대구,재송2동,dong,constructionYear,ho_yr_013,2017년,11.0,11,False
2024,2025-06-30,21100640,사하구,구평동,dong,constructionYear,ho_yr_005,2005년~2009년,,N/A,True
2024,2025-06-30,21050740,부산진구,개금1동,dong,constructionYear,ho_yr_013,2017년,251.0,251,False
2024,2025-06-30,21050550,부산진구,초읍동,dong,constructionYear,ho_yr_013,2017년,76.0,76,False
2024,2025-06-30,21070600,남구,용호4동,dong,constructionYear,ho_yr_016,2020년,11.0,11,False
2024,2025-06-30,21080520,북구,구포2동,dong,constructionYear,ho_yr_001,1979년 이전,293.0,293,False
2024,2025-06-30,21070670,남구,문현2동,dong,constructionYear,ho_yr_005,2005년~2009년,346.0,346,False
2024,2025-06-30,21130550,연제구,연산1동,dong,constructionYear,ho_yr_014,2018년,43.0,43,False
2024,2025-06-30,21040630,영도구,청학1동,dong,constructionYear,ho_yr_017,2021년,,N/A,True
2024,2025-06-30,21040530,영도구,남항동,dong,constructionYear,ho_yr_001,1979년 이전,1010.0,1010,False
2024,2025-06-30,21110730,금정구,금사회동동,dong,constructionYear,ho_yr_006,2010년,,N/A,True
2024,2025-06-30,21120550,강서구,가락동,dong,constructionYear,ho_yr_001,1979년 이전,309.0,309,False
2024,2025-06-30,21060610,동래구,안락1동,dong,constructionYear,ho_yr_017,2021년,43.0,43,False
2024,2025-06-30,21050840,부산진구,범천2동,dong,constructionYear,ho_yr_011,2015년,,N/A,True
2024,2025-06-30,21020690,서구,남부민2동,dong,constructionYear,ho_yr_014,2018년,24.0,24,False
2024,2025-06-30,21030520,동구,초량2동,dong,constructionYear,ho_yr_007,2011년,27.0,27,False
2024,2025-06-30,21110610,금정구,장전1동,dong,constructionYear,ho_yr_011,2015년,436.0,436,False
2024,2025-06-30,21050840,부산진구,범천2동,dong,constructionYear,ho_yr_003,1990년~1999년,1098.0,1098,False
2024,2025-06-30,21040530,영도구,남항동,dong,constructionYear,ho_yr_015,2019년,196.0,196,False
2024,2025-06-30,21060600,동래구,사직3동,dong,constructionYear,ho_yr_007,2011년,49.0,49,False
2024,2025-06-30,21120530,강서구,강동동,dong,constructionYear,ho_yr_010,2014년,9.0,9,False
2024,2025-06-30,21020690,서구,남부민2동,dong,constructionYear,ho_yr_008,2012년,,N/A,True
2024,2025-06-30,21050560,부산진구,양정1동,dong,constructionYear,ho_yr_018,2022년,28.0,28,False
2024,2025-06-30,21020520,서구,동대신2동,dong,constructionYear,ho_yr_005,2005년~2009년,180.0,180,False
2024,2025-06-30,21050810,부산진구,가야1동,dong,constructionYear,ho_yr_015,2019년,147.0,147,False
2024,2025-06-30,21020530,서구,동대신3동,dong,constructionYear,ho_yr_005,2005년~2009년,29.0,29,False
2024,2025-06-30,21100520,사하구,괴정2동,dong,constructionYear,ho_yr_012,2016년,84.0,84,False
2024,2025-06-30,21140550,수영구,망미2동,dong,constructionYear,ho_yr_001,1979년 이전,600.0,600,False
2024,2025-06-30,21020530,서구,동대신3동,dong,constructionYear,ho_yr_007,2011년,114.0,114,False
2024,2025-06-30,21070680,남구,문현3동,dong,constructionYear,ho_yr_006,2010년,5.0,5,False
2024,2025-06-30,21120550,강서구,가락동,dong,constructionYear,ho_yr_017,2021년,,N/A,True
2024,2025-06-30,21030710,동구,범일1동,dong,constructionYear,ho_yr_016,2020년,,N/A,True
2024,2025-06-30,21020630,서구,초장동,dong,constructionYear,ho_yr_003,1990년~1999년,446.0,446,False
2024,2025-06-30,21130520,연제구,거제2동,dong,constructionYear,ho_yr_007,2011년,387.0,387,False
2024,2025-06-30,21150620,사상구,주례3동,dong,constructionYear,ho_yr_001,1979년 이전,110.0,110,False
2024,2025-06-30,21050560,부산진구,양정1동,dong,constructionYear,ho_yr_010,2014년,20.0,20,False
2024,2025-06-30,21020590,서구,부민동,dong,constructionYear,ho_yr_007,2011년,57.0,57,False
2024,2025-06-30,21140580,수영구,광안3동,dong,constructionYear,ho_yr_008,2012년,430.0,430,False
2024,2025-06-30,21070600,남구,용호4동,dong,constructionYear,ho_yr_011,2015년,8.0,8,False
2024,2025-06-30,21070710,남구,우암동,dong,constructionYear,ho_yr_008,2012년,,N/A,True
2024,2025-06-30,21050720,부산진구,가야2동,dong,constructionYear,ho_yr_018,2022년,938.0,938,False
2024,2025-06-30,21080550,북구,화명1동,dong,constructionYear,ho_yr_002,1980년~1989년,298.0,298,False
2024,2025-06-30,21060580,동래구,사직1동,dong,constructionYear,ho_yr_008,2012년,85.0,85,False
2024,2025-06-30,21130550,연제구,연산1동,dong,constructionYear,ho_yr_018,2022년,25.0,25,False
2024,2025-06-30,21110730,금정구,금사회동동,dong,constructionYear,ho_yr_010,2014년,,N/A,True
2024,2025-06-30,21090700,해운대구,반여1동,dong,constructionYear,ho_yr_018,2022년,646.0,646,False
2024,2025-06-30,21050550,부산진구,초읍동,dong,constructionYear,ho_yr_009,2013년,124.0,124,False
2024,2025-06-30,21510111,기장군,일광읍,dong,constructionYear,ho_yr_011,2015년,85.0,85,False
2024,2025-06-30,21040640,영도구,청학2동,dong,constructionYear,ho_yr_013,2017년,52.0,52,False
2024,2025-06-30,21060610,동래구,안락1동,dong,constructionYear,ho_yr_015,2019년,135.0,135,False
2024,2025-06-30,21010510,중구,중앙동,dong,constructionYear,ho_yr_006,2010년,,N/A,True
2024,2025-06-30,21060630,동래구,명장1동,dong,constructionYear,ho_yr_012,2016년,18.0,18,False
2024,2025-06-30,21150570,사상구,괘법동,dong,constructionYear,ho_yr_016,2020년,107.0,107,False
2024,2025-06-30,21060550,동래구,온천1동,dong,constructionYear,ho_yr_011,2015년,270.0,270,False
2024,2025-06-30,21040670,영도구,동삼3동,dong,constructionYear,ho_yr_001,1979년 이전,95.0,95,False
2024,2025-06-30,21080560,북구,덕천1동,dong,constructionYear,ho_yr_009,2013년,8.0,8,False
2024,2025-06-30,21150520,사상구,모라1동,dong,constructionYear,ho_yr_017,2021년,398.0,398,False
2024,2025-06-30,21070530,남구,대연3동,dong,constructionYear,ho_yr_001,1979년 이전,302.0,302,False
2024,2025-06-30,21100640,사하구,구평동,dong,constructionYear,ho_yr_012,2016년,1068.0,1068,False
2024,2025-06-30,21150560,사상구,덕포2동,dong,constructionYear,ho_yr_005,2005년~2009년,353.0,353,False
2024,2025-06-30,21100620,사하구,다대1동,dong,constructionYear,ho_yr_004,2000년~2004년,119.0,119,False
2024,2025-06-30,21060590,동래구,사직2동,dong,constructionYear,ho_yr_017,2021년,,N/A,True
2024,2025-06-30,21080570,북구,덕천2동,dong,constructionYear,ho_yr_019,2023년,,N/A,True
2024,2025-06-30,21040680,영도구,신선동,dong,constructionYear,ho_yr_003,1990년~1999년,805.0,805,False
2024,2025-06-30,21090700,해운대구,반여1동,dong,constructionYear,ho_yr_015,2019년,10.0,10,False
2024,2025-06-30,21020680,서구,암남동,dong,constructionYear,ho_yr_004,2000년~2004년,343.0,343,False
2024,2025-06-30,21110740,금정구,장전2동,dong,constructionYear,ho_yr_018,2022년,28.0,28,False
2024,2025-06-30,21110670,금정구,청룡노포동,dong,constructionYear,ho_yr_008,2012년,33.0,33,False
2024,2025-06-30,21110680,금정구,남산동,dong,constructionYear,ho_yr_005,2005년~2009년,193.0,193,False
2024,2025-06-30,21040670,영도구,동삼3동,dong,constructionYear,ho_yr_003,1990년~1999년,4330.0,4330,False
2024,2025-06-30,21080530,북구,구포3동,dong,constructionYear,ho_yr_003,1990년~1999년,5762.0,5762,False
2024,2025-06-30,21140530,수영구,수영동,dong,constructionYear,ho_yr_009,2013년,128.0,128,False
2024,2025-06-30,21090660,해운대구,좌1동,dong,constructionYear,ho_yr_007,2011년,403.0,403,False
2024,2025-06-30,21090730,해운대구,우1동,dong,constructionYear,ho_yr_008,2012년,292.0,292,False
2024,2025-06-30,21050820,부산진구,부전1동,dong,constructionYear,ho_yr_002,1980년~1989년,449.0,449,False
2024,2025-06-30,21110640,금정구,선두구동,dong,constructionYear,ho_yr_015,2019년,16.0,16,False
2024,2025-06-30,21030700,동구,좌천동,dong,constructionYear,ho_yr_006,2010년,,N/A,True
2024,2025-06-30,21110520,금정구,서2동,dong,constructionYear,ho_yr_012,2016년,,N/A,True
2024,2025-06-30,21110710,금정구,금성동,dong,constructionYear,ho_yr_007,2011년,,N/A,True
2024,2025-06-30,21050640,부산진구,부암1동,dong,constructionYear,ho_yr_018,2022년,667.0,667,False
2024,2025-06-30,21070560,남구,대연6동,dong,constructionYear,ho_yr_002,1980년~1989년,341.0,341,False
2024,2025-06-30,21010530,중구,대청동,dong,constructionYear,ho_yr_009,2013년,216.0,216,False
2024,2025-06-30,21060520,동래구,복산동,dong,constructionYear,ho_yr_008,2012년,,N/A,True
2024,2025-06-30,21150640,사상구,엄궁동,dong,constructionYear,ho_yr_006,2010년,1793.0,1793,False
2024,2025-06-30,21070620,남구,감만1동,dong,constructionYear,ho_yr_009,2013년,,N/A,True
2024,2025-06-30,21130600,연제구,연산6동,dong,constructionYear,ho_yr_005,2005년~2009년,454.0,454,False
2024,2025-06-30,21080560,북구,덕천1동,dong,constructionYear,ho_yr_003,1990년~1999년,2130.0,2130,False
2024,2025-06-30,21100660,사하구,감천2동,dong,constructionYear,ho_yr_010,2014년,10.0,10,False
2024,2025-06-30,21010570,중구,광복동,dong,constructionYear,ho_yr_010,2014년,,N/A,True
2024,2025-06-30,21100540,사하구,괴정4동,dong,constructionYear,ho_yr_014,2018년,,N/A,True
2024,2025-06-30,21090750,해운대구,우3동,dong,constructionYear,ho_yr_005,2005년~2009년,1178.0,1178,False
2024,2025-06-30,21050680,부산진구,당감2동,dong,constructionYear,ho_yr_010,2014년,34.0,34,False
2024,2025-06-30,21130620,연제구,연산8동,dong,constructionYear,ho_yr_002,1980년~1989년,957.0,957,False
2024,2025-06-30,21060600,동래구,사직3동,dong,constructionYear,ho_yr_018,2022년,84.0,84,False
2024,2025-06-30,21510111,기장군,일광읍,dong,constructionYear,ho_yr_016,2020년,6227.0,6227,False
2024,2025-06-30,21030530,동구,초량3동,dong,constructionYear,ho_yr_017,2021년,449.0,449,False
2024,2025-06-30,21110700,금정구,구서2동,dong,constructionYear,ho_yr_015,2019년,76.0,76,False
2024,2025-06-30,21110670,금정구,청룡노포동,dong,constructionYear,ho_yr_011,2015년,41.0,41,False
2024,2025-06-30,21090730,해운대구,우1동,dong,constructionYear,ho_yr_010,2014년,211.0,211,False
2024,2025-06-30,21110580,금정구,부곡2동,dong,constructionYear,ho_yr_014,2018년,20.0,20,False
2024,2025-06-30,21140550,수영구,망미2동,dong,constructionYear,ho_yr_004,2000년~2004년,1169.0,1169,False
2024,2025-06-30,21090590,해운대구,반여3동,dong,constructionYear,ho_yr_004,2000년~2004년,65.0,65,False
2024,2025-06-30,21040640,영도구,청학2동,dong,constructionYear,ho_yr_002,1980년~1989년,1062.0,1062,False
2024,2025-06-30,21070530,남구,대연3동,dong,constructionYear,ho_yr_012,2016년,313.0,313,False
2024,2025-06-30,21040590,영도구,봉래1동,dong,constructionYear,ho_yr_002,1980년~1989년,130.0,130,False
2024,2025-06-30,21020540,서구,서대신1동,dong,constructionYear,ho_yr_018,2022년,732.0,732,False
2024,2025-06-30,21070700,남구,대연1동,dong,constructionYear,ho_yr_007,2011년,566.0,566,False
2024,2025-06-30,21080590,북구,만덕1동,dong,constructionYear,ho_yr_010,2014년,8.0,8,False
2024,2025-06-30,21110730,금정구,금사회동동,dong,constructionYear,ho_yr_011,2015년,255.0,255,False
2024,2025-06-30,21050610,부산진구,전포2동,dong,constructionYear,ho_yr_003,1990년~1999년,1492.0,1492,False
2024,2025-06-30,21060620,동래구,안락2동,dong,constructionYear,ho_yr_013,2017년,77.0,77,False
2024,2025-06-30,21060640,동래구,명장2동,dong,constructionYear,ho_yr_006,2010년,,N/A,True
2024,2025-06-30,21120530,강서구,강동동,dong,constructionYear,ho_yr_006,2010년,5.0,5,False
2024,2025-06-30,21010600,중구,영주2동,dong,constructionYear,ho_yr_018,2022년,9.0,9,False
2024,2025-06-30,21070580,남구,용호2동,dong,constructionYear,ho_yr_018,2022년,12.0,12,False
2024,2025-06-30,21080630,북구,화명3동,dong,constructionYear,ho_yr_006,2010년,,N/A,True
2024,2025-06-30,21020610,서구,아미동,dong,constructionYear,ho_yr_012,2016년,22.0,22,False
2024,2025-06-30,21110610,금정구,장전1동,dong,constructionYear,ho_yr_004,2000년~2004년,1574.0,1574,False
2024,2025-06-30,21020570,서구,서대신4동,dong,constructionYear,ho_yr_014,2018년,433.0,433,False
2024,2025-06-30,21090530,해운대구,중1동,dong,constructionYear,ho_yr_006,2010년,100.0,100,False
2024,2025-06-30,21140600,수영구,민락동,dong,constructionYear,ho_yr_009,2013년,30.0,30,False
2024,2025-06-30,21120580,강서구,가덕도동,dong,constructionYear,ho_yr_006,2010년,35.0,35,False
2024,2025-06-30,21080600,북구,만덕2동,dong,constructionYear,ho_yr_017,2021년,,N/A,True
2024,2025-06-30,21100650,사하구,감천1동,dong,constructionYear,ho_yr_014,2018년,160.0,160,False
2024,2025-06-30,21030510,동구,초량1동,dong,constructionYear,ho_yr_006,2010년,25.0,25,False
2024,2025-06-30,21060630,동래구,명장1동,dong,constructionYear,ho_yr_006,2010년,10.0,10,False
2024,2025-06-30,21100620,사하구,다대1동,dong,constructionYear,ho_yr_008,2012년,915.0,915,False
2024,2025-06-30,21110680,금정구,남산동,dong,constructionYear,ho_yr_003,1990년~1999년,4067.0,4067,False
2024,2025-06-30,21080580,북구,덕천3동,dong,constructionYear,ho_yr_006,2010년,5.0,5,False
2024,2025-06-30,21140590,수영구,광안4동,dong,constructionYear,ho_yr_019,2023년,19.0,19,False
2024,2025-06-30,21060580,동래구,사직1동,dong,constructionYear,ho_yr_004,2000년~2004년,418.0,418,False
2024,2025-06-30,21020510,서구,동대신1동,dong,constructionYear,ho_yr_015,2019년,23.0,23,False
2024,2025-06-30,21130580,연제구,연산4동,dong,constructionYear,ho_yr_018,2022년,33.0,33,False
2024,2025-06-30,21050830,부산진구,전포1동,dong,constructionYear,ho_yr_012,2016년,123.0,123,False
2024,2025-06-30,21150570,사상구,괘법동,dong,constructionYear,ho_yr_010,2014년,264.0,264,False
2024,2025-06-30,21050810,부산진구,가야1동,dong,constructionYear,ho_yr_018,2022년,16.0,16,False
2024,2025-06-30,21070600,남구,용호4동,dong,constructionYear,ho_yr_005,2005년~2009년,43.0,43,False
2024,2025-06-30,21120530,강서구,강동동,dong,constructionYear,ho_yr_016,2020년,18.0,18,False
2024,2025-06-30,21060510,동래구,수민동,dong,constructionYear,ho_yr_009,2013년,262.0,262,False
2024,2025-06-30,21030710,동구,범일1동,dong,constructionYear,ho_yr_013,2017년,44.0,44,False
2024,2025-06-30,21110590,금정구,부곡3동,dong,constructionYear,ho_yr_005,2005년~2009년,188.0,188,False
2024,2025-06-30,21100660,사하구,감천2동,dong,constructionYear,ho_yr_016,2020년,,N/A,True
2024,2025-06-30,21090740,해운대구,우2동,dong,constructionYear,ho_yr_012,2016년,,N/A,True
2024,2025-06-30,21050750,부산진구,개금2동,dong,constructionYear,ho_yr_002,1980년~1989년,296.0,296,False
2024,2025-06-30,21140540,수영구,망미1동,dong,constructionYear,ho_yr_017,2021년,101.0,101,False
2024,2025-06-30,21050740,부산진구,개금1동,dong,constructionYear,ho_yr_007,2011년,151.0,151,False
2024,2025-06-30,21070540,남구,대연4동,dong,constructionYear,ho_yr_013,2017년,12.0,12,False
2024,2025-06-30,21510130,기장군,정관읍,dong,constructionYear,ho_yr_013,2017년,2243.0,2243,False
2024,2025-06-30,21130570,연제구,연산3동,dong,constructionYear,ho_yr_008,2012년,13.0,13,False
2024,2025-06-30,21010510,중구,중앙동,dong,constructionYear,ho_yr_018,2022년,,N/A,True
2024,2025-06-30,21130620,연제구,연산8동,dong,constructionYear,ho_yr_003,1990년~1999년,672.0,672,False
2024,2025-06-30,21050640,부산진구,부암1동,dong,constructionYear,ho_yr_010,2014년,764.0,764,False
2024,2025-06-30,21140540,수영구,망미1동,dong,constructionYear,ho_yr_012,2016년,46.0,46,False
2024,2025-06-30,21030510,동구,초량1동,dong,constructionYear,ho_yr_012,2016년,,N/A,True
2024,2025-06-30,21070530,남구,대연3동,dong,constructionYear,ho_yr_009,2013년,2667.0,2667,False
2024,2025-06-30,21150550,사상구,덕포1동,dong,constructionYear,ho_yr_002,1980년~1989년,639.0,639,False
2024,2025-06-30,21030680,동구,범일5동,dong,constructionYear,ho_yr_019,2023년,2049.0,2049,False
2024,2025-06-30,21130630,연제구,연산9동,dong,constructionYear,ho_yr_010,2014년,69.0,69,False
2024,2025-06-30,21110590,금정구,부곡3동,dong,constructionYear,ho_yr_009,2013년,226.0,226,False
2024,2025-06-30,21080530,북구,구포3동,dong,constructionYear,ho_yr_010,2014년,5.0,5,False
2024,2025-06-30,21040540,영도구,영선1동,dong,constructionYear,ho_yr_005,2005년~2009년,14.0,14,False
2024,2025-06-30,21060590,동래구,사직2동,dong,constructionYear,ho_yr_003,1990년~1999년,1893.0,1893,False
2024,2025-06-30,21060650,동래구,명륜동,dong,constructionYear,ho_yr_002,1980년~1989년,415.0,415,False
2024,2025-06-30,21070550,남구,대연5동,dong,constructionYear,ho_yr_002,1980년~1989년,302.0,302,False
2024,2025-06-30,21130560,연제구,연산2동,dong,constructionYear,ho_yr_014,2018년,1313.0,1313,False
2024,2025-06-30,21120510,강서구,대저1동,dong,constructionYear,ho_yr_010,2014년,17.0,17,False
2024,2025-06-30,21010590,중구,영주1동,dong,constructionYear,ho_yr_017,2021년,17.0,17,False
2024,2025-06-30,21020680,서구,암남동,dong,constructionYear,ho_yr_012,2016년,147.0,147,False
2024,2025-06-30,21090730,해운대구,우1동,dong,constructionYear,ho_yr_019,2023년,497.0,497,False
2024,2025-06-30,21090730,해운대구,우1동,dong,constructionYear,ho_yr_006,2010년,,N/A,True
2024,2025-06-30,21030590,동구,수정4동,dong,constructionYear,ho_yr_002,1980년~1989년,256.0,256,False
2024,2025-06-30,21080600,북구,만덕2동,dong,constructionYear,ho_yr_003,1990년~1999년,1444.0,1444,False
2024,2025-06-30,21090740,해운대구,우2동,dong,constructionYear,ho_yr_008,2012년,,N/A,True
2024,2025-06-30,21140570,수영구,광안2동,dong,constructionYear,ho_yr_008,2012년,332.0,332,False
2024,2025-06-30,21120600,강서구,명지2동,dong,constructionYear,ho_yr_020,2024년,,N/A,True
2024,2025-06-30,21130560,연제구,연산2동,dong,constructionYear,ho_yr_002,1980년~1989년,564.0,564,False
2024,2025-06-30,21150550,사상구,덕포1동,dong,constructionYear,ho_yr_005,2005년~2009년,9.0,9,False
2024,2025-06-30,21050740,부산진구,개금1동,dong,constructionYear,ho_yr_005,2005년~2009년,149.0,149,False
2024,2025-06-30,21070590,남구,용호3동,dong,constructionYear,ho_yr_017,2021년,13.0,13,False
2024,2025-06-30,21040590,영도구,봉래1동,dong,constructionYear,ho_yr_013,2017년,,N/A,True
2024,2025-06-30,21150630,사상구,학장동,dong,constructionYear,ho_yr_013,2017년,,N/A,True
2024,2025-06-30,21100530,사하구,괴정3동,dong,constructionYear,ho_yr_007,2011년,296.0,296,False
2024,2025-06-30,21110580,금정구,부곡2동,dong,constructionYear,ho_yr_001,1979년 이전,396.0,396,False
2024,2025-06-30,21040690,영도구,봉래2동,dong,constructionYear,ho_yr_007,2011년,,N/A,True
2024,2025-06-30,21030590,동구,수정4동,dong,constructionYear,ho_yr_006,2010년,,N/A,True
2024,2025-06-30,21020590,서구,부민동,dong,constructionYear,ho_yr_003,1990년~1999년,214.0,214,False
2024,2025-06-30,21070570,남구,용호1동,dong,constructionYear,ho_yr_013,2017년,27.0,27,False
2024,2025-06-30,21050570,부산진구,양정2동,dong,constructionYear,ho_yr_010,2014년,291.0,291,False
2024,2025-06-30,21070660,남구,문현1동,dong,constructionYear,ho_yr_011,2015년,63.0,63,False
2024,2025-06-30,21080570,북구,덕천2동,dong,constructionYear,ho_yr_001,1979년 이전,156.0,156,False
2024,2025-06-30,21510110,기장군,기장읍,dong,constructionYear,ho_yr_007,2011년,997.0,997,False
2024,2025-06-30,21020590,서구,부민동,dong,constructionYear,ho_yr_011,2015년,197.0,197,False
2024,2025-06-30,21150650,사상구,감전동,dong,constructionYear,ho_yr_005,2005년~2009년,28.0,28,False
2024,2025-06-30,21090640,해운대구,재송1동,dong,constructionYear,ho_yr_010,2014년,528.0,528,False
2024,2025-06-30,21100570,사하구,하단2동,dong,constructionYear,ho_yr_008,2012년,382.0,382,False
2024,2025-06-30,21030700,동구,좌천동,dong,constructionYear,ho_yr_002,1980년~1989년,457.0,457,False
2024,2025-06-30,21020690,서구,남부민2동,dong,constructionYear,ho_yr_001,1979년 이전,841.0,841,False
2024,2025-06-30,21130630,연제구,연산9동,dong,constructionYear,ho_yr_007,2011년,,N/A,True
2024,2025-06-30,21,부산광역시,부산광역시,city,total,to_ho_001,총주택(거처)수,1227697.0,1227697,False
2024,2025-06-30,21060,동래구,동래구,district,total,to_ho_001,총주택(거처)수,95982.0,95982,False
2024,2025-06-30,21030,동구,동구,district,total,to_ho_001,총주택(거처)수,31516.0,31516,False
2024,2025-06-30,21110,금정구,금정구,district,total,to_ho_001,총주택(거처)수,79636.0,79636,False
2024,2025-06-30,21020,서구,서구,district,total,to_ho_001,총주택(거처)수,40213.0,40213,False
2024,2025-06-30,21100,사하구,사하구,district,total,to_ho_001,총주택(거처)수,112777.0,112777,False
2024,2025-06-30,21040,영도구,영도구,district,total,to_ho_001,총주택(거처)수,42662.0,42662,False
2024,2025-06-30,21080,북구,북구,district,total,to_ho_001,총주택(거처)수,104364.0,104364,False
2024,2025-06-30,21150,사상구,사상구,district,total,to_ho_001,총주택(거처)수,76194.0,76194,False
2024,2025-06-30,21140,수영구,수영구,district,total,to_ho_001,총주택(거처)수,67011.0,67011,False
2024,2025-06-30,21050,부산진구,부산진구,district,total,to_ho_001,총주택(거처)수,138570.0,138570,False
2024,2025-06-30,21510,기장군,기장군,district,total,to_ho_001,총주택(거처)수,64028.0,64028,False
2024,2025-06-30,21130,연제구,연제구,district,total,to_ho_001,총주택(거처)수,78339.0,78339,False
2024,2025-06-30,21090,해운대구,해운대구,district,total,to_ho_001,총주택(거처)수,135708.0,135708,False
2024,2025-06-30,21070,남구,남구,district,total,to_ho_001,총주택(거처)수,99670.0,99670,False
2024,2025-06-30,21120,강서구,강서구,district,total,to_ho_001,총주택(거처)수,46827.0,46827,False
2024,2025-06-30,21010,중구,중구,district,total,to_ho_001,총주택(거처)수,14200.0,14200,False
2024,2025-06-30,21060510,동래구,수민동,dong,total,to_ho_001,총주택(거처)수,11802.0,11802,False
2024,2025-06-30,21100520,사하구,괴정2동,dong,total,to_ho_001,총주택(거처)수,5520.0,5520,False
2024,2025-06-30,21070680,남구,문현3동,dong,total,to_ho_001,총주택(거처)수,6057.0,6057,False
2024,2025-06-30,21150650,사상구,감전동,dong,total,to_ho_001,총주택(거처)수,3865.0,3865,False
2024,2025-06-30,21080510,북구,구포1동,dong,total,to_ho_001,총주택(거처)수,5295.0,5295,False
2024,2025-06-30,21130630,연제구,연산9동,dong,total,to_ho_001,총주택(거처)수,12203.0,12203,False
2024,2025-06-30,21090730,해운대구,우1동,dong,total,to_ho_001,총주택(거처)수,7834.0,7834,False
2024,2025-06-30,21090530,해운대구,중1동,dong,total,to_ho_001,총주택(거처)수,8389.0,8389,False
2024,2025-06-30,21010590,중구,영주1동,dong,total,to_ho_001,총주택(거처)수,1703.0,1703,False
2024,2025-06-30,21010570,중구,광복동,dong,total,to_ho_001,총주택(거처)수,322.0,322,False
2024,2025-06-30,21120530,강서구,강동동,dong,total,to_ho_001,총주택(거처)수,2137.0,2137,False
2024,2025-06-30,21050800,부산진구,당감1동,dong,total,to_ho_001,총주택(거처)수,8500.0,8500,False
2024,2025-06-30,21130550,연제구,연산1동,dong,total,to_ho_001,총주택(거처)수,5877.0,5877,False
2024,2025-06-30,21100640,사하구,구평동,dong,total,to_ho_001,총주택(거처)수,4756.0,4756,False
2024,2025-06-30,21050660,부산진구,부암3동,dong,total,to_ho_001,총주택(거처)수,7647.0,7647,False
2024,2025-06-30,21510120,기장군,장안읍,dong,total,to_ho_001,총주택(거처)수,3172.0,3172,False
2024,2025-06-30,21070600,남구,용호4동,dong,total,to_ho_001,총주택(거처)수,3225.0,3225,False
2024,2025-06-30,21050570,부산진구,양정2동,dong,total,to_ho_001,총주택(거처)수,5450.0,5450,False
2024,2025-06-30,21140510,수영구,남천1동,dong,total,to_ho_001,총주택(거처)수,6210.0,6210,False
2024,2025-06-30,21110640,금정구,선두구동,dong,total,to_ho_001,총주택(거처)수,674.0,674,False
2024,2025-06-30,21090650,해운대구,재송2동,dong,total,to_ho_001,총주택(거처)수,9048.0,9048,False
2024,2025-06-30,21150510,사상구,삼락동,dong,total,to_ho_001,총주택(거처)수,1545.0,1545,False
2024,2025-06-30,21150540,사상구,모라3동,dong,total,to_ho_001,총주택(거처)수,5898.0,5898,False
2024,2025-06-30,21090660,해운대구,좌1동,dong,total,to_ho_001,총주택(거처)수,5539.0,5539,False
2024,2025-06-30,21510330,기장군,철마면,dong,total,to_ho_001,총주택(거처)수,3046.0,3046,False
2024,2025-06-30,21060520,동래구,복산동,dong,total,to_ho_001,총주택(거처)수,3055.0,3055,False
2024,2025-06-30,21080620,북구,화명2동,dong,total,to_ho_001,총주택(거처)수,6532.0,6532,False
2024,2025-06-30,21110690,금정구,구서1동,dong,total,to_ho_001,총주택(거처)수,6791.0,6791,False
2024,2025-06-30,21100600,사하구,장림1동,dong,total,to_ho_001,총주택(거처)수,4464.0,4464,False
2024,2025-06-30,21040630,영도구,청학1동,dong,total,to_ho_001,총주택(거처)수,2129.0,2129,False
2024,2025-06-30,21110610,금정구,장전1동,dong,total,to_ho_001,총주택(거처)수,8540.0,8540,False
2024,2025-06-30,21150520,사상구,모라1동,dong,total,to_ho_001,총주택(거처)수,9723.0,9723,False
2024,2025-06-30,21060590,동래구,사직2동,dong,total,to_ho_001,총주택(거처)수,8169.0,8169,False
2024,2025-06-30,21050740,부산진구,개금1동,dong,total,to_ho_001,총주택(거처)수,6922.0,6922,False
2024,2025-06-30,21010560,중구,부평동,dong,total,to_ho_001,총주택(거처)수,1463.0,1463,False
2024,2025-06-30,21120561,강서구,녹산동,dong,total,to_ho_001,총주택(거처)수,6862.0,6862,False
2024,2025-06-30,21060580,동래구,사직1동,dong,total,to_ho_001,총주택(거처)수,3864.0,3864,False
2024,2025-06-30,21020650,서구,남부민1동,dong,total,to_ho_001,총주택(거처)수,1711.0,1711,False
2024,2025-06-30,21070530,남구,대연3동,dong,total,to_ho_001,총주택(거처)수,15744.0,15744,False
2024,2025-06-30,21040660,영도구,동삼2동,dong,total,to_ho_001,총주택(거처)수,1931.0,1931,False
2024,2025-06-30,21040640,영도구,청학2동,dong,total,to_ho_001,총주택(거처)수,6037.0,6037,False
2024,2025-06-30,21130590,연제구,연산5동,dong,total,to_ho_001,총주택(거처)수,6494.0,6494,False
2024,2025-06-30,21150610,사상구,주례2동,dong,total,to_ho_001,총주택(거처)수,8377.0,8377,False
2024,2025-06-30,21060550,동래구,온천1동,dong,total,to_ho_001,총주택(거처)수,9411.0,9411,False
2024,2025-06-30,21070540,남구,대연4동,dong,total,to_ho_001,총주택(거처)수,5078.0,5078,False
2024,2025-06-30,21070580,남구,용호2동,dong,total,to_ho_001,총주택(거처)수,7467.0,7467,False
2024,2025-06-30,21010580,중구,남포동,dong,total,to_ho_001,총주택(거처)수,227.0,227,False
2024,2025-06-30,21100570,사하구,하단2동,dong,total,to_ho_001,총주택(거처)수,9696.0,9696,False
2024,2025-06-30,21090720,해운대구,반송1동,dong,total,to_ho_001,총주택(거처)수,4240.0,4240,False
2024,2025-06-30,21510111,기장군,일광읍,dong,total,to_ho_001,총주택(거처)수,11049.0,11049,False
2024,2025-06-30,21100510,사하구,괴정1동,dong,total,to_ho_001,총주택(거처)수,6621.0,6621,False
2024,2025-06-30,21150570,사상구,괘법동,dong,total,to_ho_001,총주택(거처)수,8328.0,8328,False
2024,2025-06-30,21110570,금정구,부곡1동,dong,total,to_ho_001,총주택(거처)수,3012.0,3012,False
2024,2025-06-30,21070700,남구,대연1동,dong,total,to_ho_001,총주택(거처)수,7714.0,7714,False
2024,2025-06-30,21050560,부산진구,양정1동,dong,total,to_ho_001,총주택(거처)수,7128.0,7128,False
2024,2025-06-30,21040530,영도구,남항동,dong,total,to_ho_001,총주택(거처)수,3768.0,3768,False
2024,2025-06-30,21030570,동구,수정2동,dong,total,to_ho_001,총주택(거처)수,3390.0,3390,False
2024,2025-06-30,21080520,북구,구포2동,dong,total,to_ho_001,총주택(거처)수,8486.0,8486,False
2024,2025-06-30,21080610,북구,만덕3동,dong,total,to_ho_001,총주택(거처)수,6666.0,6666,False
2024,2025-06-30,21140590,수영구,광안4동,dong,total,to_ho_001,총주택(거처)수,4963.0,4963,False
2024,2025-06-30,21080630,북구,화명3동,dong,total,to_ho_001,총주택(거처)수,9811.0,9811,False
2024,2025-06-30,21050770,부산진구,범천1동,dong,total,to_ho_001,총주택(거처)수,4345.0,4345,False
2024,2025-06-30,21100530,사하구,괴정3동,dong,total,to_ho_001,총주택(거처)수,4634.0,4634,False
2024,2025-06-30,21050720,부산진구,가야2동,dong,total,to_ho_001,총주택(거처)수,6519.0,6519,False
2024,2025-06-30,21050820,부산진구,부전1동,dong,total,to_ho_001,총주택(거처)수,4391.0,4391,False
2024,2025-06-30,21100620,사하구,다대1동,dong,total,to_ho_001,총주택(거처)수,14525.0,14525,False
2024,2025-06-30,21130560,연제구,연산2동,dong,total,to_ho_001,총주택(거처)수,8844.0,8844,False
2024,2025-06-30,21060570,동래구,온천3동,dong,total,to_ho_001,총주택(거처)수,12754.0,12754,False
2024,2025-06-30,21080580,북구,덕천3동,dong,total,to_ho_001,총주택(거처)수,4366.0,4366,False
2024,2025-06-30,21050640,부산진구,부암1동,dong,total,to_ho_001,총주택(거처)수,8557.0,8557,False
2024,2025-06-30,21080560,북구,덕천1동,dong,total,to_ho_001,총주택(거처)수,5945.0,5945,False
2024,2025-06-30,21090580,해운대구,반여2동,dong,total,to_ho_001,총주택(거처)수,4741.0,4741,False
2024,2025-06-30,21050830,부산진구,전포1동,dong,total,to_ho_001,총주택(거처)수,8211.0,8211,False
2024,2025-06-30,21060560,동래구,온천2동,dong,total,to_ho_001,총주택(거처)수,8729.0,8729,False
2024,2025-06-30,21070670,남구,문현2동,dong,total,to_ho_001,총주택(거처)수,2630.0,2630,False
2024,2025-06-30,21050550,부산진구,초읍동,dong,total,to_ho_001,총주택(거처)수,7944.0,7944,False
2024,2025-06-30,21040590,영도구,봉래1동,dong,total,to_ho_001,총주택(거처)수,2351.0,2351,False
2024,2025-06-30,21010520,중구,동광동,dong,total,to_ho_001,총주택(거처)수,937.0,937,False
2024,2025-06-30,21070590,남구,용호3동,dong,total,to_ho_001,총주택(거처)수,4036.0,4036,False
2024,2025-06-30,21100660,사하구,감천2동,dong,total,to_ho_001,총주택(거처)수,2286.0,2286,False
2024,2025-06-30,21070660,남구,문현1동,dong,total,to_ho_001,총주택(거처)수,4051.0,4051,False
2024,2025-06-30,21080550,북구,화명1동,dong,total,to_ho_001,총주택(거처)수,13877.0,13877,False
2024,2025-06-30,21150630,사상구,학장동,dong,total,to_ho_001,총주택(거처)수,10837.0,10837,False
2024,2025-06-30,21110740,금정구,장전2동,dong,total,to_ho_001,총주택(거처)수,9043.0,9043,False
2024,2025-06-30,21060600,동래구,사직3동,dong,total,to_ho_001,총주택(거처)수,5481.0,5481,False
2024,2025-06-30,21090740,해운대구,우2동,dong,total,to_ho_001,총주택(거처)수,9661.0,9661,False
2024,2025-06-30,21040650,영도구,동삼1동,dong,total,to_ho_001,총주택(거처)수,12065.0,12065,False
2024,2025-06-30,21030590,동구,수정4동,dong,total,to_ho_001,총주택(거처)수,1541.0,1541,False
2024,2025-06-30,21070630,남구,감만2동,dong,total,to_ho_001,총주택(거처)수,2524.0,2524,False
2024,2025-06-30,21100610,사하구,장림2동,dong,total,to_ho_001,총주택(거처)수,9844.0,9844,False
2024,2025-06-30,21120580,강서구,가덕도동,dong,total,to_ho_001,총주택(거처)수,1856.0,1856,False
2024,2025-06-30,21090680,해운대구,좌3동,dong,total,to_ho_001,총주택(거처)수,6099.0,6099,False
2024,2025-06-30,21140570,수영구,광안2동,dong,total,to_ho_001,총주택(거처)수,7318.0,7318,False
2024,2025-06-30,21050520,부산진구,부전2동,dong,total,to_ho_001,총주택(거처)수,4105.0,4105,False
2024,2025-06-30,21140580,수영구,광안3동,dong,total,to_ho_001,총주택(거처)수,3924.0,3924,False
2024,2025-06-30,21110670,금정구,청룡노포동,dong,total,to_ho_001,총주택(거처)수,3559.0,3559,False
2024,2025-06-30,21140600,수영구,민락동,dong,total,to_ho_001,총주택(거처)수,10577.0,10577,False
2024,2025-06-30,21130600,연제구,연산6동,dong,total,to_ho_001,총주택(거처)수,5534.0,5534,False
2024,2025-06-30,21020530,서구,동대신3동,dong,total,to_ho_001,총주택(거처)수,2848.0,2848,False
2024,2025-06-30,21030550,동구,초량6동,dong,total,to_ho_001,총주택(거처)수,1943.0,1943,False
2024,2025-06-30,21110590,금정구,부곡3동,dong,total,to_ho_001,총주택(거처)수,5530.0,5530,False
2024,2025-06-30,21110730,금정구,금사회동동,dong,total,to_ho_001,총주택(거처)수,2619.0,2619,False
2024,2025-06-30,21050760,부산진구,개금3동,dong,total,to_ho_001,총주택(거처)수,11010.0,11010,False
2024,2025-06-30,21050750,부산진구,개금2동,dong,total,to_ho_001,총주택(거처)수,4390.0,4390,False
2024,2025-06-30,21090620,해운대구,반송2동,dong,total,to_ho_001,총주택(거처)수,9407.0,9407,False
2024,2025-06-30,21110600,금정구,부곡4동,dong,total,to_ho_001,총주택(거처)수,4685.0,4685,False
2024,2025-06-30,21030680,동구,범일5동,dong,total,to_ho_001,총주택(거처)수,3651.0,3651,False
2024,2025-06-30,21130520,연제구,거제2동,dong,total,to_ho_001,총주택(거처)수,8544.0,8544,False
2024,2025-06-30,21040540,영도구,영선1동,dong,total,to_ho_001,총주택(거처)수,1187.0,1187,False
2024,2025-06-30,21020630,서구,초장동,dong,total,to_ho_001,총주택(거처)수,1440.0,1440,False
2024,2025-06-30,21070560,남구,대연6동,dong,total,to_ho_001,총주택(거처)수,5491.0,5491,False
2024,2025-06-30,21010600,중구,영주2동,dong,total,to_ho_001,총주택(거처)수,2638.0,2638,False
2024,2025-06-30,21010540,중구,보수동,dong,total,to_ho_001,총주택(거처)수,4014.0,4014,False
2024,2025-06-30,21120562,강서구,신호동,dong,total,to_ho_001,총주택(거처)수,5311.0,5311,False
2024,2025-06-30,21130530,연제구,거제3동,dong,total,to_ho_001,총주택(거처)수,3605.0,3605,False
2024,2025-06-30,21020690,서구,남부민2동,dong,total,to_ho_001,총주택(거처)수,3183.0,3183,False
2024,2025-06-30,21510110,기장군,기장읍,dong,total,to_ho_001,총주택(거처)수,19738.0,19738,False
2024,2025-06-30,21030600,동구,수정5동,dong,total,to_ho_001,총주택(거처)수,1716.0,1716,False
2024,2025-06-30,21130510,연제구,거제1동,dong,total,to_ho_001,총주택(거처)수,10006.0,10006,False
2024,2025-06-30,21140560,수영구,광안1동,dong,total,to_ho_001,총주택(거처)수,10594.0,10594,False
2024,2025-06-30,21020680,서구,암남동,dong,total,to_ho_001,총주택(거처)수,6365.0,6365,False
2024,2025-06-30,21090690,해운대구,좌4동,dong,total,to_ho_001,총주택(거처)수,8125.0,8125,False
2024,2025-06-30,21100590,사하구,신평2동,dong,total,to_ho_001,총주택(거처)수,5345.0,5345,False
2024,2025-06-30,21150560,사상구,덕포2동,dong,total,to_ho_001,총주택(거처)수,4271.0,4271,False
2024,2025-06-30,21070690,남구,문현4동,dong,total,to_ho_001,총주택(거처)수,3550.0,3550,False
2024,2025-06-30,21020610,서구,아미동,dong,total,to_ho_001,총주택(거처)수,2873.0,2873,False
2024,2025-06-30,21090590,해운대구,반여3동,dong,total,to_ho_001,총주택(거처)수,3261.0,3261,False
2024,2025-06-30,21100560,사하구,하단1동,dong,total,to_ho_001,총주택(거처)수,7799.0,7799,False
2024,2025-06-30,21050680,부산진구,당감2동,dong,total,to_ho_001,총주택(거처)수,4414.0,4414,False
2024,2025-06-30,21110520,금정구,서2동,dong,total,to_ho_001,총주택(거처)수,2888.0,2888,False
2024,2025-06-30,21120590,강서구,명지1동,dong,total,to_ho_001,총주택(거처)수,17343.0,17343,False
2024,2025-06-30,21110700,금정구,구서2동,dong,total,to_ho_001,총주택(거처)수,11235.0,11235,False
2024,2025-06-30,21140530,수영구,수영동,dong,total,to_ho_001,총주택(거처)수,4995.0,4995,False
2024,2025-06-30,21020520,서구,동대신2동,dong,total,to_ho_001,총주택(거처)수,2527.0,2527,False
2024,2025-06-30,21150640,사상구,엄궁동,dong,total,to_ho_001,총주택(거처)수,8622.0,8622,False
2024,2025-06-30,21010510,중구,중앙동,dong,total,to_ho_001,총주택(거처)수,510.0,510,False
2024,2025-06-30,21060620,동래구,안락2동,dong,total,to_ho_001,총주택(거처)수,9280.0,9280,False
2024,2025-06-30,21070610,남구,용당동,dong,total,to_ho_001,총주택(거처)수,2855.0,2855,False
2024,2025-06-30,21120520,강서구,대저2동,dong,total,to_ho_001,총주택(거처)수,1694.0,1694,False
2024,2025-06-30,21090560,해운대구,송정동,dong,total,to_ho_001,총주택(거처)수,3948.0,3948,False
2024,2025-06-30,21060640,동래구,명장2동,dong,total,to_ho_001,총주택(거처)수,5075.0,5075,False
2024,2025-06-30,21030700,동구,좌천동,dong,total,to_ho_001,총주택(거처)수,4186.0,4186,False
2024,2025-06-30,21510130,기장군,정관읍,dong,total,to_ho_001,총주택(거처)수,27023.0,27023,False
2024,2025-06-30,21020560,서구,서대신3동,dong,total,to_ho_001,총주택(거처)수,2682.0,2682,False
2024,2025-06-30,21070550,남구,대연5동,dong,total,to_ho_001,총주택(거처)수,6495.0,6495,False
2024,2025-06-30,21020570,서구,서대신4동,dong,total,to_ho_001,총주택(거처)수,2633.0,2633,False
2024,2025-06-30,21060630,동래구,명장1동,dong,total,to_ho_001,총주택(거처)수,4700.0,4700,False
2024,2025-06-30,21020590,서구,부민동,dong,total,to_ho_001,총주택(거처)수,2838.0,2838,False
2024,2025-06-30,21010530,중구,대청동,dong,total,to_ho_001,총주택(거처)수,2386.0,2386,False
2024,2025-06-30,21130570,연제구,연산3동,dong,total,to_ho_001,총주택(거처)수,3893.0,3893,False
2024,2025-06-30,21050840,부산진구,범천2동,dong,total,to_ho_001,총주택(거처)수,8919.0,8919,False
2024,2025-06-30,21080570,북구,덕천2동,dong,total,to_ho_001,총주택(거처)수,4537.0,4537,False
2024,2025-06-30,21070710,남구,우암동,dong,total,to_ho_001,총주택(거처)수,4814.0,4814,False
2024,2025-06-30,21080540,북구,금곡동,dong,total,to_ho_001,총주택(거처)수,16489.0,16489,False
2024,2025-06-30,21020510,서구,동대신1동,dong,total,to_ho_001,총주택(거처)수,2025.0,2025,False
2024,2025-06-30,21030660,동구,범일2동,dong,total,to_ho_001,총주택(거처)수,1954.0,1954,False
2024,2025-06-30,21030520,동구,초량2동,dong,total,to_ho_001,총주택(거처)수,1814.0,1814,False
2024,2025-06-30,21110720,금정구,서3동,dong,total,to_ho_001,총주택(거처)수,3445.0,3445,False
2024,2025-06-30,21110680,금정구,남산동,dong,total,to_ho_001,총주택(거처)수,9600.0,9600,False
2024,2025-06-30,21030560,동구,수정1동,dong,total,to_ho_001,총주택(거처)수,1506.0,1506,False
2024,2025-06-30,21100540,사하구,괴정4동,dong,total,to_ho_001,총주택(거처)수,5456.0,5456,False
2024,2025-06-30,21140540,수영구,망미1동,dong,total,to_ho_001,총주택(거처)수,9334.0,9334,False
2024,2025-06-30,21100580,사하구,신평1동,dong,total,to_ho_001,총주택(거처)수,5337.0,5337,False
2024,2025-06-30,21080600,북구,만덕2동,dong,total,to_ho_001,총주택(거처)수,9513.0,9513,False
2024,2025-06-30,21120600,강서구,명지2동,dong,total,to_ho_001,총주택(거처)수,9079.0,9079,False
2024,2025-06-30,21120510,강서구,대저1동,dong,total,to_ho_001,총주택(거처)수,1728.0,1728,False
2024,2025-06-30,21110710,금정구,금성동,dong,total,to_ho_001,총주택(거처)수,323.0,323,False
2024,2025-06-30,21080530,북구,구포3동,dong,total,to_ho_001,총주택(거처)수,6284.0,6284,False
2024,2025-06-30,21060650,동래구,명륜동,dong,total,to_ho_001,총주택(거처)수,8848.0,8848,False
2024,2025-06-30,21090670,해운대구,좌2동,dong,total,to_ho_001,총주택(거처)수,10506.0,10506,False
2024,2025-06-30,21050610,부산진구,전포2동,dong,total,to_ho_001,총주택(거처)수,9827.0,9827,False
2024,2025-06-30,21090540,해운대구,중2동,dong,total,to_ho_001,총주택(거처)수,6536.0,6536,False
2024,2025-06-30,21140550,수영구,망미2동,dong,total,to_ho_001,총주택(거처)수,3721.0,3721,False
2024,2025-06-30,21130540,연제구,거제4동,dong,total,to_ho_001,총주택(거처)수,3562.0,3562,False
2024,2025-06-30,21050700,부산진구,당감4동,dong,total,to_ho_001,총주택(거처)수,3916.0,3916,False
2024,2025-06-30,21030510,동구,초량1동,dong,total,to_ho_001,총주택(거처)수,1690.0,1690,False
2024,2025-06-30,21100550,사하구,당리동,dong,total,to_ho_001,총주택(거처)수,8910.0,8910,False
2024,2025-06-30,21070620,남구,감만1동,dong,total,to_ho_001,총주택(거처)수,3160.0,3160,False
2024,2025-06-30,21150620,사상구,주례3동,dong,total,to_ho_001,총주택(거처)수,4443.0,4443,False
2024,2025-06-30,21150600,사상구,주례1동,dong,total,to_ho_001,총주택(거처)수,5751.0,5751,False
2024,2025-06-30,21020540,서구,서대신1동,dong,total,to_ho_001,총주택(거처)수,5512.0,5512,False
2024,2025-06-30,21090750,해운대구,우3동,dong,total,to_ho_001,총주택(거처)수,8499.0,8499,False
2024,2025-06-30,21070570,남구,용호1동,dong,total,to_ho_001,총주택(거처)수,14779.0,14779,False
2024,2025-06-30,21020640,서구,충무동,dong,total,to_ho_001,총주택(거처)수,3576.0,3576,False
2024,2025-06-30,21100630,사하구,다대2동,dong,total,to_ho_001,총주택(거처)수,11303.0,11303,False
2024,2025-06-30,21150550,사상구,덕포1동,dong,total,to_ho_001,총주택(거처)수,4534.0,4534,False
2024,2025-06-30,21050810,부산진구,가야1동,dong,total,to_ho_001,총주택(거처)수,6993.0,6993,False
2024,2025-06-30,21060610,동래구,안락1동,dong,total,to_ho_001,총주택(거처)수,4814.0,4814,False
2024,2025-06-30,21130580,연제구,연산4동,dong,total,to_ho_001,총주택(거처)수,5236.0,5236,False
2024,2025-06-30,21040690,영도구,봉래2동,dong,total,to_ho_001,총주택(거처)수,2912.0,2912,False
2024,2025-06-30,21090700,해운대구,반여1동,dong,total,to_ho_001,총주택(거처)수,12075.0,12075,False
2024,2025-06-30,21040550,영도구,영선2동,dong,total,to_ho_001,총주택(거처)수,2654.0,2654,False
2024,2025-06-30,21110580,금정구,부곡2동,dong,total,to_ho_001,총주택(거처)수,6113.0,6113,False
2024,2025-06-30,21040670,영도구,동삼3동,dong,total,to_ho_001,총주택(거처)수,4986.0,4986,False
2024,2025-06-30,21110510,금정구,서1동,dong,total,to_ho_001,총주택(거처)수,1579.0,1579,False
2024,2025-06-30,21100650,사하구,감천1동,dong,total,to_ho_001,총주택(거처)수,6281.0,6281,False
2024,2025-06-30,21090640,해운대구,재송1동,dong,total,to_ho_001,총주택(거처)수,12281.0,12281,False
2024,2025-06-30,21120550,강서구,가락동,dong,total,to_ho_001,총주택(거처)수,817.0,817,False
2024,2025-06-30,21140520,수영구,남천2동,dong,total,to_ho_001,총주택(거처)수,5375.0,5375,False
2024,2025-06-30,21030710,동구,범일1동,dong,total,to_ho_001,총주택(거처)수,3902.0,3902,False
2024,2025-06-30,21090710,해운대구,반여4동,dong,total,to_ho_001,총주택(거처)수,5519.0,5519,False
2024,2025-06-30,21130620,연제구,연산8동,dong,total,to_ho_001,총주택(거처)수,4541.0,4541,False
2024,2025-06-30,21080590,북구,만덕1동,dong,total,to_ho_001,총주택(거처)수,6563.0,6563,False
2024,2025-06-30,21050540,부산진구,연지동,dong,total,to_ho_001,총주택(거처)수,9382.0,9382,False
2024,2025-06-30,21040680,영도구,신선동,dong,total,to_ho_001,총주택(거처)수,2642.0,2642,False
2024,2025-06-30,21030530,동구,초량3동,dong,total,to_ho_001,총주택(거처)수,4223.0,4223,False
