snapshot,year,quarter,level,dictionarySignature,shops,districtCode,district,lawDongCode,lawDong
20200331,2020,1,busan,62f6a938f48b,144753,,,,
20200331,2020,1,district,62f6a938f48b,7574,26110,중구,,
20200331,2020,1,district,62f6a938f48b,3786,26140,서구,,
20200331,2020,1,district,62f6a938f48b,6480,26170,동구,,
20200331,2020,1,district,62f6a938f48b,3845,26200,영도구,,
20200331,2020,1,district,62f6a938f48b,18688,26230,부산진구,,
20200331,2020,1,district,62f6a938f48b,11039,26260,동래구,,
20200331,2020,1,district,62f6a938f48b,8768,26290,남구,,
20200331,2020,1,district,62f6a938f48b,8279,26320,북구,,
20200331,2020,1,district,62f6a938f48b,15651,26350,해운대구,,
20200331,2020,1,district,62f6a938f48b,10493,26380,사하구,,
20200331,2020,1,district,62f6a938f48b,10043,26410,금정구,,
20200331,2020,1,district,62f6a938f48b,6011,26440,강서구,,
20200331,2020,1,district,62f6a938f48b,9196,26470,연제구,,
20200331,2020,1,district,62f6a938f48b,8202,26500,수영구,,
20200331,2020,1,district,62f6a938f48b,9634,26530,사상구,,
20200331,2020,1,district,62f6a938f48b,7064,26710,기장군,,
20200331,2020,1,lawDong,62f6a938f48b,295,26110,중구,2611010100,영주동
20200331,2020,1,lawDong,62f6a938f48b,58,26110,중구,2611010200,대창동1가
20200331,2020,1,lawDong,62f6a938f48b,51,26110,중구,2611010300,대창동2가
20200331,2020,1,lawDong,62f6a938f48b,55,26110,중구,2611010400,중앙동1가
20200331,2020,1,lawDong,62f6a938f48b,119,26110,중구,2611010500,중앙동2가
20200331,2020,1,lawDong,62f6a938f48b,113,26110,중구,2611010600,중앙동3가
20200331,2020,1,lawDong,62f6a938f48b,685,26110,중구,2611010700,중앙동4가
20200331,2020,1,lawDong,62f6a938f48b,62,26110,중구,2611010800,중앙동5가
20200331,2020,1,lawDong,62f6a938f48b,225,26110,중구,2611010900,중앙동6가
20200331,2020,1,lawDong,62f6a938f48b,378,26110,중구,2611011000,중앙동7가
20200331,2020,1,lawDong,62f6a938f48b,71,26110,중구,2611011100,동광동1가
20200331,2020,1,lawDong,62f6a938f48b,75,26110,중구,2611011200,동광동2가
20200331,2020,1,lawDong,62f6a938f48b,74,26110,중구,2611011300,동광동3가
20200331,2020,1,lawDong,62f6a938f48b,72,26110,중구,2611011400,동광동4가
20200331,2020,1,lawDong,62f6a938f48b,107,26110,중구,2611011500,동광동5가
20200331,2020,1,lawDong,62f6a938f48b,66,26110,중구,2611011600,대청동1가
20200331,2020,1,lawDong,62f6a938f48b,149,26110,중구,2611011700,대청동2가
20200331,2020,1,lawDong,62f6a938f48b,55,26110,중구,2611011800,대청동3가
20200331,2020,1,lawDong,62f6a938f48b,84,26110,중구,2611011900,대청동4가
20200331,2020,1,lawDong,62f6a938f48b,181,26110,중구,2611012000,보수동1가
20200331,2020,1,lawDong,62f6a938f48b,128,26110,중구,2611012100,보수동2가
20200331,2020,1,lawDong,62f6a938f48b,84,26110,중구,2611012200,보수동3가
20200331,2020,1,lawDong,62f6a938f48b,649,26110,중구,2611012300,부평동1가
20200331,2020,1,lawDong,62f6a938f48b,559,26110,중구,2611012400,부평동2가
20200331,2020,1,lawDong,62f6a938f48b,167,26110,중구,2611012500,부평동3가
20200331,2020,1,lawDong,62f6a938f48b,111,26110,중구,2611012600,부평동4가
20200331,2020,1,lawDong,62f6a938f48b,307,26110,중구,2611012700,신창동1가
20200331,2020,1,lawDong,62f6a938f48b,259,26110,중구,2611012800,신창동2가
20200331,2020,1,lawDong,62f6a938f48b,112,26110,중구,2611012900,신창동3가
20200331,2020,1,lawDong,62f6a938f48b,269,26110,중구,2611013000,신창동4가
20200331,2020,1,lawDong,62f6a938f48b,190,26110,중구,2611013100,창선동1가
20200331,2020,1,lawDong,62f6a938f48b,216,26110,중구,2611013200,창선동2가
20200331,2020,1,lawDong,62f6a938f48b,136,26110,중구,2611013300,광복동1가
20200331,2020,1,lawDong,62f6a938f48b,84,26110,중구,2611013400,광복동2가
20200331,2020,1,lawDong,62f6a938f48b,66,26110,중구,2611013500,광복동3가
20200331,2020,1,lawDong,62f6a938f48b,81,26110,중구,2611013600,남포동1가
20200331,2020,1,lawDong,62f6a938f48b,173,26110,중구,2611013700,남포동2가
20200331,2020,1,lawDong,62f6a938f48b,65,26110,중구,2611013800,남포동3가
20200331,2020,1,lawDong,62f6a938f48b,161,26110,중구,2611013900,남포동4가
20200331,2020,1,lawDong,62f6a938f48b,418,26110,중구,2611014000,남포동5가
20200331,2020,1,lawDong,62f6a938f48b,364,26110,중구,2611014100,남포동6가
20200331,2020,1,lawDong,62f6a938f48b,175,26140,서구,2614010100,동대신동1가
20200331,2020,1,lawDong,62f6a938f48b,259,26140,서구,2614010200,동대신동2가
20200331,2020,1,lawDong,62f6a938f48b,322,26140,서구,2614010300,동대신동3가
20200331,2020,1,lawDong,62f6a938f48b,159,26140,서구,2614010400,서대신동1가
20200331,2020,1,lawDong,62f6a938f48b,267,26140,서구,2614010500,서대신동2가
20200331,2020,1,lawDong,62f6a938f48b,375,26140,서구,2614010600,서대신동3가
20200331,2020,1,lawDong,62f6a938f48b,41,26140,서구,2614010700,부용동1가
20200331,2020,1,lawDong,62f6a938f48b,45,26140,서구,2614010800,부용동2가
20200331,2020,1,lawDong,62f6a938f48b,141,26140,서구,2614010900,부민동1가
20200331,2020,1,lawDong,62f6a938f48b,75,26140,서구,2614011000,부민동2가
20200331,2020,1,lawDong,62f6a938f48b,40,26140,서구,2614011100,부민동3가
20200331,2020,1,lawDong,62f6a938f48b,59,26140,서구,2614011200,토성동1가
20200331,2020,1,lawDong,62f6a938f48b,26,26140,서구,2614011300,토성동2가
20200331,2020,1,lawDong,62f6a938f48b,44,26140,서구,2614011400,토성동3가
20200331,2020,1,lawDong,62f6a938f48b,58,26140,서구,2614011500,아미동1가
20200331,2020,1,lawDong,62f6a938f48b,164,26140,서구,2614011600,아미동2가
20200331,2020,1,lawDong,62f6a938f48b,45,26140,서구,2614011700,토성동4가
20200331,2020,1,lawDong,62f6a938f48b,71,26140,서구,2614011800,토성동5가
20200331,2020,1,lawDong,62f6a938f48b,76,26140,서구,2614011900,초장동
20200331,2020,1,lawDong,62f6a938f48b,354,26140,서구,2614012000,충무동1가
20200331,2020,1,lawDong,62f6a938f48b,64,26140,서구,2614012100,충무동2가
20200331,2020,1,lawDong,62f6a938f48b,53,26140,서구,2614012200,충무동3가
20200331,2020,1,lawDong,62f6a938f48b,351,26140,서구,2614012300,남부민동
20200331,2020,1,lawDong,62f6a938f48b,522,26140,서구,2614012400,암남동
20200331,2020,1,lawDong,62f6a938f48b,2232,26170,동구,2617010100,초량동
20200331,2020,1,lawDong,62f6a938f48b,1023,26170,동구,2617010200,수정동
20200331,2020,1,lawDong,62f6a938f48b,350,26170,동구,2617010300,좌천동
20200331,2020,1,lawDong,62f6a938f48b,2875,26170,동구,2617010400,범일동
20200331,2020,1,lawDong,62f6a938f48b,217,26200,영도구,2620010100,대교동1가
20200331,2020,1,lawDong,62f6a938f48b,236,26200,영도구,2620010200,대교동2가
20200331,2020,1,lawDong,62f6a938f48b,50,26200,영도구,2620010300,대평동1가
20200331,2020,1,lawDong,62f6a938f48b,24,26200,영도구,2620010400,대평동2가
20200331,2020,1,lawDong,62f6a938f48b,311,26200,영도구,2620010500,남항동1가
20200331,2020,1,lawDong,62f6a938f48b,140,26200,영도구,2620010600,남항동2가
20200331,2020,1,lawDong,62f6a938f48b,60,26200,영도구,2620010700,남항동3가
20200331,2020,1,lawDong,62f6a938f48b,167,26200,영도구,2620010800,영선동1가
20200331,2020,1,lawDong,62f6a938f48b,222,26200,영도구,2620010900,영선동2가
20200331,2020,1,lawDong,62f6a938f48b,115,26200,영도구,2620011000,영선동3가
20200331,2020,1,lawDong,62f6a938f48b,107,26200,영도구,2620011100,영선동4가
20200331,2020,1,lawDong,62f6a938f48b,45,26200,영도구,2620011200,신선동1가
20200331,2020,1,lawDong,62f6a938f48b,41,26200,영도구,2620011300,신선동2가
20200331,2020,1,lawDong,62f6a938f48b,50,26200,영도구,2620011400,신선동3가
20200331,2020,1,lawDong,62f6a938f48b,83,26200,영도구,2620011500,봉래동1가
20200331,2020,1,lawDong,62f6a938f48b,125,26200,영도구,2620011600,봉래동2가
20200331,2020,1,lawDong,62f6a938f48b,166,26200,영도구,2620011700,봉래동3가
20200331,2020,1,lawDong,62f6a938f48b,32,26200,영도구,2620011800,봉래동4가
20200331,2020,1,lawDong,62f6a938f48b,55,26200,영도구,2620011900,봉래동5가
20200331,2020,1,lawDong,62f6a938f48b,543,26200,영도구,2620012000,청학동
20200331,2020,1,lawDong,62f6a938f48b,1056,26200,영도구,2620012100,동삼동
20200331,2020,1,lawDong,62f6a938f48b,1761,26230,부산진구,2623010100,양정동
20200331,2020,1,lawDong,62f6a938f48b,2381,26230,부산진구,2623010200,전포동
20200331,2020,1,lawDong,62f6a938f48b,6562,26230,부산진구,2623010300,부전동
20200331,2020,1,lawDong,62f6a938f48b,1788,26230,부산진구,2623010400,범천동
20200331,2020,1,lawDong,62f6a938f48b,153,26230,부산진구,2623010500,범전동
20200331,2020,1,lawDong,62f6a938f48b,471,26230,부산진구,2623010600,연지동
20200331,2020,1,lawDong,62f6a938f48b,752,26230,부산진구,2623010700,초읍동
20200331,2020,1,lawDong,62f6a938f48b,790,26230,부산진구,2623010800,부암동
20200331,2020,1,lawDong,62f6a938f48b,1367,26230,부산진구,2623010900,당감동
20200331,2020,1,lawDong,62f6a938f48b,1233,26230,부산진구,2623011000,가야동
20200331,2020,1,lawDong,62f6a938f48b,1430,26230,부산진구,2623011100,개금동
20200331,2020,1,lawDong,62f6a938f48b,834,26260,동래구,2626010100,명장동
20200331,2020,1,lawDong,62f6a938f48b,2007,26260,동래구,2626010200,안락동
20200331,2020,1,lawDong,62f6a938f48b,85,26260,동래구,2626010300,칠산동
20200331,2020,1,lawDong,62f6a938f48b,294,26260,동래구,2626010400,낙민동
20200331,2020,1,lawDong,62f6a938f48b,324,26260,동래구,2626010500,복천동
20200331,2020,1,lawDong,62f6a938f48b,820,26260,동래구,2626010600,수안동
20200331,2020,1,lawDong,62f6a938f48b,1300,26260,동래구,2626010700,명륜동
20200331,2020,1,lawDong,62f6a938f48b,3351,26260,동래구,2626010800,온천동
20200331,2020,1,lawDong,62f6a938f48b,2024,26260,동래구,2626010900,사직동
20200331,2020,1,lawDong,62f6a938f48b,4275,26290,남구,2629010600,대연동
20200331,2020,1,lawDong,62f6a938f48b,1806,26290,남구,2629010700,용호동
20200331,2020,1,lawDong,62f6a938f48b,345,26290,남구,2629010800,용당동
20200331,2020,1,lawDong,62f6a938f48b,1475,26290,남구,2629010900,문현동
20200331,2020,1,lawDong,62f6a938f48b,252,26290,남구,2629011000,우암동
20200331,2020,1,lawDong,62f6a938f48b,615,26290,남구,2629011100,감만동
20200331,2020,1,lawDong,62f6a938f48b,588,26320,북구,2632010100,금곡동
20200331,2020,1,lawDong,62f6a938f48b,2087,26320,북구,2632010200,화명동
20200331,2020,1,lawDong,62f6a938f48b,1257,26320,북구,2632010300,만덕동
20200331,2020,1,lawDong,62f6a938f48b,2068,26320,북구,2632010400,덕천동
20200331,2020,1,lawDong,62f6a938f48b,2279,26320,북구,2632010500,구포동
20200331,2020,1,lawDong,62f6a938f48b,1236,26350,해운대구,2635010100,반송동
20200331,2020,1,lawDong,62f6a938f48b,64,26350,해운대구,2635010200,석대동
20200331,2020,1,lawDong,62f6a938f48b,1778,26350,해운대구,2635010300,반여동
20200331,2020,1,lawDong,62f6a938f48b,2269,26350,해운대구,2635010400,재송동
20200331,2020,1,lawDong,62f6a938f48b,4565,26350,해운대구,2635010500,우동
20200331,2020,1,lawDong,62f6a938f48b,2334,26350,해운대구,2635010600,중동
20200331,2020,1,lawDong,62f6a938f48b,2780,26350,해운대구,2635010700,좌동
20200331,2020,1,lawDong,62f6a938f48b,625,26350,해운대구,2635010800,송정동
20200331,2020,1,lawDong,62f6a938f48b,2119,26380,사하구,2638010100,괴정동
20200331,2020,1,lawDong,62f6a938f48b,1023,26380,사하구,2638010200,당리동
20200331,2020,1,lawDong,62f6a938f48b,2331,26380,사하구,2638010300,하단동
20200331,2020,1,lawDong,62f6a938f48b,1073,26380,사하구,2638010400,신평동
20200331,2020,1,lawDong,62f6a938f48b,1294,26380,사하구,2638010500,장림동
20200331,2020,1,lawDong,62f6a938f48b,1628,26380,사하구,2638010600,다대동
20200331,2020,1,lawDong,62f6a938f48b,274,26380,사하구,2638010700,구평동
20200331,2020,1,lawDong,62f6a938f48b,751,26380,사하구,2638010800,감천동
20200331,2020,1,lawDong,62f6a938f48b,148,26410,금정구,2641010100,두구동
20200331,2020,1,lawDong,62f6a938f48b,80,26410,금정구,2641010200,노포동
20200331,2020,1,lawDong,62f6a938f48b,234,26410,금정구,2641010300,청룡동
20200331,2020,1,lawDong,62f6a938f48b,1278,26410,금정구,2641010400,남산동
20200331,2020,1,lawDong,62f6a938f48b,37,26410,금정구,2641010500,선동
20200331,2020,1,lawDong,62f6a938f48b,45,26410,금정구,2641010600,오륜동
20200331,2020,1,lawDong,62f6a938f48b,1645,26410,금정구,2641010700,구서동
20200331,2020,1,lawDong,62f6a938f48b,2769,26410,금정구,2641010800,장전동
20200331,2020,1,lawDong,62f6a938f48b,1797,26410,금정구,2641010900,부곡동
20200331,2020,1,lawDong,62f6a938f48b,1348,26410,금정구,2641011000,서동
20200331,2020,1,lawDong,62f6a938f48b,414,26410,금정구,2641011100,금사동
20200331,2020,1,lawDong,62f6a938f48b,124,26410,금정구,2641011200,회동동
20200331,2020,1,lawDong,62f6a938f48b,124,26410,금정구,2641011300,금성동
20200331,2020,1,lawDong,62f6a938f48b,658,26440,강서구,2644010100,대저1동
20200331,2020,1,lawDong,62f6a938f48b,716,26440,강서구,2644010200,대저2동
20200331,2020,1,lawDong,62f6a938f48b,257,26440,강서구,2644010300,강동동
20200331,2020,1,lawDong,62f6a938f48b,2381,26440,강서구,2644010400,명지동
20200331,2020,1,lawDong,62f6a938f48b,59,26440,강서구,2644010500,죽림동
20200331,2020,1,lawDong,62f6a938f48b,17,26440,강서구,2644010600,식만동
20200331,2020,1,lawDong,62f6a938f48b,25,26440,강서구,2644010700,죽동동
20200331,2020,1,lawDong,62f6a938f48b,54,26440,강서구,2644010800,봉림동
20200331,2020,1,lawDong,62f6a938f48b,311,26440,강서구,2644010900,송정동
20200331,2020,1,lawDong,62f6a938f48b,149,26440,강서구,2644011000,화전동
20200331,2020,1,lawDong,62f6a938f48b,183,26440,강서구,2644011100,녹산동
20200331,2020,1,lawDong,62f6a938f48b,60,26440,강서구,2644011200,생곡동
20200331,2020,1,lawDong,62f6a938f48b,57,26440,강서구,2644011300,구랑동
20200331,2020,1,lawDong,62f6a938f48b,230,26440,강서구,2644011400,지사동
20200331,2020,1,lawDong,62f6a938f48b,56,26440,강서구,2644011500,미음동
20200331,2020,1,lawDong,62f6a938f48b,123,26440,강서구,2644011600,범방동
20200331,2020,1,lawDong,62f6a938f48b,502,26440,강서구,2644011700,신호동
20200331,2020,1,lawDong,62f6a938f48b,22,26440,강서구,2644011800,동선동
20200331,2020,1,lawDong,62f6a938f48b,49,26440,강서구,2644011900,성북동
20200331,2020,1,lawDong,62f6a938f48b,4,26440,강서구,2644012000,눌차동
20200331,2020,1,lawDong,62f6a938f48b,56,26440,강서구,2644012100,천성동
20200331,2020,1,lawDong,62f6a938f48b,42,26440,강서구,2644012200,대항동
20200331,2020,1,lawDong,62f6a938f48b,2661,26470,연제구,2647010100,거제동
20200331,2020,1,lawDong,62f6a938f48b,6535,26470,연제구,2647010200,연산동
20200331,2020,1,lawDong,62f6a938f48b,1160,26500,수영구,2650010100,망미동
20200331,2020,1,lawDong,62f6a938f48b,1031,26500,수영구,2650010200,수영동
20200331,2020,1,lawDong,62f6a938f48b,1339,26500,수영구,2650010300,민락동
20200331,2020,1,lawDong,62f6a938f48b,2962,26500,수영구,2650010400,광안동
20200331,2020,1,lawDong,62f6a938f48b,1710,26500,수영구,2650010500,남천동
20200331,2020,1,lawDong,62f6a938f48b,402,26530,사상구,2653010100,삼락동
20200331,2020,1,lawDong,62f6a938f48b,1210,26530,사상구,2653010200,모라동
20200331,2020,1,lawDong,62f6a938f48b,945,26530,사상구,2653010300,덕포동
20200331,2020,1,lawDong,62f6a938f48b,2482,26530,사상구,2653010400,괘법동
20200331,2020,1,lawDong,62f6a938f48b,1398,26530,사상구,2653010500,감전동
20200331,2020,1,lawDong,62f6a938f48b,1626,26530,사상구,2653010600,주례동
20200331,2020,1,lawDong,62f6a938f48b,817,26530,사상구,2653010700,학장동
20200331,2020,1,lawDong,62f6a938f48b,754,26530,사상구,2653010800,엄궁동
20200331,2020,1,lawDong,62f6a938f48b,650,26710,기장군,2671025021,기장읍
20200331,2020,1,lawDong,62f6a938f48b,329,26710,기장군,2671025022,기장읍
20200331,2020,1,lawDong,62f6a938f48b,8,26710,기장군,2671025023,기장읍
20200331,2020,1,lawDong,62f6a938f48b,77,26710,기장군,2671025024,기장읍
20200331,2020,1,lawDong,62f6a938f48b,65,26710,기장군,2671025025,기장읍
20200331,2020,1,lawDong,62f6a938f48b,728,26710,기장군,2671025026,기장읍
20200331,2020,1,lawDong,62f6a938f48b,268,26710,기장군,2671025027,기장읍
20200331,2020,1,lawDong,62f6a938f48b,105,26710,기장군,2671025028,기장읍
20200331,2020,1,lawDong,62f6a938f48b,94,26710,기장군,2671025029,기장읍
20200331,2020,1,lawDong,62f6a938f48b,20,26710,기장군,2671025030,기장읍
20200331,2020,1,lawDong,62f6a938f48b,8,26710,기장군,2671025031,기장읍
20200331,2020,1,lawDong,62f6a938f48b,408,26710,기장군,2671025032,기장읍
20200331,2020,1,lawDong,62f6a938f48b,208,26710,기장군,2671025033,기장읍
20200331,2020,1,lawDong,62f6a938f48b,65,26710,기장군,2671025034,기장읍
20200331,2020,1,lawDong,62f6a938f48b,305,26710,기장군,2671025321,장안읍
20200331,2020,1,lawDong,62f6a938f48b,4,26710,기장군,2671025323,장안읍
20200331,2020,1,lawDong,62f6a938f48b,29,26710,기장군,2671025324,장안읍
20200331,2020,1,lawDong,62f6a938f48b,45,26710,기장군,2671025325,장안읍
20200331,2020,1,lawDong,62f6a938f48b,8,26710,기장군,2671025326,장안읍
20200331,2020,1,lawDong,62f6a938f48b,13,26710,기장군,2671025327,장안읍
20200331,2020,1,lawDong,62f6a938f48b,59,26710,기장군,2671025328,장안읍
20200331,2020,1,lawDong,62f6a938f48b,35,26710,기장군,2671025329,장안읍
20200331,2020,1,lawDong,62f6a938f48b,104,26710,기장군,2671025330,장안읍
20200331,2020,1,lawDong,62f6a938f48b,30,26710,기장군,2671025331,장안읍
20200331,2020,1,lawDong,62f6a938f48b,37,26710,기장군,2671025332,장안읍
20200331,2020,1,lawDong,62f6a938f48b,15,26710,기장군,2671025333,장안읍
20200331,2020,1,lawDong,62f6a938f48b,111,26710,기장군,2671025334,장안읍
20200331,2020,1,lawDong,62f6a938f48b,219,26710,기장군,2671025621,정관읍
20200331,2020,1,lawDong,62f6a938f48b,952,26710,기장군,2671025622,정관읍
20200331,2020,1,lawDong,62f6a938f48b,4,26710,기장군,2671025623,정관읍
20200331,2020,1,lawDong,62f6a938f48b,4,26710,기장군,2671025624,정관읍
20200331,2020,1,lawDong,62f6a938f48b,227,26710,기장군,2671025625,정관읍
20200331,2020,1,lawDong,62f6a938f48b,21,26710,기장군,2671025626,정관읍
20200331,2020,1,lawDong,62f6a938f48b,411,26710,기장군,2671025627,정관읍
20200331,2020,1,lawDong,62f6a938f48b,369,26710,기장군,2671025628,정관읍
20200331,2020,1,lawDong,62f6a938f48b,5,26710,기장군,2671025629,정관읍
20200331,2020,1,lawDong,62f6a938f48b,76,26710,기장군,2671025630,정관읍
20200331,2020,1,lawDong,62f6a938f48b,279,26710,기장군,2671025921,일광읍
20200331,2020,1,lawDong,62f6a938f48b,123,26710,기장군,2671025922,일광읍
20200331,2020,1,lawDong,62f6a938f48b,29,26710,기장군,2671025923,일광읍
20200331,2020,1,lawDong,62f6a938f48b,45,26710,기장군,2671025924,일광읍
20200331,2020,1,lawDong,62f6a938f48b,23,26710,기장군,2671025925,일광읍
20200331,2020,1,lawDong,62f6a938f48b,31,26710,기장군,2671025926,일광읍
20200331,2020,1,lawDong,62f6a938f48b,56,26710,기장군,2671025927,일광읍
20200331,2020,1,lawDong,62f6a938f48b,26,26710,기장군,2671025928,일광읍
20200331,2020,1,lawDong,62f6a938f48b,3,26710,기장군,2671025929,일광읍
20200331,2020,1,lawDong,62f6a938f48b,16,26710,기장군,2671025930,일광읍
20200331,2020,1,lawDong,62f6a938f48b,50,26710,기장군,2671025931,일광읍
20200331,2020,1,lawDong,62f6a938f48b,3,26710,기장군,2671025932,일광읍
20200331,2020,1,lawDong,62f6a938f48b,12,26710,기장군,2671025933,일광읍
20200331,2020,1,lawDong,62f6a938f48b,13,26710,기장군,2671033021,철마면
20200331,2020,1,lawDong,62f6a938f48b,39,26710,기장군,2671033022,철마면
20200331,2020,1,lawDong,62f6a938f48b,2,26710,기장군,2671033023,철마면
20200331,2020,1,lawDong,62f6a938f48b,53,26710,기장군,2671033024,철마면
20200331,2020,1,lawDong,62f6a938f48b,25,26710,기장군,2671033025,철마면
20200331,2020,1,lawDong,62f6a938f48b,22,26710,기장군,2671033026,철마면
20200331,2020,1,lawDong,62f6a938f48b,6,26710,기장군,2671033027,철마면
20200331,2020,1,lawDong,62f6a938f48b,8,26710,기장군,2671033028,철마면
20200331,2020,1,lawDong,62f6a938f48b,54,26710,기장군,2671033029,철마면
20200331,2020,1,lawDong,62f6a938f48b,17,26710,기장군,2671033030,철마면
20200331,2020,1,lawDong,62f6a938f48b,13,26710,기장군,2671033031,철마면
20200630,2020,2,busan,62f6a938f48b,146423,,,,
20200630,2020,2,district,62f6a938f48b,7550,26110,중구,,
20200630,2020,2,district,62f6a938f48b,3829,26140,서구,,
20200630,2020,2,district,62f6a938f48b,6560,26170,동구,,
20200630,2020,2,district,62f6a938f48b,3920,26200,영도구,,
20200630,2020,2,district,62f6a938f48b,18914,26230,부산진구,,
20200630,2020,2,district,62f6a938f48b,11245,26260,동래구,,
20200630,2020,2,district,62f6a938f48b,8858,26290,남구,,
20200630,2020,2,district,62f6a938f48b,8340,26320,북구,,
20200630,2020,2,district,62f6a938f48b,15827,26350,해운대구,,
20200630,2020,2,district,62f6a938f48b,10565,26380,사하구,,
20200630,2020,2,district,62f6a938f48b,10159,26410,금정구,,
20200630,2020,2,district,62f6a938f48b,6144,26440,강서구,,
20200630,2020,2,district,62f6a938f48b,9303,26470,연제구,,
20200630,2020,2,district,62f6a938f48b,8344,26500,수영구,,
20200630,2020,2,district,62f6a938f48b,9682,26530,사상구,,
20200630,2020,2,district,62f6a938f48b,7183,26710,기장군,,
20200630,2020,2,lawDong,62f6a938f48b,299,26110,중구,2611010100,영주동
20200630,2020,2,lawDong,62f6a938f48b,60,26110,중구,2611010200,대창동1가
20200630,2020,2,lawDong,62f6a938f48b,51,26110,중구,2611010300,대창동2가
20200630,2020,2,lawDong,62f6a938f48b,56,26110,중구,2611010400,중앙동1가
20200630,2020,2,lawDong,62f6a938f48b,114,26110,중구,2611010500,중앙동2가
20200630,2020,2,lawDong,62f6a938f48b,112,26110,중구,2611010600,중앙동3가
20200630,2020,2,lawDong,62f6a938f48b,678,26110,중구,2611010700,중앙동4가
20200630,2020,2,lawDong,62f6a938f48b,61,26110,중구,2611010800,중앙동5가
20200630,2020,2,lawDong,62f6a938f48b,226,26110,중구,2611010900,중앙동6가
20200630,2020,2,lawDong,62f6a938f48b,378,26110,중구,2611011000,중앙동7가
20200630,2020,2,lawDong,62f6a938f48b,71,26110,중구,2611011100,동광동1가
20200630,2020,2,lawDong,62f6a938f48b,76,26110,중구,2611011200,동광동2가
20200630,2020,2,lawDong,62f6a938f48b,75,26110,중구,2611011300,동광동3가
20200630,2020,2,lawDong,62f6a938f48b,70,26110,중구,2611011400,동광동4가
20200630,2020,2,lawDong,62f6a938f48b,105,26110,중구,2611011500,동광동5가
20200630,2020,2,lawDong,62f6a938f48b,68,26110,중구,2611011600,대청동1가
20200630,2020,2,lawDong,62f6a938f48b,150,26110,중구,2611011700,대청동2가
20200630,2020,2,lawDong,62f6a938f48b,56,26110,중구,2611011800,대청동3가
20200630,2020,2,lawDong,62f6a938f48b,84,26110,중구,2611011900,대청동4가
20200630,2020,2,lawDong,62f6a938f48b,183,26110,중구,2611012000,보수동1가
20200630,2020,2,lawDong,62f6a938f48b,130,26110,중구,2611012100,보수동2가
20200630,2020,2,lawDong,62f6a938f48b,80,26110,중구,2611012200,보수동3가
20200630,2020,2,lawDong,62f6a938f48b,651,26110,중구,2611012300,부평동1가
20200630,2020,2,lawDong,62f6a938f48b,551,26110,중구,2611012400,부평동2가
20200630,2020,2,lawDong,62f6a938f48b,166,26110,중구,2611012500,부평동3가
20200630,2020,2,lawDong,62f6a938f48b,118,26110,중구,2611012600,부평동4가
20200630,2020,2,lawDong,62f6a938f48b,305,26110,중구,2611012700,신창동1가
20200630,2020,2,lawDong,62f6a938f48b,263,26110,중구,2611012800,신창동2가
20200630,2020,2,lawDong,62f6a938f48b,111,26110,중구,2611012900,신창동3가
20200630,2020,2,lawDong,62f6a938f48b,267,26110,중구,2611013000,신창동4가
20200630,2020,2,lawDong,62f6a938f48b,187,26110,중구,2611013100,창선동1가
20200630,2020,2,lawDong,62f6a938f48b,207,26110,중구,2611013200,창선동2가
20200630,2020,2,lawDong,62f6a938f48b,138,26110,중구,2611013300,광복동1가
20200630,2020,2,lawDong,62f6a938f48b,84,26110,중구,2611013400,광복동2가
20200630,2020,2,lawDong,62f6a938f48b,65,26110,중구,2611013500,광복동3가
20200630,2020,2,lawDong,62f6a938f48b,81,26110,중구,2611013600,남포동1가
20200630,2020,2,lawDong,62f6a938f48b,179,26110,중구,2611013700,남포동2가
20200630,2020,2,lawDong,62f6a938f48b,63,26110,중구,2611013800,남포동3가
20200630,2020,2,lawDong,62f6a938f48b,159,26110,중구,2611013900,남포동4가
20200630,2020,2,lawDong,62f6a938f48b,412,26110,중구,2611014000,남포동5가
20200630,2020,2,lawDong,62f6a938f48b,360,26110,중구,2611014100,남포동6가
20200630,2020,2,lawDong,62f6a938f48b,174,26140,서구,2614010100,동대신동1가
20200630,2020,2,lawDong,62f6a938f48b,260,26140,서구,2614010200,동대신동2가
20200630,2020,2,lawDong,62f6a938f48b,323,26140,서구,2614010300,동대신동3가
20200630,2020,2,lawDong,62f6a938f48b,168,26140,서구,2614010400,서대신동1가
20200630,2020,2,lawDong,62f6a938f48b,273,26140,서구,2614010500,서대신동2가
20200630,2020,2,lawDong,62f6a938f48b,382,26140,서구,2614010600,서대신동3가
20200630,2020,2,lawDong,62f6a938f48b,42,26140,서구,2614010700,부용동1가
20200630,2020,2,lawDong,62f6a938f48b,45,26140,서구,2614010800,부용동2가
20200630,2020,2,lawDong,62f6a938f48b,140,26140,서구,2614010900,부민동1가
20200630,2020,2,lawDong,62f6a938f48b,74,26140,서구,2614011000,부민동2가
20200630,2020,2,lawDong,62f6a938f48b,41,26140,서구,2614011100,부민동3가
20200630,2020,2,lawDong,62f6a938f48b,62,26140,서구,2614011200,토성동1가
20200630,2020,2,lawDong,62f6a938f48b,26,26140,서구,2614011300,토성동2가
20200630,2020,2,lawDong,62f6a938f48b,45,26140,서구,2614011400,토성동3가
20200630,2020,2,lawDong,62f6a938f48b,58,26140,서구,2614011500,아미동1가
20200630,2020,2,lawDong,62f6a938f48b,163,26140,서구,2614011600,아미동2가
20200630,2020,2,lawDong,62f6a938f48b,46,26140,서구,2614011700,토성동4가
20200630,2020,2,lawDong,62f6a938f48b,74,26140,서구,2614011800,토성동5가
20200630,2020,2,lawDong,62f6a938f48b,76,26140,서구,2614011900,초장동
20200630,2020,2,lawDong,62f6a938f48b,362,26140,서구,2614012000,충무동1가
20200630,2020,2,lawDong,62f6a938f48b,68,26140,서구,2614012100,충무동2가
20200630,2020,2,lawDong,62f6a938f48b,54,26140,서구,2614012200,충무동3가
20200630,2020,2,lawDong,62f6a938f48b,349,26140,서구,2614012300,남부민동
20200630,2020,2,lawDong,62f6a938f48b,524,26140,서구,2614012400,암남동
20200630,2020,2,lawDong,62f6a938f48b,2254,26170,동구,2617010100,초량동
20200630,2020,2,lawDong,62f6a938f48b,1037,26170,동구,2617010200,수정동
20200630,2020,2,lawDong,62f6a938f48b,355,26170,동구,2617010300,좌천동
20200630,2020,2,lawDong,62f6a938f48b,2914,26170,동구,2617010400,범일동
20200630,2020,2,lawDong,62f6a938f48b,224,26200,영도구,2620010100,대교동1가
20200630,2020,2,lawDong,62f6a938f48b,236,26200,영도구,2620010200,대교동2가
20200630,2020,2,lawDong,62f6a938f48b,51,26200,영도구,2620010300,대평동1가
20200630,2020,2,lawDong,62f6a938f48b,24,26200,영도구,2620010400,대평동2가
20200630,2020,2,lawDong,62f6a938f48b,313,26200,영도구,2620010500,남항동1가
20200630,2020,2,lawDong,62f6a938f48b,141,26200,영도구,2620010600,남항동2가
20200630,2020,2,lawDong,62f6a938f48b,60,26200,영도구,2620010700,남항동3가
20200630,2020,2,lawDong,62f6a938f48b,167,26200,영도구,2620010800,영선동1가
20200630,2020,2,lawDong,62f6a938f48b,221,26200,영도구,2620010900,영선동2가
20200630,2020,2,lawDong,62f6a938f48b,118,26200,영도구,2620011000,영선동3가
20200630,2020,2,lawDong,62f6a938f48b,114,26200,영도구,2620011100,영선동4가
20200630,2020,2,lawDong,62f6a938f48b,46,26200,영도구,2620011200,신선동1가
20200630,2020,2,lawDong,62f6a938f48b,40,26200,영도구,2620011300,신선동2가
20200630,2020,2,lawDong,62f6a938f48b,49,26200,영도구,2620011400,신선동3가
20200630,2020,2,lawDong,62f6a938f48b,84,26200,영도구,2620011500,봉래동1가
20200630,2020,2,lawDong,62f6a938f48b,125,26200,영도구,2620011600,봉래동2가
20200630,2020,2,lawDong,62f6a938f48b,172,26200,영도구,2620011700,봉래동3가
20200630,2020,2,lawDong,62f6a938f48b,31,26200,영도구,2620011800,봉래동4가
20200630,2020,2,lawDong,62f6a938f48b,56,26200,영도구,2620011900,봉래동5가
20200630,2020,2,lawDong,62f6a938f48b,562,26200,영도구,2620012000,청학동
20200630,2020,2,lawDong,62f6a938f48b,1086,26200,영도구,2620012100,동삼동
20200630,2020,2,lawDong,62f6a938f48b,1776,26230,부산진구,2623010100,양정동
20200630,2020,2,lawDong,62f6a938f48b,2458,26230,부산진구,2623010200,전포동
20200630,2020,2,lawDong,62f6a938f48b,6590,26230,부산진구,2623010300,부전동
20200630,2020,2,lawDong,62f6a938f48b,1794,26230,부산진구,2623010400,범천동
20200630,2020,2,lawDong,62f6a938f48b,159,26230,부산진구,2623010500,범전동
20200630,2020,2,lawDong,62f6a938f48b,477,26230,부산진구,2623010600,연지동
20200630,2020,2,lawDong,62f6a938f48b,768,26230,부산진구,2623010700,초읍동
20200630,2020,2,lawDong,62f6a938f48b,802,26230,부산진구,2623010800,부암동
20200630,2020,2,lawDong,62f6a938f48b,1391,26230,부산진구,2623010900,당감동
20200630,2020,2,lawDong,62f6a938f48b,1242,26230,부산진구,2623011000,가야동
20200630,2020,2,lawDong,62f6a938f48b,1457,26230,부산진구,2623011100,개금동
20200630,2020,2,lawDong,62f6a938f48b,854,26260,동래구,2626010100,명장동
20200630,2020,2,lawDong,62f6a938f48b,2032,26260,동래구,2626010200,안락동
20200630,2020,2,lawDong,62f6a938f48b,86,26260,동래구,2626010300,칠산동
20200630,2020,2,lawDong,62f6a938f48b,297,26260,동래구,2626010400,낙민동
20200630,2020,2,lawDong,62f6a938f48b,375,26260,동래구,2626010500,복천동
20200630,2020,2,lawDong,62f6a938f48b,836,26260,동래구,2626010600,수안동
20200630,2020,2,lawDong,62f6a938f48b,1325,26260,동래구,2626010700,명륜동
20200630,2020,2,lawDong,62f6a938f48b,3380,26260,동래구,2626010800,온천동
20200630,2020,2,lawDong,62f6a938f48b,2060,26260,동래구,2626010900,사직동
20200630,2020,2,lawDong,62f6a938f48b,4305,26290,남구,2629010600,대연동
20200630,2020,2,lawDong,62f6a938f48b,1844,26290,남구,2629010700,용호동
20200630,2020,2,lawDong,62f6a938f48b,341,26290,남구,2629010800,용당동
20200630,2020,2,lawDong,62f6a938f48b,1493,26290,남구,2629010900,문현동
20200630,2020,2,lawDong,62f6a938f48b,252,26290,남구,2629011000,우암동
20200630,2020,2,lawDong,62f6a938f48b,623,26290,남구,2629011100,감만동
20200630,2020,2,lawDong,62f6a938f48b,597,26320,북구,2632010100,금곡동
20200630,2020,2,lawDong,62f6a938f48b,2113,26320,북구,2632010200,화명동
20200630,2020,2,lawDong,62f6a938f48b,1275,26320,북구,2632010300,만덕동
20200630,2020,2,lawDong,62f6a938f48b,2062,26320,북구,2632010400,덕천동
20200630,2020,2,lawDong,62f6a938f48b,2293,26320,북구,2632010500,구포동
20200630,2020,2,lawDong,62f6a938f48b,1250,26350,해운대구,2635010100,반송동
20200630,2020,2,lawDong,62f6a938f48b,67,26350,해운대구,2635010200,석대동
20200630,2020,2,lawDong,62f6a938f48b,1799,26350,해운대구,2635010300,반여동
20200630,2020,2,lawDong,62f6a938f48b,2279,26350,해운대구,2635010400,재송동
20200630,2020,2,lawDong,62f6a938f48b,4610,26350,해운대구,2635010500,우동
20200630,2020,2,lawDong,62f6a938f48b,2369,26350,해운대구,2635010600,중동
20200630,2020,2,lawDong,62f6a938f48b,2823,26350,해운대구,2635010700,좌동
20200630,2020,2,lawDong,62f6a938f48b,630,26350,해운대구,2635010800,송정동
20200630,2020,2,lawDong,62f6a938f48b,2148,26380,사하구,2638010100,괴정동
20200630,2020,2,lawDong,62f6a938f48b,1030,26380,사하구,2638010200,당리동
20200630,2020,2,lawDong,62f6a938f48b,2332,26380,사하구,2638010300,하단동
20200630,2020,2,lawDong,62f6a938f48b,1082,26380,사하구,2638010400,신평동
20200630,2020,2,lawDong,62f6a938f48b,1297,26380,사하구,2638010500,장림동
20200630,2020,2,lawDong,62f6a938f48b,1643,26380,사하구,2638010600,다대동
20200630,2020,2,lawDong,62f6a938f48b,278,26380,사하구,2638010700,구평동
20200630,2020,2,lawDong,62f6a938f48b,755,26380,사하구,2638010800,감천동
20200630,2020,2,lawDong,62f6a938f48b,153,26410,금정구,2641010100,두구동
20200630,2020,2,lawDong,62f6a938f48b,79,26410,금정구,2641010200,노포동
20200630,2020,2,lawDong,62f6a938f48b,234,26410,금정구,2641010300,청룡동
20200630,2020,2,lawDong,62f6a938f48b,1282,26410,금정구,2641010400,남산동
20200630,2020,2,lawDong,62f6a938f48b,39,26410,금정구,2641010500,선동
20200630,2020,2,lawDong,62f6a938f48b,45,26410,금정구,2641010600,오륜동
20200630,2020,2,lawDong,62f6a938f48b,1673,26410,금정구,2641010700,구서동
20200630,2020,2,lawDong,62f6a938f48b,2783,26410,금정구,2641010800,장전동
20200630,2020,2,lawDong,62f6a938f48b,1830,26410,금정구,2641010900,부곡동
20200630,2020,2,lawDong,62f6a938f48b,1375,26410,금정구,2641011000,서동
20200630,2020,2,lawDong,62f6a938f48b,418,26410,금정구,2641011100,금사동
20200630,2020,2,lawDong,62f6a938f48b,125,26410,금정구,2641011200,회동동
20200630,2020,2,lawDong,62f6a938f48b,123,26410,금정구,2641011300,금성동
20200630,2020,2,lawDong,62f6a938f48b,661,26440,강서구,2644010100,대저1동
20200630,2020,2,lawDong,62f6a938f48b,727,26440,강서구,2644010200,대저2동
20200630,2020,2,lawDong,62f6a938f48b,260,26440,강서구,2644010300,강동동
20200630,2020,2,lawDong,62f6a938f48b,2467,26440,강서구,2644010400,명지동
20200630,2020,2,lawDong,62f6a938f48b,59,26440,강서구,2644010500,죽림동
20200630,2020,2,lawDong,62f6a938f48b,19,26440,강서구,2644010600,식만동
20200630,2020,2,lawDong,62f6a938f48b,25,26440,강서구,2644010700,죽동동
20200630,2020,2,lawDong,62f6a938f48b,55,26440,강서구,2644010800,봉림동
20200630,2020,2,lawDong,62f6a938f48b,313,26440,강서구,2644010900,송정동
20200630,2020,2,lawDong,62f6a938f48b,154,26440,강서구,2644011000,화전동
20200630,2020,2,lawDong,62f6a938f48b,185,26440,강서구,2644011100,녹산동
20200630,2020,2,lawDong,62f6a938f48b,59,26440,강서구,2644011200,생곡동
20200630,2020,2,lawDong,62f6a938f48b,56,26440,강서구,2644011300,구랑동
20200630,2020,2,lawDong,62f6a938f48b,230,26440,강서구,2644011400,지사동
20200630,2020,2,lawDong,62f6a938f48b,60,26440,강서구,2644011500,미음동
20200630,2020,2,lawDong,62f6a938f48b,131,26440,강서구,2644011600,범방동
20200630,2020,2,lawDong,62f6a938f48b,507,26440,강서구,2644011700,신호동
20200630,2020,2,lawDong,62f6a938f48b,23,26440,강서구,2644011800,동선동
20200630,2020,2,lawDong,62f6a938f48b,49,26440,강서구,2644011900,성북동
20200630,2020,2,lawDong,62f6a938f48b,5,26440,강서구,2644012000,눌차동
20200630,2020,2,lawDong,62f6a938f48b,55,26440,강서구,2644012100,천성동
20200630,2020,2,lawDong,62f6a938f48b,44,26440,강서구,2644012200,대항동
20200630,2020,2,lawDong,62f6a938f48b,2682,26470,연제구,2647010100,거제동
20200630,2020,2,lawDong,62f6a938f48b,6621,26470,연제구,2647010200,연산동
20200630,2020,2,lawDong,62f6a938f48b,1192,26500,수영구,2650010100,망미동
20200630,2020,2,lawDong,62f6a938f48b,1043,26500,수영구,2650010200,수영동
20200630,2020,2,lawDong,62f6a938f48b,1362,26500,수영구,2650010300,민락동
20200630,2020,2,lawDong,62f6a938f48b,3019,26500,수영구,2650010400,광안동
20200630,2020,2,lawDong,62f6a938f48b,1728,26500,수영구,2650010500,남천동
20200630,2020,2,lawDong,62f6a938f48b,405,26530,사상구,2653010100,삼락동
20200630,2020,2,lawDong,62f6a938f48b,1215,26530,사상구,2653010200,모라동
20200630,2020,2,lawDong,62f6a938f48b,958,26530,사상구,2653010300,덕포동
20200630,2020,2,lawDong,62f6a938f48b,2498,26530,사상구,2653010400,괘법동
20200630,2020,2,lawDong,62f6a938f48b,1403,26530,사상구,2653010500,감전동
20200630,2020,2,lawDong,62f6a938f48b,1625,26530,사상구,2653010600,주례동
20200630,2020,2,lawDong,62f6a938f48b,826,26530,사상구,2653010700,학장동
20200630,2020,2,lawDong,62f6a938f48b,752,26530,사상구,2653010800,엄궁동
20200630,2020,2,lawDong,62f6a938f48b,660,26710,기장군,2671025021,기장읍
20200630,2020,2,lawDong,62f6a938f48b,338,26710,기장군,2671025022,기장읍
20200630,2020,2,lawDong,62f6a938f48b,10,26710,기장군,2671025023,기장읍
20200630,2020,2,lawDong,62f6a938f48b,80,26710,기장군,2671025024,기장읍
20200630,2020,2,lawDong,62f6a938f48b,66,26710,기장군,2671025025,기장읍
20200630,2020,2,lawDong,62f6a938f48b,735,26710,기장군,2671025026,기장읍
20200630,2020,2,lawDong,62f6a938f48b,272,26710,기장군,2671025027,기장읍
20200630,2020,2,lawDong,62f6a938f48b,107,26710,기장군,2671025028,기장읍
20200630,2020,2,lawDong,62f6a938f48b,99,26710,기장군,2671025029,기장읍
20200630,2020,2,lawDong,62f6a938f48b,20,26710,기장군,2671025030,기장읍
20200630,2020,2,lawDong,62f6a938f48b,8,26710,기장군,2671025031,기장읍
20200630,2020,2,lawDong,62f6a938f48b,411,26710,기장군,2671025032,기장읍
20200630,2020,2,lawDong,62f6a938f48b,209,26710,기장군,2671025033,기장읍
20200630,2020,2,lawDong,62f6a938f48b,64,26710,기장군,2671025034,기장읍
20200630,2020,2,lawDong,62f6a938f48b,304,26710,기장군,2671025321,장안읍
20200630,2020,2,lawDong,62f6a938f48b,4,26710,기장군,2671025323,장안읍
20200630,2020,2,lawDong,62f6a938f48b,30,26710,기장군,2671025324,장안읍
20200630,2020,2,lawDong,62f6a938f48b,44,26710,기장군,2671025325,장안읍
20200630,2020,2,lawDong,62f6a938f48b,8,26710,기장군,2671025326,장안읍
20200630,2020,2,lawDong,62f6a938f48b,13,26710,기장군,2671025327,장안읍
20200630,2020,2,lawDong,62f6a938f48b,61,26710,기장군,2671025328,장안읍
20200630,2020,2,lawDong,62f6a938f48b,35,26710,기장군,2671025329,장안읍
20200630,2020,2,lawDong,62f6a938f48b,103,26710,기장군,2671025330,장안읍
20200630,2020,2,lawDong,62f6a938f48b,31,26710,기장군,2671025331,장안읍
20200630,2020,2,lawDong,62f6a938f48b,37,26710,기장군,2671025332,장안읍
20200630,2020,2,lawDong,62f6a938f48b,16,26710,기장군,2671025333,장안읍
20200630,2020,2,lawDong,62f6a938f48b,112,26710,기장군,2671025334,장안읍
20200630,2020,2,lawDong,62f6a938f48b,224,26710,기장군,2671025621,정관읍
20200630,2020,2,lawDong,62f6a938f48b,955,26710,기장군,2671025622,정관읍
20200630,2020,2,lawDong,62f6a938f48b,4,26710,기장군,2671025623,정관읍
20200630,2020,2,lawDong,62f6a938f48b,4,26710,기장군,2671025624,정관읍
20200630,2020,2,lawDong,62f6a938f48b,226,26710,기장군,2671025625,정관읍
20200630,2020,2,lawDong,62f6a938f48b,20,26710,기장군,2671025626,정관읍
20200630,2020,2,lawDong,62f6a938f48b,418,26710,기장군,2671025627,정관읍
20200630,2020,2,lawDong,62f6a938f48b,379,26710,기장군,2671025628,정관읍
20200630,2020,2,lawDong,62f6a938f48b,5,26710,기장군,2671025629,정관읍
20200630,2020,2,lawDong,62f6a938f48b,79,26710,기장군,2671025630,정관읍
20200630,2020,2,lawDong,62f6a938f48b,318,26710,기장군,2671025921,일광읍
20200630,2020,2,lawDong,62f6a938f48b,124,26710,기장군,2671025922,일광읍
20200630,2020,2,lawDong,62f6a938f48b,29,26710,기장군,2671025923,일광읍
20200630,2020,2,lawDong,62f6a938f48b,46,26710,기장군,2671025924,일광읍
20200630,2020,2,lawDong,62f6a938f48b,23,26710,기장군,2671025925,일광읍
20200630,2020,2,lawDong,62f6a938f48b,30,26710,기장군,2671025926,일광읍
20200630,2020,2,lawDong,62f6a938f48b,57,26710,기장군,2671025927,일광읍
20200630,2020,2,lawDong,62f6a938f48b,25,26710,기장군,2671025928,일광읍
20200630,2020,2,lawDong,62f6a938f48b,3,26710,기장군,2671025929,일광읍
20200630,2020,2,lawDong,62f6a938f48b,16,26710,기장군,2671025930,일광읍
20200630,2020,2,lawDong,62f6a938f48b,53,26710,기장군,2671025931,일광읍
20200630,2020,2,lawDong,62f6a938f48b,3,26710,기장군,2671025932,일광읍
20200630,2020,2,lawDong,62f6a938f48b,12,26710,기장군,2671025933,일광읍
20200630,2020,2,lawDong,62f6a938f48b,13,26710,기장군,2671033021,철마면
20200630,2020,2,lawDong,62f6a938f48b,39,26710,기장군,2671033022,철마면
20200630,2020,2,lawDong,62f6a938f48b,2,26710,기장군,2671033023,철마면
20200630,2020,2,lawDong,62f6a938f48b,54,26710,기장군,2671033024,철마면
20200630,2020,2,lawDong,62f6a938f48b,26,26710,기장군,2671033025,철마면
20200630,2020,2,lawDong,62f6a938f48b,22,26710,기장군,2671033026,철마면
20200630,2020,2,lawDong,62f6a938f48b,6,26710,기장군,2671033027,철마면
20200630,2020,2,lawDong,62f6a938f48b,8,26710,기장군,2671033028,철마면
20200630,2020,2,lawDong,62f6a938f48b,53,26710,기장군,2671033029,철마면
20200630,2020,2,lawDong,62f6a938f48b,17,26710,기장군,2671033030,철마면
20200630,2020,2,lawDong,62f6a938f48b,13,26710,기장군,2671033031,철마면
20200930,2020,3,busan,62f6a938f48b,148500,,,,
20200930,2020,3,district,62f6a938f48b,7561,26110,중구,,
20200930,2020,3,district,62f6a938f48b,3881,26140,서구,,
20200930,2020,3,district,62f6a938f48b,6616,26170,동구,,
20200930,2020,3,district,62f6a938f48b,3968,26200,영도구,,
20200930,2020,3,district,62f6a938f48b,19223,26230,부산진구,,
20200930,2020,3,district,62f6a938f48b,11389,26260,동래구,,
20200930,2020,3,district,62f6a938f48b,8949,26290,남구,,
20200930,2020,3,district,62f6a938f48b,8448,26320,북구,,
20200930,2020,3,district,62f6a938f48b,16097,26350,해운대구,,
20200930,2020,3,district,62f6a938f48b,10630,26380,사하구,,
20200930,2020,3,district,62f6a938f48b,10251,26410,금정구,,
20200930,2020,3,district,62f6a938f48b,6349,26440,강서구,,
20200930,2020,3,district,62f6a938f48b,9449,26470,연제구,,
20200930,2020,3,district,62f6a938f48b,8532,26500,수영구,,
20200930,2020,3,district,62f6a938f48b,9758,26530,사상구,,
20200930,2020,3,district,62f6a938f48b,7399,26710,기장군,,
20200930,2020,3,lawDong,62f6a938f48b,299,26110,중구,2611010100,영주동
20200930,2020,3,lawDong,62f6a938f48b,61,26110,중구,2611010200,대창동1가
20200930,2020,3,lawDong,62f6a938f48b,48,26110,중구,2611010300,대창동2가
20200930,2020,3,lawDong,62f6a938f48b,58,26110,중구,2611010400,중앙동1가
20200930,2020,3,lawDong,62f6a938f48b,117,26110,중구,2611010500,중앙동2가
20200930,2020,3,lawDong,62f6a938f48b,114,26110,중구,2611010600,중앙동3가
20200930,2020,3,lawDong,62f6a938f48b,673,26110,중구,2611010700,중앙동4가
20200930,2020,3,lawDong,62f6a938f48b,61,26110,중구,2611010800,중앙동5가
20200930,2020,3,lawDong,62f6a938f48b,229,26110,중구,2611010900,중앙동6가
20200930,2020,3,lawDong,62f6a938f48b,392,26110,중구,2611011000,중앙동7가
20200930,2020,3,lawDong,62f6a938f48b,71,26110,중구,2611011100,동광동1가
20200930,2020,3,lawDong,62f6a938f48b,75,26110,중구,2611011200,동광동2가
20200930,2020,3,lawDong,62f6a938f48b,76,26110,중구,2611011300,동광동3가
20200930,2020,3,lawDong,62f6a938f48b,70,26110,중구,2611011400,동광동4가
20200930,2020,3,lawDong,62f6a938f48b,107,26110,중구,2611011500,동광동5가
20200930,2020,3,lawDong,62f6a938f48b,68,26110,중구,2611011600,대청동1가
20200930,2020,3,lawDong,62f6a938f48b,153,26110,중구,2611011700,대청동2가
20200930,2020,3,lawDong,62f6a938f48b,55,26110,중구,2611011800,대청동3가
20200930,2020,3,lawDong,62f6a938f48b,85,26110,중구,2611011900,대청동4가
20200930,2020,3,lawDong,62f6a938f48b,185,26110,중구,2611012000,보수동1가
20200930,2020,3,lawDong,62f6a938f48b,132,26110,중구,2611012100,보수동2가
20200930,2020,3,lawDong,62f6a938f48b,77,26110,중구,2611012200,보수동3가
20200930,2020,3,lawDong,62f6a938f48b,651,26110,중구,2611012300,부평동1가
20200930,2020,3,lawDong,62f6a938f48b,559,26110,중구,2611012400,부평동2가
20200930,2020,3,lawDong,62f6a938f48b,165,26110,중구,2611012500,부평동3가
20200930,2020,3,lawDong,62f6a938f48b,123,26110,중구,2611012600,부평동4가
20200930,2020,3,lawDong,62f6a938f48b,300,26110,중구,2611012700,신창동1가
20200930,2020,3,lawDong,62f6a938f48b,262,26110,중구,2611012800,신창동2가
20200930,2020,3,lawDong,62f6a938f48b,109,26110,중구,2611012900,신창동3가
20200930,2020,3,lawDong,62f6a938f48b,267,26110,중구,2611013000,신창동4가
20200930,2020,3,lawDong,62f6a938f48b,184,26110,중구,2611013100,창선동1가
20200930,2020,3,lawDong,62f6a938f48b,207,26110,중구,2611013200,창선동2가
20200930,2020,3,lawDong,62f6a938f48b,136,26110,중구,2611013300,광복동1가
20200930,2020,3,lawDong,62f6a938f48b,86,26110,중구,2611013400,광복동2가
20200930,2020,3,lawDong,62f6a938f48b,66,26110,중구,2611013500,광복동3가
20200930,2020,3,lawDong,62f6a938f48b,82,26110,중구,2611013600,남포동1가
20200930,2020,3,lawDong,62f6a938f48b,178,26110,중구,2611013700,남포동2가
20200930,2020,3,lawDong,62f6a938f48b,61,26110,중구,2611013800,남포동3가
20200930,2020,3,lawDong,62f6a938f48b,156,26110,중구,2611013900,남포동4가
20200930,2020,3,lawDong,62f6a938f48b,410,26110,중구,2611014000,남포동5가
20200930,2020,3,lawDong,62f6a938f48b,353,26110,중구,2611014100,남포동6가
20200930,2020,3,lawDong,62f6a938f48b,180,26140,서구,2614010100,동대신동1가
20200930,2020,3,lawDong,62f6a938f48b,262,26140,서구,2614010200,동대신동2가
20200930,2020,3,lawDong,62f6a938f48b,326,26140,서구,2614010300,동대신동3가
20200930,2020,3,lawDong,62f6a938f48b,169,26140,서구,2614010400,서대신동1가
20200930,2020,3,lawDong,62f6a938f48b,279,26140,서구,2614010500,서대신동2가
20200930,2020,3,lawDong,62f6a938f48b,387,26140,서구,2614010600,서대신동3가
20200930,2020,3,lawDong,62f6a938f48b,43,26140,서구,2614010700,부용동1가
20200930,2020,3,lawDong,62f6a938f48b,46,26140,서구,2614010800,부용동2가
20200930,2020,3,lawDong,62f6a938f48b,146,26140,서구,2614010900,부민동1가
20200930,2020,3,lawDong,62f6a938f48b,74,26140,서구,2614011000,부민동2가
20200930,2020,3,lawDong,62f6a938f48b,43,26140,서구,2614011100,부민동3가
20200930,2020,3,lawDong,62f6a938f48b,65,26140,서구,2614011200,토성동1가
20200930,2020,3,lawDong,62f6a938f48b,29,26140,서구,2614011300,토성동2가
20200930,2020,3,lawDong,62f6a938f48b,45,26140,서구,2614011400,토성동3가
20200930,2020,3,lawDong,62f6a938f48b,59,26140,서구,2614011500,아미동1가
20200930,2020,3,lawDong,62f6a938f48b,168,26140,서구,2614011600,아미동2가
20200930,2020,3,lawDong,62f6a938f48b,47,26140,서구,2614011700,토성동4가
20200930,2020,3,lawDong,62f6a938f48b,74,26140,서구,2614011800,토성동5가
20200930,2020,3,lawDong,62f6a938f48b,77,26140,서구,2614011900,초장동
20200930,2020,3,lawDong,62f6a938f48b,367,26140,서구,2614012000,충무동1가
20200930,2020,3,lawDong,62f6a938f48b,67,26140,서구,2614012100,충무동2가
20200930,2020,3,lawDong,62f6a938f48b,54,26140,서구,2614012200,충무동3가
20200930,2020,3,lawDong,62f6a938f48b,353,26140,서구,2614012300,남부민동
20200930,2020,3,lawDong,62f6a938f48b,521,26140,서구,2614012400,암남동
20200930,2020,3,lawDong,62f6a938f48b,2282,26170,동구,2617010100,초량동
20200930,2020,3,lawDong,62f6a938f48b,1049,26170,동구,2617010200,수정동
20200930,2020,3,lawDong,62f6a938f48b,358,26170,동구,2617010300,좌천동
20200930,2020,3,lawDong,62f6a938f48b,2927,26170,동구,2617010400,범일동
20200930,2020,3,lawDong,62f6a938f48b,236,26200,영도구,2620010100,대교동1가
20200930,2020,3,lawDong,62f6a938f48b,236,26200,영도구,2620010200,대교동2가
20200930,2020,3,lawDong,62f6a938f48b,51,26200,영도구,2620010300,대평동1가
20200930,2020,3,lawDong,62f6a938f48b,24,26200,영도구,2620010400,대평동2가
20200930,2020,3,lawDong,62f6a938f48b,314,26200,영도구,2620010500,남항동1가
20200930,2020,3,lawDong,62f6a938f48b,141,26200,영도구,2620010600,남항동2가
20200930,2020,3,lawDong,62f6a938f48b,60,26200,영도구,2620010700,남항동3가
20200930,2020,3,lawDong,62f6a938f48b,170,26200,영도구,2620010800,영선동1가
20200930,2020,3,lawDong,62f6a938f48b,221,26200,영도구,2620010900,영선동2가
20200930,2020,3,lawDong,62f6a938f48b,118,26200,영도구,2620011000,영선동3가
20200930,2020,3,lawDong,62f6a938f48b,121,26200,영도구,2620011100,영선동4가
20200930,2020,3,lawDong,62f6a938f48b,46,26200,영도구,2620011200,신선동1가
20200930,2020,3,lawDong,62f6a938f48b,41,26200,영도구,2620011300,신선동2가
20200930,2020,3,lawDong,62f6a938f48b,49,26200,영도구,2620011400,신선동3가
20200930,2020,3,lawDong,62f6a938f48b,83,26200,영도구,2620011500,봉래동1가
20200930,2020,3,lawDong,62f6a938f48b,126,26200,영도구,2620011600,봉래동2가
20200930,2020,3,lawDong,62f6a938f48b,174,26200,영도구,2620011700,봉래동3가
20200930,2020,3,lawDong,62f6a938f48b,30,26200,영도구,2620011800,봉래동4가
20200930,2020,3,lawDong,62f6a938f48b,57,26200,영도구,2620011900,봉래동5가
20200930,2020,3,lawDong,62f6a938f48b,569,26200,영도구,2620012000,청학동
20200930,2020,3,lawDong,62f6a938f48b,1101,26200,영도구,2620012100,동삼동
20200930,2020,3,lawDong,62f6a938f48b,1797,26230,부산진구,2623010100,양정동
20200930,2020,3,lawDong,62f6a938f48b,2565,26230,부산진구,2623010200,전포동
20200930,2020,3,lawDong,62f6a938f48b,6655,26230,부산진구,2623010300,부전동
20200930,2020,3,lawDong,62f6a938f48b,1815,26230,부산진구,2623010400,범천동
20200930,2020,3,lawDong,62f6a938f48b,165,26230,부산진구,2623010500,범전동
20200930,2020,3,lawDong,62f6a938f48b,481,26230,부산진구,2623010600,연지동
20200930,2020,3,lawDong,62f6a938f48b,776,26230,부산진구,2623010700,초읍동
20200930,2020,3,lawDong,62f6a938f48b,825,26230,부산진구,2623010800,부암동
20200930,2020,3,lawDong,62f6a938f48b,1416,26230,부산진구,2623010900,당감동
20200930,2020,3,lawDong,62f6a938f48b,1256,26230,부산진구,2623011000,가야동
20200930,2020,3,lawDong,62f6a938f48b,1472,26230,부산진구,2623011100,개금동
20200930,2020,3,lawDong,62f6a938f48b,883,26260,동래구,2626010100,명장동
20200930,2020,3,lawDong,62f6a938f48b,2039,26260,동래구,2626010200,안락동
20200930,2020,3,lawDong,62f6a938f48b,84,26260,동래구,2626010300,칠산동
20200930,2020,3,lawDong,62f6a938f48b,308,26260,동래구,2626010400,낙민동
20200930,2020,3,lawDong,62f6a938f48b,375,26260,동래구,2626010500,복천동
20200930,2020,3,lawDong,62f6a938f48b,839,26260,동래구,2626010600,수안동
20200930,2020,3,lawDong,62f6a938f48b,1357,26260,동래구,2626010700,명륜동
20200930,2020,3,lawDong,62f6a938f48b,3405,26260,동래구,2626010800,온천동
20200930,2020,3,lawDong,62f6a938f48b,2099,26260,동래구,2626010900,사직동
20200930,2020,3,lawDong,62f6a938f48b,4343,26290,남구,2629010600,대연동
20200930,2020,3,lawDong,62f6a938f48b,1881,26290,남구,2629010700,용호동
20200930,2020,3,lawDong,62f6a938f48b,349,26290,남구,2629010800,용당동
20200930,2020,3,lawDong,62f6a938f48b,1502,26290,남구,2629010900,문현동
20200930,2020,3,lawDong,62f6a938f48b,252,26290,남구,2629011000,우암동
20200930,2020,3,lawDong,62f6a938f48b,622,26290,남구,2629011100,감만동
20200930,2020,3,lawDong,62f6a938f48b,608,26320,북구,2632010100,금곡동
20200930,2020,3,lawDong,62f6a938f48b,2158,26320,북구,2632010200,화명동
20200930,2020,3,lawDong,62f6a938f48b,1299,26320,북구,2632010300,만덕동
20200930,2020,3,lawDong,62f6a938f48b,2063,26320,북구,2632010400,덕천동
20200930,2020,3,lawDong,62f6a938f48b,2320,26320,북구,2632010500,구포동
20200930,2020,3,lawDong,62f6a938f48b,1261,26350,해운대구,2635010100,반송동
20200930,2020,3,lawDong,62f6a938f48b,69,26350,해운대구,2635010200,석대동
20200930,2020,3,lawDong,62f6a938f48b,1834,26350,해운대구,2635010300,반여동
20200930,2020,3,lawDong,62f6a938f48b,2323,26350,해운대구,2635010400,재송동
20200930,2020,3,lawDong,62f6a938f48b,4698,26350,해운대구,2635010500,우동
20200930,2020,3,lawDong,62f6a938f48b,2404,26350,해운대구,2635010600,중동
20200930,2020,3,lawDong,62f6a938f48b,2863,26350,해운대구,2635010700,좌동
20200930,2020,3,lawDong,62f6a938f48b,645,26350,해운대구,2635010800,송정동
20200930,2020,3,lawDong,62f6a938f48b,2165,26380,사하구,2638010100,괴정동
20200930,2020,3,lawDong,62f6a938f48b,1050,26380,사하구,2638010200,당리동
20200930,2020,3,lawDong,62f6a938f48b,2347,26380,사하구,2638010300,하단동
20200930,2020,3,lawDong,62f6a938f48b,1083,26380,사하구,2638010400,신평동
20200930,2020,3,lawDong,62f6a938f48b,1290,26380,사하구,2638010500,장림동
20200930,2020,3,lawDong,62f6a938f48b,1662,26380,사하구,2638010600,다대동
20200930,2020,3,lawDong,62f6a938f48b,278,26380,사하구,2638010700,구평동
20200930,2020,3,lawDong,62f6a938f48b,755,26380,사하구,2638010800,감천동
20200930,2020,3,lawDong,62f6a938f48b,159,26410,금정구,2641010100,두구동
20200930,2020,3,lawDong,62f6a938f48b,80,26410,금정구,2641010200,노포동
20200930,2020,3,lawDong,62f6a938f48b,237,26410,금정구,2641010300,청룡동
20200930,2020,3,lawDong,62f6a938f48b,1299,26410,금정구,2641010400,남산동
20200930,2020,3,lawDong,62f6a938f48b,36,26410,금정구,2641010500,선동
20200930,2020,3,lawDong,62f6a938f48b,45,26410,금정구,2641010600,오륜동
20200930,2020,3,lawDong,62f6a938f48b,1700,26410,금정구,2641010700,구서동
20200930,2020,3,lawDong,62f6a938f48b,2801,26410,금정구,2641010800,장전동
20200930,2020,3,lawDong,62f6a938f48b,1836,26410,금정구,2641010900,부곡동
20200930,2020,3,lawDong,62f6a938f48b,1388,26410,금정구,2641011000,서동
20200930,2020,3,lawDong,62f6a938f48b,421,26410,금정구,2641011100,금사동
20200930,2020,3,lawDong,62f6a938f48b,126,26410,금정구,2641011200,회동동
20200930,2020,3,lawDong,62f6a938f48b,123,26410,금정구,2641011300,금성동
20200930,2020,3,lawDong,62f6a938f48b,658,26440,강서구,2644010100,대저1동
20200930,2020,3,lawDong,62f6a938f48b,736,26440,강서구,2644010200,대저2동
20200930,2020,3,lawDong,62f6a938f48b,262,26440,강서구,2644010300,강동동
20200930,2020,3,lawDong,62f6a938f48b,2610,26440,강서구,2644010400,명지동
20200930,2020,3,lawDong,62f6a938f48b,61,26440,강서구,2644010500,죽림동
20200930,2020,3,lawDong,62f6a938f48b,19,26440,강서구,2644010600,식만동
20200930,2020,3,lawDong,62f6a938f48b,26,26440,강서구,2644010700,죽동동
20200930,2020,3,lawDong,62f6a938f48b,54,26440,강서구,2644010800,봉림동
20200930,2020,3,lawDong,62f6a938f48b,316,26440,강서구,2644010900,송정동
20200930,2020,3,lawDong,62f6a938f48b,156,26440,강서구,2644011000,화전동
20200930,2020,3,lawDong,62f6a938f48b,186,26440,강서구,2644011100,녹산동
20200930,2020,3,lawDong,62f6a938f48b,59,26440,강서구,2644011200,생곡동
20200930,2020,3,lawDong,62f6a938f48b,56,26440,강서구,2644011300,구랑동
20200930,2020,3,lawDong,62f6a938f48b,237,26440,강서구,2644011400,지사동
20200930,2020,3,lawDong,62f6a938f48b,61,26440,강서구,2644011500,미음동
20200930,2020,3,lawDong,62f6a938f48b,137,26440,강서구,2644011600,범방동
20200930,2020,3,lawDong,62f6a938f48b,530,26440,강서구,2644011700,신호동
20200930,2020,3,lawDong,62f6a938f48b,25,26440,강서구,2644011800,동선동
20200930,2020,3,lawDong,62f6a938f48b,50,26440,강서구,2644011900,성북동
20200930,2020,3,lawDong,62f6a938f48b,5,26440,강서구,2644012000,눌차동
20200930,2020,3,lawDong,62f6a938f48b,60,26440,강서구,2644012100,천성동
20200930,2020,3,lawDong,62f6a938f48b,45,26440,강서구,2644012200,대항동
20200930,2020,3,lawDong,62f6a938f48b,2732,26470,연제구,2647010100,거제동
20200930,2020,3,lawDong,62f6a938f48b,6717,26470,연제구,2647010200,연산동
20200930,2020,3,lawDong,62f6a938f48b,1218,26500,수영구,2650010100,망미동
20200930,2020,3,lawDong,62f6a938f48b,1070,26500,수영구,2650010200,수영동
20200930,2020,3,lawDong,62f6a938f48b,1404,26500,수영구,2650010300,민락동
20200930,2020,3,lawDong,62f6a938f48b,3077,26500,수영구,2650010400,광안동
20200930,2020,3,lawDong,62f6a938f48b,1763,26500,수영구,2650010500,남천동
20200930,2020,3,lawDong,62f6a938f48b,412,26530,사상구,2653010100,삼락동
20200930,2020,3,lawDong,62f6a938f48b,1220,26530,사상구,2653010200,모라동
20200930,2020,3,lawDong,62f6a938f48b,965,26530,사상구,2653010300,덕포동
20200930,2020,3,lawDong,62f6a938f48b,2533,26530,사상구,2653010400,괘법동
20200930,2020,3,lawDong,62f6a938f48b,1403,26530,사상구,2653010500,감전동
20200930,2020,3,lawDong,62f6a938f48b,1642,26530,사상구,2653010600,주례동
20200930,2020,3,lawDong,62f6a938f48b,821,26530,사상구,2653010700,학장동
20200930,2020,3,lawDong,62f6a938f48b,762,26530,사상구,2653010800,엄궁동
20200930,2020,3,lawDong,62f6a938f48b,681,26710,기장군,2671025021,기장읍
20200930,2020,3,lawDong,62f6a938f48b,350,26710,기장군,2671025022,기장읍
20200930,2020,3,lawDong,62f6a938f48b,10,26710,기장군,2671025023,기장읍
20200930,2020,3,lawDong,62f6a938f48b,79,26710,기장군,2671025024,기장읍
20200930,2020,3,lawDong,62f6a938f48b,67,26710,기장군,2671025025,기장읍
20200930,2020,3,lawDong,62f6a938f48b,747,26710,기장군,2671025026,기장읍
20200930,2020,3,lawDong,62f6a938f48b,272,26710,기장군,2671025027,기장읍
20200930,2020,3,lawDong,62f6a938f48b,111,26710,기장군,2671025028,기장읍
20200930,2020,3,lawDong,62f6a938f48b,104,26710,기장군,2671025029,기장읍
20200930,2020,3,lawDong,62f6a938f48b,20,26710,기장군,2671025030,기장읍
20200930,2020,3,lawDong,62f6a938f48b,8,26710,기장군,2671025031,기장읍
20200930,2020,3,lawDong,62f6a938f48b,412,26710,기장군,2671025032,기장읍
20200930,2020,3,lawDong,62f6a938f48b,217,26710,기장군,2671025033,기장읍
20200930,2020,3,lawDong,62f6a938f48b,67,26710,기장군,2671025034,기장읍
20200930,2020,3,lawDong,62f6a938f48b,304,26710,기장군,2671025321,장안읍
20200930,2020,3,lawDong,62f6a938f48b,4,26710,기장군,2671025323,장안읍
20200930,2020,3,lawDong,62f6a938f48b,29,26710,기장군,2671025324,장안읍
20200930,2020,3,lawDong,62f6a938f48b,43,26710,기장군,2671025325,장안읍
20200930,2020,3,lawDong,62f6a938f48b,8,26710,기장군,2671025326,장안읍
20200930,2020,3,lawDong,62f6a938f48b,13,26710,기장군,2671025327,장안읍
20200930,2020,3,lawDong,62f6a938f48b,63,26710,기장군,2671025328,장안읍
20200930,2020,3,lawDong,62f6a938f48b,35,26710,기장군,2671025329,장안읍
20200930,2020,3,lawDong,62f6a938f48b,104,26710,기장군,2671025330,장안읍
20200930,2020,3,lawDong,62f6a938f48b,36,26710,기장군,2671025331,장안읍
20200930,2020,3,lawDong,62f6a938f48b,38,26710,기장군,2671025332,장안읍
20200930,2020,3,lawDong,62f6a938f48b,16,26710,기장군,2671025333,장안읍
20200930,2020,3,lawDong,62f6a938f48b,115,26710,기장군,2671025334,장안읍
20200930,2020,3,lawDong,62f6a938f48b,233,26710,기장군,2671025621,정관읍
20200930,2020,3,lawDong,62f6a938f48b,981,26710,기장군,2671025622,정관읍
20200930,2020,3,lawDong,62f6a938f48b,4,26710,기장군,2671025623,정관읍
20200930,2020,3,lawDong,62f6a938f48b,4,26710,기장군,2671025624,정관읍
20200930,2020,3,lawDong,62f6a938f48b,228,26710,기장군,2671025625,정관읍
20200930,2020,3,lawDong,62f6a938f48b,21,26710,기장군,2671025626,정관읍
20200930,2020,3,lawDong,62f6a938f48b,420,26710,기장군,2671025627,정관읍
20200930,2020,3,lawDong,62f6a938f48b,394,26710,기장군,2671025628,정관읍
20200930,2020,3,lawDong,62f6a938f48b,5,26710,기장군,2671025629,정관읍
20200930,2020,3,lawDong,62f6a938f48b,82,26710,기장군,2671025630,정관읍
20200930,2020,3,lawDong,62f6a938f48b,377,26710,기장군,2671025921,일광읍
20200930,2020,3,lawDong,62f6a938f48b,130,26710,기장군,2671025922,일광읍
20200930,2020,3,lawDong,62f6a938f48b,31,26710,기장군,2671025923,일광읍
20200930,2020,3,lawDong,62f6a938f48b,47,26710,기장군,2671025924,일광읍
20200930,2020,3,lawDong,62f6a938f48b,25,26710,기장군,2671025925,일광읍
20200930,2020,3,lawDong,62f6a938f48b,29,26710,기장군,2671025926,일광읍
20200930,2020,3,lawDong,62f6a938f48b,58,26710,기장군,2671025927,일광읍
20200930,2020,3,lawDong,62f6a938f48b,25,26710,기장군,2671025928,일광읍
20200930,2020,3,lawDong,62f6a938f48b,3,26710,기장군,2671025929,일광읍
20200930,2020,3,lawDong,62f6a938f48b,18,26710,기장군,2671025930,일광읍
20200930,2020,3,lawDong,62f6a938f48b,55,26710,기장군,2671025931,일광읍
20200930,2020,3,lawDong,62f6a938f48b,3,26710,기장군,2671025932,일광읍
20200930,2020,3,lawDong,62f6a938f48b,12,26710,기장군,2671025933,일광읍
20200930,2020,3,lawDong,62f6a938f48b,13,26710,기장군,2671033021,철마면
20200930,2020,3,lawDong,62f6a938f48b,38,26710,기장군,2671033022,철마면
20200930,2020,3,lawDong,62f6a938f48b,2,26710,기장군,2671033023,철마면
20200930,2020,3,lawDong,62f6a938f48b,53,26710,기장군,2671033024,철마면
20200930,2020,3,lawDong,62f6a938f48b,27,26710,기장군,2671033025,철마면
20200930,2020,3,lawDong,62f6a938f48b,22,26710,기장군,2671033026,철마면
20200930,2020,3,lawDong,62f6a938f48b,7,26710,기장군,2671033027,철마면
20200930,2020,3,lawDong,62f6a938f48b,8,26710,기장군,2671033028,철마면
20200930,2020,3,lawDong,62f6a938f48b,59,26710,기장군,2671033029,철마면
20200930,2020,3,lawDong,62f6a938f48b,19,26710,기장군,2671033030,철마면
20200930,2020,3,lawDong,62f6a938f48b,13,26710,기장군,2671033031,철마면
20201231,2020,4,busan,62f6a938f48b,149429,,,,
20201231,2020,4,district,62f6a938f48b,7510,26110,중구,,
20201231,2020,4,district,62f6a938f48b,3892,26140,서구,,
20201231,2020,4,district,62f6a938f48b,6631,26170,동구,,
20201231,2020,4,district,62f6a938f48b,3985,26200,영도구,,
20201231,2020,4,district,62f6a938f48b,19322,26230,부산진구,,
20201231,2020,4,district,62f6a938f48b,11483,26260,동래구,,
20201231,2020,4,district,62f6a938f48b,8994,26290,남구,,
20201231,2020,4,district,62f6a938f48b,8489,26320,북구,,
20201231,2020,4,district,62f6a938f48b,16207,26350,해운대구,,
20201231,2020,4,district,62f6a938f48b,10686,26380,사하구,,
20201231,2020,4,district,62f6a938f48b,10281,26410,금정구,,
20201231,2020,4,district,62f6a938f48b,6508,26440,강서구,,
20201231,2020,4,district,62f6a938f48b,9494,26470,연제구,,
20201231,2020,4,district,62f6a938f48b,8612,26500,수영구,,
20201231,2020,4,district,62f6a938f48b,9806,26530,사상구,,
20201231,2020,4,district,62f6a938f48b,7529,26710,기장군,,
20201231,2020,4,lawDong,62f6a938f48b,299,26110,중구,2611010100,영주동
20201231,2020,4,lawDong,62f6a938f48b,62,26110,중구,2611010200,대창동1가
20201231,2020,4,lawDong,62f6a938f48b,49,26110,중구,2611010300,대창동2가
20201231,2020,4,lawDong,62f6a938f48b,58,26110,중구,2611010400,중앙동1가
20201231,2020,4,lawDong,62f6a938f48b,119,26110,중구,2611010500,중앙동2가
20201231,2020,4,lawDong,62f6a938f48b,111,26110,중구,2611010600,중앙동3가
20201231,2020,4,lawDong,62f6a938f48b,667,26110,중구,2611010700,중앙동4가
20201231,2020,4,lawDong,62f6a938f48b,62,26110,중구,2611010800,중앙동5가
20201231,2020,4,lawDong,62f6a938f48b,227,26110,중구,2611010900,중앙동6가
20201231,2020,4,lawDong,62f6a938f48b,392,26110,중구,2611011000,중앙동7가
20201231,2020,4,lawDong,62f6a938f48b,68,26110,중구,2611011100,동광동1가
20201231,2020,4,lawDong,62f6a938f48b,73,26110,중구,2611011200,동광동2가
20201231,2020,4,lawDong,62f6a938f48b,76,26110,중구,2611011300,동광동3가
20201231,2020,4,lawDong,62f6a938f48b,70,26110,중구,2611011400,동광동4가
20201231,2020,4,lawDong,62f6a938f48b,105,26110,중구,2611011500,동광동5가
20201231,2020,4,lawDong,62f6a938f48b,67,26110,중구,2611011600,대청동1가
20201231,2020,4,lawDong,62f6a938f48b,155,26110,중구,2611011700,대청동2가
20201231,2020,4,lawDong,62f6a938f48b,55,26110,중구,2611011800,대청동3가
20201231,2020,4,lawDong,62f6a938f48b,84,26110,중구,2611011900,대청동4가
20201231,2020,4,lawDong,62f6a938f48b,189,26110,중구,2611012000,보수동1가
20201231,2020,4,lawDong,62f6a938f48b,132,26110,중구,2611012100,보수동2가
20201231,2020,4,lawDong,62f6a938f48b,76,26110,중구,2611012200,보수동3가
20201231,2020,4,lawDong,62f6a938f48b,652,26110,중구,2611012300,부평동1가
20201231,2020,4,lawDong,62f6a938f48b,561,26110,중구,2611012400,부평동2가
20201231,2020,4,lawDong,62f6a938f48b,167,26110,중구,2611012500,부평동3가
20201231,2020,4,lawDong,62f6a938f48b,119,26110,중구,2611012600,부평동4가
20201231,2020,4,lawDong,62f6a938f48b,292,26110,중구,2611012700,신창동1가
20201231,2020,4,lawDong,62f6a938f48b,257,26110,중구,2611012800,신창동2가
20201231,2020,4,lawDong,62f6a938f48b,104,26110,중구,2611012900,신창동3가
20201231,2020,4,lawDong,62f6a938f48b,266,26110,중구,2611013000,신창동4가
20201231,2020,4,lawDong,62f6a938f48b,182,26110,중구,2611013100,창선동1가
20201231,2020,4,lawDong,62f6a938f48b,202,26110,중구,2611013200,창선동2가
20201231,2020,4,lawDong,62f6a938f48b,134,26110,중구,2611013300,광복동1가
20201231,2020,4,lawDong,62f6a938f48b,84,26110,중구,2611013400,광복동2가
20201231,2020,4,lawDong,62f6a938f48b,65,26110,중구,2611013500,광복동3가
20201231,2020,4,lawDong,62f6a938f48b,80,26110,중구,2611013600,남포동1가
20201231,2020,4,lawDong,62f6a938f48b,175,26110,중구,2611013700,남포동2가
20201231,2020,4,lawDong,62f6a938f48b,59,26110,중구,2611013800,남포동3가
20201231,2020,4,lawDong,62f6a938f48b,148,26110,중구,2611013900,남포동4가
20201231,2020,4,lawDong,62f6a938f48b,414,26110,중구,2611014000,남포동5가
20201231,2020,4,lawDong,62f6a938f48b,353,26110,중구,2611014100,남포동6가
20201231,2020,4,lawDong,62f6a938f48b,182,26140,서구,2614010100,동대신동1가
20201231,2020,4,lawDong,62f6a938f48b,265,26140,서구,2614010200,동대신동2가
20201231,2020,4,lawDong,62f6a938f48b,325,26140,서구,2614010300,동대신동3가
20201231,2020,4,lawDong,62f6a938f48b,173,26140,서구,2614010400,서대신동1가
20201231,2020,4,lawDong,62f6a938f48b,281,26140,서구,2614010500,서대신동2가
20201231,2020,4,lawDong,62f6a938f48b,396,26140,서구,2614010600,서대신동3가
20201231,2020,4,lawDong,62f6a938f48b,45,26140,서구,2614010700,부용동1가
20201231,2020,4,lawDong,62f6a938f48b,48,26140,서구,2614010800,부용동2가
20201231,2020,4,lawDong,62f6a938f48b,142,26140,서구,2614010900,부민동1가
20201231,2020,4,lawDong,62f6a938f48b,73,26140,서구,2614011000,부민동2가
20201231,2020,4,lawDong,62f6a938f48b,42,26140,서구,2614011100,부민동3가
20201231,2020,4,lawDong,62f6a938f48b,66,26140,서구,2614011200,토성동1가
20201231,2020,4,lawDong,62f6a938f48b,29,26140,서구,2614011300,토성동2가
20201231,2020,4,lawDong,62f6a938f48b,45,26140,서구,2614011400,토성동3가
20201231,2020,4,lawDong,62f6a938f48b,59,26140,서구,2614011500,아미동1가
20201231,2020,4,lawDong,62f6a938f48b,168,26140,서구,2614011600,아미동2가
20201231,2020,4,lawDong,62f6a938f48b,47,26140,서구,2614011700,토성동4가
20201231,2020,4,lawDong,62f6a938f48b,76,26140,서구,2614011800,토성동5가
20201231,2020,4,lawDong,62f6a938f48b,77,26140,서구,2614011900,초장동
20201231,2020,4,lawDong,62f6a938f48b,371,26140,서구,2614012000,충무동1가
20201231,2020,4,lawDong,62f6a938f48b,67,26140,서구,2614012100,충무동2가
20201231,2020,4,lawDong,62f6a938f48b,54,26140,서구,2614012200,충무동3가
20201231,2020,4,lawDong,62f6a938f48b,351,26140,서구,2614012300,남부민동
20201231,2020,4,lawDong,62f6a938f48b,510,26140,서구,2614012400,암남동
20201231,2020,4,lawDong,62f6a938f48b,2277,26170,동구,2617010100,초량동
20201231,2020,4,lawDong,62f6a938f48b,1048,26170,동구,2617010200,수정동
20201231,2020,4,lawDong,62f6a938f48b,357,26170,동구,2617010300,좌천동
20201231,2020,4,lawDong,62f6a938f48b,2949,26170,동구,2617010400,범일동
20201231,2020,4,lawDong,62f6a938f48b,242,26200,영도구,2620010100,대교동1가
20201231,2020,4,lawDong,62f6a938f48b,232,26200,영도구,2620010200,대교동2가
20201231,2020,4,lawDong,62f6a938f48b,52,26200,영도구,2620010300,대평동1가
20201231,2020,4,lawDong,62f6a938f48b,24,26200,영도구,2620010400,대평동2가
20201231,2020,4,lawDong,62f6a938f48b,316,26200,영도구,2620010500,남항동1가
20201231,2020,4,lawDong,62f6a938f48b,138,26200,영도구,2620010600,남항동2가
20201231,2020,4,lawDong,62f6a938f48b,59,26200,영도구,2620010700,남항동3가
20201231,2020,4,lawDong,62f6a938f48b,171,26200,영도구,2620010800,영선동1가
20201231,2020,4,lawDong,62f6a938f48b,224,26200,영도구,2620010900,영선동2가
20201231,2020,4,lawDong,62f6a938f48b,116,26200,영도구,2620011000,영선동3가
20201231,2020,4,lawDong,62f6a938f48b,124,26200,영도구,2620011100,영선동4가
20201231,2020,4,lawDong,62f6a938f48b,47,26200,영도구,2620011200,신선동1가
20201231,2020,4,lawDong,62f6a938f48b,42,26200,영도구,2620011300,신선동2가
20201231,2020,4,lawDong,62f6a938f48b,48,26200,영도구,2620011400,신선동3가
20201231,2020,4,lawDong,62f6a938f48b,84,26200,영도구,2620011500,봉래동1가
20201231,2020,4,lawDong,62f6a938f48b,131,26200,영도구,2620011600,봉래동2가
20201231,2020,4,lawDong,62f6a938f48b,173,26200,영도구,2620011700,봉래동3가
20201231,2020,4,lawDong,62f6a938f48b,30,26200,영도구,2620011800,봉래동4가
20201231,2020,4,lawDong,62f6a938f48b,57,26200,영도구,2620011900,봉래동5가
20201231,2020,4,lawDong,62f6a938f48b,576,26200,영도구,2620012000,청학동
20201231,2020,4,lawDong,62f6a938f48b,1099,26200,영도구,2620012100,동삼동
20201231,2020,4,lawDong,62f6a938f48b,1802,26230,부산진구,2623010100,양정동
20201231,2020,4,lawDong,62f6a938f48b,2606,26230,부산진구,2623010200,전포동
20201231,2020,4,lawDong,62f6a938f48b,6655,26230,부산진구,2623010300,부전동
20201231,2020,4,lawDong,62f6a938f48b,1816,26230,부산진구,2623010400,범천동
20201231,2020,4,lawDong,62f6a938f48b,165,26230,부산진구,2623010500,범전동
20201231,2020,4,lawDong,62f6a938f48b,494,26230,부산진구,2623010600,연지동
20201231,2020,4,lawDong,62f6a938f48b,787,26230,부산진구,2623010700,초읍동
20201231,2020,4,lawDong,62f6a938f48b,829,26230,부산진구,2623010800,부암동
20201231,2020,4,lawDong,62f6a938f48b,1425,26230,부산진구,2623010900,당감동
20201231,2020,4,lawDong,62f6a938f48b,1260,26230,부산진구,2623011000,가야동
20201231,2020,4,lawDong,62f6a938f48b,1483,26230,부산진구,2623011100,개금동
20201231,2020,4,lawDong,62f6a938f48b,897,26260,동래구,2626010100,명장동
20201231,2020,4,lawDong,62f6a938f48b,2044,26260,동래구,2626010200,안락동
20201231,2020,4,lawDong,62f6a938f48b,84,26260,동래구,2626010300,칠산동
20201231,2020,4,lawDong,62f6a938f48b,307,26260,동래구,2626010400,낙민동
20201231,2020,4,lawDong,62f6a938f48b,382,26260,동래구,2626010500,복천동
20201231,2020,4,lawDong,62f6a938f48b,852,26260,동래구,2626010600,수안동
20201231,2020,4,lawDong,62f6a938f48b,1371,26260,동래구,2626010700,명륜동
20201231,2020,4,lawDong,62f6a938f48b,3433,26260,동래구,2626010800,온천동
20201231,2020,4,lawDong,62f6a938f48b,2113,26260,동래구,2626010900,사직동
20201231,2020,4,lawDong,62f6a938f48b,4372,26290,남구,2629010600,대연동
20201231,2020,4,lawDong,62f6a938f48b,1901,26290,남구,2629010700,용호동
20201231,2020,4,lawDong,62f6a938f48b,345,26290,남구,2629010800,용당동
20201231,2020,4,lawDong,62f6a938f48b,1508,26290,남구,2629010900,문현동
20201231,2020,4,lawDong,62f6a938f48b,251,26290,남구,2629011000,우암동
20201231,2020,4,lawDong,62f6a938f48b,617,26290,남구,2629011100,감만동
20201231,2020,4,lawDong,62f6a938f48b,603,26320,북구,2632010100,금곡동
20201231,2020,4,lawDong,62f6a938f48b,2184,26320,북구,2632010200,화명동
20201231,2020,4,lawDong,62f6a938f48b,1313,26320,북구,2632010300,만덕동
20201231,2020,4,lawDong,62f6a938f48b,2053,26320,북구,2632010400,덕천동
20201231,2020,4,lawDong,62f6a938f48b,2336,26320,북구,2632010500,구포동
20201231,2020,4,lawDong,62f6a938f48b,1265,26350,해운대구,2635010100,반송동
20201231,2020,4,lawDong,62f6a938f48b,71,26350,해운대구,2635010200,석대동
20201231,2020,4,lawDong,62f6a938f48b,1836,26350,해운대구,2635010300,반여동
20201231,2020,4,lawDong,62f6a938f48b,2353,26350,해운대구,2635010400,재송동
20201231,2020,4,lawDong,62f6a938f48b,4699,26350,해운대구,2635010500,우동
20201231,2020,4,lawDong,62f6a938f48b,2400,26350,해운대구,2635010600,중동
20201231,2020,4,lawDong,62f6a938f48b,2924,26350,해운대구,2635010700,좌동
20201231,2020,4,lawDong,62f6a938f48b,659,26350,해운대구,2635010800,송정동
20201231,2020,4,lawDong,62f6a938f48b,2175,26380,사하구,2638010100,괴정동
20201231,2020,4,lawDong,62f6a938f48b,1043,26380,사하구,2638010200,당리동
20201231,2020,4,lawDong,62f6a938f48b,2358,26380,사하구,2638010300,하단동
20201231,2020,4,lawDong,62f6a938f48b,1092,26380,사하구,2638010400,신평동
20201231,2020,4,lawDong,62f6a938f48b,1297,26380,사하구,2638010500,장림동
20201231,2020,4,lawDong,62f6a938f48b,1676,26380,사하구,2638010600,다대동
20201231,2020,4,lawDong,62f6a938f48b,281,26380,사하구,2638010700,구평동
20201231,2020,4,lawDong,62f6a938f48b,764,26380,사하구,2638010800,감천동
20201231,2020,4,lawDong,62f6a938f48b,160,26410,금정구,2641010100,두구동
20201231,2020,4,lawDong,62f6a938f48b,81,26410,금정구,2641010200,노포동
20201231,2020,4,lawDong,62f6a938f48b,242,26410,금정구,2641010300,청룡동
20201231,2020,4,lawDong,62f6a938f48b,1302,26410,금정구,2641010400,남산동
20201231,2020,4,lawDong,62f6a938f48b,38,26410,금정구,2641010500,선동
20201231,2020,4,lawDong,62f6a938f48b,45,26410,금정구,2641010600,오륜동
20201231,2020,4,lawDong,62f6a938f48b,1711,26410,금정구,2641010700,구서동
20201231,2020,4,lawDong,62f6a938f48b,2788,26410,금정구,2641010800,장전동
20201231,2020,4,lawDong,62f6a938f48b,1848,26410,금정구,2641010900,부곡동
20201231,2020,4,lawDong,62f6a938f48b,1391,26410,금정구,2641011000,서동
20201231,2020,4,lawDong,62f6a938f48b,422,26410,금정구,2641011100,금사동
20201231,2020,4,lawDong,62f6a938f48b,129,26410,금정구,2641011200,회동동
20201231,2020,4,lawDong,62f6a938f48b,124,26410,금정구,2641011300,금성동
20201231,2020,4,lawDong,62f6a938f48b,663,26440,강서구,2644010100,대저1동
20201231,2020,4,lawDong,62f6a938f48b,738,26440,강서구,2644010200,대저2동
20201231,2020,4,lawDong,62f6a938f48b,264,26440,강서구,2644010300,강동동
20201231,2020,4,lawDong,62f6a938f48b,2726,26440,강서구,2644010400,명지동
20201231,2020,4,lawDong,62f6a938f48b,63,26440,강서구,2644010500,죽림동
20201231,2020,4,lawDong,62f6a938f48b,19,26440,강서구,2644010600,식만동
20201231,2020,4,lawDong,62f6a938f48b,26,26440,강서구,2644010700,죽동동
20201231,2020,4,lawDong,62f6a938f48b,57,26440,강서구,2644010800,봉림동
20201231,2020,4,lawDong,62f6a938f48b,318,26440,강서구,2644010900,송정동
20201231,2020,4,lawDong,62f6a938f48b,153,26440,강서구,2644011000,화전동
20201231,2020,4,lawDong,62f6a938f48b,189,26440,강서구,2644011100,녹산동
20201231,2020,4,lawDong,62f6a938f48b,61,26440,강서구,2644011200,생곡동
20201231,2020,4,lawDong,62f6a938f48b,56,26440,강서구,2644011300,구랑동
20201231,2020,4,lawDong,62f6a938f48b,240,26440,강서구,2644011400,지사동
20201231,2020,4,lawDong,62f6a938f48b,66,26440,강서구,2644011500,미음동
20201231,2020,4,lawDong,62f6a938f48b,140,26440,강서구,2644011600,범방동
20201231,2020,4,lawDong,62f6a938f48b,537,26440,강서구,2644011700,신호동
20201231,2020,4,lawDong,62f6a938f48b,25,26440,강서구,2644011800,동선동
20201231,2020,4,lawDong,62f6a938f48b,50,26440,강서구,2644011900,성북동
20201231,2020,4,lawDong,62f6a938f48b,5,26440,강서구,2644012000,눌차동
20201231,2020,4,lawDong,62f6a938f48b,65,26440,강서구,2644012100,천성동
20201231,2020,4,lawDong,62f6a938f48b,47,26440,강서구,2644012200,대항동
20201231,2020,4,lawDong,62f6a938f48b,2752,26470,연제구,2647010100,거제동
20201231,2020,4,lawDong,62f6a938f48b,6742,26470,연제구,2647010200,연산동
20201231,2020,4,lawDong,62f6a938f48b,1246,26500,수영구,2650010100,망미동
20201231,2020,4,lawDong,62f6a938f48b,1064,26500,수영구,2650010200,수영동
20201231,2020,4,lawDong,62f6a938f48b,1421,26500,수영구,2650010300,민락동
20201231,2020,4,lawDong,62f6a938f48b,3112,26500,수영구,2650010400,광안동
20201231,2020,4,lawDong,62f6a938f48b,1769,26500,수영구,2650010500,남천동
20201231,2020,4,lawDong,62f6a938f48b,413,26530,사상구,2653010100,삼락동
20201231,2020,4,lawDong,62f6a938f48b,1234,26530,사상구,2653010200,모라동
20201231,2020,4,lawDong,62f6a938f48b,991,26530,사상구,2653010300,덕포동
20201231,2020,4,lawDong,62f6a938f48b,2530,26530,사상구,2653010400,괘법동
20201231,2020,4,lawDong,62f6a938f48b,1400,26530,사상구,2653010500,감전동
20201231,2020,4,lawDong,62f6a938f48b,1647,26530,사상구,2653010600,주례동
20201231,2020,4,lawDong,62f6a938f48b,828,26530,사상구,2653010700,학장동
20201231,2020,4,lawDong,62f6a938f48b,763,26530,사상구,2653010800,엄궁동
20201231,2020,4,lawDong,62f6a938f48b,692,26710,기장군,2671025021,기장읍
20201231,2020,4,lawDong,62f6a938f48b,355,26710,기장군,2671025022,기장읍
20201231,2020,4,lawDong,62f6a938f48b,10,26710,기장군,2671025023,기장읍
20201231,2020,4,lawDong,62f6a938f48b,77,26710,기장군,2671025024,기장읍
20201231,2020,4,lawDong,62f6a938f48b,66,26710,기장군,2671025025,기장읍
20201231,2020,4,lawDong,62f6a938f48b,756,26710,기장군,2671025026,기장읍
20201231,2020,4,lawDong,62f6a938f48b,272,26710,기장군,2671025027,기장읍
20201231,2020,4,lawDong,62f6a938f48b,110,26710,기장군,2671025028,기장읍
20201231,2020,4,lawDong,62f6a938f48b,102,26710,기장군,2671025029,기장읍
20201231,2020,4,lawDong,62f6a938f48b,20,26710,기장군,2671025030,기장읍
20201231,2020,4,lawDong,62f6a938f48b,8,26710,기장군,2671025031,기장읍
20201231,2020,4,lawDong,62f6a938f48b,415,26710,기장군,2671025032,기장읍
20201231,2020,4,lawDong,62f6a938f48b,224,26710,기장군,2671025033,기장읍
20201231,2020,4,lawDong,62f6a938f48b,64,26710,기장군,2671025034,기장읍
20201231,2020,4,lawDong,62f6a938f48b,308,26710,기장군,2671025321,장안읍
20201231,2020,4,lawDong,62f6a938f48b,4,26710,기장군,2671025323,장안읍
20201231,2020,4,lawDong,62f6a938f48b,29,26710,기장군,2671025324,장안읍
20201231,2020,4,lawDong,62f6a938f48b,45,26710,기장군,2671025325,장안읍
20201231,2020,4,lawDong,62f6a938f48b,8,26710,기장군,2671025326,장안읍
20201231,2020,4,lawDong,62f6a938f48b,13,26710,기장군,2671025327,장안읍
20201231,2020,4,lawDong,62f6a938f48b,64,26710,기장군,2671025328,장안읍
20201231,2020,4,lawDong,62f6a938f48b,34,26710,기장군,2671025329,장안읍
20201231,2020,4,lawDong,62f6a938f48b,102,26710,기장군,2671025330,장안읍
20201231,2020,4,lawDong,62f6a938f48b,39,26710,기장군,2671025331,장안읍
20201231,2020,4,lawDong,62f6a938f48b,40,26710,기장군,2671025332,장안읍
20201231,2020,4,lawDong,62f6a938f48b,18,26710,기장군,2671025333,장안읍
20201231,2020,4,lawDong,62f6a938f48b,117,26710,기장군,2671025334,장안읍
20201231,2020,4,lawDong,62f6a938f48b,241,26710,기장군,2671025621,정관읍
20201231,2020,4,lawDong,62f6a938f48b,995,26710,기장군,2671025622,정관읍
20201231,2020,4,lawDong,62f6a938f48b,4,26710,기장군,2671025623,정관읍
20201231,2020,4,lawDong,62f6a938f48b,4,26710,기장군,2671025624,정관읍
20201231,2020,4,lawDong,62f6a938f48b,231,26710,기장군,2671025625,정관읍
20201231,2020,4,lawDong,62f6a938f48b,22,26710,기장군,2671025626,정관읍
20201231,2020,4,lawDong,62f6a938f48b,437,26710,기장군,2671025627,정관읍
20201231,2020,4,lawDong,62f6a938f48b,391,26710,기장군,2671025628,정관읍
20201231,2020,4,lawDong,62f6a938f48b,5,26710,기장군,2671025629,정관읍
20201231,2020,4,lawDong,62f6a938f48b,85,26710,기장군,2671025630,정관읍
20201231,2020,4,lawDong,62f6a938f48b,415,26710,기장군,2671025921,일광읍
20201231,2020,4,lawDong,62f6a938f48b,136,26710,기장군,2671025922,일광읍
20201231,2020,4,lawDong,62f6a938f48b,30,26710,기장군,2671025923,일광읍
20201231,2020,4,lawDong,62f6a938f48b,47,26710,기장군,2671025924,일광읍
20201231,2020,4,lawDong,62f6a938f48b,26,26710,기장군,2671025925,일광읍
20201231,2020,4,lawDong,62f6a938f48b,29,26710,기장군,2671025926,일광읍
20201231,2020,4,lawDong,62f6a938f48b,60,26710,기장군,2671025927,일광읍
20201231,2020,4,lawDong,62f6a938f48b,23,26710,기장군,2671025928,일광읍
20201231,2020,4,lawDong,62f6a938f48b,3,26710,기장군,2671025929,일광읍
20201231,2020,4,lawDong,62f6a938f48b,20,26710,기장군,2671025930,일광읍
20201231,2020,4,lawDong,62f6a938f48b,57,26710,기장군,2671025931,일광읍
20201231,2020,4,lawDong,62f6a938f48b,3,26710,기장군,2671025932,일광읍
20201231,2020,4,lawDong,62f6a938f48b,13,26710,기장군,2671025933,일광읍
20201231,2020,4,lawDong,62f6a938f48b,13,26710,기장군,2671033021,철마면
20201231,2020,4,lawDong,62f6a938f48b,38,26710,기장군,2671033022,철마면
20201231,2020,4,lawDong,62f6a938f48b,2,26710,기장군,2671033023,철마면
20201231,2020,4,lawDong,62f6a938f48b,55,26710,기장군,2671033024,철마면
20201231,2020,4,lawDong,62f6a938f48b,26,26710,기장군,2671033025,철마면
20201231,2020,4,lawDong,62f6a938f48b,21,26710,기장군,2671033026,철마면
20201231,2020,4,lawDong,62f6a938f48b,7,26710,기장군,2671033027,철마면
20201231,2020,4,lawDong,62f6a938f48b,8,26710,기장군,2671033028,철마면
20201231,2020,4,lawDong,62f6a938f48b,57,26710,기장군,2671033029,철마면
20201231,2020,4,lawDong,62f6a938f48b,20,26710,기장군,2671033030,철마면
20201231,2020,4,lawDong,62f6a938f48b,13,26710,기장군,2671033031,철마면
20210331,2021,1,busan,62f6a938f48b,152158,,,,
20210331,2021,1,district,62f6a938f48b,7567,26110,중구,,
20210331,2021,1,district,62f6a938f48b,3938,26140,서구,,
20210331,2021,1,district,62f6a938f48b,6699,26170,동구,,
20210331,2021,1,district,62f6a938f48b,4062,26200,영도구,,
20210331,2021,1,district,62f6a938f48b,19682,26230,부산진구,,
20210331,2021,1,district,62f6a938f48b,11703,26260,동래구,,
20210331,2021,1,district,62f6a938f48b,9147,26290,남구,,
20210331,2021,1,district,62f6a938f48b,8648,26320,북구,,
20210331,2021,1,district,62f6a938f48b,16605,26350,해운대구,,
20210331,2021,1,district,62f6a938f48b,10834,26380,사하구,,
20210331,2021,1,district,62f6a938f48b,10473,26410,금정구,,
20210331,2021,1,district,62f6a938f48b,6682,26440,강서구,,
20210331,2021,1,district,62f6a938f48b,9677,26470,연제구,,
20210331,2021,1,district,62f6a938f48b,8793,26500,수영구,,
20210331,2021,1,district,62f6a938f48b,9926,26530,사상구,,
20210331,2021,1,district,62f6a938f48b,7722,26710,기장군,,
20210331,2021,1,lawDong,62f6a938f48b,302,26110,중구,2611010100,영주동
20210331,2021,1,lawDong,62f6a938f48b,63,26110,중구,2611010200,대창동1가
20210331,2021,1,lawDong,62f6a938f48b,51,26110,중구,2611010300,대창동2가
20210331,2021,1,lawDong,62f6a938f48b,59,26110,중구,2611010400,중앙동1가
20210331,2021,1,lawDong,62f6a938f48b,118,26110,중구,2611010500,중앙동2가
20210331,2021,1,lawDong,62f6a938f48b,113,26110,중구,2611010600,중앙동3가
20210331,2021,1,lawDong,62f6a938f48b,670,26110,중구,2611010700,중앙동4가
20210331,2021,1,lawDong,62f6a938f48b,61,26110,중구,2611010800,중앙동5가
20210331,2021,1,lawDong,62f6a938f48b,236,26110,중구,2611010900,중앙동6가
20210331,2021,1,lawDong,62f6a938f48b,383,26110,중구,2611011000,중앙동7가
20210331,2021,1,lawDong,62f6a938f48b,70,26110,중구,2611011100,동광동1가
20210331,2021,1,lawDong,62f6a938f48b,74,26110,중구,2611011200,동광동2가
20210331,2021,1,lawDong,62f6a938f48b,76,26110,중구,2611011300,동광동3가
20210331,2021,1,lawDong,62f6a938f48b,72,26110,중구,2611011400,동광동4가
20210331,2021,1,lawDong,62f6a938f48b,106,26110,중구,2611011500,동광동5가
20210331,2021,1,lawDong,62f6a938f48b,69,26110,중구,2611011600,대청동1가
20210331,2021,1,lawDong,62f6a938f48b,155,26110,중구,2611011700,대청동2가
20210331,2021,1,lawDong,62f6a938f48b,55,26110,중구,2611011800,대청동3가
20210331,2021,1,lawDong,62f6a938f48b,85,26110,중구,2611011900,대청동4가
20210331,2021,1,lawDong,62f6a938f48b,189,26110,중구,2611012000,보수동1가
20210331,2021,1,lawDong,62f6a938f48b,135,26110,중구,2611012100,보수동2가
20210331,2021,1,lawDong,62f6a938f48b,79,26110,중구,2611012200,보수동3가
20210331,2021,1,lawDong,62f6a938f48b,662,26110,중구,2611012300,부평동1가
20210331,2021,1,lawDong,62f6a938f48b,557,26110,중구,2611012400,부평동2가
20210331,2021,1,lawDong,62f6a938f48b,167,26110,중구,2611012500,부평동3가
20210331,2021,1,lawDong,62f6a938f48b,119,26110,중구,2611012600,부평동4가
20210331,2021,1,lawDong,62f6a938f48b,295,26110,중구,2611012700,신창동1가
20210331,2021,1,lawDong,62f6a938f48b,259,26110,중구,2611012800,신창동2가
20210331,2021,1,lawDong,62f6a938f48b,104,26110,중구,2611012900,신창동3가
20210331,2021,1,lawDong,62f6a938f48b,270,26110,중구,2611013000,신창동4가
20210331,2021,1,lawDong,62f6a938f48b,182,26110,중구,2611013100,창선동1가
20210331,2021,1,lawDong,62f6a938f48b,203,26110,중구,2611013200,창선동2가
20210331,2021,1,lawDong,62f6a938f48b,138,26110,중구,2611013300,광복동1가
20210331,2021,1,lawDong,62f6a938f48b,82,26110,중구,2611013400,광복동2가
20210331,2021,1,lawDong,62f6a938f48b,64,26110,중구,2611013500,광복동3가
20210331,2021,1,lawDong,62f6a938f48b,80,26110,중구,2611013600,남포동1가
20210331,2021,1,lawDong,62f6a938f48b,173,26110,중구,2611013700,남포동2가
20210331,2021,1,lawDong,62f6a938f48b,62,26110,중구,2611013800,남포동3가
20210331,2021,1,lawDong,62f6a938f48b,150,26110,중구,2611013900,남포동4가
20210331,2021,1,lawDong,62f6a938f48b,423,26110,중구,2611014000,남포동5가
20210331,2021,1,lawDong,62f6a938f48b,356,26110,중구,2611014100,남포동6가
20210331,2021,1,lawDong,62f6a938f48b,188,26140,서구,2614010100,동대신동1가
20210331,2021,1,lawDong,62f6a938f48b,269,26140,서구,2614010200,동대신동2가
20210331,2021,1,lawDong,62f6a938f48b,330,26140,서구,2614010300,동대신동3가
20210331,2021,1,lawDong,62f6a938f48b,177,26140,서구,2614010400,서대신동1가
20210331,2021,1,lawDong,62f6a938f48b,290,26140,서구,2614010500,서대신동2가
20210331,2021,1,lawDong,62f6a938f48b,398,26140,서구,2614010600,서대신동3가
20210331,2021,1,lawDong,62f6a938f48b,45,26140,서구,2614010700,부용동1가
20210331,2021,1,lawDong,62f6a938f48b,49,26140,서구,2614010800,부용동2가
20210331,2021,1,lawDong,62f6a938f48b,143,26140,서구,2614010900,부민동1가
20210331,2021,1,lawDong,62f6a938f48b,73,26140,서구,2614011000,부민동2가
20210331,2021,1,lawDong,62f6a938f48b,41,26140,서구,2614011100,부민동3가
20210331,2021,1,lawDong,62f6a938f48b,66,26140,서구,2614011200,토성동1가
20210331,2021,1,lawDong,62f6a938f48b,28,26140,서구,2614011300,토성동2가
20210331,2021,1,lawDong,62f6a938f48b,45,26140,서구,2614011400,토성동3가
20210331,2021,1,lawDong,62f6a938f48b,57,26140,서구,2614011500,아미동1가
20210331,2021,1,lawDong,62f6a938f48b,173,26140,서구,2614011600,아미동2가
20210331,2021,1,lawDong,62f6a938f48b,48,26140,서구,2614011700,토성동4가
20210331,2021,1,lawDong,62f6a938f48b,74,26140,서구,2614011800,토성동5가
20210331,2021,1,lawDong,62f6a938f48b,81,26140,서구,2614011900,초장동
20210331,2021,1,lawDong,62f6a938f48b,374,26140,서구,2614012000,충무동1가
20210331,2021,1,lawDong,62f6a938f48b,68,26140,서구,2614012100,충무동2가
20210331,2021,1,lawDong,62f6a938f48b,53,26140,서구,2614012200,충무동3가
20210331,2021,1,lawDong,62f6a938f48b,357,26140,서구,2614012300,남부민동
20210331,2021,1,lawDong,62f6a938f48b,511,26140,서구,2614012400,암남동
20210331,2021,1,lawDong,62f6a938f48b,2302,26170,동구,2617010100,초량동
20210331,2021,1,lawDong,62f6a938f48b,1059,26170,동구,2617010200,수정동
20210331,2021,1,lawDong,62f6a938f48b,360,26170,동구,2617010300,좌천동
20210331,2021,1,lawDong,62f6a938f48b,2978,26170,동구,2617010400,범일동
20210331,2021,1,lawDong,62f6a938f48b,244,26200,영도구,2620010100,대교동1가
20210331,2021,1,lawDong,62f6a938f48b,233,26200,영도구,2620010200,대교동2가
20210331,2021,1,lawDong,62f6a938f48b,51,26200,영도구,2620010300,대평동1가
20210331,2021,1,lawDong,62f6a938f48b,25,26200,영도구,2620010400,대평동2가
20210331,2021,1,lawDong,62f6a938f48b,316,26200,영도구,2620010500,남항동1가
20210331,2021,1,lawDong,62f6a938f48b,139,26200,영도구,2620010600,남항동2가
20210331,2021,1,lawDong,62f6a938f48b,62,26200,영도구,2620010700,남항동3가
20210331,2021,1,lawDong,62f6a938f48b,170,26200,영도구,2620010800,영선동1가
20210331,2021,1,lawDong,62f6a938f48b,229,26200,영도구,2620010900,영선동2가
20210331,2021,1,lawDong,62f6a938f48b,119,26200,영도구,2620011000,영선동3가
20210331,2021,1,lawDong,62f6a938f48b,123,26200,영도구,2620011100,영선동4가
20210331,2021,1,lawDong,62f6a938f48b,48,26200,영도구,2620011200,신선동1가
20210331,2021,1,lawDong,62f6a938f48b,42,26200,영도구,2620011300,신선동2가
20210331,2021,1,lawDong,62f6a938f48b,49,26200,영도구,2620011400,신선동3가
20210331,2021,1,lawDong,62f6a938f48b,85,26200,영도구,2620011500,봉래동1가
20210331,2021,1,lawDong,62f6a938f48b,135,26200,영도구,2620011600,봉래동2가
20210331,2021,1,lawDong,62f6a938f48b,183,26200,영도구,2620011700,봉래동3가
20210331,2021,1,lawDong,62f6a938f48b,32,26200,영도구,2620011800,봉래동4가
20210331,2021,1,lawDong,62f6a938f48b,60,26200,영도구,2620011900,봉래동5가
20210331,2021,1,lawDong,62f6a938f48b,590,26200,영도구,2620012000,청학동
20210331,2021,1,lawDong,62f6a938f48b,1127,26200,영도구,2620012100,동삼동
20210331,2021,1,lawDong,62f6a938f48b,1840,26230,부산진구,2623010100,양정동
20210331,2021,1,lawDong,62f6a938f48b,2674,26230,부산진구,2623010200,전포동
20210331,2021,1,lawDong,62f6a938f48b,6752,26230,부산진구,2623010300,부전동
20210331,2021,1,lawDong,62f6a938f48b,1835,26230,부산진구,2623010400,범천동
20210331,2021,1,lawDong,62f6a938f48b,174,26230,부산진구,2623010500,범전동
20210331,2021,1,lawDong,62f6a938f48b,506,26230,부산진구,2623010600,연지동
20210331,2021,1,lawDong,62f6a938f48b,793,26230,부산진구,2623010700,초읍동
20210331,2021,1,lawDong,62f6a938f48b,855,26230,부산진구,2623010800,부암동
20210331,2021,1,lawDong,62f6a938f48b,1448,26230,부산진구,2623010900,당감동
20210331,2021,1,lawDong,62f6a938f48b,1287,26230,부산진구,2623011000,가야동
20210331,2021,1,lawDong,62f6a938f48b,1518,26230,부산진구,2623011100,개금동
20210331,2021,1,lawDong,62f6a938f48b,913,26260,동래구,2626010100,명장동
20210331,2021,1,lawDong,62f6a938f48b,2089,26260,동래구,2626010200,안락동
20210331,2021,1,lawDong,62f6a938f48b,88,26260,동래구,2626010300,칠산동
20210331,2021,1,lawDong,62f6a938f48b,313,26260,동래구,2626010400,낙민동
20210331,2021,1,lawDong,62f6a938f48b,391,26260,동래구,2626010500,복천동
20210331,2021,1,lawDong,62f6a938f48b,869,26260,동래구,2626010600,수안동
20210331,2021,1,lawDong,62f6a938f48b,1413,26260,동래구,2626010700,명륜동
20210331,2021,1,lawDong,62f6a938f48b,3473,26260,동래구,2626010800,온천동
20210331,2021,1,lawDong,62f6a938f48b,2154,26260,동래구,2626010900,사직동
20210331,2021,1,lawDong,62f6a938f48b,4456,26290,남구,2629010600,대연동
20210331,2021,1,lawDong,62f6a938f48b,1932,26290,남구,2629010700,용호동
20210331,2021,1,lawDong,62f6a938f48b,344,26290,남구,2629010800,용당동
20210331,2021,1,lawDong,62f6a938f48b,1541,26290,남구,2629010900,문현동
20210331,2021,1,lawDong,62f6a938f48b,253,26290,남구,2629011000,우암동
20210331,2021,1,lawDong,62f6a938f48b,621,26290,남구,2629011100,감만동
20210331,2021,1,lawDong,62f6a938f48b,607,26320,북구,2632010100,금곡동
20210331,2021,1,lawDong,62f6a938f48b,2214,26320,북구,2632010200,화명동
20210331,2021,1,lawDong,62f6a938f48b,1353,26320,북구,2632010300,만덕동
20210331,2021,1,lawDong,62f6a938f48b,2094,26320,북구,2632010400,덕천동
20210331,2021,1,lawDong,62f6a938f48b,2380,26320,북구,2632010500,구포동
20210331,2021,1,lawDong,62f6a938f48b,1292,26350,해운대구,2635010100,반송동
20210331,2021,1,lawDong,62f6a938f48b,71,26350,해운대구,2635010200,석대동
20210331,2021,1,lawDong,62f6a938f48b,1881,26350,해운대구,2635010300,반여동
20210331,2021,1,lawDong,62f6a938f48b,2398,26350,해운대구,2635010400,재송동
20210331,2021,1,lawDong,62f6a938f48b,4819,26350,해운대구,2635010500,우동
20210331,2021,1,lawDong,62f6a938f48b,2466,26350,해운대구,2635010600,중동
20210331,2021,1,lawDong,62f6a938f48b,3011,26350,해운대구,2635010700,좌동
20210331,2021,1,lawDong,62f6a938f48b,667,26350,해운대구,2635010800,송정동
20210331,2021,1,lawDong,62f6a938f48b,2210,26380,사하구,2638010100,괴정동
20210331,2021,1,lawDong,62f6a938f48b,1056,26380,사하구,2638010200,당리동
20210331,2021,1,lawDong,62f6a938f48b,2380,26380,사하구,2638010300,하단동
20210331,2021,1,lawDong,62f6a938f48b,1103,26380,사하구,2638010400,신평동
20210331,2021,1,lawDong,62f6a938f48b,1303,26380,사하구,2638010500,장림동
20210331,2021,1,lawDong,62f6a938f48b,1709,26380,사하구,2638010600,다대동
20210331,2021,1,lawDong,62f6a938f48b,293,26380,사하구,2638010700,구평동
20210331,2021,1,lawDong,62f6a938f48b,780,26380,사하구,2638010800,감천동
20210331,2021,1,lawDong,62f6a938f48b,164,26410,금정구,2641010100,두구동
20210331,2021,1,lawDong,62f6a938f48b,82,26410,금정구,2641010200,노포동
20210331,2021,1,lawDong,62f6a938f48b,246,26410,금정구,2641010300,청룡동
20210331,2021,1,lawDong,62f6a938f48b,1328,26410,금정구,2641010400,남산동
20210331,2021,1,lawDong,62f6a938f48b,38,26410,금정구,2641010500,선동
20210331,2021,1,lawDong,62f6a938f48b,45,26410,금정구,2641010600,오륜동
20210331,2021,1,lawDong,62f6a938f48b,1748,26410,금정구,2641010700,구서동
20210331,2021,1,lawDong,62f6a938f48b,2834,26410,금정구,2641010800,장전동
20210331,2021,1,lawDong,62f6a938f48b,1896,26410,금정구,2641010900,부곡동
20210331,2021,1,lawDong,62f6a938f48b,1414,26410,금정구,2641011000,서동
20210331,2021,1,lawDong,62f6a938f48b,425,26410,금정구,2641011100,금사동
20210331,2021,1,lawDong,62f6a938f48b,128,26410,금정구,2641011200,회동동
20210331,2021,1,lawDong,62f6a938f48b,125,26410,금정구,2641011300,금성동
20210331,2021,1,lawDong,62f6a938f48b,678,26440,강서구,2644010100,대저1동
20210331,2021,1,lawDong,62f6a938f48b,747,26440,강서구,2644010200,대저2동
20210331,2021,1,lawDong,62f6a938f48b,270,26440,강서구,2644010300,강동동
20210331,2021,1,lawDong,62f6a938f48b,2830,26440,강서구,2644010400,명지동
20210331,2021,1,lawDong,62f6a938f48b,64,26440,강서구,2644010500,죽림동
20210331,2021,1,lawDong,62f6a938f48b,19,26440,강서구,2644010600,식만동
20210331,2021,1,lawDong,62f6a938f48b,26,26440,강서구,2644010700,죽동동
20210331,2021,1,lawDong,62f6a938f48b,59,26440,강서구,2644010800,봉림동
20210331,2021,1,lawDong,62f6a938f48b,323,26440,강서구,2644010900,송정동
20210331,2021,1,lawDong,62f6a938f48b,156,26440,강서구,2644011000,화전동
20210331,2021,1,lawDong,62f6a938f48b,193,26440,강서구,2644011100,녹산동
20210331,2021,1,lawDong,62f6a938f48b,61,26440,강서구,2644011200,생곡동
20210331,2021,1,lawDong,62f6a938f48b,59,26440,강서구,2644011300,구랑동
20210331,2021,1,lawDong,62f6a938f48b,245,26440,강서구,2644011400,지사동
20210331,2021,1,lawDong,62f6a938f48b,70,26440,강서구,2644011500,미음동
20210331,2021,1,lawDong,62f6a938f48b,143,26440,강서구,2644011600,범방동
20210331,2021,1,lawDong,62f6a938f48b,546,26440,강서구,2644011700,신호동
20210331,2021,1,lawDong,62f6a938f48b,25,26440,강서구,2644011800,동선동
20210331,2021,1,lawDong,62f6a938f48b,47,26440,강서구,2644011900,성북동
20210331,2021,1,lawDong,62f6a938f48b,5,26440,강서구,2644012000,눌차동
20210331,2021,1,lawDong,62f6a938f48b,69,26440,강서구,2644012100,천성동
20210331,2021,1,lawDong,62f6a938f48b,47,26440,강서구,2644012200,대항동
20210331,2021,1,lawDong,62f6a938f48b,2805,26470,연제구,2647010100,거제동
20210331,2021,1,lawDong,62f6a938f48b,6872,26470,연제구,2647010200,연산동
20210331,2021,1,lawDong,62f6a938f48b,1275,26500,수영구,2650010100,망미동
20210331,2021,1,lawDong,62f6a938f48b,1087,26500,수영구,2650010200,수영동
20210331,2021,1,lawDong,62f6a938f48b,1446,26500,수영구,2650010300,민락동
20210331,2021,1,lawDong,62f6a938f48b,3176,26500,수영구,2650010400,광안동
20210331,2021,1,lawDong,62f6a938f48b,1809,26500,수영구,2650010500,남천동
20210331,2021,1,lawDong,62f6a938f48b,411,26530,사상구,2653010100,삼락동
20210331,2021,1,lawDong,62f6a938f48b,1249,26530,사상구,2653010200,모라동
20210331,2021,1,lawDong,62f6a938f48b,1012,26530,사상구,2653010300,덕포동
20210331,2021,1,lawDong,62f6a938f48b,2550,26530,사상구,2653010400,괘법동
20210331,2021,1,lawDong,62f6a938f48b,1419,26530,사상구,2653010500,감전동
20210331,2021,1,lawDong,62f6a938f48b,1675,26530,사상구,2653010600,주례동
20210331,2021,1,lawDong,62f6a938f48b,838,26530,사상구,2653010700,학장동
20210331,2021,1,lawDong,62f6a938f48b,772,26530,사상구,2653010800,엄궁동
20210331,2021,1,lawDong,62f6a938f48b,698,26710,기장군,2671025021,기장읍
20210331,2021,1,lawDong,62f6a938f48b,362,26710,기장군,2671025022,기장읍
20210331,2021,1,lawDong,62f6a938f48b,10,26710,기장군,2671025023,기장읍
20210331,2021,1,lawDong,62f6a938f48b,79,26710,기장군,2671025024,기장읍
20210331,2021,1,lawDong,62f6a938f48b,67,26710,기장군,2671025025,기장읍
20210331,2021,1,lawDong,62f6a938f48b,768,26710,기장군,2671025026,기장읍
20210331,2021,1,lawDong,62f6a938f48b,283,26710,기장군,2671025027,기장읍
20210331,2021,1,lawDong,62f6a938f48b,113,26710,기장군,2671025028,기장읍
20210331,2021,1,lawDong,62f6a938f48b,112,26710,기장군,2671025029,기장읍
20210331,2021,1,lawDong,62f6a938f48b,20,26710,기장군,2671025030,기장읍
20210331,2021,1,lawDong,62f6a938f48b,8,26710,기장군,2671025031,기장읍
20210331,2021,1,lawDong,62f6a938f48b,418,26710,기장군,2671025032,기장읍
20210331,2021,1,lawDong,62f6a938f48b,235,26710,기장군,2671025033,기장읍
20210331,2021,1,lawDong,62f6a938f48b,65,26710,기장군,2671025034,기장읍
20210331,2021,1,lawDong,62f6a938f48b,314,26710,기장군,2671025321,장안읍
20210331,2021,1,lawDong,62f6a938f48b,4,26710,기장군,2671025323,장안읍
20210331,2021,1,lawDong,62f6a938f48b,30,26710,기장군,2671025324,장안읍
20210331,2021,1,lawDong,62f6a938f48b,44,26710,기장군,2671025325,장안읍
20210331,2021,1,lawDong,62f6a938f48b,9,26710,기장군,2671025326,장안읍
20210331,2021,1,lawDong,62f6a938f48b,13,26710,기장군,2671025327,장안읍
20210331,2021,1,lawDong,62f6a938f48b,66,26710,기장군,2671025328,장안읍
20210331,2021,1,lawDong,62f6a938f48b,34,26710,기장군,2671025329,장안읍
20210331,2021,1,lawDong,62f6a938f48b,103,26710,기장군,2671025330,장안읍
20210331,2021,1,lawDong,62f6a938f48b,39,26710,기장군,2671025331,장안읍
20210331,2021,1,lawDong,62f6a938f48b,40,26710,기장군,2671025332,장안읍
20210331,2021,1,lawDong,62f6a938f48b,19,26710,기장군,2671025333,장안읍
20210331,2021,1,lawDong,62f6a938f48b,115,26710,기장군,2671025334,장안읍
20210331,2021,1,lawDong,62f6a938f48b,248,26710,기장군,2671025621,정관읍
20210331,2021,1,lawDong,62f6a938f48b,1023,26710,기장군,2671025622,정관읍
20210331,2021,1,lawDong,62f6a938f48b,4,26710,기장군,2671025623,정관읍
20210331,2021,1,lawDong,62f6a938f48b,4,26710,기장군,2671025624,정관읍
20210331,2021,1,lawDong,62f6a938f48b,229,26710,기장군,2671025625,정관읍
20210331,2021,1,lawDong,62f6a938f48b,22,26710,기장군,2671025626,정관읍
20210331,2021,1,lawDong,62f6a938f48b,451,26710,기장군,2671025627,정관읍
20210331,2021,1,lawDong,62f6a938f48b,399,26710,기장군,2671025628,정관읍
20210331,2021,1,lawDong,62f6a938f48b,5,26710,기장군,2671025629,정관읍
20210331,2021,1,lawDong,62f6a938f48b,87,26710,기장군,2671025630,정관읍
20210331,2021,1,lawDong,62f6a938f48b,458,26710,기장군,2671025921,일광읍
20210331,2021,1,lawDong,62f6a938f48b,144,26710,기장군,2671025922,일광읍
20210331,2021,1,lawDong,62f6a938f48b,29,26710,기장군,2671025923,일광읍
20210331,2021,1,lawDong,62f6a938f48b,46,26710,기장군,2671025924,일광읍
20210331,2021,1,lawDong,62f6a938f48b,27,26710,기장군,2671025925,일광읍
20210331,2021,1,lawDong,62f6a938f48b,31,26710,기장군,2671025926,일광읍
20210331,2021,1,lawDong,62f6a938f48b,63,26710,기장군,2671025927,일광읍
20210331,2021,1,lawDong,62f6a938f48b,24,26710,기장군,2671025928,일광읍
20210331,2021,1,lawDong,62f6a938f48b,3,26710,기장군,2671025929,일광읍
20210331,2021,1,lawDong,62f6a938f48b,19,26710,기장군,2671025930,일광읍
20210331,2021,1,lawDong,62f6a938f48b,56,26710,기장군,2671025931,일광읍
20210331,2021,1,lawDong,62f6a938f48b,3,26710,기장군,2671025932,일광읍
20210331,2021,1,lawDong,62f6a938f48b,14,26710,기장군,2671025933,일광읍
20210331,2021,1,lawDong,62f6a938f48b,13,26710,기장군,2671033021,철마면
20210331,2021,1,lawDong,62f6a938f48b,38,26710,기장군,2671033022,철마면
20210331,2021,1,lawDong,62f6a938f48b,2,26710,기장군,2671033023,철마면
20210331,2021,1,lawDong,62f6a938f48b,55,26710,기장군,2671033024,철마면
20210331,2021,1,lawDong,62f6a938f48b,27,26710,기장군,2671033025,철마면
20210331,2021,1,lawDong,62f6a938f48b,23,26710,기장군,2671033026,철마면
20210331,2021,1,lawDong,62f6a938f48b,8,26710,기장군,2671033027,철마면
20210331,2021,1,lawDong,62f6a938f48b,8,26710,기장군,2671033028,철마면
20210331,2021,1,lawDong,62f6a938f48b,58,26710,기장군,2671033029,철마면
20210331,2021,1,lawDong,62f6a938f48b,20,26710,기장군,2671033030,철마면
20210331,2021,1,lawDong,62f6a938f48b,13,26710,기장군,2671033031,철마면
20210630,2021,2,busan,62f6a938f48b,153680,,,,
20210630,2021,2,district,62f6a938f48b,7529,26110,중구,,
20210630,2021,2,district,62f6a938f48b,3968,26140,서구,,
20210630,2021,2,district,62f6a938f48b,6742,26170,동구,,
20210630,2021,2,district,62f6a938f48b,4086,26200,영도구,,
20210630,2021,2,district,62f6a938f48b,19906,26230,부산진구,,
20210630,2021,2,district,62f6a938f48b,11785,26260,동래구,,
20210630,2021,2,district,62f6a938f48b,9263,26290,남구,,
20210630,2021,2,district,62f6a938f48b,8764,26320,북구,,
20210630,2021,2,district,62f6a938f48b,16843,26350,해운대구,,
20210630,2021,2,district,62f6a938f48b,10857,26380,사하구,,
20210630,2021,2,district,62f6a938f48b,10537,26410,금정구,,
20210630,2021,2,district,62f6a938f48b,6836,26440,강서구,,
20210630,2021,2,district,62f6a938f48b,9748,26470,연제구,,
20210630,2021,2,district,62f6a938f48b,8922,26500,수영구,,
20210630,2021,2,district,62f6a938f48b,9986,26530,사상구,,
20210630,2021,2,district,62f6a938f48b,7908,26710,기장군,,
20210630,2021,2,lawDong,62f6a938f48b,309,26110,중구,2611010100,영주동
20210630,2021,2,lawDong,62f6a938f48b,63,26110,중구,2611010200,대창동1가
20210630,2021,2,lawDong,62f6a938f48b,51,26110,중구,2611010300,대창동2가
20210630,2021,2,lawDong,62f6a938f48b,60,26110,중구,2611010400,중앙동1가
20210630,2021,2,lawDong,62f6a938f48b,121,26110,중구,2611010500,중앙동2가
20210630,2021,2,lawDong,62f6a938f48b,113,26110,중구,2611010600,중앙동3가
20210630,2021,2,lawDong,62f6a938f48b,667,26110,중구,2611010700,중앙동4가
20210630,2021,2,lawDong,62f6a938f48b,60,26110,중구,2611010800,중앙동5가
20210630,2021,2,lawDong,62f6a938f48b,233,26110,중구,2611010900,중앙동6가
20210630,2021,2,lawDong,62f6a938f48b,376,26110,중구,2611011000,중앙동7가
20210630,2021,2,lawDong,62f6a938f48b,72,26110,중구,2611011100,동광동1가
20210630,2021,2,lawDong,62f6a938f48b,73,26110,중구,2611011200,동광동2가
20210630,2021,2,lawDong,62f6a938f48b,72,26110,중구,2611011300,동광동3가
20210630,2021,2,lawDong,62f6a938f48b,70,26110,중구,2611011400,동광동4가
20210630,2021,2,lawDong,62f6a938f48b,107,26110,중구,2611011500,동광동5가
20210630,2021,2,lawDong,62f6a938f48b,69,26110,중구,2611011600,대청동1가
20210630,2021,2,lawDong,62f6a938f48b,156,26110,중구,2611011700,대청동2가
20210630,2021,2,lawDong,62f6a938f48b,54,26110,중구,2611011800,대청동3가
20210630,2021,2,lawDong,62f6a938f48b,86,26110,중구,2611011900,대청동4가
20210630,2021,2,lawDong,62f6a938f48b,189,26110,중구,2611012000,보수동1가
20210630,2021,2,lawDong,62f6a938f48b,133,26110,중구,2611012100,보수동2가
20210630,2021,2,lawDong,62f6a938f48b,79,26110,중구,2611012200,보수동3가
20210630,2021,2,lawDong,62f6a938f48b,657,26110,중구,2611012300,부평동1가
20210630,2021,2,lawDong,62f6a938f48b,558,26110,중구,2611012400,부평동2가
20210630,2021,2,lawDong,62f6a938f48b,169,26110,중구,2611012500,부평동3가
20210630,2021,2,lawDong,62f6a938f48b,121,26110,중구,2611012600,부평동4가
20210630,2021,2,lawDong,62f6a938f48b,293,26110,중구,2611012700,신창동1가
20210630,2021,2,lawDong,62f6a938f48b,262,26110,중구,2611012800,신창동2가
20210630,2021,2,lawDong,62f6a938f48b,103,26110,중구,2611012900,신창동3가
20210630,2021,2,lawDong,62f6a938f48b,269,26110,중구,2611013000,신창동4가
20210630,2021,2,lawDong,62f6a938f48b,176,26110,중구,2611013100,창선동1가
20210630,2021,2,lawDong,62f6a938f48b,202,26110,중구,2611013200,창선동2가
20210630,2021,2,lawDong,62f6a938f48b,136,26110,중구,2611013300,광복동1가
20210630,2021,2,lawDong,62f6a938f48b,81,26110,중구,2611013400,광복동2가
20210630,2021,2,lawDong,62f6a938f48b,66,26110,중구,2611013500,광복동3가
20210630,2021,2,lawDong,62f6a938f48b,81,26110,중구,2611013600,남포동1가
20210630,2021,2,lawDong,62f6a938f48b,173,26110,중구,2611013700,남포동2가
20210630,2021,2,lawDong,62f6a938f48b,58,26110,중구,2611013800,남포동3가
20210630,2021,2,lawDong,62f6a938f48b,150,26110,중구,2611013900,남포동4가
20210630,2021,2,lawDong,62f6a938f48b,412,26110,중구,2611014000,남포동5가
20210630,2021,2,lawDong,62f6a938f48b,349,26110,중구,2611014100,남포동6가
20210630,2021,2,lawDong,62f6a938f48b,190,26140,서구,2614010100,동대신동1가
20210630,2021,2,lawDong,62f6a938f48b,270,26140,서구,2614010200,동대신동2가
20210630,2021,2,lawDong,62f6a938f48b,330,26140,서구,2614010300,동대신동3가
20210630,2021,2,lawDong,62f6a938f48b,180,26140,서구,2614010400,서대신동1가
20210630,2021,2,lawDong,62f6a938f48b,288,26140,서구,2614010500,서대신동2가
20210630,2021,2,lawDong,62f6a938f48b,406,26140,서구,2614010600,서대신동3가
20210630,2021,2,lawDong,62f6a938f48b,45,26140,서구,2614010700,부용동1가
20210630,2021,2,lawDong,62f6a938f48b,50,26140,서구,2614010800,부용동2가
20210630,2021,2,lawDong,62f6a938f48b,140,26140,서구,2614010900,부민동1가
20210630,2021,2,lawDong,62f6a938f48b,74,26140,서구,2614011000,부민동2가
20210630,2021,2,lawDong,62f6a938f48b,41,26140,서구,2614011100,부민동3가
20210630,2021,2,lawDong,62f6a938f48b,66,26140,서구,2614011200,토성동1가
20210630,2021,2,lawDong,62f6a938f48b,28,26140,서구,2614011300,토성동2가
20210630,2021,2,lawDong,62f6a938f48b,46,26140,서구,2614011400,토성동3가
20210630,2021,2,lawDong,62f6a938f48b,59,26140,서구,2614011500,아미동1가
20210630,2021,2,lawDong,62f6a938f48b,177,26140,서구,2614011600,아미동2가
20210630,2021,2,lawDong,62f6a938f48b,48,26140,서구,2614011700,토성동4가
20210630,2021,2,lawDong,62f6a938f48b,75,26140,서구,2614011800,토성동5가
20210630,2021,2,lawDong,62f6a938f48b,79,26140,서구,2614011900,초장동
20210630,2021,2,lawDong,62f6a938f48b,375,26140,서구,2614012000,충무동1가
20210630,2021,2,lawDong,62f6a938f48b,70,26140,서구,2614012100,충무동2가
20210630,2021,2,lawDong,62f6a938f48b,54,26140,서구,2614012200,충무동3가
20210630,2021,2,lawDong,62f6a938f48b,366,26140,서구,2614012300,남부민동
20210630,2021,2,lawDong,62f6a938f48b,511,26140,서구,2614012400,암남동
20210630,2021,2,lawDong,62f6a938f48b,2325,26170,동구,2617010100,초량동
20210630,2021,2,lawDong,62f6a938f48b,1064,26170,동구,2617010200,수정동
20210630,2021,2,lawDong,62f6a938f48b,362,26170,동구,2617010300,좌천동
20210630,2021,2,lawDong,62f6a938f48b,2991,26170,동구,2617010400,범일동
20210630,2021,2,lawDong,62f6a938f48b,248,26200,영도구,2620010100,대교동1가
20210630,2021,2,lawDong,62f6a938f48b,234,26200,영도구,2620010200,대교동2가
20210630,2021,2,lawDong,62f6a938f48b,48,26200,영도구,2620010300,대평동1가
20210630,2021,2,lawDong,62f6a938f48b,23,26200,영도구,2620010400,대평동2가
20210630,2021,2,lawDong,62f6a938f48b,315,26200,영도구,2620010500,남항동1가
20210630,2021,2,lawDong,62f6a938f48b,141,26200,영도구,2620010600,남항동2가
20210630,2021,2,lawDong,62f6a938f48b,61,26200,영도구,2620010700,남항동3가
20210630,2021,2,lawDong,62f6a938f48b,173,26200,영도구,2620010800,영선동1가
20210630,2021,2,lawDong,62f6a938f48b,229,26200,영도구,2620010900,영선동2가
20210630,2021,2,lawDong,62f6a938f48b,121,26200,영도구,2620011000,영선동3가
20210630,2021,2,lawDong,62f6a938f48b,129,26200,영도구,2620011100,영선동4가
20210630,2021,2,lawDong,62f6a938f48b,46,26200,영도구,2620011200,신선동1가
20210630,2021,2,lawDong,62f6a938f48b,42,26200,영도구,2620011300,신선동2가
20210630,2021,2,lawDong,62f6a938f48b,49,26200,영도구,2620011400,신선동3가
20210630,2021,2,lawDong,62f6a938f48b,85,26200,영도구,2620011500,봉래동1가
20210630,2021,2,lawDong,62f6a938f48b,132,26200,영도구,2620011600,봉래동2가
20210630,2021,2,lawDong,62f6a938f48b,182,26200,영도구,2620011700,봉래동3가
20210630,2021,2,lawDong,62f6a938f48b,35,26200,영도구,2620011800,봉래동4가
20210630,2021,2,lawDong,62f6a938f48b,61,26200,영도구,2620011900,봉래동5가
20210630,2021,2,lawDong,62f6a938f48b,590,26200,영도구,2620012000,청학동
20210630,2021,2,lawDong,62f6a938f48b,1142,26200,영도구,2620012100,동삼동
20210630,2021,2,lawDong,62f6a938f48b,1860,26230,부산진구,2623010100,양정동
20210630,2021,2,lawDong,62f6a938f48b,2775,26230,부산진구,2623010200,전포동
20210630,2021,2,lawDong,62f6a938f48b,6775,26230,부산진구,2623010300,부전동
20210630,2021,2,lawDong,62f6a938f48b,1849,26230,부산진구,2623010400,범천동
20210630,2021,2,lawDong,62f6a938f48b,178,26230,부산진구,2623010500,범전동
20210630,2021,2,lawDong,62f6a938f48b,510,26230,부산진구,2623010600,연지동
20210630,2021,2,lawDong,62f6a938f48b,794,26230,부산진구,2623010700,초읍동
20210630,2021,2,lawDong,62f6a938f48b,869,26230,부산진구,2623010800,부암동
20210630,2021,2,lawDong,62f6a938f48b,1456,26230,부산진구,2623010900,당감동
20210630,2021,2,lawDong,62f6a938f48b,1301,26230,부산진구,2623011000,가야동
20210630,2021,2,lawDong,62f6a938f48b,1539,26230,부산진구,2623011100,개금동
20210630,2021,2,lawDong,62f6a938f48b,910,26260,동래구,2626010100,명장동
20210630,2021,2,lawDong,62f6a938f48b,2120,26260,동래구,2626010200,안락동
20210630,2021,2,lawDong,62f6a938f48b,84,26260,동래구,2626010300,칠산동
20210630,2021,2,lawDong,62f6a938f48b,310,26260,동래구,2626010400,낙민동
20210630,2021,2,lawDong,62f6a938f48b,391,26260,동래구,2626010500,복천동
20210630,2021,2,lawDong,62f6a938f48b,879,26260,동래구,2626010600,수안동
20210630,2021,2,lawDong,62f6a938f48b,1437,26260,동래구,2626010700,명륜동
20210630,2021,2,lawDong,62f6a938f48b,3463,26260,동래구,2626010800,온천동
20210630,2021,2,lawDong,62f6a938f48b,2191,26260,동래구,2626010900,사직동
20210630,2021,2,lawDong,62f6a938f48b,4518,26290,남구,2629010600,대연동
20210630,2021,2,lawDong,62f6a938f48b,1963,26290,남구,2629010700,용호동
20210630,2021,2,lawDong,62f6a938f48b,348,26290,남구,2629010800,용당동
20210630,2021,2,lawDong,62f6a938f48b,1564,26290,남구,2629010900,문현동
20210630,2021,2,lawDong,62f6a938f48b,253,26290,남구,2629011000,우암동
20210630,2021,2,lawDong,62f6a938f48b,617,26290,남구,2629011100,감만동
20210630,2021,2,lawDong,62f6a938f48b,613,26320,북구,2632010100,금곡동
20210630,2021,2,lawDong,62f6a938f48b,2248,26320,북구,2632010200,화명동
20210630,2021,2,lawDong,62f6a938f48b,1384,26320,북구,2632010300,만덕동
20210630,2021,2,lawDong,62f6a938f48b,2108,26320,북구,2632010400,덕천동
20210630,2021,2,lawDong,62f6a938f48b,2411,26320,북구,2632010500,구포동
20210630,2021,2,lawDong,62f6a938f48b,1289,26350,해운대구,2635010100,반송동
20210630,2021,2,lawDong,62f6a938f48b,73,26350,해운대구,2635010200,석대동
20210630,2021,2,lawDong,62f6a938f48b,1897,26350,해운대구,2635010300,반여동
20210630,2021,2,lawDong,62f6a938f48b,2432,26350,해운대구,2635010400,재송동
20210630,2021,2,lawDong,62f6a938f48b,4889,26350,해운대구,2635010500,우동
20210630,2021,2,lawDong,62f6a938f48b,2519,26350,해운대구,2635010600,중동
20210630,2021,2,lawDong,62f6a938f48b,3069,26350,해운대구,2635010700,좌동
20210630,2021,2,lawDong,62f6a938f48b,675,26350,해운대구,2635010800,송정동
20210630,2021,2,lawDong,62f6a938f48b,2210,26380,사하구,2638010100,괴정동
20210630,2021,2,lawDong,62f6a938f48b,1057,26380,사하구,2638010200,당리동
20210630,2021,2,lawDong,62f6a938f48b,2386,26380,사하구,2638010300,하단동
20210630,2021,2,lawDong,62f6a938f48b,1101,26380,사하구,2638010400,신평동
20210630,2021,2,lawDong,62f6a938f48b,1301,26380,사하구,2638010500,장림동
20210630,2021,2,lawDong,62f6a938f48b,1720,26380,사하구,2638010600,다대동
20210630,2021,2,lawDong,62f6a938f48b,297,26380,사하구,2638010700,구평동
20210630,2021,2,lawDong,62f6a938f48b,785,26380,사하구,2638010800,감천동
20210630,2021,2,lawDong,62f6a938f48b,166,26410,금정구,2641010100,두구동
20210630,2021,2,lawDong,62f6a938f48b,83,26410,금정구,2641010200,노포동
20210630,2021,2,lawDong,62f6a938f48b,244,26410,금정구,2641010300,청룡동
20210630,2021,2,lawDong,62f6a938f48b,1329,26410,금정구,2641010400,남산동
20210630,2021,2,lawDong,62f6a938f48b,40,26410,금정구,2641010500,선동
20210630,2021,2,lawDong,62f6a938f48b,44,26410,금정구,2641010600,오륜동
20210630,2021,2,lawDong,62f6a938f48b,1765,26410,금정구,2641010700,구서동
20210630,2021,2,lawDong,62f6a938f48b,2873,26410,금정구,2641010800,장전동
20210630,2021,2,lawDong,62f6a938f48b,1899,26410,금정구,2641010900,부곡동
20210630,2021,2,lawDong,62f6a938f48b,1406,26410,금정구,2641011000,서동
20210630,2021,2,lawDong,62f6a938f48b,428,26410,금정구,2641011100,금사동
20210630,2021,2,lawDong,62f6a938f48b,135,26410,금정구,2641011200,회동동
20210630,2021,2,lawDong,62f6a938f48b,125,26410,금정구,2641011300,금성동
20210630,2021,2,lawDong,62f6a938f48b,683,26440,강서구,2644010100,대저1동
20210630,2021,2,lawDong,62f6a938f48b,747,26440,강서구,2644010200,대저2동
20210630,2021,2,lawDong,62f6a938f48b,273,26440,강서구,2644010300,강동동
20210630,2021,2,lawDong,62f6a938f48b,2948,26440,강서구,2644010400,명지동
20210630,2021,2,lawDong,62f6a938f48b,61,26440,강서구,2644010500,죽림동
20210630,2021,2,lawDong,62f6a938f48b,19,26440,강서구,2644010600,식만동
20210630,2021,2,lawDong,62f6a938f48b,26,26440,강서구,2644010700,죽동동
20210630,2021,2,lawDong,62f6a938f48b,57,26440,강서구,2644010800,봉림동
20210630,2021,2,lawDong,62f6a938f48b,320,26440,강서구,2644010900,송정동
20210630,2021,2,lawDong,62f6a938f48b,157,26440,강서구,2644011000,화전동
20210630,2021,2,lawDong,62f6a938f48b,194,26440,강서구,2644011100,녹산동
20210630,2021,2,lawDong,62f6a938f48b,64,26440,강서구,2644011200,생곡동
20210630,2021,2,lawDong,62f6a938f48b,60,26440,강서구,2644011300,구랑동
20210630,2021,2,lawDong,62f6a938f48b,245,26440,강서구,2644011400,지사동
20210630,2021,2,lawDong,62f6a938f48b,73,26440,강서구,2644011500,미음동
20210630,2021,2,lawDong,62f6a938f48b,142,26440,강서구,2644011600,범방동
20210630,2021,2,lawDong,62f6a938f48b,571,26440,강서구,2644011700,신호동
20210630,2021,2,lawDong,62f6a938f48b,25,26440,강서구,2644011800,동선동
20210630,2021,2,lawDong,62f6a938f48b,47,26440,강서구,2644011900,성북동
20210630,2021,2,lawDong,62f6a938f48b,5,26440,강서구,2644012000,눌차동
20210630,2021,2,lawDong,62f6a938f48b,71,26440,강서구,2644012100,천성동
20210630,2021,2,lawDong,62f6a938f48b,48,26440,강서구,2644012200,대항동
20210630,2021,2,lawDong,62f6a938f48b,2824,26470,연제구,2647010100,거제동
20210630,2021,2,lawDong,62f6a938f48b,6924,26470,연제구,2647010200,연산동
20210630,2021,2,lawDong,62f6a938f48b,1283,26500,수영구,2650010100,망미동
20210630,2021,2,lawDong,62f6a938f48b,1098,26500,수영구,2650010200,수영동
20210630,2021,2,lawDong,62f6a938f48b,1487,26500,수영구,2650010300,민락동
20210630,2021,2,lawDong,62f6a938f48b,3216,26500,수영구,2650010400,광안동
20210630,2021,2,lawDong,62f6a938f48b,1838,26500,수영구,2650010500,남천동
20210630,2021,2,lawDong,62f6a938f48b,415,26530,사상구,2653010100,삼락동
20210630,2021,2,lawDong,62f6a938f48b,1255,26530,사상구,2653010200,모라동
20210630,2021,2,lawDong,62f6a938f48b,1012,26530,사상구,2653010300,덕포동
20210630,2021,2,lawDong,62f6a938f48b,2556,26530,사상구,2653010400,괘법동
20210630,2021,2,lawDong,62f6a938f48b,1435,26530,사상구,2653010500,감전동
20210630,2021,2,lawDong,62f6a938f48b,1690,26530,사상구,2653010600,주례동
20210630,2021,2,lawDong,62f6a938f48b,846,26530,사상구,2653010700,학장동
20210630,2021,2,lawDong,62f6a938f48b,777,26530,사상구,2653010800,엄궁동
20210630,2021,2,lawDong,62f6a938f48b,704,26710,기장군,2671025021,기장읍
20210630,2021,2,lawDong,62f6a938f48b,380,26710,기장군,2671025022,기장읍
20210630,2021,2,lawDong,62f6a938f48b,10,26710,기장군,2671025023,기장읍
20210630,2021,2,lawDong,62f6a938f48b,82,26710,기장군,2671025024,기장읍
20210630,2021,2,lawDong,62f6a938f48b,69,26710,기장군,2671025025,기장읍
20210630,2021,2,lawDong,62f6a938f48b,776,26710,기장군,2671025026,기장읍
20210630,2021,2,lawDong,62f6a938f48b,281,26710,기장군,2671025027,기장읍
20210630,2021,2,lawDong,62f6a938f48b,114,26710,기장군,2671025028,기장읍
20210630,2021,2,lawDong,62f6a938f48b,112,26710,기장군,2671025029,기장읍
20210630,2021,2,lawDong,62f6a938f48b,20,26710,기장군,2671025030,기장읍
20210630,2021,2,lawDong,62f6a938f48b,8,26710,기장군,2671025031,기장읍
20210630,2021,2,lawDong,62f6a938f48b,421,26710,기장군,2671025032,기장읍
20210630,2021,2,lawDong,62f6a938f48b,258,26710,기장군,2671025033,기장읍
20210630,2021,2,lawDong,62f6a938f48b,67,26710,기장군,2671025034,기장읍
20210630,2021,2,lawDong,62f6a938f48b,316,26710,기장군,2671025321,장안읍
20210630,2021,2,lawDong,62f6a938f48b,4,26710,기장군,2671025323,장안읍
20210630,2021,2,lawDong,62f6a938f48b,30,26710,기장군,2671025324,장안읍
20210630,2021,2,lawDong,62f6a938f48b,45,26710,기장군,2671025325,장안읍
20210630,2021,2,lawDong,62f6a938f48b,9,26710,기장군,2671025326,장안읍
20210630,2021,2,lawDong,62f6a938f48b,12,26710,기장군,2671025327,장안읍
20210630,2021,2,lawDong,62f6a938f48b,65,26710,기장군,2671025328,장안읍
20210630,2021,2,lawDong,62f6a938f48b,33,26710,기장군,2671025329,장안읍
20210630,2021,2,lawDong,62f6a938f48b,106,26710,기장군,2671025330,장안읍
20210630,2021,2,lawDong,62f6a938f48b,39,26710,기장군,2671025331,장안읍
20210630,2021,2,lawDong,62f6a938f48b,40,26710,기장군,2671025332,장안읍
20210630,2021,2,lawDong,62f6a938f48b,20,26710,기장군,2671025333,장안읍
20210630,2021,2,lawDong,62f6a938f48b,118,26710,기장군,2671025334,장안읍
20210630,2021,2,lawDong,62f6a938f48b,255,26710,기장군,2671025621,정관읍
20210630,2021,2,lawDong,62f6a938f48b,1037,26710,기장군,2671025622,정관읍
20210630,2021,2,lawDong,62f6a938f48b,4,26710,기장군,2671025623,정관읍
20210630,2021,2,lawDong,62f6a938f48b,5,26710,기장군,2671025624,정관읍
20210630,2021,2,lawDong,62f6a938f48b,235,26710,기장군,2671025625,정관읍
20210630,2021,2,lawDong,62f6a938f48b,23,26710,기장군,2671025626,정관읍
20210630,2021,2,lawDong,62f6a938f48b,467,26710,기장군,2671025627,정관읍
20210630,2021,2,lawDong,62f6a938f48b,409,26710,기장군,2671025628,정관읍
20210630,2021,2,lawDong,62f6a938f48b,5,26710,기장군,2671025629,정관읍
20210630,2021,2,lawDong,62f6a938f48b,87,26710,기장군,2671025630,정관읍
20210630,2021,2,lawDong,62f6a938f48b,507,26710,기장군,2671025921,일광읍
20210630,2021,2,lawDong,62f6a938f48b,148,26710,기장군,2671025922,일광읍
20210630,2021,2,lawDong,62f6a938f48b,30,26710,기장군,2671025923,일광읍
20210630,2021,2,lawDong,62f6a938f48b,48,26710,기장군,2671025924,일광읍
20210630,2021,2,lawDong,62f6a938f48b,28,26710,기장군,2671025925,일광읍
20210630,2021,2,lawDong,62f6a938f48b,30,26710,기장군,2671025926,일광읍
20210630,2021,2,lawDong,62f6a938f48b,64,26710,기장군,2671025927,일광읍
20210630,2021,2,lawDong,62f6a938f48b,25,26710,기장군,2671025928,일광읍
20210630,2021,2,lawDong,62f6a938f48b,4,26710,기장군,2671025929,일광읍
20210630,2021,2,lawDong,62f6a938f48b,20,26710,기장군,2671025930,일광읍
20210630,2021,2,lawDong,62f6a938f48b,57,26710,기장군,2671025931,일광읍
20210630,2021,2,lawDong,62f6a938f48b,4,26710,기장군,2671025932,일광읍
20210630,2021,2,lawDong,62f6a938f48b,14,26710,기장군,2671025933,일광읍
20210630,2021,2,lawDong,62f6a938f48b,13,26710,기장군,2671033021,철마면
20210630,2021,2,lawDong,62f6a938f48b,38,26710,기장군,2671033022,철마면
20210630,2021,2,lawDong,62f6a938f48b,2,26710,기장군,2671033023,철마면
20210630,2021,2,lawDong,62f6a938f48b,55,26710,기장군,2671033024,철마면
20210630,2021,2,lawDong,62f6a938f48b,29,26710,기장군,2671033025,철마면
20210630,2021,2,lawDong,62f6a938f48b,21,26710,기장군,2671033026,철마면
20210630,2021,2,lawDong,62f6a938f48b,8,26710,기장군,2671033027,철마면
20210630,2021,2,lawDong,62f6a938f48b,8,26710,기장군,2671033028,철마면
20210630,2021,2,lawDong,62f6a938f48b,56,26710,기장군,2671033029,철마면
20210630,2021,2,lawDong,62f6a938f48b,20,26710,기장군,2671033030,철마면
20210630,2021,2,lawDong,62f6a938f48b,13,26710,기장군,2671033031,철마면
20210930,2021,3,busan,62f6a938f48b,155874,,,,
20210930,2021,3,district,62f6a938f48b,7562,26110,중구,,
20210930,2021,3,district,62f6a938f48b,4006,26140,서구,,
20210930,2021,3,district,62f6a938f48b,6811,26170,동구,,
20210930,2021,3,district,62f6a938f48b,4141,26200,영도구,,
20210930,2021,3,district,62f6a938f48b,20185,26230,부산진구,,
20210930,2021,3,district,62f6a938f48b,11935,26260,동래구,,
20210930,2021,3,district,62f6a938f48b,9366,26290,남구,,
20210930,2021,3,district,62f6a938f48b,8911,26320,북구,,
20210930,2021,3,district,62f6a938f48b,17144,26350,해운대구,,
20210930,2021,3,district,62f6a938f48b,10986,26380,사하구,,
20210930,2021,3,district,62f6a938f48b,10666,26410,금정구,,
20210930,2021,3,district,62f6a938f48b,7039,26440,강서구,,
20210930,2021,3,district,62f6a938f48b,9874,26470,연제구,,
20210930,2021,3,district,62f6a938f48b,9093,26500,수영구,,
20210930,2021,3,district,62f6a938f48b,10068,26530,사상구,,
20210930,2021,3,district,62f6a938f48b,8087,26710,기장군,,
20210930,2021,3,lawDong,62f6a938f48b,309,26110,중구,2611010100,영주동
20210930,2021,3,lawDong,62f6a938f48b,61,26110,중구,2611010200,대창동1가
20210930,2021,3,lawDong,62f6a938f48b,52,26110,중구,2611010300,대창동2가
20210930,2021,3,lawDong,62f6a938f48b,62,26110,중구,2611010400,중앙동1가
20210930,2021,3,lawDong,62f6a938f48b,122,26110,중구,2611010500,중앙동2가
20210930,2021,3,lawDong,62f6a938f48b,114,26110,중구,2611010600,중앙동3가
20210930,2021,3,lawDong,62f6a938f48b,682,26110,중구,2611010700,중앙동4가
20210930,2021,3,lawDong,62f6a938f48b,59,26110,중구,2611010800,중앙동5가
20210930,2021,3,lawDong,62f6a938f48b,240,26110,중구,2611010900,중앙동6가
20210930,2021,3,lawDong,62f6a938f48b,374,26110,중구,2611011000,중앙동7가
20210930,2021,3,lawDong,62f6a938f48b,72,26110,중구,2611011100,동광동1가
20210930,2021,3,lawDong,62f6a938f48b,73,26110,중구,2611011200,동광동2가
20210930,2021,3,lawDong,62f6a938f48b,72,26110,중구,2611011300,동광동3가
20210930,2021,3,lawDong,62f6a938f48b,71,26110,중구,2611011400,동광동4가
20210930,2021,3,lawDong,62f6a938f48b,107,26110,중구,2611011500,동광동5가
20210930,2021,3,lawDong,62f6a938f48b,72,26110,중구,2611011600,대청동1가
20210930,2021,3,lawDong,62f6a938f48b,159,26110,중구,2611011700,대청동2가
20210930,2021,3,lawDong,62f6a938f48b,54,26110,중구,2611011800,대청동3가
20210930,2021,3,lawDong,62f6a938f48b,85,26110,중구,2611011900,대청동4가
20210930,2021,3,lawDong,62f6a938f48b,191,26110,중구,2611012000,보수동1가
20210930,2021,3,lawDong,62f6a938f48b,136,26110,중구,2611012100,보수동2가
20210930,2021,3,lawDong,62f6a938f48b,81,26110,중구,2611012200,보수동3가
20210930,2021,3,lawDong,62f6a938f48b,649,26110,중구,2611012300,부평동1가
20210930,2021,3,lawDong,62f6a938f48b,559,26110,중구,2611012400,부평동2가
20210930,2021,3,lawDong,62f6a938f48b,170,26110,중구,2611012500,부평동3가
20210930,2021,3,lawDong,62f6a938f48b,122,26110,중구,2611012600,부평동4가
20210930,2021,3,lawDong,62f6a938f48b,299,26110,중구,2611012700,신창동1가
20210930,2021,3,lawDong,62f6a938f48b,264,26110,중구,2611012800,신창동2가
20210930,2021,3,lawDong,62f6a938f48b,104,26110,중구,2611012900,신창동3가
20210930,2021,3,lawDong,62f6a938f48b,267,26110,중구,2611013000,신창동4가
20210930,2021,3,lawDong,62f6a938f48b,176,26110,중구,2611013100,창선동1가
20210930,2021,3,lawDong,62f6a938f48b,203,26110,중구,2611013200,창선동2가
20210930,2021,3,lawDong,62f6a938f48b,132,26110,중구,2611013300,광복동1가
20210930,2021,3,lawDong,62f6a938f48b,84,26110,중구,2611013400,광복동2가
20210930,2021,3,lawDong,62f6a938f48b,64,26110,중구,2611013500,광복동3가
20210930,2021,3,lawDong,62f6a938f48b,83,26110,중구,2611013600,남포동1가
20210930,2021,3,lawDong,62f6a938f48b,171,26110,중구,2611013700,남포동2가
20210930,2021,3,lawDong,62f6a938f48b,60,26110,중구,2611013800,남포동3가
20210930,2021,3,lawDong,62f6a938f48b,153,26110,중구,2611013900,남포동4가
20210930,2021,3,lawDong,62f6a938f48b,412,26110,중구,2611014000,남포동5가
20210930,2021,3,lawDong,62f6a938f48b,342,26110,중구,2611014100,남포동6가
20210930,2021,3,lawDong,62f6a938f48b,192,26140,서구,2614010100,동대신동1가
20210930,2021,3,lawDong,62f6a938f48b,273,26140,서구,2614010200,동대신동2가
20210930,2021,3,lawDong,62f6a938f48b,335,26140,서구,2614010300,동대신동3가
20210930,2021,3,lawDong,62f6a938f48b,181,26140,서구,2614010400,서대신동1가
20210930,2021,3,lawDong,62f6a938f48b,290,26140,서구,2614010500,서대신동2가
20210930,2021,3,lawDong,62f6a938f48b,414,26140,서구,2614010600,서대신동3가
20210930,2021,3,lawDong,62f6a938f48b,46,26140,서구,2614010700,부용동1가
20210930,2021,3,lawDong,62f6a938f48b,52,26140,서구,2614010800,부용동2가
20210930,2021,3,lawDong,62f6a938f48b,140,26140,서구,2614010900,부민동1가
20210930,2021,3,lawDong,62f6a938f48b,74,26140,서구,2614011000,부민동2가
20210930,2021,3,lawDong,62f6a938f48b,40,26140,서구,2614011100,부민동3가
20210930,2021,3,lawDong,62f6a938f48b,67,26140,서구,2614011200,토성동1가
20210930,2021,3,lawDong,62f6a938f48b,29,26140,서구,2614011300,토성동2가
20210930,2021,3,lawDong,62f6a938f48b,48,26140,서구,2614011400,토성동3가
20210930,2021,3,lawDong,62f6a938f48b,60,26140,서구,2614011500,아미동1가
20210930,2021,3,lawDong,62f6a938f48b,177,26140,서구,2614011600,아미동2가
20210930,2021,3,lawDong,62f6a938f48b,48,26140,서구,2614011700,토성동4가
20210930,2021,3,lawDong,62f6a938f48b,76,26140,서구,2614011800,토성동5가
20210930,2021,3,lawDong,62f6a938f48b,81,26140,서구,2614011900,초장동
20210930,2021,3,lawDong,62f6a938f48b,377,26140,서구,2614012000,충무동1가
20210930,2021,3,lawDong,62f6a938f48b,71,26140,서구,2614012100,충무동2가
20210930,2021,3,lawDong,62f6a938f48b,54,26140,서구,2614012200,충무동3가
20210930,2021,3,lawDong,62f6a938f48b,366,26140,서구,2614012300,남부민동
20210930,2021,3,lawDong,62f6a938f48b,515,26140,서구,2614012400,암남동
20210930,2021,3,lawDong,62f6a938f48b,2361,26170,동구,2617010100,초량동
20210930,2021,3,lawDong,62f6a938f48b,1074,26170,동구,2617010200,수정동
20210930,2021,3,lawDong,62f6a938f48b,362,26170,동구,2617010300,좌천동
20210930,2021,3,lawDong,62f6a938f48b,3014,26170,동구,2617010400,범일동
20210930,2021,3,lawDong,62f6a938f48b,254,26200,영도구,2620010100,대교동1가
20210930,2021,3,lawDong,62f6a938f48b,239,26200,영도구,2620010200,대교동2가
20210930,2021,3,lawDong,62f6a938f48b,49,26200,영도구,2620010300,대평동1가
20210930,2021,3,lawDong,62f6a938f48b,23,26200,영도구,2620010400,대평동2가
20210930,2021,3,lawDong,62f6a938f48b,315,26200,영도구,2620010500,남항동1가
20210930,2021,3,lawDong,62f6a938f48b,140,26200,영도구,2620010600,남항동2가
20210930,2021,3,lawDong,62f6a938f48b,62,26200,영도구,2620010700,남항동3가
20210930,2021,3,lawDong,62f6a938f48b,175,26200,영도구,2620010800,영선동1가
20210930,2021,3,lawDong,62f6a938f48b,231,26200,영도구,2620010900,영선동2가
20210930,2021,3,lawDong,62f6a938f48b,124,26200,영도구,2620011000,영선동3가
20210930,2021,3,lawDong,62f6a938f48b,130,26200,영도구,2620011100,영선동4가
20210930,2021,3,lawDong,62f6a938f48b,48,26200,영도구,2620011200,신선동1가
20210930,2021,3,lawDong,62f6a938f48b,42,26200,영도구,2620011300,신선동2가
20210930,2021,3,lawDong,62f6a938f48b,50,26200,영도구,2620011400,신선동3가
20210930,2021,3,lawDong,62f6a938f48b,87,26200,영도구,2620011500,봉래동1가
20210930,2021,3,lawDong,62f6a938f48b,130,26200,영도구,2620011600,봉래동2가
20210930,2021,3,lawDong,62f6a938f48b,186,26200,영도구,2620011700,봉래동3가
20210930,2021,3,lawDong,62f6a938f48b,36,26200,영도구,2620011800,봉래동4가
20210930,2021,3,lawDong,62f6a938f48b,62,26200,영도구,2620011900,봉래동5가
20210930,2021,3,lawDong,62f6a938f48b,597,26200,영도구,2620012000,청학동
20210930,2021,3,lawDong,62f6a938f48b,1161,26200,영도구,2620012100,동삼동
20210930,2021,3,lawDong,62f6a938f48b,1869,26230,부산진구,2623010100,양정동
20210930,2021,3,lawDong,62f6a938f48b,2876,26230,부산진구,2623010200,전포동
20210930,2021,3,lawDong,62f6a938f48b,6826,26230,부산진구,2623010300,부전동
20210930,2021,3,lawDong,62f6a938f48b,1860,26230,부산진구,2623010400,범천동
20210930,2021,3,lawDong,62f6a938f48b,179,26230,부산진구,2623010500,범전동
20210930,2021,3,lawDong,62f6a938f48b,513,26230,부산진구,2623010600,연지동
20210930,2021,3,lawDong,62f6a938f48b,810,26230,부산진구,2623010700,초읍동
20210930,2021,3,lawDong,62f6a938f48b,885,26230,부산진구,2623010800,부암동
20210930,2021,3,lawDong,62f6a938f48b,1474,26230,부산진구,2623010900,당감동
20210930,2021,3,lawDong,62f6a938f48b,1318,26230,부산진구,2623011000,가야동
20210930,2021,3,lawDong,62f6a938f48b,1575,26230,부산진구,2623011100,개금동
20210930,2021,3,lawDong,62f6a938f48b,919,26260,동래구,2626010100,명장동
20210930,2021,3,lawDong,62f6a938f48b,2141,26260,동래구,2626010200,안락동
20210930,2021,3,lawDong,62f6a938f48b,86,26260,동래구,2626010300,칠산동
20210930,2021,3,lawDong,62f6a938f48b,321,26260,동래구,2626010400,낙민동
20210930,2021,3,lawDong,62f6a938f48b,397,26260,동래구,2626010500,복천동
20210930,2021,3,lawDong,62f6a938f48b,876,26260,동래구,2626010600,수안동
20210930,2021,3,lawDong,62f6a938f48b,1457,26260,동래구,2626010700,명륜동
20210930,2021,3,lawDong,62f6a938f48b,3501,26260,동래구,2626010800,온천동
20210930,2021,3,lawDong,62f6a938f48b,2237,26260,동래구,2626010900,사직동
20210930,2021,3,lawDong,62f6a938f48b,4582,26290,남구,2629010600,대연동
20210930,2021,3,lawDong,62f6a938f48b,1982,26290,남구,2629010700,용호동
20210930,2021,3,lawDong,62f6a938f48b,349,26290,남구,2629010800,용당동
20210930,2021,3,lawDong,62f6a938f48b,1582,26290,남구,2629010900,문현동
20210930,2021,3,lawDong,62f6a938f48b,255,26290,남구,2629011000,우암동
20210930,2021,3,lawDong,62f6a938f48b,616,26290,남구,2629011100,감만동
20210930,2021,3,lawDong,62f6a938f48b,615,26320,북구,2632010100,금곡동
20210930,2021,3,lawDong,62f6a938f48b,2292,26320,북구,2632010200,화명동
20210930,2021,3,lawDong,62f6a938f48b,1418,26320,북구,2632010300,만덕동
20210930,2021,3,lawDong,62f6a938f48b,2131,26320,북구,2632010400,덕천동
20210930,2021,3,lawDong,62f6a938f48b,2455,26320,북구,2632010500,구포동
20210930,2021,3,lawDong,62f6a938f48b,1303,26350,해운대구,2635010100,반송동
20210930,2021,3,lawDong,62f6a938f48b,76,26350,해운대구,2635010200,석대동
20210930,2021,3,lawDong,62f6a938f48b,1924,26350,해운대구,2635010300,반여동
20210930,2021,3,lawDong,62f6a938f48b,2486,26350,해운대구,2635010400,재송동
20210930,2021,3,lawDong,62f6a938f48b,4975,26350,해운대구,2635010500,우동
20210930,2021,3,lawDong,62f6a938f48b,2574,26350,해운대구,2635010600,중동
20210930,2021,3,lawDong,62f6a938f48b,3117,26350,해운대구,2635010700,좌동
20210930,2021,3,lawDong,62f6a938f48b,689,26350,해운대구,2635010800,송정동
20210930,2021,3,lawDong,62f6a938f48b,2239,26380,사하구,2638010100,괴정동
20210930,2021,3,lawDong,62f6a938f48b,1074,26380,사하구,2638010200,당리동
20210930,2021,3,lawDong,62f6a938f48b,2414,26380,사하구,2638010300,하단동
20210930,2021,3,lawDong,62f6a938f48b,1120,26380,사하구,2638010400,신평동
20210930,2021,3,lawDong,62f6a938f48b,1315,26380,사하구,2638010500,장림동
20210930,2021,3,lawDong,62f6a938f48b,1733,26380,사하구,2638010600,다대동
20210930,2021,3,lawDong,62f6a938f48b,301,26380,사하구,2638010700,구평동
20210930,2021,3,lawDong,62f6a938f48b,790,26380,사하구,2638010800,감천동
20210930,2021,3,lawDong,62f6a938f48b,171,26410,금정구,2641010100,두구동
20210930,2021,3,lawDong,62f6a938f48b,85,26410,금정구,2641010200,노포동
20210930,2021,3,lawDong,62f6a938f48b,247,26410,금정구,2641010300,청룡동
20210930,2021,3,lawDong,62f6a938f48b,1344,26410,금정구,2641010400,남산동
20210930,2021,3,lawDong,62f6a938f48b,41,26410,금정구,2641010500,선동
20210930,2021,3,lawDong,62f6a938f48b,44,26410,금정구,2641010600,오륜동
20210930,2021,3,lawDong,62f6a938f48b,1783,26410,금정구,2641010700,구서동
20210930,2021,3,lawDong,62f6a938f48b,2909,26410,금정구,2641010800,장전동
20210930,2021,3,lawDong,62f6a938f48b,1927,26410,금정구,2641010900,부곡동
20210930,2021,3,lawDong,62f6a938f48b,1420,26410,금정구,2641011000,서동
20210930,2021,3,lawDong,62f6a938f48b,436,26410,금정구,2641011100,금사동
20210930,2021,3,lawDong,62f6a938f48b,137,26410,금정구,2641011200,회동동
20210930,2021,3,lawDong,62f6a938f48b,122,26410,금정구,2641011300,금성동
20210930,2021,3,lawDong,62f6a938f48b,697,26440,강서구,2644010100,대저1동
20210930,2021,3,lawDong,62f6a938f48b,750,26440,강서구,2644010200,대저2동
20210930,2021,3,lawDong,62f6a938f48b,280,26440,강서구,2644010300,강동동
20210930,2021,3,lawDong,62f6a938f48b,3064,26440,강서구,2644010400,명지동
20210930,2021,3,lawDong,62f6a938f48b,64,26440,강서구,2644010500,죽림동
20210930,2021,3,lawDong,62f6a938f48b,19,26440,강서구,2644010600,식만동
20210930,2021,3,lawDong,62f6a938f48b,26,26440,강서구,2644010700,죽동동
20210930,2021,3,lawDong,62f6a938f48b,57,26440,강서구,2644010800,봉림동
20210930,2021,3,lawDong,62f6a938f48b,328,26440,강서구,2644010900,송정동
20210930,2021,3,lawDong,62f6a938f48b,162,26440,강서구,2644011000,화전동
20210930,2021,3,lawDong,62f6a938f48b,194,26440,강서구,2644011100,녹산동
20210930,2021,3,lawDong,62f6a938f48b,68,26440,강서구,2644011200,생곡동
20210930,2021,3,lawDong,62f6a938f48b,61,26440,강서구,2644011300,구랑동
20210930,2021,3,lawDong,62f6a938f48b,251,26440,강서구,2644011400,지사동
20210930,2021,3,lawDong,62f6a938f48b,76,26440,강서구,2644011500,미음동
20210930,2021,3,lawDong,62f6a938f48b,148,26440,강서구,2644011600,범방동
20210930,2021,3,lawDong,62f6a938f48b,596,26440,강서구,2644011700,신호동
20210930,2021,3,lawDong,62f6a938f48b,25,26440,강서구,2644011800,동선동
20210930,2021,3,lawDong,62f6a938f48b,49,26440,강서구,2644011900,성북동
20210930,2021,3,lawDong,62f6a938f48b,5,26440,강서구,2644012000,눌차동
20210930,2021,3,lawDong,62f6a938f48b,70,26440,강서구,2644012100,천성동
20210930,2021,3,lawDong,62f6a938f48b,49,26440,강서구,2644012200,대항동
20210930,2021,3,lawDong,62f6a938f48b,2859,26470,연제구,2647010100,거제동
20210930,2021,3,lawDong,62f6a938f48b,7015,26470,연제구,2647010200,연산동
20210930,2021,3,lawDong,62f6a938f48b,1309,26500,수영구,2650010100,망미동
20210930,2021,3,lawDong,62f6a938f48b,1112,26500,수영구,2650010200,수영동
20210930,2021,3,lawDong,62f6a938f48b,1524,26500,수영구,2650010300,민락동
20210930,2021,3,lawDong,62f6a938f48b,3292,26500,수영구,2650010400,광안동
20210930,2021,3,lawDong,62f6a938f48b,1856,26500,수영구,2650010500,남천동
20210930,2021,3,lawDong,62f6a938f48b,413,26530,사상구,2653010100,삼락동
20210930,2021,3,lawDong,62f6a938f48b,1265,26530,사상구,2653010200,모라동
20210930,2021,3,lawDong,62f6a938f48b,1025,26530,사상구,2653010300,덕포동
20210930,2021,3,lawDong,62f6a938f48b,2568,26530,사상구,2653010400,괘법동
20210930,2021,3,lawDong,62f6a938f48b,1455,26530,사상구,2653010500,감전동
20210930,2021,3,lawDong,62f6a938f48b,1694,26530,사상구,2653010600,주례동
20210930,2021,3,lawDong,62f6a938f48b,853,26530,사상구,2653010700,학장동
20210930,2021,3,lawDong,62f6a938f48b,795,26530,사상구,2653010800,엄궁동
20210930,2021,3,lawDong,62f6a938f48b,708,26710,기장군,2671025021,기장읍
20210930,2021,3,lawDong,62f6a938f48b,391,26710,기장군,2671025022,기장읍
20210930,2021,3,lawDong,62f6a938f48b,10,26710,기장군,2671025023,기장읍
20210930,2021,3,lawDong,62f6a938f48b,80,26710,기장군,2671025024,기장읍
20210930,2021,3,lawDong,62f6a938f48b,70,26710,기장군,2671025025,기장읍
20210930,2021,3,lawDong,62f6a938f48b,786,26710,기장군,2671025026,기장읍
20210930,2021,3,lawDong,62f6a938f48b,283,26710,기장군,2671025027,기장읍
20210930,2021,3,lawDong,62f6a938f48b,113,26710,기장군,2671025028,기장읍
20210930,2021,3,lawDong,62f6a938f48b,109,26710,기장군,2671025029,기장읍
20210930,2021,3,lawDong,62f6a938f48b,20,26710,기장군,2671025030,기장읍
20210930,2021,3,lawDong,62f6a938f48b,8,26710,기장군,2671025031,기장읍
20210930,2021,3,lawDong,62f6a938f48b,414,26710,기장군,2671025032,기장읍
20210930,2021,3,lawDong,62f6a938f48b,292,26710,기장군,2671025033,기장읍
20210930,2021,3,lawDong,62f6a938f48b,66,26710,기장군,2671025034,기장읍
20210930,2021,3,lawDong,62f6a938f48b,320,26710,기장군,2671025321,장안읍
20210930,2021,3,lawDong,62f6a938f48b,4,26710,기장군,2671025323,장안읍
20210930,2021,3,lawDong,62f6a938f48b,30,26710,기장군,2671025324,장안읍
20210930,2021,3,lawDong,62f6a938f48b,48,26710,기장군,2671025325,장안읍
20210930,2021,3,lawDong,62f6a938f48b,9,26710,기장군,2671025326,장안읍
20210930,2021,3,lawDong,62f6a938f48b,14,26710,기장군,2671025327,장안읍
20210930,2021,3,lawDong,62f6a938f48b,69,26710,기장군,2671025328,장안읍
20210930,2021,3,lawDong,62f6a938f48b,34,26710,기장군,2671025329,장안읍
20210930,2021,3,lawDong,62f6a938f48b,104,26710,기장군,2671025330,장안읍
20210930,2021,3,lawDong,62f6a938f48b,39,26710,기장군,2671025331,장안읍
20210930,2021,3,lawDong,62f6a938f48b,41,26710,기장군,2671025332,장안읍
20210930,2021,3,lawDong,62f6a938f48b,21,26710,기장군,2671025333,장안읍
20210930,2021,3,lawDong,62f6a938f48b,119,26710,기장군,2671025334,장안읍
20210930,2021,3,lawDong,62f6a938f48b,260,26710,기장군,2671025621,정관읍
20210930,2021,3,lawDong,62f6a938f48b,1061,26710,기장군,2671025622,정관읍
20210930,2021,3,lawDong,62f6a938f48b,4,26710,기장군,2671025623,정관읍
20210930,2021,3,lawDong,62f6a938f48b,5,26710,기장군,2671025624,정관읍
20210930,2021,3,lawDong,62f6a938f48b,237,26710,기장군,2671025625,정관읍
20210930,2021,3,lawDong,62f6a938f48b,23,26710,기장군,2671025626,정관읍
20210930,2021,3,lawDong,62f6a938f48b,480,26710,기장군,2671025627,정관읍
20210930,2021,3,lawDong,62f6a938f48b,422,26710,기장군,2671025628,정관읍
20210930,2021,3,lawDong,62f6a938f48b,5,26710,기장군,2671025629,정관읍
20210930,2021,3,lawDong,62f6a938f48b,88,26710,기장군,2671025630,정관읍
20210930,2021,3,lawDong,62f6a938f48b,547,26710,기장군,2671025921,일광읍
20210930,2021,3,lawDong,62f6a938f48b,150,26710,기장군,2671025922,일광읍
20210930,2021,3,lawDong,62f6a938f48b,30,26710,기장군,2671025923,일광읍
20210930,2021,3,lawDong,62f6a938f48b,50,26710,기장군,2671025924,일광읍
20210930,2021,3,lawDong,62f6a938f48b,28,26710,기장군,2671025925,일광읍
20210930,2021,3,lawDong,62f6a938f48b,32,26710,기장군,2671025926,일광읍
20210930,2021,3,lawDong,62f6a938f48b,66,26710,기장군,2671025927,일광읍
20210930,2021,3,lawDong,62f6a938f48b,25,26710,기장군,2671025928,일광읍
20210930,2021,3,lawDong,62f6a938f48b,4,26710,기장군,2671025929,일광읍
20210930,2021,3,lawDong,62f6a938f48b,21,26710,기장군,2671025930,일광읍
20210930,2021,3,lawDong,62f6a938f48b,58,26710,기장군,2671025931,일광읍
20210930,2021,3,lawDong,62f6a938f48b,5,26710,기장군,2671025932,일광읍
20210930,2021,3,lawDong,62f6a938f48b,15,26710,기장군,2671025933,일광읍
20210930,2021,3,lawDong,62f6a938f48b,13,26710,기장군,2671033021,철마면
20210930,2021,3,lawDong,62f6a938f48b,38,26710,기장군,2671033022,철마면
20210930,2021,3,lawDong,62f6a938f48b,2,26710,기장군,2671033023,철마면
20210930,2021,3,lawDong,62f6a938f48b,57,26710,기장군,2671033024,철마면
20210930,2021,3,lawDong,62f6a938f48b,29,26710,기장군,2671033025,철마면
20210930,2021,3,lawDong,62f6a938f48b,24,26710,기장군,2671033026,철마면
20210930,2021,3,lawDong,62f6a938f48b,8,26710,기장군,2671033027,철마면
20210930,2021,3,lawDong,62f6a938f48b,9,26710,기장군,2671033028,철마면
20210930,2021,3,lawDong,62f6a938f48b,55,26710,기장군,2671033029,철마면
20210930,2021,3,lawDong,62f6a938f48b,21,26710,기장군,2671033030,철마면
20210930,2021,3,lawDong,62f6a938f48b,13,26710,기장군,2671033031,철마면
20211231,2021,4,busan,62f6a938f48b,156478,,,,
20211231,2021,4,district,62f6a938f48b,7540,26110,중구,,
20211231,2021,4,district,62f6a938f48b,3996,26140,서구,,
20211231,2021,4,district,62f6a938f48b,6783,26170,동구,,
20211231,2021,4,district,62f6a938f48b,4129,26200,영도구,,
20211231,2021,4,district,62f6a938f48b,20260,26230,부산진구,,
20211231,2021,4,district,62f6a938f48b,11959,26260,동래구,,
20211231,2021,4,district,62f6a938f48b,9446,26290,남구,,
20211231,2021,4,district,62f6a938f48b,8971,26320,북구,,
20211231,2021,4,district,62f6a938f48b,17238,26350,해운대구,,
20211231,2021,4,district,62f6a938f48b,10989,26380,사하구,,
20211231,2021,4,district,62f6a938f48b,10707,26410,금정구,,
20211231,2021,4,district,62f6a938f48b,7146,26440,강서구,,
20211231,2021,4,district,62f6a938f48b,9911,26470,연제구,,
20211231,2021,4,district,62f6a938f48b,9133,26500,수영구,,
20211231,2021,4,district,62f6a938f48b,10037,26530,사상구,,
20211231,2021,4,district,62f6a938f48b,8233,26710,기장군,,
20211231,2021,4,lawDong,62f6a938f48b,319,26110,중구,2611010100,영주동
20211231,2021,4,lawDong,62f6a938f48b,59,26110,중구,2611010200,대창동1가
20211231,2021,4,lawDong,62f6a938f48b,52,26110,중구,2611010300,대창동2가
20211231,2021,4,lawDong,62f6a938f48b,63,26110,중구,2611010400,중앙동1가
20211231,2021,4,lawDong,62f6a938f48b,118,26110,중구,2611010500,중앙동2가
20211231,2021,4,lawDong,62f6a938f48b,117,26110,중구,2611010600,중앙동3가
20211231,2021,4,lawDong,62f6a938f48b,683,26110,중구,2611010700,중앙동4가
20211231,2021,4,lawDong,62f6a938f48b,60,26110,중구,2611010800,중앙동5가
20211231,2021,4,lawDong,62f6a938f48b,240,26110,중구,2611010900,중앙동6가
20211231,2021,4,lawDong,62f6a938f48b,370,26110,중구,2611011000,중앙동7가
20211231,2021,4,lawDong,62f6a938f48b,71,26110,중구,2611011100,동광동1가
20211231,2021,4,lawDong,62f6a938f48b,71,26110,중구,2611011200,동광동2가
20211231,2021,4,lawDong,62f6a938f48b,72,26110,중구,2611011300,동광동3가
20211231,2021,4,lawDong,62f6a938f48b,71,26110,중구,2611011400,동광동4가
20211231,2021,4,lawDong,62f6a938f48b,104,26110,중구,2611011500,동광동5가
20211231,2021,4,lawDong,62f6a938f48b,72,26110,중구,2611011600,대청동1가
20211231,2021,4,lawDong,62f6a938f48b,163,26110,중구,2611011700,대청동2가
20211231,2021,4,lawDong,62f6a938f48b,53,26110,중구,2611011800,대청동3가
20211231,2021,4,lawDong,62f6a938f48b,85,26110,중구,2611011900,대청동4가
20211231,2021,4,lawDong,62f6a938f48b,184,26110,중구,2611012000,보수동1가
20211231,2021,4,lawDong,62f6a938f48b,131,26110,중구,2611012100,보수동2가
20211231,2021,4,lawDong,62f6a938f48b,82,26110,중구,2611012200,보수동3가
20211231,2021,4,lawDong,62f6a938f48b,651,26110,중구,2611012300,부평동1가
20211231,2021,4,lawDong,62f6a938f48b,558,26110,중구,2611012400,부평동2가
20211231,2021,4,lawDong,62f6a938f48b,172,26110,중구,2611012500,부평동3가
20211231,2021,4,lawDong,62f6a938f48b,123,26110,중구,2611012600,부평동4가
20211231,2021,4,lawDong,62f6a938f48b,293,26110,중구,2611012700,신창동1가
20211231,2021,4,lawDong,62f6a938f48b,260,26110,중구,2611012800,신창동2가
20211231,2021,4,lawDong,62f6a938f48b,105,26110,중구,2611012900,신창동3가
20211231,2021,4,lawDong,62f6a938f48b,266,26110,중구,2611013000,신창동4가
20211231,2021,4,lawDong,62f6a938f48b,172,26110,중구,2611013100,창선동1가
20211231,2021,4,lawDong,62f6a938f48b,203,26110,중구,2611013200,창선동2가
20211231,2021,4,lawDong,62f6a938f48b,134,26110,중구,2611013300,광복동1가
20211231,2021,4,lawDong,62f6a938f48b,86,26110,중구,2611013400,광복동2가
20211231,2021,4,lawDong,62f6a938f48b,65,26110,중구,2611013500,광복동3가
20211231,2021,4,lawDong,62f6a938f48b,87,26110,중구,2611013600,남포동1가
20211231,2021,4,lawDong,62f6a938f48b,174,26110,중구,2611013700,남포동2가
20211231,2021,4,lawDong,62f6a938f48b,60,26110,중구,2611013800,남포동3가
20211231,2021,4,lawDong,62f6a938f48b,153,26110,중구,2611013900,남포동4가
20211231,2021,4,lawDong,62f6a938f48b,406,26110,중구,2611014000,남포동5가
20211231,2021,4,lawDong,62f6a938f48b,332,26110,중구,2611014100,남포동6가
20211231,2021,4,lawDong,62f6a938f48b,192,26140,서구,2614010100,동대신동1가
20211231,2021,4,lawDong,62f6a938f48b,272,26140,서구,2614010200,동대신동2가
20211231,2021,4,lawDong,62f6a938f48b,340,26140,서구,2614010300,동대신동3가
20211231,2021,4,lawDong,62f6a938f48b,178,26140,서구,2614010400,서대신동1가
20211231,2021,4,lawDong,62f6a938f48b,292,26140,서구,2614010500,서대신동2가
20211231,2021,4,lawDong,62f6a938f48b,408,26140,서구,2614010600,서대신동3가
20211231,2021,4,lawDong,62f6a938f48b,48,26140,서구,2614010700,부용동1가
20211231,2021,4,lawDong,62f6a938f48b,53,26140,서구,2614010800,부용동2가
20211231,2021,4,lawDong,62f6a938f48b,145,26140,서구,2614010900,부민동1가
20211231,2021,4,lawDong,62f6a938f48b,72,26140,서구,2614011000,부민동2가
20211231,2021,4,lawDong,62f6a938f48b,40,26140,서구,2614011100,부민동3가
20211231,2021,4,lawDong,62f6a938f48b,68,26140,서구,2614011200,토성동1가
20211231,2021,4,lawDong,62f6a938f48b,28,26140,서구,2614011300,토성동2가
20211231,2021,4,lawDong,62f6a938f48b,47,26140,서구,2614011400,토성동3가
20211231,2021,4,lawDong,62f6a938f48b,59,26140,서구,2614011500,아미동1가
20211231,2021,4,lawDong,62f6a938f48b,174,26140,서구,2614011600,아미동2가
20211231,2021,4,lawDong,62f6a938f48b,46,26140,서구,2614011700,토성동4가
20211231,2021,4,lawDong,62f6a938f48b,79,26140,서구,2614011800,토성동5가
20211231,2021,4,lawDong,62f6a938f48b,82,26140,서구,2614011900,초장동
20211231,2021,4,lawDong,62f6a938f48b,376,26140,서구,2614012000,충무동1가
20211231,2021,4,lawDong,62f6a938f48b,71,26140,서구,2614012100,충무동2가
20211231,2021,4,lawDong,62f6a938f48b,54,26140,서구,2614012200,충무동3가
20211231,2021,4,lawDong,62f6a938f48b,360,26140,서구,2614012300,남부민동
20211231,2021,4,lawDong,62f6a938f48b,512,26140,서구,2614012400,암남동
20211231,2021,4,lawDong,62f6a938f48b,2370,26170,동구,2617010100,초량동
20211231,2021,4,lawDong,62f6a938f48b,1071,26170,동구,2617010200,수정동
20211231,2021,4,lawDong,62f6a938f48b,356,26170,동구,2617010300,좌천동
20211231,2021,4,lawDong,62f6a938f48b,2986,26170,동구,2617010400,범일동
20211231,2021,4,lawDong,62f6a938f48b,256,26200,영도구,2620010100,대교동1가
20211231,2021,4,lawDong,62f6a938f48b,241,26200,영도구,2620010200,대교동2가
20211231,2021,4,lawDong,62f6a938f48b,49,26200,영도구,2620010300,대평동1가
20211231,2021,4,lawDong,62f6a938f48b,23,26200,영도구,2620010400,대평동2가
20211231,2021,4,lawDong,62f6a938f48b,312,26200,영도구,2620010500,남항동1가
20211231,2021,4,lawDong,62f6a938f48b,139,26200,영도구,2620010600,남항동2가
20211231,2021,4,lawDong,62f6a938f48b,59,26200,영도구,2620010700,남항동3가
20211231,2021,4,lawDong,62f6a938f48b,176,26200,영도구,2620010800,영선동1가
20211231,2021,4,lawDong,62f6a938f48b,234,26200,영도구,2620010900,영선동2가
20211231,2021,4,lawDong,62f6a938f48b,120,26200,영도구,2620011000,영선동3가
20211231,2021,4,lawDong,62f6a938f48b,137,26200,영도구,2620011100,영선동4가
20211231,2021,4,lawDong,62f6a938f48b,50,26200,영도구,2620011200,신선동1가
20211231,2021,4,lawDong,62f6a938f48b,43,26200,영도구,2620011300,신선동2가
20211231,2021,4,lawDong,62f6a938f48b,52,26200,영도구,2620011400,신선동3가
20211231,2021,4,lawDong,62f6a938f48b,85,26200,영도구,2620011500,봉래동1가
20211231,2021,4,lawDong,62f6a938f48b,127,26200,영도구,2620011600,봉래동2가
20211231,2021,4,lawDong,62f6a938f48b,188,26200,영도구,2620011700,봉래동3가
20211231,2021,4,lawDong,62f6a938f48b,36,26200,영도구,2620011800,봉래동4가
20211231,2021,4,lawDong,62f6a938f48b,62,26200,영도구,2620011900,봉래동5가
20211231,2021,4,lawDong,62f6a938f48b,591,26200,영도구,2620012000,청학동
20211231,2021,4,lawDong,62f6a938f48b,1149,26200,영도구,2620012100,동삼동
20211231,2021,4,lawDong,62f6a938f48b,1863,26230,부산진구,2623010100,양정동
20211231,2021,4,lawDong,62f6a938f48b,2929,26230,부산진구,2623010200,전포동
20211231,2021,4,lawDong,62f6a938f48b,6846,26230,부산진구,2623010300,부전동
20211231,2021,4,lawDong,62f6a938f48b,1841,26230,부산진구,2623010400,범천동
20211231,2021,4,lawDong,62f6a938f48b,185,26230,부산진구,2623010500,범전동
20211231,2021,4,lawDong,62f6a938f48b,519,26230,부산진구,2623010600,연지동
20211231,2021,4,lawDong,62f6a938f48b,820,26230,부산진구,2623010700,초읍동
20211231,2021,4,lawDong,62f6a938f48b,878,26230,부산진구,2623010800,부암동
20211231,2021,4,lawDong,62f6a938f48b,1489,26230,부산진구,2623010900,당감동
20211231,2021,4,lawDong,62f6a938f48b,1308,26230,부산진구,2623011000,가야동
20211231,2021,4,lawDong,62f6a938f48b,1582,26230,부산진구,2623011100,개금동
20211231,2021,4,lawDong,62f6a938f48b,926,26260,동래구,2626010100,명장동
20211231,2021,4,lawDong,62f6a938f48b,2149,26260,동래구,2626010200,안락동
20211231,2021,4,lawDong,62f6a938f48b,86,26260,동래구,2626010300,칠산동
20211231,2021,4,lawDong,62f6a938f48b,321,26260,동래구,2626010400,낙민동
20211231,2021,4,lawDong,62f6a938f48b,399,26260,동래구,2626010500,복천동
20211231,2021,4,lawDong,62f6a938f48b,870,26260,동래구,2626010600,수안동
20211231,2021,4,lawDong,62f6a938f48b,1472,26260,동래구,2626010700,명륜동
20211231,2021,4,lawDong,62f6a938f48b,3490,26260,동래구,2626010800,온천동
20211231,2021,4,lawDong,62f6a938f48b,2246,26260,동래구,2626010900,사직동
20211231,2021,4,lawDong,62f6a938f48b,4626,26290,남구,2629010600,대연동
20211231,2021,4,lawDong,62f6a938f48b,2015,26290,남구,2629010700,용호동
20211231,2021,4,lawDong,62f6a938f48b,347,26290,남구,2629010800,용당동
20211231,2021,4,lawDong,62f6a938f48b,1587,26290,남구,2629010900,문현동
20211231,2021,4,lawDong,62f6a938f48b,258,26290,남구,2629011000,우암동
20211231,2021,4,lawDong,62f6a938f48b,613,26290,남구,2629011100,감만동
20211231,2021,4,lawDong,62f6a938f48b,613,26320,북구,2632010100,금곡동
20211231,2021,4,lawDong,62f6a938f48b,2317,26320,북구,2632010200,화명동
20211231,2021,4,lawDong,62f6a938f48b,1432,26320,북구,2632010300,만덕동
20211231,2021,4,lawDong,62f6a938f48b,2145,26320,북구,2632010400,덕천동
20211231,2021,4,lawDong,62f6a938f48b,2464,26320,북구,2632010500,구포동
20211231,2021,4,lawDong,62f6a938f48b,1304,26350,해운대구,2635010100,반송동
20211231,2021,4,lawDong,62f6a938f48b,76,26350,해운대구,2635010200,석대동
20211231,2021,4,lawDong,62f6a938f48b,1936,26350,해운대구,2635010300,반여동
20211231,2021,4,lawDong,62f6a938f48b,2486,26350,해운대구,2635010400,재송동
20211231,2021,4,lawDong,62f6a938f48b,5015,26350,해운대구,2635010500,우동
20211231,2021,4,lawDong,62f6a938f48b,2592,26350,해운대구,2635010600,중동
20211231,2021,4,lawDong,62f6a938f48b,3130,26350,해운대구,2635010700,좌동
20211231,2021,4,lawDong,62f6a938f48b,699,26350,해운대구,2635010800,송정동
20211231,2021,4,lawDong,62f6a938f48b,2255,26380,사하구,2638010100,괴정동
20211231,2021,4,lawDong,62f6a938f48b,1073,26380,사하구,2638010200,당리동
20211231,2021,4,lawDong,62f6a938f48b,2415,26380,사하구,2638010300,하단동
20211231,2021,4,lawDong,62f6a938f48b,1119,26380,사하구,2638010400,신평동
20211231,2021,4,lawDong,62f6a938f48b,1311,26380,사하구,2638010500,장림동
20211231,2021,4,lawDong,62f6a938f48b,1735,26380,사하구,2638010600,다대동
20211231,2021,4,lawDong,62f6a938f48b,297,26380,사하구,2638010700,구평동
20211231,2021,4,lawDong,62f6a938f48b,784,26380,사하구,2638010800,감천동
20211231,2021,4,lawDong,62f6a938f48b,171,26410,금정구,2641010100,두구동
20211231,2021,4,lawDong,62f6a938f48b,82,26410,금정구,2641010200,노포동
20211231,2021,4,lawDong,62f6a938f48b,251,26410,금정구,2641010300,청룡동
20211231,2021,4,lawDong,62f6a938f48b,1344,26410,금정구,2641010400,남산동
20211231,2021,4,lawDong,62f6a938f48b,41,26410,금정구,2641010500,선동
20211231,2021,4,lawDong,62f6a938f48b,42,26410,금정구,2641010600,오륜동
20211231,2021,4,lawDong,62f6a938f48b,1807,26410,금정구,2641010700,구서동
20211231,2021,4,lawDong,62f6a938f48b,2934,26410,금정구,2641010800,장전동
20211231,2021,4,lawDong,62f6a938f48b,1928,26410,금정구,2641010900,부곡동
20211231,2021,4,lawDong,62f6a938f48b,1412,26410,금정구,2641011000,서동
20211231,2021,4,lawDong,62f6a938f48b,436,26410,금정구,2641011100,금사동
20211231,2021,4,lawDong,62f6a938f48b,138,26410,금정구,2641011200,회동동
20211231,2021,4,lawDong,62f6a938f48b,121,26410,금정구,2641011300,금성동
20211231,2021,4,lawDong,62f6a938f48b,706,26440,강서구,2644010100,대저1동
20211231,2021,4,lawDong,62f6a938f48b,747,26440,강서구,2644010200,대저2동
20211231,2021,4,lawDong,62f6a938f48b,277,26440,강서구,2644010300,강동동
20211231,2021,4,lawDong,62f6a938f48b,3153,26440,강서구,2644010400,명지동
20211231,2021,4,lawDong,62f6a938f48b,63,26440,강서구,2644010500,죽림동
20211231,2021,4,lawDong,62f6a938f48b,20,26440,강서구,2644010600,식만동
20211231,2021,4,lawDong,62f6a938f48b,26,26440,강서구,2644010700,죽동동
20211231,2021,4,lawDong,62f6a938f48b,61,26440,강서구,2644010800,봉림동
20211231,2021,4,lawDong,62f6a938f48b,322,26440,강서구,2644010900,송정동
20211231,2021,4,lawDong,62f6a938f48b,164,26440,강서구,2644011000,화전동
20211231,2021,4,lawDong,62f6a938f48b,195,26440,강서구,2644011100,녹산동
20211231,2021,4,lawDong,62f6a938f48b,68,26440,강서구,2644011200,생곡동
20211231,2021,4,lawDong,62f6a938f48b,60,26440,강서구,2644011300,구랑동
20211231,2021,4,lawDong,62f6a938f48b,251,26440,강서구,2644011400,지사동
20211231,2021,4,lawDong,62f6a938f48b,74,26440,강서구,2644011500,미음동
20211231,2021,4,lawDong,62f6a938f48b,153,26440,강서구,2644011600,범방동
20211231,2021,4,lawDong,62f6a938f48b,602,26440,강서구,2644011700,신호동
20211231,2021,4,lawDong,62f6a938f48b,27,26440,강서구,2644011800,동선동
20211231,2021,4,lawDong,62f6a938f48b,51,26440,강서구,2644011900,성북동
20211231,2021,4,lawDong,62f6a938f48b,5,26440,강서구,2644012000,눌차동
20211231,2021,4,lawDong,62f6a938f48b,71,26440,강서구,2644012100,천성동
20211231,2021,4,lawDong,62f6a938f48b,50,26440,강서구,2644012200,대항동
20211231,2021,4,lawDong,62f6a938f48b,2885,26470,연제구,2647010100,거제동
20211231,2021,4,lawDong,62f6a938f48b,7026,26470,연제구,2647010200,연산동
20211231,2021,4,lawDong,62f6a938f48b,1319,26500,수영구,2650010100,망미동
20211231,2021,4,lawDong,62f6a938f48b,1110,26500,수영구,2650010200,수영동
20211231,2021,4,lawDong,62f6a938f48b,1526,26500,수영구,2650010300,민락동
20211231,2021,4,lawDong,62f6a938f48b,3313,26500,수영구,2650010400,광안동
20211231,2021,4,lawDong,62f6a938f48b,1865,26500,수영구,2650010500,남천동
20211231,2021,4,lawDong,62f6a938f48b,408,26530,사상구,2653010100,삼락동
20211231,2021,4,lawDong,62f6a938f48b,1265,26530,사상구,2653010200,모라동
20211231,2021,4,lawDong,62f6a938f48b,1026,26530,사상구,2653010300,덕포동
20211231,2021,4,lawDong,62f6a938f48b,2547,26530,사상구,2653010400,괘법동
20211231,2021,4,lawDong,62f6a938f48b,1454,26530,사상구,2653010500,감전동
20211231,2021,4,lawDong,62f6a938f48b,1702,26530,사상구,2653010600,주례동
20211231,2021,4,lawDong,62f6a938f48b,847,26530,사상구,2653010700,학장동
20211231,2021,4,lawDong,62f6a938f48b,788,26530,사상구,2653010800,엄궁동
20211231,2021,4,lawDong,62f6a938f48b,720,26710,기장군,2671025021,기장읍
20211231,2021,4,lawDong,62f6a938f48b,403,26710,기장군,2671025022,기장읍
20211231,2021,4,lawDong,62f6a938f48b,9,26710,기장군,2671025023,기장읍
20211231,2021,4,lawDong,62f6a938f48b,79,26710,기장군,2671025024,기장읍
20211231,2021,4,lawDong,62f6a938f48b,68,26710,기장군,2671025025,기장읍
20211231,2021,4,lawDong,62f6a938f48b,787,26710,기장군,2671025026,기장읍
20211231,2021,4,lawDong,62f6a938f48b,287,26710,기장군,2671025027,기장읍
20211231,2021,4,lawDong,62f6a938f48b,113,26710,기장군,2671025028,기장읍
20211231,2021,4,lawDong,62f6a938f48b,124,26710,기장군,2671025029,기장읍
20211231,2021,4,lawDong,62f6a938f48b,19,26710,기장군,2671025030,기장읍
20211231,2021,4,lawDong,62f6a938f48b,8,26710,기장군,2671025031,기장읍
20211231,2021,4,lawDong,62f6a938f48b,414,26710,기장군,2671025032,기장읍
20211231,2021,4,lawDong,62f6a938f48b,308,26710,기장군,2671025033,기장읍
20211231,2021,4,lawDong,62f6a938f48b,67,26710,기장군,2671025034,기장읍
20211231,2021,4,lawDong,62f6a938f48b,319,26710,기장군,2671025321,장안읍
20211231,2021,4,lawDong,62f6a938f48b,4,26710,기장군,2671025323,장안읍
20211231,2021,4,lawDong,62f6a938f48b,30,26710,기장군,2671025324,장안읍
20211231,2021,4,lawDong,62f6a938f48b,47,26710,기장군,2671025325,장안읍
20211231,2021,4,lawDong,62f6a938f48b,9,26710,기장군,2671025326,장안읍
20211231,2021,4,lawDong,62f6a938f48b,14,26710,기장군,2671025327,장안읍
20211231,2021,4,lawDong,62f6a938f48b,71,26710,기장군,2671025328,장안읍
20211231,2021,4,lawDong,62f6a938f48b,34,26710,기장군,2671025329,장안읍
20211231,2021,4,lawDong,62f6a938f48b,103,26710,기장군,2671025330,장안읍
20211231,2021,4,lawDong,62f6a938f48b,40,26710,기장군,2671025331,장안읍
20211231,2021,4,lawDong,62f6a938f48b,43,26710,기장군,2671025332,장안읍
20211231,2021,4,lawDong,62f6a938f48b,20,26710,기장군,2671025333,장안읍
20211231,2021,4,lawDong,62f6a938f48b,120,26710,기장군,2671025334,장안읍
20211231,2021,4,lawDong,62f6a938f48b,264,26710,기장군,2671025621,정관읍
20211231,2021,4,lawDong,62f6a938f48b,1079,26710,기장군,2671025622,정관읍
20211231,2021,4,lawDong,62f6a938f48b,4,26710,기장군,2671025623,정관읍
20211231,2021,4,lawDong,62f6a938f48b,5,26710,기장군,2671025624,정관읍
20211231,2021,4,lawDong,62f6a938f48b,238,26710,기장군,2671025625,정관읍
20211231,2021,4,lawDong,62f6a938f48b,23,26710,기장군,2671025626,정관읍
20211231,2021,4,lawDong,62f6a938f48b,486,26710,기장군,2671025627,정관읍
20211231,2021,4,lawDong,62f6a938f48b,430,26710,기장군,2671025628,정관읍
20211231,2021,4,lawDong,62f6a938f48b,5,26710,기장군,2671025629,정관읍
20211231,2021,4,lawDong,62f6a938f48b,89,26710,기장군,2671025630,정관읍
20211231,2021,4,lawDong,62f6a938f48b,589,26710,기장군,2671025921,일광읍
20211231,2021,4,lawDong,62f6a938f48b,144,26710,기장군,2671025922,일광읍
20211231,2021,4,lawDong,62f6a938f48b,30,26710,기장군,2671025923,일광읍
20211231,2021,4,lawDong,62f6a938f48b,51,26710,기장군,2671025924,일광읍
20211231,2021,4,lawDong,62f6a938f48b,30,26710,기장군,2671025925,일광읍
20211231,2021,4,lawDong,62f6a938f48b,36,26710,기장군,2671025926,일광읍
20211231,2021,4,lawDong,62f6a938f48b,66,26710,기장군,2671025927,일광읍
20211231,2021,4,lawDong,62f6a938f48b,25,26710,기장군,2671025928,일광읍
20211231,2021,4,lawDong,62f6a938f48b,5,26710,기장군,2671025929,일광읍
20211231,2021,4,lawDong,62f6a938f48b,20,26710,기장군,2671025930,일광읍
20211231,2021,4,lawDong,62f6a938f48b,58,26710,기장군,2671025931,일광읍
20211231,2021,4,lawDong,62f6a938f48b,6,26710,기장군,2671025932,일광읍
20211231,2021,4,lawDong,62f6a938f48b,16,26710,기장군,2671025933,일광읍
20211231,2021,4,lawDong,62f6a938f48b,13,26710,기장군,2671033021,철마면
20211231,2021,4,lawDong,62f6a938f48b,40,26710,기장군,2671033022,철마면
20211231,2021,4,lawDong,62f6a938f48b,2,26710,기장군,2671033023,철마면
20211231,2021,4,lawDong,62f6a938f48b,58,26710,기장군,2671033024,철마면
20211231,2021,4,lawDong,62f6a938f48b,29,26710,기장군,2671033025,철마면
20211231,2021,4,lawDong,62f6a938f48b,25,26710,기장군,2671033026,철마면
20211231,2021,4,lawDong,62f6a938f48b,8,26710,기장군,2671033027,철마면
20211231,2021,4,lawDong,62f6a938f48b,8,26710,기장군,2671033028,철마면
20211231,2021,4,lawDong,62f6a938f48b,57,26710,기장군,2671033029,철마면
20211231,2021,4,lawDong,62f6a938f48b,21,26710,기장군,2671033030,철마면
20211231,2021,4,lawDong,62f6a938f48b,13,26710,기장군,2671033031,철마면
20220331,2022,1,busan,62f6a938f48b,158826,,,,
20220331,2022,1,district,62f6a938f48b,7615,26110,중구,,
20220331,2022,1,district,62f6a938f48b,4035,26140,서구,,
20220331,2022,1,district,62f6a938f48b,6870,26170,동구,,
20220331,2022,1,district,62f6a938f48b,4179,26200,영도구,,
20220331,2022,1,district,62f6a938f48b,20564,26230,부산진구,,
20220331,2022,1,district,62f6a938f48b,12126,26260,동래구,,
20220331,2022,1,district,62f6a938f48b,9582,26290,남구,,
20220331,2022,1,district,62f6a938f48b,9123,26320,북구,,
20220331,2022,1,district,62f6a938f48b,17486,26350,해운대구,,
20220331,2022,1,district,62f6a938f48b,11120,26380,사하구,,
20220331,2022,1,district,62f6a938f48b,10805,26410,금정구,,
20220331,2022,1,district,62f6a938f48b,7349,26440,강서구,,
20220331,2022,1,district,62f6a938f48b,10073,26470,연제구,,
20220331,2022,1,district,62f6a938f48b,9338,26500,수영구,,
20220331,2022,1,district,62f6a938f48b,10122,26530,사상구,,
20220331,2022,1,district,62f6a938f48b,8439,26710,기장군,,
20220331,2022,1,lawDong,62f6a938f48b,319,26110,중구,2611010100,영주동
20220331,2022,1,lawDong,62f6a938f48b,60,26110,중구,2611010200,대창동1가
20220331,2022,1,lawDong,62f6a938f48b,52,26110,중구,2611010300,대창동2가
20220331,2022,1,lawDong,62f6a938f48b,64,26110,중구,2611010400,중앙동1가
20220331,2022,1,lawDong,62f6a938f48b,120,26110,중구,2611010500,중앙동2가
20220331,2022,1,lawDong,62f6a938f48b,117,26110,중구,2611010600,중앙동3가
20220331,2022,1,lawDong,62f6a938f48b,695,26110,중구,2611010700,중앙동4가
20220331,2022,1,lawDong,62f6a938f48b,60,26110,중구,2611010800,중앙동5가
20220331,2022,1,lawDong,62f6a938f48b,240,26110,중구,2611010900,중앙동6가
20220331,2022,1,lawDong,62f6a938f48b,372,26110,중구,2611011000,중앙동7가
20220331,2022,1,lawDong,62f6a938f48b,71,26110,중구,2611011100,동광동1가
20220331,2022,1,lawDong,62f6a938f48b,70,26110,중구,2611011200,동광동2가
20220331,2022,1,lawDong,62f6a938f48b,71,26110,중구,2611011300,동광동3가
20220331,2022,1,lawDong,62f6a938f48b,71,26110,중구,2611011400,동광동4가
20220331,2022,1,lawDong,62f6a938f48b,103,26110,중구,2611011500,동광동5가
20220331,2022,1,lawDong,62f6a938f48b,72,26110,중구,2611011600,대청동1가
20220331,2022,1,lawDong,62f6a938f48b,163,26110,중구,2611011700,대청동2가
20220331,2022,1,lawDong,62f6a938f48b,54,26110,중구,2611011800,대청동3가
20220331,2022,1,lawDong,62f6a938f48b,85,26110,중구,2611011900,대청동4가
20220331,2022,1,lawDong,62f6a938f48b,189,26110,중구,2611012000,보수동1가
20220331,2022,1,lawDong,62f6a938f48b,133,26110,중구,2611012100,보수동2가
20220331,2022,1,lawDong,62f6a938f48b,86,26110,중구,2611012200,보수동3가
20220331,2022,1,lawDong,62f6a938f48b,655,26110,중구,2611012300,부평동1가
20220331,2022,1,lawDong,62f6a938f48b,560,26110,중구,2611012400,부평동2가
20220331,2022,1,lawDong,62f6a938f48b,174,26110,중구,2611012500,부평동3가
20220331,2022,1,lawDong,62f6a938f48b,129,26110,중구,2611012600,부평동4가
20220331,2022,1,lawDong,62f6a938f48b,299,26110,중구,2611012700,신창동1가
20220331,2022,1,lawDong,62f6a938f48b,267,26110,중구,2611012800,신창동2가
20220331,2022,1,lawDong,62f6a938f48b,108,26110,중구,2611012900,신창동3가
20220331,2022,1,lawDong,62f6a938f48b,269,26110,중구,2611013000,신창동4가
20220331,2022,1,lawDong,62f6a938f48b,172,26110,중구,2611013100,창선동1가
20220331,2022,1,lawDong,62f6a938f48b,206,26110,중구,2611013200,창선동2가
20220331,2022,1,lawDong,62f6a938f48b,134,26110,중구,2611013300,광복동1가
20220331,2022,1,lawDong,62f6a938f48b,89,26110,중구,2611013400,광복동2가
20220331,2022,1,lawDong,62f6a938f48b,68,26110,중구,2611013500,광복동3가
20220331,2022,1,lawDong,62f6a938f48b,88,26110,중구,2611013600,남포동1가
20220331,2022,1,lawDong,62f6a938f48b,170,26110,중구,2611013700,남포동2가
20220331,2022,1,lawDong,62f6a938f48b,62,26110,중구,2611013800,남포동3가
20220331,2022,1,lawDong,62f6a938f48b,158,26110,중구,2611013900,남포동4가
20220331,2022,1,lawDong,62f6a938f48b,409,26110,중구,2611014000,남포동5가
20220331,2022,1,lawDong,62f6a938f48b,331,26110,중구,2611014100,남포동6가
20220331,2022,1,lawDong,62f6a938f48b,196,26140,서구,2614010100,동대신동1가
20220331,2022,1,lawDong,62f6a938f48b,279,26140,서구,2614010200,동대신동2가
20220331,2022,1,lawDong,62f6a938f48b,347,26140,서구,2614010300,동대신동3가
20220331,2022,1,lawDong,62f6a938f48b,178,26140,서구,2614010400,서대신동1가
20220331,2022,1,lawDong,62f6a938f48b,296,26140,서구,2614010500,서대신동2가
20220331,2022,1,lawDong,62f6a938f48b,410,26140,서구,2614010600,서대신동3가
20220331,2022,1,lawDong,62f6a938f48b,49,26140,서구,2614010700,부용동1가
20220331,2022,1,lawDong,62f6a938f48b,54,26140,서구,2614010800,부용동2가
20220331,2022,1,lawDong,62f6a938f48b,147,26140,서구,2614010900,부민동1가
20220331,2022,1,lawDong,62f6a938f48b,73,26140,서구,2614011000,부민동2가
20220331,2022,1,lawDong,62f6a938f48b,41,26140,서구,2614011100,부민동3가
20220331,2022,1,lawDong,62f6a938f48b,69,26140,서구,2614011200,토성동1가
20220331,2022,1,lawDong,62f6a938f48b,29,26140,서구,2614011300,토성동2가
20220331,2022,1,lawDong,62f6a938f48b,49,26140,서구,2614011400,토성동3가
20220331,2022,1,lawDong,62f6a938f48b,60,26140,서구,2614011500,아미동1가
20220331,2022,1,lawDong,62f6a938f48b,178,26140,서구,2614011600,아미동2가
20220331,2022,1,lawDong,62f6a938f48b,45,26140,서구,2614011700,토성동4가
20220331,2022,1,lawDong,62f6a938f48b,77,26140,서구,2614011800,토성동5가
20220331,2022,1,lawDong,62f6a938f48b,81,26140,서구,2614011900,초장동
20220331,2022,1,lawDong,62f6a938f48b,378,26140,서구,2614012000,충무동1가
20220331,2022,1,lawDong,62f6a938f48b,72,26140,서구,2614012100,충무동2가
20220331,2022,1,lawDong,62f6a938f48b,56,26140,서구,2614012200,충무동3가
20220331,2022,1,lawDong,62f6a938f48b,359,26140,서구,2614012300,남부민동
20220331,2022,1,lawDong,62f6a938f48b,512,26140,서구,2614012400,암남동
20220331,2022,1,lawDong,62f6a938f48b,2384,26170,동구,2617010100,초량동
20220331,2022,1,lawDong,62f6a938f48b,1074,26170,동구,2617010200,수정동
20220331,2022,1,lawDong,62f6a938f48b,362,26170,동구,2617010300,좌천동
20220331,2022,1,lawDong,62f6a938f48b,3050,26170,동구,2617010400,범일동
20220331,2022,1,lawDong,62f6a938f48b,256,26200,영도구,2620010100,대교동1가
20220331,2022,1,lawDong,62f6a938f48b,238,26200,영도구,2620010200,대교동2가
20220331,2022,1,lawDong,62f6a938f48b,48,26200,영도구,2620010300,대평동1가
20220331,2022,1,lawDong,62f6a938f48b,23,26200,영도구,2620010400,대평동2가
20220331,2022,1,lawDong,62f6a938f48b,316,26200,영도구,2620010500,남항동1가
20220331,2022,1,lawDong,62f6a938f48b,140,26200,영도구,2620010600,남항동2가
20220331,2022,1,lawDong,62f6a938f48b,59,26200,영도구,2620010700,남항동3가
20220331,2022,1,lawDong,62f6a938f48b,178,26200,영도구,2620010800,영선동1가
20220331,2022,1,lawDong,62f6a938f48b,243,26200,영도구,2620010900,영선동2가
20220331,2022,1,lawDong,62f6a938f48b,125,26200,영도구,2620011000,영선동3가
20220331,2022,1,lawDong,62f6a938f48b,138,26200,영도구,2620011100,영선동4가
20220331,2022,1,lawDong,62f6a938f48b,47,26200,영도구,2620011200,신선동1가
20220331,2022,1,lawDong,62f6a938f48b,45,26200,영도구,2620011300,신선동2가
20220331,2022,1,lawDong,62f6a938f48b,52,26200,영도구,2620011400,신선동3가
20220331,2022,1,lawDong,62f6a938f48b,86,26200,영도구,2620011500,봉래동1가
20220331,2022,1,lawDong,62f6a938f48b,129,26200,영도구,2620011600,봉래동2가
20220331,2022,1,lawDong,62f6a938f48b,191,26200,영도구,2620011700,봉래동3가
20220331,2022,1,lawDong,62f6a938f48b,37,26200,영도구,2620011800,봉래동4가
20220331,2022,1,lawDong,62f6a938f48b,63,26200,영도구,2620011900,봉래동5가
20220331,2022,1,lawDong,62f6a938f48b,602,26200,영도구,2620012000,청학동
20220331,2022,1,lawDong,62f6a938f48b,1163,26200,영도구,2620012100,동삼동
20220331,2022,1,lawDong,62f6a938f48b,1883,26230,부산진구,2623010100,양정동
20220331,2022,1,lawDong,62f6a938f48b,2997,26230,부산진구,2623010200,전포동
20220331,2022,1,lawDong,62f6a938f48b,6940,26230,부산진구,2623010300,부전동
20220331,2022,1,lawDong,62f6a938f48b,1866,26230,부산진구,2623010400,범천동
20220331,2022,1,lawDong,62f6a938f48b,197,26230,부산진구,2623010500,범전동
20220331,2022,1,lawDong,62f6a938f48b,528,26230,부산진구,2623010600,연지동
20220331,2022,1,lawDong,62f6a938f48b,830,26230,부산진구,2623010700,초읍동
20220331,2022,1,lawDong,62f6a938f48b,888,26230,부산진구,2623010800,부암동
20220331,2022,1,lawDong,62f6a938f48b,1517,26230,부산진구,2623010900,당감동
20220331,2022,1,lawDong,62f6a938f48b,1321,26230,부산진구,2623011000,가야동
20220331,2022,1,lawDong,62f6a938f48b,1597,26230,부산진구,2623011100,개금동
20220331,2022,1,lawDong,62f6a938f48b,933,26260,동래구,2626010100,명장동
20220331,2022,1,lawDong,62f6a938f48b,2167,26260,동래구,2626010200,안락동
20220331,2022,1,lawDong,62f6a938f48b,88,26260,동래구,2626010300,칠산동
20220331,2022,1,lawDong,62f6a938f48b,324,26260,동래구,2626010400,낙민동
20220331,2022,1,lawDong,62f6a938f48b,403,26260,동래구,2626010500,복천동
20220331,2022,1,lawDong,62f6a938f48b,881,26260,동래구,2626010600,수안동
20220331,2022,1,lawDong,62f6a938f48b,1495,26260,동래구,2626010700,명륜동
20220331,2022,1,lawDong,62f6a938f48b,3550,26260,동래구,2626010800,온천동
20220331,2022,1,lawDong,62f6a938f48b,2285,26260,동래구,2626010900,사직동
20220331,2022,1,lawDong,62f6a938f48b,4708,26290,남구,2629010600,대연동
20220331,2022,1,lawDong,62f6a938f48b,2031,26290,남구,2629010700,용호동
20220331,2022,1,lawDong,62f6a938f48b,344,26290,남구,2629010800,용당동
20220331,2022,1,lawDong,62f6a938f48b,1624,26290,남구,2629010900,문현동
20220331,2022,1,lawDong,62f6a938f48b,263,26290,남구,2629011000,우암동
20220331,2022,1,lawDong,62f6a938f48b,612,26290,남구,2629011100,감만동
20220331,2022,1,lawDong,62f6a938f48b,626,26320,북구,2632010100,금곡동
20220331,2022,1,lawDong,62f6a938f48b,2358,26320,북구,2632010200,화명동
20220331,2022,1,lawDong,62f6a938f48b,1482,26320,북구,2632010300,만덕동
20220331,2022,1,lawDong,62f6a938f48b,2175,26320,북구,2632010400,덕천동
20220331,2022,1,lawDong,62f6a938f48b,2482,26320,북구,2632010500,구포동
20220331,2022,1,lawDong,62f6a938f48b,1316,26350,해운대구,2635010100,반송동
20220331,2022,1,lawDong,62f6a938f48b,83,26350,해운대구,2635010200,석대동
20220331,2022,1,lawDong,62f6a938f48b,1961,26350,해운대구,2635010300,반여동
20220331,2022,1,lawDong,62f6a938f48b,2534,26350,해운대구,2635010400,재송동
20220331,2022,1,lawDong,62f6a938f48b,5070,26350,해운대구,2635010500,우동
20220331,2022,1,lawDong,62f6a938f48b,2651,26350,해운대구,2635010600,중동
20220331,2022,1,lawDong,62f6a938f48b,3186,26350,해운대구,2635010700,좌동
20220331,2022,1,lawDong,62f6a938f48b,685,26350,해운대구,2635010800,송정동
20220331,2022,1,lawDong,62f6a938f48b,2281,26380,사하구,2638010100,괴정동
20220331,2022,1,lawDong,62f6a938f48b,1090,26380,사하구,2638010200,당리동
20220331,2022,1,lawDong,62f6a938f48b,2444,26380,사하구,2638010300,하단동
20220331,2022,1,lawDong,62f6a938f48b,1127,26380,사하구,2638010400,신평동
20220331,2022,1,lawDong,62f6a938f48b,1324,26380,사하구,2638010500,장림동
20220331,2022,1,lawDong,62f6a938f48b,1766,26380,사하구,2638010600,다대동
20220331,2022,1,lawDong,62f6a938f48b,305,26380,사하구,2638010700,구평동
20220331,2022,1,lawDong,62f6a938f48b,783,26380,사하구,2638010800,감천동
20220331,2022,1,lawDong,62f6a938f48b,175,26410,금정구,2641010100,두구동
20220331,2022,1,lawDong,62f6a938f48b,82,26410,금정구,2641010200,노포동
20220331,2022,1,lawDong,62f6a938f48b,253,26410,금정구,2641010300,청룡동
20220331,2022,1,lawDong,62f6a938f48b,1360,26410,금정구,2641010400,남산동
20220331,2022,1,lawDong,62f6a938f48b,41,26410,금정구,2641010500,선동
20220331,2022,1,lawDong,62f6a938f48b,42,26410,금정구,2641010600,오륜동
20220331,2022,1,lawDong,62f6a938f48b,1807,26410,금정구,2641010700,구서동
20220331,2022,1,lawDong,62f6a938f48b,2972,26410,금정구,2641010800,장전동
20220331,2022,1,lawDong,62f6a938f48b,1951,26410,금정구,2641010900,부곡동
20220331,2022,1,lawDong,62f6a938f48b,1426,26410,금정구,2641011000,서동
20220331,2022,1,lawDong,62f6a938f48b,437,26410,금정구,2641011100,금사동
20220331,2022,1,lawDong,62f6a938f48b,138,26410,금정구,2641011200,회동동
20220331,2022,1,lawDong,62f6a938f48b,121,26410,금정구,2641011300,금성동
20220331,2022,1,lawDong,62f6a938f48b,723,26440,강서구,2644010100,대저1동
20220331,2022,1,lawDong,62f6a938f48b,752,26440,강서구,2644010200,대저2동
20220331,2022,1,lawDong,62f6a938f48b,277,26440,강서구,2644010300,강동동
20220331,2022,1,lawDong,62f6a938f48b,3286,26440,강서구,2644010400,명지동
20220331,2022,1,lawDong,62f6a938f48b,63,26440,강서구,2644010500,죽림동
20220331,2022,1,lawDong,62f6a938f48b,20,26440,강서구,2644010600,식만동
20220331,2022,1,lawDong,62f6a938f48b,26,26440,강서구,2644010700,죽동동
20220331,2022,1,lawDong,62f6a938f48b,61,26440,강서구,2644010800,봉림동
20220331,2022,1,lawDong,62f6a938f48b,332,26440,강서구,2644010900,송정동
20220331,2022,1,lawDong,62f6a938f48b,165,26440,강서구,2644011000,화전동
20220331,2022,1,lawDong,62f6a938f48b,198,26440,강서구,2644011100,녹산동
20220331,2022,1,lawDong,62f6a938f48b,69,26440,강서구,2644011200,생곡동
20220331,2022,1,lawDong,62f6a938f48b,61,26440,강서구,2644011300,구랑동
20220331,2022,1,lawDong,62f6a938f48b,257,26440,강서구,2644011400,지사동
20220331,2022,1,lawDong,62f6a938f48b,77,26440,강서구,2644011500,미음동
20220331,2022,1,lawDong,62f6a938f48b,155,26440,강서구,2644011600,범방동
20220331,2022,1,lawDong,62f6a938f48b,620,26440,강서구,2644011700,신호동
20220331,2022,1,lawDong,62f6a938f48b,27,26440,강서구,2644011800,동선동
20220331,2022,1,lawDong,62f6a938f48b,51,26440,강서구,2644011900,성북동
20220331,2022,1,lawDong,62f6a938f48b,5,26440,강서구,2644012000,눌차동
20220331,2022,1,lawDong,62f6a938f48b,72,26440,강서구,2644012100,천성동
20220331,2022,1,lawDong,62f6a938f48b,52,26440,강서구,2644012200,대항동
20220331,2022,1,lawDong,62f6a938f48b,2923,26470,연제구,2647010100,거제동
20220331,2022,1,lawDong,62f6a938f48b,7150,26470,연제구,2647010200,연산동
20220331,2022,1,lawDong,62f6a938f48b,1345,26500,수영구,2650010100,망미동
20220331,2022,1,lawDong,62f6a938f48b,1118,26500,수영구,2650010200,수영동
20220331,2022,1,lawDong,62f6a938f48b,1582,26500,수영구,2650010300,민락동
20220331,2022,1,lawDong,62f6a938f48b,3382,26500,수영구,2650010400,광안동
20220331,2022,1,lawDong,62f6a938f48b,1911,26500,수영구,2650010500,남천동
20220331,2022,1,lawDong,62f6a938f48b,411,26530,사상구,2653010100,삼락동
20220331,2022,1,lawDong,62f6a938f48b,1278,26530,사상구,2653010200,모라동
20220331,2022,1,lawDong,62f6a938f48b,1041,26530,사상구,2653010300,덕포동
20220331,2022,1,lawDong,62f6a938f48b,2558,26530,사상구,2653010400,괘법동
20220331,2022,1,lawDong,62f6a938f48b,1466,26530,사상구,2653010500,감전동
20220331,2022,1,lawDong,62f6a938f48b,1716,26530,사상구,2653010600,주례동
20220331,2022,1,lawDong,62f6a938f48b,854,26530,사상구,2653010700,학장동
20220331,2022,1,lawDong,62f6a938f48b,798,26530,사상구,2653010800,엄궁동
20220331,2022,1,lawDong,62f6a938f48b,731,26710,기장군,2671025021,기장읍
20220331,2022,1,lawDong,62f6a938f48b,404,26710,기장군,2671025022,기장읍
20220331,2022,1,lawDong,62f6a938f48b,9,26710,기장군,2671025023,기장읍
20220331,2022,1,lawDong,62f6a938f48b,79,26710,기장군,2671025024,기장읍
20220331,2022,1,lawDong,62f6a938f48b,68,26710,기장군,2671025025,기장읍
20220331,2022,1,lawDong,62f6a938f48b,791,26710,기장군,2671025026,기장읍
20220331,2022,1,lawDong,62f6a938f48b,291,26710,기장군,2671025027,기장읍
20220331,2022,1,lawDong,62f6a938f48b,138,26710,기장군,2671025028,기장읍
20220331,2022,1,lawDong,62f6a938f48b,126,26710,기장군,2671025029,기장읍
20220331,2022,1,lawDong,62f6a938f48b,20,26710,기장군,2671025030,기장읍
20220331,2022,1,lawDong,62f6a938f48b,8,26710,기장군,2671025031,기장읍
20220331,2022,1,lawDong,62f6a938f48b,421,26710,기장군,2671025032,기장읍
20220331,2022,1,lawDong,62f6a938f48b,328,26710,기장군,2671025033,기장읍
20220331,2022,1,lawDong,62f6a938f48b,67,26710,기장군,2671025034,기장읍
20220331,2022,1,lawDong,62f6a938f48b,326,26710,기장군,2671025321,장안읍
20220331,2022,1,lawDong,62f6a938f48b,5,26710,기장군,2671025323,장안읍
20220331,2022,1,lawDong,62f6a938f48b,30,26710,기장군,2671025324,장안읍
20220331,2022,1,lawDong,62f6a938f48b,49,26710,기장군,2671025325,장안읍
20220331,2022,1,lawDong,62f6a938f48b,8,26710,기장군,2671025326,장안읍
20220331,2022,1,lawDong,62f6a938f48b,15,26710,기장군,2671025327,장안읍
20220331,2022,1,lawDong,62f6a938f48b,70,26710,기장군,2671025328,장안읍
20220331,2022,1,lawDong,62f6a938f48b,34,26710,기장군,2671025329,장안읍
20220331,2022,1,lawDong,62f6a938f48b,102,26710,기장군,2671025330,장안읍
20220331,2022,1,lawDong,62f6a938f48b,42,26710,기장군,2671025331,장안읍
20220331,2022,1,lawDong,62f6a938f48b,43,26710,기장군,2671025332,장안읍
20220331,2022,1,lawDong,62f6a938f48b,20,26710,기장군,2671025333,장안읍
20220331,2022,1,lawDong,62f6a938f48b,120,26710,기장군,2671025334,장안읍
20220331,2022,1,lawDong,62f6a938f48b,269,26710,기장군,2671025621,정관읍
20220331,2022,1,lawDong,62f6a938f48b,1122,26710,기장군,2671025622,정관읍
20220331,2022,1,lawDong,62f6a938f48b,4,26710,기장군,2671025623,정관읍
20220331,2022,1,lawDong,62f6a938f48b,6,26710,기장군,2671025624,정관읍
20220331,2022,1,lawDong,62f6a938f48b,242,26710,기장군,2671025625,정관읍
20220331,2022,1,lawDong,62f6a938f48b,24,26710,기장군,2671025626,정관읍
20220331,2022,1,lawDong,62f6a938f48b,493,26710,기장군,2671025627,정관읍
20220331,2022,1,lawDong,62f6a938f48b,434,26710,기장군,2671025628,정관읍
20220331,2022,1,lawDong,62f6a938f48b,5,26710,기장군,2671025629,정관읍
20220331,2022,1,lawDong,62f6a938f48b,92,26710,기장군,2671025630,정관읍
20220331,2022,1,lawDong,62f6a938f48b,630,26710,기장군,2671025921,일광읍
20220331,2022,1,lawDong,62f6a938f48b,151,26710,기장군,2671025922,일광읍
20220331,2022,1,lawDong,62f6a938f48b,30,26710,기장군,2671025923,일광읍
20220331,2022,1,lawDong,62f6a938f48b,54,26710,기장군,2671025924,일광읍
20220331,2022,1,lawDong,62f6a938f48b,30,26710,기장군,2671025925,일광읍
20220331,2022,1,lawDong,62f6a938f48b,36,26710,기장군,2671025926,일광읍
20220331,2022,1,lawDong,62f6a938f48b,69,26710,기장군,2671025927,일광읍
20220331,2022,1,lawDong,62f6a938f48b,25,26710,기장군,2671025928,일광읍
20220331,2022,1,lawDong,62f6a938f48b,5,26710,기장군,2671025929,일광읍
20220331,2022,1,lawDong,62f6a938f48b,19,26710,기장군,2671025930,일광읍
20220331,2022,1,lawDong,62f6a938f48b,58,26710,기장군,2671025931,일광읍
20220331,2022,1,lawDong,62f6a938f48b,6,26710,기장군,2671025932,일광읍
20220331,2022,1,lawDong,62f6a938f48b,16,26710,기장군,2671025933,일광읍
20220331,2022,1,lawDong,62f6a938f48b,13,26710,기장군,2671033021,철마면
20220331,2022,1,lawDong,62f6a938f48b,39,26710,기장군,2671033022,철마면
20220331,2022,1,lawDong,62f6a938f48b,2,26710,기장군,2671033023,철마면
20220331,2022,1,lawDong,62f6a938f48b,59,26710,기장군,2671033024,철마면
20220331,2022,1,lawDong,62f6a938f48b,30,26710,기장군,2671033025,철마면
20220331,2022,1,lawDong,62f6a938f48b,25,26710,기장군,2671033026,철마면
20220331,2022,1,lawDong,62f6a938f48b,8,26710,기장군,2671033027,철마면
20220331,2022,1,lawDong,62f6a938f48b,8,26710,기장군,2671033028,철마면
20220331,2022,1,lawDong,62f6a938f48b,56,26710,기장군,2671033029,철마면
20220331,2022,1,lawDong,62f6a938f48b,21,26710,기장군,2671033030,철마면
20220331,2022,1,lawDong,62f6a938f48b,13,26710,기장군,2671033031,철마면
20220630,2022,2,busan,62f6a938f48b,160235,,,,
20220630,2022,2,district,62f6a938f48b,7674,26110,중구,,
20220630,2022,2,district,62f6a938f48b,4062,26140,서구,,
20220630,2022,2,district,62f6a938f48b,6911,26170,동구,,
20220630,2022,2,district,62f6a938f48b,4214,26200,영도구,,
20220630,2022,2,district,62f6a938f48b,20681,26230,부산진구,,
20220630,2022,2,district,62f6a938f48b,12206,26260,동래구,,
20220630,2022,2,district,62f6a938f48b,9690,26290,남구,,
20220630,2022,2,district,62f6a938f48b,9168,26320,북구,,
20220630,2022,2,district,62f6a938f48b,17679,26350,해운대구,,
20220630,2022,2,district,62f6a938f48b,11222,26380,사하구,,
20220630,2022,2,district,62f6a938f48b,10865,26410,금정구,,
20220630,2022,2,district,62f6a938f48b,7512,26440,강서구,,
20220630,2022,2,district,62f6a938f48b,10149,26470,연제구,,
20220630,2022,2,district,62f6a938f48b,9464,26500,수영구,,
20220630,2022,2,district,62f6a938f48b,10175,26530,사상구,,
20220630,2022,2,district,62f6a938f48b,8563,26710,기장군,,
20220630,2022,2,lawDong,62f6a938f48b,318,26110,중구,2611010100,영주동
20220630,2022,2,lawDong,62f6a938f48b,60,26110,중구,2611010200,대창동1가
20220630,2022,2,lawDong,62f6a938f48b,54,26110,중구,2611010300,대창동2가
20220630,2022,2,lawDong,62f6a938f48b,65,26110,중구,2611010400,중앙동1가
20220630,2022,2,lawDong,62f6a938f48b,123,26110,중구,2611010500,중앙동2가
20220630,2022,2,lawDong,62f6a938f48b,117,26110,중구,2611010600,중앙동3가
20220630,2022,2,lawDong,62f6a938f48b,704,26110,중구,2611010700,중앙동4가
20220630,2022,2,lawDong,62f6a938f48b,58,26110,중구,2611010800,중앙동5가
20220630,2022,2,lawDong,62f6a938f48b,242,26110,중구,2611010900,중앙동6가
20220630,2022,2,lawDong,62f6a938f48b,373,26110,중구,2611011000,중앙동7가
20220630,2022,2,lawDong,62f6a938f48b,71,26110,중구,2611011100,동광동1가
20220630,2022,2,lawDong,62f6a938f48b,71,26110,중구,2611011200,동광동2가
20220630,2022,2,lawDong,62f6a938f48b,69,26110,중구,2611011300,동광동3가
20220630,2022,2,lawDong,62f6a938f48b,71,26110,중구,2611011400,동광동4가
20220630,2022,2,lawDong,62f6a938f48b,102,26110,중구,2611011500,동광동5가
20220630,2022,2,lawDong,62f6a938f48b,74,26110,중구,2611011600,대청동1가
20220630,2022,2,lawDong,62f6a938f48b,160,26110,중구,2611011700,대청동2가
20220630,2022,2,lawDong,62f6a938f48b,57,26110,중구,2611011800,대청동3가
20220630,2022,2,lawDong,62f6a938f48b,89,26110,중구,2611011900,대청동4가
20220630,2022,2,lawDong,62f6a938f48b,193,26110,중구,2611012000,보수동1가
20220630,2022,2,lawDong,62f6a938f48b,133,26110,중구,2611012100,보수동2가
20220630,2022,2,lawDong,62f6a938f48b,87,26110,중구,2611012200,보수동3가
20220630,2022,2,lawDong,62f6a938f48b,657,26110,중구,2611012300,부평동1가
20220630,2022,2,lawDong,62f6a938f48b,572,26110,중구,2611012400,부평동2가
20220630,2022,2,lawDong,62f6a938f48b,171,26110,중구,2611012500,부평동3가
20220630,2022,2,lawDong,62f6a938f48b,133,26110,중구,2611012600,부평동4가
20220630,2022,2,lawDong,62f6a938f48b,306,26110,중구,2611012700,신창동1가
20220630,2022,2,lawDong,62f6a938f48b,269,26110,중구,2611012800,신창동2가
20220630,2022,2,lawDong,62f6a938f48b,110,26110,중구,2611012900,신창동3가
20220630,2022,2,lawDong,62f6a938f48b,268,26110,중구,2611013000,신창동4가
20220630,2022,2,lawDong,62f6a938f48b,172,26110,중구,2611013100,창선동1가
20220630,2022,2,lawDong,62f6a938f48b,209,26110,중구,2611013200,창선동2가
20220630,2022,2,lawDong,62f6a938f48b,132,26110,중구,2611013300,광복동1가
20220630,2022,2,lawDong,62f6a938f48b,91,26110,중구,2611013400,광복동2가
20220630,2022,2,lawDong,62f6a938f48b,70,26110,중구,2611013500,광복동3가
20220630,2022,2,lawDong,62f6a938f48b,89,26110,중구,2611013600,남포동1가
20220630,2022,2,lawDong,62f6a938f48b,171,26110,중구,2611013700,남포동2가
20220630,2022,2,lawDong,62f6a938f48b,64,26110,중구,2611013800,남포동3가
20220630,2022,2,lawDong,62f6a938f48b,156,26110,중구,2611013900,남포동4가
20220630,2022,2,lawDong,62f6a938f48b,417,26110,중구,2611014000,남포동5가
20220630,2022,2,lawDong,62f6a938f48b,326,26110,중구,2611014100,남포동6가
20220630,2022,2,lawDong,62f6a938f48b,196,26140,서구,2614010100,동대신동1가
20220630,2022,2,lawDong,62f6a938f48b,278,26140,서구,2614010200,동대신동2가
20220630,2022,2,lawDong,62f6a938f48b,349,26140,서구,2614010300,동대신동3가
20220630,2022,2,lawDong,62f6a938f48b,179,26140,서구,2614010400,서대신동1가
20220630,2022,2,lawDong,62f6a938f48b,298,26140,서구,2614010500,서대신동2가
20220630,2022,2,lawDong,62f6a938f48b,421,26140,서구,2614010600,서대신동3가
20220630,2022,2,lawDong,62f6a938f48b,50,26140,서구,2614010700,부용동1가
20220630,2022,2,lawDong,62f6a938f48b,55,26140,서구,2614010800,부용동2가
20220630,2022,2,lawDong,62f6a938f48b,147,26140,서구,2614010900,부민동1가
20220630,2022,2,lawDong,62f6a938f48b,74,26140,서구,2614011000,부민동2가
20220630,2022,2,lawDong,62f6a938f48b,42,26140,서구,2614011100,부민동3가
20220630,2022,2,lawDong,62f6a938f48b,67,26140,서구,2614011200,토성동1가
20220630,2022,2,lawDong,62f6a938f48b,30,26140,서구,2614011300,토성동2가
20220630,2022,2,lawDong,62f6a938f48b,45,26140,서구,2614011400,토성동3가
20220630,2022,2,lawDong,62f6a938f48b,58,26140,서구,2614011500,아미동1가
20220630,2022,2,lawDong,62f6a938f48b,175,26140,서구,2614011600,아미동2가
20220630,2022,2,lawDong,62f6a938f48b,45,26140,서구,2614011700,토성동4가
20220630,2022,2,lawDong,62f6a938f48b,78,26140,서구,2614011800,토성동5가
20220630,2022,2,lawDong,62f6a938f48b,82,26140,서구,2614011900,초장동
20220630,2022,2,lawDong,62f6a938f48b,382,26140,서구,2614012000,충무동1가
20220630,2022,2,lawDong,62f6a938f48b,72,26140,서구,2614012100,충무동2가
20220630,2022,2,lawDong,62f6a938f48b,55,26140,서구,2614012200,충무동3가
20220630,2022,2,lawDong,62f6a938f48b,364,26140,서구,2614012300,남부민동
20220630,2022,2,lawDong,62f6a938f48b,520,26140,서구,2614012400,암남동
20220630,2022,2,lawDong,62f6a938f48b,2408,26170,동구,2617010100,초량동
20220630,2022,2,lawDong,62f6a938f48b,1083,26170,동구,2617010200,수정동
20220630,2022,2,lawDong,62f6a938f48b,362,26170,동구,2617010300,좌천동
20220630,2022,2,lawDong,62f6a938f48b,3058,26170,동구,2617010400,범일동
20220630,2022,2,lawDong,62f6a938f48b,256,26200,영도구,2620010100,대교동1가
20220630,2022,2,lawDong,62f6a938f48b,239,26200,영도구,2620010200,대교동2가
20220630,2022,2,lawDong,62f6a938f48b,48,26200,영도구,2620010300,대평동1가
20220630,2022,2,lawDong,62f6a938f48b,22,26200,영도구,2620010400,대평동2가
20220630,2022,2,lawDong,62f6a938f48b,316,26200,영도구,2620010500,남항동1가
20220630,2022,2,lawDong,62f6a938f48b,141,26200,영도구,2620010600,남항동2가
20220630,2022,2,lawDong,62f6a938f48b,63,26200,영도구,2620010700,남항동3가
20220630,2022,2,lawDong,62f6a938f48b,178,26200,영도구,2620010800,영선동1가
20220630,2022,2,lawDong,62f6a938f48b,245,26200,영도구,2620010900,영선동2가
20220630,2022,2,lawDong,62f6a938f48b,126,26200,영도구,2620011000,영선동3가
20220630,2022,2,lawDong,62f6a938f48b,142,26200,영도구,2620011100,영선동4가
20220630,2022,2,lawDong,62f6a938f48b,48,26200,영도구,2620011200,신선동1가
20220630,2022,2,lawDong,62f6a938f48b,46,26200,영도구,2620011300,신선동2가
20220630,2022,2,lawDong,62f6a938f48b,54,26200,영도구,2620011400,신선동3가
20220630,2022,2,lawDong,62f6a938f48b,88,26200,영도구,2620011500,봉래동1가
20220630,2022,2,lawDong,62f6a938f48b,129,26200,영도구,2620011600,봉래동2가
20220630,2022,2,lawDong,62f6a938f48b,191,26200,영도구,2620011700,봉래동3가
20220630,2022,2,lawDong,62f6a938f48b,37,26200,영도구,2620011800,봉래동4가
20220630,2022,2,lawDong,62f6a938f48b,64,26200,영도구,2620011900,봉래동5가
20220630,2022,2,lawDong,62f6a938f48b,613,26200,영도구,2620012000,청학동
20220630,2022,2,lawDong,62f6a938f48b,1168,26200,영도구,2620012100,동삼동
20220630,2022,2,lawDong,62f6a938f48b,1886,26230,부산진구,2623010100,양정동
20220630,2022,2,lawDong,62f6a938f48b,3061,26230,부산진구,2623010200,전포동
20220630,2022,2,lawDong,62f6a938f48b,6967,26230,부산진구,2623010300,부전동
20220630,2022,2,lawDong,62f6a938f48b,1887,26230,부산진구,2623010400,범천동
20220630,2022,2,lawDong,62f6a938f48b,194,26230,부산진구,2623010500,범전동
20220630,2022,2,lawDong,62f6a938f48b,533,26230,부산진구,2623010600,연지동
20220630,2022,2,lawDong,62f6a938f48b,826,26230,부산진구,2623010700,초읍동
20220630,2022,2,lawDong,62f6a938f48b,893,26230,부산진구,2623010800,부암동
20220630,2022,2,lawDong,62f6a938f48b,1523,26230,부산진구,2623010900,당감동
20220630,2022,2,lawDong,62f6a938f48b,1304,26230,부산진구,2623011000,가야동
20220630,2022,2,lawDong,62f6a938f48b,1607,26230,부산진구,2623011100,개금동
20220630,2022,2,lawDong,62f6a938f48b,946,26260,동래구,2626010100,명장동
20220630,2022,2,lawDong,62f6a938f48b,2173,26260,동래구,2626010200,안락동
20220630,2022,2,lawDong,62f6a938f48b,89,26260,동래구,2626010300,칠산동
20220630,2022,2,lawDong,62f6a938f48b,323,26260,동래구,2626010400,낙민동
20220630,2022,2,lawDong,62f6a938f48b,407,26260,동래구,2626010500,복천동
20220630,2022,2,lawDong,62f6a938f48b,897,26260,동래구,2626010600,수안동
20220630,2022,2,lawDong,62f6a938f48b,1498,26260,동래구,2626010700,명륜동
20220630,2022,2,lawDong,62f6a938f48b,3584,26260,동래구,2626010800,온천동
20220630,2022,2,lawDong,62f6a938f48b,2289,26260,동래구,2626010900,사직동
20220630,2022,2,lawDong,62f6a938f48b,4781,26290,남구,2629010600,대연동
20220630,2022,2,lawDong,62f6a938f48b,2050,26290,남구,2629010700,용호동
20220630,2022,2,lawDong,62f6a938f48b,351,26290,남구,2629010800,용당동
20220630,2022,2,lawDong,62f6a938f48b,1640,26290,남구,2629010900,문현동
20220630,2022,2,lawDong,62f6a938f48b,259,26290,남구,2629011000,우암동
20220630,2022,2,lawDong,62f6a938f48b,609,26290,남구,2629011100,감만동
20220630,2022,2,lawDong,62f6a938f48b,619,26320,북구,2632010100,금곡동
20220630,2022,2,lawDong,62f6a938f48b,2365,26320,북구,2632010200,화명동
20220630,2022,2,lawDong,62f6a938f48b,1511,26320,북구,2632010300,만덕동
20220630,2022,2,lawDong,62f6a938f48b,2188,26320,북구,2632010400,덕천동
20220630,2022,2,lawDong,62f6a938f48b,2485,26320,북구,2632010500,구포동
20220630,2022,2,lawDong,62f6a938f48b,1307,26350,해운대구,2635010100,반송동
20220630,2022,2,lawDong,62f6a938f48b,89,26350,해운대구,2635010200,석대동
20220630,2022,2,lawDong,62f6a938f48b,1969,26350,해운대구,2635010300,반여동
20220630,2022,2,lawDong,62f6a938f48b,2555,26350,해운대구,2635010400,재송동
20220630,2022,2,lawDong,62f6a938f48b,5134,26350,해운대구,2635010500,우동
20220630,2022,2,lawDong,62f6a938f48b,2687,26350,해운대구,2635010600,중동
20220630,2022,2,lawDong,62f6a938f48b,3244,26350,해운대구,2635010700,좌동
20220630,2022,2,lawDong,62f6a938f48b,694,26350,해운대구,2635010800,송정동
20220630,2022,2,lawDong,62f6a938f48b,2292,26380,사하구,2638010100,괴정동
20220630,2022,2,lawDong,62f6a938f48b,1091,26380,사하구,2638010200,당리동
20220630,2022,2,lawDong,62f6a938f48b,2470,26380,사하구,2638010300,하단동
20220630,2022,2,lawDong,62f6a938f48b,1146,26380,사하구,2638010400,신평동
20220630,2022,2,lawDong,62f6a938f48b,1338,26380,사하구,2638010500,장림동
20220630,2022,2,lawDong,62f6a938f48b,1782,26380,사하구,2638010600,다대동
20220630,2022,2,lawDong,62f6a938f48b,313,26380,사하구,2638010700,구평동
20220630,2022,2,lawDong,62f6a938f48b,790,26380,사하구,2638010800,감천동
20220630,2022,2,lawDong,62f6a938f48b,183,26410,금정구,2641010100,두구동
20220630,2022,2,lawDong,62f6a938f48b,81,26410,금정구,2641010200,노포동
20220630,2022,2,lawDong,62f6a938f48b,252,26410,금정구,2641010300,청룡동
20220630,2022,2,lawDong,62f6a938f48b,1371,26410,금정구,2641010400,남산동
20220630,2022,2,lawDong,62f6a938f48b,41,26410,금정구,2641010500,선동
20220630,2022,2,lawDong,62f6a938f48b,41,26410,금정구,2641010600,오륜동
20220630,2022,2,lawDong,62f6a938f48b,1812,26410,금정구,2641010700,구서동
20220630,2022,2,lawDong,62f6a938f48b,3003,26410,금정구,2641010800,장전동
20220630,2022,2,lawDong,62f6a938f48b,1968,26410,금정구,2641010900,부곡동
20220630,2022,2,lawDong,62f6a938f48b,1410,26410,금정구,2641011000,서동
20220630,2022,2,lawDong,62f6a938f48b,443,26410,금정구,2641011100,금사동
20220630,2022,2,lawDong,62f6a938f48b,138,26410,금정구,2641011200,회동동
20220630,2022,2,lawDong,62f6a938f48b,122,26410,금정구,2641011300,금성동
20220630,2022,2,lawDong,62f6a938f48b,726,26440,강서구,2644010100,대저1동
20220630,2022,2,lawDong,62f6a938f48b,753,26440,강서구,2644010200,대저2동
20220630,2022,2,lawDong,62f6a938f48b,284,26440,강서구,2644010300,강동동
20220630,2022,2,lawDong,62f6a938f48b,3407,26440,강서구,2644010400,명지동
20220630,2022,2,lawDong,62f6a938f48b,63,26440,강서구,2644010500,죽림동
20220630,2022,2,lawDong,62f6a938f48b,20,26440,강서구,2644010600,식만동
20220630,2022,2,lawDong,62f6a938f48b,27,26440,강서구,2644010700,죽동동
20220630,2022,2,lawDong,62f6a938f48b,62,26440,강서구,2644010800,봉림동
20220630,2022,2,lawDong,62f6a938f48b,330,26440,강서구,2644010900,송정동
20220630,2022,2,lawDong,62f6a938f48b,169,26440,강서구,2644011000,화전동
20220630,2022,2,lawDong,62f6a938f48b,199,26440,강서구,2644011100,녹산동
20220630,2022,2,lawDong,62f6a938f48b,69,26440,강서구,2644011200,생곡동
20220630,2022,2,lawDong,62f6a938f48b,62,26440,강서구,2644011300,구랑동
20220630,2022,2,lawDong,62f6a938f48b,258,26440,강서구,2644011400,지사동
20220630,2022,2,lawDong,62f6a938f48b,80,26440,강서구,2644011500,미음동
20220630,2022,2,lawDong,62f6a938f48b,163,26440,강서구,2644011600,범방동
20220630,2022,2,lawDong,62f6a938f48b,630,26440,강서구,2644011700,신호동
20220630,2022,2,lawDong,62f6a938f48b,27,26440,강서구,2644011800,동선동
20220630,2022,2,lawDong,62f6a938f48b,51,26440,강서구,2644011900,성북동
20220630,2022,2,lawDong,62f6a938f48b,5,26440,강서구,2644012000,눌차동
20220630,2022,2,lawDong,62f6a938f48b,75,26440,강서구,2644012100,천성동
20220630,2022,2,lawDong,62f6a938f48b,52,26440,강서구,2644012200,대항동
20220630,2022,2,lawDong,62f6a938f48b,2934,26470,연제구,2647010100,거제동
20220630,2022,2,lawDong,62f6a938f48b,7215,26470,연제구,2647010200,연산동
20220630,2022,2,lawDong,62f6a938f48b,1356,26500,수영구,2650010100,망미동
20220630,2022,2,lawDong,62f6a938f48b,1135,26500,수영구,2650010200,수영동
20220630,2022,2,lawDong,62f6a938f48b,1603,26500,수영구,2650010300,민락동
20220630,2022,2,lawDong,62f6a938f48b,3429,26500,수영구,2650010400,광안동
20220630,2022,2,lawDong,62f6a938f48b,1941,26500,수영구,2650010500,남천동
20220630,2022,2,lawDong,62f6a938f48b,419,26530,사상구,2653010100,삼락동
20220630,2022,2,lawDong,62f6a938f48b,1275,26530,사상구,2653010200,모라동
20220630,2022,2,lawDong,62f6a938f48b,1062,26530,사상구,2653010300,덕포동
20220630,2022,2,lawDong,62f6a938f48b,2562,26530,사상구,2653010400,괘법동
20220630,2022,2,lawDong,62f6a938f48b,1479,26530,사상구,2653010500,감전동
20220630,2022,2,lawDong,62f6a938f48b,1729,26530,사상구,2653010600,주례동
20220630,2022,2,lawDong,62f6a938f48b,852,26530,사상구,2653010700,학장동
20220630,2022,2,lawDong,62f6a938f48b,797,26530,사상구,2653010800,엄궁동
20220630,2022,2,lawDong,62f6a938f48b,729,26710,기장군,2671025021,기장읍
20220630,2022,2,lawDong,62f6a938f48b,403,26710,기장군,2671025022,기장읍
20220630,2022,2,lawDong,62f6a938f48b,9,26710,기장군,2671025023,기장읍
20220630,2022,2,lawDong,62f6a938f48b,81,26710,기장군,2671025024,기장읍
20220630,2022,2,lawDong,62f6a938f48b,68,26710,기장군,2671025025,기장읍
20220630,2022,2,lawDong,62f6a938f48b,795,26710,기장군,2671025026,기장읍
20220630,2022,2,lawDong,62f6a938f48b,294,26710,기장군,2671025027,기장읍
20220630,2022,2,lawDong,62f6a938f48b,143,26710,기장군,2671025028,기장읍
20220630,2022,2,lawDong,62f6a938f48b,129,26710,기장군,2671025029,기장읍
20220630,2022,2,lawDong,62f6a938f48b,21,26710,기장군,2671025030,기장읍
20220630,2022,2,lawDong,62f6a938f48b,8,26710,기장군,2671025031,기장읍
20220630,2022,2,lawDong,62f6a938f48b,418,26710,기장군,2671025032,기장읍
20220630,2022,2,lawDong,62f6a938f48b,342,26710,기장군,2671025033,기장읍
20220630,2022,2,lawDong,62f6a938f48b,71,26710,기장군,2671025034,기장읍
20220630,2022,2,lawDong,62f6a938f48b,327,26710,기장군,2671025321,장안읍
20220630,2022,2,lawDong,62f6a938f48b,5,26710,기장군,2671025323,장안읍
20220630,2022,2,lawDong,62f6a938f48b,30,26710,기장군,2671025324,장안읍
20220630,2022,2,lawDong,62f6a938f48b,48,26710,기장군,2671025325,장안읍
20220630,2022,2,lawDong,62f6a938f48b,9,26710,기장군,2671025326,장안읍
20220630,2022,2,lawDong,62f6a938f48b,16,26710,기장군,2671025327,장안읍
20220630,2022,2,lawDong,62f6a938f48b,69,26710,기장군,2671025328,장안읍
20220630,2022,2,lawDong,62f6a938f48b,34,26710,기장군,2671025329,장안읍
20220630,2022,2,lawDong,62f6a938f48b,106,26710,기장군,2671025330,장안읍
20220630,2022,2,lawDong,62f6a938f48b,43,26710,기장군,2671025331,장안읍
20220630,2022,2,lawDong,62f6a938f48b,43,26710,기장군,2671025332,장안읍
20220630,2022,2,lawDong,62f6a938f48b,20,26710,기장군,2671025333,장안읍
20220630,2022,2,lawDong,62f6a938f48b,122,26710,기장군,2671025334,장안읍
20220630,2022,2,lawDong,62f6a938f48b,273,26710,기장군,2671025621,정관읍
20220630,2022,2,lawDong,62f6a938f48b,1145,26710,기장군,2671025622,정관읍
20220630,2022,2,lawDong,62f6a938f48b,4,26710,기장군,2671025623,정관읍
20220630,2022,2,lawDong,62f6a938f48b,6,26710,기장군,2671025624,정관읍
20220630,2022,2,lawDong,62f6a938f48b,244,26710,기장군,2671025625,정관읍
20220630,2022,2,lawDong,62f6a938f48b,25,26710,기장군,2671025626,정관읍
20220630,2022,2,lawDong,62f6a938f48b,501,26710,기장군,2671025627,정관읍
20220630,2022,2,lawDong,62f6a938f48b,441,26710,기장군,2671025628,정관읍
20220630,2022,2,lawDong,62f6a938f48b,5,26710,기장군,2671025629,정관읍
20220630,2022,2,lawDong,62f6a938f48b,91,26710,기장군,2671025630,정관읍
20220630,2022,2,lawDong,62f6a938f48b,657,26710,기장군,2671025921,일광읍
20220630,2022,2,lawDong,62f6a938f48b,162,26710,기장군,2671025922,일광읍
20220630,2022,2,lawDong,62f6a938f48b,31,26710,기장군,2671025923,일광읍
20220630,2022,2,lawDong,62f6a938f48b,55,26710,기장군,2671025924,일광읍
20220630,2022,2,lawDong,62f6a938f48b,30,26710,기장군,2671025925,일광읍
20220630,2022,2,lawDong,62f6a938f48b,38,26710,기장군,2671025926,일광읍
20220630,2022,2,lawDong,62f6a938f48b,69,26710,기장군,2671025927,일광읍
20220630,2022,2,lawDong,62f6a938f48b,25,26710,기장군,2671025928,일광읍
20220630,2022,2,lawDong,62f6a938f48b,5,26710,기장군,2671025929,일광읍
20220630,2022,2,lawDong,62f6a938f48b,20,26710,기장군,2671025930,일광읍
20220630,2022,2,lawDong,62f6a938f48b,60,26710,기장군,2671025931,일광읍
20220630,2022,2,lawDong,62f6a938f48b,6,26710,기장군,2671025932,일광읍
20220630,2022,2,lawDong,62f6a938f48b,16,26710,기장군,2671025933,일광읍
20220630,2022,2,lawDong,62f6a938f48b,13,26710,기장군,2671033021,철마면
20220630,2022,2,lawDong,62f6a938f48b,39,26710,기장군,2671033022,철마면
20220630,2022,2,lawDong,62f6a938f48b,2,26710,기장군,2671033023,철마면
20220630,2022,2,lawDong,62f6a938f48b,58,26710,기장군,2671033024,철마면
20220630,2022,2,lawDong,62f6a938f48b,30,26710,기장군,2671033025,철마면
20220630,2022,2,lawDong,62f6a938f48b,25,26710,기장군,2671033026,철마면
20220630,2022,2,lawDong,62f6a938f48b,8,26710,기장군,2671033027,철마면
20220630,2022,2,lawDong,62f6a938f48b,8,26710,기장군,2671033028,철마면
20220630,2022,2,lawDong,62f6a938f48b,56,26710,기장군,2671033029,철마면
20220630,2022,2,lawDong,62f6a938f48b,19,26710,기장군,2671033030,철마면
20220630,2022,2,lawDong,62f6a938f48b,13,26710,기장군,2671033031,철마면
20220930,2022,3,busan,62f6a938f48b,161386,,,,
20220930,2022,3,district,62f6a938f48b,7707,26110,중구,,
20220930,2022,3,district,62f6a938f48b,4077,26140,서구,,
20220930,2022,3,district,62f6a938f48b,6964,26170,동구,,
20220930,2022,3,district,62f6a938f48b,4244,26200,영도구,,
20220930,2022,3,district,62f6a938f48b,20873,26230,부산진구,,
20220930,2022,3,district,62f6a938f48b,12286,26260,동래구,,
20220930,2022,3,district,62f6a938f48b,9683,26290,남구,,
20220930,2022,3,district,62f6a938f48b,9237,26320,북구,,
20220930,2022,3,district,62f6a938f48b,17765,26350,해운대구,,
20220930,2022,3,district,62f6a938f48b,11279,26380,사하구,,
20220930,2022,3,district,62f6a938f48b,10902,26410,금정구,,
20220930,2022,3,district,62f6a938f48b,7669,26440,강서구,,
20220930,2022,3,district,62f6a938f48b,10241,26470,연제구,,
20220930,2022,3,district,62f6a938f48b,9584,26500,수영구,,
20220930,2022,3,district,62f6a938f48b,10170,26530,사상구,,
20220930,2022,3,district,62f6a938f48b,8705,26710,기장군,,
20220930,2022,3,lawDong,62f6a938f48b,323,26110,중구,2611010100,영주동
20220930,2022,3,lawDong,62f6a938f48b,60,26110,중구,2611010200,대창동1가
20220930,2022,3,lawDong,62f6a938f48b,55,26110,중구,2611010300,대창동2가
20220930,2022,3,lawDong,62f6a938f48b,63,26110,중구,2611010400,중앙동1가
20220930,2022,3,lawDong,62f6a938f48b,128,26110,중구,2611010500,중앙동2가
20220930,2022,3,lawDong,62f6a938f48b,115,26110,중구,2611010600,중앙동3가
20220930,2022,3,lawDong,62f6a938f48b,694,26110,중구,2611010700,중앙동4가
20220930,2022,3,lawDong,62f6a938f48b,59,26110,중구,2611010800,중앙동5가
20220930,2022,3,lawDong,62f6a938f48b,242,26110,중구,2611010900,중앙동6가
20220930,2022,3,lawDong,62f6a938f48b,383,26110,중구,2611011000,중앙동7가
20220930,2022,3,lawDong,62f6a938f48b,69,26110,중구,2611011100,동광동1가
20220930,2022,3,lawDong,62f6a938f48b,74,26110,중구,2611011200,동광동2가
20220930,2022,3,lawDong,62f6a938f48b,67,26110,중구,2611011300,동광동3가
20220930,2022,3,lawDong,62f6a938f48b,71,26110,중구,2611011400,동광동4가
20220930,2022,3,lawDong,62f6a938f48b,100,26110,중구,2611011500,동광동5가
20220930,2022,3,lawDong,62f6a938f48b,74,26110,중구,2611011600,대청동1가
20220930,2022,3,lawDong,62f6a938f48b,165,26110,중구,2611011700,대청동2가
20220930,2022,3,lawDong,62f6a938f48b,58,26110,중구,2611011800,대청동3가
20220930,2022,3,lawDong,62f6a938f48b,89,26110,중구,2611011900,대청동4가
20220930,2022,3,lawDong,62f6a938f48b,193,26110,중구,2611012000,보수동1가
20220930,2022,3,lawDong,62f6a938f48b,137,26110,중구,2611012100,보수동2가
20220930,2022,3,lawDong,62f6a938f48b,87,26110,중구,2611012200,보수동3가
20220930,2022,3,lawDong,62f6a938f48b,659,26110,중구,2611012300,부평동1가
20220930,2022,3,lawDong,62f6a938f48b,579,26110,중구,2611012400,부평동2가
20220930,2022,3,lawDong,62f6a938f48b,174,26110,중구,2611012500,부평동3가
20220930,2022,3,lawDong,62f6a938f48b,132,26110,중구,2611012600,부평동4가
20220930,2022,3,lawDong,62f6a938f48b,305,26110,중구,2611012700,신창동1가
20220930,2022,3,lawDong,62f6a938f48b,270,26110,중구,2611012800,신창동2가
20220930,2022,3,lawDong,62f6a938f48b,110,26110,중구,2611012900,신창동3가
20220930,2022,3,lawDong,62f6a938f48b,268,26110,중구,2611013000,신창동4가
20220930,2022,3,lawDong,62f6a938f48b,174,26110,중구,2611013100,창선동1가
20220930,2022,3,lawDong,62f6a938f48b,212,26110,중구,2611013200,창선동2가
20220930,2022,3,lawDong,62f6a938f48b,135,26110,중구,2611013300,광복동1가
20220930,2022,3,lawDong,62f6a938f48b,92,26110,중구,2611013400,광복동2가
20220930,2022,3,lawDong,62f6a938f48b,70,26110,중구,2611013500,광복동3가
20220930,2022,3,lawDong,62f6a938f48b,92,26110,중구,2611013600,남포동1가
20220930,2022,3,lawDong,62f6a938f48b,168,26110,중구,2611013700,남포동2가
20220930,2022,3,lawDong,62f6a938f48b,62,26110,중구,2611013800,남포동3가
20220930,2022,3,lawDong,62f6a938f48b,155,26110,중구,2611013900,남포동4가
20220930,2022,3,lawDong,62f6a938f48b,420,26110,중구,2611014000,남포동5가
20220930,2022,3,lawDong,62f6a938f48b,324,26110,중구,2611014100,남포동6가
20220930,2022,3,lawDong,62f6a938f48b,199,26140,서구,2614010100,동대신동1가
20220930,2022,3,lawDong,62f6a938f48b,285,26140,서구,2614010200,동대신동2가
20220930,2022,3,lawDong,62f6a938f48b,348,26140,서구,2614010300,동대신동3가
20220930,2022,3,lawDong,62f6a938f48b,179,26140,서구,2614010400,서대신동1가
20220930,2022,3,lawDong,62f6a938f48b,293,26140,서구,2614010500,서대신동2가
20220930,2022,3,lawDong,62f6a938f48b,419,26140,서구,2614010600,서대신동3가
20220930,2022,3,lawDong,62f6a938f48b,51,26140,서구,2614010700,부용동1가
20220930,2022,3,lawDong,62f6a938f48b,54,26140,서구,2614010800,부용동2가
20220930,2022,3,lawDong,62f6a938f48b,153,26140,서구,2614010900,부민동1가
20220930,2022,3,lawDong,62f6a938f48b,76,26140,서구,2614011000,부민동2가
20220930,2022,3,lawDong,62f6a938f48b,42,26140,서구,2614011100,부민동3가
20220930,2022,3,lawDong,62f6a938f48b,67,26140,서구,2614011200,토성동1가
20220930,2022,3,lawDong,62f6a938f48b,29,26140,서구,2614011300,토성동2가
20220930,2022,3,lawDong,62f6a938f48b,45,26140,서구,2614011400,토성동3가
20220930,2022,3,lawDong,62f6a938f48b,57,26140,서구,2614011500,아미동1가
20220930,2022,3,lawDong,62f6a938f48b,171,26140,서구,2614011600,아미동2가
20220930,2022,3,lawDong,62f6a938f48b,45,26140,서구,2614011700,토성동4가
20220930,2022,3,lawDong,62f6a938f48b,78,26140,서구,2614011800,토성동5가
20220930,2022,3,lawDong,62f6a938f48b,82,26140,서구,2614011900,초장동
20220930,2022,3,lawDong,62f6a938f48b,384,26140,서구,2614012000,충무동1가
20220930,2022,3,lawDong,62f6a938f48b,72,26140,서구,2614012100,충무동2가
20220930,2022,3,lawDong,62f6a938f48b,54,26140,서구,2614012200,충무동3가
20220930,2022,3,lawDong,62f6a938f48b,365,26140,서구,2614012300,남부민동
20220930,2022,3,lawDong,62f6a938f48b,529,26140,서구,2614012400,암남동
20220930,2022,3,lawDong,62f6a938f48b,2445,26170,동구,2617010100,초량동
20220930,2022,3,lawDong,62f6a938f48b,1088,26170,동구,2617010200,수정동
20220930,2022,3,lawDong,62f6a938f48b,365,26170,동구,2617010300,좌천동
20220930,2022,3,lawDong,62f6a938f48b,3066,26170,동구,2617010400,범일동
20220930,2022,3,lawDong,62f6a938f48b,260,26200,영도구,2620010100,대교동1가
20220930,2022,3,lawDong,62f6a938f48b,244,26200,영도구,2620010200,대교동2가
20220930,2022,3,lawDong,62f6a938f48b,47,26200,영도구,2620010300,대평동1가
20220930,2022,3,lawDong,62f6a938f48b,23,26200,영도구,2620010400,대평동2가
20220930,2022,3,lawDong,62f6a938f48b,315,26200,영도구,2620010500,남항동1가
20220930,2022,3,lawDong,62f6a938f48b,139,26200,영도구,2620010600,남항동2가
20220930,2022,3,lawDong,62f6a938f48b,62,26200,영도구,2620010700,남항동3가
20220930,2022,3,lawDong,62f6a938f48b,178,26200,영도구,2620010800,영선동1가
20220930,2022,3,lawDong,62f6a938f48b,246,26200,영도구,2620010900,영선동2가
20220930,2022,3,lawDong,62f6a938f48b,126,26200,영도구,2620011000,영선동3가
20220930,2022,3,lawDong,62f6a938f48b,146,26200,영도구,2620011100,영선동4가
20220930,2022,3,lawDong,62f6a938f48b,50,26200,영도구,2620011200,신선동1가
20220930,2022,3,lawDong,62f6a938f48b,45,26200,영도구,2620011300,신선동2가
20220930,2022,3,lawDong,62f6a938f48b,55,26200,영도구,2620011400,신선동3가
20220930,2022,3,lawDong,62f6a938f48b,87,26200,영도구,2620011500,봉래동1가
20220930,2022,3,lawDong,62f6a938f48b,129,26200,영도구,2620011600,봉래동2가
20220930,2022,3,lawDong,62f6a938f48b,192,26200,영도구,2620011700,봉래동3가
20220930,2022,3,lawDong,62f6a938f48b,39,26200,영도구,2620011800,봉래동4가
20220930,2022,3,lawDong,62f6a938f48b,64,26200,영도구,2620011900,봉래동5가
20220930,2022,3,lawDong,62f6a938f48b,617,26200,영도구,2620012000,청학동
20220930,2022,3,lawDong,62f6a938f48b,1180,26200,영도구,2620012100,동삼동
20220930,2022,3,lawDong,62f6a938f48b,1919,26230,부산진구,2623010100,양정동
20220930,2022,3,lawDong,62f6a938f48b,3149,26230,부산진구,2623010200,전포동
20220930,2022,3,lawDong,62f6a938f48b,7005,26230,부산진구,2623010300,부전동
20220930,2022,3,lawDong,62f6a938f48b,1897,26230,부산진구,2623010400,범천동
20220930,2022,3,lawDong,62f6a938f48b,197,26230,부산진구,2623010500,범전동
20220930,2022,3,lawDong,62f6a938f48b,540,26230,부산진구,2623010600,연지동
20220930,2022,3,lawDong,62f6a938f48b,829,26230,부산진구,2623010700,초읍동
20220930,2022,3,lawDong,62f6a938f48b,887,26230,부산진구,2623010800,부암동
20220930,2022,3,lawDong,62f6a938f48b,1527,26230,부산진구,2623010900,당감동
20220930,2022,3,lawDong,62f6a938f48b,1306,26230,부산진구,2623011000,가야동
20220930,2022,3,lawDong,62f6a938f48b,1617,26230,부산진구,2623011100,개금동
20220930,2022,3,lawDong,62f6a938f48b,944,26260,동래구,2626010100,명장동
20220930,2022,3,lawDong,62f6a938f48b,2198,26260,동래구,2626010200,안락동
20220930,2022,3,lawDong,62f6a938f48b,93,26260,동래구,2626010300,칠산동
20220930,2022,3,lawDong,62f6a938f48b,328,26260,동래구,2626010400,낙민동
20220930,2022,3,lawDong,62f6a938f48b,411,26260,동래구,2626010500,복천동
20220930,2022,3,lawDong,62f6a938f48b,899,26260,동래구,2626010600,수안동
20220930,2022,3,lawDong,62f6a938f48b,1502,26260,동래구,2626010700,명륜동
20220930,2022,3,lawDong,62f6a938f48b,3610,26260,동래구,2626010800,온천동
20220930,2022,3,lawDong,62f6a938f48b,2301,26260,동래구,2626010900,사직동
20220930,2022,3,lawDong,62f6a938f48b,4795,26290,남구,2629010600,대연동
20220930,2022,3,lawDong,62f6a938f48b,2070,26290,남구,2629010700,용호동
20220930,2022,3,lawDong,62f6a938f48b,345,26290,남구,2629010800,용당동
20220930,2022,3,lawDong,62f6a938f48b,1640,26290,남구,2629010900,문현동
20220930,2022,3,lawDong,62f6a938f48b,265,26290,남구,2629011000,우암동
20220930,2022,3,lawDong,62f6a938f48b,568,26290,남구,2629011100,감만동
20220930,2022,3,lawDong,62f6a938f48b,617,26320,북구,2632010100,금곡동
20220930,2022,3,lawDong,62f6a938f48b,2378,26320,북구,2632010200,화명동
20220930,2022,3,lawDong,62f6a938f48b,1526,26320,북구,2632010300,만덕동
20220930,2022,3,lawDong,62f6a938f48b,2215,26320,북구,2632010400,덕천동
20220930,2022,3,lawDong,62f6a938f48b,2501,26320,북구,2632010500,구포동
20220930,2022,3,lawDong,62f6a938f48b,1306,26350,해운대구,2635010100,반송동
20220930,2022,3,lawDong,62f6a938f48b,88,26350,해운대구,2635010200,석대동
20220930,2022,3,lawDong,62f6a938f48b,1968,26350,해운대구,2635010300,반여동
20220930,2022,3,lawDong,62f6a938f48b,2590,26350,해운대구,2635010400,재송동
20220930,2022,3,lawDong,62f6a938f48b,5171,26350,해운대구,2635010500,우동
20220930,2022,3,lawDong,62f6a938f48b,2688,26350,해운대구,2635010600,중동
20220930,2022,3,lawDong,62f6a938f48b,3253,26350,해운대구,2635010700,좌동
20220930,2022,3,lawDong,62f6a938f48b,701,26350,해운대구,2635010800,송정동
20220930,2022,3,lawDong,62f6a938f48b,2287,26380,사하구,2638010100,괴정동
20220930,2022,3,lawDong,62f6a938f48b,1097,26380,사하구,2638010200,당리동
20220930,2022,3,lawDong,62f6a938f48b,2493,26380,사하구,2638010300,하단동
20220930,2022,3,lawDong,62f6a938f48b,1153,26380,사하구,2638010400,신평동
20220930,2022,3,lawDong,62f6a938f48b,1350,26380,사하구,2638010500,장림동
20220930,2022,3,lawDong,62f6a938f48b,1797,26380,사하구,2638010600,다대동
20220930,2022,3,lawDong,62f6a938f48b,311,26380,사하구,2638010700,구평동
20220930,2022,3,lawDong,62f6a938f48b,791,26380,사하구,2638010800,감천동
20220930,2022,3,lawDong,62f6a938f48b,183,26410,금정구,2641010100,두구동
20220930,2022,3,lawDong,62f6a938f48b,82,26410,금정구,2641010200,노포동
20220930,2022,3,lawDong,62f6a938f48b,246,26410,금정구,2641010300,청룡동
20220930,2022,3,lawDong,62f6a938f48b,1371,26410,금정구,2641010400,남산동
20220930,2022,3,lawDong,62f6a938f48b,41,26410,금정구,2641010500,선동
20220930,2022,3,lawDong,62f6a938f48b,41,26410,금정구,2641010600,오륜동
20220930,2022,3,lawDong,62f6a938f48b,1823,26410,금정구,2641010700,구서동
20220930,2022,3,lawDong,62f6a938f48b,3020,26410,금정구,2641010800,장전동
20220930,2022,3,lawDong,62f6a938f48b,1976,26410,금정구,2641010900,부곡동
20220930,2022,3,lawDong,62f6a938f48b,1419,26410,금정구,2641011000,서동
20220930,2022,3,lawDong,62f6a938f48b,439,26410,금정구,2641011100,금사동
20220930,2022,3,lawDong,62f6a938f48b,138,26410,금정구,2641011200,회동동
20220930,2022,3,lawDong,62f6a938f48b,123,26410,금정구,2641011300,금성동
20220930,2022,3,lawDong,62f6a938f48b,730,26440,강서구,2644010100,대저1동
20220930,2022,3,lawDong,62f6a938f48b,763,26440,강서구,2644010200,대저2동
20220930,2022,3,lawDong,62f6a938f48b,285,26440,강서구,2644010300,강동동
20220930,2022,3,lawDong,62f6a938f48b,3526,26440,강서구,2644010400,명지동
20220930,2022,3,lawDong,62f6a938f48b,64,26440,강서구,2644010500,죽림동
20220930,2022,3,lawDong,62f6a938f48b,18,26440,강서구,2644010600,식만동
20220930,2022,3,lawDong,62f6a938f48b,27,26440,강서구,2644010700,죽동동
20220930,2022,3,lawDong,62f6a938f48b,61,26440,강서구,2644010800,봉림동
20220930,2022,3,lawDong,62f6a938f48b,331,26440,강서구,2644010900,송정동
20220930,2022,3,lawDong,62f6a938f48b,172,26440,강서구,2644011000,화전동
20220930,2022,3,lawDong,62f6a938f48b,206,26440,강서구,2644011100,녹산동
20220930,2022,3,lawDong,62f6a938f48b,68,26440,강서구,2644011200,생곡동
20220930,2022,3,lawDong,62f6a938f48b,64,26440,강서구,2644011300,구랑동
20220930,2022,3,lawDong,62f6a938f48b,254,26440,강서구,2644011400,지사동
20220930,2022,3,lawDong,62f6a938f48b,84,26440,강서구,2644011500,미음동
20220930,2022,3,lawDong,62f6a938f48b,161,26440,강서구,2644011600,범방동
20220930,2022,3,lawDong,62f6a938f48b,639,26440,강서구,2644011700,신호동
20220930,2022,3,lawDong,62f6a938f48b,27,26440,강서구,2644011800,동선동
20220930,2022,3,lawDong,62f6a938f48b,53,26440,강서구,2644011900,성북동
20220930,2022,3,lawDong,62f6a938f48b,5,26440,강서구,2644012000,눌차동
20220930,2022,3,lawDong,62f6a938f48b,77,26440,강서구,2644012100,천성동
20220930,2022,3,lawDong,62f6a938f48b,54,26440,강서구,2644012200,대항동
20220930,2022,3,lawDong,62f6a938f48b,2968,26470,연제구,2647010100,거제동
20220930,2022,3,lawDong,62f6a938f48b,7273,26470,연제구,2647010200,연산동
20220930,2022,3,lawDong,62f6a938f48b,1368,26500,수영구,2650010100,망미동
20220930,2022,3,lawDong,62f6a938f48b,1143,26500,수영구,2650010200,수영동
20220930,2022,3,lawDong,62f6a938f48b,1658,26500,수영구,2650010300,민락동
20220930,2022,3,lawDong,62f6a938f48b,3473,26500,수영구,2650010400,광안동
20220930,2022,3,lawDong,62f6a938f48b,1942,26500,수영구,2650010500,남천동
20220930,2022,3,lawDong,62f6a938f48b,420,26530,사상구,2653010100,삼락동
20220930,2022,3,lawDong,62f6a938f48b,1277,26530,사상구,2653010200,모라동
20220930,2022,3,lawDong,62f6a938f48b,1064,26530,사상구,2653010300,덕포동
20220930,2022,3,lawDong,62f6a938f48b,2560,26530,사상구,2653010400,괘법동
20220930,2022,3,lawDong,62f6a938f48b,1477,26530,사상구,2653010500,감전동
20220930,2022,3,lawDong,62f6a938f48b,1719,26530,사상구,2653010600,주례동
20220930,2022,3,lawDong,62f6a938f48b,855,26530,사상구,2653010700,학장동
20220930,2022,3,lawDong,62f6a938f48b,798,26530,사상구,2653010800,엄궁동
20220930,2022,3,lawDong,62f6a938f48b,733,26710,기장군,2671025021,기장읍
20220930,2022,3,lawDong,62f6a938f48b,409,26710,기장군,2671025022,기장읍
20220930,2022,3,lawDong,62f6a938f48b,10,26710,기장군,2671025023,기장읍
20220930,2022,3,lawDong,62f6a938f48b,83,26710,기장군,2671025024,기장읍
20220930,2022,3,lawDong,62f6a938f48b,67,26710,기장군,2671025025,기장읍
20220930,2022,3,lawDong,62f6a938f48b,798,26710,기장군,2671025026,기장읍
20220930,2022,3,lawDong,62f6a938f48b,301,26710,기장군,2671025027,기장읍
20220930,2022,3,lawDong,62f6a938f48b,148,26710,기장군,2671025028,기장읍
20220930,2022,3,lawDong,62f6a938f48b,127,26710,기장군,2671025029,기장읍
20220930,2022,3,lawDong,62f6a938f48b,22,26710,기장군,2671025030,기장읍
20220930,2022,3,lawDong,62f6a938f48b,8,26710,기장군,2671025031,기장읍
20220930,2022,3,lawDong,62f6a938f48b,430,26710,기장군,2671025032,기장읍
20220930,2022,3,lawDong,62f6a938f48b,342,26710,기장군,2671025033,기장읍
20220930,2022,3,lawDong,62f6a938f48b,73,26710,기장군,2671025034,기장읍
20220930,2022,3,lawDong,62f6a938f48b,324,26710,기장군,2671025321,장안읍
20220930,2022,3,lawDong,62f6a938f48b,5,26710,기장군,2671025323,장안읍
20220930,2022,3,lawDong,62f6a938f48b,30,26710,기장군,2671025324,장안읍
20220930,2022,3,lawDong,62f6a938f48b,51,26710,기장군,2671025325,장안읍
20220930,2022,3,lawDong,62f6a938f48b,9,26710,기장군,2671025326,장안읍
20220930,2022,3,lawDong,62f6a938f48b,16,26710,기장군,2671025327,장안읍
20220930,2022,3,lawDong,62f6a938f48b,67,26710,기장군,2671025328,장안읍
20220930,2022,3,lawDong,62f6a938f48b,36,26710,기장군,2671025329,장안읍
20220930,2022,3,lawDong,62f6a938f48b,110,26710,기장군,2671025330,장안읍
20220930,2022,3,lawDong,62f6a938f48b,44,26710,기장군,2671025331,장안읍
20220930,2022,3,lawDong,62f6a938f48b,44,26710,기장군,2671025332,장안읍
20220930,2022,3,lawDong,62f6a938f48b,22,26710,기장군,2671025333,장안읍
20220930,2022,3,lawDong,62f6a938f48b,129,26710,기장군,2671025334,장안읍
20220930,2022,3,lawDong,62f6a938f48b,273,26710,기장군,2671025621,정관읍
20220930,2022,3,lawDong,62f6a938f48b,1165,26710,기장군,2671025622,정관읍
20220930,2022,3,lawDong,62f6a938f48b,4,26710,기장군,2671025623,정관읍
20220930,2022,3,lawDong,62f6a938f48b,5,26710,기장군,2671025624,정관읍
20220930,2022,3,lawDong,62f6a938f48b,249,26710,기장군,2671025625,정관읍
20220930,2022,3,lawDong,62f6a938f48b,24,26710,기장군,2671025626,정관읍
20220930,2022,3,lawDong,62f6a938f48b,497,26710,기장군,2671025627,정관읍
20220930,2022,3,lawDong,62f6a938f48b,446,26710,기장군,2671025628,정관읍
20220930,2022,3,lawDong,62f6a938f48b,5,26710,기장군,2671025629,정관읍
20220930,2022,3,lawDong,62f6a938f48b,94,26710,기장군,2671025630,정관읍
20220930,2022,3,lawDong,62f6a938f48b,698,26710,기장군,2671025921,일광읍
20220930,2022,3,lawDong,62f6a938f48b,167,26710,기장군,2671025922,일광읍
20220930,2022,3,lawDong,62f6a938f48b,31,26710,기장군,2671025923,일광읍
20220930,2022,3,lawDong,62f6a938f48b,56,26710,기장군,2671025924,일광읍
20220930,2022,3,lawDong,62f6a938f48b,31,26710,기장군,2671025925,일광읍
20220930,2022,3,lawDong,62f6a938f48b,39,26710,기장군,2671025926,일광읍
20220930,2022,3,lawDong,62f6a938f48b,68,26710,기장군,2671025927,일광읍
20220930,2022,3,lawDong,62f6a938f48b,27,26710,기장군,2671025928,일광읍
20220930,2022,3,lawDong,62f6a938f48b,5,26710,기장군,2671025929,일광읍
20220930,2022,3,lawDong,62f6a938f48b,24,26710,기장군,2671025930,일광읍
20220930,2022,3,lawDong,62f6a938f48b,60,26710,기장군,2671025931,일광읍
20220930,2022,3,lawDong,62f6a938f48b,7,26710,기장군,2671025932,일광읍
20220930,2022,3,lawDong,62f6a938f48b,17,26710,기장군,2671025933,일광읍
20220930,2022,3,lawDong,62f6a938f48b,13,26710,기장군,2671033021,철마면
20220930,2022,3,lawDong,62f6a938f48b,40,26710,기장군,2671033022,철마면
20220930,2022,3,lawDong,62f6a938f48b,2,26710,기장군,2671033023,철마면
20220930,2022,3,lawDong,62f6a938f48b,59,26710,기장군,2671033024,철마면
20220930,2022,3,lawDong,62f6a938f48b,30,26710,기장군,2671033025,철마면
20220930,2022,3,lawDong,62f6a938f48b,25,26710,기장군,2671033026,철마면
20220930,2022,3,lawDong,62f6a938f48b,8,26710,기장군,2671033027,철마면
20220930,2022,3,lawDong,62f6a938f48b,9,26710,기장군,2671033028,철마면
20220930,2022,3,lawDong,62f6a938f48b,55,26710,기장군,2671033029,철마면
20220930,2022,3,lawDong,62f6a938f48b,20,26710,기장군,2671033030,철마면
20220930,2022,3,lawDong,62f6a938f48b,14,26710,기장군,2671033031,철마면
20221231,2022,4,busan,62f6a938f48b,160678,,,,
20221231,2022,4,district,62f6a938f48b,7680,26110,중구,,
20221231,2022,4,district,62f6a938f48b,4079,26140,서구,,
20221231,2022,4,district,62f6a938f48b,6910,26170,동구,,
20221231,2022,4,district,62f6a938f48b,4240,26200,영도구,,
20221231,2022,4,district,62f6a938f48b,20864,26230,부산진구,,
20221231,2022,4,district,62f6a938f48b,12163,26260,동래구,,
20221231,2022,4,district,62f6a938f48b,9632,26290,남구,,
20221231,2022,4,district,62f6a938f48b,9148,26320,북구,,
20221231,2022,4,district,62f6a938f48b,17682,26350,해운대구,,
20221231,2022,4,district,62f6a938f48b,11228,26380,사하구,,
20221231,2022,4,district,62f6a938f48b,10814,26410,금정구,,
20221231,2022,4,district,62f6a938f48b,7721,26440,강서구,,
20221231,2022,4,district,62f6a938f48b,10181,26470,연제구,,
20221231,2022,4,district,62f6a938f48b,9602,26500,수영구,,
20221231,2022,4,district,62f6a938f48b,10027,26530,사상구,,
20221231,2022,4,district,62f6a938f48b,8707,26710,기장군,,
20221231,2022,4,lawDong,62f6a938f48b,315,26110,중구,2611010100,영주동
20221231,2022,4,lawDong,62f6a938f48b,57,26110,중구,2611010200,대창동1가
20221231,2022,4,lawDong,62f6a938f48b,55,26110,중구,2611010300,대창동2가
20221231,2022,4,lawDong,62f6a938f48b,65,26110,중구,2611010400,중앙동1가
20221231,2022,4,lawDong,62f6a938f48b,128,26110,중구,2611010500,중앙동2가
20221231,2022,4,lawDong,62f6a938f48b,116,26110,중구,2611010600,중앙동3가
20221231,2022,4,lawDong,62f6a938f48b,712,26110,중구,2611010700,중앙동4가
20221231,2022,4,lawDong,62f6a938f48b,58,26110,중구,2611010800,중앙동5가
20221231,2022,4,lawDong,62f6a938f48b,243,26110,중구,2611010900,중앙동6가
20221231,2022,4,lawDong,62f6a938f48b,382,26110,중구,2611011000,중앙동7가
20221231,2022,4,lawDong,62f6a938f48b,69,26110,중구,2611011100,동광동1가
20221231,2022,4,lawDong,62f6a938f48b,72,26110,중구,2611011200,동광동2가
20221231,2022,4,lawDong,62f6a938f48b,64,26110,중구,2611011300,동광동3가
20221231,2022,4,lawDong,62f6a938f48b,72,26110,중구,2611011400,동광동4가
20221231,2022,4,lawDong,62f6a938f48b,100,26110,중구,2611011500,동광동5가
20221231,2022,4,lawDong,62f6a938f48b,74,26110,중구,2611011600,대청동1가
20221231,2022,4,lawDong,62f6a938f48b,159,26110,중구,2611011700,대청동2가
20221231,2022,4,lawDong,62f6a938f48b,60,26110,중구,2611011800,대청동3가
20221231,2022,4,lawDong,62f6a938f48b,88,26110,중구,2611011900,대청동4가
20221231,2022,4,lawDong,62f6a938f48b,189,26110,중구,2611012000,보수동1가
20221231,2022,4,lawDong,62f6a938f48b,134,26110,중구,2611012100,보수동2가
20221231,2022,4,lawDong,62f6a938f48b,88,26110,중구,2611012200,보수동3가
20221231,2022,4,lawDong,62f6a938f48b,655,26110,중구,2611012300,부평동1가
20221231,2022,4,lawDong,62f6a938f48b,579,26110,중구,2611012400,부평동2가
20221231,2022,4,lawDong,62f6a938f48b,173,26110,중구,2611012500,부평동3가
20221231,2022,4,lawDong,62f6a938f48b,133,26110,중구,2611012600,부평동4가
20221231,2022,4,lawDong,62f6a938f48b,300,26110,중구,2611012700,신창동1가
20221231,2022,4,lawDong,62f6a938f48b,259,26110,중구,2611012800,신창동2가
20221231,2022,4,lawDong,62f6a938f48b,108,26110,중구,2611012900,신창동3가
20221231,2022,4,lawDong,62f6a938f48b,268,26110,중구,2611013000,신창동4가
20221231,2022,4,lawDong,62f6a938f48b,172,26110,중구,2611013100,창선동1가
20221231,2022,4,lawDong,62f6a938f48b,210,26110,중구,2611013200,창선동2가
20221231,2022,4,lawDong,62f6a938f48b,136,26110,중구,2611013300,광복동1가
20221231,2022,4,lawDong,62f6a938f48b,90,26110,중구,2611013400,광복동2가
20221231,2022,4,lawDong,62f6a938f48b,70,26110,중구,2611013500,광복동3가
20221231,2022,4,lawDong,62f6a938f48b,92,26110,중구,2611013600,남포동1가
20221231,2022,4,lawDong,62f6a938f48b,172,26110,중구,2611013700,남포동2가
20221231,2022,4,lawDong,62f6a938f48b,62,26110,중구,2611013800,남포동3가
20221231,2022,4,lawDong,62f6a938f48b,152,26110,중구,2611013900,남포동4가
20221231,2022,4,lawDong,62f6a938f48b,425,26110,중구,2611014000,남포동5가
20221231,2022,4,lawDong,62f6a938f48b,324,26110,중구,2611014100,남포동6가
20221231,2022,4,lawDong,62f6a938f48b,196,26140,서구,2614010100,동대신동1가
20221231,2022,4,lawDong,62f6a938f48b,282,26140,서구,2614010200,동대신동2가
20221231,2022,4,lawDong,62f6a938f48b,355,26140,서구,2614010300,동대신동3가
20221231,2022,4,lawDong,62f6a938f48b,175,26140,서구,2614010400,서대신동1가
20221231,2022,4,lawDong,62f6a938f48b,295,26140,서구,2614010500,서대신동2가
20221231,2022,4,lawDong,62f6a938f48b,418,26140,서구,2614010600,서대신동3가
20221231,2022,4,lawDong,62f6a938f48b,53,26140,서구,2614010700,부용동1가
20221231,2022,4,lawDong,62f6a938f48b,53,26140,서구,2614010800,부용동2가
20221231,2022,4,lawDong,62f6a938f48b,157,26140,서구,2614010900,부민동1가
20221231,2022,4,lawDong,62f6a938f48b,75,26140,서구,2614011000,부민동2가
20221231,2022,4,lawDong,62f6a938f48b,39,26140,서구,2614011100,부민동3가
20221231,2022,4,lawDong,62f6a938f48b,67,26140,서구,2614011200,토성동1가
20221231,2022,4,lawDong,62f6a938f48b,27,26140,서구,2614011300,토성동2가
20221231,2022,4,lawDong,62f6a938f48b,46,26140,서구,2614011400,토성동3가
20221231,2022,4,lawDong,62f6a938f48b,57,26140,서구,2614011500,아미동1가
20221231,2022,4,lawDong,62f6a938f48b,172,26140,서구,2614011600,아미동2가
20221231,2022,4,lawDong,62f6a938f48b,44,26140,서구,2614011700,토성동4가
20221231,2022,4,lawDong,62f6a938f48b,81,26140,서구,2614011800,토성동5가
20221231,2022,4,lawDong,62f6a938f48b,81,26140,서구,2614011900,초장동
20221231,2022,4,lawDong,62f6a938f48b,385,26140,서구,2614012000,충무동1가
20221231,2022,4,lawDong,62f6a938f48b,73,26140,서구,2614012100,충무동2가
20221231,2022,4,lawDong,62f6a938f48b,56,26140,서구,2614012200,충무동3가
20221231,2022,4,lawDong,62f6a938f48b,364,26140,서구,2614012300,남부민동
20221231,2022,4,lawDong,62f6a938f48b,528,26140,서구,2614012400,암남동
20221231,2022,4,lawDong,62f6a938f48b,2414,26170,동구,2617010100,초량동
20221231,2022,4,lawDong,62f6a938f48b,1089,26170,동구,2617010200,수정동
20221231,2022,4,lawDong,62f6a938f48b,366,26170,동구,2617010300,좌천동
20221231,2022,4,lawDong,62f6a938f48b,3041,26170,동구,2617010400,범일동
20221231,2022,4,lawDong,62f6a938f48b,258,26200,영도구,2620010100,대교동1가
20221231,2022,4,lawDong,62f6a938f48b,243,26200,영도구,2620010200,대교동2가
20221231,2022,4,lawDong,62f6a938f48b,49,26200,영도구,2620010300,대평동1가
20221231,2022,4,lawDong,62f6a938f48b,23,26200,영도구,2620010400,대평동2가
20221231,2022,4,lawDong,62f6a938f48b,317,26200,영도구,2620010500,남항동1가
20221231,2022,4,lawDong,62f6a938f48b,136,26200,영도구,2620010600,남항동2가
20221231,2022,4,lawDong,62f6a938f48b,63,26200,영도구,2620010700,남항동3가
20221231,2022,4,lawDong,62f6a938f48b,179,26200,영도구,2620010800,영선동1가
20221231,2022,4,lawDong,62f6a938f48b,247,26200,영도구,2620010900,영선동2가
20221231,2022,4,lawDong,62f6a938f48b,120,26200,영도구,2620011000,영선동3가
20221231,2022,4,lawDong,62f6a938f48b,149,26200,영도구,2620011100,영선동4가
20221231,2022,4,lawDong,62f6a938f48b,50,26200,영도구,2620011200,신선동1가
20221231,2022,4,lawDong,62f6a938f48b,47,26200,영도구,2620011300,신선동2가
20221231,2022,4,lawDong,62f6a938f48b,56,26200,영도구,2620011400,신선동3가
20221231,2022,4,lawDong,62f6a938f48b,86,26200,영도구,2620011500,봉래동1가
20221231,2022,4,lawDong,62f6a938f48b,129,26200,영도구,2620011600,봉래동2가
20221231,2022,4,lawDong,62f6a938f48b,197,26200,영도구,2620011700,봉래동3가
20221231,2022,4,lawDong,62f6a938f48b,39,26200,영도구,2620011800,봉래동4가
20221231,2022,4,lawDong,62f6a938f48b,62,26200,영도구,2620011900,봉래동5가
20221231,2022,4,lawDong,62f6a938f48b,611,26200,영도구,2620012000,청학동
20221231,2022,4,lawDong,62f6a938f48b,1179,26200,영도구,2620012100,동삼동
20221231,2022,4,lawDong,62f6a938f48b,1910,26230,부산진구,2623010100,양정동
20221231,2022,4,lawDong,62f6a938f48b,3187,26230,부산진구,2623010200,전포동
20221231,2022,4,lawDong,62f6a938f48b,6979,26230,부산진구,2623010300,부전동
20221231,2022,4,lawDong,62f6a938f48b,1879,26230,부산진구,2623010400,범천동
20221231,2022,4,lawDong,62f6a938f48b,195,26230,부산진구,2623010500,범전동
20221231,2022,4,lawDong,62f6a938f48b,557,26230,부산진구,2623010600,연지동
20221231,2022,4,lawDong,62f6a938f48b,838,26230,부산진구,2623010700,초읍동
20221231,2022,4,lawDong,62f6a938f48b,878,26230,부산진구,2623010800,부암동
20221231,2022,4,lawDong,62f6a938f48b,1521,26230,부산진구,2623010900,당감동
20221231,2022,4,lawDong,62f6a938f48b,1306,26230,부산진구,2623011000,가야동
20221231,2022,4,lawDong,62f6a938f48b,1614,26230,부산진구,2623011100,개금동
20221231,2022,4,lawDong,62f6a938f48b,928,26260,동래구,2626010100,명장동
20221231,2022,4,lawDong,62f6a938f48b,2169,26260,동래구,2626010200,안락동
20221231,2022,4,lawDong,62f6a938f48b,90,26260,동래구,2626010300,칠산동
20221231,2022,4,lawDong,62f6a938f48b,328,26260,동래구,2626010400,낙민동
20221231,2022,4,lawDong,62f6a938f48b,398,26260,동래구,2626010500,복천동
20221231,2022,4,lawDong,62f6a938f48b,894,26260,동래구,2626010600,수안동
20221231,2022,4,lawDong,62f6a938f48b,1506,26260,동래구,2626010700,명륜동
20221231,2022,4,lawDong,62f6a938f48b,3582,26260,동래구,2626010800,온천동
20221231,2022,4,lawDong,62f6a938f48b,2268,26260,동래구,2626010900,사직동
20221231,2022,4,lawDong,62f6a938f48b,4791,26290,남구,2629010600,대연동
20221231,2022,4,lawDong,62f6a938f48b,2069,26290,남구,2629010700,용호동
20221231,2022,4,lawDong,62f6a938f48b,345,26290,남구,2629010800,용당동
20221231,2022,4,lawDong,62f6a938f48b,1629,26290,남구,2629010900,문현동
20221231,2022,4,lawDong,62f6a938f48b,259,26290,남구,2629011000,우암동
20221231,2022,4,lawDong,62f6a938f48b,539,26290,남구,2629011100,감만동
20221231,2022,4,lawDong,62f6a938f48b,613,26320,북구,2632010100,금곡동
20221231,2022,4,lawDong,62f6a938f48b,2366,26320,북구,2632010200,화명동
20221231,2022,4,lawDong,62f6a938f48b,1493,26320,북구,2632010300,만덕동
20221231,2022,4,lawDong,62f6a938f48b,2195,26320,북구,2632010400,덕천동
20221231,2022,4,lawDong,62f6a938f48b,2481,26320,북구,2632010500,구포동
20221231,2022,4,lawDong,62f6a938f48b,1286,26350,해운대구,2635010100,반송동
20221231,2022,4,lawDong,62f6a938f48b,90,26350,해운대구,2635010200,석대동
20221231,2022,4,lawDong,62f6a938f48b,1963,26350,해운대구,2635010300,반여동
20221231,2022,4,lawDong,62f6a938f48b,2581,26350,해운대구,2635010400,재송동
20221231,2022,4,lawDong,62f6a938f48b,5145,26350,해운대구,2635010500,우동
20221231,2022,4,lawDong,62f6a938f48b,2666,26350,해운대구,2635010600,중동
20221231,2022,4,lawDong,62f6a938f48b,3241,26350,해운대구,2635010700,좌동
20221231,2022,4,lawDong,62f6a938f48b,710,26350,해운대구,2635010800,송정동
20221231,2022,4,lawDong,62f6a938f48b,2270,26380,사하구,2638010100,괴정동
20221231,2022,4,lawDong,62f6a938f48b,1103,26380,사하구,2638010200,당리동
20221231,2022,4,lawDong,62f6a938f48b,2498,26380,사하구,2638010300,하단동
20221231,2022,4,lawDong,62f6a938f48b,1139,26380,사하구,2638010400,신평동
20221231,2022,4,lawDong,62f6a938f48b,1340,26380,사하구,2638010500,장림동
20221231,2022,4,lawDong,62f6a938f48b,1784,26380,사하구,2638010600,다대동
20221231,2022,4,lawDong,62f6a938f48b,308,26380,사하구,2638010700,구평동
20221231,2022,4,lawDong,62f6a938f48b,786,26380,사하구,2638010800,감천동
20221231,2022,4,lawDong,62f6a938f48b,184,26410,금정구,2641010100,두구동
20221231,2022,4,lawDong,62f6a938f48b,85,26410,금정구,2641010200,노포동
20221231,2022,4,lawDong,62f6a938f48b,241,26410,금정구,2641010300,청룡동
20221231,2022,4,lawDong,62f6a938f48b,1343,26410,금정구,2641010400,남산동
20221231,2022,4,lawDong,62f6a938f48b,41,26410,금정구,2641010500,선동
20221231,2022,4,lawDong,62f6a938f48b,40,26410,금정구,2641010600,오륜동
20221231,2022,4,lawDong,62f6a938f48b,1805,26410,금정구,2641010700,구서동
20221231,2022,4,lawDong,62f6a938f48b,3004,26410,금정구,2641010800,장전동
20221231,2022,4,lawDong,62f6a938f48b,1956,26410,금정구,2641010900,부곡동
20221231,2022,4,lawDong,62f6a938f48b,1417,26410,금정구,2641011000,서동
20221231,2022,4,lawDong,62f6a938f48b,437,26410,금정구,2641011100,금사동
20221231,2022,4,lawDong,62f6a938f48b,140,26410,금정구,2641011200,회동동
20221231,2022,4,lawDong,62f6a938f48b,121,26410,금정구,2641011300,금성동
20221231,2022,4,lawDong,62f6a938f48b,731,26440,강서구,2644010100,대저1동
20221231,2022,4,lawDong,62f6a938f48b,764,26440,강서구,2644010200,대저2동
20221231,2022,4,lawDong,62f6a938f48b,297,26440,강서구,2644010300,강동동
20221231,2022,4,lawDong,62f6a938f48b,3560,26440,강서구,2644010400,명지동
20221231,2022,4,lawDong,62f6a938f48b,64,26440,강서구,2644010500,죽림동
20221231,2022,4,lawDong,62f6a938f48b,18,26440,강서구,2644010600,식만동
20221231,2022,4,lawDong,62f6a938f48b,26,26440,강서구,2644010700,죽동동
20221231,2022,4,lawDong,62f6a938f48b,61,26440,강서구,2644010800,봉림동
20221231,2022,4,lawDong,62f6a938f48b,329,26440,강서구,2644010900,송정동
20221231,2022,4,lawDong,62f6a938f48b,171,26440,강서구,2644011000,화전동
20221231,2022,4,lawDong,62f6a938f48b,204,26440,강서구,2644011100,녹산동
20221231,2022,4,lawDong,62f6a938f48b,69,26440,강서구,2644011200,생곡동
20221231,2022,4,lawDong,62f6a938f48b,64,26440,강서구,2644011300,구랑동
20221231,2022,4,lawDong,62f6a938f48b,256,26440,강서구,2644011400,지사동
20221231,2022,4,lawDong,62f6a938f48b,84,26440,강서구,2644011500,미음동
20221231,2022,4,lawDong,62f6a938f48b,161,26440,강서구,2644011600,범방동
20221231,2022,4,lawDong,62f6a938f48b,642,26440,강서구,2644011700,신호동
20221231,2022,4,lawDong,62f6a938f48b,28,26440,강서구,2644011800,동선동
20221231,2022,4,lawDong,62f6a938f48b,54,26440,강서구,2644011900,성북동
20221231,2022,4,lawDong,62f6a938f48b,6,26440,강서구,2644012000,눌차동
20221231,2022,4,lawDong,62f6a938f48b,77,26440,강서구,2644012100,천성동
20221231,2022,4,lawDong,62f6a938f48b,55,26440,강서구,2644012200,대항동
20221231,2022,4,lawDong,62f6a938f48b,2947,26470,연제구,2647010100,거제동
20221231,2022,4,lawDong,62f6a938f48b,7234,26470,연제구,2647010200,연산동
20221231,2022,4,lawDong,62f6a938f48b,1358,26500,수영구,2650010100,망미동
20221231,2022,4,lawDong,62f6a938f48b,1155,26500,수영구,2650010200,수영동
20221231,2022,4,lawDong,62f6a938f48b,1684,26500,수영구,2650010300,민락동
20221231,2022,4,lawDong,62f6a938f48b,3464,26500,수영구,2650010400,광안동
20221231,2022,4,lawDong,62f6a938f48b,1941,26500,수영구,2650010500,남천동
20221231,2022,4,lawDong,62f6a938f48b,419,26530,사상구,2653010100,삼락동
20221231,2022,4,lawDong,62f6a938f48b,1257,26530,사상구,2653010200,모라동
20221231,2022,4,lawDong,62f6a938f48b,1048,26530,사상구,2653010300,덕포동
20221231,2022,4,lawDong,62f6a938f48b,2555,26530,사상구,2653010400,괘법동
20221231,2022,4,lawDong,62f6a938f48b,1456,26530,사상구,2653010500,감전동
20221231,2022,4,lawDong,62f6a938f48b,1689,26530,사상구,2653010600,주례동
20221231,2022,4,lawDong,62f6a938f48b,846,26530,사상구,2653010700,학장동
20221231,2022,4,lawDong,62f6a938f48b,757,26530,사상구,2653010800,엄궁동
20221231,2022,4,lawDong,62f6a938f48b,719,26710,기장군,2671025021,기장읍
20221231,2022,4,lawDong,62f6a938f48b,410,26710,기장군,2671025022,기장읍
20221231,2022,4,lawDong,62f6a938f48b,10,26710,기장군,2671025023,기장읍
20221231,2022,4,lawDong,62f6a938f48b,79,26710,기장군,2671025024,기장읍
20221231,2022,4,lawDong,62f6a938f48b,67,26710,기장군,2671025025,기장읍
20221231,2022,4,lawDong,62f6a938f48b,802,26710,기장군,2671025026,기장읍
20221231,2022,4,lawDong,62f6a938f48b,306,26710,기장군,2671025027,기장읍
20221231,2022,4,lawDong,62f6a938f48b,148,26710,기장군,2671025028,기장읍
20221231,2022,4,lawDong,62f6a938f48b,127,26710,기장군,2671025029,기장읍
20221231,2022,4,lawDong,62f6a938f48b,21,26710,기장군,2671025030,기장읍
20221231,2022,4,lawDong,62f6a938f48b,8,26710,기장군,2671025031,기장읍
20221231,2022,4,lawDong,62f6a938f48b,425,26710,기장군,2671025032,기장읍
20221231,2022,4,lawDong,62f6a938f48b,348,26710,기장군,2671025033,기장읍
20221231,2022,4,lawDong,62f6a938f48b,73,26710,기장군,2671025034,기장읍
20221231,2022,4,lawDong,62f6a938f48b,321,26710,기장군,2671025321,장안읍
20221231,2022,4,lawDong,62f6a938f48b,5,26710,기장군,2671025323,장안읍
20221231,2022,4,lawDong,62f6a938f48b,30,26710,기장군,2671025324,장안읍
20221231,2022,4,lawDong,62f6a938f48b,52,26710,기장군,2671025325,장안읍
20221231,2022,4,lawDong,62f6a938f48b,10,26710,기장군,2671025326,장안읍
20221231,2022,4,lawDong,62f6a938f48b,15,26710,기장군,2671025327,장안읍
20221231,2022,4,lawDong,62f6a938f48b,69,26710,기장군,2671025328,장안읍
20221231,2022,4,lawDong,62f6a938f48b,38,26710,기장군,2671025329,장안읍
20221231,2022,4,lawDong,62f6a938f48b,109,26710,기장군,2671025330,장안읍
20221231,2022,4,lawDong,62f6a938f48b,46,26710,기장군,2671025331,장안읍
20221231,2022,4,lawDong,62f6a938f48b,45,26710,기장군,2671025332,장안읍
20221231,2022,4,lawDong,62f6a938f48b,23,26710,기장군,2671025333,장안읍
20221231,2022,4,lawDong,62f6a938f48b,131,26710,기장군,2671025334,장안읍
20221231,2022,4,lawDong,62f6a938f48b,267,26710,기장군,2671025621,정관읍
20221231,2022,4,lawDong,62f6a938f48b,1169,26710,기장군,2671025622,정관읍
20221231,2022,4,lawDong,62f6a938f48b,3,26710,기장군,2671025623,정관읍
20221231,2022,4,lawDong,62f6a938f48b,5,26710,기장군,2671025624,정관읍
20221231,2022,4,lawDong,62f6a938f48b,243,26710,기장군,2671025625,정관읍
20221231,2022,4,lawDong,62f6a938f48b,25,26710,기장군,2671025626,정관읍
20221231,2022,4,lawDong,62f6a938f48b,490,26710,기장군,2671025627,정관읍
20221231,2022,4,lawDong,62f6a938f48b,446,26710,기장군,2671025628,정관읍
20221231,2022,4,lawDong,62f6a938f48b,5,26710,기장군,2671025629,정관읍
20221231,2022,4,lawDong,62f6a938f48b,92,26710,기장군,2671025630,정관읍
20221231,2022,4,lawDong,62f6a938f48b,721,26710,기장군,2671025921,일광읍
20221231,2022,4,lawDong,62f6a938f48b,164,26710,기장군,2671025922,일광읍
20221231,2022,4,lawDong,62f6a938f48b,32,26710,기장군,2671025923,일광읍
20221231,2022,4,lawDong,62f6a938f48b,55,26710,기장군,2671025924,일광읍
20221231,2022,4,lawDong,62f6a938f48b,31,26710,기장군,2671025925,일광읍
20221231,2022,4,lawDong,62f6a938f48b,41,26710,기장군,2671025926,일광읍
20221231,2022,4,lawDong,62f6a938f48b,69,26710,기장군,2671025927,일광읍
20221231,2022,4,lawDong,62f6a938f48b,28,26710,기장군,2671025928,일광읍
20221231,2022,4,lawDong,62f6a938f48b,5,26710,기장군,2671025929,일광읍
20221231,2022,4,lawDong,62f6a938f48b,23,26710,기장군,2671025930,일광읍
20221231,2022,4,lawDong,62f6a938f48b,60,26710,기장군,2671025931,일광읍
20221231,2022,4,lawDong,62f6a938f48b,9,26710,기장군,2671025932,일광읍
20221231,2022,4,lawDong,62f6a938f48b,17,26710,기장군,2671025933,일광읍
20221231,2022,4,lawDong,62f6a938f48b,11,26710,기장군,2671033021,철마면
20221231,2022,4,lawDong,62f6a938f48b,40,26710,기장군,2671033022,철마면
20221231,2022,4,lawDong,62f6a938f48b,2,26710,기장군,2671033023,철마면
20221231,2022,4,lawDong,62f6a938f48b,60,26710,기장군,2671033024,철마면
20221231,2022,4,lawDong,62f6a938f48b,29,26710,기장군,2671033025,철마면
20221231,2022,4,lawDong,62f6a938f48b,25,26710,기장군,2671033026,철마면
20221231,2022,4,lawDong,62f6a938f48b,8,26710,기장군,2671033027,철마면
20221231,2022,4,lawDong,62f6a938f48b,8,26710,기장군,2671033028,철마면
20221231,2022,4,lawDong,62f6a938f48b,53,26710,기장군,2671033029,철마면
20221231,2022,4,lawDong,62f6a938f48b,20,26710,기장군,2671033030,철마면
20221231,2022,4,lawDong,62f6a938f48b,14,26710,기장군,2671033031,철마면
20230331,2023,1,busan,62f6a938f48b,149567,,,,
20230331,2023,1,district,62f6a938f48b,7396,26110,중구,,
20230331,2023,1,district,62f6a938f48b,3730,26140,서구,,
20230331,2023,1,district,62f6a938f48b,6644,26170,동구,,
20230331,2023,1,district,62f6a938f48b,3913,26200,영도구,,
20230331,2023,1,district,62f6a938f48b,19682,26230,부산진구,,
20230331,2023,1,district,62f6a938f48b,11434,26260,동래구,,
20230331,2023,1,district,62f6a938f48b,8839,26290,남구,,
20230331,2023,1,district,62f6a938f48b,8247,26320,북구,,
20230331,2023,1,district,62f6a938f48b,16389,26350,해운대구,,
20230331,2023,1,district,62f6a938f48b,10402,26380,사하구,,
20230331,2023,1,district,62f6a938f48b,10053,26410,금정구,,
20230331,2023,1,district,62f6a938f48b,7051,26440,강서구,,
20230331,2023,1,district,62f6a938f48b,9532,26470,연제구,,
20230331,2023,1,district,62f6a938f48b,8684,26500,수영구,,
20230331,2023,1,district,62f6a938f48b,9465,26530,사상구,,
20230331,2023,1,district,62f6a938f48b,8106,26710,기장군,,
20230331,2023,1,lawDong,62f6a938f48b,299,26110,중구,2611010100,영주동
20230331,2023,1,lawDong,62f6a938f48b,50,26110,중구,2611010200,대창동1가
20230331,2023,1,lawDong,62f6a938f48b,57,26110,중구,2611010300,대창동2가
20230331,2023,1,lawDong,62f6a938f48b,61,26110,중구,2611010400,중앙동1가
20230331,2023,1,lawDong,62f6a938f48b,118,26110,중구,2611010500,중앙동2가
20230331,2023,1,lawDong,62f6a938f48b,113,26110,중구,2611010600,중앙동3가
20230331,2023,1,lawDong,62f6a938f48b,695,26110,중구,2611010700,중앙동4가
20230331,2023,1,lawDong,62f6a938f48b,52,26110,중구,2611010800,중앙동5가
20230331,2023,1,lawDong,62f6a938f48b,232,26110,중구,2611010900,중앙동6가
20230331,2023,1,lawDong,62f6a938f48b,344,26110,중구,2611011000,중앙동7가
20230331,2023,1,lawDong,62f6a938f48b,86,26110,중구,2611011100,동광동1가
20230331,2023,1,lawDong,62f6a938f48b,72,26110,중구,2611011200,동광동2가
20230331,2023,1,lawDong,62f6a938f48b,66,26110,중구,2611011300,동광동3가
20230331,2023,1,lawDong,62f6a938f48b,72,26110,중구,2611011400,동광동4가
20230331,2023,1,lawDong,62f6a938f48b,95,26110,중구,2611011500,동광동5가
20230331,2023,1,lawDong,62f6a938f48b,68,26110,중구,2611011600,대청동1가
20230331,2023,1,lawDong,62f6a938f48b,155,26110,중구,2611011700,대청동2가
20230331,2023,1,lawDong,62f6a938f48b,53,26110,중구,2611011800,대청동3가
20230331,2023,1,lawDong,62f6a938f48b,82,26110,중구,2611011900,대청동4가
20230331,2023,1,lawDong,62f6a938f48b,172,26110,중구,2611012000,보수동1가
20230331,2023,1,lawDong,62f6a938f48b,136,26110,중구,2611012100,보수동2가
20230331,2023,1,lawDong,62f6a938f48b,82,26110,중구,2611012200,보수동3가
20230331,2023,1,lawDong,62f6a938f48b,639,26110,중구,2611012300,부평동1가
20230331,2023,1,lawDong,62f6a938f48b,563,26110,중구,2611012400,부평동2가
20230331,2023,1,lawDong,62f6a938f48b,170,26110,중구,2611012500,부평동3가
20230331,2023,1,lawDong,62f6a938f48b,134,26110,중구,2611012600,부평동4가
20230331,2023,1,lawDong,62f6a938f48b,291,26110,중구,2611012700,신창동1가
20230331,2023,1,lawDong,62f6a938f48b,265,26110,중구,2611012800,신창동2가
20230331,2023,1,lawDong,62f6a938f48b,111,26110,중구,2611012900,신창동3가
20230331,2023,1,lawDong,62f6a938f48b,268,26110,중구,2611013000,신창동4가
20230331,2023,1,lawDong,62f6a938f48b,153,26110,중구,2611013100,창선동1가
20230331,2023,1,lawDong,62f6a938f48b,204,26110,중구,2611013200,창선동2가
20230331,2023,1,lawDong,62f6a938f48b,127,26110,중구,2611013300,광복동1가
20230331,2023,1,lawDong,62f6a938f48b,73,26110,중구,2611013400,광복동2가
20230331,2023,1,lawDong,62f6a938f48b,70,26110,중구,2611013500,광복동3가
20230331,2023,1,lawDong,62f6a938f48b,82,26110,중구,2611013600,남포동1가
20230331,2023,1,lawDong,62f6a938f48b,175,26110,중구,2611013700,남포동2가
20230331,2023,1,lawDong,62f6a938f48b,61,26110,중구,2611013800,남포동3가
20230331,2023,1,lawDong,62f6a938f48b,143,26110,중구,2611013900,남포동4가
20230331,2023,1,lawDong,62f6a938f48b,402,26110,중구,2611014000,남포동5가
20230331,2023,1,lawDong,62f6a938f48b,305,26110,중구,2611014100,남포동6가
20230331,2023,1,lawDong,62f6a938f48b,189,26140,서구,2614010100,동대신동1가
20230331,2023,1,lawDong,62f6a938f48b,254,26140,서구,2614010200,동대신동2가
20230331,2023,1,lawDong,62f6a938f48b,309,26140,서구,2614010300,동대신동3가
20230331,2023,1,lawDong,62f6a938f48b,155,26140,서구,2614010400,서대신동1가
20230331,2023,1,lawDong,62f6a938f48b,279,26140,서구,2614010500,서대신동2가
20230331,2023,1,lawDong,62f6a938f48b,388,26140,서구,2614010600,서대신동3가
20230331,2023,1,lawDong,62f6a938f48b,53,26140,서구,2614010700,부용동1가
20230331,2023,1,lawDong,62f6a938f48b,50,26140,서구,2614010800,부용동2가
20230331,2023,1,lawDong,62f6a938f48b,149,26140,서구,2614010900,부민동1가
20230331,2023,1,lawDong,62f6a938f48b,71,26140,서구,2614011000,부민동2가
20230331,2023,1,lawDong,62f6a938f48b,40,26140,서구,2614011100,부민동3가
20230331,2023,1,lawDong,62f6a938f48b,61,26140,서구,2614011200,토성동1가
20230331,2023,1,lawDong,62f6a938f48b,26,26140,서구,2614011300,토성동2가
20230331,2023,1,lawDong,62f6a938f48b,45,26140,서구,2614011400,토성동3가
20230331,2023,1,lawDong,62f6a938f48b,45,26140,서구,2614011500,아미동1가
20230331,2023,1,lawDong,62f6a938f48b,161,26140,서구,2614011600,아미동2가
20230331,2023,1,lawDong,62f6a938f48b,41,26140,서구,2614011700,토성동4가
20230331,2023,1,lawDong,62f6a938f48b,71,26140,서구,2614011800,토성동5가
20230331,2023,1,lawDong,62f6a938f48b,85,26140,서구,2614011900,초장동
20230331,2023,1,lawDong,62f6a938f48b,360,26140,서구,2614012000,충무동1가
20230331,2023,1,lawDong,62f6a938f48b,72,26140,서구,2614012100,충무동2가
20230331,2023,1,lawDong,62f6a938f48b,52,26140,서구,2614012200,충무동3가
20230331,2023,1,lawDong,62f6a938f48b,328,26140,서구,2614012300,남부민동
20230331,2023,1,lawDong,62f6a938f48b,446,26140,서구,2614012400,암남동
20230331,2023,1,lawDong,62f6a938f48b,2300,26170,동구,2617010100,초량동
20230331,2023,1,lawDong,62f6a938f48b,1045,26170,동구,2617010200,수정동
20230331,2023,1,lawDong,62f6a938f48b,340,26170,동구,2617010300,좌천동
20230331,2023,1,lawDong,62f6a938f48b,2959,26170,동구,2617010400,범일동
20230331,2023,1,lawDong,62f6a938f48b,195,26200,영도구,2620010100,대교동1가
20230331,2023,1,lawDong,62f6a938f48b,234,26200,영도구,2620010200,대교동2가
20230331,2023,1,lawDong,62f6a938f48b,46,26200,영도구,2620010300,대평동1가
20230331,2023,1,lawDong,62f6a938f48b,24,26200,영도구,2620010400,대평동2가
20230331,2023,1,lawDong,62f6a938f48b,301,26200,영도구,2620010500,남항동1가
20230331,2023,1,lawDong,62f6a938f48b,141,26200,영도구,2620010600,남항동2가
20230331,2023,1,lawDong,62f6a938f48b,59,26200,영도구,2620010700,남항동3가
20230331,2023,1,lawDong,62f6a938f48b,170,26200,영도구,2620010800,영선동1가
20230331,2023,1,lawDong,62f6a938f48b,231,26200,영도구,2620010900,영선동2가
20230331,2023,1,lawDong,62f6a938f48b,113,26200,영도구,2620011000,영선동3가
20230331,2023,1,lawDong,62f6a938f48b,142,26200,영도구,2620011100,영선동4가
20230331,2023,1,lawDong,62f6a938f48b,52,26200,영도구,2620011200,신선동1가
20230331,2023,1,lawDong,62f6a938f48b,47,26200,영도구,2620011300,신선동2가
20230331,2023,1,lawDong,62f6a938f48b,54,26200,영도구,2620011400,신선동3가
20230331,2023,1,lawDong,62f6a938f48b,83,26200,영도구,2620011500,봉래동1가
20230331,2023,1,lawDong,62f6a938f48b,116,26200,영도구,2620011600,봉래동2가
20230331,2023,1,lawDong,62f6a938f48b,183,26200,영도구,2620011700,봉래동3가
20230331,2023,1,lawDong,62f6a938f48b,49,26200,영도구,2620011800,봉래동4가
20230331,2023,1,lawDong,62f6a938f48b,57,26200,영도구,2620011900,봉래동5가
20230331,2023,1,lawDong,62f6a938f48b,554,26200,영도구,2620012000,청학동
20230331,2023,1,lawDong,62f6a938f48b,1062,26200,영도구,2620012100,동삼동
20230331,2023,1,lawDong,62f6a938f48b,1801,26230,부산진구,2623010100,양정동
20230331,2023,1,lawDong,62f6a938f48b,3009,26230,부산진구,2623010200,전포동
20230331,2023,1,lawDong,62f6a938f48b,6652,26230,부산진구,2623010300,부전동
20230331,2023,1,lawDong,62f6a938f48b,1822,26230,부산진구,2623010400,범천동
20230331,2023,1,lawDong,62f6a938f48b,168,26230,부산진구,2623010500,범전동
20230331,2023,1,lawDong,62f6a938f48b,521,26230,부산진구,2623010600,연지동
20230331,2023,1,lawDong,62f6a938f48b,781,26230,부산진구,2623010700,초읍동
20230331,2023,1,lawDong,62f6a938f48b,818,26230,부산진구,2623010800,부암동
20230331,2023,1,lawDong,62f6a938f48b,1419,26230,부산진구,2623010900,당감동
20230331,2023,1,lawDong,62f6a938f48b,1208,26230,부산진구,2623011000,가야동
20230331,2023,1,lawDong,62f6a938f48b,1483,26230,부산진구,2623011100,개금동
20230331,2023,1,lawDong,62f6a938f48b,889,26260,동래구,2626010100,명장동
20230331,2023,1,lawDong,62f6a938f48b,2093,26260,동래구,2626010200,안락동
20230331,2023,1,lawDong,62f6a938f48b,94,26260,동래구,2626010300,칠산동
20230331,2023,1,lawDong,62f6a938f48b,303,26260,동래구,2626010400,낙민동
20230331,2023,1,lawDong,62f6a938f48b,375,26260,동래구,2626010500,복천동
20230331,2023,1,lawDong,62f6a938f48b,811,26260,동래구,2626010600,수안동
20230331,2023,1,lawDong,62f6a938f48b,1391,26260,동래구,2626010700,명륜동
20230331,2023,1,lawDong,62f6a938f48b,3323,26260,동래구,2626010800,온천동
20230331,2023,1,lawDong,62f6a938f48b,2155,26260,동래구,2626010900,사직동
20230331,2023,1,lawDong,62f6a938f48b,4407,26290,남구,2629010600,대연동
20230331,2023,1,lawDong,62f6a938f48b,1846,26290,남구,2629010700,용호동
20230331,2023,1,lawDong,62f6a938f48b,331,26290,남구,2629010800,용당동
20230331,2023,1,lawDong,62f6a938f48b,1501,26290,남구,2629010900,문현동
20230331,2023,1,lawDong,62f6a938f48b,247,26290,남구,2629011000,우암동
20230331,2023,1,lawDong,62f6a938f48b,507,26290,남구,2629011100,감만동
20230331,2023,1,lawDong,62f6a938f48b,545,26320,북구,2632010100,금곡동
20230331,2023,1,lawDong,62f6a938f48b,2108,26320,북구,2632010200,화명동
20230331,2023,1,lawDong,62f6a938f48b,1302,26320,북구,2632010300,만덕동
20230331,2023,1,lawDong,62f6a938f48b,2014,26320,북구,2632010400,덕천동
20230331,2023,1,lawDong,62f6a938f48b,2278,26320,북구,2632010500,구포동
20230331,2023,1,lawDong,62f6a938f48b,1240,26350,해운대구,2635010100,반송동
20230331,2023,1,lawDong,62f6a938f48b,79,26350,해운대구,2635010200,석대동
20230331,2023,1,lawDong,62f6a938f48b,1844,26350,해운대구,2635010300,반여동
20230331,2023,1,lawDong,62f6a938f48b,2457,26350,해운대구,2635010400,재송동
20230331,2023,1,lawDong,62f6a938f48b,4725,26350,해운대구,2635010500,우동
20230331,2023,1,lawDong,62f6a938f48b,2430,26350,해운대구,2635010600,중동
20230331,2023,1,lawDong,62f6a938f48b,2933,26350,해운대구,2635010700,좌동
20230331,2023,1,lawDong,62f6a938f48b,681,26350,해운대구,2635010800,송정동
20230331,2023,1,lawDong,62f6a938f48b,2100,26380,사하구,2638010100,괴정동
20230331,2023,1,lawDong,62f6a938f48b,1008,26380,사하구,2638010200,당리동
20230331,2023,1,lawDong,62f6a938f48b,2286,26380,사하구,2638010300,하단동
20230331,2023,1,lawDong,62f6a938f48b,1067,26380,사하구,2638010400,신평동
20230331,2023,1,lawDong,62f6a938f48b,1233,26380,사하구,2638010500,장림동
20230331,2023,1,lawDong,62f6a938f48b,1682,26380,사하구,2638010600,다대동
20230331,2023,1,lawDong,62f6a938f48b,306,26380,사하구,2638010700,구평동
20230331,2023,1,lawDong,62f6a938f48b,720,26380,사하구,2638010800,감천동
20230331,2023,1,lawDong,62f6a938f48b,173,26410,금정구,2641010100,두구동
20230331,2023,1,lawDong,62f6a938f48b,77,26410,금정구,2641010200,노포동
20230331,2023,1,lawDong,62f6a938f48b,209,26410,금정구,2641010300,청룡동
20230331,2023,1,lawDong,62f6a938f48b,1259,26410,금정구,2641010400,남산동
20230331,2023,1,lawDong,62f6a938f48b,39,26410,금정구,2641010500,선동
20230331,2023,1,lawDong,62f6a938f48b,40,26410,금정구,2641010600,오륜동
20230331,2023,1,lawDong,62f6a938f48b,1636,26410,금정구,2641010700,구서동
20230331,2023,1,lawDong,62f6a938f48b,2816,26410,금정구,2641010800,장전동
20230331,2023,1,lawDong,62f6a938f48b,1802,26410,금정구,2641010900,부곡동
20230331,2023,1,lawDong,62f6a938f48b,1356,26410,금정구,2641011000,서동
20230331,2023,1,lawDong,62f6a938f48b,403,26410,금정구,2641011100,금사동
20230331,2023,1,lawDong,62f6a938f48b,131,26410,금정구,2641011200,회동동
20230331,2023,1,lawDong,62f6a938f48b,112,26410,금정구,2641011300,금성동
20230331,2023,1,lawDong,62f6a938f48b,726,26440,강서구,2644010100,대저1동
20230331,2023,1,lawDong,62f6a938f48b,736,26440,강서구,2644010200,대저2동
20230331,2023,1,lawDong,62f6a938f48b,277,26440,강서구,2644010300,강동동
20230331,2023,1,lawDong,62f6a938f48b,3210,26440,강서구,2644010400,명지동
20230331,2023,1,lawDong,62f6a938f48b,61,26440,강서구,2644010500,죽림동
20230331,2023,1,lawDong,62f6a938f48b,18,26440,강서구,2644010600,식만동
20230331,2023,1,lawDong,62f6a938f48b,26,26440,강서구,2644010700,죽동동
20230331,2023,1,lawDong,62f6a938f48b,57,26440,강서구,2644010800,봉림동
20230331,2023,1,lawDong,62f6a938f48b,261,26440,강서구,2644010900,송정동
20230331,2023,1,lawDong,62f6a938f48b,147,26440,강서구,2644011000,화전동
20230331,2023,1,lawDong,62f6a938f48b,197,26440,강서구,2644011100,녹산동
20230331,2023,1,lawDong,62f6a938f48b,55,26440,강서구,2644011200,생곡동
20230331,2023,1,lawDong,62f6a938f48b,53,26440,강서구,2644011300,구랑동
20230331,2023,1,lawDong,62f6a938f48b,216,26440,강서구,2644011400,지사동
20230331,2023,1,lawDong,62f6a938f48b,65,26440,강서구,2644011500,미음동
20230331,2023,1,lawDong,62f6a938f48b,148,26440,강서구,2644011600,범방동
20230331,2023,1,lawDong,62f6a938f48b,603,26440,강서구,2644011700,신호동
20230331,2023,1,lawDong,62f6a938f48b,27,26440,강서구,2644011800,동선동
20230331,2023,1,lawDong,62f6a938f48b,46,26440,강서구,2644011900,성북동
20230331,2023,1,lawDong,62f6a938f48b,6,26440,강서구,2644012000,눌차동
20230331,2023,1,lawDong,62f6a938f48b,69,26440,강서구,2644012100,천성동
20230331,2023,1,lawDong,62f6a938f48b,47,26440,강서구,2644012200,대항동
20230331,2023,1,lawDong,62f6a938f48b,2762,26470,연제구,2647010100,거제동
20230331,2023,1,lawDong,62f6a938f48b,6770,26470,연제구,2647010200,연산동
20230331,2023,1,lawDong,62f6a938f48b,1234,26500,수영구,2650010100,망미동
20230331,2023,1,lawDong,62f6a938f48b,1072,26500,수영구,2650010200,수영동
20230331,2023,1,lawDong,62f6a938f48b,1447,26500,수영구,2650010300,민락동
20230331,2023,1,lawDong,62f6a938f48b,3157,26500,수영구,2650010400,광안동
20230331,2023,1,lawDong,62f6a938f48b,1774,26500,수영구,2650010500,남천동
20230331,2023,1,lawDong,62f6a938f48b,395,26530,사상구,2653010100,삼락동
20230331,2023,1,lawDong,62f6a938f48b,1198,26530,사상구,2653010200,모라동
20230331,2023,1,lawDong,62f6a938f48b,987,26530,사상구,2653010300,덕포동
20230331,2023,1,lawDong,62f6a938f48b,2431,26530,사상구,2653010400,괘법동
20230331,2023,1,lawDong,62f6a938f48b,1418,26530,사상구,2653010500,감전동
20230331,2023,1,lawDong,62f6a938f48b,1578,26530,사상구,2653010600,주례동
20230331,2023,1,lawDong,62f6a938f48b,783,26530,사상구,2653010700,학장동
20230331,2023,1,lawDong,62f6a938f48b,675,26530,사상구,2653010800,엄궁동
20230331,2023,1,lawDong,62f6a938f48b,681,26710,기장군,2671025021,기장읍
20230331,2023,1,lawDong,62f6a938f48b,395,26710,기장군,2671025022,기장읍
20230331,2023,1,lawDong,62f6a938f48b,7,26710,기장군,2671025023,기장읍
20230331,2023,1,lawDong,62f6a938f48b,75,26710,기장군,2671025024,기장읍
20230331,2023,1,lawDong,62f6a938f48b,63,26710,기장군,2671025025,기장읍
20230331,2023,1,lawDong,62f6a938f48b,762,26710,기장군,2671025026,기장읍
20230331,2023,1,lawDong,62f6a938f48b,287,26710,기장군,2671025027,기장읍
20230331,2023,1,lawDong,62f6a938f48b,131,26710,기장군,2671025028,기장읍
20230331,2023,1,lawDong,62f6a938f48b,108,26710,기장군,2671025029,기장읍
20230331,2023,1,lawDong,62f6a938f48b,20,26710,기장군,2671025030,기장읍
20230331,2023,1,lawDong,62f6a938f48b,6,26710,기장군,2671025031,기장읍
20230331,2023,1,lawDong,62f6a938f48b,401,26710,기장군,2671025032,기장읍
20230331,2023,1,lawDong,62f6a938f48b,329,26710,기장군,2671025033,기장읍
20230331,2023,1,lawDong,62f6a938f48b,59,26710,기장군,2671025034,기장읍
20230331,2023,1,lawDong,62f6a938f48b,305,26710,기장군,2671025321,장안읍
20230331,2023,1,lawDong,62f6a938f48b,4,26710,기장군,2671025323,장안읍
20230331,2023,1,lawDong,62f6a938f48b,26,26710,기장군,2671025324,장안읍
20230331,2023,1,lawDong,62f6a938f48b,47,26710,기장군,2671025325,장안읍
20230331,2023,1,lawDong,62f6a938f48b,11,26710,기장군,2671025326,장안읍
20230331,2023,1,lawDong,62f6a938f48b,15,26710,기장군,2671025327,장안읍
20230331,2023,1,lawDong,62f6a938f48b,65,26710,기장군,2671025328,장안읍
20230331,2023,1,lawDong,62f6a938f48b,34,26710,기장군,2671025329,장안읍
20230331,2023,1,lawDong,62f6a938f48b,104,26710,기장군,2671025330,장안읍
20230331,2023,1,lawDong,62f6a938f48b,40,26710,기장군,2671025331,장안읍
20230331,2023,1,lawDong,62f6a938f48b,40,26710,기장군,2671025332,장안읍
20230331,2023,1,lawDong,62f6a938f48b,20,26710,기장군,2671025333,장안읍
20230331,2023,1,lawDong,62f6a938f48b,120,26710,기장군,2671025334,장안읍
20230331,2023,1,lawDong,62f6a938f48b,245,26710,기장군,2671025621,정관읍
20230331,2023,1,lawDong,62f6a938f48b,1122,26710,기장군,2671025622,정관읍
20230331,2023,1,lawDong,62f6a938f48b,3,26710,기장군,2671025623,정관읍
20230331,2023,1,lawDong,62f6a938f48b,6,26710,기장군,2671025624,정관읍
20230331,2023,1,lawDong,62f6a938f48b,226,26710,기장군,2671025625,정관읍
20230331,2023,1,lawDong,62f6a938f48b,23,26710,기장군,2671025626,정관읍
20230331,2023,1,lawDong,62f6a938f48b,432,26710,기장군,2671025627,정관읍
20230331,2023,1,lawDong,62f6a938f48b,382,26710,기장군,2671025628,정관읍
20230331,2023,1,lawDong,62f6a938f48b,3,26710,기장군,2671025629,정관읍
20230331,2023,1,lawDong,62f6a938f48b,85,26710,기장군,2671025630,정관읍
20230331,2023,1,lawDong,62f6a938f48b,671,26710,기장군,2671025921,일광읍
20230331,2023,1,lawDong,62f6a938f48b,152,26710,기장군,2671025922,일광읍
20230331,2023,1,lawDong,62f6a938f48b,28,26710,기장군,2671025923,일광읍
20230331,2023,1,lawDong,62f6a938f48b,49,26710,기장군,2671025924,일광읍
20230331,2023,1,lawDong,62f6a938f48b,32,26710,기장군,2671025925,일광읍
20230331,2023,1,lawDong,62f6a938f48b,41,26710,기장군,2671025926,일광읍
20230331,2023,1,lawDong,62f6a938f48b,65,26710,기장군,2671025927,일광읍
20230331,2023,1,lawDong,62f6a938f48b,26,26710,기장군,2671025928,일광읍
20230331,2023,1,lawDong,62f6a938f48b,4,26710,기장군,2671025929,일광읍
20230331,2023,1,lawDong,62f6a938f48b,17,26710,기장군,2671025930,일광읍
20230331,2023,1,lawDong,62f6a938f48b,57,26710,기장군,2671025931,일광읍
20230331,2023,1,lawDong,62f6a938f48b,9,26710,기장군,2671025932,일광읍
20230331,2023,1,lawDong,62f6a938f48b,14,26710,기장군,2671025933,일광읍
20230331,2023,1,lawDong,62f6a938f48b,10,26710,기장군,2671033021,철마면
20230331,2023,1,lawDong,62f6a938f48b,40,26710,기장군,2671033022,철마면
20230331,2023,1,lawDong,62f6a938f48b,2,26710,기장군,2671033023,철마면
20230331,2023,1,lawDong,62f6a938f48b,56,26710,기장군,2671033024,철마면
20230331,2023,1,lawDong,62f6a938f48b,27,26710,기장군,2671033025,철마면
20230331,2023,1,lawDong,62f6a938f48b,26,26710,기장군,2671033026,철마면
20230331,2023,1,lawDong,62f6a938f48b,8,26710,기장군,2671033027,철마면
20230331,2023,1,lawDong,62f6a938f48b,8,26710,기장군,2671033028,철마면
20230331,2023,1,lawDong,62f6a938f48b,47,26710,기장군,2671033029,철마면
20230331,2023,1,lawDong,62f6a938f48b,19,26710,기장군,2671033030,철마면
20230331,2023,1,lawDong,62f6a938f48b,16,26710,기장군,2671033031,철마면
20230630,2023,2,busan,62f6a938f48b,153531,,,,
20230630,2023,2,district,62f6a938f48b,7528,26110,중구,,
20230630,2023,2,district,62f6a938f48b,3982,26140,서구,,
20230630,2023,2,district,62f6a938f48b,6824,26170,동구,,
20230630,2023,2,district,62f6a938f48b,4114,26200,영도구,,
20230630,2023,2,district,62f6a938f48b,20210,26230,부산진구,,
20230630,2023,2,district,62f6a938f48b,11676,26260,동래구,,
20230630,2023,2,district,62f6a938f48b,9141,26290,남구,,
20230630,2023,2,district,62f6a938f48b,8394,26320,북구,,
20230630,2023,2,district,62f6a938f48b,16611,26350,해운대구,,
20230630,2023,2,district,62f6a938f48b,10691,26380,사하구,,
20230630,2023,2,district,62f6a938f48b,10367,26410,금정구,,
20230630,2023,2,district,62f6a938f48b,7362,26440,강서구,,
20230630,2023,2,district,62f6a938f48b,9710,26470,연제구,,
20230630,2023,2,district,62f6a938f48b,9183,26500,수영구,,
20230630,2023,2,district,62f6a938f48b,9416,26530,사상구,,
20230630,2023,2,district,62f6a938f48b,8322,26710,기장군,,
20230630,2023,2,lawDong,62f6a938f48b,304,26110,중구,2611010100,영주동
20230630,2023,2,lawDong,62f6a938f48b,51,26110,중구,2611010200,대창동1가
20230630,2023,2,lawDong,62f6a938f48b,56,26110,중구,2611010300,대창동2가
20230630,2023,2,lawDong,62f6a938f48b,64,26110,중구,2611010400,중앙동1가
20230630,2023,2,lawDong,62f6a938f48b,129,26110,중구,2611010500,중앙동2가
20230630,2023,2,lawDong,62f6a938f48b,120,26110,중구,2611010600,중앙동3가
20230630,2023,2,lawDong,62f6a938f48b,715,26110,중구,2611010700,중앙동4가
20230630,2023,2,lawDong,62f6a938f48b,56,26110,중구,2611010800,중앙동5가
20230630,2023,2,lawDong,62f6a938f48b,239,26110,중구,2611010900,중앙동6가
20230630,2023,2,lawDong,62f6a938f48b,349,26110,중구,2611011000,중앙동7가
20230630,2023,2,lawDong,62f6a938f48b,88,26110,중구,2611011100,동광동1가
20230630,2023,2,lawDong,62f6a938f48b,73,26110,중구,2611011200,동광동2가
20230630,2023,2,lawDong,62f6a938f48b,67,26110,중구,2611011300,동광동3가
20230630,2023,2,lawDong,62f6a938f48b,77,26110,중구,2611011400,동광동4가
20230630,2023,2,lawDong,62f6a938f48b,98,26110,중구,2611011500,동광동5가
20230630,2023,2,lawDong,62f6a938f48b,72,26110,중구,2611011600,대청동1가
20230630,2023,2,lawDong,62f6a938f48b,161,26110,중구,2611011700,대청동2가
20230630,2023,2,lawDong,62f6a938f48b,54,26110,중구,2611011800,대청동3가
20230630,2023,2,lawDong,62f6a938f48b,91,26110,중구,2611011900,대청동4가
20230630,2023,2,lawDong,62f6a938f48b,174,26110,중구,2611012000,보수동1가
20230630,2023,2,lawDong,62f6a938f48b,138,26110,중구,2611012100,보수동2가
20230630,2023,2,lawDong,62f6a938f48b,87,26110,중구,2611012200,보수동3가
20230630,2023,2,lawDong,62f6a938f48b,641,26110,중구,2611012300,부평동1가
20230630,2023,2,lawDong,62f6a938f48b,569,26110,중구,2611012400,부평동2가
20230630,2023,2,lawDong,62f6a938f48b,168,26110,중구,2611012500,부평동3가
20230630,2023,2,lawDong,62f6a938f48b,133,26110,중구,2611012600,부평동4가
20230630,2023,2,lawDong,62f6a938f48b,295,26110,중구,2611012700,신창동1가
20230630,2023,2,lawDong,62f6a938f48b,255,26110,중구,2611012800,신창동2가
20230630,2023,2,lawDong,62f6a938f48b,112,26110,중구,2611012900,신창동3가
20230630,2023,2,lawDong,62f6a938f48b,262,26110,중구,2611013000,신창동4가
20230630,2023,2,lawDong,62f6a938f48b,154,26110,중구,2611013100,창선동1가
20230630,2023,2,lawDong,62f6a938f48b,203,26110,중구,2611013200,창선동2가
20230630,2023,2,lawDong,62f6a938f48b,133,26110,중구,2611013300,광복동1가
20230630,2023,2,lawDong,62f6a938f48b,74,26110,중구,2611013400,광복동2가
20230630,2023,2,lawDong,62f6a938f48b,69,26110,중구,2611013500,광복동3가
20230630,2023,2,lawDong,62f6a938f48b,81,26110,중구,2611013600,남포동1가
20230630,2023,2,lawDong,62f6a938f48b,179,26110,중구,2611013700,남포동2가
20230630,2023,2,lawDong,62f6a938f48b,59,26110,중구,2611013800,남포동3가
20230630,2023,2,lawDong,62f6a938f48b,149,26110,중구,2611013900,남포동4가
20230630,2023,2,lawDong,62f6a938f48b,409,26110,중구,2611014000,남포동5가
20230630,2023,2,lawDong,62f6a938f48b,320,26110,중구,2611014100,남포동6가
20230630,2023,2,lawDong,62f6a938f48b,203,26140,서구,2614010100,동대신동1가
20230630,2023,2,lawDong,62f6a938f48b,274,26140,서구,2614010200,동대신동2가
20230630,2023,2,lawDong,62f6a938f48b,346,26140,서구,2614010300,동대신동3가
20230630,2023,2,lawDong,62f6a938f48b,166,26140,서구,2614010400,서대신동1가
20230630,2023,2,lawDong,62f6a938f48b,290,26140,서구,2614010500,서대신동2가
20230630,2023,2,lawDong,62f6a938f48b,413,26140,서구,2614010600,서대신동3가
20230630,2023,2,lawDong,62f6a938f48b,54,26140,서구,2614010700,부용동1가
20230630,2023,2,lawDong,62f6a938f48b,54,26140,서구,2614010800,부용동2가
20230630,2023,2,lawDong,62f6a938f48b,156,26140,서구,2614010900,부민동1가
20230630,2023,2,lawDong,62f6a938f48b,73,26140,서구,2614011000,부민동2가
20230630,2023,2,lawDong,62f6a938f48b,38,26140,서구,2614011100,부민동3가
20230630,2023,2,lawDong,62f6a938f48b,66,26140,서구,2614011200,토성동1가
20230630,2023,2,lawDong,62f6a938f48b,28,26140,서구,2614011300,토성동2가
20230630,2023,2,lawDong,62f6a938f48b,49,26140,서구,2614011400,토성동3가
20230630,2023,2,lawDong,62f6a938f48b,51,26140,서구,2614011500,아미동1가
20230630,2023,2,lawDong,62f6a938f48b,167,26140,서구,2614011600,아미동2가
20230630,2023,2,lawDong,62f6a938f48b,41,26140,서구,2614011700,토성동4가
20230630,2023,2,lawDong,62f6a938f48b,75,26140,서구,2614011800,토성동5가
20230630,2023,2,lawDong,62f6a938f48b,84,26140,서구,2614011900,초장동
20230630,2023,2,lawDong,62f6a938f48b,378,26140,서구,2614012000,충무동1가
20230630,2023,2,lawDong,62f6a938f48b,73,26140,서구,2614012100,충무동2가
20230630,2023,2,lawDong,62f6a938f48b,51,26140,서구,2614012200,충무동3가
20230630,2023,2,lawDong,62f6a938f48b,344,26140,서구,2614012300,남부민동
20230630,2023,2,lawDong,62f6a938f48b,508,26140,서구,2614012400,암남동
20230630,2023,2,lawDong,62f6a938f48b,2382,26170,동구,2617010100,초량동
20230630,2023,2,lawDong,62f6a938f48b,1079,26170,동구,2617010200,수정동
20230630,2023,2,lawDong,62f6a938f48b,351,26170,동구,2617010300,좌천동
20230630,2023,2,lawDong,62f6a938f48b,3012,26170,동구,2617010400,범일동
20230630,2023,2,lawDong,62f6a938f48b,254,26200,영도구,2620010100,대교동1가
20230630,2023,2,lawDong,62f6a938f48b,237,26200,영도구,2620010200,대교동2가
20230630,2023,2,lawDong,62f6a938f48b,52,26200,영도구,2620010300,대평동1가
20230630,2023,2,lawDong,62f6a938f48b,25,26200,영도구,2620010400,대평동2가
20230630,2023,2,lawDong,62f6a938f48b,313,26200,영도구,2620010500,남항동1가
20230630,2023,2,lawDong,62f6a938f48b,140,26200,영도구,2620010600,남항동2가
20230630,2023,2,lawDong,62f6a938f48b,63,26200,영도구,2620010700,남항동3가
20230630,2023,2,lawDong,62f6a938f48b,167,26200,영도구,2620010800,영선동1가
20230630,2023,2,lawDong,62f6a938f48b,235,26200,영도구,2620010900,영선동2가
20230630,2023,2,lawDong,62f6a938f48b,117,26200,영도구,2620011000,영선동3가
20230630,2023,2,lawDong,62f6a938f48b,140,26200,영도구,2620011100,영선동4가
20230630,2023,2,lawDong,62f6a938f48b,51,26200,영도구,2620011200,신선동1가
20230630,2023,2,lawDong,62f6a938f48b,47,26200,영도구,2620011300,신선동2가
20230630,2023,2,lawDong,62f6a938f48b,56,26200,영도구,2620011400,신선동3가
20230630,2023,2,lawDong,62f6a938f48b,84,26200,영도구,2620011500,봉래동1가
20230630,2023,2,lawDong,62f6a938f48b,129,26200,영도구,2620011600,봉래동2가
20230630,2023,2,lawDong,62f6a938f48b,192,26200,영도구,2620011700,봉래동3가
20230630,2023,2,lawDong,62f6a938f48b,53,26200,영도구,2620011800,봉래동4가
20230630,2023,2,lawDong,62f6a938f48b,60,26200,영도구,2620011900,봉래동5가
20230630,2023,2,lawDong,62f6a938f48b,578,26200,영도구,2620012000,청학동
20230630,2023,2,lawDong,62f6a938f48b,1121,26200,영도구,2620012100,동삼동
20230630,2023,2,lawDong,62f6a938f48b,1869,26230,부산진구,2623010100,양정동
20230630,2023,2,lawDong,62f6a938f48b,3194,26230,부산진구,2623010200,전포동
20230630,2023,2,lawDong,62f6a938f48b,6728,26230,부산진구,2623010300,부전동
20230630,2023,2,lawDong,62f6a938f48b,1873,26230,부산진구,2623010400,범천동
20230630,2023,2,lawDong,62f6a938f48b,180,26230,부산진구,2623010500,범전동
20230630,2023,2,lawDong,62f6a938f48b,516,26230,부산진구,2623010600,연지동
20230630,2023,2,lawDong,62f6a938f48b,804,26230,부산진구,2623010700,초읍동
20230630,2023,2,lawDong,62f6a938f48b,839,26230,부산진구,2623010800,부암동
20230630,2023,2,lawDong,62f6a938f48b,1466,26230,부산진구,2623010900,당감동
20230630,2023,2,lawDong,62f6a938f48b,1239,26230,부산진구,2623011000,가야동
20230630,2023,2,lawDong,62f6a938f48b,1502,26230,부산진구,2623011100,개금동
20230630,2023,2,lawDong,62f6a938f48b,887,26260,동래구,2626010100,명장동
20230630,2023,2,lawDong,62f6a938f48b,2074,26260,동래구,2626010200,안락동
20230630,2023,2,lawDong,62f6a938f48b,96,26260,동래구,2626010300,칠산동
20230630,2023,2,lawDong,62f6a938f48b,309,26260,동래구,2626010400,낙민동
20230630,2023,2,lawDong,62f6a938f48b,376,26260,동래구,2626010500,복천동
20230630,2023,2,lawDong,62f6a938f48b,825,26260,동래구,2626010600,수안동
20230630,2023,2,lawDong,62f6a938f48b,1431,26260,동래구,2626010700,명륜동
20230630,2023,2,lawDong,62f6a938f48b,3455,26260,동래구,2626010800,온천동
20230630,2023,2,lawDong,62f6a938f48b,2223,26260,동래구,2626010900,사직동
20230630,2023,2,lawDong,62f6a938f48b,4589,26290,남구,2629010600,대연동
20230630,2023,2,lawDong,62f6a938f48b,1993,26290,남구,2629010700,용호동
20230630,2023,2,lawDong,62f6a938f48b,338,26290,남구,2629010800,용당동
20230630,2023,2,lawDong,62f6a938f48b,1530,26290,남구,2629010900,문현동
20230630,2023,2,lawDong,62f6a938f48b,229,26290,남구,2629011000,우암동
20230630,2023,2,lawDong,62f6a938f48b,462,26290,남구,2629011100,감만동
20230630,2023,2,lawDong,62f6a938f48b,530,26320,북구,2632010100,금곡동
20230630,2023,2,lawDong,62f6a938f48b,2111,26320,북구,2632010200,화명동
20230630,2023,2,lawDong,62f6a938f48b,1309,26320,북구,2632010300,만덕동
20230630,2023,2,lawDong,62f6a938f48b,2104,26320,북구,2632010400,덕천동
20230630,2023,2,lawDong,62f6a938f48b,2340,26320,북구,2632010500,구포동
20230630,2023,2,lawDong,62f6a938f48b,1226,26350,해운대구,2635010100,반송동
20230630,2023,2,lawDong,62f6a938f48b,81,26350,해운대구,2635010200,석대동
20230630,2023,2,lawDong,62f6a938f48b,1860,26350,해운대구,2635010300,반여동
20230630,2023,2,lawDong,62f6a938f48b,2453,26350,해운대구,2635010400,재송동
20230630,2023,2,lawDong,62f6a938f48b,4899,26350,해운대구,2635010500,우동
20230630,2023,2,lawDong,62f6a938f48b,2573,26350,해운대구,2635010600,중동
20230630,2023,2,lawDong,62f6a938f48b,2821,26350,해운대구,2635010700,좌동
20230630,2023,2,lawDong,62f6a938f48b,698,26350,해운대구,2635010800,송정동
20230630,2023,2,lawDong,62f6a938f48b,2155,26380,사하구,2638010100,괴정동
20230630,2023,2,lawDong,62f6a938f48b,1054,26380,사하구,2638010200,당리동
20230630,2023,2,lawDong,62f6a938f48b,2387,26380,사하구,2638010300,하단동
20230630,2023,2,lawDong,62f6a938f48b,1054,26380,사하구,2638010400,신평동
20230630,2023,2,lawDong,62f6a938f48b,1268,26380,사하구,2638010500,장림동
20230630,2023,2,lawDong,62f6a938f48b,1717,26380,사하구,2638010600,다대동
20230630,2023,2,lawDong,62f6a938f48b,302,26380,사하구,2638010700,구평동
20230630,2023,2,lawDong,62f6a938f48b,754,26380,사하구,2638010800,감천동
20230630,2023,2,lawDong,62f6a938f48b,173,26410,금정구,2641010100,두구동
20230630,2023,2,lawDong,62f6a938f48b,80,26410,금정구,2641010200,노포동
20230630,2023,2,lawDong,62f6a938f48b,226,26410,금정구,2641010300,청룡동
20230630,2023,2,lawDong,62f6a938f48b,1302,26410,금정구,2641010400,남산동
20230630,2023,2,lawDong,62f6a938f48b,38,26410,금정구,2641010500,선동
20230630,2023,2,lawDong,62f6a938f48b,41,26410,금정구,2641010600,오륜동
20230630,2023,2,lawDong,62f6a938f48b,1711,26410,금정구,2641010700,구서동
20230630,2023,2,lawDong,62f6a938f48b,2919,26410,금정구,2641010800,장전동
20230630,2023,2,lawDong,62f6a938f48b,1838,26410,금정구,2641010900,부곡동
20230630,2023,2,lawDong,62f6a938f48b,1366,26410,금정구,2641011000,서동
20230630,2023,2,lawDong,62f6a938f48b,420,26410,금정구,2641011100,금사동
20230630,2023,2,lawDong,62f6a938f48b,137,26410,금정구,2641011200,회동동
20230630,2023,2,lawDong,62f6a938f48b,116,26410,금정구,2641011300,금성동
20230630,2023,2,lawDong,62f6a938f48b,736,26440,강서구,2644010100,대저1동
20230630,2023,2,lawDong,62f6a938f48b,765,26440,강서구,2644010200,대저2동
20230630,2023,2,lawDong,62f6a938f48b,285,26440,강서구,2644010300,강동동
20230630,2023,2,lawDong,62f6a938f48b,3383,26440,강서구,2644010400,명지동
20230630,2023,2,lawDong,62f6a938f48b,62,26440,강서구,2644010500,죽림동
20230630,2023,2,lawDong,62f6a938f48b,18,26440,강서구,2644010600,식만동
20230630,2023,2,lawDong,62f6a938f48b,25,26440,강서구,2644010700,죽동동
20230630,2023,2,lawDong,62f6a938f48b,59,26440,강서구,2644010800,봉림동
20230630,2023,2,lawDong,62f6a938f48b,263,26440,강서구,2644010900,송정동
20230630,2023,2,lawDong,62f6a938f48b,154,26440,강서구,2644011000,화전동
20230630,2023,2,lawDong,62f6a938f48b,207,26440,강서구,2644011100,녹산동
20230630,2023,2,lawDong,62f6a938f48b,55,26440,강서구,2644011200,생곡동
20230630,2023,2,lawDong,62f6a938f48b,59,26440,강서구,2644011300,구랑동
20230630,2023,2,lawDong,62f6a938f48b,236,26440,강서구,2644011400,지사동
20230630,2023,2,lawDong,62f6a938f48b,67,26440,강서구,2644011500,미음동
20230630,2023,2,lawDong,62f6a938f48b,153,26440,강서구,2644011600,범방동
20230630,2023,2,lawDong,62f6a938f48b,619,26440,강서구,2644011700,신호동
20230630,2023,2,lawDong,62f6a938f48b,29,26440,강서구,2644011800,동선동
20230630,2023,2,lawDong,62f6a938f48b,54,26440,강서구,2644011900,성북동
20230630,2023,2,lawDong,62f6a938f48b,7,26440,강서구,2644012000,눌차동
20230630,2023,2,lawDong,62f6a938f48b,74,26440,강서구,2644012100,천성동
20230630,2023,2,lawDong,62f6a938f48b,52,26440,강서구,2644012200,대항동
20230630,2023,2,lawDong,62f6a938f48b,2798,26470,연제구,2647010100,거제동
20230630,2023,2,lawDong,62f6a938f48b,6912,26470,연제구,2647010200,연산동
20230630,2023,2,lawDong,62f6a938f48b,1307,26500,수영구,2650010100,망미동
20230630,2023,2,lawDong,62f6a938f48b,1105,26500,수영구,2650010200,수영동
20230630,2023,2,lawDong,62f6a938f48b,1566,26500,수영구,2650010300,민락동
20230630,2023,2,lawDong,62f6a938f48b,3352,26500,수영구,2650010400,광안동
20230630,2023,2,lawDong,62f6a938f48b,1853,26500,수영구,2650010500,남천동
20230630,2023,2,lawDong,62f6a938f48b,402,26530,사상구,2653010100,삼락동
20230630,2023,2,lawDong,62f6a938f48b,1169,26530,사상구,2653010200,모라동
20230630,2023,2,lawDong,62f6a938f48b,995,26530,사상구,2653010300,덕포동
20230630,2023,2,lawDong,62f6a938f48b,2454,26530,사상구,2653010400,괘법동
20230630,2023,2,lawDong,62f6a938f48b,1415,26530,사상구,2653010500,감전동
20230630,2023,2,lawDong,62f6a938f48b,1568,26530,사상구,2653010600,주례동
20230630,2023,2,lawDong,62f6a938f48b,752,26530,사상구,2653010700,학장동
20230630,2023,2,lawDong,62f6a938f48b,661,26530,사상구,2653010800,엄궁동
20230630,2023,2,lawDong,62f6a938f48b,695,26710,기장군,2671025021,기장읍
20230630,2023,2,lawDong,62f6a938f48b,406,26710,기장군,2671025022,기장읍
20230630,2023,2,lawDong,62f6a938f48b,7,26710,기장군,2671025023,기장읍
20230630,2023,2,lawDong,62f6a938f48b,76,26710,기장군,2671025024,기장읍
20230630,2023,2,lawDong,62f6a938f48b,63,26710,기장군,2671025025,기장읍
20230630,2023,2,lawDong,62f6a938f48b,776,26710,기장군,2671025026,기장읍
20230630,2023,2,lawDong,62f6a938f48b,289,26710,기장군,2671025027,기장읍
20230630,2023,2,lawDong,62f6a938f48b,139,26710,기장군,2671025028,기장읍
20230630,2023,2,lawDong,62f6a938f48b,112,26710,기장군,2671025029,기장읍
20230630,2023,2,lawDong,62f6a938f48b,21,26710,기장군,2671025030,기장읍
20230630,2023,2,lawDong,62f6a938f48b,6,26710,기장군,2671025031,기장읍
20230630,2023,2,lawDong,62f6a938f48b,388,26710,기장군,2671025032,기장읍
20230630,2023,2,lawDong,62f6a938f48b,347,26710,기장군,2671025033,기장읍
20230630,2023,2,lawDong,62f6a938f48b,62,26710,기장군,2671025034,기장읍
20230630,2023,2,lawDong,62f6a938f48b,302,26710,기장군,2671025321,장안읍
20230630,2023,2,lawDong,62f6a938f48b,5,26710,기장군,2671025323,장안읍
20230630,2023,2,lawDong,62f6a938f48b,30,26710,기장군,2671025324,장안읍
20230630,2023,2,lawDong,62f6a938f48b,47,26710,기장군,2671025325,장안읍
20230630,2023,2,lawDong,62f6a938f48b,11,26710,기장군,2671025326,장안읍
20230630,2023,2,lawDong,62f6a938f48b,15,26710,기장군,2671025327,장안읍
20230630,2023,2,lawDong,62f6a938f48b,67,26710,기장군,2671025328,장안읍
20230630,2023,2,lawDong,62f6a938f48b,34,26710,기장군,2671025329,장안읍
20230630,2023,2,lawDong,62f6a938f48b,108,26710,기장군,2671025330,장안읍
20230630,2023,2,lawDong,62f6a938f48b,45,26710,기장군,2671025331,장안읍
20230630,2023,2,lawDong,62f6a938f48b,42,26710,기장군,2671025332,장안읍
20230630,2023,2,lawDong,62f6a938f48b,21,26710,기장군,2671025333,장안읍
20230630,2023,2,lawDong,62f6a938f48b,127,26710,기장군,2671025334,장안읍
20230630,2023,2,lawDong,62f6a938f48b,259,26710,기장군,2671025621,정관읍
20230630,2023,2,lawDong,62f6a938f48b,1166,26710,기장군,2671025622,정관읍
20230630,2023,2,lawDong,62f6a938f48b,2,26710,기장군,2671025623,정관읍
20230630,2023,2,lawDong,62f6a938f48b,5,26710,기장군,2671025624,정관읍
20230630,2023,2,lawDong,62f6a938f48b,234,26710,기장군,2671025625,정관읍
20230630,2023,2,lawDong,62f6a938f48b,23,26710,기장군,2671025626,정관읍
20230630,2023,2,lawDong,62f6a938f48b,420,26710,기장군,2671025627,정관읍
20230630,2023,2,lawDong,62f6a938f48b,399,26710,기장군,2671025628,정관읍
20230630,2023,2,lawDong,62f6a938f48b,5,26710,기장군,2671025629,정관읍
20230630,2023,2,lawDong,62f6a938f48b,91,26710,기장군,2671025630,정관읍
20230630,2023,2,lawDong,62f6a938f48b,713,26710,기장군,2671025921,일광읍
20230630,2023,2,lawDong,62f6a938f48b,151,26710,기장군,2671025922,일광읍
20230630,2023,2,lawDong,62f6a938f48b,28,26710,기장군,2671025923,일광읍
20230630,2023,2,lawDong,62f6a938f48b,51,26710,기장군,2671025924,일광읍
20230630,2023,2,lawDong,62f6a938f48b,32,26710,기장군,2671025925,일광읍
20230630,2023,2,lawDong,62f6a938f48b,43,26710,기장군,2671025926,일광읍
20230630,2023,2,lawDong,62f6a938f48b,66,26710,기장군,2671025927,일광읍
20230630,2023,2,lawDong,62f6a938f48b,27,26710,기장군,2671025928,일광읍
20230630,2023,2,lawDong,62f6a938f48b,5,26710,기장군,2671025929,일광읍
20230630,2023,2,lawDong,62f6a938f48b,15,26710,기장군,2671025930,일광읍
20230630,2023,2,lawDong,62f6a938f48b,57,26710,기장군,2671025931,일광읍
20230630,2023,2,lawDong,62f6a938f48b,10,26710,기장군,2671025932,일광읍
20230630,2023,2,lawDong,62f6a938f48b,16,26710,기장군,2671025933,일광읍
20230630,2023,2,lawDong,62f6a938f48b,11,26710,기장군,2671033021,철마면
20230630,2023,2,lawDong,62f6a938f48b,41,26710,기장군,2671033022,철마면
20230630,2023,2,lawDong,62f6a938f48b,3,26710,기장군,2671033023,철마면
20230630,2023,2,lawDong,62f6a938f48b,60,26710,기장군,2671033024,철마면
20230630,2023,2,lawDong,62f6a938f48b,27,26710,기장군,2671033025,철마면
20230630,2023,2,lawDong,62f6a938f48b,25,26710,기장군,2671033026,철마면
20230630,2023,2,lawDong,62f6a938f48b,8,26710,기장군,2671033027,철마면
20230630,2023,2,lawDong,62f6a938f48b,8,26710,기장군,2671033028,철마면
20230630,2023,2,lawDong,62f6a938f48b,46,26710,기장군,2671033029,철마면
20230630,2023,2,lawDong,62f6a938f48b,18,26710,기장군,2671033030,철마면
20230630,2023,2,lawDong,62f6a938f48b,16,26710,기장군,2671033031,철마면
20230930,2023,3,busan,62f6a938f48b,151126,,,,
20230930,2023,3,district,62f6a938f48b,7403,26110,중구,,
20230930,2023,3,district,62f6a938f48b,3917,26140,서구,,
20230930,2023,3,district,62f6a938f48b,6704,26170,동구,,
20230930,2023,3,district,62f6a938f48b,4074,26200,영도구,,
20230930,2023,3,district,62f6a938f48b,19922,26230,부산진구,,
20230930,2023,3,district,62f6a938f48b,11479,26260,동래구,,
20230930,2023,3,district,62f6a938f48b,8993,26290,남구,,
20230930,2023,3,district,62f6a938f48b,8221,26320,북구,,
20230930,2023,3,district,62f6a938f48b,16353,26350,해운대구,,
20230930,2023,3,district,62f6a938f48b,10518,26380,사하구,,
20230930,2023,3,district,62f6a938f48b,10191,26410,금정구,,
20230930,2023,3,district,62f6a938f48b,7271,26440,강서구,,
20230930,2023,3,district,62f6a938f48b,9571,26470,연제구,,
20230930,2023,3,district,62f6a938f48b,9070,26500,수영구,,
20230930,2023,3,district,62f6a938f48b,9278,26530,사상구,,
20230930,2023,3,district,62f6a938f48b,8161,26710,기장군,,
20230930,2023,3,lawDong,62f6a938f48b,297,26110,중구,2611010100,영주동
20230930,2023,3,lawDong,62f6a938f48b,51,26110,중구,2611010200,대창동1가
20230930,2023,3,lawDong,62f6a938f48b,54,26110,중구,2611010300,대창동2가
20230930,2023,3,lawDong,62f6a938f48b,63,26110,중구,2611010400,중앙동1가
20230930,2023,3,lawDong,62f6a938f48b,125,26110,중구,2611010500,중앙동2가
20230930,2023,3,lawDong,62f6a938f48b,121,26110,중구,2611010600,중앙동3가
20230930,2023,3,lawDong,62f6a938f48b,703,26110,중구,2611010700,중앙동4가
20230930,2023,3,lawDong,62f6a938f48b,55,26110,중구,2611010800,중앙동5가
20230930,2023,3,lawDong,62f6a938f48b,238,26110,중구,2611010900,중앙동6가
20230930,2023,3,lawDong,62f6a938f48b,334,26110,중구,2611011000,중앙동7가
20230930,2023,3,lawDong,62f6a938f48b,88,26110,중구,2611011100,동광동1가
20230930,2023,3,lawDong,62f6a938f48b,72,26110,중구,2611011200,동광동2가
20230930,2023,3,lawDong,62f6a938f48b,66,26110,중구,2611011300,동광동3가
20230930,2023,3,lawDong,62f6a938f48b,78,26110,중구,2611011400,동광동4가
20230930,2023,3,lawDong,62f6a938f48b,96,26110,중구,2611011500,동광동5가
20230930,2023,3,lawDong,62f6a938f48b,73,26110,중구,2611011600,대청동1가
20230930,2023,3,lawDong,62f6a938f48b,157,26110,중구,2611011700,대청동2가
20230930,2023,3,lawDong,62f6a938f48b,52,26110,중구,2611011800,대청동3가
20230930,2023,3,lawDong,62f6a938f48b,90,26110,중구,2611011900,대청동4가
20230930,2023,3,lawDong,62f6a938f48b,171,26110,중구,2611012000,보수동1가
20230930,2023,3,lawDong,62f6a938f48b,136,26110,중구,2611012100,보수동2가
20230930,2023,3,lawDong,62f6a938f48b,86,26110,중구,2611012200,보수동3가
20230930,2023,3,lawDong,62f6a938f48b,638,26110,중구,2611012300,부평동1가
20230930,2023,3,lawDong,62f6a938f48b,563,26110,중구,2611012400,부평동2가
20230930,2023,3,lawDong,62f6a938f48b,165,26110,중구,2611012500,부평동3가
20230930,2023,3,lawDong,62f6a938f48b,128,26110,중구,2611012600,부평동4가
20230930,2023,3,lawDong,62f6a938f48b,290,26110,중구,2611012700,신창동1가
20230930,2023,3,lawDong,62f6a938f48b,247,26110,중구,2611012800,신창동2가
20230930,2023,3,lawDong,62f6a938f48b,107,26110,중구,2611012900,신창동3가
20230930,2023,3,lawDong,62f6a938f48b,258,26110,중구,2611013000,신창동4가
20230930,2023,3,lawDong,62f6a938f48b,151,26110,중구,2611013100,창선동1가
20230930,2023,3,lawDong,62f6a938f48b,198,26110,중구,2611013200,창선동2가
20230930,2023,3,lawDong,62f6a938f48b,130,26110,중구,2611013300,광복동1가
20230930,2023,3,lawDong,62f6a938f48b,78,26110,중구,2611013400,광복동2가
20230930,2023,3,lawDong,62f6a938f48b,67,26110,중구,2611013500,광복동3가
20230930,2023,3,lawDong,62f6a938f48b,81,26110,중구,2611013600,남포동1가
20230930,2023,3,lawDong,62f6a938f48b,177,26110,중구,2611013700,남포동2가
20230930,2023,3,lawDong,62f6a938f48b,58,26110,중구,2611013800,남포동3가
20230930,2023,3,lawDong,62f6a938f48b,145,26110,중구,2611013900,남포동4가
20230930,2023,3,lawDong,62f6a938f48b,402,26110,중구,2611014000,남포동5가
20230930,2023,3,lawDong,62f6a938f48b,314,26110,중구,2611014100,남포동6가
20230930,2023,3,lawDong,62f6a938f48b,198,26140,서구,2614010100,동대신동1가
20230930,2023,3,lawDong,62f6a938f48b,266,26140,서구,2614010200,동대신동2가
20230930,2023,3,lawDong,62f6a938f48b,337,26140,서구,2614010300,동대신동3가
20230930,2023,3,lawDong,62f6a938f48b,163,26140,서구,2614010400,서대신동1가
20230930,2023,3,lawDong,62f6a938f48b,291,26140,서구,2614010500,서대신동2가
20230930,2023,3,lawDong,62f6a938f48b,409,26140,서구,2614010600,서대신동3가
20230930,2023,3,lawDong,62f6a938f48b,53,26140,서구,2614010700,부용동1가
20230930,2023,3,lawDong,62f6a938f48b,53,26140,서구,2614010800,부용동2가
20230930,2023,3,lawDong,62f6a938f48b,154,26140,서구,2614010900,부민동1가
20230930,2023,3,lawDong,62f6a938f48b,71,26140,서구,2614011000,부민동2가
20230930,2023,3,lawDong,62f6a938f48b,37,26140,서구,2614011100,부민동3가
20230930,2023,3,lawDong,62f6a938f48b,62,26140,서구,2614011200,토성동1가
20230930,2023,3,lawDong,62f6a938f48b,28,26140,서구,2614011300,토성동2가
20230930,2023,3,lawDong,62f6a938f48b,48,26140,서구,2614011400,토성동3가
20230930,2023,3,lawDong,62f6a938f48b,50,26140,서구,2614011500,아미동1가
20230930,2023,3,lawDong,62f6a938f48b,165,26140,서구,2614011600,아미동2가
20230930,2023,3,lawDong,62f6a938f48b,40,26140,서구,2614011700,토성동4가
20230930,2023,3,lawDong,62f6a938f48b,75,26140,서구,2614011800,토성동5가
20230930,2023,3,lawDong,62f6a938f48b,83,26140,서구,2614011900,초장동
20230930,2023,3,lawDong,62f6a938f48b,368,26140,서구,2614012000,충무동1가
20230930,2023,3,lawDong,62f6a938f48b,71,26140,서구,2614012100,충무동2가
20230930,2023,3,lawDong,62f6a938f48b,52,26140,서구,2614012200,충무동3가
20230930,2023,3,lawDong,62f6a938f48b,339,26140,서구,2614012300,남부민동
20230930,2023,3,lawDong,62f6a938f48b,504,26140,서구,2614012400,암남동
20230930,2023,3,lawDong,62f6a938f48b,2335,26170,동구,2617010100,초량동
20230930,2023,3,lawDong,62f6a938f48b,1059,26170,동구,2617010200,수정동
20230930,2023,3,lawDong,62f6a938f48b,345,26170,동구,2617010300,좌천동
20230930,2023,3,lawDong,62f6a938f48b,2965,26170,동구,2617010400,범일동
20230930,2023,3,lawDong,62f6a938f48b,252,26200,영도구,2620010100,대교동1가
20230930,2023,3,lawDong,62f6a938f48b,234,26200,영도구,2620010200,대교동2가
20230930,2023,3,lawDong,62f6a938f48b,51,26200,영도구,2620010300,대평동1가
20230930,2023,3,lawDong,62f6a938f48b,25,26200,영도구,2620010400,대평동2가
20230930,2023,3,lawDong,62f6a938f48b,309,26200,영도구,2620010500,남항동1가
20230930,2023,3,lawDong,62f6a938f48b,139,26200,영도구,2620010600,남항동2가
20230930,2023,3,lawDong,62f6a938f48b,61,26200,영도구,2620010700,남항동3가
20230930,2023,3,lawDong,62f6a938f48b,169,26200,영도구,2620010800,영선동1가
20230930,2023,3,lawDong,62f6a938f48b,232,26200,영도구,2620010900,영선동2가
20230930,2023,3,lawDong,62f6a938f48b,116,26200,영도구,2620011000,영선동3가
20230930,2023,3,lawDong,62f6a938f48b,142,26200,영도구,2620011100,영선동4가
20230930,2023,3,lawDong,62f6a938f48b,51,26200,영도구,2620011200,신선동1가
20230930,2023,3,lawDong,62f6a938f48b,47,26200,영도구,2620011300,신선동2가
20230930,2023,3,lawDong,62f6a938f48b,56,26200,영도구,2620011400,신선동3가
20230930,2023,3,lawDong,62f6a938f48b,83,26200,영도구,2620011500,봉래동1가
20230930,2023,3,lawDong,62f6a938f48b,126,26200,영도구,2620011600,봉래동2가
20230930,2023,3,lawDong,62f6a938f48b,189,26200,영도구,2620011700,봉래동3가
20230930,2023,3,lawDong,62f6a938f48b,53,26200,영도구,2620011800,봉래동4가
20230930,2023,3,lawDong,62f6a938f48b,59,26200,영도구,2620011900,봉래동5가
20230930,2023,3,lawDong,62f6a938f48b,573,26200,영도구,2620012000,청학동
20230930,2023,3,lawDong,62f6a938f48b,1107,26200,영도구,2620012100,동삼동
20230930,2023,3,lawDong,62f6a938f48b,1826,26230,부산진구,2623010100,양정동
20230930,2023,3,lawDong,62f6a938f48b,3159,26230,부산진구,2623010200,전포동
20230930,2023,3,lawDong,62f6a938f48b,6627,26230,부산진구,2623010300,부전동
20230930,2023,3,lawDong,62f6a938f48b,1855,26230,부산진구,2623010400,범천동
20230930,2023,3,lawDong,62f6a938f48b,176,26230,부산진구,2623010500,범전동
20230930,2023,3,lawDong,62f6a938f48b,516,26230,부산진구,2623010600,연지동
20230930,2023,3,lawDong,62f6a938f48b,800,26230,부산진구,2623010700,초읍동
20230930,2023,3,lawDong,62f6a938f48b,834,26230,부산진구,2623010800,부암동
20230930,2023,3,lawDong,62f6a938f48b,1448,26230,부산진구,2623010900,당감동
20230930,2023,3,lawDong,62f6a938f48b,1215,26230,부산진구,2623011000,가야동
20230930,2023,3,lawDong,62f6a938f48b,1466,26230,부산진구,2623011100,개금동
20230930,2023,3,lawDong,62f6a938f48b,860,26260,동래구,2626010100,명장동
20230930,2023,3,lawDong,62f6a938f48b,2037,26260,동래구,2626010200,안락동
20230930,2023,3,lawDong,62f6a938f48b,92,26260,동래구,2626010300,칠산동
20230930,2023,3,lawDong,62f6a938f48b,305,26260,동래구,2626010400,낙민동
20230930,2023,3,lawDong,62f6a938f48b,370,26260,동래구,2626010500,복천동
20230930,2023,3,lawDong,62f6a938f48b,802,26260,동래구,2626010600,수안동
20230930,2023,3,lawDong,62f6a938f48b,1417,26260,동래구,2626010700,명륜동
20230930,2023,3,lawDong,62f6a938f48b,3397,26260,동래구,2626010800,온천동
20230930,2023,3,lawDong,62f6a938f48b,2199,26260,동래구,2626010900,사직동
20230930,2023,3,lawDong,62f6a938f48b,4516,26290,남구,2629010600,대연동
20230930,2023,3,lawDong,62f6a938f48b,1977,26290,남구,2629010700,용호동
20230930,2023,3,lawDong,62f6a938f48b,335,26290,남구,2629010800,용당동
20230930,2023,3,lawDong,62f6a938f48b,1498,26290,남구,2629010900,문현동
20230930,2023,3,lawDong,62f6a938f48b,226,26290,남구,2629011000,우암동
20230930,2023,3,lawDong,62f6a938f48b,441,26290,남구,2629011100,감만동
20230930,2023,3,lawDong,62f6a938f48b,521,26320,북구,2632010100,금곡동
20230930,2023,3,lawDong,62f6a938f48b,2081,26320,북구,2632010200,화명동
20230930,2023,3,lawDong,62f6a938f48b,1277,26320,북구,2632010300,만덕동
20230930,2023,3,lawDong,62f6a938f48b,2038,26320,북구,2632010400,덕천동
20230930,2023,3,lawDong,62f6a938f48b,2304,26320,북구,2632010500,구포동
20230930,2023,3,lawDong,62f6a938f48b,1199,26350,해운대구,2635010100,반송동
20230930,2023,3,lawDong,62f6a938f48b,78,26350,해운대구,2635010200,석대동
20230930,2023,3,lawDong,62f6a938f48b,1833,26350,해운대구,2635010300,반여동
20230930,2023,3,lawDong,62f6a938f48b,2428,26350,해운대구,2635010400,재송동
20230930,2023,3,lawDong,62f6a938f48b,4829,26350,해운대구,2635010500,우동
20230930,2023,3,lawDong,62f6a938f48b,2531,26350,해운대구,2635010600,중동
20230930,2023,3,lawDong,62f6a938f48b,2764,26350,해운대구,2635010700,좌동
20230930,2023,3,lawDong,62f6a938f48b,691,26350,해운대구,2635010800,송정동
20230930,2023,3,lawDong,62f6a938f48b,2130,26380,사하구,2638010100,괴정동
20230930,2023,3,lawDong,62f6a938f48b,1037,26380,사하구,2638010200,당리동
20230930,2023,3,lawDong,62f6a938f48b,2331,26380,사하구,2638010300,하단동
20230930,2023,3,lawDong,62f6a938f48b,1043,26380,사하구,2638010400,신평동
20230930,2023,3,lawDong,62f6a938f48b,1247,26380,사하구,2638010500,장림동
20230930,2023,3,lawDong,62f6a938f48b,1695,26380,사하구,2638010600,다대동
20230930,2023,3,lawDong,62f6a938f48b,298,26380,사하구,2638010700,구평동
20230930,2023,3,lawDong,62f6a938f48b,737,26380,사하구,2638010800,감천동
20230930,2023,3,lawDong,62f6a938f48b,171,26410,금정구,2641010100,두구동
20230930,2023,3,lawDong,62f6a938f48b,79,26410,금정구,2641010200,노포동
20230930,2023,3,lawDong,62f6a938f48b,226,26410,금정구,2641010300,청룡동
20230930,2023,3,lawDong,62f6a938f48b,1274,26410,금정구,2641010400,남산동
20230930,2023,3,lawDong,62f6a938f48b,37,26410,금정구,2641010500,선동
20230930,2023,3,lawDong,62f6a938f48b,39,26410,금정구,2641010600,오륜동
20230930,2023,3,lawDong,62f6a938f48b,1680,26410,금정구,2641010700,구서동
20230930,2023,3,lawDong,62f6a938f48b,2857,26410,금정구,2641010800,장전동
20230930,2023,3,lawDong,62f6a938f48b,1811,26410,금정구,2641010900,부곡동
20230930,2023,3,lawDong,62f6a938f48b,1352,26410,금정구,2641011000,서동
20230930,2023,3,lawDong,62f6a938f48b,415,26410,금정구,2641011100,금사동
20230930,2023,3,lawDong,62f6a938f48b,135,26410,금정구,2641011200,회동동
20230930,2023,3,lawDong,62f6a938f48b,115,26410,금정구,2641011300,금성동
20230930,2023,3,lawDong,62f6a938f48b,725,26440,강서구,2644010100,대저1동
20230930,2023,3,lawDong,62f6a938f48b,760,26440,강서구,2644010200,대저2동
20230930,2023,3,lawDong,62f6a938f48b,280,26440,강서구,2644010300,강동동
20230930,2023,3,lawDong,62f6a938f48b,3345,26440,강서구,2644010400,명지동
20230930,2023,3,lawDong,62f6a938f48b,60,26440,강서구,2644010500,죽림동
20230930,2023,3,lawDong,62f6a938f48b,18,26440,강서구,2644010600,식만동
20230930,2023,3,lawDong,62f6a938f48b,25,26440,강서구,2644010700,죽동동
20230930,2023,3,lawDong,62f6a938f48b,55,26440,강서구,2644010800,봉림동
20230930,2023,3,lawDong,62f6a938f48b,265,26440,강서구,2644010900,송정동
20230930,2023,3,lawDong,62f6a938f48b,153,26440,강서구,2644011000,화전동
20230930,2023,3,lawDong,62f6a938f48b,200,26440,강서구,2644011100,녹산동
20230930,2023,3,lawDong,62f6a938f48b,54,26440,강서구,2644011200,생곡동
20230930,2023,3,lawDong,62f6a938f48b,57,26440,강서구,2644011300,구랑동
20230930,2023,3,lawDong,62f6a938f48b,232,26440,강서구,2644011400,지사동
20230930,2023,3,lawDong,62f6a938f48b,69,26440,강서구,2644011500,미음동
20230930,2023,3,lawDong,62f6a938f48b,154,26440,강서구,2644011600,범방동
20230930,2023,3,lawDong,62f6a938f48b,602,26440,강서구,2644011700,신호동
20230930,2023,3,lawDong,62f6a938f48b,29,26440,강서구,2644011800,동선동
20230930,2023,3,lawDong,62f6a938f48b,54,26440,강서구,2644011900,성북동
20230930,2023,3,lawDong,62f6a938f48b,7,26440,강서구,2644012000,눌차동
20230930,2023,3,lawDong,62f6a938f48b,76,26440,강서구,2644012100,천성동
20230930,2023,3,lawDong,62f6a938f48b,51,26440,강서구,2644012200,대항동
20230930,2023,3,lawDong,62f6a938f48b,2780,26470,연제구,2647010100,거제동
20230930,2023,3,lawDong,62f6a938f48b,6791,26470,연제구,2647010200,연산동
20230930,2023,3,lawDong,62f6a938f48b,1285,26500,수영구,2650010100,망미동
20230930,2023,3,lawDong,62f6a938f48b,1093,26500,수영구,2650010200,수영동
20230930,2023,3,lawDong,62f6a938f48b,1541,26500,수영구,2650010300,민락동
20230930,2023,3,lawDong,62f6a938f48b,3326,26500,수영구,2650010400,광안동
20230930,2023,3,lawDong,62f6a938f48b,1825,26500,수영구,2650010500,남천동
20230930,2023,3,lawDong,62f6a938f48b,398,26530,사상구,2653010100,삼락동
20230930,2023,3,lawDong,62f6a938f48b,1151,26530,사상구,2653010200,모라동
20230930,2023,3,lawDong,62f6a938f48b,981,26530,사상구,2653010300,덕포동
20230930,2023,3,lawDong,62f6a938f48b,2424,26530,사상구,2653010400,괘법동
20230930,2023,3,lawDong,62f6a938f48b,1396,26530,사상구,2653010500,감전동
20230930,2023,3,lawDong,62f6a938f48b,1541,26530,사상구,2653010600,주례동
20230930,2023,3,lawDong,62f6a938f48b,738,26530,사상구,2653010700,학장동
20230930,2023,3,lawDong,62f6a938f48b,649,26530,사상구,2653010800,엄궁동
20230930,2023,3,lawDong,62f6a938f48b,684,26710,기장군,2671025021,기장읍
20230930,2023,3,lawDong,62f6a938f48b,395,26710,기장군,2671025022,기장읍
20230930,2023,3,lawDong,62f6a938f48b,7,26710,기장군,2671025023,기장읍
20230930,2023,3,lawDong,62f6a938f48b,75,26710,기장군,2671025024,기장읍
20230930,2023,3,lawDong,62f6a938f48b,62,26710,기장군,2671025025,기장읍
20230930,2023,3,lawDong,62f6a938f48b,763,26710,기장군,2671025026,기장읍
20230930,2023,3,lawDong,62f6a938f48b,285,26710,기장군,2671025027,기장읍
20230930,2023,3,lawDong,62f6a938f48b,137,26710,기장군,2671025028,기장읍
20230930,2023,3,lawDong,62f6a938f48b,112,26710,기장군,2671025029,기장읍
20230930,2023,3,lawDong,62f6a938f48b,21,26710,기장군,2671025030,기장읍
20230930,2023,3,lawDong,62f6a938f48b,6,26710,기장군,2671025031,기장읍
20230930,2023,3,lawDong,62f6a938f48b,380,26710,기장군,2671025032,기장읍
20230930,2023,3,lawDong,62f6a938f48b,343,26710,기장군,2671025033,기장읍
20230930,2023,3,lawDong,62f6a938f48b,62,26710,기장군,2671025034,기장읍
20230930,2023,3,lawDong,62f6a938f48b,296,26710,기장군,2671025321,장안읍
20230930,2023,3,lawDong,62f6a938f48b,5,26710,기장군,2671025323,장안읍
20230930,2023,3,lawDong,62f6a938f48b,29,26710,기장군,2671025324,장안읍
20230930,2023,3,lawDong,62f6a938f48b,46,26710,기장군,2671025325,장안읍
20230930,2023,3,lawDong,62f6a938f48b,11,26710,기장군,2671025326,장안읍
20230930,2023,3,lawDong,62f6a938f48b,15,26710,기장군,2671025327,장안읍
20230930,2023,3,lawDong,62f6a938f48b,65,26710,기장군,2671025328,장안읍
20230930,2023,3,lawDong,62f6a938f48b,32,26710,기장군,2671025329,장안읍
20230930,2023,3,lawDong,62f6a938f48b,105,26710,기장군,2671025330,장안읍
20230930,2023,3,lawDong,62f6a938f48b,44,26710,기장군,2671025331,장안읍
20230930,2023,3,lawDong,62f6a938f48b,42,26710,기장군,2671025332,장안읍
20230930,2023,3,lawDong,62f6a938f48b,19,26710,기장군,2671025333,장안읍
20230930,2023,3,lawDong,62f6a938f48b,124,26710,기장군,2671025334,장안읍
20230930,2023,3,lawDong,62f6a938f48b,251,26710,기장군,2671025621,정관읍
20230930,2023,3,lawDong,62f6a938f48b,1127,26710,기장군,2671025622,정관읍
20230930,2023,3,lawDong,62f6a938f48b,2,26710,기장군,2671025623,정관읍
20230930,2023,3,lawDong,62f6a938f48b,5,26710,기장군,2671025624,정관읍
20230930,2023,3,lawDong,62f6a938f48b,230,26710,기장군,2671025625,정관읍
20230930,2023,3,lawDong,62f6a938f48b,23,26710,기장군,2671025626,정관읍
20230930,2023,3,lawDong,62f6a938f48b,404,26710,기장군,2671025627,정관읍
20230930,2023,3,lawDong,62f6a938f48b,390,26710,기장군,2671025628,정관읍
20230930,2023,3,lawDong,62f6a938f48b,4,26710,기장군,2671025629,정관읍
20230930,2023,3,lawDong,62f6a938f48b,90,26710,기장군,2671025630,정관읍
20230930,2023,3,lawDong,62f6a938f48b,705,26710,기장군,2671025921,일광읍
20230930,2023,3,lawDong,62f6a938f48b,152,26710,기장군,2671025922,일광읍
20230930,2023,3,lawDong,62f6a938f48b,28,26710,기장군,2671025923,일광읍
20230930,2023,3,lawDong,62f6a938f48b,49,26710,기장군,2671025924,일광읍
20230930,2023,3,lawDong,62f6a938f48b,33,26710,기장군,2671025925,일광읍
20230930,2023,3,lawDong,62f6a938f48b,45,26710,기장군,2671025926,일광읍
20230930,2023,3,lawDong,62f6a938f48b,65,26710,기장군,2671025927,일광읍
20230930,2023,3,lawDong,62f6a938f48b,28,26710,기장군,2671025928,일광읍
20230930,2023,3,lawDong,62f6a938f48b,5,26710,기장군,2671025929,일광읍
20230930,2023,3,lawDong,62f6a938f48b,15,26710,기장군,2671025930,일광읍
20230930,2023,3,lawDong,62f6a938f48b,58,26710,기장군,2671025931,일광읍
20230930,2023,3,lawDong,62f6a938f48b,10,26710,기장군,2671025932,일광읍
20230930,2023,3,lawDong,62f6a938f48b,16,26710,기장군,2671025933,일광읍
20230930,2023,3,lawDong,62f6a938f48b,11,26710,기장군,2671033021,철마면
20230930,2023,3,lawDong,62f6a938f48b,40,26710,기장군,2671033022,철마면
20230930,2023,3,lawDong,62f6a938f48b,3,26710,기장군,2671033023,철마면
20230930,2023,3,lawDong,62f6a938f48b,60,26710,기장군,2671033024,철마면
20230930,2023,3,lawDong,62f6a938f48b,27,26710,기장군,2671033025,철마면
20230930,2023,3,lawDong,62f6a938f48b,25,26710,기장군,2671033026,철마면
20230930,2023,3,lawDong,62f6a938f48b,8,26710,기장군,2671033027,철마면
20230930,2023,3,lawDong,62f6a938f48b,8,26710,기장군,2671033028,철마면
20230930,2023,3,lawDong,62f6a938f48b,46,26710,기장군,2671033029,철마면
20230930,2023,3,lawDong,62f6a938f48b,17,26710,기장군,2671033030,철마면
20230930,2023,3,lawDong,62f6a938f48b,16,26710,기장군,2671033031,철마면
20231231,2023,4,busan,62f6a938f48b,152326,,,,
20231231,2023,4,district,62f6a938f48b,7400,26110,중구,,
20231231,2023,4,district,62f6a938f48b,3934,26140,서구,,
20231231,2023,4,district,62f6a938f48b,6784,26170,동구,,
20231231,2023,4,district,62f6a938f48b,4093,26200,영도구,,
20231231,2023,4,district,62f6a938f48b,20063,26230,부산진구,,
20231231,2023,4,district,62f6a938f48b,11528,26260,동래구,,
20231231,2023,4,district,62f6a938f48b,9074,26290,남구,,
20231231,2023,4,district,62f6a938f48b,8269,26320,북구,,
20231231,2023,4,district,62f6a938f48b,16457,26350,해운대구,,
20231231,2023,4,district,62f6a938f48b,10618,26380,사하구,,
20231231,2023,4,district,62f6a938f48b,10214,26410,금정구,,
20231231,2023,4,district,62f6a938f48b,7446,26440,강서구,,
20231231,2023,4,district,62f6a938f48b,9696,26470,연제구,,
20231231,2023,4,district,62f6a938f48b,9194,26500,수영구,,
20231231,2023,4,district,62f6a938f48b,9332,26530,사상구,,
20231231,2023,4,district,62f6a938f48b,8224,26710,기장군,,
20231231,2023,4,lawDong,62f6a938f48b,295,26110,중구,2611010100,영주동
20231231,2023,4,lawDong,62f6a938f48b,53,26110,중구,2611010200,대창동1가
20231231,2023,4,lawDong,62f6a938f48b,58,26110,중구,2611010300,대창동2가
20231231,2023,4,lawDong,62f6a938f48b,60,26110,중구,2611010400,중앙동1가
20231231,2023,4,lawDong,62f6a938f48b,127,26110,중구,2611010500,중앙동2가
20231231,2023,4,lawDong,62f6a938f48b,121,26110,중구,2611010600,중앙동3가
20231231,2023,4,lawDong,62f6a938f48b,698,26110,중구,2611010700,중앙동4가
20231231,2023,4,lawDong,62f6a938f48b,56,26110,중구,2611010800,중앙동5가
20231231,2023,4,lawDong,62f6a938f48b,234,26110,중구,2611010900,중앙동6가
20231231,2023,4,lawDong,62f6a938f48b,324,26110,중구,2611011000,중앙동7가
20231231,2023,4,lawDong,62f6a938f48b,85,26110,중구,2611011100,동광동1가
20231231,2023,4,lawDong,62f6a938f48b,73,26110,중구,2611011200,동광동2가
20231231,2023,4,lawDong,62f6a938f48b,67,26110,중구,2611011300,동광동3가
20231231,2023,4,lawDong,62f6a938f48b,75,26110,중구,2611011400,동광동4가
20231231,2023,4,lawDong,62f6a938f48b,95,26110,중구,2611011500,동광동5가
20231231,2023,4,lawDong,62f6a938f48b,76,26110,중구,2611011600,대청동1가
20231231,2023,4,lawDong,62f6a938f48b,155,26110,중구,2611011700,대청동2가
20231231,2023,4,lawDong,62f6a938f48b,53,26110,중구,2611011800,대청동3가
20231231,2023,4,lawDong,62f6a938f48b,92,26110,중구,2611011900,대청동4가
20231231,2023,4,lawDong,62f6a938f48b,177,26110,중구,2611012000,보수동1가
20231231,2023,4,lawDong,62f6a938f48b,133,26110,중구,2611012100,보수동2가
20231231,2023,4,lawDong,62f6a938f48b,87,26110,중구,2611012200,보수동3가
20231231,2023,4,lawDong,62f6a938f48b,640,26110,중구,2611012300,부평동1가
20231231,2023,4,lawDong,62f6a938f48b,570,26110,중구,2611012400,부평동2가
20231231,2023,4,lawDong,62f6a938f48b,161,26110,중구,2611012500,부평동3가
20231231,2023,4,lawDong,62f6a938f48b,130,26110,중구,2611012600,부평동4가
20231231,2023,4,lawDong,62f6a938f48b,288,26110,중구,2611012700,신창동1가
20231231,2023,4,lawDong,62f6a938f48b,245,26110,중구,2611012800,신창동2가
20231231,2023,4,lawDong,62f6a938f48b,111,26110,중구,2611012900,신창동3가
20231231,2023,4,lawDong,62f6a938f48b,256,26110,중구,2611013000,신창동4가
20231231,2023,4,lawDong,62f6a938f48b,150,26110,중구,2611013100,창선동1가
20231231,2023,4,lawDong,62f6a938f48b,201,26110,중구,2611013200,창선동2가
20231231,2023,4,lawDong,62f6a938f48b,129,26110,중구,2611013300,광복동1가
20231231,2023,4,lawDong,62f6a938f48b,77,26110,중구,2611013400,광복동2가
20231231,2023,4,lawDong,62f6a938f48b,69,26110,중구,2611013500,광복동3가
20231231,2023,4,lawDong,62f6a938f48b,81,26110,중구,2611013600,남포동1가
20231231,2023,4,lawDong,62f6a938f48b,177,26110,중구,2611013700,남포동2가
20231231,2023,4,lawDong,62f6a938f48b,59,26110,중구,2611013800,남포동3가
20231231,2023,4,lawDong,62f6a938f48b,141,26110,중구,2611013900,남포동4가
20231231,2023,4,lawDong,62f6a938f48b,405,26110,중구,2611014000,남포동5가
20231231,2023,4,lawDong,62f6a938f48b,316,26110,중구,2611014100,남포동6가
20231231,2023,4,lawDong,62f6a938f48b,199,26140,서구,2614010100,동대신동1가
20231231,2023,4,lawDong,62f6a938f48b,269,26140,서구,2614010200,동대신동2가
20231231,2023,4,lawDong,62f6a938f48b,336,26140,서구,2614010300,동대신동3가
20231231,2023,4,lawDong,62f6a938f48b,167,26140,서구,2614010400,서대신동1가
20231231,2023,4,lawDong,62f6a938f48b,289,26140,서구,2614010500,서대신동2가
20231231,2023,4,lawDong,62f6a938f48b,412,26140,서구,2614010600,서대신동3가
20231231,2023,4,lawDong,62f6a938f48b,52,26140,서구,2614010700,부용동1가
20231231,2023,4,lawDong,62f6a938f48b,55,26140,서구,2614010800,부용동2가
20231231,2023,4,lawDong,62f6a938f48b,155,26140,서구,2614010900,부민동1가
20231231,2023,4,lawDong,62f6a938f48b,70,26140,서구,2614011000,부민동2가
20231231,2023,4,lawDong,62f6a938f48b,37,26140,서구,2614011100,부민동3가
20231231,2023,4,lawDong,62f6a938f48b,58,26140,서구,2614011200,토성동1가
20231231,2023,4,lawDong,62f6a938f48b,28,26140,서구,2614011300,토성동2가
20231231,2023,4,lawDong,62f6a938f48b,49,26140,서구,2614011400,토성동3가
20231231,2023,4,lawDong,62f6a938f48b,51,26140,서구,2614011500,아미동1가
20231231,2023,4,lawDong,62f6a938f48b,170,26140,서구,2614011600,아미동2가
20231231,2023,4,lawDong,62f6a938f48b,40,26140,서구,2614011700,토성동4가
20231231,2023,4,lawDong,62f6a938f48b,76,26140,서구,2614011800,토성동5가
20231231,2023,4,lawDong,62f6a938f48b,84,26140,서구,2614011900,초장동
20231231,2023,4,lawDong,62f6a938f48b,369,26140,서구,2614012000,충무동1가
20231231,2023,4,lawDong,62f6a938f48b,72,26140,서구,2614012100,충무동2가
20231231,2023,4,lawDong,62f6a938f48b,52,26140,서구,2614012200,충무동3가
20231231,2023,4,lawDong,62f6a938f48b,340,26140,서구,2614012300,남부민동
20231231,2023,4,lawDong,62f6a938f48b,504,26140,서구,2614012400,암남동
20231231,2023,4,lawDong,62f6a938f48b,2392,26170,동구,2617010100,초량동
20231231,2023,4,lawDong,62f6a938f48b,1065,26170,동구,2617010200,수정동
20231231,2023,4,lawDong,62f6a938f48b,350,26170,동구,2617010300,좌천동
20231231,2023,4,lawDong,62f6a938f48b,2977,26170,동구,2617010400,범일동
20231231,2023,4,lawDong,62f6a938f48b,249,26200,영도구,2620010100,대교동1가
20231231,2023,4,lawDong,62f6a938f48b,235,26200,영도구,2620010200,대교동2가
20231231,2023,4,lawDong,62f6a938f48b,51,26200,영도구,2620010300,대평동1가
20231231,2023,4,lawDong,62f6a938f48b,26,26200,영도구,2620010400,대평동2가
20231231,2023,4,lawDong,62f6a938f48b,310,26200,영도구,2620010500,남항동1가
20231231,2023,4,lawDong,62f6a938f48b,135,26200,영도구,2620010600,남항동2가
20231231,2023,4,lawDong,62f6a938f48b,61,26200,영도구,2620010700,남항동3가
20231231,2023,4,lawDong,62f6a938f48b,168,26200,영도구,2620010800,영선동1가
20231231,2023,4,lawDong,62f6a938f48b,228,26200,영도구,2620010900,영선동2가
20231231,2023,4,lawDong,62f6a938f48b,120,26200,영도구,2620011000,영선동3가
20231231,2023,4,lawDong,62f6a938f48b,143,26200,영도구,2620011100,영선동4가
20231231,2023,4,lawDong,62f6a938f48b,52,26200,영도구,2620011200,신선동1가
20231231,2023,4,lawDong,62f6a938f48b,43,26200,영도구,2620011300,신선동2가
20231231,2023,4,lawDong,62f6a938f48b,59,26200,영도구,2620011400,신선동3가
20231231,2023,4,lawDong,62f6a938f48b,81,26200,영도구,2620011500,봉래동1가
20231231,2023,4,lawDong,62f6a938f48b,131,26200,영도구,2620011600,봉래동2가
20231231,2023,4,lawDong,62f6a938f48b,183,26200,영도구,2620011700,봉래동3가
20231231,2023,4,lawDong,62f6a938f48b,53,26200,영도구,2620011800,봉래동4가
20231231,2023,4,lawDong,62f6a938f48b,60,26200,영도구,2620011900,봉래동5가
20231231,2023,4,lawDong,62f6a938f48b,579,26200,영도구,2620012000,청학동
20231231,2023,4,lawDong,62f6a938f48b,1126,26200,영도구,2620012100,동삼동
20231231,2023,4,lawDong,62f6a938f48b,1846,26230,부산진구,2623010100,양정동
20231231,2023,4,lawDong,62f6a938f48b,3218,26230,부산진구,2623010200,전포동
20231231,2023,4,lawDong,62f6a938f48b,6667,26230,부산진구,2623010300,부전동
20231231,2023,4,lawDong,62f6a938f48b,1876,26230,부산진구,2623010400,범천동
20231231,2023,4,lawDong,62f6a938f48b,174,26230,부산진구,2623010500,범전동
20231231,2023,4,lawDong,62f6a938f48b,514,26230,부산진구,2623010600,연지동
20231231,2023,4,lawDong,62f6a938f48b,805,26230,부산진구,2623010700,초읍동
20231231,2023,4,lawDong,62f6a938f48b,836,26230,부산진구,2623010800,부암동
20231231,2023,4,lawDong,62f6a938f48b,1448,26230,부산진구,2623010900,당감동
20231231,2023,4,lawDong,62f6a938f48b,1198,26230,부산진구,2623011000,가야동
20231231,2023,4,lawDong,62f6a938f48b,1481,26230,부산진구,2623011100,개금동
20231231,2023,4,lawDong,62f6a938f48b,872,26260,동래구,2626010100,명장동
20231231,2023,4,lawDong,62f6a938f48b,2042,26260,동래구,2626010200,안락동
20231231,2023,4,lawDong,62f6a938f48b,97,26260,동래구,2626010300,칠산동
20231231,2023,4,lawDong,62f6a938f48b,304,26260,동래구,2626010400,낙민동
20231231,2023,4,lawDong,62f6a938f48b,371,26260,동래구,2626010500,복천동
20231231,2023,4,lawDong,62f6a938f48b,801,26260,동래구,2626010600,수안동
20231231,2023,4,lawDong,62f6a938f48b,1419,26260,동래구,2626010700,명륜동
20231231,2023,4,lawDong,62f6a938f48b,3406,26260,동래구,2626010800,온천동
20231231,2023,4,lawDong,62f6a938f48b,2216,26260,동래구,2626010900,사직동
20231231,2023,4,lawDong,62f6a938f48b,4571,26290,남구,2629010600,대연동
20231231,2023,4,lawDong,62f6a938f48b,2002,26290,남구,2629010700,용호동
20231231,2023,4,lawDong,62f6a938f48b,334,26290,남구,2629010800,용당동
20231231,2023,4,lawDong,62f6a938f48b,1516,26290,남구,2629010900,문현동
20231231,2023,4,lawDong,62f6a938f48b,233,26290,남구,2629011000,우암동
20231231,2023,4,lawDong,62f6a938f48b,418,26290,남구,2629011100,감만동
20231231,2023,4,lawDong,62f6a938f48b,526,26320,북구,2632010100,금곡동
20231231,2023,4,lawDong,62f6a938f48b,2117,26320,북구,2632010200,화명동
20231231,2023,4,lawDong,62f6a938f48b,1294,26320,북구,2632010300,만덕동
20231231,2023,4,lawDong,62f6a938f48b,2048,26320,북구,2632010400,덕천동
20231231,2023,4,lawDong,62f6a938f48b,2284,26320,북구,2632010500,구포동
20231231,2023,4,lawDong,62f6a938f48b,1195,26350,해운대구,2635010100,반송동
20231231,2023,4,lawDong,62f6a938f48b,81,26350,해운대구,2635010200,석대동
20231231,2023,4,lawDong,62f6a938f48b,1843,26350,해운대구,2635010300,반여동
20231231,2023,4,lawDong,62f6a938f48b,2426,26350,해운대구,2635010400,재송동
20231231,2023,4,lawDong,62f6a938f48b,4850,26350,해운대구,2635010500,우동
20231231,2023,4,lawDong,62f6a938f48b,2553,26350,해운대구,2635010600,중동
20231231,2023,4,lawDong,62f6a938f48b,2810,26350,해운대구,2635010700,좌동
20231231,2023,4,lawDong,62f6a938f48b,699,26350,해운대구,2635010800,송정동
20231231,2023,4,lawDong,62f6a938f48b,2123,26380,사하구,2638010100,괴정동
20231231,2023,4,lawDong,62f6a938f48b,1042,26380,사하구,2638010200,당리동
20231231,2023,4,lawDong,62f6a938f48b,2382,26380,사하구,2638010300,하단동
20231231,2023,4,lawDong,62f6a938f48b,1064,26380,사하구,2638010400,신평동
20231231,2023,4,lawDong,62f6a938f48b,1256,26380,사하구,2638010500,장림동
20231231,2023,4,lawDong,62f6a938f48b,1711,26380,사하구,2638010600,다대동
20231231,2023,4,lawDong,62f6a938f48b,296,26380,사하구,2638010700,구평동
20231231,2023,4,lawDong,62f6a938f48b,744,26380,사하구,2638010800,감천동
20231231,2023,4,lawDong,62f6a938f48b,174,26410,금정구,2641010100,두구동
20231231,2023,4,lawDong,62f6a938f48b,81,26410,금정구,2641010200,노포동
20231231,2023,4,lawDong,62f6a938f48b,221,26410,금정구,2641010300,청룡동
20231231,2023,4,lawDong,62f6a938f48b,1289,26410,금정구,2641010400,남산동
20231231,2023,4,lawDong,62f6a938f48b,35,26410,금정구,2641010500,선동
20231231,2023,4,lawDong,62f6a938f48b,39,26410,금정구,2641010600,오륜동
20231231,2023,4,lawDong,62f6a938f48b,1690,26410,금정구,2641010700,구서동
20231231,2023,4,lawDong,62f6a938f48b,2860,26410,금정구,2641010800,장전동
20231231,2023,4,lawDong,62f6a938f48b,1810,26410,금정구,2641010900,부곡동
20231231,2023,4,lawDong,62f6a938f48b,1350,26410,금정구,2641011000,서동
20231231,2023,4,lawDong,62f6a938f48b,413,26410,금정구,2641011100,금사동
20231231,2023,4,lawDong,62f6a938f48b,137,26410,금정구,2641011200,회동동
20231231,2023,4,lawDong,62f6a938f48b,115,26410,금정구,2641011300,금성동
20231231,2023,4,lawDong,62f6a938f48b,737,26440,강서구,2644010100,대저1동
20231231,2023,4,lawDong,62f6a938f48b,771,26440,강서구,2644010200,대저2동
20231231,2023,4,lawDong,62f6a938f48b,289,26440,강서구,2644010300,강동동
20231231,2023,4,lawDong,62f6a938f48b,3463,26440,강서구,2644010400,명지동
20231231,2023,4,lawDong,62f6a938f48b,62,26440,강서구,2644010500,죽림동
20231231,2023,4,lawDong,62f6a938f48b,18,26440,강서구,2644010600,식만동
20231231,2023,4,lawDong,62f6a938f48b,24,26440,강서구,2644010700,죽동동
20231231,2023,4,lawDong,62f6a938f48b,59,26440,강서구,2644010800,봉림동
20231231,2023,4,lawDong,62f6a938f48b,263,26440,강서구,2644010900,송정동
20231231,2023,4,lawDong,62f6a938f48b,158,26440,강서구,2644011000,화전동
20231231,2023,4,lawDong,62f6a938f48b,201,26440,강서구,2644011100,녹산동
20231231,2023,4,lawDong,62f6a938f48b,55,26440,강서구,2644011200,생곡동
20231231,2023,4,lawDong,62f6a938f48b,55,26440,강서구,2644011300,구랑동
20231231,2023,4,lawDong,62f6a938f48b,232,26440,강서구,2644011400,지사동
20231231,2023,4,lawDong,62f6a938f48b,65,26440,강서구,2644011500,미음동
20231231,2023,4,lawDong,62f6a938f48b,160,26440,강서구,2644011600,범방동
20231231,2023,4,lawDong,62f6a938f48b,608,26440,강서구,2644011700,신호동
20231231,2023,4,lawDong,62f6a938f48b,31,26440,강서구,2644011800,동선동
20231231,2023,4,lawDong,62f6a938f48b,58,26440,강서구,2644011900,성북동
20231231,2023,4,lawDong,62f6a938f48b,7,26440,강서구,2644012000,눌차동
20231231,2023,4,lawDong,62f6a938f48b,77,26440,강서구,2644012100,천성동
20231231,2023,4,lawDong,62f6a938f48b,53,26440,강서구,2644012200,대항동
20231231,2023,4,lawDong,62f6a938f48b,2803,26470,연제구,2647010100,거제동
20231231,2023,4,lawDong,62f6a938f48b,6893,26470,연제구,2647010200,연산동
20231231,2023,4,lawDong,62f6a938f48b,1290,26500,수영구,2650010100,망미동
20231231,2023,4,lawDong,62f6a938f48b,1102,26500,수영구,2650010200,수영동
20231231,2023,4,lawDong,62f6a938f48b,1586,26500,수영구,2650010300,민락동
20231231,2023,4,lawDong,62f6a938f48b,3371,26500,수영구,2650010400,광안동
20231231,2023,4,lawDong,62f6a938f48b,1845,26500,수영구,2650010500,남천동
20231231,2023,4,lawDong,62f6a938f48b,406,26530,사상구,2653010100,삼락동
20231231,2023,4,lawDong,62f6a938f48b,1152,26530,사상구,2653010200,모라동
20231231,2023,4,lawDong,62f6a938f48b,993,26530,사상구,2653010300,덕포동
20231231,2023,4,lawDong,62f6a938f48b,2429,26530,사상구,2653010400,괘법동
20231231,2023,4,lawDong,62f6a938f48b,1400,26530,사상구,2653010500,감전동
20231231,2023,4,lawDong,62f6a938f48b,1570,26530,사상구,2653010600,주례동
20231231,2023,4,lawDong,62f6a938f48b,737,26530,사상구,2653010700,학장동
20231231,2023,4,lawDong,62f6a938f48b,645,26530,사상구,2653010800,엄궁동
20231231,2023,4,lawDong,62f6a938f48b,685,26710,기장군,2671025021,기장읍
20231231,2023,4,lawDong,62f6a938f48b,391,26710,기장군,2671025022,기장읍
20231231,2023,4,lawDong,62f6a938f48b,7,26710,기장군,2671025023,기장읍
20231231,2023,4,lawDong,62f6a938f48b,76,26710,기장군,2671025024,기장읍
20231231,2023,4,lawDong,62f6a938f48b,60,26710,기장군,2671025025,기장읍
20231231,2023,4,lawDong,62f6a938f48b,753,26710,기장군,2671025026,기장읍
20231231,2023,4,lawDong,62f6a938f48b,290,26710,기장군,2671025027,기장읍
20231231,2023,4,lawDong,62f6a938f48b,141,26710,기장군,2671025028,기장읍
20231231,2023,4,lawDong,62f6a938f48b,109,26710,기장군,2671025029,기장읍
20231231,2023,4,lawDong,62f6a938f48b,21,26710,기장군,2671025030,기장읍
20231231,2023,4,lawDong,62f6a938f48b,6,26710,기장군,2671025031,기장읍
20231231,2023,4,lawDong,62f6a938f48b,370,26710,기장군,2671025032,기장읍
20231231,2023,4,lawDong,62f6a938f48b,352,26710,기장군,2671025033,기장읍
20231231,2023,4,lawDong,62f6a938f48b,64,26710,기장군,2671025034,기장읍
20231231,2023,4,lawDong,62f6a938f48b,294,26710,기장군,2671025321,장안읍
20231231,2023,4,lawDong,62f6a938f48b,5,26710,기장군,2671025323,장안읍
20231231,2023,4,lawDong,62f6a938f48b,29,26710,기장군,2671025324,장안읍
20231231,2023,4,lawDong,62f6a938f48b,48,26710,기장군,2671025325,장안읍
20231231,2023,4,lawDong,62f6a938f48b,11,26710,기장군,2671025326,장안읍
20231231,2023,4,lawDong,62f6a938f48b,15,26710,기장군,2671025327,장안읍
20231231,2023,4,lawDong,62f6a938f48b,67,26710,기장군,2671025328,장안읍
20231231,2023,4,lawDong,62f6a938f48b,33,26710,기장군,2671025329,장안읍
20231231,2023,4,lawDong,62f6a938f48b,107,26710,기장군,2671025330,장안읍
20231231,2023,4,lawDong,62f6a938f48b,43,26710,기장군,2671025331,장안읍
20231231,2023,4,lawDong,62f6a938f48b,40,26710,기장군,2671025332,장안읍
20231231,2023,4,lawDong,62f6a938f48b,20,26710,기장군,2671025333,장안읍
20231231,2023,4,lawDong,62f6a938f48b,123,26710,기장군,2671025334,장안읍
20231231,2023,4,lawDong,62f6a938f48b,253,26710,기장군,2671025621,정관읍
20231231,2023,4,lawDong,62f6a938f48b,1154,26710,기장군,2671025622,정관읍
20231231,2023,4,lawDong,62f6a938f48b,2,26710,기장군,2671025623,정관읍
20231231,2023,4,lawDong,62f6a938f48b,6,26710,기장군,2671025624,정관읍
20231231,2023,4,lawDong,62f6a938f48b,227,26710,기장군,2671025625,정관읍
20231231,2023,4,lawDong,62f6a938f48b,23,26710,기장군,2671025626,정관읍
20231231,2023,4,lawDong,62f6a938f48b,411,26710,기장군,2671025627,정관읍
20231231,2023,4,lawDong,62f6a938f48b,392,26710,기장군,2671025628,정관읍
20231231,2023,4,lawDong,62f6a938f48b,4,26710,기장군,2671025629,정관읍
20231231,2023,4,lawDong,62f6a938f48b,88,26710,기장군,2671025630,정관읍
20231231,2023,4,lawDong,62f6a938f48b,735,26710,기장군,2671025921,일광읍
20231231,2023,4,lawDong,62f6a938f48b,159,26710,기장군,2671025922,일광읍
20231231,2023,4,lawDong,62f6a938f48b,27,26710,기장군,2671025923,일광읍
20231231,2023,4,lawDong,62f6a938f48b,47,26710,기장군,2671025924,일광읍
20231231,2023,4,lawDong,62f6a938f48b,34,26710,기장군,2671025925,일광읍
20231231,2023,4,lawDong,62f6a938f48b,43,26710,기장군,2671025926,일광읍
20231231,2023,4,lawDong,62f6a938f48b,65,26710,기장군,2671025927,일광읍
20231231,2023,4,lawDong,62f6a938f48b,28,26710,기장군,2671025928,일광읍
20231231,2023,4,lawDong,62f6a938f48b,5,26710,기장군,2671025929,일광읍
20231231,2023,4,lawDong,62f6a938f48b,15,26710,기장군,2671025930,일광읍
20231231,2023,4,lawDong,62f6a938f48b,58,26710,기장군,2671025931,일광읍
20231231,2023,4,lawDong,62f6a938f48b,10,26710,기장군,2671025932,일광읍
20231231,2023,4,lawDong,62f6a938f48b,18,26710,기장군,2671025933,일광읍
20231231,2023,4,lawDong,62f6a938f48b,11,26710,기장군,2671033021,철마면
20231231,2023,4,lawDong,62f6a938f48b,41,26710,기장군,2671033022,철마면
20231231,2023,4,lawDong,62f6a938f48b,3,26710,기장군,2671033023,철마면
20231231,2023,4,lawDong,62f6a938f48b,57,26710,기장군,2671033024,철마면
20231231,2023,4,lawDong,62f6a938f48b,27,26710,기장군,2671033025,철마면
20231231,2023,4,lawDong,62f6a938f48b,25,26710,기장군,2671033026,철마면
20231231,2023,4,lawDong,62f6a938f48b,8,26710,기장군,2671033027,철마면
20231231,2023,4,lawDong,62f6a938f48b,7,26710,기장군,2671033028,철마면
20231231,2023,4,lawDong,62f6a938f48b,47,26710,기장군,2671033029,철마면
20231231,2023,4,lawDong,62f6a938f48b,19,26710,기장군,2671033030,철마면
20231231,2023,4,lawDong,62f6a938f48b,15,26710,기장군,2671033031,철마면
20240331,2024,1,busan,62f6a938f48b,150215,,,,
20240331,2024,1,district,62f6a938f48b,7321,26110,중구,,
20240331,2024,1,district,62f6a938f48b,3892,26140,서구,,
20240331,2024,1,district,62f6a938f48b,6697,26170,동구,,
20240331,2024,1,district,62f6a938f48b,3995,26200,영도구,,
20240331,2024,1,district,62f6a938f48b,19756,26230,부산진구,,
20240331,2024,1,district,62f6a938f48b,11363,26260,동래구,,
20240331,2024,1,district,62f6a938f48b,8956,26290,남구,,
20240331,2024,1,district,62f6a938f48b,8111,26320,북구,,
20240331,2024,1,district,62f6a938f48b,16151,26350,해운대구,,
20240331,2024,1,district,62f6a938f48b,10582,26380,사하구,,
20240331,2024,1,district,62f6a938f48b,10110,26410,금정구,,
20240331,2024,1,district,62f6a938f48b,7326,26440,강서구,,
20240331,2024,1,district,62f6a938f48b,9584,26470,연제구,,
20240331,2024,1,district,62f6a938f48b,9101,26500,수영구,,
20240331,2024,1,district,62f6a938f48b,9170,26530,사상구,,
20240331,2024,1,district,62f6a938f48b,8100,26710,기장군,,
20240331,2024,1,lawDong,62f6a938f48b,291,26110,중구,2611010100,영주동
20240331,2024,1,lawDong,62f6a938f48b,53,26110,중구,2611010200,대창동1가
20240331,2024,1,lawDong,62f6a938f48b,57,26110,중구,2611010300,대창동2가
20240331,2024,1,lawDong,62f6a938f48b,61,26110,중구,2611010400,중앙동1가
20240331,2024,1,lawDong,62f6a938f48b,126,26110,중구,2611010500,중앙동2가
20240331,2024,1,lawDong,62f6a938f48b,121,26110,중구,2611010600,중앙동3가
20240331,2024,1,lawDong,62f6a938f48b,693,26110,중구,2611010700,중앙동4가
20240331,2024,1,lawDong,62f6a938f48b,55,26110,중구,2611010800,중앙동5가
20240331,2024,1,lawDong,62f6a938f48b,232,26110,중구,2611010900,중앙동6가
20240331,2024,1,lawDong,62f6a938f48b,320,26110,중구,2611011000,중앙동7가
20240331,2024,1,lawDong,62f6a938f48b,83,26110,중구,2611011100,동광동1가
20240331,2024,1,lawDong,62f6a938f48b,70,26110,중구,2611011200,동광동2가
20240331,2024,1,lawDong,62f6a938f48b,66,26110,중구,2611011300,동광동3가
20240331,2024,1,lawDong,62f6a938f48b,78,26110,중구,2611011400,동광동4가
20240331,2024,1,lawDong,62f6a938f48b,92,26110,중구,2611011500,동광동5가
20240331,2024,1,lawDong,62f6a938f48b,75,26110,중구,2611011600,대청동1가
20240331,2024,1,lawDong,62f6a938f48b,155,26110,중구,2611011700,대청동2가
20240331,2024,1,lawDong,62f6a938f48b,52,26110,중구,2611011800,대청동3가
20240331,2024,1,lawDong,62f6a938f48b,92,26110,중구,2611011900,대청동4가
20240331,2024,1,lawDong,62f6a938f48b,175,26110,중구,2611012000,보수동1가
20240331,2024,1,lawDong,62f6a938f48b,133,26110,중구,2611012100,보수동2가
20240331,2024,1,lawDong,62f6a938f48b,88,26110,중구,2611012200,보수동3가
20240331,2024,1,lawDong,62f6a938f48b,635,26110,중구,2611012300,부평동1가
20240331,2024,1,lawDong,62f6a938f48b,570,26110,중구,2611012400,부평동2가
20240331,2024,1,lawDong,62f6a938f48b,158,26110,중구,2611012500,부평동3가
20240331,2024,1,lawDong,62f6a938f48b,130,26110,중구,2611012600,부평동4가
20240331,2024,1,lawDong,62f6a938f48b,285,26110,중구,2611012700,신창동1가
20240331,2024,1,lawDong,62f6a938f48b,245,26110,중구,2611012800,신창동2가
20240331,2024,1,lawDong,62f6a938f48b,107,26110,중구,2611012900,신창동3가
20240331,2024,1,lawDong,62f6a938f48b,253,26110,중구,2611013000,신창동4가
20240331,2024,1,lawDong,62f6a938f48b,149,26110,중구,2611013100,창선동1가
20240331,2024,1,lawDong,62f6a938f48b,194,26110,중구,2611013200,창선동2가
20240331,2024,1,lawDong,62f6a938f48b,125,26110,중구,2611013300,광복동1가
20240331,2024,1,lawDong,62f6a938f48b,72,26110,중구,2611013400,광복동2가
20240331,2024,1,lawDong,62f6a938f48b,68,26110,중구,2611013500,광복동3가
20240331,2024,1,lawDong,62f6a938f48b,80,26110,중구,2611013600,남포동1가
20240331,2024,1,lawDong,62f6a938f48b,176,26110,중구,2611013700,남포동2가
20240331,2024,1,lawDong,62f6a938f48b,54,26110,중구,2611013800,남포동3가
20240331,2024,1,lawDong,62f6a938f48b,134,26110,중구,2611013900,남포동4가
20240331,2024,1,lawDong,62f6a938f48b,403,26110,중구,2611014000,남포동5가
20240331,2024,1,lawDong,62f6a938f48b,315,26110,중구,2611014100,남포동6가
20240331,2024,1,lawDong,62f6a938f48b,195,26140,서구,2614010100,동대신동1가
20240331,2024,1,lawDong,62f6a938f48b,266,26140,서구,2614010200,동대신동2가
20240331,2024,1,lawDong,62f6a938f48b,337,26140,서구,2614010300,동대신동3가
20240331,2024,1,lawDong,62f6a938f48b,170,26140,서구,2614010400,서대신동1가
20240331,2024,1,lawDong,62f6a938f48b,290,26140,서구,2614010500,서대신동2가
20240331,2024,1,lawDong,62f6a938f48b,407,26140,서구,2614010600,서대신동3가
20240331,2024,1,lawDong,62f6a938f48b,49,26140,서구,2614010700,부용동1가
20240331,2024,1,lawDong,62f6a938f48b,52,26140,서구,2614010800,부용동2가
20240331,2024,1,lawDong,62f6a938f48b,149,26140,서구,2614010900,부민동1가
20240331,2024,1,lawDong,62f6a938f48b,72,26140,서구,2614011000,부민동2가
20240331,2024,1,lawDong,62f6a938f48b,37,26140,서구,2614011100,부민동3가
20240331,2024,1,lawDong,62f6a938f48b,55,26140,서구,2614011200,토성동1가
20240331,2024,1,lawDong,62f6a938f48b,27,26140,서구,2614011300,토성동2가
20240331,2024,1,lawDong,62f6a938f48b,47,26140,서구,2614011400,토성동3가
20240331,2024,1,lawDong,62f6a938f48b,52,26140,서구,2614011500,아미동1가
20240331,2024,1,lawDong,62f6a938f48b,170,26140,서구,2614011600,아미동2가
20240331,2024,1,lawDong,62f6a938f48b,41,26140,서구,2614011700,토성동4가
20240331,2024,1,lawDong,62f6a938f48b,74,26140,서구,2614011800,토성동5가
20240331,2024,1,lawDong,62f6a938f48b,82,26140,서구,2614011900,초장동
20240331,2024,1,lawDong,62f6a938f48b,359,26140,서구,2614012000,충무동1가
20240331,2024,1,lawDong,62f6a938f48b,73,26140,서구,2614012100,충무동2가
20240331,2024,1,lawDong,62f6a938f48b,49,26140,서구,2614012200,충무동3가
20240331,2024,1,lawDong,62f6a938f48b,336,26140,서구,2614012300,남부민동
20240331,2024,1,lawDong,62f6a938f48b,503,26140,서구,2614012400,암남동
20240331,2024,1,lawDong,62f6a938f48b,2361,26170,동구,2617010100,초량동
20240331,2024,1,lawDong,62f6a938f48b,1048,26170,동구,2617010200,수정동
20240331,2024,1,lawDong,62f6a938f48b,346,26170,동구,2617010300,좌천동
20240331,2024,1,lawDong,62f6a938f48b,2942,26170,동구,2617010400,범일동
20240331,2024,1,lawDong,62f6a938f48b,245,26200,영도구,2620010100,대교동1가
20240331,2024,1,lawDong,62f6a938f48b,230,26200,영도구,2620010200,대교동2가
20240331,2024,1,lawDong,62f6a938f48b,49,26200,영도구,2620010300,대평동1가
20240331,2024,1,lawDong,62f6a938f48b,26,26200,영도구,2620010400,대평동2가
20240331,2024,1,lawDong,62f6a938f48b,301,26200,영도구,2620010500,남항동1가
20240331,2024,1,lawDong,62f6a938f48b,133,26200,영도구,2620010600,남항동2가
20240331,2024,1,lawDong,62f6a938f48b,61,26200,영도구,2620010700,남항동3가
20240331,2024,1,lawDong,62f6a938f48b,163,26200,영도구,2620010800,영선동1가
20240331,2024,1,lawDong,62f6a938f48b,226,26200,영도구,2620010900,영선동2가
20240331,2024,1,lawDong,62f6a938f48b,117,26200,영도구,2620011000,영선동3가
20240331,2024,1,lawDong,62f6a938f48b,142,26200,영도구,2620011100,영선동4가
20240331,2024,1,lawDong,62f6a938f48b,50,26200,영도구,2620011200,신선동1가
20240331,2024,1,lawDong,62f6a938f48b,43,26200,영도구,2620011300,신선동2가
20240331,2024,1,lawDong,62f6a938f48b,55,26200,영도구,2620011400,신선동3가
20240331,2024,1,lawDong,62f6a938f48b,80,26200,영도구,2620011500,봉래동1가
20240331,2024,1,lawDong,62f6a938f48b,133,26200,영도구,2620011600,봉래동2가
20240331,2024,1,lawDong,62f6a938f48b,178,26200,영도구,2620011700,봉래동3가
20240331,2024,1,lawDong,62f6a938f48b,33,26200,영도구,2620011800,봉래동4가
20240331,2024,1,lawDong,62f6a938f48b,60,26200,영도구,2620011900,봉래동5가
20240331,2024,1,lawDong,62f6a938f48b,563,26200,영도구,2620012000,청학동
20240331,2024,1,lawDong,62f6a938f48b,1107,26200,영도구,2620012100,동삼동
20240331,2024,1,lawDong,62f6a938f48b,1811,26230,부산진구,2623010100,양정동
20240331,2024,1,lawDong,62f6a938f48b,3168,26230,부산진구,2623010200,전포동
20240331,2024,1,lawDong,62f6a938f48b,6543,26230,부산진구,2623010300,부전동
20240331,2024,1,lawDong,62f6a938f48b,1873,26230,부산진구,2623010400,범천동
20240331,2024,1,lawDong,62f6a938f48b,176,26230,부산진구,2623010500,범전동
20240331,2024,1,lawDong,62f6a938f48b,502,26230,부산진구,2623010600,연지동
20240331,2024,1,lawDong,62f6a938f48b,795,26230,부산진구,2623010700,초읍동
20240331,2024,1,lawDong,62f6a938f48b,826,26230,부산진구,2623010800,부암동
20240331,2024,1,lawDong,62f6a938f48b,1421,26230,부산진구,2623010900,당감동
20240331,2024,1,lawDong,62f6a938f48b,1167,26230,부산진구,2623011000,가야동
20240331,2024,1,lawDong,62f6a938f48b,1474,26230,부산진구,2623011100,개금동
20240331,2024,1,lawDong,62f6a938f48b,854,26260,동래구,2626010100,명장동
20240331,2024,1,lawDong,62f6a938f48b,2028,26260,동래구,2626010200,안락동
20240331,2024,1,lawDong,62f6a938f48b,94,26260,동래구,2626010300,칠산동
20240331,2024,1,lawDong,62f6a938f48b,290,26260,동래구,2626010400,낙민동
20240331,2024,1,lawDong,62f6a938f48b,371,26260,동래구,2626010500,복천동
20240331,2024,1,lawDong,62f6a938f48b,789,26260,동래구,2626010600,수안동
20240331,2024,1,lawDong,62f6a938f48b,1391,26260,동래구,2626010700,명륜동
20240331,2024,1,lawDong,62f6a938f48b,3349,26260,동래구,2626010800,온천동
20240331,2024,1,lawDong,62f6a938f48b,2197,26260,동래구,2626010900,사직동
20240331,2024,1,lawDong,62f6a938f48b,4524,26290,남구,2629010600,대연동
20240331,2024,1,lawDong,62f6a938f48b,1978,26290,남구,2629010700,용호동
20240331,2024,1,lawDong,62f6a938f48b,327,26290,남구,2629010800,용당동
20240331,2024,1,lawDong,62f6a938f48b,1490,26290,남구,2629010900,문현동
20240331,2024,1,lawDong,62f6a938f48b,234,26290,남구,2629011000,우암동
20240331,2024,1,lawDong,62f6a938f48b,403,26290,남구,2629011100,감만동
20240331,2024,1,lawDong,62f6a938f48b,513,26320,북구,2632010100,금곡동
20240331,2024,1,lawDong,62f6a938f48b,2079,26320,북구,2632010200,화명동
20240331,2024,1,lawDong,62f6a938f48b,1281,26320,북구,2632010300,만덕동
20240331,2024,1,lawDong,62f6a938f48b,2012,26320,북구,2632010400,덕천동
20240331,2024,1,lawDong,62f6a938f48b,2226,26320,북구,2632010500,구포동
20240331,2024,1,lawDong,62f6a938f48b,1169,26350,해운대구,2635010100,반송동
20240331,2024,1,lawDong,62f6a938f48b,82,26350,해운대구,2635010200,석대동
20240331,2024,1,lawDong,62f6a938f48b,1824,26350,해운대구,2635010300,반여동
20240331,2024,1,lawDong,62f6a938f48b,2395,26350,해운대구,2635010400,재송동
20240331,2024,1,lawDong,62f6a938f48b,4733,26350,해운대구,2635010500,우동
20240331,2024,1,lawDong,62f6a938f48b,2509,26350,해운대구,2635010600,중동
20240331,2024,1,lawDong,62f6a938f48b,2751,26350,해운대구,2635010700,좌동
20240331,2024,1,lawDong,62f6a938f48b,688,26350,해운대구,2635010800,송정동
20240331,2024,1,lawDong,62f6a938f48b,2092,26380,사하구,2638010100,괴정동
20240331,2024,1,lawDong,62f6a938f48b,1044,26380,사하구,2638010200,당리동
20240331,2024,1,lawDong,62f6a938f48b,2363,26380,사하구,2638010300,하단동
20240331,2024,1,lawDong,62f6a938f48b,1117,26380,사하구,2638010400,신평동
20240331,2024,1,lawDong,62f6a938f48b,1242,26380,사하구,2638010500,장림동
20240331,2024,1,lawDong,62f6a938f48b,1700,26380,사하구,2638010600,다대동
20240331,2024,1,lawDong,62f6a938f48b,287,26380,사하구,2638010700,구평동
20240331,2024,1,lawDong,62f6a938f48b,737,26380,사하구,2638010800,감천동
20240331,2024,1,lawDong,62f6a938f48b,176,26410,금정구,2641010100,두구동
20240331,2024,1,lawDong,62f6a938f48b,81,26410,금정구,2641010200,노포동
20240331,2024,1,lawDong,62f6a938f48b,221,26410,금정구,2641010300,청룡동
20240331,2024,1,lawDong,62f6a938f48b,1268,26410,금정구,2641010400,남산동
20240331,2024,1,lawDong,62f6a938f48b,36,26410,금정구,2641010500,선동
20240331,2024,1,lawDong,62f6a938f48b,40,26410,금정구,2641010600,오륜동
20240331,2024,1,lawDong,62f6a938f48b,1685,26410,금정구,2641010700,구서동
20240331,2024,1,lawDong,62f6a938f48b,2817,26410,금정구,2641010800,장전동
20240331,2024,1,lawDong,62f6a938f48b,1787,26410,금정구,2641010900,부곡동
20240331,2024,1,lawDong,62f6a938f48b,1340,26410,금정구,2641011000,서동
20240331,2024,1,lawDong,62f6a938f48b,411,26410,금정구,2641011100,금사동
20240331,2024,1,lawDong,62f6a938f48b,134,26410,금정구,2641011200,회동동
20240331,2024,1,lawDong,62f6a938f48b,114,26410,금정구,2641011300,금성동
20240331,2024,1,lawDong,62f6a938f48b,729,26440,강서구,2644010100,대저1동
20240331,2024,1,lawDong,62f6a938f48b,759,26440,강서구,2644010200,대저2동
20240331,2024,1,lawDong,62f6a938f48b,285,26440,강서구,2644010300,강동동
20240331,2024,1,lawDong,62f6a938f48b,3387,26440,강서구,2644010400,명지동
20240331,2024,1,lawDong,62f6a938f48b,62,26440,강서구,2644010500,죽림동
20240331,2024,1,lawDong,62f6a938f48b,19,26440,강서구,2644010600,식만동
20240331,2024,1,lawDong,62f6a938f48b,24,26440,강서구,2644010700,죽동동
20240331,2024,1,lawDong,62f6a938f48b,60,26440,강서구,2644010800,봉림동
20240331,2024,1,lawDong,62f6a938f48b,258,26440,강서구,2644010900,송정동
20240331,2024,1,lawDong,62f6a938f48b,157,26440,강서구,2644011000,화전동
20240331,2024,1,lawDong,62f6a938f48b,195,26440,강서구,2644011100,녹산동
20240331,2024,1,lawDong,62f6a938f48b,58,26440,강서구,2644011200,생곡동
20240331,2024,1,lawDong,62f6a938f48b,53,26440,강서구,2644011300,구랑동
20240331,2024,1,lawDong,62f6a938f48b,228,26440,강서구,2644011400,지사동
20240331,2024,1,lawDong,62f6a938f48b,63,26440,강서구,2644011500,미음동
20240331,2024,1,lawDong,62f6a938f48b,160,26440,강서구,2644011600,범방동
20240331,2024,1,lawDong,62f6a938f48b,606,26440,강서구,2644011700,신호동
20240331,2024,1,lawDong,62f6a938f48b,31,26440,강서구,2644011800,동선동
20240331,2024,1,lawDong,62f6a938f48b,57,26440,강서구,2644011900,성북동
20240331,2024,1,lawDong,62f6a938f48b,7,26440,강서구,2644012000,눌차동
20240331,2024,1,lawDong,62f6a938f48b,74,26440,강서구,2644012100,천성동
20240331,2024,1,lawDong,62f6a938f48b,54,26440,강서구,2644012200,대항동
20240331,2024,1,lawDong,62f6a938f48b,2781,26470,연제구,2647010100,거제동
20240331,2024,1,lawDong,62f6a938f48b,6803,26470,연제구,2647010200,연산동
20240331,2024,1,lawDong,62f6a938f48b,1267,26500,수영구,2650010100,망미동
20240331,2024,1,lawDong,62f6a938f48b,1099,26500,수영구,2650010200,수영동
20240331,2024,1,lawDong,62f6a938f48b,1564,26500,수영구,2650010300,민락동
20240331,2024,1,lawDong,62f6a938f48b,3347,26500,수영구,2650010400,광안동
20240331,2024,1,lawDong,62f6a938f48b,1824,26500,수영구,2650010500,남천동
20240331,2024,1,lawDong,62f6a938f48b,393,26530,사상구,2653010100,삼락동
20240331,2024,1,lawDong,62f6a938f48b,1143,26530,사상구,2653010200,모라동
20240331,2024,1,lawDong,62f6a938f48b,975,26530,사상구,2653010300,덕포동
20240331,2024,1,lawDong,62f6a938f48b,2399,26530,사상구,2653010400,괘법동
20240331,2024,1,lawDong,62f6a938f48b,1372,26530,사상구,2653010500,감전동
20240331,2024,1,lawDong,62f6a938f48b,1551,26530,사상구,2653010600,주례동
20240331,2024,1,lawDong,62f6a938f48b,720,26530,사상구,2653010700,학장동
20240331,2024,1,lawDong,62f6a938f48b,617,26530,사상구,2653010800,엄궁동
20240331,2024,1,lawDong,62f6a938f48b,677,26710,기장군,2671025021,기장읍
20240331,2024,1,lawDong,62f6a938f48b,379,26710,기장군,2671025022,기장읍
20240331,2024,1,lawDong,62f6a938f48b,6,26710,기장군,2671025023,기장읍
20240331,2024,1,lawDong,62f6a938f48b,78,26710,기장군,2671025024,기장읍
20240331,2024,1,lawDong,62f6a938f48b,60,26710,기장군,2671025025,기장읍
20240331,2024,1,lawDong,62f6a938f48b,750,26710,기장군,2671025026,기장읍
20240331,2024,1,lawDong,62f6a938f48b,283,26710,기장군,2671025027,기장읍
20240331,2024,1,lawDong,62f6a938f48b,139,26710,기장군,2671025028,기장읍
20240331,2024,1,lawDong,62f6a938f48b,108,26710,기장군,2671025029,기장읍
20240331,2024,1,lawDong,62f6a938f48b,21,26710,기장군,2671025030,기장읍
20240331,2024,1,lawDong,62f6a938f48b,6,26710,기장군,2671025031,기장읍
20240331,2024,1,lawDong,62f6a938f48b,357,26710,기장군,2671025032,기장읍
20240331,2024,1,lawDong,62f6a938f48b,341,26710,기장군,2671025033,기장읍
20240331,2024,1,lawDong,62f6a938f48b,62,26710,기장군,2671025034,기장읍
20240331,2024,1,lawDong,62f6a938f48b,290,26710,기장군,2671025321,장안읍
20240331,2024,1,lawDong,62f6a938f48b,5,26710,기장군,2671025323,장안읍
20240331,2024,1,lawDong,62f6a938f48b,30,26710,기장군,2671025324,장안읍
20240331,2024,1,lawDong,62f6a938f48b,48,26710,기장군,2671025325,장안읍
20240331,2024,1,lawDong,62f6a938f48b,11,26710,기장군,2671025326,장안읍
20240331,2024,1,lawDong,62f6a938f48b,15,26710,기장군,2671025327,장안읍
20240331,2024,1,lawDong,62f6a938f48b,67,26710,기장군,2671025328,장안읍
20240331,2024,1,lawDong,62f6a938f48b,34,26710,기장군,2671025329,장안읍
20240331,2024,1,lawDong,62f6a938f48b,102,26710,기장군,2671025330,장안읍
20240331,2024,1,lawDong,62f6a938f48b,44,26710,기장군,2671025331,장안읍
20240331,2024,1,lawDong,62f6a938f48b,38,26710,기장군,2671025332,장안읍
20240331,2024,1,lawDong,62f6a938f48b,20,26710,기장군,2671025333,장안읍
20240331,2024,1,lawDong,62f6a938f48b,118,26710,기장군,2671025334,장안읍
20240331,2024,1,lawDong,62f6a938f48b,252,26710,기장군,2671025621,정관읍
20240331,2024,1,lawDong,62f6a938f48b,1123,26710,기장군,2671025622,정관읍
20240331,2024,1,lawDong,62f6a938f48b,2,26710,기장군,2671025623,정관읍
20240331,2024,1,lawDong,62f6a938f48b,7,26710,기장군,2671025624,정관읍
20240331,2024,1,lawDong,62f6a938f48b,221,26710,기장군,2671025625,정관읍
20240331,2024,1,lawDong,62f6a938f48b,23,26710,기장군,2671025626,정관읍
20240331,2024,1,lawDong,62f6a938f48b,401,26710,기장군,2671025627,정관읍
20240331,2024,1,lawDong,62f6a938f48b,383,26710,기장군,2671025628,정관읍
20240331,2024,1,lawDong,62f6a938f48b,4,26710,기장군,2671025629,정관읍
20240331,2024,1,lawDong,62f6a938f48b,87,26710,기장군,2671025630,정관읍
20240331,2024,1,lawDong,62f6a938f48b,739,26710,기장군,2671025921,일광읍
20240331,2024,1,lawDong,62f6a938f48b,157,26710,기장군,2671025922,일광읍
20240331,2024,1,lawDong,62f6a938f48b,30,26710,기장군,2671025923,일광읍
20240331,2024,1,lawDong,62f6a938f48b,48,26710,기장군,2671025924,일광읍
20240331,2024,1,lawDong,62f6a938f48b,34,26710,기장군,2671025925,일광읍
20240331,2024,1,lawDong,62f6a938f48b,42,26710,기장군,2671025926,일광읍
20240331,2024,1,lawDong,62f6a938f48b,63,26710,기장군,2671025927,일광읍
20240331,2024,1,lawDong,62f6a938f48b,26,26710,기장군,2671025928,일광읍
20240331,2024,1,lawDong,62f6a938f48b,5,26710,기장군,2671025929,일광읍
20240331,2024,1,lawDong,62f6a938f48b,17,26710,기장군,2671025930,일광읍
20240331,2024,1,lawDong,62f6a938f48b,58,26710,기장군,2671025931,일광읍
20240331,2024,1,lawDong,62f6a938f48b,10,26710,기장군,2671025932,일광읍
20240331,2024,1,lawDong,62f6a938f48b,17,26710,기장군,2671025933,일광읍
20240331,2024,1,lawDong,62f6a938f48b,11,26710,기장군,2671033021,철마면
20240331,2024,1,lawDong,62f6a938f48b,40,26710,기장군,2671033022,철마면
20240331,2024,1,lawDong,62f6a938f48b,2,26710,기장군,2671033023,철마면
20240331,2024,1,lawDong,62f6a938f48b,60,26710,기장군,2671033024,철마면
20240331,2024,1,lawDong,62f6a938f48b,26,26710,기장군,2671033025,철마면
20240331,2024,1,lawDong,62f6a938f48b,26,26710,기장군,2671033026,철마면
20240331,2024,1,lawDong,62f6a938f48b,9,26710,기장군,2671033027,철마면
20240331,2024,1,lawDong,62f6a938f48b,8,26710,기장군,2671033028,철마면
20240331,2024,1,lawDong,62f6a938f48b,46,26710,기장군,2671033029,철마면
20240331,2024,1,lawDong,62f6a938f48b,19,26710,기장군,2671033030,철마면
20240331,2024,1,lawDong,62f6a938f48b,15,26710,기장군,2671033031,철마면
20240630,2024,2,busan,62f6a938f48b,147702,,,,
20240630,2024,2,district,62f6a938f48b,7197,26110,중구,,
20240630,2024,2,district,62f6a938f48b,3842,26140,서구,,
20240630,2024,2,district,62f6a938f48b,6607,26170,동구,,
20240630,2024,2,district,62f6a938f48b,3921,26200,영도구,,
20240630,2024,2,district,62f6a938f48b,19385,26230,부산진구,,
20240630,2024,2,district,62f6a938f48b,11181,26260,동래구,,
20240630,2024,2,district,62f6a938f48b,8807,26290,남구,,
20240630,2024,2,district,62f6a938f48b,7956,26320,북구,,
20240630,2024,2,district,62f6a938f48b,15892,26350,해운대구,,
20240630,2024,2,district,62f6a938f48b,10434,26380,사하구,,
20240630,2024,2,district,62f6a938f48b,9910,26410,금정구,,
20240630,2024,2,district,62f6a938f48b,7198,26440,강서구,,
20240630,2024,2,district,62f6a938f48b,9426,26470,연제구,,
20240630,2024,2,district,62f6a938f48b,8991,26500,수영구,,
20240630,2024,2,district,62f6a938f48b,9018,26530,사상구,,
20240630,2024,2,district,62f6a938f48b,7937,26710,기장군,,
20240630,2024,2,lawDong,62f6a938f48b,284,26110,중구,2611010100,영주동
20240630,2024,2,lawDong,62f6a938f48b,53,26110,중구,2611010200,대창동1가
20240630,2024,2,lawDong,62f6a938f48b,56,26110,중구,2611010300,대창동2가
20240630,2024,2,lawDong,62f6a938f48b,57,26110,중구,2611010400,중앙동1가
20240630,2024,2,lawDong,62f6a938f48b,121,26110,중구,2611010500,중앙동2가
20240630,2024,2,lawDong,62f6a938f48b,119,26110,중구,2611010600,중앙동3가
20240630,2024,2,lawDong,62f6a938f48b,679,26110,중구,2611010700,중앙동4가
20240630,2024,2,lawDong,62f6a938f48b,55,26110,중구,2611010800,중앙동5가
20240630,2024,2,lawDong,62f6a938f48b,226,26110,중구,2611010900,중앙동6가
20240630,2024,2,lawDong,62f6a938f48b,310,26110,중구,2611011000,중앙동7가
20240630,2024,2,lawDong,62f6a938f48b,85,26110,중구,2611011100,동광동1가
20240630,2024,2,lawDong,62f6a938f48b,68,26110,중구,2611011200,동광동2가
20240630,2024,2,lawDong,62f6a938f48b,68,26110,중구,2611011300,동광동3가
20240630,2024,2,lawDong,62f6a938f48b,78,26110,중구,2611011400,동광동4가
20240630,2024,2,lawDong,62f6a938f48b,94,26110,중구,2611011500,동광동5가
20240630,2024,2,lawDong,62f6a938f48b,74,26110,중구,2611011600,대청동1가
20240630,2024,2,lawDong,62f6a938f48b,146,26110,중구,2611011700,대청동2가
20240630,2024,2,lawDong,62f6a938f48b,53,26110,중구,2611011800,대청동3가
20240630,2024,2,lawDong,62f6a938f48b,91,26110,중구,2611011900,대청동4가
20240630,2024,2,lawDong,62f6a938f48b,175,26110,중구,2611012000,보수동1가
20240630,2024,2,lawDong,62f6a938f48b,134,26110,중구,2611012100,보수동2가
20240630,2024,2,lawDong,62f6a938f48b,86,26110,중구,2611012200,보수동3가
20240630,2024,2,lawDong,62f6a938f48b,626,26110,중구,2611012300,부평동1가
20240630,2024,2,lawDong,62f6a938f48b,556,26110,중구,2611012400,부평동2가
20240630,2024,2,lawDong,62f6a938f48b,156,26110,중구,2611012500,부평동3가
20240630,2024,2,lawDong,62f6a938f48b,124,26110,중구,2611012600,부평동4가
20240630,2024,2,lawDong,62f6a938f48b,281,26110,중구,2611012700,신창동1가
20240630,2024,2,lawDong,62f6a938f48b,243,26110,중구,2611012800,신창동2가
20240630,2024,2,lawDong,62f6a938f48b,107,26110,중구,2611012900,신창동3가
20240630,2024,2,lawDong,62f6a938f48b,249,26110,중구,2611013000,신창동4가
20240630,2024,2,lawDong,62f6a938f48b,145,26110,중구,2611013100,창선동1가
20240630,2024,2,lawDong,62f6a938f48b,191,26110,중구,2611013200,창선동2가
20240630,2024,2,lawDong,62f6a938f48b,127,26110,중구,2611013300,광복동1가
20240630,2024,2,lawDong,62f6a938f48b,71,26110,중구,2611013400,광복동2가
20240630,2024,2,lawDong,62f6a938f48b,67,26110,중구,2611013500,광복동3가
20240630,2024,2,lawDong,62f6a938f48b,79,26110,중구,2611013600,남포동1가
20240630,2024,2,lawDong,62f6a938f48b,172,26110,중구,2611013700,남포동2가
20240630,2024,2,lawDong,62f6a938f48b,52,26110,중구,2611013800,남포동3가
20240630,2024,2,lawDong,62f6a938f48b,136,26110,중구,2611013900,남포동4가
20240630,2024,2,lawDong,62f6a938f48b,393,26110,중구,2611014000,남포동5가
20240630,2024,2,lawDong,62f6a938f48b,310,26110,중구,2611014100,남포동6가
20240630,2024,2,lawDong,62f6a938f48b,191,26140,서구,2614010100,동대신동1가
20240630,2024,2,lawDong,62f6a938f48b,263,26140,서구,2614010200,동대신동2가
20240630,2024,2,lawDong,62f6a938f48b,337,26140,서구,2614010300,동대신동3가
20240630,2024,2,lawDong,62f6a938f48b,168,26140,서구,2614010400,서대신동1가
20240630,2024,2,lawDong,62f6a938f48b,290,26140,서구,2614010500,서대신동2가
20240630,2024,2,lawDong,62f6a938f48b,402,26140,서구,2614010600,서대신동3가
20240630,2024,2,lawDong,62f6a938f48b,48,26140,서구,2614010700,부용동1가
20240630,2024,2,lawDong,62f6a938f48b,51,26140,서구,2614010800,부용동2가
20240630,2024,2,lawDong,62f6a938f48b,146,26140,서구,2614010900,부민동1가
20240630,2024,2,lawDong,62f6a938f48b,66,26140,서구,2614011000,부민동2가
20240630,2024,2,lawDong,62f6a938f48b,37,26140,서구,2614011100,부민동3가
20240630,2024,2,lawDong,62f6a938f48b,55,26140,서구,2614011200,토성동1가
20240630,2024,2,lawDong,62f6a938f48b,28,26140,서구,2614011300,토성동2가
20240630,2024,2,lawDong,62f6a938f48b,48,26140,서구,2614011400,토성동3가
20240630,2024,2,lawDong,62f6a938f48b,47,26140,서구,2614011500,아미동1가
20240630,2024,2,lawDong,62f6a938f48b,170,26140,서구,2614011600,아미동2가
20240630,2024,2,lawDong,62f6a938f48b,41,26140,서구,2614011700,토성동4가
20240630,2024,2,lawDong,62f6a938f48b,76,26140,서구,2614011800,토성동5가
20240630,2024,2,lawDong,62f6a938f48b,80,26140,서구,2614011900,초장동
20240630,2024,2,lawDong,62f6a938f48b,356,26140,서구,2614012000,충무동1가
20240630,2024,2,lawDong,62f6a938f48b,70,26140,서구,2614012100,충무동2가
20240630,2024,2,lawDong,62f6a938f48b,46,26140,서구,2614012200,충무동3가
20240630,2024,2,lawDong,62f6a938f48b,329,26140,서구,2614012300,남부민동
20240630,2024,2,lawDong,62f6a938f48b,497,26140,서구,2614012400,암남동
20240630,2024,2,lawDong,62f6a938f48b,2331,26170,동구,2617010100,초량동
20240630,2024,2,lawDong,62f6a938f48b,1040,26170,동구,2617010200,수정동
20240630,2024,2,lawDong,62f6a938f48b,343,26170,동구,2617010300,좌천동
20240630,2024,2,lawDong,62f6a938f48b,2893,26170,동구,2617010400,범일동
20240630,2024,2,lawDong,62f6a938f48b,241,26200,영도구,2620010100,대교동1가
20240630,2024,2,lawDong,62f6a938f48b,222,26200,영도구,2620010200,대교동2가
20240630,2024,2,lawDong,62f6a938f48b,49,26200,영도구,2620010300,대평동1가
20240630,2024,2,lawDong,62f6a938f48b,26,26200,영도구,2620010400,대평동2가
20240630,2024,2,lawDong,62f6a938f48b,292,26200,영도구,2620010500,남항동1가
20240630,2024,2,lawDong,62f6a938f48b,131,26200,영도구,2620010600,남항동2가
20240630,2024,2,lawDong,62f6a938f48b,61,26200,영도구,2620010700,남항동3가
20240630,2024,2,lawDong,62f6a938f48b,161,26200,영도구,2620010800,영선동1가
20240630,2024,2,lawDong,62f6a938f48b,222,26200,영도구,2620010900,영선동2가
20240630,2024,2,lawDong,62f6a938f48b,115,26200,영도구,2620011000,영선동3가
20240630,2024,2,lawDong,62f6a938f48b,143,26200,영도구,2620011100,영선동4가
20240630,2024,2,lawDong,62f6a938f48b,50,26200,영도구,2620011200,신선동1가
20240630,2024,2,lawDong,62f6a938f48b,42,26200,영도구,2620011300,신선동2가
20240630,2024,2,lawDong,62f6a938f48b,55,26200,영도구,2620011400,신선동3가
20240630,2024,2,lawDong,62f6a938f48b,79,26200,영도구,2620011500,봉래동1가
20240630,2024,2,lawDong,62f6a938f48b,132,26200,영도구,2620011600,봉래동2가
20240630,2024,2,lawDong,62f6a938f48b,174,26200,영도구,2620011700,봉래동3가
20240630,2024,2,lawDong,62f6a938f48b,34,26200,영도구,2620011800,봉래동4가
20240630,2024,2,lawDong,62f6a938f48b,60,26200,영도구,2620011900,봉래동5가
20240630,2024,2,lawDong,62f6a938f48b,552,26200,영도구,2620012000,청학동
20240630,2024,2,lawDong,62f6a938f48b,1080,26200,영도구,2620012100,동삼동
20240630,2024,2,lawDong,62f6a938f48b,1777,26230,부산진구,2623010100,양정동
20240630,2024,2,lawDong,62f6a938f48b,3087,26230,부산진구,2623010200,전포동
20240630,2024,2,lawDong,62f6a938f48b,6403,26230,부산진구,2623010300,부전동
20240630,2024,2,lawDong,62f6a938f48b,1850,26230,부산진구,2623010400,범천동
20240630,2024,2,lawDong,62f6a938f48b,171,26230,부산진구,2623010500,범전동
20240630,2024,2,lawDong,62f6a938f48b,494,26230,부산진구,2623010600,연지동
20240630,2024,2,lawDong,62f6a938f48b,788,26230,부산진구,2623010700,초읍동
20240630,2024,2,lawDong,62f6a938f48b,818,26230,부산진구,2623010800,부암동
20240630,2024,2,lawDong,62f6a938f48b,1402,26230,부산진구,2623010900,당감동
20240630,2024,2,lawDong,62f6a938f48b,1139,26230,부산진구,2623011000,가야동
20240630,2024,2,lawDong,62f6a938f48b,1456,26230,부산진구,2623011100,개금동
20240630,2024,2,lawDong,62f6a938f48b,838,26260,동래구,2626010100,명장동
20240630,2024,2,lawDong,62f6a938f48b,1993,26260,동래구,2626010200,안락동
20240630,2024,2,lawDong,62f6a938f48b,93,26260,동래구,2626010300,칠산동
20240630,2024,2,lawDong,62f6a938f48b,282,26260,동래구,2626010400,낙민동
20240630,2024,2,lawDong,62f6a938f48b,370,26260,동래구,2626010500,복천동
20240630,2024,2,lawDong,62f6a938f48b,779,26260,동래구,2626010600,수안동
20240630,2024,2,lawDong,62f6a938f48b,1367,26260,동래구,2626010700,명륜동
20240630,2024,2,lawDong,62f6a938f48b,3308,26260,동래구,2626010800,온천동
20240630,2024,2,lawDong,62f6a938f48b,2151,26260,동래구,2626010900,사직동
20240630,2024,2,lawDong,62f6a938f48b,4447,26290,남구,2629010600,대연동
20240630,2024,2,lawDong,62f6a938f48b,1953,26290,남구,2629010700,용호동
20240630,2024,2,lawDong,62f6a938f48b,323,26290,남구,2629010800,용당동
20240630,2024,2,lawDong,62f6a938f48b,1456,26290,남구,2629010900,문현동
20240630,2024,2,lawDong,62f6a938f48b,234,26290,남구,2629011000,우암동
20240630,2024,2,lawDong,62f6a938f48b,394,26290,남구,2629011100,감만동
20240630,2024,2,lawDong,62f6a938f48b,504,26320,북구,2632010100,금곡동
20240630,2024,2,lawDong,62f6a938f48b,2027,26320,북구,2632010200,화명동
20240630,2024,2,lawDong,62f6a938f48b,1264,26320,북구,2632010300,만덕동
20240630,2024,2,lawDong,62f6a938f48b,1970,26320,북구,2632010400,덕천동
20240630,2024,2,lawDong,62f6a938f48b,2191,26320,북구,2632010500,구포동
20240630,2024,2,lawDong,62f6a938f48b,1145,26350,해운대구,2635010100,반송동
20240630,2024,2,lawDong,62f6a938f48b,80,26350,해운대구,2635010200,석대동
20240630,2024,2,lawDong,62f6a938f48b,1789,26350,해운대구,2635010300,반여동
20240630,2024,2,lawDong,62f6a938f48b,2353,26350,해운대구,2635010400,재송동
20240630,2024,2,lawDong,62f6a938f48b,4663,26350,해운대구,2635010500,우동
20240630,2024,2,lawDong,62f6a938f48b,2480,26350,해운대구,2635010600,중동
20240630,2024,2,lawDong,62f6a938f48b,2707,26350,해운대구,2635010700,좌동
20240630,2024,2,lawDong,62f6a938f48b,675,26350,해운대구,2635010800,송정동
20240630,2024,2,lawDong,62f6a938f48b,2047,26380,사하구,2638010100,괴정동
20240630,2024,2,lawDong,62f6a938f48b,1029,26380,사하구,2638010200,당리동
20240630,2024,2,lawDong,62f6a938f48b,2328,26380,사하구,2638010300,하단동
20240630,2024,2,lawDong,62f6a938f48b,1114,26380,사하구,2638010400,신평동
20240630,2024,2,lawDong,62f6a938f48b,1229,26380,사하구,2638010500,장림동
20240630,2024,2,lawDong,62f6a938f48b,1670,26380,사하구,2638010600,다대동
20240630,2024,2,lawDong,62f6a938f48b,285,26380,사하구,2638010700,구평동
20240630,2024,2,lawDong,62f6a938f48b,732,26380,사하구,2638010800,감천동
20240630,2024,2,lawDong,62f6a938f48b,176,26410,금정구,2641010100,두구동
20240630,2024,2,lawDong,62f6a938f48b,80,26410,금정구,2641010200,노포동
20240630,2024,2,lawDong,62f6a938f48b,218,26410,금정구,2641010300,청룡동
20240630,2024,2,lawDong,62f6a938f48b,1243,26410,금정구,2641010400,남산동
20240630,2024,2,lawDong,62f6a938f48b,36,26410,금정구,2641010500,선동
20240630,2024,2,lawDong,62f6a938f48b,39,26410,금정구,2641010600,오륜동
20240630,2024,2,lawDong,62f6a938f48b,1651,26410,금정구,2641010700,구서동
20240630,2024,2,lawDong,62f6a938f48b,2728,26410,금정구,2641010800,장전동
20240630,2024,2,lawDong,62f6a938f48b,1767,26410,금정구,2641010900,부곡동
20240630,2024,2,lawDong,62f6a938f48b,1316,26410,금정구,2641011000,서동
20240630,2024,2,lawDong,62f6a938f48b,407,26410,금정구,2641011100,금사동
20240630,2024,2,lawDong,62f6a938f48b,135,26410,금정구,2641011200,회동동
20240630,2024,2,lawDong,62f6a938f48b,114,26410,금정구,2641011300,금성동
20240630,2024,2,lawDong,62f6a938f48b,727,26440,강서구,2644010100,대저1동
20240630,2024,2,lawDong,62f6a938f48b,754,26440,강서구,2644010200,대저2동
20240630,2024,2,lawDong,62f6a938f48b,279,26440,강서구,2644010300,강동동
20240630,2024,2,lawDong,62f6a938f48b,3312,26440,강서구,2644010400,명지동
20240630,2024,2,lawDong,62f6a938f48b,62,26440,강서구,2644010500,죽림동
20240630,2024,2,lawDong,62f6a938f48b,19,26440,강서구,2644010600,식만동
20240630,2024,2,lawDong,62f6a938f48b,22,26440,강서구,2644010700,죽동동
20240630,2024,2,lawDong,62f6a938f48b,59,26440,강서구,2644010800,봉림동
20240630,2024,2,lawDong,62f6a938f48b,258,26440,강서구,2644010900,송정동
20240630,2024,2,lawDong,62f6a938f48b,156,26440,강서구,2644011000,화전동
20240630,2024,2,lawDong,62f6a938f48b,193,26440,강서구,2644011100,녹산동
20240630,2024,2,lawDong,62f6a938f48b,58,26440,강서구,2644011200,생곡동
20240630,2024,2,lawDong,62f6a938f48b,50,26440,강서구,2644011300,구랑동
20240630,2024,2,lawDong,62f6a938f48b,226,26440,강서구,2644011400,지사동
20240630,2024,2,lawDong,62f6a938f48b,64,26440,강서구,2644011500,미음동
20240630,2024,2,lawDong,62f6a938f48b,156,26440,강서구,2644011600,범방동
20240630,2024,2,lawDong,62f6a938f48b,581,26440,강서구,2644011700,신호동
20240630,2024,2,lawDong,62f6a938f48b,31,26440,강서구,2644011800,동선동
20240630,2024,2,lawDong,62f6a938f48b,57,26440,강서구,2644011900,성북동
20240630,2024,2,lawDong,62f6a938f48b,7,26440,강서구,2644012000,눌차동
20240630,2024,2,lawDong,62f6a938f48b,73,26440,강서구,2644012100,천성동
20240630,2024,2,lawDong,62f6a938f48b,54,26440,강서구,2644012200,대항동
20240630,2024,2,lawDong,62f6a938f48b,2756,26470,연제구,2647010100,거제동
20240630,2024,2,lawDong,62f6a938f48b,6670,26470,연제구,2647010200,연산동
20240630,2024,2,lawDong,62f6a938f48b,1243,26500,수영구,2650010100,망미동
20240630,2024,2,lawDong,62f6a938f48b,1088,26500,수영구,2650010200,수영동
20240630,2024,2,lawDong,62f6a938f48b,1552,26500,수영구,2650010300,민락동
20240630,2024,2,lawDong,62f6a938f48b,3314,26500,수영구,2650010400,광안동
20240630,2024,2,lawDong,62f6a938f48b,1794,26500,수영구,2650010500,남천동
20240630,2024,2,lawDong,62f6a938f48b,388,26530,사상구,2653010100,삼락동
20240630,2024,2,lawDong,62f6a938f48b,1115,26530,사상구,2653010200,모라동
20240630,2024,2,lawDong,62f6a938f48b,963,26530,사상구,2653010300,덕포동
20240630,2024,2,lawDong,62f6a938f48b,2364,26530,사상구,2653010400,괘법동
20240630,2024,2,lawDong,62f6a938f48b,1351,26530,사상구,2653010500,감전동
20240630,2024,2,lawDong,62f6a938f48b,1525,26530,사상구,2653010600,주례동
20240630,2024,2,lawDong,62f6a938f48b,708,26530,사상구,2653010700,학장동
20240630,2024,2,lawDong,62f6a938f48b,604,26530,사상구,2653010800,엄궁동
20240630,2024,2,lawDong,62f6a938f48b,674,26710,기장군,2671025021,기장읍
20240630,2024,2,lawDong,62f6a938f48b,370,26710,기장군,2671025022,기장읍
20240630,2024,2,lawDong,62f6a938f48b,7,26710,기장군,2671025023,기장읍
20240630,2024,2,lawDong,62f6a938f48b,77,26710,기장군,2671025024,기장읍
20240630,2024,2,lawDong,62f6a938f48b,62,26710,기장군,2671025025,기장읍
20240630,2024,2,lawDong,62f6a938f48b,740,26710,기장군,2671025026,기장읍
20240630,2024,2,lawDong,62f6a938f48b,278,26710,기장군,2671025027,기장읍
20240630,2024,2,lawDong,62f6a938f48b,134,26710,기장군,2671025028,기장읍
20240630,2024,2,lawDong,62f6a938f48b,105,26710,기장군,2671025029,기장읍
20240630,2024,2,lawDong,62f6a938f48b,21,26710,기장군,2671025030,기장읍
20240630,2024,2,lawDong,62f6a938f48b,6,26710,기장군,2671025031,기장읍
20240630,2024,2,lawDong,62f6a938f48b,341,26710,기장군,2671025032,기장읍
20240630,2024,2,lawDong,62f6a938f48b,328,26710,기장군,2671025033,기장읍
20240630,2024,2,lawDong,62f6a938f48b,59,26710,기장군,2671025034,기장읍
20240630,2024,2,lawDong,62f6a938f48b,277,26710,기장군,2671025321,장안읍
20240630,2024,2,lawDong,62f6a938f48b,6,26710,기장군,2671025323,장안읍
20240630,2024,2,lawDong,62f6a938f48b,27,26710,기장군,2671025324,장안읍
20240630,2024,2,lawDong,62f6a938f48b,48,26710,기장군,2671025325,장안읍
20240630,2024,2,lawDong,62f6a938f48b,10,26710,기장군,2671025326,장안읍
20240630,2024,2,lawDong,62f6a938f48b,15,26710,기장군,2671025327,장안읍
20240630,2024,2,lawDong,62f6a938f48b,69,26710,기장군,2671025328,장안읍
20240630,2024,2,lawDong,62f6a938f48b,35,26710,기장군,2671025329,장안읍
20240630,2024,2,lawDong,62f6a938f48b,105,26710,기장군,2671025330,장안읍
20240630,2024,2,lawDong,62f6a938f48b,43,26710,기장군,2671025331,장안읍
20240630,2024,2,lawDong,62f6a938f48b,38,26710,기장군,2671025332,장안읍
20240630,2024,2,lawDong,62f6a938f48b,21,26710,기장군,2671025333,장안읍
20240630,2024,2,lawDong,62f6a938f48b,106,26710,기장군,2671025334,장안읍
20240630,2024,2,lawDong,62f6a938f48b,242,26710,기장군,2671025621,정관읍
20240630,2024,2,lawDong,62f6a938f48b,1099,26710,기장군,2671025622,정관읍
20240630,2024,2,lawDong,62f6a938f48b,2,26710,기장군,2671025623,정관읍
20240630,2024,2,lawDong,62f6a938f48b,6,26710,기장군,2671025624,정관읍
20240630,2024,2,lawDong,62f6a938f48b,217,26710,기장군,2671025625,정관읍
20240630,2024,2,lawDong,62f6a938f48b,22,26710,기장군,2671025626,정관읍
20240630,2024,2,lawDong,62f6a938f48b,385,26710,기장군,2671025627,정관읍
20240630,2024,2,lawDong,62f6a938f48b,380,26710,기장군,2671025628,정관읍
20240630,2024,2,lawDong,62f6a938f48b,4,26710,기장군,2671025629,정관읍
20240630,2024,2,lawDong,62f6a938f48b,86,26710,기장군,2671025630,정관읍
20240630,2024,2,lawDong,62f6a938f48b,730,26710,기장군,2671025921,일광읍
20240630,2024,2,lawDong,62f6a938f48b,153,26710,기장군,2671025922,일광읍
20240630,2024,2,lawDong,62f6a938f48b,28,26710,기장군,2671025923,일광읍
20240630,2024,2,lawDong,62f6a938f48b,46,26710,기장군,2671025924,일광읍
20240630,2024,2,lawDong,62f6a938f48b,35,26710,기장군,2671025925,일광읍
20240630,2024,2,lawDong,62f6a938f48b,41,26710,기장군,2671025926,일광읍
20240630,2024,2,lawDong,62f6a938f48b,65,26710,기장군,2671025927,일광읍
20240630,2024,2,lawDong,62f6a938f48b,28,26710,기장군,2671025928,일광읍
20240630,2024,2,lawDong,62f6a938f48b,5,26710,기장군,2671025929,일광읍
20240630,2024,2,lawDong,62f6a938f48b,18,26710,기장군,2671025930,일광읍
20240630,2024,2,lawDong,62f6a938f48b,57,26710,기장군,2671025931,일광읍
20240630,2024,2,lawDong,62f6a938f48b,10,26710,기장군,2671025932,일광읍
20240630,2024,2,lawDong,62f6a938f48b,17,26710,기장군,2671025933,일광읍
20240630,2024,2,lawDong,62f6a938f48b,11,26710,기장군,2671033021,철마면
20240630,2024,2,lawDong,62f6a938f48b,39,26710,기장군,2671033022,철마면
20240630,2024,2,lawDong,62f6a938f48b,2,26710,기장군,2671033023,철마면
20240630,2024,2,lawDong,62f6a938f48b,60,26710,기장군,2671033024,철마면
20240630,2024,2,lawDong,62f6a938f48b,26,26710,기장군,2671033025,철마면
20240630,2024,2,lawDong,62f6a938f48b,26,26710,기장군,2671033026,철마면
20240630,2024,2,lawDong,62f6a938f48b,9,26710,기장군,2671033027,철마면
20240630,2024,2,lawDong,62f6a938f48b,8,26710,기장군,2671033028,철마면
20240630,2024,2,lawDong,62f6a938f48b,45,26710,기장군,2671033029,철마면
20240630,2024,2,lawDong,62f6a938f48b,19,26710,기장군,2671033030,철마면
20240630,2024,2,lawDong,62f6a938f48b,14,26710,기장군,2671033031,철마면
20240930,2024,3,busan,62f6a938f48b,143964,,,,
20240930,2024,3,district,62f6a938f48b,7042,26110,중구,,
20240930,2024,3,district,62f6a938f48b,3763,26140,서구,,
20240930,2024,3,district,62f6a938f48b,6453,26170,동구,,
20240930,2024,3,district,62f6a938f48b,3821,26200,영도구,,
20240930,2024,3,district,62f6a938f48b,18847,26230,부산진구,,
20240930,2024,3,district,62f6a938f48b,10886,26260,동래구,,
20240930,2024,3,district,62f6a938f48b,8569,26290,남구,,
20240930,2024,3,district,62f6a938f48b,7752,26320,북구,,
20240930,2024,3,district,62f6a938f48b,15524,26350,해운대구,,
20240930,2024,3,district,62f6a938f48b,10157,26380,사하구,,
20240930,2024,3,district,62f6a938f48b,9687,26410,금정구,,
20240930,2024,3,district,62f6a938f48b,6988,26440,강서구,,
20240930,2024,3,district,62f6a938f48b,9225,26470,연제구,,
20240930,2024,3,district,62f6a938f48b,8727,26500,수영구,,
20240930,2024,3,district,62f6a938f48b,8813,26530,사상구,,
20240930,2024,3,district,62f6a938f48b,7710,26710,기장군,,
20240930,2024,3,lawDong,62f6a938f48b,280,26110,중구,2611010100,영주동
20240930,2024,3,lawDong,62f6a938f48b,52,26110,중구,2611010200,대창동1가
20240930,2024,3,lawDong,62f6a938f48b,54,26110,중구,2611010300,대창동2가
20240930,2024,3,lawDong,62f6a938f48b,54,26110,중구,2611010400,중앙동1가
20240930,2024,3,lawDong,62f6a938f48b,117,26110,중구,2611010500,중앙동2가
20240930,2024,3,lawDong,62f6a938f48b,117,26110,중구,2611010600,중앙동3가
20240930,2024,3,lawDong,62f6a938f48b,674,26110,중구,2611010700,중앙동4가
20240930,2024,3,lawDong,62f6a938f48b,55,26110,중구,2611010800,중앙동5가
20240930,2024,3,lawDong,62f6a938f48b,222,26110,중구,2611010900,중앙동6가
20240930,2024,3,lawDong,62f6a938f48b,303,26110,중구,2611011000,중앙동7가
20240930,2024,3,lawDong,62f6a938f48b,82,26110,중구,2611011100,동광동1가
20240930,2024,3,lawDong,62f6a938f48b,66,26110,중구,2611011200,동광동2가
20240930,2024,3,lawDong,62f6a938f48b,67,26110,중구,2611011300,동광동3가
20240930,2024,3,lawDong,62f6a938f48b,75,26110,중구,2611011400,동광동4가
20240930,2024,3,lawDong,62f6a938f48b,92,26110,중구,2611011500,동광동5가
20240930,2024,3,lawDong,62f6a938f48b,71,26110,중구,2611011600,대청동1가
20240930,2024,3,lawDong,62f6a938f48b,144,26110,중구,2611011700,대청동2가
20240930,2024,3,lawDong,62f6a938f48b,52,26110,중구,2611011800,대청동3가
20240930,2024,3,lawDong,62f6a938f48b,86,26110,중구,2611011900,대청동4가
20240930,2024,3,lawDong,62f6a938f48b,170,26110,중구,2611012000,보수동1가
20240930,2024,3,lawDong,62f6a938f48b,130,26110,중구,2611012100,보수동2가
20240930,2024,3,lawDong,62f6a938f48b,85,26110,중구,2611012200,보수동3가
20240930,2024,3,lawDong,62f6a938f48b,614,26110,중구,2611012300,부평동1가
20240930,2024,3,lawDong,62f6a938f48b,542,26110,중구,2611012400,부평동2가
20240930,2024,3,lawDong,62f6a938f48b,153,26110,중구,2611012500,부평동3가
20240930,2024,3,lawDong,62f6a938f48b,120,26110,중구,2611012600,부평동4가
20240930,2024,3,lawDong,62f6a938f48b,273,26110,중구,2611012700,신창동1가
20240930,2024,3,lawDong,62f6a938f48b,241,26110,중구,2611012800,신창동2가
20240930,2024,3,lawDong,62f6a938f48b,105,26110,중구,2611012900,신창동3가
20240930,2024,3,lawDong,62f6a938f48b,244,26110,중구,2611013000,신창동4가
20240930,2024,3,lawDong,62f6a938f48b,143,26110,중구,2611013100,창선동1가
20240930,2024,3,lawDong,62f6a938f48b,185,26110,중구,2611013200,창선동2가
20240930,2024,3,lawDong,62f6a938f48b,125,26110,중구,2611013300,광복동1가
20240930,2024,3,lawDong,62f6a938f48b,68,26110,중구,2611013400,광복동2가
20240930,2024,3,lawDong,62f6a938f48b,66,26110,중구,2611013500,광복동3가
20240930,2024,3,lawDong,62f6a938f48b,77,26110,중구,2611013600,남포동1가
20240930,2024,3,lawDong,62f6a938f48b,169,26110,중구,2611013700,남포동2가
20240930,2024,3,lawDong,62f6a938f48b,48,26110,중구,2611013800,남포동3가
20240930,2024,3,lawDong,62f6a938f48b,132,26110,중구,2611013900,남포동4가
20240930,2024,3,lawDong,62f6a938f48b,387,26110,중구,2611014000,남포동5가
20240930,2024,3,lawDong,62f6a938f48b,302,26110,중구,2611014100,남포동6가
20240930,2024,3,lawDong,62f6a938f48b,188,26140,서구,2614010100,동대신동1가
20240930,2024,3,lawDong,62f6a938f48b,255,26140,서구,2614010200,동대신동2가
20240930,2024,3,lawDong,62f6a938f48b,324,26140,서구,2614010300,동대신동3가
20240930,2024,3,lawDong,62f6a938f48b,162,26140,서구,2614010400,서대신동1가
20240930,2024,3,lawDong,62f6a938f48b,285,26140,서구,2614010500,서대신동2가
20240930,2024,3,lawDong,62f6a938f48b,399,26140,서구,2614010600,서대신동3가
20240930,2024,3,lawDong,62f6a938f48b,48,26140,서구,2614010700,부용동1가
20240930,2024,3,lawDong,62f6a938f48b,51,26140,서구,2614010800,부용동2가
20240930,2024,3,lawDong,62f6a938f48b,142,26140,서구,2614010900,부민동1가
20240930,2024,3,lawDong,62f6a938f48b,65,26140,서구,2614011000,부민동2가
20240930,2024,3,lawDong,62f6a938f48b,37,26140,서구,2614011100,부민동3가
20240930,2024,3,lawDong,62f6a938f48b,54,26140,서구,2614011200,토성동1가
20240930,2024,3,lawDong,62f6a938f48b,28,26140,서구,2614011300,토성동2가
20240930,2024,3,lawDong,62f6a938f48b,47,26140,서구,2614011400,토성동3가
20240930,2024,3,lawDong,62f6a938f48b,46,26140,서구,2614011500,아미동1가
20240930,2024,3,lawDong,62f6a938f48b,165,26140,서구,2614011600,아미동2가
20240930,2024,3,lawDong,62f6a938f48b,42,26140,서구,2614011700,토성동4가
20240930,2024,3,lawDong,62f6a938f48b,76,26140,서구,2614011800,토성동5가
20240930,2024,3,lawDong,62f6a938f48b,80,26140,서구,2614011900,초장동
20240930,2024,3,lawDong,62f6a938f48b,347,26140,서구,2614012000,충무동1가
20240930,2024,3,lawDong,62f6a938f48b,64,26140,서구,2614012100,충무동2가
20240930,2024,3,lawDong,62f6a938f48b,45,26140,서구,2614012200,충무동3가
20240930,2024,3,lawDong,62f6a938f48b,325,26140,서구,2614012300,남부민동
20240930,2024,3,lawDong,62f6a938f48b,488,26140,서구,2614012400,암남동
20240930,2024,3,lawDong,62f6a938f48b,2283,26170,동구,2617010100,초량동
20240930,2024,3,lawDong,62f6a938f48b,1015,26170,동구,2617010200,수정동
20240930,2024,3,lawDong,62f6a938f48b,338,26170,동구,2617010300,좌천동
20240930,2024,3,lawDong,62f6a938f48b,2817,26170,동구,2617010400,범일동
20240930,2024,3,lawDong,62f6a938f48b,235,26200,영도구,2620010100,대교동1가
20240930,2024,3,lawDong,62f6a938f48b,215,26200,영도구,2620010200,대교동2가
20240930,2024,3,lawDong,62f6a938f48b,49,26200,영도구,2620010300,대평동1가
20240930,2024,3,lawDong,62f6a938f48b,25,26200,영도구,2620010400,대평동2가
20240930,2024,3,lawDong,62f6a938f48b,282,26200,영도구,2620010500,남항동1가
20240930,2024,3,lawDong,62f6a938f48b,127,26200,영도구,2620010600,남항동2가
20240930,2024,3,lawDong,62f6a938f48b,60,26200,영도구,2620010700,남항동3가
20240930,2024,3,lawDong,62f6a938f48b,157,26200,영도구,2620010800,영선동1가
20240930,2024,3,lawDong,62f6a938f48b,216,26200,영도구,2620010900,영선동2가
20240930,2024,3,lawDong,62f6a938f48b,113,26200,영도구,2620011000,영선동3가
20240930,2024,3,lawDong,62f6a938f48b,139,26200,영도구,2620011100,영선동4가
20240930,2024,3,lawDong,62f6a938f48b,48,26200,영도구,2620011200,신선동1가
20240930,2024,3,lawDong,62f6a938f48b,41,26200,영도구,2620011300,신선동2가
20240930,2024,3,lawDong,62f6a938f48b,54,26200,영도구,2620011400,신선동3가
20240930,2024,3,lawDong,62f6a938f48b,77,26200,영도구,2620011500,봉래동1가
20240930,2024,3,lawDong,62f6a938f48b,129,26200,영도구,2620011600,봉래동2가
20240930,2024,3,lawDong,62f6a938f48b,171,26200,영도구,2620011700,봉래동3가
20240930,2024,3,lawDong,62f6a938f48b,32,26200,영도구,2620011800,봉래동4가
20240930,2024,3,lawDong,62f6a938f48b,57,26200,영도구,2620011900,봉래동5가
20240930,2024,3,lawDong,62f6a938f48b,539,26200,영도구,2620012000,청학동
20240930,2024,3,lawDong,62f6a938f48b,1055,26200,영도구,2620012100,동삼동
20240930,2024,3,lawDong,62f6a938f48b,1733,26230,부산진구,2623010100,양정동
20240930,2024,3,lawDong,62f6a938f48b,2973,26230,부산진구,2623010200,전포동
20240930,2024,3,lawDong,62f6a938f48b,6216,26230,부산진구,2623010300,부전동
20240930,2024,3,lawDong,62f6a938f48b,1819,26230,부산진구,2623010400,범천동
20240930,2024,3,lawDong,62f6a938f48b,170,26230,부산진구,2623010500,범전동
20240930,2024,3,lawDong,62f6a938f48b,488,26230,부산진구,2623010600,연지동
20240930,2024,3,lawDong,62f6a938f48b,770,26230,부산진구,2623010700,초읍동
20240930,2024,3,lawDong,62f6a938f48b,801,26230,부산진구,2623010800,부암동
20240930,2024,3,lawDong,62f6a938f48b,1361,26230,부산진구,2623010900,당감동
20240930,2024,3,lawDong,62f6a938f48b,1099,26230,부산진구,2623011000,가야동
20240930,2024,3,lawDong,62f6a938f48b,1417,26230,부산진구,2623011100,개금동
20240930,2024,3,lawDong,62f6a938f48b,812,26260,동래구,2626010100,명장동
20240930,2024,3,lawDong,62f6a938f48b,1937,26260,동래구,2626010200,안락동
20240930,2024,3,lawDong,62f6a938f48b,93,26260,동래구,2626010300,칠산동
20240930,2024,3,lawDong,62f6a938f48b,279,26260,동래구,2626010400,낙민동
20240930,2024,3,lawDong,62f6a938f48b,359,26260,동래구,2626010500,복천동
20240930,2024,3,lawDong,62f6a938f48b,763,26260,동래구,2626010600,수안동
20240930,2024,3,lawDong,62f6a938f48b,1311,26260,동래구,2626010700,명륜동
20240930,2024,3,lawDong,62f6a938f48b,3229,26260,동래구,2626010800,온천동
20240930,2024,3,lawDong,62f6a938f48b,2103,26260,동래구,2626010900,사직동
20240930,2024,3,lawDong,62f6a938f48b,4314,26290,남구,2629010600,대연동
20240930,2024,3,lawDong,62f6a938f48b,1896,26290,남구,2629010700,용호동
20240930,2024,3,lawDong,62f6a938f48b,315,26290,남구,2629010800,용당동
20240930,2024,3,lawDong,62f6a938f48b,1424,26290,남구,2629010900,문현동
20240930,2024,3,lawDong,62f6a938f48b,233,26290,남구,2629011000,우암동
20240930,2024,3,lawDong,62f6a938f48b,387,26290,남구,2629011100,감만동
20240930,2024,3,lawDong,62f6a938f48b,495,26320,북구,2632010100,금곡동
20240930,2024,3,lawDong,62f6a938f48b,1974,26320,북구,2632010200,화명동
20240930,2024,3,lawDong,62f6a938f48b,1237,26320,북구,2632010300,만덕동
20240930,2024,3,lawDong,62f6a938f48b,1917,26320,북구,2632010400,덕천동
20240930,2024,3,lawDong,62f6a938f48b,2129,26320,북구,2632010500,구포동
20240930,2024,3,lawDong,62f6a938f48b,1114,26350,해운대구,2635010100,반송동
20240930,2024,3,lawDong,62f6a938f48b,77,26350,해운대구,2635010200,석대동
20240930,2024,3,lawDong,62f6a938f48b,1742,26350,해운대구,2635010300,반여동
20240930,2024,3,lawDong,62f6a938f48b,2299,26350,해운대구,2635010400,재송동
20240930,2024,3,lawDong,62f6a938f48b,4567,26350,해운대구,2635010500,우동
20240930,2024,3,lawDong,62f6a938f48b,2425,26350,해운대구,2635010600,중동
20240930,2024,3,lawDong,62f6a938f48b,2634,26350,해운대구,2635010700,좌동
20240930,2024,3,lawDong,62f6a938f48b,666,26350,해운대구,2635010800,송정동
20240930,2024,3,lawDong,62f6a938f48b,2002,26380,사하구,2638010100,괴정동
20240930,2024,3,lawDong,62f6a938f48b,1005,26380,사하구,2638010200,당리동
20240930,2024,3,lawDong,62f6a938f48b,2256,26380,사하구,2638010300,하단동
20240930,2024,3,lawDong,62f6a938f48b,1081,26380,사하구,2638010400,신평동
20240930,2024,3,lawDong,62f6a938f48b,1195,26380,사하구,2638010500,장림동
20240930,2024,3,lawDong,62f6a938f48b,1622,26380,사하구,2638010600,다대동
20240930,2024,3,lawDong,62f6a938f48b,279,26380,사하구,2638010700,구평동
20240930,2024,3,lawDong,62f6a938f48b,717,26380,사하구,2638010800,감천동
20240930,2024,3,lawDong,62f6a938f48b,172,26410,금정구,2641010100,두구동
20240930,2024,3,lawDong,62f6a938f48b,79,26410,금정구,2641010200,노포동
20240930,2024,3,lawDong,62f6a938f48b,212,26410,금정구,2641010300,청룡동
20240930,2024,3,lawDong,62f6a938f48b,1210,26410,금정구,2641010400,남산동
20240930,2024,3,lawDong,62f6a938f48b,34,26410,금정구,2641010500,선동
20240930,2024,3,lawDong,62f6a938f48b,39,26410,금정구,2641010600,오륜동
20240930,2024,3,lawDong,62f6a938f48b,1616,26410,금정구,2641010700,구서동
20240930,2024,3,lawDong,62f6a938f48b,2650,26410,금정구,2641010800,장전동
20240930,2024,3,lawDong,62f6a938f48b,1734,26410,금정구,2641010900,부곡동
20240930,2024,3,lawDong,62f6a938f48b,1289,26410,금정구,2641011000,서동
20240930,2024,3,lawDong,62f6a938f48b,406,26410,금정구,2641011100,금사동
20240930,2024,3,lawDong,62f6a938f48b,133,26410,금정구,2641011200,회동동
20240930,2024,3,lawDong,62f6a938f48b,113,26410,금정구,2641011300,금성동
20240930,2024,3,lawDong,62f6a938f48b,716,26440,강서구,2644010100,대저1동
20240930,2024,3,lawDong,62f6a938f48b,740,26440,강서구,2644010200,대저2동
20240930,2024,3,lawDong,62f6a938f48b,272,26440,강서구,2644010300,강동동
20240930,2024,3,lawDong,62f6a938f48b,3189,26440,강서구,2644010400,명지동
20240930,2024,3,lawDong,62f6a938f48b,62,26440,강서구,2644010500,죽림동
20240930,2024,3,lawDong,62f6a938f48b,19,26440,강서구,2644010600,식만동
20240930,2024,3,lawDong,62f6a938f48b,22,26440,강서구,2644010700,죽동동
20240930,2024,3,lawDong,62f6a938f48b,59,26440,강서구,2644010800,봉림동
20240930,2024,3,lawDong,62f6a938f48b,252,26440,강서구,2644010900,송정동
20240930,2024,3,lawDong,62f6a938f48b,153,26440,강서구,2644011000,화전동
20240930,2024,3,lawDong,62f6a938f48b,191,26440,강서구,2644011100,녹산동
20240930,2024,3,lawDong,62f6a938f48b,56,26440,강서구,2644011200,생곡동
20240930,2024,3,lawDong,62f6a938f48b,50,26440,강서구,2644011300,구랑동
20240930,2024,3,lawDong,62f6a938f48b,216,26440,강서구,2644011400,지사동
20240930,2024,3,lawDong,62f6a938f48b,61,26440,강서구,2644011500,미음동
20240930,2024,3,lawDong,62f6a938f48b,151,26440,강서구,2644011600,범방동
20240930,2024,3,lawDong,62f6a938f48b,559,26440,강서구,2644011700,신호동
20240930,2024,3,lawDong,62f6a938f48b,31,26440,강서구,2644011800,동선동
20240930,2024,3,lawDong,62f6a938f48b,56,26440,강서구,2644011900,성북동
20240930,2024,3,lawDong,62f6a938f48b,7,26440,강서구,2644012000,눌차동
20240930,2024,3,lawDong,62f6a938f48b,72,26440,강서구,2644012100,천성동
20240930,2024,3,lawDong,62f6a938f48b,54,26440,강서구,2644012200,대항동
20240930,2024,3,lawDong,62f6a938f48b,2727,26470,연제구,2647010100,거제동
20240930,2024,3,lawDong,62f6a938f48b,6498,26470,연제구,2647010200,연산동
20240930,2024,3,lawDong,62f6a938f48b,1219,26500,수영구,2650010100,망미동
20240930,2024,3,lawDong,62f6a938f48b,1045,26500,수영구,2650010200,수영동
20240930,2024,3,lawDong,62f6a938f48b,1497,26500,수영구,2650010300,민락동
20240930,2024,3,lawDong,62f6a938f48b,3203,26500,수영구,2650010400,광안동
20240930,2024,3,lawDong,62f6a938f48b,1763,26500,수영구,2650010500,남천동
20240930,2024,3,lawDong,62f6a938f48b,377,26530,사상구,2653010100,삼락동
20240930,2024,3,lawDong,62f6a938f48b,1095,26530,사상구,2653010200,모라동
20240930,2024,3,lawDong,62f6a938f48b,940,26530,사상구,2653010300,덕포동
20240930,2024,3,lawDong,62f6a938f48b,2304,26530,사상구,2653010400,괘법동
20240930,2024,3,lawDong,62f6a938f48b,1328,26530,사상구,2653010500,감전동
20240930,2024,3,lawDong,62f6a938f48b,1473,26530,사상구,2653010600,주례동
20240930,2024,3,lawDong,62f6a938f48b,703,26530,사상구,2653010700,학장동
20240930,2024,3,lawDong,62f6a938f48b,593,26530,사상구,2653010800,엄궁동
20240930,2024,3,lawDong,62f6a938f48b,658,26710,기장군,2671025021,기장읍
20240930,2024,3,lawDong,62f6a938f48b,352,26710,기장군,2671025022,기장읍
20240930,2024,3,lawDong,62f6a938f48b,6,26710,기장군,2671025023,기장읍
20240930,2024,3,lawDong,62f6a938f48b,76,26710,기장군,2671025024,기장읍
20240930,2024,3,lawDong,62f6a938f48b,60,26710,기장군,2671025025,기장읍
20240930,2024,3,lawDong,62f6a938f48b,723,26710,기장군,2671025026,기장읍
20240930,2024,3,lawDong,62f6a938f48b,275,26710,기장군,2671025027,기장읍
20240930,2024,3,lawDong,62f6a938f48b,133,26710,기장군,2671025028,기장읍
20240930,2024,3,lawDong,62f6a938f48b,105,26710,기장군,2671025029,기장읍
20240930,2024,3,lawDong,62f6a938f48b,20,26710,기장군,2671025030,기장읍
20240930,2024,3,lawDong,62f6a938f48b,6,26710,기장군,2671025031,기장읍
20240930,2024,3,lawDong,62f6a938f48b,332,26710,기장군,2671025032,기장읍
20240930,2024,3,lawDong,62f6a938f48b,318,26710,기장군,2671025033,기장읍
20240930,2024,3,lawDong,62f6a938f48b,59,26710,기장군,2671025034,기장읍
20240930,2024,3,lawDong,62f6a938f48b,272,26710,기장군,2671025321,장안읍
20240930,2024,3,lawDong,62f6a938f48b,6,26710,기장군,2671025323,장안읍
20240930,2024,3,lawDong,62f6a938f48b,27,26710,기장군,2671025324,장안읍
20240930,2024,3,lawDong,62f6a938f48b,47,26710,기장군,2671025325,장안읍
20240930,2024,3,lawDong,62f6a938f48b,10,26710,기장군,2671025326,장안읍
20240930,2024,3,lawDong,62f6a938f48b,15,26710,기장군,2671025327,장안읍
20240930,2024,3,lawDong,62f6a938f48b,69,26710,기장군,2671025328,장안읍
20240930,2024,3,lawDong,62f6a938f48b,35,26710,기장군,2671025329,장안읍
20240930,2024,3,lawDong,62f6a938f48b,99,26710,기장군,2671025330,장안읍
20240930,2024,3,lawDong,62f6a938f48b,39,26710,기장군,2671025331,장안읍
20240930,2024,3,lawDong,62f6a938f48b,37,26710,기장군,2671025332,장안읍
20240930,2024,3,lawDong,62f6a938f48b,20,26710,기장군,2671025333,장안읍
20240930,2024,3,lawDong,62f6a938f48b,105,26710,기장군,2671025334,장안읍
20240930,2024,3,lawDong,62f6a938f48b,234,26710,기장군,2671025621,정관읍
20240930,2024,3,lawDong,62f6a938f48b,1062,26710,기장군,2671025622,정관읍
20240930,2024,3,lawDong,62f6a938f48b,2,26710,기장군,2671025623,정관읍
20240930,2024,3,lawDong,62f6a938f48b,6,26710,기장군,2671025624,정관읍
20240930,2024,3,lawDong,62f6a938f48b,209,26710,기장군,2671025625,정관읍
20240930,2024,3,lawDong,62f6a938f48b,22,26710,기장군,2671025626,정관읍
20240930,2024,3,lawDong,62f6a938f48b,363,26710,기장군,2671025627,정관읍
20240930,2024,3,lawDong,62f6a938f48b,369,26710,기장군,2671025628,정관읍
20240930,2024,3,lawDong,62f6a938f48b,4,26710,기장군,2671025629,정관읍
20240930,2024,3,lawDong,62f6a938f48b,85,26710,기장군,2671025630,정관읍
20240930,2024,3,lawDong,62f6a938f48b,695,26710,기장군,2671025921,일광읍
20240930,2024,3,lawDong,62f6a938f48b,153,26710,기장군,2671025922,일광읍
20240930,2024,3,lawDong,62f6a938f48b,26,26710,기장군,2671025923,일광읍
20240930,2024,3,lawDong,62f6a938f48b,45,26710,기장군,2671025924,일광읍
20240930,2024,3,lawDong,62f6a938f48b,35,26710,기장군,2671025925,일광읍
20240930,2024,3,lawDong,62f6a938f48b,41,26710,기장군,2671025926,일광읍
20240930,2024,3,lawDong,62f6a938f48b,65,26710,기장군,2671025927,일광읍
20240930,2024,3,lawDong,62f6a938f48b,27,26710,기장군,2671025928,일광읍
20240930,2024,3,lawDong,62f6a938f48b,5,26710,기장군,2671025929,일광읍
20240930,2024,3,lawDong,62f6a938f48b,18,26710,기장군,2671025930,일광읍
20240930,2024,3,lawDong,62f6a938f48b,57,26710,기장군,2671025931,일광읍
20240930,2024,3,lawDong,62f6a938f48b,10,26710,기장군,2671025932,일광읍
20240930,2024,3,lawDong,62f6a938f48b,17,26710,기장군,2671025933,일광읍
20240930,2024,3,lawDong,62f6a938f48b,11,26710,기장군,2671033021,철마면
20240930,2024,3,lawDong,62f6a938f48b,38,26710,기장군,2671033022,철마면
20240930,2024,3,lawDong,62f6a938f48b,2,26710,기장군,2671033023,철마면
20240930,2024,3,lawDong,62f6a938f48b,59,26710,기장군,2671033024,철마면
20240930,2024,3,lawDong,62f6a938f48b,26,26710,기장군,2671033025,철마면
20240930,2024,3,lawDong,62f6a938f48b,26,26710,기장군,2671033026,철마면
20240930,2024,3,lawDong,62f6a938f48b,9,26710,기장군,2671033027,철마면
20240930,2024,3,lawDong,62f6a938f48b,8,26710,기장군,2671033028,철마면
20240930,2024,3,lawDong,62f6a938f48b,44,26710,기장군,2671033029,철마면
20240930,2024,3,lawDong,62f6a938f48b,19,26710,기장군,2671033030,철마면
20240930,2024,3,lawDong,62f6a938f48b,14,26710,기장군,2671033031,철마면
20241231,2024,4,busan,62f6a938f48b,161440,,,,
20241231,2024,4,district,62f6a938f48b,7694,26110,중구,,
20241231,2024,4,district,62f6a938f48b,4083,26140,서구,,
20241231,2024,4,district,62f6a938f48b,7003,26170,동구,,
20241231,2024,4,district,62f6a938f48b,4231,26200,영도구,,
20241231,2024,4,district,62f6a938f48b,21517,26230,부산진구,,
20241231,2024,4,district,62f6a938f48b,12086,26260,동래구,,
20241231,2024,4,district,62f6a938f48b,9554,26290,남구,,
20241231,2024,4,district,62f6a938f48b,8931,26320,북구,,
20241231,2024,4,district,62f6a938f48b,17309,26350,해운대구,,
20241231,2024,4,district,62f6a938f48b,11148,26380,사하구,,
20241231,2024,4,district,62f6a938f48b,10665,26410,금정구,,
20241231,2024,4,district,62f6a938f48b,8079,26440,강서구,,
20241231,2024,4,district,62f6a938f48b,10286,26470,연제구,,
20241231,2024,4,district,62f6a938f48b,10136,26500,수영구,,
20241231,2024,4,district,62f6a938f48b,9970,26530,사상구,,
20241231,2024,4,district,62f6a938f48b,8748,26710,기장군,,
20241231,2024,4,lawDong,62f6a938f48b,316,26110,중구,2611010100,영주동
20241231,2024,4,lawDong,62f6a938f48b,61,26110,중구,2611010200,대창동1가
20241231,2024,4,lawDong,62f6a938f48b,59,26110,중구,2611010300,대창동2가
20241231,2024,4,lawDong,62f6a938f48b,63,26110,중구,2611010400,중앙동1가
20241231,2024,4,lawDong,62f6a938f48b,132,26110,중구,2611010500,중앙동2가
20241231,2024,4,lawDong,62f6a938f48b,121,26110,중구,2611010600,중앙동3가
20241231,2024,4,lawDong,62f6a938f48b,735,26110,중구,2611010700,중앙동4가
20241231,2024,4,lawDong,62f6a938f48b,65,26110,중구,2611010800,중앙동5가
20241231,2024,4,lawDong,62f6a938f48b,250,26110,중구,2611010900,중앙동6가
20241231,2024,4,lawDong,62f6a938f48b,362,26110,중구,2611011000,중앙동7가
20241231,2024,4,lawDong,62f6a938f48b,40,26110,중구,2611011100,동광동1가
20241231,2024,4,lawDong,62f6a938f48b,68,26110,중구,2611011200,동광동2가
20241231,2024,4,lawDong,62f6a938f48b,68,26110,중구,2611011300,동광동3가
20241231,2024,4,lawDong,62f6a938f48b,84,26110,중구,2611011400,동광동4가
20241231,2024,4,lawDong,62f6a938f48b,98,26110,중구,2611011500,동광동5가
20241231,2024,4,lawDong,62f6a938f48b,76,26110,중구,2611011600,대청동1가
20241231,2024,4,lawDong,62f6a938f48b,151,26110,중구,2611011700,대청동2가
20241231,2024,4,lawDong,62f6a938f48b,52,26110,중구,2611011800,대청동3가
20241231,2024,4,lawDong,62f6a938f48b,91,26110,중구,2611011900,대청동4가
20241231,2024,4,lawDong,62f6a938f48b,186,26110,중구,2611012000,보수동1가
20241231,2024,4,lawDong,62f6a938f48b,137,26110,중구,2611012100,보수동2가
20241231,2024,4,lawDong,62f6a938f48b,88,26110,중구,2611012200,보수동3가
20241231,2024,4,lawDong,62f6a938f48b,648,26110,중구,2611012300,부평동1가
20241231,2024,4,lawDong,62f6a938f48b,591,26110,중구,2611012400,부평동2가
20241231,2024,4,lawDong,62f6a938f48b,163,26110,중구,2611012500,부평동3가
20241231,2024,4,lawDong,62f6a938f48b,130,26110,중구,2611012600,부평동4가
20241231,2024,4,lawDong,62f6a938f48b,305,26110,중구,2611012700,신창동1가
20241231,2024,4,lawDong,62f6a938f48b,260,26110,중구,2611012800,신창동2가
20241231,2024,4,lawDong,62f6a938f48b,117,26110,중구,2611012900,신창동3가
20241231,2024,4,lawDong,62f6a938f48b,285,26110,중구,2611013000,신창동4가
20241231,2024,4,lawDong,62f6a938f48b,167,26110,중구,2611013100,창선동1가
20241231,2024,4,lawDong,62f6a938f48b,206,26110,중구,2611013200,창선동2가
20241231,2024,4,lawDong,62f6a938f48b,141,26110,중구,2611013300,광복동1가
20241231,2024,4,lawDong,62f6a938f48b,87,26110,중구,2611013400,광복동2가
20241231,2024,4,lawDong,62f6a938f48b,73,26110,중구,2611013500,광복동3가
20241231,2024,4,lawDong,62f6a938f48b,90,26110,중구,2611013600,남포동1가
20241231,2024,4,lawDong,62f6a938f48b,176,26110,중구,2611013700,남포동2가
20241231,2024,4,lawDong,62f6a938f48b,53,26110,중구,2611013800,남포동3가
20241231,2024,4,lawDong,62f6a938f48b,156,26110,중구,2611013900,남포동4가
20241231,2024,4,lawDong,62f6a938f48b,419,26110,중구,2611014000,남포동5가
20241231,2024,4,lawDong,62f6a938f48b,324,26110,중구,2611014100,남포동6가
20241231,2024,4,lawDong,62f6a938f48b,198,26140,서구,2614010100,동대신동1가
20241231,2024,4,lawDong,62f6a938f48b,279,26140,서구,2614010200,동대신동2가
20241231,2024,4,lawDong,62f6a938f48b,343,26140,서구,2614010300,동대신동3가
20241231,2024,4,lawDong,62f6a938f48b,179,26140,서구,2614010400,서대신동1가
20241231,2024,4,lawDong,62f6a938f48b,305,26140,서구,2614010500,서대신동2가
20241231,2024,4,lawDong,62f6a938f48b,438,26140,서구,2614010600,서대신동3가
20241231,2024,4,lawDong,62f6a938f48b,51,26140,서구,2614010700,부용동1가
20241231,2024,4,lawDong,62f6a938f48b,57,26140,서구,2614010800,부용동2가
20241231,2024,4,lawDong,62f6a938f48b,152,26140,서구,2614010900,부민동1가
20241231,2024,4,lawDong,62f6a938f48b,70,26140,서구,2614011000,부민동2가
20241231,2024,4,lawDong,62f6a938f48b,42,26140,서구,2614011100,부민동3가
20241231,2024,4,lawDong,62f6a938f48b,57,26140,서구,2614011200,토성동1가
20241231,2024,4,lawDong,62f6a938f48b,30,26140,서구,2614011300,토성동2가
20241231,2024,4,lawDong,62f6a938f48b,52,26140,서구,2614011400,토성동3가
20241231,2024,4,lawDong,62f6a938f48b,48,26140,서구,2614011500,아미동1가
20241231,2024,4,lawDong,62f6a938f48b,165,26140,서구,2614011600,아미동2가
20241231,2024,4,lawDong,62f6a938f48b,44,26140,서구,2614011700,토성동4가
20241231,2024,4,lawDong,62f6a938f48b,88,26140,서구,2614011800,토성동5가
20241231,2024,4,lawDong,62f6a938f48b,82,26140,서구,2614011900,초장동
20241231,2024,4,lawDong,62f6a938f48b,372,26140,서구,2614012000,충무동1가
20241231,2024,4,lawDong,62f6a938f48b,69,26140,서구,2614012100,충무동2가
20241231,2024,4,lawDong,62f6a938f48b,54,26140,서구,2614012200,충무동3가
20241231,2024,4,lawDong,62f6a938f48b,344,26140,서구,2614012300,남부민동
20241231,2024,4,lawDong,62f6a938f48b,564,26140,서구,2614012400,암남동
20241231,2024,4,lawDong,62f6a938f48b,2521,26170,동구,2617010100,초량동
20241231,2024,4,lawDong,62f6a938f48b,1083,26170,동구,2617010200,수정동
20241231,2024,4,lawDong,62f6a938f48b,367,26170,동구,2617010300,좌천동
20241231,2024,4,lawDong,62f6a938f48b,3032,26170,동구,2617010400,범일동
20241231,2024,4,lawDong,62f6a938f48b,263,26200,영도구,2620010100,대교동1가
20241231,2024,4,lawDong,62f6a938f48b,235,26200,영도구,2620010200,대교동2가
20241231,2024,4,lawDong,62f6a938f48b,46,26200,영도구,2620010300,대평동1가
20241231,2024,4,lawDong,62f6a938f48b,27,26200,영도구,2620010400,대평동2가
20241231,2024,4,lawDong,62f6a938f48b,308,26200,영도구,2620010500,남항동1가
20241231,2024,4,lawDong,62f6a938f48b,132,26200,영도구,2620010600,남항동2가
20241231,2024,4,lawDong,62f6a938f48b,65,26200,영도구,2620010700,남항동3가
20241231,2024,4,lawDong,62f6a938f48b,173,26200,영도구,2620010800,영선동1가
20241231,2024,4,lawDong,62f6a938f48b,242,26200,영도구,2620010900,영선동2가
20241231,2024,4,lawDong,62f6a938f48b,118,26200,영도구,2620011000,영선동3가
20241231,2024,4,lawDong,62f6a938f48b,167,26200,영도구,2620011100,영선동4가
20241231,2024,4,lawDong,62f6a938f48b,45,26200,영도구,2620011200,신선동1가
20241231,2024,4,lawDong,62f6a938f48b,43,26200,영도구,2620011300,신선동2가
20241231,2024,4,lawDong,62f6a938f48b,63,26200,영도구,2620011400,신선동3가
20241231,2024,4,lawDong,62f6a938f48b,86,26200,영도구,2620011500,봉래동1가
20241231,2024,4,lawDong,62f6a938f48b,154,26200,영도구,2620011600,봉래동2가
20241231,2024,4,lawDong,62f6a938f48b,188,26200,영도구,2620011700,봉래동3가
20241231,2024,4,lawDong,62f6a938f48b,35,26200,영도구,2620011800,봉래동4가
20241231,2024,4,lawDong,62f6a938f48b,67,26200,영도구,2620011900,봉래동5가
20241231,2024,4,lawDong,62f6a938f48b,598,26200,영도구,2620012000,청학동
20241231,2024,4,lawDong,62f6a938f48b,1176,26200,영도구,2620012100,동삼동
20241231,2024,4,lawDong,62f6a938f48b,1989,26230,부산진구,2623010100,양정동
20241231,2024,4,lawDong,62f6a938f48b,3537,26230,부산진구,2623010200,전포동
20241231,2024,4,lawDong,62f6a938f48b,7064,26230,부산진구,2623010300,부전동
20241231,2024,4,lawDong,62f6a938f48b,1995,26230,부산진구,2623010400,범천동
20241231,2024,4,lawDong,62f6a938f48b,196,26230,부산진구,2623010500,범전동
20241231,2024,4,lawDong,62f6a938f48b,557,26230,부산진구,2623010600,연지동
20241231,2024,4,lawDong,62f6a938f48b,881,26230,부산진구,2623010700,초읍동
20241231,2024,4,lawDong,62f6a938f48b,893,26230,부산진구,2623010800,부암동
20241231,2024,4,lawDong,62f6a938f48b,1558,26230,부산진구,2623010900,당감동
20241231,2024,4,lawDong,62f6a938f48b,1237,26230,부산진구,2623011000,가야동
20241231,2024,4,lawDong,62f6a938f48b,1610,26230,부산진구,2623011100,개금동
20241231,2024,4,lawDong,62f6a938f48b,873,26260,동래구,2626010100,명장동
20241231,2024,4,lawDong,62f6a938f48b,2120,26260,동래구,2626010200,안락동
20241231,2024,4,lawDong,62f6a938f48b,91,26260,동래구,2626010300,칠산동
20241231,2024,4,lawDong,62f6a938f48b,310,26260,동래구,2626010400,낙민동
20241231,2024,4,lawDong,62f6a938f48b,391,26260,동래구,2626010500,복천동
20241231,2024,4,lawDong,62f6a938f48b,869,26260,동래구,2626010600,수안동
20241231,2024,4,lawDong,62f6a938f48b,1479,26260,동래구,2626010700,명륜동
20241231,2024,4,lawDong,62f6a938f48b,3604,26260,동래구,2626010800,온천동
20241231,2024,4,lawDong,62f6a938f48b,2349,26260,동래구,2626010900,사직동
20241231,2024,4,lawDong,62f6a938f48b,4826,26290,남구,2629010600,대연동
20241231,2024,4,lawDong,62f6a938f48b,2143,26290,남구,2629010700,용호동
20241231,2024,4,lawDong,62f6a938f48b,345,26290,남구,2629010800,용당동
20241231,2024,4,lawDong,62f6a938f48b,1580,26290,남구,2629010900,문현동
20241231,2024,4,lawDong,62f6a938f48b,248,26290,남구,2629011000,우암동
20241231,2024,4,lawDong,62f6a938f48b,412,26290,남구,2629011100,감만동
20241231,2024,4,lawDong,62f6a938f48b,594,26320,북구,2632010100,금곡동
20241231,2024,4,lawDong,62f6a938f48b,2359,26320,북구,2632010200,화명동
20241231,2024,4,lawDong,62f6a938f48b,1456,26320,북구,2632010300,만덕동
20241231,2024,4,lawDong,62f6a938f48b,2115,26320,북구,2632010400,덕천동
20241231,2024,4,lawDong,62f6a938f48b,2407,26320,북구,2632010500,구포동
20241231,2024,4,lawDong,62f6a938f48b,1214,26350,해운대구,2635010100,반송동
20241231,2024,4,lawDong,62f6a938f48b,93,26350,해운대구,2635010200,석대동
20241231,2024,4,lawDong,62f6a938f48b,1934,26350,해운대구,2635010300,반여동
20241231,2024,4,lawDong,62f6a938f48b,2536,26350,해운대구,2635010400,재송동
20241231,2024,4,lawDong,62f6a938f48b,5086,26350,해운대구,2635010500,우동
20241231,2024,4,lawDong,62f6a938f48b,2725,26350,해운대구,2635010600,중동
20241231,2024,4,lawDong,62f6a938f48b,2996,26350,해운대구,2635010700,좌동
20241231,2024,4,lawDong,62f6a938f48b,725,26350,해운대구,2635010800,송정동
20241231,2024,4,lawDong,62f6a938f48b,2207,26380,사하구,2638010100,괴정동
20241231,2024,4,lawDong,62f6a938f48b,1087,26380,사하구,2638010200,당리동
20241231,2024,4,lawDong,62f6a938f48b,2489,26380,사하구,2638010300,하단동
20241231,2024,4,lawDong,62f6a938f48b,1188,26380,사하구,2638010400,신평동
20241231,2024,4,lawDong,62f6a938f48b,1351,26380,사하구,2638010500,장림동
20241231,2024,4,lawDong,62f6a938f48b,1749,26380,사하구,2638010600,다대동
20241231,2024,4,lawDong,62f6a938f48b,304,26380,사하구,2638010700,구평동
20241231,2024,4,lawDong,62f6a938f48b,773,26380,사하구,2638010800,감천동
20241231,2024,4,lawDong,62f6a938f48b,186,26410,금정구,2641010100,두구동
20241231,2024,4,lawDong,62f6a938f48b,87,26410,금정구,2641010200,노포동
20241231,2024,4,lawDong,62f6a938f48b,231,26410,금정구,2641010300,청룡동
20241231,2024,4,lawDong,62f6a938f48b,1320,26410,금정구,2641010400,남산동
20241231,2024,4,lawDong,62f6a938f48b,38,26410,금정구,2641010500,선동
20241231,2024,4,lawDong,62f6a938f48b,43,26410,금정구,2641010600,오륜동
20241231,2024,4,lawDong,62f6a938f48b,1777,26410,금정구,2641010700,구서동
20241231,2024,4,lawDong,62f6a938f48b,2974,26410,금정구,2641010800,장전동
20241231,2024,4,lawDong,62f6a938f48b,1902,26410,금정구,2641010900,부곡동
20241231,2024,4,lawDong,62f6a938f48b,1397,26410,금정구,2641011000,서동
20241231,2024,4,lawDong,62f6a938f48b,443,26410,금정구,2641011100,금사동
20241231,2024,4,lawDong,62f6a938f48b,149,26410,금정구,2641011200,회동동
20241231,2024,4,lawDong,62f6a938f48b,118,26410,금정구,2641011300,금성동
20241231,2024,4,lawDong,62f6a938f48b,762,26440,강서구,2644010100,대저1동
20241231,2024,4,lawDong,62f6a938f48b,789,26440,강서구,2644010200,대저2동
20241231,2024,4,lawDong,62f6a938f48b,296,26440,강서구,2644010300,강동동
20241231,2024,4,lawDong,62f6a938f48b,3801,26440,강서구,2644010400,명지동
20241231,2024,4,lawDong,62f6a938f48b,67,26440,강서구,2644010500,죽림동
20241231,2024,4,lawDong,62f6a938f48b,21,26440,강서구,2644010600,식만동
20241231,2024,4,lawDong,62f6a938f48b,29,26440,강서구,2644010700,죽동동
20241231,2024,4,lawDong,62f6a938f48b,64,26440,강서구,2644010800,봉림동
20241231,2024,4,lawDong,62f6a938f48b,336,26440,강서구,2644010900,송정동
20241231,2024,4,lawDong,62f6a938f48b,178,26440,강서구,2644011000,화전동
20241231,2024,4,lawDong,62f6a938f48b,210,26440,강서구,2644011100,녹산동
20241231,2024,4,lawDong,62f6a938f48b,74,26440,강서구,2644011200,생곡동
20241231,2024,4,lawDong,62f6a938f48b,63,26440,강서구,2644011300,구랑동
20241231,2024,4,lawDong,62f6a938f48b,248,26440,강서구,2644011400,지사동
20241231,2024,4,lawDong,62f6a938f48b,90,26440,강서구,2644011500,미음동
20241231,2024,4,lawDong,62f6a938f48b,173,26440,강서구,2644011600,범방동
20241231,2024,4,lawDong,62f6a938f48b,642,26440,강서구,2644011700,신호동
20241231,2024,4,lawDong,62f6a938f48b,38,26440,강서구,2644011800,동선동
20241231,2024,4,lawDong,62f6a938f48b,56,26440,강서구,2644011900,성북동
20241231,2024,4,lawDong,62f6a938f48b,8,26440,강서구,2644012000,눌차동
20241231,2024,4,lawDong,62f6a938f48b,76,26440,강서구,2644012100,천성동
20241231,2024,4,lawDong,62f6a938f48b,58,26440,강서구,2644012200,대항동
20241231,2024,4,lawDong,62f6a938f48b,3030,26470,연제구,2647010100,거제동
20241231,2024,4,lawDong,62f6a938f48b,7256,26470,연제구,2647010200,연산동
20241231,2024,4,lawDong,62f6a938f48b,1348,26500,수영구,2650010100,망미동
20241231,2024,4,lawDong,62f6a938f48b,1230,26500,수영구,2650010200,수영동
20241231,2024,4,lawDong,62f6a938f48b,1817,26500,수영구,2650010300,민락동
20241231,2024,4,lawDong,62f6a938f48b,3714,26500,수영구,2650010400,광안동
20241231,2024,4,lawDong,62f6a938f48b,2027,26500,수영구,2650010500,남천동
20241231,2024,4,lawDong,62f6a938f48b,423,26530,사상구,2653010100,삼락동
20241231,2024,4,lawDong,62f6a938f48b,1270,26530,사상구,2653010200,모라동
20241231,2024,4,lawDong,62f6a938f48b,1078,26530,사상구,2653010300,덕포동
20241231,2024,4,lawDong,62f6a938f48b,2542,26530,사상구,2653010400,괘법동
20241231,2024,4,lawDong,62f6a938f48b,1497,26530,사상구,2653010500,감전동
20241231,2024,4,lawDong,62f6a938f48b,1676,26530,사상구,2653010600,주례동
20241231,2024,4,lawDong,62f6a938f48b,815,26530,사상구,2653010700,학장동
20241231,2024,4,lawDong,62f6a938f48b,669,26530,사상구,2653010800,엄궁동
20241231,2024,4,lawDong,62f6a938f48b,718,26710,기장군,2671025021,기장읍
20241231,2024,4,lawDong,62f6a938f48b,395,26710,기장군,2671025022,기장읍
20241231,2024,4,lawDong,62f6a938f48b,7,26710,기장군,2671025023,기장읍
20241231,2024,4,lawDong,62f6a938f48b,82,26710,기장군,2671025024,기장읍
20241231,2024,4,lawDong,62f6a938f48b,72,26710,기장군,2671025025,기장읍
20241231,2024,4,lawDong,62f6a938f48b,795,26710,기장군,2671025026,기장읍
20241231,2024,4,lawDong,62f6a938f48b,293,26710,기장군,2671025027,기장읍
20241231,2024,4,lawDong,62f6a938f48b,152,26710,기장군,2671025028,기장읍
20241231,2024,4,lawDong,62f6a938f48b,121,26710,기장군,2671025029,기장읍
20241231,2024,4,lawDong,62f6a938f48b,21,26710,기장군,2671025030,기장읍
20241231,2024,4,lawDong,62f6a938f48b,12,26710,기장군,2671025031,기장읍
20241231,2024,4,lawDong,62f6a938f48b,371,26710,기장군,2671025032,기장읍
20241231,2024,4,lawDong,62f6a938f48b,363,26710,기장군,2671025033,기장읍
20241231,2024,4,lawDong,62f6a938f48b,68,26710,기장군,2671025034,기장읍
20241231,2024,4,lawDong,62f6a938f48b,330,26710,기장군,2671025321,장안읍
20241231,2024,4,lawDong,62f6a938f48b,1,26710,기장군,2671025322,장안읍
20241231,2024,4,lawDong,62f6a938f48b,6,26710,기장군,2671025323,장안읍
20241231,2024,4,lawDong,62f6a938f48b,23,26710,기장군,2671025324,장안읍
20241231,2024,4,lawDong,62f6a938f48b,50,26710,기장군,2671025325,장안읍
20241231,2024,4,lawDong,62f6a938f48b,2,26710,기장군,2671025326,장안읍
20241231,2024,4,lawDong,62f6a938f48b,17,26710,기장군,2671025327,장안읍
20241231,2024,4,lawDong,62f6a938f48b,77,26710,기장군,2671025328,장안읍
20241231,2024,4,lawDong,62f6a938f48b,37,26710,기장군,2671025329,장안읍
20241231,2024,4,lawDong,62f6a938f48b,116,26710,기장군,2671025330,장안읍
20241231,2024,4,lawDong,62f6a938f48b,52,26710,기장군,2671025331,장안읍
20241231,2024,4,lawDong,62f6a938f48b,39,26710,기장군,2671025332,장안읍
20241231,2024,4,lawDong,62f6a938f48b,29,26710,기장군,2671025333,장안읍
20241231,2024,4,lawDong,62f6a938f48b,119,26710,기장군,2671025334,장안읍
20241231,2024,4,lawDong,62f6a938f48b,260,26710,기장군,2671025621,정관읍
20241231,2024,4,lawDong,62f6a938f48b,1217,26710,기장군,2671025622,정관읍
20241231,2024,4,lawDong,62f6a938f48b,3,26710,기장군,2671025623,정관읍
20241231,2024,4,lawDong,62f6a938f48b,6,26710,기장군,2671025624,정관읍
20241231,2024,4,lawDong,62f6a938f48b,242,26710,기장군,2671025625,정관읍
20241231,2024,4,lawDong,62f6a938f48b,22,26710,기장군,2671025626,정관읍
20241231,2024,4,lawDong,62f6a938f48b,431,26710,기장군,2671025627,정관읍
20241231,2024,4,lawDong,62f6a938f48b,425,26710,기장군,2671025628,정관읍
20241231,2024,4,lawDong,62f6a938f48b,4,26710,기장군,2671025629,정관읍
20241231,2024,4,lawDong,62f6a938f48b,87,26710,기장군,2671025630,정관읍
20241231,2024,4,lawDong,62f6a938f48b,841,26710,기장군,2671025921,일광읍
20241231,2024,4,lawDong,62f6a938f48b,182,26710,기장군,2671025922,일광읍
20241231,2024,4,lawDong,62f6a938f48b,31,26710,기장군,2671025923,일광읍
20241231,2024,4,lawDong,62f6a938f48b,53,26710,기장군,2671025924,일광읍
20241231,2024,4,lawDong,62f6a938f48b,31,26710,기장군,2671025925,일광읍
20241231,2024,4,lawDong,62f6a938f48b,41,26710,기장군,2671025926,일광읍
20241231,2024,4,lawDong,62f6a938f48b,76,26710,기장군,2671025927,일광읍
20241231,2024,4,lawDong,62f6a938f48b,33,26710,기장군,2671025928,일광읍
20241231,2024,4,lawDong,62f6a938f48b,5,26710,기장군,2671025929,일광읍
20241231,2024,4,lawDong,62f6a938f48b,23,26710,기장군,2671025930,일광읍
20241231,2024,4,lawDong,62f6a938f48b,63,26710,기장군,2671025931,일광읍
20241231,2024,4,lawDong,62f6a938f48b,14,26710,기장군,2671025932,일광읍
20241231,2024,4,lawDong,62f6a938f48b,19,26710,기장군,2671025933,일광읍
20241231,2024,4,lawDong,62f6a938f48b,11,26710,기장군,2671033021,철마면
20241231,2024,4,lawDong,62f6a938f48b,40,26710,기장군,2671033022,철마면
20241231,2024,4,lawDong,62f6a938f48b,3,26710,기장군,2671033023,철마면
20241231,2024,4,lawDong,62f6a938f48b,62,26710,기장군,2671033024,철마면
20241231,2024,4,lawDong,62f6a938f48b,30,26710,기장군,2671033025,철마면
20241231,2024,4,lawDong,62f6a938f48b,26,26710,기장군,2671033026,철마면
20241231,2024,4,lawDong,62f6a938f48b,10,26710,기장군,2671033027,철마면
20241231,2024,4,lawDong,62f6a938f48b,8,26710,기장군,2671033028,철마면
20241231,2024,4,lawDong,62f6a938f48b,47,26710,기장군,2671033029,철마면
20241231,2024,4,lawDong,62f6a938f48b,21,26710,기장군,2671033030,철마면
20241231,2024,4,lawDong,62f6a938f48b,13,26710,기장군,2671033031,철마면
