year2024,행정동코드,행정동명,나이대,평균주거인구수2024,평균직장인구수2024,평균방문인구수2024,observedMonths2024,nameMissing2024,year2023,평균주거인구수2023,평균직장인구수2023,평균방문인구수2023,observedMonths2023,nameMissing2023,평균주거인구수差,평균직장인구수差,평균방문인구수差
2024,2611051000,중구 중앙동,20대,585.9166666666666,881.0833333333334,1033.8333333333333,12,False,2023,598.9166666666666,965.0,1031.3333333333333,12,False,-13.0,-83.91666666666663,2.5
2024,2611051000,중구 중앙동,20대미만,318.9166666666667,67.41666666666667,343.1666666666667,12,False,2023,308.6666666666667,69.58333333333333,345.0,12,False,10.25,-2.166666666666657,-1.8333333333333144
2024,2611051000,중구 중앙동,30대,638.0,1235.8333333333333,1113.8333333333333,12,False,2023,632.75,1270.3333333333333,1105.5833333333333,12,False,5.25,-34.5,8.25
2024,2611051000,중구 중앙동,40대,739.0833333333334,1110.8333333333333,1087.5,12,False,2023,736.6666666666666,1187.6666666666667,1163.1666666666667,12,False,2.4166666666667425,-76.83333333333348,-75.66666666666674
2024,2611051000,중구 중앙동,50대,955.9166666666666,1108.6666666666667,1216.25,12,False,2023,1006.6666666666666,1188.4166666666667,1262.8333333333333,12,False,-50.75,-79.75,-46.58333333333326
2024,2611051000,중구 중앙동,60대이상,1925.5833333333333,663.5,1667.75,12,False,2023,1972.8333333333333,702.4166666666666,1674.3333333333333,12,False,-47.25,-38.91666666666663,-6.5833333333332575
2024,2611052000,중구 동광동,20대,121.33333333333331,60.75,158.5,12,False,2023,135.33333333333334,54.0,167.33333333333334,12,False,-14.000000000000028,6.75,-8.833333333333343
2024,2611052000,중구 동광동,20대미만,42.66666666666666,6.583333333333333,55.75,12,False,2023,48.833333333333336,4.583333333333333,52.25,12,False,-6.1666666666666785,2.0,3.5
2024,2611052000,중구 동광동,30대,138.0,76.75,143.5,12,False,2023,118.75,77.75,151.83333333333334,12,False,19.25,-1.0,-8.333333333333343
2024,2611052000,중구 동광동,40대,169.75,108.08333333333331,164.83333333333334,12,False,2023,179.91666666666666,100.33333333333331,174.41666666666666,12,False,-10.166666666666657,7.75,-9.583333333333314
2024,2611052000,중구 동광동,50대,272.9166666666667,105.08333333333331,189.58333333333331,12,False,2023,246.08333333333331,98.0,196.41666666666663,12,False,26.83333333333337,7.083333333333314,-6.833333333333314
2024,2611052000,중구 동광동,60대이상,948.1666666666666,99.33333333333331,346.8333333333333,12,False,2023,793.8333333333334,95.25,347.75,12,False,154.33333333333326,4.083333333333314,-0.9166666666666856
2024,2611053000,중구 대청동,20대,538.0833333333334,207.66666666666663,344.5833333333333,12,False,2023,572.8333333333334,213.83333333333331,392.8333333333333,12,False,-34.75,-6.166666666666686,-48.25
2024,2611053000,중구 대청동,20대미만,255.66666666666663,60.66666666666666,137.58333333333334,12,False,2023,271.0,67.58333333333333,151.16666666666666,12,False,-15.333333333333371,-6.916666666666671,-13.583333333333314
2024,2611053000,중구 대청동,30대,399.9166666666667,262.25,291.6666666666667,12,False,2023,418.75,240.33333333333331,319.3333333333333,12,False,-18.833333333333314,21.916666666666686,-27.66666666666663
2024,2611053000,중구 대청동,40대,536.8333333333334,232.16666666666663,299.4166666666667,12,False,2023,563.75,255.5,337.0,12,False,-26.91666666666663,-23.33333333333337,-37.583333333333314
2024,2611053000,중구 대청동,50대,710.1666666666666,254.08333333333331,343.3333333333333,12,False,2023,745.25,255.0,396.8333333333333,12,False,-35.08333333333337,-0.9166666666666856,-53.5
2024,2611053000,중구 대청동,60대이상,2085.25,238.33333333333331,619.5,12,False,2023,2087.5,299.4166666666667,721.0833333333334,12,False,-2.25,-61.08333333333337,-101.58333333333337
2024,2611054500,중구 보수동,20대,993.3333333333334,121.66666666666669,229.41666666666663,12,False,2023,1011.5833333333334,126.75,232.5,12,False,-18.25,-5.083333333333314,-3.0833333333333712
2024,2611054500,중구 보수동,20대미만,367.25,56.083333333333336,108.91666666666669,12,False,2023,377.0833333333333,60.833333333333336,115.16666666666669,12,False,-9.833333333333314,-4.75,-6.25
2024,2611054500,중구 보수동,30대,513.5,70.75,159.25,12,False,2023,457.3333333333333,81.08333333333333,152.58333333333334,12,False,56.166666666666686,-10.333333333333329,6.666666666666657
2024,2611054500,중구 보수동,40대,657.9166666666666,100.66666666666669,184.91666666666663,12,False,2023,557.0,106.83333333333331,190.91666666666663,12,False,100.91666666666663,-6.166666666666629,-6.0
2024,2611054500,중구 보수동,50대,1031.3333333333333,150.08333333333334,235.83333333333331,12,False,2023,965.5,158.41666666666666,243.08333333333331,12,False,65.83333333333326,-8.333333333333314,-7.25
2024,2611054500,중구 보수동,60대이상,2348.583333333333,148.83333333333334,531.4166666666666,12,False,2023,2142.6666666666665,147.08333333333334,522.0,12,False,205.91666666666652,1.75,9.416666666666629
2024,2611056000,중구 부평동,20대,372.4166666666667,150.0,900.0833333333334,12,False,2023,394.75,154.91666666666666,995.5,12,False,-22.333333333333314,-4.916666666666657,-95.41666666666663
2024,2611056000,중구 부평동,20대미만,174.0,12.416666666666666,237.66666666666663,12,False,2023,192.91666666666663,16.833333333333332,251.83333333333331,12,False,-18.91666666666663,-4.416666666666666,-14.166666666666686
2024,2611056000,중구 부평동,30대,269.75,206.08333333333331,705.0833333333334,12,False,2023,280.0,201.0,739.25,12,False,-10.25,5.083333333333314,-34.16666666666663
2024,2611056000,중구 부평동,40대,342.75,218.75,745.3333333333334,12,False,2023,370.8333333333333,238.08333333333331,789.3333333333334,12,False,-28.083333333333314,-19.333333333333314,-44.0
2024,2611056000,중구 부평동,50대,511.0833333333333,290.75,975.75,12,False,2023,520.0833333333334,289.8333333333333,997.5833333333334,12,False,-9.000000000000057,0.9166666666666856,-21.83333333333337
2024,2611056000,중구 부평동,60대이상,1603.9166666666667,343.8333333333333,1820.0833333333333,12,False,2023,1606.5,316.4166666666667,1849.6666666666667,12,False,-2.5833333333332575,27.41666666666663,-29.583333333333485
2024,2611057000,중구 광복동,20대,31.58333333333333,133.75,323.1666666666667,12,False,2023,33.833333333333336,154.58333333333334,401.0833333333333,12,False,-2.250000000000007,-20.833333333333343,-77.91666666666663
2024,2611057000,중구 광복동,20대미만,9.666666666666666,30.08333333333333,158.5,12,False,2023,9.833333333333334,28.166666666666668,201.66666666666663,12,False,-0.16666666666666785,1.9166666666666607,-43.16666666666663
2024,2611057000,중구 광복동,30대,27.75,84.16666666666667,215.5,12,False,2023,29.166666666666668,88.83333333333333,229.91666666666663,12,False,-1.4166666666666679,-4.666666666666657,-14.416666666666629
2024,2611057000,중구 광복동,40대,57.66666666666666,94.0,232.5,12,False,2023,50.583333333333336,90.58333333333331,252.0,12,False,7.0833333333333215,3.4166666666666856,-19.5
2024,2611057000,중구 광복동,50대,56.583333333333336,113.58333333333331,262.9166666666667,12,False,2023,77.33333333333333,104.33333333333331,268.4166666666667,12,False,-20.749999999999993,9.25,-5.5
2024,2611057000,중구 광복동,60대이상,190.0,215.0,419.4166666666667,12,False,2023,144.16666666666666,193.25,394.75,12,False,45.83333333333334,21.75,24.666666666666686
2024,2611058000,중구 남포동,20대,228.58333333333331,323.1666666666667,880.25,12,False,2023,197.5,339.1666666666667,918.75,12,False,31.083333333333314,-16.0,-38.5
2024,2611058000,중구 남포동,20대미만,42.25,16.583333333333332,363.0833333333333,12,False,2023,54.333333333333336,14.0,336.5,12,False,-12.083333333333336,2.583333333333332,26.583333333333314
2024,2611058000,중구 남포동,30대,234.0,400.75,764.75,12,False,2023,218.75,347.6666666666667,760.3333333333334,12,False,15.25,53.083333333333314,4.416666666666629
2024,2611058000,중구 남포동,40대,266.8333333333333,390.1666666666667,891.6666666666666,12,False,2023,254.91666666666663,371.8333333333333,921.4166666666666,12,False,11.916666666666686,18.33333333333337,-29.75
2024,2611058000,중구 남포동,50대,431.4166666666667,514.9166666666666,1315.5,12,False,2023,429.75,496.4166666666667,1342.5833333333333,12,False,1.6666666666666856,18.499999999999943,-27.083333333333258
2024,2611058000,중구 남포동,60대이상,1087.25,861.25,3042.083333333333,12,False,2023,774.75,806.5,2961.75,12,False,312.5,54.75,80.33333333333303
2024,2611059000,중구 영주1동,20대,40.083333333333336,16.75,57.91666666666666,12,False,2023,32.916666666666664,13.25,54.333333333333336,12,False,7.166666666666671,3.5,3.5833333333333215
2024,2611059000,중구 영주1동,20대미만,8.916666666666666,0.0833333333333333,20.416666666666668,12,False,2023,6.083333333333333,1.8333333333333333,16.916666666666668,12,False,2.833333333333333,-1.75,3.5
2024,2611059000,중구 영주1동,30대,35.333333333333336,19.08333333333333,50.66666666666666,12,False,2023,33.75,17.75,48.833333333333336,12,False,1.5833333333333357,1.3333333333333286,1.8333333333333215
2024,2611059000,중구 영주1동,40대,38.333333333333336,22.25,58.5,12,False,2023,38.75,17.416666666666668,60.16666666666666,12,False,-0.4166666666666643,4.833333333333332,-1.6666666666666572
2024,2611059000,중구 영주1동,50대,52.0,22.83333333333333,77.0,12,False,2023,45.333333333333336,19.416666666666668,83.58333333333333,12,False,6.666666666666664,3.4166666666666607,-6.583333333333329
2024,2611059000,중구 영주1동,60대이상,131.58333333333334,21.75,113.33333333333331,12,False,2023,116.91666666666669,17.666666666666668,123.0,12,False,14.666666666666657,4.083333333333332,-9.666666666666686
2024,2611060000,중구 영주2동,20대,407.5,41.083333333333336,124.83333333333331,12,False,2023,465.0,41.083333333333336,153.5,12,False,-57.5,0.0,-28.666666666666686
2024,2611060000,중구 영주2동,20대미만,298.75,28.75,71.83333333333333,12,False,2023,365.1666666666667,27.166666666666668,82.75,12,False,-66.41666666666669,1.5833333333333321,-10.916666666666671
2024,2611060000,중구 영주2동,30대,374.0,52.91666666666666,123.16666666666669,12,False,2023,391.6666666666667,50.833333333333336,146.75,12,False,-17.666666666666686,2.0833333333333215,-23.583333333333314
2024,2611060000,중구 영주2동,40대,534.0833333333334,67.25,147.75,12,False,2023,588.0,74.83333333333333,182.5,12,False,-53.91666666666663,-7.583333333333329,-34.75
2024,2611060000,중구 영주2동,50대,887.5,94.16666666666669,211.0,12,False,2023,924.4166666666666,92.83333333333331,241.41666666666663,12,False,-36.91666666666663,1.3333333333333712,-30.41666666666663
2024,2611060000,중구 영주2동,60대이상,2667.833333333333,96.66666666666669,471.0,12,False,2023,2657.9166666666665,96.33333333333331,484.5,12,False,9.916666666666515,0.33333333333337123,-13.5
2024,2614051000,서구 동대신1동,20대,339.3333333333333,39.333333333333336,157.16666666666666,12,False,2023,384.6666666666667,45.25,165.5,12,False,-45.33333333333337,-5.916666666666664,-8.333333333333343
2024,2614051000,서구 동대신1동,20대미만,275.3333333333333,16.75,121.0,12,False,2023,325.25,23.25,120.5,12,False,-49.916666666666686,-6.5,0.5
2024,2614051000,서구 동대신1동,30대,396.75,44.66666666666666,131.41666666666666,12,False,2023,412.9166666666667,51.083333333333336,153.91666666666666,12,False,-16.166666666666686,-6.4166666666666785,-22.5
2024,2614051000,서구 동대신1동,40대,478.6666666666667,51.25,164.33333333333334,12,False,2023,507.0,58.083333333333336,182.58333333333331,12,False,-28.333333333333314,-6.833333333333336,-18.24999999999997
2024,2614051000,서구 동대신1동,50대,573.1666666666666,69.75,213.0,12,False,2023,587.1666666666666,75.25,224.66666666666663,12,False,-14.0,-5.5,-11.666666666666629
2024,2614051000,서구 동대신1동,60대이상,1523.4166666666667,90.58333333333331,396.0,12,False,2023,1528.3333333333333,83.75,409.5833333333333,12,False,-4.916666666666515,6.833333333333314,-13.583333333333314
2024,2614052000,서구 동대신2동,20대,177.5,13.833333333333334,52.91666666666666,12,False,2023,204.83333333333331,14.916666666666666,61.833333333333336,12,False,-27.333333333333314,-1.0833333333333321,-8.916666666666679
2024,2614052000,서구 동대신2동,20대미만,128.08333333333334,16.833333333333332,50.25,12,False,2023,123.83333333333331,16.083333333333332,53.333333333333336,12,False,4.250000000000028,0.75,-3.0833333333333357
2024,2614052000,서구 동대신2동,30대,150.08333333333334,12.25,44.0,12,False,2023,149.58333333333334,15.916666666666666,45.66666666666666,12,False,0.5,-3.666666666666666,-1.6666666666666572
2024,2614052000,서구 동대신2동,40대,297.9166666666667,30.0,70.5,12,False,2023,314.5833333333333,31.5,84.08333333333333,12,False,-16.66666666666663,-1.5,-13.583333333333329
2024,2614052000,서구 동대신2동,50대,405.4166666666667,36.333333333333336,82.41666666666667,12,False,2023,396.75,33.25,97.0,12,False,8.666666666666686,3.0833333333333357,-14.583333333333329
2024,2614052000,서구 동대신2동,60대이상,1469.4166666666667,42.25,201.75,12,False,2023,1430.5833333333333,39.75,205.16666666666663,12,False,38.833333333333485,2.5,-3.4166666666666288
2024,2614053000,서구 동대신3동,20대,752.6666666666666,326.0,545.75,12,False,2023,795.9166666666666,350.6666666666667,611.0833333333334,12,False,-43.25,-24.666666666666686,-65.33333333333337
2024,2614053000,서구 동대신3동,20대미만,528.9166666666666,218.25,390.5833333333333,12,False,2023,549.1666666666666,201.66666666666663,390.9166666666667,12,False,-20.25,16.58333333333337,-0.33333333333337123
2024,2614053000,서구 동대신3동,30대,503.9166666666667,272.8333333333333,441.5833333333333,12,False,2023,543.3333333333334,267.8333333333333,460.0833333333333,12,False,-39.416666666666686,5.0,-18.5
2024,2614053000,서구 동대신3동,40대,659.9166666666666,275.75,553.6666666666666,12,False,2023,714.9166666666666,298.75,602.8333333333334,12,False,-55.0,-23.0,-49.16666666666674
2024,2614053000,서구 동대신3동,50대,783.9166666666666,286.1666666666667,665.6666666666666,12,False,2023,792.8333333333334,287.25,704.5833333333334,12,False,-8.916666666666742,-1.0833333333333144,-38.91666666666674
2024,2614053000,서구 동대신3동,60대이상,2216.6666666666665,205.25,1398.5,12,False,2023,2204.0,198.25,1409.1666666666667,12,False,12.666666666666515,7.0,-10.666666666666742
2024,2614054000,서구 서대신1동,20대,1123.75,174.58333333333334,315.5833333333333,12,False,2023,1158.0,174.16666666666666,322.5833333333333,12,False,-34.25,0.4166666666666856,-7.0
2024,2614054000,서구 서대신1동,20대미만,1228.75,26.916666666666668,226.83333333333331,12,False,2023,1163.4166666666667,28.5,231.33333333333331,12,False,65.33333333333326,-1.5833333333333321,-4.5
2024,2614054000,서구 서대신1동,30대,1323.0833333333333,185.33333333333331,304.25,12,False,2023,1369.5833333333333,196.0,320.0833333333333,12,False,-46.5,-10.666666666666686,-15.833333333333314
2024,2614054000,서구 서대신1동,40대,1738.4166666666667,216.91666666666663,373.4166666666667,12,False,2023,1724.4166666666667,217.58333333333331,391.3333333333333,12,False,14.0,-0.6666666666666856,-17.91666666666663
2024,2614054000,서구 서대신1동,50대,1617.6666666666667,249.58333333333331,460.3333333333333,12,False,2023,1565.75,240.83333333333331,454.9166666666667,12,False,51.91666666666674,8.75,5.416666666666629
2024,2614054000,서구 서대신1동,60대이상,3809.8333333333335,237.83333333333331,825.5,12,False,2023,3688.0833333333335,221.08333333333331,793.0,12,False,121.75,16.75,32.5
2024,2614056000,서구 서대신3동,20대,256.25,47.333333333333336,92.41666666666669,12,False,2023,233.83333333333331,51.91666666666666,94.83333333333331,12,False,22.416666666666686,-4.5833333333333215,-2.4166666666666288
2024,2614056000,서구 서대신3동,20대미만,321.6666666666667,93.66666666666669,134.91666666666666,12,False,2023,339.3333333333333,94.83333333333331,129.5,12,False,-17.66666666666663,-1.1666666666666288,5.416666666666657
2024,2614056000,서구 서대신3동,30대,278.6666666666667,63.833333333333336,113.08333333333331,12,False,2023,309.4166666666667,59.5,131.83333333333334,12,False,-30.75,4.333333333333336,-18.75000000000003
2024,2614056000,서구 서대신3동,40대,407.3333333333333,78.91666666666667,152.91666666666666,12,False,2023,423.75,81.0,165.75,12,False,-16.416666666666686,-2.0833333333333286,-12.833333333333343
2024,2614056000,서구 서대신3동,50대,490.0,70.83333333333333,194.91666666666663,12,False,2023,455.1666666666667,75.83333333333333,205.08333333333331,12,False,34.833333333333314,-5.0,-10.166666666666686
2024,2614056000,서구 서대신3동,60대이상,1049.0,78.75,345.8333333333333,12,False,2023,983.5,80.25,345.0,12,False,65.5,-1.5,0.8333333333333144
2024,2614057000,서구 서대신4동,20대,473.1666666666667,65.66666666666667,199.58333333333331,12,False,2023,481.4166666666667,72.16666666666667,233.5,12,False,-8.25,-6.5,-33.916666666666686
2024,2614057000,서구 서대신4동,20대미만,570.9166666666666,69.08333333333333,145.5,12,False,2023,593.75,66.5,151.0,12,False,-22.83333333333337,2.5833333333333286,-5.5
2024,2614057000,서구 서대신4동,30대,456.3333333333333,59.16666666666666,145.75,12,False,2023,504.0833333333333,60.0,172.91666666666666,12,False,-47.75,-0.8333333333333428,-27.166666666666657
2024,2614057000,서구 서대신4동,40대,751.1666666666666,88.0,214.66666666666663,12,False,2023,794.0,85.75,245.58333333333331,12,False,-42.83333333333337,2.25,-30.916666666666686
2024,2614057000,서구 서대신4동,50대,828.5833333333334,102.08333333333331,293.3333333333333,12,False,2023,847.6666666666666,97.91666666666669,310.0,12,False,-19.083333333333258,4.166666666666629,-16.666666666666686
2024,2614057000,서구 서대신4동,60대이상,1966.0833333333333,102.91666666666669,586.0833333333334,12,False,2023,1943.8333333333333,93.5,633.25,12,False,22.25,9.416666666666686,-47.16666666666663
2024,2614059000,서구 부민동,20대,604.3333333333334,203.66666666666663,331.4166666666667,12,False,2023,587.6666666666666,215.08333333333331,356.8333333333333,12,False,16.666666666666742,-11.416666666666686,-25.41666666666663
2024,2614059000,서구 부민동,20대미만,406.25,51.91666666666666,140.91666666666666,12,False,2023,388.5833333333333,58.0,145.58333333333334,12,False,17.666666666666686,-6.083333333333343,-4.666666666666686
2024,2614059000,서구 부민동,30대,354.0833333333333,72.58333333333333,125.58333333333331,12,False,2023,326.0833333333333,72.08333333333333,132.83333333333334,12,False,28.0,0.5,-7.250000000000028
2024,2614059000,서구 부민동,40대,474.1666666666667,83.33333333333333,140.83333333333334,12,False,2023,516.75,83.41666666666667,159.33333333333334,12,False,-42.583333333333314,-0.08333333333334281,-18.5
2024,2614059000,서구 부민동,50대,523.4166666666666,94.58333333333331,189.66666666666663,12,False,2023,458.0,115.41666666666669,208.83333333333331,12,False,65.41666666666663,-20.83333333333337,-19.166666666666686
2024,2614059000,서구 부민동,60대이상,1311.4166666666667,79.0,287.5833333333333,12,False,2023,1216.5833333333333,89.5,312.1666666666667,12,False,94.83333333333348,-10.5,-24.58333333333337
2024,2614061500,서구 아미동,20대,510.9166666666667,67.66666666666667,246.91666666666663,12,False,2023,442.6666666666667,86.91666666666667,274.3333333333333,12,False,68.25,-19.25,-27.416666666666686
2024,2614061500,서구 아미동,20대미만,189.83333333333331,2.5,61.16666666666666,12,False,2023,174.75,2.1666666666666665,58.66666666666666,12,False,15.083333333333314,0.3333333333333335,2.5
2024,2614061500,서구 아미동,30대,448.75,105.08333333333331,249.5,12,False,2023,321.75,108.41666666666669,237.08333333333331,12,False,127.0,-3.3333333333333712,12.416666666666686
2024,2614061500,서구 아미동,40대,416.25,91.5,213.25,12,False,2023,425.6666666666667,108.91666666666669,241.75,12,False,-9.416666666666686,-17.416666666666686,-28.5
2024,2614061500,서구 아미동,50대,637.75,100.75,267.75,12,False,2023,611.0833333333334,101.5,299.6666666666667,12,False,26.66666666666663,-0.75,-31.916666666666686
2024,2614061500,서구 아미동,60대이상,2589.9166666666665,112.41666666666669,580.0833333333334,12,False,2023,2384.083333333333,105.25,664.25,12,False,205.83333333333348,7.166666666666686,-84.16666666666663
2024,2614063000,서구 초장동,20대,188.16666666666663,39.66666666666666,106.0,12,False,2023,223.83333333333331,33.666666666666664,114.5,12,False,-35.666666666666686,5.999999999999993,-8.5
2024,2614063000,서구 초장동,20대미만,120.0,34.583333333333336,64.66666666666667,12,False,2023,138.33333333333334,32.666666666666664,66.33333333333333,12,False,-18.333333333333343,1.9166666666666714,-1.6666666666666572
2024,2614063000,서구 초장동,30대,182.41666666666663,13.5,67.25,12,False,2023,199.58333333333331,14.833333333333334,80.25,12,False,-17.166666666666686,-1.333333333333334,-13.0
2024,2614063000,서구 초장동,40대,315.6666666666667,27.58333333333333,97.16666666666669,12,False,2023,361.6666666666667,26.25,111.25,12,False,-46.0,1.3333333333333286,-14.083333333333314
2024,2614063000,서구 초장동,50대,477.25,58.91666666666666,158.66666666666666,12,False,2023,491.5833333333333,53.25,185.16666666666663,12,False,-14.333333333333314,5.666666666666657,-26.49999999999997
2024,2614063000,서구 초장동,60대이상,1740.0,61.0,324.4166666666667,12,False,2023,1775.0833333333333,59.833333333333336,349.9166666666667,12,False,-35.08333333333326,1.1666666666666643,-25.5
2024,2614064000,서구 충무동,20대,615.75,93.25,158.16666666666666,12,False,2023,605.5,96.83333333333331,187.75,12,False,10.25,-3.5833333333333144,-29.583333333333343
2024,2614064000,서구 충무동,20대미만,309.0833333333333,75.83333333333333,93.08333333333331,12,False,2023,282.0833333333333,62.91666666666666,100.5,12,False,27.0,12.916666666666671,-7.416666666666686
2024,2614064000,서구 충무동,30대,438.9166666666667,123.75,133.33333333333334,12,False,2023,455.25,120.16666666666669,145.83333333333334,12,False,-16.333333333333314,3.5833333333333144,-12.5
2024,2614064000,서구 충무동,40대,609.3333333333334,140.58333333333334,187.66666666666663,12,False,2023,586.6666666666666,150.16666666666666,208.41666666666663,12,False,22.666666666666742,-9.583333333333314,-20.75
2024,2614064000,서구 충무동,50대,772.3333333333334,171.91666666666666,287.4166666666667,12,False,2023,776.9166666666666,190.58333333333331,316.8333333333333,12,False,-4.5833333333332575,-18.666666666666657,-29.41666666666663
2024,2614064000,서구 충무동,60대이상,2185.25,173.75,610.5833333333334,12,False,2023,2117.583333333333,185.66666666666663,640.5833333333334,12,False,67.66666666666697,-11.916666666666629,-30.0
2024,2614065000,서구 남부민1동,20대,157.83333333333334,19.0,61.41666666666666,12,False,2023,231.25,30.666666666666668,100.25,12,False,-73.41666666666666,-11.666666666666668,-38.83333333333334
2024,2614065000,서구 남부민1동,20대미만,61.75,5.583333333333333,29.25,12,False,2023,78.16666666666667,7.416666666666667,37.583333333333336,12,False,-16.41666666666667,-1.833333333333334,-8.333333333333336
2024,2614065000,서구 남부민1동,30대,105.5,30.25,59.0,12,False,2023,211.0,40.75,101.66666666666669,12,False,-105.5,-10.5,-42.666666666666686
2024,2614065000,서구 남부민1동,40대,200.58333333333331,39.16666666666666,96.16666666666669,12,False,2023,260.8333333333333,50.583333333333336,132.75,12,False,-60.25,-11.416666666666679,-36.583333333333314
2024,2614065000,서구 남부민1동,50대,438.6666666666667,55.5,150.83333333333334,12,False,2023,522.1666666666666,69.66666666666667,223.66666666666663,12,False,-83.49999999999994,-14.166666666666671,-72.83333333333329
2024,2614065000,서구 남부민1동,60대이상,1255.9166666666667,66.91666666666667,337.8333333333333,12,False,2023,1407.9166666666667,85.91666666666667,413.9166666666667,12,False,-152.0,-19.0,-76.08333333333337
2024,2614066000,서구 남부민2동,20대,417.9166666666667,59.16666666666666,184.66666666666663,12,False,2023,473.25,55.833333333333336,156.5,12,False,-55.333333333333314,3.3333333333333215,28.16666666666663
2024,2614066000,서구 남부민2동,20대미만,345.6666666666667,50.833333333333336,143.16666666666666,12,False,2023,365.9166666666667,47.833333333333336,122.08333333333331,12,False,-20.25,3.0,21.083333333333343
2024,2614066000,서구 남부민2동,30대,408.3333333333333,66.75,238.83333333333331,12,False,2023,446.75,58.0,191.83333333333331,12,False,-38.416666666666686,8.75,47.0
2024,2614066000,서구 남부민2동,40대,621.25,88.0,287.75,12,False,2023,683.4166666666666,81.0,254.58333333333331,12,False,-62.16666666666663,7.0,33.166666666666686
2024,2614066000,서구 남부민2동,50대,966.3333333333334,104.41666666666669,351.1666666666667,12,False,2023,1031.3333333333333,101.5,330.3333333333333,12,False,-64.99999999999989,2.9166666666666856,20.83333333333337
2024,2614066000,서구 남부민2동,60대이상,3226.75,120.33333333333331,781.9166666666666,12,False,2023,3103.083333333333,120.08333333333331,755.3333333333334,12,False,123.66666666666697,0.25,26.583333333333258
2024,2614068000,서구 암남동,20대,1164.4166666666667,383.25,717.75,12,False,2023,1269.25,459.3333333333333,802.5,12,False,-104.83333333333326,-76.08333333333331,-84.75
2024,2614068000,서구 암남동,20대미만,786.5833333333334,42.16666666666666,279.1666666666667,12,False,2023,764.5,43.333333333333336,302.6666666666667,12,False,22.08333333333337,-1.1666666666666785,-23.5
2024,2614068000,서구 암남동,30대,1146.0833333333333,439.8333333333333,703.9166666666666,12,False,2023,1123.5833333333333,421.4166666666667,717.5,12,False,22.5,18.41666666666663,-13.583333333333371
2024,2614068000,서구 암남동,40대,1484.0833333333333,508.5,904.3333333333334,12,False,2023,1395.3333333333333,472.0833333333333,944.5833333333334,12,False,88.75,36.416666666666686,-40.25
2024,2614068000,서구 암남동,50대,1929.9166666666667,603.3333333333334,1157.75,12,False,2023,1872.6666666666667,599.4166666666666,1238.6666666666667,12,False,57.25,3.9166666666667425,-80.91666666666674
2024,2614068000,서구 암남동,60대이상,4796.583333333333,425.0833333333333,1861.0,12,False,2023,4497.416666666667,402.3333333333333,1905.75,12,False,299.16666666666606,22.75,-44.75
2024,2617051000,동구 초량1동,20대,155.5,155.75,398.0,12,False,2023,201.58333333333331,143.0,409.6666666666667,12,False,-46.083333333333314,12.75,-11.666666666666686
2024,2617051000,동구 초량1동,20대미만,103.25,21.916666666666668,116.41666666666669,12,False,2023,125.16666666666669,17.75,106.5,12,False,-21.916666666666686,4.166666666666668,9.916666666666686
2024,2617051000,동구 초량1동,30대,148.66666666666666,231.66666666666663,370.0,12,False,2023,177.5,214.08333333333331,348.9166666666667,12,False,-28.833333333333343,17.583333333333314,21.083333333333314
2024,2617051000,동구 초량1동,40대,227.83333333333331,209.08333333333331,355.4166666666667,12,False,2023,324.4166666666667,213.5,369.6666666666667,12,False,-96.58333333333337,-4.416666666666686,-14.25
2024,2617051000,동구 초량1동,50대,335.75,180.41666666666663,436.25,12,False,2023,349.4166666666667,173.33333333333334,432.3333333333333,12,False,-13.666666666666686,7.083333333333286,3.9166666666666856
2024,2617051000,동구 초량1동,60대이상,920.0,131.5,632.75,12,False,2023,912.75,140.75,684.25,12,False,7.25,-9.25,-51.5
2024,2617052000,동구 초량2동,20대,301.75,154.75,666.5,12,False,2023,307.0833333333333,156.08333333333334,688.4166666666666,12,False,-5.333333333333314,-1.3333333333333428,-21.91666666666663
2024,2617052000,동구 초량2동,20대미만,226.58333333333331,118.41666666666669,247.16666666666663,12,False,2023,244.0,111.5,229.41666666666663,12,False,-17.416666666666686,6.916666666666686,17.75
2024,2617052000,동구 초량2동,30대,290.4166666666667,196.83333333333331,534.0833333333334,12,False,2023,329.3333333333333,191.83333333333331,521.0,12,False,-38.91666666666663,5.0,13.083333333333371
2024,2617052000,동구 초량2동,40대,422.25,187.33333333333331,530.75,12,False,2023,442.6666666666667,195.58333333333331,538.5,12,False,-20.416666666666686,-8.25,-7.75
2024,2617052000,동구 초량2동,50대,650.1666666666666,210.91666666666663,680.1666666666666,12,False,2023,651.5833333333334,211.58333333333331,697.3333333333334,12,False,-1.4166666666667425,-0.6666666666666856,-17.166666666666742
2024,2617052000,동구 초량2동,60대이상,2055.5,218.58333333333331,1355.75,12,False,2023,1988.4166666666667,212.16666666666663,1247.25,12,False,67.08333333333326,6.416666666666686,108.5
2024,2617053000,동구 초량3동,20대,1129.5,467.6666666666667,1314.5,12,False,2023,1164.9166666666667,471.6666666666667,1278.6666666666667,12,False,-35.41666666666674,-4.0,35.83333333333326
2024,2617053000,동구 초량3동,20대미만,675.4166666666666,86.58333333333333,472.3333333333333,12,False,2023,599.4166666666666,72.5,443.5,12,False,76.0,14.083333333333329,28.833333333333314
2024,2617053000,동구 초량3동,30대,1602.25,608.5833333333334,1253.75,12,False,2023,1393.0833333333333,552.25,1179.9166666666667,12,False,209.16666666666674,56.33333333333337,73.83333333333326
2024,2617053000,동구 초량3동,40대,1381.3333333333333,527.5833333333334,1286.5,12,False,2023,1333.6666666666667,510.0833333333333,1251.0,12,False,47.666666666666515,17.500000000000057,35.5
2024,2617053000,동구 초량3동,50대,1244.8333333333333,576.9166666666666,1607.9166666666667,12,False,2023,1250.75,510.8333333333333,1497.25,12,False,-5.9166666666667425,66.08333333333331,110.66666666666674
2024,2617053000,동구 초량3동,60대이상,2207.9166666666665,427.9166666666667,2132.0,12,False,2023,2188.4166666666665,404.4166666666667,1868.25,12,False,19.5,23.5,263.75
2024,2617055000,동구 초량6동,20대,88.0,22.0,117.33333333333331,12,False,2023,95.66666666666669,10.083333333333334,22.25,12,False,-7.666666666666686,11.916666666666666,95.08333333333331
2024,2617055000,동구 초량6동,20대미만,63.25,35.416666666666664,86.33333333333333,12,False,2023,71.25,43.333333333333336,40.41666666666666,12,False,-8.0,-7.916666666666671,45.91666666666667
2024,2617055000,동구 초량6동,30대,82.41666666666667,21.416666666666668,117.0,12,False,2023,69.83333333333333,8.25,21.166666666666668,12,False,12.583333333333343,13.166666666666668,95.83333333333333
2024,2617055000,동구 초량6동,40대,108.91666666666669,29.916666666666668,134.58333333333334,12,False,2023,119.91666666666669,15.333333333333334,37.25,12,False,-11.0,14.583333333333334,97.33333333333334
2024,2617055000,동구 초량6동,50대,221.58333333333331,44.333333333333336,132.0,12,False,2023,249.5,20.58333333333333,56.333333333333336,12,False,-27.916666666666686,23.750000000000007,75.66666666666666
2024,2617055000,동구 초량6동,60대이상,523.6666666666666,25.5,167.08333333333334,12,False,2023,535.5833333333334,16.083333333333332,86.75,12,False,-11.916666666666742,9.416666666666668,80.33333333333334
2024,2617056000,동구 수정1동,20대,290.3333333333333,72.66666666666667,169.33333333333334,12,False,2023,299.0833333333333,89.66666666666667,192.66666666666663,12,False,-8.75,-17.0,-23.333333333333286
2024,2617056000,동구 수정1동,20대미만,278.1666666666667,31.33333333333333,107.83333333333331,12,False,2023,273.0,30.5,112.0,12,False,5.166666666666686,0.8333333333333286,-4.166666666666686
2024,2617056000,동구 수정1동,30대,248.25,85.91666666666667,171.0,12,False,2023,243.41666666666663,85.16666666666667,178.16666666666666,12,False,4.833333333333371,0.75,-7.166666666666657
2024,2617056000,동구 수정1동,40대,395.8333333333333,88.0,178.33333333333334,12,False,2023,411.1666666666667,99.0,207.0,12,False,-15.333333333333371,-11.0,-28.666666666666657
2024,2617056000,동구 수정1동,50대,480.0833333333333,87.91666666666667,215.25,12,False,2023,461.75,91.0,233.66666666666663,12,False,18.333333333333314,-3.0833333333333286,-18.41666666666663
2024,2617056000,동구 수정1동,60대이상,1397.8333333333333,86.0,388.25,12,False,2023,1388.75,95.83333333333331,397.1666666666667,12,False,9.083333333333258,-9.833333333333314,-8.916666666666686
2024,2617057000,동구 수정2동,20대,469.5,80.33333333333333,125.08333333333331,12,False,2023,487.6666666666667,92.75,158.33333333333334,12,False,-18.166666666666686,-12.416666666666671,-33.25000000000003
2024,2617057000,동구 수정2동,20대미만,377.1666666666667,87.41666666666667,120.91666666666669,12,False,2023,383.0833333333333,86.75,133.66666666666666,12,False,-5.916666666666629,0.6666666666666714,-12.749999999999972
2024,2617057000,동구 수정2동,30대,590.5833333333334,122.75,162.41666666666666,12,False,2023,644.75,117.58333333333331,180.08333333333334,12,False,-54.16666666666663,5.166666666666686,-17.666666666666686
2024,2617057000,동구 수정2동,40대,654.0833333333334,148.33333333333334,196.16666666666663,12,False,2023,721.8333333333334,154.33333333333334,240.75,12,False,-67.75,-6.0,-44.58333333333337
2024,2617057000,동구 수정2동,50대,924.5833333333334,184.58333333333331,282.8333333333333,12,False,2023,917.0833333333334,209.0,310.0,12,False,7.5,-24.416666666666686,-27.166666666666686
2024,2617057000,동구 수정2동,60대이상,2938.0,163.08333333333334,522.5,12,False,2023,2900.1666666666665,163.33333333333334,549.4166666666666,12,False,37.833333333333485,-0.25,-26.91666666666663
2024,2617059000,동구 수정4동,20대,128.0,19.916666666666668,29.83333333333333,12,False,2023,145.25,14.333333333333334,30.916666666666668,12,False,-17.25,5.583333333333334,-1.0833333333333393
2024,2617059000,동구 수정4동,20대미만,96.41666666666669,1.9166666666666667,27.58333333333333,12,False,2023,97.08333333333331,1.6666666666666667,30.83333333333333,12,False,-0.6666666666666288,0.25,-3.25
2024,2617059000,동구 수정4동,30대,132.25,8.416666666666666,32.083333333333336,12,False,2023,153.25,6.75,36.083333333333336,12,False,-21.0,1.666666666666666,-4.0
2024,2617059000,동구 수정4동,40대,211.66666666666663,16.833333333333332,44.333333333333336,12,False,2023,230.66666666666663,15.25,58.583333333333336,12,False,-19.0,1.5833333333333321,-14.25
2024,2617059000,동구 수정4동,50대,403.3333333333333,30.416666666666668,68.58333333333333,12,False,2023,384.4166666666667,25.25,83.16666666666667,12,False,18.91666666666663,5.166666666666668,-14.583333333333343
2024,2617059000,동구 수정4동,60대이상,1424.5833333333333,37.083333333333336,171.0,12,False,2023,1423.0833333333333,36.0,182.83333333333331,12,False,1.5,1.0833333333333357,-11.833333333333314
2024,2617060000,동구 수정5동,20대,272.5833333333333,23.916666666666668,47.16666666666666,12,False,2023,305.25,23.166666666666668,53.833333333333336,12,False,-32.666666666666686,0.75,-6.6666666666666785
2024,2617060000,동구 수정5동,20대미만,254.16666666666663,23.5,49.5,12,False,2023,258.5833333333333,22.25,53.75,12,False,-4.416666666666686,1.25,-4.25
2024,2617060000,동구 수정5동,30대,222.41666666666663,35.416666666666664,55.91666666666666,12,False,2023,240.16666666666663,33.666666666666664,60.583333333333336,12,False,-17.75,1.75,-4.6666666666666785
2024,2617060000,동구 수정5동,40대,388.6666666666667,41.16666666666666,73.25,12,False,2023,432.3333333333333,40.0,86.25,12,False,-43.66666666666663,1.1666666666666572,-13.0
2024,2617060000,동구 수정5동,50대,634.6666666666666,59.91666666666666,100.0,12,False,2023,655.3333333333334,62.083333333333336,116.75,12,False,-20.666666666666742,-2.1666666666666785,-16.75
2024,2617060000,동구 수정5동,60대이상,2134.5,57.5,222.83333333333331,12,False,2023,2153.4166666666665,58.25,247.08333333333331,12,False,-18.916666666666515,-0.75,-24.25
2024,2617064500,동구 좌천동,20대,300.1666666666667,34.75,189.41666666666663,12,False,2023,314.9166666666667,42.0,191.58333333333331,12,False,-14.75,-7.25,-2.1666666666666856
2024,2617064500,동구 좌천동,20대미만,153.66666666666666,41.5,162.58333333333334,12,False,2023,206.16666666666663,29.25,186.83333333333331,12,False,-52.49999999999997,12.25,-24.24999999999997
2024,2617064500,동구 좌천동,30대,281.0,42.333333333333336,221.75,12,False,2023,299.6666666666667,58.333333333333336,246.91666666666663,12,False,-18.666666666666686,-16.0,-25.16666666666663
2024,2617064500,동구 좌천동,40대,278.1666666666667,45.75,234.41666666666663,12,False,2023,358.5833333333333,69.16666666666667,278.0833333333333,12,False,-80.41666666666663,-23.41666666666667,-43.666666666666686
2024,2617064500,동구 좌천동,50대,446.0833333333333,79.25,333.1666666666667,12,False,2023,499.0833333333333,85.83333333333333,378.4166666666667,12,False,-53.0,-6.583333333333329,-45.25
2024,2617064500,동구 좌천동,60대이상,1422.0,78.41666666666667,773.9166666666666,12,False,2023,1523.75,95.75,777.25,12,False,-101.75,-17.33333333333333,-3.3333333333333712
2024,2617065000,동구 범일1동,20대,601.4166666666666,72.91666666666667,209.75,12,False,2023,694.9166666666666,90.08333333333331,220.08333333333331,12,False,-93.5,-17.166666666666643,-10.333333333333314
2024,2617065000,동구 범일1동,20대미만,302.1666666666667,55.41666666666666,88.33333333333333,12,False,2023,361.6666666666667,49.583333333333336,96.83333333333331,12,False,-59.5,5.8333333333333215,-8.499999999999986
2024,2617065000,동구 범일1동,30대,671.0,115.16666666666669,245.91666666666663,12,False,2023,723.1666666666666,133.25,264.25,12,False,-52.16666666666663,-18.083333333333314,-18.33333333333337
2024,2617065000,동구 범일1동,40대,799.9166666666666,130.25,240.08333333333331,12,False,2023,858.0,137.58333333333334,263.3333333333333,12,False,-58.08333333333337,-7.333333333333343,-23.25
2024,2617065000,동구 범일1동,50대,1142.0,165.5,300.9166666666667,12,False,2023,1253.4166666666667,167.33333333333334,314.8333333333333,12,False,-111.41666666666674,-1.8333333333333428,-13.916666666666629
2024,2617065000,동구 범일1동,60대이상,4096.083333333333,190.16666666666663,617.5,12,False,2023,3935.25,200.66666666666663,647.1666666666666,12,False,160.83333333333303,-10.5,-29.66666666666663
2024,2617066000,동구 범일2동,20대,641.9166666666666,422.1666666666667,592.3333333333334,12,False,2023,692.25,459.1666666666667,558.5,12,False,-50.33333333333337,-37.0,33.83333333333337
2024,2617066000,동구 범일2동,20대미만,342.75,57.333333333333336,176.0,12,False,2023,346.6666666666667,59.083333333333336,170.66666666666666,12,False,-3.9166666666666856,-1.75,5.333333333333343
2024,2617066000,동구 범일2동,30대,731.6666666666666,747.1666666666666,800.4166666666666,12,False,2023,797.5,749.1666666666666,721.5833333333334,12,False,-65.83333333333337,-2.0,78.83333333333326
2024,2617066000,동구 범일2동,40대,720.5,970.0833333333334,838.0,12,False,2023,744.25,990.9166666666666,824.0833333333334,12,False,-23.75,-20.833333333333258,13.916666666666629
2024,2617066000,동구 범일2동,50대,968.0,1080.0,1121.5,12,False,2023,1010.0,1107.9166666666667,1127.5833333333333,12,False,-42.0,-27.916666666666742,-6.0833333333332575
2024,2617066000,동구 범일2동,60대이상,2256.9166666666665,893.5833333333334,2110.6666666666665,12,False,2023,2282.0,881.0833333333334,2021.25,12,False,-25.083333333333485,12.5,89.41666666666652
2024,2617068000,동구 범일5동,20대,581.3333333333334,95.16666666666669,430.1666666666667,12,False,2023,393.5,110.08333333333331,522.9166666666666,12,False,187.83333333333337,-14.916666666666629,-92.74999999999994
2024,2617068000,동구 범일5동,20대미만,441.5833333333333,114.33333333333331,197.25,12,False,2023,298.75,88.0,206.33333333333331,12,False,142.83333333333331,26.333333333333314,-9.083333333333314
2024,2617068000,동구 범일5동,30대,1354.0833333333333,165.25,515.3333333333334,12,False,2023,808.0,164.5,570.4166666666666,12,False,546.0833333333333,0.75,-55.08333333333326
2024,2617068000,동구 범일5동,40대,996.1666666666666,202.91666666666663,603.3333333333334,12,False,2023,711.25,218.58333333333331,676.75,12,False,284.91666666666663,-15.666666666666686,-73.41666666666663
2024,2617068000,동구 범일5동,50대,843.5,242.16666666666663,750.3333333333334,12,False,2023,584.5833333333334,241.25,882.6666666666666,12,False,258.91666666666663,0.9166666666666288,-132.33333333333326
2024,2617068000,동구 범일5동,60대이상,1662.25,364.8333333333333,1489.9166666666667,12,False,2023,1370.5833333333333,343.8333333333333,1589.6666666666667,12,False,291.66666666666674,21.0,-99.75
2024,2620053000,영도구 남항동,20대,616.0833333333334,205.91666666666663,506.5,12,False,2023,665.3333333333334,237.41666666666663,665.75,12,False,-49.25,-31.5,-159.25
2024,2620053000,영도구 남항동,20대미만,431.3333333333333,25.58333333333333,218.33333333333331,12,False,2023,474.8333333333333,28.916666666666668,278.8333333333333,12,False,-43.5,-3.3333333333333393,-60.5
2024,2620053000,영도구 남항동,30대,649.5,276.8333333333333,520.8333333333334,12,False,2023,692.4166666666666,310.25,670.6666666666666,12,False,-42.91666666666663,-33.416666666666686,-149.83333333333326
2024,2620053000,영도구 남항동,40대,905.4166666666666,358.5833333333333,672.5,12,False,2023,979.9166666666666,383.6666666666667,841.6666666666666,12,False,-74.5,-25.08333333333337,-169.16666666666663
2024,2620053000,영도구 남항동,50대,1350.5833333333333,464.3333333333333,973.4166666666666,12,False,2023,1361.4166666666667,501.9166666666667,1115.6666666666667,12,False,-10.833333333333485,-37.58333333333337,-142.2500000000001
2024,2620053000,영도구 남항동,60대이상,4283.583333333333,530.0833333333334,1927.8333333333333,12,False,2023,4217.5,530.4166666666666,1990.75,12,False,66.08333333333303,-0.33333333333325754,-62.91666666666674
2024,2620054000,영도구 영선1동,20대,67.33333333333333,14.416666666666666,44.083333333333336,12,False,2023,80.66666666666667,19.75,55.583333333333336,12,False,-13.333333333333343,-5.333333333333334,-11.5
2024,2620054000,영도구 영선1동,20대미만,51.91666666666666,3.0,32.416666666666664,12,False,2023,73.5,4.583333333333333,41.833333333333336,12,False,-21.583333333333343,-1.583333333333333,-9.416666666666671
2024,2620054000,영도구 영선1동,30대,69.16666666666667,19.58333333333333,63.583333333333336,12,False,2023,84.0,24.916666666666668,78.66666666666667,12,False,-14.833333333333329,-5.333333333333339,-15.083333333333336
2024,2620054000,영도구 영선1동,40대,140.0,36.5,85.0,12,False,2023,169.0,56.16666666666666,105.83333333333331,12,False,-29.0,-19.666666666666657,-20.833333333333314
2024,2620054000,영도구 영선1동,50대,170.08333333333334,61.333333333333336,136.16666666666666,12,False,2023,191.5,70.16666666666667,155.58333333333334,12,False,-21.416666666666657,-8.833333333333336,-19.416666666666686
2024,2620054000,영도구 영선1동,60대이상,537.25,86.5,296.0,12,False,2023,594.5833333333334,95.75,334.8333333333333,12,False,-57.33333333333337,-9.25,-38.833333333333314
2024,2620055000,영도구 영선2동,20대,442.1666666666667,60.25,193.33333333333331,12,False,2023,487.4166666666667,60.083333333333336,219.0,12,False,-45.25,0.1666666666666643,-25.666666666666686
2024,2620055000,영도구 영선2동,20대미만,410.6666666666667,70.5,118.83333333333331,12,False,2023,429.9166666666667,70.83333333333333,126.33333333333331,12,False,-19.25,-0.3333333333333286,-7.5
2024,2620055000,영도구 영선2동,30대,452.6666666666667,51.0,145.58333333333334,12,False,2023,476.0,44.583333333333336,161.0,12,False,-23.333333333333314,6.416666666666664,-15.416666666666657
2024,2620055000,영도구 영선2동,40대,527.9166666666666,80.58333333333333,160.0,12,False,2023,608.0833333333334,84.33333333333333,179.83333333333334,12,False,-80.16666666666674,-3.75,-19.833333333333343
2024,2620055000,영도구 영선2동,50대,912.5,98.33333333333331,223.08333333333331,12,False,2023,947.0,99.75,254.91666666666663,12,False,-34.5,-1.4166666666666856,-31.833333333333314
2024,2620055000,영도구 영선2동,60대이상,2919.833333333333,132.58333333333334,485.3333333333333,12,False,2023,2895.25,128.91666666666666,539.3333333333334,12,False,24.58333333333303,3.6666666666666856,-54.00000000000006
2024,2620058500,영도구 신선동,20대,283.0,33.75,67.91666666666667,12,False,2023,345.0,35.166666666666664,76.83333333333333,12,False,-62.0,-1.4166666666666643,-8.916666666666657
2024,2620058500,영도구 신선동,20대미만,264.4166666666667,109.91666666666669,103.0,12,False,2023,295.5,108.66666666666669,108.0,12,False,-31.083333333333314,1.25,-5.0
2024,2620058500,영도구 신선동,30대,302.4166666666667,36.333333333333336,85.91666666666667,12,False,2023,315.1666666666667,38.91666666666666,100.08333333333331,12,False,-12.75,-2.5833333333333215,-14.166666666666643
2024,2620058500,영도구 신선동,40대,568.1666666666666,64.75,122.75,12,False,2023,587.25,72.33333333333333,144.08333333333334,12,False,-19.08333333333337,-7.583333333333329,-21.333333333333343
2024,2620058500,영도구 신선동,50대,894.4166666666666,92.33333333333331,161.91666666666666,12,False,2023,929.4166666666666,89.58333333333333,186.16666666666663,12,False,-35.0,2.749999999999986,-24.24999999999997
2024,2620058500,영도구 신선동,60대이상,3013.333333333333,79.08333333333333,344.8333333333333,12,False,2023,2996.9166666666665,90.08333333333331,338.8333333333333,12,False,16.416666666666515,-10.999999999999986,6.0
2024,2620059000,영도구 봉래1동,20대,292.25,40.583333333333336,158.41666666666666,12,False,2023,338.75,52.75,180.08333333333334,12,False,-46.5,-12.166666666666664,-21.666666666666686
2024,2620059000,영도구 봉래1동,20대미만,300.5,4.75,103.58333333333331,12,False,2023,335.6666666666667,4.166666666666667,110.08333333333331,12,False,-35.166666666666686,0.583333333333333,-6.5
2024,2620059000,영도구 봉래1동,30대,326.0,79.08333333333333,196.5,12,False,2023,350.6666666666667,75.66666666666667,209.66666666666663,12,False,-24.666666666666686,3.416666666666657,-13.166666666666629
2024,2620059000,영도구 봉래1동,40대,477.0833333333333,101.5,256.6666666666667,12,False,2023,516.5,103.66666666666669,279.4166666666667,12,False,-39.416666666666686,-2.1666666666666856,-22.75
2024,2620059000,영도구 봉래1동,50대,587.4166666666666,144.16666666666666,319.1666666666667,12,False,2023,583.5,147.75,328.5833333333333,12,False,3.9166666666666288,-3.583333333333343,-9.416666666666629
2024,2620059000,영도구 봉래1동,60대이상,1993.6666666666667,190.0,595.3333333333334,12,False,2023,2008.5833333333333,197.08333333333331,602.0,12,False,-14.916666666666515,-7.083333333333314,-6.666666666666629
2024,2620060500,영도구 봉래2동,20대,389.6666666666667,52.25,119.66666666666669,12,False,2023,389.3333333333333,54.41666666666666,131.5,12,False,0.33333333333337123,-2.166666666666657,-11.833333333333314
2024,2620060500,영도구 봉래2동,20대미만,321.0,27.5,111.83333333333331,12,False,2023,345.25,37.0,105.75,12,False,-24.25,-9.5,6.083333333333314
2024,2620060500,영도구 봉래2동,30대,457.8333333333333,80.91666666666667,138.58333333333334,12,False,2023,452.25,86.16666666666667,145.25,12,False,5.583333333333314,-5.25,-6.666666666666657
2024,2620060500,영도구 봉래2동,40대,565.3333333333334,135.0,188.75,12,False,2023,644.0833333333334,124.5,206.83333333333331,12,False,-78.75,10.5,-18.083333333333314
2024,2620060500,영도구 봉래2동,50대,904.4166666666666,152.83333333333334,237.16666666666663,12,False,2023,891.0,154.0,236.25,12,False,13.416666666666629,-1.1666666666666572,0.9166666666666288
2024,2620060500,영도구 봉래2동,60대이상,2481.1666666666665,165.58333333333334,457.5,12,False,2023,2514.25,157.83333333333334,501.0,12,False,-33.083333333333485,7.75,-43.5
2024,2620063000,영도구 청학1동,20대,225.41666666666663,65.25,123.41666666666669,12,False,2023,270.25,69.58333333333333,132.16666666666666,12,False,-44.83333333333337,-4.333333333333329,-8.749999999999972
2024,2620063000,영도구 청학1동,20대미만,210.5,15.75,68.5,12,False,2023,256.0,17.083333333333332,70.66666666666667,12,False,-45.5,-1.3333333333333321,-2.1666666666666714
2024,2620063000,영도구 청학1동,30대,276.0833333333333,67.58333333333333,113.91666666666669,12,False,2023,326.0833333333333,83.58333333333333,122.41666666666669,12,False,-50.0,-16.0,-8.5
2024,2620063000,영도구 청학1동,40대,463.0833333333333,180.16666666666663,213.5,12,False,2023,556.5833333333334,213.5,225.08333333333331,12,False,-93.50000000000006,-33.33333333333337,-11.583333333333314
2024,2620063000,영도구 청학1동,50대,578.0833333333334,196.91666666666663,250.83333333333331,12,False,2023,568.5833333333334,195.91666666666663,260.25,12,False,9.5,1.0,-9.416666666666686
2024,2620063000,영도구 청학1동,60대이상,1968.5,153.08333333333334,401.5833333333333,12,False,2023,2009.0,159.25,430.9166666666667,12,False,-40.5,-6.166666666666657,-29.33333333333337
2024,2620064000,영도구 청학2동,20대,788.25,160.08333333333334,260.5,12,False,2023,940.6666666666666,173.0,297.25,12,False,-152.41666666666663,-12.916666666666657,-36.75
2024,2620064000,영도구 청학2동,20대미만,869.8333333333334,14.416666666666666,171.33333333333334,12,False,2023,901.75,13.916666666666666,169.5,12,False,-31.91666666666663,0.5,1.8333333333333428
2024,2620064000,영도구 청학2동,30대,1050.3333333333333,233.0,285.8333333333333,12,False,2023,1063.1666666666667,255.58333333333331,318.3333333333333,12,False,-12.833333333333485,-22.583333333333314,-32.5
2024,2620064000,영도구 청학2동,40대,1432.3333333333333,304.75,380.0,12,False,2023,1496.25,339.0,402.6666666666667,12,False,-63.91666666666674,-34.25,-22.666666666666686
2024,2620064000,영도구 청학2동,50대,1827.75,375.9166666666667,461.3333333333333,12,False,2023,1954.5833333333333,387.0,497.3333333333333,12,False,-126.83333333333326,-11.083333333333314,-36.0
2024,2620064000,영도구 청학2동,60대이상,5129.833333333333,298.6666666666667,849.3333333333334,12,False,2023,5103.916666666667,319.8333333333333,864.3333333333334,12,False,25.91666666666606,-21.16666666666663,-15.0
2024,2620065000,영도구 동삼1동,20대,1929.9166666666667,361.5833333333333,444.5833333333333,12,False,2023,2080.1666666666665,411.4166666666667,513.1666666666666,12,False,-150.24999999999977,-49.83333333333337,-68.58333333333331
2024,2620065000,영도구 동삼1동,20대미만,2046.3333333333333,190.83333333333331,325.4166666666667,12,False,2023,2191.333333333333,190.16666666666663,351.75,12,False,-144.99999999999977,0.6666666666666856,-26.333333333333314
2024,2620065000,영도구 동삼1동,30대,1837.6666666666667,346.75,446.75,12,False,2023,1917.4166666666667,343.5,461.9166666666667,12,False,-79.75,3.25,-15.166666666666686
2024,2620065000,영도구 동삼1동,40대,2512.75,443.75,551.3333333333334,12,False,2023,2651.0,463.1666666666667,599.0,12,False,-138.25,-19.416666666666686,-47.66666666666663
2024,2620065000,영도구 동삼1동,50대,3435.083333333333,538.25,686.4166666666666,12,False,2023,3529.0,529.3333333333334,706.9166666666666,12,False,-93.91666666666697,8.916666666666629,-20.5
2024,2620065000,영도구 동삼1동,60대이상,9305.666666666666,429.9166666666667,1164.3333333333333,12,False,2023,9287.5,431.0,1138.75,12,False,18.16666666666606,-1.0833333333333144,25.583333333333258
2024,2620066000,영도구 동삼2동,20대,879.1666666666666,310.0833333333333,638.75,12,False,2023,904.25,327.8333333333333,529.0,12,False,-25.08333333333337,-17.75,109.75
2024,2620066000,영도구 동삼2동,20대미만,536.1666666666666,82.75,471.4166666666667,12,False,2023,563.5,78.5,307.6666666666667,12,False,-27.33333333333337,4.25,163.75
2024,2620066000,영도구 동삼2동,30대,341.25,137.58333333333334,539.9166666666666,12,False,2023,335.0833333333333,132.25,364.25,12,False,6.166666666666686,5.333333333333343,175.66666666666663
2024,2620066000,영도구 동삼2동,40대,482.5833333333333,158.75,661.1666666666666,12,False,2023,494.6666666666667,139.58333333333334,462.5,12,False,-12.083333333333371,19.166666666666657,198.66666666666663
2024,2620066000,영도구 동삼2동,50대,526.5833333333334,167.66666666666666,742.75,12,False,2023,517.5,157.0,544.0,12,False,9.083333333333371,10.666666666666657,198.75
2024,2620066000,영도구 동삼2동,60대이상,1379.5,109.0,1121.1666666666667,12,False,2023,1339.9166666666667,96.66666666666669,793.3333333333334,12,False,39.58333333333326,12.333333333333314,327.83333333333337
2024,2620067000,영도구 동삼3동,20대,421.0833333333333,71.33333333333333,187.16666666666663,12,False,2023,452.1666666666667,79.0,204.25,12,False,-31.08333333333337,-7.666666666666671,-17.08333333333337
2024,2620067000,영도구 동삼3동,20대미만,373.0,58.5,152.5,12,False,2023,394.9166666666667,52.66666666666666,138.58333333333334,12,False,-21.916666666666686,5.833333333333343,13.916666666666657
2024,2620067000,영도구 동삼3동,30대,466.0,85.5,219.83333333333331,12,False,2023,500.3333333333333,78.33333333333333,201.08333333333331,12,False,-34.333333333333314,7.166666666666671,18.75
2024,2620067000,영도구 동삼3동,40대,677.25,114.5,272.9166666666667,12,False,2023,717.9166666666666,122.41666666666669,250.75,12,False,-40.66666666666663,-7.916666666666686,22.166666666666686
2024,2620067000,영도구 동삼3동,50대,1026.4166666666667,146.66666666666666,357.25,12,False,2023,1039.25,151.08333333333334,349.5,12,False,-12.833333333333258,-4.416666666666686,7.75
2024,2620067000,영도구 동삼3동,60대이상,3897.6666666666665,172.91666666666666,682.75,12,False,2023,3859.0,171.0,652.25,12,False,38.666666666666515,1.9166666666666572,30.5
2024,2623051000,부산진구 부전1동,20대,2507.4166666666665,822.75,1736.8333333333333,12,False,2023,2489.333333333333,971.9166666666666,1997.4166666666667,12,False,18.083333333333485,-149.16666666666663,-260.5833333333335
2024,2623051000,부산진구 부전1동,20대미만,445.75,52.25,428.5833333333333,12,False,2023,449.3333333333333,61.0,498.25,12,False,-3.5833333333333144,-8.75,-69.66666666666669
2024,2623051000,부산진구 부전1동,30대,1902.9166666666667,892.75,1334.6666666666667,12,False,2023,1900.1666666666667,886.75,1412.3333333333333,12,False,2.75,6.0,-77.66666666666652
2024,2623051000,부산진구 부전1동,40대,1211.5,779.0833333333334,1217.8333333333333,12,False,2023,1256.5833333333333,798.4166666666666,1348.6666666666667,12,False,-45.08333333333326,-19.333333333333258,-130.83333333333348
2024,2623051000,부산진구 부전1동,50대,1580.3333333333333,965.0,1742.25,12,False,2023,1670.5,955.25,1829.75,12,False,-90.16666666666674,9.75,-87.5
2024,2623051000,부산진구 부전1동,60대이상,3535.583333333333,1247.8333333333333,4478.25,12,False,2023,3732.3333333333335,1266.0,4371.75,12,False,-196.75000000000045,-18.166666666666742,106.5
2024,2623052000,부산진구 부전2동,20대,2037.9166666666667,2121.583333333333,6669.416666666667,12,False,2023,1877.8333333333333,2193.75,7129.5,12,False,160.08333333333348,-72.16666666666697,-460.08333333333303
2024,2623052000,부산진구 부전2동,20대미만,451.9166666666667,155.08333333333334,1676.8333333333333,12,False,2023,394.75,140.41666666666666,1740.75,12,False,57.166666666666686,14.666666666666686,-63.91666666666674
2024,2623052000,부산진구 부전2동,30대,1790.5833333333333,1455.8333333333333,3450.25,12,False,2023,1476.4166666666667,1403.9166666666667,3378.333333333333,12,False,314.1666666666665,51.916666666666515,71.91666666666697
2024,2623052000,부산진구 부전2동,40대,1258.3333333333333,1051.9166666666667,2238.6666666666665,12,False,2023,1159.0,1090.1666666666667,2297.583333333333,12,False,99.33333333333326,-38.25,-58.916666666666515
2024,2623052000,부산진구 부전2동,50대,1213.0,984.5,2073.4166666666665,12,False,2023,1147.1666666666667,958.25,2022.3333333333333,12,False,65.83333333333326,26.25,51.08333333333326
2024,2623052000,부산진구 부전2동,60대이상,1813.6666666666667,765.75,2776.333333333333,12,False,2023,1711.8333333333333,683.5833333333334,2452.583333333333,12,False,101.83333333333348,82.16666666666663,323.75
2024,2623054000,부산진구 연지동,20대,679.3333333333334,80.66666666666667,179.91666666666666,12,False,2023,723.5833333333334,82.33333333333333,203.16666666666663,12,False,-44.25,-1.6666666666666572,-23.24999999999997
2024,2623054000,부산진구 연지동,20대미만,649.9166666666666,62.91666666666666,185.41666666666663,12,False,2023,696.0,70.91666666666667,198.91666666666663,12,False,-46.08333333333337,-8.000000000000014,-13.5
2024,2623054000,부산진구 연지동,30대,940.0833333333334,110.41666666666669,240.75,12,False,2023,1052.0833333333333,135.08333333333334,259.9166666666667,12,False,-111.99999999999989,-24.666666666666657,-19.166666666666686
2024,2623054000,부산진구 연지동,40대,1173.1666666666667,157.25,265.25,12,False,2023,1262.4166666666667,167.41666666666666,288.25,12,False,-89.25,-10.166666666666657,-23.0
2024,2623054000,부산진구 연지동,50대,1380.25,163.0,284.6666666666667,12,False,2023,1423.9166666666667,179.83333333333334,335.1666666666667,12,False,-43.66666666666674,-16.833333333333343,-50.5
2024,2623054000,부산진구 연지동,60대이상,3799.0833333333335,171.0,553.6666666666666,12,False,2023,3750.25,180.16666666666663,600.3333333333334,12,False,48.833333333333485,-9.166666666666629,-46.66666666666674
2024,2623055000,부산진구 초읍동,20대,1332.25,191.33333333333331,367.1666666666667,12,False,2023,1398.1666666666667,182.08333333333331,395.6666666666667,12,False,-65.91666666666674,9.25,-28.5
2024,2623055000,부산진구 초읍동,20대미만,1781.0,118.41666666666669,288.25,12,False,2023,1758.1666666666667,106.58333333333331,275.4166666666667,12,False,22.833333333333258,11.833333333333371,12.833333333333314
2024,2623055000,부산진구 초읍동,30대,1602.4166666666667,215.0,539.0,12,False,2023,1537.4166666666667,188.25,546.5,12,False,65.0,26.75,-7.5
2024,2623055000,부산진구 초읍동,40대,2125.6666666666665,316.6666666666667,650.6666666666666,12,False,2023,2167.9166666666665,299.75,672.9166666666666,12,False,-42.25,16.916666666666686,-22.25
2024,2623055000,부산진구 초읍동,50대,2656.75,421.25,794.0833333333334,12,False,2023,2642.583333333333,402.4166666666667,824.3333333333334,12,False,14.16666666666697,18.833333333333314,-30.25
2024,2623055000,부산진구 초읍동,60대이상,7578.583333333333,388.3333333333333,1435.25,12,False,2023,7266.75,385.9166666666667,1454.5833333333333,12,False,311.83333333333303,2.4166666666666288,-19.333333333333258
2024,2623056000,부산진구 양정1동,20대,1755.0833333333333,549.5,712.1666666666666,12,False,2023,1786.6666666666667,579.3333333333334,785.1666666666666,12,False,-31.583333333333485,-29.83333333333337,-73.0
2024,2623056000,부산진구 양정1동,20대미만,1336.1666666666667,334.5,352.75,12,False,2023,1402.75,363.3333333333333,381.6666666666667,12,False,-66.58333333333326,-28.833333333333314,-28.916666666666686
2024,2623056000,부산진구 양정1동,30대,1747.0,377.0,654.1666666666666,12,False,2023,1687.75,379.3333333333333,652.6666666666666,12,False,59.25,-2.3333333333333144,1.5
2024,2623056000,부산진구 양정1동,40대,1829.5,436.5833333333333,648.4166666666666,12,False,2023,1970.8333333333333,438.5,701.1666666666666,12,False,-141.33333333333326,-1.9166666666666856,-52.75
2024,2623056000,부산진구 양정1동,50대,2456.6666666666665,537.5,773.1666666666666,12,False,2023,2506.9166666666665,514.0833333333334,812.0,12,False,-50.25,23.41666666666663,-38.83333333333337
2024,2623056000,부산진구 양정1동,60대이상,5421.916666666667,476.3333333333333,1216.1666666666667,12,False,2023,5256.833333333333,464.4166666666667,1272.25,12,False,165.08333333333394,11.916666666666629,-56.08333333333326
2024,2623057000,부산진구 양정2동,20대,1801.1666666666667,236.66666666666663,475.4166666666667,12,False,2023,1754.1666666666667,249.16666666666663,522.6666666666666,12,False,47.0,-12.5,-47.24999999999994
2024,2623057000,부산진구 양정2동,20대미만,552.6666666666666,212.58333333333331,205.0,12,False,2023,461.0833333333333,212.25,220.16666666666663,12,False,91.58333333333331,0.3333333333333144,-15.166666666666629
2024,2623057000,부산진구 양정2동,30대,1593.5,256.6666666666667,424.9166666666667,12,False,2023,1395.8333333333333,250.91666666666663,433.0,12,False,197.66666666666674,5.750000000000057,-8.083333333333314
2024,2623057000,부산진구 양정2동,40대,1087.5833333333333,278.4166666666667,433.25,12,False,2023,997.25,299.9166666666667,466.75,12,False,90.33333333333326,-21.5,-33.5
2024,2623057000,부산진구 양정2동,50대,993.9166666666666,330.1666666666667,614.5833333333334,12,False,2023,939.0,345.4166666666667,655.9166666666666,12,False,54.91666666666663,-15.25,-41.33333333333326
2024,2623057000,부산진구 양정2동,60대이상,2145.4166666666665,229.66666666666663,981.75,12,False,2023,2144.083333333333,253.5,1009.75,12,False,1.333333333333485,-23.83333333333337,-28.0
2024,2623060000,부산진구 전포1동,20대,2973.1666666666665,810.4166666666666,2004.25,12,False,2023,3010.583333333333,747.9166666666666,1843.5,12,False,-37.416666666666515,62.5,160.75
2024,2623060000,부산진구 전포1동,20대미만,796.25,332.1666666666667,529.0,12,False,2023,849.5,310.5833333333333,469.5833333333333,12,False,-53.25,21.58333333333337,59.416666666666686
2024,2623060000,부산진구 전포1동,30대,2778.833333333333,629.9166666666666,1095.9166666666667,12,False,2023,2656.5,580.3333333333334,988.1666666666666,12,False,122.33333333333303,49.58333333333326,107.75000000000011
2024,2623060000,부산진구 전포1동,40대,1560.5,414.8333333333333,597.0833333333334,12,False,2023,1656.1666666666667,409.0833333333333,582.6666666666666,12,False,-95.66666666666674,5.75,14.416666666666742
2024,2623060000,부산진구 전포1동,50대,1641.6666666666667,389.75,554.9166666666666,12,False,2023,1561.0,365.75,545.75,12,False,80.66666666666674,24.0,9.166666666666629
2024,2623060000,부산진구 전포1동,60대이상,2906.833333333333,305.1666666666667,679.0,12,False,2023,2794.0,275.6666666666667,661.1666666666666,12,False,112.83333333333303,29.5,17.83333333333337
2024,2623061000,부산진구 전포2동,20대,2426.0,571.25,1755.3333333333333,12,False,2023,2410.333333333333,570.5833333333334,1668.0833333333333,12,False,15.66666666666697,0.6666666666666288,87.25
2024,2623061000,부산진구 전포2동,20대미만,959.5833333333334,63.083333333333336,490.5833333333333,12,False,2023,875.5833333333334,59.5,423.9166666666667,12,False,84.0,3.5833333333333357,66.66666666666663
2024,2623061000,부산진구 전포2동,30대,2730.833333333333,509.9166666666667,1146.0833333333333,12,False,2023,2758.0,510.5833333333333,1074.25,12,False,-27.16666666666697,-0.6666666666666288,71.83333333333326
2024,2623061000,부산진구 전포2동,40대,2117.583333333333,410.25,715.25,12,False,2023,2017.0,422.25,735.4166666666666,12,False,100.58333333333303,-12.0,-20.16666666666663
2024,2623061000,부산진구 전포2동,50대,2339.25,473.3333333333333,680.4166666666666,12,False,2023,2331.833333333333,482.0833333333333,704.5,12,False,7.41666666666697,-8.75,-24.08333333333337
2024,2623061000,부산진구 전포2동,60대이상,5459.0,422.0,1093.5833333333333,12,False,2023,5149.0,445.0833333333333,1101.5,12,False,310.0,-23.083333333333314,-7.9166666666667425
2024,2623064000,부산진구 부암1동,20대,1602.5833333333333,196.58333333333331,489.3333333333333,12,False,2023,1619.0,205.16666666666663,523.3333333333334,12,False,-16.416666666666742,-8.583333333333314,-34.00000000000006
2024,2623064000,부산진구 부암1동,20대미만,1193.0833333333333,33.083333333333336,229.66666666666663,12,False,2023,1239.5833333333333,32.916666666666664,241.91666666666663,12,False,-46.5,0.1666666666666714,-12.25
2024,2623064000,부산진구 부암1동,30대,2323.1666666666665,288.5,565.3333333333334,12,False,2023,2201.583333333333,299.5,561.9166666666666,12,False,121.58333333333348,-11.0,3.4166666666667425
2024,2623064000,부산진구 부암1동,40대,2000.25,273.25,504.9166666666667,12,False,2023,2208.6666666666665,279.4166666666667,535.6666666666666,12,False,-208.41666666666652,-6.166666666666686,-30.749999999999943
2024,2623064000,부산진구 부암1동,50대,2388.1666666666665,335.25,646.1666666666666,12,False,2023,2449.1666666666665,363.5,643.4166666666666,12,False,-61.0,-28.25,2.75
2024,2623064000,부산진구 부암1동,60대이상,5030.0,285.0833333333333,1053.0,12,False,2023,4729.583333333333,296.3333333333333,1063.75,12,False,300.41666666666697,-11.25,-10.75
2024,2623066000,부산진구 부암3동,20대,1183.4166666666667,126.33333333333331,354.25,12,False,2023,1038.0833333333333,132.58333333333334,360.8333333333333,12,False,145.33333333333348,-6.250000000000028,-6.583333333333314
2024,2623066000,부산진구 부암3동,20대미만,1492.75,120.66666666666669,367.9166666666667,12,False,2023,1250.4166666666667,112.08333333333331,398.3333333333333,12,False,242.33333333333326,8.583333333333371,-30.41666666666663
2024,2623066000,부산진구 부암3동,30대,1768.1666666666667,138.91666666666666,405.6666666666667,12,False,2023,952.0,127.33333333333331,373.0833333333333,12,False,816.1666666666667,11.583333333333343,32.58333333333337
2024,2623066000,부산진구 부암3동,40대,1882.3333333333333,209.58333333333331,494.0,12,False,2023,1492.0833333333333,202.0,469.1666666666667,12,False,390.25,7.583333333333314,24.833333333333314
2024,2623066000,부산진구 부암3동,50대,2553.1666666666665,310.4166666666667,693.4166666666666,12,False,2023,2166.333333333333,291.9166666666667,743.8333333333334,12,False,386.8333333333335,18.5,-50.41666666666674
2024,2623066000,부산진구 부암3동,60대이상,4836.333333333333,291.9166666666667,1445.6666666666667,12,False,2023,4133.333333333333,270.3333333333333,1360.0833333333333,12,False,703.0,21.58333333333337,85.58333333333348
2024,2623067000,부산진구 당감1동,20대,1414.8333333333333,169.66666666666666,328.4166666666667,12,False,2023,1543.5833333333333,182.41666666666663,354.25,12,False,-128.75,-12.749999999999972,-25.833333333333314
2024,2623067000,부산진구 당감1동,20대미만,1338.25,122.5,313.6666666666667,12,False,2023,1447.0,123.25,353.3333333333333,12,False,-108.75,-0.75,-39.66666666666663
2024,2623067000,부산진구 당감1동,30대,1431.9166666666667,167.41666666666666,373.0833333333333,12,False,2023,1504.0,172.33333333333334,389.5,12,False,-72.08333333333326,-4.916666666666686,-16.416666666666686
2024,2623067000,부산진구 당감1동,40대,1797.4166666666667,226.08333333333331,418.5833333333333,12,False,2023,1866.8333333333333,249.0,463.8333333333333,12,False,-69.41666666666652,-22.916666666666686,-45.25
2024,2623067000,부산진구 당감1동,50대,2944.583333333333,360.0,613.9166666666666,12,False,2023,2877.25,376.5833333333333,656.8333333333334,12,False,67.33333333333303,-16.583333333333314,-42.91666666666674
2024,2623067000,부산진구 당감1동,60대이상,5900.5,345.3333333333333,1031.8333333333333,12,False,2023,5588.75,330.3333333333333,1016.3333333333334,12,False,311.75,15.0,15.499999999999886
2024,2623068000,부산진구 당감2동,20대,439.0833333333333,44.0,172.08333333333334,12,False,2023,647.5,72.33333333333333,211.5,12,False,-208.41666666666669,-28.33333333333333,-39.41666666666666
2024,2623068000,부산진구 당감2동,20대미만,344.3333333333333,7.416666666666667,97.25,12,False,2023,466.4166666666667,12.083333333333334,124.91666666666669,12,False,-122.08333333333337,-4.666666666666667,-27.666666666666686
2024,2623068000,부산진구 당감2동,30대,582.75,70.33333333333333,237.66666666666663,12,False,2023,746.5,88.08333333333333,282.0833333333333,12,False,-163.75,-17.75,-44.416666666666686
2024,2623068000,부산진구 당감2동,40대,748.5,75.25,233.08333333333331,12,False,2023,870.1666666666666,86.0,292.25,12,False,-121.66666666666663,-10.75,-59.166666666666686
2024,2623068000,부산진구 당감2동,50대,744.9166666666666,107.5,295.1666666666667,12,False,2023,856.3333333333334,128.58333333333334,343.8333333333333,12,False,-111.41666666666674,-21.083333333333343,-48.66666666666663
2024,2623068000,부산진구 당감2동,60대이상,1690.25,93.33333333333331,517.3333333333334,12,False,2023,2048.4166666666665,113.91666666666669,581.3333333333334,12,False,-358.1666666666665,-20.58333333333337,-64.0
2024,2623070000,부산진구 당감4동,20대,572.25,59.083333333333336,188.91666666666663,12,False,2023,622.0833333333334,62.75,191.08333333333331,12,False,-49.83333333333337,-3.6666666666666643,-2.1666666666666856
2024,2623070000,부산진구 당감4동,20대미만,788.5,42.583333333333336,171.33333333333334,12,False,2023,840.25,50.25,189.83333333333331,12,False,-51.75,-7.666666666666664,-18.49999999999997
2024,2623070000,부산진구 당감4동,30대,658.0,75.5,261.0,12,False,2023,721.1666666666666,73.75,239.66666666666663,12,False,-63.16666666666663,1.75,21.33333333333337
2024,2623070000,부산진구 당감4동,40대,867.9166666666666,88.25,286.4166666666667,12,False,2023,954.5833333333334,97.58333333333331,312.9166666666667,12,False,-86.66666666666674,-9.333333333333314,-26.5
2024,2623070000,부산진구 당감4동,50대,1214.5,144.41666666666666,358.75,12,False,2023,1284.3333333333333,151.58333333333334,400.4166666666667,12,False,-69.83333333333326,-7.166666666666686,-41.666666666666686
2024,2623070000,부산진구 당감4동,60대이상,2600.4166666666665,147.58333333333334,592.9166666666666,12,False,2023,2610.75,151.08333333333334,589.25,12,False,-10.333333333333485,-3.5,3.6666666666666288
2024,2623071000,부산진구 가야1동,20대,1778.0833333333333,692.0833333333334,926.25,12,False,2023,1861.5,726.3333333333334,965.4166666666666,12,False,-83.41666666666674,-34.25,-39.16666666666663
2024,2623071000,부산진구 가야1동,20대미만,1468.0833333333333,245.5,504.0833333333333,12,False,2023,1180.5,247.83333333333331,540.75,12,False,287.58333333333326,-2.3333333333333144,-36.666666666666686
2024,2623071000,부산진구 가야1동,30대,1218.9166666666667,222.25,573.0833333333334,12,False,2023,1345.5,202.08333333333331,547.8333333333334,12,False,-126.58333333333326,20.166666666666686,25.25
2024,2623071000,부산진구 가야1동,40대,1530.5,299.25,601.6666666666666,12,False,2023,1723.6666666666667,321.5833333333333,624.0833333333334,12,False,-193.16666666666674,-22.333333333333314,-22.416666666666742
2024,2623071000,부산진구 가야1동,50대,1946.0833333333333,402.1666666666667,743.5833333333334,12,False,2023,2104.6666666666665,421.9166666666667,778.75,12,False,-158.58333333333326,-19.75,-35.16666666666663
2024,2623071000,부산진구 가야1동,60대이상,5208.416666666667,335.9166666666667,1272.25,12,False,2023,5497.0,371.4166666666667,1258.75,12,False,-288.58333333333303,-35.5,13.5
2024,2623072000,부산진구 가야2동,20대,734.1666666666666,76.25,321.5,12,False,2023,961.5,106.58333333333331,398.0833333333333,12,False,-227.33333333333337,-30.333333333333314,-76.58333333333331
2024,2623072000,부산진구 가야2동,20대미만,610.6666666666666,58.083333333333336,266.1666666666667,12,False,2023,629.6666666666666,62.66666666666666,285.9166666666667,12,False,-19.0,-4.5833333333333215,-19.75
2024,2623072000,부산진구 가야2동,30대,800.5833333333334,77.83333333333333,362.9166666666667,12,False,2023,815.8333333333334,91.91666666666669,424.1666666666667,12,False,-15.25,-14.083333333333357,-61.25
2024,2623072000,부산진구 가야2동,40대,952.3333333333334,92.91666666666669,386.5,12,False,2023,999.3333333333334,114.33333333333331,467.75,12,False,-47.0,-21.41666666666663,-81.25
2024,2623072000,부산진구 가야2동,50대,1210.5,158.0,523.0,12,False,2023,1260.0833333333333,157.33333333333334,600.1666666666666,12,False,-49.58333333333326,0.6666666666666572,-77.16666666666663
2024,2623072000,부산진구 가야2동,60대이상,3247.1666666666665,196.75,969.25,12,False,2023,3090.6666666666665,201.16666666666663,1022.9166666666666,12,False,156.5,-4.416666666666629,-53.66666666666663
2024,2623074000,부산진구 개금1동,20대,2210.25,218.5,501.3333333333333,12,False,2023,2211.4166666666665,255.58333333333331,610.0833333333334,12,False,-1.166666666666515,-37.083333333333314,-108.75000000000006
2024,2623074000,부산진구 개금1동,20대미만,736.4166666666666,40.0,269.9166666666667,12,False,2023,826.5,35.666666666666664,276.25,12,False,-90.08333333333337,4.333333333333336,-6.333333333333314
2024,2623074000,부산진구 개금1동,30대,1739.4166666666667,173.25,393.9166666666667,12,False,2023,1791.5833333333333,184.0,452.25,12,False,-52.166666666666515,-10.75,-58.333333333333314
2024,2623074000,부산진구 개금1동,40대,1537.0833333333333,203.16666666666663,410.75,12,False,2023,1718.5833333333333,241.0,479.25,12,False,-181.5,-37.83333333333337,-68.5
2024,2623074000,부산진구 개금1동,50대,1745.3333333333333,263.1666666666667,521.0,12,False,2023,1721.0,265.9166666666667,576.25,12,False,24.333333333333258,-2.75,-55.25
2024,2623074000,부산진구 개금1동,60대이상,3714.0,271.1666666666667,873.0833333333334,12,False,2023,3462.333333333333,264.25,893.5833333333334,12,False,251.66666666666697,6.916666666666686,-20.5
2024,2623075000,부산진구 개금2동,20대,803.75,190.58333333333331,498.8333333333333,12,False,2023,865.5833333333334,233.83333333333331,510.4166666666667,12,False,-61.83333333333337,-43.25,-11.583333333333371
2024,2623075000,부산진구 개금2동,20대미만,626.0833333333334,24.166666666666668,182.58333333333331,12,False,2023,655.9166666666666,33.25,169.16666666666666,12,False,-29.833333333333258,-9.083333333333332,13.416666666666657
2024,2623075000,부산진구 개금2동,30대,619.5,191.83333333333331,405.0,12,False,2023,660.5833333333334,184.0,377.9166666666667,12,False,-41.08333333333337,7.833333333333314,27.083333333333314
2024,2623075000,부산진구 개금2동,40대,814.0833333333334,169.58333333333334,400.8333333333333,12,False,2023,901.0,185.5,408.5833333333333,12,False,-86.91666666666663,-15.916666666666657,-7.75
2024,2623075000,부산진구 개금2동,50대,1159.3333333333333,183.0,484.9166666666667,12,False,2023,1166.6666666666667,186.83333333333331,501.0,12,False,-7.333333333333485,-3.8333333333333144,-16.083333333333314
2024,2623075000,부산진구 개금2동,60대이상,2942.833333333333,161.33333333333334,984.8333333333334,12,False,2023,2902.833333333333,159.41666666666666,1013.4166666666666,12,False,40.0,1.9166666666666856,-28.583333333333258
2024,2623076000,부산진구 개금3동,20대,1651.3333333333333,188.08333333333331,315.0833333333333,12,False,2023,1746.1666666666667,193.41666666666663,370.0833333333333,12,False,-94.83333333333348,-5.333333333333314,-55.0
2024,2623076000,부산진구 개금3동,20대미만,1524.1666666666667,121.0,310.9166666666667,12,False,2023,1551.6666666666667,131.08333333333334,329.4166666666667,12,False,-27.5,-10.083333333333343,-18.5
2024,2623076000,부산진구 개금3동,30대,1982.5833333333333,202.58333333333331,425.25,12,False,2023,2060.0,189.08333333333331,458.0,12,False,-77.41666666666674,13.5,-32.75
2024,2623076000,부산진구 개금3동,40대,2145.25,231.83333333333331,399.0833333333333,12,False,2023,2214.9166666666665,253.91666666666663,468.3333333333333,12,False,-69.66666666666652,-22.083333333333314,-69.25
2024,2623076000,부산진구 개금3동,50대,2969.6666666666665,328.5,545.3333333333334,12,False,2023,3027.333333333333,330.5833333333333,569.6666666666666,12,False,-57.666666666666515,-2.0833333333333144,-24.333333333333258
2024,2623076000,부산진구 개금3동,60대이상,7395.416666666667,340.0,973.9166666666666,12,False,2023,6509.75,319.6666666666667,984.4166666666666,12,False,885.666666666667,20.333333333333314,-10.5
2024,2623077000,부산진구 범천1동,20대,1672.5833333333333,477.0,1050.3333333333333,12,False,2023,1711.8333333333333,505.25,1248.75,12,False,-39.25,-28.25,-198.41666666666674
2024,2623077000,부산진구 범천1동,20대미만,445.6666666666667,18.166666666666668,343.25,12,False,2023,456.9166666666667,19.08333333333333,375.75,12,False,-11.25,-0.9166666666666607,-32.5
2024,2623077000,부산진구 범천1동,30대,1767.8333333333333,616.9166666666666,1091.0,12,False,2023,1837.5,598.75,1223.0833333333333,12,False,-69.66666666666674,18.16666666666663,-132.08333333333326
2024,2623077000,부산진구 범천1동,40대,1175.8333333333333,604.25,1002.8333333333334,12,False,2023,1204.3333333333333,616.0,1128.0833333333333,12,False,-28.5,-11.75,-125.24999999999989
2024,2623077000,부산진구 범천1동,50대,1231.9166666666667,743.6666666666666,1192.9166666666667,12,False,2023,1258.25,765.5,1284.8333333333333,12,False,-26.333333333333258,-21.83333333333337,-91.91666666666652
2024,2623077000,부산진구 범천1동,60대이상,2739.75,649.5833333333334,2139.583333333333,12,False,2023,2691.0,630.0,2255.833333333333,12,False,48.75,19.58333333333337,-116.25
2024,2623078000,부산진구 범천2동,20대,1414.5833333333333,126.25,349.6666666666667,12,False,2023,1446.25,178.5,458.8333333333333,12,False,-31.666666666666742,-52.25,-109.16666666666663
2024,2623078000,부산진구 범천2동,20대미만,697.4166666666666,17.666666666666668,130.0,12,False,2023,735.6666666666666,20.5,151.41666666666666,12,False,-38.25,-2.833333333333332,-21.416666666666657
2024,2623078000,부산진구 범천2동,30대,2351.1666666666665,191.83333333333331,439.6666666666667,12,False,2023,2316.583333333333,232.0,501.25,12,False,34.583333333333485,-40.166666666666686,-61.583333333333314
2024,2623078000,부산진구 범천2동,40대,1990.0,187.5,353.0833333333333,12,False,2023,1992.6666666666667,232.58333333333331,429.3333333333333,12,False,-2.6666666666667425,-45.083333333333314,-76.25
2024,2623078000,부산진구 범천2동,50대,2103.0,277.75,408.5,12,False,2023,2103.1666666666665,327.75,542.3333333333334,12,False,-0.16666666666651508,-50.0,-133.83333333333337
2024,2623078000,부산진구 범천2동,60대이상,5414.666666666667,281.9166666666667,777.1666666666666,12,False,2023,5286.5,358.25,1040.8333333333333,12,False,128.16666666666697,-76.33333333333331,-263.66666666666663
2024,2626051000,동래구 수민동,20대,1664.4166666666667,267.4166666666667,584.4166666666666,12,False,2023,1520.0833333333333,284.1666666666667,701.0833333333334,12,False,144.33333333333348,-16.75,-116.66666666666674
2024,2626051000,동래구 수민동,20대미만,1495.8333333333333,124.75,557.25,12,False,2023,1444.6666666666667,85.66666666666667,695.1666666666666,12,False,51.166666666666515,39.08333333333333,-137.91666666666663
2024,2626051000,동래구 수민동,30대,1905.4166666666667,361.0,703.6666666666666,12,False,2023,1854.25,362.6666666666667,797.6666666666666,12,False,51.16666666666674,-1.6666666666666856,-94.0
2024,2626051000,동래구 수민동,40대,2281.1666666666665,423.4166666666667,886.5833333333334,12,False,2023,2338.833333333333,427.25,1052.4166666666667,12,False,-57.666666666666515,-3.8333333333333144,-165.83333333333337
2024,2626051000,동래구 수민동,50대,2570.333333333333,512.9166666666666,1154.8333333333333,12,False,2023,2494.9166666666665,513.3333333333334,1276.5833333333333,12,False,75.41666666666652,-0.41666666666674246,-121.75
2024,2626051000,동래구 수민동,60대이상,7981.583333333333,451.5833333333333,2342.25,12,False,2023,7101.833333333333,420.0,2655.0,12,False,879.75,31.583333333333314,-312.75
2024,2626052000,동래구 복산동,20대,499.0,58.16666666666666,114.33333333333331,12,False,2023,548.1666666666666,63.333333333333336,169.33333333333334,12,False,-49.16666666666663,-5.1666666666666785,-55.00000000000003
2024,2626052000,동래구 복산동,20대미만,359.6666666666667,21.666666666666668,132.5,12,False,2023,357.25,27.666666666666668,139.91666666666666,12,False,2.4166666666666856,-6.0,-7.416666666666657
2024,2626052000,동래구 복산동,30대,505.5833333333333,64.08333333333333,130.5,12,False,2023,527.9166666666666,61.41666666666666,166.66666666666666,12,False,-22.333333333333314,2.6666666666666714,-36.16666666666666
2024,2626052000,동래구 복산동,40대,653.6666666666666,90.0,195.5,12,False,2023,681.3333333333334,100.25,233.0,12,False,-27.666666666666742,-10.25,-37.5
2024,2626052000,동래구 복산동,50대,1064.25,132.83333333333334,251.0,12,False,2023,1068.25,137.41666666666666,266.9166666666667,12,False,-4.0,-4.583333333333314,-15.916666666666686
2024,2626052000,동래구 복산동,60대이상,3246.25,165.16666666666666,460.0833333333333,12,False,2023,3012.25,154.66666666666666,492.8333333333333,12,False,234.0,10.5,-32.75
2024,2626054500,동래구 명륜동,20대,1563.5,511.8333333333333,1430.1666666666667,12,False,2023,1668.6666666666667,558.5833333333334,1508.6666666666667,12,False,-105.16666666666674,-46.75000000000006,-78.5
2024,2626054500,동래구 명륜동,20대미만,2502.1666666666665,286.1666666666667,682.0833333333334,12,False,2023,2564.333333333333,302.75,670.0,12,False,-62.166666666666515,-16.583333333333314,12.083333333333371
2024,2626054500,동래구 명륜동,30대,2048.833333333333,540.0833333333334,1205.5,12,False,2023,2124.1666666666665,510.5,1218.3333333333333,12,False,-75.33333333333348,29.58333333333337,-12.833333333333258
2024,2626054500,동래구 명륜동,40대,3322.1666666666665,625.3333333333334,1270.25,12,False,2023,3279.5,673.5833333333334,1312.0,12,False,42.666666666666515,-48.25,-41.75
2024,2626054500,동래구 명륜동,50대,3179.9166666666665,786.9166666666666,1469.6666666666667,12,False,2023,3100.833333333333,730.3333333333334,1464.6666666666667,12,False,79.08333333333348,56.58333333333326,5.0
2024,2626054500,동래구 명륜동,60대이상,4762.5,599.5833333333334,2514.1666666666665,12,False,2023,4662.833333333333,582.25,2356.0,12,False,99.66666666666697,17.33333333333337,158.16666666666652
2024,2626055000,동래구 온천1동,20대,2590.25,405.25,940.6666666666666,12,False,2023,2504.6666666666665,414.25,1006.8333333333334,12,False,85.58333333333348,-9.0,-66.16666666666674
2024,2626055000,동래구 온천1동,20대미만,1752.1666666666667,207.08333333333331,574.75,12,False,2023,1548.25,198.16666666666663,555.0,12,False,203.91666666666674,8.916666666666686,19.75
2024,2626055000,동래구 온천1동,30대,3309.333333333333,449.5,1127.1666666666667,12,False,2023,2988.75,445.0833333333333,1111.8333333333333,12,False,320.58333333333303,4.416666666666686,15.333333333333485
2024,2626055000,동래구 온천1동,40대,3023.333333333333,512.3333333333334,1256.5833333333333,12,False,2023,2755.333333333333,501.1666666666667,1282.8333333333333,12,False,268.0,11.166666666666686,-26.25
2024,2626055000,동래구 온천1동,50대,2868.75,628.6666666666666,1411.4166666666667,12,False,2023,2651.9166666666665,575.6666666666666,1410.25,12,False,216.83333333333348,53.0,1.1666666666667425
2024,2626055000,동래구 온천1동,60대이상,5503.833333333333,559.1666666666666,2246.5,12,False,2023,5202.0,564.25,2168.1666666666665,12,False,301.83333333333303,-5.083333333333371,78.33333333333348
2024,2626056000,동래구 온천2동,20대,879.0,205.0,386.0833333333333,12,False,2023,963.5833333333334,231.16666666666663,394.1666666666667,12,False,-84.58333333333337,-26.16666666666663,-8.083333333333371
2024,2626056000,동래구 온천2동,20대미만,1326.0833333333333,137.58333333333334,244.25,12,False,2023,1401.0833333333333,94.41666666666669,232.08333333333331,12,False,-75.0,43.16666666666666,12.166666666666686
2024,2626056000,동래구 온천2동,30대,1153.8333333333333,292.9166666666667,394.5833333333333,12,False,2023,1256.5833333333333,253.41666666666663,374.9166666666667,12,False,-102.75,39.50000000000006,19.66666666666663
2024,2626056000,동래구 온천2동,40대,1619.25,321.6666666666667,470.75,12,False,2023,1861.0833333333333,327.8333333333333,476.4166666666667,12,False,-241.83333333333326,-6.166666666666629,-5.666666666666686
2024,2626056000,동래구 온천2동,50대,1450.3333333333333,329.0,595.25,12,False,2023,1506.3333333333333,337.5,580.0833333333334,12,False,-56.0,-8.5,15.166666666666629
2024,2626056000,동래구 온천2동,60대이상,3409.083333333333,274.8333333333333,1101.6666666666667,12,False,2023,3577.583333333333,250.16666666666663,1018.5,12,False,-168.5,24.666666666666686,83.16666666666674
2024,2626057000,동래구 온천3동,20대,3142.9166666666665,289.6666666666667,1368.5,12,False,2023,3418.1666666666665,321.4166666666667,1469.5,12,False,-275.25,-31.75,-101.0
2024,2626057000,동래구 온천3동,20대미만,2279.083333333333,166.58333333333334,1645.8333333333333,12,False,2023,2410.25,172.66666666666666,1446.6666666666667,12,False,-131.16666666666697,-6.083333333333314,199.16666666666652
2024,2626057000,동래구 온천3동,30대,3261.9166666666665,324.1666666666667,2014.8333333333333,12,False,2023,3563.9166666666665,350.6666666666667,2033.8333333333333,12,False,-302.0,-26.5,-19.0
2024,2626057000,동래구 온천3동,40대,3592.75,449.8333333333333,2479.25,12,False,2023,3955.9166666666665,463.5,2345.333333333333,12,False,-363.1666666666665,-13.666666666666686,133.91666666666697
2024,2626057000,동래구 온천3동,50대,4376.5,530.5,2127.4166666666665,12,False,2023,4545.083333333333,530.6666666666666,2071.6666666666665,12,False,-168.58333333333303,-0.16666666666662877,55.75
2024,2626057000,동래구 온천3동,60대이상,9497.583333333334,488.1666666666667,3935.1666666666665,12,False,2023,9581.166666666666,516.0,3695.75,12,False,-83.58333333333212,-27.833333333333314,239.41666666666652
2024,2626058000,동래구 사직1동,20대,633.5,226.83333333333331,584.1666666666666,12,False,2023,696.8333333333334,239.58333333333331,544.6666666666666,12,False,-63.33333333333337,-12.75,39.5
2024,2626058000,동래구 사직1동,20대미만,872.0,139.08333333333334,730.4166666666666,12,False,2023,893.5833333333334,130.25,663.25,12,False,-21.58333333333337,8.833333333333343,67.16666666666663
2024,2626058000,동래구 사직1동,30대,793.1666666666666,219.25,593.1666666666666,12,False,2023,744.8333333333334,212.5,491.4166666666667,12,False,48.33333333333326,6.75,101.74999999999994
2024,2626058000,동래구 사직1동,40대,1007.6666666666666,236.58333333333331,794.5,12,False,2023,1016.6666666666666,243.25,702.4166666666666,12,False,-9.0,-6.666666666666686,92.08333333333337
2024,2626058000,동래구 사직1동,50대,965.0833333333334,249.75,822.5833333333334,12,False,2023,975.8333333333334,256.25,736.4166666666666,12,False,-10.75,-6.5,86.16666666666674
2024,2626058000,동래구 사직1동,60대이상,2368.1666666666665,258.0833333333333,1253.4166666666667,12,False,2023,2354.1666666666665,266.8333333333333,1026.8333333333333,12,False,14.0,-8.75,226.58333333333348
2024,2626059000,동래구 사직2동,20대,1592.4166666666667,191.5,850.8333333333334,12,False,2023,1688.75,201.75,747.8333333333334,12,False,-96.33333333333326,-10.25,103.0
2024,2626059000,동래구 사직2동,20대미만,3173.0,322.4166666666667,905.0,12,False,2023,3333.4166666666665,320.0,783.5833333333334,12,False,-160.41666666666652,2.4166666666666856,121.41666666666663
2024,2626059000,동래구 사직2동,30대,1505.0,181.66666666666663,704.5833333333334,12,False,2023,1431.25,185.83333333333331,675.0833333333334,12,False,73.75,-4.166666666666686,29.5
2024,2626059000,동래구 사직2동,40대,2916.9166666666665,350.4166666666667,985.9166666666666,12,False,2023,3207.083333333333,332.3333333333333,934.5833333333334,12,False,-290.1666666666665,18.08333333333337,51.33333333333326
2024,2626059000,동래구 사직2동,50대,3152.083333333333,345.0833333333333,913.3333333333334,12,False,2023,3221.0,333.0,887.0833333333334,12,False,-68.91666666666697,12.083333333333314,26.25
2024,2626059000,동래구 사직2동,60대이상,4314.0,273.75,1327.6666666666667,12,False,2023,4228.5,267.0833333333333,1297.5833333333333,12,False,85.5,6.666666666666686,30.083333333333485
2024,2626060000,동래구 사직3동,20대,1045.5833333333333,161.08333333333334,336.25,12,False,2023,1127.6666666666667,166.58333333333334,355.25,12,False,-82.08333333333348,-5.5,-19.0
2024,2626060000,동래구 사직3동,20대미만,1700.75,85.25,463.6666666666667,12,False,2023,1710.5,74.91666666666667,404.9166666666667,12,False,-9.75,10.333333333333329,58.75
2024,2626060000,동래구 사직3동,30대,1163.5,210.83333333333331,356.0833333333333,12,False,2023,1143.5833333333333,218.91666666666663,363.8333333333333,12,False,19.916666666666742,-8.083333333333314,-7.75
2024,2626060000,동래구 사직3동,40대,2223.75,278.4166666666667,533.5833333333334,12,False,2023,2221.833333333333,291.6666666666667,549.3333333333334,12,False,1.9166666666669698,-13.25,-15.75
2024,2626060000,동래구 사직3동,50대,1797.5833333333333,287.6666666666667,543.8333333333334,12,False,2023,1817.1666666666667,280.9166666666667,565.6666666666666,12,False,-19.583333333333485,6.75,-21.833333333333258
2024,2626060000,동래구 사직3동,60대이상,4020.0,230.41666666666663,793.0,12,False,2023,3883.5,237.83333333333331,811.4166666666666,12,False,136.5,-7.416666666666686,-18.41666666666663
2024,2626074000,동래구 안락1동,20대,738.6666666666666,140.33333333333334,288.4166666666667,12,False,2023,796.4166666666666,147.5,290.5833333333333,12,False,-57.75,-7.166666666666657,-2.1666666666666288
2024,2626074000,동래구 안락1동,20대미만,623.0,37.833333333333336,214.5,12,False,2023,656.5833333333334,35.916666666666664,174.75,12,False,-33.58333333333337,1.9166666666666714,39.75
2024,2626074000,동래구 안락1동,30대,841.8333333333334,167.83333333333334,366.8333333333333,12,False,2023,889.6666666666666,167.58333333333334,368.0833333333333,12,False,-47.83333333333326,0.25,-1.25
2024,2626074000,동래구 안락1동,40대,1017.3333333333334,208.66666666666663,506.75,12,False,2023,1064.9166666666667,212.75,481.8333333333333,12,False,-47.58333333333337,-4.083333333333371,24.916666666666686
2024,2626074000,동래구 안락1동,50대,1320.8333333333333,277.5,652.5,12,False,2023,1307.25,272.75,615.75,12,False,13.583333333333258,4.75,36.75
2024,2626074000,동래구 안락1동,60대이상,3996.1666666666665,337.6666666666667,1277.9166666666667,12,False,2023,3813.6666666666665,304.5,1150.25,12,False,182.5,33.166666666666686,127.66666666666674
2024,2626075000,동래구 안락2동,20대,1785.3333333333333,250.41666666666663,459.8333333333333,12,False,2023,1855.0,263.8333333333333,511.0833333333333,12,False,-69.66666666666674,-13.416666666666686,-51.25
2024,2626075000,동래구 안락2동,20대미만,2164.083333333333,111.58333333333331,444.3333333333333,12,False,2023,2332.333333333333,112.16666666666669,465.5,12,False,-168.25,-0.5833333333333712,-21.166666666666686
2024,2626075000,동래구 안락2동,30대,1990.1666666666667,331.0833333333333,526.9166666666666,12,False,2023,1987.4166666666667,305.0833333333333,574.1666666666666,12,False,2.75,26.0,-47.25
2024,2626075000,동래구 안락2동,40대,2666.9166666666665,448.5833333333333,700.1666666666666,12,False,2023,2839.333333333333,437.1666666666667,759.5833333333334,12,False,-172.41666666666652,11.416666666666629,-59.41666666666674
2024,2626075000,동래구 안락2동,50대,3234.9166666666665,513.1666666666666,741.1666666666666,12,False,2023,3199.25,510.0,801.25,12,False,35.666666666666515,3.1666666666666288,-60.08333333333337
2024,2626075000,동래구 안락2동,60대이상,6973.75,414.6666666666667,1239.0833333333333,12,False,2023,6721.833333333333,407.8333333333333,1280.75,12,False,251.91666666666697,6.833333333333371,-41.66666666666674
2024,2626076100,동래구 명장1동,20대,841.9166666666666,98.33333333333331,220.33333333333331,12,False,2023,923.25,117.16666666666669,245.83333333333331,12,False,-81.33333333333337,-18.83333333333337,-25.5
2024,2626076100,동래구 명장1동,20대미만,1013.9166666666666,246.08333333333331,225.58333333333331,12,False,2023,1029.1666666666667,235.08333333333331,233.08333333333331,12,False,-15.250000000000114,11.0,-7.5
2024,2626076100,동래구 명장1동,30대,1054.1666666666667,130.41666666666666,239.75,12,False,2023,1048.6666666666667,129.66666666666666,245.16666666666663,12,False,5.5,0.75,-5.416666666666629
2024,2626076100,동래구 명장1동,40대,1406.3333333333333,178.08333333333334,318.8333333333333,12,False,2023,1466.5,174.33333333333334,313.25,12,False,-60.16666666666674,3.75,5.583333333333314
2024,2626076100,동래구 명장1동,50대,1538.25,238.41666666666663,391.5,12,False,2023,1607.5833333333333,251.58333333333331,406.9166666666667,12,False,-69.33333333333326,-13.166666666666686,-15.416666666666686
2024,2626076100,동래구 명장1동,60대이상,4220.5,280.4166666666667,788.5833333333334,12,False,2023,4020.0,270.5833333333333,757.6666666666666,12,False,200.5,9.833333333333371,30.916666666666742
2024,2626076200,동래구 명장2동,20대,529.3333333333334,50.16666666666666,96.16666666666669,12,False,2023,747.8333333333334,57.083333333333336,126.91666666666669,12,False,-218.5,-6.9166666666666785,-30.75
2024,2626076200,동래구 명장2동,20대미만,508.5,152.91666666666666,192.16666666666663,12,False,2023,524.0,157.83333333333334,183.5,12,False,-15.5,-4.916666666666686,8.666666666666629
2024,2626076200,동래구 명장2동,30대,750.5,61.5,146.83333333333334,12,False,2023,867.4166666666666,65.83333333333333,165.5,12,False,-116.91666666666663,-4.333333333333329,-18.666666666666657
2024,2626076200,동래구 명장2동,40대,837.8333333333334,95.83333333333331,180.5,12,False,2023,996.6666666666666,116.41666666666669,204.0,12,False,-158.83333333333326,-20.58333333333337,-23.5
2024,2626076200,동래구 명장2동,50대,1068.1666666666667,135.41666666666666,209.16666666666663,12,False,2023,1376.4166666666667,169.58333333333334,226.41666666666663,12,False,-308.25,-34.166666666666686,-17.25
2024,2626076200,동래구 명장2동,60대이상,2815.583333333333,149.41666666666666,427.9166666666667,12,False,2023,3352.5,165.33333333333334,431.75,12,False,-536.916666666667,-15.916666666666686,-3.8333333333333144
2024,2629051000,남구 대연1동,20대,2673.0,302.5833333333333,1152.0833333333333,12,False,2023,2610.25,313.1666666666667,1274.75,12,False,62.75,-10.583333333333371,-122.66666666666674
2024,2629051000,남구 대연1동,20대미만,857.3333333333334,87.08333333333333,639.0833333333334,12,False,2023,895.8333333333334,115.58333333333331,648.3333333333334,12,False,-38.5,-28.499999999999986,-9.25
2024,2629051000,남구 대연1동,30대,1207.9166666666667,213.58333333333331,841.5,12,False,2023,1293.0833333333333,209.75,826.75,12,False,-85.16666666666652,3.8333333333333144,14.75
2024,2629051000,남구 대연1동,40대,1250.0833333333333,261.0,943.5,12,False,2023,1398.0833333333333,295.0,970.9166666666666,12,False,-148.0,-34.0,-27.41666666666663
2024,2629051000,남구 대연1동,50대,1680.1666666666667,334.8333333333333,1106.75,12,False,2023,1675.4166666666667,319.5,1085.25,12,False,4.75,15.333333333333314,21.5
2024,2629051000,남구 대연1동,60대이상,4329.5,277.5,1766.3333333333333,12,False,2023,4382.166666666667,280.5,1692.1666666666667,12,False,-52.66666666666697,-3.0,74.16666666666652
2024,2629053000,남구 대연3동,20대,5406.583333333333,2329.1666666666665,2823.75,12,False,2023,5047.583333333333,2263.75,2954.5,12,False,359.0,65.41666666666652,-130.75
2024,2629053000,남구 대연3동,20대미만,3850.5833333333335,560.6666666666666,1364.25,12,False,2023,3422.833333333333,574.9166666666666,1375.5833333333333,12,False,427.75000000000045,-14.25,-11.333333333333258
2024,2629053000,남구 대연3동,30대,3056.1666666666665,867.5,1294.3333333333333,12,False,2023,2852.083333333333,870.6666666666666,1225.1666666666667,12,False,204.08333333333348,-3.1666666666666288,69.16666666666652
2024,2629053000,남구 대연3동,40대,4240.666666666667,921.4166666666666,1316.6666666666667,12,False,2023,4078.8333333333335,897.25,1310.75,12,False,161.83333333333348,24.16666666666663,5.9166666666667425
2024,2629053000,남구 대연3동,50대,3803.5833333333335,823.8333333333334,1406.4166666666667,12,False,2023,3532.6666666666665,777.25,1317.3333333333333,12,False,270.91666666666697,46.58333333333337,89.08333333333348
2024,2629053000,남구 대연3동,60대이상,6290.333333333333,573.5833333333334,1730.0833333333333,12,False,2023,5789.5,536.25,1517.5,12,False,500.83333333333303,37.33333333333337,212.58333333333326
2024,2629054000,남구 대연4동,20대,785.9166666666666,80.25,194.66666666666663,12,False,2023,646.4166666666666,85.25,213.0,12,False,139.5,-5.0,-18.33333333333337
2024,2629054000,남구 대연4동,20대미만,968.9166666666666,63.75,195.25,12,False,2023,826.75,41.083333333333336,190.66666666666663,12,False,142.16666666666663,22.666666666666664,4.583333333333371
2024,2629054000,남구 대연4동,30대,1415.9166666666667,108.41666666666669,229.41666666666663,12,False,2023,1057.5833333333333,98.08333333333331,243.33333333333331,12,False,358.3333333333335,10.333333333333371,-13.916666666666686
2024,2629054000,남구 대연4동,40대,1448.25,147.83333333333334,284.4166666666667,12,False,2023,1272.0,147.16666666666666,304.9166666666667,12,False,176.25,0.6666666666666856,-20.5
2024,2629054000,남구 대연4동,50대,1367.0833333333333,172.0,342.3333333333333,12,False,2023,1224.3333333333333,160.5,359.6666666666667,12,False,142.75,11.5,-17.33333333333337
2024,2629054000,남구 대연4동,60대이상,3337.0,181.41666666666663,667.4166666666666,12,False,2023,2754.5,156.08333333333334,618.1666666666666,12,False,582.5,25.333333333333286,49.25
2024,2629055000,남구 대연5동,20대,1776.0833333333333,227.58333333333331,411.75,12,False,2023,1804.0,241.08333333333331,437.8333333333333,12,False,-27.916666666666742,-13.5,-26.083333333333314
2024,2629055000,남구 대연5동,20대미만,992.5833333333334,126.91666666666669,235.83333333333331,12,False,2023,1035.3333333333333,123.58333333333331,234.0,12,False,-42.749999999999886,3.3333333333333712,1.8333333333333144
2024,2629055000,남구 대연5동,30대,1155.9166666666667,188.16666666666663,298.25,12,False,2023,1139.6666666666667,187.0,292.4166666666667,12,False,16.25,1.1666666666666288,5.833333333333314
2024,2629055000,남구 대연5동,40대,1470.5,226.83333333333331,344.25,12,False,2023,1646.3333333333333,239.33333333333331,352.6666666666667,12,False,-175.83333333333326,-12.5,-8.416666666666686
2024,2629055000,남구 대연5동,50대,1769.75,272.9166666666667,414.5,12,False,2023,1726.1666666666667,265.5833333333333,429.25,12,False,43.58333333333326,7.333333333333371,-14.75
2024,2629055000,남구 대연5동,60대이상,4054.6666666666665,237.75,729.5,12,False,2023,3971.6666666666665,227.41666666666663,708.0,12,False,83.0,10.333333333333371,21.5
2024,2629056000,남구 대연6동,20대,899.6666666666666,152.41666666666666,194.16666666666663,12,False,2023,960.75,177.83333333333334,219.0,12,False,-61.08333333333337,-25.416666666666686,-24.83333333333337
2024,2629056000,남구 대연6동,20대미만,1427.0833333333333,145.75,193.91666666666663,12,False,2023,1450.0833333333333,128.66666666666666,192.66666666666663,12,False,-23.0,17.083333333333343,1.25
2024,2629056000,남구 대연6동,30대,1183.5,212.16666666666663,219.91666666666663,12,False,2023,1184.25,226.16666666666663,233.41666666666663,12,False,-0.75,-14.0,-13.5
2024,2629056000,남구 대연6동,40대,1910.6666666666667,277.9166666666667,291.1666666666667,12,False,2023,1892.6666666666667,259.75,298.5833333333333,12,False,18.0,18.166666666666686,-7.416666666666629
2024,2629056000,남구 대연6동,50대,1525.25,262.3333333333333,348.0833333333333,12,False,2023,1504.3333333333333,237.16666666666663,352.3333333333333,12,False,20.916666666666742,25.166666666666686,-4.25
2024,2629056000,남구 대연6동,60대이상,2797.4166666666665,156.83333333333334,550.9166666666666,12,False,2023,2728.1666666666665,148.58333333333334,524.75,12,False,69.25,8.25,26.16666666666663
2024,2629057000,남구 용호1동,20대,2590.9166666666665,353.3333333333333,584.0833333333334,12,False,2023,2663.4166666666665,350.8333333333333,599.3333333333334,12,False,-72.5,2.5,-15.25
2024,2629057000,남구 용호1동,20대미만,4201.666666666667,184.25,471.1666666666667,12,False,2023,4222.916666666667,187.75,451.0833333333333,12,False,-21.25,-3.5,20.08333333333337
2024,2629057000,남구 용호1동,30대,2607.9166666666665,302.9166666666667,622.5,12,False,2023,2438.9166666666665,303.25,597.6666666666666,12,False,169.0,-0.3333333333333144,24.83333333333337
2024,2629057000,남구 용호1동,40대,4450.583333333333,494.8333333333333,763.75,12,False,2023,4645.75,483.0833333333333,754.5,12,False,-195.16666666666697,11.75,9.25
2024,2629057000,남구 용호1동,50대,5784.75,602.5833333333334,904.4166666666666,12,False,2023,5682.0,608.6666666666666,868.0833333333334,12,False,102.75,-6.0833333333332575,36.33333333333326
2024,2629057000,남구 용호1동,60대이상,10461.666666666666,513.1666666666666,1650.9166666666667,12,False,2023,9794.833333333334,517.3333333333334,1489.6666666666667,12,False,666.8333333333321,-4.1666666666667425,161.25
2024,2629058000,남구 용호2동,20대,1106.5,202.83333333333331,396.5,12,False,2023,1142.0833333333333,183.58333333333331,418.0,12,False,-35.58333333333326,19.25,-21.5
2024,2629058000,남구 용호2동,20대미만,1533.25,47.25,211.91666666666663,12,False,2023,1446.25,35.416666666666664,206.66666666666663,12,False,87.0,11.833333333333336,5.25
2024,2629058000,남구 용호2동,30대,1547.6666666666667,160.58333333333334,360.9166666666667,12,False,2023,1389.5,144.91666666666666,370.5833333333333,12,False,158.16666666666674,15.666666666666686,-9.666666666666629
2024,2629058000,남구 용호2동,40대,2204.083333333333,236.0,458.1666666666667,12,False,2023,2120.25,227.66666666666663,453.4166666666667,12,False,83.83333333333303,8.333333333333371,4.75
2024,2629058000,남구 용호2동,50대,2035.9166666666667,239.83333333333331,530.75,12,False,2023,1991.9166666666667,220.83333333333331,512.6666666666666,12,False,44.0,19.0,18.08333333333337
2024,2629058000,남구 용호2동,60대이상,4804.083333333333,220.5,934.5833333333334,12,False,2023,4300.5,207.16666666666663,879.75,12,False,503.58333333333303,13.333333333333371,54.83333333333337
2024,2629059000,남구 용호3동,20대,713.0833333333334,107.16666666666669,204.16666666666663,12,False,2023,825.6666666666666,119.5,219.33333333333331,12,False,-112.58333333333326,-12.333333333333314,-15.166666666666686
2024,2629059000,남구 용호3동,20대미만,724.6666666666666,212.41666666666663,240.83333333333331,12,False,2023,791.8333333333334,191.08333333333331,251.0,12,False,-67.16666666666674,21.333333333333314,-10.166666666666686
2024,2629059000,남구 용호3동,30대,682.25,114.16666666666669,220.41666666666663,12,False,2023,705.6666666666666,115.08333333333331,227.08333333333331,12,False,-23.41666666666663,-0.9166666666666288,-6.666666666666686
2024,2629059000,남구 용호3동,40대,935.3333333333334,163.0,323.75,12,False,2023,1053.25,170.91666666666666,349.5,12,False,-117.91666666666663,-7.916666666666657,-25.75
2024,2629059000,남구 용호3동,50대,1396.75,243.58333333333331,435.3333333333333,12,False,2023,1458.75,241.5,470.9166666666667,12,False,-62.0,2.0833333333333144,-35.58333333333337
2024,2629059000,남구 용호3동,60대이상,4311.583333333333,256.8333333333333,799.4166666666666,12,False,2023,4300.166666666667,242.75,792.5833333333334,12,False,11.41666666666606,14.083333333333314,6.8333333333332575
2024,2629060000,남구 용호4동,20대,449.4166666666667,135.91666666666666,306.8333333333333,12,False,2023,483.0833333333333,117.83333333333331,315.0,12,False,-33.66666666666663,18.083333333333343,-8.166666666666686
2024,2629060000,남구 용호4동,20대미만,453.0,43.16666666666666,177.75,12,False,2023,465.4166666666667,30.666666666666668,186.58333333333331,12,False,-12.416666666666686,12.49999999999999,-8.833333333333314
2024,2629060000,남구 용호4동,30대,453.5,69.75,226.58333333333331,12,False,2023,527.6666666666666,73.25,226.66666666666663,12,False,-74.16666666666663,-3.5,-0.08333333333331439
2024,2629060000,남구 용호4동,40대,686.25,111.33333333333331,278.8333333333333,12,False,2023,758.4166666666666,123.0,309.75,12,False,-72.16666666666663,-11.666666666666686,-30.916666666666686
2024,2629060000,남구 용호4동,50대,788.4166666666666,135.91666666666666,323.3333333333333,12,False,2023,820.3333333333334,145.75,345.0,12,False,-31.916666666666742,-9.833333333333343,-21.666666666666686
2024,2629060000,남구 용호4동,60대이상,2126.0,154.58333333333334,638.8333333333334,12,False,2023,2209.75,159.08333333333334,624.8333333333334,12,False,-83.75,-4.5,14.0
2024,2629061000,남구 용당동,20대,604.5833333333334,288.75,363.0,12,False,2023,625.0,315.5,403.6666666666667,12,False,-20.41666666666663,-26.75,-40.666666666666686
2024,2629061000,남구 용당동,20대미만,455.8333333333333,99.91666666666669,153.66666666666666,12,False,2023,490.8333333333333,96.91666666666669,161.5,12,False,-35.0,3.0,-7.833333333333343
2024,2629061000,남구 용당동,30대,434.9166666666667,207.0,266.0,12,False,2023,474.9166666666667,221.5,287.1666666666667,12,False,-40.0,-14.5,-21.166666666666686
2024,2629061000,남구 용당동,40대,668.25,247.16666666666663,449.5,12,False,2023,821.5,286.4166666666667,499.3333333333333,12,False,-153.25,-39.25000000000006,-49.833333333333314
2024,2629061000,남구 용당동,50대,1091.8333333333333,283.9166666666667,574.5833333333334,12,False,2023,1120.0833333333333,303.8333333333333,610.5,12,False,-28.25,-19.91666666666663,-35.91666666666663
2024,2629061000,남구 용당동,60대이상,2080.833333333333,217.91666666666663,668.9166666666666,12,False,2023,1959.5,216.16666666666663,666.0833333333334,12,False,121.33333333333303,1.75,2.8333333333332575
2024,2629062000,남구 감만1동,20대,431.9166666666667,142.83333333333334,212.75,12,False,2023,560.0833333333334,170.25,251.0,12,False,-128.16666666666669,-27.416666666666657,-38.25
2024,2629062000,남구 감만1동,20대미만,291.4166666666667,32.25,71.08333333333333,12,False,2023,421.9166666666667,41.833333333333336,104.25,12,False,-130.5,-9.583333333333336,-33.16666666666667
2024,2629062000,남구 감만1동,30대,383.8333333333333,179.83333333333334,305.25,12,False,2023,537.0833333333334,198.91666666666663,345.5,12,False,-153.25000000000006,-19.083333333333286,-40.25
2024,2629062000,남구 감만1동,40대,567.4166666666666,203.91666666666663,455.6666666666667,12,False,2023,842.75,256.25,557.4166666666666,12,False,-275.33333333333337,-52.33333333333337,-101.74999999999994
2024,2629062000,남구 감만1동,50대,760.3333333333334,230.58333333333331,612.6666666666666,12,False,2023,1152.3333333333333,294.5,690.6666666666666,12,False,-391.9999999999999,-63.916666666666686,-78.0
2024,2629062000,남구 감만1동,60대이상,1976.3333333333333,221.5,637.5,12,False,2023,2661.9166666666665,257.6666666666667,718.0,12,False,-685.5833333333333,-36.166666666666686,-80.5
2024,2629063000,남구 감만2동,20대,240.33333333333331,22.58333333333333,128.41666666666666,12,False,2023,259.25,28.0,86.16666666666667,12,False,-18.916666666666686,-5.416666666666671,42.249999999999986
2024,2629063000,남구 감만2동,20대미만,246.91666666666663,35.583333333333336,146.66666666666666,12,False,2023,239.91666666666663,27.58333333333333,83.75,12,False,7.0,8.000000000000007,62.91666666666666
2024,2629063000,남구 감만2동,30대,222.66666666666663,34.416666666666664,135.5,12,False,2023,208.25,27.416666666666668,93.41666666666669,12,False,14.416666666666629,6.9999999999999964,42.083333333333314
2024,2629063000,남구 감만2동,40대,363.1666666666667,50.25,214.5,12,False,2023,396.0,52.5,148.91666666666666,12,False,-32.833333333333314,-2.25,65.58333333333334
2024,2629063000,남구 감만2동,50대,653.3333333333334,79.83333333333333,337.25,12,False,2023,598.8333333333334,78.66666666666667,180.91666666666663,12,False,54.5,1.1666666666666572,156.33333333333337
2024,2629063000,남구 감만2동,60대이상,1585.8333333333333,76.91666666666667,737.75,12,False,2023,1451.75,73.0,352.4166666666667,12,False,134.08333333333326,3.9166666666666714,385.3333333333333
2024,2629064500,남구 우암동,20대,709.25,136.58333333333334,299.6666666666667,12,False,2023,763.9166666666666,124.33333333333331,351.5,12,False,-54.66666666666663,12.250000000000028,-51.833333333333314
2024,2629064500,남구 우암동,20대미만,830.8333333333334,84.0,180.33333333333331,12,False,2023,848.9166666666666,72.91666666666667,192.5,12,False,-18.083333333333258,11.083333333333329,-12.166666666666686
2024,2629064500,남구 우암동,30대,710.6666666666666,149.33333333333334,345.4166666666667,12,False,2023,754.5,139.58333333333334,358.6666666666667,12,False,-43.83333333333337,9.75,-13.25
2024,2629064500,남구 우암동,40대,1103.5,193.83333333333331,422.5833333333333,12,False,2023,1201.4166666666667,194.41666666666663,452.0833333333333,12,False,-97.91666666666674,-0.5833333333333144,-29.5
2024,2629064500,남구 우암동,50대,1415.1666666666667,282.0833333333333,667.5,12,False,2023,1436.3333333333333,274.75,700.5833333333334,12,False,-21.166666666666515,7.333333333333314,-33.08333333333337
2024,2629064500,남구 우암동,60대이상,4737.083333333333,263.5833333333333,1167.5833333333333,12,False,2023,4693.25,265.0833333333333,1181.1666666666667,12,False,43.83333333333303,-1.5,-13.583333333333485
2024,2629068000,남구 문현1동,20대,612.5833333333334,64.25,194.75,12,False,2023,698.4166666666666,68.66666666666667,215.0,12,False,-85.83333333333326,-4.416666666666671,-20.25
2024,2629068000,남구 문현1동,20대미만,672.5,120.58333333333331,252.16666666666663,12,False,2023,767.0833333333334,141.33333333333334,254.75,12,False,-94.58333333333337,-20.75000000000003,-2.5833333333333712
2024,2629068000,남구 문현1동,30대,465.1666666666667,65.58333333333333,258.9166666666667,12,False,2023,540.4166666666666,78.58333333333333,260.1666666666667,12,False,-75.24999999999994,-13.0,-1.25
2024,2629068000,남구 문현1동,40대,767.5833333333334,112.5,296.3333333333333,12,False,2023,897.5833333333334,131.75,329.25,12,False,-130.0,-19.25,-32.916666666666686
2024,2629068000,남구 문현1동,50대,1119.0833333333333,154.08333333333334,371.9166666666667,12,False,2023,1193.8333333333333,162.66666666666666,364.3333333333333,12,False,-74.75,-8.583333333333314,7.583333333333371
2024,2629068000,남구 문현1동,60대이상,2700.5,150.91666666666666,673.1666666666666,12,False,2023,2745.0,157.58333333333334,656.5833333333334,12,False,-44.5,-6.666666666666686,16.583333333333258
2024,2629069000,남구 문현2동,20대,443.3333333333333,333.25,362.9166666666667,12,False,2023,453.5,343.4166666666667,355.9166666666667,12,False,-10.166666666666686,-10.166666666666686,7.0
2024,2629069000,남구 문현2동,20대미만,187.16666666666663,50.583333333333336,177.0,12,False,2023,198.16666666666663,70.41666666666667,169.0,12,False,-11.0,-19.833333333333336,8.0
2024,2629069000,남구 문현2동,30대,646.1666666666666,658.5,463.4166666666667,12,False,2023,556.9166666666666,605.0833333333334,439.9166666666667,12,False,89.25,53.41666666666663,23.5
2024,2629069000,남구 문현2동,40대,497.25,525.75,436.4166666666667,12,False,2023,461.3333333333333,527.9166666666666,459.9166666666667,12,False,35.916666666666686,-2.1666666666666288,-23.5
2024,2629069000,남구 문현2동,50대,566.4166666666666,433.9166666666667,502.5,12,False,2023,542.5,433.0833333333333,525.6666666666666,12,False,23.91666666666663,0.8333333333333712,-23.16666666666663
2024,2629069000,남구 문현2동,60대이상,1824.8333333333333,244.75,753.0833333333334,12,False,2023,1756.3333333333333,220.0,720.3333333333334,12,False,68.5,24.75,32.75
2024,2629070000,남구 문현3동,20대,728.25,100.25,748.9166666666666,12,False,2023,656.25,100.33333333333331,745.4166666666666,12,False,72.0,-0.08333333333331439,3.5
2024,2629070000,남구 문현3동,20대미만,748.5833333333334,48.833333333333336,862.4166666666666,12,False,2023,670.1666666666666,24.83333333333333,827.5833333333334,12,False,78.41666666666674,24.000000000000007,34.83333333333326
2024,2629070000,남구 문현3동,30대,918.0,99.58333333333331,756.75,12,False,2023,978.5833333333334,116.0,726.0,12,False,-60.58333333333337,-16.416666666666686,30.75
2024,2629070000,남구 문현3동,40대,1284.8333333333333,156.41666666666666,1039.4166666666667,12,False,2023,1247.25,144.66666666666666,1045.25,12,False,37.58333333333326,11.75,-5.8333333333332575
2024,2629070000,남구 문현3동,50대,1143.5,164.66666666666666,1347.6666666666667,12,False,2023,1149.0833333333333,148.33333333333334,1258.75,12,False,-5.5833333333332575,16.333333333333314,88.91666666666674
2024,2629070000,남구 문현3동,60대이상,3402.9166666666665,210.58333333333331,2693.25,12,False,2023,3137.833333333333,178.58333333333334,2502.5,12,False,265.0833333333335,31.99999999999997,190.75
2024,2629071000,남구 문현4동,20대,436.0,90.16666666666669,191.91666666666663,12,False,2023,489.5833333333333,97.75,243.91666666666663,12,False,-53.583333333333314,-7.583333333333314,-52.0
2024,2629071000,남구 문현4동,20대미만,272.5833333333333,46.41666666666666,121.58333333333331,12,False,2023,309.4166666666667,61.583333333333336,145.08333333333334,12,False,-36.83333333333337,-15.166666666666679,-23.50000000000003
2024,2629071000,남구 문현4동,30대,492.1666666666667,115.08333333333331,232.75,12,False,2023,485.0833333333333,124.41666666666669,271.5833333333333,12,False,7.083333333333371,-9.333333333333371,-38.833333333333314
2024,2629071000,남구 문현4동,40대,518.0833333333334,105.41666666666669,232.41666666666663,12,False,2023,543.0833333333334,116.75,291.25,12,False,-25.0,-11.333333333333314,-58.83333333333337
2024,2629071000,남구 문현4동,50대,661.0833333333334,108.5,258.1666666666667,12,False,2023,686.0,125.83333333333331,309.75,12,False,-24.91666666666663,-17.333333333333314,-51.583333333333314
2024,2629071000,남구 문현4동,60대이상,1704.1666666666667,113.16666666666669,401.9166666666667,12,False,2023,1677.5,121.83333333333331,464.75,12,False,26.666666666666742,-8.666666666666629,-62.833333333333314
2024,2632051000,북구 구포1동,20대,1097.8333333333333,157.25,456.25,12,False,2023,1131.8333333333333,177.66666666666666,528.0,12,False,-34.0,-20.416666666666657,-71.75
2024,2632051000,북구 구포1동,20대미만,646.0,8.083333333333334,171.83333333333334,12,False,2023,578.8333333333334,11.333333333333334,173.33333333333334,12,False,67.16666666666663,-3.25,-1.5
2024,2632051000,북구 구포1동,30대,1352.3333333333333,197.5,533.3333333333334,12,False,2023,1413.4166666666667,196.75,558.0833333333334,12,False,-61.083333333333485,0.75,-24.75
2024,2632051000,북구 구포1동,40대,1222.9166666666667,240.91666666666663,549.6666666666666,12,False,2023,1245.25,222.91666666666663,578.0,12,False,-22.333333333333258,18.0,-28.33333333333337
2024,2632051000,북구 구포1동,50대,1803.4166666666667,401.8333333333333,929.6666666666666,12,False,2023,1798.5,396.25,975.4166666666666,12,False,4.9166666666667425,5.583333333333314,-45.75
2024,2632051000,북구 구포1동,60대이상,4524.75,532.5,2053.5,12,False,2023,4253.0,518.0,2007.0833333333333,12,False,271.75,14.5,46.41666666666674
2024,2632052000,북구 구포2동,20대,1824.1666666666667,203.16666666666663,336.5,12,False,2023,2063.0,247.08333333333331,381.1666666666667,12,False,-238.83333333333326,-43.916666666666686,-44.666666666666686
2024,2632052000,북구 구포2동,20대미만,1231.4166666666667,151.16666666666666,210.75,12,False,2023,1357.3333333333333,142.58333333333334,214.08333333333331,12,False,-125.91666666666652,8.583333333333314,-3.3333333333333144
2024,2632052000,북구 구포2동,30대,1982.1666666666667,296.5833333333333,372.8333333333333,12,False,2023,2060.583333333333,295.6666666666667,393.8333333333333,12,False,-78.41666666666629,0.9166666666666288,-21.0
2024,2632052000,북구 구포2동,40대,2135.4166666666665,365.4166666666667,415.0833333333333,12,False,2023,2304.083333333333,357.8333333333333,447.0833333333333,12,False,-168.66666666666652,7.583333333333371,-32.0
2024,2632052000,북구 구포2동,50대,3108.6666666666665,470.5,596.6666666666666,12,False,2023,3238.6666666666665,484.6666666666667,635.5,12,False,-130.0,-14.166666666666686,-38.83333333333337
2024,2632052000,북구 구포2동,60대이상,7116.083333333333,395.25,1030.25,12,False,2023,6880.333333333333,385.6666666666667,1031.5,12,False,235.75,9.583333333333314,-1.25
2024,2632052100,북구 구포3동,20대,1539.6666666666667,170.25,237.66666666666663,12,False,2023,1755.5,186.16666666666663,255.25,12,False,-215.83333333333326,-15.916666666666629,-17.58333333333337
2024,2632052100,북구 구포3동,20대미만,1241.25,171.66666666666666,151.58333333333334,12,False,2023,1384.1666666666667,162.75,175.33333333333334,12,False,-142.91666666666674,8.916666666666657,-23.75
2024,2632052100,북구 구포3동,30대,1280.4166666666667,114.41666666666669,198.83333333333331,12,False,2023,1337.1666666666667,114.08333333333331,214.33333333333331,12,False,-56.75,0.33333333333337123,-15.5
2024,2632052100,북구 구포3동,40대,1710.4166666666667,190.66666666666663,228.75,12,False,2023,1836.8333333333333,190.75,241.25,12,False,-126.41666666666652,-0.08333333333337123,-12.5
2024,2632052100,북구 구포3동,50대,2846.583333333333,318.9166666666667,384.8333333333333,12,False,2023,2997.4166666666665,330.5833333333333,389.4166666666667,12,False,-150.83333333333348,-11.666666666666629,-4.583333333333371
2024,2632052100,북구 구포3동,60대이상,5921.25,269.9166666666667,607.0,12,False,2023,5730.916666666667,261.3333333333333,577.0833333333334,12,False,190.33333333333303,8.583333333333371,29.91666666666663
2024,2632053000,북구 금곡동,20대,2339.1666666666665,258.6666666666667,419.75,12,False,2023,2548.083333333333,287.6666666666667,451.3333333333333,12,False,-208.91666666666652,-29.0,-31.583333333333314
2024,2632053000,북구 금곡동,20대미만,2329.9166666666665,121.66666666666669,338.0,12,False,2023,2309.6666666666665,99.58333333333331,339.4166666666667,12,False,20.25,22.08333333333337,-1.4166666666666856
2024,2632053000,북구 금곡동,30대,2417.333333333333,272.6666666666667,556.0833333333334,12,False,2023,2556.4166666666665,280.0833333333333,571.6666666666666,12,False,-139.08333333333348,-7.416666666666629,-15.583333333333258
2024,2632053000,북구 금곡동,40대,3088.75,356.5,613.0,12,False,2023,3223.333333333333,345.0833333333333,647.1666666666666,12,False,-134.58333333333303,11.416666666666686,-34.16666666666663
2024,2632053000,북구 금곡동,50대,4857.833333333333,584.0833333333334,902.0833333333334,12,False,2023,5055.166666666667,620.6666666666666,915.0833333333334,12,False,-197.33333333333394,-36.58333333333326,-13.0
2024,2632053000,북구 금곡동,60대이상,12285.416666666666,521.9166666666666,1586.6666666666667,12,False,2023,11569.083333333334,495.5,1513.75,12,False,716.3333333333321,26.41666666666663,72.91666666666674
2024,2632054100,북구 화명1동,20대,2817.5,263.25,976.8333333333334,12,False,2023,3063.583333333333,269.75,1171.5833333333333,12,False,-246.08333333333303,-6.5,-194.7499999999999
2024,2632054100,북구 화명1동,20대미만,2983.6666666666665,60.833333333333336,1042.1666666666667,12,False,2023,2936.25,52.583333333333336,1130.9166666666667,12,False,47.416666666666515,8.25,-88.75
2024,2632054100,북구 화명1동,30대,3383.5,243.91666666666663,1129.6666666666667,12,False,2023,3359.1666666666665,243.16666666666663,1225.4166666666667,12,False,24.333333333333485,0.75,-95.75
2024,2632054100,북구 화명1동,40대,3541.833333333333,331.5833333333333,1251.25,12,False,2023,3640.8333333333335,352.25,1507.1666666666667,12,False,-99.00000000000045,-20.666666666666686,-255.91666666666674
2024,2632054100,북구 화명1동,50대,5178.75,507.25,1475.4166666666667,12,False,2023,5313.166666666667,491.0,1669.6666666666667,12,False,-134.41666666666697,16.25,-194.25
2024,2632054100,북구 화명1동,60대이상,7881.166666666667,438.3333333333333,2128.25,12,False,2023,7329.166666666667,435.9166666666667,2296.083333333333,12,False,552.0,2.4166666666666288,-167.83333333333303
2024,2632054200,북구 화명2동,20대,1451.75,175.5,330.3333333333333,12,False,2023,1557.6666666666667,193.58333333333331,383.9166666666667,12,False,-105.91666666666674,-18.083333333333314,-53.58333333333337
2024,2632054200,북구 화명2동,20대미만,1475.5,140.91666666666666,292.8333333333333,12,False,2023,1578.9166666666667,157.58333333333334,326.0833333333333,12,False,-103.41666666666674,-16.666666666666686,-33.25
2024,2632054200,북구 화명2동,30대,1586.1666666666667,158.0,386.25,12,False,2023,1611.9166666666667,156.33333333333334,415.75,12,False,-25.75,1.6666666666666572,-29.5
2024,2632054200,북구 화명2동,40대,1602.0833333333333,210.0,395.6666666666667,12,False,2023,1649.0,239.08333333333331,439.5,12,False,-46.91666666666674,-29.083333333333314,-43.833333333333314
2024,2632054200,북구 화명2동,50대,2331.333333333333,313.75,588.9166666666666,12,False,2023,2399.1666666666665,314.1666666666667,653.9166666666666,12,False,-67.83333333333348,-0.4166666666666856,-65.0
2024,2632054200,북구 화명2동,60대이상,4427.0,266.0833333333333,874.1666666666666,12,False,2023,4208.75,265.3333333333333,866.25,12,False,218.25,0.75,7.916666666666629
2024,2632054300,북구 화명3동,20대,2052.583333333333,398.8333333333333,833.0,12,False,2023,2049.0,446.25,888.8333333333334,12,False,3.58333333333303,-47.416666666666686,-55.83333333333337
2024,2632054300,북구 화명3동,20대미만,2558.1666666666665,322.9166666666667,648.3333333333334,12,False,2023,2753.083333333333,293.8333333333333,595.0,12,False,-194.91666666666652,29.08333333333337,53.33333333333337
2024,2632054300,북구 화명3동,30대,1721.9166666666667,302.0,728.0,12,False,2023,1691.5,325.8333333333333,659.5,12,False,30.416666666666742,-23.833333333333314,68.5
2024,2632054300,북구 화명3동,40대,2583.25,426.1666666666667,736.1666666666666,12,False,2023,2659.583333333333,455.5,730.4166666666666,12,False,-76.33333333333303,-29.333333333333314,5.75
2024,2632054300,북구 화명3동,50대,3363.5,539.6666666666666,961.0,12,False,2023,3231.833333333333,550.8333333333334,943.5,12,False,131.66666666666697,-11.166666666666742,17.5
2024,2632054300,북구 화명3동,60대이상,4645.0,333.5833333333333,1401.25,12,False,2023,3964.5,299.6666666666667,1178.5,12,False,680.5,33.91666666666663,222.75
2024,2632055000,북구 덕천1동,20대,1023.0,196.58333333333331,345.9166666666667,12,False,2023,960.9166666666666,180.66666666666663,378.5833333333333,12,False,62.08333333333337,15.916666666666686,-32.66666666666663
2024,2632055000,북구 덕천1동,20대미만,539.8333333333334,35.0,187.66666666666663,12,False,2023,526.6666666666666,40.41666666666666,189.75,12,False,13.166666666666742,-5.416666666666657,-2.0833333333333712
2024,2632055000,북구 덕천1동,30대,1406.75,187.91666666666663,373.8333333333333,12,False,2023,1084.8333333333333,168.0,375.4166666666667,12,False,321.91666666666674,19.91666666666663,-1.5833333333333712
2024,2632055000,북구 덕천1동,40대,1112.0,198.83333333333331,408.0,12,False,2023,1008.0,200.75,425.5833333333333,12,False,104.0,-1.9166666666666856,-17.583333333333314
2024,2632055000,북구 덕천1동,50대,1453.0,299.3333333333333,542.1666666666666,12,False,2023,1363.5,290.1666666666667,569.0,12,False,89.5,9.166666666666629,-26.83333333333337
2024,2632055000,북구 덕천1동,60대이상,4243.75,258.75,1078.75,12,False,2023,3969.25,262.6666666666667,986.6666666666666,12,False,274.5,-3.9166666666666856,92.08333333333337
2024,2632056000,북구 덕천2동,20대,933.0,400.25,1114.0833333333333,12,False,2023,1048.0,482.5833333333333,1327.1666666666667,12,False,-115.0,-82.33333333333331,-213.08333333333348
2024,2632056000,북구 덕천2동,20대미만,537.5,189.0,567.0,12,False,2023,515.3333333333334,121.0,681.4166666666666,12,False,22.16666666666663,68.0,-114.41666666666663
2024,2632056000,북구 덕천2동,30대,948.0833333333334,429.6666666666667,1104.6666666666667,12,False,2023,1002.9166666666666,456.8333333333333,1170.6666666666667,12,False,-54.83333333333326,-27.16666666666663,-66.0
2024,2632056000,북구 덕천2동,40대,911.5,400.4166666666667,1052.8333333333333,12,False,2023,964.0,402.75,1157.5,12,False,-52.5,-2.3333333333333144,-104.66666666666674
2024,2632056000,북구 덕천2동,50대,1372.75,502.0,1363.75,12,False,2023,1416.9166666666667,490.0833333333333,1497.5,12,False,-44.16666666666674,11.916666666666686,-133.75
2024,2632056000,북구 덕천2동,60대이상,3655.25,419.5,2308.75,12,False,2023,3604.0833333333335,426.6666666666667,2422.333333333333,12,False,51.166666666666515,-7.166666666666686,-113.58333333333303
2024,2632056100,북구 덕천3동,20대,410.4166666666667,29.5,75.83333333333333,12,False,2023,469.0833333333333,30.08333333333333,80.83333333333333,12,False,-58.66666666666663,-0.5833333333333286,-5.0
2024,2632056100,북구 덕천3동,20대미만,253.08333333333331,6.833333333333333,41.0,12,False,2023,275.0833333333333,11.0,50.75,12,False,-22.0,-4.166666666666667,-9.75
2024,2632056100,북구 덕천3동,30대,369.25,27.08333333333333,89.75,12,False,2023,389.25,28.25,91.75,12,False,-20.0,-1.1666666666666714,-2.0
2024,2632056100,북구 덕천3동,40대,606.5,50.0,95.75,12,False,2023,638.1666666666666,57.91666666666666,124.33333333333331,12,False,-31.66666666666663,-7.916666666666657,-28.583333333333314
2024,2632056100,북구 덕천3동,50대,951.4166666666666,83.33333333333333,147.5,12,False,2023,1033.5,114.0,164.66666666666666,12,False,-82.08333333333337,-30.66666666666667,-17.166666666666657
2024,2632056100,북구 덕천3동,60대이상,2724.4166666666665,69.33333333333333,303.9166666666667,12,False,2023,2460.583333333333,78.08333333333333,310.1666666666667,12,False,263.8333333333335,-8.75,-6.25
2024,2632057100,북구 만덕1동,20대,971.6666666666666,100.66666666666669,210.83333333333331,12,False,2023,1094.6666666666667,96.0,237.0,12,False,-123.00000000000011,4.666666666666686,-26.166666666666686
2024,2632057100,북구 만덕1동,20대미만,934.0,64.91666666666667,182.16666666666663,12,False,2023,875.6666666666666,56.16666666666666,166.41666666666666,12,False,58.33333333333337,8.750000000000014,15.749999999999972
2024,2632057100,북구 만덕1동,30대,1957.0,136.33333333333334,351.8333333333333,12,False,2023,2095.1666666666665,129.66666666666666,338.1666666666667,12,False,-138.16666666666652,6.666666666666686,13.666666666666629
2024,2632057100,북구 만덕1동,40대,1603.1666666666667,147.41666666666666,303.3333333333333,12,False,2023,1584.0833333333333,134.75,283.4166666666667,12,False,19.083333333333485,12.666666666666657,19.91666666666663
2024,2632057100,북구 만덕1동,50대,1580.8333333333333,149.33333333333334,345.0,12,False,2023,1658.5,153.66666666666666,342.0833333333333,12,False,-77.66666666666674,-4.333333333333314,2.9166666666666856
2024,2632057100,북구 만덕1동,60대이상,3817.25,203.0,750.9166666666666,12,False,2023,3653.1666666666665,175.83333333333334,684.5,12,False,164.08333333333348,27.166666666666657,66.41666666666663
2024,2632057200,북구 만덕2동,20대,1706.4166666666667,156.41666666666666,287.75,12,False,2023,1796.4166666666667,171.33333333333334,317.3333333333333,12,False,-90.0,-14.916666666666686,-29.583333333333314
2024,2632057200,북구 만덕2동,20대미만,2460.75,167.91666666666666,256.75,12,False,2023,2431.083333333333,143.66666666666666,248.5,12,False,29.66666666666697,24.25,8.25
2024,2632057200,북구 만덕2동,30대,2365.6666666666665,192.16666666666663,388.5,12,False,2023,2332.0,205.41666666666663,403.0833333333333,12,False,33.666666666666515,-13.25,-14.583333333333314
2024,2632057200,북구 만덕2동,40대,2848.0,289.4166666666667,425.9166666666667,12,False,2023,2840.583333333333,308.0833333333333,444.25,12,False,7.41666666666697,-18.66666666666663,-18.333333333333314
2024,2632057200,북구 만덕2동,50대,3016.333333333333,322.75,497.6666666666667,12,False,2023,2933.833333333333,323.6666666666667,532.5,12,False,82.5,-0.9166666666666856,-34.833333333333314
2024,2632057200,북구 만덕2동,60대이상,6820.166666666667,309.1666666666667,987.3333333333334,12,False,2023,6362.333333333333,299.0833333333333,963.5,12,False,457.83333333333394,10.083333333333371,23.83333333333337
2024,2632057300,북구 만덕3동,20대,1162.5833333333333,91.58333333333331,300.75,12,False,2023,1290.0833333333333,107.25,443.6666666666667,12,False,-127.5,-15.666666666666686,-142.91666666666669
2024,2632057300,북구 만덕3동,20대미만,1101.6666666666667,32.583333333333336,258.5833333333333,12,False,2023,1084.6666666666667,33.0,366.6666666666667,12,False,17.0,-0.4166666666666643,-108.08333333333337
2024,2632057300,북구 만덕3동,30대,1336.8333333333333,90.58333333333331,353.4166666666667,12,False,2023,1402.8333333333333,113.25,489.6666666666667,12,False,-66.0,-22.666666666666686,-136.25
2024,2632057300,북구 만덕3동,40대,1555.5,132.91666666666666,368.0,12,False,2023,1669.4166666666667,135.75,507.0833333333333,12,False,-113.91666666666674,-2.833333333333343,-139.08333333333331
2024,2632057300,북구 만덕3동,50대,2081.083333333333,200.08333333333331,422.1666666666667,12,False,2023,2126.9166666666665,222.0,552.5833333333334,12,False,-45.833333333333485,-21.916666666666686,-130.41666666666669
2024,2632057300,북구 만덕3동,60대이상,5304.5,245.83333333333331,899.75,12,False,2023,5064.25,263.25,1154.5833333333333,12,False,240.25,-17.416666666666686,-254.83333333333326
2024,2635051000,해운대구 우1동,20대,1813.6666666666667,719.5,2515.4166666666665,12,False,2023,1918.6666666666667,681.1666666666666,2697.083333333333,12,False,-105.0,38.33333333333337,-181.66666666666652
2024,2635051000,해운대구 우1동,20대미만,1937.6666666666667,495.5,1416.5833333333333,12,False,2023,1683.5833333333333,361.3333333333333,1353.1666666666667,12,False,254.08333333333348,134.16666666666669,63.416666666666515
2024,2635051000,해운대구 우1동,30대,2041.5833333333333,688.5833333333334,2337.083333333333,12,False,2023,2037.0,610.1666666666666,2198.1666666666665,12,False,4.5833333333332575,78.41666666666674,138.91666666666652
2024,2635051000,해운대구 우1동,40대,2478.9166666666665,688.3333333333334,2450.75,12,False,2023,2366.5,622.3333333333334,2238.6666666666665,12,False,112.41666666666652,66.0,212.08333333333348
2024,2635051000,해운대구 우1동,50대,2781.5,753.0833333333334,2305.333333333333,12,False,2023,2751.333333333333,669.3333333333334,2021.9166666666667,12,False,30.16666666666697,83.75,283.4166666666663
2024,2635051000,해운대구 우1동,60대이상,6039.5,750.8333333333334,3039.083333333333,12,False,2023,5967.583333333333,621.3333333333334,2584.083333333333,12,False,71.91666666666697,129.5,455.0
2024,2635052000,해운대구 우2동,20대,1790.5833333333333,2128.0,2299.583333333333,12,False,2023,1922.25,2316.333333333333,2469.9166666666665,12,False,-131.66666666666674,-188.33333333333303,-170.33333333333348
2024,2635052000,해운대구 우2동,20대미만,2416.6666666666665,556.5833333333334,1519.3333333333333,12,False,2023,2350.0,550.0,1488.4166666666667,12,False,66.66666666666652,6.583333333333371,30.916666666666515
2024,2635052000,해운대구 우2동,30대,2421.833333333333,2272.9166666666665,2649.0,12,False,2023,2583.0,2245.333333333333,2758.75,12,False,-161.16666666666697,27.583333333333485,-109.75
2024,2635052000,해운대구 우2동,40대,3553.5,1753.9166666666667,2461.5,12,False,2023,3613.3333333333335,1805.1666666666667,2570.6666666666665,12,False,-59.833333333333485,-51.25,-109.16666666666652
2024,2635052000,해운대구 우2동,50대,4023.0833333333335,1507.9166666666667,2192.083333333333,12,False,2023,3909.8333333333335,1433.75,2207.9166666666665,12,False,113.25,74.16666666666674,-15.833333333333485
2024,2635052000,해운대구 우2동,60대이상,6700.916666666667,812.25,2743.333333333333,12,False,2023,6475.666666666667,771.0,2657.833333333333,12,False,225.25,41.25,85.5
2024,2635052500,해운대구 우3동,20대,1354.5833333333333,223.75,590.75,12,False,2023,1676.6666666666667,358.0,721.0833333333334,12,False,-322.0833333333335,-134.25,-130.33333333333337
2024,2635052500,해운대구 우3동,20대미만,1975.9166666666667,100.66666666666669,464.5833333333333,12,False,2023,2850.9166666666665,68.08333333333333,497.0833333333333,12,False,-874.9999999999998,32.58333333333336,-32.5
2024,2635052500,해운대구 우3동,30대,1682.3333333333333,287.0,673.5833333333334,12,False,2023,2084.9166666666665,393.6666666666667,861.5833333333334,12,False,-402.58333333333326,-106.66666666666669,-188.0
2024,2635052500,해운대구 우3동,40대,2909.0,414.5,803.5833333333334,12,False,2023,3707.9166666666665,528.8333333333334,1027.5833333333333,12,False,-798.9166666666665,-114.33333333333337,-223.9999999999999
2024,2635052500,해운대구 우3동,50대,3167.25,358.4166666666667,821.1666666666666,12,False,2023,3407.583333333333,509.75,1007.4166666666666,12,False,-240.33333333333303,-151.33333333333331,-186.25
2024,2635052500,해운대구 우3동,60대이상,6034.083333333333,340.75,1112.6666666666667,12,False,2023,6139.583333333333,454.3333333333333,1301.75,12,False,-105.5,-113.58333333333331,-189.08333333333326
2024,2635053000,해운대구 중1동,20대,2041.3333333333333,648.0,1774.9166666666667,12,False,2023,2109.4166666666665,703.8333333333334,2074.583333333333,12,False,-68.08333333333326,-55.83333333333337,-299.6666666666663
2024,2635053000,해운대구 중1동,20대미만,1819.4166666666667,101.83333333333331,1133.5,12,False,2023,1849.1666666666667,118.58333333333331,1157.9166666666667,12,False,-29.75,-16.75,-24.416666666666742
2024,2635053000,해운대구 중1동,30대,2365.25,626.75,2052.6666666666665,12,False,2023,2429.1666666666665,669.25,2190.333333333333,12,False,-63.916666666666515,-42.5,-137.66666666666652
2024,2635053000,해운대구 중1동,40대,3306.9166666666665,677.25,2054.6666666666665,12,False,2023,3384.9166666666665,693.75,2209.75,12,False,-78.0,-16.5,-155.08333333333348
2024,2635053000,해운대구 중1동,50대,3513.583333333333,771.25,1903.75,12,False,2023,3504.333333333333,749.9166666666666,1956.5,12,False,9.25,21.33333333333337,-52.75
2024,2635053000,해운대구 중1동,60대이상,5879.666666666667,620.0833333333334,2369.1666666666665,12,False,2023,5689.916666666667,601.6666666666666,2324.5,12,False,189.75,18.416666666666742,44.666666666666515
2024,2635054000,해운대구 중2동,20대,954.5833333333334,159.33333333333334,514.75,12,False,2023,1021.5833333333334,163.91666666666666,538.6666666666666,12,False,-67.0,-4.583333333333314,-23.91666666666663
2024,2635054000,해운대구 중2동,20대미만,1406.0,47.0,269.6666666666667,12,False,2023,1386.5833333333333,38.083333333333336,255.33333333333331,12,False,19.416666666666742,8.916666666666664,14.333333333333371
2024,2635054000,해운대구 중2동,30대,1417.25,203.0,596.1666666666666,12,False,2023,1449.9166666666667,179.83333333333334,586.5,12,False,-32.66666666666674,23.166666666666657,9.666666666666629
2024,2635054000,해운대구 중2동,40대,1932.9166666666667,219.08333333333331,609.9166666666666,12,False,2023,1999.4166666666667,240.83333333333331,627.5,12,False,-66.5,-21.75,-17.58333333333337
2024,2635054000,해운대구 중2동,50대,1972.6666666666667,247.5,725.5,12,False,2023,1968.8333333333333,235.66666666666663,708.4166666666666,12,False,3.833333333333485,11.833333333333371,17.08333333333337
2024,2635054000,해운대구 중2동,60대이상,3866.5833333333335,238.58333333333331,1103.0833333333333,12,False,2023,3758.8333333333335,237.33333333333331,1027.4166666666667,12,False,107.75,1.25,75.66666666666652
2024,2635055100,해운대구 좌1동,20대,1430.4166666666667,410.75,775.6666666666666,12,False,2023,1490.9166666666667,432.9166666666667,823.25,12,False,-60.5,-22.166666666666686,-47.58333333333337
2024,2635055100,해운대구 좌1동,20대미만,1109.3333333333333,72.91666666666667,568.3333333333334,12,False,2023,1133.0,80.16666666666667,554.25,12,False,-23.666666666666742,-7.25,14.083333333333371
2024,2635055100,해운대구 좌1동,30대,1371.5,379.5,700.6666666666666,12,False,2023,1375.6666666666667,390.5833333333333,734.0,12,False,-4.1666666666667425,-11.083333333333314,-33.33333333333337
2024,2635055100,해운대구 좌1동,40대,1727.0833333333333,421.6666666666667,806.4166666666666,12,False,2023,1944.9166666666667,422.75,826.75,12,False,-217.83333333333348,-1.0833333333333144,-20.33333333333337
2024,2635055100,해운대구 좌1동,50대,2352.25,506.0,1012.6666666666666,12,False,2023,2319.1666666666665,508.0,1035.1666666666667,12,False,33.083333333333485,-2.0,-22.500000000000114
2024,2635055100,해운대구 좌1동,60대이상,3340.5,386.5,1347.6666666666667,12,False,2023,3243.5,372.4166666666667,1319.25,12,False,97.0,14.083333333333314,28.416666666666742
2024,2635055200,해운대구 좌2동,20대,2782.0,295.25,554.1666666666666,12,False,2023,2877.1666666666665,313.0,644.8333333333334,12,False,-95.16666666666652,-17.75,-90.66666666666674
2024,2635055200,해운대구 좌2동,20대미만,2228.25,134.5,469.0,12,False,2023,2150.5,114.25,472.9166666666667,12,False,77.75,20.25,-3.9166666666666856
2024,2635055200,해운대구 좌2동,30대,3147.333333333333,309.0,504.0833333333333,12,False,2023,2986.083333333333,289.9166666666667,522.0833333333334,12,False,161.25,19.083333333333314,-18.000000000000057
2024,2635055200,해운대구 좌2동,40대,3107.833333333333,367.75,498.4166666666667,12,False,2023,2903.583333333333,373.6666666666667,529.5833333333334,12,False,204.25,-5.916666666666686,-31.166666666666686
2024,2635055200,해운대구 좌2동,50대,4039.0,422.5,579.9166666666666,12,False,2023,4035.75,433.75,608.0833333333334,12,False,3.25,-11.25,-28.166666666666742
2024,2635055200,해운대구 좌2동,60대이상,6773.25,331.6666666666667,840.1666666666666,12,False,2023,6153.25,331.3333333333333,877.0833333333334,12,False,620.0,0.33333333333337123,-36.91666666666674
2024,2635055300,해운대구 좌3동,20대,1092.5,104.0,259.75,12,False,2023,1179.0,113.5,296.8333333333333,12,False,-86.5,-9.5,-37.083333333333314
2024,2635055300,해운대구 좌3동,20대미만,1163.0,248.41666666666663,286.1666666666667,12,False,2023,1329.8333333333333,224.08333333333331,328.25,12,False,-166.83333333333326,24.333333333333314,-42.083333333333314
2024,2635055300,해운대구 좌3동,30대,1049.0833333333333,101.41666666666669,262.75,12,False,2023,1052.25,100.66666666666669,288.25,12,False,-3.1666666666667425,0.75,-25.5
2024,2635055300,해운대구 좌3동,40대,1361.4166666666667,121.83333333333331,316.25,12,False,2023,1570.5833333333333,143.58333333333334,355.6666666666667,12,False,-209.16666666666652,-21.75000000000003,-39.416666666666686
2024,2635055300,해운대구 좌3동,50대,2079.083333333333,188.0,413.0,12,False,2023,2118.833333333333,195.0,492.0833333333333,12,False,-39.75,-7.0,-79.08333333333331
2024,2635055300,해운대구 좌3동,60대이상,4225.083333333333,173.75,686.5833333333334,12,False,2023,4120.833333333333,172.66666666666666,719.5833333333334,12,False,104.25,1.0833333333333428,-33.0
2024,2635055400,해운대구 좌4동,20대,1803.4166666666667,453.0,711.1666666666666,12,False,2023,1919.5,529.25,863.3333333333334,12,False,-116.08333333333326,-76.25,-152.16666666666674
2024,2635055400,해운대구 좌4동,20대미만,2772.6666666666665,329.0,509.6666666666667,12,False,2023,2964.333333333333,340.9166666666667,521.3333333333334,12,False,-191.66666666666652,-11.916666666666686,-11.666666666666686
2024,2635055400,해운대구 좌4동,30대,1682.5833333333333,363.8333333333333,671.25,12,False,2023,1731.4166666666667,439.75,741.8333333333334,12,False,-48.833333333333485,-75.91666666666669,-70.58333333333337
2024,2635055400,해운대구 좌4동,40대,2529.833333333333,442.5833333333333,806.0,12,False,2023,2689.083333333333,517.1666666666666,895.4166666666666,12,False,-159.25,-74.58333333333331,-89.41666666666663
2024,2635055400,해운대구 좌4동,50대,3064.583333333333,484.9166666666667,1002.4166666666666,12,False,2023,3141.6666666666665,559.0,1101.9166666666667,12,False,-77.08333333333348,-74.08333333333331,-99.50000000000011
2024,2635055400,해운대구 좌4동,60대이상,4860.416666666667,365.5,1700.3333333333333,12,False,2023,4720.0,384.9166666666667,1808.4166666666667,12,False,140.41666666666697,-19.416666666666686,-108.08333333333348
2024,2635056000,해운대구 송정동,20대,637.4166666666666,302.6666666666667,1238.75,12,False,2023,655.8333333333334,304.5,1294.6666666666667,12,False,-18.416666666666742,-1.8333333333333144,-55.91666666666674
2024,2635056000,해운대구 송정동,20대미만,613.0,124.5,629.5833333333334,12,False,2023,633.6666666666666,125.66666666666669,587.6666666666666,12,False,-20.66666666666663,-1.1666666666666856,41.91666666666674
2024,2635056000,해운대구 송정동,30대,776.3333333333334,318.1666666666667,1092.0,12,False,2023,833.75,278.9166666666667,1043.3333333333333,12,False,-57.41666666666663,39.25,48.66666666666674
2024,2635056000,해운대구 송정동,40대,933.0,339.9166666666667,1142.75,12,False,2023,947.9166666666666,302.1666666666667,1072.5833333333333,12,False,-14.916666666666629,37.75,70.16666666666674
2024,2635056000,해운대구 송정동,50대,1156.25,453.5833333333333,1191.5833333333333,12,False,2023,1193.8333333333333,382.0,1084.5,12,False,-37.58333333333326,71.58333333333331,107.08333333333326
2024,2635056000,해운대구 송정동,60대이상,3378.583333333333,335.1666666666667,1511.8333333333333,12,False,2023,3373.75,305.0,1268.3333333333333,12,False,4.83333333333303,30.166666666666686,243.5
2024,2635057000,해운대구 반여1동,20대,2767.833333333333,391.1666666666667,559.3333333333334,12,False,2023,2820.583333333333,427.0833333333333,614.5833333333334,12,False,-52.75,-35.91666666666663,-55.25
2024,2635057000,해운대구 반여1동,20대미만,4012.5,220.83333333333331,410.9166666666667,12,False,2023,3989.5,195.41666666666663,432.1666666666667,12,False,23.0,25.416666666666686,-21.25
2024,2635057000,해운대구 반여1동,30대,2700.9166666666665,422.6666666666667,700.8333333333334,12,False,2023,2599.083333333333,412.4166666666667,721.9166666666666,12,False,101.83333333333348,10.25,-21.083333333333258
2024,2635057000,해운대구 반여1동,40대,4139.5,587.0,849.75,12,False,2023,4330.916666666667,633.6666666666666,903.0833333333334,12,False,-191.41666666666697,-46.66666666666663,-53.33333333333337
2024,2635057000,해운대구 반여1동,50대,4870.5,753.8333333333334,1032.75,12,False,2023,4717.75,776.75,1099.1666666666667,12,False,152.75,-22.91666666666663,-66.41666666666674
2024,2635057000,해운대구 반여1동,60대이상,7999.0,549.1666666666666,1700.3333333333333,12,False,2023,7692.583333333333,520.6666666666666,1631.4166666666667,12,False,306.41666666666697,28.5,68.91666666666652
2024,2635058000,해운대구 반여2동,20대,734.9166666666666,78.75,261.8333333333333,12,False,2023,824.3333333333334,85.41666666666667,352.0,12,False,-89.41666666666674,-6.666666666666671,-90.16666666666669
2024,2635058000,해운대구 반여2동,20대미만,451.4166666666667,38.91666666666666,149.16666666666666,12,False,2023,503.0,42.41666666666666,160.66666666666666,12,False,-51.583333333333314,-3.5,-11.5
2024,2635058000,해운대구 반여2동,30대,923.0833333333334,82.16666666666667,278.1666666666667,12,False,2023,968.5833333333334,81.5,327.4166666666667,12,False,-45.5,0.6666666666666714,-49.25
2024,2635058000,해운대구 반여2동,40대,1116.6666666666667,116.16666666666669,353.0833333333333,12,False,2023,1203.0,131.91666666666666,433.8333333333333,12,False,-86.33333333333326,-15.749999999999972,-80.75
2024,2635058000,해운대구 반여2동,50대,1611.25,184.58333333333331,577.0833333333334,12,False,2023,1637.6666666666667,190.83333333333331,615.5833333333334,12,False,-26.416666666666742,-6.25,-38.5
2024,2635058000,해운대구 반여2동,60대이상,4381.916666666667,165.5,1009.4166666666666,12,False,2023,4310.25,164.75,1026.75,12,False,71.66666666666697,0.75,-17.33333333333337
2024,2635059000,해운대구 반여3동,20대,427.8333333333333,30.916666666666668,59.75,12,False,2023,468.5833333333333,38.16666666666666,69.33333333333333,12,False,-40.75,-7.249999999999989,-9.583333333333329
2024,2635059000,해운대구 반여3동,20대미만,208.75,7.333333333333333,31.25,12,False,2023,206.75,8.416666666666666,32.916666666666664,12,False,2.0,-1.083333333333333,-1.6666666666666643
2024,2635059000,해운대구 반여3동,30대,379.8333333333333,31.08333333333333,64.16666666666667,12,False,2023,375.6666666666667,32.5,70.41666666666667,12,False,4.166666666666629,-1.4166666666666714,-6.25
2024,2635059000,해운대구 반여3동,40대,543.75,37.0,77.25,12,False,2023,578.9166666666666,41.583333333333336,86.16666666666667,12,False,-35.16666666666663,-4.583333333333336,-8.916666666666671
2024,2635059000,해운대구 반여3동,50대,796.4166666666666,73.75,126.25,12,False,2023,847.0833333333334,75.58333333333333,132.5,12,False,-50.66666666666674,-1.8333333333333286,-6.25
2024,2635059000,해운대구 반여3동,60대이상,1873.0,79.75,216.33333333333331,12,False,2023,1774.25,72.5,199.0,12,False,98.75,7.25,17.333333333333314
2024,2635059500,해운대구 반여4동,20대,746.9166666666666,52.083333333333336,165.58333333333334,12,False,2023,774.8333333333334,56.16666666666666,193.83333333333331,12,False,-27.916666666666742,-4.0833333333333215,-28.24999999999997
2024,2635059500,해운대구 반여4동,20대미만,763.0833333333334,20.166666666666668,170.66666666666666,12,False,2023,824.6666666666666,27.666666666666668,163.66666666666666,12,False,-61.58333333333326,-7.5,7.0
2024,2635059500,해운대구 반여4동,30대,678.4166666666666,59.75,205.0,12,False,2023,655.5,66.91666666666667,229.16666666666663,12,False,22.91666666666663,-7.166666666666671,-24.16666666666663
2024,2635059500,해운대구 반여4동,40대,928.1666666666666,93.0,243.58333333333331,12,False,2023,995.0833333333334,104.41666666666669,287.4166666666667,12,False,-66.91666666666674,-11.416666666666686,-43.83333333333337
2024,2635059500,해운대구 반여4동,50대,1075.5833333333333,98.08333333333331,289.4166666666667,12,False,2023,1163.6666666666667,110.0,360.9166666666667,12,False,-88.08333333333348,-11.916666666666686,-71.5
2024,2635059500,해운대구 반여4동,60대이상,1953.5,85.91666666666667,600.8333333333334,12,False,2023,1994.3333333333333,86.83333333333333,685.4166666666666,12,False,-40.83333333333326,-0.9166666666666572,-84.58333333333326
2024,2635061000,해운대구 반송1동,20대,771.5833333333334,136.5,164.91666666666666,12,False,2023,906.25,154.33333333333334,171.41666666666666,12,False,-134.66666666666663,-17.833333333333343,-6.5
2024,2635061000,해운대구 반송1동,20대미만,337.5833333333333,97.16666666666669,85.16666666666667,12,False,2023,375.1666666666667,95.5,88.75,12,False,-37.58333333333337,1.6666666666666856,-3.5833333333333286
2024,2635061000,해운대구 반송1동,30대,590.5,124.75,163.5,12,False,2023,632.1666666666666,110.66666666666669,170.5,12,False,-41.66666666666663,14.083333333333314,-7.0
2024,2635061000,해운대구 반송1동,40대,772.3333333333334,153.75,242.41666666666663,12,False,2023,890.25,161.33333333333334,238.41666666666663,12,False,-117.91666666666663,-7.583333333333343,4.0
2024,2635061000,해운대구 반송1동,50대,1183.25,235.58333333333331,355.3333333333333,12,False,2023,1199.0833333333333,228.91666666666663,357.5,12,False,-15.833333333333258,6.666666666666686,-2.1666666666666856
2024,2635061000,해운대구 반송1동,60대이상,3362.9166666666665,216.5,575.8333333333334,12,False,2023,3264.6666666666665,193.91666666666663,527.6666666666666,12,False,98.25,22.58333333333337,48.16666666666674
2024,2635062000,해운대구 반송2동,20대,1212.1666666666667,114.66666666666669,134.16666666666666,12,False,2023,1338.3333333333333,132.16666666666666,149.75,12,False,-126.16666666666652,-17.49999999999997,-15.583333333333343
2024,2635062000,해운대구 반송2동,20대미만,1057.5833333333333,14.583333333333334,85.5,12,False,2023,1067.3333333333333,14.75,84.41666666666667,12,False,-9.75,-0.16666666666666607,1.0833333333333286
2024,2635062000,해운대구 반송2동,30대,1223.5833333333333,92.5,168.33333333333334,12,False,2023,1267.5833333333333,105.5,198.58333333333331,12,False,-44.0,-13.0,-30.24999999999997
2024,2635062000,해운대구 반송2동,40대,1979.0833333333333,196.16666666666663,231.5,12,False,2023,2016.25,197.0,264.25,12,False,-37.16666666666674,-0.8333333333333712,-32.75
2024,2635062000,해운대구 반송2동,50대,2909.9166666666665,351.9166666666667,326.1666666666667,12,False,2023,2864.083333333333,344.5833333333333,341.25,12,False,45.833333333333485,7.333333333333371,-15.083333333333314
2024,2635062000,해운대구 반송2동,60대이상,8248.333333333334,336.0833333333333,606.5,12,False,2023,7469.75,322.0,611.6666666666666,12,False,778.5833333333339,14.083333333333314,-5.166666666666629
2024,2635065000,해운대구 재송1동,20대,2406.333333333333,493.9166666666667,646.8333333333334,12,False,2023,2554.583333333333,569.75,797.25,12,False,-148.25,-75.83333333333331,-150.41666666666663
2024,2635065000,해운대구 재송1동,20대미만,4374.5,217.66666666666663,446.5,12,False,2023,4400.083333333333,218.08333333333331,504.9166666666667,12,False,-25.58333333333303,-0.4166666666666856,-58.416666666666686
2024,2635065000,해운대구 재송1동,30대,2817.1666666666665,616.9166666666666,754.4166666666666,12,False,2023,2874.6666666666665,637.8333333333334,905.8333333333334,12,False,-57.5,-20.916666666666742,-151.41666666666674
2024,2635065000,해운대구 재송1동,40대,5411.0,738.0,952.5833333333334,12,False,2023,5579.0,852.1666666666666,1165.75,12,False,-168.0,-114.16666666666663,-213.16666666666663
2024,2635065000,해운대구 재송1동,50대,4282.666666666667,666.8333333333334,1023.25,12,False,2023,4137.25,715.9166666666666,1156.8333333333333,12,False,145.41666666666697,-49.08333333333326,-133.58333333333326
2024,2635065000,해운대구 재송1동,60대이상,6727.666666666667,490.6666666666667,1483.6666666666667,12,False,2023,6566.916666666667,514.25,1724.0833333333333,12,False,160.75,-23.583333333333314,-240.41666666666652
2024,2635066000,해운대구 재송2동,20대,1612.1666666666667,156.25,302.4166666666667,12,False,2023,1692.25,149.25,300.3333333333333,12,False,-80.08333333333326,7.0,2.0833333333333712
2024,2635066000,해운대구 재송2동,20대미만,1211.8333333333333,45.66666666666666,216.41666666666663,12,False,2023,1148.3333333333333,46.91666666666666,205.0,12,False,63.5,-1.25,11.416666666666629
2024,2635066000,해운대구 재송2동,30대,1679.8333333333333,199.5,370.0833333333333,12,False,2023,1692.5,168.75,324.1666666666667,12,False,-12.666666666666742,30.75,45.91666666666663
2024,2635066000,해운대구 재송2동,40대,2378.1666666666665,253.33333333333331,429.4166666666667,12,False,2023,2230.083333333333,238.75,423.9166666666667,12,False,148.08333333333348,14.583333333333314,5.5
2024,2635066000,해운대구 재송2동,50대,3015.1666666666665,305.8333333333333,509.75,12,False,2023,2795.9166666666665,302.5,466.1666666666667,12,False,219.25,3.3333333333333144,43.583333333333314
2024,2635066000,해운대구 재송2동,60대이상,6594.5,300.5833333333333,826.0,12,False,2023,5802.75,272.1666666666667,741.0,12,False,791.75,28.41666666666663,85.0
2024,2638051000,사하구 괴정1동,20대,1260.0833333333333,113.66666666666669,400.5833333333333,12,False,2023,1344.75,134.16666666666666,436.9166666666667,12,False,-84.66666666666674,-20.49999999999997,-36.33333333333337
2024,2638051000,사하구 괴정1동,20대미만,1273.0,144.83333333333334,321.75,12,False,2023,1275.4166666666667,209.0,344.25,12,False,-2.4166666666667425,-64.16666666666666,-22.5
2024,2638051000,사하구 괴정1동,30대,1146.5833333333333,108.66666666666669,395.9166666666667,12,False,2023,1267.8333333333333,125.75,449.3333333333333,12,False,-121.25,-17.083333333333314,-53.41666666666663
2024,2638051000,사하구 괴정1동,40대,1703.0833333333333,160.16666666666666,496.3333333333333,12,False,2023,1784.25,191.25,508.8333333333333,12,False,-81.16666666666674,-31.083333333333343,-12.5
2024,2638051000,사하구 괴정1동,50대,2102.25,250.33333333333331,639.1666666666666,12,False,2023,2194.333333333333,264.0,668.5833333333334,12,False,-92.08333333333303,-13.666666666666686,-29.416666666666742
2024,2638051000,사하구 괴정1동,60대이상,5985.666666666667,238.0,1116.4166666666667,12,False,2023,5836.916666666667,270.8333333333333,1191.0,12,False,148.75,-32.833333333333314,-74.58333333333326
2024,2638052000,사하구 괴정2동,20대,932.3333333333334,59.0,123.66666666666669,12,False,2023,1039.75,69.16666666666667,133.33333333333334,12,False,-107.41666666666663,-10.166666666666671,-9.666666666666657
2024,2638052000,사하구 괴정2동,20대미만,842.9166666666666,55.75,91.25,12,False,2023,939.8333333333334,60.41666666666666,92.83333333333331,12,False,-96.91666666666674,-4.666666666666657,-1.5833333333333144
2024,2638052000,사하구 괴정2동,30대,910.0,65.16666666666667,126.5,12,False,2023,941.1666666666666,67.58333333333333,131.58333333333334,12,False,-31.16666666666663,-2.416666666666657,-5.083333333333343
2024,2638052000,사하구 괴정2동,40대,1326.25,115.41666666666669,169.41666666666666,12,False,2023,1486.1666666666667,126.83333333333331,170.41666666666666,12,False,-159.91666666666674,-11.416666666666629,-1.0
2024,2638052000,사하구 괴정2동,50대,1623.0,133.66666666666666,194.0,12,False,2023,1784.8333333333333,144.83333333333334,201.16666666666663,12,False,-161.83333333333326,-11.166666666666686,-7.166666666666629
2024,2638052000,사하구 괴정2동,60대이상,4380.5,135.66666666666666,407.0,12,False,2023,4467.166666666667,153.5,399.5,12,False,-86.66666666666697,-17.833333333333343,7.5
2024,2638053000,사하구 괴정3동,20대,842.5,239.41666666666663,366.75,12,False,2023,858.0833333333334,283.25,429.8333333333333,12,False,-15.583333333333371,-43.83333333333337,-63.083333333333314
2024,2638053000,사하구 괴정3동,20대미만,673.5833333333334,75.91666666666667,265.4166666666667,12,False,2023,739.6666666666666,82.58333333333333,275.75,12,False,-66.08333333333326,-6.666666666666657,-10.333333333333314
2024,2638053000,사하구 괴정3동,30대,863.1666666666666,164.16666666666666,333.1666666666667,12,False,2023,943.0,173.75,349.5833333333333,12,False,-79.83333333333337,-9.583333333333343,-16.41666666666663
2024,2638053000,사하구 괴정3동,40대,1065.0833333333333,214.5,415.75,12,False,2023,1105.5,222.83333333333331,466.75,12,False,-40.41666666666674,-8.333333333333314,-51.0
2024,2638053000,사하구 괴정3동,50대,1484.1666666666667,283.6666666666667,550.3333333333334,12,False,2023,1506.5833333333333,301.8333333333333,603.9166666666666,12,False,-22.416666666666515,-18.16666666666663,-53.58333333333326
2024,2638053000,사하구 괴정3동,60대이상,4518.25,318.8333333333333,1089.4166666666667,12,False,2023,4459.666666666667,323.8333333333333,1100.6666666666667,12,False,58.58333333333303,-5.0,-11.25
2024,2638054000,사하구 괴정4동,20대,891.75,77.33333333333333,203.25,12,False,2023,869.25,87.66666666666667,233.25,12,False,22.5,-10.333333333333343,-30.0
2024,2638054000,사하구 괴정4동,20대미만,1189.0833333333333,75.83333333333333,312.4166666666667,12,False,2023,1039.3333333333333,63.583333333333336,300.25,12,False,149.75,12.249999999999993,12.166666666666686
2024,2638054000,사하구 괴정4동,30대,1175.6666666666667,114.91666666666669,243.58333333333331,12,False,2023,1095.75,105.0,266.25,12,False,79.91666666666674,9.916666666666686,-22.666666666666686
2024,2638054000,사하구 괴정4동,40대,1630.75,164.41666666666666,333.4166666666667,12,False,2023,1510.1666666666667,152.33333333333334,367.0,12,False,120.58333333333326,12.083333333333314,-33.583333333333314
2024,2638054000,사하구 괴정4동,50대,1533.5833333333333,159.41666666666666,378.1666666666667,12,False,2023,1441.8333333333333,170.91666666666666,400.4166666666667,12,False,91.75,-11.5,-22.25
2024,2638054000,사하구 괴정4동,60대이상,3553.6666666666665,153.66666666666666,811.8333333333334,12,False,2023,3404.583333333333,155.16666666666666,819.8333333333334,12,False,149.08333333333348,-1.5,-8.0
2024,2638055000,사하구 당리동,20대,1757.1666666666667,274.6666666666667,573.9166666666666,12,False,2023,1896.3333333333333,288.0833333333333,564.5,12,False,-139.16666666666652,-13.416666666666629,9.416666666666629
2024,2638055000,사하구 당리동,20대미만,1609.0,122.0,442.3333333333333,12,False,2023,1804.25,118.0,432.4166666666667,12,False,-195.25,4.0,9.916666666666629
2024,2638055000,사하구 당리동,30대,1771.9166666666667,304.0833333333333,591.0,12,False,2023,1899.4166666666667,344.5833333333333,590.0833333333334,12,False,-127.5,-40.5,0.9166666666666288
2024,2638055000,사하구 당리동,40대,2417.6666666666665,421.0,628.5833333333334,12,False,2023,2569.833333333333,454.4166666666667,645.1666666666666,12,False,-152.16666666666652,-33.416666666666686,-16.583333333333258
2024,2638055000,사하구 당리동,50대,3063.1666666666665,476.4166666666667,785.3333333333334,12,False,2023,3163.833333333333,488.75,759.5833333333334,12,False,-100.66666666666652,-12.333333333333314,25.75
2024,2638055000,사하구 당리동,60대이상,7363.166666666667,402.1666666666667,1454.5,12,False,2023,7144.833333333333,441.0833333333333,1406.5,12,False,218.33333333333394,-38.91666666666663,48.0
2024,2638056100,사하구 하단1동,20대,2229.333333333333,217.08333333333331,469.8333333333333,12,False,2023,2422.0,250.16666666666663,604.4166666666666,12,False,-192.66666666666697,-33.083333333333314,-134.58333333333331
2024,2638056100,사하구 하단1동,20대미만,1209.0,55.91666666666666,231.83333333333331,12,False,2023,1328.1666666666667,50.66666666666666,255.0,12,False,-119.16666666666674,5.25,-23.166666666666686
2024,2638056100,사하구 하단1동,30대,1997.9166666666667,199.0,472.1666666666667,12,False,2023,2056.833333333333,214.0,511.0,12,False,-58.91666666666629,-15.0,-38.833333333333314
2024,2638056100,사하구 하단1동,40대,2089.583333333333,251.83333333333331,496.9166666666667,12,False,2023,2167.75,286.9166666666667,550.3333333333334,12,False,-78.16666666666697,-35.08333333333337,-53.416666666666686
2024,2638056100,사하구 하단1동,50대,2548.4166666666665,314.5,627.25,12,False,2023,2576.083333333333,362.1666666666667,701.1666666666666,12,False,-27.666666666666515,-47.666666666666686,-73.91666666666663
2024,2638056100,사하구 하단1동,60대이상,5665.5,332.5,1063.3333333333333,12,False,2023,5529.083333333333,364.25,1115.75,12,False,136.41666666666697,-31.75,-52.41666666666674
2024,2638056200,사하구 하단2동,20대,3707.1666666666665,1315.3333333333333,1510.25,12,False,2023,3743.75,1343.5,1585.0,12,False,-36.583333333333485,-28.166666666666742,-74.75
2024,2638056200,사하구 하단2동,20대미만,1907.4166666666667,343.6666666666667,570.5833333333334,12,False,2023,2005.5,381.1666666666667,588.75,12,False,-98.08333333333326,-37.5,-18.16666666666663
2024,2638056200,사하구 하단2동,30대,2263.1666666666665,441.5833333333333,839.6666666666666,12,False,2023,2291.583333333333,457.0833333333333,830.75,12,False,-28.416666666666515,-15.5,8.916666666666629
2024,2638056200,사하구 하단2동,40대,2478.25,477.5,799.9166666666666,12,False,2023,2569.083333333333,514.3333333333334,833.9166666666666,12,False,-90.83333333333303,-36.83333333333337,-34.0
2024,2638056200,사하구 하단2동,50대,2952.6666666666665,556.8333333333334,881.6666666666666,12,False,2023,2979.583333333333,553.3333333333334,890.1666666666666,12,False,-26.916666666666515,3.5,-8.5
2024,2638056200,사하구 하단2동,60대이상,5971.416666666667,397.9166666666667,1249.6666666666667,12,False,2023,5861.25,400.75,1159.3333333333333,12,False,110.16666666666697,-2.8333333333333144,90.33333333333348
2024,2638057100,사하구 신평1동,20대,967.6666666666666,207.0,231.25,12,False,2023,1083.75,247.25,226.66666666666663,12,False,-116.08333333333337,-40.25,4.583333333333371
2024,2638057100,사하구 신평1동,20대미만,954.25,127.58333333333331,190.66666666666663,12,False,2023,973.1666666666666,133.16666666666666,157.08333333333334,12,False,-18.91666666666663,-5.583333333333343,33.583333333333286
2024,2638057100,사하구 신평1동,30대,1133.5,364.1666666666667,324.8333333333333,12,False,2023,1181.25,345.9166666666667,321.5833333333333,12,False,-47.75,18.25,3.25
2024,2638057100,사하구 신평1동,40대,1605.75,413.6666666666667,412.5833333333333,12,False,2023,1626.25,460.6666666666667,418.6666666666667,12,False,-20.5,-47.0,-6.083333333333371
2024,2638057100,사하구 신평1동,50대,2182.0,562.8333333333334,558.9166666666666,12,False,2023,2261.5,598.75,549.9166666666666,12,False,-79.5,-35.91666666666663,9.0
2024,2638057100,사하구 신평1동,60대이상,5237.5,351.9166666666667,711.3333333333334,12,False,2023,5238.166666666667,358.5833333333333,627.6666666666666,12,False,-0.6666666666669698,-6.666666666666629,83.66666666666674
2024,2638057200,사하구 신평2동,20대,1142.1666666666667,244.5,276.0,12,False,2023,1326.0833333333333,244.0,305.3333333333333,12,False,-183.91666666666652,0.5,-29.333333333333314
2024,2638057200,사하구 신평2동,20대미만,1241.5833333333333,60.41666666666666,183.16666666666663,12,False,2023,1239.0833333333333,69.66666666666667,193.5,12,False,2.5,-9.250000000000014,-10.333333333333371
2024,2638057200,사하구 신평2동,30대,1719.25,322.0833333333333,407.1666666666667,12,False,2023,1728.1666666666667,343.8333333333333,402.5,12,False,-8.916666666666742,-21.75,4.666666666666686
2024,2638057200,사하구 신평2동,40대,1863.25,417.0833333333333,444.0,12,False,2023,1884.0833333333333,411.5,466.5,12,False,-20.833333333333258,5.583333333333314,-22.5
2024,2638057200,사하구 신평2동,50대,2184.583333333333,483.9166666666667,616.8333333333334,12,False,2023,2179.0,482.1666666666667,632.3333333333334,12,False,5.58333333333303,1.75,-15.5
2024,2638057200,사하구 신평2동,60대이상,4232.416666666667,425.75,891.75,12,False,2023,3906.8333333333335,416.0833333333333,869.5,12,False,325.5833333333335,9.666666666666686,22.25
2024,2638058000,사하구 장림1동,20대,638.75,211.83333333333331,283.1666666666667,12,False,2023,649.9166666666666,195.75,278.4166666666667,12,False,-11.166666666666629,16.083333333333314,4.75
2024,2638058000,사하구 장림1동,20대미만,1008.3333333333334,59.66666666666666,196.5,12,False,2023,959.3333333333334,33.333333333333336,133.83333333333334,12,False,49.0,26.33333333333332,62.66666666666666
2024,2638058000,사하구 장림1동,30대,866.5833333333334,305.1666666666667,419.5,12,False,2023,880.5833333333334,297.5833333333333,358.3333333333333,12,False,-14.0,7.583333333333371,61.166666666666686
2024,2638058000,사하구 장림1동,40대,1439.0,408.1666666666667,514.0833333333334,12,False,2023,1433.1666666666667,442.5,458.1666666666667,12,False,5.8333333333332575,-34.333333333333314,55.916666666666686
2024,2638058000,사하구 장림1동,50대,1325.0,622.75,712.3333333333334,12,False,2023,1305.5,619.8333333333334,675.3333333333334,12,False,19.5,2.9166666666666288,37.0
2024,2638058000,사하구 장림1동,60대이상,2737.25,566.1666666666666,1089.3333333333333,12,False,2023,2627.833333333333,548.1666666666666,970.0,12,False,109.41666666666697,18.0,119.33333333333326
2024,2638059000,사하구 장림2동,20대,1866.1666666666667,257.0,433.25,12,False,2023,1985.25,279.5833333333333,475.1666666666667,12,False,-119.08333333333326,-22.583333333333314,-41.916666666666686
2024,2638059000,사하구 장림2동,20대미만,1925.0833333333333,125.33333333333331,333.6666666666667,12,False,2023,1998.6666666666667,101.25,312.6666666666667,12,False,-73.58333333333348,24.083333333333314,21.0
2024,2638059000,사하구 장림2동,30대,2118.4166666666665,322.5833333333333,578.0833333333334,12,False,2023,2222.083333333333,357.9166666666667,616.8333333333334,12,False,-103.66666666666652,-35.33333333333337,-38.75
2024,2638059000,사하구 장림2동,40대,2915.833333333333,507.1666666666667,650.5833333333334,12,False,2023,2981.4166666666665,509.3333333333333,686.0833333333334,12,False,-65.58333333333348,-2.1666666666666288,-35.5
2024,2638059000,사하구 장림2동,50대,3404.4166666666665,617.25,770.5,12,False,2023,3275.4166666666665,635.9166666666666,825.6666666666666,12,False,129.0,-18.66666666666663,-55.16666666666663
2024,2638059000,사하구 장림2동,60대이상,6462.0,559.8333333333334,1249.8333333333333,12,False,2023,5996.916666666667,555.6666666666666,1210.3333333333333,12,False,465.08333333333303,4.1666666666667425,39.5
2024,2638060100,사하구 다대1동,20대,2367.0,420.0,442.25,12,False,2023,2652.833333333333,469.4166666666667,485.6666666666667,12,False,-285.83333333333303,-49.416666666666686,-43.416666666666686
2024,2638060100,사하구 다대1동,20대미만,3035.9166666666665,89.16666666666667,261.8333333333333,12,False,2023,3181.083333333333,82.41666666666667,243.16666666666663,12,False,-145.16666666666652,6.75,18.666666666666686
2024,2638060100,사하구 다대1동,30대,2601.333333333333,487.6666666666667,510.5833333333333,12,False,2023,2802.6666666666665,516.0,542.25,12,False,-201.33333333333348,-28.333333333333314,-31.666666666666686
2024,2638060100,사하구 다대1동,40대,3979.5833333333335,730.0,632.1666666666666,12,False,2023,4219.416666666667,752.75,670.6666666666666,12,False,-239.83333333333348,-22.75,-38.5
2024,2638060100,사하구 다대1동,50대,5272.333333333333,912.3333333333334,894.0,12,False,2023,5323.166666666667,904.75,905.9166666666666,12,False,-50.83333333333394,7.583333333333371,-11.916666666666629
2024,2638060100,사하구 다대1동,60대이상,10751.083333333334,739.3333333333334,1499.25,12,False,2023,10091.083333333334,747.5833333333334,1384.25,12,False,660.0,-8.25,115.0
2024,2638060200,사하구 다대2동,20대,1827.1666666666667,251.66666666666663,267.6666666666667,12,False,2023,2020.6666666666667,272.0,314.0,12,False,-193.5,-20.33333333333337,-46.333333333333314
2024,2638060200,사하구 다대2동,20대미만,2152.9166666666665,77.16666666666667,156.08333333333334,12,False,2023,2203.583333333333,69.83333333333333,172.16666666666666,12,False,-50.666666666666515,7.333333333333343,-16.083333333333314
2024,2638060200,사하구 다대2동,30대,1660.8333333333333,241.5,305.25,12,False,2023,1770.9166666666667,247.5,325.5833333333333,12,False,-110.08333333333348,-6.0,-20.333333333333314
2024,2638060200,사하구 다대2동,40대,2650.1666666666665,388.5833333333333,361.9166666666667,12,False,2023,2737.25,404.25,389.0,12,False,-87.08333333333348,-15.666666666666686,-27.083333333333314
2024,2638060200,사하구 다대2동,50대,3896.0,521.75,509.5833333333333,12,False,2023,3919.3333333333335,523.9166666666666,532.0,12,False,-23.333333333333485,-2.1666666666666288,-22.416666666666686
2024,2638060200,사하구 다대2동,60대이상,8756.583333333334,442.25,826.75,12,False,2023,8413.583333333334,436.4166666666667,810.3333333333334,12,False,343.0,5.833333333333314,16.41666666666663
2024,2638061000,사하구 구평동,20대,764.75,143.16666666666666,169.66666666666666,12,False,2023,845.9166666666666,177.25,190.58333333333331,12,False,-81.16666666666663,-34.08333333333334,-20.916666666666657
2024,2638061000,사하구 구평동,20대미만,1067.5833333333333,58.91666666666666,131.08333333333334,12,False,2023,1043.9166666666667,70.5,131.5,12,False,23.666666666666515,-11.583333333333343,-0.4166666666666572
2024,2638061000,사하구 구평동,30대,1530.9166666666667,269.5,269.3333333333333,12,False,2023,1631.5833333333333,283.4166666666667,280.6666666666667,12,False,-100.66666666666652,-13.916666666666686,-11.333333333333371
2024,2638061000,사하구 구평동,40대,1552.6666666666667,379.1666666666667,365.4166666666667,12,False,2023,1475.5,413.9166666666667,392.6666666666667,12,False,77.16666666666674,-34.75,-27.25
2024,2638061000,사하구 구평동,50대,1426.75,469.4166666666667,510.8333333333333,12,False,2023,1440.4166666666667,479.9166666666667,553.8333333333334,12,False,-13.666666666666742,-10.5,-43.00000000000006
2024,2638061000,사하구 구평동,60대이상,2620.4166666666665,457.75,725.25,12,False,2023,2491.6666666666665,471.9166666666667,721.8333333333334,12,False,128.75,-14.166666666666686,3.4166666666666288
2024,2638062000,사하구 감천1동,20대,1094.0833333333333,158.58333333333334,193.41666666666663,12,False,2023,1187.0,159.41666666666666,227.08333333333331,12,False,-92.91666666666674,-0.8333333333333144,-33.666666666666686
2024,2638062000,사하구 감천1동,20대미만,1134.4166666666667,282.5,257.8333333333333,12,False,2023,1252.75,322.0,283.8333333333333,12,False,-118.33333333333326,-39.5,-26.0
2024,2638062000,사하구 감천1동,30대,1074.0,204.16666666666663,256.9166666666667,12,False,2023,1061.3333333333333,217.75,289.1666666666667,12,False,12.666666666666742,-13.583333333333371,-32.25
2024,2638062000,사하구 감천1동,40대,1611.8333333333333,300.5833333333333,393.1666666666667,12,False,2023,1744.5833333333333,323.5,410.4166666666667,12,False,-132.75,-22.916666666666686,-17.25
2024,2638062000,사하구 감천1동,50대,2298.083333333333,425.5833333333333,551.0833333333334,12,False,2023,2360.25,442.0833333333333,567.75,12,False,-62.16666666666697,-16.5,-16.66666666666663
2024,2638062000,사하구 감천1동,60대이상,6357.916666666667,349.9166666666667,837.4166666666666,12,False,2023,6207.833333333333,387.5833333333333,858.8333333333334,12,False,150.08333333333394,-37.66666666666663,-21.416666666666742
2024,2638063000,사하구 감천2동,20대,218.91666666666663,17.416666666666668,53.25,12,False,2023,233.83333333333331,15.5,63.333333333333336,12,False,-14.916666666666686,1.9166666666666679,-10.083333333333336
2024,2638063000,사하구 감천2동,20대미만,134.0,0.4166666666666667,44.083333333333336,12,False,2023,141.91666666666666,1.0,45.25,12,False,-7.916666666666657,-0.5833333333333333,-1.1666666666666643
2024,2638063000,사하구 감천2동,30대,232.58333333333331,23.33333333333333,53.083333333333336,12,False,2023,225.5,22.916666666666668,62.91666666666666,12,False,7.083333333333314,0.41666666666666075,-9.833333333333321
2024,2638063000,사하구 감천2동,40대,436.6666666666667,39.333333333333336,70.41666666666667,12,False,2023,492.75,45.41666666666666,86.91666666666667,12,False,-56.083333333333314,-6.0833333333333215,-16.5
2024,2638063000,사하구 감천2동,50대,768.5,60.75,120.25,12,False,2023,755.0833333333334,62.583333333333336,135.91666666666666,12,False,13.416666666666629,-1.8333333333333357,-15.666666666666657
2024,2638063000,사하구 감천2동,60대이상,1977.1666666666667,48.0,189.5,12,False,2023,1988.0,52.25,196.41666666666663,12,False,-10.833333333333258,-4.25,-6.916666666666629
2024,2641051000,금정구 서1동,20대,233.08333333333331,20.08333333333333,51.25,12,False,2023,269.6666666666667,25.416666666666668,67.16666666666667,12,False,-36.58333333333337,-5.333333333333339,-15.916666666666671
2024,2641051000,금정구 서1동,20대미만,148.16666666666666,6.666666666666667,41.833333333333336,12,False,2023,177.75,7.166666666666667,45.66666666666666,12,False,-29.583333333333343,-0.5,-3.8333333333333215
2024,2641051000,금정구 서1동,30대,243.58333333333331,21.166666666666668,75.41666666666667,12,False,2023,261.25,25.5,85.41666666666667,12,False,-17.666666666666686,-4.333333333333332,-10.0
2024,2641051000,금정구 서1동,40대,373.8333333333333,44.16666666666666,91.16666666666669,12,False,2023,433.9166666666667,48.833333333333336,115.91666666666669,12,False,-60.08333333333337,-4.6666666666666785,-24.75
2024,2641051000,금정구 서1동,50대,584.3333333333334,77.25,149.41666666666666,12,False,2023,658.0,86.0,175.58333333333334,12,False,-73.66666666666663,-8.75,-26.166666666666686
2024,2641051000,금정구 서1동,60대이상,1873.8333333333333,98.08333333333331,327.5,12,False,2023,1914.75,104.66666666666669,331.0833333333333,12,False,-40.91666666666674,-6.583333333333371,-3.5833333333333144
2024,2641052000,금정구 서2동,20대,373.5833333333333,57.66666666666666,157.5,12,False,2023,446.5833333333333,67.33333333333333,190.25,12,False,-73.0,-9.666666666666671,-32.75
2024,2641052000,금정구 서2동,20대미만,201.41666666666663,51.25,92.91666666666669,12,False,2023,206.83333333333331,57.66666666666666,90.25,12,False,-5.416666666666686,-6.416666666666657,2.6666666666666856
2024,2641052000,금정구 서2동,30대,470.0833333333333,70.66666666666667,181.25,12,False,2023,495.5,78.58333333333333,197.41666666666663,12,False,-25.416666666666686,-7.916666666666657,-16.16666666666663
2024,2641052000,금정구 서2동,40대,557.8333333333334,103.5,215.66666666666663,12,False,2023,594.6666666666666,104.75,246.16666666666663,12,False,-36.83333333333326,-1.25,-30.5
2024,2641052000,금정구 서2동,50대,925.3333333333334,169.25,358.25,12,False,2023,903.5,183.08333333333331,381.8333333333333,12,False,21.83333333333337,-13.833333333333314,-23.583333333333314
2024,2641052000,금정구 서2동,60대이상,2390.6666666666665,197.83333333333331,686.8333333333334,12,False,2023,2314.5,186.58333333333331,690.6666666666666,12,False,76.16666666666652,11.25,-3.8333333333332575
2024,2641053000,금정구 서3동,20대,547.8333333333334,73.08333333333333,129.5,12,False,2023,635.9166666666666,80.25,151.08333333333334,12,False,-88.08333333333326,-7.166666666666671,-21.583333333333343
2024,2641053000,금정구 서3동,20대미만,325.9166666666667,61.25,104.41666666666669,12,False,2023,342.9166666666667,46.583333333333336,106.83333333333331,12,False,-17.0,14.666666666666664,-2.4166666666666288
2024,2641053000,금정구 서3동,30대,664.3333333333334,96.5,170.66666666666666,12,False,2023,731.5833333333334,100.91666666666669,187.25,12,False,-67.25,-4.416666666666686,-16.583333333333343
2024,2641053000,금정구 서3동,40대,699.0833333333334,115.08333333333331,205.5,12,False,2023,849.4166666666666,126.25,232.5,12,False,-150.33333333333326,-11.166666666666686,-27.0
2024,2641053000,금정구 서3동,50대,1325.4166666666667,192.75,336.6666666666667,12,False,2023,1321.8333333333333,197.25,354.25,12,False,3.583333333333485,-4.5,-17.583333333333314
2024,2641053000,금정구 서3동,60대이상,3924.5,253.5,694.0,12,False,2023,3582.333333333333,245.83333333333331,689.6666666666666,12,False,342.16666666666697,7.666666666666686,4.333333333333371
2024,2641055500,금정구 금사회동동,20대,336.0,292.8333333333333,248.0,12,False,2023,388.0833333333333,334.4166666666667,275.5,12,False,-52.083333333333314,-41.58333333333337,-27.5
2024,2641055500,금정구 금사회동동,20대미만,265.0833333333333,47.333333333333336,125.08333333333331,12,False,2023,287.4166666666667,53.16666666666666,128.0,12,False,-22.33333333333337,-5.8333333333333215,-2.9166666666666856
2024,2641055500,금정구 금사회동동,30대,419.1666666666667,496.25,411.5833333333333,12,False,2023,436.1666666666667,494.0,442.0833333333333,12,False,-17.0,2.25,-30.5
2024,2641055500,금정구 금사회동동,40대,565.4166666666666,552.5,528.0833333333334,12,False,2023,617.5833333333334,572.0833333333334,538.75,12,False,-52.16666666666674,-19.58333333333337,-10.666666666666629
2024,2641055500,금정구 금사회동동,50대,892.5,720.5,804.9166666666666,12,False,2023,924.6666666666666,704.0,803.3333333333334,12,False,-32.16666666666663,16.5,1.5833333333332575
2024,2641055500,금정구 금사회동동,60대이상,2848.333333333333,593.0833333333334,1260.3333333333333,12,False,2023,2772.5,593.1666666666666,1250.0833333333333,12,False,75.83333333333303,-0.08333333333325754,10.25
2024,2641057000,금정구 부곡1동,20대,413.3333333333333,39.333333333333336,99.75,12,False,2023,456.25,44.91666666666666,131.08333333333334,12,False,-42.916666666666686,-5.5833333333333215,-31.333333333333343
2024,2641057000,금정구 부곡1동,20대미만,343.4166666666667,95.66666666666669,129.5,12,False,2023,358.75,99.33333333333331,139.25,12,False,-15.333333333333314,-3.6666666666666288,-9.75
2024,2641057000,금정구 부곡1동,30대,434.0833333333333,44.333333333333336,116.75,12,False,2023,491.3333333333333,46.0,123.75,12,False,-57.25,-1.6666666666666643,-7.0
2024,2641057000,금정구 부곡1동,40대,632.1666666666666,74.58333333333333,153.25,12,False,2023,659.1666666666666,74.41666666666667,168.83333333333334,12,False,-27.0,0.1666666666666572,-15.583333333333343
2024,2641057000,금정구 부곡1동,50대,856.5833333333334,93.08333333333331,196.0,12,False,2023,906.1666666666666,90.58333333333331,214.41666666666663,12,False,-49.58333333333326,2.5,-18.41666666666663
2024,2641057000,금정구 부곡1동,60대이상,2953.75,123.5,377.4166666666667,12,False,2023,2812.6666666666665,119.25,390.75,12,False,141.08333333333348,4.25,-13.333333333333314
2024,2641058000,금정구 부곡2동,20대,1639.1666666666667,300.0833333333333,473.9166666666667,12,False,2023,1675.6666666666667,306.25,498.9166666666667,12,False,-36.5,-6.166666666666686,-25.0
2024,2641058000,금정구 부곡2동,20대미만,1374.6666666666667,322.8333333333333,381.4166666666667,12,False,2023,1381.0,278.3333333333333,390.0833333333333,12,False,-6.3333333333332575,44.5,-8.666666666666629
2024,2641058000,금정구 부곡2동,30대,1238.0,289.75,525.0833333333334,12,False,2023,1297.0,295.0833333333333,529.4166666666666,12,False,-59.0,-5.333333333333314,-4.3333333333332575
2024,2641058000,금정구 부곡2동,40대,1700.1666666666667,359.0833333333333,576.9166666666666,12,False,2023,1824.8333333333333,378.0,583.0,12,False,-124.66666666666652,-18.916666666666686,-6.083333333333371
2024,2641058000,금정구 부곡2동,50대,2137.5,376.9166666666667,636.8333333333334,12,False,2023,2175.25,363.4166666666667,644.9166666666666,12,False,-37.75,13.5,-8.083333333333258
2024,2641058000,금정구 부곡2동,60대이상,4668.5,356.6666666666667,1159.5,12,False,2023,4602.0,354.0,1071.3333333333333,12,False,66.5,2.6666666666666856,88.16666666666674
2024,2641059000,금정구 부곡3동,20대,1308.75,370.0,391.1666666666667,12,False,2023,1353.6666666666667,422.5833333333333,462.8333333333333,12,False,-44.91666666666674,-52.583333333333314,-71.66666666666663
2024,2641059000,금정구 부곡3동,20대미만,1080.0,352.0833333333333,312.3333333333333,12,False,2023,1220.4166666666667,385.6666666666667,326.1666666666667,12,False,-140.41666666666674,-33.58333333333337,-13.833333333333371
2024,2641059000,금정구 부곡3동,30대,1177.9166666666667,325.75,391.0,12,False,2023,1273.1666666666667,341.8333333333333,410.6666666666667,12,False,-95.25,-16.083333333333314,-19.666666666666686
2024,2641059000,금정구 부곡3동,40대,1451.9166666666667,315.9166666666667,463.0,12,False,2023,1559.3333333333333,363.5,507.75,12,False,-107.41666666666652,-47.583333333333314,-44.75
2024,2641059000,금정구 부곡3동,50대,1828.25,339.5833333333333,585.8333333333334,12,False,2023,1849.25,369.75,626.25,12,False,-21.0,-30.166666666666686,-40.41666666666663
2024,2641059000,금정구 부곡3동,60대이상,3985.0,269.5833333333333,950.4166666666666,12,False,2023,3800.1666666666665,291.4166666666667,972.5,12,False,184.83333333333348,-21.83333333333337,-22.08333333333337
2024,2641059100,금정구 부곡4동,20대,426.4166666666667,50.333333333333336,185.08333333333331,12,False,2023,421.3333333333333,55.583333333333336,194.83333333333331,12,False,5.083333333333371,-5.25,-9.75
2024,2641059100,금정구 부곡4동,20대미만,297.5,27.25,169.91666666666666,12,False,2023,270.25,32.5,164.0,12,False,27.25,-5.25,5.916666666666657
2024,2641059100,금정구 부곡4동,30대,601.1666666666666,71.08333333333333,199.66666666666663,12,False,2023,482.4166666666667,65.75,192.58333333333331,12,False,118.74999999999994,5.333333333333329,7.083333333333314
2024,2641059100,금정구 부곡4동,40대,596.5833333333334,85.5,257.75,12,False,2023,486.0,82.08333333333333,242.25,12,False,110.58333333333337,3.4166666666666714,15.5
2024,2641059100,금정구 부곡4동,50대,889.0,120.0,310.5833333333333,12,False,2023,713.0833333333334,107.16666666666669,294.75,12,False,175.91666666666663,12.833333333333314,15.833333333333314
2024,2641059100,금정구 부곡4동,60대이상,2351.75,150.41666666666666,658.1666666666666,12,False,2023,1883.9166666666667,134.08333333333334,573.3333333333334,12,False,467.83333333333326,16.333333333333314,84.83333333333326
2024,2641060000,금정구 장전1동,20대,4272.666666666667,494.4166666666667,888.0,12,False,2023,4226.0,494.0,999.0833333333334,12,False,46.66666666666697,0.4166666666666856,-111.08333333333337
2024,2641060000,금정구 장전1동,20대미만,1005.0833333333334,93.08333333333331,335.5833333333333,12,False,2023,1059.25,97.91666666666669,370.6666666666667,12,False,-54.16666666666663,-4.833333333333371,-35.08333333333337
2024,2641060000,금정구 장전1동,30대,1368.4166666666667,193.91666666666663,408.4166666666667,12,False,2023,1382.6666666666667,207.25,437.3333333333333,12,False,-14.25,-13.333333333333371,-28.91666666666663
2024,2641060000,금정구 장전1동,40대,1423.5833333333333,230.75,422.4166666666667,12,False,2023,1513.25,240.91666666666663,466.5,12,False,-89.66666666666674,-10.166666666666629,-44.083333333333314
2024,2641060000,금정구 장전1동,50대,1508.6666666666667,270.5,493.25,12,False,2023,1556.75,262.75,506.25,12,False,-48.08333333333326,7.75,-13.0
2024,2641060000,금정구 장전1동,60대이상,3453.6666666666665,226.75,697.0,12,False,2023,3464.833333333333,201.16666666666663,711.1666666666666,12,False,-11.166666666666515,25.58333333333337,-14.166666666666629
2024,2641061000,금정구 장전2동,20대,2021.9166666666667,1879.1666666666667,2230.5,12,False,2023,2072.333333333333,1904.1666666666667,2358.6666666666665,12,False,-50.41666666666629,-25.0,-128.16666666666652
2024,2641061000,금정구 장전2동,20대미만,2504.9166666666665,323.6666666666667,864.4166666666666,12,False,2023,2604.75,310.0833333333333,858.6666666666666,12,False,-99.83333333333348,13.583333333333371,5.75
2024,2641061000,금정구 장전2동,30대,2265.1666666666665,780.8333333333334,984.6666666666666,12,False,2023,2373.4166666666665,767.0833333333334,951.6666666666666,12,False,-108.25,13.75,33.0
2024,2641061000,금정구 장전2동,40대,3316.083333333333,775.6666666666666,1002.5833333333334,12,False,2023,3479.0,754.75,978.5833333333334,12,False,-162.91666666666697,20.91666666666663,24.0
2024,2641061000,금정구 장전2동,50대,2712.4166666666665,699.75,1015.1666666666666,12,False,2023,2747.5,688.4166666666666,942.75,12,False,-35.083333333333485,11.333333333333371,72.41666666666663
2024,2641061000,금정구 장전2동,60대이상,5883.666666666667,498.1666666666667,1449.4166666666667,12,False,2023,5759.0,485.0833333333333,1253.9166666666667,12,False,124.66666666666697,13.083333333333371,195.5
2024,2641063500,금정구 선두구동,20대,58.583333333333336,29.0,105.66666666666669,12,False,2023,44.5,31.166666666666668,82.58333333333333,12,False,14.083333333333336,-2.166666666666668,23.083333333333357
2024,2641063500,금정구 선두구동,20대미만,52.66666666666666,1.0,49.5,12,False,2023,48.833333333333336,0.5,34.166666666666664,12,False,3.8333333333333215,0.5,15.333333333333336
2024,2641063500,금정구 선두구동,30대,59.16666666666666,56.75,143.41666666666666,12,False,2023,54.66666666666666,46.16666666666666,123.33333333333331,12,False,4.5,10.583333333333343,20.083333333333343
2024,2641063500,금정구 선두구동,40대,107.5,81.0,242.75,12,False,2023,108.25,76.91666666666667,231.83333333333331,12,False,-0.75,4.083333333333329,10.916666666666686
2024,2641063500,금정구 선두구동,50대,212.66666666666663,123.83333333333331,345.8333333333333,12,False,2023,230.16666666666663,131.25,340.9166666666667,12,False,-17.5,-7.416666666666686,4.916666666666629
2024,2641063500,금정구 선두구동,60대이상,799.25,112.66666666666669,538.1666666666666,12,False,2023,661.6666666666666,110.08333333333331,493.75,12,False,137.58333333333337,2.5833333333333712,44.41666666666663
2024,2641066500,금정구 청룡노포동,20대,534.75,116.33333333333331,328.5,12,False,2023,573.0833333333334,124.5,392.75,12,False,-38.33333333333337,-8.166666666666686,-64.25
2024,2641066500,금정구 청룡노포동,20대미만,498.3333333333333,42.083333333333336,154.08333333333334,12,False,2023,505.1666666666667,33.666666666666664,173.91666666666666,12,False,-6.833333333333371,8.416666666666671,-19.833333333333314
2024,2641066500,금정구 청룡노포동,30대,537.3333333333334,153.0,344.75,12,False,2023,582.0,170.41666666666666,393.0833333333333,12,False,-44.66666666666663,-17.416666666666657,-48.333333333333314
2024,2641066500,금정구 청룡노포동,40대,665.6666666666666,179.58333333333334,476.0,12,False,2023,727.5,186.91666666666663,545.75,12,False,-61.83333333333337,-7.333333333333286,-69.75
2024,2641066500,금정구 청룡노포동,50대,1119.1666666666667,239.91666666666663,789.5833333333334,12,False,2023,1150.5,277.4166666666667,884.8333333333334,12,False,-31.333333333333258,-37.50000000000006,-95.25
2024,2641066500,금정구 청룡노포동,60대이상,3352.083333333333,285.3333333333333,1496.4166666666667,12,False,2023,3306.583333333333,290.0,1597.5,12,False,45.5,-4.666666666666686,-101.08333333333326
2024,2641067000,금정구 남산동,20대,2272.6666666666665,474.5833333333333,743.1666666666666,12,False,2023,2422.9166666666665,532.5833333333334,781.9166666666666,12,False,-150.25,-58.00000000000006,-38.75
2024,2641067000,금정구 남산동,20대미만,1439.8333333333333,148.83333333333334,507.5,12,False,2023,1579.1666666666667,157.83333333333334,482.9166666666667,12,False,-139.33333333333348,-9.0,24.583333333333314
2024,2641067000,금정구 남산동,30대,1663.9166666666667,264.5,561.5,12,False,2023,1712.5833333333333,281.8333333333333,573.8333333333334,12,False,-48.666666666666515,-17.333333333333314,-12.333333333333371
2024,2641067000,금정구 남산동,40대,1882.1666666666667,386.5833333333333,714.3333333333334,12,False,2023,2041.6666666666667,419.5833333333333,755.5,12,False,-159.5,-33.0,-41.16666666666663
2024,2641067000,금정구 남산동,50대,3150.6666666666665,544.75,1017.8333333333334,12,False,2023,3301.583333333333,576.75,1047.3333333333333,12,False,-150.91666666666652,-32.0,-29.499999999999886
2024,2641067000,금정구 남산동,60대이상,7831.083333333333,480.0833333333333,1853.0833333333333,12,False,2023,7801.416666666667,485.9166666666667,1780.0,12,False,29.66666666666606,-5.833333333333371,73.08333333333326
2024,2641068000,금정구 구서1동,20대,850.6666666666666,152.5,355.9166666666667,12,False,2023,821.8333333333334,150.25,388.5833333333333,12,False,28.833333333333258,2.25,-32.66666666666663
2024,2641068000,금정구 구서1동,20대미만,1080.5833333333333,312.0833333333333,313.0,12,False,2023,1073.1666666666667,296.5,306.8333333333333,12,False,7.416666666666515,15.583333333333314,6.166666666666686
2024,2641068000,금정구 구서1동,30대,1037.6666666666667,213.08333333333331,387.4166666666667,12,False,2023,973.75,190.25,400.25,12,False,63.91666666666674,22.833333333333314,-12.833333333333314
2024,2641068000,금정구 구서1동,40대,1356.5833333333333,250.33333333333331,500.3333333333333,12,False,2023,1337.9166666666667,254.33333333333331,523.1666666666666,12,False,18.666666666666515,-4.0,-22.833333333333314
2024,2641068000,금정구 구서1동,50대,1502.4166666666667,263.25,547.0,12,False,2023,1540.9166666666667,277.1666666666667,570.5,12,False,-38.5,-13.916666666666686,-23.5
2024,2641068000,금정구 구서1동,60대이상,3227.5,225.58333333333331,806.4166666666666,12,False,2023,2968.9166666666665,211.08333333333331,774.5833333333334,12,False,258.5833333333335,14.5,31.833333333333258
2024,2641069000,금정구 구서2동,20대,2055.75,258.3333333333333,926.25,12,False,2023,2326.833333333333,286.0,943.3333333333334,12,False,-271.08333333333303,-27.666666666666686,-17.08333333333337
2024,2641069000,금정구 구서2동,20대미만,2317.5,115.83333333333331,545.25,12,False,2023,2298.583333333333,104.08333333333331,562.6666666666666,12,False,18.91666666666697,11.75,-17.41666666666663
2024,2641069000,금정구 구서2동,30대,2186.333333333333,265.3333333333333,789.5,12,False,2023,2285.583333333333,278.4166666666667,762.25,12,False,-99.25,-13.083333333333371,27.25
2024,2641069000,금정구 구서2동,40대,3079.833333333333,366.6666666666667,881.0,12,False,2023,3110.583333333333,348.25,919.6666666666666,12,False,-30.75,18.416666666666686,-38.66666666666663
2024,2641069000,금정구 구서2동,50대,3890.3333333333335,505.5,1295.25,12,False,2023,4091.8333333333335,537.1666666666666,1278.5833333333333,12,False,-201.5,-31.66666666666663,16.666666666666742
2024,2641069000,금정구 구서2동,60대이상,8259.5,491.4166666666667,2583.25,12,False,2023,7924.833333333333,486.0833333333333,2473.333333333333,12,False,334.66666666666697,5.333333333333371,109.91666666666697
2024,2641070000,금정구 금성동,20대,41.41666666666666,14.0,43.91666666666666,12,False,2023,40.083333333333336,18.25,51.25,12,False,1.3333333333333215,-4.25,-7.333333333333343
2024,2641070000,금정구 금성동,20대미만,81.58333333333333,5.833333333333333,61.5,12,False,2023,83.25,3.083333333333333,63.16666666666666,12,False,-1.6666666666666714,2.75,-1.6666666666666572
2024,2641070000,금정구 금성동,30대,38.25,15.25,73.66666666666667,12,False,2023,35.166666666666664,11.666666666666666,70.58333333333333,12,False,3.0833333333333357,3.583333333333334,3.083333333333343
2024,2641070000,금정구 금성동,40대,87.5,16.583333333333332,113.5,12,False,2023,98.83333333333331,17.75,122.58333333333331,12,False,-11.333333333333314,-1.1666666666666679,-9.083333333333314
2024,2641070000,금정구 금성동,50대,100.83333333333331,28.33333333333333,176.33333333333334,12,False,2023,110.33333333333331,34.75,192.5,12,False,-9.5,-6.416666666666671,-16.166666666666657
2024,2641070000,금정구 금성동,60대이상,344.1666666666667,41.25,279.4166666666667,12,False,2023,321.1666666666667,39.333333333333336,287.5833333333333,12,False,23.0,1.9166666666666643,-8.166666666666629
2024,2644051000,강서구 대저1동,20대,606.5833333333334,444.5,556.6666666666666,12,False,2023,602.0833333333334,454.3333333333333,605.75,12,False,4.5,-9.833333333333314,-49.08333333333337
2024,2644051000,강서구 대저1동,20대미만,202.16666666666663,102.75,162.75,12,False,2023,220.58333333333331,112.41666666666669,170.33333333333334,12,False,-18.416666666666686,-9.666666666666686,-7.583333333333343
2024,2644051000,강서구 대저1동,30대,383.8333333333333,599.75,469.3333333333333,12,False,2023,407.75,574.5833333333334,474.0,12,False,-23.916666666666686,25.16666666666663,-4.666666666666686
2024,2644051000,강서구 대저1동,40대,445.75,689.25,636.1666666666666,12,False,2023,480.0,710.75,658.3333333333334,12,False,-34.25,-21.5,-22.166666666666742
2024,2644051000,강서구 대저1동,50대,738.25,838.9166666666666,842.5,12,False,2023,798.5,864.3333333333334,869.1666666666666,12,False,-60.25,-25.416666666666742,-26.66666666666663
2024,2644051000,강서구 대저1동,60대이상,2802.1666666666665,664.1666666666666,1356.25,12,False,2023,2672.833333333333,634.0,1291.25,12,False,129.33333333333348,30.16666666666663,65.0
2024,2644052000,강서구 대저2동,20대,960.1666666666666,762.8333333333334,2887.6666666666665,12,False,2023,716.0,717.6666666666666,2575.5,12,False,244.16666666666663,45.16666666666674,312.1666666666665
2024,2644052000,강서구 대저2동,20대미만,502.4166666666667,32.833333333333336,1007.9166666666666,12,False,2023,490.0833333333333,44.66666666666666,760.5,12,False,12.333333333333371,-11.833333333333321,247.41666666666663
2024,2644052000,강서구 대저2동,30대,660.8333333333334,1054.3333333333333,3099.5,12,False,2023,707.0833333333334,1021.5833333333334,2522.75,12,False,-46.25,32.749999999999886,576.75
2024,2644052000,강서구 대저2동,40대,637.0,1025.0,3022.333333333333,12,False,2023,689.9166666666666,1097.75,2511.083333333333,12,False,-52.91666666666663,-72.75,511.25
2024,2644052000,강서구 대저2동,50대,714.3333333333334,1348.25,3592.333333333333,12,False,2023,757.0833333333334,1343.75,3033.25,12,False,-42.75,4.5,559.083333333333
2024,2644052000,강서구 대저2동,60대이상,2254.75,929.4166666666666,3885.75,12,False,2023,2172.333333333333,860.0833333333334,3150.4166666666665,12,False,82.41666666666697,69.33333333333326,735.3333333333335
2024,2644053000,강서구 강동동,20대,85.33333333333333,53.66666666666666,84.66666666666667,12,False,2023,108.58333333333331,62.91666666666666,71.41666666666667,12,False,-23.249999999999986,-9.25,13.25
2024,2644053000,강서구 강동동,20대미만,37.25,2.9166666666666665,25.25,12,False,2023,40.66666666666666,2.25,28.08333333333333,12,False,-3.416666666666657,0.6666666666666665,-2.8333333333333286
2024,2644053000,강서구 강동동,30대,160.16666666666666,118.75,141.91666666666666,12,False,2023,173.83333333333334,131.91666666666666,122.25,12,False,-13.666666666666686,-13.166666666666657,19.666666666666657
2024,2644053000,강서구 강동동,40대,199.58333333333331,154.5,199.83333333333331,12,False,2023,169.5,157.91666666666666,185.66666666666663,12,False,30.083333333333314,-3.416666666666657,14.166666666666686
2024,2644053000,강서구 강동동,50대,243.33333333333331,210.08333333333331,308.1666666666667,12,False,2023,317.0,231.0,278.6666666666667,12,False,-73.66666666666669,-20.916666666666686,29.5
2024,2644053000,강서구 강동동,60대이상,1493.0833333333333,250.83333333333331,486.3333333333333,12,False,2023,1373.3333333333333,244.5,427.75,12,False,119.75,6.333333333333314,58.583333333333314
2024,2644053500,강서구 명지1동,20대,2942.083333333333,727.8333333333334,896.9166666666666,12,False,2023,3138.083333333333,781.4166666666666,994.1666666666666,12,False,-196.0,-53.58333333333326,-97.25
2024,2644053500,강서구 명지1동,20대미만,7465.0,226.58333333333331,516.0,12,False,2023,6790.0,170.08333333333334,513.5,12,False,675.0,56.49999999999997,2.5
2024,2644053500,강서구 명지1동,30대,8606.666666666666,1317.4166666666667,1487.8333333333333,12,False,2023,9200.833333333334,1398.25,1516.4166666666667,12,False,-594.1666666666679,-80.83333333333326,-28.583333333333485
2024,2644053500,강서구 명지1동,40대,9453.083333333334,1560.4166666666667,1517.9166666666667,12,False,2023,8990.666666666666,1491.5833333333333,1478.1666666666667,12,False,462.4166666666679,68.83333333333348,39.75
2024,2644053500,강서구 명지1동,50대,3952.9166666666665,942.5833333333334,1265.8333333333333,12,False,2023,3816.5833333333335,969.6666666666666,1219.4166666666667,12,False,136.33333333333303,-27.083333333333258,46.416666666666515
2024,2644053500,강서구 명지1동,60대이상,6315.666666666667,613.0833333333334,1477.5833333333333,12,False,2023,5991.833333333333,596.0,1425.0,12,False,323.83333333333394,17.08333333333337,52.58333333333326
2024,2644054500,강서구 명지2동,20대,1397.6666666666667,272.6666666666667,367.5833333333333,12,False,2023,1410.9166666666667,264.1666666666667,378.9166666666667,12,False,-13.25,8.5,-11.333333333333371
2024,2644054500,강서구 명지2동,20대미만,4330.75,118.58333333333331,307.5,12,False,2023,4043.9166666666665,115.83333333333331,282.1666666666667,12,False,286.8333333333335,2.75,25.333333333333314
2024,2644054500,강서구 명지2동,30대,2666.583333333333,418.3333333333333,502.0833333333333,12,False,2023,2939.25,411.1666666666667,524.6666666666666,12,False,-272.66666666666697,7.166666666666629,-22.583333333333314
2024,2644054500,강서구 명지2동,40대,5294.583333333333,707.8333333333334,625.0,12,False,2023,5068.916666666667,663.0833333333334,634.3333333333334,12,False,225.66666666666606,44.75,-9.333333333333371
2024,2644054500,강서구 명지2동,50대,3021.6666666666665,410.9166666666667,492.5833333333333,12,False,2023,2804.6666666666665,411.6666666666667,474.9166666666667,12,False,217.0,-0.75,17.66666666666663
2024,2644054500,강서구 명지2동,60대이상,3689.8333333333335,252.75,605.75,12,False,2023,3582.25,247.0,593.4166666666666,12,False,107.58333333333348,5.75,12.333333333333371
2024,2644055000,강서구 가락동,20대,63.75,57.75,91.75,12,False,2023,73.33333333333333,66.91666666666667,98.41666666666669,12,False,-9.583333333333329,-9.166666666666671,-6.666666666666686
2024,2644055000,강서구 가락동,20대미만,86.25,10.0,49.583333333333336,12,False,2023,86.16666666666667,10.833333333333334,52.91666666666666,12,False,0.0833333333333286,-0.8333333333333339,-3.3333333333333215
2024,2644055000,강서구 가락동,30대,101.5,125.0,163.33333333333334,12,False,2023,114.75,143.75,154.91666666666666,12,False,-13.25,-18.75,8.416666666666686
2024,2644055000,강서구 가락동,40대,145.75,159.58333333333334,208.83333333333331,12,False,2023,142.25,165.91666666666666,222.16666666666663,12,False,3.5,-6.333333333333314,-13.333333333333314
2024,2644055000,강서구 가락동,50대,272.3333333333333,266.9166666666667,326.6666666666667,12,False,2023,290.8333333333333,270.25,338.4166666666667,12,False,-18.5,-3.3333333333333144,-11.75
2024,2644055000,강서구 가락동,60대이상,1119.25,229.58333333333331,494.0,12,False,2023,1070.9166666666667,213.91666666666663,449.3333333333333,12,False,48.33333333333326,15.666666666666686,44.666666666666686
2024,2644056000,강서구 녹산동,20대,2210.333333333333,1763.8333333333333,1130.3333333333333,12,False,2023,2472.833333333333,1920.5833333333333,1273.1666666666667,12,False,-262.5,-156.75,-142.83333333333348
2024,2644056000,강서구 녹산동,20대미만,3497.6666666666665,85.41666666666667,301.25,12,False,2023,3346.4166666666665,84.08333333333333,277.1666666666667,12,False,151.25,1.3333333333333428,24.083333333333314
2024,2644056000,강서구 녹산동,30대,4325.583333333333,3553.333333333333,2053.083333333333,12,False,2023,4870.083333333333,3806.5,2087.9166666666665,12,False,-544.5,-253.16666666666697,-34.833333333333485
2024,2644056000,강서구 녹산동,40대,5533.833333333333,4490.833333333333,2772.333333333333,12,False,2023,5651.5,4666.333333333333,2812.25,12,False,-117.66666666666697,-175.5,-39.91666666666697
2024,2644056000,강서구 녹산동,50대,3704.9166666666665,3695.8333333333335,2804.583333333333,12,False,2023,3689.8333333333335,3804.0,2779.083333333333,12,False,15.08333333333303,-108.16666666666652,25.5
2024,2644056000,강서구 녹산동,60대이상,6581.333333333333,2173.083333333333,2698.1666666666665,12,False,2023,6258.333333333333,2197.9166666666665,2596.0,12,False,323.0,-24.833333333333485,102.16666666666652
2024,2644058000,강서구 가덕도동,20대,183.33333333333331,95.58333333333331,325.3333333333333,12,False,2023,196.66666666666663,105.66666666666669,351.6666666666667,12,False,-13.333333333333314,-10.083333333333371,-26.33333333333337
2024,2644058000,강서구 가덕도동,20대미만,122.83333333333331,30.25,86.58333333333333,12,False,2023,116.16666666666669,22.75,90.58333333333331,12,False,6.666666666666629,7.5,-3.999999999999986
2024,2644058000,강서구 가덕도동,30대,272.0833333333333,143.25,595.75,12,False,2023,278.8333333333333,160.0,601.75,12,False,-6.75,-16.75,-6.0
2024,2644058000,강서구 가덕도동,40대,370.3333333333333,203.75,983.8333333333334,12,False,2023,358.9166666666667,216.08333333333331,998.75,12,False,11.416666666666629,-12.333333333333314,-14.916666666666629
2024,2644058000,강서구 가덕도동,50대,494.9166666666667,202.66666666666663,992.4166666666666,12,False,2023,484.4166666666667,195.83333333333331,978.3333333333334,12,False,10.5,6.833333333333314,14.083333333333258
2024,2644058000,강서구 가덕도동,60대이상,1528.0833333333333,125.25,845.5833333333334,12,False,2023,1336.4166666666667,118.33333333333331,843.6666666666666,12,False,191.66666666666652,6.916666666666686,1.9166666666667425
2024,2647061000,연제구 거제1동,20대,2007.5,620.75,639.5833333333334,12,False,2023,2017.0833333333333,668.75,643.5,12,False,-9.583333333333258,-48.0,-3.9166666666666288
2024,2647061000,연제구 거제1동,20대미만,2170.5,410.6666666666667,700.25,12,False,2023,2210.4166666666665,421.0833333333333,711.9166666666666,12,False,-39.916666666666515,-10.416666666666629,-11.666666666666629
2024,2647061000,연제구 거제1동,30대,1819.6666666666667,736.5833333333334,689.25,12,False,2023,1826.25,751.75,719.9166666666666,12,False,-6.5833333333332575,-15.166666666666629,-30.66666666666663
2024,2647061000,연제구 거제1동,40대,2812.75,977.0833333333334,924.8333333333334,12,False,2023,2829.0,983.75,983.4166666666666,12,False,-16.25,-6.666666666666629,-58.58333333333326
2024,2647061000,연제구 거제1동,50대,2848.1666666666665,973.25,1067.75,12,False,2023,2826.75,931.75,1098.1666666666667,12,False,21.416666666666515,41.5,-30.416666666666742
2024,2647061000,연제구 거제1동,60대이상,5936.666666666667,718.5,1557.3333333333333,12,False,2023,5912.666666666667,703.6666666666666,1629.1666666666667,12,False,24.0,14.833333333333371,-71.83333333333348
2024,2647062000,연제구 거제2동,20대,1427.4166666666667,214.58333333333331,428.5833333333333,12,False,2023,912.1666666666666,224.75,462.8333333333333,12,False,515.2500000000001,-10.166666666666686,-34.25
2024,2647062000,연제구 거제2동,20대미만,2459.083333333333,132.91666666666666,481.5,12,False,2023,1391.5,111.58333333333331,443.6666666666667,12,False,1067.583333333333,21.333333333333343,37.833333333333314
2024,2647062000,연제구 거제2동,30대,2175.6666666666665,305.0,578.3333333333334,12,False,2023,828.4166666666666,252.83333333333331,537.9166666666666,12,False,1347.25,52.166666666666686,40.41666666666674
2024,2647062000,연제구 거제2동,40대,3139.083333333333,415.6666666666667,792.6666666666666,12,False,2023,1648.6666666666667,391.1666666666667,792.8333333333334,12,False,1490.4166666666663,24.5,-0.16666666666674246
2024,2647062000,연제구 거제2동,50대,2492.4166666666665,475.0833333333333,863.0,12,False,2023,1512.4166666666667,465.3333333333333,945.75,12,False,979.9999999999998,9.75,-82.75
2024,2647062000,연제구 거제2동,60대이상,3553.333333333333,365.4166666666667,1727.8333333333333,12,False,2023,2730.583333333333,353.75,1598.6666666666667,12,False,822.75,11.666666666666686,129.16666666666652
2024,2647063000,연제구 거제3동,20대,615.4166666666666,120.41666666666669,870.9166666666666,12,False,2023,684.5,122.91666666666669,835.4166666666666,12,False,-69.08333333333337,-2.5,35.5
2024,2647063000,연제구 거제3동,20대미만,416.25,18.916666666666668,308.8333333333333,12,False,2023,455.8333333333333,13.333333333333334,265.6666666666667,12,False,-39.583333333333314,5.583333333333334,43.16666666666663
2024,2647063000,연제구 거제3동,30대,657.5,141.83333333333334,1196.9166666666667,12,False,2023,660.1666666666666,140.83333333333334,1043.8333333333333,12,False,-2.6666666666666288,1.0,153.08333333333348
2024,2647063000,연제구 거제3동,40대,690.9166666666666,164.91666666666666,1204.25,12,False,2023,826.5,188.75,1159.4166666666667,12,False,-135.58333333333337,-23.833333333333343,44.83333333333326
2024,2647063000,연제구 거제3동,50대,982.3333333333334,207.41666666666663,1273.4166666666667,12,False,2023,1097.5,234.83333333333331,1139.9166666666667,12,False,-115.16666666666663,-27.416666666666686,133.5
2024,2647063000,연제구 거제3동,60대이상,1976.25,192.08333333333331,1370.5833333333333,12,False,2023,2348.25,195.75,1224.0,12,False,-372.0,-3.6666666666666856,146.58333333333326
2024,2647064000,연제구 거제4동,20대,637.0,51.833333333333336,242.41666666666663,12,False,2023,654.0,49.5,131.41666666666666,12,False,-17.0,2.3333333333333357,110.99999999999997
2024,2647064000,연제구 거제4동,20대미만,869.0833333333334,90.33333333333331,255.91666666666663,12,False,2023,735.4166666666666,64.91666666666667,111.5,12,False,133.66666666666674,25.416666666666643,144.41666666666663
2024,2647064000,연제구 거제4동,30대,601.3333333333334,76.5,400.5,12,False,2023,655.9166666666666,62.25,152.83333333333334,12,False,-54.58333333333326,14.25,247.66666666666666
2024,2647064000,연제구 거제4동,40대,909.3333333333334,86.83333333333333,393.3333333333333,12,False,2023,799.0833333333334,99.91666666666669,187.16666666666663,12,False,110.25,-13.083333333333357,206.16666666666669
2024,2647064000,연제구 거제4동,50대,1219.1666666666667,142.66666666666666,368.3333333333333,12,False,2023,1214.5833333333333,135.66666666666666,246.58333333333331,12,False,4.583333333333485,7.0,121.75
2024,2647064000,연제구 거제4동,60대이상,2607.083333333333,131.83333333333334,589.6666666666666,12,False,2023,2350.583333333333,127.83333333333331,386.5833333333333,12,False,256.5,4.000000000000028,203.08333333333331
2024,2647065000,연제구 연산1동,20대,902.9166666666666,207.33333333333331,420.5,12,False,2023,941.75,231.66666666666663,496.25,12,False,-38.83333333333337,-24.333333333333314,-75.75
2024,2647065000,연제구 연산1동,20대미만,1249.25,128.58333333333334,331.1666666666667,12,False,2023,1303.25,115.58333333333331,349.8333333333333,12,False,-54.0,13.000000000000028,-18.66666666666663
2024,2647065000,연제구 연산1동,30대,1243.9166666666667,279.0,501.5833333333333,12,False,2023,1305.0833333333333,272.8333333333333,576.9166666666666,12,False,-61.166666666666515,6.166666666666686,-75.33333333333331
2024,2647065000,연제구 연산1동,40대,1609.9166666666667,326.6666666666667,572.25,12,False,2023,1646.3333333333333,354.75,654.75,12,False,-36.416666666666515,-28.083333333333314,-82.5
2024,2647065000,연제구 연산1동,50대,1576.5833333333333,358.25,655.5,12,False,2023,1589.9166666666667,381.4166666666667,746.6666666666666,12,False,-13.333333333333485,-23.166666666666686,-91.16666666666663
2024,2647065000,연제구 연산1동,60대이상,3976.25,335.25,1149.5,12,False,2023,3871.8333333333335,373.5833333333333,1210.8333333333333,12,False,104.41666666666652,-38.333333333333314,-61.33333333333326
2024,2647066000,연제구 연산2동,20대,1721.0,278.5833333333333,1104.0,12,False,2023,1524.6666666666667,287.5833333333333,1036.1666666666667,12,False,196.33333333333326,-9.0,67.83333333333326
2024,2647066000,연제구 연산2동,20대미만,1321.0833333333333,183.08333333333331,796.4166666666666,12,False,2023,1288.8333333333333,150.66666666666666,644.8333333333334,12,False,32.25,32.41666666666666,151.58333333333326
2024,2647066000,연제구 연산2동,30대,2861.25,499.5,1692.75,12,False,2023,2374.333333333333,440.9166666666667,1478.25,12,False,486.91666666666697,58.583333333333314,214.5
2024,2647066000,연제구 연산2동,40대,2249.4166666666665,498.0833333333333,1536.0833333333333,12,False,2023,2250.6666666666665,495.8333333333333,1378.5,12,False,-1.25,2.25,157.58333333333326
2024,2647066000,연제구 연산2동,50대,2249.333333333333,529.75,1499.8333333333333,12,False,2023,2140.5,514.1666666666666,1450.0833333333333,12,False,108.83333333333303,15.583333333333371,49.75
2024,2647066000,연제구 연산2동,60대이상,4911.833333333333,359.25,2857.583333333333,12,False,2023,4650.166666666667,313.9166666666667,2681.9166666666665,12,False,261.66666666666606,45.333333333333314,175.66666666666652
2024,2647067000,연제구 연산3동,20대,281.4166666666667,12.166666666666666,47.833333333333336,12,False,2023,314.3333333333333,19.916666666666668,61.083333333333336,12,False,-32.91666666666663,-7.750000000000002,-13.25
2024,2647067000,연제구 연산3동,20대미만,189.5,51.75,61.91666666666666,12,False,2023,224.33333333333331,56.833333333333336,67.58333333333333,12,False,-34.833333333333314,-5.083333333333336,-5.666666666666671
2024,2647067000,연제구 연산3동,30대,464.75,26.666666666666668,86.66666666666667,12,False,2023,511.4166666666667,28.75,104.08333333333331,12,False,-46.666666666666686,-2.083333333333332,-17.416666666666643
2024,2647067000,연제구 연산3동,40대,570.3333333333334,32.333333333333336,101.75,12,False,2023,586.4166666666666,41.333333333333336,118.83333333333331,12,False,-16.083333333333258,-9.0,-17.083333333333314
2024,2647067000,연제구 연산3동,50대,554.1666666666666,52.75,105.91666666666669,12,False,2023,616.3333333333334,43.66666666666666,127.16666666666669,12,False,-62.16666666666674,9.083333333333343,-21.25
2024,2647067000,연제구 연산3동,60대이상,1816.6666666666667,54.66666666666666,215.0,12,False,2023,1677.6666666666667,67.91666666666667,234.91666666666663,12,False,139.0,-13.250000000000014,-19.91666666666663
2024,2647068000,연제구 연산4동,20대,1079.0,271.3333333333333,955.3333333333334,12,False,2023,1081.25,273.5833333333333,1045.6666666666667,12,False,-2.25,-2.25,-90.33333333333337
2024,2647068000,연제구 연산4동,20대미만,571.0,19.58333333333333,255.41666666666663,12,False,2023,516.5,14.583333333333334,246.33333333333331,12,False,54.5,4.999999999999995,9.083333333333314
2024,2647068000,연제구 연산4동,30대,1295.6666666666667,297.4166666666667,1009.4166666666666,12,False,2023,1070.0,268.6666666666667,1014.8333333333334,12,False,225.66666666666674,28.75,-5.4166666666667425
2024,2647068000,연제구 연산4동,40대,1286.3333333333333,329.1666666666667,966.0833333333334,12,False,2023,1214.0,351.5833333333333,1014.4166666666666,12,False,72.33333333333326,-22.41666666666663,-48.33333333333326
2024,2647068000,연제구 연산4동,50대,1713.0,397.75,1129.9166666666667,12,False,2023,1604.5833333333333,383.6666666666667,1160.8333333333333,12,False,108.41666666666674,14.083333333333314,-30.916666666666515
2024,2647068000,연제구 연산4동,60대이상,4655.75,386.0833333333333,2242.0,12,False,2023,4212.833333333333,391.5833333333333,2223.1666666666665,12,False,442.91666666666697,-5.5,18.833333333333485
2024,2647069000,연제구 연산5동,20대,1656.0833333333333,363.3333333333333,708.25,12,False,2023,1743.5833333333333,360.4166666666667,749.3333333333334,12,False,-87.5,2.9166666666666288,-41.08333333333337
2024,2647069000,연제구 연산5동,20대미만,474.25,33.083333333333336,155.66666666666666,12,False,2023,531.1666666666666,28.83333333333333,164.83333333333334,12,False,-56.91666666666663,4.250000000000007,-9.166666666666686
2024,2647069000,연제구 연산5동,30대,1828.5833333333333,510.3333333333333,747.0833333333334,12,False,2023,1817.8333333333333,461.25,733.9166666666666,12,False,10.75,49.083333333333314,13.166666666666742
2024,2647069000,연제구 연산5동,40대,1189.4166666666667,518.0833333333334,690.0,12,False,2023,1253.4166666666667,529.6666666666666,749.8333333333334,12,False,-64.0,-11.583333333333258,-59.83333333333337
2024,2647069000,연제구 연산5동,50대,1271.5,612.8333333333334,841.5833333333334,12,False,2023,1348.1666666666667,628.5,907.25,12,False,-76.66666666666674,-15.666666666666629,-65.66666666666663
2024,2647069000,연제구 연산5동,60대이상,2853.25,537.5,1359.6666666666667,12,False,2023,2885.0,571.0833333333334,1418.0833333333333,12,False,-31.75,-33.58333333333337,-58.416666666666515
2024,2647070000,연제구 연산6동,20대,805.5833333333334,106.91666666666669,545.0833333333334,12,False,2023,873.0833333333334,103.66666666666669,597.5,12,False,-67.5,3.25,-52.41666666666663
2024,2647070000,연제구 연산6동,20대미만,692.5,108.66666666666669,336.6666666666667,12,False,2023,673.0833333333334,127.25,340.0833333333333,12,False,19.41666666666663,-18.583333333333314,-3.4166666666666288
2024,2647070000,연제구 연산6동,30대,1094.6666666666667,112.58333333333331,589.25,12,False,2023,1135.3333333333333,119.5,598.1666666666666,12,False,-40.666666666666515,-6.916666666666686,-8.916666666666629
2024,2647070000,연제구 연산6동,40대,1319.9166666666667,162.16666666666666,609.3333333333334,12,False,2023,1311.6666666666667,156.58333333333334,641.5,12,False,8.25,5.583333333333314,-32.16666666666663
2024,2647070000,연제구 연산6동,50대,1482.8333333333333,203.58333333333331,802.8333333333334,12,False,2023,1439.75,193.41666666666663,787.3333333333334,12,False,43.08333333333326,10.166666666666686,15.5
2024,2647070000,연제구 연산6동,60대이상,4428.0,225.08333333333331,1962.9166666666667,12,False,2023,4068.4166666666665,204.5,1954.8333333333333,12,False,359.5833333333335,20.583333333333314,8.083333333333485
2024,2647072000,연제구 연산8동,20대,407.3333333333333,64.58333333333333,286.5833333333333,12,False,2023,436.3333333333333,83.83333333333333,327.6666666666667,12,False,-29.0,-19.25,-41.08333333333337
2024,2647072000,연제구 연산8동,20대미만,419.0833333333333,101.58333333333331,309.25,12,False,2023,356.9166666666667,124.91666666666669,352.75,12,False,62.16666666666663,-23.33333333333337,-43.5
2024,2647072000,연제구 연산8동,30대,512.75,64.83333333333333,343.0833333333333,12,False,2023,539.1666666666666,63.91666666666666,371.75,12,False,-26.41666666666663,0.9166666666666714,-28.666666666666686
2024,2647072000,연제구 연산8동,40대,708.25,97.66666666666669,440.3333333333333,12,False,2023,716.0833333333334,100.16666666666669,470.4166666666667,12,False,-7.833333333333371,-2.5,-30.08333333333337
2024,2647072000,연제구 연산8동,50대,837.4166666666666,125.91666666666669,526.0833333333334,12,False,2023,809.0833333333334,125.41666666666669,582.8333333333334,12,False,28.333333333333258,0.5,-56.75
2024,2647072000,연제구 연산8동,60대이상,2121.0,127.25,1147.6666666666667,12,False,2023,2034.4166666666667,125.08333333333331,1147.8333333333333,12,False,86.58333333333326,2.1666666666666856,-0.16666666666651508
2024,2647073000,연제구 연산9동,20대,2314.5,315.75,515.1666666666666,12,False,2023,2469.25,355.5833333333333,547.8333333333334,12,False,-154.75,-39.833333333333314,-32.66666666666674
2024,2647073000,연제구 연산9동,20대미만,2549.25,211.41666666666663,431.5,12,False,2023,2673.75,176.16666666666666,427.5,12,False,-124.5,35.24999999999997,4.0
2024,2647073000,연제구 연산9동,30대,2653.083333333333,347.5833333333333,646.6666666666666,12,False,2023,2820.9166666666665,383.9166666666667,672.3333333333334,12,False,-167.83333333333348,-36.33333333333337,-25.666666666666742
2024,2647073000,연제구 연산9동,40대,3389.1666666666665,523.8333333333334,808.75,12,False,2023,3523.333333333333,553.3333333333334,858.5833333333334,12,False,-134.16666666666652,-29.5,-49.83333333333337
2024,2647073000,연제구 연산9동,50대,4219.916666666667,619.5833333333334,949.5,12,False,2023,4264.25,623.3333333333334,928.8333333333334,12,False,-44.33333333333303,-3.75,20.66666666666663
2024,2647073000,연제구 연산9동,60대이상,9244.583333333334,540.9166666666666,1458.8333333333333,12,False,2023,8900.083333333334,545.9166666666666,1411.5,12,False,344.5,-5.0,47.33333333333326
2024,2650066000,수영구 남천1동,20대,1241.5,420.5,783.5,12,False,2023,1218.0833333333333,470.0833333333333,846.1666666666666,12,False,23.416666666666742,-49.583333333333314,-62.66666666666663
2024,2650066000,수영구 남천1동,20대미만,1447.0833333333333,235.5,696.75,12,False,2023,1376.0833333333333,195.75,681.5,12,False,71.0,39.75,15.25
2024,2650066000,수영구 남천1동,30대,1443.9166666666667,516.1666666666666,804.5833333333334,12,False,2023,1372.0,532.1666666666666,812.0833333333334,12,False,71.91666666666674,-16.0,-7.5
2024,2650066000,수영구 남천1동,40대,1635.75,526.75,986.3333333333334,12,False,2023,1573.0833333333333,564.0833333333334,1079.8333333333333,12,False,62.66666666666674,-37.33333333333337,-93.49999999999989
2024,2650066000,수영구 남천1동,50대,1833.5,549.25,1073.4166666666667,12,False,2023,1843.5833333333333,586.5,1175.4166666666667,12,False,-10.083333333333258,-37.25,-102.0
2024,2650066000,수영구 남천1동,60대이상,3826.4166666666665,466.75,1708.3333333333333,12,False,2023,3779.8333333333335,475.75,1722.0833333333333,12,False,46.58333333333303,-9.0,-13.75
2024,2650067000,수영구 남천2동,20대,489.25,63.0,448.1666666666667,12,False,2023,489.4166666666667,62.25,523.0,12,False,-0.16666666666668561,0.75,-74.83333333333331
2024,2650067000,수영구 남천2동,20대미만,567.5833333333334,20.58333333333333,213.33333333333331,12,False,2023,564.0833333333334,25.25,197.33333333333331,12,False,3.5,-4.666666666666671,16.0
2024,2650067000,수영구 남천2동,30대,758.3333333333334,83.25,385.5833333333333,12,False,2023,672.1666666666666,70.5,402.9166666666667,12,False,86.16666666666674,12.75,-17.33333333333337
2024,2650067000,수영구 남천2동,40대,819.5833333333334,96.25,384.0833333333333,12,False,2023,773.1666666666666,98.66666666666669,386.5833333333333,12,False,46.41666666666674,-2.4166666666666856,-2.5
2024,2650067000,수영구 남천2동,50대,1220.5,128.0,417.0,12,False,2023,1129.5,117.83333333333331,421.25,12,False,91.0,10.166666666666686,-4.25
2024,2650067000,수영구 남천2동,60대이상,2364.9166666666665,107.66666666666669,710.1666666666666,12,False,2023,2134.4166666666665,103.41666666666669,695.1666666666666,12,False,230.5,4.25,15.0
2024,2650073000,수영구 수영동,20대,1076.75,166.66666666666666,400.5,12,False,2023,1082.0,149.25,383.4166666666667,12,False,-5.25,17.416666666666657,17.083333333333314
2024,2650073000,수영구 수영동,20대미만,583.0833333333334,70.66666666666667,197.91666666666663,12,False,2023,631.5,69.0,210.08333333333331,12,False,-48.41666666666663,1.6666666666666714,-12.166666666666686
2024,2650073000,수영구 수영동,30대,1147.1666666666667,190.08333333333331,442.5,12,False,2023,1144.5,174.25,410.0,12,False,2.6666666666667425,15.833333333333314,32.5
2024,2650073000,수영구 수영동,40대,1160.0833333333333,194.58333333333331,445.25,12,False,2023,1250.5,233.75,473.4166666666667,12,False,-90.41666666666674,-39.166666666666686,-28.166666666666686
2024,2650073000,수영구 수영동,50대,1576.5833333333333,283.0,556.5833333333334,12,False,2023,1562.1666666666667,275.5833333333333,530.0833333333334,12,False,14.416666666666515,7.416666666666686,26.5
2024,2650073000,수영구 수영동,60대이상,5292.083333333333,323.5,1106.3333333333333,12,False,2023,5068.25,317.75,1009.5833333333334,12,False,223.83333333333303,5.75,96.74999999999989
2024,2650074000,수영구 망미1동,20대,1676.4166666666667,217.91666666666663,382.4166666666667,12,False,2023,1854.75,222.16666666666663,446.0833333333333,12,False,-178.33333333333326,-4.25,-63.66666666666663
2024,2650074000,수영구 망미1동,20대미만,1904.1666666666667,85.33333333333333,276.0833333333333,12,False,2023,1960.9166666666667,90.33333333333331,303.4166666666667,12,False,-56.75,-4.999999999999986,-27.33333333333337
2024,2650074000,수영구 망미1동,30대,2055.6666666666665,244.16666666666663,456.5833333333333,12,False,2023,2194.5,243.58333333333331,519.0,12,False,-138.83333333333348,0.5833333333333144,-62.416666666666686
2024,2650074000,수영구 망미1동,40대,2653.333333333333,334.8333333333333,516.6666666666666,12,False,2023,2781.833333333333,337.1666666666667,554.1666666666666,12,False,-128.5,-2.3333333333333712,-37.5
2024,2650074000,수영구 망미1동,50대,2877.25,383.0833333333333,596.3333333333334,12,False,2023,3000.4166666666665,396.4166666666667,615.8333333333334,12,False,-123.16666666666652,-13.333333333333371,-19.5
2024,2650074000,수영구 망미1동,60대이상,9030.083333333334,438.3333333333333,1219.9166666666667,12,False,2023,8922.75,439.3333333333333,1287.0,12,False,107.33333333333394,-1.0,-67.08333333333326
2024,2650075000,수영구 망미2동,20대,470.6666666666667,63.66666666666666,259.5833333333333,12,False,2023,422.6666666666667,57.75,321.1666666666667,12,False,48.0,5.916666666666657,-61.58333333333337
2024,2650075000,수영구 망미2동,20대미만,543.9166666666666,32.5,238.25,12,False,2023,500.4166666666667,41.583333333333336,269.3333333333333,12,False,43.49999999999994,-9.083333333333336,-31.083333333333314
2024,2650075000,수영구 망미2동,30대,547.1666666666666,89.83333333333333,299.0833333333333,12,False,2023,500.0833333333333,85.25,356.4166666666667,12,False,47.083333333333314,4.583333333333329,-57.33333333333337
2024,2650075000,수영구 망미2동,40대,855.4166666666666,115.08333333333331,458.5833333333333,12,False,2023,921.1666666666666,124.66666666666669,554.5833333333334,12,False,-65.75,-9.583333333333371,-96.00000000000006
2024,2650075000,수영구 망미2동,50대,1133.6666666666667,130.5,429.5,12,False,2023,978.5,110.5,502.75,12,False,155.16666666666674,20.0,-73.25
2024,2650075000,수영구 망미2동,60대이상,2454.833333333333,138.08333333333334,806.6666666666666,12,False,2023,2110.6666666666665,119.08333333333331,955.6666666666666,12,False,344.1666666666665,19.00000000000003,-149.0
2024,2650076000,수영구 광안1동,20대,2244.25,186.83333333333331,498.5833333333333,12,False,2023,2704.25,227.91666666666663,554.1666666666666,12,False,-460.0,-41.083333333333314,-55.583333333333314
2024,2650076000,수영구 광안1동,20대미만,877.5833333333334,50.25,202.91666666666663,12,False,2023,942.4166666666666,40.91666666666666,195.41666666666663,12,False,-64.83333333333326,9.333333333333343,7.5
2024,2650076000,수영구 광안1동,30대,2104.833333333333,210.08333333333331,430.8333333333333,12,False,2023,2229.75,205.91666666666663,446.6666666666667,12,False,-124.91666666666697,4.166666666666686,-15.833333333333371
2024,2650076000,수영구 광안1동,40대,1546.5833333333333,212.75,404.0833333333333,12,False,2023,1740.4166666666667,243.83333333333331,396.0,12,False,-193.83333333333348,-31.083333333333314,8.083333333333314
2024,2650076000,수영구 광안1동,50대,1495.25,208.5,459.6666666666667,12,False,2023,1628.4166666666667,220.0,430.25,12,False,-133.16666666666674,-11.5,29.416666666666686
2024,2650076000,수영구 광안1동,60대이상,4098.583333333333,220.75,915.5833333333334,12,False,2023,4142.333333333333,228.91666666666663,864.0833333333334,12,False,-43.75,-8.166666666666629,51.5
2024,2650077000,수영구 광안2동,20대,1624.0,379.3333333333333,2134.0,12,False,2023,1675.75,378.0,2137.6666666666665,12,False,-51.75,1.3333333333333144,-3.666666666666515
2024,2650077000,수영구 광안2동,20대미만,1055.4166666666667,123.41666666666669,571.5,12,False,2023,1165.1666666666667,104.5,553.1666666666666,12,False,-109.75,18.916666666666686,18.33333333333337
2024,2650077000,수영구 광안2동,30대,1730.4166666666667,368.75,1298.8333333333333,12,False,2023,1757.9166666666667,343.75,1237.6666666666667,12,False,-27.5,25.0,61.166666666666515
2024,2650077000,수영구 광안2동,40대,1758.0,338.9166666666667,915.25,12,False,2023,1849.5833333333333,364.4166666666667,912.8333333333334,12,False,-91.58333333333326,-25.5,2.4166666666666288
2024,2650077000,수영구 광안2동,50대,1813.5833333333333,329.1666666666667,903.5833333333334,12,False,2023,1775.0,325.3333333333333,873.4166666666666,12,False,38.58333333333326,3.8333333333333712,30.166666666666742
2024,2650077000,수영구 광안2동,60대이상,4300.916666666667,330.25,1287.1666666666667,12,False,2023,4261.416666666667,311.9166666666667,1207.25,12,False,39.5,18.333333333333314,79.91666666666674
2024,2650078000,수영구 광안3동,20대,1240.0833333333333,188.5,739.8333333333334,12,False,2023,1296.5833333333333,221.91666666666663,794.1666666666666,12,False,-56.5,-33.41666666666663,-54.33333333333326
2024,2650078000,수영구 광안3동,20대미만,320.0,26.25,234.66666666666663,12,False,2023,328.8333333333333,31.916666666666668,239.0,12,False,-8.833333333333314,-5.666666666666668,-4.333333333333371
2024,2650078000,수영구 광안3동,30대,1124.0833333333333,191.5,619.0833333333334,12,False,2023,1123.3333333333333,196.33333333333331,637.5,12,False,0.75,-4.833333333333314,-18.41666666666663
2024,2650078000,수영구 광안3동,40대,810.9166666666666,212.33333333333331,554.25,12,False,2023,800.75,204.33333333333331,579.5833333333334,12,False,10.166666666666629,8.0,-25.33333333333337
2024,2650078000,수영구 광안3동,50대,866.25,216.08333333333331,630.25,12,False,2023,873.1666666666666,211.5,636.6666666666666,12,False,-6.916666666666629,4.583333333333314,-6.416666666666629
2024,2650078000,수영구 광안3동,60대이상,2708.1666666666665,256.0,1211.6666666666667,12,False,2023,2643.75,251.75,1223.6666666666667,12,False,64.41666666666652,4.25,-12.0
2024,2650079000,수영구 광안4동,20대,888.4166666666666,113.08333333333331,590.4166666666666,12,False,2023,877.3333333333334,107.5,640.25,12,False,11.083333333333258,5.583333333333314,-49.83333333333337
2024,2650079000,수영구 광안4동,20대미만,639.0833333333334,141.66666666666666,393.6666666666667,12,False,2023,652.25,146.83333333333334,418.4166666666667,12,False,-13.166666666666629,-5.166666666666686,-24.75
2024,2650079000,수영구 광안4동,30대,935.6666666666666,119.08333333333331,651.25,12,False,2023,914.3333333333334,115.25,651.5833333333334,12,False,21.333333333333258,3.8333333333333144,-0.33333333333337123
2024,2650079000,수영구 광안4동,40대,1089.8333333333333,143.58333333333334,636.8333333333334,12,False,2023,993.3333333333334,128.58333333333334,658.25,12,False,96.49999999999989,15.0,-21.41666666666663
2024,2650079000,수영구 광안4동,50대,1414.0,159.83333333333334,642.1666666666666,12,False,2023,1351.4166666666667,157.41666666666666,664.5833333333334,12,False,62.58333333333326,2.4166666666666856,-22.416666666666742
2024,2650079000,수영구 광안4동,60대이상,3031.333333333333,161.66666666666666,1238.4166666666667,12,False,2023,2802.4166666666665,156.41666666666666,1260.9166666666667,12,False,228.91666666666652,5.25,-22.5
2024,2650080000,수영구 민락동,20대,2103.6666666666665,391.0833333333333,2363.75,12,False,2023,2135.75,397.5,2381.75,12,False,-32.083333333333485,-6.416666666666686,-18.0
2024,2650080000,수영구 민락동,20대미만,1433.75,36.833333333333336,679.4166666666666,12,False,2023,1402.25,40.41666666666666,640.0,12,False,31.5,-3.5833333333333215,39.41666666666663
2024,2650080000,수영구 민락동,30대,2836.4166666666665,395.5833333333333,1525.5833333333333,12,False,2023,2766.0,366.1666666666667,1452.3333333333333,12,False,70.41666666666652,29.41666666666663,73.25
2024,2650080000,수영구 민락동,40대,2900.75,379.0833333333333,1141.5,12,False,2023,3000.1666666666665,393.5,1152.75,12,False,-99.41666666666652,-14.416666666666686,-11.25
2024,2650080000,수영구 민락동,50대,3148.0,451.25,1149.0833333333333,12,False,2023,2931.6666666666665,427.6666666666667,1137.3333333333333,12,False,216.33333333333348,23.583333333333314,11.75
2024,2650080000,수영구 민락동,60대이상,7320.166666666667,466.75,1588.5833333333333,12,False,2023,6703.5,457.25,1573.5,12,False,616.666666666667,9.5,15.083333333333258
2024,2653058000,사상구 삼락동,20대,258.8333333333333,166.08333333333334,355.9166666666667,12,False,2023,285.1666666666667,184.25,390.8333333333333,12,False,-26.33333333333337,-18.166666666666657,-34.91666666666663
2024,2653058000,사상구 삼락동,20대미만,200.58333333333331,63.41666666666666,223.0,12,False,2023,200.83333333333331,58.75,221.25,12,False,-0.25,4.666666666666657,1.75
2024,2653058000,사상구 삼락동,30대,297.9166666666667,287.5,469.3333333333333,12,False,2023,326.1666666666667,300.1666666666667,471.0,12,False,-28.25,-12.666666666666686,-1.6666666666666856
2024,2653058000,사상구 삼락동,40대,314.1666666666667,393.5833333333333,534.5,12,False,2023,362.6666666666667,403.0833333333333,570.6666666666666,12,False,-48.5,-9.5,-36.16666666666663
2024,2653058000,사상구 삼락동,50대,676.6666666666666,600.5,784.5833333333334,12,False,2023,724.0,660.75,882.6666666666666,12,False,-47.33333333333337,-60.25,-98.08333333333326
2024,2653058000,사상구 삼락동,60대이상,1601.5833333333333,514.0833333333334,1351.1666666666667,12,False,2023,1636.5833333333333,486.8333333333333,1445.3333333333333,12,False,-35.0,27.250000000000057,-94.16666666666652
2024,2653059100,사상구 모라1동,20대,1805.5,357.5,379.1666666666667,12,False,2023,1880.3333333333333,413.5,441.3333333333333,12,False,-74.83333333333326,-56.0,-62.16666666666663
2024,2653059100,사상구 모라1동,20대미만,1335.0,99.16666666666669,203.08333333333331,12,False,2023,1368.6666666666667,92.08333333333331,217.16666666666663,12,False,-33.66666666666674,7.083333333333371,-14.083333333333314
2024,2653059100,사상구 모라1동,30대,2069.9166666666665,465.3333333333333,447.3333333333333,12,False,2023,1985.8333333333333,475.9166666666667,466.5833333333333,12,False,84.08333333333326,-10.583333333333371,-19.25
2024,2653059100,사상구 모라1동,40대,2058.833333333333,548.0833333333334,530.6666666666666,12,False,2023,2170.6666666666665,591.6666666666666,584.8333333333334,12,False,-111.83333333333348,-43.58333333333326,-54.16666666666674
2024,2653059100,사상구 모라1동,50대,3452.4166666666665,827.5,795.75,12,False,2023,3572.583333333333,893.5833333333334,859.3333333333334,12,False,-120.16666666666652,-66.08333333333337,-63.58333333333337
2024,2653059100,사상구 모라1동,60대이상,8281.416666666666,795.3333333333334,1328.75,12,False,2023,7872.666666666667,813.3333333333334,1345.0,12,False,408.7499999999991,-18.0,-16.25
2024,2653059300,사상구 모라3동,20대,374.4166666666667,64.25,85.33333333333333,12,False,2023,434.3333333333333,64.0,99.41666666666669,12,False,-59.91666666666663,0.25,-14.083333333333357
2024,2653059300,사상구 모라3동,20대미만,337.8333333333333,35.916666666666664,78.75,12,False,2023,366.3333333333333,29.25,81.5,12,False,-28.5,6.666666666666664,-2.75
2024,2653059300,사상구 모라3동,30대,436.0,43.75,100.75,12,False,2023,456.3333333333333,49.25,106.0,12,False,-20.333333333333314,-5.5,-5.25
2024,2653059300,사상구 모라3동,40대,729.4166666666666,80.08333333333333,165.83333333333334,12,False,2023,793.9166666666666,91.25,174.83333333333334,12,False,-64.5,-11.166666666666671,-9.0
2024,2653059300,사상구 모라3동,50대,1309.4166666666667,159.16666666666666,262.0833333333333,12,False,2023,1346.5833333333333,169.91666666666666,275.9166666666667,12,False,-37.166666666666515,-10.75,-13.833333333333371
2024,2653059300,사상구 모라3동,60대이상,4691.833333333333,195.66666666666663,553.3333333333334,12,False,2023,4665.416666666667,199.83333333333331,547.3333333333334,12,False,26.41666666666606,-4.166666666666686,6.0
2024,2653060000,사상구 덕포1동,20대,680.4166666666666,64.16666666666667,163.83333333333334,12,False,2023,549.9166666666666,57.5,146.91666666666666,12,False,130.5,6.666666666666671,16.916666666666686
2024,2653060000,사상구 덕포1동,20대미만,595.4166666666666,81.33333333333333,113.91666666666669,12,False,2023,422.5,77.0,103.75,12,False,172.91666666666663,4.333333333333329,10.166666666666686
2024,2653060000,사상구 덕포1동,30대,1055.1666666666667,78.25,175.83333333333334,12,False,2023,632.6666666666666,51.75,147.25,12,False,422.5000000000001,26.5,28.583333333333343
2024,2653060000,사상구 덕포1동,40대,935.0,91.25,170.33333333333334,12,False,2023,712.9166666666666,81.66666666666667,164.75,12,False,222.08333333333337,9.583333333333329,5.583333333333343
2024,2653060000,사상구 덕포1동,50대,1134.5833333333333,136.58333333333334,240.75,12,False,2023,883.5,104.91666666666669,229.0,12,False,251.08333333333326,31.666666666666657,11.75
2024,2653060000,사상구 덕포1동,60대이상,2281.083333333333,134.58333333333334,439.3333333333333,12,False,2023,1823.25,106.16666666666669,360.5833333333333,12,False,457.83333333333303,28.416666666666657,78.75
2024,2653061000,사상구 덕포2동,20대,914.3333333333334,200.75,381.3333333333333,12,False,2023,1025.5833333333333,203.75,366.0833333333333,12,False,-111.24999999999989,-3.0,15.25
2024,2653061000,사상구 덕포2동,20대미만,917.8333333333334,108.41666666666669,244.75,12,False,2023,902.9166666666666,110.25,215.0,12,False,14.916666666666742,-1.8333333333333144,29.75
2024,2653061000,사상구 덕포2동,30대,916.3333333333334,254.66666666666663,347.75,12,False,2023,927.4166666666666,261.9166666666667,338.3333333333333,12,False,-11.083333333333258,-7.250000000000057,9.416666666666686
2024,2653061000,사상구 덕포2동,40대,1087.4166666666667,328.9166666666667,390.5833333333333,12,False,2023,1200.25,341.0833333333333,377.5,12,False,-112.83333333333326,-12.166666666666629,13.083333333333314
2024,2653061000,사상구 덕포2동,50대,1612.6666666666667,467.5,538.5833333333334,12,False,2023,1691.8333333333333,477.1666666666667,520.0833333333334,12,False,-79.16666666666652,-9.666666666666686,18.5
2024,2653061000,사상구 덕포2동,60대이상,3703.1666666666665,391.5,795.3333333333334,12,False,2023,3484.6666666666665,368.4166666666667,706.5833333333334,12,False,218.5,23.083333333333314,88.75
2024,2653062000,사상구 괘법동,20대,3196.083333333333,866.4166666666666,1771.1666666666667,12,False,2023,3321.1666666666665,962.75,1925.5833333333333,12,False,-125.08333333333348,-96.33333333333337,-154.41666666666652
2024,2653062000,사상구 괘법동,20대미만,908.3333333333334,123.33333333333331,560.25,12,False,2023,903.3333333333334,144.16666666666666,550.4166666666666,12,False,5.0,-20.833333333333343,9.833333333333371
2024,2653062000,사상구 괘법동,30대,2954.5,636.0833333333334,1285.0833333333333,12,False,2023,2761.5,666.8333333333334,1255.4166666666667,12,False,193.0,-30.75,29.666666666666515
2024,2653062000,사상구 괘법동,40대,2101.583333333333,724.25,1181.6666666666667,12,False,2023,2138.25,776.8333333333334,1262.4166666666667,12,False,-36.66666666666697,-52.58333333333337,-80.75
2024,2653062000,사상구 괘법동,50대,2890.833333333333,915.4166666666666,1621.4166666666667,12,False,2023,3001.25,956.4166666666666,1702.75,12,False,-110.41666666666697,-41.0,-81.33333333333326
2024,2653062000,사상구 괘법동,60대이상,5968.916666666667,833.3333333333334,2640.5,12,False,2023,5799.666666666667,827.75,2586.0,12,False,169.25,5.583333333333371,54.5
2024,2653064500,사상구 감전동,20대,693.25,483.6666666666667,648.0,12,False,2023,792.5,506.75,799.4166666666666,12,False,-99.25,-23.083333333333314,-151.41666666666663
2024,2653064500,사상구 감전동,20대미만,345.5833333333333,46.25,189.66666666666663,12,False,2023,372.0,36.16666666666666,215.0,12,False,-26.416666666666686,10.083333333333343,-25.33333333333337
2024,2653064500,사상구 감전동,30대,858.6666666666666,783.25,710.3333333333334,12,False,2023,886.1666666666666,762.75,805.4166666666666,12,False,-27.5,20.5,-95.08333333333326
2024,2653064500,사상구 감전동,40대,850.9166666666666,801.4166666666666,739.25,12,False,2023,919.0833333333334,794.0,861.6666666666666,12,False,-68.16666666666674,7.416666666666629,-122.41666666666663
2024,2653064500,사상구 감전동,50대,1453.9166666666667,1021.4166666666666,1022.25,12,False,2023,1560.8333333333333,1074.1666666666667,1138.0,12,False,-106.91666666666652,-52.750000000000114,-115.75
2024,2653064500,사상구 감전동,60대이상,3616.0833333333335,880.75,1359.8333333333333,12,False,2023,3403.083333333333,854.0833333333334,1438.0,12,False,213.00000000000045,26.66666666666663,-78.16666666666674
2024,2653065000,사상구 주례1동,20대,1177.6666666666667,254.66666666666663,345.8333333333333,12,False,2023,1217.8333333333333,261.9166666666667,368.1666666666667,12,False,-40.166666666666515,-7.250000000000057,-22.33333333333337
2024,2653065000,사상구 주례1동,20대미만,1252.5833333333333,23.916666666666668,128.41666666666666,12,False,2023,1276.6666666666667,32.0,138.58333333333334,12,False,-24.083333333333485,-8.083333333333332,-10.166666666666686
2024,2653065000,사상구 주례1동,30대,1576.4166666666667,307.5,371.25,12,False,2023,1513.0,274.9166666666667,377.6666666666667,12,False,63.41666666666674,32.583333333333314,-6.416666666666686
2024,2653065000,사상구 주례1동,40대,1572.0833333333333,325.0833333333333,375.3333333333333,12,False,2023,1560.9166666666667,308.5833333333333,396.9166666666667,12,False,11.166666666666515,16.5,-21.58333333333337
2024,2653065000,사상구 주례1동,50대,2145.0,452.0833333333333,541.6666666666666,12,False,2023,2187.9166666666665,458.9166666666667,578.9166666666666,12,False,-42.916666666666515,-6.833333333333371,-37.25
2024,2653065000,사상구 주례1동,60대이상,4332.0,427.0833333333333,1061.6666666666667,12,False,2023,4175.333333333333,395.9166666666667,1009.6666666666666,12,False,156.66666666666697,31.16666666666663,52.000000000000114
2024,2653066000,사상구 주례2동,20대,2741.25,727.5,847.5833333333334,12,False,2023,2762.6666666666665,795.1666666666666,967.9166666666666,12,False,-21.416666666666515,-67.66666666666663,-120.33333333333326
2024,2653066000,사상구 주례2동,20대미만,1784.6666666666667,236.41666666666663,387.3333333333333,12,False,2023,1878.3333333333333,245.16666666666663,455.1666666666667,12,False,-93.66666666666652,-8.75,-67.83333333333337
2024,2653066000,사상구 주례2동,30대,1912.8333333333333,329.75,493.9166666666667,12,False,2023,2023.0833333333333,341.5,519.6666666666666,12,False,-110.25,-11.75,-25.749999999999943
2024,2653066000,사상구 주례2동,40대,2111.25,354.1666666666667,537.0,12,False,2023,2232.333333333333,359.5,596.5833333333334,12,False,-121.08333333333303,-5.333333333333314,-59.58333333333337
2024,2653066000,사상구 주례2동,50대,2517.5,415.6666666666667,726.5,12,False,2023,2556.75,437.0833333333333,753.9166666666666,12,False,-39.25,-21.41666666666663,-27.41666666666663
2024,2653066000,사상구 주례2동,60대이상,5335.916666666667,384.75,1292.5,12,False,2023,5173.083333333333,379.0,1319.0833333333333,12,False,162.83333333333394,5.75,-26.583333333333258
2024,2653066100,사상구 주례3동,20대,469.6666666666667,68.25,140.5,12,False,2023,486.5,62.91666666666666,168.5,12,False,-16.833333333333314,5.333333333333343,-28.0
2024,2653066100,사상구 주례3동,20대미만,412.25,39.0,83.5,12,False,2023,478.0833333333333,38.833333333333336,85.41666666666667,12,False,-65.83333333333331,0.1666666666666643,-1.9166666666666714
2024,2653066100,사상구 주례3동,30대,433.4166666666667,84.83333333333333,165.0,12,False,2023,438.5833333333333,93.0,186.33333333333331,12,False,-5.166666666666629,-8.166666666666671,-21.333333333333314
2024,2653066100,사상구 주례3동,40대,590.5833333333334,121.83333333333331,203.91666666666663,12,False,2023,662.6666666666666,127.33333333333331,228.66666666666663,12,False,-72.08333333333326,-5.5,-24.75
2024,2653066100,사상구 주례3동,50대,848.5,130.58333333333334,232.0,12,False,2023,873.25,146.41666666666666,273.25,12,False,-24.75,-15.833333333333314,-41.25
2024,2653066100,사상구 주례3동,60대이상,1926.5,118.75,373.75,12,False,2023,1844.6666666666667,122.16666666666669,399.1666666666667,12,False,81.83333333333326,-3.4166666666666856,-25.416666666666686
2024,2653067000,사상구 학장동,20대,1170.25,356.3333333333333,463.75,12,False,2023,1304.8333333333333,375.6666666666667,500.8333333333333,12,False,-134.58333333333326,-19.33333333333337,-37.083333333333314
2024,2653067000,사상구 학장동,20대미만,1076.0,118.33333333333331,310.3333333333333,12,False,2023,1161.1666666666667,110.58333333333331,305.5833333333333,12,False,-85.16666666666674,7.75,4.75
2024,2653067000,사상구 학장동,30대,1328.0833333333333,426.6666666666667,593.6666666666666,12,False,2023,1548.4166666666667,506.6666666666667,597.0,12,False,-220.33333333333348,-80.0,-3.3333333333333712
2024,2653067000,사상구 학장동,40대,1891.0833333333333,526.8333333333334,726.4166666666666,12,False,2023,2099.0,592.5833333333334,752.3333333333334,12,False,-207.91666666666674,-65.75,-25.916666666666742
2024,2653067000,사상구 학장동,50대,2239.1666666666665,760.25,1023.75,12,False,2023,2477.9166666666665,835.6666666666666,1035.3333333333333,12,False,-238.75,-75.41666666666663,-11.583333333333258
2024,2653067000,사상구 학장동,60대이상,5437.583333333333,619.3333333333334,1700.25,12,False,2023,5403.083333333333,622.8333333333334,1609.3333333333333,12,False,34.5,-3.5,90.91666666666674
2024,2653068000,사상구 엄궁동,20대,1911.4166666666667,291.0833333333333,324.25,12,False,2023,2044.0833333333333,295.0833333333333,364.25,12,False,-132.66666666666652,-4.0,-40.0
2024,2653068000,사상구 엄궁동,20대미만,2621.6666666666665,24.25,141.16666666666666,12,False,2023,2625.583333333333,20.416666666666668,142.0,12,False,-3.916666666666515,3.833333333333332,-0.8333333333333428
2024,2653068000,사상구 엄궁동,30대,2008.5833333333333,328.9166666666667,423.0833333333333,12,False,2023,2117.5,367.1666666666667,438.5,12,False,-108.91666666666674,-38.25,-15.416666666666686
2024,2653068000,사상구 엄궁동,40대,2815.333333333333,513.0833333333334,516.8333333333334,12,False,2023,3051.583333333333,515.25,544.8333333333334,12,False,-236.25,-2.1666666666666288,-28.0
2024,2653068000,사상구 엄궁동,50대,3633.5833333333335,605.5833333333334,707.25,12,False,2023,3690.25,633.8333333333334,724.1666666666666,12,False,-56.666666666666515,-28.25,-16.91666666666663
2024,2653068000,사상구 엄궁동,60대이상,6032.583333333333,435.3333333333333,1019.6666666666666,12,False,2023,5780.166666666667,436.25,987.3333333333334,12,False,252.41666666666606,-0.9166666666666856,32.33333333333326
2024,2671025000,기장군 기장읍,20대,4114.083333333333,1169.6666666666667,1842.6666666666667,12,False,2023,4478.166666666667,1239.9166666666667,1982.3333333333333,12,False,-364.08333333333394,-70.25,-139.66666666666652
2024,2671025000,기장군 기장읍,20대미만,4085.1666666666665,124.75,1328.8333333333333,12,False,2023,4188.75,160.83333333333334,1297.5,12,False,-103.58333333333348,-36.08333333333334,31.333333333333258
2024,2671025000,기장군 기장읍,30대,4460.916666666667,1228.0,2623.1666666666665,12,False,2023,4737.666666666667,1244.1666666666667,2641.5,12,False,-276.75,-16.166666666666742,-18.333333333333485
2024,2671025000,기장군 기장읍,40대,5936.833333333333,1457.6666666666667,2901.4166666666665,12,False,2023,6292.333333333333,1496.5833333333333,2937.833333333333,12,False,-355.5,-38.916666666666515,-36.416666666666515
2024,2671025000,기장군 기장읍,50대,7680.333333333333,1760.0833333333333,2884.4166666666665,12,False,2023,7731.916666666667,1801.75,2939.25,12,False,-51.58333333333394,-41.66666666666674,-54.833333333333485
2024,2671025000,기장군 기장읍,60대이상,17273.75,1251.6666666666667,3587.6666666666665,12,False,2023,16642.833333333332,1230.4166666666667,3509.583333333333,12,False,630.9166666666679,21.25,78.08333333333348
2024,2671025300,기장군 장안읍,20대,600.1666666666666,615.6666666666666,633.5833333333334,12,False,2023,654.75,591.75,638.8333333333334,12,False,-54.58333333333337,23.91666666666663,-5.25
2024,2671025300,기장군 장안읍,20대미만,417.9166666666667,193.75,370.6666666666667,12,False,2023,412.3333333333333,172.33333333333334,334.75,12,False,5.583333333333371,21.416666666666657,35.916666666666686
2024,2671025300,기장군 장안읍,30대,710.6666666666666,1027.25,1032.4166666666667,12,False,2023,725.9166666666666,916.75,950.25,12,False,-15.25,110.5,82.16666666666674
2024,2671025300,기장군 장안읍,40대,749.75,1176.5833333333333,1379.8333333333333,12,False,2023,785.0833333333334,1118.5833333333333,1296.6666666666667,12,False,-35.33333333333337,58.0,83.16666666666652
2024,2671025300,기장군 장안읍,50대,1144.4166666666667,1072.6666666666667,1471.75,12,False,2023,1189.25,980.6666666666666,1363.25,12,False,-44.83333333333326,92.00000000000011,108.5
2024,2671025300,기장군 장안읍,60대이상,3146.75,619.3333333333334,1709.5833333333333,12,False,2023,3058.1666666666665,568.1666666666666,1548.3333333333333,12,False,88.58333333333348,51.16666666666674,161.25
2024,2671025600,기장군 정관읍,20대,4921.083333333333,987.3333333333334,784.25,12,False,2023,4990.25,1008.75,883.6666666666666,12,False,-69.16666666666697,-21.41666666666663,-99.41666666666663
2024,2671025600,기장군 정관읍,20대미만,13920.083333333334,95.83333333333331,424.25,12,False,2023,13393.333333333334,93.25,471.0,12,False,526.75,2.5833333333333144,-46.75
2024,2671025600,기장군 정관읍,30대,7427.416666666667,1301.75,968.25,12,False,2023,8265.083333333334,1376.3333333333333,1105.4166666666667,12,False,-837.666666666667,-74.58333333333326,-137.16666666666674
2024,2671025600,기장군 정관읍,40대,14889.5,2501.4166666666665,1365.75,12,False,2023,15282.833333333334,2528.9166666666665,1542.5,12,False,-393.33333333333394,-27.5,-176.75
2024,2671025600,기장군 정관읍,50대,8630.833333333334,1841.9166666666667,1365.8333333333333,12,False,2023,7886.416666666667,1690.0833333333333,1430.0,12,False,744.416666666667,151.83333333333348,-64.16666666666674
2024,2671025600,기장군 정관읍,60대이상,13468.5,1008.0,1598.1666666666667,12,False,2023,12950.083333333334,959.3333333333334,1628.0,12,False,518.4166666666661,48.66666666666663,-29.833333333333258
2024,2671025900,기장군 일광읍,20대,1965.6666666666667,335.6666666666667,730.8333333333334,12,False,2023,1661.6666666666667,347.25,737.5833333333334,12,False,304.0,-11.583333333333314,-6.75
2024,2671025900,기장군 일광읍,20대미만,2375.583333333333,52.41666666666666,389.0833333333333,12,False,2023,1990.4166666666667,78.16666666666667,380.0833333333333,12,False,385.1666666666663,-25.750000000000014,9.0
2024,2671025900,기장군 일광읍,30대,3638.25,509.5833333333333,923.0,12,False,2023,2974.833333333333,467.25,900.4166666666666,12,False,663.416666666667,42.333333333333314,22.58333333333337
2024,2671025900,기장군 일광읍,40대,3929.9166666666665,617.0,1097.8333333333333,12,False,2023,3313.833333333333,580.8333333333334,1126.0,12,False,616.0833333333335,36.16666666666663,-28.166666666666742
2024,2671025900,기장군 일광읍,50대,3242.583333333333,575.8333333333334,1260.9166666666667,12,False,2023,2940.1666666666665,582.8333333333334,1314.6666666666667,12,False,302.4166666666665,-7.0,-53.75
2024,2671025900,기장군 일광읍,60대이상,5603.166666666667,482.75,1621.5833333333333,12,False,2023,4933.083333333333,498.0833333333333,1635.75,12,False,670.0833333333339,-15.333333333333314,-14.166666666666742
2024,2671033000,기장군 철마면,20대,178.08333333333334,45.75,96.08333333333331,12,False,2023,214.5,54.5,108.91666666666669,12,False,-36.41666666666666,-8.75,-12.833333333333371
2024,2671033000,기장군 철마면,20대미만,210.66666666666663,9.416666666666666,62.66666666666666,12,False,2023,218.16666666666663,8.333333333333334,66.08333333333333,12,False,-7.5,1.0833333333333321,-3.4166666666666714
2024,2671033000,기장군 철마면,30대,278.5,99.75,160.58333333333334,12,False,2023,274.0,93.16666666666669,175.16666666666666,12,False,4.5,6.583333333333314,-14.583333333333314
2024,2671033000,기장군 철마면,40대,467.8333333333333,141.33333333333334,264.0833333333333,12,False,2023,511.8333333333333,151.08333333333334,294.1666666666667,12,False,-44.0,-9.75,-30.08333333333337
2024,2671033000,기장군 철마면,50대,680.9166666666666,265.3333333333333,475.4166666666667,12,False,2023,728.4166666666666,311.8333333333333,524.8333333333334,12,False,-47.5,-46.5,-49.416666666666686
2024,2671033000,기장군 철마면,60대이상,3255.1666666666665,257.0833333333333,978.4166666666666,12,False,2023,2795.1666666666665,242.91666666666663,979.5,12,False,460.0,14.166666666666686,-1.0833333333333712
