기준년월,행정동코드,행정동명,나이대,평균주거인구수,평균직장인구수,평균방문인구수,year
202512,2611051000,중구 중앙동,20대,584,769,1042,2025
202512,2611051000,중구 중앙동,20대미만,258,45,385,2025
202512,2611051000,중구 중앙동,30대,509,1140,1257,2025
202512,2611051000,중구 중앙동,40대,684,1017,1221,2025
202512,2611051000,중구 중앙동,50대,764,1051,1353,2025
202512,2611051000,중구 중앙동,60대이상,1806,649,1827,2025
202512,2611052000,중구 동광동,20대,115,55,186,2025
202512,2611052000,중구 동광동,20대미만,56,8,52,2025
202512,2611052000,중구 동광동,30대,124,109,192,2025
202512,2611052000,중구 동광동,40대,169,138,215,2025
202512,2611052000,중구 동광동,50대,216,131,231,2025
202512,2611052000,중구 동광동,60대이상,996,89,420,2025
202512,2611053000,중구 대청동,20대,433,179,291,2025
202512,2611053000,중구 대청동,20대미만,225,52,134,2025
202512,2611053000,중구 대청동,30대,363,203,289,2025
202512,2611053000,중구 대청동,40대,451,213,285,2025
202512,2611053000,중구 대청동,50대,613,217,352,2025
202512,2611053000,중구 대청동,60대이상,2005,196,679,2025
202512,2611054500,중구 보수동,20대,927,91,216,2025
202512,2611054500,중구 보수동,20대미만,295,53,96,2025
202512,2611054500,중구 보수동,30대,530,71,142,2025
202512,2611054500,중구 보수동,40대,510,97,179,2025
202512,2611054500,중구 보수동,50대,1148,164,242,2025
202512,2611054500,중구 보수동,60대이상,2217,158,566,2025
202512,2611056000,중구 부평동,20대,311,103,839,2025
202512,2611056000,중구 부평동,20대미만,141,8,223,2025
202512,2611056000,중구 부평동,30대,260,207,766,2025
202512,2611056000,중구 부평동,40대,299,207,779,2025
202512,2611056000,중구 부평동,50대,489,274,1052,2025
202512,2611056000,중구 부평동,60대이상,1514,321,1947,2025
202512,2611057000,중구 광복동,20대,25,69,247,2025
202512,2611057000,중구 광복동,20대미만,24,22,155,2025
202512,2611057000,중구 광복동,30대,34,70,223,2025
202512,2611057000,중구 광복동,40대,57,93,253,2025
202512,2611057000,중구 광복동,50대,89,129,266,2025
202512,2611057000,중구 광복동,60대이상,311,261,491,2025
202512,2611058000,중구 남포동,20대,87,210,872,2025
202512,2611058000,중구 남포동,20대미만,48,10,486,2025
202512,2611058000,중구 남포동,30대,149,292,863,2025
202512,2611058000,중구 남포동,40대,176,309,949,2025
202512,2611058000,중구 남포동,50대,335,405,1341,2025
202512,2611058000,중구 남포동,60대이상,613,742,3129,2025
202512,2611059000,중구 영주1동,20대,61,19,63,2025
202512,2611059000,중구 영주1동,20대미만,25,0,11,2025
202512,2611059000,중구 영주1동,30대,63,24,54,2025
202512,2611059000,중구 영주1동,40대,54,17,47,2025
202512,2611059000,중구 영주1동,50대,68,19,67,2025
202512,2611059000,중구 영주1동,60대이상,236,28,123,2025
202512,2611060000,중구 영주2동,20대,316,37,119,2025
202512,2611060000,중구 영주2동,20대미만,259,30,86,2025
202512,2611060000,중구 영주2동,30대,316,38,125,2025
202512,2611060000,중구 영주2동,40대,459,49,141,2025
202512,2611060000,중구 영주2동,50대,778,87,188,2025
202512,2611060000,중구 영주2동,60대이상,2588,82,550,2025
202512,2614051000,서구 동대신1동,20대,301,30,149,2025
202512,2614051000,서구 동대신1동,20대미만,233,29,131,2025
202512,2614051000,서구 동대신1동,30대,346,32,139,2025
202512,2614051000,서구 동대신1동,40대,378,53,173,2025
202512,2614051000,서구 동대신1동,50대,516,51,222,2025
202512,2614051000,서구 동대신1동,60대이상,1442,85,458,2025
202512,2614052000,서구 동대신2동,20대,184,21,53,2025
202512,2614052000,서구 동대신2동,20대미만,152,81,78,2025
202512,2614052000,서구 동대신2동,30대,158,24,55,2025
202512,2614052000,서구 동대신2동,40대,396,37,82,2025
202512,2614052000,서구 동대신2동,50대,466,61,114,2025
202512,2614052000,서구 동대신2동,60대이상,1747,57,236,2025
202512,2614053000,서구 동대신3동,20대,625,326,514,2025
202512,2614053000,서구 동대신3동,20대미만,459,146,358,2025
202512,2614053000,서구 동대신3동,30대,430,246,423,2025
202512,2614053000,서구 동대신3동,40대,555,234,536,2025
202512,2614053000,서구 동대신3동,50대,754,258,670,2025
202512,2614053000,서구 동대신3동,60대이상,2086,207,1547,2025
202512,2614054000,서구 서대신1동,20대,909,138,305,2025
202512,2614054000,서구 서대신1동,20대미만,1135,28,218,2025
202512,2614054000,서구 서대신1동,30대,1193,168,278,2025
202512,2614054000,서구 서대신1동,40대,1600,208,370,2025
202512,2614054000,서구 서대신1동,50대,1532,223,485,2025
202512,2614054000,서구 서대신1동,60대이상,3787,207,941,2025
202512,2614056000,서구 서대신3동,20대,185,47,106,2025
202512,2614056000,서구 서대신3동,20대미만,395,133,142,2025
202512,2614056000,서구 서대신3동,30대,270,70,127,2025
202512,2614056000,서구 서대신3동,40대,391,90,180,2025
202512,2614056000,서구 서대신3동,50대,444,73,238,2025
202512,2614056000,서구 서대신3동,60대이상,1080,63,470,2025
202512,2614057000,서구 서대신4동,20대,395,63,194,2025
202512,2614057000,서구 서대신4동,20대미만,549,70,123,2025
202512,2614057000,서구 서대신4동,30대,368,50,135,2025
202512,2614057000,서구 서대신4동,40대,684,71,186,2025
202512,2614057000,서구 서대신4동,50대,765,76,259,2025
202512,2614057000,서구 서대신4동,60대이상,1933,94,591,2025
202512,2614059000,서구 부민동,20대,452,192,269,2025
202512,2614059000,서구 부민동,20대미만,358,55,138,2025
202512,2614059000,서구 부민동,30대,314,57,124,2025
202512,2614059000,서구 부민동,40대,443,66,117,2025
202512,2614059000,서구 부민동,50대,481,78,186,2025
202512,2614059000,서구 부민동,60대이상,1272,57,299,2025
202512,2614061500,서구 아미동,20대,402,57,238,2025
202512,2614061500,서구 아미동,20대미만,153,2,47,2025
202512,2614061500,서구 아미동,30대,480,88,267,2025
202512,2614061500,서구 아미동,40대,364,103,228,2025
202512,2614061500,서구 아미동,50대,548,93,313,2025
202512,2614061500,서구 아미동,60대이상,2544,113,739,2025
202512,2614063000,서구 초장동,20대,152,24,110,2025
202512,2614063000,서구 초장동,20대미만,89,43,57,2025
202512,2614063000,서구 초장동,30대,160,11,52,2025
202512,2614063000,서구 초장동,40대,243,31,72,2025
202512,2614063000,서구 초장동,50대,389,34,127,2025
202512,2614063000,서구 초장동,60대이상,1632,54,278,2025
202512,2614064000,서구 충무동,20대,573,67,151,2025
202512,2614064000,서구 충무동,20대미만,260,91,93,2025
202512,2614064000,서구 충무동,30대,383,134,147,2025
202512,2614064000,서구 충무동,40대,520,147,185,2025
202512,2614064000,서구 충무동,50대,657,177,334,2025
202512,2614064000,서구 충무동,60대이상,1999,179,695,2025
202512,2614065000,서구 남부민1동,20대,108,12,50,2025
202512,2614065000,서구 남부민1동,20대미만,67,1,20,2025
202512,2614065000,서구 남부민1동,30대,135,21,42,2025
202512,2614065000,서구 남부민1동,40대,147,27,74,2025
202512,2614065000,서구 남부민1동,50대,356,54,98,2025
202512,2614065000,서구 남부민1동,60대이상,908,43,297,2025
202512,2614066000,서구 남부민2동,20대,317,59,136,2025
202512,2614066000,서구 남부민2동,20대미만,300,29,97,2025
202512,2614066000,서구 남부민2동,30대,383,64,231,2025
202512,2614066000,서구 남부민2동,40대,509,66,270,2025
202512,2614066000,서구 남부민2동,50대,875,114,356,2025
202512,2614066000,서구 남부민2동,60대이상,2904,117,837,2025
202512,2614068000,서구 암남동,20대,1158,410,704,2025
202512,2614068000,서구 암남동,20대미만,774,41,258,2025
202512,2614068000,서구 암남동,30대,1229,492,745,2025
202512,2614068000,서구 암남동,40대,1579,523,920,2025
202512,2614068000,서구 암남동,50대,2021,572,1188,2025
202512,2614068000,서구 암남동,60대이상,5178,400,2062,2025
202512,2617051000,동구 초량1동,20대,157,144,447,2025
202512,2617051000,동구 초량1동,20대미만,97,16,121,2025
202512,2617051000,동구 초량1동,30대,184,230,422,2025
202512,2617051000,동구 초량1동,40대,213,218,379,2025
202512,2617051000,동구 초량1동,50대,352,178,432,2025
202512,2617051000,동구 초량1동,60대이상,999,131,709,2025
202512,2617052000,동구 초량2동,20대,241,101,538,2025
202512,2617052000,동구 초량2동,20대미만,176,110,239,2025
202512,2617052000,동구 초량2동,30대,219,145,530,2025
202512,2617052000,동구 초량2동,40대,340,137,494,2025
202512,2617052000,동구 초량2동,50대,568,153,596,2025
202512,2617052000,동구 초량2동,60대이상,1977,213,995,2025
202512,2617053000,동구 초량3동,20대,971,440,1466,2025
202512,2617053000,동구 초량3동,20대미만,722,103,503,2025
202512,2617053000,동구 초량3동,30대,1513,680,1590,2025
202512,2617053000,동구 초량3동,40대,1464,579,1547,2025
202512,2617053000,동구 초량3동,50대,1255,580,1878,2025
202512,2617053000,동구 초량3동,60대이상,2169,409,2430,2025
202512,2617055000,동구 초량6동,20대,85,10,51,2025
202512,2617055000,동구 초량6동,20대미만,73,35,57,2025
202512,2617055000,동구 초량6동,30대,69,8,55,2025
202512,2617055000,동구 초량6동,40대,101,15,59,2025
202512,2617055000,동구 초량6동,50대,166,21,76,2025
202512,2617055000,동구 초량6동,60대이상,502,11,111,2025
202512,2617056000,동구 수정1동,20대,248,73,159,2025
202512,2617056000,동구 수정1동,20대미만,250,26,103,2025
202512,2617056000,동구 수정1동,30대,229,82,164,2025
202512,2617056000,동구 수정1동,40대,338,74,169,2025
202512,2617056000,동구 수정1동,50대,454,78,205,2025
202512,2617056000,동구 수정1동,60대이상,1334,63,419,2025
202512,2617057000,동구 수정2동,20대,347,65,146,2025
202512,2617057000,동구 수정2동,20대미만,323,70,111,2025
202512,2617057000,동구 수정2동,30대,567,124,207,2025
202512,2617057000,동구 수정2동,40대,625,152,243,2025
202512,2617057000,동구 수정2동,50대,704,172,349,2025
202512,2617057000,동구 수정2동,60대이상,2578,141,560,2025
202512,2617059000,동구 수정4동,20대,127,15,28,2025
202512,2617059000,동구 수정4동,20대미만,79,0,20,2025
202512,2617059000,동구 수정4동,30대,112,8,27,2025
202512,2617059000,동구 수정4동,40대,158,11,29,2025
202512,2617059000,동구 수정4동,50대,388,23,68,2025
202512,2617059000,동구 수정4동,60대이상,1375,30,152,2025
202512,2617060000,동구 수정5동,20대,229,13,42,2025
202512,2617060000,동구 수정5동,20대미만,221,22,37,2025
202512,2617060000,동구 수정5동,30대,200,27,50,2025
202512,2617060000,동구 수정5동,40대,345,35,56,2025
202512,2617060000,동구 수정5동,50대,553,53,89,2025
202512,2617060000,동구 수정5동,60대이상,2096,38,215,2025
202512,2617064500,동구 좌천동,20대,213,27,180,2025
202512,2617064500,동구 좌천동,20대미만,84,35,137,2025
202512,2617064500,동구 좌천동,30대,220,36,245,2025
202512,2617064500,동구 좌천동,40대,209,52,242,2025
202512,2617064500,동구 좌천동,50대,408,74,347,2025
202512,2617064500,동구 좌천동,60대이상,1288,80,801,2025
202512,2617065000,동구 범일1동,20대,513,68,187,2025
202512,2617065000,동구 범일1동,20대미만,289,27,81,2025
202512,2617065000,동구 범일1동,30대,606,76,229,2025
202512,2617065000,동구 범일1동,40대,703,108,213,2025
202512,2617065000,동구 범일1동,50대,1053,165,277,2025
202512,2617065000,동구 범일1동,60대이상,3984,188,610,2025
202512,2617066000,동구 범일2동,20대,472,375,544,2025
202512,2617066000,동구 범일2동,20대미만,320,34,189,2025
202512,2617066000,동구 범일2동,30대,594,681,776,2025
202512,2617066000,동구 범일2동,40대,590,846,833,2025
202512,2617066000,동구 범일2동,50대,779,959,1122,2025
202512,2617066000,동구 범일2동,60대이상,1730,865,2109,2025
202512,2617068000,동구 범일5동,20대,466,95,361,2025
202512,2617068000,동구 범일5동,20대미만,467,29,126,2025
202512,2617068000,동구 범일5동,30대,1303,142,443,2025
202512,2617068000,동구 범일5동,40대,982,191,440,2025
202512,2617068000,동구 범일5동,50대,830,216,567,2025
202512,2617068000,동구 범일5동,60대이상,1485,305,1151,2025
202512,2620053000,영도구 남항동,20대,553,188,511,2025
202512,2620053000,영도구 남항동,20대미만,428,22,271,2025
202512,2620053000,영도구 남항동,30대,593,244,573,2025
202512,2620053000,영도구 남항동,40대,792,339,703,2025
202512,2620053000,영도구 남항동,50대,1253,465,940,2025
202512,2620053000,영도구 남항동,60대이상,4093,497,1916,2025
202512,2620054000,영도구 영선1동,20대,44,10,25,2025
202512,2620054000,영도구 영선1동,20대미만,49,0,22,2025
202512,2620054000,영도구 영선1동,30대,39,13,35,2025
202512,2620054000,영도구 영선1동,40대,83,24,49,2025
202512,2620054000,영도구 영선1동,50대,119,44,112,2025
202512,2620054000,영도구 영선1동,60대이상,444,59,238,2025
202512,2620055000,영도구 영선2동,20대,320,52,152,2025
202512,2620055000,영도구 영선2동,20대미만,311,83,118,2025
202512,2620055000,영도구 영선2동,30대,395,40,125,2025
202512,2620055000,영도구 영선2동,40대,514,69,147,2025
202512,2620055000,영도구 영선2동,50대,794,88,225,2025
202512,2620055000,영도구 영선2동,60대이상,2883,91,487,2025
202512,2620058500,영도구 신선동,20대,228,26,58,2025
202512,2620058500,영도구 신선동,20대미만,160,133,92,2025
202512,2620058500,영도구 신선동,30대,260,34,67,2025
202512,2620058500,영도구 신선동,40대,469,60,101,2025
202512,2620058500,영도구 신선동,50대,747,77,160,2025
202512,2620058500,영도구 신선동,60대이상,2973,72,367,2025
202512,2620059000,영도구 봉래1동,20대,306,40,169,2025
202512,2620059000,영도구 봉래1동,20대미만,317,2,88,2025
202512,2620059000,영도구 봉래1동,30대,417,56,214,2025
202512,2620059000,영도구 봉래1동,40대,436,85,260,2025
202512,2620059000,영도구 봉래1동,50대,564,125,338,2025
202512,2620059000,영도구 봉래1동,60대이상,1952,182,635,2025
202512,2620060500,영도구 봉래2동,20대,315,42,112,2025
202512,2620060500,영도구 봉래2동,20대미만,235,31,98,2025
202512,2620060500,영도구 봉래2동,30대,396,58,127,2025
202512,2620060500,영도구 봉래2동,40대,515,125,166,2025
202512,2620060500,영도구 봉래2동,50대,752,122,234,2025
202512,2620060500,영도구 봉래2동,60대이상,2398,121,465,2025
202512,2620063000,영도구 청학1동,20대,177,50,90,2025
202512,2620063000,영도구 청학1동,20대미만,244,20,56,2025
202512,2620063000,영도구 청학1동,30대,302,51,114,2025
202512,2620063000,영도구 청학1동,40대,436,166,180,2025
202512,2620063000,영도구 청학1동,50대,594,188,247,2025
202512,2620063000,영도구 청학1동,60대이상,1943,144,452,2025
202512,2620064000,영도구 청학2동,20대,595,104,234,2025
202512,2620064000,영도구 청학2동,20대미만,700,17,149,2025
202512,2620064000,영도구 청학2동,30대,929,180,271,2025
202512,2620064000,영도구 청학2동,40대,1245,243,341,2025
202512,2620064000,영도구 청학2동,50대,1922,307,413,2025
202512,2620064000,영도구 청학2동,60대이상,5009,268,842,2025
202512,2620065000,영도구 동삼1동,20대,1676,324,411,2025
202512,2620065000,영도구 동삼1동,20대미만,1939,206,262,2025
202512,2620065000,영도구 동삼1동,30대,1669,393,428,2025
202512,2620065000,영도구 동삼1동,40대,2378,462,523,2025
202512,2620065000,영도구 동삼1동,50대,3338,530,672,2025
202512,2620065000,영도구 동삼1동,60대이상,9424,363,1137,2025
202512,2620066000,영도구 동삼2동,20대,918,326,520,2025
202512,2620066000,영도구 동삼2동,20대미만,507,55,377,2025
202512,2620066000,영도구 동삼2동,30대,265,106,419,2025
202512,2620066000,영도구 동삼2동,40대,458,146,540,2025
202512,2620066000,영도구 동삼2동,50대,500,158,630,2025
202512,2620066000,영도구 동삼2동,60대이상,1319,80,1003,2025
202512,2620067000,영도구 동삼3동,20대,321,54,166,2025
202512,2620067000,영도구 동삼3동,20대미만,321,65,139,2025
202512,2620067000,영도구 동삼3동,30대,384,66,185,2025
202512,2620067000,영도구 동삼3동,40대,581,103,229,2025
202512,2620067000,영도구 동삼3동,50대,918,127,313,2025
202512,2620067000,영도구 동삼3동,60대이상,3538,135,582,2025
202512,2623051000,부산진구 부전1동,20대,2129,697,1679,2025
202512,2623051000,부산진구 부전1동,20대미만,385,49,401,2025
202512,2623051000,부산진구 부전1동,30대,1866,823,1420,2025
202512,2623051000,부산진구 부전1동,40대,1049,734,1173,2025
202512,2623051000,부산진구 부전1동,50대,1268,822,1711,2025
202512,2623051000,부산진구 부전1동,60대이상,2701,1093,4587,2025
202512,2623052000,부산진구 부전2동,20대,1721,1599,5827,2025
202512,2623052000,부산진구 부전2동,20대미만,366,116,1842,2025
202512,2623052000,부산진구 부전2동,30대,1868,1352,3546,2025
202512,2623052000,부산진구 부전2동,40대,1204,959,2406,2025
202512,2623052000,부산진구 부전2동,50대,1111,888,2133,2025
202512,2623052000,부산진구 부전2동,60대이상,1866,666,2765,2025
202512,2623054000,부산진구 연지동,20대,554,69,174,2025
202512,2623054000,부산진구 연지동,20대미만,620,38,166,2025
202512,2623054000,부산진구 연지동,30대,806,86,234,2025
202512,2623054000,부산진구 연지동,40대,1114,146,235,2025
202512,2623054000,부산진구 연지동,50대,1314,145,303,2025
202512,2623054000,부산진구 연지동,60대이상,3704,145,607,2025
202512,2623055000,부산진구 초읍동,20대,1157,182,386,2025
202512,2623055000,부산진구 초읍동,20대미만,1741,112,297,2025
202512,2623055000,부산진구 초읍동,30대,1647,220,553,2025
202512,2623055000,부산진구 초읍동,40대,2024,292,620,2025
202512,2623055000,부산진구 초읍동,50대,2576,390,735,2025
202512,2623055000,부산진구 초읍동,60대이상,7626,338,1424,2025
202512,2623056000,부산진구 양정1동,20대,1445,517,767,2025
202512,2623056000,부산진구 양정1동,20대미만,1157,258,365,2025
202512,2623056000,부산진구 양정1동,30대,1705,390,817,2025
202512,2623056000,부산진구 양정1동,40대,1554,379,728,2025
202512,2623056000,부산진구 양정1동,50대,2283,448,905,2025
202512,2623056000,부산진구 양정1동,60대이상,5342,451,1593,2025
202512,2623057000,부산진구 양정2동,20대,2029,267,547,2025
202512,2623057000,부산진구 양정2동,20대미만,779,257,233,2025
202512,2623057000,부산진구 양정2동,30대,2632,345,548,2025
202512,2623057000,부산진구 양정2동,40대,1738,299,446,2025
202512,2623057000,부산진구 양정2동,50대,1458,315,646,2025
202512,2623057000,부산진구 양정2동,60대이상,2677,258,1174,2025
202512,2623060000,부산진구 전포1동,20대,2711,783,2724,2025
202512,2623060000,부산진구 전포1동,20대미만,694,295,836,2025
202512,2623060000,부산진구 전포1동,30대,2682,640,1629,2025
202512,2623060000,부산진구 전포1동,40대,1504,370,897,2025
202512,2623060000,부산진구 전포1동,50대,1649,397,806,2025
202512,2623060000,부산진구 전포1동,60대이상,2763,343,1022,2025
202512,2623061000,부산진구 전포2동,20대,2088,423,1770,2025
202512,2623061000,부산진구 전포2동,20대미만,906,79,631,2025
202512,2623061000,부산진구 전포2동,30대,2464,445,1254,2025
202512,2623061000,부산진구 전포2동,40대,2120,344,697,2025
202512,2623061000,부산진구 전포2동,50대,2245,391,718,2025
202512,2623061000,부산진구 전포2동,60대이상,5435,381,1285,2025
202512,2623064000,부산진구 부암1동,20대,1399,152,456,2025
202512,2623064000,부산진구 부암1동,20대미만,1240,36,227,2025
202512,2623064000,부산진구 부암1동,30대,2444,263,613,2025
202512,2623064000,부산진구 부암1동,40대,2357,287,514,2025
202512,2623064000,부산진구 부암1동,50대,2255,346,632,2025
202512,2623064000,부산진구 부암1동,60대이상,5039,303,1172,2025
202512,2623066000,부산진구 부암3동,20대,1224,130,363,2025
202512,2623066000,부산진구 부암3동,20대미만,1923,129,320,2025
202512,2623066000,부산진구 부암3동,30대,2228,164,443,2025
202512,2623066000,부산진구 부암3동,40대,2454,244,483,2025
202512,2623066000,부산진구 부암3동,50대,2891,289,604,2025
202512,2623066000,부산진구 부암3동,60대이상,5436,298,1430,2025
202512,2623067000,부산진구 당감1동,20대,1278,149,332,2025
202512,2623067000,부산진구 당감1동,20대미만,1157,155,270,2025
202512,2623067000,부산진구 당감1동,30대,1334,163,406,2025
202512,2623067000,부산진구 당감1동,40대,1687,232,457,2025
202512,2623067000,부산진구 당감1동,50대,2691,334,596,2025
202512,2623067000,부산진구 당감1동,60대이상,6519,325,1156,2025
202512,2623068000,부산진구 당감2동,20대,505,44,139,2025
202512,2623068000,부산진구 당감2동,20대미만,309,6,74,2025
202512,2623068000,부산진구 당감2동,30대,545,61,233,2025
202512,2623068000,부산진구 당감2동,40대,610,60,194,2025
202512,2623068000,부산진구 당감2동,50대,739,89,267,2025
202512,2623068000,부산진구 당감2동,60대이상,1624,74,481,2025
202512,2623070000,부산진구 당감4동,20대,462,44,206,2025
202512,2623070000,부산진구 당감4동,20대미만,576,20,256,2025
202512,2623070000,부산진구 당감4동,30대,463,47,290,2025
202512,2623070000,부산진구 당감4동,40대,669,58,362,2025
202512,2623070000,부산진구 당감4동,50대,1065,122,398,2025
202512,2623070000,부산진구 당감4동,60대이상,2538,137,649,2025
202512,2623071000,부산진구 가야1동,20대,1503,718,751,2025
202512,2623071000,부산진구 가야1동,20대미만,1035,246,370,2025
202512,2623071000,부산진구 가야1동,30대,1065,218,567,2025
202512,2623071000,부산진구 가야1동,40대,1355,249,578,2025
202512,2623071000,부산진구 가야1동,50대,1776,391,765,2025
202512,2623071000,부산진구 가야1동,60대이상,5032,309,1294,2025
202512,2623072000,부산진구 가야2동,20대,558,65,294,2025
202512,2623072000,부산진구 가야2동,20대미만,495,86,290,2025
202512,2623072000,부산진구 가야2동,30대,574,67,339,2025
202512,2623072000,부산진구 가야2동,40대,755,99,403,2025
202512,2623072000,부산진구 가야2동,50대,1032,126,560,2025
202512,2623072000,부산진구 가야2동,60대이상,3081,154,1191,2025
202512,2623074000,부산진구 개금1동,20대,2076,213,597,2025
202512,2623074000,부산진구 개금1동,20대미만,667,20,314,2025
202512,2623074000,부산진구 개금1동,30대,1910,186,495,2025
202512,2623074000,부산진구 개금1동,40대,1359,166,485,2025
202512,2623074000,부산진구 개금1동,50대,1697,277,658,2025
202512,2623074000,부산진구 개금1동,60대이상,3810,287,1218,2025
202512,2623075000,부산진구 개금2동,20대,653,211,505,2025
202512,2623075000,부산진구 개금2동,20대미만,535,16,141,2025
202512,2623075000,부산진구 개금2동,30대,527,227,399,2025
202512,2623075000,부산진구 개금2동,40대,672,167,394,2025
202512,2623075000,부산진구 개금2동,50대,960,166,515,2025
202512,2623075000,부산진구 개금2동,60대이상,2659,120,1131,2025
202512,2623076000,부산진구 개금3동,20대,1532,135,305,2025
202512,2623076000,부산진구 개금3동,20대미만,1555,110,283,2025
202512,2623076000,부산진구 개금3동,30대,1797,178,389,2025
202512,2623076000,부산진구 개금3동,40대,2350,183,345,2025
202512,2623076000,부산진구 개금3동,50대,3076,321,500,2025
202512,2623076000,부산진구 개금3동,60대이상,7779,316,916,2025
202512,2623077000,부산진구 범천1동,20대,1513,372,1037,2025
202512,2623077000,부산진구 범천1동,20대미만,423,13,308,2025
202512,2623077000,부산진구 범천1동,30대,1719,582,1170,2025
202512,2623077000,부산진구 범천1동,40대,1086,593,1013,2025
202512,2623077000,부산진구 범천1동,50대,1190,737,1198,2025
202512,2623077000,부산진구 범천1동,60대이상,2735,683,2235,2025
202512,2623078000,부산진구 범천2동,20대,1238,130,436,2025
202512,2623078000,부산진구 범천2동,20대미만,821,14,139,2025
202512,2623078000,부산진구 범천2동,30대,2384,247,510,2025
202512,2623078000,부산진구 범천2동,40대,1991,250,375,2025
202512,2623078000,부산진구 범천2동,50대,1935,250,424,2025
202512,2623078000,부산진구 범천2동,60대이상,5599,325,989,2025
202512,2626051000,동래구 수민동,20대,1500,189,495,2025
202512,2626051000,동래구 수민동,20대미만,1242,60,500,2025
202512,2626051000,동래구 수민동,30대,1974,266,639,2025
202512,2626051000,동래구 수민동,40대,1896,343,768,2025
202512,2626051000,동래구 수민동,50대,2118,403,1129,2025
202512,2626051000,동래구 수민동,60대이상,7857,424,2463,2025
202512,2626052000,동래구 복산동,20대,416,44,103,2025
202512,2626052000,동래구 복산동,20대미만,312,23,169,2025
202512,2626052000,동래구 복산동,30대,433,85,130,2025
202512,2626052000,동래구 복산동,40대,522,106,176,2025
202512,2626052000,동래구 복산동,50대,911,141,256,2025
202512,2626052000,동래구 복산동,60대이상,2850,139,451,2025
202512,2626054500,동래구 명륜동,20대,1353,478,1380,2025
202512,2626054500,동래구 명륜동,20대미만,2450,343,768,2025
202512,2626054500,동래구 명륜동,30대,1854,598,1337,2025
202512,2626054500,동래구 명륜동,40대,2799,588,1408,2025
202512,2626054500,동래구 명륜동,50대,3007,746,1626,2025
202512,2626054500,동래구 명륜동,60대이상,4464,593,2843,2025
202512,2626055000,동래구 온천1동,20대,2755,355,1033,2025
202512,2626055000,동래구 온천1동,20대미만,2265,185,657,2025
202512,2626055000,동래구 온천1동,30대,3997,457,1271,2025
202512,2626055000,동래구 온천1동,40대,3700,481,1367,2025
202512,2626055000,동래구 온천1동,50대,3538,540,1577,2025
202512,2626055000,동래구 온천1동,60대이상,6337,536,2593,2025
202512,2626056000,동래구 온천2동,20대,797,209,463,2025
202512,2626056000,동래구 온천2동,20대미만,1347,232,281,2025
202512,2626056000,동래구 온천2동,30대,1161,294,497,2025
202512,2626056000,동래구 온천2동,40대,1645,348,570,2025
202512,2626056000,동래구 온천2동,50대,1537,357,782,2025
202512,2626056000,동래구 온천2동,60대이상,3660,277,1366,2025
202512,2626057000,동래구 온천3동,20대,2671,250,1239,2025
202512,2626057000,동래구 온천3동,20대미만,2180,180,1735,2025
202512,2626057000,동래구 온천3동,30대,3062,281,1819,2025
202512,2626057000,동래구 온천3동,40대,3218,357,2262,2025
202512,2626057000,동래구 온천3동,50대,4089,498,1965,2025
202512,2626057000,동래구 온천3동,60대이상,9218,475,3685,2025
202512,2626058000,동래구 사직1동,20대,576,163,532,2025
202512,2626058000,동래구 사직1동,20대미만,911,107,712,2025
202512,2626058000,동래구 사직1동,30대,798,210,698,2025
202512,2626058000,동래구 사직1동,40대,1076,240,908,2025
202512,2626058000,동래구 사직1동,50대,1036,234,900,2025
202512,2626058000,동래구 사직1동,60대이상,2397,262,1540,2025
202512,2626059000,동래구 사직2동,20대,1317,139,600,2025
202512,2626059000,동래구 사직2동,20대미만,2860,350,772,2025
202512,2626059000,동래구 사직2동,30대,1482,162,570,2025
202512,2626059000,동래구 사직2동,40대,2563,274,876,2025
202512,2626059000,동래구 사직2동,50대,2951,297,853,2025
202512,2626059000,동래구 사직2동,60대이상,4208,238,1219,2025
202512,2626060000,동래구 사직3동,20대,882,104,349,2025
202512,2626060000,동래구 사직3동,20대미만,1581,64,505,2025
202512,2626060000,동래구 사직3동,30대,1071,166,382,2025
202512,2626060000,동래구 사직3동,40대,2051,249,583,2025
202512,2626060000,동래구 사직3동,50대,1704,251,560,2025
202512,2626060000,동래구 사직3동,60대이상,3908,218,893,2025
202512,2626074000,동래구 안락1동,20대,643,170,341,2025
202512,2626074000,동래구 안락1동,20대미만,628,40,274,2025
202512,2626074000,동래구 안락1동,30대,763,212,452,2025
202512,2626074000,동래구 안락1동,40대,948,217,540,2025
202512,2626074000,동래구 안락1동,50대,1243,275,755,2025
202512,2626074000,동래구 안락1동,60대이상,4094,352,1720,2025
202512,2626075000,동래구 안락2동,20대,1556,222,409,2025
202512,2626075000,동래구 안락2동,20대미만,2056,131,378,2025
202512,2626075000,동래구 안락2동,30대,1818,295,566,2025
202512,2626075000,동래구 안락2동,40대,2481,338,575,2025
202512,2626075000,동래구 안락2동,50대,3064,457,757,2025
202512,2626075000,동래구 안락2동,60대이상,6841,349,1296,2025
202512,2626076100,동래구 명장1동,20대,666,85,214,2025
202512,2626076100,동래구 명장1동,20대미만,959,193,238,2025
202512,2626076100,동래구 명장1동,30대,960,111,269,2025
202512,2626076100,동래구 명장1동,40대,1313,166,333,2025
202512,2626076100,동래구 명장1동,50대,1515,222,399,2025
202512,2626076100,동래구 명장1동,60대이상,4167,340,873,2025
202512,2626076200,동래구 명장2동,20대,408,36,83,2025
202512,2626076200,동래구 명장2동,20대미만,512,191,180,2025
202512,2626076200,동래구 명장2동,30대,633,51,134,2025
202512,2626076200,동래구 명장2동,40대,669,87,174,2025
202512,2626076200,동래구 명장2동,50대,931,108,184,2025
202512,2626076200,동래구 명장2동,60대이상,2308,117,425,2025
202512,2629051000,남구 대연1동,20대,2486,241,1038,2025
202512,2629051000,남구 대연1동,20대미만,742,67,533,2025
202512,2629051000,남구 대연1동,30대,1054,183,762,2025
202512,2629051000,남구 대연1동,40대,1093,184,874,2025
202512,2629051000,남구 대연1동,50대,1509,284,1020,2025
202512,2629051000,남구 대연1동,60대이상,4166,218,1820,2025
202512,2629053000,남구 대연3동,20대,4920,2342,2618,2025
202512,2629053000,남구 대연3동,20대미만,3430,536,1383,2025
202512,2629053000,남구 대연3동,30대,3013,874,1475,2025
202512,2629053000,남구 대연3동,40대,4055,873,1438,2025
202512,2629053000,남구 대연3동,50대,3742,836,1614,2025
202512,2629053000,남구 대연3동,60대이상,6336,531,2223,2025
202512,2629054000,남구 대연4동,20대,645,64,221,2025
202512,2629054000,남구 대연4동,20대미만,954,79,194,2025
202512,2629054000,남구 대연4동,30대,1277,126,266,2025
202512,2629054000,남구 대연4동,40대,1422,163,309,2025
202512,2629054000,남구 대연4동,50대,1307,171,387,2025
202512,2629054000,남구 대연4동,60대이상,3467,197,786,2025
202512,2629055000,남구 대연5동,20대,1532,215,468,2025
202512,2629055000,남구 대연5동,20대미만,856,112,203,2025
202512,2629055000,남구 대연5동,30대,1076,162,318,2025
202512,2629055000,남구 대연5동,40대,1280,229,345,2025
202512,2629055000,남구 대연5동,50대,1650,248,425,2025
202512,2629055000,남구 대연5동,60대이상,3829,203,786,2025
202512,2629056000,남구 대연6동,20대,686,149,193,2025
202512,2629056000,남구 대연6동,20대미만,1494,177,188,2025
202512,2629056000,남구 대연6동,30대,1206,231,273,2025
202512,2629056000,남구 대연6동,40대,1847,288,293,2025
202512,2629056000,남구 대연6동,50대,1555,254,386,2025
202512,2629056000,남구 대연6동,60대이상,2820,167,610,2025
202512,2629057000,남구 용호1동,20대,2238,257,586,2025
202512,2629057000,남구 용호1동,20대미만,3740,163,407,2025
202512,2629057000,남구 용호1동,30대,2421,278,635,2025
202512,2629057000,남구 용호1동,40대,4185,426,710,2025
202512,2629057000,남구 용호1동,50대,5344,557,925,2025
202512,2629057000,남구 용호1동,60대이상,10937,427,1676,2025
202512,2629058000,남구 용호2동,20대,866,113,464,2025
202512,2629058000,남구 용호2동,20대미만,1487,34,273,2025
202512,2629058000,남구 용호2동,30대,1271,147,501,2025
202512,2629058000,남구 용호2동,40대,2080,203,585,2025
202512,2629058000,남구 용호2동,50대,2024,196,659,2025
202512,2629058000,남구 용호2동,60대이상,4800,180,1250,2025
202512,2629059000,남구 용호3동,20대,566,90,256,2025
202512,2629059000,남구 용호3동,20대미만,615,244,248,2025
202512,2629059000,남구 용호3동,30대,596,118,267,2025
202512,2629059000,남구 용호3동,40대,771,153,350,2025
202512,2629059000,남구 용호3동,50대,1221,213,478,2025
202512,2629059000,남구 용호3동,60대이상,3944,242,862,2025
202512,2629060000,남구 용호4동,20대,356,97,278,2025
202512,2629060000,남구 용호4동,20대미만,365,24,162,2025
202512,2629060000,남구 용호4동,30대,415,69,231,2025
202512,2629060000,남구 용호4동,40대,592,100,299,2025
202512,2629060000,남구 용호4동,50대,767,126,375,2025
202512,2629060000,남구 용호4동,60대이상,2064,181,741,2025
202512,2629061000,남구 용당동,20대,509,262,359,2025
202512,2629061000,남구 용당동,20대미만,475,120,166,2025
202512,2629061000,남구 용당동,30대,446,183,292,2025
202512,2629061000,남구 용당동,40대,627,261,409,2025
202512,2629061000,남구 용당동,50대,1029,278,590,2025
202512,2629061000,남구 용당동,60대이상,2150,227,730,2025
202512,2629062000,남구 감만1동,20대,377,124,179,2025
202512,2629062000,남구 감만1동,20대미만,269,38,70,2025
202512,2629062000,남구 감만1동,30대,433,175,318,2025
202512,2629062000,남구 감만1동,40대,540,181,423,2025
202512,2629062000,남구 감만1동,50대,816,237,611,2025
202512,2629062000,남구 감만1동,60대이상,2285,203,622,2025
202512,2629063000,남구 감만2동,20대,158,15,62,2025
202512,2629063000,남구 감만2동,20대미만,160,30,88,2025
202512,2629063000,남구 감만2동,30대,186,23,78,2025
202512,2629063000,남구 감만2동,40대,292,30,125,2025
202512,2629063000,남구 감만2동,50대,550,65,171,2025
202512,2629063000,남구 감만2동,60대이상,1414,64,421,2025
202512,2629064500,남구 우암동,20대,615,100,301,2025
202512,2629064500,남구 우암동,20대미만,746,69,183,2025
202512,2629064500,남구 우암동,30대,638,120,402,2025
202512,2629064500,남구 우암동,40대,967,176,464,2025
202512,2629064500,남구 우암동,50대,1354,277,771,2025
202512,2629064500,남구 우암동,60대이상,4696,222,1461,2025
202512,2629068000,남구 문현1동,20대,510,43,217,2025
202512,2629068000,남구 문현1동,20대미만,555,87,208,2025
202512,2629068000,남구 문현1동,30대,417,47,305,2025
202512,2629068000,남구 문현1동,40대,717,87,320,2025
202512,2629068000,남구 문현1동,50대,1022,143,353,2025
202512,2629068000,남구 문현1동,60대이상,2774,131,671,2025
202512,2629069000,남구 문현2동,20대,352,289,441,2025
202512,2629069000,남구 문현2동,20대미만,172,58,201,2025
202512,2629069000,남구 문현2동,30대,587,636,489,2025
202512,2629069000,남구 문현2동,40대,457,502,430,2025
202512,2629069000,남구 문현2동,50대,477,401,504,2025
202512,2629069000,남구 문현2동,60대이상,1658,216,738,2025
202512,2629070000,남구 문현3동,20대,628,66,633,2025
202512,2629070000,남구 문현3동,20대미만,604,69,740,2025
202512,2629070000,남구 문현3동,30대,1005,124,657,2025
202512,2629070000,남구 문현3동,40대,1086,156,923,2025
202512,2629070000,남구 문현3동,50대,1151,175,1315,2025
202512,2629070000,남구 문현3동,60대이상,3386,195,2539,2025
202512,2629071000,남구 문현4동,20대,394,75,205,2025
202512,2629071000,남구 문현4동,20대미만,309,52,145,2025
202512,2629071000,남구 문현4동,30대,515,103,287,2025
202512,2629071000,남구 문현4동,40대,478,89,271,2025
202512,2629071000,남구 문현4동,50대,671,124,298,2025
202512,2629071000,남구 문현4동,60대이상,1735,116,470,2025
202512,2632051000,북구 구포1동,20대,911,106,427,2025
202512,2632051000,북구 구포1동,20대미만,672,5,180,2025
202512,2632051000,북구 구포1동,30대,1358,171,513,2025
202512,2632051000,북구 구포1동,40대,1283,184,542,2025
202512,2632051000,북구 구포1동,50대,1716,374,919,2025
202512,2632051000,북구 구포1동,60대이상,4846,461,2290,2025
202512,2632052000,북구 구포2동,20대,1480,164,335,2025
202512,2632052000,북구 구포2동,20대미만,1219,169,194,2025
202512,2632052000,북구 구포2동,30대,1818,264,392,2025
202512,2632052000,북구 구포2동,40대,2025,300,397,2025
202512,2632052000,북구 구포2동,50대,3024,426,592,2025
202512,2632052000,북구 구포2동,60대이상,7309,339,1153,2025
202512,2632052100,북구 구포3동,20대,1234,126,206,2025
202512,2632052100,북구 구포3동,20대미만,1050,158,141,2025
202512,2632052100,북구 구포3동,30대,1132,106,216,2025
202512,2632052100,북구 구포3동,40대,1500,150,209,2025
202512,2632052100,북구 구포3동,50대,2517,271,369,2025
202512,2632052100,북구 구포3동,60대이상,5930,253,667,2025
202512,2632053000,북구 금곡동,20대,2056,222,365,2025
202512,2632053000,북구 금곡동,20대미만,2215,158,322,2025
202512,2632053000,북구 금곡동,30대,2185,256,509,2025
202512,2632053000,북구 금곡동,40대,2632,294,565,2025
202512,2632053000,북구 금곡동,50대,4384,491,849,2025
202512,2632053000,북구 금곡동,60대이상,12116,442,1509,2025
202512,2632054100,북구 화명1동,20대,2444,220,916,2025
202512,2632054100,북구 화명1동,20대미만,2902,68,1056,2025
202512,2632054100,북구 화명1동,30대,3408,252,1188,2025
202512,2632054100,북구 화명1동,40대,3238,284,1141,2025
202512,2632054100,북구 화명1동,50대,4675,386,1413,2025
202512,2632054100,북구 화명1동,60대이상,8441,428,2431,2025
202512,2632054200,북구 화명2동,20대,1215,139,304,2025
202512,2632054200,북구 화명2동,20대미만,1370,110,252,2025
202512,2632054200,북구 화명2동,30대,1448,149,388,2025
202512,2632054200,북구 화명2동,40대,1448,173,391,2025
202512,2632054200,북구 화명2동,50대,2150,252,544,2025
202512,2632054200,북구 화명2동,60대이상,4577,256,969,2025
202512,2632054300,북구 화명3동,20대,1808,372,770,2025
202512,2632054300,북구 화명3동,20대미만,2510,351,632,2025
202512,2632054300,북구 화명3동,30대,1706,349,751,2025
202512,2632054300,북구 화명3동,40대,2441,364,709,2025
202512,2632054300,북구 화명3동,50대,3273,511,1001,2025
202512,2632054300,북구 화명3동,60대이상,4957,348,1584,2025
202512,2632055000,북구 덕천1동,20대,854,160,351,2025
202512,2632055000,북구 덕천1동,20대미만,489,39,191,2025
202512,2632055000,북구 덕천1동,30대,1445,174,408,2025
202512,2632055000,북구 덕천1동,40대,1087,197,409,2025
202512,2632055000,북구 덕천1동,50대,1471,260,606,2025
202512,2632055000,북구 덕천1동,60대이상,4196,260,1240,2025
202512,2632056000,북구 덕천2동,20대,763,321,821,2025
202512,2632056000,북구 덕천2동,20대미만,494,119,492,2025
202512,2632056000,북구 덕천2동,30대,866,439,945,2025
202512,2632056000,북구 덕천2동,40대,785,390,852,2025
202512,2632056000,북구 덕천2동,50대,1201,478,1190,2025
202512,2632056000,북구 덕천2동,60대이상,3559,439,2107,2025
202512,2632056100,북구 덕천3동,20대,417,20,81,2025
202512,2632056100,북구 덕천3동,20대미만,201,8,58,2025
202512,2632056100,북구 덕천3동,30대,480,34,103,2025
202512,2632056100,북구 덕천3동,40대,493,39,116,2025
202512,2632056100,북구 덕천3동,50대,911,102,170,2025
202512,2632056100,북구 덕천3동,60대이상,2711,76,401,2025
202512,2632057100,북구 만덕1동,20대,773,84,211,2025
202512,2632057100,북구 만덕1동,20대미만,992,104,131,2025
202512,2632057100,북구 만덕1동,30대,1793,132,325,2025
202512,2632057100,북구 만덕1동,40대,1737,130,310,2025
202512,2632057100,북구 만덕1동,50대,1485,146,360,2025
202512,2632057100,북구 만덕1동,60대이상,4069,179,769,2025
202512,2632057200,북구 만덕2동,20대,1499,144,308,2025
202512,2632057200,북구 만덕2동,20대미만,2250,156,286,2025
202512,2632057200,북구 만덕2동,30대,2161,190,445,2025
202512,2632057200,북구 만덕2동,40대,2657,248,413,2025
202512,2632057200,북구 만덕2동,50대,2903,291,556,2025
202512,2632057200,북구 만덕2동,60대이상,6871,284,1082,2025
202512,2632057300,북구 만덕3동,20대,940,95,218,2025
202512,2632057300,북구 만덕3동,20대미만,859,29,232,2025
202512,2632057300,북구 만덕3동,30대,1083,62,287,2025
202512,2632057300,북구 만덕3동,40대,1203,129,289,2025
202512,2632057300,북구 만덕3동,50대,1864,156,369,2025
202512,2632057300,북구 만덕3동,60대이상,5112,228,748,2025
202512,2635051000,해운대구 우1동,20대,1644,631,2368,2025
202512,2635051000,해운대구 우1동,20대미만,1930,507,1421,2025
202512,2635051000,해운대구 우1동,30대,2135,669,2412,2025
202512,2635051000,해운대구 우1동,40대,2585,616,2385,2025
202512,2635051000,해운대구 우1동,50대,2822,677,2319,2025
202512,2635051000,해운대구 우1동,60대이상,6000,612,3185,2025
202512,2635052000,해운대구 우2동,20대,1510,1755,2481,2025
202512,2635052000,해운대구 우2동,20대미만,2168,467,1844,2025
202512,2635052000,해운대구 우2동,30대,2250,2225,3082,2025
202512,2635052000,해운대구 우2동,40대,3284,1673,2687,2025
202512,2635052000,해운대구 우2동,50대,3719,1477,2454,2025
202512,2635052000,해운대구 우2동,60대이상,6661,811,2963,2025
202512,2635052500,해운대구 우3동,20대,1084,166,544,2025
202512,2635052500,해운대구 우3동,20대미만,2217,75,420,2025
202512,2635052500,해운대구 우3동,30대,1729,294,672,2025
202512,2635052500,해운대구 우3동,40대,3144,457,781,2025
202512,2635052500,해운대구 우3동,50대,3286,413,812,2025
202512,2635052500,해운대구 우3동,60대이상,6336,361,1176,2025
202512,2635053000,해운대구 중1동,20대,1818,564,2001,2025
202512,2635053000,해운대구 중1동,20대미만,1934,145,1418,2025
202512,2635053000,해운대구 중1동,30대,2273,615,2503,2025
202512,2635053000,해운대구 중1동,40대,3027,694,2401,2025
202512,2635053000,해운대구 중1동,50대,3388,786,2434,2025
202512,2635053000,해운대구 중1동,60대이상,5939,656,3106,2025
202512,2635054000,해운대구 중2동,20대,835,125,492,2025
202512,2635054000,해운대구 중2동,20대미만,1304,67,319,2025
202512,2635054000,해운대구 중2동,30대,1284,189,636,2025
202512,2635054000,해운대구 중2동,40대,1768,197,629,2025
202512,2635054000,해운대구 중2동,50대,1857,225,773,2025
202512,2635054000,해운대구 중2동,60대이상,4020,222,1211,2025
202512,2635055100,해운대구 좌1동,20대,725,207,644,2025
202512,2635055100,해운대구 좌1동,20대미만,834,31,500,2025
202512,2635055100,해운대구 좌1동,30대,1016,236,674,2025
202512,2635055100,해운대구 좌1동,40대,1057,237,717,2025
202512,2635055100,해운대구 좌1동,50대,1665,359,966,2025
202512,2635055100,해운대구 좌1동,60대이상,2864,299,1347,2025
202512,2635055200,해운대구 좌2동,20대,2386,244,539,2025
202512,2635055200,해운대구 좌2동,20대미만,2230,129,484,2025
202512,2635055200,해운대구 좌2동,30대,2829,285,619,2025
202512,2635055200,해운대구 좌2동,40대,2938,338,539,2025
202512,2635055200,해운대구 좌2동,50대,3714,421,664,2025
202512,2635055200,해운대구 좌2동,60대이상,6949,318,1120,2025
202512,2635055300,해운대구 좌3동,20대,951,67,268,2025
202512,2635055300,해운대구 좌3동,20대미만,1228,228,325,2025
202512,2635055300,해운대구 좌3동,30대,1052,111,277,2025
202512,2635055300,해운대구 좌3동,40대,1371,125,279,2025
202512,2635055300,해운대구 좌3동,50대,2028,153,415,2025
202512,2635055300,해운대구 좌3동,60대이상,4399,157,823,2025
202512,2635055400,해운대구 좌4동,20대,1557,321,638,2025
202512,2635055400,해운대구 좌4동,20대미만,2604,326,441,2025
202512,2635055400,해운대구 좌4동,30대,1559,324,637,2025
202512,2635055400,해운대구 좌4동,40대,2271,386,704,2025
202512,2635055400,해운대구 좌4동,50대,2802,445,938,2025
202512,2635055400,해운대구 좌4동,60대이상,4860,356,1749,2025
202512,2635056000,해운대구 송정동,20대,449,232,1168,2025
202512,2635056000,해운대구 송정동,20대미만,491,144,733,2025
202512,2635056000,해운대구 송정동,30대,659,297,1366,2025
202512,2635056000,해운대구 송정동,40대,796,271,1324,2025
202512,2635056000,해운대구 송정동,50대,1019,363,1272,2025
202512,2635056000,해운대구 송정동,60대이상,3214,324,1731,2025
202512,2635057000,해운대구 반여1동,20대,2398,316,525,2025
202512,2635057000,해운대구 반여1동,20대미만,4017,216,386,2025
202512,2635057000,해운대구 반여1동,30대,2759,377,639,2025
202512,2635057000,해운대구 반여1동,40대,3869,545,732,2025
202512,2635057000,해운대구 반여1동,50대,4753,642,962,2025
202512,2635057000,해운대구 반여1동,60대이상,8214,503,1571,2025
202512,2635058000,해운대구 반여2동,20대,603,46,179,2025
202512,2635058000,해운대구 반여2동,20대미만,412,26,94,2025
202512,2635058000,해운대구 반여2동,30대,758,63,178,2025
202512,2635058000,해운대구 반여2동,40대,915,83,236,2025
202512,2635058000,해운대구 반여2동,50대,1547,150,387,2025
202512,2635058000,해운대구 반여2동,60대이상,3969,131,864,2025
202512,2635059000,해운대구 반여3동,20대,358,17,55,2025
202512,2635059000,해운대구 반여3동,20대미만,171,14,31,2025
202512,2635059000,해운대구 반여3동,30대,388,31,57,2025
202512,2635059000,해운대구 반여3동,40대,466,34,79,2025
202512,2635059000,해운대구 반여3동,50대,793,66,154,2025
202512,2635059000,해운대구 반여3동,60대이상,2036,65,236,2025
202512,2635059500,해운대구 반여4동,20대,618,62,200,2025
202512,2635059500,해운대구 반여4동,20대미만,797,22,220,2025
202512,2635059500,해운대구 반여4동,30대,895,55,242,2025
202512,2635059500,해운대구 반여4동,40대,905,93,296,2025
202512,2635059500,해운대구 반여4동,50대,1269,122,382,2025
202512,2635059500,해운대구 반여4동,60대이상,2328,124,891,2025
202512,2635061000,해운대구 반송1동,20대,610,126,152,2025
202512,2635061000,해운대구 반송1동,20대미만,250,87,68,2025
202512,2635061000,해운대구 반송1동,30대,527,131,152,2025
202512,2635061000,해운대구 반송1동,40대,658,134,216,2025
202512,2635061000,해운대구 반송1동,50대,1331,241,333,2025
202512,2635061000,해운대구 반송1동,60대이상,3508,225,657,2025
202512,2635062000,해운대구 반송2동,20대,995,91,112,2025
202512,2635062000,해운대구 반송2동,20대미만,964,17,75,2025
202512,2635062000,해운대구 반송2동,30대,1055,101,161,2025
202512,2635062000,해운대구 반송2동,40대,1711,182,207,2025
202512,2635062000,해운대구 반송2동,50대,2656,286,352,2025
202512,2635062000,해운대구 반송2동,60대이상,8444,280,594,2025
202512,2635065000,해운대구 재송1동,20대,2107,416,748,2025
202512,2635065000,해운대구 재송1동,20대미만,4470,223,532,2025
202512,2635065000,해운대구 재송1동,30대,2600,597,887,2025
202512,2635065000,해운대구 재송1동,40대,4914,692,1051,2025
202512,2635065000,해운대구 재송1동,50대,4247,626,1186,2025
202512,2635065000,해운대구 재송1동,60대이상,6769,462,1793,2025
202512,2635066000,해운대구 재송2동,20대,1336,152,314,2025
202512,2635066000,해운대구 재송2동,20대미만,1303,62,219,2025
202512,2635066000,해운대구 재송2동,30대,1514,183,379,2025
202512,2635066000,해운대구 재송2동,40대,1987,220,459,2025
202512,2635066000,해운대구 재송2동,50대,2673,303,518,2025
202512,2635066000,해운대구 재송2동,60대이상,6687,240,940,2025
202512,2638051000,사하구 괴정1동,20대,973,87,337,2025
202512,2638051000,사하구 괴정1동,20대미만,1034,104,278,2025
202512,2638051000,사하구 괴정1동,30대,904,81,402,2025
202512,2638051000,사하구 괴정1동,40대,1454,112,494,2025
202512,2638051000,사하구 괴정1동,50대,1839,229,610,2025
202512,2638051000,사하구 괴정1동,60대이상,5578,195,1240,2025
202512,2638052000,사하구 괴정2동,20대,767,69,108,2025
202512,2638052000,사하구 괴정2동,20대미만,726,56,79,2025
202512,2638052000,사하구 괴정2동,30대,828,60,118,2025
202512,2638052000,사하구 괴정2동,40대,1135,76,151,2025
202512,2638052000,사하구 괴정2동,50대,1359,119,175,2025
202512,2638052000,사하구 괴정2동,60대이상,4279,127,471,2025
202512,2638053000,사하구 괴정3동,20대,737,217,328,2025
202512,2638053000,사하구 괴정3동,20대미만,597,56,257,2025
202512,2638053000,사하구 괴정3동,30대,730,158,304,2025
202512,2638053000,사하구 괴정3동,40대,977,189,407,2025
202512,2638053000,사하구 괴정3동,50대,1370,278,544,2025
202512,2638053000,사하구 괴정3동,60대이상,4414,309,1150,2025
202512,2638054000,사하구 괴정4동,20대,712,73,174,2025
202512,2638054000,사하구 괴정4동,20대미만,1071,101,283,2025
202512,2638054000,사하구 괴정4동,30대,988,88,212,2025
202512,2638054000,사하구 괴정4동,40대,1512,168,339,2025
202512,2638054000,사하구 괴정4동,50대,1400,142,379,2025
202512,2638054000,사하구 괴정4동,60대이상,3420,144,801,2025
202512,2638055000,사하구 당리동,20대,1524,258,642,2025
202512,2638055000,사하구 당리동,20대미만,1507,119,460,2025
202512,2638055000,사하구 당리동,30대,1585,308,666,2025
202512,2638055000,사하구 당리동,40대,2174,442,716,2025
202512,2638055000,사하구 당리동,50대,2852,441,898,2025
202512,2638055000,사하구 당리동,60대이상,7428,401,1749,2025
202512,2638056100,사하구 하단1동,20대,1912,182,409,2025
202512,2638056100,사하구 하단1동,20대미만,1171,68,200,2025
202512,2638056100,사하구 하단1동,30대,1895,167,450,2025
202512,2638056100,사하구 하단1동,40대,1952,216,437,2025
202512,2638056100,사하구 하단1동,50대,2373,254,589,2025
202512,2638056100,사하구 하단1동,60대이상,5715,306,1081,2025
202512,2638056200,사하구 하단2동,20대,3262,1403,1343,2025
202512,2638056200,사하구 하단2동,20대미만,1733,322,574,2025
202512,2638056200,사하구 하단2동,30대,2246,470,889,2025
202512,2638056200,사하구 하단2동,40대,2227,427,788,2025
202512,2638056200,사하구 하단2동,50대,2835,486,909,2025
202512,2638056200,사하구 하단2동,60대이상,6051,373,1360,2025
202512,2638057100,사하구 신평1동,20대,778,179,267,2025
202512,2638057100,사하구 신평1동,20대미만,968,124,317,2025
202512,2638057100,사하구 신평1동,30대,964,280,425,2025
202512,2638057100,사하구 신평1동,40대,1343,328,503,2025
202512,2638057100,사하구 신평1동,50대,1860,418,655,2025
202512,2638057100,사하구 신평1동,60대이상,5023,315,877,2025
202512,2638057200,사하구 신평2동,20대,1089,189,298,2025
202512,2638057200,사하구 신평2동,20대미만,1168,54,222,2025
202512,2638057200,사하구 신평2동,30대,1545,334,485,2025
202512,2638057200,사하구 신평2동,40대,1683,396,530,2025
202512,2638057200,사하구 신평2동,50대,2100,459,643,2025
202512,2638057200,사하구 신평2동,60대이상,4341,377,1074,2025
202512,2638058000,사하구 장림1동,20대,746,193,268,2025
202512,2638058000,사하구 장림1동,20대미만,1199,76,210,2025
202512,2638058000,사하구 장림1동,30대,1296,351,480,2025
202512,2638058000,사하구 장림1동,40대,1709,415,546,2025
202512,2638058000,사하구 장림1동,50대,1556,607,701,2025
202512,2638058000,사하구 장림1동,60대이상,3005,585,1050,2025
202512,2638059000,사하구 장림2동,20대,1520,219,396,2025
202512,2638059000,사하구 장림2동,20대미만,1698,102,380,2025
202512,2638059000,사하구 장림2동,30대,1860,315,548,2025
202512,2638059000,사하구 장림2동,40대,2502,442,617,2025
202512,2638059000,사하구 장림2동,50대,3054,580,751,2025
202512,2638059000,사하구 장림2동,60대이상,6512,526,1371,2025
202512,2638060100,사하구 다대1동,20대,1982,305,398,2025
202512,2638060100,사하구 다대1동,20대미만,2918,90,248,2025
202512,2638060100,사하구 다대1동,30대,2202,472,426,2025
202512,2638060100,사하구 다대1동,40대,3829,687,552,2025
202512,2638060100,사하구 다대1동,50대,5135,818,809,2025
202512,2638060100,사하구 다대1동,60대이상,10990,661,1488,2025
202512,2638060200,사하구 다대2동,20대,1582,191,216,2025
202512,2638060200,사하구 다대2동,20대미만,2052,89,166,2025
202512,2638060200,사하구 다대2동,30대,1506,181,290,2025
202512,2638060200,사하구 다대2동,40대,2279,334,328,2025
202512,2638060200,사하구 다대2동,50대,3625,432,451,2025
202512,2638060200,사하구 다대2동,60대이상,8833,373,811,2025
202512,2638061000,사하구 구평동,20대,581,110,156,2025
202512,2638061000,사하구 구평동,20대미만,849,16,64,2025
202512,2638061000,사하구 구평동,30대,1290,237,258,2025
202512,2638061000,사하구 구평동,40대,1448,335,351,2025
202512,2638061000,사하구 구평동,50대,1333,393,433,2025
202512,2638061000,사하구 구평동,60대이상,2582,397,668,2025
202512,2638062000,사하구 감천1동,20대,855,114,178,2025
202512,2638062000,사하구 감천1동,20대미만,1008,250,250,2025
202512,2638062000,사하구 감천1동,30대,882,194,259,2025
202512,2638062000,사하구 감천1동,40대,1378,286,350,2025
202512,2638062000,사하구 감천1동,50대,1992,373,505,2025
202512,2638062000,사하구 감천1동,60대이상,6144,328,873,2025
202512,2638063000,사하구 감천2동,20대,175,19,36,2025
202512,2638063000,사하구 감천2동,20대미만,125,0,31,2025
202512,2638063000,사하구 감천2동,30대,208,28,54,2025
202512,2638063000,사하구 감천2동,40대,293,48,57,2025
202512,2638063000,사하구 감천2동,50대,620,80,105,2025
202512,2638063000,사하구 감천2동,60대이상,1758,44,181,2025
202512,2641051000,금정구 서1동,20대,166,15,48,2025
202512,2641051000,금정구 서1동,20대미만,105,9,44,2025
202512,2641051000,금정구 서1동,30대,194,29,66,2025
202512,2641051000,금정구 서1동,40대,300,35,102,2025
202512,2641051000,금정구 서1동,50대,515,61,170,2025
202512,2641051000,금정구 서1동,60대이상,1749,102,401,2025
202512,2641052000,금정구 서2동,20대,326,42,128,2025
202512,2641052000,금정구 서2동,20대미만,183,34,100,2025
202512,2641052000,금정구 서2동,30대,485,54,163,2025
202512,2641052000,금정구 서2동,40대,532,89,204,2025
202512,2641052000,금정구 서2동,50대,793,137,379,2025
202512,2641052000,금정구 서2동,60대이상,2644,227,773,2025
202512,2641053000,금정구 서3동,20대,391,48,135,2025
202512,2641053000,금정구 서3동,20대미만,217,48,101,2025
202512,2641053000,금정구 서3동,30대,505,100,178,2025
202512,2641053000,금정구 서3동,40대,651,101,198,2025
202512,2641053000,금정구 서3동,50대,1172,167,351,2025
202512,2641053000,금정구 서3동,60대이상,3703,263,911,2025
202512,2641055500,금정구 금사회동동,20대,266,211,194,2025
202512,2641055500,금정구 금사회동동,20대미만,205,56,92,2025
202512,2641055500,금정구 금사회동동,30대,343,477,381,2025
202512,2641055500,금정구 금사회동동,40대,471,554,469,2025
202512,2641055500,금정구 금사회동동,50대,693,679,727,2025
202512,2641055500,금정구 금사회동동,60대이상,2594,613,1155,2025
202512,2641057000,금정구 부곡1동,20대,316,30,124,2025
202512,2641057000,금정구 부곡1동,20대미만,318,175,126,2025
202512,2641057000,금정구 부곡1동,30대,353,47,140,2025
202512,2641057000,금정구 부곡1동,40대,540,60,177,2025
202512,2641057000,금정구 부곡1동,50대,772,98,241,2025
202512,2641057000,금정구 부곡1동,60대이상,2784,130,502,2025
202512,2641058000,금정구 부곡2동,20대,1442,257,385,2025
202512,2641058000,금정구 부곡2동,20대미만,1242,389,318,2025
202512,2641058000,금정구 부곡2동,30대,1166,254,521,2025
202512,2641058000,금정구 부곡2동,40대,1483,303,527,2025
202512,2641058000,금정구 부곡2동,50대,1972,338,591,2025
202512,2641058000,금정구 부곡2동,60대이상,4450,316,1112,2025
202512,2641059000,금정구 부곡3동,20대,1158,393,369,2025
202512,2641059000,금정구 부곡3동,20대미만,986,402,270,2025
202512,2641059000,금정구 부곡3동,30대,1074,316,388,2025
202512,2641059000,금정구 부곡3동,40대,1352,310,439,2025
202512,2641059000,금정구 부곡3동,50대,1718,350,610,2025
202512,2641059000,금정구 부곡3동,60대이상,4072,269,1075,2025
202512,2641059100,금정구 부곡4동,20대,413,45,209,2025
202512,2641059100,금정구 부곡4동,20대미만,365,14,197,2025
202512,2641059100,금정구 부곡4동,30대,613,65,249,2025
202512,2641059100,금정구 부곡4동,40대,517,71,277,2025
202512,2641059100,금정구 부곡4동,50대,814,101,393,2025
202512,2641059100,금정구 부곡4동,60대이상,2448,174,885,2025
202512,2641060000,금정구 장전1동,20대,4238,501,1050,2025
202512,2641060000,금정구 장전1동,20대미만,888,98,391,2025
202512,2641060000,금정구 장전1동,30대,1303,215,423,2025
202512,2641060000,금정구 장전1동,40대,1229,225,477,2025
202512,2641060000,금정구 장전1동,50대,1425,235,502,2025
202512,2641060000,금정구 장전1동,60대이상,3455,195,785,2025
202512,2641061000,금정구 장전2동,20대,1731,1819,1962,2025
202512,2641061000,금정구 장전2동,20대미만,2346,295,881,2025
202512,2641061000,금정구 장전2동,30대,2221,658,1029,2025
202512,2641061000,금정구 장전2동,40대,3066,720,1089,2025
202512,2641061000,금정구 장전2동,50대,2666,657,1022,2025
202512,2641061000,금정구 장전2동,60대이상,5868,481,1640,2025
202512,2641063500,금정구 선두구동,20대,49,20,59,2025
202512,2641063500,금정구 선두구동,20대미만,16,0,25,2025
202512,2641063500,금정구 선두구동,30대,35,38,104,2025
202512,2641063500,금정구 선두구동,40대,71,63,172,2025
202512,2641063500,금정구 선두구동,50대,177,94,293,2025
202512,2641063500,금정구 선두구동,60대이상,677,102,431,2025
202512,2641066500,금정구 청룡노포동,20대,396,84,295,2025
202512,2641066500,금정구 청룡노포동,20대미만,490,65,157,2025
202512,2641066500,금정구 청룡노포동,30대,470,180,321,2025
202512,2641066500,금정구 청룡노포동,40대,578,174,430,2025
202512,2641066500,금정구 청룡노포동,50대,963,271,753,2025
202512,2641066500,금정구 청룡노포동,60대이상,3329,273,1498,2025
202512,2641067000,금정구 남산동,20대,1866,372,489,2025
202512,2641067000,금정구 남산동,20대미만,1154,110,333,2025
202512,2641067000,금정구 남산동,30대,1427,217,414,2025
202512,2641067000,금정구 남산동,40대,1617,322,475,2025
202512,2641067000,금정구 남산동,50대,2840,470,760,2025
202512,2641067000,금정구 남산동,60대이상,7698,427,1512,2025
202512,2641068000,금정구 구서1동,20대,791,151,367,2025
202512,2641068000,금정구 구서1동,20대미만,1011,300,326,2025
202512,2641068000,금정구 구서1동,30대,1205,207,417,2025
202512,2641068000,금정구 구서1동,40대,1203,256,533,2025
202512,2641068000,금정구 구서1동,50대,1609,285,614,2025
202512,2641068000,금정구 구서1동,60대이상,4015,266,941,2025
202512,2641069000,금정구 구서2동,20대,1882,213,940,2025
202512,2641069000,금정구 구서2동,20대미만,2380,108,605,2025
202512,2641069000,금정구 구서2동,30대,2073,251,849,2025
202512,2641069000,금정구 구서2동,40대,2804,380,903,2025
202512,2641069000,금정구 구서2동,50대,3833,485,1310,2025
202512,2641069000,금정구 구서2동,60대이상,8945,509,2959,2025
202512,2641070000,금정구 금성동,20대,41,14,38,2025
202512,2641070000,금정구 금성동,20대미만,62,8,46,2025
202512,2641070000,금정구 금성동,30대,30,13,55,2025
202512,2641070000,금정구 금성동,40대,82,10,97,2025
202512,2641070000,금정구 금성동,50대,97,26,140,2025
202512,2641070000,금정구 금성동,60대이상,326,34,285,2025
202512,2644051000,강서구 대저1동,20대,433,344,372,2025
202512,2644051000,강서구 대저1동,20대미만,179,98,148,2025
202512,2644051000,강서구 대저1동,30대,315,596,555,2025
202512,2644051000,강서구 대저1동,40대,379,675,666,2025
202512,2644051000,강서구 대저1동,50대,628,792,834,2025
202512,2644051000,강서구 대저1동,60대이상,2722,661,1345,2025
202512,2644052000,강서구 대저2동,20대,745,571,3547,2025
202512,2644052000,강서구 대저2동,20대미만,465,71,1492,2025
202512,2644052000,강서구 대저2동,30대,515,948,3991,2025
202512,2644052000,강서구 대저2동,40대,523,965,3651,2025
202512,2644052000,강서구 대저2동,50대,614,1258,3793,2025
202512,2644052000,강서구 대저2동,60대이상,2212,860,3709,2025
202512,2644053000,강서구 강동동,20대,298,77,185,2025
202512,2644053000,강서구 강동동,20대미만,809,23,175,2025
202512,2644053000,강서구 강동동,30대,2326,276,447,2025
202512,2644053000,강서구 강동동,40대,1404,275,484,2025
202512,2644053000,강서구 강동동,50대,541,276,546,2025
202512,2644053000,강서구 강동동,60대이상,1907,343,834,2025
202512,2644053500,강서구 명지1동,20대,2455,637,902,2025
202512,2644053500,강서구 명지1동,20대미만,7597,207,573,2025
202512,2644053500,강서구 명지1동,30대,7367,1167,1619,2025
202512,2644053500,강서구 명지1동,40대,9476,1497,1622,2025
202512,2644053500,강서구 명지1동,50대,3989,883,1301,2025
202512,2644053500,강서구 명지1동,60대이상,6266,580,1563,2025
202512,2644054500,강서구 명지2동,20대,1386,259,383,2025
202512,2644054500,강서구 명지2동,20대미만,4820,134,329,2025
202512,2644054500,강서구 명지2동,30대,2305,448,613,2025
202512,2644054500,강서구 명지2동,40대,5114,770,625,2025
202512,2644054500,강서구 명지2동,50대,3173,463,510,2025
202512,2644054500,강서구 명지2동,60대이상,3884,241,660,2025
202512,2644055000,강서구 가락동,20대,37,49,83,2025
202512,2644055000,강서구 가락동,20대미만,107,14,27,2025
202512,2644055000,강서구 가락동,30대,99,112,150,2025
202512,2644055000,강서구 가락동,40대,115,142,184,2025
202512,2644055000,강서구 가락동,50대,223,213,273,2025
202512,2644055000,강서구 가락동,60대이상,1089,198,441,2025
202512,2644056000,강서구 녹산동,20대,913,1255,1014,2025
202512,2644056000,강서구 녹산동,20대미만,1878,98,259,2025
202512,2644056000,강서구 녹산동,30대,2037,2945,1924,2025
202512,2644056000,강서구 녹산동,40대,2644,3745,2553,2025
202512,2644056000,강서구 녹산동,50대,1740,3137,2607,2025
202512,2644056000,강서구 녹산동,60대이상,3436,2057,2594,2025
202512,2644058000,강서구 가덕도동,20대,109,83,292,2025
202512,2644058000,강서구 가덕도동,20대미만,112,30,67,2025
202512,2644058000,강서구 가덕도동,30대,241,179,513,2025
202512,2644058000,강서구 가덕도동,40대,308,208,898,2025
202512,2644058000,강서구 가덕도동,50대,469,187,963,2025
202512,2644058000,강서구 가덕도동,60대이상,1733,127,793,2025
202512,2644059000, ,20대,771,98,205,2025
202512,2644059000, ,20대미만,1080,66,153,2025
202512,2644059000, ,30대,1061,159,303,2025
202512,2644059000, ,40대,1383,227,457,2025
202512,2644059000, ,50대,1355,233,428,2025
202512,2644059000, ,60대이상,2037,136,476,2025
202512,2647061000,연제구 거제1동,20대,1672,518,637,2025
202512,2647061000,연제구 거제1동,20대미만,2065,262,629,2025
202512,2647061000,연제구 거제1동,30대,1746,709,756,2025
202512,2647061000,연제구 거제1동,40대,2835,942,975,2025
202512,2647061000,연제구 거제1동,50대,3111,968,1059,2025
202512,2647061000,연제구 거제1동,60대이상,6164,699,1690,2025
202512,2647062000,연제구 거제2동,20대,1366,187,386,2025
202512,2647062000,연제구 거제2동,20대미만,2645,188,462,2025
202512,2647062000,연제구 거제2동,30대,2123,238,499,2025
202512,2647062000,연제구 거제2동,40대,3151,387,698,2025
202512,2647062000,연제구 거제2동,50대,2540,406,762,2025
202512,2647062000,연제구 거제2동,60대이상,3626,264,1434,2025
202512,2647063000,연제구 거제3동,20대,555,81,756,2025
202512,2647063000,연제구 거제3동,20대미만,368,7,286,2025
202512,2647063000,연제구 거제3동,30대,578,111,1062,2025
202512,2647063000,연제구 거제3동,40대,569,139,1049,2025
202512,2647063000,연제구 거제3동,50대,1064,189,1168,2025
202512,2647063000,연제구 거제3동,60대이상,2255,179,1288,2025
202512,2647064000,연제구 거제4동,20대,577,41,196,2025
202512,2647064000,연제구 거제4동,20대미만,838,79,276,2025
202512,2647064000,연제구 거제4동,30대,542,59,370,2025
202512,2647064000,연제구 거제4동,40대,838,90,425,2025
202512,2647064000,연제구 거제4동,50대,1097,135,372,2025
202512,2647064000,연제구 거제4동,60대이상,2732,124,576,2025
202512,2647065000,연제구 연산1동,20대,724,165,444,2025
202512,2647065000,연제구 연산1동,20대미만,1062,139,400,2025
202512,2647065000,연제구 연산1동,30대,1180,249,598,2025
202512,2647065000,연제구 연산1동,40대,1433,262,596,2025
202512,2647065000,연제구 연산1동,50대,1449,350,715,2025
202512,2647065000,연제구 연산1동,60대이상,3760,342,1325,2025
202512,2647066000,연제구 연산2동,20대,1530,205,934,2025
202512,2647066000,연제구 연산2동,20대미만,1258,185,876,2025
202512,2647066000,연제구 연산2동,30대,2956,486,1860,2025
202512,2647066000,연제구 연산2동,40대,2149,470,1568,2025
202512,2647066000,연제구 연산2동,50대,2021,459,1460,2025
202512,2647066000,연제구 연산2동,60대이상,4795,310,3009,2025
202512,2647067000,연제구 연산3동,20대,272,21,62,2025
202512,2647067000,연제구 연산3동,20대미만,191,36,68,2025
202512,2647067000,연제구 연산3동,30대,526,21,121,2025
202512,2647067000,연제구 연산3동,40대,602,30,132,2025
202512,2647067000,연제구 연산3동,50대,608,55,117,2025
202512,2647067000,연제구 연산3동,60대이상,1656,55,284,2025
202512,2647068000,연제구 연산4동,20대,1194,209,929,2025
202512,2647068000,연제구 연산4동,20대미만,728,15,274,2025
202512,2647068000,연제구 연산4동,30대,1593,243,1081,2025
202512,2647068000,연제구 연산4동,40대,1630,288,1023,2025
202512,2647068000,연제구 연산4동,50대,1890,407,1200,2025
202512,2647068000,연제구 연산4동,60대이상,5209,371,2394,2025
202512,2647069000,연제구 연산5동,20대,1541,298,822,2025
202512,2647069000,연제구 연산5동,20대미만,371,39,166,2025
202512,2647069000,연제구 연산5동,30대,1832,514,920,2025
202512,2647069000,연제구 연산5동,40대,1146,561,736,2025
202512,2647069000,연제구 연산5동,50대,1222,638,966,2025
202512,2647069000,연제구 연산5동,60대이상,2876,534,1573,2025
202512,2647070000,연제구 연산6동,20대,677,87,443,2025
202512,2647070000,연제구 연산6동,20대미만,635,142,294,2025
202512,2647070000,연제구 연산6동,30대,981,116,632,2025
202512,2647070000,연제구 연산6동,40대,1095,151,643,2025
202512,2647070000,연제구 연산6동,50대,1370,180,806,2025
202512,2647070000,연제구 연산6동,60대이상,4131,226,1827,2025
202512,2647072000,연제구 연산8동,20대,379,50,307,2025
202512,2647072000,연제구 연산8동,20대미만,592,80,349,2025
202512,2647072000,연제구 연산8동,30대,601,80,351,2025
202512,2647072000,연제구 연산8동,40대,770,94,444,2025
202512,2647072000,연제구 연산8동,50대,1123,138,581,2025
202512,2647072000,연제구 연산8동,60대이상,2264,119,1291,2025
202512,2647073000,연제구 연산9동,20대,1970,252,512,2025
202512,2647073000,연제구 연산9동,20대미만,2323,101,362,2025
202512,2647073000,연제구 연산9동,30대,2373,337,669,2025
202512,2647073000,연제구 연산9동,40대,3092,498,784,2025
202512,2647073000,연제구 연산9동,50대,3878,608,969,2025
202512,2647073000,연제구 연산9동,60대이상,9247,463,1562,2025
202512,2650066000,수영구 남천1동,20대,1126,336,755,2025
202512,2650066000,수영구 남천1동,20대미만,1278,193,686,2025
202512,2650066000,수영구 남천1동,30대,1400,478,932,2025
202512,2650066000,수영구 남천1동,40대,1530,501,1028,2025
202512,2650066000,수영구 남천1동,50대,1787,526,1207,2025
202512,2650066000,수영구 남천1동,60대이상,3776,453,1948,2025
202512,2650067000,수영구 남천2동,20대,585,70,583,2025
202512,2650067000,수영구 남천2동,20대미만,639,33,278,2025
202512,2650067000,수영구 남천2동,30대,881,98,618,2025
202512,2650067000,수영구 남천2동,40대,1121,128,617,2025
202512,2650067000,수영구 남천2동,50대,1590,118,601,2025
202512,2650067000,수영구 남천2동,60대이상,3058,128,989,2025
202512,2650073000,수영구 수영동,20대,910,140,422,2025
202512,2650073000,수영구 수영동,20대미만,549,53,204,2025
202512,2650073000,수영구 수영동,30대,1050,212,485,2025
202512,2650073000,수영구 수영동,40대,1055,163,469,2025
202512,2650073000,수영구 수영동,50대,1377,285,657,2025
202512,2650073000,수영구 수영동,60대이상,5056,312,1277,2025
202512,2650074000,수영구 망미1동,20대,1359,189,376,2025
202512,2650074000,수영구 망미1동,20대미만,1678,84,282,2025
202512,2650074000,수영구 망미1동,30대,1795,235,490,2025
202512,2650074000,수영구 망미1동,40대,2390,268,489,2025
202512,2650074000,수영구 망미1동,50대,2694,317,580,2025
202512,2650074000,수영구 망미1동,60대이상,8753,414,1187,2025
202512,2650075000,수영구 망미2동,20대,450,49,232,2025
202512,2650075000,수영구 망미2동,20대미만,441,26,185,2025
202512,2650075000,수영구 망미2동,30대,482,81,293,2025
202512,2650075000,수영구 망미2동,40대,758,87,397,2025
202512,2650075000,수영구 망미2동,50대,1088,112,476,2025
202512,2650075000,수영구 망미2동,60대이상,2200,110,833,2025
202512,2650076000,수영구 광안1동,20대,2248,160,564,2025
202512,2650076000,수영구 광안1동,20대미만,752,33,201,2025
202512,2650076000,수영구 광안1동,30대,2616,208,497,2025
202512,2650076000,수영구 광안1동,40대,1341,204,406,2025
202512,2650076000,수영구 광안1동,50대,1416,219,488,2025
202512,2650076000,수영구 광안1동,60대이상,4045,226,1019,2025
202512,2650077000,수영구 광안2동,20대,1340,321,1871,2025
202512,2650077000,수영구 광안2동,20대미만,857,136,510,2025
202512,2650077000,수영구 광안2동,30대,1624,400,1353,2025
202512,2650077000,수영구 광안2동,40대,1387,296,875,2025
202512,2650077000,수영구 광안2동,50대,1546,325,888,2025
202512,2650077000,수영구 광안2동,60대이상,3824,299,1283,2025
202512,2650078000,수영구 광안3동,20대,1049,145,732,2025
202512,2650078000,수영구 광안3동,20대미만,306,21,273,2025
202512,2650078000,수영구 광안3동,30대,997,185,656,2025
202512,2650078000,수영구 광안3동,40대,745,210,591,2025
202512,2650078000,수영구 광안3동,50대,815,212,662,2025
202512,2650078000,수영구 광안3동,60대이상,2523,221,1409,2025
202512,2650079000,수영구 광안4동,20대,869,106,632,2025
202512,2650079000,수영구 광안4동,20대미만,619,208,418,2025
202512,2650079000,수영구 광안4동,30대,1029,116,732,2025
202512,2650079000,수영구 광안4동,40대,1156,138,749,2025
202512,2650079000,수영구 광안4동,50대,1384,149,778,2025
202512,2650079000,수영구 광안4동,60대이상,3319,157,1474,2025
202512,2650080000,수영구 민락동,20대,1595,315,2080,2025
202512,2650080000,수영구 민락동,20대미만,1328,56,645,2025
202512,2650080000,수영구 민락동,30대,2452,363,1566,2025
202512,2650080000,수영구 민락동,40대,2583,371,1091,2025
202512,2650080000,수영구 민락동,50대,2994,415,1165,2025
202512,2650080000,수영구 민락동,60대이상,7066,400,1689,2025
202512,2653058000,사상구 삼락동,20대,208,129,255,2025
202512,2653058000,사상구 삼락동,20대미만,182,37,180,2025
202512,2653058000,사상구 삼락동,30대,272,280,387,2025
202512,2653058000,사상구 삼락동,40대,311,369,452,2025
202512,2653058000,사상구 삼락동,50대,643,554,716,2025
202512,2653058000,사상구 삼락동,60대이상,1787,523,1234,2025
202512,2653059100,사상구 모라1동,20대,1420,289,354,2025
202512,2653059100,사상구 모라1동,20대미만,1251,85,201,2025
202512,2653059100,사상구 모라1동,30대,1995,494,472,2025
202512,2653059100,사상구 모라1동,40대,1664,481,501,2025
202512,2653059100,사상구 모라1동,50대,3016,747,740,2025
202512,2653059100,사상구 모라1동,60대이상,8397,787,1417,2025
202512,2653059300,사상구 모라3동,20대,290,47,88,2025
202512,2653059300,사상구 모라3동,20대미만,274,47,86,2025
202512,2653059300,사상구 모라3동,30대,398,45,99,2025
202512,2653059300,사상구 모라3동,40대,613,59,164,2025
202512,2653059300,사상구 모라3동,50대,1108,147,242,2025
202512,2653059300,사상구 모라3동,60대이상,4492,181,557,2025
202512,2653060000,사상구 덕포1동,20대,562,70,218,2025
202512,2653060000,사상구 덕포1동,20대미만,663,82,134,2025
202512,2653060000,사상구 덕포1동,30대,1021,82,251,2025
202512,2653060000,사상구 덕포1동,40대,918,132,222,2025
202512,2653060000,사상구 덕포1동,50대,1120,185,314,2025
202512,2653060000,사상구 덕포1동,60대이상,2640,155,599,2025
202512,2653061000,사상구 덕포2동,20대,757,179,488,2025
202512,2653061000,사상구 덕포2동,20대미만,791,113,298,2025
202512,2653061000,사상구 덕포2동,30대,819,232,423,2025
202512,2653061000,사상구 덕포2동,40대,946,324,407,2025
202512,2653061000,사상구 덕포2동,50대,1460,442,614,2025
202512,2653061000,사상구 덕포2동,60대이상,3762,409,949,2025
202512,2653062000,사상구 괘법동,20대,2741,709,1399,2025
202512,2653062000,사상구 괘법동,20대미만,678,82,445,2025
202512,2653062000,사상구 괘법동,30대,2795,567,1117,2025
202512,2653062000,사상구 괘법동,40대,1786,613,1041,2025
202512,2653062000,사상구 괘법동,50대,2634,793,1342,2025
202512,2653062000,사상구 괘법동,60대이상,5147,704,2244,2025
202512,2653064500,사상구 감전동,20대,597,377,450,2025
202512,2653064500,사상구 감전동,20대미만,276,31,137,2025
202512,2653064500,사상구 감전동,30대,862,726,575,2025
202512,2653064500,사상구 감전동,40대,884,743,650,2025
202512,2653064500,사상구 감전동,50대,1445,947,925,2025
202512,2653064500,사상구 감전동,60대이상,3802,929,1369,2025
202512,2653065000,사상구 주례1동,20대,1062,179,339,2025
202512,2653065000,사상구 주례1동,20대미만,1172,24,102,2025
202512,2653065000,사상구 주례1동,30대,1498,290,419,2025
202512,2653065000,사상구 주례1동,40대,1495,300,382,2025
202512,2653065000,사상구 주례1동,50대,2014,402,521,2025
202512,2653065000,사상구 주례1동,60대이상,4339,404,1235,2025
202512,2653066000,사상구 주례2동,20대,2359,664,789,2025
202512,2653066000,사상구 주례2동,20대미만,1582,241,314,2025
202512,2653066000,사상구 주례2동,30대,1731,311,492,2025
202512,2653066000,사상구 주례2동,40대,1906,322,537,2025
202512,2653066000,사상구 주례2동,50대,2318,375,741,2025
202512,2653066000,사상구 주례2동,60대이상,5313,317,1447,2025
202512,2653066100,사상구 주례3동,20대,345,57,149,2025
202512,2653066100,사상구 주례3동,20대미만,346,45,82,2025
202512,2653066100,사상구 주례3동,30대,396,82,175,2025
202512,2653066100,사상구 주례3동,40대,460,97,195,2025
202512,2653066100,사상구 주례3동,50대,739,106,243,2025
202512,2653066100,사상구 주례3동,60대이상,1971,95,385,2025
202512,2653067000,사상구 학장동,20대,1387,311,380,2025
202512,2653067000,사상구 학장동,20대미만,1399,112,220,2025
202512,2653067000,사상구 학장동,30대,1584,457,519,2025
202512,2653067000,사상구 학장동,40대,2291,625,598,2025
202512,2653067000,사상구 학장동,50대,3261,847,875,2025
202512,2653067000,사상구 학장동,60대이상,7705,706,1432,2025
202512,2653068000,사상구 엄궁동,20대,1414,198,272,2025
202512,2653068000,사상구 엄궁동,20대미만,2200,42,170,2025
202512,2653068000,사상구 엄궁동,30대,1832,295,418,2025
202512,2653068000,사상구 엄궁동,40대,2344,450,455,2025
202512,2653068000,사상구 엄궁동,50대,3365,579,743,2025
202512,2653068000,사상구 엄궁동,60대이상,6335,424,1114,2025
202512,2671025000,기장군 기장읍,20대,3548,819,1497,2025
202512,2671025000,기장군 기장읍,20대미만,3954,134,1062,2025
202512,2671025000,기장군 기장읍,30대,4256,1086,2369,2025
202512,2671025000,기장군 기장읍,40대,5376,1238,2485,2025
202512,2671025000,기장군 기장읍,50대,7273,1603,2684,2025
202512,2671025000,기장군 기장읍,60대이상,17714,1029,3412,2025
202512,2671025300,기장군 장안읍,20대,491,541,544,2025
202512,2671025300,기장군 장안읍,20대미만,365,221,318,2025
202512,2671025300,기장군 장안읍,30대,688,1066,953,2025
202512,2671025300,기장군 장안읍,40대,638,1227,1267,2025
202512,2671025300,기장군 장안읍,50대,997,1081,1432,2025
202512,2671025300,기장군 장안읍,60대이상,3259,628,1678,2025
202512,2671025600,기장군 정관읍,20대,4510,869,818,2025
202512,2671025600,기장군 정관읍,20대미만,14302,75,400,2025
202512,2671025600,기장군 정관읍,30대,6201,1152,940,2025
202512,2671025600,기장군 정관읍,40대,13639,2259,1210,2025
202512,2671025600,기장군 정관읍,50대,9241,1838,1339,2025
202512,2671025600,기장군 정관읍,60대이상,13739,904,1684,2025
202512,2671025900,기장군 일광읍,20대,1709,279,641,2025
202512,2671025900,기장군 일광읍,20대미만,2902,47,314,2025
202512,2671025900,기장군 일광읍,30대,3536,452,809,2025
202512,2671025900,기장군 일광읍,40대,4036,582,896,2025
202512,2671025900,기장군 일광읍,50대,3103,508,1136,2025
202512,2671025900,기장군 일광읍,60대이상,5960,384,1537,2025
202512,2671033000,기장군 철마면,20대,143,42,85,2025
202512,2671033000,기장군 철마면,20대미만,205,9,54,2025
202512,2671033000,기장군 철마면,30대,261,87,138,2025
202512,2671033000,기장군 철마면,40대,385,118,212,2025
202512,2671033000,기장군 철마면,50대,664,196,383,2025
202512,2671033000,기장군 철마면,60대이상,3147,239,813,2025
202511,2611051000,중구 중앙동,20대,507,715,1069,2025
202511,2611051000,중구 중앙동,20대미만,251,56,347,2025
202511,2611051000,중구 중앙동,30대,499,1108,1225,2025
202511,2611051000,중구 중앙동,40대,647,987,1171,2025
202511,2611051000,중구 중앙동,50대,741,983,1376,2025
202511,2611051000,중구 중앙동,60대이상,1810,626,1885,2025
202511,2611052000,중구 동광동,20대,112,69,178,2025
202511,2611052000,중구 동광동,20대미만,52,13,53,2025
202511,2611052000,중구 동광동,30대,117,105,178,2025
202511,2611052000,중구 동광동,40대,164,140,194,2025
202511,2611052000,중구 동광동,50대,245,113,238,2025
202511,2611052000,중구 동광동,60대이상,972,100,409,2025
202511,2611053000,중구 대청동,20대,480,166,299,2025
202511,2611053000,중구 대청동,20대미만,221,59,113,2025
202511,2611053000,중구 대청동,30대,384,196,284,2025
202511,2611053000,중구 대청동,40대,453,215,284,2025
202511,2611053000,중구 대청동,50대,641,210,396,2025
202511,2611053000,중구 대청동,60대이상,1978,204,698,2025
202511,2611054500,중구 보수동,20대,947,82,242,2025
202511,2611054500,중구 보수동,20대미만,313,57,104,2025
202511,2611054500,중구 보수동,30대,538,77,168,2025
202511,2611054500,중구 보수동,40대,506,93,187,2025
202511,2611054500,중구 보수동,50대,1147,177,233,2025
202511,2611054500,중구 보수동,60대이상,2191,167,593,2025
202511,2611056000,중구 부평동,20대,322,107,832,2025
202511,2611056000,중구 부평동,20대미만,148,15,204,2025
202511,2611056000,중구 부평동,30대,267,213,729,2025
202511,2611056000,중구 부평동,40대,308,212,736,2025
202511,2611056000,중구 부평동,50대,482,254,1057,2025
202511,2611056000,중구 부평동,60대이상,1485,309,2025,2025
202511,2611057000,중구 광복동,20대,29,77,223,2025
202511,2611057000,중구 광복동,20대미만,21,23,108,2025
202511,2611057000,중구 광복동,30대,32,77,190,2025
202511,2611057000,중구 광복동,40대,66,91,217,2025
202511,2611057000,중구 광복동,50대,98,136,250,2025
202511,2611057000,중구 광복동,60대이상,321,262,476,2025
202511,2611058000,중구 남포동,20대,88,204,822,2025
202511,2611058000,중구 남포동,20대미만,49,13,345,2025
202511,2611058000,중구 남포동,30대,158,294,762,2025
202511,2611058000,중구 남포동,40대,179,304,862,2025
202511,2611058000,중구 남포동,50대,342,405,1285,2025
202511,2611058000,중구 남포동,60대이상,735,756,3093,2025
202511,2611059000,중구 영주1동,20대,61,14,62,2025
202511,2611059000,중구 영주1동,20대미만,22,0,8,2025
202511,2611059000,중구 영주1동,30대,71,16,50,2025
202511,2611059000,중구 영주1동,40대,57,16,49,2025
202511,2611059000,중구 영주1동,50대,66,17,79,2025
202511,2611059000,중구 영주1동,60대이상,249,36,115,2025
202511,2611060000,중구 영주2동,20대,313,32,115,2025
202511,2611060000,중구 영주2동,20대미만,243,26,73,2025
202511,2611060000,중구 영주2동,30대,303,41,124,2025
202511,2611060000,중구 영주2동,40대,460,51,123,2025
202511,2611060000,중구 영주2동,50대,776,89,188,2025
202511,2611060000,중구 영주2동,60대이상,2516,91,477,2025
202511,2614051000,서구 동대신1동,20대,298,31,168,2025
202511,2614051000,서구 동대신1동,20대미만,227,15,153,2025
202511,2614051000,서구 동대신1동,30대,331,40,139,2025
202511,2614051000,서구 동대신1동,40대,408,53,173,2025
202511,2614051000,서구 동대신1동,50대,502,53,219,2025
202511,2614051000,서구 동대신1동,60대이상,1392,86,440,2025
202511,2614052000,서구 동대신2동,20대,172,24,45,2025
202511,2614052000,서구 동대신2동,20대미만,134,80,95,2025
202511,2614052000,서구 동대신2동,30대,186,23,50,2025
202511,2614052000,서구 동대신2동,40대,391,31,76,2025
202511,2614052000,서구 동대신2동,50대,458,55,98,2025
202511,2614052000,서구 동대신2동,60대이상,1643,46,232,2025
202511,2614053000,서구 동대신3동,20대,644,317,497,2025
202511,2614053000,서구 동대신3동,20대미만,455,182,361,2025
202511,2614053000,서구 동대신3동,30대,432,250,423,2025
202511,2614053000,서구 동대신3동,40대,559,241,561,2025
202511,2614053000,서구 동대신3동,50대,724,260,667,2025
202511,2614053000,서구 동대신3동,60대이상,2038,222,1616,2025
202511,2614054000,서구 서대신1동,20대,928,144,331,2025
202511,2614054000,서구 서대신1동,20대미만,1113,24,233,2025
202511,2614054000,서구 서대신1동,30대,1170,177,328,2025
202511,2614054000,서구 서대신1동,40대,1590,196,374,2025
202511,2614054000,서구 서대신1동,50대,1486,245,466,2025
202511,2614054000,서구 서대신1동,60대이상,3632,205,1007,2025
202511,2614056000,서구 서대신3동,20대,198,40,93,2025
202511,2614056000,서구 서대신3동,20대미만,356,102,158,2025
202511,2614056000,서구 서대신3동,30대,243,56,113,2025
202511,2614056000,서구 서대신3동,40대,380,76,164,2025
202511,2614056000,서구 서대신3동,50대,435,76,194,2025
202511,2614056000,서구 서대신3동,60대이상,993,55,434,2025
202511,2614057000,서구 서대신4동,20대,396,64,175,2025
202511,2614057000,서구 서대신4동,20대미만,546,71,125,2025
202511,2614057000,서구 서대신4동,30대,354,54,141,2025
202511,2614057000,서구 서대신4동,40대,681,82,202,2025
202511,2614057000,서구 서대신4동,50대,750,89,284,2025
202511,2614057000,서구 서대신4동,60대이상,1831,102,603,2025
202511,2614059000,서구 부민동,20대,496,192,399,2025
202511,2614059000,서구 부민동,20대미만,394,55,164,2025
202511,2614059000,서구 부민동,30대,357,65,122,2025
202511,2614059000,서구 부민동,40대,433,67,129,2025
202511,2614059000,서구 부민동,50대,497,71,198,2025
202511,2614059000,서구 부민동,60대이상,1204,60,281,2025
202511,2614061500,서구 아미동,20대,406,70,237,2025
202511,2614061500,서구 아미동,20대미만,161,3,61,2025
202511,2614061500,서구 아미동,30대,457,123,245,2025
202511,2614061500,서구 아미동,40대,346,89,222,2025
202511,2614061500,서구 아미동,50대,573,87,293,2025
202511,2614061500,서구 아미동,60대이상,2445,94,713,2025
202511,2614063000,서구 초장동,20대,158,27,126,2025
202511,2614063000,서구 초장동,20대미만,100,40,74,2025
202511,2614063000,서구 초장동,30대,159,12,62,2025
202511,2614063000,서구 초장동,40대,251,24,87,2025
202511,2614063000,서구 초장동,50대,416,42,170,2025
202511,2614063000,서구 초장동,60대이상,1675,50,352,2025
202511,2614064000,서구 충무동,20대,509,68,141,2025
202511,2614064000,서구 충무동,20대미만,263,87,95,2025
202511,2614064000,서구 충무동,30대,376,128,146,2025
202511,2614064000,서구 충무동,40대,514,152,165,2025
202511,2614064000,서구 충무동,50대,743,161,296,2025
202511,2614064000,서구 충무동,60대이상,1891,161,673,2025
202511,2614065000,서구 남부민1동,20대,118,7,42,2025
202511,2614065000,서구 남부민1동,20대미만,66,1,16,2025
202511,2614065000,서구 남부민1동,30대,151,20,42,2025
202511,2614065000,서구 남부민1동,40대,142,29,74,2025
202511,2614065000,서구 남부민1동,50대,371,47,97,2025
202511,2614065000,서구 남부민1동,60대이상,921,46,268,2025
202511,2614066000,서구 남부민2동,20대,309,68,133,2025
202511,2614066000,서구 남부민2동,20대미만,290,50,114,2025
202511,2614066000,서구 남부민2동,30대,392,63,239,2025
202511,2614066000,서구 남부민2동,40대,511,78,280,2025
202511,2614066000,서구 남부민2동,50대,886,111,389,2025
202511,2614066000,서구 남부민2동,60대이상,2911,117,861,2025
202511,2614068000,서구 암남동,20대,1184,481,714,2025
202511,2614068000,서구 암남동,20대미만,788,39,311,2025
202511,2614068000,서구 암남동,30대,1253,476,777,2025
202511,2614068000,서구 암남동,40대,1612,533,911,2025
202511,2614068000,서구 암남동,50대,1998,597,1276,2025
202511,2614068000,서구 암남동,60대이상,5101,396,2229,2025
202511,2617051000,동구 초량1동,20대,172,140,424,2025
202511,2617051000,동구 초량1동,20대미만,108,17,96,2025
202511,2617051000,동구 초량1동,30대,184,226,431,2025
202511,2617051000,동구 초량1동,40대,227,193,407,2025
202511,2617051000,동구 초량1동,50대,370,176,443,2025
202511,2617051000,동구 초량1동,60대이상,1001,113,716,2025
202511,2617052000,동구 초량2동,20대,239,101,550,2025
202511,2617052000,동구 초량2동,20대미만,172,139,208,2025
202511,2617052000,동구 초량2동,30대,220,144,503,2025
202511,2617052000,동구 초량2동,40대,351,148,459,2025
202511,2617052000,동구 초량2동,50대,544,162,577,2025
202511,2617052000,동구 초량2동,60대이상,1951,208,1009,2025
202511,2617053000,동구 초량3동,20대,960,457,1472,2025
202511,2617053000,동구 초량3동,20대미만,709,129,450,2025
202511,2617053000,동구 초량3동,30대,1495,621,1664,2025
202511,2617053000,동구 초량3동,40대,1425,536,1646,2025
202511,2617053000,동구 초량3동,50대,1160,575,1991,2025
202511,2617053000,동구 초량3동,60대이상,2124,381,2575,2025
202511,2617055000,동구 초량6동,20대,83,7,17,2025
202511,2617055000,동구 초량6동,20대미만,67,35,52,2025
202511,2617055000,동구 초량6동,30대,69,4,16,2025
202511,2617055000,동구 초량6동,40대,103,14,24,2025
202511,2617055000,동구 초량6동,50대,161,17,41,2025
202511,2617055000,동구 초량6동,60대이상,474,19,89,2025
202511,2617056000,동구 수정1동,20대,251,69,165,2025
202511,2617056000,동구 수정1동,20대미만,237,20,120,2025
202511,2617056000,동구 수정1동,30대,224,95,172,2025
202511,2617056000,동구 수정1동,40대,347,67,157,2025
202511,2617056000,동구 수정1동,50대,431,75,225,2025
202511,2617056000,동구 수정1동,60대이상,1277,70,401,2025
202511,2617057000,동구 수정2동,20대,375,73,118,2025
202511,2617057000,동구 수정2동,20대미만,336,80,114,2025
202511,2617057000,동구 수정2동,30대,570,119,141,2025
202511,2617057000,동구 수정2동,40대,634,153,188,2025
202511,2617057000,동구 수정2동,50대,782,160,263,2025
202511,2617057000,동구 수정2동,60대이상,2627,141,466,2025
202511,2617059000,동구 수정4동,20대,142,13,24,2025
202511,2617059000,동구 수정4동,20대미만,80,0,16,2025
202511,2617059000,동구 수정4동,30대,119,8,30,2025
202511,2617059000,동구 수정4동,40대,164,15,40,2025
202511,2617059000,동구 수정4동,50대,407,36,82,2025
202511,2617059000,동구 수정4동,60대이상,1389,33,144,2025
202511,2617060000,동구 수정5동,20대,237,15,44,2025
202511,2617060000,동구 수정5동,20대미만,209,29,34,2025
202511,2617060000,동구 수정5동,30대,189,30,46,2025
202511,2617060000,동구 수정5동,40대,333,41,46,2025
202511,2617060000,동구 수정5동,50대,553,58,86,2025
202511,2617060000,동구 수정5동,60대이상,2032,41,195,2025
202511,2617064500,동구 좌천동,20대,201,39,158,2025
202511,2617064500,동구 좌천동,20대미만,91,44,146,2025
202511,2617064500,동구 좌천동,30대,204,42,237,2025
202511,2617064500,동구 좌천동,40대,214,53,227,2025
202511,2617064500,동구 좌천동,50대,388,77,333,2025
202511,2617064500,동구 좌천동,60대이상,1257,74,785,2025
202511,2617065000,동구 범일1동,20대,484,72,164,2025
202511,2617065000,동구 범일1동,20대미만,297,37,75,2025
202511,2617065000,동구 범일1동,30대,594,83,220,2025
202511,2617065000,동구 범일1동,40대,692,127,176,2025
202511,2617065000,동구 범일1동,50대,1008,159,250,2025
202511,2617065000,동구 범일1동,60대이상,3870,177,573,2025
202511,2617066000,동구 범일2동,20대,506,384,583,2025
202511,2617066000,동구 범일2동,20대미만,303,19,173,2025
202511,2617066000,동구 범일2동,30대,633,649,825,2025
202511,2617066000,동구 범일2동,40대,609,811,807,2025
202511,2617066000,동구 범일2동,50대,784,929,1168,2025
202511,2617066000,동구 범일2동,60대이상,1760,875,2085,2025
202511,2617068000,동구 범일5동,20대,453,99,340,2025
202511,2617068000,동구 범일5동,20대미만,482,47,123,2025
202511,2617068000,동구 범일5동,30대,1311,159,445,2025
202511,2617068000,동구 범일5동,40대,951,187,466,2025
202511,2617068000,동구 범일5동,50대,819,211,627,2025
202511,2617068000,동구 범일5동,60대이상,1603,292,1272,2025
202511,2620053000,영도구 남항동,20대,516,188,500,2025
202511,2620053000,영도구 남항동,20대미만,388,19,240,2025
202511,2620053000,영도구 남항동,30대,567,239,585,2025
202511,2620053000,영도구 남항동,40대,732,323,716,2025
202511,2620053000,영도구 남항동,50대,1174,442,959,2025
202511,2620053000,영도구 남항동,60대이상,3967,488,1946,2025
202511,2620054000,영도구 영선1동,20대,48,10,30,2025
202511,2620054000,영도구 영선1동,20대미만,45,1,26,2025
202511,2620054000,영도구 영선1동,30대,35,13,37,2025
202511,2620054000,영도구 영선1동,40대,79,22,57,2025
202511,2620054000,영도구 영선1동,50대,98,41,110,2025
202511,2620054000,영도구 영선1동,60대이상,409,61,243,2025
202511,2620055000,영도구 영선2동,20대,312,52,183,2025
202511,2620055000,영도구 영선2동,20대미만,345,68,120,2025
202511,2620055000,영도구 영선2동,30대,385,43,131,2025
202511,2620055000,영도구 영선2동,40대,510,72,163,2025
202511,2620055000,영도구 영선2동,50대,807,93,219,2025
202511,2620055000,영도구 영선2동,60대이상,2799,98,473,2025
202511,2620058500,영도구 신선동,20대,247,27,55,2025
202511,2620058500,영도구 신선동,20대미만,183,114,104,2025
202511,2620058500,영도구 신선동,30대,255,36,69,2025
202511,2620058500,영도구 신선동,40대,453,66,97,2025
202511,2620058500,영도구 신선동,50대,752,83,156,2025
202511,2620058500,영도구 신선동,60대이상,2985,76,342,2025
202511,2620059000,영도구 봉래1동,20대,303,37,169,2025
202511,2620059000,영도구 봉래1동,20대미만,332,0,103,2025
202511,2620059000,영도구 봉래1동,30대,418,60,237,2025
202511,2620059000,영도구 봉래1동,40대,436,91,294,2025
202511,2620059000,영도구 봉래1동,50대,587,121,359,2025
202511,2620059000,영도구 봉래1동,60대이상,1948,199,702,2025
202511,2620060500,영도구 봉래2동,20대,328,40,107,2025
202511,2620060500,영도구 봉래2동,20대미만,247,30,94,2025
202511,2620060500,영도구 봉래2동,30대,379,57,112,2025
202511,2620060500,영도구 봉래2동,40대,548,111,155,2025
202511,2620060500,영도구 봉래2동,50대,750,121,204,2025
202511,2620060500,영도구 봉래2동,60대이상,2230,127,429,2025
202511,2620063000,영도구 청학1동,20대,174,45,94,2025
202511,2620063000,영도구 청학1동,20대미만,212,28,66,2025
202511,2620063000,영도구 청학1동,30대,290,53,136,2025
202511,2620063000,영도구 청학1동,40대,413,138,223,2025
202511,2620063000,영도구 청학1동,50대,588,195,287,2025
202511,2620063000,영도구 청학1동,60대이상,1816,132,576,2025
202511,2620064000,영도구 청학2동,20대,608,111,261,2025
202511,2620064000,영도구 청학2동,20대미만,722,20,133,2025
202511,2620064000,영도구 청학2동,30대,872,197,282,2025
202511,2620064000,영도구 청학2동,40대,1210,260,330,2025
202511,2620064000,영도구 청학2동,50대,1886,356,427,2025
202511,2620064000,영도구 청학2동,60대이상,4836,288,863,2025
202511,2620065000,영도구 동삼1동,20대,1750,360,469,2025
202511,2620065000,영도구 동삼1동,20대미만,1960,206,268,2025
202511,2620065000,영도구 동삼1동,30대,1689,363,435,2025
202511,2620065000,영도구 동삼1동,40대,2355,441,535,2025
202511,2620065000,영도구 동삼1동,50대,3267,537,675,2025
202511,2620065000,영도구 동삼1동,60대이상,9208,365,1080,2025
202511,2620066000,영도구 동삼2동,20대,1025,403,669,2025
202511,2620066000,영도구 동삼2동,20대미만,557,75,428,2025
202511,2620066000,영도구 동삼2동,30대,272,122,458,2025
202511,2620066000,영도구 동삼2동,40대,482,144,599,2025
202511,2620066000,영도구 동삼2동,50대,519,169,689,2025
202511,2620066000,영도구 동삼2동,60대이상,1312,80,1113,2025
202511,2620067000,영도구 동삼3동,20대,348,60,187,2025
202511,2620067000,영도구 동삼3동,20대미만,326,66,131,2025
202511,2620067000,영도구 동삼3동,30대,389,59,184,2025
202511,2620067000,영도구 동삼3동,40대,574,101,219,2025
202511,2620067000,영도구 동삼3동,50대,895,143,329,2025
202511,2620067000,영도구 동삼3동,60대이상,3529,129,590,2025
202511,2623051000,부산진구 부전1동,20대,2115,674,1617,2025
202511,2623051000,부산진구 부전1동,20대미만,380,42,367,2025
202511,2623051000,부산진구 부전1동,30대,1785,814,1397,2025
202511,2623051000,부산진구 부전1동,40대,1089,732,1207,2025
202511,2623051000,부산진구 부전1동,50대,1266,843,1679,2025
202511,2623051000,부산진구 부전1동,60대이상,2828,1115,4635,2025
202511,2623052000,부산진구 부전2동,20대,1752,1701,5700,2025
202511,2623052000,부산진구 부전2동,20대미만,334,123,1465,2025
202511,2623052000,부산진구 부전2동,30대,1790,1296,3453,2025
202511,2623052000,부산진구 부전2동,40대,1157,923,2206,2025
202511,2623052000,부산진구 부전2동,50대,1070,876,2011,2025
202511,2623052000,부산진구 부전2동,60대이상,1802,687,2615,2025
202511,2623054000,부산진구 연지동,20대,538,72,211,2025
202511,2623054000,부산진구 연지동,20대미만,622,44,174,2025
202511,2623054000,부산진구 연지동,30대,819,92,274,2025
202511,2623054000,부산진구 연지동,40대,1120,145,271,2025
202511,2623054000,부산진구 연지동,50대,1330,177,295,2025
202511,2623054000,부산진구 연지동,60대이상,3711,154,630,2025
202511,2623055000,부산진구 초읍동,20대,1179,173,398,2025
202511,2623055000,부산진구 초읍동,20대미만,1788,131,285,2025
202511,2623055000,부산진구 초읍동,30대,1639,240,612,2025
202511,2623055000,부산진구 초읍동,40대,2054,299,676,2025
202511,2623055000,부산진구 초읍동,50대,2575,432,812,2025
202511,2623055000,부산진구 초읍동,60대이상,7526,360,1556,2025
202511,2623056000,부산진구 양정1동,20대,1555,539,826,2025
202511,2623056000,부산진구 양정1동,20대미만,1195,293,391,2025
202511,2623056000,부산진구 양정1동,30대,1707,396,762,2025
202511,2623056000,부산진구 양정1동,40대,1615,400,636,2025
202511,2623056000,부산진구 양정1동,50대,2346,470,773,2025
202511,2623056000,부산진구 양정1동,60대이상,5388,426,1290,2025
202511,2623057000,부산진구 양정2동,20대,2023,281,518,2025
202511,2623057000,부산진구 양정2동,20대미만,803,285,240,2025
202511,2623057000,부산진구 양정2동,30대,2587,369,519,2025
202511,2623057000,부산진구 양정2동,40대,1728,297,425,2025
202511,2623057000,부산진구 양정2동,50대,1443,316,613,2025
202511,2623057000,부산진구 양정2동,60대이상,2566,266,1151,2025
202511,2623060000,부산진구 전포1동,20대,2730,781,2458,2025
202511,2623060000,부산진구 전포1동,20대미만,635,328,659,2025
202511,2623060000,부산진구 전포1동,30대,2641,627,1382,2025
202511,2623060000,부산진구 전포1동,40대,1390,362,708,2025
202511,2623060000,부산진구 전포1동,50대,1607,397,649,2025
202511,2623060000,부산진구 전포1동,60대이상,2675,318,792,2025
202511,2623061000,부산진구 전포2동,20대,2037,428,1681,2025
202511,2623061000,부산진구 전포2동,20대미만,896,81,469,2025
202511,2623061000,부산진구 전포2동,30대,2440,454,1174,2025
202511,2623061000,부산진구 전포2동,40대,2058,365,623,2025
202511,2623061000,부산진구 전포2동,50대,2190,421,636,2025
202511,2623061000,부산진구 전포2동,60대이상,5369,380,1149,2025
202511,2623064000,부산진구 부암1동,20대,1348,173,435,2025
202511,2623064000,부산진구 부암1동,20대미만,1259,34,202,2025
202511,2623064000,부산진구 부암1동,30대,2136,245,568,2025
202511,2623064000,부산진구 부암1동,40대,2218,329,459,2025
202511,2623064000,부산진구 부암1동,50대,2259,359,627,2025
202511,2623064000,부산진구 부암1동,60대이상,4809,275,1018,2025
202511,2623066000,부산진구 부암3동,20대,1347,132,331,2025
202511,2623066000,부산진구 부암3동,20대미만,1937,148,323,2025
202511,2623066000,부산진구 부암3동,30대,2166,170,413,2025
202511,2623066000,부산진구 부암3동,40대,2396,260,436,2025
202511,2623066000,부산진구 부암3동,50대,2822,321,614,2025
202511,2623066000,부산진구 부암3동,60대이상,5283,322,1366,2025
202511,2623067000,부산진구 당감1동,20대,1236,167,317,2025
202511,2623067000,부산진구 당감1동,20대미만,1248,165,309,2025
202511,2623067000,부산진구 당감1동,30대,1282,162,377,2025
202511,2623067000,부산진구 당감1동,40대,1616,228,441,2025
202511,2623067000,부산진구 당감1동,50대,2656,372,620,2025
202511,2623067000,부산진구 당감1동,60대이상,6382,336,1085,2025
202511,2623068000,부산진구 당감2동,20대,607,39,151,2025
202511,2623068000,부산진구 당감2동,20대미만,326,10,71,2025
202511,2623068000,부산진구 당감2동,30대,583,72,243,2025
202511,2623068000,부산진구 당감2동,40대,640,79,208,2025
202511,2623068000,부산진구 당감2동,50대,772,101,280,2025
202511,2623068000,부산진구 당감2동,60대이상,1703,88,481,2025
202511,2623070000,부산진구 당감4동,20대,479,52,187,2025
202511,2623070000,부산진구 당감4동,20대미만,622,23,221,2025
202511,2623070000,부산진구 당감4동,30대,559,69,293,2025
202511,2623070000,부산진구 당감4동,40대,758,90,322,2025
202511,2623070000,부산진구 당감4동,50대,1119,138,366,2025
202511,2623070000,부산진구 당감4동,60대이상,2633,169,668,2025
202511,2623071000,부산진구 가야1동,20대,1667,802,1225,2025
202511,2623071000,부산진구 가야1동,20대미만,1137,270,601,2025
202511,2623071000,부산진구 가야1동,30대,1084,229,633,2025
202511,2623071000,부산진구 가야1동,40대,1378,279,653,2025
202511,2623071000,부산진구 가야1동,50대,1827,416,826,2025
202511,2623071000,부산진구 가야1동,60대이상,5048,339,1441,2025
202511,2623072000,부산진구 가야2동,20대,582,61,273,2025
202511,2623072000,부산진구 가야2동,20대미만,508,89,215,2025
202511,2623072000,부산진구 가야2동,30대,584,72,323,2025
202511,2623072000,부산진구 가야2동,40대,775,98,374,2025
202511,2623072000,부산진구 가야2동,50대,1035,140,476,2025
202511,2623072000,부산진구 가야2동,60대이상,3104,158,922,2025
202511,2623074000,부산진구 개금1동,20대,2033,223,577,2025
202511,2623074000,부산진구 개금1동,20대미만,679,26,301,2025
202511,2623074000,부산진구 개금1동,30대,1804,191,431,2025
202511,2623074000,부산진구 개금1동,40대,1558,205,401,2025
202511,2623074000,부산진구 개금1동,50대,1626,281,611,2025
202511,2623074000,부산진구 개금1동,60대이상,3647,271,1095,2025
202511,2623075000,부산진구 개금2동,20대,704,194,584,2025
202511,2623075000,부산진구 개금2동,20대미만,520,23,164,2025
202511,2623075000,부산진구 개금2동,30대,534,207,466,2025
202511,2623075000,부산진구 개금2동,40대,679,165,419,2025
202511,2623075000,부산진구 개금2동,50대,972,186,534,2025
202511,2623075000,부산진구 개금2동,60대이상,2580,123,1166,2025
202511,2623076000,부산진구 개금3동,20대,1575,163,304,2025
202511,2623076000,부산진구 개금3동,20대미만,1552,101,319,2025
202511,2623076000,부산진구 개금3동,30대,1842,184,422,2025
202511,2623076000,부산진구 개금3동,40대,2279,189,406,2025
202511,2623076000,부산진구 개금3동,50대,3141,324,550,2025
202511,2623076000,부산진구 개금3동,60대이상,7752,310,1037,2025
202511,2623077000,부산진구 범천1동,20대,1467,426,1067,2025
202511,2623077000,부산진구 범천1동,20대미만,395,15,290,2025
202511,2623077000,부산진구 범천1동,30대,1702,571,1215,2025
202511,2623077000,부산진구 범천1동,40대,1043,611,1035,2025
202511,2623077000,부산진구 범천1동,50대,1162,727,1261,2025
202511,2623077000,부산진구 범천1동,60대이상,2684,683,2318,2025
202511,2623078000,부산진구 범천2동,20대,1245,144,389,2025
202511,2623078000,부산진구 범천2동,20대미만,812,14,155,2025
202511,2623078000,부산진구 범천2동,30대,2359,275,475,2025
202511,2623078000,부산진구 범천2동,40대,1931,231,403,2025
202511,2623078000,부산진구 범천2동,50대,1899,247,459,2025
202511,2623078000,부산진구 범천2동,60대이상,5491,296,973,2025
202511,2626051000,동래구 수민동,20대,1524,215,503,2025
202511,2626051000,동래구 수민동,20대미만,1277,51,476,2025
202511,2626051000,동래구 수민동,30대,2060,271,625,2025
202511,2626051000,동래구 수민동,40대,1938,320,760,2025
202511,2626051000,동래구 수민동,50대,2392,411,1116,2025
202511,2626051000,동래구 수민동,60대이상,7964,467,2520,2025
202511,2626052000,동래구 복산동,20대,399,49,95,2025
202511,2626052000,동래구 복산동,20대미만,320,27,155,2025
202511,2626052000,동래구 복산동,30대,423,76,118,2025
202511,2626052000,동래구 복산동,40대,536,102,174,2025
202511,2626052000,동래구 복산동,50대,886,154,225,2025
202511,2626052000,동래구 복산동,60대이상,2795,138,442,2025
202511,2626054500,동래구 명륜동,20대,1355,468,1286,2025
202511,2626054500,동래구 명륜동,20대미만,2333,323,735,2025
202511,2626054500,동래구 명륜동,30대,1859,594,1249,2025
202511,2626054500,동래구 명륜동,40대,2999,627,1224,2025
202511,2626054500,동래구 명륜동,50대,2964,808,1474,2025
202511,2626054500,동래구 명륜동,60대이상,4507,570,2737,2025
202511,2626055000,동래구 온천1동,20대,2745,390,1052,2025
202511,2626055000,동래구 온천1동,20대미만,2290,149,650,2025
202511,2626055000,동래구 온천1동,30대,4006,503,1230,2025
202511,2626055000,동래구 온천1동,40대,3673,506,1320,2025
202511,2626055000,동래구 온천1동,50대,3473,579,1479,2025
202511,2626055000,동래구 온천1동,60대이상,6140,555,2540,2025
202511,2626056000,동래구 온천2동,20대,806,214,425,2025
202511,2626056000,동래구 온천2동,20대미만,1344,205,284,2025
202511,2626056000,동래구 온천2동,30대,1170,280,458,2025
202511,2626056000,동래구 온천2동,40대,1601,346,502,2025
202511,2626056000,동래구 온천2동,50대,1466,352,677,2025
202511,2626056000,동래구 온천2동,60대이상,3538,291,1339,2025
202511,2626057000,동래구 온천3동,20대,2699,266,1159,2025
202511,2626057000,동래구 온천3동,20대미만,2172,209,1701,2025
202511,2626057000,동래구 온천3동,30대,2984,327,1763,2025
202511,2626057000,동래구 온천3동,40대,3125,393,2191,2025
202511,2626057000,동래구 온천3동,50대,3920,529,1890,2025
202511,2626057000,동래구 온천3동,60대이상,8917,459,3551,2025
202511,2626058000,동래구 사직1동,20대,583,167,571,2025
202511,2626058000,동래구 사직1동,20대미만,917,121,790,2025
202511,2626058000,동래구 사직1동,30대,816,213,723,2025
202511,2626058000,동래구 사직1동,40대,1060,230,960,2025
202511,2626058000,동래구 사직1동,50대,1033,256,1060,2025
202511,2626058000,동래구 사직1동,60대이상,2389,285,1629,2025
202511,2626059000,동래구 사직2동,20대,1306,152,517,2025
202511,2626059000,동래구 사직2동,20대미만,2961,408,759,2025
202511,2626059000,동래구 사직2동,30대,1381,171,525,2025
202511,2626059000,동래구 사직2동,40대,2612,285,865,2025
202511,2626059000,동래구 사직2동,50대,3078,336,834,2025
202511,2626059000,동래구 사직2동,60대이상,4017,240,1231,2025
202511,2626060000,동래구 사직3동,20대,885,118,320,2025
202511,2626060000,동래구 사직3동,20대미만,1546,72,529,2025
202511,2626060000,동래구 사직3동,30대,1062,181,372,2025
202511,2626060000,동래구 사직3동,40대,2081,263,565,2025
202511,2626060000,동래구 사직3동,50대,1675,265,549,2025
202511,2626060000,동래구 사직3동,60대이상,3877,197,918,2025
202511,2626074000,동래구 안락1동,20대,642,169,314,2025
202511,2626074000,동래구 안락1동,20대미만,615,50,241,2025
202511,2626074000,동래구 안락1동,30대,787,219,432,2025
202511,2626074000,동래구 안락1동,40대,944,234,551,2025
202511,2626074000,동래구 안락1동,50대,1234,290,706,2025
202511,2626074000,동래구 안락1동,60대이상,3973,335,1512,2025
202511,2626075000,동래구 안락2동,20대,1481,253,368,2025
202511,2626075000,동래구 안락2동,20대미만,2078,117,365,2025
202511,2626075000,동래구 안락2동,30대,1789,304,504,2025
202511,2626075000,동래구 안락2동,40대,2390,354,535,2025
202511,2626075000,동래구 안락2동,50대,2941,479,663,2025
202511,2626075000,동래구 안락2동,60대이상,6579,375,1111,2025
202511,2626076100,동래구 명장1동,20대,642,86,224,2025
202511,2626076100,동래구 명장1동,20대미만,927,264,211,2025
202511,2626076100,동래구 명장1동,30대,946,118,246,2025
202511,2626076100,동래구 명장1동,40대,1265,175,310,2025
202511,2626076100,동래구 명장1동,50대,1470,260,380,2025
202511,2626076100,동래구 명장1동,60대이상,4089,310,830,2025
202511,2626076200,동래구 명장2동,20대,420,35,77,2025
202511,2626076200,동래구 명장2동,20대미만,468,219,201,2025
202511,2626076200,동래구 명장2동,30대,622,41,139,2025
202511,2626076200,동래구 명장2동,40대,683,83,148,2025
202511,2626076200,동래구 명장2동,50대,954,119,176,2025
202511,2626076200,동래구 명장2동,60대이상,2193,127,405,2025
202511,2629051000,남구 대연1동,20대,2546,249,1035,2025
202511,2629051000,남구 대연1동,20대미만,781,72,513,2025
202511,2629051000,남구 대연1동,30대,1091,211,771,2025
202511,2629051000,남구 대연1동,40대,1118,194,868,2025
202511,2629051000,남구 대연1동,50대,1544,290,1001,2025
202511,2629051000,남구 대연1동,60대이상,4149,238,1726,2025
202511,2629053000,남구 대연3동,20대,5180,2543,3164,2025
202511,2629053000,남구 대연3동,20대미만,3620,588,1463,2025
202511,2629053000,남구 대연3동,30대,2953,916,1422,2025
202511,2629053000,남구 대연3동,40대,3990,901,1284,2025
202511,2629053000,남구 대연3동,50대,3750,817,1480,2025
202511,2629053000,남구 대연3동,60대이상,6217,515,1906,2025
202511,2629054000,남구 대연4동,20대,648,79,231,2025
202511,2629054000,남구 대연4동,20대미만,1016,68,235,2025
202511,2629054000,남구 대연4동,30대,1312,150,293,2025
202511,2629054000,남구 대연4동,40대,1458,187,343,2025
202511,2629054000,남구 대연4동,50대,1326,194,447,2025
202511,2629054000,남구 대연4동,60대이상,3523,233,824,2025
202511,2629055000,남구 대연5동,20대,1550,214,454,2025
202511,2629055000,남구 대연5동,20대미만,841,122,249,2025
202511,2629055000,남구 대연5동,30대,1039,188,302,2025
202511,2629055000,남구 대연5동,40대,1298,216,338,2025
202511,2629055000,남구 대연5동,50대,1650,287,405,2025
202511,2629055000,남구 대연5동,60대이상,3758,211,763,2025
202511,2629056000,남구 대연6동,20대,775,155,191,2025
202511,2629056000,남구 대연6동,20대미만,1434,154,261,2025
202511,2629056000,남구 대연6동,30대,1219,231,258,2025
202511,2629056000,남구 대연6동,40대,1823,292,303,2025
202511,2629056000,남구 대연6동,50대,1535,246,412,2025
202511,2629056000,남구 대연6동,60대이상,2664,155,638,2025
202511,2629057000,남구 용호1동,20대,2013,270,528,2025
202511,2629057000,남구 용호1동,20대미만,3556,188,423,2025
202511,2629057000,남구 용호1동,30대,2364,309,589,2025
202511,2629057000,남구 용호1동,40대,4199,444,673,2025
202511,2629057000,남구 용호1동,50대,5288,611,843,2025
202511,2629057000,남구 용호1동,60대이상,10614,439,1624,2025
202511,2629058000,남구 용호2동,20대,903,133,351,2025
202511,2629058000,남구 용호2동,20대미만,1571,43,168,2025
202511,2629058000,남구 용호2동,30대,1373,160,370,2025
202511,2629058000,남구 용호2동,40대,2193,230,507,2025
202511,2629058000,남구 용호2동,50대,2061,241,575,2025
202511,2629058000,남구 용호2동,60대이상,5027,210,1101,2025
202511,2629059000,남구 용호3동,20대,546,99,223,2025
202511,2629059000,남구 용호3동,20대미만,624,234,282,2025
202511,2629059000,남구 용호3동,30대,588,112,282,2025
202511,2629059000,남구 용호3동,40대,779,153,373,2025
202511,2629059000,남구 용호3동,50대,1211,224,490,2025
202511,2629059000,남구 용호3동,60대이상,3905,235,876,2025
202511,2629060000,남구 용호4동,20대,377,92,263,2025
202511,2629060000,남구 용호4동,20대미만,345,28,151,2025
202511,2629060000,남구 용호4동,30대,396,70,216,2025
202511,2629060000,남구 용호4동,40대,597,106,286,2025
202511,2629060000,남구 용호4동,50대,741,126,337,2025
202511,2629060000,남구 용호4동,60대이상,2029,169,662,2025
202511,2629061000,남구 용당동,20대,483,274,461,2025
202511,2629061000,남구 용당동,20대미만,480,113,199,2025
202511,2629061000,남구 용당동,30대,411,194,303,2025
202511,2629061000,남구 용당동,40대,636,272,440,2025
202511,2629061000,남구 용당동,50대,999,290,568,2025
202511,2629061000,남구 용당동,60대이상,2097,212,699,2025
202511,2629062000,남구 감만1동,20대,366,121,184,2025
202511,2629062000,남구 감만1동,20대미만,285,38,57,2025
202511,2629062000,남구 감만1동,30대,403,174,328,2025
202511,2629062000,남구 감만1동,40대,547,176,431,2025
202511,2629062000,남구 감만1동,50대,823,230,627,2025
202511,2629062000,남구 감만1동,60대이상,2226,193,644,2025
202511,2629063000,남구 감만2동,20대,160,14,51,2025
202511,2629063000,남구 감만2동,20대미만,152,27,84,2025
202511,2629063000,남구 감만2동,30대,183,25,69,2025
202511,2629063000,남구 감만2동,40대,317,35,106,2025
202511,2629063000,남구 감만2동,50대,604,67,143,2025
202511,2629063000,남구 감만2동,60대이상,1508,65,362,2025
202511,2629064500,남구 우암동,20대,594,107,318,2025
202511,2629064500,남구 우암동,20대미만,759,73,183,2025
202511,2629064500,남구 우암동,30대,639,122,456,2025
202511,2629064500,남구 우암동,40대,1009,171,516,2025
202511,2629064500,남구 우암동,50대,1324,268,856,2025
202511,2629064500,남구 우암동,60대이상,4639,248,1612,2025
202511,2629068000,남구 문현1동,20대,503,53,203,2025
202511,2629068000,남구 문현1동,20대미만,544,105,202,2025
202511,2629068000,남구 문현1동,30대,415,45,276,2025
202511,2629068000,남구 문현1동,40대,672,99,305,2025
202511,2629068000,남구 문현1동,50대,978,145,342,2025
202511,2629068000,남구 문현1동,60대이상,2694,124,619,2025
202511,2629069000,남구 문현2동,20대,344,285,366,2025
202511,2629069000,남구 문현2동,20대미만,173,54,179,2025
202511,2629069000,남구 문현2동,30대,579,633,495,2025
202511,2629069000,남구 문현2동,40대,435,516,442,2025
202511,2629069000,남구 문현2동,50대,459,392,528,2025
202511,2629069000,남구 문현2동,60대이상,1568,213,771,2025
202511,2629070000,남구 문현3동,20대,608,79,619,2025
202511,2629070000,남구 문현3동,20대미만,569,68,741,2025
202511,2629070000,남구 문현3동,30대,1162,138,673,2025
202511,2629070000,남구 문현3동,40대,1066,170,943,2025
202511,2629070000,남구 문현3동,50대,1115,192,1247,2025
202511,2629070000,남구 문현3동,60대이상,3318,214,2462,2025
202511,2629071000,남구 문현4동,20대,392,70,241,2025
202511,2629071000,남구 문현4동,20대미만,299,55,126,2025
202511,2629071000,남구 문현4동,30대,492,108,298,2025
202511,2629071000,남구 문현4동,40대,464,92,268,2025
202511,2629071000,남구 문현4동,50대,686,123,291,2025
202511,2629071000,남구 문현4동,60대이상,1656,104,449,2025
202511,2632051000,북구 구포1동,20대,913,113,393,2025
202511,2632051000,북구 구포1동,20대미만,656,13,181,2025
202511,2632051000,북구 구포1동,30대,1330,185,511,2025
202511,2632051000,북구 구포1동,40대,1250,217,521,2025
202511,2632051000,북구 구포1동,50대,1700,370,933,2025
202511,2632051000,북구 구포1동,60대이상,4731,508,2299,2025
202511,2632052000,북구 구포2동,20대,1509,178,320,2025
202511,2632052000,북구 구포2동,20대미만,1228,169,194,2025
202511,2632052000,북구 구포2동,30대,1722,277,388,2025
202511,2632052000,북구 구포2동,40대,1964,309,399,2025
202511,2632052000,북구 구포2동,50대,3063,385,615,2025
202511,2632052000,북구 구포2동,60대이상,7012,384,1228,2025
202511,2632052100,북구 구포3동,20대,1206,138,208,2025
202511,2632052100,북구 구포3동,20대미만,1083,173,149,2025
202511,2632052100,북구 구포3동,30대,1153,135,190,2025
202511,2632052100,북구 구포3동,40대,1505,168,242,2025
202511,2632052100,북구 구포3동,50대,2436,304,396,2025
202511,2632052100,북구 구포3동,60대이상,5794,278,691,2025
202511,2632053000,북구 금곡동,20대,2003,238,381,2025
202511,2632053000,북구 금곡동,20대미만,2229,132,393,2025
202511,2632053000,북구 금곡동,30대,2193,265,546,2025
202511,2632053000,북구 금곡동,40대,2719,313,614,2025
202511,2632053000,북구 금곡동,50대,4518,514,888,2025
202511,2632053000,북구 금곡동,60대이상,12084,484,1678,2025
202511,2632054100,북구 화명1동,20대,2400,235,837,2025
202511,2632054100,북구 화명1동,20대미만,2858,67,1052,2025
202511,2632054100,북구 화명1동,30대,3387,247,1070,2025
202511,2632054100,북구 화명1동,40대,3376,332,1093,2025
202511,2632054100,북구 화명1동,50대,4569,477,1358,2025
202511,2632054100,북구 화명1동,60대이상,8078,469,2229,2025
202511,2632054200,북구 화명2동,20대,1207,139,328,2025
202511,2632054200,북구 화명2동,20대미만,1316,106,304,2025
202511,2632054200,북구 화명2동,30대,1472,157,433,2025
202511,2632054200,북구 화명2동,40대,1439,171,444,2025
202511,2632054200,북구 화명2동,50대,2141,269,588,2025
202511,2632054200,북구 화명2동,60대이상,4455,275,1050,2025
202511,2632054300,북구 화명3동,20대,1776,343,734,2025
202511,2632054300,북구 화명3동,20대미만,2522,323,652,2025
202511,2632054300,북구 화명3동,30대,1660,334,769,2025
202511,2632054300,북구 화명3동,40대,2444,388,715,2025
202511,2632054300,북구 화명3동,50대,3162,502,985,2025
202511,2632054300,북구 화명3동,60대이상,4703,335,1603,2025
202511,2632055000,북구 덕천1동,20대,882,191,354,2025
202511,2632055000,북구 덕천1동,20대미만,479,38,185,2025
202511,2632055000,북구 덕천1동,30대,1359,192,412,2025
202511,2632055000,북구 덕천1동,40대,1032,188,412,2025
202511,2632055000,북구 덕천1동,50대,1406,276,577,2025
202511,2632055000,북구 덕천1동,60대이상,4026,250,1232,2025
202511,2632056000,북구 덕천2동,20대,796,367,878,2025
202511,2632056000,북구 덕천2동,20대미만,496,150,475,2025
202511,2632056000,북구 덕천2동,30대,882,480,1019,2025
202511,2632056000,북구 덕천2동,40대,810,424,896,2025
202511,2632056000,북구 덕천2동,50대,1242,480,1247,2025
202511,2632056000,북구 덕천2동,60대이상,3546,456,2179,2025
202511,2632056100,북구 덕천3동,20대,382,22,107,2025
202511,2632056100,북구 덕천3동,20대미만,209,7,60,2025
202511,2632056100,북구 덕천3동,30대,510,49,135,2025
202511,2632056100,북구 덕천3동,40대,520,48,132,2025
202511,2632056100,북구 덕천3동,50대,927,107,177,2025
202511,2632056100,북구 덕천3동,60대이상,2817,77,468,2025
202511,2632057100,북구 만덕1동,20대,788,89,183,2025
202511,2632057100,북구 만덕1동,20대미만,1005,83,155,2025
202511,2632057100,북구 만덕1동,30대,1828,136,358,2025
202511,2632057100,북구 만덕1동,40대,1735,143,322,2025
202511,2632057100,북구 만덕1동,50대,1487,183,368,2025
202511,2632057100,북구 만덕1동,60대이상,3959,162,870,2025
202511,2632057200,북구 만덕2동,20대,1484,159,284,2025
202511,2632057200,북구 만덕2동,20대미만,2269,177,299,2025
202511,2632057200,북구 만덕2동,30대,2127,176,436,2025
202511,2632057200,북구 만덕2동,40대,2563,291,456,2025
202511,2632057200,북구 만덕2동,50대,2781,320,563,2025
202511,2632057200,북구 만덕2동,60대이상,6698,297,1084,2025
202511,2632057300,북구 만덕3동,20대,934,105,163,2025
202511,2632057300,북구 만덕3동,20대미만,867,34,196,2025
202511,2632057300,북구 만덕3동,30대,1095,78,208,2025
202511,2632057300,북구 만덕3동,40대,1365,126,228,2025
202511,2632057300,북구 만덕3동,50대,1820,169,291,2025
202511,2632057300,북구 만덕3동,60대이상,4860,211,606,2025
202511,2635051000,해운대구 우1동,20대,1602,599,2134,2025
202511,2635051000,해운대구 우1동,20대미만,1888,499,1144,2025
202511,2635051000,해운대구 우1동,30대,2074,666,2302,2025
202511,2635051000,해운대구 우1동,40대,2531,644,2275,2025
202511,2635051000,해운대구 우1동,50대,2783,714,2270,2025
202511,2635051000,해운대구 우1동,60대이상,5930,594,3287,2025
202511,2635052000,해운대구 우2동,20대,1500,1771,2815,2025
202511,2635052000,해운대구 우2동,20대미만,2212,555,1619,2025
202511,2635052000,해운대구 우2동,30대,2227,2203,3033,2025
202511,2635052000,해운대구 우2동,40대,3334,1711,2585,2025
202511,2635052000,해운대구 우2동,50대,3689,1541,2328,2025
202511,2635052000,해운대구 우2동,60대이상,6488,830,2870,2025
202511,2635052500,해운대구 우3동,20대,1061,197,506,2025
202511,2635052500,해운대구 우3동,20대미만,2237,74,404,2025
202511,2635052500,해운대구 우3동,30대,1658,301,697,2025
202511,2635052500,해운대구 우3동,40대,3388,483,749,2025
202511,2635052500,해운대구 우3동,50대,3280,444,840,2025
202511,2635052500,해운대구 우3동,60대이상,6217,355,1207,2025
202511,2635053000,해운대구 중1동,20대,1798,567,1736,2025
202511,2635053000,해운대구 중1동,20대미만,1905,119,1044,2025
202511,2635053000,해운대구 중1동,30대,2262,648,2230,2025
202511,2635053000,해운대구 중1동,40대,3027,716,2190,2025
202511,2635053000,해운대구 중1동,50대,3361,830,2203,2025
202511,2635053000,해운대구 중1동,60대이상,5676,662,2896,2025
202511,2635054000,해운대구 중2동,20대,831,132,495,2025
202511,2635054000,해운대구 중2동,20대미만,1318,57,288,2025
202511,2635054000,해운대구 중2동,30대,1270,184,662,2025
202511,2635054000,해운대구 중2동,40대,1784,225,675,2025
202511,2635054000,해운대구 중2동,50대,1852,245,793,2025
202511,2635054000,해운대구 중2동,60대이상,3910,243,1352,2025
202511,2635055100,해운대구 좌1동,20대,732,204,554,2025
202511,2635055100,해운대구 좌1동,20대미만,832,33,455,2025
202511,2635055100,해운대구 좌1동,30대,1005,236,576,2025
202511,2635055100,해운대구 좌1동,40대,1094,255,646,2025
202511,2635055100,해운대구 좌1동,50대,1774,368,852,2025
202511,2635055100,해운대구 좌1동,60대이상,2901,301,1269,2025
202511,2635055200,해운대구 좌2동,20대,2468,260,556,2025
202511,2635055200,해운대구 좌2동,20대미만,2283,95,554,2025
202511,2635055200,해운대구 좌2동,30대,2918,306,626,2025
202511,2635055200,해운대구 좌2동,40대,2931,379,578,2025
202511,2635055200,해운대구 좌2동,50대,3720,442,668,2025
202511,2635055200,해운대구 좌2동,60대이상,6816,339,1084,2025
202511,2635055300,해운대구 좌3동,20대,893,95,238,2025
202511,2635055300,해운대구 좌3동,20대미만,1194,252,313,2025
202511,2635055300,해운대구 좌3동,30대,1012,93,248,2025
202511,2635055300,해운대구 좌3동,40대,1337,142,271,2025
202511,2635055300,해운대구 좌3동,50대,1949,180,382,2025
202511,2635055300,해운대구 좌3동,60대이상,4208,170,723,2025
202511,2635055400,해운대구 좌4동,20대,1540,330,621,2025
202511,2635055400,해운대구 좌4동,20대미만,2600,389,462,2025
202511,2635055400,해운대구 좌4동,30대,1565,315,634,2025
202511,2635055400,해운대구 좌4동,40대,2335,397,748,2025
202511,2635055400,해운대구 좌4동,50대,2794,463,951,2025
202511,2635055400,해운대구 좌4동,60대이상,4809,335,1787,2025
202511,2635056000,해운대구 송정동,20대,457,239,1098,2025
202511,2635056000,해운대구 송정동,20대미만,537,152,695,2025
202511,2635056000,해운대구 송정동,30대,674,301,1244,2025
202511,2635056000,해운대구 송정동,40대,812,294,1268,2025
202511,2635056000,해운대구 송정동,50대,1058,374,1307,2025
202511,2635056000,해운대구 송정동,60대이상,3275,353,1918,2025
202511,2635057000,해운대구 반여1동,20대,2337,331,508,2025
202511,2635057000,해운대구 반여1동,20대미만,3914,216,403,2025
202511,2635057000,해운대구 반여1동,30대,2736,399,645,2025
202511,2635057000,해운대구 반여1동,40대,3964,628,759,2025
202511,2635057000,해운대구 반여1동,50대,4745,705,965,2025
202511,2635057000,해운대구 반여1동,60대이상,8084,526,1593,2025
202511,2635058000,해운대구 반여2동,20대,586,52,180,2025
202511,2635058000,해운대구 반여2동,20대미만,393,26,112,2025
202511,2635058000,해운대구 반여2동,30대,831,58,179,2025
202511,2635058000,해운대구 반여2동,40대,943,86,246,2025
202511,2635058000,해운대구 반여2동,50대,1512,142,371,2025
202511,2635058000,해운대구 반여2동,60대이상,3982,142,873,2025
202511,2635059000,해운대구 반여3동,20대,347,18,42,2025
202511,2635059000,해운대구 반여3동,20대미만,166,9,29,2025
202511,2635059000,해운대구 반여3동,30대,384,37,60,2025
202511,2635059000,해운대구 반여3동,40대,476,42,89,2025
202511,2635059000,해운대구 반여3동,50대,779,71,139,2025
202511,2635059000,해운대구 반여3동,60대이상,1973,72,213,2025
202511,2635059500,해운대구 반여4동,20대,639,55,196,2025
202511,2635059500,해운대구 반여4동,20대미만,839,22,172,2025
202511,2635059500,해운대구 반여4동,30대,933,77,251,2025
202511,2635059500,해운대구 반여4동,40대,948,123,286,2025
202511,2635059500,해운대구 반여4동,50대,1284,138,364,2025
202511,2635059500,해운대구 반여4동,60대이상,2378,134,855,2025
202511,2635061000,해운대구 반송1동,20대,721,141,181,2025
202511,2635061000,해운대구 반송1동,20대미만,287,103,90,2025
202511,2635061000,해운대구 반송1동,30대,468,114,173,2025
202511,2635061000,해운대구 반송1동,40대,686,134,222,2025
202511,2635061000,해운대구 반송1동,50대,1340,230,364,2025
202511,2635061000,해운대구 반송1동,60대이상,3448,222,702,2025
202511,2635062000,해운대구 반송2동,20대,987,92,124,2025
202511,2635062000,해운대구 반송2동,20대미만,972,18,68,2025
202511,2635062000,해운대구 반송2동,30대,1087,103,164,2025
202511,2635062000,해운대구 반송2동,40대,1698,191,223,2025
202511,2635062000,해운대구 반송2동,50대,2655,320,328,2025
202511,2635062000,해운대구 반송2동,60대이상,8308,286,636,2025
202511,2635065000,해운대구 재송1동,20대,2185,452,646,2025
202511,2635065000,해운대구 재송1동,20대미만,4470,200,480,2025
202511,2635065000,해운대구 재송1동,30대,2584,599,841,2025
202511,2635065000,해운대구 재송1동,40대,4995,752,1043,2025
202511,2635065000,해운대구 재송1동,50대,4123,651,1151,2025
202511,2635065000,해운대구 재송1동,60대이상,6635,502,1764,2025
202511,2635066000,해운대구 재송2동,20대,1368,150,316,2025
202511,2635066000,해운대구 재송2동,20대미만,1293,56,221,2025
202511,2635066000,해운대구 재송2동,30대,1515,186,417,2025
202511,2635066000,해운대구 재송2동,40대,2033,253,469,2025
202511,2635066000,해운대구 재송2동,50대,2619,339,546,2025
202511,2635066000,해운대구 재송2동,60대이상,6495,256,898,2025
202511,2638051000,사하구 괴정1동,20대,953,85,315,2025
202511,2638051000,사하구 괴정1동,20대미만,1040,116,294,2025
202511,2638051000,사하구 괴정1동,30대,940,86,372,2025
202511,2638051000,사하구 괴정1동,40대,1399,119,480,2025
202511,2638051000,사하구 괴정1동,50대,1795,253,609,2025
202511,2638051000,사하구 괴정1동,60대이상,5418,205,1128,2025
202511,2638052000,사하구 괴정2동,20대,729,59,116,2025
202511,2638052000,사하구 괴정2동,20대미만,740,62,77,2025
202511,2638052000,사하구 괴정2동,30대,808,57,107,2025
202511,2638052000,사하구 괴정2동,40대,1112,98,141,2025
202511,2638052000,사하구 괴정2동,50대,1331,137,177,2025
202511,2638052000,사하구 괴정2동,60대이상,4105,114,458,2025
202511,2638053000,사하구 괴정3동,20대,765,263,310,2025
202511,2638053000,사하구 괴정3동,20대미만,607,59,267,2025
202511,2638053000,사하구 괴정3동,30대,747,164,298,2025
202511,2638053000,사하구 괴정3동,40대,957,179,395,2025
202511,2638053000,사하구 괴정3동,50대,1374,298,524,2025
202511,2638053000,사하구 괴정3동,60대이상,4330,309,1119,2025
202511,2638054000,사하구 괴정4동,20대,723,67,173,2025
202511,2638054000,사하구 괴정4동,20대미만,1086,94,286,2025
202511,2638054000,사하구 괴정4동,30대,999,103,197,2025
202511,2638054000,사하구 괴정4동,40대,1484,154,343,2025
202511,2638054000,사하구 괴정4동,50대,1388,160,359,2025
202511,2638054000,사하구 괴정4동,60대이상,3331,150,817,2025
202511,2638055000,사하구 당리동,20대,1475,242,613,2025
202511,2638055000,사하구 당리동,20대미만,1496,107,488,2025
202511,2638055000,사하구 당리동,30대,1551,307,646,2025
202511,2638055000,사하구 당리동,40대,2213,452,682,2025
202511,2638055000,사하구 당리동,50대,2818,462,862,2025
202511,2638055000,사하구 당리동,60대이상,7255,419,1674,2025
202511,2638056100,사하구 하단1동,20대,1875,183,370,2025
202511,2638056100,사하구 하단1동,20대미만,1165,64,185,2025
202511,2638056100,사하구 하단1동,30대,1905,157,446,2025
202511,2638056100,사하구 하단1동,40대,1897,237,447,2025
202511,2638056100,사하구 하단1동,50대,2350,288,542,2025
202511,2638056100,사하구 하단1동,60대이상,5547,277,1017,2025
202511,2638056200,사하구 하단2동,20대,3435,1483,1575,2025
202511,2638056200,사하구 하단2동,20대미만,1858,365,589,2025
202511,2638056200,사하구 하단2동,30대,2208,470,927,2025
202511,2638056200,사하구 하단2동,40대,2212,442,843,2025
202511,2638056200,사하구 하단2동,50대,2796,535,923,2025
202511,2638056200,사하구 하단2동,60대이상,5930,378,1417,2025
202511,2638057100,사하구 신평1동,20대,774,198,262,2025
202511,2638057100,사하구 신평1동,20대미만,986,144,404,2025
202511,2638057100,사하구 신평1동,30대,1007,306,418,2025
202511,2638057100,사하구 신평1동,40대,1378,348,499,2025
202511,2638057100,사하구 신평1동,50대,1915,433,689,2025
202511,2638057100,사하구 신평1동,60대이상,5053,300,901,2025
202511,2638057200,사하구 신평2동,20대,1000,180,289,2025
202511,2638057200,사하구 신평2동,20대미만,1175,53,202,2025
202511,2638057200,사하구 신평2동,30대,1527,326,437,2025
202511,2638057200,사하구 신평2동,40대,1657,396,427,2025
202511,2638057200,사하구 신평2동,50대,2092,467,633,2025
202511,2638057200,사하구 신평2동,60대이상,4213,392,946,2025
202511,2638058000,사하구 장림1동,20대,724,206,300,2025
202511,2638058000,사하구 장림1동,20대미만,1185,87,240,2025
202511,2638058000,사하구 장림1동,30대,1274,363,454,2025
202511,2638058000,사하구 장림1동,40대,1653,439,512,2025
202511,2638058000,사하구 장림1동,50대,1523,636,687,2025
202511,2638058000,사하구 장림1동,60대이상,2956,567,1168,2025
202511,2638059000,사하구 장림2동,20대,1594,234,380,2025
202511,2638059000,사하구 장림2동,20대미만,1678,119,356,2025
202511,2638059000,사하구 장림2동,30대,1845,327,531,2025
202511,2638059000,사하구 장림2동,40대,2512,484,638,2025
202511,2638059000,사하구 장림2동,50대,3138,606,730,2025
202511,2638059000,사하구 장림2동,60대이상,6336,514,1334,2025
202511,2638060100,사하구 다대1동,20대,1985,320,383,2025
202511,2638060100,사하구 다대1동,20대미만,2885,108,227,2025
202511,2638060100,사하구 다대1동,30대,2187,483,428,2025
202511,2638060100,사하구 다대1동,40대,3860,683,573,2025
202511,2638060100,사하구 다대1동,50대,5022,863,877,2025
202511,2638060100,사하구 다대1동,60대이상,10676,698,1535,2025
202511,2638060200,사하구 다대2동,20대,1578,206,235,2025
202511,2638060200,사하구 다대2동,20대미만,2072,101,146,2025
202511,2638060200,사하구 다대2동,30대,1503,225,311,2025
202511,2638060200,사하구 다대2동,40대,2287,378,364,2025
202511,2638060200,사하구 다대2동,50대,3610,475,461,2025
202511,2638060200,사하구 다대2동,60대이상,8681,382,834,2025
202511,2638061000,사하구 구평동,20대,624,107,146,2025
202511,2638061000,사하구 구평동,20대미만,846,21,59,2025
202511,2638061000,사하구 구평동,30대,1305,236,246,2025
202511,2638061000,사하구 구평동,40대,1446,332,352,2025
202511,2638061000,사하구 구평동,50대,1308,391,482,2025
202511,2638061000,사하구 구평동,60대이상,2507,396,725,2025
202511,2638062000,사하구 감천1동,20대,856,151,172,2025
202511,2638062000,사하구 감천1동,20대미만,1037,269,291,2025
202511,2638062000,사하구 감천1동,30대,931,181,251,2025
202511,2638062000,사하구 감천1동,40대,1372,287,350,2025
202511,2638062000,사하구 감천1동,50대,2011,368,548,2025
202511,2638062000,사하구 감천1동,60대이상,6005,344,832,2025
202511,2638063000,사하구 감천2동,20대,178,13,36,2025
202511,2638063000,사하구 감천2동,20대미만,111,0,28,2025
202511,2638063000,사하구 감천2동,30대,191,26,42,2025
202511,2638063000,사하구 감천2동,40대,308,41,66,2025
202511,2638063000,사하구 감천2동,50대,624,89,107,2025
202511,2638063000,사하구 감천2동,60대이상,1865,58,195,2025
202511,2641051000,금정구 서1동,20대,169,19,45,2025
202511,2641051000,금정구 서1동,20대미만,104,7,38,2025
202511,2641051000,금정구 서1동,30대,203,24,58,2025
202511,2641051000,금정구 서1동,40대,299,38,99,2025
202511,2641051000,금정구 서1동,50대,487,70,169,2025
202511,2641051000,금정구 서1동,60대이상,1732,94,390,2025
202511,2641052000,금정구 서2동,20대,322,45,130,2025
202511,2641052000,금정구 서2동,20대미만,195,31,105,2025
202511,2641052000,금정구 서2동,30대,478,57,162,2025
202511,2641052000,금정구 서2동,40대,524,103,209,2025
202511,2641052000,금정구 서2동,50대,864,173,353,2025
202511,2641052000,금정구 서2동,60대이상,2799,234,753,2025
202511,2641053000,금정구 서3동,20대,352,64,116,2025
202511,2641053000,금정구 서3동,20대미만,199,47,90,2025
202511,2641053000,금정구 서3동,30대,542,85,184,2025
202511,2641053000,금정구 서3동,40대,556,96,183,2025
202511,2641053000,금정구 서3동,50대,1134,168,300,2025
202511,2641053000,금정구 서3동,60대이상,3387,262,837,2025
202511,2641055500,금정구 금사회동동,20대,232,221,189,2025
202511,2641055500,금정구 금사회동동,20대미만,192,51,84,2025
202511,2641055500,금정구 금사회동동,30대,324,468,390,2025
202511,2641055500,금정구 금사회동동,40대,424,516,486,2025
202511,2641055500,금정구 금사회동동,50대,661,683,718,2025
202511,2641055500,금정구 금사회동동,60대이상,2442,587,1182,2025
202511,2641057000,금정구 부곡1동,20대,316,33,119,2025
202511,2641057000,금정구 부곡1동,20대미만,317,147,142,2025
202511,2641057000,금정구 부곡1동,30대,353,45,134,2025
202511,2641057000,금정구 부곡1동,40대,535,61,166,2025
202511,2641057000,금정구 부곡1동,50대,760,109,217,2025
202511,2641057000,금정구 부곡1동,60대이상,2844,124,522,2025
202511,2641058000,금정구 부곡2동,20대,1461,276,407,2025
202511,2641058000,금정구 부곡2동,20대미만,1274,377,362,2025
202511,2641058000,금정구 부곡2동,30대,1119,242,505,2025
202511,2641058000,금정구 부곡2동,40대,1462,316,528,2025
202511,2641058000,금정구 부곡2동,50대,1979,353,610,2025
202511,2641058000,금정구 부곡2동,60대이상,4421,332,1193,2025
202511,2641059000,금정구 부곡3동,20대,1192,379,424,2025
202511,2641059000,금정구 부곡3동,20대미만,1011,470,318,2025
202511,2641059000,금정구 부곡3동,30대,1087,324,357,2025
202511,2641059000,금정구 부곡3동,40대,1312,303,427,2025
202511,2641059000,금정구 부곡3동,50대,1672,355,600,2025
202511,2641059000,금정구 부곡3동,60대이상,3888,256,1011,2025
202511,2641059100,금정구 부곡4동,20대,354,50,178,2025
202511,2641059100,금정구 부곡4동,20대미만,327,19,194,2025
202511,2641059100,금정구 부곡4동,30대,598,65,211,2025
202511,2641059100,금정구 부곡4동,40대,511,72,269,2025
202511,2641059100,금정구 부곡4동,50대,789,109,350,2025
202511,2641059100,금정구 부곡4동,60대이상,2366,157,772,2025
202511,2641060000,금정구 장전1동,20대,4358,460,887,2025
202511,2641060000,금정구 장전1동,20대미만,929,96,330,2025
202511,2641060000,금정구 장전1동,30대,1271,196,431,2025
202511,2641060000,금정구 장전1동,40대,1247,234,426,2025
202511,2641060000,금정구 장전1동,50대,1402,257,500,2025
202511,2641060000,금정구 장전1동,60대이상,3345,209,748,2025
202511,2641061000,금정구 장전2동,20대,2004,1969,2654,2025
202511,2641061000,금정구 장전2동,20대미만,2409,333,1116,2025
202511,2641061000,금정구 장전2동,30대,2202,706,1183,2025
202511,2641061000,금정구 장전2동,40대,3116,767,1223,2025
202511,2641061000,금정구 장전2동,50대,2648,693,1165,2025
202511,2641061000,금정구 장전2동,60대이상,5864,491,1871,2025
202511,2641063500,금정구 선두구동,20대,30,19,73,2025
202511,2641063500,금정구 선두구동,20대미만,14,0,31,2025
202511,2641063500,금정구 선두구동,30대,49,39,111,2025
202511,2641063500,금정구 선두구동,40대,74,57,194,2025
202511,2641063500,금정구 선두구동,50대,179,89,312,2025
202511,2641063500,금정구 선두구동,60대이상,697,109,483,2025
202511,2641066500,금정구 청룡노포동,20대,407,83,313,2025
202511,2641066500,금정구 청룡노포동,20대미만,472,61,161,2025
202511,2641066500,금정구 청룡노포동,30대,463,182,369,2025
202511,2641066500,금정구 청룡노포동,40대,598,165,506,2025
202511,2641066500,금정구 청룡노포동,50대,941,272,823,2025
202511,2641066500,금정구 청룡노포동,60대이상,3258,275,1707,2025
202511,2641067000,금정구 남산동,20대,2053,440,607,2025
202511,2641067000,금정구 남산동,20대미만,1225,146,379,2025
202511,2641067000,금정구 남산동,30대,1424,225,397,2025
202511,2641067000,금정구 남산동,40대,1626,304,460,2025
202511,2641067000,금정구 남산동,50대,2767,504,761,2025
202511,2641067000,금정구 남산동,60대이상,7512,419,1482,2025
202511,2641068000,금정구 구서1동,20대,730,151,373,2025
202511,2641068000,금정구 구서1동,20대미만,966,332,396,2025
202511,2641068000,금정구 구서1동,30대,904,216,434,2025
202511,2641068000,금정구 구서1동,40대,1163,277,535,2025
202511,2641068000,금정구 구서1동,50대,1521,289,612,2025
202511,2641068000,금정구 구서1동,60대이상,3598,295,1018,2025
202511,2641069000,금정구 구서2동,20대,1932,225,934,2025
202511,2641069000,금정구 구서2동,20대미만,2553,95,598,2025
202511,2641069000,금정구 구서2동,30대,2039,289,784,2025
202511,2641069000,금정구 구서2동,40대,2827,380,904,2025
202511,2641069000,금정구 구서2동,50대,3858,480,1316,2025
202511,2641069000,금정구 구서2동,60대이상,8773,454,2808,2025
202511,2641070000,금정구 금성동,20대,35,13,43,2025
202511,2641070000,금정구 금성동,20대미만,57,8,62,2025
202511,2641070000,금정구 금성동,30대,27,8,77,2025
202511,2641070000,금정구 금성동,40대,81,9,125,2025
202511,2641070000,금정구 금성동,50대,87,29,185,2025
202511,2641070000,금정구 금성동,60대이상,332,36,324,2025
202511,2644051000,강서구 대저1동,20대,443,332,422,2025
202511,2644051000,강서구 대저1동,20대미만,166,110,168,2025
202511,2644051000,강서구 대저1동,30대,340,592,534,2025
202511,2644051000,강서구 대저1동,40대,396,645,697,2025
202511,2644051000,강서구 대저1동,50대,632,755,893,2025
202511,2644051000,강서구 대저1동,60대이상,2696,631,1496,2025
202511,2644052000,강서구 대저2동,20대,732,598,3005,2025
202511,2644052000,강서구 대저2동,20대미만,452,88,941,2025
202511,2644052000,강서구 대저2동,30대,487,937,3800,2025
202511,2644052000,강서구 대저2동,40대,475,907,3409,2025
202511,2644052000,강서구 대저2동,50대,615,1203,3839,2025
202511,2644052000,강서구 대저2동,60대이상,2189,798,4257,2025
202511,2644053000,강서구 강동동,20대,237,74,162,2025
202511,2644053000,강서구 강동동,20대미만,720,21,174,2025
202511,2644053000,강서구 강동동,30대,2334,287,552,2025
202511,2644053000,강서구 강동동,40대,1279,284,534,2025
202511,2644053000,강서구 강동동,50대,474,281,632,2025
202511,2644053000,강서구 강동동,60대이상,1774,318,980,2025
202511,2644053500,강서구 명지1동,20대,2393,669,831,2025
202511,2644053500,강서구 명지1동,20대미만,7738,201,553,2025
202511,2644053500,강서구 명지1동,30대,7486,1219,1481,2025
202511,2644053500,강서구 명지1동,40대,9387,1570,1507,2025
202511,2644053500,강서구 명지1동,50대,3891,927,1245,2025
202511,2644053500,강서구 명지1동,60대이상,6216,591,1547,2025
202511,2644054500,강서구 명지2동,20대,1280,276,368,2025
202511,2644054500,강서구 명지2동,20대미만,4769,146,294,2025
202511,2644054500,강서구 명지2동,30대,2311,445,603,2025
202511,2644054500,강서구 명지2동,40대,5173,827,662,2025
202511,2644054500,강서구 명지2동,50대,3083,503,571,2025
202511,2644054500,강서구 명지2동,60대이상,3826,259,687,2025
202511,2644055000,강서구 가락동,20대,36,46,85,2025
202511,2644055000,강서구 가락동,20대미만,101,2,50,2025
202511,2644055000,강서구 가락동,30대,96,101,157,2025
202511,2644055000,강서구 가락동,40대,123,150,189,2025
202511,2644055000,강서구 가락동,50대,211,214,284,2025
202511,2644055000,강서구 가락동,60대이상,1055,191,476,2025
202511,2644056000,강서구 녹산동,20대,912,1316,1072,2025
202511,2644056000,강서구 녹산동,20대미만,1886,81,315,2025
202511,2644056000,강서구 녹산동,30대,2057,2912,2029,2025
202511,2644056000,강서구 녹산동,40대,2639,3647,2749,2025
202511,2644056000,강서구 녹산동,50대,1765,3083,2831,2025
202511,2644056000,강서구 녹산동,60대이상,3450,1910,2881,2025
202511,2644058000,강서구 가덕도동,20대,150,92,281,2025
202511,2644058000,강서구 가덕도동,20대미만,106,30,70,2025
202511,2644058000,강서구 가덕도동,30대,235,159,540,2025
202511,2644058000,강서구 가덕도동,40대,297,219,880,2025
202511,2644058000,강서구 가덕도동,50대,515,176,950,2025
202511,2644058000,강서구 가덕도동,60대이상,1580,126,800,2025
202511,2644059000, ,20대,742,133,230,2025
202511,2644059000, ,20대미만,1139,42,145,2025
202511,2644059000, ,30대,1069,165,304,2025
202511,2644059000, ,40대,1403,264,484,2025
202511,2644059000, ,50대,1281,269,488,2025
202511,2644059000, ,60대이상,2118,150,486,2025
202511,2647061000,연제구 거제1동,20대,1766,513,602,2025
202511,2647061000,연제구 거제1동,20대미만,2171,319,693,2025
202511,2647061000,연제구 거제1동,30대,1761,716,732,2025
202511,2647061000,연제구 거제1동,40대,2839,935,932,2025
202511,2647061000,연제구 거제1동,50대,3085,996,1041,2025
202511,2647061000,연제구 거제1동,60대이상,6067,669,1672,2025
202511,2647062000,연제구 거제2동,20대,1420,196,417,2025
202511,2647062000,연제구 거제2동,20대미만,2695,163,531,2025
202511,2647062000,연제구 거제2동,30대,2161,269,542,2025
202511,2647062000,연제구 거제2동,40대,3224,424,796,2025
202511,2647062000,연제구 거제2동,50대,2563,481,842,2025
202511,2647062000,연제구 거제2동,60대이상,3673,293,1451,2025
202511,2647063000,연제구 거제3동,20대,559,98,767,2025
202511,2647063000,연제구 거제3동,20대미만,339,12,303,2025
202511,2647063000,연제구 거제3동,30대,596,132,1124,2025
202511,2647063000,연제구 거제3동,40대,596,150,1076,2025
202511,2647063000,연제구 거제3동,50대,1038,212,1204,2025
202511,2647063000,연제구 거제3동,60대이상,2215,174,1356,2025
202511,2647064000,연제구 거제4동,20대,584,37,199,2025
202511,2647064000,연제구 거제4동,20대미만,834,76,250,2025
202511,2647064000,연제구 거제4동,30대,544,63,360,2025
202511,2647064000,연제구 거제4동,40대,829,99,399,2025
202511,2647064000,연제구 거제4동,50대,1123,137,366,2025
202511,2647064000,연제구 거제4동,60대이상,2583,111,612,2025
202511,2647065000,연제구 연산1동,20대,732,153,372,2025
202511,2647065000,연제구 연산1동,20대미만,1066,125,344,2025
202511,2647065000,연제구 연산1동,30대,1165,242,484,2025
202511,2647065000,연제구 연산1동,40대,1378,282,493,2025
202511,2647065000,연제구 연산1동,50대,1418,337,617,2025
202511,2647065000,연제구 연산1동,60대이상,3659,326,1216,2025
202511,2647066000,연제구 연산2동,20대,1504,227,1041,2025
202511,2647066000,연제구 연산2동,20대미만,1226,190,971,2025
202511,2647066000,연제구 연산2동,30대,2936,514,1912,2025
202511,2647066000,연제구 연산2동,40대,2168,464,1714,2025
202511,2647066000,연제구 연산2동,50대,2075,515,1515,2025
202511,2647066000,연제구 연산2동,60대이상,4875,366,3122,2025
202511,2647067000,연제구 연산3동,20대,243,21,52,2025
202511,2647067000,연제구 연산3동,20대미만,186,42,66,2025
202511,2647067000,연제구 연산3동,30대,535,32,89,2025
202511,2647067000,연제구 연산3동,40대,575,36,99,2025
202511,2647067000,연제구 연산3동,50대,595,70,102,2025
202511,2647067000,연제구 연산3동,60대이상,1617,58,243,2025
202511,2647068000,연제구 연산4동,20대,973,199,917,2025
202511,2647068000,연제구 연산4동,20대미만,694,27,265,2025
202511,2647068000,연제구 연산4동,30대,1459,245,983,2025
202511,2647068000,연제구 연산4동,40대,1585,304,958,2025
202511,2647068000,연제구 연산4동,50대,1665,371,1203,2025
202511,2647068000,연제구 연산4동,60대이상,5093,342,2265,2025
202511,2647069000,연제구 연산5동,20대,1558,305,801,2025
202511,2647069000,연제구 연산5동,20대미만,369,35,153,2025
202511,2647069000,연제구 연산5동,30대,1811,495,808,2025
202511,2647069000,연제구 연산5동,40대,1108,522,689,2025
202511,2647069000,연제구 연산5동,50대,1167,599,884,2025
202511,2647069000,연제구 연산5동,60대이상,2883,490,1492,2025
202511,2647070000,연제구 연산6동,20대,647,91,437,2025
202511,2647070000,연제구 연산6동,20대미만,659,116,284,2025
202511,2647070000,연제구 연산6동,30대,974,110,615,2025
202511,2647070000,연제구 연산6동,40대,1059,152,622,2025
202511,2647070000,연제구 연산6동,50대,1348,215,774,2025
202511,2647070000,연제구 연산6동,60대이상,3949,217,1836,2025
202511,2647072000,연제구 연산8동,20대,383,61,278,2025
202511,2647072000,연제구 연산8동,20대미만,594,77,367,2025
202511,2647072000,연제구 연산8동,30대,683,86,335,2025
202511,2647072000,연제구 연산8동,40대,780,98,422,2025
202511,2647072000,연제구 연산8동,50대,1091,154,569,2025
202511,2647072000,연제구 연산8동,60대이상,2218,147,1302,2025
202511,2647073000,연제구 연산9동,20대,1982,284,489,2025
202511,2647073000,연제구 연산9동,20대미만,2349,256,456,2025
202511,2647073000,연제구 연산9동,30대,2470,352,662,2025
202511,2647073000,연제구 연산9동,40대,3147,545,829,2025
202511,2647073000,연제구 연산9동,50대,3945,618,1011,2025
202511,2647073000,연제구 연산9동,60대이상,9289,459,1677,2025
202511,2650066000,수영구 남천1동,20대,1069,373,758,2025
202511,2650066000,수영구 남천1동,20대미만,1263,214,697,2025
202511,2650066000,수영구 남천1동,30대,1352,474,830,2025
202511,2650066000,수영구 남천1동,40대,1558,493,999,2025
202511,2650066000,수영구 남천1동,50대,1730,546,1112,2025
202511,2650066000,수영구 남천1동,60대이상,3595,455,1899,2025
202511,2650067000,수영구 남천2동,20대,424,60,533,2025
202511,2650067000,수영구 남천2동,20대미만,608,24,297,2025
202511,2650067000,수영구 남천2동,30대,863,90,508,2025
202511,2650067000,수영구 남천2동,40대,1147,138,515,2025
202511,2650067000,수영구 남천2동,50대,1532,157,489,2025
202511,2650067000,수영구 남천2동,60대이상,2954,148,883,2025
202511,2650073000,수영구 수영동,20대,908,140,425,2025
202511,2650073000,수영구 수영동,20대미만,544,54,228,2025
202511,2650073000,수영구 수영동,30대,1063,218,492,2025
202511,2650073000,수영구 수영동,40대,1061,178,450,2025
202511,2650073000,수영구 수영동,50대,1438,291,659,2025
202511,2650073000,수영구 수영동,60대이상,5023,308,1307,2025
202511,2650074000,수영구 망미1동,20대,1345,190,346,2025
202511,2650074000,수영구 망미1동,20대미만,1680,95,236,2025
202511,2650074000,수영구 망미1동,30대,1730,254,459,2025
202511,2650074000,수영구 망미1동,40대,2322,275,452,2025
202511,2650074000,수영구 망미1동,50대,2641,351,529,2025
202511,2650074000,수영구 망미1동,60대이상,8428,435,1097,2025
202511,2650075000,수영구 망미2동,20대,442,70,200,2025
202511,2650075000,수영구 망미2동,20대미만,418,34,172,2025
202511,2650075000,수영구 망미2동,30대,574,91,257,2025
202511,2650075000,수영구 망미2동,40대,768,90,363,2025
202511,2650075000,수영구 망미2동,50대,1026,119,420,2025
202511,2650075000,수영구 망미2동,60대이상,2360,123,782,2025
202511,2650076000,수영구 광안1동,20대,2065,169,527,2025
202511,2650076000,수영구 광안1동,20대미만,751,33,179,2025
202511,2650076000,수영구 광안1동,30대,2517,212,440,2025
202511,2650076000,수영구 광안1동,40대,1323,204,375,2025
202511,2650076000,수영구 광안1동,50대,1374,261,445,2025
202511,2650076000,수영구 광안1동,60대이상,4188,241,936,2025
202511,2650077000,수영구 광안2동,20대,1392,305,1976,2025
202511,2650077000,수영구 광안2동,20대미만,899,139,566,2025
202511,2650077000,수영구 광안2동,30대,1715,397,1573,2025
202511,2650077000,수영구 광안2동,40대,1531,304,1005,2025
202511,2650077000,수영구 광안2동,50대,1642,345,1040,2025
202511,2650077000,수영구 광안2동,60대이상,4058,307,1575,2025
202511,2650078000,수영구 광안3동,20대,1042,163,693,2025
202511,2650078000,수영구 광안3동,20대미만,290,19,263,2025
202511,2650078000,수영구 광안3동,30대,987,177,629,2025
202511,2650078000,수영구 광안3동,40대,716,203,557,2025
202511,2650078000,수영구 광안3동,50대,794,212,617,2025
202511,2650078000,수영구 광안3동,60대이상,2441,249,1281,2025
202511,2650079000,수영구 광안4동,20대,820,95,637,2025
202511,2650079000,수영구 광안4동,20대미만,596,205,441,2025
202511,2650079000,수영구 광안4동,30대,970,129,747,2025
202511,2650079000,수영구 광안4동,40대,1139,158,737,2025
202511,2650079000,수영구 광안4동,50대,1252,162,785,2025
202511,2650079000,수영구 광안4동,60대이상,3143,174,1473,2025
202511,2650080000,수영구 민락동,20대,1684,364,2040,2025
202511,2650080000,수영구 민락동,20대미만,1358,44,625,2025
202511,2650080000,수영구 민락동,30대,2577,399,1699,2025
202511,2650080000,수영구 민락동,40대,2802,385,1224,2025
202511,2650080000,수영구 민락동,50대,3132,423,1278,2025
202511,2650080000,수영구 민락동,60대이상,7141,435,1940,2025
202511,2653058000,사상구 삼락동,20대,224,136,254,2025
202511,2653058000,사상구 삼락동,20대미만,180,33,199,2025
202511,2653058000,사상구 삼락동,30대,265,274,426,2025
202511,2653058000,사상구 삼락동,40대,313,374,489,2025
202511,2653058000,사상구 삼락동,50대,653,572,723,2025
202511,2653058000,사상구 삼락동,60대이상,1653,531,1234,2025
202511,2653059100,사상구 모라1동,20대,1454,287,345,2025
202511,2653059100,사상구 모라1동,20대미만,1255,98,216,2025
202511,2653059100,사상구 모라1동,30대,1888,466,466,2025
202511,2653059100,사상구 모라1동,40대,1596,498,497,2025
202511,2653059100,사상구 모라1동,50대,2926,781,751,2025
202511,2653059100,사상구 모라1동,60대이상,8005,768,1446,2025
202511,2653059300,사상구 모라3동,20대,306,45,78,2025
202511,2653059300,사상구 모라3동,20대미만,267,44,72,2025
202511,2653059300,사상구 모라3동,30대,366,45,76,2025
202511,2653059300,사상구 모라3동,40대,598,62,144,2025
202511,2653059300,사상구 모라3동,50대,1099,144,244,2025
202511,2653059300,사상구 모라3동,60대이상,4352,167,572,2025
202511,2653060000,사상구 덕포1동,20대,587,67,210,2025
202511,2653060000,사상구 덕포1동,20대미만,667,99,119,2025
202511,2653060000,사상구 덕포1동,30대,1042,88,241,2025
202511,2653060000,사상구 덕포1동,40대,931,125,211,2025
202511,2653060000,사상구 덕포1동,50대,1094,186,311,2025
202511,2653060000,사상구 덕포1동,60대이상,2550,178,574,2025
202511,2653061000,사상구 덕포2동,20대,785,169,450,2025
202511,2653061000,사상구 덕포2동,20대미만,824,121,277,2025
202511,2653061000,사상구 덕포2동,30대,844,216,427,2025
202511,2653061000,사상구 덕포2동,40대,1000,321,442,2025
202511,2653061000,사상구 덕포2동,50대,1461,451,616,2025
202511,2653061000,사상구 덕포2동,60대이상,3673,371,1024,2025
202511,2653062000,사상구 괘법동,20대,2850,744,1634,2025
202511,2653062000,사상구 괘법동,20대미만,719,85,496,2025
202511,2653062000,사상구 괘법동,30대,2792,540,1163,2025
202511,2653062000,사상구 괘법동,40대,1806,641,1016,2025
202511,2653062000,사상구 괘법동,50대,2685,808,1385,2025
202511,2653062000,사상구 괘법동,60대이상,5419,717,2359,2025
202511,2653064500,사상구 감전동,20대,582,389,450,2025
202511,2653064500,사상구 감전동,20대미만,282,30,132,2025
202511,2653064500,사상구 감전동,30대,857,707,564,2025
202511,2653064500,사상구 감전동,40대,878,737,623,2025
202511,2653064500,사상구 감전동,50대,1427,935,897,2025
202511,2653064500,사상구 감전동,60대이상,3683,892,1394,2025
202511,2653065000,사상구 주례1동,20대,1024,190,352,2025
202511,2653065000,사상구 주례1동,20대미만,1146,17,113,2025
202511,2653065000,사상구 주례1동,30대,1513,292,399,2025
202511,2653065000,사상구 주례1동,40대,1525,297,378,2025
202511,2653065000,사상구 주례1동,50대,2004,408,547,2025
202511,2653065000,사상구 주례1동,60대이상,4221,403,1245,2025
202511,2653066000,사상구 주례2동,20대,2511,751,1021,2025
202511,2653066000,사상구 주례2동,20대미만,1641,279,408,2025
202511,2653066000,사상구 주례2동,30대,1718,319,529,2025
202511,2653066000,사상구 주례2동,40대,1906,315,526,2025
202511,2653066000,사상구 주례2동,50대,2277,387,748,2025
202511,2653066000,사상구 주례2동,60대이상,5220,349,1434,2025
202511,2653066100,사상구 주례3동,20대,369,52,148,2025
202511,2653066100,사상구 주례3동,20대미만,353,46,80,2025
202511,2653066100,사상구 주례3동,30대,381,84,170,2025
202511,2653066100,사상구 주례3동,40대,463,103,176,2025
202511,2653066100,사상구 주례3동,50대,758,122,209,2025
202511,2653066100,사상구 주례3동,60대이상,1922,100,348,2025
202511,2653067000,사상구 학장동,20대,1452,314,381,2025
202511,2653067000,사상구 학장동,20대미만,1494,147,219,2025
202511,2653067000,사상구 학장동,30대,1686,443,515,2025
202511,2653067000,사상구 학장동,40대,2397,636,586,2025
202511,2653067000,사상구 학장동,50대,3465,846,894,2025
202511,2653067000,사상구 학장동,60대이상,7711,688,1535,2025
202511,2653068000,사상구 엄궁동,20대,1373,205,238,2025
202511,2653068000,사상구 엄궁동,20대미만,2168,32,147,2025
202511,2653068000,사상구 엄궁동,30대,1795,316,400,2025
202511,2653068000,사상구 엄궁동,40대,2368,449,462,2025
202511,2653068000,사상구 엄궁동,50대,3370,564,688,2025
202511,2653068000,사상구 엄궁동,60대이상,6047,428,1020,2025
202511,2671025000,기장군 기장읍,20대,3513,926,1491,2025
202511,2671025000,기장군 기장읍,20대미만,3886,123,1009,2025
202511,2671025000,기장군 기장읍,30대,4058,1128,2339,2025
202511,2671025000,기장군 기장읍,40대,5343,1295,2480,2025
202511,2671025000,기장군 기장읍,50대,7145,1628,2697,2025
202511,2671025000,기장군 기장읍,60대이상,17213,1065,3618,2025
202511,2671025300,기장군 장안읍,20대,454,516,585,2025
202511,2671025300,기장군 장안읍,20대미만,348,225,361,2025
202511,2671025300,기장군 장안읍,30대,673,1075,1044,2025
202511,2671025300,기장군 장안읍,40대,657,1191,1450,2025
202511,2671025300,기장군 장안읍,50대,1041,1055,1559,2025
202511,2671025300,기장군 장안읍,60대이상,3225,639,1959,2025
202511,2671025600,기장군 정관읍,20대,4370,952,788,2025
202511,2671025600,기장군 정관읍,20대미만,14296,79,341,2025
202511,2671025600,기장군 정관읍,30대,6225,1228,919,2025
202511,2671025600,기장군 정관읍,40대,13575,2380,1180,2025
202511,2671025600,기장군 정관읍,50대,8985,1934,1396,2025
202511,2671025600,기장군 정관읍,60대이상,13369,939,1776,2025
202511,2671025900,기장군 일광읍,20대,1689,303,695,2025
202511,2671025900,기장군 일광읍,20대미만,2857,48,350,2025
202511,2671025900,기장군 일광읍,30대,3626,425,895,2025
202511,2671025900,기장군 일광읍,40대,4005,617,1012,2025
202511,2671025900,기장군 일광읍,50대,3061,535,1227,2025
202511,2671025900,기장군 일광읍,60대이상,5763,411,1621,2025
202511,2671033000,기장군 철마면,20대,154,42,76,2025
202511,2671033000,기장군 철마면,20대미만,203,9,60,2025
202511,2671033000,기장군 철마면,30대,270,87,158,2025
202511,2671033000,기장군 철마면,40대,457,140,238,2025
202511,2671033000,기장군 철마면,50대,672,231,424,2025
202511,2671033000,기장군 철마면,60대이상,3087,256,938,2025
202510,2611051000,중구 중앙동,20대,543,674,941,2025
202510,2611051000,중구 중앙동,20대미만,247,54,415,2025
202510,2611051000,중구 중앙동,30대,525,1003,1142,2025
202510,2611051000,중구 중앙동,40대,640,900,1119,2025
202510,2611051000,중구 중앙동,50대,723,905,1199,2025
202510,2611051000,중구 중앙동,60대이상,1738,574,1643,2025
202510,2611052000,중구 동광동,20대,102,53,179,2025
202510,2611052000,중구 동광동,20대미만,52,20,84,2025
202510,2611052000,중구 동광동,30대,120,100,188,2025
202510,2611052000,중구 동광동,40대,161,129,210,2025
202510,2611052000,중구 동광동,50대,235,113,220,2025
202510,2611052000,중구 동광동,60대이상,977,89,425,2025
202510,2611053000,중구 대청동,20대,460,151,296,2025
202510,2611053000,중구 대청동,20대미만,200,58,138,2025
202510,2611053000,중구 대청동,30대,346,182,300,2025
202510,2611053000,중구 대청동,40대,442,195,318,2025
202510,2611053000,중구 대청동,50대,621,204,400,2025
202510,2611053000,중구 대청동,60대이상,1918,185,677,2025
202510,2611054500,중구 보수동,20대,891,94,219,2025
202510,2611054500,중구 보수동,20대미만,322,66,116,2025
202510,2611054500,중구 보수동,30대,422,69,181,2025
202510,2611054500,중구 보수동,40대,541,85,209,2025
202510,2611054500,중구 보수동,50대,1186,158,262,2025
202510,2611054500,중구 보수동,60대이상,2405,155,585,2025
202510,2611056000,중구 부평동,20대,300,103,824,2025
202510,2611056000,중구 부평동,20대미만,156,12,259,2025
202510,2611056000,중구 부평동,30대,272,177,770,2025
202510,2611056000,중구 부평동,40대,294,207,802,2025
202510,2611056000,중구 부평동,50대,467,251,1047,2025
202510,2611056000,중구 부평동,60대이상,1480,275,1916,2025
202510,2611057000,중구 광복동,20대,29,68,249,2025
202510,2611057000,중구 광복동,20대미만,22,26,153,2025
202510,2611057000,중구 광복동,30대,35,74,220,2025
202510,2611057000,중구 광복동,40대,67,78,271,2025
202510,2611057000,중구 광복동,50대,93,135,278,2025
202510,2611057000,중구 광복동,60대이상,291,257,474,2025
202510,2611058000,중구 남포동,20대,82,182,895,2025
202510,2611058000,중구 남포동,20대미만,47,9,484,2025
202510,2611058000,중구 남포동,30대,165,270,855,2025
202510,2611058000,중구 남포동,40대,201,293,992,2025
202510,2611058000,중구 남포동,50대,345,395,1341,2025
202510,2611058000,중구 남포동,60대이상,753,724,3097,2025
202510,2611059000,중구 영주1동,20대,53,15,67,2025
202510,2611059000,중구 영주1동,20대미만,22,0,10,2025
202510,2611059000,중구 영주1동,30대,68,16,56,2025
202510,2611059000,중구 영주1동,40대,58,14,54,2025
202510,2611059000,중구 영주1동,50대,63,15,91,2025
202510,2611059000,중구 영주1동,60대이상,231,30,155,2025
202510,2611060000,중구 영주2동,20대,318,31,142,2025
202510,2611060000,중구 영주2동,20대미만,234,28,104,2025
202510,2611060000,중구 영주2동,30대,317,40,162,2025
202510,2611060000,중구 영주2동,40대,470,45,180,2025
202510,2611060000,중구 영주2동,50대,771,93,247,2025
202510,2611060000,중구 영주2동,60대이상,2588,78,546,2025
202510,2614051000,서구 동대신1동,20대,301,32,169,2025
202510,2614051000,서구 동대신1동,20대미만,245,28,144,2025
202510,2614051000,서구 동대신1동,30대,325,38,167,2025
202510,2614051000,서구 동대신1동,40대,416,45,199,2025
202510,2614051000,서구 동대신1동,50대,531,49,249,2025
202510,2614051000,서구 동대신1동,60대이상,1431,73,478,2025
202510,2614052000,서구 동대신2동,20대,172,16,54,2025
202510,2614052000,서구 동대신2동,20대미만,129,71,92,2025
202510,2614052000,서구 동대신2동,30대,159,21,71,2025
202510,2614052000,서구 동대신2동,40대,346,34,106,2025
202510,2614052000,서구 동대신2동,50대,449,49,125,2025
202510,2614052000,서구 동대신2동,60대이상,1697,44,276,2025
202510,2614053000,서구 동대신3동,20대,598,316,525,2025
202510,2614053000,서구 동대신3동,20대미만,454,173,421,2025
202510,2614053000,서구 동대신3동,30대,427,236,479,2025
202510,2614053000,서구 동대신3동,40대,531,208,563,2025
202510,2614053000,서구 동대신3동,50대,715,239,702,2025
202510,2614053000,서구 동대신3동,60대이상,2017,206,1542,2025
202510,2614054000,서구 서대신1동,20대,908,125,378,2025
202510,2614054000,서구 서대신1동,20대미만,1091,24,269,2025
202510,2614054000,서구 서대신1동,30대,1175,165,351,2025
202510,2614054000,서구 서대신1동,40대,1569,189,439,2025
202510,2614054000,서구 서대신1동,50대,1491,231,518,2025
202510,2614054000,서구 서대신1동,60대이상,3638,181,949,2025
202510,2614056000,서구 서대신3동,20대,188,43,111,2025
202510,2614056000,서구 서대신3동,20대미만,352,81,125,2025
202510,2614056000,서구 서대신3동,30대,240,55,131,2025
202510,2614056000,서구 서대신3동,40대,384,60,168,2025
202510,2614056000,서구 서대신3동,50대,438,50,221,2025
202510,2614056000,서구 서대신3동,60대이상,953,60,391,2025
202510,2614057000,서구 서대신4동,20대,384,59,216,2025
202510,2614057000,서구 서대신4동,20대미만,529,74,157,2025
202510,2614057000,서구 서대신4동,30대,378,56,190,2025
202510,2614057000,서구 서대신4동,40대,707,76,256,2025
202510,2614057000,서구 서대신4동,50대,773,79,353,2025
202510,2614057000,서구 서대신4동,60대이상,1899,116,676,2025
202510,2614059000,서구 부민동,20대,468,251,326,2025
202510,2614059000,서구 부민동,20대미만,395,67,137,2025
202510,2614059000,서구 부민동,30대,310,57,137,2025
202510,2614059000,서구 부민동,40대,456,55,152,2025
202510,2614059000,서구 부민동,50대,499,74,199,2025
202510,2614059000,서구 부민동,60대이상,1247,46,343,2025
202510,2614061500,서구 아미동,20대,424,52,250,2025
202510,2614061500,서구 아미동,20대미만,168,0,91,2025
202510,2614061500,서구 아미동,30대,475,94,278,2025
202510,2614061500,서구 아미동,40대,366,87,243,2025
202510,2614061500,서구 아미동,50대,633,97,316,2025
202510,2614061500,서구 아미동,60대이상,2450,94,745,2025
202510,2614063000,서구 초장동,20대,154,21,119,2025
202510,2614063000,서구 초장동,20대미만,90,34,74,2025
202510,2614063000,서구 초장동,30대,154,14,64,2025
202510,2614063000,서구 초장동,40대,244,24,112,2025
202510,2614063000,서구 초장동,50대,423,34,168,2025
202510,2614063000,서구 초장동,60대이상,1663,54,329,2025
202510,2614064000,서구 충무동,20대,558,68,158,2025
202510,2614064000,서구 충무동,20대미만,251,97,103,2025
202510,2614064000,서구 충무동,30대,385,113,142,2025
202510,2614064000,서구 충무동,40대,496,121,234,2025
202510,2614064000,서구 충무동,50대,744,136,312,2025
202510,2614064000,서구 충무동,60대이상,1901,149,668,2025
202510,2614065000,서구 남부민1동,20대,100,8,71,2025
202510,2614065000,서구 남부민1동,20대미만,65,2,35,2025
202510,2614065000,서구 남부민1동,30대,89,12,75,2025
202510,2614065000,서구 남부민1동,40대,120,23,112,2025
202510,2614065000,서구 남부민1동,50대,302,45,178,2025
202510,2614065000,서구 남부민1동,60대이상,860,34,414,2025
202510,2614066000,서구 남부민2동,20대,308,60,208,2025
202510,2614066000,서구 남부민2동,20대미만,291,55,170,2025
202510,2614066000,서구 남부민2동,30대,362,58,304,2025
202510,2614066000,서구 남부민2동,40대,506,75,343,2025
202510,2614066000,서구 남부민2동,50대,856,100,429,2025
202510,2614066000,서구 남부민2동,60대이상,2793,94,890,2025
202510,2614068000,서구 암남동,20대,1137,437,750,2025
202510,2614068000,서구 암남동,20대미만,811,42,418,2025
202510,2614068000,서구 암남동,30대,1274,445,830,2025
202510,2614068000,서구 암남동,40대,1640,484,1049,2025
202510,2614068000,서구 암남동,50대,2006,559,1281,2025
202510,2614068000,서구 암남동,60대이상,5107,404,2136,2025
202510,2617051000,동구 초량1동,20대,153,122,389,2025
202510,2617051000,동구 초량1동,20대미만,109,21,119,2025
202510,2617051000,동구 초량1동,30대,172,181,395,2025
202510,2617051000,동구 초량1동,40대,233,174,377,2025
202510,2617051000,동구 초량1동,50대,367,158,427,2025
202510,2617051000,동구 초량1동,60대이상,1086,110,689,2025
202510,2617052000,동구 초량2동,20대,244,97,536,2025
202510,2617052000,동구 초량2동,20대미만,174,129,239,2025
202510,2617052000,동구 초량2동,30대,218,130,515,2025
202510,2617052000,동구 초량2동,40대,327,129,484,2025
202510,2617052000,동구 초량2동,50대,544,140,597,2025
202510,2617052000,동구 초량2동,60대이상,1947,187,976,2025
202510,2617053000,동구 초량3동,20대,932,380,1396,2025
202510,2617053000,동구 초량3동,20대미만,705,115,551,2025
202510,2617053000,동구 초량3동,30대,1474,547,1549,2025
202510,2617053000,동구 초량3동,40대,1438,482,1503,2025
202510,2617053000,동구 초량3동,50대,1151,552,1782,2025
202510,2617053000,동구 초량3동,60대이상,2109,373,2262,2025
202510,2617055000,동구 초량6동,20대,73,8,23,2025
202510,2617055000,동구 초량6동,20대미만,40,35,45,2025
202510,2617055000,동구 초량6동,30대,62,5,24,2025
202510,2617055000,동구 초량6동,40대,91,13,41,2025
202510,2617055000,동구 초량6동,50대,157,15,64,2025
202510,2617055000,동구 초량6동,60대이상,457,13,105,2025
202510,2617056000,동구 수정1동,20대,249,76,199,2025
202510,2617056000,동구 수정1동,20대미만,249,22,144,2025
202510,2617056000,동구 수정1동,30대,234,75,220,2025
202510,2617056000,동구 수정1동,40대,345,62,205,2025
202510,2617056000,동구 수정1동,50대,463,70,258,2025
202510,2617056000,동구 수정1동,60대이상,1315,78,443,2025
202510,2617057000,동구 수정2동,20대,434,80,140,2025
202510,2617057000,동구 수정2동,20대미만,347,70,124,2025
202510,2617057000,동구 수정2동,30대,592,120,180,2025
202510,2617057000,동구 수정2동,40대,653,135,244,2025
202510,2617057000,동구 수정2동,50대,843,155,294,2025
202510,2617057000,동구 수정2동,60대이상,2641,136,537,2025
202510,2617059000,동구 수정4동,20대,132,11,37,2025
202510,2617059000,동구 수정4동,20대미만,78,0,34,2025
202510,2617059000,동구 수정4동,30대,117,8,40,2025
202510,2617059000,동구 수정4동,40대,167,13,54,2025
202510,2617059000,동구 수정4동,50대,382,25,89,2025
202510,2617059000,동구 수정4동,60대이상,1336,33,160,2025
202510,2617060000,동구 수정5동,20대,231,11,60,2025
202510,2617060000,동구 수정5동,20대미만,195,25,59,2025
202510,2617060000,동구 수정5동,30대,203,26,79,2025
202510,2617060000,동구 수정5동,40대,335,33,83,2025
202510,2617060000,동구 수정5동,50대,558,52,114,2025
202510,2617060000,동구 수정5동,60대이상,2062,34,220,2025
202510,2617064500,동구 좌천동,20대,205,18,184,2025
202510,2617064500,동구 좌천동,20대미만,94,36,148,2025
202510,2617064500,동구 좌천동,30대,203,42,245,2025
202510,2617064500,동구 좌천동,40대,214,50,266,2025
202510,2617064500,동구 좌천동,50대,403,80,365,2025
202510,2617064500,동구 좌천동,60대이상,1267,81,819,2025
202510,2617065000,동구 범일1동,20대,505,53,203,2025
202510,2617065000,동구 범일1동,20대미만,299,38,108,2025
202510,2617065000,동구 범일1동,30대,612,81,261,2025
202510,2617065000,동구 범일1동,40대,700,99,260,2025
202510,2617065000,동구 범일1동,50대,1051,142,304,2025
202510,2617065000,동구 범일1동,60대이상,3988,170,594,2025
202510,2617066000,동구 범일2동,20대,469,344,593,2025
202510,2617066000,동구 범일2동,20대미만,324,18,186,2025
202510,2617066000,동구 범일2동,30대,602,553,797,2025
202510,2617066000,동구 범일2동,40대,580,757,789,2025
202510,2617066000,동구 범일2동,50대,787,830,1046,2025
202510,2617066000,동구 범일2동,60대이상,1725,802,1851,2025
202510,2617068000,동구 범일5동,20대,463,76,379,2025
202510,2617068000,동구 범일5동,20대미만,480,44,159,2025
202510,2617068000,동구 범일5동,30대,1287,135,463,2025
202510,2617068000,동구 범일5동,40대,981,172,472,2025
202510,2617068000,동구 범일5동,50대,827,203,596,2025
202510,2617068000,동구 범일5동,60대이상,1640,292,1217,2025
202510,2620053000,영도구 남항동,20대,542,172,559,2025
202510,2620053000,영도구 남항동,20대미만,407,23,323,2025
202510,2620053000,영도구 남항동,30대,601,232,636,2025
202510,2620053000,영도구 남항동,40대,769,300,785,2025
202510,2620053000,영도구 남항동,50대,1255,429,1009,2025
202510,2620053000,영도구 남항동,60대이상,4069,500,1952,2025
202510,2620054000,영도구 영선1동,20대,44,7,30,2025
202510,2620054000,영도구 영선1동,20대미만,41,1,23,2025
202510,2620054000,영도구 영선1동,30대,27,11,41,2025
202510,2620054000,영도구 영선1동,40대,68,24,65,2025
202510,2620054000,영도구 영선1동,50대,98,32,119,2025
202510,2620054000,영도구 영선1동,60대이상,358,52,237,2025
202510,2620055000,영도구 영선2동,20대,317,64,191,2025
202510,2620055000,영도구 영선2동,20대미만,322,66,168,2025
202510,2620055000,영도구 영선2동,30대,419,45,178,2025
202510,2620055000,영도구 영선2동,40대,472,60,227,2025
202510,2620055000,영도구 영선2동,50대,800,94,262,2025
202510,2620055000,영도구 영선2동,60대이상,2876,105,528,2025
202510,2620058500,영도구 신선동,20대,221,31,77,2025
202510,2620058500,영도구 신선동,20대미만,177,114,111,2025
202510,2620058500,영도구 신선동,30대,278,29,100,2025
202510,2620058500,영도구 신선동,40대,442,54,160,2025
202510,2620058500,영도구 신선동,50대,765,63,212,2025
202510,2620058500,영도구 신선동,60대이상,3065,72,379,2025
202510,2620059000,영도구 봉래1동,20대,290,41,181,2025
202510,2620059000,영도구 봉래1동,20대미만,306,5,117,2025
202510,2620059000,영도구 봉래1동,30대,384,59,241,2025
202510,2620059000,영도구 봉래1동,40대,404,85,302,2025
202510,2620059000,영도구 봉래1동,50대,561,140,337,2025
202510,2620059000,영도구 봉래1동,60대이상,1897,186,596,2025
202510,2620060500,영도구 봉래2동,20대,311,40,152,2025
202510,2620060500,영도구 봉래2동,20대미만,249,22,138,2025
202510,2620060500,영도구 봉래2동,30대,385,59,161,2025
202510,2620060500,영도구 봉래2동,40대,565,112,229,2025
202510,2620060500,영도구 봉래2동,50대,811,127,258,2025
202510,2620060500,영도구 봉래2동,60대이상,2342,137,525,2025
202510,2620063000,영도구 청학1동,20대,169,47,106,2025
202510,2620063000,영도구 청학1동,20대미만,213,19,76,2025
202510,2620063000,영도구 청학1동,30대,238,45,129,2025
202510,2620063000,영도구 청학1동,40대,403,121,223,2025
202510,2620063000,영도구 청학1동,50대,589,165,254,2025
202510,2620063000,영도구 청학1동,60대이상,1869,137,446,2025
202510,2620064000,영도구 청학2동,20대,625,96,283,2025
202510,2620064000,영도구 청학2동,20대미만,701,15,225,2025
202510,2620064000,영도구 청학2동,30대,945,195,359,2025
202510,2620064000,영도구 청학2동,40대,1193,232,436,2025
202510,2620064000,영도구 청학2동,50대,1959,324,488,2025
202510,2620064000,영도구 청학2동,60대이상,5151,268,897,2025
202510,2620065000,영도구 동삼1동,20대,1669,346,499,2025
202510,2620065000,영도구 동삼1동,20대미만,1808,165,366,2025
202510,2620065000,영도구 동삼1동,30대,1699,314,545,2025
202510,2620065000,영도구 동삼1동,40대,2351,381,651,2025
202510,2620065000,영도구 동삼1동,50대,3262,518,697,2025
202510,2620065000,영도구 동삼1동,60대이상,9383,343,1138,2025
202510,2620066000,영도구 동삼2동,20대,795,366,574,2025
202510,2620066000,영도구 동삼2동,20대미만,503,72,467,2025
202510,2620066000,영도구 동삼2동,30대,280,115,498,2025
202510,2620066000,영도구 동삼2동,40대,470,140,684,2025
202510,2620066000,영도구 동삼2동,50대,504,171,687,2025
202510,2620066000,영도구 동삼2동,60대이상,1281,103,1123,2025
202510,2620067000,영도구 동삼3동,20대,311,57,208,2025
202510,2620067000,영도구 동삼3동,20대미만,326,60,203,2025
202510,2620067000,영도구 동삼3동,30대,369,59,241,2025
202510,2620067000,영도구 동삼3동,40대,587,107,295,2025
202510,2620067000,영도구 동삼3동,50대,917,126,368,2025
202510,2620067000,영도구 동삼3동,60대이상,3585,126,641,2025
202510,2623051000,부산진구 부전1동,20대,2015,636,1638,2025
202510,2623051000,부산진구 부전1동,20대미만,367,49,384,2025
202510,2623051000,부산진구 부전1동,30대,1771,725,1458,2025
202510,2623051000,부산진구 부전1동,40대,1008,649,1219,2025
202510,2623051000,부산진구 부전1동,50대,1270,777,1653,2025
202510,2623051000,부산진구 부전1동,60대이상,2754,1107,4349,2025
202510,2623052000,부산진구 부전2동,20대,1703,1627,6034,2025
202510,2623052000,부산진구 부전2동,20대미만,355,132,1624,2025
202510,2623052000,부산진구 부전2동,30대,1798,1206,3664,2025
202510,2623052000,부산진구 부전2동,40대,1145,885,2325,2025
202510,2623052000,부산진구 부전2동,50대,1057,823,2001,2025
202510,2623052000,부산진구 부전2동,60대이상,1820,658,2582,2025
202510,2623054000,부산진구 연지동,20대,551,58,258,2025
202510,2623054000,부산진구 연지동,20대미만,638,45,237,2025
202510,2623054000,부산진구 연지동,30대,834,76,356,2025
202510,2623054000,부산진구 연지동,40대,1150,148,362,2025
202510,2623054000,부산진구 연지동,50대,1382,164,387,2025
202510,2623054000,부산진구 연지동,60대이상,3871,131,717,2025
202510,2623055000,부산진구 초읍동,20대,1194,155,493,2025
202510,2623055000,부산진구 초읍동,20대미만,1726,119,384,2025
202510,2623055000,부산진구 초읍동,30대,1647,200,631,2025
202510,2623055000,부산진구 초읍동,40대,2014,271,787,2025
202510,2623055000,부산진구 초읍동,50대,2607,401,843,2025
202510,2623055000,부산진구 초읍동,60대이상,7506,365,1451,2025
202510,2623056000,부산진구 양정1동,20대,1455,546,804,2025
202510,2623056000,부산진구 양정1동,20대미만,1193,302,394,2025
202510,2623056000,부산진구 양정1동,30대,1681,358,804,2025
202510,2623056000,부산진구 양정1동,40대,1614,373,704,2025
202510,2623056000,부산진구 양정1동,50대,2359,409,794,2025
202510,2623056000,부산진구 양정1동,60대이상,5414,442,1233,2025
202510,2623057000,부산진구 양정2동,20대,2000,272,589,2025
202510,2623057000,부산진구 양정2동,20대미만,813,265,232,2025
202510,2623057000,부산진구 양정2동,30대,2591,338,600,2025
202510,2623057000,부산진구 양정2동,40대,1730,282,495,2025
202510,2623057000,부산진구 양정2동,50대,1481,317,693,2025
202510,2623057000,부산진구 양정2동,60대이상,2640,257,1189,2025
202510,2623060000,부산진구 전포1동,20대,2599,704,2235,2025
202510,2623060000,부산진구 전포1동,20대미만,656,338,561,2025
202510,2623060000,부산진구 전포1동,30대,2565,597,1344,2025
202510,2623060000,부산진구 전포1동,40대,1403,346,662,2025
202510,2623060000,부산진구 전포1동,50대,1613,367,609,2025
202510,2623060000,부산진구 전포1동,60대이상,2784,307,714,2025
202510,2623061000,부산진구 전포2동,20대,2021,411,1742,2025
202510,2623061000,부산진구 전포2동,20대미만,903,74,545,2025
202510,2623061000,부산진구 전포2동,30대,2432,432,1280,2025
202510,2623061000,부산진구 전포2동,40대,2056,338,752,2025
202510,2623061000,부산진구 전포2동,50대,2236,384,712,2025
202510,2623061000,부산진구 전포2동,60대이상,5487,355,1173,2025
202510,2623064000,부산진구 부암1동,20대,1370,152,527,2025
202510,2623064000,부산진구 부암1동,20대미만,1250,31,272,2025
202510,2623064000,부산진구 부암1동,30대,2187,252,716,2025
202510,2623064000,부산진구 부암1동,40대,2170,289,583,2025
202510,2623064000,부산진구 부암1동,50대,2143,307,721,2025
202510,2623064000,부산진구 부암1동,60대이상,5011,264,1162,2025
202510,2623066000,부산진구 부암3동,20대,1374,124,431,2025
202510,2623066000,부산진구 부암3동,20대미만,1757,142,405,2025
202510,2623066000,부산진구 부암3동,30대,2207,155,516,2025
202510,2623066000,부산진구 부암3동,40대,2290,228,580,2025
202510,2623066000,부산진구 부암3동,50대,2869,302,717,2025
202510,2623066000,부산진구 부암3동,60대이상,5417,281,1477,2025
202510,2623067000,부산진구 당감1동,20대,1262,158,397,2025
202510,2623067000,부산진구 당감1동,20대미만,1189,154,328,2025
202510,2623067000,부산진구 당감1동,30대,1300,158,495,2025
202510,2623067000,부산진구 당감1동,40대,1705,202,513,2025
202510,2623067000,부산진구 당감1동,50대,2639,358,713,2025
202510,2623067000,부산진구 당감1동,60대이상,6532,319,1178,2025
202510,2623068000,부산진구 당감2동,20대,623,45,190,2025
202510,2623068000,부산진구 당감2동,20대미만,316,3,115,2025
202510,2623068000,부산진구 당감2동,30대,579,62,297,2025
202510,2623068000,부산진구 당감2동,40대,677,63,296,2025
202510,2623068000,부산진구 당감2동,50대,761,90,367,2025
202510,2623068000,부산진구 당감2동,60대이상,1737,92,574,2025
202510,2623070000,부산진구 당감4동,20대,486,48,227,2025
202510,2623070000,부산진구 당감4동,20대미만,608,22,212,2025
202510,2623070000,부산진구 당감4동,30대,541,54,312,2025
202510,2623070000,부산진구 당감4동,40대,756,75,357,2025
202510,2623070000,부산진구 당감4동,50대,1124,132,388,2025
202510,2623070000,부산진구 당감4동,60대이상,2601,142,645,2025
202510,2623071000,부산진구 가야1동,20대,1475,826,818,2025
202510,2623071000,부산진구 가야1동,20대미만,1039,273,416,2025
202510,2623071000,부산진구 가야1동,30대,1054,209,592,2025
202510,2623071000,부산진구 가야1동,40대,1350,240,620,2025
202510,2623071000,부산진구 가야1동,50대,1774,382,773,2025
202510,2623071000,부산진구 가야1동,60대이상,5006,297,1244,2025
202510,2623072000,부산진구 가야2동,20대,687,78,305,2025
202510,2623072000,부산진구 가야2동,20대미만,518,77,263,2025
202510,2623072000,부산진구 가야2동,30대,615,67,404,2025
202510,2623072000,부산진구 가야2동,40대,807,100,471,2025
202510,2623072000,부산진구 가야2동,50대,1077,138,597,2025
202510,2623072000,부산진구 가야2동,60대이상,3227,168,1095,2025
202510,2623074000,부산진구 개금1동,20대,2014,223,569,2025
202510,2623074000,부산진구 개금1동,20대미만,683,21,390,2025
202510,2623074000,부산진구 개금1동,30대,1875,185,540,2025
202510,2623074000,부산진구 개금1동,40대,1393,175,503,2025
202510,2623074000,부산진구 개금1동,50대,1685,294,705,2025
202510,2623074000,부산진구 개금1동,60대이상,3804,279,1186,2025
202510,2623075000,부산진구 개금2동,20대,645,183,449,2025
202510,2623075000,부산진구 개금2동,20대미만,507,31,170,2025
202510,2623075000,부산진구 개금2동,30대,534,188,423,2025
202510,2623075000,부산진구 개금2동,40대,678,137,388,2025
202510,2623075000,부산진구 개금2동,50대,992,168,505,2025
202510,2623075000,부산진구 개금2동,60대이상,2619,120,1117,2025
202510,2623076000,부산진구 개금3동,20대,1503,158,340,2025
202510,2623076000,부산진구 개금3동,20대미만,1557,125,296,2025
202510,2623076000,부산진구 개금3동,30대,1778,155,540,2025
202510,2623076000,부산진구 개금3동,40대,2051,166,440,2025
202510,2623076000,부산진구 개금3동,50대,3135,300,561,2025
202510,2623076000,부산진구 개금3동,60대이상,7818,300,949,2025
202510,2623077000,부산진구 범천1동,20대,1417,357,1106,2025
202510,2623077000,부산진구 범천1동,20대미만,418,15,366,2025
202510,2623077000,부산진구 범천1동,30대,1646,530,1224,2025
202510,2623077000,부산진구 범천1동,40대,1064,552,1061,2025
202510,2623077000,부산진구 범천1동,50대,1167,647,1231,2025
202510,2623077000,부산진구 범천1동,60대이상,2687,610,2264,2025
202510,2623078000,부산진구 범천2동,20대,1220,129,417,2025
202510,2623078000,부산진구 범천2동,20대미만,786,9,230,2025
202510,2623078000,부산진구 범천2동,30대,2368,239,571,2025
202510,2623078000,부산진구 범천2동,40대,1960,226,466,2025
202510,2623078000,부산진구 범천2동,50대,1917,241,487,2025
202510,2623078000,부산진구 범천2동,60대이상,5528,307,925,2025
202510,2626051000,동래구 수민동,20대,1525,195,636,2025
202510,2626051000,동래구 수민동,20대미만,1256,59,581,2025
202510,2626051000,동래구 수민동,30대,2037,249,766,2025
202510,2626051000,동래구 수민동,40대,1905,323,954,2025
202510,2626051000,동래구 수민동,50대,2459,416,1279,2025
202510,2626051000,동래구 수민동,60대이상,7963,449,2684,2025
202510,2626052000,동래구 복산동,20대,421,45,131,2025
202510,2626052000,동래구 복산동,20대미만,312,34,162,2025
202510,2626052000,동래구 복산동,30대,421,80,160,2025
202510,2626052000,동래구 복산동,40대,543,91,236,2025
202510,2626052000,동래구 복산동,50대,931,143,306,2025
202510,2626052000,동래구 복산동,60대이상,2843,133,468,2025
202510,2626054500,동래구 명륜동,20대,1401,435,1473,2025
202510,2626054500,동래구 명륜동,20대미만,2212,366,779,2025
202510,2626054500,동래구 명륜동,30대,1855,548,1393,2025
202510,2626054500,동래구 명륜동,40대,2950,602,1430,2025
202510,2626054500,동래구 명륜동,50대,3032,710,1607,2025
202510,2626054500,동래구 명륜동,60대이상,4452,549,2689,2025
202510,2626055000,동래구 온천1동,20대,2650,333,1156,2025
202510,2626055000,동래구 온천1동,20대미만,2267,170,729,2025
202510,2626055000,동래구 온천1동,30대,3958,439,1386,2025
202510,2626055000,동래구 온천1동,40대,3626,466,1450,2025
202510,2626055000,동래구 온천1동,50대,3452,556,1520,2025
202510,2626055000,동래구 온천1동,60대이상,6116,491,2425,2025
202510,2626056000,동래구 온천2동,20대,793,195,509,2025
202510,2626056000,동래구 온천2동,20대미만,1393,197,340,2025
202510,2626056000,동래구 온천2동,30대,1234,267,557,2025
202510,2626056000,동래구 온천2동,40대,1738,344,597,2025
202510,2626056000,동래구 온천2동,50대,1567,323,776,2025
202510,2626056000,동래구 온천2동,60대이상,3722,303,1350,2025
202510,2626057000,동래구 온천3동,20대,2718,245,1312,2025
202510,2626057000,동래구 온천3동,20대미만,2106,214,1721,2025
202510,2626057000,동래구 온천3동,30대,3045,294,1823,2025
202510,2626057000,동래구 온천3동,40대,3168,374,2250,2025
202510,2626057000,동래구 온천3동,50대,3987,511,1939,2025
202510,2626057000,동래구 온천3동,60대이상,9248,457,3426,2025
202510,2626058000,동래구 사직1동,20대,581,167,615,2025
202510,2626058000,동래구 사직1동,20대미만,874,124,768,2025
202510,2626058000,동래구 사직1동,30대,820,188,712,2025
202510,2626058000,동래구 사직1동,40대,1033,214,916,2025
202510,2626058000,동래구 사직1동,50대,1018,233,923,2025
202510,2626058000,동래구 사직1동,60대이상,2373,284,1546,2025
202510,2626059000,동래구 사직2동,20대,1351,137,624,2025
202510,2626059000,동래구 사직2동,20대미만,2927,362,755,2025
202510,2626059000,동래구 사직2동,30대,1450,158,577,2025
202510,2626059000,동래구 사직2동,40대,2617,263,898,2025
202510,2626059000,동래구 사직2동,50대,2958,297,879,2025
202510,2626059000,동래구 사직2동,60대이상,4076,222,1159,2025
202510,2626060000,동래구 사직3동,20대,873,103,362,2025
202510,2626060000,동래구 사직3동,20대미만,1525,65,499,2025
202510,2626060000,동래구 사직3동,30대,1038,160,414,2025
202510,2626060000,동래구 사직3동,40대,2035,233,582,2025
202510,2626060000,동래구 사직3동,50대,1690,243,569,2025
202510,2626060000,동래구 사직3동,60대이상,3838,201,871,2025
202510,2626074000,동래구 안락1동,20대,648,175,353,2025
202510,2626074000,동래구 안락1동,20대미만,614,32,304,2025
202510,2626074000,동래구 안락1동,30대,767,207,449,2025
202510,2626074000,동래구 안락1동,40대,943,201,640,2025
202510,2626074000,동래구 안락1동,50대,1248,264,754,2025
202510,2626074000,동래구 안락1동,60대이상,3931,306,1525,2025
202510,2626075000,동래구 안락2동,20대,1542,227,492,2025
202510,2626075000,동래구 안락2동,20대미만,2049,130,456,2025
202510,2626075000,동래구 안락2동,30대,1844,285,656,2025
202510,2626075000,동래구 안락2동,40대,2491,350,712,2025
202510,2626075000,동래구 안락2동,50대,3082,458,781,2025
202510,2626075000,동래구 안락2동,60대이상,6753,376,1254,2025
202510,2626076100,동래구 명장1동,20대,667,86,249,2025
202510,2626076100,동래구 명장1동,20대미만,941,257,262,2025
202510,2626076100,동래구 명장1동,30대,969,107,310,2025
202510,2626076100,동래구 명장1동,40대,1313,157,420,2025
202510,2626076100,동래구 명장1동,50대,1501,266,404,2025
202510,2626076100,동래구 명장1동,60대이상,4253,299,904,2025
202510,2626076200,동래구 명장2동,20대,437,34,112,2025
202510,2626076200,동래구 명장2동,20대미만,476,222,232,2025
202510,2626076200,동래구 명장2동,30대,521,34,178,2025
202510,2626076200,동래구 명장2동,40대,699,74,214,2025
202510,2626076200,동래구 명장2동,50대,902,98,218,2025
202510,2626076200,동래구 명장2동,60대이상,2221,114,456,2025
202510,2629051000,남구 대연1동,20대,2356,269,956,2025
202510,2629051000,남구 대연1동,20대미만,756,68,551,2025
202510,2629051000,남구 대연1동,30대,1107,182,775,2025
202510,2629051000,남구 대연1동,40대,1074,171,932,2025
202510,2629051000,남구 대연1동,50대,1548,252,1031,2025
202510,2629051000,남구 대연1동,60대이상,4158,223,1658,2025
202510,2629053000,남구 대연3동,20대,4686,2575,2676,2025
202510,2629053000,남구 대연3동,20대미만,3430,614,1354,2025
202510,2629053000,남구 대연3동,30대,2914,800,1455,2025
202510,2629053000,남구 대연3동,40대,3960,843,1369,2025
202510,2629053000,남구 대연3동,50대,3775,782,1534,2025
202510,2629053000,남구 대연3동,60대이상,6262,508,1830,2025
202510,2629054000,남구 대연4동,20대,685,83,280,2025
202510,2629054000,남구 대연4동,20대미만,976,61,234,2025
202510,2629054000,남구 대연4동,30대,1320,125,338,2025
202510,2629054000,남구 대연4동,40대,1469,159,405,2025
202510,2629054000,남구 대연4동,50대,1398,187,509,2025
202510,2629054000,남구 대연4동,60대이상,3530,227,896,2025
202510,2629055000,남구 대연5동,20대,1504,224,451,2025
202510,2629055000,남구 대연5동,20대미만,792,105,281,2025
202510,2629055000,남구 대연5동,30대,1022,162,358,2025
202510,2629055000,남구 대연5동,40대,1290,203,381,2025
202510,2629055000,남구 대연5동,50대,1664,246,462,2025
202510,2629055000,남구 대연5동,60대이상,3822,221,785,2025
202510,2629056000,남구 대연6동,20대,776,143,252,2025
202510,2629056000,남구 대연6동,20대미만,1392,182,221,2025
202510,2629056000,남구 대연6동,30대,1208,202,281,2025
202510,2629056000,남구 대연6동,40대,1799,257,381,2025
202510,2629056000,남구 대연6동,50대,1537,236,415,2025
202510,2629056000,남구 대연6동,60대이상,2706,152,631,2025
202510,2629057000,남구 용호1동,20대,2007,251,676,2025
202510,2629057000,남구 용호1동,20대미만,3491,161,512,2025
202510,2629057000,남구 용호1동,30대,2341,267,739,2025
202510,2629057000,남구 용호1동,40대,4154,437,845,2025
202510,2629057000,남구 용호1동,50대,5374,595,991,2025
202510,2629057000,남구 용호1동,60대이상,10633,412,1747,2025
202510,2629058000,남구 용호2동,20대,857,129,403,2025
202510,2629058000,남구 용호2동,20대미만,1458,40,253,2025
202510,2629058000,남구 용호2동,30대,1338,166,465,2025
202510,2629058000,남구 용호2동,40대,2165,202,564,2025
202510,2629058000,남구 용호2동,50대,2122,226,624,2025
202510,2629058000,남구 용호2동,60대이상,4965,207,1101,2025
202510,2629059000,남구 용호3동,20대,546,96,274,2025
202510,2629059000,남구 용호3동,20대미만,575,208,267,2025
202510,2629059000,남구 용호3동,30대,596,106,292,2025
202510,2629059000,남구 용호3동,40대,786,152,415,2025
202510,2629059000,남구 용호3동,50대,1182,208,480,2025
202510,2629059000,남구 용호3동,60대이상,3896,220,845,2025
202510,2629060000,남구 용호4동,20대,359,86,263,2025
202510,2629060000,남구 용호4동,20대미만,335,17,182,2025
202510,2629060000,남구 용호4동,30대,385,63,233,2025
202510,2629060000,남구 용호4동,40대,565,91,304,2025
202510,2629060000,남구 용호4동,50대,742,121,344,2025
202510,2629060000,남구 용호4동,60대이상,2003,151,638,2025
202510,2629061000,남구 용당동,20대,491,259,407,2025
202510,2629061000,남구 용당동,20대미만,505,124,191,2025
202510,2629061000,남구 용당동,30대,452,159,329,2025
202510,2629061000,남구 용당동,40대,641,247,480,2025
202510,2629061000,남구 용당동,50대,1028,279,585,2025
202510,2629061000,남구 용당동,60대이상,2116,216,742,2025
202510,2629062000,남구 감만1동,20대,388,107,200,2025
202510,2629062000,남구 감만1동,20대미만,281,36,89,2025
202510,2629062000,남구 감만1동,30대,395,169,334,2025
202510,2629062000,남구 감만1동,40대,525,165,428,2025
202510,2629062000,남구 감만1동,50대,857,214,636,2025
202510,2629062000,남구 감만1동,60대이상,2273,213,623,2025
202510,2629063000,남구 감만2동,20대,156,21,74,2025
202510,2629063000,남구 감만2동,20대미만,173,25,108,2025
202510,2629063000,남구 감만2동,30대,216,22,92,2025
202510,2629063000,남구 감만2동,40대,349,35,154,2025
202510,2629063000,남구 감만2동,50대,677,60,188,2025
202510,2629063000,남구 감만2동,60대이상,1790,71,389,2025
202510,2629064500,남구 우암동,20대,599,89,313,2025
202510,2629064500,남구 우암동,20대미만,737,59,206,2025
202510,2629064500,남구 우암동,30대,622,114,418,2025
202510,2629064500,남구 우암동,40대,939,172,496,2025
202510,2629064500,남구 우암동,50대,1340,258,752,2025
202510,2629064500,남구 우암동,60대이상,4623,216,1253,2025
202510,2629068000,남구 문현1동,20대,526,49,241,2025
202510,2629068000,남구 문현1동,20대미만,555,121,237,2025
202510,2629068000,남구 문현1동,30대,419,53,324,2025
202510,2629068000,남구 문현1동,40대,704,95,383,2025
202510,2629068000,남구 문현1동,50대,1027,140,413,2025
202510,2629068000,남구 문현1동,60대이상,2783,106,704,2025
202510,2629069000,남구 문현2동,20대,336,250,386,2025
202510,2629069000,남구 문현2동,20대미만,169,51,200,2025
202510,2629069000,남구 문현2동,30대,581,567,480,2025
202510,2629069000,남구 문현2동,40대,425,448,459,2025
202510,2629069000,남구 문현2동,50대,451,354,493,2025
202510,2629069000,남구 문현2동,60대이상,1580,189,687,2025
202510,2629070000,남구 문현3동,20대,622,81,668,2025
202510,2629070000,남구 문현3동,20대미만,558,82,747,2025
202510,2629070000,남구 문현3동,30대,1057,124,698,2025
202510,2629070000,남구 문현3동,40대,1093,177,995,2025
202510,2629070000,남구 문현3동,50대,1125,186,1312,2025
202510,2629070000,남구 문현3동,60대이상,3237,196,2518,2025
202510,2629071000,남구 문현4동,20대,386,65,206,2025
202510,2629071000,남구 문현4동,20대미만,291,44,151,2025
202510,2629071000,남구 문현4동,30대,492,99,277,2025
202510,2629071000,남구 문현4동,40대,479,85,298,2025
202510,2629071000,남구 문현4동,50대,711,107,364,2025
202510,2629071000,남구 문현4동,60대이상,1806,94,530,2025
202510,2632051000,북구 구포1동,20대,912,108,484,2025
202510,2632051000,북구 구포1동,20대미만,637,4,273,2025
202510,2632051000,북구 구포1동,30대,1325,153,567,2025
202510,2632051000,북구 구포1동,40대,1275,196,637,2025
202510,2632051000,북구 구포1동,50대,1690,366,967,2025
202510,2632051000,북구 구포1동,60대이상,4830,460,2328,2025
202510,2632052000,북구 구포2동,20대,1532,184,389,2025
202510,2632052000,북구 구포2동,20대미만,1178,158,284,2025
202510,2632052000,북구 구포2동,30대,1778,247,476,2025
202510,2632052000,북구 구포2동,40대,1998,258,494,2025
202510,2632052000,북구 구포2동,50대,3032,393,649,2025
202510,2632052000,북구 구포2동,60대이상,7121,341,1168,2025
202510,2632052100,북구 구포3동,20대,1231,130,279,2025
202510,2632052100,북구 구포3동,20대미만,1058,159,207,2025
202510,2632052100,북구 구포3동,30대,1174,114,313,2025
202510,2632052100,북구 구포3동,40대,1527,138,335,2025
202510,2632052100,북구 구포3동,50대,2501,272,472,2025
202510,2632052100,북구 구포3동,60대이상,5917,263,837,2025
202510,2632053000,북구 금곡동,20대,2034,207,481,2025
202510,2632053000,북구 금곡동,20대미만,2170,115,399,2025
202510,2632053000,북구 금곡동,30대,2182,228,690,2025
202510,2632053000,북구 금곡동,40대,2641,293,685,2025
202510,2632053000,북구 금곡동,50대,4439,506,850,2025
202510,2632053000,북구 금곡동,60대이상,11991,434,1511,2025
202510,2632054100,북구 화명1동,20대,2437,223,1049,2025
202510,2632054100,북구 화명1동,20대미만,2806,48,1173,2025
202510,2632054100,북구 화명1동,30대,3397,234,1379,2025
202510,2632054100,북구 화명1동,40대,3429,297,1319,2025
202510,2632054100,북구 화명1동,50대,4645,466,1629,2025
202510,2632054100,북구 화명1동,60대이상,8216,417,2563,2025
202510,2632054200,북구 화명2동,20대,1190,138,365,2025
202510,2632054200,북구 화명2동,20대미만,1265,118,305,2025
202510,2632054200,북구 화명2동,30대,1459,137,438,2025
202510,2632054200,북구 화명2동,40대,1384,156,430,2025
202510,2632054200,북구 화명2동,50대,2075,247,567,2025
202510,2632054200,북구 화명2동,60대이상,4305,233,922,2025
202510,2632054300,북구 화명3동,20대,1788,364,898,2025
202510,2632054300,북구 화명3동,20대미만,2450,354,739,2025
202510,2632054300,북구 화명3동,30대,1632,327,882,2025
202510,2632054300,북구 화명3동,40대,2351,374,866,2025
202510,2632054300,북구 화명3동,50대,3156,469,1052,2025
202510,2632054300,북구 화명3동,60대이상,4703,328,1612,2025
202510,2632055000,북구 덕천1동,20대,863,186,367,2025
202510,2632055000,북구 덕천1동,20대미만,481,35,239,2025
202510,2632055000,북구 덕천1동,30대,1377,185,464,2025
202510,2632055000,북구 덕천1동,40대,1060,188,448,2025
202510,2632055000,북구 덕천1동,50대,1406,256,585,2025
202510,2632055000,북구 덕천1동,60대이상,4018,237,1178,2025
202510,2632056000,북구 덕천2동,20대,768,349,922,2025
202510,2632056000,북구 덕천2동,20대미만,489,179,533,2025
202510,2632056000,북구 덕천2동,30대,872,419,1055,2025
202510,2632056000,북구 덕천2동,40대,812,371,898,2025
202510,2632056000,북구 덕천2동,50대,1208,439,1221,2025
202510,2632056000,북구 덕천2동,60대이상,3499,405,2004,2025
202510,2632056100,북구 덕천3동,20대,386,18,126,2025
202510,2632056100,북구 덕천3동,20대미만,202,13,83,2025
202510,2632056100,북구 덕천3동,30대,458,27,156,2025
202510,2632056100,북구 덕천3동,40대,514,44,174,2025
202510,2632056100,북구 덕천3동,50대,968,93,218,2025
202510,2632056100,북구 덕천3동,60대이상,2848,88,487,2025
202510,2632057100,북구 만덕1동,20대,786,86,263,2025
202510,2632057100,북구 만덕1동,20대미만,956,73,190,2025
202510,2632057100,북구 만덕1동,30대,1796,120,417,2025
202510,2632057100,북구 만덕1동,40대,1741,123,361,2025
202510,2632057100,북구 만덕1동,50대,1489,151,349,2025
202510,2632057100,북구 만덕1동,60대이상,3950,163,753,2025
202510,2632057200,북구 만덕2동,20대,1513,135,439,2025
202510,2632057200,북구 만덕2동,20대미만,2196,151,408,2025
202510,2632057200,북구 만덕2동,30대,2162,169,628,2025
202510,2632057200,북구 만덕2동,40대,2651,238,664,2025
202510,2632057200,북구 만덕2동,50대,2921,292,758,2025
202510,2632057200,북구 만덕2동,60대이상,6981,285,1436,2025
202510,2632057300,북구 만덕3동,20대,985,98,235,2025
202510,2632057300,북구 만덕3동,20대미만,917,28,275,2025
202510,2632057300,북구 만덕3동,30대,1166,80,342,2025
202510,2632057300,북구 만덕3동,40대,1441,138,369,2025
202510,2632057300,북구 만덕3동,50대,1898,167,382,2025
202510,2632057300,북구 만덕3동,60대이상,5038,240,705,2025
202510,2635051000,해운대구 우1동,20대,1603,590,2166,2025
202510,2635051000,해운대구 우1동,20대미만,1893,347,1479,2025
202510,2635051000,해운대구 우1동,30대,2046,588,2386,2025
202510,2635051000,해운대구 우1동,40대,2510,654,2478,2025
202510,2635051000,해운대구 우1동,50대,2808,652,2314,2025
202510,2635051000,해운대구 우1동,60대이상,5961,611,3241,2025
202510,2635052000,해운대구 우2동,20대,1532,1659,2113,2025
202510,2635052000,해운대구 우2동,20대미만,2209,606,1608,2025
202510,2635052000,해운대구 우2동,30대,2172,1971,2644,2025
202510,2635052000,해운대구 우2동,40대,3201,1548,2604,2025
202510,2635052000,해운대구 우2동,50대,3665,1454,2330,2025
202510,2635052000,해운대구 우2동,60대이상,6659,780,2820,2025
202510,2635052500,해운대구 우3동,20대,1082,185,622,2025
202510,2635052500,해운대구 우3동,20대미만,2126,74,526,2025
202510,2635052500,해운대구 우3동,30대,1609,283,819,2025
202510,2635052500,해운대구 우3동,40대,3248,435,912,2025
202510,2635052500,해운대구 우3동,50대,3276,412,932,2025
202510,2635052500,해운대구 우3동,60대이상,6184,322,1289,2025
202510,2635053000,해운대구 중1동,20대,1750,536,1873,2025
202510,2635053000,해운대구 중1동,20대미만,1850,118,1590,2025
202510,2635053000,해운대구 중1동,30대,2179,587,2428,2025
202510,2635053000,해운대구 중1동,40대,2886,641,2548,2025
202510,2635053000,해운대구 중1동,50대,3314,768,2322,2025
202510,2635053000,해운대구 중1동,60대이상,5692,615,3072,2025
202510,2635054000,해운대구 중2동,20대,828,136,574,2025
202510,2635054000,해운대구 중2동,20대미만,1278,55,371,2025
202510,2635054000,해운대구 중2동,30대,1240,175,756,2025
202510,2635054000,해운대구 중2동,40대,1734,211,743,2025
202510,2635054000,해운대구 중2동,50대,1865,214,856,2025
202510,2635054000,해운대구 중2동,60대이상,3878,212,1317,2025
202510,2635055100,해운대구 좌1동,20대,888,224,626,2025
202510,2635055100,해운대구 좌1동,20대미만,814,27,492,2025
202510,2635055100,해운대구 좌1동,30대,967,228,663,2025
202510,2635055100,해운대구 좌1동,40대,1199,229,690,2025
202510,2635055100,해운대구 좌1동,50대,1653,359,1001,2025
202510,2635055100,해운대구 좌1동,60대이상,2851,307,1308,2025
202510,2635055200,해운대구 좌2동,20대,2509,246,719,2025
202510,2635055200,해운대구 좌2동,20대미만,2264,108,595,2025
202510,2635055200,해운대구 좌2동,30대,2918,287,862,2025
202510,2635055200,해운대구 좌2동,40대,2983,326,706,2025
202510,2635055200,해운대구 좌2동,50대,3873,412,807,2025
202510,2635055200,해운대구 좌2동,60대이상,7098,303,1217,2025
202510,2635055300,해운대구 좌3동,20대,922,83,325,2025
202510,2635055300,해운대구 좌3동,20대미만,1170,259,323,2025
202510,2635055300,해운대구 좌3동,30대,1076,93,346,2025
202510,2635055300,해운대구 좌3동,40대,1323,124,349,2025
202510,2635055300,해운대구 좌3동,50대,1963,194,478,2025
202510,2635055300,해운대구 좌3동,60대이상,4324,165,822,2025
202510,2635055400,해운대구 좌4동,20대,1567,310,754,2025
202510,2635055400,해운대구 좌4동,20대미만,2539,392,512,2025
202510,2635055400,해운대구 좌4동,30대,1504,288,738,2025
202510,2635055400,해운대구 좌4동,40대,2267,379,793,2025
202510,2635055400,해운대구 좌4동,50대,2749,401,1042,2025
202510,2635055400,해운대구 좌4동,60대이상,4697,343,1749,2025
202510,2635056000,해운대구 송정동,20대,450,235,1093,2025
202510,2635056000,해운대구 송정동,20대미만,495,112,815,2025
202510,2635056000,해운대구 송정동,30대,655,265,1292,2025
202510,2635056000,해운대구 송정동,40대,786,261,1368,2025
202510,2635056000,해운대구 송정동,50대,1003,351,1280,2025
202510,2635056000,해운대구 송정동,60대이상,3192,325,1709,2025
202510,2635057000,해운대구 반여1동,20대,2389,314,624,2025
202510,2635057000,해운대구 반여1동,20대미만,3769,199,434,2025
202510,2635057000,해운대구 반여1동,30대,2726,371,801,2025
202510,2635057000,해운대구 반여1동,40대,3866,514,849,2025
202510,2635057000,해운대구 반여1동,50대,4805,597,1015,2025
202510,2635057000,해운대구 반여1동,60대이상,8074,467,1514,2025
202510,2635058000,해운대구 반여2동,20대,601,61,213,2025
202510,2635058000,해운대구 반여2동,20대미만,401,28,139,2025
202510,2635058000,해운대구 반여2동,30대,821,62,221,2025
202510,2635058000,해운대구 반여2동,40대,962,84,299,2025
202510,2635058000,해운대구 반여2동,50대,1512,185,420,2025
202510,2635058000,해운대구 반여2동,60대이상,3989,137,903,2025
202510,2635059000,해운대구 반여3동,20대,329,23,68,2025
202510,2635059000,해운대구 반여3동,20대미만,163,11,52,2025
202510,2635059000,해운대구 반여3동,30대,392,31,75,2025
202510,2635059000,해운대구 반여3동,40대,482,41,121,2025
202510,2635059000,해운대구 반여3동,50대,786,72,140,2025
202510,2635059000,해운대구 반여3동,60대이상,1985,91,235,2025
202510,2635059500,해운대구 반여4동,20대,652,59,255,2025
202510,2635059500,해운대구 반여4동,20대미만,843,35,221,2025
202510,2635059500,해운대구 반여4동,30대,924,78,296,2025
202510,2635059500,해운대구 반여4동,40대,946,98,379,2025
202510,2635059500,해운대구 반여4동,50대,1327,115,427,2025
202510,2635059500,해운대구 반여4동,60대이상,2425,120,896,2025
202510,2635061000,해운대구 반송1동,20대,668,122,179,2025
202510,2635061000,해운대구 반송1동,20대미만,273,90,111,2025
202510,2635061000,해운대구 반송1동,30대,522,122,182,2025
202510,2635061000,해운대구 반송1동,40대,726,128,274,2025
202510,2635061000,해운대구 반송1동,50대,1319,218,412,2025
202510,2635061000,해운대구 반송1동,60대이상,3620,241,678,2025
202510,2635062000,해운대구 반송2동,20대,976,88,194,2025
202510,2635062000,해운대구 반송2동,20대미만,960,15,151,2025
202510,2635062000,해운대구 반송2동,30대,1121,82,256,2025
202510,2635062000,해운대구 반송2동,40대,1710,198,340,2025
202510,2635062000,해운대구 반송2동,50대,2705,303,395,2025
202510,2635062000,해운대구 반송2동,60대이상,8409,309,614,2025
202510,2635065000,해운대구 재송1동,20대,2187,413,814,2025
202510,2635065000,해운대구 재송1동,20대미만,4250,226,612,2025
202510,2635065000,해운대구 재송1동,30대,2618,550,951,2025
202510,2635065000,해운대구 재송1동,40대,4860,712,1198,2025
202510,2635065000,해운대구 재송1동,50대,4198,580,1259,2025
202510,2635065000,해운대구 재송1동,60대이상,6712,443,1774,2025
202510,2635066000,해운대구 재송2동,20대,1403,134,379,2025
202510,2635066000,해운대구 재송2동,20대미만,1303,55,273,2025
202510,2635066000,해운대구 재송2동,30대,1510,169,495,2025
202510,2635066000,해운대구 재송2동,40대,2031,238,542,2025
202510,2635066000,해운대구 재송2동,50대,2629,308,589,2025
202510,2635066000,해운대구 재송2동,60대이상,6578,246,986,2025
202510,2638051000,사하구 괴정1동,20대,897,76,389,2025
202510,2638051000,사하구 괴정1동,20대미만,1048,107,330,2025
202510,2638051000,사하구 괴정1동,30대,943,85,455,2025
202510,2638051000,사하구 괴정1동,40대,1415,135,543,2025
202510,2638051000,사하구 괴정1동,50대,1822,232,641,2025
202510,2638051000,사하구 괴정1동,60대이상,5493,191,1153,2025
202510,2638052000,사하구 괴정2동,20대,732,58,149,2025
202510,2638052000,사하구 괴정2동,20대미만,712,54,127,2025
202510,2638052000,사하구 괴정2동,30대,801,58,166,2025
202510,2638052000,사하구 괴정2동,40대,1133,80,202,2025
202510,2638052000,사하구 괴정2동,50대,1427,138,222,2025
202510,2638052000,사하구 괴정2동,60대이상,4214,125,519,2025
202510,2638053000,사하구 괴정3동,20대,753,214,377,2025
202510,2638053000,사하구 괴정3동,20대미만,599,53,305,2025
202510,2638053000,사하구 괴정3동,30대,740,147,372,2025
202510,2638053000,사하구 괴정3동,40대,989,164,471,2025
202510,2638053000,사하구 괴정3동,50대,1380,269,599,2025
202510,2638053000,사하구 괴정3동,60대이상,4398,281,1182,2025
202510,2638054000,사하구 괴정4동,20대,730,75,211,2025
202510,2638054000,사하구 괴정4동,20대미만,1047,87,286,2025
202510,2638054000,사하구 괴정4동,30대,976,88,264,2025
202510,2638054000,사하구 괴정4동,40대,1483,156,365,2025
202510,2638054000,사하구 괴정4동,50대,1402,141,394,2025
202510,2638054000,사하구 괴정4동,60대이상,3401,136,819,2025
202510,2638055000,사하구 당리동,20대,1508,203,686,2025
202510,2638055000,사하구 당리동,20대미만,1430,106,478,2025
202510,2638055000,사하구 당리동,30대,1557,294,775,2025
202510,2638055000,사하구 당리동,40대,2257,425,762,2025
202510,2638055000,사하구 당리동,50대,2735,424,983,2025
202510,2638055000,사하구 당리동,60대이상,7377,404,1712,2025
202510,2638056100,사하구 하단1동,20대,1867,171,478,2025
202510,2638056100,사하구 하단1동,20대미만,1120,50,283,2025
202510,2638056100,사하구 하단1동,30대,1770,151,534,2025
202510,2638056100,사하구 하단1동,40대,1912,201,531,2025
202510,2638056100,사하구 하단1동,50대,2387,266,654,2025
202510,2638056100,사하구 하단1동,60대이상,5598,277,1040,2025
202510,2638056200,사하구 하단2동,20대,3155,1469,1460,2025
202510,2638056200,사하구 하단2동,20대미만,1717,366,649,2025
202510,2638056200,사하구 하단2동,30대,2170,419,987,2025
202510,2638056200,사하구 하단2동,40대,2235,414,945,2025
202510,2638056200,사하구 하단2동,50대,2763,500,936,2025
202510,2638056200,사하구 하단2동,60대이상,5947,373,1399,2025
202510,2638057100,사하구 신평1동,20대,823,171,332,2025
202510,2638057100,사하구 신평1동,20대미만,976,120,414,2025
202510,2638057100,사하구 신평1동,30대,1029,262,462,2025
202510,2638057100,사하구 신평1동,40대,1434,307,573,2025
202510,2638057100,사하구 신평1동,50대,1950,414,698,2025
202510,2638057100,사하구 신평1동,60대이상,5097,302,875,2025
202510,2638057200,사하구 신평2동,20대,1001,158,309,2025
202510,2638057200,사하구 신평2동,20대미만,1171,50,228,2025
202510,2638057200,사하구 신평2동,30대,1548,297,499,2025
202510,2638057200,사하구 신평2동,40대,1709,354,515,2025
202510,2638057200,사하구 신평2동,50대,2105,417,651,2025
202510,2638057200,사하구 신평2동,60대이상,4293,389,997,2025
202510,2638058000,사하구 장림1동,20대,704,189,317,2025
202510,2638058000,사하구 장림1동,20대미만,1151,79,266,2025
202510,2638058000,사하구 장림1동,30대,1244,332,502,2025
202510,2638058000,사하구 장림1동,40대,1637,383,568,2025
202510,2638058000,사하구 장림1동,50대,1528,578,696,2025
202510,2638058000,사하구 장림1동,60대이상,2956,513,1073,2025
202510,2638059000,사하구 장림2동,20대,1486,221,439,2025
202510,2638059000,사하구 장림2동,20대미만,1661,116,370,2025
202510,2638059000,사하구 장림2동,30대,1799,291,606,2025
202510,2638059000,사하구 장림2동,40대,2515,429,676,2025
202510,2638059000,사하구 장림2동,50대,3246,556,762,2025
202510,2638059000,사하구 장림2동,60대이상,6348,484,1240,2025
202510,2638060100,사하구 다대1동,20대,1976,326,550,2025
202510,2638060100,사하구 다대1동,20대미만,2729,105,362,2025
202510,2638060100,사하구 다대1동,30대,2235,418,631,2025
202510,2638060100,사하구 다대1동,40대,3803,635,731,2025
202510,2638060100,사하구 다대1동,50대,5110,808,955,2025
202510,2638060100,사하구 다대1동,60대이상,10870,629,1628,2025
202510,2638060200,사하구 다대2동,20대,1692,223,305,2025
202510,2638060200,사하구 다대2동,20대미만,1935,88,221,2025
202510,2638060200,사하구 다대2동,30대,1521,178,409,2025
202510,2638060200,사하구 다대2동,40대,2323,326,452,2025
202510,2638060200,사하구 다대2동,50대,3604,428,500,2025
202510,2638060200,사하구 다대2동,60대이상,8752,373,881,2025
202510,2638061000,사하구 구평동,20대,637,96,178,2025
202510,2638061000,사하구 구평동,20대미만,836,15,98,2025
202510,2638061000,사하구 구평동,30대,1300,206,271,2025
202510,2638061000,사하구 구평동,40대,1398,293,378,2025
202510,2638061000,사하구 구평동,50대,1300,351,436,2025
202510,2638061000,사하구 구평동,60대이상,2544,340,671,2025
202510,2638062000,사하구 감천1동,20대,880,130,246,2025
202510,2638062000,사하구 감천1동,20대미만,1021,238,266,2025
202510,2638062000,사하구 감천1동,30대,930,170,336,2025
202510,2638062000,사하구 감천1동,40대,1407,269,450,2025
202510,2638062000,사하구 감천1동,50대,2011,365,571,2025
202510,2638062000,사하구 감천1동,60대이상,6063,310,853,2025
202510,2638063000,사하구 감천2동,20대,184,13,61,2025
202510,2638063000,사하구 감천2동,20대미만,116,0,70,2025
202510,2638063000,사하구 감천2동,30대,205,30,67,2025
202510,2638063000,사하구 감천2동,40대,306,45,98,2025
202510,2638063000,사하구 감천2동,50대,660,72,151,2025
202510,2638063000,사하구 감천2동,60대이상,1909,53,207,2025
202510,2641051000,금정구 서1동,20대,179,17,59,2025
202510,2641051000,금정구 서1동,20대미만,100,7,47,2025
202510,2641051000,금정구 서1동,30대,215,20,74,2025
202510,2641051000,금정구 서1동,40대,297,40,117,2025
202510,2641051000,금정구 서1동,50대,499,71,186,2025
202510,2641051000,금정구 서1동,60대이상,1676,87,387,2025
202510,2641052000,금정구 서2동,20대,335,43,170,2025
202510,2641052000,금정구 서2동,20대미만,205,24,117,2025
202510,2641052000,금정구 서2동,30대,498,59,203,2025
202510,2641052000,금정구 서2동,40대,603,77,248,2025
202510,2641052000,금정구 서2동,50대,899,156,396,2025
202510,2641052000,금정구 서2동,60대이상,2738,237,876,2025
202510,2641053000,금정구 서3동,20대,355,55,135,2025
202510,2641053000,금정구 서3동,20대미만,191,39,112,2025
202510,2641053000,금정구 서3동,30대,507,84,169,2025
202510,2641053000,금정구 서3동,40대,517,94,210,2025
202510,2641053000,금정구 서3동,50대,1118,149,323,2025
202510,2641053000,금정구 서3동,60대이상,3601,228,713,2025
202510,2641055500,금정구 금사회동동,20대,250,202,209,2025
202510,2641055500,금정구 금사회동동,20대미만,207,54,130,2025
202510,2641055500,금정구 금사회동동,30대,341,426,397,2025
202510,2641055500,금정구 금사회동동,40대,442,480,507,2025
202510,2641055500,금정구 금사회동동,50대,685,600,720,2025
202510,2641055500,금정구 금사회동동,60대이상,2592,552,1241,2025
202510,2641057000,금정구 부곡1동,20대,326,33,154,2025
202510,2641057000,금정구 부곡1동,20대미만,313,123,155,2025
202510,2641057000,금정구 부곡1동,30대,369,50,160,2025
202510,2641057000,금정구 부곡1동,40대,542,57,222,2025
202510,2641057000,금정구 부곡1동,50대,794,91,265,2025
202510,2641057000,금정구 부곡1동,60대이상,2811,141,519,2025
202510,2641058000,금정구 부곡2동,20대,1406,266,435,2025
202510,2641058000,금정구 부곡2동,20대미만,1258,364,361,2025
202510,2641058000,금정구 부곡2동,30대,1112,219,573,2025
202510,2641058000,금정구 부곡2동,40대,1452,270,618,2025
202510,2641058000,금정구 부곡2동,50대,2004,313,651,2025
202510,2641058000,금정구 부곡2동,60대이상,4481,280,1221,2025
202510,2641059000,금정구 부곡3동,20대,1100,371,394,2025
202510,2641059000,금정구 부곡3동,20대미만,939,421,279,2025
202510,2641059000,금정구 부곡3동,30대,1083,276,432,2025
202510,2641059000,금정구 부곡3동,40대,1358,264,495,2025
202510,2641059000,금정구 부곡3동,50대,1684,301,649,2025
202510,2641059000,금정구 부곡3동,60대이상,4031,264,1001,2025
202510,2641059100,금정구 부곡4동,20대,334,54,205,2025
202510,2641059100,금정구 부곡4동,20대미만,329,22,209,2025
202510,2641059100,금정구 부곡4동,30대,632,70,227,2025
202510,2641059100,금정구 부곡4동,40대,506,64,307,2025
202510,2641059100,금정구 부곡4동,50대,787,102,356,2025
202510,2641059100,금정구 부곡4동,60대이상,2192,134,785,2025
202510,2641060000,금정구 장전1동,20대,3901,527,834,2025
202510,2641060000,금정구 장전1동,20대미만,886,101,334,2025
202510,2641060000,금정구 장전1동,30대,1228,186,478,2025
202510,2641060000,금정구 장전1동,40대,1223,228,483,2025
202510,2641060000,금정구 장전1동,50대,1383,229,510,2025
202510,2641060000,금정구 장전1동,60대이상,3335,196,750,2025
202510,2641061000,금정구 장전2동,20대,1759,2105,2055,2025
202510,2641061000,금정구 장전2동,20대미만,2261,367,1007,2025
202510,2641061000,금정구 장전2동,30대,2172,649,1194,2025
202510,2641061000,금정구 장전2동,40대,2995,712,1228,2025
202510,2641061000,금정구 장전2동,50대,2604,646,1195,2025
202510,2641061000,금정구 장전2동,60대이상,5810,464,1725,2025
202510,2641063500,금정구 선두구동,20대,59,29,137,2025
202510,2641063500,금정구 선두구동,20대미만,48,2,73,2025
202510,2641063500,금정구 선두구동,30대,59,41,171,2025
202510,2641063500,금정구 선두구동,40대,94,61,274,2025
202510,2641063500,금정구 선두구동,50대,207,95,392,2025
202510,2641063500,금정구 선두구동,60대이상,795,115,618,2025
202510,2641066500,금정구 청룡노포동,20대,394,98,383,2025
202510,2641066500,금정구 청룡노포동,20대미만,489,53,214,2025
202510,2641066500,금정구 청룡노포동,30대,472,150,420,2025
202510,2641066500,금정구 청룡노포동,40대,571,153,531,2025
202510,2641066500,금정구 청룡노포동,50대,964,242,845,2025
202510,2641066500,금정구 청룡노포동,60대이상,3320,271,1569,2025
202510,2641067000,금정구 남산동,20대,1865,453,599,2025
202510,2641067000,금정구 남산동,20대미만,1184,122,371,2025
202510,2641067000,금정구 남산동,30대,1381,215,497,2025
202510,2641067000,금정구 남산동,40대,1610,292,605,2025
202510,2641067000,금정구 남산동,50대,2823,475,893,2025
202510,2641067000,금정구 남산동,60대이상,7591,424,1554,2025
202510,2641068000,금정구 구서1동,20대,737,135,402,2025
202510,2641068000,금정구 구서1동,20대미만,923,316,346,2025
202510,2641068000,금정구 구서1동,30대,878,198,452,2025
202510,2641068000,금정구 구서1동,40대,1116,263,598,2025
202510,2641068000,금정구 구서1동,50대,1555,266,618,2025
202510,2641068000,금정구 구서1동,60대이상,3426,254,917,2025
202510,2641069000,금정구 구서2동,20대,1894,231,1040,2025
202510,2641069000,금정구 구서2동,20대미만,2222,95,624,2025
202510,2641069000,금정구 구서2동,30대,2111,271,984,2025
202510,2641069000,금정구 구서2동,40대,2811,343,1020,2025
202510,2641069000,금정구 구서2동,50대,3886,478,1430,2025
202510,2641069000,금정구 구서2동,60대이상,9005,475,2896,2025
202510,2641070000,금정구 금성동,20대,33,12,44,2025
202510,2641070000,금정구 금성동,20대미만,52,5,74,2025
202510,2641070000,금정구 금성동,30대,29,11,67,2025
202510,2641070000,금정구 금성동,40대,71,10,107,2025
202510,2641070000,금정구 금성동,50대,94,26,156,2025
202510,2641070000,금정구 금성동,60대이상,335,38,264,2025
202510,2644051000,강서구 대저1동,20대,429,308,432,2025
202510,2644051000,강서구 대저1동,20대미만,170,98,199,2025
202510,2644051000,강서구 대저1동,30대,315,545,525,2025
202510,2644051000,강서구 대저1동,40대,355,574,670,2025
202510,2644051000,강서구 대저1동,50대,586,711,836,2025
202510,2644051000,강서구 대저1동,60대이상,2712,597,1383,2025
202510,2644052000,강서구 대저2동,20대,722,591,2707,2025
202510,2644052000,강서구 대저2동,20대미만,453,68,1143,2025
202510,2644052000,강서구 대저2동,30대,494,867,3690,2025
202510,2644052000,강서구 대저2동,40대,494,816,3326,2025
202510,2644052000,강서구 대저2동,50대,582,1097,3558,2025
202510,2644052000,강서구 대저2동,60대이상,2176,729,4125,2025
202510,2644053000,강서구 강동동,20대,219,64,153,2025
202510,2644053000,강서구 강동동,20대미만,642,13,136,2025
202510,2644053000,강서구 강동동,30대,2256,233,437,2025
202510,2644053000,강서구 강동동,40대,1183,246,438,2025
202510,2644053000,강서구 강동동,50대,512,241,539,2025
202510,2644053000,강서구 강동동,60대이상,1734,287,839,2025
202510,2644053500,강서구 명지1동,20대,2298,650,1050,2025
202510,2644053500,강서구 명지1동,20대미만,7391,199,686,2025
202510,2644053500,강서구 명지1동,30대,7330,1134,1587,2025
202510,2644053500,강서구 명지1동,40대,9261,1475,1593,2025
202510,2644053500,강서구 명지1동,50대,3894,874,1326,2025
202510,2644053500,강서구 명지1동,60대이상,6238,566,1542,2025
202510,2644054500,강서구 명지2동,20대,1249,230,480,2025
202510,2644054500,강서구 명지2동,20대미만,4483,139,361,2025
202510,2644054500,강서구 명지2동,30대,2267,399,659,2025
202510,2644054500,강서구 명지2동,40대,4971,738,692,2025
202510,2644054500,강서구 명지2동,50대,3078,427,546,2025
202510,2644054500,강서구 명지2동,60대이상,3828,221,679,2025
202510,2644055000,강서구 가락동,20대,39,44,111,2025
202510,2644055000,강서구 가락동,20대미만,100,4,62,2025
202510,2644055000,강서구 가락동,30대,78,100,173,2025
202510,2644055000,강서구 가락동,40대,120,127,203,2025
202510,2644055000,강서구 가락동,50대,228,194,284,2025
202510,2644055000,강서구 가락동,60대이상,1107,164,467,2025
202510,2644056000,강서구 녹산동,20대,886,1126,989,2025
202510,2644056000,강서구 녹산동,20대미만,1834,52,340,2025
202510,2644056000,강서구 녹산동,30대,1965,2485,1909,2025
202510,2644056000,강서구 녹산동,40대,2538,3160,2438,2025
202510,2644056000,강서구 녹산동,50대,1655,2725,2420,2025
202510,2644056000,강서구 녹산동,60대이상,3362,1670,2483,2025
202510,2644058000,강서구 가덕도동,20대,138,87,340,2025
202510,2644058000,강서구 가덕도동,20대미만,108,20,156,2025
202510,2644058000,강서구 가덕도동,30대,235,155,616,2025
202510,2644058000,강서구 가덕도동,40대,310,200,947,2025
202510,2644058000,강서구 가덕도동,50대,505,174,970,2025
202510,2644058000,강서구 가덕도동,60대이상,1667,104,894,2025
202510,2644059000, ,20대,732,132,254,2025
202510,2644059000, ,20대미만,1126,48,228,2025
202510,2644059000, ,30대,1120,157,385,2025
202510,2644059000, ,40대,1458,258,531,2025
202510,2644059000, ,50대,1341,271,472,2025
202510,2644059000, ,60대이상,2323,167,500,2025
202510,2647061000,연제구 거제1동,20대,1763,574,695,2025
202510,2647061000,연제구 거제1동,20대미만,2073,368,756,2025
202510,2647061000,연제구 거제1동,30대,1758,668,792,2025
202510,2647061000,연제구 거제1동,40대,2820,874,1032,2025
202510,2647061000,연제구 거제1동,50대,3072,912,1134,2025
202510,2647061000,연제구 거제1동,60대이상,6207,652,1727,2025
202510,2647062000,연제구 거제2동,20대,1449,182,560,2025
202510,2647062000,연제구 거제2동,20대미만,2581,136,613,2025
202510,2647062000,연제구 거제2동,30대,2146,255,669,2025
202510,2647062000,연제구 거제2동,40대,3198,387,915,2025
202510,2647062000,연제구 거제2동,50대,2580,429,958,2025
202510,2647062000,연제구 거제2동,60대이상,3672,298,1508,2025
202510,2647063000,연제구 거제3동,20대,582,90,720,2025
202510,2647063000,연제구 거제3동,20대미만,362,9,310,2025
202510,2647063000,연제구 거제3동,30대,585,128,1083,2025
202510,2647063000,연제구 거제3동,40대,622,133,1027,2025
202510,2647063000,연제구 거제3동,50대,1043,182,1108,2025
202510,2647063000,연제구 거제3동,60대이상,2434,171,1291,2025
202510,2647064000,연제구 거제4동,20대,572,38,247,2025
202510,2647064000,연제구 거제4동,20대미만,842,88,290,2025
202510,2647064000,연제구 거제4동,30대,554,60,438,2025
202510,2647064000,연제구 거제4동,40대,828,89,448,2025
202510,2647064000,연제구 거제4동,50대,1145,144,400,2025
202510,2647064000,연제구 거제4동,60대이상,2643,121,648,2025
202510,2647065000,연제구 연산1동,20대,760,128,405,2025
202510,2647065000,연제구 연산1동,20대미만,1018,122,353,2025
202510,2647065000,연제구 연산1동,30대,1145,199,511,2025
202510,2647065000,연제구 연산1동,40대,1394,249,592,2025
202510,2647065000,연제구 연산1동,50대,1376,317,621,2025
202510,2647065000,연제구 연산1동,60대이상,3688,285,1139,2025
202510,2647066000,연제구 연산2동,20대,1448,205,1044,2025
202510,2647066000,연제구 연산2동,20대미만,1169,185,940,2025
202510,2647066000,연제구 연산2동,30대,2856,445,1938,2025
202510,2647066000,연제구 연산2동,40대,2125,418,1715,2025
202510,2647066000,연제구 연산2동,50대,2020,439,1543,2025
202510,2647066000,연제구 연산2동,60대이상,4737,325,3011,2025
202510,2647067000,연제구 연산3동,20대,264,16,66,2025
202510,2647067000,연제구 연산3동,20대미만,173,40,91,2025
202510,2647067000,연제구 연산3동,30대,522,25,137,2025
202510,2647067000,연제구 연산3동,40대,566,32,171,2025
202510,2647067000,연제구 연산3동,50대,564,56,172,2025
202510,2647067000,연제구 연산3동,60대이상,1702,56,317,2025
202510,2647068000,연제구 연산4동,20대,936,174,928,2025
202510,2647068000,연제구 연산4동,20대미만,657,17,319,2025
202510,2647068000,연제구 연산4동,30대,1406,214,995,2025
202510,2647068000,연제구 연산4동,40대,1512,268,1021,2025
202510,2647068000,연제구 연산4동,50대,1641,358,1138,2025
202510,2647068000,연제구 연산4동,60대이상,4937,344,2158,2025
202510,2647069000,연제구 연산5동,20대,1470,279,728,2025
202510,2647069000,연제구 연산5동,20대미만,367,25,215,2025
202510,2647069000,연제구 연산5동,30대,1764,429,829,2025
202510,2647069000,연제구 연산5동,40대,1058,455,726,2025
202510,2647069000,연제구 연산5동,50대,1196,502,871,2025
202510,2647069000,연제구 연산5동,60대이상,2841,445,1408,2025
202510,2647070000,연제구 연산6동,20대,653,91,514,2025
202510,2647070000,연제구 연산6동,20대미만,643,115,318,2025
202510,2647070000,연제구 연산6동,30대,930,95,653,2025
202510,2647070000,연제구 연산6동,40대,1058,141,731,2025
202510,2647070000,연제구 연산6동,50대,1325,190,798,2025
202510,2647070000,연제구 연산6동,60대이상,3913,210,1900,2025
202510,2647072000,연제구 연산8동,20대,384,59,304,2025
202510,2647072000,연제구 연산8동,20대미만,573,67,347,2025
202510,2647072000,연제구 연산8동,30대,698,73,366,2025
202510,2647072000,연제구 연산8동,40대,759,88,483,2025
202510,2647072000,연제구 연산8동,50대,1043,139,586,2025
202510,2647072000,연제구 연산8동,60대이상,2242,124,1313,2025
202510,2647073000,연제구 연산9동,20대,1994,233,577,2025
202510,2647073000,연제구 연산9동,20대미만,2288,248,468,2025
202510,2647073000,연제구 연산9동,30대,2428,317,763,2025
202510,2647073000,연제구 연산9동,40대,3101,474,898,2025
202510,2647073000,연제구 연산9동,50대,3860,583,970,2025
202510,2647073000,연제구 연산9동,60대이상,9151,472,1403,2025
202510,2650066000,수영구 남천1동,20대,1081,316,764,2025
202510,2650066000,수영구 남천1동,20대미만,1238,228,694,2025
202510,2650066000,수영구 남천1동,30대,1288,433,880,2025
202510,2650066000,수영구 남천1동,40대,1486,467,986,2025
202510,2650066000,수영구 남천1동,50대,1686,478,1026,2025
202510,2650066000,수영구 남천1동,60대이상,3589,436,1733,2025
202510,2650067000,수영구 남천2동,20대,399,64,544,2025
202510,2650067000,수영구 남천2동,20대미만,559,31,322,2025
202510,2650067000,수영구 남천2동,30대,855,95,569,2025
202510,2650067000,수영구 남천2동,40대,1019,119,579,2025
202510,2650067000,수영구 남천2동,50대,1436,119,552,2025
202510,2650067000,수영구 남천2동,60대이상,3000,126,923,2025
202510,2650073000,수영구 수영동,20대,925,141,485,2025
202510,2650073000,수영구 수영동,20대미만,524,49,261,2025
202510,2650073000,수영구 수영동,30대,1062,198,537,2025
202510,2650073000,수영구 수영동,40대,1053,161,536,2025
202510,2650073000,수영구 수영동,50대,1431,261,687,2025
202510,2650073000,수영구 수영동,60대이상,5067,276,1280,2025
202510,2650074000,수영구 망미1동,20대,1374,177,471,2025
202510,2650074000,수영구 망미1동,20대미만,1719,95,386,2025
202510,2650074000,수영구 망미1동,30대,1798,243,611,2025
202510,2650074000,수영구 망미1동,40대,2375,284,677,2025
202510,2650074000,수영구 망미1동,50대,2724,328,669,2025
202510,2650074000,수영구 망미1동,60대이상,8676,412,1237,2025
202510,2650075000,수영구 망미2동,20대,460,62,216,2025
202510,2650075000,수영구 망미2동,20대미만,438,33,199,2025
202510,2650075000,수영구 망미2동,30대,643,78,321,2025
202510,2650075000,수영구 망미2동,40대,799,107,446,2025
202510,2650075000,수영구 망미2동,50대,1078,96,503,2025
202510,2650075000,수영구 망미2동,60대이상,2330,115,827,2025
202510,2650076000,수영구 광안1동,20대,2108,178,594,2025
202510,2650076000,수영구 광안1동,20대미만,759,38,228,2025
202510,2650076000,수영구 광안1동,30대,2569,217,531,2025
202510,2650076000,수영구 광안1동,40대,1368,214,468,2025
202510,2650076000,수영구 광안1동,50대,1478,223,530,2025
202510,2650076000,수영구 광안1동,60대이상,4022,231,988,2025
202510,2650077000,수영구 광안2동,20대,1318,281,1847,2025
202510,2650077000,수영구 광안2동,20대미만,868,135,534,2025
202510,2650077000,수영구 광안2동,30대,1595,352,1460,2025
202510,2650077000,수영구 광안2동,40대,1466,274,1027,2025
202510,2650077000,수영구 광안2동,50대,1623,308,994,2025
202510,2650077000,수영구 광안2동,60대이상,3933,256,1399,2025
202510,2650078000,수영구 광안3동,20대,1022,151,759,2025
202510,2650078000,수영구 광안3동,20대미만,293,22,297,2025
202510,2650078000,수영구 광안3동,30대,1000,172,711,2025
202510,2650078000,수영구 광안3동,40대,739,193,627,2025
202510,2650078000,수영구 광안3동,50대,824,190,682,2025
202510,2650078000,수영구 광안3동,60대이상,2516,243,1350,2025
202510,2650079000,수영구 광안4동,20대,830,102,668,2025
202510,2650079000,수영구 광안4동,20대미만,638,187,446,2025
202510,2650079000,수영구 광안4동,30대,981,114,814,2025
202510,2650079000,수영구 광안4동,40대,1147,155,822,2025
202510,2650079000,수영구 광안4동,50대,1366,155,827,2025
202510,2650079000,수영구 광안4동,60대이상,3048,161,1474,2025
202510,2650080000,수영구 민락동,20대,1704,329,2130,2025
202510,2650080000,수영구 민락동,20대미만,1321,44,705,2025
202510,2650080000,수영구 민락동,30대,2605,346,1840,2025
202510,2650080000,수영구 민락동,40대,2765,363,1352,2025
202510,2650080000,수영구 민락동,50대,3183,400,1314,2025
202510,2650080000,수영구 민락동,60대이상,7163,435,1864,2025
202510,2653058000,사상구 삼락동,20대,218,124,273,2025
202510,2653058000,사상구 삼락동,20대미만,189,54,243,2025
202510,2653058000,사상구 삼락동,30대,261,234,459,2025
202510,2653058000,사상구 삼락동,40대,307,330,521,2025
202510,2653058000,사상구 삼락동,50대,611,510,733,2025
202510,2653058000,사상구 삼락동,60대이상,1625,469,1238,2025
202510,2653059100,사상구 모라1동,20대,1580,259,413,2025
202510,2653059100,사상구 모라1동,20대미만,1247,78,276,2025
202510,2653059100,사상구 모라1동,30대,1940,418,531,2025
202510,2653059100,사상구 모라1동,40대,1643,419,638,2025
202510,2653059100,사상구 모라1동,50대,3018,707,852,2025
202510,2653059100,사상구 모라1동,60대이상,8258,744,1527,2025
202510,2653059300,사상구 모라3동,20대,312,39,120,2025
202510,2653059300,사상구 모라3동,20대미만,272,47,85,2025
202510,2653059300,사상구 모라3동,30대,375,39,128,2025
202510,2653059300,사상구 모라3동,40대,608,64,198,2025
202510,2653059300,사상구 모라3동,50대,1132,135,253,2025
202510,2653059300,사상구 모라3동,60대이상,4425,152,543,2025
202510,2653060000,사상구 덕포1동,20대,595,70,235,2025
202510,2653060000,사상구 덕포1동,20대미만,655,90,169,2025
202510,2653060000,사상구 덕포1동,30대,1013,95,269,2025
202510,2653060000,사상구 덕포1동,40대,933,120,291,2025
202510,2653060000,사상구 덕포1동,50대,1128,176,343,2025
202510,2653060000,사상구 덕포1동,60대이상,2548,159,637,2025
202510,2653061000,사상구 덕포2동,20대,794,146,448,2025
202510,2653061000,사상구 덕포2동,20대미만,787,94,266,2025
202510,2653061000,사상구 덕포2동,30대,827,196,434,2025
202510,2653061000,사상구 덕포2동,40대,939,276,442,2025
202510,2653061000,사상구 덕포2동,50대,1438,408,588,2025
202510,2653061000,사상구 덕포2동,60대이상,3667,361,925,2025
202510,2653062000,사상구 괘법동,20대,2740,754,1542,2025
202510,2653062000,사상구 괘법동,20대미만,706,111,522,2025
202510,2653062000,사상구 괘법동,30대,2764,504,1309,2025
202510,2653062000,사상구 괘법동,40대,1886,581,1115,2025
202510,2653062000,사상구 괘법동,50대,2678,754,1480,2025
202510,2653062000,사상구 괘법동,60대이상,5219,724,2441,2025
202510,2653064500,사상구 감전동,20대,568,358,452,2025
202510,2653064500,사상구 감전동,20대미만,282,26,171,2025
202510,2653064500,사상구 감전동,30대,810,633,579,2025
202510,2653064500,사상구 감전동,40대,802,666,621,2025
202510,2653064500,사상구 감전동,50대,1332,837,892,2025
202510,2653064500,사상구 감전동,60대이상,3623,797,1280,2025
202510,2653065000,사상구 주례1동,20대,1056,172,365,2025
202510,2653065000,사상구 주례1동,20대미만,1154,15,176,2025
202510,2653065000,사상구 주례1동,30대,1513,249,447,2025
202510,2653065000,사상구 주례1동,40대,1533,270,443,2025
202510,2653065000,사상구 주례1동,50대,2025,378,564,2025
202510,2653065000,사상구 주례1동,60대이상,4288,379,1147,2025
202510,2653066000,사상구 주례2동,20대,2348,770,890,2025
202510,2653066000,사상구 주례2동,20대미만,1572,285,388,2025
202510,2653066000,사상구 주례2동,30대,1702,298,620,2025
202510,2653066000,사상구 주례2동,40대,1867,321,616,2025
202510,2653066000,사상구 주례2동,50대,2292,366,748,2025
202510,2653066000,사상구 주례2동,60대이상,5244,330,1466,2025
202510,2653066100,사상구 주례3동,20대,383,55,154,2025
202510,2653066100,사상구 주례3동,20대미만,365,38,96,2025
202510,2653066100,사상구 주례3동,30대,386,76,194,2025
202510,2653066100,사상구 주례3동,40대,491,89,198,2025
202510,2653066100,사상구 주례3동,50대,774,117,245,2025
202510,2653066100,사상구 주례3동,60대이상,1989,110,399,2025
202510,2653067000,사상구 학장동,20대,1468,307,406,2025
202510,2653067000,사상구 학장동,20대미만,1406,134,303,2025
202510,2653067000,사상구 학장동,30대,1712,426,584,2025
202510,2653067000,사상구 학장동,40대,2326,564,724,2025
202510,2653067000,사상구 학장동,50대,3392,799,969,2025
202510,2653067000,사상구 학장동,60대이상,7611,620,1621,2025
202510,2653068000,사상구 엄궁동,20대,1364,208,365,2025
202510,2653068000,사상구 엄궁동,20대미만,2076,30,206,2025
202510,2653068000,사상구 엄궁동,30대,1790,280,484,2025
202510,2653068000,사상구 엄궁동,40대,2311,436,528,2025
202510,2653068000,사상구 엄궁동,50대,3351,522,723,2025
202510,2653068000,사상구 엄궁동,60대이상,6118,384,1000,2025
202510,2671025000,기장군 기장읍,20대,3521,906,1930,2025
202510,2671025000,기장군 기장읍,20대미만,3824,123,1755,2025
202510,2671025000,기장군 기장읍,30대,4148,1110,2789,2025
202510,2671025000,기장군 기장읍,40대,5327,1269,3076,2025
202510,2671025000,기장군 기장읍,50대,7272,1548,2973,2025
202510,2671025000,기장군 기장읍,60대이상,17422,1079,3841,2025
202510,2671025300,기장군 장안읍,20대,434,448,678,2025
202510,2671025300,기장군 장안읍,20대미만,317,184,448,2025
202510,2671025300,기장군 장안읍,30대,638,912,1090,2025
202510,2671025300,기장군 장안읍,40대,605,1062,1403,2025
202510,2671025300,기장군 장안읍,50대,951,969,1405,2025
202510,2671025300,기장군 장안읍,60대이상,3052,552,1670,2025
202510,2671025600,기장군 정관읍,20대,4455,863,1073,2025
202510,2671025600,기장군 정관읍,20대미만,13759,78,695,2025
202510,2671025600,기장군 정관읍,30대,6206,1083,1212,2025
202510,2671025600,기장군 정관읍,40대,13360,2319,1613,2025
202510,2671025600,기장군 정관읍,50대,9077,1790,1659,2025
202510,2671025600,기장군 정관읍,60대이상,13471,899,1949,2025
202510,2671025900,기장군 일광읍,20대,1661,279,845,2025
202510,2671025900,기장군 일광읍,20대미만,2732,49,464,2025
202510,2671025900,기장군 일광읍,30대,3478,442,1038,2025
202510,2671025900,기장군 일광읍,40대,3956,564,1125,2025
202510,2671025900,기장군 일광읍,50대,3048,503,1336,2025
202510,2671025900,기장군 일광읍,60대이상,5665,396,1739,2025
202510,2671033000,기장군 철마면,20대,164,37,131,2025
202510,2671033000,기장군 철마면,20대미만,200,13,107,2025
202510,2671033000,기장군 철마면,30대,276,88,212,2025
202510,2671033000,기장군 철마면,40대,465,124,297,2025
202510,2671033000,기장군 철마면,50대,675,211,499,2025
202510,2671033000,기장군 철마면,60대이상,3118,272,1029,2025
202509,2611051000,중구 중앙동,20대,509,767,1100,2025
202509,2611051000,중구 중앙동,20대미만,236,47,313,2025
202509,2611051000,중구 중앙동,30대,560,1212,1201,2025
202509,2611051000,중구 중앙동,40대,615,1117,1142,2025
202509,2611051000,중구 중앙동,50대,750,1101,1264,2025
202509,2611051000,중구 중앙동,60대이상,1508,683,1796,2025
202509,2611052000,중구 동광동,20대,106,69,190,2025
202509,2611052000,중구 동광동,20대미만,43,23,61,2025
202509,2611052000,중구 동광동,30대,131,119,179,2025
202509,2611052000,중구 동광동,40대,147,155,175,2025
202509,2611052000,중구 동광동,50대,246,132,223,2025
202509,2611052000,중구 동광동,60대이상,1000,92,415,2025
202509,2611053000,중구 대청동,20대,474,168,315,2025
202509,2611053000,중구 대청동,20대미만,224,55,130,2025
202509,2611053000,중구 대청동,30대,354,220,279,2025
202509,2611053000,중구 대청동,40대,441,217,267,2025
202509,2611053000,중구 대청동,50대,657,208,349,2025
202509,2611053000,중구 대청동,60대이상,1952,193,676,2025
202509,2611054500,중구 보수동,20대,834,61,293,2025
202509,2611054500,중구 보수동,20대미만,279,87,127,2025
202509,2611054500,중구 보수동,30대,419,68,160,2025
202509,2611054500,중구 보수동,40대,621,100,158,2025
202509,2611054500,중구 보수동,50대,1057,154,241,2025
202509,2611054500,중구 보수동,60대이상,2578,155,546,2025
202509,2611056000,중구 부평동,20대,321,108,858,2025
202509,2611056000,중구 부평동,20대미만,149,8,206,2025
202509,2611056000,중구 부평동,30대,224,190,737,2025
202509,2611056000,중구 부평동,40대,308,221,691,2025
202509,2611056000,중구 부평동,50대,484,257,949,2025
202509,2611056000,중구 부평동,60대이상,1505,297,1852,2025
202509,2611057000,중구 광복동,20대,27,70,220,2025
202509,2611057000,중구 광복동,20대미만,21,37,95,2025
202509,2611057000,중구 광복동,30대,33,70,178,2025
202509,2611057000,중구 광복동,40대,61,83,193,2025
202509,2611057000,중구 광복동,50대,99,141,225,2025
202509,2611057000,중구 광복동,60대이상,302,258,422,2025
202509,2611058000,중구 남포동,20대,75,218,871,2025
202509,2611058000,중구 남포동,20대미만,46,17,302,2025
202509,2611058000,중구 남포동,30대,170,317,773,2025
202509,2611058000,중구 남포동,40대,196,321,868,2025
202509,2611058000,중구 남포동,50대,349,424,1242,2025
202509,2611058000,중구 남포동,60대이상,877,796,3099,2025
202509,2611059000,중구 영주1동,20대,24,16,106,2025
202509,2611059000,중구 영주1동,20대미만,9,0,24,2025
202509,2611059000,중구 영주1동,30대,20,17,123,2025
202509,2611059000,중구 영주1동,40대,28,14,103,2025
202509,2611059000,중구 영주1동,50대,23,13,140,2025
202509,2611059000,중구 영주1동,60대이상,77,13,339,2025
202509,2611060000,중구 영주2동,20대,318,30,133,2025
202509,2611060000,중구 영주2동,20대미만,210,2,97,2025
202509,2611060000,중구 영주2동,30대,314,46,133,2025
202509,2611060000,중구 영주2동,40대,456,52,124,2025
202509,2611060000,중구 영주2동,50대,788,86,214,2025
202509,2611060000,중구 영주2동,60대이상,2545,63,478,2025
202509,2614051000,서구 동대신1동,20대,304,34,211,2025
202509,2614051000,서구 동대신1동,20대미만,234,16,178,2025
202509,2614051000,서구 동대신1동,30대,332,43,123,2025
202509,2614051000,서구 동대신1동,40대,415,45,169,2025
202509,2614051000,서구 동대신1동,50대,541,49,209,2025
202509,2614051000,서구 동대신1동,60대이상,1448,77,458,2025
202509,2614052000,서구 동대신2동,20대,149,12,78,2025
202509,2614052000,서구 동대신2동,20대미만,101,28,184,2025
202509,2614052000,서구 동대신2동,30대,124,11,83,2025
202509,2614052000,서구 동대신2동,40대,268,22,138,2025
202509,2614052000,서구 동대신2동,50대,355,33,173,2025
202509,2614052000,서구 동대신2동,60대이상,1289,35,424,2025
202509,2614053000,서구 동대신3동,20대,626,288,684,2025
202509,2614053000,서구 동대신3동,20대미만,428,216,458,2025
202509,2614053000,서구 동대신3동,30대,446,260,488,2025
202509,2614053000,서구 동대신3동,40대,580,256,555,2025
202509,2614053000,서구 동대신3동,50대,746,280,730,2025
202509,2614053000,서구 동대신3동,60대이상,2064,208,1670,2025
202509,2614054000,서구 서대신1동,20대,925,114,359,2025
202509,2614054000,서구 서대신1동,20대미만,1094,35,247,2025
202509,2614054000,서구 서대신1동,30대,1174,159,274,2025
202509,2614054000,서구 서대신1동,40대,1578,207,340,2025
202509,2614054000,서구 서대신1동,50대,1542,234,474,2025
202509,2614054000,서구 서대신1동,60대이상,3671,194,859,2025
202509,2614056000,서구 서대신3동,20대,203,39,111,2025
202509,2614056000,서구 서대신3동,20대미만,371,53,237,2025
202509,2614056000,서구 서대신3동,30대,241,68,125,2025
202509,2614056000,서구 서대신3동,40대,420,64,170,2025
202509,2614056000,서구 서대신3동,50대,447,65,206,2025
202509,2614056000,서구 서대신3동,60대이상,1004,73,385,2025
202509,2614057000,서구 서대신4동,20대,383,49,258,2025
202509,2614057000,서구 서대신4동,20대미만,512,14,229,2025
202509,2614057000,서구 서대신4동,30대,379,49,151,2025
202509,2614057000,서구 서대신4동,40대,706,73,215,2025
202509,2614057000,서구 서대신4동,50대,781,78,269,2025
202509,2614057000,서구 서대신4동,60대이상,1889,93,622,2025
202509,2614059000,서구 부민동,20대,442,100,632,2025
202509,2614059000,서구 부민동,20대미만,274,16,343,2025
202509,2614059000,서구 부민동,30대,286,51,143,2025
202509,2614059000,서구 부민동,40대,466,58,146,2025
202509,2614059000,서구 부민동,50대,444,67,221,2025
202509,2614059000,서구 부민동,60대이상,1195,49,307,2025
202509,2614061500,서구 아미동,20대,415,60,301,2025
202509,2614061500,서구 아미동,20대미만,153,4,59,2025
202509,2614061500,서구 아미동,30대,465,105,281,2025
202509,2614061500,서구 아미동,40대,376,109,231,2025
202509,2614061500,서구 아미동,50대,589,103,297,2025
202509,2614061500,서구 아미동,60대이상,2459,104,756,2025
202509,2614063000,서구 초장동,20대,155,17,130,2025
202509,2614063000,서구 초장동,20대미만,99,35,80,2025
202509,2614063000,서구 초장동,30대,160,15,64,2025
202509,2614063000,서구 초장동,40대,249,23,86,2025
202509,2614063000,서구 초장동,50대,424,34,148,2025
202509,2614063000,서구 초장동,60대이상,1699,53,307,2025
202509,2614064000,서구 충무동,20대,567,73,158,2025
202509,2614064000,서구 충무동,20대미만,251,74,132,2025
202509,2614064000,서구 충무동,30대,383,124,132,2025
202509,2614064000,서구 충무동,40대,500,136,190,2025
202509,2614064000,서구 충무동,50대,767,160,286,2025
202509,2614064000,서구 충무동,60대이상,1922,167,612,2025
202509,2614065000,서구 남부민1동,20대,102,10,53,2025
202509,2614065000,서구 남부민1동,20대미만,52,2,22,2025
202509,2614065000,서구 남부민1동,30대,78,17,56,2025
202509,2614065000,서구 남부민1동,40대,105,22,110,2025
202509,2614065000,서구 남부민1동,50대,329,52,130,2025
202509,2614065000,서구 남부민1동,60대이상,940,42,362,2025
202509,2614066000,서구 남부민2동,20대,309,51,213,2025
202509,2614066000,서구 남부민2동,20대미만,287,71,115,2025
202509,2614066000,서구 남부민2동,30대,382,61,281,2025
202509,2614066000,서구 남부민2동,40대,511,82,290,2025
202509,2614066000,서구 남부민2동,50대,853,111,382,2025
202509,2614066000,서구 남부민2동,60대이상,2956,112,829,2025
202509,2614068000,서구 암남동,20대,1189,421,840,2025
202509,2614068000,서구 암남동,20대미만,807,30,284,2025
202509,2614068000,서구 암남동,30대,1301,471,738,2025
202509,2614068000,서구 암남동,40대,1607,536,926,2025
202509,2614068000,서구 암남동,50대,2025,605,1235,2025
202509,2614068000,서구 암남동,60대이상,5175,400,2135,2025
202509,2617051000,동구 초량1동,20대,115,144,400,2025
202509,2617051000,동구 초량1동,20대미만,95,9,95,2025
202509,2617051000,동구 초량1동,30대,142,228,405,2025
202509,2617051000,동구 초량1동,40대,208,201,378,2025
202509,2617051000,동구 초량1동,50대,297,170,443,2025
202509,2617051000,동구 초량1동,60대이상,960,110,726,2025
202509,2617052000,동구 초량2동,20대,243,106,524,2025
202509,2617052000,동구 초량2동,20대미만,174,182,204,2025
202509,2617052000,동구 초량2동,30대,220,149,476,2025
202509,2617052000,동구 초량2동,40대,324,136,436,2025
202509,2617052000,동구 초량2동,50대,539,164,572,2025
202509,2617052000,동구 초량2동,60대이상,1889,198,915,2025
202509,2617053000,동구 초량3동,20대,921,444,1435,2025
202509,2617053000,동구 초량3동,20대미만,646,105,443,2025
202509,2617053000,동구 초량3동,30대,1471,665,1573,2025
202509,2617053000,동구 초량3동,40대,1337,536,1533,2025
202509,2617053000,동구 초량3동,50대,1174,584,1885,2025
202509,2617053000,동구 초량3동,60대이상,2148,429,2434,2025
202509,2617055000,동구 초량6동,20대,67,3,14,2025
202509,2617055000,동구 초량6동,20대미만,37,42,47,2025
202509,2617055000,동구 초량6동,30대,63,3,11,2025
202509,2617055000,동구 초량6동,40대,81,11,23,2025
202509,2617055000,동구 초량6동,50대,145,15,38,2025
202509,2617055000,동구 초량6동,60대이상,436,7,93,2025
202509,2617056000,동구 수정1동,20대,253,72,182,2025
202509,2617056000,동구 수정1동,20대미만,233,22,121,2025
202509,2617056000,동구 수정1동,30대,235,86,200,2025
202509,2617056000,동구 수정1동,40대,315,67,180,2025
202509,2617056000,동구 수정1동,50대,472,82,228,2025
202509,2617056000,동구 수정1동,60대이상,1296,76,420,2025
202509,2617057000,동구 수정2동,20대,391,73,140,2025
202509,2617057000,동구 수정2동,20대미만,352,112,115,2025
202509,2617057000,동구 수정2동,30대,589,123,167,2025
202509,2617057000,동구 수정2동,40대,655,140,203,2025
202509,2617057000,동구 수정2동,50대,925,179,267,2025
202509,2617057000,동구 수정2동,60대이상,2707,135,539,2025
202509,2617059000,동구 수정4동,20대,110,16,35,2025
202509,2617059000,동구 수정4동,20대미만,64,2,25,2025
202509,2617059000,동구 수정4동,30대,116,8,29,2025
202509,2617059000,동구 수정4동,40대,161,13,46,2025
202509,2617059000,동구 수정4동,50대,395,21,80,2025
202509,2617059000,동구 수정4동,60대이상,1298,33,188,2025
202509,2617060000,동구 수정5동,20대,247,16,45,2025
202509,2617060000,동구 수정5동,20대미만,199,13,55,2025
202509,2617060000,동구 수정5동,30대,192,26,56,2025
202509,2617060000,동구 수정5동,40대,342,28,64,2025
202509,2617060000,동구 수정5동,50대,563,48,89,2025
202509,2617060000,동구 수정5동,60대이상,2076,33,198,2025
202509,2617064500,동구 좌천동,20대,221,23,163,2025
202509,2617064500,동구 좌천동,20대미만,81,52,177,2025
202509,2617064500,동구 좌천동,30대,205,45,245,2025
202509,2617064500,동구 좌천동,40대,214,53,232,2025
202509,2617064500,동구 좌천동,50대,381,82,342,2025
202509,2617064500,동구 좌천동,60대이상,1245,73,793,2025
202509,2617065000,동구 범일1동,20대,510,46,195,2025
202509,2617065000,동구 범일1동,20대미만,309,52,71,2025
202509,2617065000,동구 범일1동,30대,602,89,223,2025
202509,2617065000,동구 범일1동,40대,692,111,195,2025
202509,2617065000,동구 범일1동,50대,1054,149,274,2025
202509,2617065000,동구 범일1동,60대이상,3921,190,584,2025
202509,2617066000,동구 범일2동,20대,477,418,571,2025
202509,2617066000,동구 범일2동,20대미만,324,13,168,2025
202509,2617066000,동구 범일2동,30대,609,713,777,2025
202509,2617066000,동구 범일2동,40대,589,912,803,2025
202509,2617066000,동구 범일2동,50대,814,982,1055,2025
202509,2617066000,동구 범일2동,60대이상,1740,897,2011,2025
202509,2617068000,동구 범일5동,20대,440,75,371,2025
202509,2617068000,동구 범일5동,20대미만,419,62,148,2025
202509,2617068000,동구 범일5동,30대,1241,156,494,2025
202509,2617068000,동구 범일5동,40대,894,190,537,2025
202509,2617068000,동구 범일5동,50대,776,216,693,2025
202509,2617068000,동구 범일5동,60대이상,1437,327,1471,2025
202509,2620053000,영도구 남항동,20대,460,187,532,2025
202509,2620053000,영도구 남항동,20대미만,434,24,231,2025
202509,2620053000,영도구 남항동,30대,505,247,644,2025
202509,2620053000,영도구 남항동,40대,719,318,729,2025
202509,2620053000,영도구 남항동,50대,1123,448,1009,2025
202509,2620053000,영도구 남항동,60대이상,3797,532,2014,2025
202509,2620054000,영도구 영선1동,20대,40,9,23,2025
202509,2620054000,영도구 영선1동,20대미만,38,2,19,2025
202509,2620054000,영도구 영선1동,30대,24,10,24,2025
202509,2620054000,영도구 영선1동,40대,58,25,45,2025
202509,2620054000,영도구 영선1동,50대,107,38,79,2025
202509,2620054000,영도구 영선1동,60대이상,336,51,193,2025
202509,2620055000,영도구 영선2동,20대,362,47,315,2025
202509,2620055000,영도구 영선2동,20대미만,355,92,169,2025
202509,2620055000,영도구 영선2동,30대,399,44,132,2025
202509,2620055000,영도구 영선2동,40대,461,67,170,2025
202509,2620055000,영도구 영선2동,50대,833,95,234,2025
202509,2620055000,영도구 영선2동,60대이상,2868,82,525,2025
202509,2620058500,영도구 신선동,20대,241,27,55,2025
202509,2620058500,영도구 신선동,20대미만,190,102,173,2025
202509,2620058500,영도구 신선동,30대,276,32,72,2025
202509,2620058500,영도구 신선동,40대,448,65,106,2025
202509,2620058500,영도구 신선동,50대,750,73,173,2025
202509,2620058500,영도구 신선동,60대이상,3033,68,353,2025
202509,2620059000,영도구 봉래1동,20대,287,43,144,2025
202509,2620059000,영도구 봉래1동,20대미만,283,10,68,2025
202509,2620059000,영도구 봉래1동,30대,394,66,213,2025
202509,2620059000,영도구 봉래1동,40대,418,82,228,2025
202509,2620059000,영도구 봉래1동,50대,544,136,306,2025
202509,2620059000,영도구 봉래1동,60대이상,1940,185,605,2025
202509,2620060500,영도구 봉래2동,20대,318,30,116,2025
202509,2620060500,영도구 봉래2동,20대미만,260,33,108,2025
202509,2620060500,영도구 봉래2동,30대,394,51,145,2025
202509,2620060500,영도구 봉래2동,40대,530,136,178,2025
202509,2620060500,영도구 봉래2동,50대,800,121,254,2025
202509,2620060500,영도구 봉래2동,60대이상,2352,131,483,2025
202509,2620063000,영도구 청학1동,20대,193,35,113,2025
202509,2620063000,영도구 청학1동,20대미만,224,10,63,2025
202509,2620063000,영도구 청학1동,30대,235,47,110,2025
202509,2620063000,영도구 청학1동,40대,409,145,191,2025
202509,2620063000,영도구 청학1동,50대,552,196,251,2025
202509,2620063000,영도구 청학1동,60대이상,1870,126,462,2025
202509,2620064000,영도구 청학2동,20대,650,103,272,2025
202509,2620064000,영도구 청학2동,20대미만,735,17,143,2025
202509,2620064000,영도구 청학2동,30대,950,201,283,2025
202509,2620064000,영도구 청학2동,40대,1306,270,345,2025
202509,2620064000,영도구 청학2동,50대,1945,350,429,2025
202509,2620064000,영도구 청학2동,60대이상,5086,271,840,2025
202509,2620065000,영도구 동삼1동,20대,1732,277,747,2025
202509,2620065000,영도구 동삼1동,20대미만,2011,191,540,2025
202509,2620065000,영도구 동삼1동,30대,1664,327,417,2025
202509,2620065000,영도구 동삼1동,40대,2322,400,498,2025
202509,2620065000,영도구 동삼1동,50대,3249,521,619,2025
202509,2620065000,영도구 동삼1동,60대이상,9281,347,1010,2025
202509,2620066000,영도구 동삼2동,20대,580,207,1865,2025
202509,2620066000,영도구 동삼2동,20대미만,277,47,1205,2025
202509,2620066000,영도구 동삼2동,30대,306,114,436,2025
202509,2620066000,영도구 동삼2동,40대,507,162,577,2025
202509,2620066000,영도구 동삼2동,50대,529,180,647,2025
202509,2620066000,영도구 동삼2동,60대이상,1346,93,958,2025
202509,2620067000,영도구 동삼3동,20대,308,55,238,2025
202509,2620067000,영도구 동삼3동,20대미만,324,82,180,2025
202509,2620067000,영도구 동삼3동,30대,391,69,205,2025
202509,2620067000,영도구 동삼3동,40대,600,112,251,2025
202509,2620067000,영도구 동삼3동,50대,930,135,341,2025
202509,2620067000,영도구 동삼3동,60대이상,3614,132,624,2025
202509,2623051000,부산진구 부전1동,20대,2101,710,1666,2025
202509,2623051000,부산진구 부전1동,20대미만,368,37,371,2025
202509,2623051000,부산진구 부전1동,30대,1796,836,1424,2025
202509,2623051000,부산진구 부전1동,40대,1059,757,1205,2025
202509,2623051000,부산진구 부전1동,50대,1276,899,1712,2025
202509,2623051000,부산진구 부전1동,60대이상,2859,1266,4638,2025
202509,2623052000,부산진구 부전2동,20대,1798,1667,5943,2025
202509,2623052000,부산진구 부전2동,20대미만,326,131,1398,2025
202509,2623052000,부산진구 부전2동,30대,1857,1329,3569,2025
202509,2623052000,부산진구 부전2동,40대,1173,948,2212,2025
202509,2623052000,부산진구 부전2동,50대,1117,919,1988,2025
202509,2623052000,부산진구 부전2동,60대이상,1793,655,2749,2025
202509,2623054000,부산진구 연지동,20대,579,64,192,2025
202509,2623054000,부산진구 연지동,20대미만,666,29,201,2025
202509,2623054000,부산진구 연지동,30대,868,88,245,2025
202509,2623054000,부산진구 연지동,40대,1149,153,251,2025
202509,2623054000,부산진구 연지동,50대,1387,153,290,2025
202509,2623054000,부산진구 연지동,60대이상,3886,147,620,2025
202509,2623055000,부산진구 초읍동,20대,1115,150,363,2025
202509,2623055000,부산진구 초읍동,20대미만,1724,148,327,2025
202509,2623055000,부산진구 초읍동,30대,1645,211,537,2025
202509,2623055000,부산진구 초읍동,40대,2020,286,632,2025
202509,2623055000,부산진구 초읍동,50대,2572,416,777,2025
202509,2623055000,부산진구 초읍동,60대이상,7570,370,1475,2025
202509,2623056000,부산진구 양정1동,20대,1576,432,1054,2025
202509,2623056000,부산진구 양정1동,20대미만,1194,331,588,2025
202509,2623056000,부산진구 양정1동,30대,1680,409,764,2025
202509,2623056000,부산진구 양정1동,40대,1584,425,670,2025
202509,2623056000,부산진구 양정1동,50대,2359,478,808,2025
202509,2623056000,부산진구 양정1동,60대이상,5413,452,1332,2025
202509,2623057000,부산진구 양정2동,20대,2081,219,730,2025
202509,2623057000,부산진구 양정2동,20대미만,845,287,372,2025
202509,2623057000,부산진구 양정2동,30대,2588,395,597,2025
202509,2623057000,부산진구 양정2동,40대,1707,294,509,2025
202509,2623057000,부산진구 양정2동,50대,1456,326,734,2025
202509,2623057000,부산진구 양정2동,60대이상,2648,297,1187,2025
202509,2623060000,부산진구 전포1동,20대,2572,780,2132,2025
202509,2623060000,부산진구 전포1동,20대미만,708,382,636,2025
202509,2623060000,부산진구 전포1동,30대,2591,656,1237,2025
202509,2623060000,부산진구 전포1동,40대,1492,384,649,2025
202509,2623060000,부산진구 전포1동,50대,1652,384,560,2025
202509,2623060000,부산진구 전포1동,60대이상,2704,331,716,2025
202509,2623061000,부산진구 전포2동,20대,2046,400,1718,2025
202509,2623061000,부산진구 전포2동,20대미만,981,64,482,2025
202509,2623061000,부산진구 전포2동,30대,2425,457,1228,2025
202509,2623061000,부산진구 전포2동,40대,2115,357,657,2025
202509,2623061000,부산진구 전포2동,50대,2146,391,691,2025
202509,2623061000,부산진구 전포2동,60대이상,5508,357,1219,2025
202509,2623064000,부산진구 부암1동,20대,1390,163,477,2025
202509,2623064000,부산진구 부암1동,20대미만,1246,36,215,2025
202509,2623064000,부산진구 부암1동,30대,2164,285,571,2025
202509,2623064000,부산진구 부암1동,40대,2033,279,481,2025
202509,2623064000,부산진구 부암1동,50대,2194,312,661,2025
202509,2623064000,부산진구 부암1동,60대이상,4895,260,1035,2025
202509,2623066000,부산진구 부암3동,20대,1337,101,332,2025
202509,2623066000,부산진구 부암3동,20대미만,1823,121,401,2025
202509,2623066000,부산진구 부암3동,30대,2215,144,425,2025
202509,2623066000,부산진구 부암3동,40대,2274,223,486,2025
202509,2623066000,부산진구 부암3동,50대,2818,305,644,2025
202509,2623066000,부산진구 부암3동,60대이상,5460,306,1439,2025
202509,2623067000,부산진구 당감1동,20대,1238,147,350,2025
202509,2623067000,부산진구 당감1동,20대미만,1314,212,558,2025
202509,2623067000,부산진구 당감1동,30대,1313,166,380,2025
202509,2623067000,부산진구 당감1동,40대,1702,233,414,2025
202509,2623067000,부산진구 당감1동,50대,2686,358,650,2025
202509,2623067000,부산진구 당감1동,60대이상,6478,340,1103,2025
202509,2623068000,부산진구 당감2동,20대,580,41,174,2025
202509,2623068000,부산진구 당감2동,20대미만,326,14,92,2025
202509,2623068000,부산진구 당감2동,30대,559,81,266,2025
202509,2623068000,부산진구 당감2동,40대,683,70,238,2025
202509,2623068000,부산진구 당감2동,50대,757,101,305,2025
202509,2623068000,부산진구 당감2동,60대이상,1747,79,517,2025
202509,2623070000,부산진구 당감4동,20대,477,48,162,2025
202509,2623070000,부산진구 당감4동,20대미만,613,25,195,2025
202509,2623070000,부산진구 당감4동,30대,526,55,266,2025
202509,2623070000,부산진구 당감4동,40대,753,65,308,2025
202509,2623070000,부산진구 당감4동,50대,1133,127,354,2025
202509,2623070000,부산진구 당감4동,60대이상,2616,147,632,2025
202509,2623071000,부산진구 가야1동,20대,1709,406,2554,2025
202509,2623071000,부산진구 가야1동,20대미만,1084,144,1506,2025
202509,2623071000,부산진구 가야1동,30대,1075,213,533,2025
202509,2623071000,부산진구 가야1동,40대,1372,260,584,2025
202509,2623071000,부산진구 가야1동,50대,1795,385,772,2025
202509,2623071000,부산진구 가야1동,60대이상,5055,305,1263,2025
202509,2623072000,부산진구 가야2동,20대,723,65,312,2025
202509,2623072000,부산진구 가야2동,20대미만,525,98,292,2025
202509,2623072000,부산진구 가야2동,30대,587,76,331,2025
202509,2623072000,부산진구 가야2동,40대,815,100,372,2025
202509,2623072000,부산진구 가야2동,50대,1085,149,496,2025
202509,2623072000,부산진구 가야2동,60대이상,3236,174,1024,2025
202509,2623074000,부산진구 개금1동,20대,2141,157,720,2025
202509,2623074000,부산진구 개금1동,20대미만,737,20,326,2025
202509,2623074000,부산진구 개금1동,30대,1821,206,499,2025
202509,2623074000,부산진구 개금1동,40대,1380,184,436,2025
202509,2623074000,부산진구 개금1동,50대,1668,257,643,2025
202509,2623074000,부산진구 개금1동,60대이상,3790,282,1107,2025
202509,2623075000,부산진구 개금2동,20대,692,187,589,2025
202509,2623075000,부산진구 개금2동,20대미만,517,36,168,2025
202509,2623075000,부산진구 개금2동,30대,534,215,427,2025
202509,2623075000,부산진구 개금2동,40대,674,171,354,2025
202509,2623075000,부산진구 개금2동,50대,1016,175,486,2025
202509,2623075000,부산진구 개금2동,60대이상,2658,131,1113,2025
202509,2623076000,부산진구 개금3동,20대,1570,132,290,2025
202509,2623076000,부산진구 개금3동,20대미만,1545,103,375,2025
202509,2623076000,부산진구 개금3동,30대,1793,164,390,2025
202509,2623076000,부산진구 개금3동,40대,2194,170,354,2025
202509,2623076000,부산진구 개금3동,50대,3051,313,484,2025
202509,2623076000,부산진구 개금3동,60대이상,7747,305,939,2025
202509,2623077000,부산진구 범천1동,20대,1457,416,1067,2025
202509,2623077000,부산진구 범천1동,20대미만,383,20,313,2025
202509,2623077000,부산진구 범천1동,30대,1718,578,1228,2025
202509,2623077000,부산진구 범천1동,40대,1061,653,1056,2025
202509,2623077000,부산진구 범천1동,50대,1182,723,1287,2025
202509,2623077000,부산진구 범천1동,60대이상,2680,701,2387,2025
202509,2623078000,부산진구 범천2동,20대,1246,128,406,2025
202509,2623078000,부산진구 범천2동,20대미만,782,14,159,2025
202509,2623078000,부산진구 범천2동,30대,2320,243,458,2025
202509,2623078000,부산진구 범천2동,40대,1971,249,382,2025
202509,2623078000,부산진구 범천2동,50대,1957,263,455,2025
202509,2623078000,부산진구 범천2동,60대이상,5573,286,997,2025
202509,2626051000,동래구 수민동,20대,1489,191,526,2025
202509,2626051000,동래구 수민동,20대미만,1212,43,533,2025
202509,2626051000,동래구 수민동,30대,2031,291,691,2025
202509,2626051000,동래구 수민동,40대,1853,344,823,2025
202509,2626051000,동래구 수민동,50대,2474,423,1147,2025
202509,2626051000,동래구 수민동,60대이상,7926,458,2631,2025
202509,2626052000,동래구 복산동,20대,385,54,113,2025
202509,2626052000,동래구 복산동,20대미만,299,27,175,2025
202509,2626052000,동래구 복산동,30대,428,81,124,2025
202509,2626052000,동래구 복산동,40대,550,96,188,2025
202509,2626052000,동래구 복산동,50대,935,149,260,2025
202509,2626052000,동래구 복산동,60대이상,2889,117,451,2025
202509,2626054500,동래구 명륜동,20대,1323,445,1286,2025
202509,2626054500,동래구 명륜동,20대미만,2246,413,698,2025
202509,2626054500,동래구 명륜동,30대,1782,610,1221,2025
202509,2626054500,동래구 명륜동,40대,3410,655,1254,2025
202509,2626054500,동래구 명륜동,50대,3018,801,1504,2025
202509,2626054500,동래구 명륜동,60대이상,4455,605,2667,2025
202509,2626055000,동래구 온천1동,20대,2652,342,1098,2025
202509,2626055000,동래구 온천1동,20대미만,2172,179,681,2025
202509,2626055000,동래구 온천1동,30대,3905,464,1186,2025
202509,2626055000,동래구 온천1동,40대,3672,518,1321,2025
202509,2626055000,동래구 온천1동,50대,3448,586,1428,2025
202509,2626055000,동래구 온천1동,60대이상,6078,523,2361,2025
202509,2626056000,동래구 온천2동,20대,779,174,459,2025
202509,2626056000,동래구 온천2동,20대미만,1382,213,406,2025
202509,2626056000,동래구 온천2동,30대,1222,297,477,2025
202509,2626056000,동래구 온천2동,40대,1766,336,530,2025
202509,2626056000,동래구 온천2동,50대,1527,346,732,2025
202509,2626056000,동래구 온천2동,60대이상,3741,317,1303,2025
202509,2626057000,동래구 온천3동,20대,2650,217,1153,2025
202509,2626057000,동래구 온천3동,20대미만,2081,197,1706,2025
202509,2626057000,동래구 온천3동,30대,3046,324,1766,2025
202509,2626057000,동래구 온천3동,40대,3171,387,2189,2025
202509,2626057000,동래구 온천3동,50대,3945,538,1867,2025
202509,2626057000,동래구 온천3동,60대이상,9174,425,3495,2025
202509,2626058000,동래구 사직1동,20대,553,201,523,2025
202509,2626058000,동래구 사직1동,20대미만,850,112,759,2025
202509,2626058000,동래구 사직1동,30대,833,223,675,2025
202509,2626058000,동래구 사직1동,40대,1043,237,878,2025
202509,2626058000,동래구 사직1동,50대,1012,234,889,2025
202509,2626058000,동래구 사직1동,60대이상,2400,285,1569,2025
202509,2626059000,동래구 사직2동,20대,1383,141,735,2025
202509,2626059000,동래구 사직2동,20대미만,2976,436,930,2025
202509,2626059000,동래구 사직2동,30대,1429,183,649,2025
202509,2626059000,동래구 사직2동,40대,2666,281,983,2025
202509,2626059000,동래구 사직2동,50대,2958,295,862,2025
202509,2626059000,동래구 사직2동,60대이상,4112,214,1235,2025
202509,2626060000,동래구 사직3동,20대,832,99,330,2025
202509,2626060000,동래구 사직3동,20대미만,1497,72,488,2025
202509,2626060000,동래구 사직3동,30대,1058,197,356,2025
202509,2626060000,동래구 사직3동,40대,2066,243,532,2025
202509,2626060000,동래구 사직3동,50대,1704,264,503,2025
202509,2626060000,동래구 사직3동,60대이상,3884,202,823,2025
202509,2626074000,동래구 안락1동,20대,641,175,296,2025
202509,2626074000,동래구 안락1동,20대미만,583,38,225,2025
202509,2626074000,동래구 안락1동,30대,790,219,416,2025
202509,2626074000,동래구 안락1동,40대,993,218,538,2025
202509,2626074000,동래구 안락1동,50대,1265,280,744,2025
202509,2626074000,동래구 안락1동,60대이상,4080,310,1563,2025
202509,2626075000,동래구 안락2동,20대,1508,216,412,2025
202509,2626075000,동래구 안락2동,20대미만,1964,137,486,2025
202509,2626075000,동래구 안락2동,30대,1810,314,597,2025
202509,2626075000,동래구 안락2동,40대,2506,347,645,2025
202509,2626075000,동래구 안락2동,50대,3096,435,757,2025
202509,2626075000,동래구 안락2동,60대이상,6759,383,1352,2025
202509,2626076100,동래구 명장1동,20대,633,85,237,2025
202509,2626076100,동래구 명장1동,20대미만,939,318,272,2025
202509,2626076100,동래구 명장1동,30대,953,131,250,2025
202509,2626076100,동래구 명장1동,40대,1309,161,333,2025
202509,2626076100,동래구 명장1동,50대,1474,250,440,2025
202509,2626076100,동래구 명장1동,60대이상,4262,296,956,2025
202509,2626076200,동래구 명장2동,20대,415,23,86,2025
202509,2626076200,동래구 명장2동,20대미만,470,314,250,2025
202509,2626076200,동래구 명장2동,30대,590,42,128,2025
202509,2626076200,동래구 명장2동,40대,680,73,167,2025
202509,2626076200,동래구 명장2동,50대,898,120,185,2025
202509,2626076200,동래구 명장2동,60대이상,2231,125,409,2025
202509,2629051000,남구 대연1동,20대,2561,169,1306,2025
202509,2629051000,남구 대연1동,20대미만,730,74,724,2025
202509,2629051000,남구 대연1동,30대,1107,198,747,2025
202509,2629051000,남구 대연1동,40대,1067,188,841,2025
202509,2629051000,남구 대연1동,50대,1540,288,973,2025
202509,2629051000,남구 대연1동,60대이상,4072,235,1681,2025
202509,2629053000,남구 대연3동,20대,5353,1802,5323,2025
202509,2629053000,남구 대연3동,20대미만,3507,384,2899,2025
202509,2629053000,남구 대연3동,30대,2978,871,1378,2025
202509,2629053000,남구 대연3동,40대,3993,917,1366,2025
202509,2629053000,남구 대연3동,50대,3712,858,1487,2025
202509,2629053000,남구 대연3동,60대이상,6249,547,1940,2025
202509,2629054000,남구 대연4동,20대,675,79,271,2025
202509,2629054000,남구 대연4동,20대미만,970,71,290,2025
202509,2629054000,남구 대연4동,30대,1312,140,286,2025
202509,2629054000,남구 대연4동,40대,1450,190,350,2025
202509,2629054000,남구 대연4동,50대,1376,196,417,2025
202509,2629054000,남구 대연4동,60대이상,3497,198,907,2025
202509,2629055000,남구 대연5동,20대,1604,182,584,2025
202509,2629055000,남구 대연5동,20대미만,797,133,340,2025
202509,2629055000,남구 대연5동,30대,1068,179,343,2025
202509,2629055000,남구 대연5동,40대,1310,224,354,2025
202509,2629055000,남구 대연5동,50대,1726,245,425,2025
202509,2629055000,남구 대연5동,60대이상,3796,228,744,2025
202509,2629056000,남구 대연6동,20대,791,125,227,2025
202509,2629056000,남구 대연6동,20대미만,1477,181,268,2025
202509,2629056000,남구 대연6동,30대,1207,209,255,2025
202509,2629056000,남구 대연6동,40대,1801,268,314,2025
202509,2629056000,남구 대연6동,50대,1533,243,366,2025
202509,2629056000,남구 대연6동,60대이상,2704,131,634,2025
202509,2629057000,남구 용호1동,20대,2159,229,625,2025
202509,2629057000,남구 용호1동,20대미만,3624,148,613,2025
202509,2629057000,남구 용호1동,30대,2331,264,572,2025
202509,2629057000,남구 용호1동,40대,4327,440,637,2025
202509,2629057000,남구 용호1동,50대,5589,569,869,2025
202509,2629057000,남구 용호1동,60대이상,10598,421,1630,2025
202509,2629058000,남구 용호2동,20대,881,118,437,2025
202509,2629058000,남구 용호2동,20대미만,1554,41,193,2025
202509,2629058000,남구 용호2동,30대,1387,140,395,2025
202509,2629058000,남구 용호2동,40대,2140,205,477,2025
202509,2629058000,남구 용호2동,50대,1969,216,612,2025
202509,2629058000,남구 용호2동,60대이상,4929,188,1174,2025
202509,2629059000,남구 용호3동,20대,584,94,220,2025
202509,2629059000,남구 용호3동,20대미만,557,266,281,2025
202509,2629059000,남구 용호3동,30대,577,104,241,2025
202509,2629059000,남구 용호3동,40대,778,156,327,2025
202509,2629059000,남구 용호3동,50대,1233,214,459,2025
202509,2629059000,남구 용호3동,60대이상,3935,236,796,2025
202509,2629060000,남구 용호4동,20대,356,87,334,2025
202509,2629060000,남구 용호4동,20대미만,350,16,138,2025
202509,2629060000,남구 용호4동,30대,390,55,210,2025
202509,2629060000,남구 용호4동,40대,542,104,222,2025
202509,2629060000,남구 용호4동,50대,717,125,304,2025
202509,2629060000,남구 용호4동,60대이상,2044,165,553,2025
202509,2629061000,남구 용당동,20대,485,194,656,2025
202509,2629061000,남구 용당동,20대미만,459,96,366,2025
202509,2629061000,남구 용당동,30대,442,198,323,2025
202509,2629061000,남구 용당동,40대,638,256,521,2025
202509,2629061000,남구 용당동,50대,1020,281,636,2025
202509,2629061000,남구 용당동,60대이상,2144,234,748,2025
202509,2629062000,남구 감만1동,20대,429,131,215,2025
202509,2629062000,남구 감만1동,20대미만,295,16,97,2025
202509,2629062000,남구 감만1동,30대,440,177,346,2025
202509,2629062000,남구 감만1동,40대,536,179,456,2025
202509,2629062000,남구 감만1동,50대,791,223,682,2025
202509,2629062000,남구 감만1동,60대이상,2174,216,673,2025
202509,2629063000,남구 감만2동,20대,172,18,56,2025
202509,2629063000,남구 감만2동,20대미만,168,37,100,2025
202509,2629063000,남구 감만2동,30대,215,27,81,2025
202509,2629063000,남구 감만2동,40대,318,43,145,2025
202509,2629063000,남구 감만2동,50대,637,72,162,2025
202509,2629063000,남구 감만2동,60대이상,1712,63,396,2025
202509,2629064500,남구 우암동,20대,577,92,246,2025
202509,2629064500,남구 우암동,20대미만,723,71,170,2025
202509,2629064500,남구 우암동,30대,640,128,399,2025
202509,2629064500,남구 우암동,40대,958,185,431,2025
202509,2629064500,남구 우암동,50대,1309,277,704,2025
202509,2629064500,남구 우암동,60대이상,4655,243,1294,2025
202509,2629068000,남구 문현1동,20대,513,39,189,2025
202509,2629068000,남구 문현1동,20대미만,540,156,228,2025
202509,2629068000,남구 문현1동,30대,420,56,283,2025
202509,2629068000,남구 문현1동,40대,708,78,336,2025
202509,2629068000,남구 문현1동,50대,1015,131,387,2025
202509,2629068000,남구 문현1동,60대이상,2769,117,744,2025
202509,2629069000,남구 문현2동,20대,350,298,439,2025
202509,2629069000,남구 문현2동,20대미만,163,51,188,2025
202509,2629069000,남구 문현2동,30대,598,699,522,2025
202509,2629069000,남구 문현2동,40대,444,546,469,2025
202509,2629069000,남구 문현2동,50대,468,416,493,2025
202509,2629069000,남구 문현2동,60대이상,1651,216,702,2025
202509,2629070000,남구 문현3동,20대,653,78,597,2025
202509,2629070000,남구 문현3동,20대미만,579,57,799,2025
202509,2629070000,남구 문현3동,30대,1058,127,668,2025
202509,2629070000,남구 문현3동,40대,1109,184,895,2025
202509,2629070000,남구 문현3동,50대,1112,192,1276,2025
202509,2629070000,남구 문현3동,60대이상,3094,178,2490,2025
202509,2629071000,남구 문현4동,20대,402,69,237,2025
202509,2629071000,남구 문현4동,20대미만,319,66,165,2025
202509,2629071000,남구 문현4동,30대,497,106,314,2025
202509,2629071000,남구 문현4동,40대,486,94,288,2025
202509,2629071000,남구 문현4동,50대,684,111,325,2025
202509,2629071000,남구 문현4동,60대이상,1797,108,497,2025
202509,2632051000,북구 구포1동,20대,934,111,447,2025
202509,2632051000,북구 구포1동,20대미만,602,4,197,2025
202509,2632051000,북구 구포1동,30대,1321,176,478,2025
202509,2632051000,북구 구포1동,40대,1259,191,528,2025
202509,2632051000,북구 구포1동,50대,1677,390,877,2025
202509,2632051000,북구 구포1동,60대이상,4671,469,2228,2025
202509,2632052000,북구 구포2동,20대,1479,167,320,2025
202509,2632052000,북구 구포2동,20대미만,1158,198,227,2025
202509,2632052000,북구 구포2동,30대,1782,283,363,2025
202509,2632052000,북구 구포2동,40대,1948,310,397,2025
202509,2632052000,북구 구포2동,50대,3041,411,583,2025
202509,2632052000,북구 구포2동,60대이상,7099,366,1135,2025
202509,2632052100,북구 구포3동,20대,1234,101,289,2025
202509,2632052100,북구 구포3동,20대미만,1025,192,229,2025
202509,2632052100,북구 구포3동,30대,1142,119,198,2025
202509,2632052100,북구 구포3동,40대,1506,143,222,2025
202509,2632052100,북구 구포3동,50대,2536,271,418,2025
202509,2632052100,북구 구포3동,60대이상,5845,269,665,2025
202509,2632053000,북구 금곡동,20대,1995,193,362,2025
202509,2632053000,북구 금곡동,20대미만,2153,135,358,2025
202509,2632053000,북구 금곡동,30대,2198,259,502,2025
202509,2632053000,북구 금곡동,40대,2726,298,601,2025
202509,2632053000,북구 금곡동,50대,4475,519,838,2025
202509,2632053000,북구 금곡동,60대이상,12107,444,1557,2025
202509,2632054100,북구 화명1동,20대,2496,183,848,2025
202509,2632054100,북구 화명1동,20대미만,2757,33,1052,2025
202509,2632054100,북구 화명1동,30대,3400,228,1144,2025
202509,2632054100,북구 화명1동,40대,3623,277,1142,2025
202509,2632054100,북구 화명1동,50대,4622,443,1433,2025
202509,2632054100,북구 화명1동,60대이상,8229,398,2383,2025
202509,2632054200,북구 화명2동,20대,1159,106,269,2025
202509,2632054200,북구 화명2동,20대미만,1269,142,287,2025
202509,2632054200,북구 화명2동,30대,1426,143,320,2025
202509,2632054200,북구 화명2동,40대,1409,156,360,2025
202509,2632054200,북구 화명2동,50대,2139,247,520,2025
202509,2632054200,북구 화명2동,60대이상,4462,240,852,2025
202509,2632054300,북구 화명3동,20대,1720,363,760,2025
202509,2632054300,북구 화명3동,20대미만,2455,333,778,2025
202509,2632054300,북구 화명3동,30대,1673,332,747,2025
202509,2632054300,북구 화명3동,40대,2402,357,780,2025
202509,2632054300,북구 화명3동,50대,3248,475,1030,2025
202509,2632054300,북구 화명3동,60대이상,4829,324,1665,2025
202509,2632055000,북구 덕천1동,20대,887,148,450,2025
202509,2632055000,북구 덕천1동,20대미만,466,43,209,2025
202509,2632055000,북구 덕천1동,30대,1426,185,407,2025
202509,2632055000,북구 덕천1동,40대,1046,187,396,2025
202509,2632055000,북구 덕천1동,50대,1407,257,590,2025
202509,2632055000,북구 덕천1동,60대이상,4150,241,1135,2025
202509,2632056000,북구 덕천2동,20대,787,376,861,2025
202509,2632056000,북구 덕천2동,20대미만,488,184,506,2025
202509,2632056000,북구 덕천2동,30대,851,459,972,2025
202509,2632056000,북구 덕천2동,40대,804,428,846,2025
202509,2632056000,북구 덕천2동,50대,1247,477,1198,2025
202509,2632056000,북구 덕천2동,60대이상,3506,426,2120,2025
202509,2632056100,북구 덕천3동,20대,321,17,114,2025
202509,2632056100,북구 덕천3동,20대미만,188,6,61,2025
202509,2632056100,북구 덕천3동,30대,345,27,147,2025
202509,2632056100,북구 덕천3동,40대,461,31,148,2025
202509,2632056100,북구 덕천3동,50대,823,95,233,2025
202509,2632056100,북구 덕천3동,60대이상,2454,77,555,2025
202509,2632057100,북구 만덕1동,20대,802,77,195,2025
202509,2632057100,북구 만덕1동,20대미만,926,78,177,2025
202509,2632057100,북구 만덕1동,30대,1835,129,329,2025
202509,2632057100,북구 만덕1동,40대,1765,136,294,2025
202509,2632057100,북구 만덕1동,50대,1470,161,326,2025
202509,2632057100,북구 만덕1동,60대이상,3998,185,743,2025
202509,2632057200,북구 만덕2동,20대,1480,128,268,2025
202509,2632057200,북구 만덕2동,20대미만,2193,141,322,2025
202509,2632057200,북구 만덕2동,30대,2107,183,383,2025
202509,2632057200,북구 만덕2동,40대,2558,255,377,2025
202509,2632057200,북구 만덕2동,50대,2877,292,484,2025
202509,2632057200,북구 만덕2동,60대이상,6802,259,1029,2025
202509,2632057300,북구 만덕3동,20대,997,76,217,2025
202509,2632057300,북구 만덕3동,20대미만,885,27,209,2025
202509,2632057300,북구 만덕3동,30대,1177,76,252,2025
202509,2632057300,북구 만덕3동,40대,1423,125,258,2025
202509,2632057300,북구 만덕3동,50대,1879,162,332,2025
202509,2632057300,북구 만덕3동,60대이상,5130,235,666,2025
202509,2635051000,해운대구 우1동,20대,1562,638,2073,2025
202509,2635051000,해운대구 우1동,20대미만,1869,560,1132,2025
202509,2635051000,해운대구 우1동,30대,2089,667,2218,2025
202509,2635051000,해운대구 우1동,40대,2521,655,2140,2025
202509,2635051000,해운대구 우1동,50대,2839,706,2139,2025
202509,2635051000,해운대구 우1동,60대이상,6011,666,3072,2025
202509,2635052000,해운대구 우2동,20대,1466,1829,2657,2025
202509,2635052000,해운대구 우2동,20대미만,2224,744,1408,2025
202509,2635052000,해운대구 우2동,30대,2255,2283,3101,2025
202509,2635052000,해운대구 우2동,40대,3286,1691,2724,2025
202509,2635052000,해운대구 우2동,50대,3718,1455,2466,2025
202509,2635052000,해운대구 우2동,60대이상,6618,825,3017,2025
202509,2635052500,해운대구 우3동,20대,1131,161,508,2025
202509,2635052500,해운대구 우3동,20대미만,2094,76,410,2025
202509,2635052500,해운대구 우3동,30대,1686,244,732,2025
202509,2635052500,해운대구 우3동,40대,3349,424,854,2025
202509,2635052500,해운대구 우3동,50대,3288,406,883,2025
202509,2635052500,해운대구 우3동,60대이상,6248,327,1224,2025
202509,2635053000,해운대구 중1동,20대,1711,582,1904,2025
202509,2635053000,해운대구 중1동,20대미만,1747,100,1102,2025
202509,2635053000,해운대구 중1동,30대,2180,646,2455,2025
202509,2635053000,해운대구 중1동,40대,3016,680,2330,2025
202509,2635053000,해운대구 중1동,50대,3346,785,2367,2025
202509,2635053000,해운대구 중1동,60대이상,5723,650,3066,2025
202509,2635054000,해운대구 중2동,20대,815,131,501,2025
202509,2635054000,해운대구 중2동,20대미만,1228,39,306,2025
202509,2635054000,해운대구 중2동,30대,1274,163,612,2025
202509,2635054000,해운대구 중2동,40대,1757,214,629,2025
202509,2635054000,해운대구 중2동,50대,1904,220,757,2025
202509,2635054000,해운대구 중2동,60대이상,3910,215,1208,2025
202509,2635055100,해운대구 좌1동,20대,1052,256,567,2025
202509,2635055100,해운대구 좌1동,20대미만,839,62,422,2025
202509,2635055100,해운대구 좌1동,30대,1107,289,631,2025
202509,2635055100,해운대구 좌1동,40대,1429,287,658,2025
202509,2635055100,해운대구 좌1동,50대,1901,408,858,2025
202509,2635055100,해운대구 좌1동,60대이상,2924,299,1297,2025
202509,2635055200,해운대구 좌2동,20대,2457,198,526,2025
202509,2635055200,해운대구 좌2동,20대미만,2292,102,574,2025
202509,2635055200,해운대구 좌2동,30대,2965,251,621,2025
202509,2635055200,해운대구 좌2동,40대,3024,336,550,2025
202509,2635055200,해운대구 좌2동,50대,3851,411,674,2025
202509,2635055200,해운대구 좌2동,60대이상,7147,315,1050,2025
202509,2635055300,해운대구 좌3동,20대,897,66,236,2025
202509,2635055300,해운대구 좌3동,20대미만,1153,256,381,2025
202509,2635055300,해운대구 좌3동,30대,1044,86,277,2025
202509,2635055300,해운대구 좌3동,40대,1345,127,267,2025
202509,2635055300,해운대구 좌3동,50대,1965,181,408,2025
202509,2635055300,해운대구 좌3동,60대이상,4302,157,732,2025
202509,2635055400,해운대구 좌4동,20대,1487,300,687,2025
202509,2635055400,해운대구 좌4동,20대미만,2527,315,599,2025
202509,2635055400,해운대구 좌4동,30대,1552,314,624,2025
202509,2635055400,해운대구 좌4동,40대,2333,394,774,2025
202509,2635055400,해운대구 좌4동,50대,2819,444,978,2025
202509,2635055400,해운대구 좌4동,60대이상,4774,337,1770,2025
202509,2635056000,해운대구 송정동,20대,441,244,1117,2025
202509,2635056000,해운대구 송정동,20대미만,486,139,576,2025
202509,2635056000,해운대구 송정동,30대,655,297,1211,2025
202509,2635056000,해운대구 송정동,40대,816,286,1104,2025
202509,2635056000,해운대구 송정동,50대,1017,373,1143,2025
202509,2635056000,해운대구 송정동,60대이상,3111,301,1594,2025
202509,2635057000,해운대구 반여1동,20대,2327,264,446,2025
202509,2635057000,해운대구 반여1동,20대미만,3812,195,442,2025
202509,2635057000,해운대구 반여1동,30대,2742,387,647,2025
202509,2635057000,해운대구 반여1동,40대,3927,549,751,2025
202509,2635057000,해운대구 반여1동,50대,4741,649,946,2025
202509,2635057000,해운대구 반여1동,60대이상,8177,455,1524,2025
202509,2635058000,해운대구 반여2동,20대,566,50,175,2025
202509,2635058000,해운대구 반여2동,20대미만,368,17,132,2025
202509,2635058000,해운대구 반여2동,30대,819,71,176,2025
202509,2635058000,해운대구 반여2동,40대,1002,84,267,2025
202509,2635058000,해운대구 반여2동,50대,1521,162,399,2025
202509,2635058000,해운대구 반여2동,60대이상,4026,133,921,2025
202509,2635059000,해운대구 반여3동,20대,350,16,50,2025
202509,2635059000,해운대구 반여3동,20대미만,169,10,28,2025
202509,2635059000,해운대구 반여3동,30대,390,34,72,2025
202509,2635059000,해운대구 반여3동,40대,484,40,71,2025
202509,2635059000,해운대구 반여3동,50대,828,75,128,2025
202509,2635059000,해운대구 반여3동,60대이상,2006,71,254,2025
202509,2635059500,해운대구 반여4동,20대,626,47,193,2025
202509,2635059500,해운대구 반여4동,20대미만,846,11,180,2025
202509,2635059500,해운대구 반여4동,30대,919,75,242,2025
202509,2635059500,해운대구 반여4동,40대,974,96,318,2025
202509,2635059500,해운대구 반여4동,50대,1320,125,406,2025
202509,2635059500,해운대구 반여4동,60대이상,2408,129,907,2025
202509,2635061000,해운대구 반송1동,20대,644,101,310,2025
202509,2635061000,해운대구 반송1동,20대미만,220,113,175,2025
202509,2635061000,해운대구 반송1동,30대,544,138,166,2025
202509,2635061000,해운대구 반송1동,40대,757,154,237,2025
202509,2635061000,해운대구 반송1동,50대,1352,224,381,2025
202509,2635061000,해운대구 반송1동,60대이상,3477,219,673,2025
202509,2635062000,해운대구 반송2동,20대,967,72,106,2025
202509,2635062000,해운대구 반송2동,20대미만,933,20,64,2025
202509,2635062000,해운대구 반송2동,30대,1103,95,149,2025
202509,2635062000,해운대구 반송2동,40대,1687,192,210,2025
202509,2635062000,해운대구 반송2동,50대,2707,292,316,2025
202509,2635062000,해운대구 반송2동,60대이상,8332,312,609,2025
202509,2635065000,해운대구 재송1동,20대,2068,494,764,2025
202509,2635065000,해운대구 재송1동,20대미만,4324,220,558,2025
202509,2635065000,해운대구 재송1동,30대,2650,648,962,2025
202509,2635065000,해운대구 재송1동,40대,5042,716,1110,2025
202509,2635065000,해운대구 재송1동,50대,4231,644,1218,2025
202509,2635065000,해운대구 재송1동,60대이상,6739,458,1750,2025
202509,2635066000,해운대구 재송2동,20대,1354,117,318,2025
202509,2635066000,해운대구 재송2동,20대미만,1259,47,218,2025
202509,2635066000,해운대구 재송2동,30대,1476,163,407,2025
202509,2635066000,해운대구 재송2동,40대,2010,220,434,2025
202509,2635066000,해운대구 재송2동,50대,2638,324,513,2025
202509,2635066000,해운대구 재송2동,60대이상,6624,236,899,2025
202509,2638051000,사하구 괴정1동,20대,924,72,340,2025
202509,2638051000,사하구 괴정1동,20대미만,1065,127,359,2025
202509,2638051000,사하구 괴정1동,30대,981,111,384,2025
202509,2638051000,사하구 괴정1동,40대,1533,120,460,2025
202509,2638051000,사하구 괴정1동,50대,1902,241,586,2025
202509,2638051000,사하구 괴정1동,60대이상,5579,187,1130,2025
202509,2638052000,사하구 괴정2동,20대,755,38,123,2025
202509,2638052000,사하구 괴정2동,20대미만,732,57,116,2025
202509,2638052000,사하구 괴정2동,30대,921,42,105,2025
202509,2638052000,사하구 괴정2동,40대,1129,87,145,2025
202509,2638052000,사하구 괴정2동,50대,1438,139,165,2025
202509,2638052000,사하구 괴정2동,60대이상,4168,108,463,2025
202509,2638053000,사하구 괴정3동,20대,755,123,473,2025
202509,2638053000,사하구 괴정3동,20대미만,611,37,386,2025
202509,2638053000,사하구 괴정3동,30대,740,158,307,2025
202509,2638053000,사하구 괴정3동,40대,989,176,375,2025
202509,2638053000,사하구 괴정3동,50대,1398,254,499,2025
202509,2638053000,사하구 괴정3동,60대이상,4415,304,1164,2025
202509,2638054000,사하구 괴정4동,20대,732,59,179,2025
202509,2638054000,사하구 괴정4동,20대미만,1107,87,323,2025
202509,2638054000,사하구 괴정4동,30대,999,88,258,2025
202509,2638054000,사하구 괴정4동,40대,1508,144,320,2025
202509,2638054000,사하구 괴정4동,50대,1402,136,357,2025
202509,2638054000,사하구 괴정4동,60대이상,3412,141,789,2025
202509,2638055000,사하구 당리동,20대,1475,228,676,2025
202509,2638055000,사하구 당리동,20대미만,1529,125,492,2025
202509,2638055000,사하구 당리동,30대,1555,312,671,2025
202509,2638055000,사하구 당리동,40대,2230,394,680,2025
202509,2638055000,사하구 당리동,50대,2730,416,898,2025
202509,2638055000,사하구 당리동,60대이상,7227,399,1644,2025
202509,2638056100,사하구 하단1동,20대,1862,142,444,2025
202509,2638056100,사하구 하단1동,20대미만,1137,82,207,2025
202509,2638056100,사하구 하단1동,30대,1868,164,426,2025
202509,2638056100,사하구 하단1동,40대,1920,202,430,2025
202509,2638056100,사하구 하단1동,50대,2379,282,580,2025
202509,2638056100,사하구 하단1동,60대이상,5632,304,1000,2025
202509,2638056200,사하구 하단2동,20대,3752,792,2905,2025
202509,2638056200,사하구 하단2동,20대미만,1829,280,1506,2025
202509,2638056200,사하구 하단2동,30대,2140,465,911,2025
202509,2638056200,사하구 하단2동,40대,2228,437,846,2025
202509,2638056200,사하구 하단2동,50대,2784,511,914,2025
202509,2638056200,사하구 하단2동,60대이상,5931,380,1372,2025
202509,2638057100,사하구 신평1동,20대,817,196,275,2025
202509,2638057100,사하구 신평1동,20대미만,982,209,385,2025
202509,2638057100,사하구 신평1동,30대,1034,316,435,2025
202509,2638057100,사하구 신평1동,40대,1447,360,461,2025
202509,2638057100,사하구 신평1동,50대,1973,476,706,2025
202509,2638057100,사하구 신평1동,60대이상,5061,316,878,2025
202509,2638057200,사하구 신평2동,20대,1041,196,286,2025
202509,2638057200,사하구 신평2동,20대미만,1155,55,207,2025
202509,2638057200,사하구 신평2동,30대,1548,341,420,2025
202509,2638057200,사하구 신평2동,40대,1692,393,434,2025
202509,2638057200,사하구 신평2동,50대,2133,441,663,2025
202509,2638057200,사하구 신평2동,60대이상,4268,390,1005,2025
202509,2638058000,사하구 장림1동,20대,695,190,287,2025
202509,2638058000,사하구 장림1동,20대미만,1136,102,317,2025
202509,2638058000,사하구 장림1동,30대,1230,382,479,2025
202509,2638058000,사하구 장림1동,40대,1624,422,536,2025
202509,2638058000,사하구 장림1동,50대,1515,644,707,2025
202509,2638058000,사하구 장림1동,60대이상,2991,589,1136,2025
202509,2638059000,사하구 장림2동,20대,1534,217,399,2025
202509,2638059000,사하구 장림2동,20대미만,1759,122,336,2025
202509,2638059000,사하구 장림2동,30대,1835,306,521,2025
202509,2638059000,사하구 장림2동,40대,2568,430,607,2025
202509,2638059000,사하구 장림2동,50대,3115,628,701,2025
202509,2638059000,사하구 장림2동,60대이상,6316,502,1338,2025
202509,2638060100,사하구 다대1동,20대,1955,320,430,2025
202509,2638060100,사하구 다대1동,20대미만,2884,121,272,2025
202509,2638060100,사하구 다대1동,30대,2216,495,484,2025
202509,2638060100,사하구 다대1동,40대,3818,687,621,2025
202509,2638060100,사하구 다대1동,50대,5097,842,879,2025
202509,2638060100,사하구 다대1동,60대이상,10921,662,1601,2025
202509,2638060200,사하구 다대2동,20대,1681,158,216,2025
202509,2638060200,사하구 다대2동,20대미만,2009,61,203,2025
202509,2638060200,사하구 다대2동,30대,1514,176,299,2025
202509,2638060200,사하구 다대2동,40대,2308,334,362,2025
202509,2638060200,사하구 다대2동,50대,3582,449,478,2025
202509,2638060200,사하구 다대2동,60대이상,8690,391,815,2025
202509,2638061000,사하구 구평동,20대,657,110,149,2025
202509,2638061000,사하구 구평동,20대미만,865,26,63,2025
202509,2638061000,사하구 구평동,30대,1353,238,251,2025
202509,2638061000,사하구 구평동,40대,1430,324,364,2025
202509,2638061000,사하구 구평동,50대,1358,399,463,2025
202509,2638061000,사하구 구평동,60대이상,2537,395,715,2025
202509,2638062000,사하구 감천1동,20대,885,123,205,2025
202509,2638062000,사하구 감천1동,20대미만,1039,356,421,2025
202509,2638062000,사하구 감천1동,30대,910,173,319,2025
202509,2638062000,사하구 감천1동,40대,1421,266,412,2025
202509,2638062000,사하구 감천1동,50대,2035,363,590,2025
202509,2638062000,사하구 감천1동,60대이상,6107,305,885,2025
202509,2638063000,사하구 감천2동,20대,187,17,39,2025
202509,2638063000,사하구 감천2동,20대미만,115,0,26,2025
202509,2638063000,사하구 감천2동,30대,210,24,48,2025
202509,2638063000,사하구 감천2동,40대,305,38,55,2025
202509,2638063000,사하구 감천2동,50대,646,62,102,2025
202509,2638063000,사하구 감천2동,60대이상,1946,50,187,2025
202509,2641051000,금정구 서1동,20대,174,14,43,2025
202509,2641051000,금정구 서1동,20대미만,94,9,35,2025
202509,2641051000,금정구 서1동,30대,201,18,52,2025
202509,2641051000,금정구 서1동,40대,299,44,81,2025
202509,2641051000,금정구 서1동,50대,499,70,145,2025
202509,2641051000,금정구 서1동,60대이상,1658,76,338,2025
202509,2641052000,금정구 서2동,20대,294,41,170,2025
202509,2641052000,금정구 서2동,20대미만,210,37,98,2025
202509,2641052000,금정구 서2동,30대,418,57,205,2025
202509,2641052000,금정구 서2동,40대,558,90,225,2025
202509,2641052000,금정구 서2동,50대,863,144,400,2025
202509,2641052000,금정구 서2동,60대이상,2582,217,991,2025
202509,2641053000,금정구 서3동,20대,400,47,101,2025
202509,2641053000,금정구 서3동,20대미만,201,57,83,2025
202509,2641053000,금정구 서3동,30대,517,86,127,2025
202509,2641053000,금정구 서3동,40대,539,98,151,2025
202509,2641053000,금정구 서3동,50대,1173,158,229,2025
202509,2641053000,금정구 서3동,60대이상,3580,215,604,2025
202509,2641055500,금정구 금사회동동,20대,259,240,231,2025
202509,2641055500,금정구 금사회동동,20대미만,198,48,157,2025
202509,2641055500,금정구 금사회동동,30대,348,514,450,2025
202509,2641055500,금정구 금사회동동,40대,450,566,543,2025
202509,2641055500,금정구 금사회동동,50대,724,692,805,2025
202509,2641055500,금정구 금사회동동,60대이상,2638,622,1486,2025
202509,2641057000,금정구 부곡1동,20대,316,33,137,2025
202509,2641057000,금정구 부곡1동,20대미만,315,152,186,2025
202509,2641057000,금정구 부곡1동,30대,362,52,140,2025
202509,2641057000,금정구 부곡1동,40대,567,65,212,2025
202509,2641057000,금정구 부곡1동,50대,782,100,281,2025
202509,2641057000,금정구 부곡1동,60대이상,2837,134,614,2025
202509,2641058000,금정구 부곡2동,20대,1408,168,554,2025
202509,2641058000,금정구 부곡2동,20대미만,1209,397,504,2025
202509,2641058000,금정구 부곡2동,30대,1092,248,560,2025
202509,2641058000,금정구 부곡2동,40대,1474,308,579,2025
202509,2641058000,금정구 부곡2동,50대,1977,342,675,2025
202509,2641058000,금정구 부곡2동,60대이상,4452,276,1319,2025
202509,2641059000,금정구 부곡3동,20대,1095,221,752,2025
202509,2641059000,금정구 부곡3동,20대미만,948,509,645,2025
202509,2641059000,금정구 부곡3동,30대,1026,298,379,2025
202509,2641059000,금정구 부곡3동,40대,1325,302,467,2025
202509,2641059000,금정구 부곡3동,50대,1625,324,625,2025
202509,2641059000,금정구 부곡3동,60대이상,3902,225,1021,2025
202509,2641059100,금정구 부곡4동,20대,473,49,186,2025
202509,2641059100,금정구 부곡4동,20대미만,355,22,167,2025
202509,2641059100,금정구 부곡4동,30대,639,64,181,2025
202509,2641059100,금정구 부곡4동,40대,620,78,242,2025
202509,2641059100,금정구 부곡4동,50대,1014,119,288,2025
202509,2641059100,금정구 부곡4동,60대이상,2371,148,674,2025
202509,2641060000,금정구 장전1동,20대,4292,303,1974,2025
202509,2641060000,금정구 장전1동,20대미만,903,90,632,2025
202509,2641060000,금정구 장전1동,30대,1238,219,399,2025
202509,2641060000,금정구 장전1동,40대,1234,218,410,2025
202509,2641060000,금정구 장전1동,50대,1366,251,482,2025
202509,2641060000,금정구 장전1동,60대이상,3263,195,734,2025
202509,2641061000,금정구 장전2동,20대,2072,1460,4286,2025
202509,2641061000,금정구 장전2동,20대미만,2266,222,2069,2025
202509,2641061000,금정구 장전2동,30대,2235,715,1221,2025
202509,2641061000,금정구 장전2동,40대,3081,758,1255,2025
202509,2641061000,금정구 장전2동,50대,2688,644,1278,2025
202509,2641061000,금정구 장전2동,60대이상,5860,489,1908,2025
202509,2641063500,금정구 선두구동,20대,65,29,132,2025
202509,2641063500,금정구 선두구동,20대미만,43,1,64,2025
202509,2641063500,금정구 선두구동,30대,68,51,143,2025
202509,2641063500,금정구 선두구동,40대,94,75,262,2025
202509,2641063500,금정구 선두구동,50대,194,107,370,2025
202509,2641063500,금정구 선두구동,60대이상,761,108,578,2025
202509,2641066500,금정구 청룡노포동,20대,455,88,305,2025
202509,2641066500,금정구 청룡노포동,20대미만,478,37,217,2025
202509,2641066500,금정구 청룡노포동,30대,484,158,347,2025
202509,2641066500,금정구 청룡노포동,40대,570,159,478,2025
202509,2641066500,금정구 청룡노포동,50대,989,272,811,2025
202509,2641066500,금정구 청룡노포동,60대이상,3294,279,1586,2025
202509,2641067000,금정구 남산동,20대,1996,258,1353,2025
202509,2641067000,금정구 남산동,20대미만,1172,111,802,2025
202509,2641067000,금정구 남산동,30대,1368,210,414,2025
202509,2641067000,금정구 남산동,40대,1611,336,464,2025
202509,2641067000,금정구 남산동,50대,2817,481,789,2025
202509,2641067000,금정구 남산동,60대이상,7544,436,1496,2025
202509,2641068000,금정구 구서1동,20대,890,164,333,2025
202509,2641068000,금정구 구서1동,20대미만,1024,406,449,2025
202509,2641068000,금정구 구서1동,30대,962,231,386,2025
202509,2641068000,금정구 구서1동,40대,1188,264,513,2025
202509,2641068000,금정구 구서1동,50대,1785,290,557,2025
202509,2641068000,금정구 구서1동,60대이상,3611,265,810,2025
202509,2641069000,금정구 구서2동,20대,1913,204,1142,2025
202509,2641069000,금정구 구서2동,20대미만,2387,130,696,2025
202509,2641069000,금정구 구서2동,30대,2076,290,937,2025
202509,2641069000,금정구 구서2동,40대,2909,379,1008,2025
202509,2641069000,금정구 구서2동,50대,3894,470,1437,2025
202509,2641069000,금정구 구서2동,60대이상,8774,513,3154,2025
202509,2641070000,금정구 금성동,20대,34,10,38,2025
202509,2641070000,금정구 금성동,20대미만,66,7,92,2025
202509,2641070000,금정구 금성동,30대,40,12,46,2025
202509,2641070000,금정구 금성동,40대,76,14,82,2025
202509,2641070000,금정구 금성동,50대,89,29,133,2025
202509,2641070000,금정구 금성동,60대이상,335,34,229,2025
202509,2644051000,강서구 대저1동,20대,461,328,441,2025
202509,2644051000,강서구 대저1동,20대미만,159,122,151,2025
202509,2644051000,강서구 대저1동,30대,335,630,563,2025
202509,2644051000,강서구 대저1동,40대,366,688,684,2025
202509,2644051000,강서구 대저1동,50대,625,814,912,2025
202509,2644051000,강서구 대저1동,60대이상,2721,633,1429,2025
202509,2644052000,강서구 대저2동,20대,739,640,2634,2025
202509,2644052000,강서구 대저2동,20대미만,461,83,618,2025
202509,2644052000,강서구 대저2동,30대,496,988,3526,2025
202509,2644052000,강서구 대저2동,40대,508,955,2900,2025
202509,2644052000,강서구 대저2동,50대,605,1210,3304,2025
202509,2644052000,강서구 대저2동,60대이상,2209,849,3611,2025
202509,2644053000,강서구 강동동,20대,212,57,148,2025
202509,2644053000,강서구 강동동,20대미만,566,13,142,2025
202509,2644053000,강서구 강동동,30대,2083,248,499,2025
202509,2644053000,강서구 강동동,40대,951,237,440,2025
202509,2644053000,강서구 강동동,50대,434,270,553,2025
202509,2644053000,강서구 강동동,60대이상,1723,314,865,2025
202509,2644053500,강서구 명지1동,20대,2519,658,900,2025
202509,2644053500,강서구 명지1동,20대미만,7658,253,529,2025
202509,2644053500,강서구 명지1동,30대,7510,1215,1529,2025
202509,2644053500,강서구 명지1동,40대,9330,1481,1498,2025
202509,2644053500,강서구 명지1동,50대,3917,879,1385,2025
202509,2644053500,강서구 명지1동,60대이상,6176,599,1635,2025
202509,2644054500,강서구 명지2동,20대,1297,238,388,2025
202509,2644054500,강서구 명지2동,20대미만,4692,140,312,2025
202509,2644054500,강서구 명지2동,30대,2367,414,589,2025
202509,2644054500,강서구 명지2동,40대,5227,677,645,2025
202509,2644054500,강서구 명지2동,50대,3040,422,539,2025
202509,2644054500,강서구 명지2동,60대이상,3764,240,656,2025
202509,2644055000,강서구 가락동,20대,30,52,92,2025
202509,2644055000,강서구 가락동,20대미만,30,20,129,2025
202509,2644055000,강서구 가락동,30대,97,115,155,2025
202509,2644055000,강서구 가락동,40대,117,163,186,2025
202509,2644055000,강서구 가락동,50대,229,244,301,2025
202509,2644055000,강서구 가락동,60대이상,1137,186,500,2025
202509,2644056000,강서구 녹산동,20대,932,1422,1105,2025
202509,2644056000,강서구 녹산동,20대미만,1840,63,267,2025
202509,2644056000,강서구 녹산동,30대,2092,3091,2108,2025
202509,2644056000,강서구 녹산동,40대,2690,3859,2891,2025
202509,2644056000,강서구 녹산동,50대,1754,3290,2878,2025
202509,2644056000,강서구 녹산동,60대이상,3464,2009,2914,2025
202509,2644058000,강서구 가덕도동,20대,170,82,311,2025
202509,2644058000,강서구 가덕도동,20대미만,123,25,75,2025
202509,2644058000,강서구 가덕도동,30대,270,125,597,2025
202509,2644058000,강서구 가덕도동,40대,315,193,946,2025
202509,2644058000,강서구 가덕도동,50대,498,182,932,2025
202509,2644058000,강서구 가덕도동,60대이상,1690,104,842,2025
202509,2644059000, ,20대,761,134,250,2025
202509,2644059000, ,20대미만,1162,44,240,2025
202509,2644059000, ,30대,1122,198,371,2025
202509,2644059000, ,40대,1526,328,541,2025
202509,2644059000, ,50대,1374,315,542,2025
202509,2644059000, ,60대이상,2398,177,531,2025
202509,2647061000,연제구 거제1동,20대,1586,545,958,2025
202509,2647061000,연제구 거제1동,20대미만,1959,390,967,2025
202509,2647061000,연제구 거제1동,30대,1788,797,849,2025
202509,2647061000,연제구 거제1동,40대,2892,999,1100,2025
202509,2647061000,연제구 거제1동,50대,2774,1074,1265,2025
202509,2647061000,연제구 거제1동,60대이상,5975,732,1874,2025
202509,2647062000,연제구 거제2동,20대,1323,183,390,2025
202509,2647062000,연제구 거제2동,20대미만,2565,100,586,2025
202509,2647062000,연제구 거제2동,30대,2074,267,555,2025
202509,2647062000,연제구 거제2동,40대,3239,402,789,2025
202509,2647062000,연제구 거제2동,50대,2563,419,860,2025
202509,2647062000,연제구 거제2동,60대이상,3701,322,1528,2025
202509,2647063000,연제구 거제3동,20대,587,100,742,2025
202509,2647063000,연제구 거제3동,20대미만,364,22,272,2025
202509,2647063000,연제구 거제3동,30대,613,142,1165,2025
202509,2647063000,연제구 거제3동,40대,628,147,1076,2025
202509,2647063000,연제구 거제3동,50대,1061,209,1206,2025
202509,2647063000,연제구 거제3동,60대이상,2284,177,1392,2025
202509,2647064000,연제구 거제4동,20대,572,30,214,2025
202509,2647064000,연제구 거제4동,20대미만,833,77,304,2025
202509,2647064000,연제구 거제4동,30대,558,66,391,2025
202509,2647064000,연제구 거제4동,40대,826,89,443,2025
202509,2647064000,연제구 거제4동,50대,1139,145,387,2025
202509,2647064000,연제구 거제4동,60대이상,2692,118,670,2025
202509,2647065000,연제구 연산1동,20대,687,123,341,2025
202509,2647065000,연제구 연산1동,20대미만,967,97,308,2025
202509,2647065000,연제구 연산1동,30대,1103,211,433,2025
202509,2647065000,연제구 연산1동,40대,1380,236,457,2025
202509,2647065000,연제구 연산1동,50대,1343,308,566,2025
202509,2647065000,연제구 연산1동,60대이상,3593,274,1014,2025
202509,2647066000,연제구 연산2동,20대,1383,199,1011,2025
202509,2647066000,연제구 연산2동,20대미만,1114,173,990,2025
202509,2647066000,연제구 연산2동,30대,2765,468,1913,2025
202509,2647066000,연제구 연산2동,40대,2125,470,1653,2025
202509,2647066000,연제구 연산2동,50대,2049,489,1516,2025
202509,2647066000,연제구 연산2동,60대이상,4677,327,2988,2025
202509,2647067000,연제구 연산3동,20대,255,8,45,2025
202509,2647067000,연제구 연산3동,20대미만,155,53,69,2025
202509,2647067000,연제구 연산3동,30대,481,17,88,2025
202509,2647067000,연제구 연산3동,40대,501,28,106,2025
202509,2647067000,연제구 연산3동,50대,535,48,103,2025
202509,2647067000,연제구 연산3동,60대이상,1690,46,243,2025
202509,2647068000,연제구 연산4동,20대,889,196,881,2025
202509,2647068000,연제구 연산4동,20대미만,619,14,234,2025
202509,2647068000,연제구 연산4동,30대,1417,253,961,2025
202509,2647068000,연제구 연산4동,40대,1447,293,928,2025
202509,2647068000,연제구 연산4동,50대,1740,361,1119,2025
202509,2647068000,연제구 연산4동,60대이상,4905,364,2253,2025
202509,2647069000,연제구 연산5동,20대,1498,286,776,2025
202509,2647069000,연제구 연산5동,20대미만,369,23,162,2025
202509,2647069000,연제구 연산5동,30대,1754,501,787,2025
202509,2647069000,연제구 연산5동,40대,1076,506,680,2025
202509,2647069000,연제구 연산5동,50대,1184,580,805,2025
202509,2647069000,연제구 연산5동,60대이상,2761,502,1391,2025
202509,2647070000,연제구 연산6동,20대,662,88,455,2025
202509,2647070000,연제구 연산6동,20대미만,644,129,294,2025
202509,2647070000,연제구 연산6동,30대,958,118,578,2025
202509,2647070000,연제구 연산6동,40대,1094,155,614,2025
202509,2647070000,연제구 연산6동,50대,1331,192,750,2025
202509,2647070000,연제구 연산6동,60대이상,4092,214,1865,2025
202509,2647072000,연제구 연산8동,20대,476,64,264,2025
202509,2647072000,연제구 연산8동,20대미만,615,66,341,2025
202509,2647072000,연제구 연산8동,30대,793,86,318,2025
202509,2647072000,연제구 연산8동,40대,771,103,423,2025
202509,2647072000,연제구 연산8동,50대,1071,138,510,2025
202509,2647072000,연제구 연산8동,60대이상,2283,124,1167,2025
202509,2647073000,연제구 연산9동,20대,1873,251,428,2025
202509,2647073000,연제구 연산9동,20대미만,2188,263,444,2025
202509,2647073000,연제구 연산9동,30대,2336,337,623,2025
202509,2647073000,연제구 연산9동,40대,3008,522,758,2025
202509,2647073000,연제구 연산9동,50대,3809,569,874,2025
202509,2647073000,연제구 연산9동,60대이상,8968,465,1361,2025
202509,2650066000,수영구 남천1동,20대,1006,350,765,2025
202509,2650066000,수영구 남천1동,20대미만,1225,279,759,2025
202509,2650066000,수영구 남천1동,30대,1325,478,838,2025
202509,2650066000,수영구 남천1동,40대,1493,504,967,2025
202509,2650066000,수영구 남천1동,50대,1784,521,1120,2025
202509,2650066000,수영구 남천1동,60대이상,3665,452,1845,2025
202509,2650067000,수영구 남천2동,20대,401,61,510,2025
202509,2650067000,수영구 남천2동,20대미만,521,16,250,2025
202509,2650067000,수영구 남천2동,30대,783,96,472,2025
202509,2650067000,수영구 남천2동,40대,912,90,490,2025
202509,2650067000,수영구 남천2동,50대,1454,130,448,2025
202509,2650067000,수영구 남천2동,60대이상,2871,135,791,2025
202509,2650073000,수영구 수영동,20대,907,138,468,2025
202509,2650073000,수영구 수영동,20대미만,511,78,190,2025
202509,2650073000,수영구 수영동,30대,1061,201,473,2025
202509,2650073000,수영구 수영동,40대,1048,187,450,2025
202509,2650073000,수영구 수영동,50대,1430,266,684,2025
202509,2650073000,수영구 수영동,60대이상,5075,298,1249,2025
202509,2650074000,수영구 망미1동,20대,1374,162,423,2025
202509,2650074000,수영구 망미1동,20대미만,1697,104,311,2025
202509,2650074000,수영구 망미1동,30대,1845,243,565,2025
202509,2650074000,수영구 망미1동,40대,2424,312,547,2025
202509,2650074000,수영구 망미1동,50대,2768,359,669,2025
202509,2650074000,수영구 망미1동,60대이상,8887,399,1550,2025
202509,2650075000,수영구 망미2동,20대,460,58,205,2025
202509,2650075000,수영구 망미2동,20대미만,418,33,202,2025
202509,2650075000,수영구 망미2동,30대,553,89,300,2025
202509,2650075000,수영구 망미2동,40대,846,106,404,2025
202509,2650075000,수영구 망미2동,50대,1085,114,456,2025
202509,2650075000,수영구 망미2동,60대이상,2245,108,831,2025
202509,2650076000,수영구 광안1동,20대,2602,188,549,2025
202509,2650076000,수영구 광안1동,20대미만,740,30,182,2025
202509,2650076000,수영구 광안1동,30대,2582,202,453,2025
202509,2650076000,수영구 광안1동,40대,1371,215,408,2025
202509,2650076000,수영구 광안1동,50대,1492,218,476,2025
202509,2650076000,수영구 광안1동,60대이상,4073,203,958,2025
202509,2650077000,수영구 광안2동,20대,1364,293,1800,2025
202509,2650077000,수영구 광안2동,20대미만,869,139,362,2025
202509,2650077000,수영구 광안2동,30대,1666,368,1367,2025
202509,2650077000,수영구 광안2동,40대,1502,285,842,2025
202509,2650077000,수영구 광안2동,50대,1662,330,859,2025
202509,2650077000,수영구 광안2동,60대이상,4036,284,1314,2025
202509,2650078000,수영구 광안3동,20대,1059,163,756,2025
202509,2650078000,수영구 광안3동,20대미만,273,20,281,2025
202509,2650078000,수영구 광안3동,30대,1025,179,694,2025
202509,2650078000,수영구 광안3동,40대,739,204,553,2025
202509,2650078000,수영구 광안3동,50대,828,209,696,2025
202509,2650078000,수영구 광안3동,60대이상,2511,233,1379,2025
202509,2650079000,수영구 광안4동,20대,843,90,603,2025
202509,2650079000,수영구 광안4동,20대미만,629,143,500,2025
202509,2650079000,수영구 광안4동,30대,1015,124,748,2025
202509,2650079000,수영구 광안4동,40대,1173,154,719,2025
202509,2650079000,수영구 광안4동,50대,1425,155,761,2025
202509,2650079000,수영구 광안4동,60대이상,3174,155,1463,2025
202509,2650080000,수영구 민락동,20대,1699,339,2077,2025
202509,2650080000,수영구 민락동,20대미만,1338,19,456,2025
202509,2650080000,수영구 민락동,30대,2575,360,1595,2025
202509,2650080000,수영구 민락동,40대,2815,355,1074,2025
202509,2650080000,수영구 민락동,50대,3180,417,1098,2025
202509,2650080000,수영구 민락동,60대이상,7206,440,1646,2025
202509,2653058000,사상구 삼락동,20대,214,136,774,2025
202509,2653058000,사상구 삼락동,20대미만,186,18,286,2025
202509,2653058000,사상구 삼락동,30대,270,275,734,2025
202509,2653058000,사상구 삼락동,40대,317,398,595,2025
202509,2653058000,사상구 삼락동,50대,656,585,792,2025
202509,2653058000,사상구 삼락동,60대이상,1633,529,1290,2025
202509,2653059100,사상구 모라1동,20대,1600,291,352,2025
202509,2653059100,사상구 모라1동,20대미만,1295,95,184,2025
202509,2653059100,사상구 모라1동,30대,1952,493,481,2025
202509,2653059100,사상구 모라1동,40대,1662,503,467,2025
202509,2653059100,사상구 모라1동,50대,3163,757,770,2025
202509,2653059100,사상구 모라1동,60대이상,8031,787,1376,2025
202509,2653059300,사상구 모라3동,20대,302,53,173,2025
202509,2653059300,사상구 모라3동,20대미만,277,21,129,2025
202509,2653059300,사상구 모라3동,30대,380,46,108,2025
202509,2653059300,사상구 모라3동,40대,633,69,187,2025
202509,2653059300,사상구 모라3동,50대,1177,135,270,2025
202509,2653059300,사상구 모라3동,60대이상,4510,183,643,2025
202509,2653060000,사상구 덕포1동,20대,594,55,241,2025
202509,2653060000,사상구 덕포1동,20대미만,649,112,175,2025
202509,2653060000,사상구 덕포1동,30대,1041,87,222,2025
202509,2653060000,사상구 덕포1동,40대,954,127,229,2025
202509,2653060000,사상구 덕포1동,50대,1128,197,305,2025
202509,2653060000,사상구 덕포1동,60대이상,2555,165,616,2025
202509,2653061000,사상구 덕포2동,20대,775,147,408,2025
202509,2653061000,사상구 덕포2동,20대미만,785,172,260,2025
202509,2653061000,사상구 덕포2동,30대,824,237,361,2025
202509,2653061000,사상구 덕포2동,40대,964,317,384,2025
202509,2653061000,사상구 덕포2동,50대,1452,444,550,2025
202509,2653061000,사상구 덕포2동,60대이상,3661,413,879,2025
202509,2653062000,사상구 괘법동,20대,2893,558,2109,2025
202509,2653062000,사상구 괘법동,20대미만,652,50,764,2025
202509,2653062000,사상구 괘법동,30대,2758,562,1207,2025
202509,2653062000,사상구 괘법동,40대,1862,629,1032,2025
202509,2653062000,사상구 괘법동,50대,2655,811,1437,2025
202509,2653062000,사상구 괘법동,60대이상,5266,724,2434,2025
202509,2653064500,사상구 감전동,20대,605,429,452,2025
202509,2653064500,사상구 감전동,20대미만,300,17,136,2025
202509,2653064500,사상구 감전동,30대,789,774,603,2025
202509,2653064500,사상구 감전동,40대,815,787,663,2025
202509,2653064500,사상구 감전동,50대,1338,960,959,2025
202509,2653064500,사상구 감전동,60대이상,3721,899,1387,2025
202509,2653065000,사상구 주례1동,20대,1057,180,371,2025
202509,2653065000,사상구 주례1동,20대미만,1151,21,137,2025
202509,2653065000,사상구 주례1동,30대,1544,290,392,2025
202509,2653065000,사상구 주례1동,40대,1574,286,392,2025
202509,2653065000,사상구 주례1동,50대,2032,423,577,2025
202509,2653065000,사상구 주례1동,60대이상,4313,429,1260,2025
202509,2653066000,사상구 주례2동,20대,2552,446,1771,2025
202509,2653066000,사상구 주례2동,20대미만,1618,190,899,2025
202509,2653066000,사상구 주례2동,30대,1694,323,545,2025
202509,2653066000,사상구 주례2동,40대,1902,336,524,2025
202509,2653066000,사상구 주례2동,50대,2311,377,764,2025
202509,2653066000,사상구 주례2동,60대이상,5199,350,1475,2025
202509,2653066100,사상구 주례3동,20대,370,49,194,2025
202509,2653066100,사상구 주례3동,20대미만,362,33,118,2025
202509,2653066100,사상구 주례3동,30대,381,86,169,2025
202509,2653066100,사상구 주례3동,40대,512,86,205,2025
202509,2653066100,사상구 주례3동,50대,785,119,235,2025
202509,2653066100,사상구 주례3동,60대이상,1959,102,358,2025
202509,2653067000,사상구 학장동,20대,1497,309,403,2025
202509,2653067000,사상구 학장동,20대미만,1508,151,274,2025
202509,2653067000,사상구 학장동,30대,1703,479,566,2025
202509,2653067000,사상구 학장동,40대,2410,604,749,2025
202509,2653067000,사상구 학장동,50대,3470,836,1024,2025
202509,2653067000,사상구 학장동,60대이상,7749,675,1742,2025
202509,2653068000,사상구 엄궁동,20대,1435,206,251,2025
202509,2653068000,사상구 엄궁동,20대미만,2150,32,126,2025
202509,2653068000,사상구 엄궁동,30대,1800,304,414,2025
202509,2653068000,사상구 엄궁동,40대,2440,437,468,2025
202509,2653068000,사상구 엄궁동,50대,3387,555,731,2025
202509,2653068000,사상구 엄궁동,60대이상,6172,421,1018,2025
202509,2671025000,기장군 기장읍,20대,3356,934,1531,2025
202509,2671025000,기장군 기장읍,20대미만,3866,136,849,2025
202509,2671025000,기장군 기장읍,30대,4188,1127,2436,2025
202509,2671025000,기장군 기장읍,40대,5439,1248,2363,2025
202509,2671025000,기장군 기장읍,50대,7239,1613,2531,2025
202509,2671025000,기장군 기장읍,60대이상,17462,1031,3433,2025
202509,2671025300,기장군 장안읍,20대,472,518,631,2025
202509,2671025300,기장군 장안읍,20대미만,323,207,373,2025
202509,2671025300,기장군 장안읍,30대,690,1116,1077,2025
202509,2671025300,기장군 장안읍,40대,633,1268,1390,2025
202509,2671025300,기장군 장안읍,50대,1045,1072,1494,2025
202509,2671025300,기장군 장안읍,60대이상,3149,602,1815,2025
202509,2671025600,기장군 정관읍,20대,4356,811,746,2025
202509,2671025600,기장군 정관읍,20대미만,14183,70,319,2025
202509,2671025600,기장군 정관읍,30대,6420,1102,950,2025
202509,2671025600,기장군 정관읍,40대,13682,2248,1300,2025
202509,2671025600,기장군 정관읍,50대,9064,1815,1491,2025
202509,2671025600,기장군 정관읍,60대이상,13401,932,1756,2025
202509,2671025900,기장군 일광읍,20대,1696,287,661,2025
202509,2671025900,기장군 일광읍,20대미만,2711,38,299,2025
202509,2671025900,기장군 일광읍,30대,3586,435,852,2025
202509,2671025900,기장군 일광읍,40대,3960,526,1011,2025
202509,2671025900,기장군 일광읍,50대,3072,466,1212,2025
202509,2671025900,기장군 일광읍,60대이상,5617,395,1599,2025
202509,2671033000,기장군 철마면,20대,171,41,88,2025
202509,2671033000,기장군 철마면,20대미만,191,11,46,2025
202509,2671033000,기장군 철마면,30대,249,85,161,2025
202509,2671033000,기장군 철마면,40대,408,126,235,2025
202509,2671033000,기장군 철마면,50대,686,236,446,2025
202509,2671033000,기장군 철마면,60대이상,3104,266,962,2025
202508,2611051000,중구 중앙동,20대,577,745,1079,2025
202508,2611051000,중구 중앙동,20대미만,256,64,397,2025
202508,2611051000,중구 중앙동,30대,522,1128,1148,2025
202508,2611051000,중구 중앙동,40대,606,1012,1111,2025
202508,2611051000,중구 중앙동,50대,731,993,1209,2025
202508,2611051000,중구 중앙동,60대이상,1718,622,1636,2025
202508,2611052000,중구 동광동,20대,110,66,193,2025
202508,2611052000,중구 동광동,20대미만,46,17,75,2025
202508,2611052000,중구 동광동,30대,132,105,181,2025
202508,2611052000,중구 동광동,40대,153,140,184,2025
202508,2611052000,중구 동광동,50대,253,106,243,2025
202508,2611052000,중구 동광동,60대이상,998,87,416,2025
202508,2611053000,중구 대청동,20대,495,161,345,2025
202508,2611053000,중구 대청동,20대미만,225,44,130,2025
202508,2611053000,중구 대청동,30대,363,215,285,2025
202508,2611053000,중구 대청동,40대,472,193,280,2025
202508,2611053000,중구 대청동,50대,645,188,340,2025
202508,2611053000,중구 대청동,60대이상,1975,199,606,2025
202508,2611054500,중구 보수동,20대,795,79,198,2025
202508,2611054500,중구 보수동,20대미만,313,45,102,2025
202508,2611054500,중구 보수동,30대,495,77,157,2025
202508,2611054500,중구 보수동,40대,538,81,176,2025
202508,2611054500,중구 보수동,50대,1061,159,228,2025
202508,2611054500,중구 보수동,60대이상,2475,167,555,2025
202508,2611056000,중구 부평동,20대,325,110,811,2025
202508,2611056000,중구 부평동,20대미만,159,9,224,2025
202508,2611056000,중구 부평동,30대,233,179,749,2025
202508,2611056000,중구 부평동,40대,305,191,708,2025
202508,2611056000,중구 부평동,50대,476,250,942,2025
202508,2611056000,중구 부평동,60대이상,1493,301,1792,2025
202508,2611057000,중구 광복동,20대,52,88,264,2025
202508,2611057000,중구 광복동,20대미만,28,35,134,2025
202508,2611057000,중구 광복동,30대,33,72,196,2025
202508,2611057000,중구 광복동,40대,61,82,205,2025
202508,2611057000,중구 광복동,50대,85,139,237,2025
202508,2611057000,중구 광복동,60대이상,296,254,414,2025
202508,2611058000,중구 남포동,20대,92,227,967,2025
202508,2611058000,중구 남포동,20대미만,42,17,433,2025
202508,2611058000,중구 남포동,30대,159,292,832,2025
202508,2611058000,중구 남포동,40대,190,297,907,2025
202508,2611058000,중구 남포동,50대,349,422,1251,2025
202508,2611058000,중구 남포동,60대이상,881,779,2902,2025
202508,2611059000,중구 영주1동,20대,28,18,99,2025
202508,2611059000,중구 영주1동,20대미만,14,1,32,2025
202508,2611059000,중구 영주1동,30대,29,19,81,2025
202508,2611059000,중구 영주1동,40대,41,12,87,2025
202508,2611059000,중구 영주1동,50대,28,19,91,2025
202508,2611059000,중구 영주1동,60대이상,121,16,136,2025
202508,2611060000,중구 영주2동,20대,330,29,139,2025
202508,2611060000,중구 영주2동,20대미만,244,3,65,2025
202508,2611060000,중구 영주2동,30대,322,39,135,2025
202508,2611060000,중구 영주2동,40대,486,52,132,2025
202508,2611060000,중구 영주2동,50대,799,92,220,2025
202508,2611060000,중구 영주2동,60대이상,2595,93,492,2025
202508,2614051000,서구 동대신1동,20대,309,27,186,2025
202508,2614051000,서구 동대신1동,20대미만,255,8,134,2025
202508,2614051000,서구 동대신1동,30대,330,41,143,2025
202508,2614051000,서구 동대신1동,40대,433,43,158,2025
202508,2614051000,서구 동대신1동,50대,540,51,212,2025
202508,2614051000,서구 동대신1동,60대이상,1477,82,423,2025
202508,2614052000,서구 동대신2동,20대,164,17,41,2025
202508,2614052000,서구 동대신2동,20대미만,108,10,55,2025
202508,2614052000,서구 동대신2동,30대,116,11,60,2025
202508,2614052000,서구 동대신2동,40대,274,13,69,2025
202508,2614052000,서구 동대신2동,50대,341,28,102,2025
202508,2614052000,서구 동대신2동,60대이상,1302,38,218,2025
202508,2614053000,서구 동대신3동,20대,632,238,582,2025
202508,2614053000,서구 동대신3동,20대미만,451,134,368,2025
202508,2614053000,서구 동대신3동,30대,433,237,445,2025
202508,2614053000,서구 동대신3동,40대,544,227,532,2025
202508,2614053000,서구 동대신3동,50대,727,253,693,2025
202508,2614053000,서구 동대신3동,60대이상,2056,212,1582,2025
202508,2614054000,서구 서대신1동,20대,991,131,352,2025
202508,2614054000,서구 서대신1동,20대미만,1232,24,217,2025
202508,2614054000,서구 서대신1동,30대,1178,175,287,2025
202508,2614054000,서구 서대신1동,40대,1607,209,338,2025
202508,2614054000,서구 서대신1동,50대,1546,235,459,2025
202508,2614054000,서구 서대신1동,60대이상,3673,196,855,2025
202508,2614056000,서구 서대신3동,20대,225,36,117,2025
202508,2614056000,서구 서대신3동,20대미만,374,44,117,2025
202508,2614056000,서구 서대신3동,30대,232,53,129,2025
202508,2614056000,서구 서대신3동,40대,385,74,163,2025
202508,2614056000,서구 서대신3동,50대,450,61,200,2025
202508,2614056000,서구 서대신3동,60대이상,1011,62,405,2025
202508,2614057000,서구 서대신4동,20대,408,42,252,2025
202508,2614057000,서구 서대신4동,20대미만,527,22,115,2025
202508,2614057000,서구 서대신4동,30대,376,51,149,2025
202508,2614057000,서구 서대신4동,40대,684,73,201,2025
202508,2614057000,서구 서대신4동,50대,798,74,285,2025
202508,2614057000,서구 서대신4동,60대이상,1923,96,573,2025
202508,2614059000,서구 부민동,20대,473,85,216,2025
202508,2614059000,서구 부민동,20대미만,314,15,95,2025
202508,2614059000,서구 부민동,30대,304,53,130,2025
202508,2614059000,서구 부민동,40대,434,66,124,2025
202508,2614059000,서구 부민동,50대,503,65,191,2025
202508,2614059000,서구 부민동,60대이상,1261,53,313,2025
202508,2614061500,서구 아미동,20대,414,52,281,2025
202508,2614061500,서구 아미동,20대미만,169,3,70,2025
202508,2614061500,서구 아미동,30대,466,100,277,2025
202508,2614061500,서구 아미동,40대,358,93,242,2025
202508,2614061500,서구 아미동,50대,623,111,310,2025
202508,2614061500,서구 아미동,60대이상,2610,104,685,2025
202508,2614063000,서구 초장동,20대,166,18,70,2025
202508,2614063000,서구 초장동,20대미만,113,17,49,2025
202508,2614063000,서구 초장동,30대,165,8,53,2025
202508,2614063000,서구 초장동,40대,242,21,99,2025
202508,2614063000,서구 초장동,50대,408,36,144,2025
202508,2614063000,서구 초장동,60대이상,1672,51,319,2025
202508,2614064000,서구 충무동,20대,591,79,157,2025
202508,2614064000,서구 충무동,20대미만,261,35,92,2025
202508,2614064000,서구 충무동,30대,398,111,129,2025
202508,2614064000,서구 충무동,40대,504,130,189,2025
202508,2614064000,서구 충무동,50대,739,171,285,2025
202508,2614064000,서구 충무동,60대이상,1978,160,579,2025
202508,2614065000,서구 남부민1동,20대,129,16,59,2025
202508,2614065000,서구 남부민1동,20대미만,67,1,22,2025
202508,2614065000,서구 남부민1동,30대,72,18,44,2025
202508,2614065000,서구 남부민1동,40대,136,31,82,2025
202508,2614065000,서구 남부민1동,50대,435,47,131,2025
202508,2614065000,서구 남부민1동,60대이상,1146,58,275,2025
202508,2614066000,서구 남부민2동,20대,334,55,267,2025
202508,2614066000,서구 남부민2동,20대미만,325,37,207,2025
202508,2614066000,서구 남부민2동,30대,384,62,327,2025
202508,2614066000,서구 남부민2동,40대,536,68,368,2025
202508,2614066000,서구 남부민2동,50대,909,108,383,2025
202508,2614066000,서구 남부민2동,60대이상,3078,126,816,2025
202508,2614068000,서구 암남동,20대,1201,329,953,2025
202508,2614068000,서구 암남동,20대미만,810,26,404,2025
202508,2614068000,서구 암남동,30대,1273,441,807,2025
202508,2614068000,서구 암남동,40대,1591,507,1021,2025
202508,2614068000,서구 암남동,50대,2038,595,1242,2025
202508,2614068000,서구 암남동,60대이상,5145,403,2065,2025
202508,2617051000,동구 초량1동,20대,143,129,506,2025
202508,2617051000,동구 초량1동,20대미만,107,10,157,2025
202508,2617051000,동구 초량1동,30대,148,204,427,2025
202508,2617051000,동구 초량1동,40대,206,171,392,2025
202508,2617051000,동구 초량1동,50대,302,156,411,2025
202508,2617051000,동구 초량1동,60대이상,955,120,586,2025
202508,2617052000,동구 초량2동,20대,259,116,753,2025
202508,2617052000,동구 초량2동,20대미만,185,114,275,2025
202508,2617052000,동구 초량2동,30대,224,153,572,2025
202508,2617052000,동구 초량2동,40대,344,134,506,2025
202508,2617052000,동구 초량2동,50대,568,169,617,2025
202508,2617052000,동구 초량2동,60대이상,1957,198,949,2025
202508,2617053000,동구 초량3동,20대,996,420,1845,2025
202508,2617053000,동구 초량3동,20대미만,635,93,631,2025
202508,2617053000,동구 초량3동,30대,1489,588,1668,2025
202508,2617053000,동구 초량3동,40대,1369,530,1564,2025
202508,2617053000,동구 초량3동,50대,1126,549,1816,2025
202508,2617053000,동구 초량3동,60대이상,2119,406,2177,2025
202508,2617055000,동구 초량6동,20대,74,28,156,2025
202508,2617055000,동구 초량6동,20대미만,47,20,121,2025
202508,2617055000,동구 초량6동,30대,72,24,154,2025
202508,2617055000,동구 초량6동,40대,81,31,159,2025
202508,2617055000,동구 초량6동,50대,155,35,154,2025
202508,2617055000,동구 초량6동,60대이상,404,19,211,2025
202508,2617056000,동구 수정1동,20대,258,60,200,2025
202508,2617056000,동구 수정1동,20대미만,247,20,107,2025
202508,2617056000,동구 수정1동,30대,241,89,211,2025
202508,2617056000,동구 수정1동,40대,351,64,192,2025
202508,2617056000,동구 수정1동,50대,476,84,221,2025
202508,2617056000,동구 수정1동,60대이상,1336,67,443,2025
202508,2617057000,동구 수정2동,20대,463,76,135,2025
202508,2617057000,동구 수정2동,20대미만,394,57,120,2025
202508,2617057000,동구 수정2동,30대,651,120,180,2025
202508,2617057000,동구 수정2동,40대,621,133,175,2025
202508,2617057000,동구 수정2동,50대,883,173,288,2025
202508,2617057000,동구 수정2동,60대이상,2669,149,540,2025
202508,2617059000,동구 수정4동,20대,108,14,33,2025
202508,2617059000,동구 수정4동,20대미만,68,0,29,2025
202508,2617059000,동구 수정4동,30대,107,12,30,2025
202508,2617059000,동구 수정4동,40대,164,15,39,2025
202508,2617059000,동구 수정4동,50대,393,27,80,2025
202508,2617059000,동구 수정4동,60대이상,1353,27,172,2025
202508,2617060000,동구 수정5동,20대,240,18,42,2025
202508,2617060000,동구 수정5동,20대미만,228,11,35,2025
202508,2617060000,동구 수정5동,30대,203,28,53,2025
202508,2617060000,동구 수정5동,40대,356,36,56,2025
202508,2617060000,동구 수정5동,50대,582,54,98,2025
202508,2617060000,동구 수정5동,60대이상,2086,48,190,2025
202508,2617064500,동구 좌천동,20대,238,23,171,2025
202508,2617064500,동구 좌천동,20대미만,104,32,152,2025
202508,2617064500,동구 좌천동,30대,210,44,243,2025
202508,2617064500,동구 좌천동,40대,236,53,227,2025
202508,2617064500,동구 좌천동,50대,407,75,328,2025
202508,2617064500,동구 좌천동,60대이상,1327,70,767,2025
202508,2617065000,동구 범일1동,20대,533,58,222,2025
202508,2617065000,동구 범일1동,20대미만,338,39,85,2025
202508,2617065000,동구 범일1동,30대,612,85,244,2025
202508,2617065000,동구 범일1동,40대,706,113,212,2025
202508,2617065000,동구 범일1동,50대,1078,139,272,2025
202508,2617065000,동구 범일1동,60대이상,3991,169,603,2025
202508,2617066000,동구 범일2동,20대,503,386,611,2025
202508,2617066000,동구 범일2동,20대미만,328,16,170,2025
202508,2617066000,동구 범일2동,30대,618,653,788,2025
202508,2617066000,동구 범일2동,40대,601,801,759,2025
202508,2617066000,동구 범일2동,50대,798,902,1055,2025
202508,2617066000,동구 범일2동,60대이상,1803,810,1947,2025
202508,2617068000,동구 범일5동,20대,493,77,416,2025
202508,2617068000,동구 범일5동,20대미만,472,48,195,2025
202508,2617068000,동구 범일5동,30대,1275,170,472,2025
202508,2617068000,동구 범일5동,40대,989,188,513,2025
202508,2617068000,동구 범일5동,50대,829,215,638,2025
202508,2617068000,동구 범일5동,60대이상,1587,312,1231,2025
202508,2620053000,영도구 남항동,20대,553,168,520,2025
202508,2620053000,영도구 남항동,20대미만,442,15,256,2025
202508,2620053000,영도구 남항동,30대,579,227,568,2025
202508,2620053000,영도구 남항동,40대,775,301,666,2025
202508,2620053000,영도구 남항동,50대,1226,411,947,2025
202508,2620053000,영도구 남항동,60대이상,4037,502,1894,2025
202508,2620054000,영도구 영선1동,20대,44,11,20,2025
202508,2620054000,영도구 영선1동,20대미만,38,4,18,2025
202508,2620054000,영도구 영선1동,30대,19,11,29,2025
202508,2620054000,영도구 영선1동,40대,61,20,37,2025
202508,2620054000,영도구 영선1동,50대,111,31,77,2025
202508,2620054000,영도구 영선1동,60대이상,332,52,163,2025
202508,2620055000,영도구 영선2동,20대,347,46,178,2025
202508,2620055000,영도구 영선2동,20대미만,393,57,113,2025
202508,2620055000,영도구 영선2동,30대,411,46,137,2025
202508,2620055000,영도구 영선2동,40대,467,59,167,2025
202508,2620055000,영도구 영선2동,50대,847,100,229,2025
202508,2620055000,영도구 영선2동,60대이상,2885,110,504,2025
202508,2620058500,영도구 신선동,20대,251,25,66,2025
202508,2620058500,영도구 신선동,20대미만,192,53,95,2025
202508,2620058500,영도구 신선동,30대,280,28,76,2025
202508,2620058500,영도구 신선동,40대,452,52,99,2025
202508,2620058500,영도구 신선동,50대,747,79,147,2025
202508,2620058500,영도구 신선동,60대이상,3081,73,324,2025
202508,2620059000,영도구 봉래1동,20대,287,45,191,2025
202508,2620059000,영도구 봉래1동,20대미만,324,5,124,2025
202508,2620059000,영도구 봉래1동,30대,392,59,236,2025
202508,2620059000,영도구 봉래1동,40대,448,76,271,2025
202508,2620059000,영도구 봉래1동,50대,568,133,319,2025
202508,2620059000,영도구 봉래1동,60대이상,1961,195,578,2025
202508,2620060500,영도구 봉래2동,20대,324,41,126,2025
202508,2620060500,영도구 봉래2동,20대미만,253,25,94,2025
202508,2620060500,영도구 봉래2동,30대,416,61,146,2025
202508,2620060500,영도구 봉래2동,40대,512,107,175,2025
202508,2620060500,영도구 봉래2동,50대,799,121,221,2025
202508,2620060500,영도구 봉래2동,60대이상,2385,126,463,2025
202508,2620063000,영도구 청학1동,20대,191,32,97,2025
202508,2620063000,영도구 청학1동,20대미만,223,7,58,2025
202508,2620063000,영도구 청학1동,30대,236,48,111,2025
202508,2620063000,영도구 청학1동,40대,393,136,200,2025
202508,2620063000,영도구 청학1동,50대,584,170,239,2025
202508,2620063000,영도구 청학1동,60대이상,1876,118,420,2025
202508,2620064000,영도구 청학2동,20대,680,92,267,2025
202508,2620064000,영도구 청학2동,20대미만,795,23,164,2025
202508,2620064000,영도구 청학2동,30대,858,194,292,2025
202508,2620064000,영도구 청학2동,40대,1248,254,370,2025
202508,2620064000,영도구 청학2동,50대,1833,348,458,2025
202508,2620064000,영도구 청학2동,60대이상,5174,281,796,2025
202508,2620065000,영도구 동삼1동,20대,1714,290,525,2025
202508,2620065000,영도구 동삼1동,20대미만,1934,127,386,2025
202508,2620065000,영도구 동삼1동,30대,1696,319,506,2025
202508,2620065000,영도구 동삼1동,40대,2328,417,584,2025
202508,2620065000,영도구 동삼1동,50대,3307,529,719,2025
202508,2620065000,영도구 동삼1동,60대이상,9348,364,1122,2025
202508,2620066000,영도구 동삼2동,20대,445,161,618,2025
202508,2620066000,영도구 동삼2동,20대미만,259,14,488,2025
202508,2620066000,영도구 동삼2동,30대,278,104,453,2025
202508,2620066000,영도구 동삼2동,40대,496,133,592,2025
202508,2620066000,영도구 동삼2동,50대,537,156,625,2025
202508,2620066000,영도구 동삼2동,60대이상,1349,96,912,2025
202508,2620067000,영도구 동삼3동,20대,306,53,192,2025
202508,2620067000,영도구 동삼3동,20대미만,356,49,149,2025
202508,2620067000,영도구 동삼3동,30대,396,67,226,2025
202508,2620067000,영도구 동삼3동,40대,580,98,266,2025
202508,2620067000,영도구 동삼3동,50대,954,129,352,2025
202508,2620067000,영도구 동삼3동,60대이상,3646,121,651,2025
202508,2623051000,부산진구 부전1동,20대,2097,670,1923,2025
202508,2623051000,부산진구 부전1동,20대미만,425,45,459,2025
202508,2623051000,부산진구 부전1동,30대,1786,806,1453,2025
202508,2623051000,부산진구 부전1동,40대,1030,702,1135,2025
202508,2623051000,부산진구 부전1동,50대,1245,813,1644,2025
202508,2623051000,부산진구 부전1동,60대이상,2744,1204,4274,2025
202508,2623052000,부산진구 부전2동,20대,1776,1717,6796,2025
202508,2623052000,부산진구 부전2동,20대미만,346,147,1909,2025
202508,2623052000,부산진구 부전2동,30대,1769,1268,3686,2025
202508,2623052000,부산진구 부전2동,40대,1182,862,2319,2025
202508,2623052000,부산진구 부전2동,50대,1123,852,1996,2025
202508,2623052000,부산진구 부전2동,60대이상,1807,630,2640,2025
202508,2623054000,부산진구 연지동,20대,618,75,199,2025
202508,2623054000,부산진구 연지동,20대미만,688,27,174,2025
202508,2623054000,부산진구 연지동,30대,884,93,252,2025
202508,2623054000,부산진구 연지동,40대,1212,144,233,2025
202508,2623054000,부산진구 연지동,50대,1408,164,273,2025
202508,2623054000,부산진구 연지동,60대이상,3881,135,590,2025
202508,2623055000,부산진구 초읍동,20대,1187,169,404,2025
202508,2623055000,부산진구 초읍동,20대미만,1728,97,283,2025
202508,2623055000,부산진구 초읍동,30대,1631,211,544,2025
202508,2623055000,부산진구 초읍동,40대,2083,294,605,2025
202508,2623055000,부산진구 초읍동,50대,2611,415,751,2025
202508,2623055000,부산진구 초읍동,60대이상,7579,341,1440,2025
202508,2623056000,부산진구 양정1동,20대,1549,365,747,2025
202508,2623056000,부산진구 양정1동,20대미만,1224,246,384,2025
202508,2623056000,부산진구 양정1동,30대,1673,380,740,2025
202508,2623056000,부산진구 양정1동,40대,1622,378,634,2025
202508,2623056000,부산진구 양정1동,50대,2373,468,716,2025
202508,2623056000,부산진구 양정1동,60대이상,5480,428,1237,2025
202508,2623057000,부산진구 양정2동,20대,2072,213,631,2025
202508,2623057000,부산진구 양정2동,20대미만,855,143,265,2025
202508,2623057000,부산진구 양정2동,30대,2578,334,595,2025
202508,2623057000,부산진구 양정2동,40대,1646,286,466,2025
202508,2623057000,부산진구 양정2동,50대,1481,311,643,2025
202508,2623057000,부산진구 양정2동,60대이상,2671,271,1138,2025
202508,2623060000,부산진구 전포1동,20대,2662,774,2633,2025
202508,2623060000,부산진구 전포1동,20대미만,691,235,783,2025
202508,2623060000,부산진구 전포1동,30대,2657,648,1353,2025
202508,2623060000,부산진구 전포1동,40대,1512,362,690,2025
202508,2623060000,부산진구 전포1동,50대,1675,397,597,2025
202508,2623060000,부산진구 전포1동,60대이상,2753,320,759,2025
202508,2623061000,부산진구 전포2동,20대,2063,409,1852,2025
202508,2623061000,부산진구 전포2동,20대미만,997,51,589,2025
202508,2623061000,부산진구 전포2동,30대,2459,440,1249,2025
202508,2623061000,부산진구 전포2동,40대,2101,336,679,2025
202508,2623061000,부산진구 전포2동,50대,2240,394,645,2025
202508,2623061000,부산진구 전포2동,60대이상,5525,375,1171,2025
202508,2623064000,부산진구 부암1동,20대,1462,181,481,2025
202508,2623064000,부산진구 부암1동,20대미만,1307,40,210,2025
202508,2623064000,부산진구 부암1동,30대,2179,270,546,2025
202508,2623064000,부산진구 부암1동,40대,2083,296,487,2025
202508,2623064000,부산진구 부암1동,50대,2309,333,646,2025
202508,2623064000,부산진구 부암1동,60대이상,5260,275,1041,2025
202508,2623066000,부산진구 부암3동,20대,1395,119,404,2025
202508,2623066000,부산진구 부암3동,20대미만,1861,95,373,2025
202508,2623066000,부산진구 부암3동,30대,2203,155,473,2025
202508,2623066000,부산진구 부암3동,40대,2366,226,504,2025
202508,2623066000,부산진구 부암3동,50대,2883,311,669,2025
202508,2623066000,부산진구 부암3동,60대이상,5470,311,1420,2025
202508,2623067000,부산진구 당감1동,20대,1280,157,363,2025
202508,2623067000,부산진구 당감1동,20대미만,1148,110,485,2025
202508,2623067000,부산진구 당감1동,30대,1316,149,376,2025
202508,2623067000,부산진구 당감1동,40대,1666,215,428,2025
202508,2623067000,부산진구 당감1동,50대,2706,342,616,2025
202508,2623067000,부산진구 당감1동,60대이상,6354,330,1050,2025
202508,2623068000,부산진구 당감2동,20대,572,54,214,2025
202508,2623068000,부산진구 당감2동,20대미만,349,12,113,2025
202508,2623068000,부산진구 당감2동,30대,565,73,263,2025
202508,2623068000,부산진구 당감2동,40대,710,66,260,2025
202508,2623068000,부산진구 당감2동,50대,675,95,328,2025
202508,2623068000,부산진구 당감2동,60대이상,1710,88,513,2025
202508,2623070000,부산진구 당감4동,20대,512,55,180,2025
202508,2623070000,부산진구 당감4동,20대미만,645,18,171,2025
202508,2623070000,부산진구 당감4동,30대,559,57,239,2025
202508,2623070000,부산진구 당감4동,40대,784,67,268,2025
202508,2623070000,부산진구 당감4동,50대,1164,148,367,2025
202508,2623070000,부산진구 당감4동,60대이상,2624,131,595,2025
202508,2623071000,부산진구 가야1동,20대,1559,285,760,2025
202508,2623071000,부산진구 가야1동,20대미만,1089,110,397,2025
202508,2623071000,부산진구 가야1동,30대,1105,192,520,2025
202508,2623071000,부산진구 가야1동,40대,1382,254,613,2025
202508,2623071000,부산진구 가야1동,50대,1819,347,715,2025
202508,2623071000,부산진구 가야1동,60대이상,5060,292,1236,2025
202508,2623072000,부산진구 가야2동,20대,758,63,288,2025
202508,2623072000,부산진구 가야2동,20대미만,546,57,231,2025
202508,2623072000,부산진구 가야2동,30대,616,71,346,2025
202508,2623072000,부산진구 가야2동,40대,849,113,363,2025
202508,2623072000,부산진구 가야2동,50대,1095,137,488,2025
202508,2623072000,부산진구 가야2동,60대이상,3231,172,962,2025
202508,2623074000,부산진구 개금1동,20대,2110,170,690,2025
202508,2623074000,부산진구 개금1동,20대미만,777,22,323,2025
202508,2623074000,부산진구 개금1동,30대,1882,190,488,2025
202508,2623074000,부산진구 개금1동,40대,1365,196,436,2025
202508,2623074000,부산진구 개금1동,50대,1708,285,617,2025
202508,2623074000,부산진구 개금1동,60대이상,3808,264,1105,2025
202508,2623075000,부산진구 개금2동,20대,688,154,559,2025
202508,2623075000,부산진구 개금2동,20대미만,574,29,187,2025
202508,2623075000,부산진구 개금2동,30대,535,203,417,2025
202508,2623075000,부산진구 개금2동,40대,708,155,367,2025
202508,2623075000,부산진구 개금2동,50대,1017,182,514,2025
202508,2623075000,부산진구 개금2동,60대이상,2713,124,1081,2025
202508,2623076000,부산진구 개금3동,20대,1671,145,311,2025
202508,2623076000,부산진구 개금3동,20대미만,1596,67,278,2025
202508,2623076000,부산진구 개금3동,30대,1819,162,418,2025
202508,2623076000,부산진구 개금3동,40대,2133,189,364,2025
202508,2623076000,부산진구 개금3동,50대,3161,330,495,2025
202508,2623076000,부산진구 개금3동,60대이상,7810,329,906,2025
202508,2623077000,부산진구 범천1동,20대,1475,387,1130,2025
202508,2623077000,부산진구 범천1동,20대미만,393,20,349,2025
202508,2623077000,부산진구 범천1동,30대,1721,549,1152,2025
202508,2623077000,부산진구 범천1동,40대,1035,567,980,2025
202508,2623077000,부산진구 범천1동,50대,1164,659,1171,2025
202508,2623077000,부산진구 범천1동,60대이상,2686,636,2128,2025
202508,2623078000,부산진구 범천2동,20대,1247,142,420,2025
202508,2623078000,부산진구 범천2동,20대미만,834,12,145,2025
202508,2623078000,부산진구 범천2동,30대,2383,241,487,2025
202508,2623078000,부산진구 범천2동,40대,1945,252,405,2025
202508,2623078000,부산진구 범천2동,50대,1970,277,430,2025
202508,2623078000,부산진구 범천2동,60대이상,5524,299,944,2025
202508,2626051000,동래구 수민동,20대,1547,191,553,2025
202508,2626051000,동래구 수민동,20대미만,1298,47,465,2025
202508,2626051000,동래구 수민동,30대,2071,285,645,2025
202508,2626051000,동래구 수민동,40대,1863,313,790,2025
202508,2626051000,동래구 수민동,50대,2469,414,1123,2025
202508,2626051000,동래구 수민동,60대이상,7662,468,2503,2025
202508,2626052000,동래구 복산동,20대,430,54,126,2025
202508,2626052000,동래구 복산동,20대미만,348,15,143,2025
202508,2626052000,동래구 복산동,30대,432,85,121,2025
202508,2626052000,동래구 복산동,40대,562,96,181,2025
202508,2626052000,동래구 복산동,50대,907,135,236,2025
202508,2626052000,동래구 복산동,60대이상,2882,129,426,2025
202508,2626054500,동래구 명륜동,20대,1461,466,1439,2025
202508,2626054500,동래구 명륜동,20대미만,2373,261,809,2025
202508,2626054500,동래구 명륜동,30대,1869,545,1299,2025
202508,2626054500,동래구 명륜동,40대,3316,620,1345,2025
202508,2626054500,동래구 명륜동,50대,3032,756,1529,2025
202508,2626054500,동래구 명륜동,60대이상,4551,598,2680,2025
202508,2626055000,동래구 온천1동,20대,2743,393,1170,2025
202508,2626055000,동래구 온천1동,20대미만,2318,100,674,2025
202508,2626055000,동래구 온천1동,30대,4005,477,1302,2025
202508,2626055000,동래구 온천1동,40대,3691,501,1362,2025
202508,2626055000,동래구 온천1동,50대,3520,595,1427,2025
202508,2626055000,동래구 온천1동,60대이상,6250,547,2304,2025
202508,2626056000,동래구 온천2동,20대,831,179,476,2025
202508,2626056000,동래구 온천2동,20대미만,1394,116,293,2025
202508,2626056000,동래구 온천2동,30대,1217,269,460,2025
202508,2626056000,동래구 온천2동,40대,1725,335,532,2025
202508,2626056000,동래구 온천2동,50대,1524,326,705,2025
202508,2626056000,동래구 온천2동,60대이상,3763,301,1185,2025
202508,2626057000,동래구 온천3동,20대,2734,216,1271,2025
202508,2626057000,동래구 온천3동,20대미만,2136,131,1755,2025
202508,2626057000,동래구 온천3동,30대,2945,307,1820,2025
202508,2626057000,동래구 온천3동,40대,3078,409,2233,2025
202508,2626057000,동래구 온천3동,50대,3916,525,1947,2025
202508,2626057000,동래구 온천3동,60대이상,8837,477,3424,2025
202508,2626058000,동래구 사직1동,20대,589,200,657,2025
202508,2626058000,동래구 사직1동,20대미만,927,132,781,2025
202508,2626058000,동래구 사직1동,30대,813,202,715,2025
202508,2626058000,동래구 사직1동,40대,1042,233,884,2025
202508,2626058000,동래구 사직1동,50대,1046,225,921,2025
202508,2626058000,동래구 사직1동,60대이상,2378,254,1489,2025
202508,2626059000,동래구 사직2동,20대,1456,174,1184,2025
202508,2626059000,동래구 사직2동,20대미만,2941,333,1142,2025
202508,2626059000,동래구 사직2동,30대,1440,170,880,2025
202508,2626059000,동래구 사직2동,40대,2669,282,1192,2025
202508,2626059000,동래구 사직2동,50대,2981,291,974,2025
202508,2626059000,동래구 사직2동,60대이상,4242,212,1213,2025
202508,2626060000,동래구 사직3동,20대,873,128,362,2025
202508,2626060000,동래구 사직3동,20대미만,1564,74,478,2025
202508,2626060000,동래구 사직3동,30대,1077,202,340,2025
202508,2626060000,동래구 사직3동,40대,2043,248,521,2025
202508,2626060000,동래구 사직3동,50대,1726,233,532,2025
202508,2626060000,동래구 사직3동,60대이상,3881,201,841,2025
202508,2626074000,동래구 안락1동,20대,697,180,319,2025
202508,2626074000,동래구 안락1동,20대미만,608,30,245,2025
202508,2626074000,동래구 안락1동,30대,798,199,404,2025
202508,2626074000,동래구 안락1동,40대,984,203,559,2025
202508,2626074000,동래구 안락1동,50대,1264,284,711,2025
202508,2626074000,동래구 안락1동,60대이상,4034,303,1462,2025
202508,2626075000,동래구 안락2동,20대,1557,232,431,2025
202508,2626075000,동래구 안락2동,20대미만,1974,106,379,2025
202508,2626075000,동래구 안락2동,30대,1845,282,564,2025
202508,2626075000,동래구 안락2동,40대,2498,376,592,2025
202508,2626075000,동래구 안락2동,50대,3174,476,712,2025
202508,2626075000,동래구 안락2동,60대이상,6718,374,1222,2025
202508,2626076100,동래구 명장1동,20대,662,73,234,2025
202508,2626076100,동래구 명장1동,20대미만,969,168,231,2025
202508,2626076100,동래구 명장1동,30대,996,114,240,2025
202508,2626076100,동래구 명장1동,40대,1305,162,322,2025
202508,2626076100,동래구 명장1동,50대,1469,232,411,2025
202508,2626076100,동래구 명장1동,60대이상,4256,342,855,2025
202508,2626076200,동래구 명장2동,20대,438,24,88,2025
202508,2626076200,동래구 명장2동,20대미만,510,154,164,2025
202508,2626076200,동래구 명장2동,30대,536,39,141,2025
202508,2626076200,동래구 명장2동,40대,700,69,182,2025
202508,2626076200,동래구 명장2동,50대,928,105,180,2025
202508,2626076200,동래구 명장2동,60대이상,2338,126,375,2025
202508,2629051000,남구 대연1동,20대,2516,192,1083,2025
202508,2629051000,남구 대연1동,20대미만,791,56,588,2025
202508,2629051000,남구 대연1동,30대,1116,187,775,2025
202508,2629051000,남구 대연1동,40대,1122,183,845,2025
202508,2629051000,남구 대연1동,50대,1547,289,962,2025
202508,2629051000,남구 대연1동,60대이상,4172,249,1641,2025
202508,2629053000,남구 대연3동,20대,4955,1537,2736,2025
202508,2629053000,남구 대연3동,20대미만,3426,315,1259,2025
202508,2629053000,남구 대연3동,30대,2967,805,1424,2025
202508,2629053000,남구 대연3동,40대,4002,880,1374,2025
202508,2629053000,남구 대연3동,50대,3751,790,1497,2025
202508,2629053000,남구 대연3동,60대이상,6305,550,1840,2025
202508,2629054000,남구 대연4동,20대,700,80,261,2025
202508,2629054000,남구 대연4동,20대미만,986,35,227,2025
202508,2629054000,남구 대연4동,30대,1333,133,293,2025
202508,2629054000,남구 대연4동,40대,1382,161,362,2025
202508,2629054000,남구 대연4동,50대,1345,188,400,2025
202508,2629054000,남구 대연4동,60대이상,3482,198,810,2025
202508,2629055000,남구 대연5동,20대,1616,190,493,2025
202508,2629055000,남구 대연5동,20대미만,852,77,251,2025
202508,2629055000,남구 대연5동,30대,1041,178,363,2025
202508,2629055000,남구 대연5동,40대,1363,212,362,2025
202508,2629055000,남구 대연5동,50대,1687,255,419,2025
202508,2629055000,남구 대연5동,60대이상,3900,211,743,2025
202508,2629056000,남구 대연6동,20대,853,112,222,2025
202508,2629056000,남구 대연6동,20대미만,1496,100,235,2025
202508,2629056000,남구 대연6동,30대,1211,200,277,2025
202508,2629056000,남구 대연6동,40대,1786,230,315,2025
202508,2629056000,남구 대연6동,50대,1575,228,395,2025
202508,2629056000,남구 대연6동,60대이상,2839,143,601,2025
202508,2629057000,남구 용호1동,20대,2385,265,556,2025
202508,2629057000,남구 용호1동,20대미만,3698,148,455,2025
202508,2629057000,남구 용호1동,30대,2414,280,622,2025
202508,2629057000,남구 용호1동,40대,4105,475,720,2025
202508,2629057000,남구 용호1동,50대,5697,600,886,2025
202508,2629057000,남구 용호1동,60대이상,10722,434,1635,2025
202508,2629058000,남구 용호2동,20대,944,120,380,2025
202508,2629058000,남구 용호2동,20대미만,1575,30,211,2025
202508,2629058000,남구 용호2동,30대,1390,122,369,2025
202508,2629058000,남구 용호2동,40대,2193,224,432,2025
202508,2629058000,남구 용호2동,50대,1974,215,530,2025
202508,2629058000,남구 용호2동,60대이상,4859,214,975,2025
202508,2629059000,남구 용호3동,20대,651,87,281,2025
202508,2629059000,남구 용호3동,20대미만,606,150,265,2025
202508,2629059000,남구 용호3동,30대,605,96,270,2025
202508,2629059000,남구 용호3동,40대,796,148,350,2025
202508,2629059000,남구 용호3동,50대,1240,217,457,2025
202508,2629059000,남구 용호3동,60대이상,3959,234,793,2025
202508,2629060000,남구 용호4동,20대,400,88,281,2025
202508,2629060000,남구 용호4동,20대미만,416,22,145,2025
202508,2629060000,남구 용호4동,30대,435,69,228,2025
202508,2629060000,남구 용호4동,40대,594,106,258,2025
202508,2629060000,남구 용호4동,50대,738,139,326,2025
202508,2629060000,남구 용호4동,60대이상,2102,181,639,2025
202508,2629061000,남구 용당동,20대,487,174,307,2025
202508,2629061000,남구 용당동,20대미만,484,49,193,2025
202508,2629061000,남구 용당동,30대,435,163,265,2025
202508,2629061000,남구 용당동,40대,640,240,411,2025
202508,2629061000,남구 용당동,50대,1010,244,540,2025
202508,2629061000,남구 용당동,60대이상,2185,212,631,2025
202508,2629062000,남구 감만1동,20대,444,137,205,2025
202508,2629062000,남구 감만1동,20대미만,291,23,78,2025
202508,2629062000,남구 감만1동,30대,419,191,336,2025
202508,2629062000,남구 감만1동,40대,559,175,434,2025
202508,2629062000,남구 감만1동,50대,767,240,636,2025
202508,2629062000,남구 감만1동,60대이상,2216,208,664,2025
202508,2629063000,남구 감만2동,20대,181,13,75,2025
202508,2629063000,남구 감만2동,20대미만,204,18,91,2025
202508,2629063000,남구 감만2동,30대,218,25,87,2025
202508,2629063000,남구 감만2동,40대,338,37,123,2025
202508,2629063000,남구 감만2동,50대,655,67,158,2025
202508,2629063000,남구 감만2동,60대이상,1735,79,367,2025
202508,2629064500,남구 우암동,20대,593,106,254,2025
202508,2629064500,남구 우암동,20대미만,775,51,171,2025
202508,2629064500,남구 우암동,30대,618,117,413,2025
202508,2629064500,남구 우암동,40대,959,194,433,2025
202508,2629064500,남구 우암동,50대,1336,275,712,2025
202508,2629064500,남구 우암동,60대이상,4699,221,1247,2025
202508,2629068000,남구 문현1동,20대,539,35,203,2025
202508,2629068000,남구 문현1동,20대미만,559,84,243,2025
202508,2629068000,남구 문현1동,30대,404,35,266,2025
202508,2629068000,남구 문현1동,40대,714,87,294,2025
202508,2629068000,남구 문현1동,50대,1010,133,354,2025
202508,2629068000,남구 문현1동,60대이상,2708,116,617,2025
202508,2629069000,남구 문현2동,20대,362,290,455,2025
202508,2629069000,남구 문현2동,20대미만,187,43,181,2025
202508,2629069000,남구 문현2동,30대,600,620,524,2025
202508,2629069000,남구 문현2동,40대,457,477,438,2025
202508,2629069000,남구 문현2동,50대,509,368,515,2025
202508,2629069000,남구 문현2동,60대이상,1658,215,698,2025
202508,2629070000,남구 문현3동,20대,681,76,690,2025
202508,2629070000,남구 문현3동,20대미만,627,72,771,2025
202508,2629070000,남구 문현3동,30대,963,95,661,2025
202508,2629070000,남구 문현3동,40대,1139,185,912,2025
202508,2629070000,남구 문현3동,50대,1140,181,1313,2025
202508,2629070000,남구 문현3동,60대이상,3246,193,2492,2025
202508,2629071000,남구 문현4동,20대,394,68,250,2025
202508,2629071000,남구 문현4동,20대미만,320,43,155,2025
202508,2629071000,남구 문현4동,30대,503,95,322,2025
202508,2629071000,남구 문현4동,40대,500,79,283,2025
202508,2629071000,남구 문현4동,50대,670,94,293,2025
202508,2629071000,남구 문현4동,60대이상,1812,105,423,2025
202508,2632051000,북구 구포1동,20대,966,107,488,2025
202508,2632051000,북구 구포1동,20대미만,672,7,177,2025
202508,2632051000,북구 구포1동,30대,1364,171,507,2025
202508,2632051000,북구 구포1동,40대,1298,207,547,2025
202508,2632051000,북구 구포1동,50대,1715,379,859,2025
202508,2632051000,북구 구포1동,60대이상,4778,475,2078,2025
202508,2632052000,북구 구포2동,20대,1495,170,364,2025
202508,2632052000,북구 구포2동,20대미만,1206,117,202,2025
202508,2632052000,북구 구포2동,30대,1828,265,368,2025
202508,2632052000,북구 구포2동,40대,1985,297,430,2025
202508,2632052000,북구 구포2동,50대,2909,421,587,2025
202508,2632052000,북구 구포2동,60대이상,7124,367,1087,2025
202508,2632052100,북구 구포3동,20대,1290,95,188,2025
202508,2632052100,북구 구포3동,20대미만,1092,88,153,2025
202508,2632052100,북구 구포3동,30대,1183,117,192,2025
202508,2632052100,북구 구포3동,40대,1504,149,214,2025
202508,2632052100,북구 구포3동,50대,2555,294,324,2025
202508,2632052100,북구 구포3동,60대이상,5965,242,647,2025
202508,2632053000,북구 금곡동,20대,2071,208,452,2025
202508,2632053000,북구 금곡동,20대미만,2163,87,370,2025
202508,2632053000,북구 금곡동,30대,2212,239,613,2025
202508,2632053000,북구 금곡동,40대,2739,296,627,2025
202508,2632053000,북구 금곡동,50대,4540,502,931,2025
202508,2632053000,북구 금곡동,60대이상,12053,468,1775,2025
202508,2632054100,북구 화명1동,20대,2618,240,992,2025
202508,2632054100,북구 화명1동,20대미만,2868,56,1038,2025
202508,2632054100,북구 화명1동,30대,3398,260,1192,2025
202508,2632054100,북구 화명1동,40대,3306,294,1190,2025
202508,2632054100,북구 화명1동,50대,4690,453,1431,2025
202508,2632054100,북구 화명1동,60대이상,8091,446,2303,2025
202508,2632054200,북구 화명2동,20대,1249,136,311,2025
202508,2632054200,북구 화명2동,20대미만,1305,103,288,2025
202508,2632054200,북구 화명2동,30대,1489,145,402,2025
202508,2632054200,북구 화명2동,40대,1448,172,432,2025
202508,2632054200,북구 화명2동,50대,2185,273,565,2025
202508,2632054200,북구 화명2동,60대이상,4556,240,882,2025
202508,2632054300,북구 화명3동,20대,1853,357,880,2025
202508,2632054300,북구 화명3동,20대미만,2551,249,688,2025
202508,2632054300,북구 화명3동,30대,1668,338,763,2025
202508,2632054300,북구 화명3동,40대,2423,344,718,2025
202508,2632054300,북구 화명3동,50대,3257,496,998,2025
202508,2632054300,북구 화명3동,60대이상,4837,324,1539,2025
202508,2632055000,북구 덕천1동,20대,899,127,379,2025
202508,2632055000,북구 덕천1동,20대미만,503,24,206,2025
202508,2632055000,북구 덕천1동,30대,1404,171,411,2025
202508,2632055000,북구 덕천1동,40대,1056,180,416,2025
202508,2632055000,북구 덕천1동,50대,1453,255,620,2025
202508,2632055000,북구 덕천1동,60대이상,4206,254,1200,2025
202508,2632056000,북구 덕천2동,20대,816,385,941,2025
202508,2632056000,북구 덕천2동,20대미만,502,147,530,2025
202508,2632056000,북구 덕천2동,30대,870,451,963,2025
202508,2632056000,북구 덕천2동,40대,800,395,893,2025
202508,2632056000,북구 덕천2동,50대,1257,461,1260,2025
202508,2632056000,북구 덕천2동,60대이상,3561,419,2045,2025
202508,2632056100,북구 덕천3동,20대,342,20,68,2025
202508,2632056100,북구 덕천3동,20대미만,206,6,34,2025
202508,2632056100,북구 덕천3동,30대,348,20,82,2025
202508,2632056100,북구 덕천3동,40대,477,28,86,2025
202508,2632056100,북구 덕천3동,50대,830,85,119,2025
202508,2632056100,북구 덕천3동,60대이상,2355,47,301,2025
202508,2632057100,북구 만덕1동,20대,845,75,207,2025
202508,2632057100,북구 만덕1동,20대미만,1015,44,152,2025
202508,2632057100,북구 만덕1동,30대,1832,132,336,2025
202508,2632057100,북구 만덕1동,40대,1731,140,299,2025
202508,2632057100,북구 만덕1동,50대,1533,161,336,2025
202508,2632057100,북구 만덕1동,60대이상,4057,165,712,2025
202508,2632057200,북구 만덕2동,20대,1541,139,305,2025
202508,2632057200,북구 만덕2동,20대미만,2233,113,249,2025
202508,2632057200,북구 만덕2동,30대,2129,168,402,2025
202508,2632057200,북구 만덕2동,40대,2576,267,427,2025
202508,2632057200,북구 만덕2동,50대,2888,286,481,2025
202508,2632057200,북구 만덕2동,60대이상,6722,264,987,2025
202508,2632057300,북구 만덕3동,20대,1068,74,233,2025
202508,2632057300,북구 만덕3동,20대미만,941,39,233,2025
202508,2632057300,북구 만덕3동,30대,1207,91,279,2025
202508,2632057300,북구 만덕3동,40대,1379,121,307,2025
202508,2632057300,북구 만덕3동,50대,1971,185,361,2025
202508,2632057300,북구 만덕3동,60대이상,5269,240,662,2025
202508,2635051000,해운대구 우1동,20대,1657,673,3033,2025
202508,2635051000,해운대구 우1동,20대미만,1878,376,1766,2025
202508,2635051000,해운대구 우1동,30대,2067,662,2749,2025
202508,2635051000,해운대구 우1동,40대,2517,612,2715,2025
202508,2635051000,해운대구 우1동,50대,2832,711,2434,2025
202508,2635051000,해운대구 우1동,60대이상,5991,655,3088,2025
202508,2635052000,해운대구 우2동,20대,1580,1697,2814,2025
202508,2635052000,해운대구 우2동,20대미만,2242,616,1850,2025
202508,2635052000,해운대구 우2동,30대,2279,2063,3023,2025
202508,2635052000,해운대구 우2동,40대,3274,1521,2804,2025
202508,2635052000,해운대구 우2동,50대,3754,1426,2444,2025
202508,2635052000,해운대구 우2동,60대이상,6603,798,3010,2025
202508,2635052500,해운대구 우3동,20대,1254,171,618,2025
202508,2635052500,해운대구 우3동,20대미만,2131,66,501,2025
202508,2635052500,해운대구 우3동,30대,1837,261,702,2025
202508,2635052500,해운대구 우3동,40대,3319,406,881,2025
202508,2635052500,해운대구 우3동,50대,3324,385,909,2025
202508,2635052500,해운대구 우3동,60대이상,6378,336,1169,2025
202508,2635053000,해운대구 중1동,20대,1779,676,2710,2025
202508,2635053000,해운대구 중1동,20대미만,1917,107,1975,2025
202508,2635053000,해운대구 중1동,30대,2193,678,3012,2025
202508,2635053000,해운대구 중1동,40대,2951,709,3156,2025
202508,2635053000,해운대구 중1동,50대,3342,796,2612,2025
202508,2635053000,해운대구 중1동,60대이상,5733,655,2978,2025
202508,2635054000,해운대구 중2동,20대,816,136,615,2025
202508,2635054000,해운대구 중2동,20대미만,1214,33,343,2025
202508,2635054000,해운대구 중2동,30대,1252,170,703,2025
202508,2635054000,해운대구 중2동,40대,1701,195,685,2025
202508,2635054000,해운대구 중2동,50대,1852,232,771,2025
202508,2635054000,해운대구 중2동,60대이상,3806,240,1132,2025
202508,2635055100,해운대구 좌1동,20대,1218,326,762,2025
202508,2635055100,해운대구 좌1동,20대미만,1086,86,580,2025
202508,2635055100,해운대구 좌1동,30대,1270,371,744,2025
202508,2635055100,해운대구 좌1동,40대,1602,372,793,2025
202508,2635055100,해운대구 좌1동,50대,2116,464,1002,2025
202508,2635055100,해운대구 좌1동,60대이상,3244,336,1301,2025
202508,2635055200,해운대구 좌2동,20대,2553,215,620,2025
202508,2635055200,해운대구 좌2동,20대미만,2285,96,658,2025
202508,2635055200,해운대구 좌2동,30대,2947,253,636,2025
202508,2635055200,해운대구 좌2동,40대,3014,328,686,2025
202508,2635055200,해운대구 좌2동,50대,3932,440,793,2025
202508,2635055200,해운대구 좌2동,60대이상,7053,346,1336,2025
202508,2635055300,해운대구 좌3동,20대,967,81,306,2025
202508,2635055300,해운대구 좌3동,20대미만,1128,159,304,2025
202508,2635055300,해운대구 좌3동,30대,1058,91,294,2025
202508,2635055300,해운대구 좌3동,40대,1364,104,290,2025
202508,2635055300,해운대구 좌3동,50대,2019,176,441,2025
202508,2635055300,해운대구 좌3동,60대이상,4357,160,757,2025
202508,2635055400,해운대구 좌4동,20대,1568,326,705,2025
202508,2635055400,해운대구 좌4동,20대미만,2475,188,555,2025
202508,2635055400,해운대구 좌4동,30대,1548,306,605,2025
202508,2635055400,해운대구 좌4동,40대,2233,396,737,2025
202508,2635055400,해운대구 좌4동,50대,2835,439,941,2025
202508,2635055400,해운대구 좌4동,60대이상,4871,325,1741,2025
202508,2635056000,해운대구 송정동,20대,464,251,1576,2025
202508,2635056000,해운대구 송정동,20대미만,540,69,1068,2025
202508,2635056000,해운대구 송정동,30대,661,285,1617,2025
202508,2635056000,해운대구 송정동,40대,821,304,1642,2025
202508,2635056000,해운대구 송정동,50대,1069,400,1420,2025
202508,2635056000,해운대구 송정동,60대이상,3248,344,1719,2025
202508,2635057000,해운대구 반여1동,20대,2472,312,507,2025
202508,2635057000,해운대구 반여1동,20대미만,3835,117,410,2025
202508,2635057000,해운대구 반여1동,30대,2696,365,617,2025
202508,2635057000,해운대구 반여1동,40대,3836,519,739,2025
202508,2635057000,해운대구 반여1동,50대,4764,626,866,2025
202508,2635057000,해운대구 반여1동,60대이상,8175,461,1374,2025
202508,2635058000,해운대구 반여2동,20대,609,51,180,2025
202508,2635058000,해운대구 반여2동,20대미만,399,12,116,2025
202508,2635058000,해운대구 반여2동,30대,847,58,195,2025
202508,2635058000,해운대구 반여2동,40대,994,100,265,2025
202508,2635058000,해운대구 반여2동,50대,1521,176,374,2025
202508,2635058000,해운대구 반여2동,60대이상,4021,142,892,2025
202508,2635059000,해운대구 반여3동,20대,340,21,59,2025
202508,2635059000,해운대구 반여3동,20대미만,208,3,38,2025
202508,2635059000,해운대구 반여3동,30대,395,35,65,2025
202508,2635059000,해운대구 반여3동,40대,488,40,72,2025
202508,2635059000,해운대구 반여3동,50대,770,63,133,2025
202508,2635059000,해운대구 반여3동,60대이상,2039,72,227,2025
202508,2635059500,해운대구 반여4동,20대,631,43,247,2025
202508,2635059500,해운대구 반여4동,20대미만,860,24,212,2025
202508,2635059500,해운대구 반여4동,30대,842,58,308,2025
202508,2635059500,해운대구 반여4동,40대,919,94,358,2025
202508,2635059500,해운대구 반여4동,50대,1111,108,412,2025
202508,2635059500,해운대구 반여4동,60대이상,2153,101,954,2025
202508,2635061000,해운대구 반송1동,20대,715,93,125,2025
202508,2635061000,해운대구 반송1동,20대미만,236,49,99,2025
202508,2635061000,해운대구 반송1동,30대,627,114,145,2025
202508,2635061000,해운대구 반송1동,40대,701,126,204,2025
202508,2635061000,해운대구 반송1동,50대,1342,232,316,2025
202508,2635061000,해운대구 반송1동,60대이상,3575,235,569,2025
202508,2635062000,해운대구 반송2동,20대,985,94,121,2025
202508,2635062000,해운대구 반송2동,20대미만,1003,14,97,2025
202508,2635062000,해운대구 반송2동,30대,1106,89,161,2025
202508,2635062000,해운대구 반송2동,40대,1701,197,201,2025
202508,2635062000,해운대구 반송2동,50대,2738,312,326,2025
202508,2635062000,해운대구 반송2동,60대이상,8386,337,601,2025
202508,2635065000,해운대구 재송1동,20대,2196,476,772,2025
202508,2635065000,해운대구 재송1동,20대미만,4263,197,516,2025
202508,2635065000,해운대구 재송1동,30대,2596,621,927,2025
202508,2635065000,해운대구 재송1동,40대,4989,723,1146,2025
202508,2635065000,해운대구 재송1동,50대,4168,643,1205,2025
202508,2635065000,해운대구 재송1동,60대이상,6667,479,1702,2025
202508,2635066000,해운대구 재송2동,20대,1349,146,348,2025
202508,2635066000,해운대구 재송2동,20대미만,1298,32,232,2025
202508,2635066000,해운대구 재송2동,30대,1490,165,420,2025
202508,2635066000,해운대구 재송2동,40대,2020,242,484,2025
202508,2635066000,해운대구 재송2동,50대,2731,330,559,2025
202508,2635066000,해운대구 재송2동,60대이상,6643,274,915,2025
202508,2638051000,사하구 괴정1동,20대,929,75,368,2025
202508,2638051000,사하구 괴정1동,20대미만,1090,94,336,2025
202508,2638051000,사하구 괴정1동,30대,1006,92,385,2025
202508,2638051000,사하구 괴정1동,40대,1537,152,475,2025
202508,2638051000,사하구 괴정1동,50대,1837,217,633,2025
202508,2638051000,사하구 괴정1동,60대이상,5609,208,1086,2025
202508,2638052000,사하구 괴정2동,20대,809,54,106,2025
202508,2638052000,사하구 괴정2동,20대미만,788,30,99,2025
202508,2638052000,사하구 괴정2동,30대,839,45,121,2025
202508,2638052000,사하구 괴정2동,40대,1156,83,140,2025
202508,2638052000,사하구 괴정2동,50대,1448,127,190,2025
202508,2638052000,사하구 괴정2동,60대이상,4233,107,450,2025
202508,2638053000,사하구 괴정3동,20대,754,126,352,2025
202508,2638053000,사하구 괴정3동,20대미만,625,35,239,2025
202508,2638053000,사하구 괴정3동,30대,752,148,320,2025
202508,2638053000,사하구 괴정3동,40대,1014,175,377,2025
202508,2638053000,사하구 괴정3동,50대,1391,254,488,2025
202508,2638053000,사하구 괴정3동,60대이상,4387,298,1105,2025
202508,2638054000,사하구 괴정4동,20대,796,59,184,2025
202508,2638054000,사하구 괴정4동,20대미만,1132,50,255,2025
202508,2638054000,사하구 괴정4동,30대,992,97,249,2025
202508,2638054000,사하구 괴정4동,40대,1518,155,321,2025
202508,2638054000,사하구 괴정4동,50대,1454,140,361,2025
202508,2638054000,사하구 괴정4동,60대이상,3467,158,766,2025
202508,2638055000,사하구 당리동,20대,1509,246,675,2025
202508,2638055000,사하구 당리동,20대미만,1563,86,443,2025
202508,2638055000,사하구 당리동,30대,1583,284,655,2025
202508,2638055000,사하구 당리동,40대,2256,397,652,2025
202508,2638055000,사하구 당리동,50대,2713,452,812,2025
202508,2638055000,사하구 당리동,60대이상,7261,361,1613,2025
202508,2638056100,사하구 하단1동,20대,1926,157,431,2025
202508,2638056100,사하구 하단1동,20대미만,1215,38,226,2025
202508,2638056100,사하구 하단1동,30대,1879,169,440,2025
202508,2638056100,사하구 하단1동,40대,1904,197,418,2025
202508,2638056100,사하구 하단1동,50대,2408,278,566,2025
202508,2638056100,사하구 하단1동,60대이상,5673,288,1028,2025
202508,2638056200,사하구 하단2동,20대,3414,686,1513,2025
202508,2638056200,사하구 하단2동,20대미만,1744,176,577,2025
202508,2638056200,사하구 하단2동,30대,2208,442,909,2025
202508,2638056200,사하구 하단2동,40대,2248,408,867,2025
202508,2638056200,사하구 하단2동,50대,2817,504,902,2025
202508,2638056200,사하구 하단2동,60대이상,5959,393,1397,2025
202508,2638057100,사하구 신평1동,20대,858,134,276,2025
202508,2638057100,사하구 신평1동,20대미만,1033,134,272,2025
202508,2638057100,사하구 신평1동,30대,1039,290,369,2025
202508,2638057100,사하구 신평1동,40대,1490,326,425,2025
202508,2638057100,사하구 신평1동,50대,2001,419,592,2025
202508,2638057100,사하구 신평1동,60대이상,5121,300,790,2025
202508,2638057200,사하구 신평2동,20대,1102,175,262,2025
202508,2638057200,사하구 신평2동,20대미만,1171,41,177,2025
202508,2638057200,사하구 신평2동,30대,1556,305,418,2025
202508,2638057200,사하구 신평2동,40대,1696,338,422,2025
202508,2638057200,사하구 신평2동,50대,2130,401,580,2025
202508,2638057200,사하구 신평2동,60대이상,4256,366,878,2025
202508,2638058000,사하구 장림1동,20대,706,172,284,2025
202508,2638058000,사하구 장림1동,20대미만,1146,56,281,2025
202508,2638058000,사하구 장림1동,30대,1270,326,420,2025
202508,2638058000,사하구 장림1동,40대,1672,386,533,2025
202508,2638058000,사하구 장림1동,50대,1510,528,684,2025
202508,2638058000,사하구 장림1동,60대이상,2964,481,1049,2025
202508,2638059000,사하구 장림2동,20대,1565,207,438,2025
202508,2638059000,사하구 장림2동,20대미만,1842,90,347,2025
202508,2638059000,사하구 장림2동,30대,1884,300,590,2025
202508,2638059000,사하구 장림2동,40대,2621,454,628,2025
202508,2638059000,사하구 장림2동,50대,3094,610,783,2025
202508,2638059000,사하구 장림2동,60대이상,6451,462,1256,2025
202508,2638060100,사하구 다대1동,20대,2084,329,538,2025
202508,2638060100,사하구 다대1동,20대미만,2917,82,395,2025
202508,2638060100,사하구 다대1동,30대,2264,445,620,2025
202508,2638060100,사하구 다대1동,40대,3867,602,734,2025
202508,2638060100,사하구 다대1동,50대,5125,856,941,2025
202508,2638060100,사하구 다대1동,60대이상,10948,683,1739,2025
202508,2638060200,사하구 다대2동,20대,1727,195,260,2025
202508,2638060200,사하구 다대2동,20대미만,2009,50,165,2025
202508,2638060200,사하구 다대2동,30대,1503,172,313,2025
202508,2638060200,사하구 다대2동,40대,2290,343,361,2025
202508,2638060200,사하구 다대2동,50대,3603,484,445,2025
202508,2638060200,사하구 다대2동,60대이상,8747,400,777,2025
202508,2638061000,사하구 구평동,20대,673,111,166,2025
202508,2638061000,사하구 구평동,20대미만,928,29,111,2025
202508,2638061000,사하구 구평동,30대,1386,230,256,2025
202508,2638061000,사하구 구평동,40대,1465,312,336,2025
202508,2638061000,사하구 구평동,50대,1387,360,437,2025
202508,2638061000,사하구 구평동,60대이상,2537,367,682,2025
202508,2638062000,사하구 감천1동,20대,912,120,211,2025
202508,2638062000,사하구 감천1동,20대미만,1075,207,299,2025
202508,2638062000,사하구 감천1동,30대,945,176,279,2025
202508,2638062000,사하구 감천1동,40대,1427,232,383,2025
202508,2638062000,사하구 감천1동,50대,2014,367,514,2025
202508,2638062000,사하구 감천1동,60대이상,6174,327,821,2025
202508,2638063000,사하구 감천2동,20대,180,21,53,2025
202508,2638063000,사하구 감천2동,20대미만,125,0,34,2025
202508,2638063000,사하구 감천2동,30대,207,24,53,2025
202508,2638063000,사하구 감천2동,40대,284,41,75,2025
202508,2638063000,사하구 감천2동,50대,693,70,106,2025
202508,2638063000,사하구 감천2동,60대이상,1958,51,173,2025
202508,2641051000,금정구 서1동,20대,179,23,65,2025
202508,2641051000,금정구 서1동,20대미만,109,8,46,2025
202508,2641051000,금정구 서1동,30대,205,17,71,2025
202508,2641051000,금정구 서1동,40대,312,50,101,2025
202508,2641051000,금정구 서1동,50대,519,72,141,2025
202508,2641051000,금정구 서1동,60대이상,1745,85,380,2025
202508,2641052000,금정구 서2동,20대,253,43,153,2025
202508,2641052000,금정구 서2동,20대미만,223,25,91,2025
202508,2641052000,금정구 서2동,30대,403,44,170,2025
202508,2641052000,금정구 서2동,40대,506,71,198,2025
202508,2641052000,금정구 서2동,50대,755,138,339,2025
202508,2641052000,금정구 서2동,60대이상,2557,191,717,2025
202508,2641053000,금정구 서3동,20대,459,66,119,2025
202508,2641053000,금정구 서3동,20대미만,229,31,102,2025
202508,2641053000,금정구 서3동,30대,535,95,179,2025
202508,2641053000,금정구 서3동,40대,605,106,194,2025
202508,2641053000,금정구 서3동,50대,1279,176,313,2025
202508,2641053000,금정구 서3동,60대이상,3802,260,781,2025
202508,2641055500,금정구 금사회동동,20대,257,230,188,2025
202508,2641055500,금정구 금사회동동,20대미만,212,33,110,2025
202508,2641055500,금정구 금사회동동,30대,374,426,405,2025
202508,2641055500,금정구 금사회동동,40대,460,476,463,2025
202508,2641055500,금정구 금사회동동,50대,705,579,741,2025
202508,2641055500,금정구 금사회동동,60대이상,2614,537,1238,2025
202508,2641057000,금정구 부곡1동,20대,322,36,133,2025
202508,2641057000,금정구 부곡1동,20대미만,329,79,158,2025
202508,2641057000,금정구 부곡1동,30대,366,44,138,2025
202508,2641057000,금정구 부곡1동,40대,553,73,176,2025
202508,2641057000,금정구 부곡1동,50대,792,103,228,2025
202508,2641057000,금정구 부곡1동,60대이상,2795,136,494,2025
202508,2641058000,금정구 부곡2동,20대,1476,179,413,2025
202508,2641058000,금정구 부곡2동,20대미만,1229,208,347,2025
202508,2641058000,금정구 부곡2동,30대,1105,210,489,2025
202508,2641058000,금정구 부곡2동,40대,1464,284,498,2025
202508,2641058000,금정구 부곡2동,50대,2006,327,584,2025
202508,2641058000,금정구 부곡2동,60대이상,4501,276,1105,2025
202508,2641059000,금정구 부곡3동,20대,1166,206,375,2025
202508,2641059000,금정구 부곡3동,20대미만,984,305,379,2025
202508,2641059000,금정구 부곡3동,30대,1116,283,367,2025
202508,2641059000,금정구 부곡3동,40대,1407,272,443,2025
202508,2641059000,금정구 부곡3동,50대,1697,325,548,2025
202508,2641059000,금정구 부곡3동,60대이상,4093,234,853,2025
202508,2641059100,금정구 부곡4동,20대,454,50,256,2025
202508,2641059100,금정구 부곡4동,20대미만,417,23,207,2025
202508,2641059100,금정구 부곡4동,30대,702,68,262,2025
202508,2641059100,금정구 부곡4동,40대,656,94,275,2025
202508,2641059100,금정구 부곡4동,50대,1027,126,362,2025
202508,2641059100,금정구 부곡4동,60대이상,2597,164,887,2025
202508,2641060000,금정구 장전1동,20대,3874,353,1017,2025
202508,2641060000,금정구 장전1동,20대미만,928,48,375,2025
202508,2641060000,금정구 장전1동,30대,1266,214,414,2025
202508,2641060000,금정구 장전1동,40대,1279,219,427,2025
202508,2641060000,금정구 장전1동,50대,1401,249,494,2025
202508,2641060000,금정구 장전1동,60대이상,3402,217,720,2025
202508,2641061000,금정구 장전2동,20대,1832,1221,1803,2025
202508,2641061000,금정구 장전2동,20대미만,2238,199,885,2025
202508,2641061000,금정구 장전2동,30대,2186,647,1083,2025
202508,2641061000,금정구 장전2동,40대,3030,699,1055,2025
202508,2641061000,금정구 장전2동,50대,2606,627,1080,2025
202508,2641061000,금정구 장전2동,60대이상,5730,460,1623,2025
202508,2641063500,금정구 선두구동,20대,70,26,118,2025
202508,2641063500,금정구 선두구동,20대미만,52,1,68,2025
202508,2641063500,금정구 선두구동,30대,86,47,149,2025
202508,2641063500,금정구 선두구동,40대,105,70,240,2025
202508,2641063500,금정구 선두구동,50대,225,107,351,2025
202508,2641063500,금정구 선두구동,60대이상,819,119,529,2025
202508,2641066500,금정구 청룡노포동,20대,473,92,327,2025
202508,2641066500,금정구 청룡노포동,20대미만,472,25,155,2025
202508,2641066500,금정구 청룡노포동,30대,482,156,348,2025
202508,2641066500,금정구 청룡노포동,40대,578,154,443,2025
202508,2641066500,금정구 청룡노포동,50대,987,245,785,2025
202508,2641066500,금정구 청룡노포동,60대이상,3280,283,1527,2025
202508,2641067000,금정구 남산동,20대,1901,245,567,2025
202508,2641067000,금정구 남산동,20대미만,1156,69,381,2025
202508,2641067000,금정구 남산동,30대,1340,201,415,2025
202508,2641067000,금정구 남산동,40대,1572,310,494,2025
202508,2641067000,금정구 남산동,50대,2742,458,788,2025
202508,2641067000,금정구 남산동,60대이상,7367,426,1467,2025
202508,2641068000,금정구 구서1동,20대,895,172,395,2025
202508,2641068000,금정구 구서1동,20대미만,1097,264,386,2025
202508,2641068000,금정구 구서1동,30대,1124,233,409,2025
202508,2641068000,금정구 구서1동,40대,1237,268,517,2025
202508,2641068000,금정구 구서1동,50대,1855,287,586,2025
202508,2641068000,금정구 구서1동,60대이상,3718,267,870,2025
202508,2641069000,금정구 구서2동,20대,1980,213,1169,2025
202508,2641069000,금정구 구서2동,20대미만,2195,131,742,2025
202508,2641069000,금정구 구서2동,30대,2094,284,1101,2025
202508,2641069000,금정구 구서2동,40대,2852,375,1078,2025
202508,2641069000,금정구 구서2동,50대,3720,480,1612,2025
202508,2641069000,금정구 구서2동,60대이상,8298,499,3473,2025
202508,2641070000,금정구 금성동,20대,37,13,32,2025
202508,2641070000,금정구 금성동,20대미만,76,3,61,2025
202508,2641070000,금정구 금성동,30대,40,12,54,2025
202508,2641070000,금정구 금성동,40대,82,12,93,2025
202508,2641070000,금정구 금성동,50대,95,26,149,2025
202508,2641070000,금정구 금성동,60대이상,348,30,261,2025
202508,2644051000,강서구 대저1동,20대,434,309,334,2025
202508,2644051000,강서구 대저1동,20대미만,165,55,127,2025
202508,2644051000,강서구 대저1동,30대,320,525,446,2025
202508,2644051000,강서구 대저1동,40대,352,609,517,2025
202508,2644051000,강서구 대저1동,50대,605,712,718,2025
202508,2644051000,강서구 대저1동,60대이상,2721,594,1125,2025
202508,2644052000,강서구 대저2동,20대,701,596,3167,2025
202508,2644052000,강서구 대저2동,20대미만,471,58,1220,2025
202508,2644052000,강서구 대저2동,30대,484,931,3313,2025
202508,2644052000,강서구 대저2동,40대,532,863,3106,2025
202508,2644052000,강서구 대저2동,50대,598,1112,3062,2025
202508,2644052000,강서구 대저2동,60대이상,2165,771,2863,2025
202508,2644053000,강서구 강동동,20대,172,56,169,2025
202508,2644053000,강서구 강동동,20대미만,406,13,198,2025
202508,2644053000,강서구 강동동,30대,1308,208,732,2025
202508,2644053000,강서구 강동동,40대,750,194,523,2025
202508,2644053000,강서구 강동동,50대,348,225,512,2025
202508,2644053000,강서구 강동동,60대이상,1621,271,829,2025
202508,2644053500,강서구 명지1동,20대,2600,659,1013,2025
202508,2644053500,강서구 명지1동,20대미만,7432,164,694,2025
202508,2644053500,강서구 명지1동,30대,7514,1267,1668,2025
202508,2644053500,강서구 명지1동,40대,9438,1465,1664,2025
202508,2644053500,강서구 명지1동,50대,3919,872,1371,2025
202508,2644053500,강서구 명지1동,60대이상,6228,584,1570,2025
202508,2644054500,강서구 명지2동,20대,1412,251,443,2025
202508,2644054500,강서구 명지2동,20대미만,4595,123,341,2025
202508,2644054500,강서구 명지2동,30대,2374,404,621,2025
202508,2644054500,강서구 명지2동,40대,5095,702,692,2025
202508,2644054500,강서구 명지2동,50대,3135,426,513,2025
202508,2644054500,강서구 명지2동,60대이상,3812,238,643,2025
202508,2644055000,강서구 가락동,20대,38,42,80,2025
202508,2644055000,강서구 가락동,20대미만,66,15,50,2025
202508,2644055000,강서구 가락동,30대,93,97,129,2025
202508,2644055000,강서구 가락동,40대,123,140,157,2025
202508,2644055000,강서구 가락동,50대,216,207,260,2025
202508,2644055000,강서구 가락동,60대이상,1134,163,434,2025
202508,2644056000,강서구 녹산동,20대,905,1191,1056,2025
202508,2644056000,강서구 녹산동,20대미만,1843,60,288,2025
202508,2644056000,강서구 녹산동,30대,1985,2588,1936,2025
202508,2644056000,강서구 녹산동,40대,2563,3202,2406,2025
202508,2644056000,강서구 녹산동,50대,1682,2737,2493,2025
202508,2644056000,강서구 녹산동,60대이상,3357,1670,2554,2025
202508,2644058000,강서구 가덕도동,20대,180,78,312,2025
202508,2644058000,강서구 가덕도동,20대미만,124,25,119,2025
202508,2644058000,강서구 가덕도동,30대,243,107,548,2025
202508,2644058000,강서구 가덕도동,40대,318,174,878,2025
202508,2644058000,강서구 가덕도동,50대,400,161,879,2025
202508,2644058000,강서구 가덕도동,60대이상,1657,117,766,2025
202508,2644059000, ,20대,819,151,258,2025
202508,2644059000, ,20대미만,1127,42,208,2025
202508,2644059000, ,30대,1158,202,349,2025
202508,2644059000, ,40대,1453,316,556,2025
202508,2644059000, ,50대,1347,294,507,2025
202508,2644059000, ,60대이상,2170,154,565,2025
202508,2647061000,연제구 거제1동,20대,1597,485,696,2025
202508,2647061000,연제구 거제1동,20대미만,1971,354,740,2025
202508,2647061000,연제구 거제1동,30대,1781,701,724,2025
202508,2647061000,연제구 거제1동,40대,2865,902,926,2025
202508,2647061000,연제구 거제1동,50대,2722,955,1095,2025
202508,2647061000,연제구 거제1동,60대이상,6075,697,1571,2025
202508,2647062000,연제구 거제2동,20대,1473,213,691,2025
202508,2647062000,연제구 거제2동,20대미만,2641,89,633,2025
202508,2647062000,연제구 거제2동,30대,2157,245,715,2025
202508,2647062000,연제구 거제2동,40대,3261,408,900,2025
202508,2647062000,연제구 거제2동,50대,2593,429,894,2025
202508,2647062000,연제구 거제2동,60대이상,3658,297,1412,2025
202508,2647063000,연제구 거제3동,20대,565,107,698,2025
202508,2647063000,연제구 거제3동,20대미만,389,10,285,2025
202508,2647063000,연제구 거제3동,30대,585,136,1027,2025
202508,2647063000,연제구 거제3동,40대,635,141,974,2025
202508,2647063000,연제구 거제3동,50대,1075,200,1085,2025
202508,2647063000,연제구 거제3동,60대이상,2413,163,1202,2025
202508,2647064000,연제구 거제4동,20대,608,34,216,2025
202508,2647064000,연제구 거제4동,20대미만,877,56,275,2025
202508,2647064000,연제구 거제4동,30대,567,58,396,2025
202508,2647064000,연제구 거제4동,40대,817,90,406,2025
202508,2647064000,연제구 거제4동,50대,1164,122,376,2025
202508,2647064000,연제구 거제4동,60대이상,2716,116,657,2025
202508,2647065000,연제구 연산1동,20대,781,127,399,2025
202508,2647065000,연제구 연산1동,20대미만,1032,86,307,2025
202508,2647065000,연제구 연산1동,30대,1139,213,473,2025
202508,2647065000,연제구 연산1동,40대,1411,234,503,2025
202508,2647065000,연제구 연산1동,50대,1409,303,530,2025
202508,2647065000,연제구 연산1동,60대이상,3716,305,1007,2025
202508,2647066000,연제구 연산2동,20대,1423,214,1005,2025
202508,2647066000,연제구 연산2동,20대미만,1166,130,782,2025
202508,2647066000,연제구 연산2동,30대,2819,445,1879,2025
202508,2647066000,연제구 연산2동,40대,2113,460,1538,2025
202508,2647066000,연제구 연산2동,50대,2094,466,1415,2025
202508,2647066000,연제구 연산2동,60대이상,4805,330,2737,2025
202508,2647067000,연제구 연산3동,20대,295,11,75,2025
202508,2647067000,연제구 연산3동,20대미만,172,33,90,2025
202508,2647067000,연제구 연산3동,30대,497,29,134,2025
202508,2647067000,연제구 연산3동,40대,483,34,166,2025
202508,2647067000,연제구 연산3동,50대,539,43,164,2025
202508,2647067000,연제구 연산3동,60대이상,1750,52,331,2025
202508,2647068000,연제구 연산4동,20대,1180,224,1013,2025
202508,2647068000,연제구 연산4동,20대미만,724,14,281,2025
202508,2647068000,연제구 연산4동,30대,1418,248,1037,2025
202508,2647068000,연제구 연산4동,40대,1549,309,942,2025
202508,2647068000,연제구 연산4동,50대,1863,379,1123,2025
202508,2647068000,연제구 연산4동,60대이상,5164,374,2216,2025
202508,2647069000,연제구 연산5동,20대,1580,295,814,2025
202508,2647069000,연제구 연산5동,20대미만,417,16,173,2025
202508,2647069000,연제구 연산5동,30대,1827,472,812,2025
202508,2647069000,연제구 연산5동,40대,1144,482,655,2025
202508,2647069000,연제구 연산5동,50대,1219,567,799,2025
202508,2647069000,연제구 연산5동,60대이상,2870,497,1372,2025
202508,2647070000,연제구 연산6동,20대,733,88,499,2025
202508,2647070000,연제구 연산6동,20대미만,731,75,306,2025
202508,2647070000,연제구 연산6동,30대,1000,120,623,2025
202508,2647070000,연제구 연산6동,40대,1154,140,601,2025
202508,2647070000,연제구 연산6동,50대,1383,214,743,2025
202508,2647070000,연제구 연산6동,60대이상,4249,216,1843,2025
202508,2647072000,연제구 연산8동,20대,493,59,295,2025
202508,2647072000,연제구 연산8동,20대미만,660,76,334,2025
202508,2647072000,연제구 연산8동,30대,759,84,356,2025
202508,2647072000,연제구 연산8동,40대,818,114,454,2025
202508,2647072000,연제구 연산8동,50대,1125,150,571,2025
202508,2647072000,연제구 연산8동,60대이상,2411,142,1270,2025
202508,2647073000,연제구 연산9동,20대,2067,254,530,2025
202508,2647073000,연제구 연산9동,20대미만,2323,230,426,2025
202508,2647073000,연제구 연산9동,30대,2454,333,691,2025
202508,2647073000,연제구 연산9동,40대,3043,500,742,2025
202508,2647073000,연제구 연산9동,50대,3978,591,956,2025
202508,2647073000,연제구 연산9동,60대이상,9159,501,1383,2025
202508,2650066000,수영구 남천1동,20대,1067,368,822,2025
202508,2650066000,수영구 남천1동,20대미만,1300,248,719,2025
202508,2650066000,수영구 남천1동,30대,1364,436,884,2025
202508,2650066000,수영구 남천1동,40대,1539,481,963,2025
202508,2650066000,수영구 남천1동,50대,1779,516,1068,2025
202508,2650066000,수영구 남천1동,60대이상,3669,455,1676,2025
202508,2650067000,수영구 남천2동,20대,437,64,659,2025
202508,2650067000,수영구 남천2동,20대미만,503,27,353,2025
202508,2650067000,수영구 남천2동,30대,881,105,567,2025
202508,2650067000,수영구 남천2동,40대,871,119,538,2025
202508,2650067000,수영구 남천2동,50대,1351,131,477,2025
202508,2650067000,수영구 남천2동,60대이상,2914,127,846,2025
202508,2650073000,수영구 수영동,20대,961,142,476,2025
202508,2650073000,수영구 수영동,20대미만,544,59,209,2025
202508,2650073000,수영구 수영동,30대,1079,196,498,2025
202508,2650073000,수영구 수영동,40대,1052,162,446,2025
202508,2650073000,수영구 수영동,50대,1434,269,667,2025
202508,2650073000,수영구 수영동,60대이상,5155,286,1217,2025
202508,2650074000,수영구 망미1동,20대,1427,169,408,2025
202508,2650074000,수영구 망미1동,20대미만,1732,84,333,2025
202508,2650074000,수영구 망미1동,30대,1832,248,502,2025
202508,2650074000,수영구 망미1동,40대,2397,296,517,2025
202508,2650074000,수영구 망미1동,50대,2719,348,580,2025
202508,2650074000,수영구 망미1동,60대이상,8685,438,1181,2025
202508,2650075000,수영구 망미2동,20대,482,66,254,2025
202508,2650075000,수영구 망미2동,20대미만,450,37,204,2025
202508,2650075000,수영구 망미2동,30대,579,75,320,2025
202508,2650075000,수영구 망미2동,40대,756,93,418,2025
202508,2650075000,수영구 망미2동,50대,1089,112,479,2025
202508,2650075000,수영구 망미2동,60대이상,2469,115,825,2025
202508,2650076000,수영구 광안1동,20대,2507,160,610,2025
202508,2650076000,수영구 광안1동,20대미만,800,36,203,2025
202508,2650076000,수영구 광안1동,30대,2581,213,498,2025
202508,2650076000,수영구 광안1동,40대,1406,198,396,2025
202508,2650076000,수영구 광안1동,50대,1487,201,496,2025
202508,2650076000,수영구 광안1동,60대이상,4069,222,940,2025
202508,2650077000,수영구 광안2동,20대,1412,311,2585,2025
202508,2650077000,수영구 광안2동,20대미만,902,77,711,2025
202508,2650077000,수영구 광안2동,30대,1658,382,1677,2025
202508,2650077000,수영구 광안2동,40대,1522,291,1036,2025
202508,2650077000,수영구 광안2동,50대,1670,309,932,2025
202508,2650077000,수영구 광안2동,60대이상,4043,284,1379,2025
202508,2650078000,수영구 광안3동,20대,1072,153,903,2025
202508,2650078000,수영구 광안3동,20대미만,290,14,253,2025
202508,2650078000,수영구 광안3동,30대,1031,172,724,2025
202508,2650078000,수영구 광안3동,40대,732,208,583,2025
202508,2650078000,수영구 광안3동,50대,804,208,712,2025
202508,2650078000,수영구 광안3동,60대이상,2553,243,1442,2025
202508,2650079000,수영구 광안4동,20대,907,100,681,2025
202508,2650079000,수영구 광안4동,20대미만,652,129,453,2025
202508,2650079000,수영구 광안4동,30대,1001,126,795,2025
202508,2650079000,수영구 광안4동,40대,1113,154,745,2025
202508,2650079000,수영구 광안4동,50대,1406,165,733,2025
202508,2650079000,수영구 광안4동,60대이상,3209,163,1419,2025
202508,2650080000,수영구 민락동,20대,1802,391,3214,2025
202508,2650080000,수영구 민락동,20대미만,1442,27,952,2025
202508,2650080000,수영구 민락동,30대,2675,385,2048,2025
202508,2650080000,수영구 민락동,40대,2738,358,1357,2025
202508,2650080000,수영구 민락동,50대,3165,431,1268,2025
202508,2650080000,수영구 민락동,60대이상,7245,452,1654,2025
202508,2653058000,사상구 삼락동,20대,237,124,271,2025
202508,2653058000,사상구 삼락동,20대미만,196,16,190,2025
202508,2653058000,사상구 삼락동,30대,258,246,384,2025
202508,2653058000,사상구 삼락동,40대,300,335,455,2025
202508,2653058000,사상구 삼락동,50대,624,500,691,2025
202508,2653058000,사상구 삼락동,60대이상,1614,446,1183,2025
202508,2653059100,사상구 모라1동,20대,1650,264,353,2025
202508,2653059100,사상구 모라1동,20대미만,1360,54,247,2025
202508,2653059100,사상구 모라1동,30대,1940,443,448,2025
202508,2653059100,사상구 모라1동,40대,1716,446,487,2025
202508,2653059100,사상구 모라1동,50대,3175,703,747,2025
202508,2653059100,사상구 모라1동,60대이상,8401,743,1338,2025
202508,2653059300,사상구 모라3동,20대,323,40,101,2025
202508,2653059300,사상구 모라3동,20대미만,288,21,63,2025
202508,2653059300,사상구 모라3동,30대,399,46,93,2025
202508,2653059300,사상구 모라3동,40대,612,74,163,2025
202508,2653059300,사상구 모라3동,50대,1163,134,250,2025
202508,2653059300,사상구 모라3동,60대이상,4555,169,577,2025
202508,2653060000,사상구 덕포1동,20대,604,67,238,2025
202508,2653060000,사상구 덕포1동,20대미만,665,55,148,2025
202508,2653060000,사상구 덕포1동,30대,1073,82,231,2025
202508,2653060000,사상구 덕포1동,40대,941,122,207,2025
202508,2653060000,사상구 덕포1동,50대,1137,179,305,2025
202508,2653060000,사상구 덕포1동,60대이상,2547,169,597,2025
202508,2653061000,사상구 덕포2동,20대,782,149,413,2025
202508,2653061000,사상구 덕포2동,20대미만,794,99,255,2025
202508,2653061000,사상구 덕포2동,30대,831,215,364,2025
202508,2653061000,사상구 덕포2동,40대,938,270,393,2025
202508,2653061000,사상구 덕포2동,50대,1433,387,518,2025
202508,2653061000,사상구 덕포2동,60대이상,3583,363,807,2025
202508,2653062000,사상구 괘법동,20대,2829,542,1594,2025
202508,2653062000,사상구 괘법동,20대미만,732,58,531,2025
202508,2653062000,사상구 괘법동,30대,2806,524,1199,2025
202508,2653062000,사상구 괘법동,40대,1899,604,1057,2025
202508,2653062000,사상구 괘법동,50대,2558,784,1354,2025
202508,2653062000,사상구 괘법동,60대이상,5743,680,2211,2025
202508,2653064500,사상구 감전동,20대,552,376,440,2025
202508,2653064500,사상구 감전동,20대미만,299,17,155,2025
202508,2653064500,사상구 감전동,30대,767,665,559,2025
202508,2653064500,사상구 감전동,40대,770,669,587,2025
202508,2653064500,사상구 감전동,50대,1238,839,879,2025
202508,2653064500,사상구 감전동,60대이상,3475,819,1237,2025
202508,2653065000,사상구 주례1동,20대,1074,183,338,2025
202508,2653065000,사상구 주례1동,20대미만,1193,24,125,2025
202508,2653065000,사상구 주례1동,30대,1544,272,409,2025
202508,2653065000,사상구 주례1동,40대,1545,298,393,2025
202508,2653065000,사상구 주례1동,50대,2020,426,546,2025
202508,2653065000,사상구 주례1동,60대이상,4327,407,1208,2025
202508,2653066000,사상구 주례2동,20대,2502,402,783,2025
202508,2653066000,사상구 주례2동,20대미만,1680,132,317,2025
202508,2653066000,사상구 주례2동,30대,1738,289,483,2025
202508,2653066000,사상구 주례2동,40대,1907,304,532,2025
202508,2653066000,사상구 주례2동,50대,2360,340,716,2025
202508,2653066000,사상구 주례2동,60대이상,5290,335,1412,2025
202508,2653066100,사상구 주례3동,20대,376,52,148,2025
202508,2653066100,사상구 주례3동,20대미만,374,25,82,2025
202508,2653066100,사상구 주례3동,30대,378,79,163,2025
202508,2653066100,사상구 주례3동,40대,494,96,181,2025
202508,2653066100,사상구 주례3동,50대,783,128,223,2025
202508,2653066100,사상구 주례3동,60대이상,1992,112,354,2025
202508,2653067000,사상구 학장동,20대,1443,291,533,2025
202508,2653067000,사상구 학장동,20대미만,1258,125,446,2025
202508,2653067000,사상구 학장동,30대,1588,424,682,2025
202508,2653067000,사상구 학장동,40대,2104,552,836,2025
202508,2653067000,사상구 학장동,50대,2512,676,1245,2025
202508,2653067000,사상구 학장동,60대이상,6447,639,2301,2025
202508,2653068000,사상구 엄궁동,20대,1469,216,279,2025
202508,2653068000,사상구 엄궁동,20대미만,2238,21,126,2025
202508,2653068000,사상구 엄궁동,30대,1801,283,403,2025
202508,2653068000,사상구 엄궁동,40대,2373,442,420,2025
202508,2653068000,사상구 엄궁동,50대,3357,563,635,2025
202508,2653068000,사상구 엄궁동,60대이상,6101,392,936,2025
202508,2671025000,기장군 기장읍,20대,3595,936,1944,2025
202508,2671025000,기장군 기장읍,20대미만,3906,99,1492,2025
202508,2671025000,기장군 기장읍,30대,4180,1109,2753,2025
202508,2671025000,기장군 기장읍,40대,5449,1220,3056,2025
202508,2671025000,기장군 기장읍,50대,7321,1611,2942,2025
202508,2671025000,기장군 기장읍,60대이상,17458,1088,3596,2025
202508,2671025300,기장군 장안읍,20대,486,476,678,2025
202508,2671025300,기장군 장안읍,20대미만,346,100,430,2025
202508,2671025300,기장군 장안읍,30대,694,969,1073,2025
202508,2671025300,기장군 장안읍,40대,629,1127,1321,2025
202508,2671025300,기장군 장안읍,50대,1008,967,1432,2025
202508,2671025300,기장군 장안읍,60대이상,3142,579,1721,2025
202508,2671025600,기장군 정관읍,20대,4615,862,947,2025
202508,2671025600,기장군 정관읍,20대미만,13920,69,508,2025
202508,2671025600,기장군 정관읍,30대,6333,1119,1021,2025
202508,2671025600,기장군 정관읍,40대,13543,2222,1375,2025
202508,2671025600,기장군 정관읍,50대,9120,1799,1454,2025
202508,2671025600,기장군 정관읍,60대이상,13337,927,1704,2025
202508,2671025900,기장군 일광읍,20대,1796,332,833,2025
202508,2671025900,기장군 일광읍,20대미만,2663,36,490,2025
202508,2671025900,기장군 일광읍,30대,3589,444,994,2025
202508,2671025900,기장군 일광읍,40대,3951,562,1181,2025
202508,2671025900,기장군 일광읍,50대,3115,493,1348,2025
202508,2671025900,기장군 일광읍,60대이상,5705,412,1668,2025
202508,2671033000,기장군 철마면,20대,176,44,91,2025
202508,2671033000,기장군 철마면,20대미만,219,6,73,2025
202508,2671033000,기장군 철마면,30대,247,74,149,2025
202508,2671033000,기장군 철마면,40대,464,134,221,2025
202508,2671033000,기장군 철마면,50대,683,230,437,2025
202508,2671033000,기장군 철마면,60대이상,3202,251,945,2025
202507,2611051000,중구 중앙동,20대,519,799,1253,2025
202507,2611051000,중구 중앙동,20대미만,250,48,384,2025
202507,2611051000,중구 중앙동,30대,473,1266,1221,2025
202507,2611051000,중구 중앙동,40대,645,1159,1166,2025
202507,2611051000,중구 중앙동,50대,769,1104,1301,2025
202507,2611051000,중구 중앙동,60대이상,1776,707,1716,2025
202507,2611052000,중구 동광동,20대,102,71,177,2025
202507,2611052000,중구 동광동,20대미만,46,16,55,2025
202507,2611052000,중구 동광동,30대,133,111,177,2025
202507,2611052000,중구 동광동,40대,167,160,180,2025
202507,2611052000,중구 동광동,50대,247,117,225,2025
202507,2611052000,중구 동광동,60대이상,992,99,375,2025
202507,2611053000,중구 대청동,20대,477,180,304,2025
202507,2611053000,중구 대청동,20대미만,235,60,118,2025
202507,2611053000,중구 대청동,30대,375,230,272,2025
202507,2611053000,중구 대청동,40대,477,220,259,2025
202507,2611053000,중구 대청동,50대,635,200,349,2025
202507,2611053000,중구 대청동,60대이상,1976,210,644,2025
202507,2611054500,중구 보수동,20대,892,87,185,2025
202507,2611054500,중구 보수동,20대미만,308,51,88,2025
202507,2611054500,중구 보수동,30대,412,72,151,2025
202507,2611054500,중구 보수동,40대,649,76,162,2025
202507,2611054500,중구 보수동,50대,1057,173,221,2025
202507,2611054500,중구 보수동,60대이상,2292,142,559,2025
202507,2611056000,중구 부평동,20대,310,117,778,2025
202507,2611056000,중구 부평동,20대미만,142,5,200,2025
202507,2611056000,중구 부평동,30대,233,203,685,2025
202507,2611056000,중구 부평동,40대,310,214,679,2025
202507,2611056000,중구 부평동,50대,474,274,969,2025
202507,2611056000,중구 부평동,60대이상,1463,318,1808,2025
202507,2611057000,중구 광복동,20대,36,75,255,2025
202507,2611057000,중구 광복동,20대미만,26,21,115,2025
202507,2611057000,중구 광복동,30대,37,82,175,2025
202507,2611057000,중구 광복동,40대,62,84,199,2025
202507,2611057000,중구 광복동,50대,80,144,244,2025
202507,2611057000,중구 광복동,60대이상,313,274,431,2025
202507,2611058000,중구 남포동,20대,85,224,900,2025
202507,2611058000,중구 남포동,20대미만,40,15,385,2025
202507,2611058000,중구 남포동,30대,160,318,743,2025
202507,2611058000,중구 남포동,40대,191,311,829,2025
202507,2611058000,중구 남포동,50대,357,454,1207,2025
202507,2611058000,중구 남포동,60대이상,994,820,2898,2025
202507,2611059000,중구 영주1동,20대,33,17,86,2025
202507,2611059000,중구 영주1동,20대미만,13,0,19,2025
202507,2611059000,중구 영주1동,30대,31,21,61,2025
202507,2611059000,중구 영주1동,40대,35,17,68,2025
202507,2611059000,중구 영주1동,50대,30,18,80,2025
202507,2611059000,중구 영주1동,60대이상,113,20,113,2025
202507,2611060000,중구 영주2동,20대,330,40,132,2025
202507,2611060000,중구 영주2동,20대미만,229,27,63,2025
202507,2611060000,중구 영주2동,30대,335,46,138,2025
202507,2611060000,중구 영주2동,40대,485,56,130,2025
202507,2611060000,중구 영주2동,50대,786,89,220,2025
202507,2611060000,중구 영주2동,60대이상,2556,79,502,2025
202507,2614051000,서구 동대신1동,20대,292,29,173,2025
202507,2614051000,서구 동대신1동,20대미만,224,18,140,2025
202507,2614051000,서구 동대신1동,30대,352,40,141,2025
202507,2614051000,서구 동대신1동,40대,429,42,174,2025
202507,2614051000,서구 동대신1동,50대,533,54,223,2025
202507,2614051000,서구 동대신1동,60대이상,1456,81,419,2025
202507,2614052000,서구 동대신2동,20대,155,20,41,2025
202507,2614052000,서구 동대신2동,20대미만,103,16,47,2025
202507,2614052000,서구 동대신2동,30대,124,15,43,2025
202507,2614052000,서구 동대신2동,40대,257,16,76,2025
202507,2614052000,서구 동대신2동,50대,346,36,74,2025
202507,2614052000,서구 동대신2동,60대이상,1312,29,201,2025
202507,2614053000,서구 동대신3동,20대,596,261,540,2025
202507,2614053000,서구 동대신3동,20대미만,434,139,385,2025
202507,2614053000,서구 동대신3동,30대,431,268,439,2025
202507,2614053000,서구 동대신3동,40대,558,232,580,2025
202507,2614053000,서구 동대신3동,50대,701,279,708,2025
202507,2614053000,서구 동대신3동,60대이상,2060,210,1672,2025
202507,2614054000,서구 서대신1동,20대,1035,143,375,2025
202507,2614054000,서구 서대신1동,20대미만,1184,10,276,2025
202507,2614054000,서구 서대신1동,30대,1176,181,294,2025
202507,2614054000,서구 서대신1동,40대,1602,201,389,2025
202507,2614054000,서구 서대신1동,50대,1554,229,523,2025
202507,2614054000,서구 서대신1동,60대이상,3666,214,985,2025
202507,2614056000,서구 서대신3동,20대,222,48,104,2025
202507,2614056000,서구 서대신3동,20대미만,354,92,121,2025
202507,2614056000,서구 서대신3동,30대,247,64,117,2025
202507,2614056000,서구 서대신3동,40대,375,75,157,2025
202507,2614056000,서구 서대신3동,50대,456,58,191,2025
202507,2614056000,서구 서대신3동,60대이상,1013,75,372,2025
202507,2614057000,서구 서대신4동,20대,391,54,172,2025
202507,2614057000,서구 서대신4동,20대미만,505,56,137,2025
202507,2614057000,서구 서대신4동,30대,381,57,136,2025
202507,2614057000,서구 서대신4동,40대,680,74,205,2025
202507,2614057000,서구 서대신4동,50대,764,71,282,2025
202507,2614057000,서구 서대신4동,60대이상,1895,100,588,2025
202507,2614059000,서구 부민동,20대,455,110,204,2025
202507,2614059000,서구 부민동,20대미만,308,18,105,2025
202507,2614059000,서구 부민동,30대,303,64,112,2025
202507,2614059000,서구 부민동,40대,431,67,127,2025
202507,2614059000,서구 부민동,50대,455,65,192,2025
202507,2614059000,서구 부민동,60대이상,1209,60,325,2025
202507,2614061500,서구 아미동,20대,431,50,262,2025
202507,2614061500,서구 아미동,20대미만,160,1,69,2025
202507,2614061500,서구 아미동,30대,455,114,270,2025
202507,2614061500,서구 아미동,40대,342,98,231,2025
202507,2614061500,서구 아미동,50대,671,100,300,2025
202507,2614061500,서구 아미동,60대이상,2566,107,668,2025
202507,2614063000,서구 초장동,20대,151,20,66,2025
202507,2614063000,서구 초장동,20대미만,120,28,44,2025
202507,2614063000,서구 초장동,30대,157,7,46,2025
202507,2614063000,서구 초장동,40대,249,24,100,2025
202507,2614063000,서구 초장동,50대,431,36,140,2025
202507,2614063000,서구 초장동,60대이상,1640,64,325,2025
202507,2614064000,서구 충무동,20대,542,82,163,2025
202507,2614064000,서구 충무동,20대미만,246,78,99,2025
202507,2614064000,서구 충무동,30대,377,119,138,2025
202507,2614064000,서구 충무동,40대,503,128,199,2025
202507,2614064000,서구 충무동,50대,737,167,289,2025
202507,2614064000,서구 충무동,60대이상,1972,170,641,2025
202507,2614065000,서구 남부민1동,20대,108,10,53,2025
202507,2614065000,서구 남부민1동,20대미만,60,2,21,2025
202507,2614065000,서구 남부민1동,30대,70,15,48,2025
202507,2614065000,서구 남부민1동,40대,134,26,87,2025
202507,2614065000,서구 남부민1동,50대,440,49,134,2025
202507,2614065000,서구 남부민1동,60대이상,1135,55,312,2025
202507,2614066000,서구 남부민2동,20대,336,50,244,2025
202507,2614066000,서구 남부민2동,20대미만,331,57,167,2025
202507,2614066000,서구 남부민2동,30대,388,65,274,2025
202507,2614066000,서구 남부민2동,40대,538,84,324,2025
202507,2614066000,서구 남부민2동,50대,887,104,382,2025
202507,2614066000,서구 남부민2동,60대이상,3103,122,789,2025
202507,2614068000,서구 암남동,20대,1114,374,745,2025
202507,2614068000,서구 암남동,20대미만,789,36,342,2025
202507,2614068000,서구 암남동,30대,1246,474,744,2025
202507,2614068000,서구 암남동,40대,1537,529,980,2025
202507,2614068000,서구 암남동,50대,1974,647,1215,2025
202507,2614068000,서구 암남동,60대이상,5072,399,2112,2025
202507,2617051000,동구 초량1동,20대,130,154,398,2025
202507,2617051000,동구 초량1동,20대미만,104,8,141,2025
202507,2617051000,동구 초량1동,30대,151,220,378,2025
202507,2617051000,동구 초량1동,40대,216,204,370,2025
202507,2617051000,동구 초량1동,50대,305,178,413,2025
202507,2617051000,동구 초량1동,60대이상,939,123,596,2025
202507,2617052000,동구 초량2동,20대,271,134,631,2025
202507,2617052000,동구 초량2동,20대미만,196,110,251,2025
202507,2617052000,동구 초량2동,30대,227,166,476,2025
202507,2617052000,동구 초량2동,40대,355,152,464,2025
202507,2617052000,동구 초량2동,50대,582,172,604,2025
202507,2617052000,동구 초량2동,60대이상,1932,198,973,2025
202507,2617053000,동구 초량3동,20대,951,490,1463,2025
202507,2617053000,동구 초량3동,20대미만,633,111,531,2025
202507,2617053000,동구 초량3동,30대,1440,655,1416,2025
202507,2617053000,동구 초량3동,40대,1331,570,1457,2025
202507,2617053000,동구 초량3동,50대,1147,613,1725,2025
202507,2617053000,동구 초량3동,60대이상,2028,399,2149,2025
202507,2617055000,동구 초량6동,20대,71,26,147,2025
202507,2617055000,동구 초량6동,20대미만,51,28,127,2025
202507,2617055000,동구 초량6동,30대,76,18,143,2025
202507,2617055000,동구 초량6동,40대,74,27,160,2025
202507,2617055000,동구 초량6동,50대,154,37,162,2025
202507,2617055000,동구 초량6동,60대이상,409,23,211,2025
202507,2617056000,동구 수정1동,20대,259,67,205,2025
202507,2617056000,동구 수정1동,20대미만,247,25,121,2025
202507,2617056000,동구 수정1동,30대,238,96,207,2025
202507,2617056000,동구 수정1동,40대,352,65,195,2025
202507,2617056000,동구 수정1동,50대,474,83,244,2025
202507,2617056000,동구 수정1동,60대이상,1339,74,432,2025
202507,2617057000,동구 수정2동,20대,444,76,133,2025
202507,2617057000,동구 수정2동,20대미만,375,64,118,2025
202507,2617057000,동구 수정2동,30대,565,130,186,2025
202507,2617057000,동구 수정2동,40대,624,144,207,2025
202507,2617057000,동구 수정2동,50대,986,184,276,2025
202507,2617057000,동구 수정2동,60대이상,2937,138,546,2025
202507,2617059000,동구 수정4동,20대,115,13,32,2025
202507,2617059000,동구 수정4동,20대미만,58,0,31,2025
202507,2617059000,동구 수정4동,30대,108,7,29,2025
202507,2617059000,동구 수정4동,40대,176,19,35,2025
202507,2617059000,동구 수정4동,50대,390,28,76,2025
202507,2617059000,동구 수정4동,60대이상,1354,31,181,2025
202507,2617060000,동구 수정5동,20대,261,20,42,2025
202507,2617060000,동구 수정5동,20대미만,221,22,48,2025
202507,2617060000,동구 수정5동,30대,195,35,52,2025
202507,2617060000,동구 수정5동,40대,348,35,62,2025
202507,2617060000,동구 수정5동,50대,564,63,81,2025
202507,2617060000,동구 수정5동,60대이상,2127,37,240,2025
202507,2617064500,동구 좌천동,20대,233,24,172,2025
202507,2617064500,동구 좌천동,20대미만,109,34,142,2025
202507,2617064500,동구 좌천동,30대,205,42,251,2025
202507,2617064500,동구 좌천동,40대,243,60,248,2025
202507,2617064500,동구 좌천동,50대,412,85,341,2025
202507,2617064500,동구 좌천동,60대이상,1279,65,828,2025
202507,2617065000,동구 범일1동,20대,537,60,207,2025
202507,2617065000,동구 범일1동,20대미만,327,46,81,2025
202507,2617065000,동구 범일1동,30대,577,94,241,2025
202507,2617065000,동구 범일1동,40대,713,113,218,2025
202507,2617065000,동구 범일1동,50대,1130,155,282,2025
202507,2617065000,동구 범일1동,60대이상,3983,196,638,2025
202507,2617066000,동구 범일2동,20대,500,416,594,2025
202507,2617066000,동구 범일2동,20대미만,332,25,186,2025
202507,2617066000,동구 범일2동,30대,632,756,769,2025
202507,2617066000,동구 범일2동,40대,633,911,826,2025
202507,2617066000,동구 범일2동,50대,823,1050,1140,2025
202507,2617066000,동구 범일2동,60대이상,1951,917,2066,2025
202507,2617068000,동구 범일5동,20대,498,84,435,2025
202507,2617068000,동구 범일5동,20대미만,457,83,175,2025
202507,2617068000,동구 범일5동,30대,1319,157,511,2025
202507,2617068000,동구 범일5동,40대,1003,192,543,2025
202507,2617068000,동구 범일5동,50대,842,237,716,2025
202507,2617068000,동구 범일5동,60대이상,1632,332,1390,2025
202507,2620053000,영도구 남항동,20대,561,168,443,2025
202507,2620053000,영도구 남항동,20대미만,459,17,196,2025
202507,2620053000,영도구 남항동,30대,601,261,481,2025
202507,2620053000,영도구 남항동,40대,797,347,608,2025
202507,2620053000,영도구 남항동,50대,1263,456,947,2025
202507,2620053000,영도구 남항동,60대이상,4061,527,2008,2025
202507,2620054000,영도구 영선1동,20대,37,8,22,2025
202507,2620054000,영도구 영선1동,20대미만,39,1,20,2025
202507,2620054000,영도구 영선1동,30대,13,8,29,2025
202507,2620054000,영도구 영선1동,40대,57,26,39,2025
202507,2620054000,영도구 영선1동,50대,104,35,81,2025
202507,2620054000,영도구 영선1동,60대이상,344,57,183,2025
202507,2620055000,영도구 영선2동,20대,340,52,152,2025
202507,2620055000,영도구 영선2동,20대미만,317,65,114,2025
202507,2620055000,영도구 영선2동,30대,413,44,112,2025
202507,2620055000,영도구 영선2동,40대,477,72,142,2025
202507,2620055000,영도구 영선2동,50대,797,87,228,2025
202507,2620055000,영도구 영선2동,60대이상,2853,100,452,2025
202507,2620058500,영도구 신선동,20대,236,26,66,2025
202507,2620058500,영도구 신선동,20대미만,187,100,79,2025
202507,2620058500,영도구 신선동,30대,284,34,81,2025
202507,2620058500,영도구 신선동,40대,486,57,111,2025
202507,2620058500,영도구 신선동,50대,768,80,153,2025
202507,2620058500,영도구 신선동,60대이상,2974,83,362,2025
202507,2620059000,영도구 봉래1동,20대,242,45,177,2025
202507,2620059000,영도구 봉래1동,20대미만,321,4,99,2025
202507,2620059000,영도구 봉래1동,30대,296,61,219,2025
202507,2620059000,영도구 봉래1동,40대,416,99,250,2025
202507,2620059000,영도구 봉래1동,50대,552,139,332,2025
202507,2620059000,영도구 봉래1동,60대이상,1919,202,623,2025
202507,2620060500,영도구 봉래2동,20대,311,49,123,2025
202507,2620060500,영도구 봉래2동,20대미만,229,32,112,2025
202507,2620060500,영도구 봉래2동,30대,395,61,117,2025
202507,2620060500,영도구 봉래2동,40대,508,112,165,2025
202507,2620060500,영도구 봉래2동,50대,795,123,206,2025
202507,2620060500,영도구 봉래2동,60대이상,2373,142,482,2025
202507,2620063000,영도구 청학1동,20대,188,35,90,2025
202507,2620063000,영도구 청학1동,20대미만,210,16,49,2025
202507,2620063000,영도구 청학1동,30대,227,46,104,2025
202507,2620063000,영도구 청학1동,40대,414,128,187,2025
202507,2620063000,영도구 청학1동,50대,549,169,248,2025
202507,2620063000,영도구 청학1동,60대이상,1887,118,423,2025
202507,2620064000,영도구 청학2동,20대,620,118,266,2025
202507,2620064000,영도구 청학2동,20대미만,679,19,180,2025
202507,2620064000,영도구 청학2동,30대,863,199,275,2025
202507,2620064000,영도구 청학2동,40대,1162,261,370,2025
202507,2620064000,영도구 청학2동,50대,1828,343,484,2025
202507,2620064000,영도구 청학2동,60대이상,4998,298,841,2025
202507,2620065000,영도구 동삼1동,20대,1653,270,485,2025
202507,2620065000,영도구 동삼1동,20대미만,1804,148,358,2025
202507,2620065000,영도구 동삼1동,30대,1677,347,445,2025
202507,2620065000,영도구 동삼1동,40대,2310,449,521,2025
202507,2620065000,영도구 동삼1동,50대,3281,559,707,2025
202507,2620065000,영도구 동삼1동,60대이상,9288,370,1084,2025
202507,2620066000,영도구 동삼2동,20대,508,200,465,2025
202507,2620066000,영도구 동삼2동,20대미만,234,27,374,2025
202507,2620066000,영도구 동삼2동,30대,269,108,410,2025
202507,2620066000,영도구 동삼2동,40대,450,141,562,2025
202507,2620066000,영도구 동삼2동,50대,513,154,651,2025
202507,2620066000,영도구 동삼2동,60대이상,1324,93,956,2025
202507,2620067000,영도구 동삼3동,20대,333,55,209,2025
202507,2620067000,영도구 동삼3동,20대미만,369,63,154,2025
202507,2620067000,영도구 동삼3동,30대,397,66,216,2025
202507,2620067000,영도구 동삼3동,40대,595,98,251,2025
202507,2620067000,영도구 동삼3동,50대,949,135,334,2025
202507,2620067000,영도구 동삼3동,60대이상,3658,127,610,2025
202507,2623051000,부산진구 부전1동,20대,2093,715,1757,2025
202507,2623051000,부산진구 부전1동,20대미만,405,49,456,2025
202507,2623051000,부산진구 부전1동,30대,1791,849,1456,2025
202507,2623051000,부산진구 부전1동,40대,1038,758,1188,2025
202507,2623051000,부산진구 부전1동,50대,1265,886,1716,2025
202507,2623051000,부산진구 부전1동,60대이상,2792,1197,4538,2025
202507,2623052000,부산진구 부전2동,20대,1828,1691,6327,2025
202507,2623052000,부산진구 부전2동,20대미만,336,111,1821,2025
202507,2623052000,부산진구 부전2동,30대,1747,1316,3443,2025
202507,2623052000,부산진구 부전2동,40대,1195,959,2263,2025
202507,2623052000,부산진구 부전2동,50대,1115,908,2052,2025
202507,2623052000,부산진구 부전2동,60대이상,1804,665,2767,2025
202507,2623054000,부산진구 연지동,20대,603,82,188,2025
202507,2623054000,부산진구 연지동,20대미만,672,43,204,2025
202507,2623054000,부산진구 연지동,30대,904,104,240,2025
202507,2623054000,부산진구 연지동,40대,1221,137,225,2025
202507,2623054000,부산진구 연지동,50대,1389,174,290,2025
202507,2623054000,부산진구 연지동,60대이상,3870,143,593,2025
202507,2623055000,부산진구 초읍동,20대,1218,179,372,2025
202507,2623055000,부산진구 초읍동,20대미만,1794,100,282,2025
202507,2623055000,부산진구 초읍동,30대,1628,219,514,2025
202507,2623055000,부산진구 초읍동,40대,2095,292,610,2025
202507,2623055000,부산진구 초읍동,50대,2634,430,757,2025
202507,2623055000,부산진구 초읍동,60대이상,7536,330,1386,2025
202507,2623056000,부산진구 양정1동,20대,1485,357,746,2025
202507,2623056000,부산진구 양정1동,20대미만,1148,257,380,2025
202507,2623056000,부산진구 양정1동,30대,1646,383,755,2025
202507,2623056000,부산진구 양정1동,40대,1587,401,596,2025
202507,2623056000,부산진구 양정1동,50대,2341,480,757,2025
202507,2623056000,부산진구 양정1동,60대이상,5415,471,1331,2025
202507,2623057000,부산진구 양정2동,20대,1969,264,561,2025
202507,2623057000,부산진구 양정2동,20대미만,862,210,224,2025
202507,2623057000,부산진구 양정2동,30대,2461,339,603,2025
202507,2623057000,부산진구 양정2동,40대,1594,285,467,2025
202507,2623057000,부산진구 양정2동,50대,1392,336,681,2025
202507,2623057000,부산진구 양정2동,60대이상,2570,252,1163,2025
202507,2623060000,부산진구 전포1동,20대,2683,796,2489,2025
202507,2623060000,부산진구 전포1동,20대미만,665,294,686,2025
202507,2623060000,부산진구 전포1동,30대,2639,655,1271,2025
202507,2623060000,부산진구 전포1동,40대,1378,405,695,2025
202507,2623060000,부산진구 전포1동,50대,1660,416,610,2025
202507,2623060000,부산진구 전포1동,60대이상,2677,308,755,2025
202507,2623061000,부산진구 전포2동,20대,2096,457,1727,2025
202507,2623061000,부산진구 전포2동,20대미만,1002,72,583,2025
202507,2623061000,부산진구 전포2동,30대,2458,455,1182,2025
202507,2623061000,부산진구 전포2동,40대,2119,349,671,2025
202507,2623061000,부산진구 전포2동,50대,2260,395,656,2025
202507,2623061000,부산진구 전포2동,60대이상,5561,367,1240,2025
202507,2623064000,부산진구 부암1동,20대,1438,196,531,2025
202507,2623064000,부산진구 부암1동,20대미만,1221,28,213,2025
202507,2623064000,부산진구 부암1동,30대,2154,305,548,2025
202507,2623064000,부산진구 부암1동,40대,2114,288,498,2025
202507,2623064000,부산진구 부암1동,50대,2285,349,675,2025
202507,2623064000,부산진구 부암1동,60대이상,4980,250,1121,2025
202507,2623066000,부산진구 부암3동,20대,1197,123,429,2025
202507,2623066000,부산진구 부암3동,20대미만,1748,112,348,2025
202507,2623066000,부산진구 부암3동,30대,2029,147,447,2025
202507,2623066000,부산진구 부암3동,40대,2282,230,486,2025
202507,2623066000,부산진구 부암3동,50대,2740,301,676,2025
202507,2623066000,부산진구 부암3동,60대이상,5261,279,1451,2025
202507,2623067000,부산진구 당감1동,20대,1237,183,354,2025
202507,2623067000,부산진구 당감1동,20대미만,1081,149,285,2025
202507,2623067000,부산진구 당감1동,30대,1308,162,390,2025
202507,2623067000,부산진구 당감1동,40대,1648,228,430,2025
202507,2623067000,부산진구 당감1동,50대,2724,348,618,2025
202507,2623067000,부산진구 당감1동,60대이상,6352,339,1124,2025
202507,2623068000,부산진구 당감2동,20대,529,42,187,2025
202507,2623068000,부산진구 당감2동,20대미만,309,5,103,2025
202507,2623068000,부산진구 당감2동,30대,552,67,240,2025
202507,2623068000,부산진구 당감2동,40대,693,72,241,2025
202507,2623068000,부산진구 당감2동,50대,722,91,319,2025
202507,2623068000,부산진구 당감2동,60대이상,1716,85,501,2025
202507,2623070000,부산진구 당감4동,20대,508,51,172,2025
202507,2623070000,부산진구 당감4동,20대미만,627,20,178,2025
202507,2623070000,부산진구 당감4동,30대,562,50,229,2025
202507,2623070000,부산진구 당감4동,40대,776,67,266,2025
202507,2623070000,부산진구 당감4동,50대,1139,130,346,2025
202507,2623070000,부산진구 당감4동,60대이상,2654,134,608,2025
202507,2623071000,부산진구 가야1동,20대,1348,357,639,2025
202507,2623071000,부산진구 가야1동,20대미만,936,155,326,2025
202507,2623071000,부산진구 가야1동,30대,1107,200,543,2025
202507,2623071000,부산진구 가야1동,40대,1404,271,586,2025
202507,2623071000,부산진구 가야1동,50대,1805,385,727,2025
202507,2623071000,부산진구 가야1동,60대이상,4997,295,1311,2025
202507,2623072000,부산진구 가야2동,20대,694,73,314,2025
202507,2623072000,부산진구 가야2동,20대미만,503,89,230,2025
202507,2623072000,부산진구 가야2동,30대,603,78,352,2025
202507,2623072000,부산진구 가야2동,40대,848,103,373,2025
202507,2623072000,부산진구 가야2동,50대,1091,152,518,2025
202507,2623072000,부산진구 가야2동,60대이상,3166,175,991,2025
202507,2623074000,부산진구 개금1동,20대,2008,191,554,2025
202507,2623074000,부산진구 개금1동,20대미만,726,19,306,2025
202507,2623074000,부산진구 개금1동,30대,1827,175,463,2025
202507,2623074000,부산진구 개금1동,40대,1366,190,443,2025
202507,2623074000,부산진구 개금1동,50대,1760,288,587,2025
202507,2623074000,부산진구 개금1동,60대이상,3764,277,1090,2025
202507,2623075000,부산진구 개금2동,20대,678,157,489,2025
202507,2623075000,부산진구 개금2동,20대미만,527,24,182,2025
202507,2623075000,부산진구 개금2동,30대,518,196,413,2025
202507,2623075000,부산진구 개금2동,40대,663,167,395,2025
202507,2623075000,부산진구 개금2동,50대,1012,165,519,2025
202507,2623075000,부산진구 개금2동,60대이상,2603,127,1089,2025
202507,2623076000,부산진구 개금3동,20대,1681,163,323,2025
202507,2623076000,부산진구 개금3동,20대미만,1501,93,275,2025
202507,2623076000,부산진구 개금3동,30대,1806,168,435,2025
202507,2623076000,부산진구 개금3동,40대,2081,180,375,2025
202507,2623076000,부산진구 개금3동,50대,3001,302,553,2025
202507,2623076000,부산진구 개금3동,60대이상,7777,309,1067,2025
202507,2623077000,부산진구 범천1동,20대,1483,422,1120,2025
202507,2623077000,부산진구 범천1동,20대미만,411,12,350,2025
202507,2623077000,부산진구 범천1동,30대,1717,593,1126,2025
202507,2623077000,부산진구 범천1동,40대,1101,622,975,2025
202507,2623077000,부산진구 범천1동,50대,1159,713,1252,2025
202507,2623077000,부산진구 범천1동,60대이상,2620,714,2290,2025
202507,2623078000,부산진구 범천2동,20대,1269,147,498,2025
202507,2623078000,부산진구 범천2동,20대미만,829,12,161,2025
202507,2623078000,부산진구 범천2동,30대,2358,267,520,2025
202507,2623078000,부산진구 범천2동,40대,1958,253,390,2025
202507,2623078000,부산진구 범천2동,50대,1926,273,457,2025
202507,2623078000,부산진구 범천2동,60대이상,5549,311,949,2025
202507,2626051000,동래구 수민동,20대,1508,219,556,2025
202507,2626051000,동래구 수민동,20대미만,1356,75,494,2025
202507,2626051000,동래구 수민동,30대,1841,302,634,2025
202507,2626051000,동래구 수민동,40대,1896,343,766,2025
202507,2626051000,동래구 수민동,50대,2519,455,1112,2025
202507,2626051000,동래구 수민동,60대이상,7850,465,2506,2025
202507,2626052000,동래구 복산동,20대,422,53,126,2025
202507,2626052000,동래구 복산동,20대미만,340,19,146,2025
202507,2626052000,동래구 복산동,30대,436,86,130,2025
202507,2626052000,동래구 복산동,40대,520,103,178,2025
202507,2626052000,동래구 복산동,50대,888,146,240,2025
202507,2626052000,동래구 복산동,60대이상,2910,128,418,2025
202507,2626054500,동래구 명륜동,20대,1462,477,1480,2025
202507,2626054500,동래구 명륜동,20대미만,2297,270,837,2025
202507,2626054500,동래구 명륜동,30대,1851,598,1257,2025
202507,2626054500,동래구 명륜동,40대,3242,650,1293,2025
202507,2626054500,동래구 명륜동,50대,3055,786,1538,2025
202507,2626054500,동래구 명륜동,60대이상,4427,606,2746,2025
202507,2626055000,동래구 온천1동,20대,2618,392,1085,2025
202507,2626055000,동래구 온천1동,20대미만,2305,141,657,2025
202507,2626055000,동래구 온천1동,30대,3888,456,1229,2025
202507,2626055000,동래구 온천1동,40대,3596,520,1266,2025
202507,2626055000,동래구 온천1동,50대,3373,594,1379,2025
202507,2626055000,동래구 온천1동,60대이상,5998,539,2276,2025
202507,2626056000,동래구 온천2동,20대,802,208,473,2025
202507,2626056000,동래구 온천2동,20대미만,1408,173,286,2025
202507,2626056000,동래구 온천2동,30대,1217,292,441,2025
202507,2626056000,동래구 온천2동,40대,1737,349,522,2025
202507,2626056000,동래구 온천2동,50대,1517,333,706,2025
202507,2626056000,동래구 온천2동,60대이상,3678,304,1262,2025
202507,2626057000,동래구 온천3동,20대,2691,282,1318,2025
202507,2626057000,동래구 온천3동,20대미만,2177,177,1720,2025
202507,2626057000,동래구 온천3동,30대,2933,358,1839,2025
202507,2626057000,동래구 온천3동,40대,3098,440,2221,2025
202507,2626057000,동래구 온천3동,50대,3986,535,1922,2025
202507,2626057000,동래구 온천3동,60대이상,8914,452,3633,2025
202507,2626058000,동래구 사직1동,20대,582,192,699,2025
202507,2626058000,동래구 사직1동,20대미만,890,93,828,2025
202507,2626058000,동래구 사직1동,30대,844,210,726,2025
202507,2626058000,동래구 사직1동,40대,1060,229,888,2025
202507,2626058000,동래구 사직1동,50대,1023,231,962,2025
202507,2626058000,동래구 사직1동,60대이상,2401,286,1720,2025
202507,2626059000,동래구 사직2동,20대,1497,191,1118,2025
202507,2626059000,동래구 사직2동,20대미만,2959,335,1153,2025
202507,2626059000,동래구 사직2동,30대,1362,169,792,2025
202507,2626059000,동래구 사직2동,40대,2638,290,1067,2025
202507,2626059000,동래구 사직2동,50대,3050,283,946,2025
202507,2626059000,동래구 사직2동,60대이상,4140,229,1275,2025
202507,2626060000,동래구 사직3동,20대,918,136,394,2025
202507,2626060000,동래구 사직3동,20대미만,1529,65,533,2025
202507,2626060000,동래구 사직3동,30대,1095,178,391,2025
202507,2626060000,동래구 사직3동,40대,2039,255,557,2025
202507,2626060000,동래구 사직3동,50대,1727,248,579,2025
202507,2626060000,동래구 사직3동,60대이상,3963,195,913,2025
202507,2626074000,동래구 안락1동,20대,659,203,338,2025
202507,2626074000,동래구 안락1동,20대미만,601,45,246,2025
202507,2626074000,동래구 안락1동,30대,790,221,410,2025
202507,2626074000,동래구 안락1동,40대,935,217,531,2025
202507,2626074000,동래구 안락1동,50대,1271,311,745,2025
202507,2626074000,동래구 안락1동,60대이상,3910,325,1540,2025
202507,2626075000,동래구 안락2동,20대,1529,244,481,2025
202507,2626075000,동래구 안락2동,20대미만,1961,132,419,2025
202507,2626075000,동래구 안락2동,30대,1828,296,556,2025
202507,2626075000,동래구 안락2동,40대,2538,368,626,2025
202507,2626075000,동래구 안락2동,50대,3093,443,729,2025
202507,2626075000,동래구 안락2동,60대이상,6665,406,1363,2025
202507,2626076100,동래구 명장1동,20대,658,86,249,2025
202507,2626076100,동래구 명장1동,20대미만,943,212,221,2025
202507,2626076100,동래구 명장1동,30대,986,112,251,2025
202507,2626076100,동래구 명장1동,40대,1272,173,343,2025
202507,2626076100,동래구 명장1동,50대,1461,260,370,2025
202507,2626076100,동래구 명장1동,60대이상,4178,328,862,2025
202507,2626076200,동래구 명장2동,20대,435,34,89,2025
202507,2626076200,동래구 명장2동,20대미만,516,172,212,2025
202507,2626076200,동래구 명장2동,30대,609,49,138,2025
202507,2626076200,동래구 명장2동,40대,691,76,168,2025
202507,2626076200,동래구 명장2동,50대,910,100,209,2025
202507,2626076200,동래구 명장2동,60대이상,2302,131,425,2025
202507,2629051000,남구 대연1동,20대,2249,234,992,2025
202507,2629051000,남구 대연1동,20대미만,682,73,521,2025
202507,2629051000,남구 대연1동,30대,1071,183,762,2025
202507,2629051000,남구 대연1동,40대,1038,208,842,2025
202507,2629051000,남구 대연1동,50대,1533,313,993,2025
202507,2629051000,남구 대연1동,60대이상,4016,243,1709,2025
202507,2629053000,남구 대연3동,20대,4485,1684,2345,2025
202507,2629053000,남구 대연3동,20대미만,3124,311,1187,2025
202507,2629053000,남구 대연3동,30대,3042,827,1335,2025
202507,2629053000,남구 대연3동,40대,3974,866,1330,2025
202507,2629053000,남구 대연3동,50대,3732,753,1464,2025
202507,2629053000,남구 대연3동,60대이상,6324,532,1893,2025
202507,2629054000,남구 대연4동,20대,682,71,254,2025
202507,2629054000,남구 대연4동,20대미만,915,52,227,2025
202507,2629054000,남구 대연4동,30대,1308,112,298,2025
202507,2629054000,남구 대연4동,40대,1360,151,363,2025
202507,2629054000,남구 대연4동,50대,1345,176,431,2025
202507,2629054000,남구 대연4동,60대이상,3374,192,879,2025
202507,2629055000,남구 대연5동,20대,1562,199,475,2025
202507,2629055000,남구 대연5동,20대미만,833,90,254,2025
202507,2629055000,남구 대연5동,30대,1062,187,342,2025
202507,2629055000,남구 대연5동,40대,1260,236,360,2025
202507,2629055000,남구 대연5동,50대,1648,272,456,2025
202507,2629055000,남구 대연5동,60대이상,3849,227,775,2025
202507,2629056000,남구 대연6동,20대,805,134,228,2025
202507,2629056000,남구 대연6동,20대미만,1472,156,209,2025
202507,2629056000,남구 대연6동,30대,1191,220,260,2025
202507,2629056000,남구 대연6동,40대,1787,274,318,2025
202507,2629056000,남구 대연6동,50대,1531,265,362,2025
202507,2629056000,남구 대연6동,60대이상,2763,164,587,2025
202507,2629057000,남구 용호1동,20대,2182,278,599,2025
202507,2629057000,남구 용호1동,20대미만,3634,151,470,2025
202507,2629057000,남구 용호1동,30대,2432,279,602,2025
202507,2629057000,남구 용호1동,40대,3926,457,711,2025
202507,2629057000,남구 용호1동,50대,5596,575,894,2025
202507,2629057000,남구 용호1동,60대이상,10529,443,1629,2025
202507,2629058000,남구 용호2동,20대,876,145,375,2025
202507,2629058000,남구 용호2동,20대미만,1493,27,203,2025
202507,2629058000,남구 용호2동,30대,1404,134,337,2025
202507,2629058000,남구 용호2동,40대,1920,220,411,2025
202507,2629058000,남구 용호2동,50대,2001,210,491,2025
202507,2629058000,남구 용호2동,60대이상,4756,189,973,2025
202507,2629059000,남구 용호3동,20대,593,97,282,2025
202507,2629059000,남구 용호3동,20대미만,586,192,238,2025
202507,2629059000,남구 용호3동,30대,586,98,264,2025
202507,2629059000,남구 용호3동,40대,799,142,350,2025
202507,2629059000,남구 용호3동,50대,1264,213,491,2025
202507,2629059000,남구 용호3동,60대이상,3942,250,838,2025
202507,2629060000,남구 용호4동,20대,388,105,285,2025
202507,2629060000,남구 용호4동,20대미만,405,29,166,2025
202507,2629060000,남구 용호4동,30대,442,69,231,2025
202507,2629060000,남구 용호4동,40대,590,108,271,2025
202507,2629060000,남구 용호4동,50대,762,127,327,2025
202507,2629060000,남구 용호4동,60대이상,2090,170,684,2025
202507,2629061000,남구 용당동,20대,485,209,346,2025
202507,2629061000,남구 용당동,20대미만,455,76,182,2025
202507,2629061000,남구 용당동,30대,448,181,303,2025
202507,2629061000,남구 용당동,40대,670,267,434,2025
202507,2629061000,남구 용당동,50대,1022,287,561,2025
202507,2629061000,남구 용당동,60대이상,2157,229,685,2025
202507,2629062000,남구 감만1동,20대,419,123,228,2025
202507,2629062000,남구 감만1동,20대미만,292,25,82,2025
202507,2629062000,남구 감만1동,30대,405,186,335,2025
202507,2629062000,남구 감만1동,40대,539,191,431,2025
202507,2629062000,남구 감만1동,50대,751,271,642,2025
202507,2629062000,남구 감만1동,60대이상,2153,253,643,2025
202507,2629063000,남구 감만2동,20대,163,17,75,2025
202507,2629063000,남구 감만2동,20대미만,196,30,82,2025
202507,2629063000,남구 감만2동,30대,206,28,87,2025
202507,2629063000,남구 감만2동,40대,313,37,137,2025
202507,2629063000,남구 감만2동,50대,660,78,160,2025
202507,2629063000,남구 감만2동,60대이상,1737,75,371,2025
202507,2629064500,남구 우암동,20대,598,101,309,2025
202507,2629064500,남구 우암동,20대미만,791,73,179,2025
202507,2629064500,남구 우암동,30대,628,144,388,2025
202507,2629064500,남구 우암동,40대,991,177,436,2025
202507,2629064500,남구 우암동,50대,1336,285,776,2025
202507,2629064500,남구 우암동,60대이상,4626,247,1278,2025
202507,2629068000,남구 문현1동,20대,518,51,191,2025
202507,2629068000,남구 문현1동,20대미만,595,88,189,2025
202507,2629068000,남구 문현1동,30대,403,45,241,2025
202507,2629068000,남구 문현1동,40대,707,98,269,2025
202507,2629068000,남구 문현1동,50대,1019,133,355,2025
202507,2629068000,남구 문현1동,60대이상,2715,109,643,2025
202507,2629069000,남구 문현2동,20대,372,337,437,2025
202507,2629069000,남구 문현2동,20대미만,194,49,179,2025
202507,2629069000,남구 문현2동,30대,635,702,547,2025
202507,2629069000,남구 문현2동,40대,439,551,469,2025
202507,2629069000,남구 문현2동,50대,516,448,531,2025
202507,2629069000,남구 문현2동,60대이상,1721,225,799,2025
202507,2629070000,남구 문현3동,20대,626,91,693,2025
202507,2629070000,남구 문현3동,20대미만,594,60,782,2025
202507,2629070000,남구 문현3동,30대,977,93,688,2025
202507,2629070000,남구 문현3동,40대,1164,159,942,2025
202507,2629070000,남구 문현3동,50대,1137,174,1338,2025
202507,2629070000,남구 문현3동,60대이상,3460,204,2498,2025
202507,2629071000,남구 문현4동,20대,372,80,274,2025
202507,2629071000,남구 문현4동,20대미만,305,45,141,2025
202507,2629071000,남구 문현4동,30대,511,101,321,2025
202507,2629071000,남구 문현4동,40대,470,86,325,2025
202507,2629071000,남구 문현4동,50대,659,102,277,2025
202507,2629071000,남구 문현4동,60대이상,1766,107,457,2025
202507,2632051000,북구 구포1동,20대,987,116,475,2025
202507,2632051000,북구 구포1동,20대미만,646,3,183,2025
202507,2632051000,북구 구포1동,30대,1359,160,484,2025
202507,2632051000,북구 구포1동,40대,1310,195,516,2025
202507,2632051000,북구 구포1동,50대,1705,373,913,2025
202507,2632051000,북구 구포1동,60대이상,4811,470,2163,2025
202507,2632052000,북구 구포2동,20대,1491,171,332,2025
202507,2632052000,북구 구포2동,20대미만,1145,138,220,2025
202507,2632052000,북구 구포2동,30대,1843,286,370,2025
202507,2632052000,북구 구포2동,40대,1902,294,414,2025
202507,2632052000,북구 구포2동,50대,2889,390,625,2025
202507,2632052000,북구 구포2동,60대이상,7133,376,1152,2025
202507,2632052100,북구 구포3동,20대,1278,109,205,2025
202507,2632052100,북구 구포3동,20대미만,1095,135,133,2025
202507,2632052100,북구 구포3동,30대,1165,127,174,2025
202507,2632052100,북구 구포3동,40대,1525,166,205,2025
202507,2632052100,북구 구포3동,50대,2628,294,344,2025
202507,2632052100,북구 구포3동,60대이상,5862,255,615,2025
202507,2632053000,북구 금곡동,20대,2096,234,451,2025
202507,2632053000,북구 금곡동,20대미만,2179,102,385,2025
202507,2632053000,북구 금곡동,30대,2219,252,510,2025
202507,2632053000,북구 금곡동,40대,2765,292,579,2025
202507,2632053000,북구 금곡동,50대,4471,551,837,2025
202507,2632053000,북구 금곡동,60대이상,11918,438,1600,2025
202507,2632054100,북구 화명1동,20대,2503,208,1018,2025
202507,2632054100,북구 화명1동,20대미만,2901,68,1051,2025
202507,2632054100,북구 화명1동,30대,3408,236,1185,2025
202507,2632054100,북구 화명1동,40대,3286,282,1145,2025
202507,2632054100,북구 화명1동,50대,4708,451,1454,2025
202507,2632054100,북구 화명1동,60대이상,8053,432,2239,2025
202507,2632054200,북구 화명2동,20대,1231,146,359,2025
202507,2632054200,북구 화명2동,20대미만,1314,114,318,2025
202507,2632054200,북구 화명2동,30대,1485,140,398,2025
202507,2632054200,북구 화명2동,40대,1419,164,374,2025
202507,2632054200,북구 화명2동,50대,2175,276,574,2025
202507,2632054200,북구 화명2동,60대이상,4478,260,919,2025
202507,2632054300,북구 화명3동,20대,1889,384,858,2025
202507,2632054300,북구 화명3동,20대미만,2508,277,729,2025
202507,2632054300,북구 화명3동,30대,1646,359,782,2025
202507,2632054300,북구 화명3동,40대,2476,391,714,2025
202507,2632054300,북구 화명3동,50대,3250,517,983,2025
202507,2632054300,북구 화명3동,60대이상,4719,348,1576,2025
202507,2632055000,북구 덕천1동,20대,834,131,346,2025
202507,2632055000,북구 덕천1동,20대미만,484,28,201,2025
202507,2632055000,북구 덕천1동,30대,1322,167,395,2025
202507,2632055000,북구 덕천1동,40대,1021,188,404,2025
202507,2632055000,북구 덕천1동,50대,1402,283,605,2025
202507,2632055000,북구 덕천1동,60대이상,4065,251,1215,2025
202507,2632056000,북구 덕천2동,20대,799,421,908,2025
202507,2632056000,북구 덕천2동,20대미만,521,149,523,2025
202507,2632056000,북구 덕천2동,30대,854,482,899,2025
202507,2632056000,북구 덕천2동,40대,784,429,874,2025
202507,2632056000,북구 덕천2동,50대,1216,482,1241,2025
202507,2632056000,북구 덕천2동,60대이상,3399,424,2055,2025
202507,2632056100,북구 덕천3동,20대,323,20,67,2025
202507,2632056100,북구 덕천3동,20대미만,228,9,40,2025
202507,2632056100,북구 덕천3동,30대,321,19,102,2025
202507,2632056100,북구 덕천3동,40대,464,34,88,2025
202507,2632056100,북구 덕천3동,50대,829,105,147,2025
202507,2632056100,북구 덕천3동,60대이상,2342,55,288,2025
202507,2632057100,북구 만덕1동,20대,850,90,195,2025
202507,2632057100,북구 만덕1동,20대미만,988,57,161,2025
202507,2632057100,북구 만덕1동,30대,1861,122,309,2025
202507,2632057100,북구 만덕1동,40대,1730,146,311,2025
202507,2632057100,북구 만덕1동,50대,1487,160,327,2025
202507,2632057100,북구 만덕1동,60대이상,4059,186,774,2025
202507,2632057200,북구 만덕2동,20대,1526,171,304,2025
202507,2632057200,북구 만덕2동,20대미만,2287,145,293,2025
202507,2632057200,북구 만덕2동,30대,2149,181,421,2025
202507,2632057200,북구 만덕2동,40대,2632,266,388,2025
202507,2632057200,북구 만덕2동,50대,2933,279,488,2025
202507,2632057200,북구 만덕2동,60대이상,6783,287,1000,2025
202507,2632057300,북구 만덕3동,20대,1026,97,235,2025
202507,2632057300,북구 만덕3동,20대미만,944,32,255,2025
202507,2632057300,북구 만덕3동,30대,1138,80,270,2025
202507,2632057300,북구 만덕3동,40대,1438,119,272,2025
202507,2632057300,북구 만덕3동,50대,1936,179,323,2025
202507,2632057300,북구 만덕3동,60대이상,5398,237,690,2025
202507,2635051000,해운대구 우1동,20대,1639,668,2727,2025
202507,2635051000,해운대구 우1동,20대미만,1909,456,1631,2025
202507,2635051000,해운대구 우1동,30대,2099,671,2442,2025
202507,2635051000,해운대구 우1동,40대,2499,626,2592,2025
202507,2635051000,해운대구 우1동,50대,2767,728,2336,2025
202507,2635051000,해운대구 우1동,60대이상,6020,671,3124,2025
202507,2635052000,해운대구 우2동,20대,1608,1745,2434,2025
202507,2635052000,해운대구 우2동,20대미만,2172,538,1906,2025
202507,2635052000,해운대구 우2동,30대,2195,2233,2649,2025
202507,2635052000,해운대구 우2동,40대,3177,1613,2596,2025
202507,2635052000,해운대구 우2동,50대,3694,1474,2379,2025
202507,2635052000,해운대구 우2동,60대이상,6522,825,2898,2025
202507,2635052500,해운대구 우3동,20대,1203,169,654,2025
202507,2635052500,해운대구 우3동,20대미만,2058,68,472,2025
202507,2635052500,해운대구 우3동,30대,1905,249,657,2025
202507,2635052500,해운대구 우3동,40대,3080,408,791,2025
202507,2635052500,해운대구 우3동,50대,3253,363,828,2025
202507,2635052500,해운대구 우3동,60대이상,6103,329,1170,2025
202507,2635053000,해운대구 중1동,20대,1839,637,2457,2025
202507,2635053000,해운대구 중1동,20대미만,1897,94,1782,2025
202507,2635053000,해운대구 중1동,30대,2219,705,2618,2025
202507,2635053000,해운대구 중1동,40대,3009,740,2729,2025
202507,2635053000,해운대구 중1동,50대,3355,828,2360,2025
202507,2635053000,해운대구 중1동,60대이상,5820,608,2745,2025
202507,2635054000,해운대구 중2동,20대,859,136,549,2025
202507,2635054000,해운대구 중2동,20대미만,1290,53,337,2025
202507,2635054000,해운대구 중2동,30대,1297,175,591,2025
202507,2635054000,해운대구 중2동,40대,1762,210,646,2025
202507,2635054000,해운대구 중2동,50대,1894,221,764,2025
202507,2635054000,해운대구 중2동,60대이상,3874,230,1151,2025
202507,2635055100,해운대구 좌1동,20대,1245,355,789,2025
202507,2635055100,해운대구 좌1동,20대미만,1061,48,709,2025
202507,2635055100,해운대구 좌1동,30대,1294,398,761,2025
202507,2635055100,해운대구 좌1동,40대,1671,373,831,2025
202507,2635055100,해운대구 좌1동,50대,2212,495,1039,2025
202507,2635055100,해운대구 좌1동,60대이상,3339,359,1367,2025
202507,2635055200,해운대구 좌2동,20대,2451,241,623,2025
202507,2635055200,해운대구 좌2동,20대미만,2271,93,576,2025
202507,2635055200,해운대구 좌2동,30대,2942,247,584,2025
202507,2635055200,해운대구 좌2동,40대,2967,341,551,2025
202507,2635055200,해운대구 좌2동,50대,3845,414,652,2025
202507,2635055200,해운대구 좌2동,60대이상,6909,335,1082,2025
202507,2635055300,해운대구 좌3동,20대,944,92,288,2025
202507,2635055300,해운대구 좌3동,20대미만,1129,222,313,2025
202507,2635055300,해운대구 좌3동,30대,1058,85,282,2025
202507,2635055300,해운대구 좌3동,40대,1379,105,316,2025
202507,2635055300,해운대구 좌3동,50대,2011,157,415,2025
202507,2635055300,해운대구 좌3동,60대이상,4285,152,760,2025
202507,2635055400,해운대구 좌4동,20대,1524,348,747,2025
202507,2635055400,해운대구 좌4동,20대미만,2610,291,484,2025
202507,2635055400,해운대구 좌4동,30대,1558,330,632,2025
202507,2635055400,해운대구 좌4동,40대,2236,403,780,2025
202507,2635055400,해운대구 좌4동,50대,2804,464,919,2025
202507,2635055400,해운대구 좌4동,60대이상,4774,357,1843,2025
202507,2635056000,해운대구 송정동,20대,474,267,1436,2025
202507,2635056000,해운대구 송정동,20대미만,540,92,929,2025
202507,2635056000,해운대구 송정동,30대,682,315,1365,2025
202507,2635056000,해운대구 송정동,40대,798,318,1422,2025
202507,2635056000,해운대구 송정동,50대,1080,386,1311,2025
202507,2635056000,해운대구 송정동,60대이상,3253,336,1636,2025
202507,2635057000,해운대구 반여1동,20대,2531,352,602,2025
202507,2635057000,해운대구 반여1동,20대미만,3917,181,421,2025
202507,2635057000,해운대구 반여1동,30대,2742,407,645,2025
202507,2635057000,해운대구 반여1동,40대,3930,547,774,2025
202507,2635057000,해운대구 반여1동,50대,4805,641,923,2025
202507,2635057000,해운대구 반여1동,60대이상,8179,474,1531,2025
202507,2635058000,해운대구 반여2동,20대,599,57,178,2025
202507,2635058000,해운대구 반여2동,20대미만,394,25,124,2025
202507,2635058000,해운대구 반여2동,30대,800,75,182,2025
202507,2635058000,해운대구 반여2동,40대,956,98,247,2025
202507,2635058000,해운대구 반여2동,50대,1451,169,398,2025
202507,2635058000,해운대구 반여2동,60대이상,4072,124,873,2025
202507,2635059000,해운대구 반여3동,20대,348,20,56,2025
202507,2635059000,해운대구 반여3동,20대미만,193,9,39,2025
202507,2635059000,해운대구 반여3동,30대,393,29,60,2025
202507,2635059000,해운대구 반여3동,40대,488,38,76,2025
202507,2635059000,해운대구 반여3동,50대,818,74,144,2025
202507,2635059000,해운대구 반여3동,60대이상,2078,75,251,2025
202507,2635059500,해운대구 반여4동,20대,640,45,214,2025
202507,2635059500,해운대구 반여4동,20대미만,835,26,200,2025
202507,2635059500,해운대구 반여4동,30대,807,59,235,2025
202507,2635059500,해운대구 반여4동,40대,892,93,309,2025
202507,2635059500,해운대구 반여4동,50대,1059,123,370,2025
202507,2635059500,해운대구 반여4동,60대이상,2119,84,859,2025
202507,2635061000,해운대구 반송1동,20대,601,107,155,2025
202507,2635061000,해운대구 반송1동,20대미만,246,70,86,2025
202507,2635061000,해운대구 반송1동,30대,624,131,168,2025
202507,2635061000,해운대구 반송1동,40대,791,143,215,2025
202507,2635061000,해운대구 반송1동,50대,1133,221,377,2025
202507,2635061000,해운대구 반송1동,60대이상,3425,233,587,2025
202507,2635062000,해운대구 반송2동,20대,1028,97,142,2025
202507,2635062000,해운대구 반송2동,20대미만,989,21,95,2025
202507,2635062000,해운대구 반송2동,30대,1122,92,155,2025
202507,2635062000,해운대구 반송2동,40대,1751,186,215,2025
202507,2635062000,해운대구 반송2동,50대,2657,324,319,2025
202507,2635062000,해운대구 반송2동,60대이상,8365,292,572,2025
202507,2635065000,해운대구 재송1동,20대,2233,489,816,2025
202507,2635065000,해운대구 재송1동,20대미만,4278,179,586,2025
202507,2635065000,해운대구 재송1동,30대,2620,671,893,2025
202507,2635065000,해운대구 재송1동,40대,4965,733,1151,2025
202507,2635065000,해운대구 재송1동,50대,4204,632,1246,2025
202507,2635065000,해운대구 재송1동,60대이상,6660,463,1846,2025
202507,2635066000,해운대구 재송2동,20대,1306,132,376,2025
202507,2635066000,해운대구 재송2동,20대미만,1216,53,246,2025
202507,2635066000,해운대구 재송2동,30대,1476,171,442,2025
202507,2635066000,해운대구 재송2동,40대,1959,243,519,2025
202507,2635066000,해운대구 재송2동,50대,2678,313,647,2025
202507,2635066000,해운대구 재송2동,60대이상,6475,261,1047,2025
202507,2638051000,사하구 괴정1동,20대,945,83,353,2025
202507,2638051000,사하구 괴정1동,20대미만,1056,103,310,2025
202507,2638051000,사하구 괴정1동,30대,1033,100,377,2025
202507,2638051000,사하구 괴정1동,40대,1519,144,454,2025
202507,2638051000,사하구 괴정1동,50대,1908,232,610,2025
202507,2638051000,사하구 괴정1동,60대이상,5582,211,1126,2025
202507,2638052000,사하구 괴정2동,20대,753,48,129,2025
202507,2638052000,사하구 괴정2동,20대미만,745,41,91,2025
202507,2638052000,사하구 괴정2동,30대,858,55,120,2025
202507,2638052000,사하구 괴정2동,40대,1114,103,137,2025
202507,2638052000,사하구 괴정2동,50대,1371,116,196,2025
202507,2638052000,사하구 괴정2동,60대이상,4360,111,409,2025
202507,2638053000,사하구 괴정3동,20대,710,140,340,2025
202507,2638053000,사하구 괴정3동,20대미만,620,42,237,2025
202507,2638053000,사하구 괴정3동,30대,767,146,299,2025
202507,2638053000,사하구 괴정3동,40대,994,173,377,2025
202507,2638053000,사하구 괴정3동,50대,1355,274,509,2025
202507,2638053000,사하구 괴정3동,60대이상,4346,296,1135,2025
202507,2638054000,사하구 괴정4동,20대,763,69,213,2025
202507,2638054000,사하구 괴정4동,20대미만,1123,79,248,2025
202507,2638054000,사하구 괴정4동,30대,1022,101,224,2025
202507,2638054000,사하구 괴정4동,40대,1508,156,308,2025
202507,2638054000,사하구 괴정4동,50대,1441,137,357,2025
202507,2638054000,사하구 괴정4동,60대이상,3375,155,805,2025
202507,2638055000,사하구 당리동,20대,1479,253,712,2025
202507,2638055000,사하구 당리동,20대미만,1512,85,449,2025
202507,2638055000,사하구 당리동,30대,1563,300,671,2025
202507,2638055000,사하구 당리동,40대,2279,459,643,2025
202507,2638055000,사하구 당리동,50대,2721,451,867,2025
202507,2638055000,사하구 당리동,60대이상,7249,364,1644,2025
202507,2638056100,사하구 하단1동,20대,1899,185,413,2025
202507,2638056100,사하구 하단1동,20대미만,1149,46,228,2025
202507,2638056100,사하구 하단1동,30대,1869,156,451,2025
202507,2638056100,사하구 하단1동,40대,1905,199,459,2025
202507,2638056100,사하구 하단1동,50대,2353,298,594,2025
202507,2638056100,사하구 하단1동,60대이상,5650,313,1068,2025
202507,2638056200,사하구 하단2동,20대,3077,822,1302,2025
202507,2638056200,사하구 하단2동,20대미만,1499,195,508,2025
202507,2638056200,사하구 하단2동,30대,2153,460,856,2025
202507,2638056200,사하구 하단2동,40대,2191,444,775,2025
202507,2638056200,사하구 하단2동,50대,2809,514,856,2025
202507,2638056200,사하구 하단2동,60대이상,5832,383,1338,2025
202507,2638057100,사하구 신평1동,20대,861,179,247,2025
202507,2638057100,사하구 신평1동,20대미만,1015,136,199,2025
202507,2638057100,사하구 신평1동,30대,1088,325,339,2025
202507,2638057100,사하구 신평1동,40대,1520,350,405,2025
202507,2638057100,사하구 신평1동,50대,1996,465,597,2025
202507,2638057100,사하구 신평1동,60대이상,5107,332,770,2025
202507,2638057200,사하구 신평2동,20대,1086,201,307,2025
202507,2638057200,사하구 신평2동,20대미만,1160,43,196,2025
202507,2638057200,사하구 신평2동,30대,1580,322,444,2025
202507,2638057200,사하구 신평2동,40대,1734,393,447,2025
202507,2638057200,사하구 신평2동,50대,2083,437,602,2025
202507,2638057200,사하구 신평2동,60대이상,4227,380,900,2025
202507,2638058000,사하구 장림1동,20대,745,179,311,2025
202507,2638058000,사하구 장림1동,20대미만,1157,78,231,2025
202507,2638058000,사하구 장림1동,30대,1278,346,469,2025
202507,2638058000,사하구 장림1동,40대,1653,402,550,2025
202507,2638058000,사하구 장림1동,50대,1524,611,719,2025
202507,2638058000,사하구 장림1동,60대이상,2962,561,1105,2025
202507,2638059000,사하구 장림2동,20대,1572,267,444,2025
202507,2638059000,사하구 장림2동,20대미만,1745,115,343,2025
202507,2638059000,사하구 장림2동,30대,1896,356,538,2025
202507,2638059000,사하구 장림2동,40대,2610,492,656,2025
202507,2638059000,사하구 장림2동,50대,3182,659,817,2025
202507,2638059000,사하구 장림2동,60대이상,6344,539,1317,2025
202507,2638060100,사하구 다대1동,20대,2013,351,469,2025
202507,2638060100,사하구 다대1동,20대미만,2835,76,324,2025
202507,2638060100,사하구 다대1동,30대,2297,457,518,2025
202507,2638060100,사하구 다대1동,40대,3888,647,629,2025
202507,2638060100,사하구 다대1동,50대,5118,862,898,2025
202507,2638060100,사하구 다대1동,60대이상,10862,692,1674,2025
202507,2638060200,사하구 다대2동,20대,1676,199,278,2025
202507,2638060200,사하구 다대2동,20대미만,2063,63,192,2025
202507,2638060200,사하구 다대2동,30대,1526,185,301,2025
202507,2638060200,사하구 다대2동,40대,2303,368,363,2025
202507,2638060200,사하구 다대2동,50대,3670,449,476,2025
202507,2638060200,사하구 다대2동,60대이상,8659,392,839,2025
202507,2638061000,사하구 구평동,20대,691,125,163,2025
202507,2638061000,사하구 구평동,20대미만,928,40,126,2025
202507,2638061000,사하구 구평동,30대,1405,263,265,2025
202507,2638061000,사하구 구평동,40대,1493,341,376,2025
202507,2638061000,사하구 구평동,50대,1385,417,495,2025
202507,2638061000,사하구 구평동,60대이상,2560,396,710,2025
202507,2638062000,사하구 감천1동,20대,920,145,218,2025
202507,2638062000,사하구 감천1동,20대미만,1112,222,226,2025
202507,2638062000,사하구 감천1동,30대,957,178,265,2025
202507,2638062000,사하구 감천1동,40대,1434,271,357,2025
202507,2638062000,사하구 감천1동,50대,2051,383,576,2025
202507,2638062000,사하구 감천1동,60대이상,6111,333,867,2025
202507,2638063000,사하구 감천2동,20대,193,13,50,2025
202507,2638063000,사하구 감천2동,20대미만,128,0,27,2025
202507,2638063000,사하구 감천2동,30대,217,27,43,2025
202507,2638063000,사하구 감천2동,40대,307,34,62,2025
202507,2638063000,사하구 감천2동,50대,700,63,95,2025
202507,2638063000,사하구 감천2동,60대이상,1920,48,177,2025
202507,2641051000,금정구 서1동,20대,187,18,63,2025
202507,2641051000,금정구 서1동,20대미만,112,8,37,2025
202507,2641051000,금정구 서1동,30대,192,21,74,2025
202507,2641051000,금정구 서1동,40대,318,41,95,2025
202507,2641051000,금정구 서1동,50대,499,72,145,2025
202507,2641051000,금정구 서1동,60대이상,1736,99,336,2025
202507,2641052000,금정구 서2동,20대,276,40,159,2025
202507,2641052000,금정구 서2동,20대미만,190,31,94,2025
202507,2641052000,금정구 서2동,30대,430,57,173,2025
202507,2641052000,금정구 서2동,40대,512,74,203,2025
202507,2641052000,금정구 서2동,50대,698,136,339,2025
202507,2641052000,금정구 서2동,60대이상,2507,192,790,2025
202507,2641053000,금정구 서3동,20대,435,61,141,2025
202507,2641053000,금정구 서3동,20대미만,202,51,84,2025
202507,2641053000,금정구 서3동,30대,555,89,193,2025
202507,2641053000,금정구 서3동,40대,593,106,195,2025
202507,2641053000,금정구 서3동,50대,1211,183,298,2025
202507,2641053000,금정구 서3동,60대이상,3715,255,767,2025
202507,2641055500,금정구 금사회동동,20대,270,245,211,2025
202507,2641055500,금정구 금사회동동,20대미만,212,51,100,2025
202507,2641055500,금정구 금사회동동,30대,345,474,383,2025
202507,2641055500,금정구 금사회동동,40대,478,568,477,2025
202507,2641055500,금정구 금사회동동,50대,718,639,710,2025
202507,2641055500,금정구 금사회동동,60대이상,2556,619,1248,2025
202507,2641057000,금정구 부곡1동,20대,330,36,175,2025
202507,2641057000,금정구 부곡1동,20대미만,309,97,156,2025
202507,2641057000,금정구 부곡1동,30대,392,40,195,2025
202507,2641057000,금정구 부곡1동,40대,584,65,263,2025
202507,2641057000,금정구 부곡1동,50대,793,81,303,2025
202507,2641057000,금정구 부곡1동,60대이상,2741,110,737,2025
202507,2641058000,금정구 부곡2동,20대,1396,218,400,2025
202507,2641058000,금정구 부곡2동,20대미만,1240,286,322,2025
202507,2641058000,금정구 부곡2동,30대,1089,258,475,2025
202507,2641058000,금정구 부곡2동,40대,1446,310,529,2025
202507,2641058000,금정구 부곡2동,50대,1946,349,614,2025
202507,2641058000,금정구 부곡2동,60대이상,4333,284,1136,2025
202507,2641059000,금정구 부곡3동,20대,1043,210,334,2025
202507,2641059000,금정구 부곡3동,20대미만,862,349,246,2025
202507,2641059000,금정구 부곡3동,30대,1118,327,363,2025
202507,2641059000,금정구 부곡3동,40대,1309,278,439,2025
202507,2641059000,금정구 부곡3동,50대,1681,320,526,2025
202507,2641059000,금정구 부곡3동,60대이상,4056,255,874,2025
202507,2641059100,금정구 부곡4동,20대,494,55,228,2025
202507,2641059100,금정구 부곡4동,20대미만,383,14,208,2025
202507,2641059100,금정구 부곡4동,30대,650,76,231,2025
202507,2641059100,금정구 부곡4동,40대,692,97,274,2025
202507,2641059100,금정구 부곡4동,50대,1070,123,372,2025
202507,2641059100,금정구 부곡4동,60대이상,2596,165,840,2025
202507,2641060000,금정구 장전1동,20대,3728,352,874,2025
202507,2641060000,금정구 장전1동,20대미만,827,69,293,2025
202507,2641060000,금정구 장전1동,30대,1251,200,446,2025
202507,2641060000,금정구 장전1동,40대,1288,218,448,2025
202507,2641060000,금정구 장전1동,50대,1412,248,497,2025
202507,2641060000,금정구 장전1동,60대이상,3364,239,745,2025
202507,2641061000,금정구 장전2동,20대,1635,1347,1927,2025
202507,2641061000,금정구 장전2동,20대미만,1951,214,914,2025
202507,2641061000,금정구 장전2동,30대,2157,695,1075,2025
202507,2641061000,금정구 장전2동,40대,3008,728,1145,2025
202507,2641061000,금정구 장전2동,50대,2631,616,1162,2025
202507,2641061000,금정구 장전2동,60대이상,5767,473,1848,2025
202507,2641063500,금정구 선두구동,20대,66,29,112,2025
202507,2641063500,금정구 선두구동,20대미만,46,1,69,2025
202507,2641063500,금정구 선두구동,30대,66,60,139,2025
202507,2641063500,금정구 선두구동,40대,101,82,230,2025
202507,2641063500,금정구 선두구동,50대,214,110,349,2025
202507,2641063500,금정구 선두구동,60대이상,797,130,554,2025
202507,2641066500,금정구 청룡노포동,20대,428,99,343,2025
202507,2641066500,금정구 청룡노포동,20대미만,466,37,170,2025
202507,2641066500,금정구 청룡노포동,30대,464,143,361,2025
202507,2641066500,금정구 청룡노포동,40대,552,164,467,2025
202507,2641066500,금정구 청룡노포동,50대,970,248,829,2025
202507,2641066500,금정구 청룡노포동,60대이상,3156,265,1626,2025
202507,2641067000,금정구 남산동,20대,1789,240,624,2025
202507,2641067000,금정구 남산동,20대미만,1082,67,395,2025
202507,2641067000,금정구 남산동,30대,1381,233,496,2025
202507,2641067000,금정구 남산동,40대,1598,312,540,2025
202507,2641067000,금정구 남산동,50대,2780,461,875,2025
202507,2641067000,금정구 남산동,60대이상,7336,424,1760,2025
202507,2641068000,금정구 구서1동,20대,798,148,449,2025
202507,2641068000,금정구 구서1동,20대미만,979,278,362,2025
202507,2641068000,금정구 구서1동,30대,1102,243,419,2025
202507,2641068000,금정구 구서1동,40대,1219,273,548,2025
202507,2641068000,금정구 구서1동,50대,1514,271,625,2025
202507,2641068000,금정구 구서1동,60대이상,3574,249,977,2025
202507,2641069000,금정구 구서2동,20대,1892,224,992,2025
202507,2641069000,금정구 구서2동,20대미만,1935,112,675,2025
202507,2641069000,금정구 구서2동,30대,2035,263,951,2025
202507,2641069000,금정구 구서2동,40대,2735,341,969,2025
202507,2641069000,금정구 구서2동,50대,3505,484,1453,2025
202507,2641069000,금정구 구서2동,60대이상,8117,462,3078,2025
202507,2641070000,금정구 금성동,20대,45,10,43,2025
202507,2641070000,금정구 금성동,20대미만,74,5,52,2025
202507,2641070000,금정구 금성동,30대,55,12,61,2025
202507,2641070000,금정구 금성동,40대,83,12,94,2025
202507,2641070000,금정구 금성동,50대,92,28,159,2025
202507,2641070000,금정구 금성동,60대이상,341,40,273,2025
202507,2644051000,강서구 대저1동,20대,469,349,375,2025
202507,2644051000,강서구 대저1동,20대미만,182,75,140,2025
202507,2644051000,강서구 대저1동,30대,346,585,499,2025
202507,2644051000,강서구 대저1동,40대,386,688,576,2025
202507,2644051000,강서구 대저1동,50대,630,791,792,2025
202507,2644051000,강서구 대저1동,60대이상,2746,677,1185,2025
202507,2644052000,강서구 대저2동,20대,659,646,3046,2025
202507,2644052000,강서구 대저2동,20대미만,394,65,1316,2025
202507,2644052000,강서구 대저2동,30대,971,1075,3301,2025
202507,2644052000,강서구 대저2동,40대,611,974,3180,2025
202507,2644052000,강서구 대저2동,50대,534,1218,3227,2025
202507,2644052000,강서구 대저2동,60대이상,2019,890,3051,2025
202507,2644053000,강서구 강동동,20대,167,62,153,2025
202507,2644053000,강서구 강동동,20대미만,303,18,152,2025
202507,2644053000,강서구 강동동,30대,676,169,608,2025
202507,2644053000,강서구 강동동,40대,594,206,496,2025
202507,2644053000,강서구 강동동,50대,318,238,518,2025
202507,2644053000,강서구 강동동,60대이상,1544,312,793,2025
202507,2644053500,강서구 명지1동,20대,2369,634,1102,2025
202507,2644053500,강서구 명지1동,20대미만,7015,242,728,2025
202507,2644053500,강서구 명지1동,30대,7507,1191,1997,2025
202507,2644053500,강서구 명지1동,40대,9285,1482,1845,2025
202507,2644053500,강서구 명지1동,50대,3830,892,1426,2025
202507,2644053500,강서구 명지1동,60대이상,6177,607,1800,2025
202507,2644054500,강서구 명지2동,20대,1296,288,449,2025
202507,2644054500,강서구 명지2동,20대미만,4606,110,343,2025
202507,2644054500,강서구 명지2동,30대,2442,432,554,2025
202507,2644054500,강서구 명지2동,40대,5130,766,622,2025
202507,2644054500,강서구 명지2동,50대,3018,438,525,2025
202507,2644054500,강서구 명지2동,60대이상,3784,203,632,2025
202507,2644055000,강서구 가락동,20대,48,53,76,2025
202507,2644055000,강서구 가락동,20대미만,89,12,54,2025
202507,2644055000,강서구 가락동,30대,91,113,145,2025
202507,2644055000,강서구 가락동,40대,128,157,169,2025
202507,2644055000,강서구 가락동,50대,224,236,266,2025
202507,2644055000,강서구 가락동,60대이상,1091,212,441,2025
202507,2644056000,강서구 녹산동,20대,933,1276,1259,2025
202507,2644056000,강서구 녹산동,20대미만,1872,73,361,2025
202507,2644056000,강서구 녹산동,30대,2082,2985,2080,2025
202507,2644056000,강서구 녹산동,40대,2685,3776,2673,2025
202507,2644056000,강서구 녹산동,50대,1689,3162,2739,2025
202507,2644056000,강서구 녹산동,60대이상,3381,1973,2661,2025
202507,2644058000,강서구 가덕도동,20대,185,81,310,2025
202507,2644058000,강서구 가덕도동,20대미만,115,13,91,2025
202507,2644058000,강서구 가덕도동,30대,244,134,524,2025
202507,2644058000,강서구 가덕도동,40대,318,189,851,2025
202507,2644058000,강서구 가덕도동,50대,393,173,837,2025
202507,2644058000,강서구 가덕도동,60대이상,1680,118,716,2025
202507,2644059000, ,20대,759,153,303,2025
202507,2644059000, ,20대미만,1070,36,242,2025
202507,2644059000, ,30대,975,183,414,2025
202507,2644059000, ,40대,1417,280,623,2025
202507,2644059000, ,50대,1301,283,573,2025
202507,2644059000, ,60대이상,1993,140,633,2025
202507,2647061000,연제구 거제1동,20대,1671,523,691,2025
202507,2647061000,연제구 거제1동,20대미만,1899,341,789,2025
202507,2647061000,연제구 거제1동,30대,1768,797,728,2025
202507,2647061000,연제구 거제1동,40대,2692,1020,951,2025
202507,2647061000,연제구 거제1동,50대,2645,1035,1146,2025
202507,2647061000,연제구 거제1동,60대이상,5786,738,1643,2025
202507,2647062000,연제구 거제2동,20대,1439,188,509,2025
202507,2647062000,연제구 거제2동,20대미만,2523,122,630,2025
202507,2647062000,연제구 거제2동,30대,2138,262,570,2025
202507,2647062000,연제구 거제2동,40대,3225,387,804,2025
202507,2647062000,연제구 거제2동,50대,2567,424,859,2025
202507,2647062000,연제구 거제2동,60대이상,3674,302,1493,2025
202507,2647063000,연제구 거제3동,20대,567,109,733,2025
202507,2647063000,연제구 거제3동,20대미만,383,8,293,2025
202507,2647063000,연제구 거제3동,30대,602,154,1029,2025
202507,2647063000,연제구 거제3동,40대,649,158,1009,2025
202507,2647063000,연제구 거제3동,50대,1099,196,1131,2025
202507,2647063000,연제구 거제3동,60대이상,2330,178,1230,2025
202507,2647064000,연제구 거제4동,20대,618,38,222,2025
202507,2647064000,연제구 거제4동,20대미만,887,80,265,2025
202507,2647064000,연제구 거제4동,30대,558,65,395,2025
202507,2647064000,연제구 거제4동,40대,825,80,409,2025
202507,2647064000,연제구 거제4동,50대,1164,139,360,2025
202507,2647064000,연제구 거제4동,60대이상,2606,122,672,2025
202507,2647065000,연제구 연산1동,20대,740,143,384,2025
202507,2647065000,연제구 연산1동,20대미만,1034,110,344,2025
202507,2647065000,연제구 연산1동,30대,1127,250,423,2025
202507,2647065000,연제구 연산1동,40대,1388,253,492,2025
202507,2647065000,연제구 연산1동,50대,1416,309,579,2025
202507,2647065000,연제구 연산1동,60대이상,3664,329,1032,2025
202507,2647066000,연제구 연산2동,20대,1412,209,973,2025
202507,2647066000,연제구 연산2동,20대미만,1161,162,832,2025
202507,2647066000,연제구 연산2동,30대,2761,451,1723,2025
202507,2647066000,연제구 연산2동,40대,2095,501,1556,2025
202507,2647066000,연제구 연산2동,50대,2068,477,1391,2025
202507,2647066000,연제구 연산2동,60대이상,4720,307,2679,2025
202507,2647067000,연제구 연산3동,20대,286,8,70,2025
202507,2647067000,연제구 연산3동,20대미만,159,46,72,2025
202507,2647067000,연제구 연산3동,30대,504,16,109,2025
202507,2647067000,연제구 연산3동,40대,482,32,118,2025
202507,2647067000,연제구 연산3동,50대,574,52,114,2025
202507,2647067000,연제구 연산3동,60대이상,1736,54,259,2025
202507,2647068000,연제구 연산4동,20대,968,230,986,2025
202507,2647068000,연제구 연산4동,20대미만,714,17,285,2025
202507,2647068000,연제구 연산4동,30대,1422,261,1005,2025
202507,2647068000,연제구 연산4동,40대,1556,337,972,2025
202507,2647068000,연제구 연산4동,50대,1812,389,1190,2025
202507,2647068000,연제구 연산4동,60대이상,4914,374,2343,2025
202507,2647069000,연제구 연산5동,20대,1578,323,739,2025
202507,2647069000,연제구 연산5동,20대미만,407,23,181,2025
202507,2647069000,연제구 연산5동,30대,1848,520,831,2025
202507,2647069000,연제구 연산5동,40대,1195,529,699,2025
202507,2647069000,연제구 연산5동,50대,1274,596,875,2025
202507,2647069000,연제구 연산5동,60대이상,2867,545,1429,2025
202507,2647070000,연제구 연산6동,20대,749,101,510,2025
202507,2647070000,연제구 연산6동,20대미만,714,121,303,2025
202507,2647070000,연제구 연산6동,30대,1010,127,611,2025
202507,2647070000,연제구 연산6동,40대,1155,154,622,2025
202507,2647070000,연제구 연산6동,50대,1361,201,797,2025
202507,2647070000,연제구 연산6동,60대이상,4271,220,1870,2025
202507,2647072000,연제구 연산8동,20대,482,61,291,2025
202507,2647072000,연제구 연산8동,20대미만,624,87,358,2025
202507,2647072000,연제구 연산8동,30대,854,74,340,2025
202507,2647072000,연제구 연산8동,40대,828,124,451,2025
202507,2647072000,연제구 연산8동,50대,1141,138,555,2025
202507,2647072000,연제구 연산8동,60대이상,2510,150,1215,2025
202507,2647073000,연제구 연산9동,20대,2079,288,554,2025
202507,2647073000,연제구 연산9동,20대미만,2311,222,438,2025
202507,2647073000,연제구 연산9동,30대,2422,346,669,2025
202507,2647073000,연제구 연산9동,40대,3016,513,777,2025
202507,2647073000,연제구 연산9동,50대,4016,597,994,2025
202507,2647073000,연제구 연산9동,60대이상,9086,481,1470,2025
202507,2650066000,수영구 남천1동,20대,1066,360,823,2025
202507,2650066000,수영구 남천1동,20대미만,1255,169,797,2025
202507,2650066000,수영구 남천1동,30대,1312,485,854,2025
202507,2650066000,수영구 남천1동,40대,1464,497,964,2025
202507,2650066000,수영구 남천1동,50대,1688,526,1085,2025
202507,2650066000,수영구 남천1동,60대이상,3511,470,1742,2025
202507,2650067000,수영구 남천2동,20대,437,72,621,2025
202507,2650067000,수영구 남천2동,20대미만,475,30,340,2025
202507,2650067000,수영구 남천2동,30대,744,95,519,2025
202507,2650067000,수영구 남천2동,40대,776,104,538,2025
202507,2650067000,수영구 남천2동,50대,1068,101,496,2025
202507,2650067000,수영구 남천2동,60대이상,2536,130,845,2025
202507,2650073000,수영구 수영동,20대,960,160,452,2025
202507,2650073000,수영구 수영동,20대미만,532,50,245,2025
202507,2650073000,수영구 수영동,30대,1060,196,455,2025
202507,2650073000,수영구 수영동,40대,1096,175,461,2025
202507,2650073000,수영구 수영동,50대,1440,277,603,2025
202507,2650073000,수영구 수영동,60대이상,5108,312,1278,2025
202507,2650074000,수영구 망미1동,20대,1435,188,459,2025
202507,2650074000,수영구 망미1동,20대미만,1711,88,379,2025
202507,2650074000,수영구 망미1동,30대,1867,243,508,2025
202507,2650074000,수영구 망미1동,40대,2375,289,503,2025
202507,2650074000,수영구 망미1동,50대,2692,355,593,2025
202507,2650074000,수영구 망미1동,60대이상,8572,421,1212,2025
202507,2650075000,수영구 망미2동,20대,493,72,243,2025
202507,2650075000,수영구 망미2동,20대미만,425,43,204,2025
202507,2650075000,수영구 망미2동,30대,592,84,311,2025
202507,2650075000,수영구 망미2동,40대,739,111,403,2025
202507,2650075000,수영구 망미2동,50대,1098,123,453,2025
202507,2650075000,수영구 망미2동,60대이상,2382,119,827,2025
202507,2650076000,수영구 광안1동,20대,2190,175,630,2025
202507,2650076000,수영구 광안1동,20대미만,788,30,216,2025
202507,2650076000,수영구 광안1동,30대,2369,205,491,2025
202507,2650076000,수영구 광안1동,40대,1366,220,417,2025
202507,2650076000,수영구 광안1동,50대,1462,199,483,2025
202507,2650076000,수영구 광안1동,60대이상,3958,218,1028,2025
202507,2650077000,수영구 광안2동,20대,1380,304,2240,2025
202507,2650077000,수영구 광안2동,20대미만,844,127,718,2025
202507,2650077000,수영구 광안2동,30대,1640,395,1420,2025
202507,2650077000,수영구 광안2동,40대,1501,303,1009,2025
202507,2650077000,수영구 광안2동,50대,1626,311,940,2025
202507,2650077000,수영구 광안2동,60대이상,4026,284,1484,2025
202507,2650078000,수영구 광안3동,20대,1112,184,820,2025
202507,2650078000,수영구 광안3동,20대미만,287,17,295,2025
202507,2650078000,수영구 광안3동,30대,1033,179,725,2025
202507,2650078000,수영구 광안3동,40대,745,210,608,2025
202507,2650078000,수영구 광안3동,50대,806,223,730,2025
202507,2650078000,수영구 광안3동,60대이상,2554,248,1494,2025
202507,2650079000,수영구 광안4동,20대,843,96,642,2025
202507,2650079000,수영구 광안4동,20대미만,712,199,447,2025
202507,2650079000,수영구 광안4동,30대,1065,133,731,2025
202507,2650079000,수영구 광안4동,40대,1142,154,709,2025
202507,2650079000,수영구 광안4동,50대,1434,174,745,2025
202507,2650079000,수영구 광안4동,60대이상,3157,142,1450,2025
202507,2650080000,수영구 민락동,20대,1787,351,2730,2025
202507,2650080000,수영구 민락동,20대미만,1474,35,893,2025
202507,2650080000,수영구 민락동,30대,2638,366,1749,2025
202507,2650080000,수영구 민락동,40대,2720,400,1349,2025
202507,2650080000,수영구 민락동,50대,3094,439,1271,2025
202507,2650080000,수영구 민락동,60대이상,7308,470,1745,2025
202507,2653058000,사상구 삼락동,20대,240,150,267,2025
202507,2653058000,사상구 삼락동,20대미만,181,36,225,2025
202507,2653058000,사상구 삼락동,30대,283,287,378,2025
202507,2653058000,사상구 삼락동,40대,323,374,499,2025
202507,2653058000,사상구 삼락동,50대,635,582,743,2025
202507,2653058000,사상구 삼락동,60대이상,1607,506,1263,2025
202507,2653059100,사상구 모라1동,20대,1636,300,408,2025
202507,2653059100,사상구 모라1동,20대미만,1260,71,228,2025
202507,2653059100,사상구 모라1동,30대,1956,500,505,2025
202507,2653059100,사상구 모라1동,40대,1704,506,525,2025
202507,2653059100,사상구 모라1동,50대,3242,759,838,2025
202507,2653059100,사상구 모라1동,60대이상,8487,818,1397,2025
202507,2653059300,사상구 모라3동,20대,315,53,156,2025
202507,2653059300,사상구 모라3동,20대미만,294,38,75,2025
202507,2653059300,사상구 모라3동,30대,415,45,104,2025
202507,2653059300,사상구 모라3동,40대,636,79,155,2025
202507,2653059300,사상구 모라3동,50대,1179,126,234,2025
202507,2653059300,사상구 모라3동,60대이상,4541,179,548,2025
202507,2653060000,사상구 덕포1동,20대,601,83,222,2025
202507,2653060000,사상구 덕포1동,20대미만,672,74,126,2025
202507,2653060000,사상구 덕포1동,30대,1059,94,235,2025
202507,2653060000,사상구 덕포1동,40대,943,145,237,2025
202507,2653060000,사상구 덕포1동,50대,1100,178,328,2025
202507,2653060000,사상구 덕포1동,60대이상,2494,177,573,2025
202507,2653061000,사상구 덕포2동,20대,803,180,433,2025
202507,2653061000,사상구 덕포2동,20대미만,816,100,257,2025
202507,2653061000,사상구 덕포2동,30대,854,212,361,2025
202507,2653061000,사상구 덕포2동,40대,959,311,382,2025
202507,2653061000,사상구 덕포2동,50대,1466,430,556,2025
202507,2653061000,사상구 덕포2동,60대이상,3698,401,916,2025
202507,2653062000,사상구 괘법동,20대,2731,580,1486,2025
202507,2653062000,사상구 괘법동,20대미만,692,42,517,2025
202507,2653062000,사상구 괘법동,30대,2829,579,1158,2025
202507,2653062000,사상구 괘법동,40대,1893,629,1066,2025
202507,2653062000,사상구 괘법동,50대,2619,795,1390,2025
202507,2653062000,사상구 괘법동,60대이상,5648,765,2319,2025
202507,2653064500,사상구 감전동,20대,602,426,474,2025
202507,2653064500,사상구 감전동,20대미만,310,21,156,2025
202507,2653064500,사상구 감전동,30대,772,755,603,2025
202507,2653064500,사상구 감전동,40대,775,818,632,2025
202507,2653064500,사상구 감전동,50대,1270,960,944,2025
202507,2653064500,사상구 감전동,60대이상,3568,908,1327,2025
202507,2653065000,사상구 주례1동,20대,1090,208,365,2025
202507,2653065000,사상구 주례1동,20대미만,1206,25,132,2025
202507,2653065000,사상구 주례1동,30대,1527,338,403,2025
202507,2653065000,사상구 주례1동,40대,1536,326,407,2025
202507,2653065000,사상구 주례1동,50대,2028,449,582,2025
202507,2653065000,사상구 주례1동,60대이상,4333,412,1323,2025
202507,2653066000,사상구 주례2동,20대,2259,443,689,2025
202507,2653066000,사상구 주례2동,20대미만,1491,135,298,2025
202507,2653066000,사상구 주례2동,30대,1715,291,472,2025
202507,2653066000,사상구 주례2동,40대,1937,305,525,2025
202507,2653066000,사상구 주례2동,50대,2332,332,716,2025
202507,2653066000,사상구 주례2동,60대이상,5226,339,1400,2025
202507,2653066100,사상구 주례3동,20대,355,62,155,2025
202507,2653066100,사상구 주례3동,20대미만,361,30,79,2025
202507,2653066100,사상구 주례3동,30대,393,82,155,2025
202507,2653066100,사상구 주례3동,40대,503,109,192,2025
202507,2653066100,사상구 주례3동,50대,780,132,246,2025
202507,2653066100,사상구 주례3동,60대이상,1959,121,366,2025
202507,2653067000,사상구 학장동,20대,1394,300,487,2025
202507,2653067000,사상구 학장동,20대미만,1201,145,340,2025
202507,2653067000,사상구 학장동,30대,1450,454,601,2025
202507,2653067000,사상구 학장동,40대,2144,574,718,2025
202507,2653067000,사상구 학장동,50대,2470,754,1074,2025
202507,2653067000,사상구 학장동,60대이상,6093,659,1864,2025
202507,2653068000,사상구 엄궁동,20대,1459,231,297,2025
202507,2653068000,사상구 엄궁동,20대미만,2286,19,133,2025
202507,2653068000,사상구 엄궁동,30대,1862,297,412,2025
202507,2653068000,사상구 엄궁동,40대,2429,499,451,2025
202507,2653068000,사상구 엄궁동,50대,3387,583,721,2025
202507,2653068000,사상구 엄궁동,60대이상,6060,421,973,2025
202507,2671025000,기장군 기장읍,20대,3629,953,1744,2025
202507,2671025000,기장군 기장읍,20대미만,3853,104,1282,2025
202507,2671025000,기장군 기장읍,30대,4195,1128,2303,2025
202507,2671025000,기장군 기장읍,40대,5364,1261,2598,2025
202507,2671025000,기장군 기장읍,50대,7289,1594,2657,2025
202507,2671025000,기장군 기장읍,60대이상,17339,1092,3382,2025
202507,2671025300,기장군 장안읍,20대,510,528,679,2025
202507,2671025300,기장군 장안읍,20대미만,335,171,365,2025
202507,2671025300,기장군 장안읍,30대,693,1055,1006,2025
202507,2671025300,기장군 장안읍,40대,648,1216,1312,2025
202507,2671025300,기장군 장안읍,50대,1030,1050,1445,2025
202507,2671025300,기장군 장안읍,60대이상,3162,616,1699,2025
202507,2671025600,기장군 정관읍,20대,4440,923,1007,2025
202507,2671025600,기장군 정관읍,20대미만,14069,82,566,2025
202507,2671025600,기장군 정관읍,30대,6371,1177,943,2025
202507,2671025600,기장군 정관읍,40대,13671,2297,1266,2025
202507,2671025600,기장군 정관읍,50대,8947,1839,1440,2025
202507,2671025600,기장군 정관읍,60대이상,13307,936,1697,2025
202507,2671025900,기장군 일광읍,20대,1802,329,759,2025
202507,2671025900,기장군 일광읍,20대미만,2603,34,416,2025
202507,2671025900,기장군 일광읍,30대,3602,477,924,2025
202507,2671025900,기장군 일광읍,40대,3863,579,1050,2025
202507,2671025900,기장군 일광읍,50대,3082,502,1256,2025
202507,2671025900,기장군 일광읍,60대이상,5700,410,1612,2025
202507,2671033000,기장군 철마면,20대,157,36,90,2025
202507,2671033000,기장군 철마면,20대미만,207,10,63,2025
202507,2671033000,기장군 철마면,30대,241,80,143,2025
202507,2671033000,기장군 철마면,40대,445,129,242,2025
202507,2671033000,기장군 철마면,50대,683,248,430,2025
202507,2671033000,기장군 철마면,60대이상,3193,302,925,2025
202506,2611051000,중구 중앙동,20대,542,727,1117,2025
202506,2611051000,중구 중앙동,20대미만,243,56,299,2025
202506,2611051000,중구 중앙동,30대,507,1129,1256,2025
202506,2611051000,중구 중앙동,40대,674,1053,1156,2025
202506,2611051000,중구 중앙동,50대,827,1018,1250,2025
202506,2611051000,중구 중앙동,60대이상,1582,611,1684,2025
202506,2611052000,중구 동광동,20대,103,67,161,2025
202506,2611052000,중구 동광동,20대미만,43,20,45,2025
202506,2611052000,중구 동광동,30대,130,97,154,2025
202506,2611052000,중구 동광동,40대,177,133,179,2025
202506,2611052000,중구 동광동,50대,257,122,207,2025
202506,2611052000,중구 동광동,60대이상,971,94,401,2025
202506,2611053000,중구 대청동,20대,491,171,298,2025
202506,2611053000,중구 대청동,20대미만,234,70,101,2025
202506,2611053000,중구 대청동,30대,387,212,256,2025
202506,2611053000,중구 대청동,40대,489,213,258,2025
202506,2611053000,중구 대청동,50대,662,190,343,2025
202506,2611053000,중구 대청동,60대이상,1993,190,651,2025
202506,2611054500,중구 보수동,20대,838,94,190,2025
202506,2611054500,중구 보수동,20대미만,362,80,114,2025
202506,2611054500,중구 보수동,30대,427,73,156,2025
202506,2611054500,중구 보수동,40대,663,93,164,2025
202506,2611054500,중구 보수동,50대,1016,171,228,2025
202506,2611054500,중구 보수동,60대이상,2303,139,591,2025
202506,2611056000,중구 부평동,20대,329,112,755,2025
202506,2611056000,중구 부평동,20대미만,155,6,196,2025
202506,2611056000,중구 부평동,30대,284,192,714,2025
202506,2611056000,중구 부평동,40대,311,219,689,2025
202506,2611056000,중구 부평동,50대,483,264,1003,2025
202506,2611056000,중구 부평동,60대이상,1465,315,1846,2025
202506,2611057000,중구 광복동,20대,38,94,229,2025
202506,2611057000,중구 광복동,20대미만,23,28,101,2025
202506,2611057000,중구 광복동,30대,39,71,194,2025
202506,2611057000,중구 광복동,40대,67,90,213,2025
202506,2611057000,중구 광복동,50대,91,134,263,2025
202506,2611057000,중구 광복동,60대이상,316,270,480,2025
202506,2611058000,중구 남포동,20대,95,230,833,2025
202506,2611058000,중구 남포동,20대미만,44,13,293,2025
202506,2611058000,중구 남포동,30대,157,302,757,2025
202506,2611058000,중구 남포동,40대,186,304,834,2025
202506,2611058000,중구 남포동,50대,367,434,1237,2025
202506,2611058000,중구 남포동,60대이상,909,798,3038,2025
202506,2611059000,중구 영주1동,20대,34,14,66,2025
202506,2611059000,중구 영주1동,20대미만,10,0,14,2025
202506,2611059000,중구 영주1동,30대,32,17,54,2025
202506,2611059000,중구 영주1동,40대,34,13,60,2025
202506,2611059000,중구 영주1동,50대,34,15,76,2025
202506,2611059000,중구 영주1동,60대이상,118,23,114,2025
202506,2611060000,중구 영주2동,20대,338,40,124,2025
202506,2611060000,중구 영주2동,20대미만,236,49,59,2025
202506,2611060000,중구 영주2동,30대,324,44,127,2025
202506,2611060000,중구 영주2동,40대,501,63,133,2025
202506,2611060000,중구 영주2동,50대,824,88,208,2025
202506,2611060000,중구 영주2동,60대이상,2612,87,468,2025
202506,2614051000,서구 동대신1동,20대,296,35,157,2025
202506,2614051000,서구 동대신1동,20대미만,219,22,144,2025
202506,2614051000,서구 동대신1동,30대,340,38,130,2025
202506,2614051000,서구 동대신1동,40대,434,55,163,2025
202506,2614051000,서구 동대신1동,50대,550,58,214,2025
202506,2614051000,서구 동대신1동,60대이상,1487,83,423,2025
202506,2614052000,서구 동대신2동,20대,151,18,40,2025
202506,2614052000,서구 동대신2동,20대미만,109,22,47,2025
202506,2614052000,서구 동대신2동,30대,129,12,38,2025
202506,2614052000,서구 동대신2동,40대,276,17,65,2025
202506,2614052000,서구 동대신2동,50대,355,33,88,2025
202506,2614052000,서구 동대신2동,60대이상,1334,39,203,2025
202506,2614053000,서구 동대신3동,20대,644,286,542,2025
202506,2614053000,서구 동대신3동,20대미만,463,213,413,2025
202506,2614053000,서구 동대신3동,30대,446,261,461,2025
202506,2614053000,서구 동대신3동,40대,576,227,559,2025
202506,2614053000,서구 동대신3동,50대,749,272,712,2025
202506,2614053000,서구 동대신3동,60대이상,2104,204,1602,2025
202506,2614054000,서구 서대신1동,20대,1014,153,301,2025
202506,2614054000,서구 서대신1동,20대미만,1137,19,221,2025
202506,2614054000,서구 서대신1동,30대,1174,165,293,2025
202506,2614054000,서구 서대신1동,40대,1608,193,354,2025
202506,2614054000,서구 서대신1동,50대,1520,242,454,2025
202506,2614054000,서구 서대신1동,60대이상,3559,207,848,2025
202506,2614056000,서구 서대신3동,20대,233,42,135,2025
202506,2614056000,서구 서대신3동,20대미만,345,110,163,2025
202506,2614056000,서구 서대신3동,30대,239,61,137,2025
202506,2614056000,서구 서대신3동,40대,365,81,185,2025
202506,2614056000,서구 서대신3동,50대,455,59,227,2025
202506,2614056000,서구 서대신3동,60대이상,1044,73,423,2025
202506,2614057000,서구 서대신4동,20대,405,49,184,2025
202506,2614057000,서구 서대신4동,20대미만,526,64,140,2025
202506,2614057000,서구 서대신4동,30대,390,56,138,2025
202506,2614057000,서구 서대신4동,40대,699,83,188,2025
202506,2614057000,서구 서대신4동,50대,814,78,273,2025
202506,2614057000,서구 서대신4동,60대이상,1932,104,589,2025
202506,2614059000,서구 부민동,20대,536,212,303,2025
202506,2614059000,서구 부민동,20대미만,413,56,141,2025
202506,2614059000,서구 부민동,30대,322,63,118,2025
202506,2614059000,서구 부민동,40대,431,73,124,2025
202506,2614059000,서구 부민동,50대,459,65,190,2025
202506,2614059000,서구 부민동,60대이상,1216,55,315,2025
202506,2614061500,서구 아미동,20대,435,52,222,2025
202506,2614061500,서구 아미동,20대미만,157,2,47,2025
202506,2614061500,서구 아미동,30대,502,93,256,2025
202506,2614061500,서구 아미동,40대,356,92,198,2025
202506,2614061500,서구 아미동,50대,656,91,255,2025
202506,2614061500,서구 아미동,60대이상,2540,111,631,2025
202506,2614063000,서구 초장동,20대,161,26,101,2025
202506,2614063000,서구 초장동,20대미만,115,41,62,2025
202506,2614063000,서구 초장동,30대,153,15,48,2025
202506,2614063000,서구 초장동,40대,258,30,87,2025
202506,2614063000,서구 초장동,50대,425,35,164,2025
202506,2614063000,서구 초장동,60대이상,1676,58,338,2025
202506,2614064000,서구 충무동,20대,547,72,152,2025
202506,2614064000,서구 충무동,20대미만,238,107,96,2025
202506,2614064000,서구 충무동,30대,368,113,141,2025
202506,2614064000,서구 충무동,40대,506,138,177,2025
202506,2614064000,서구 충무동,50대,748,158,295,2025
202506,2614064000,서구 충무동,60대이상,2047,157,631,2025
202506,2614065000,서구 남부민1동,20대,103,12,62,2025
202506,2614065000,서구 남부민1동,20대미만,49,4,19,2025
202506,2614065000,서구 남부민1동,30대,64,16,47,2025
202506,2614065000,서구 남부민1동,40대,142,26,82,2025
202506,2614065000,서구 남부민1동,50대,339,49,170,2025
202506,2614065000,서구 남부민1동,60대이상,960,56,374,2025
202506,2614066000,서구 남부민2동,20대,345,57,223,2025
202506,2614066000,서구 남부민2동,20대미만,327,71,136,2025
202506,2614066000,서구 남부민2동,30대,400,65,273,2025
202506,2614066000,서구 남부민2동,40대,548,72,320,2025
202506,2614066000,서구 남부민2동,50대,915,110,358,2025
202506,2614066000,서구 남부민2동,60대이상,3153,114,753,2025
202506,2614068000,서구 암남동,20대,1111,350,675,2025
202506,2614068000,서구 암남동,20대미만,774,32,264,2025
202506,2614068000,서구 암남동,30대,1237,446,730,2025
202506,2614068000,서구 암남동,40대,1575,518,897,2025
202506,2614068000,서구 암남동,50대,2011,599,1236,2025
202506,2614068000,서구 암남동,60대이상,5082,400,2040,2025
202506,2617051000,동구 초량1동,20대,139,144,371,2025
202506,2617051000,동구 초량1동,20대미만,113,15,86,2025
202506,2617051000,동구 초량1동,30대,156,205,382,2025
202506,2617051000,동구 초량1동,40대,200,175,370,2025
202506,2617051000,동구 초량1동,50대,306,158,420,2025
202506,2617051000,동구 초량1동,60대이상,934,110,618,2025
202506,2617052000,동구 초량2동,20대,260,106,571,2025
202506,2617052000,동구 초량2동,20대미만,214,145,203,2025
202506,2617052000,동구 초량2동,30대,223,140,486,2025
202506,2617052000,동구 초량2동,40대,359,146,478,2025
202506,2617052000,동구 초량2동,50대,612,170,609,2025
202506,2617052000,동구 초량2동,60대이상,1957,196,992,2025
202506,2617053000,동구 초량3동,20대,1023,441,1345,2025
202506,2617053000,동구 초량3동,20대미만,670,121,397,2025
202506,2617053000,동구 초량3동,30대,1519,624,1407,2025
202506,2617053000,동구 초량3동,40대,1400,556,1428,2025
202506,2617053000,동구 초량3동,50대,1210,566,1762,2025
202506,2617053000,동구 초량3동,60대이상,2115,396,2248,2025
202506,2617055000,동구 초량6동,20대,65,25,109,2025
202506,2617055000,동구 초량6동,20대미만,51,42,63,2025
202506,2617055000,동구 초량6동,30대,80,18,116,2025
202506,2617055000,동구 초량6동,40대,81,27,125,2025
202506,2617055000,동구 초량6동,50대,157,36,130,2025
202506,2617055000,동구 초량6동,60대이상,423,24,155,2025
202506,2617056000,동구 수정1동,20대,268,72,174,2025
202506,2617056000,동구 수정1동,20대미만,244,29,101,2025
202506,2617056000,동구 수정1동,30대,240,81,195,2025
202506,2617056000,동구 수정1동,40대,352,66,188,2025
202506,2617056000,동구 수정1동,50대,466,75,218,2025
202506,2617056000,동구 수정1동,60대이상,1328,66,419,2025
202506,2617057000,동구 수정2동,20대,430,74,123,2025
202506,2617057000,동구 수정2동,20대미만,389,97,123,2025
202506,2617057000,동구 수정2동,30대,648,120,163,2025
202506,2617057000,동구 수정2동,40대,653,148,197,2025
202506,2617057000,동구 수정2동,50대,968,166,287,2025
202506,2617057000,동구 수정2동,60대이상,2842,149,541,2025
202506,2617059000,동구 수정4동,20대,111,19,30,2025
202506,2617059000,동구 수정4동,20대미만,55,0,22,2025
202506,2617059000,동구 수정4동,30대,107,9,32,2025
202506,2617059000,동구 수정4동,40대,163,18,31,2025
202506,2617059000,동구 수정4동,50대,383,27,69,2025
202506,2617059000,동구 수정4동,60대이상,1336,35,173,2025
202506,2617060000,동구 수정5동,20대,255,20,44,2025
202506,2617060000,동구 수정5동,20대미만,212,26,50,2025
202506,2617060000,동구 수정5동,30대,197,29,44,2025
202506,2617060000,동구 수정5동,40대,348,37,73,2025
202506,2617060000,동구 수정5동,50대,571,61,90,2025
202506,2617060000,동구 수정5동,60대이상,2123,43,210,2025
202506,2617064500,동구 좌천동,20대,207,18,167,2025
202506,2617064500,동구 좌천동,20대미만,116,51,152,2025
202506,2617064500,동구 좌천동,30대,227,37,213,2025
202506,2617064500,동구 좌천동,40대,252,48,221,2025
202506,2617064500,동구 좌천동,50대,409,76,331,2025
202506,2617064500,동구 좌천동,60대이상,1268,64,789,2025
202506,2617065000,동구 범일1동,20대,507,62,178,2025
202506,2617065000,동구 범일1동,20대미만,315,55,73,2025
202506,2617065000,동구 범일1동,30대,620,84,244,2025
202506,2617065000,동구 범일1동,40대,719,111,221,2025
202506,2617065000,동구 범일1동,50대,1070,163,262,2025
202506,2617065000,동구 범일1동,60대이상,3965,172,602,2025
202506,2617066000,동구 범일2동,20대,509,367,552,2025
202506,2617066000,동구 범일2동,20대미만,330,26,180,2025
202506,2617066000,동구 범일2동,30대,636,681,759,2025
202506,2617066000,동구 범일2동,40대,637,816,788,2025
202506,2617066000,동구 범일2동,50대,849,965,1075,2025
202506,2617066000,동구 범일2동,60대이상,1953,842,2005,2025
202506,2617068000,동구 범일5동,20대,507,81,393,2025
202506,2617068000,동구 범일5동,20대미만,452,130,206,2025
202506,2617068000,동구 범일5동,30대,1327,143,548,2025
202506,2617068000,동구 범일5동,40대,1023,200,528,2025
202506,2617068000,동구 범일5동,50대,854,220,668,2025
202506,2617068000,동구 범일5동,60대이상,1607,322,1371,2025
202506,2620053000,영도구 남항동,20대,568,168,445,2025
202506,2620053000,영도구 남항동,20대미만,452,23,192,2025
202506,2620053000,영도구 남항동,30대,624,231,532,2025
202506,2620053000,영도구 남항동,40대,796,339,640,2025
202506,2620053000,영도구 남항동,50대,1258,424,967,2025
202506,2620053000,영도구 남항동,60대이상,4100,476,2009,2025
202506,2620054000,영도구 영선1동,20대,37,10,21,2025
202506,2620054000,영도구 영선1동,20대미만,46,1,20,2025
202506,2620054000,영도구 영선1동,30대,13,9,30,2025
202506,2620054000,영도구 영선1동,40대,59,26,44,2025
202506,2620054000,영도구 영선1동,50대,117,35,80,2025
202506,2620054000,영도구 영선1동,60대이상,360,56,189,2025
202506,2620055000,영도구 영선2동,20대,401,76,184,2025
202506,2620055000,영도구 영선2동,20대미만,327,87,109,2025
202506,2620055000,영도구 영선2동,30대,425,43,126,2025
202506,2620055000,영도구 영선2동,40대,505,71,150,2025
202506,2620055000,영도구 영선2동,50대,829,96,213,2025
202506,2620055000,영도구 영선2동,60대이상,2891,98,456,2025
202506,2620058500,영도구 신선동,20대,244,26,58,2025
202506,2620058500,영도구 신선동,20대미만,193,156,85,2025
202506,2620058500,영도구 신선동,30대,280,36,82,2025
202506,2620058500,영도구 신선동,40대,475,65,106,2025
202506,2620058500,영도구 신선동,50대,774,81,156,2025
202506,2620058500,영도구 신선동,60대이상,2945,92,366,2025
202506,2620059000,영도구 봉래1동,20대,251,44,162,2025
202506,2620059000,영도구 봉래1동,20대미만,299,4,89,2025
202506,2620059000,영도구 봉래1동,30대,301,68,252,2025
202506,2620059000,영도구 봉래1동,40대,442,95,250,2025
202506,2620059000,영도구 봉래1동,50대,546,145,328,2025
202506,2620059000,영도구 봉래1동,60대이상,1928,206,629,2025
202506,2620060500,영도구 봉래2동,20대,330,42,134,2025
202506,2620060500,영도구 봉래2동,20대미만,207,39,103,2025
202506,2620060500,영도구 봉래2동,30대,451,65,131,2025
202506,2620060500,영도구 봉래2동,40대,532,110,174,2025
202506,2620060500,영도구 봉래2동,50대,811,129,216,2025
202506,2620060500,영도구 봉래2동,60대이상,2368,134,455,2025
202506,2620063000,영도구 청학1동,20대,180,43,88,2025
202506,2620063000,영도구 청학1동,20대미만,182,22,44,2025
202506,2620063000,영도구 청학1동,30대,238,55,110,2025
202506,2620063000,영도구 청학1동,40대,407,135,181,2025
202506,2620063000,영도구 청학1동,50대,566,167,244,2025
202506,2620063000,영도구 청학1동,60대이상,1813,107,394,2025
202506,2620064000,영도구 청학2동,20대,650,114,239,2025
202506,2620064000,영도구 청학2동,20대미만,667,16,143,2025
202506,2620064000,영도구 청학2동,30대,941,177,286,2025
202506,2620064000,영도구 청학2동,40대,1295,263,354,2025
202506,2620064000,영도구 청학2동,50대,1812,333,458,2025
202506,2620064000,영도구 청학2동,60대이상,5080,291,856,2025
202506,2620065000,영도구 동삼1동,20대,1761,338,454,2025
202506,2620065000,영도구 동삼1동,20대미만,1954,203,303,2025
202506,2620065000,영도구 동삼1동,30대,1708,333,439,2025
202506,2620065000,영도구 동삼1동,40대,2430,441,514,2025
202506,2620065000,영도구 동삼1동,50대,3309,549,688,2025
202506,2620065000,영도구 동삼1동,60대이상,9296,351,1109,2025
202506,2620066000,영도구 동삼2동,20대,908,362,600,2025
202506,2620066000,영도구 동삼2동,20대미만,586,78,408,2025
202506,2620066000,영도구 동삼2동,30대,283,104,454,2025
202506,2620066000,영도구 동삼2동,40대,464,153,614,2025
202506,2620066000,영도구 동삼2동,50대,542,159,695,2025
202506,2620066000,영도구 동삼2동,60대이상,1362,83,1085,2025
202506,2620067000,영도구 동삼3동,20대,348,65,182,2025
202506,2620067000,영도구 동삼3동,20대미만,357,80,162,2025
202506,2620067000,영도구 동삼3동,30대,402,72,208,2025
202506,2620067000,영도구 동삼3동,40대,609,97,235,2025
202506,2620067000,영도구 동삼3동,50대,939,142,346,2025
202506,2620067000,영도구 동삼3동,60대이상,3577,150,676,2025
202506,2623051000,부산진구 부전1동,20대,2173,679,1685,2025
202506,2623051000,부산진구 부전1동,20대미만,407,56,376,2025
202506,2623051000,부산진구 부전1동,30대,1790,830,1400,2025
202506,2623051000,부산진구 부전1동,40대,1027,713,1159,2025
202506,2623051000,부산진구 부전1동,50대,1298,862,1718,2025
202506,2623051000,부산진구 부전1동,60대이상,2784,1118,4621,2025
202506,2623052000,부산진구 부전2동,20대,1827,1663,5750,2025
202506,2623052000,부산진구 부전2동,20대미만,340,121,1318,2025
202506,2623052000,부산진구 부전2동,30대,1750,1264,3354,2025
202506,2623052000,부산진구 부전2동,40대,1232,900,2104,2025
202506,2623052000,부산진구 부전2동,50대,1121,875,1956,2025
202506,2623052000,부산진구 부전2동,60대이상,1779,659,2610,2025
202506,2623054000,부산진구 연지동,20대,607,84,208,2025
202506,2623054000,부산진구 연지동,20대미만,688,45,196,2025
202506,2623054000,부산진구 연지동,30대,943,91,296,2025
202506,2623054000,부산진구 연지동,40대,1256,152,280,2025
202506,2623054000,부산진구 연지동,50대,1382,165,305,2025
202506,2623054000,부산진구 연지동,60대이상,3853,137,690,2025
202506,2623055000,부산진구 초읍동,20대,1259,176,378,2025
202506,2623055000,부산진구 초읍동,20대미만,1790,136,272,2025
202506,2623055000,부산진구 초읍동,30대,1664,214,546,2025
202506,2623055000,부산진구 초읍동,40대,2098,292,648,2025
202506,2623055000,부산진구 초읍동,50대,2612,419,768,2025
202506,2623055000,부산진구 초읍동,60대이상,7630,345,1466,2025
202506,2623056000,부산진구 양정1동,20대,1516,523,755,2025
202506,2623056000,부산진구 양정1동,20대미만,1158,386,371,2025
202506,2623056000,부산진구 양정1동,30대,1636,401,775,2025
202506,2623056000,부산진구 양정1동,40대,1611,402,581,2025
202506,2623056000,부산진구 양정1동,50대,2327,462,719,2025
202506,2623056000,부산진구 양정1동,60대이상,5392,449,1302,2025
202506,2623057000,부산진구 양정2동,20대,2029,303,596,2025
202506,2623057000,부산진구 양정2동,20대미만,844,295,252,2025
202506,2623057000,부산진구 양정2동,30대,2487,330,602,2025
202506,2623057000,부산진구 양정2동,40대,1633,276,518,2025
202506,2623057000,부산진구 양정2동,50대,1389,324,632,2025
202506,2623057000,부산진구 양정2동,60대이상,2596,243,1160,2025
202506,2623060000,부산진구 전포1동,20대,2741,765,2353,2025
202506,2623060000,부산진구 전포1동,20대미만,711,383,578,2025
202506,2623060000,부산진구 전포1동,30대,2632,647,1305,2025
202506,2623060000,부산진구 전포1동,40대,1368,387,673,2025
202506,2623060000,부산진구 전포1동,50대,1528,403,606,2025
202506,2623060000,부산진구 전포1동,60대이상,2677,305,760,2025
202506,2623061000,부산진구 전포2동,20대,2121,439,1680,2025
202506,2623061000,부산진구 전포2동,20대미만,956,85,427,2025
202506,2623061000,부산진구 전포2동,30대,2460,451,1209,2025
202506,2623061000,부산진구 전포2동,40대,2163,337,657,2025
202506,2623061000,부산진구 전포2동,50대,2249,396,659,2025
202506,2623061000,부산진구 전포2동,60대이상,5387,339,1169,2025
202506,2623064000,부산진구 부암1동,20대,1506,184,522,2025
202506,2623064000,부산진구 부암1동,20대미만,1187,39,209,2025
202506,2623064000,부산진구 부암1동,30대,2180,311,563,2025
202506,2623064000,부산진구 부암1동,40대,2068,296,479,2025
202506,2623064000,부산진구 부암1동,50대,2337,338,666,2025
202506,2623064000,부산진구 부암1동,60대이상,5004,259,1061,2025
202506,2623066000,부산진구 부암3동,20대,1186,118,383,2025
202506,2623066000,부산진구 부암3동,20대미만,1666,147,377,2025
202506,2623066000,부산진구 부암3동,30대,2080,157,477,2025
202506,2623066000,부산진구 부암3동,40대,2146,246,538,2025
202506,2623066000,부산진구 부암3동,50대,2768,307,708,2025
202506,2623066000,부산진구 부암3동,60대이상,5183,292,1567,2025
202506,2623067000,부산진구 당감1동,20대,1309,149,346,2025
202506,2623067000,부산진구 당감1동,20대미만,1216,185,334,2025
202506,2623067000,부산진구 당감1동,30대,1314,182,383,2025
202506,2623067000,부산진구 당감1동,40대,1702,204,410,2025
202506,2623067000,부산진구 당감1동,50대,2785,366,605,2025
202506,2623067000,부산진구 당감1동,60대이상,6414,321,1079,2025
202506,2623068000,부산진구 당감2동,20대,557,46,175,2025
202506,2623068000,부산진구 당감2동,20대미만,298,6,97,2025
202506,2623068000,부산진구 당감2동,30대,549,64,239,2025
202506,2623068000,부산진구 당감2동,40대,695,67,258,2025
202506,2623068000,부산진구 당감2동,50대,748,97,301,2025
202506,2623068000,부산진구 당감2동,60대이상,1694,81,511,2025
202506,2623070000,부산진구 당감4동,20대,508,60,178,2025
202506,2623070000,부산진구 당감4동,20대미만,603,23,169,2025
202506,2623070000,부산진구 당감4동,30대,581,57,251,2025
202506,2623070000,부산진구 당감4동,40대,782,71,269,2025
202506,2623070000,부산진구 당감4동,50대,1150,129,341,2025
202506,2623070000,부산진구 당감4동,60대이상,2568,141,583,2025
202506,2623071000,부산진구 가야1동,20대,1580,829,840,2025
202506,2623071000,부산진구 가야1동,20대미만,1653,300,444,2025
202506,2623071000,부산진구 가야1동,30대,1112,200,554,2025
202506,2623071000,부산진구 가야1동,40대,1400,286,585,2025
202506,2623071000,부산진구 가야1동,50대,1787,405,741,2025
202506,2623071000,부산진구 가야1동,60대이상,5051,328,1293,2025
202506,2623072000,부산진구 가야2동,20대,615,79,293,2025
202506,2623072000,부산진구 가야2동,20대미만,484,89,230,2025
202506,2623072000,부산진구 가야2동,30대,623,74,349,2025
202506,2623072000,부산진구 가야2동,40대,885,110,350,2025
202506,2623072000,부산진구 가야2동,50대,1107,147,546,2025
202506,2623072000,부산진구 가야2동,60대이상,3131,180,1000,2025
202506,2623074000,부산진구 개금1동,20대,2117,217,548,2025
202506,2623074000,부산진구 개금1동,20대미만,737,18,278,2025
202506,2623074000,부산진구 개금1동,30대,1762,200,478,2025
202506,2623074000,부산진구 개금1동,40대,1376,184,421,2025
202506,2623074000,부산진구 개금1동,50대,1700,284,590,2025
202506,2623074000,부산진구 개금1동,60대이상,3711,283,987,2025
202506,2623075000,부산진구 개금2동,20대,726,168,501,2025
202506,2623075000,부산진구 개금2동,20대미만,541,21,168,2025
202506,2623075000,부산진구 개금2동,30대,558,186,416,2025
202506,2623075000,부산진구 개금2동,40대,693,164,435,2025
202506,2623075000,부산진구 개금2동,50대,1040,182,535,2025
202506,2623075000,부산진구 개금2동,60대이상,2767,136,1124,2025
202506,2623076000,부산진구 개금3동,20대,1706,173,310,2025
202506,2623076000,부산진구 개금3동,20대미만,1447,150,271,2025
202506,2623076000,부산진구 개금3동,30대,1823,177,381,2025
202506,2623076000,부산진구 개금3동,40대,2167,169,333,2025
202506,2623076000,부산진구 개금3동,50대,3139,329,483,2025
202506,2623076000,부산진구 개금3동,60대이상,7708,311,963,2025
202506,2623077000,부산진구 범천1동,20대,1527,414,1046,2025
202506,2623077000,부산진구 범천1동,20대미만,402,17,298,2025
202506,2623077000,부산진구 범천1동,30대,1769,534,1141,2025
202506,2623077000,부산진구 범천1동,40대,1098,583,969,2025
202506,2623077000,부산진구 범천1동,50대,1177,671,1227,2025
202506,2623077000,부산진구 범천1동,60대이상,2678,644,2265,2025
202506,2623078000,부산진구 범천2동,20대,1327,146,423,2025
202506,2623078000,부산진구 범천2동,20대미만,781,20,136,2025
202506,2623078000,부산진구 범천2동,30대,2381,278,500,2025
202506,2623078000,부산진구 범천2동,40대,1968,217,386,2025
202506,2623078000,부산진구 범천2동,50대,1991,287,436,2025
202506,2623078000,부산진구 범천2동,60대이상,5616,294,937,2025
202506,2626051000,동래구 수민동,20대,1547,200,529,2025
202506,2626051000,동래구 수민동,20대미만,1345,62,522,2025
202506,2626051000,동래구 수민동,30대,1839,281,687,2025
202506,2626051000,동래구 수민동,40대,1974,315,800,2025
202506,2626051000,동래구 수민동,50대,2177,423,1143,2025
202506,2626051000,동래구 수민동,60대이상,7683,472,2541,2025
202506,2626052000,동래구 복산동,20대,416,54,117,2025
202506,2626052000,동래구 복산동,20대미만,338,16,138,2025
202506,2626052000,동래구 복산동,30대,435,82,132,2025
202506,2626052000,동래구 복산동,40대,569,108,170,2025
202506,2626052000,동래구 복산동,50대,920,142,240,2025
202506,2626052000,동래구 복산동,60대이상,2861,124,419,2025
202506,2626054500,동래구 명륜동,20대,1502,464,1346,2025
202506,2626054500,동래구 명륜동,20대미만,2286,353,742,2025
202506,2626054500,동래구 명륜동,30대,1889,576,1226,2025
202506,2626054500,동래구 명륜동,40대,3373,641,1240,2025
202506,2626054500,동래구 명륜동,50대,3115,782,1512,2025
202506,2626054500,동래구 명륜동,60대이상,4492,554,2739,2025
202506,2626055000,동래구 온천1동,20대,2724,380,1030,2025
202506,2626055000,동래구 온천1동,20대미만,2290,229,605,2025
202506,2626055000,동래구 온천1동,30대,4076,455,1272,2025
202506,2626055000,동래구 온천1동,40대,3746,526,1297,2025
202506,2626055000,동래구 온천1동,50대,3414,598,1409,2025
202506,2626055000,동래구 온천1동,60대이상,6185,526,2448,2025
202506,2626056000,동래구 온천2동,20대,832,200,429,2025
202506,2626056000,동래구 온천2동,20대미만,1437,235,269,2025
202506,2626056000,동래구 온천2동,30대,1196,288,456,2025
202506,2626056000,동래구 온천2동,40대,1790,342,513,2025
202506,2626056000,동래구 온천2동,50대,1550,331,690,2025
202506,2626056000,동래구 온천2동,60대이상,3669,305,1194,2025
202506,2626057000,동래구 온천3동,20대,2793,282,1319,2025
202506,2626057000,동래구 온천3동,20대미만,2231,198,1740,2025
202506,2626057000,동래구 온천3동,30대,3051,311,1883,2025
202506,2626057000,동래구 온천3동,40대,3188,438,2283,2025
202506,2626057000,동래구 온천3동,50대,4095,569,1988,2025
202506,2626057000,동래구 온천3동,60대이상,9150,496,3779,2025
202506,2626058000,동래구 사직1동,20대,601,182,633,2025
202506,2626058000,동래구 사직1동,20대미만,875,98,766,2025
202506,2626058000,동래구 사직1동,30대,853,202,679,2025
202506,2626058000,동래구 사직1동,40대,1077,218,849,2025
202506,2626058000,동래구 사직1동,50대,1025,220,886,2025
202506,2626058000,동래구 사직1동,60대이상,2362,240,1443,2025
202506,2626059000,동래구 사직2동,20대,1418,196,1218,2025
202506,2626059000,동래구 사직2동,20대미만,3137,446,1066,2025
202506,2626059000,동래구 사직2동,30대,1457,184,962,2025
202506,2626059000,동래구 사직2동,40대,2814,307,1160,2025
202506,2626059000,동래구 사직2동,50대,3177,305,1001,2025
202506,2626059000,동래구 사직2동,60대이상,4181,239,1263,2025
202506,2626060000,동래구 사직3동,20대,917,128,354,2025
202506,2626060000,동래구 사직3동,20대미만,1543,82,492,2025
202506,2626060000,동래구 사직3동,30대,1107,178,384,2025
202506,2626060000,동래구 사직3동,40대,2152,244,526,2025
202506,2626060000,동래구 사직3동,50대,1757,250,550,2025
202506,2626060000,동래구 사직3동,60대이상,3880,209,870,2025
202506,2626074000,동래구 안락1동,20대,662,186,339,2025
202506,2626074000,동래구 안락1동,20대미만,617,45,234,2025
202506,2626074000,동래구 안락1동,30대,834,208,430,2025
202506,2626074000,동래구 안락1동,40대,959,188,543,2025
202506,2626074000,동래구 안락1동,50대,1266,288,756,2025
202506,2626074000,동래구 안락1동,60대이상,4024,303,1627,2025
202506,2626075000,동래구 안락2동,20대,1540,259,383,2025
202506,2626075000,동래구 안락2동,20대미만,1988,135,406,2025
202506,2626075000,동래구 안락2동,30대,1846,288,500,2025
202506,2626075000,동래구 안락2동,40대,2505,392,583,2025
202506,2626075000,동래구 안락2동,50대,3126,439,688,2025
202506,2626075000,동래구 안락2동,60대이상,6658,390,1163,2025
202506,2626076100,동래구 명장1동,20대,695,91,257,2025
202506,2626076100,동래구 명장1동,20대미만,946,324,223,2025
202506,2626076100,동래구 명장1동,30대,997,104,265,2025
202506,2626076100,동래구 명장1동,40대,1329,188,348,2025
202506,2626076100,동래구 명장1동,50대,1488,275,426,2025
202506,2626076100,동래구 명장1동,60대이상,4312,368,911,2025
202506,2626076200,동래구 명장2동,20대,412,32,105,2025
202506,2626076200,동래구 명장2동,20대미만,515,234,263,2025
202506,2626076200,동래구 명장2동,30대,651,52,124,2025
202506,2626076200,동래구 명장2동,40대,758,76,172,2025
202506,2626076200,동래구 명장2동,50대,924,106,195,2025
202506,2626076200,동래구 명장2동,60대이상,2213,115,437,2025
202506,2629051000,남구 대연1동,20대,2562,289,1100,2025
202506,2629051000,남구 대연1동,20대미만,835,91,595,2025
202506,2629051000,남구 대연1동,30대,1133,194,814,2025
202506,2629051000,남구 대연1동,40대,1112,220,900,2025
202506,2629051000,남구 대연1동,50대,1565,303,1087,2025
202506,2629051000,남구 대연1동,60대이상,4113,265,1855,2025
202506,2629053000,남구 대연3동,20대,5326,2530,2917,2025
202506,2629053000,남구 대연3동,20대미만,3674,657,1448,2025
202506,2629053000,남구 대연3동,30대,3032,829,1333,2025
202506,2629053000,남구 대연3동,40대,4084,877,1320,2025
202506,2629053000,남구 대연3동,50대,3783,795,1507,2025
202506,2629053000,남구 대연3동,60대이상,6270,529,1905,2025
202506,2629054000,남구 대연4동,20대,699,72,205,2025
202506,2629054000,남구 대연4동,20대미만,838,64,215,2025
202506,2629054000,남구 대연4동,30대,1334,104,250,2025
202506,2629054000,남구 대연4동,40대,1410,137,307,2025
202506,2629054000,남구 대연4동,50대,1368,161,358,2025
202506,2629054000,남구 대연4동,60대이상,3387,184,753,2025
202506,2629055000,남구 대연5동,20대,1617,225,426,2025
202506,2629055000,남구 대연5동,20대미만,844,131,242,2025
202506,2629055000,남구 대연5동,30대,1069,180,320,2025
202506,2629055000,남구 대연5동,40대,1400,213,340,2025
202506,2629055000,남구 대연5동,50대,1706,262,463,2025
202506,2629055000,남구 대연5동,60대이상,3797,215,819,2025
202506,2629056000,남구 대연6동,20대,817,134,196,2025
202506,2629056000,남구 대연6동,20대미만,1489,215,193,2025
202506,2629056000,남구 대연6동,30대,1230,212,241,2025
202506,2629056000,남구 대연6동,40대,1851,270,299,2025
202506,2629056000,남구 대연6동,50대,1545,262,371,2025
202506,2629056000,남구 대연6동,60대이상,2777,147,582,2025
202506,2629057000,남구 용호1동,20대,2360,287,573,2025
202506,2629057000,남구 용호1동,20대미만,3789,167,511,2025
202506,2629057000,남구 용호1동,30대,2451,282,586,2025
202506,2629057000,남구 용호1동,40대,4054,444,683,2025
202506,2629057000,남구 용호1동,50대,5666,590,893,2025
202506,2629057000,남구 용호1동,60대이상,10460,464,1681,2025
202506,2629058000,남구 용호2동,20대,906,123,354,2025
202506,2629058000,남구 용호2동,20대미만,1479,33,173,2025
202506,2629058000,남구 용호2동,30대,1400,128,372,2025
202506,2629058000,남구 용호2동,40대,2190,219,451,2025
202506,2629058000,남구 용호2동,50대,2148,226,543,2025
202506,2629058000,남구 용호2동,60대이상,4818,201,1014,2025
202506,2629059000,남구 용호3동,20대,626,94,222,2025
202506,2629059000,남구 용호3동,20대미만,620,291,227,2025
202506,2629059000,남구 용호3동,30대,585,99,266,2025
202506,2629059000,남구 용호3동,40대,808,147,312,2025
202506,2629059000,남구 용호3동,50대,1239,227,502,2025
202506,2629059000,남구 용호3동,60대이상,3947,222,809,2025
202506,2629060000,남구 용호4동,20대,396,106,272,2025
202506,2629060000,남구 용호4동,20대미만,376,28,150,2025
202506,2629060000,남구 용호4동,30대,439,67,223,2025
202506,2629060000,남구 용호4동,40대,595,105,264,2025
202506,2629060000,남구 용호4동,50대,765,124,348,2025
202506,2629060000,남구 용호4동,60대이상,2065,158,638,2025
202506,2629061000,남구 용당동,20대,515,270,403,2025
202506,2629061000,남구 용당동,20대미만,491,156,211,2025
202506,2629061000,남구 용당동,30대,455,165,306,2025
202506,2629061000,남구 용당동,40대,692,260,423,2025
202506,2629061000,남구 용당동,50대,1041,282,573,2025
202506,2629061000,남구 용당동,60대이상,2155,225,694,2025
202506,2629062000,남구 감만1동,20대,318,118,214,2025
202506,2629062000,남구 감만1동,20대미만,288,21,76,2025
202506,2629062000,남구 감만1동,30대,405,162,334,2025
202506,2629062000,남구 감만1동,40대,536,194,444,2025
202506,2629062000,남구 감만1동,50대,767,235,653,2025
202506,2629062000,남구 감만1동,60대이상,2220,247,652,2025
202506,2629063000,남구 감만2동,20대,166,18,70,2025
202506,2629063000,남구 감만2동,20대미만,184,41,88,2025
202506,2629063000,남구 감만2동,30대,204,23,80,2025
202506,2629063000,남구 감만2동,40대,325,40,138,2025
202506,2629063000,남구 감만2동,50대,686,75,159,2025
202506,2629063000,남구 감만2동,60대이상,1751,74,400,2025
202506,2629064500,남구 우암동,20대,617,87,271,2025
202506,2629064500,남구 우암동,20대미만,767,88,159,2025
202506,2629064500,남구 우암동,30대,653,135,371,2025
202506,2629064500,남구 우암동,40대,1004,170,398,2025
202506,2629064500,남구 우암동,50대,1359,265,685,2025
202506,2629064500,남구 우암동,60대이상,4671,210,1219,2025
202506,2629068000,남구 문현1동,20대,544,46,196,2025
202506,2629068000,남구 문현1동,20대미만,589,134,206,2025
202506,2629068000,남구 문현1동,30대,428,46,254,2025
202506,2629068000,남구 문현1동,40대,722,87,290,2025
202506,2629068000,남구 문현1동,50대,1059,131,368,2025
202506,2629068000,남구 문현1동,60대이상,2712,109,630,2025
202506,2629069000,남구 문현2동,20대,368,272,378,2025
202506,2629069000,남구 문현2동,20대미만,192,51,172,2025
202506,2629069000,남구 문현2동,30대,661,623,455,2025
202506,2629069000,남구 문현2동,40대,448,492,402,2025
202506,2629069000,남구 문현2동,50대,523,404,497,2025
202506,2629069000,남구 문현2동,60대이상,1689,218,725,2025
202506,2629070000,남구 문현3동,20대,645,83,715,2025
202506,2629070000,남구 문현3동,20대미만,595,98,806,2025
202506,2629070000,남구 문현3동,30대,974,97,704,2025
202506,2629070000,남구 문현3동,40대,1150,182,968,2025
202506,2629070000,남구 문현3동,50대,1135,170,1360,2025
202506,2629070000,남구 문현3동,60대이상,3162,201,2509,2025
202506,2629071000,남구 문현4동,20대,409,73,204,2025
202506,2629071000,남구 문현4동,20대미만,309,64,119,2025
202506,2629071000,남구 문현4동,30대,514,96,267,2025
202506,2629071000,남구 문현4동,40대,485,91,241,2025
202506,2629071000,남구 문현4동,50대,670,104,279,2025
202506,2629071000,남구 문현4동,60대이상,1786,92,440,2025
202506,2632051000,북구 구포1동,20대,966,115,425,2025
202506,2632051000,북구 구포1동,20대미만,642,6,169,2025
202506,2632051000,북구 구포1동,30대,1370,158,506,2025
202506,2632051000,북구 구포1동,40대,1278,185,516,2025
202506,2632051000,북구 구포1동,50대,1649,362,922,2025
202506,2632051000,북구 구포1동,60대이상,4692,484,2144,2025
202506,2632052000,북구 구포2동,20대,1535,165,319,2025
202506,2632052000,북구 구포2동,20대미만,1135,182,188,2025
202506,2632052000,북구 구포2동,30대,1830,276,352,2025
202506,2632052000,북구 구포2동,40대,1968,304,369,2025
202506,2632052000,북구 구포2동,50대,2901,384,582,2025
202506,2632052000,북구 구포2동,60대이상,7104,359,1085,2025
202506,2632052100,북구 구포3동,20대,1290,137,227,2025
202506,2632052100,북구 구포3동,20대미만,1095,220,147,2025
202506,2632052100,북구 구포3동,30대,1151,133,194,2025
202506,2632052100,북구 구포3동,40대,1551,164,224,2025
202506,2632052100,북구 구포3동,50대,2630,280,371,2025
202506,2632052100,북구 구포3동,60대이상,5871,272,602,2025
202506,2632053000,북구 금곡동,20대,2069,255,390,2025
202506,2632053000,북구 금곡동,20대미만,2173,113,352,2025
202506,2632053000,북구 금곡동,30대,2198,257,528,2025
202506,2632053000,북구 금곡동,40대,2727,320,574,2025
202506,2632053000,북구 금곡동,50대,4495,525,890,2025
202506,2632053000,북구 금곡동,60대이상,11854,434,1564,2025
202506,2632054100,북구 화명1동,20대,2523,212,993,2025
202506,2632054100,북구 화명1동,20대미만,2850,69,1023,2025
202506,2632054100,북구 화명1동,30대,3233,233,1155,2025
202506,2632054100,북구 화명1동,40대,3443,330,1116,2025
202506,2632054100,북구 화명1동,50대,4987,488,1417,2025
202506,2632054100,북구 화명1동,60대이상,8036,390,2298,2025
202506,2632054200,북구 화명2동,20대,1214,152,332,2025
202506,2632054200,북구 화명2동,20대미만,1332,153,277,2025
202506,2632054200,북구 화명2동,30대,1496,143,357,2025
202506,2632054200,북구 화명2동,40대,1448,154,385,2025
202506,2632054200,북구 화명2동,50대,2168,255,532,2025
202506,2632054200,북구 화명2동,60대이상,4400,236,903,2025
202506,2632054300,북구 화명3동,20대,1921,377,847,2025
202506,2632054300,북구 화명3동,20대미만,2430,337,701,2025
202506,2632054300,북구 화명3동,30대,1680,315,787,2025
202506,2632054300,북구 화명3동,40대,2487,394,758,2025
202506,2632054300,북구 화명3동,50대,3342,531,1058,2025
202506,2632054300,북구 화명3동,60대이상,4836,361,1679,2025
202506,2632055000,북구 덕천1동,20대,920,202,344,2025
202506,2632055000,북구 덕천1동,20대미만,485,44,195,2025
202506,2632055000,북구 덕천1동,30대,1377,184,395,2025
202506,2632055000,북구 덕천1동,40대,1060,182,407,2025
202506,2632055000,북구 덕천1동,50대,1404,285,599,2025
202506,2632055000,북구 덕천1동,60대이상,4101,267,1255,2025
202506,2632056000,북구 덕천2동,20대,821,384,949,2025
202506,2632056000,북구 덕천2동,20대미만,549,203,481,2025
202506,2632056000,북구 덕천2동,30대,880,459,954,2025
202506,2632056000,북구 덕천2동,40대,832,413,921,2025
202506,2632056000,북구 덕천2동,50대,1273,471,1331,2025
202506,2632056000,북구 덕천2동,60대이상,3518,411,2193,2025
202506,2632056100,북구 덕천3동,20대,358,26,65,2025
202506,2632056100,북구 덕천3동,20대미만,214,8,38,2025
202506,2632056100,북구 덕천3동,30대,316,28,79,2025
202506,2632056100,북구 덕천3동,40대,486,36,81,2025
202506,2632056100,북구 덕천3동,50대,933,90,128,2025
202506,2632056100,북구 덕천3동,60대이상,2507,54,292,2025
202506,2632057100,북구 만덕1동,20대,864,84,258,2025
202506,2632057100,북구 만덕1동,20대미만,937,107,178,2025
202506,2632057100,북구 만덕1동,30대,1887,125,436,2025
202506,2632057100,북구 만덕1동,40대,1705,131,418,2025
202506,2632057100,북구 만덕1동,50대,1519,151,463,2025
202506,2632057100,북구 만덕1동,60대이상,3893,200,1052,2025
202506,2632057200,북구 만덕2동,20대,1574,185,292,2025
202506,2632057200,북구 만덕2동,20대미만,2337,184,288,2025
202506,2632057200,북구 만덕2동,30대,2201,203,455,2025
202506,2632057200,북구 만덕2동,40대,2720,272,449,2025
202506,2632057200,북구 만덕2동,50대,3009,283,557,2025
202506,2632057200,북구 만덕2동,60대이상,6888,279,1084,2025
202506,2632057300,북구 만덕3동,20대,1042,76,230,2025
202506,2632057300,북구 만덕3동,20대미만,944,33,226,2025
202506,2632057300,북구 만덕3동,30대,1142,91,267,2025
202506,2632057300,북구 만덕3동,40대,1404,118,272,2025
202506,2632057300,북구 만덕3동,50대,1943,175,319,2025
202506,2632057300,북구 만덕3동,60대이상,5183,229,680,2025
202506,2635051000,해운대구 우1동,20대,1666,612,2300,2025
202506,2635051000,해운대구 우1동,20대미만,1966,559,1104,2025
202506,2635051000,해운대구 우1동,30대,2098,636,2289,2025
202506,2635051000,해운대구 우1동,40대,2539,615,2303,2025
202506,2635051000,해운대구 우1동,50대,2831,674,2222,2025
202506,2635051000,해운대구 우1동,60대이상,6003,640,3174,2025
202506,2635052000,해운대구 우2동,20대,1586,1644,2206,2025
202506,2635052000,해운대구 우2동,20대미만,2177,647,1341,2025
202506,2635052000,해운대구 우2동,30대,2274,2072,2609,2025
202506,2635052000,해운대구 우2동,40대,3180,1497,2421,2025
202506,2635052000,해운대구 우2동,50대,3726,1388,2222,2025
202506,2635052000,해운대구 우2동,60대이상,6641,765,2786,2025
202506,2635052500,해운대구 우3동,20대,1101,176,529,2025
202506,2635052500,해운대구 우3동,20대미만,2113,60,348,2025
202506,2635052500,해운대구 우3동,30대,1687,252,679,2025
202506,2635052500,해운대구 우3동,40대,3004,363,758,2025
202506,2635052500,해운대구 우3동,50대,3252,373,778,2025
202506,2635052500,해운대구 우3동,60대이상,6039,340,1106,2025
202506,2635053000,해운대구 중1동,20대,1878,614,1840,2025
202506,2635053000,해운대구 중1동,20대미만,1842,119,1109,2025
202506,2635053000,해운대구 중1동,30대,2235,679,2304,2025
202506,2635053000,해운대구 중1동,40대,3119,715,2259,2025
202506,2635053000,해운대구 중1동,50대,3345,790,2169,2025
202506,2635053000,해운대구 중1동,60대이상,5801,570,2699,2025
202506,2635054000,해운대구 중2동,20대,841,132,510,2025
202506,2635054000,해운대구 중2동,20대미만,1304,59,237,2025
202506,2635054000,해운대구 중2동,30대,1259,183,623,2025
202506,2635054000,해운대구 중2동,40대,1751,213,627,2025
202506,2635054000,해운대구 중2동,50대,1845,229,762,2025
202506,2635054000,해운대구 중2동,60대이상,3736,225,1107,2025
202506,2635055100,해운대구 좌1동,20대,1269,333,700,2025
202506,2635055100,해운대구 좌1동,20대미만,1006,45,587,2025
202506,2635055100,해운대구 좌1동,30대,1339,354,722,2025
202506,2635055100,해운대구 좌1동,40대,1685,391,796,2025
202506,2635055100,해운대구 좌1동,50대,2200,501,994,2025
202506,2635055100,해운대구 좌1동,60대이상,3310,328,1332,2025
202506,2635055200,해운대구 좌2동,20대,2482,267,580,2025
202506,2635055200,해운대구 좌2동,20대미만,2175,111,566,2025
202506,2635055200,해운대구 좌2동,30대,3056,258,594,2025
202506,2635055200,해운대구 좌2동,40대,3028,338,605,2025
202506,2635055200,해운대구 좌2동,50대,3932,460,676,2025
202506,2635055200,해운대구 좌2동,60대이상,6904,322,1137,2025
202506,2635055300,해운대구 좌3동,20대,941,86,258,2025
202506,2635055300,해운대구 좌3동,20대미만,1150,279,349,2025
202506,2635055300,해운대구 좌3동,30대,1057,97,279,2025
202506,2635055300,해운대구 좌3동,40대,1329,111,303,2025
202506,2635055300,해운대구 좌3동,50대,2018,185,447,2025
202506,2635055300,해운대구 좌3동,60대이상,4291,166,782,2025
202506,2635055400,해운대구 좌4동,20대,1605,327,691,2025
202506,2635055400,해운대구 좌4동,20대미만,2673,374,513,2025
202506,2635055400,해운대구 좌4동,30대,1598,315,573,2025
202506,2635055400,해운대구 좌4동,40대,2315,427,725,2025
202506,2635055400,해운대구 좌4동,50대,2837,464,906,2025
202506,2635055400,해운대구 좌4동,60대이상,4728,329,1720,2025
202506,2635056000,해운대구 송정동,20대,485,243,1211,2025
202506,2635056000,해운대구 송정동,20대미만,539,140,633,2025
202506,2635056000,해운대구 송정동,30대,705,280,1215,2025
202506,2635056000,해운대구 송정동,40대,826,289,1200,2025
202506,2635056000,해운대구 송정동,50대,1082,383,1224,2025
202506,2635056000,해운대구 송정동,60대이상,3238,330,1665,2025
202506,2635057000,해운대구 반여1동,20대,2574,324,540,2025
202506,2635057000,해운대구 반여1동,20대미만,3963,204,409,2025
202506,2635057000,해운대구 반여1동,30대,2757,403,634,2025
202506,2635057000,해운대구 반여1동,40대,4068,551,755,2025
202506,2635057000,해운대구 반여1동,50대,4843,636,945,2025
202506,2635057000,해운대구 반여1동,60대이상,8150,492,1497,2025
202506,2635058000,해운대구 반여2동,20대,640,62,203,2025
202506,2635058000,해운대구 반여2동,20대미만,403,42,125,2025
202506,2635058000,해운대구 반여2동,30대,851,82,209,2025
202506,2635058000,해운대구 반여2동,40대,1032,100,271,2025
202506,2635058000,해운대구 반여2동,50대,1533,188,423,2025
202506,2635058000,해운대구 반여2동,60대이상,4246,164,913,2025
202506,2635059000,해운대구 반여3동,20대,373,21,64,2025
202506,2635059000,해운대구 반여3동,20대미만,194,13,33,2025
202506,2635059000,해운대구 반여3동,30대,412,39,74,2025
202506,2635059000,해운대구 반여3동,40대,520,42,72,2025
202506,2635059000,해운대구 반여3동,50대,857,77,142,2025
202506,2635059000,해운대구 반여3동,60대이상,2129,87,252,2025
202506,2635059500,해운대구 반여4동,20대,559,60,187,2025
202506,2635059500,해운대구 반여4동,20대미만,811,29,167,2025
202506,2635059500,해운대구 반여4동,30대,738,51,230,2025
202506,2635059500,해운대구 반여4동,40대,934,88,278,2025
202506,2635059500,해운대구 반여4동,50대,1095,113,335,2025
202506,2635059500,해운대구 반여4동,60대이상,2068,89,869,2025
202506,2635061000,해운대구 반송1동,20대,686,136,165,2025
202506,2635061000,해운대구 반송1동,20대미만,303,143,78,2025
202506,2635061000,해운대구 반송1동,30대,564,116,177,2025
202506,2635061000,해운대구 반송1동,40대,766,152,258,2025
202506,2635061000,해운대구 반송1동,50대,1256,234,385,2025
202506,2635061000,해운대구 반송1동,60대이상,3468,238,603,2025
202506,2635062000,해운대구 반송2동,20대,1053,91,116,2025
202506,2635062000,해운대구 반송2동,20대미만,975,21,70,2025
202506,2635062000,해운대구 반송2동,30대,1118,99,159,2025
202506,2635062000,해운대구 반송2동,40대,1766,210,190,2025
202506,2635062000,해운대구 반송2동,50대,2674,326,318,2025
202506,2635062000,해운대구 반송2동,60대이상,8413,288,615,2025
202506,2635065000,해운대구 재송1동,20대,2299,456,731,2025
202506,2635065000,해운대구 재송1동,20대미만,4337,200,499,2025
202506,2635065000,해운대구 재송1동,30대,2661,618,911,2025
202506,2635065000,해운대구 재송1동,40대,5128,751,1087,2025
202506,2635065000,해운대구 재송1동,50대,4209,638,1156,2025
202506,2635065000,해운대구 재송1동,60대이상,6526,467,1815,2025
202506,2635066000,해운대구 재송2동,20대,1330,136,307,2025
202506,2635066000,해운대구 재송2동,20대미만,1178,45,207,2025
202506,2635066000,해운대구 재송2동,30대,1495,170,376,2025
202506,2635066000,해운대구 재송2동,40대,2060,236,431,2025
202506,2635066000,해운대구 재송2동,50대,2691,310,496,2025
202506,2635066000,해운대구 재송2동,60대이상,6506,254,881,2025
202506,2638051000,사하구 괴정1동,20대,951,92,351,2025
202506,2638051000,사하구 괴정1동,20대미만,1075,122,316,2025
202506,2638051000,사하구 괴정1동,30대,1062,111,385,2025
202506,2638051000,사하구 괴정1동,40대,1540,148,473,2025
202506,2638051000,사하구 괴정1동,50대,1881,222,640,2025
202506,2638051000,사하구 괴정1동,60대이상,5597,228,1136,2025
202506,2638052000,사하구 괴정2동,20대,812,61,108,2025
202506,2638052000,사하구 괴정2동,20대미만,760,68,70,2025
202506,2638052000,사하구 괴정2동,30대,844,55,111,2025
202506,2638052000,사하구 괴정2동,40대,1154,101,121,2025
202506,2638052000,사하구 괴정2동,50대,1510,133,182,2025
202506,2638052000,사하구 괴정2동,60대이상,4201,126,385,2025
202506,2638053000,사하구 괴정3동,20대,752,211,319,2025
202506,2638053000,사하구 괴정3동,20대미만,636,71,249,2025
202506,2638053000,사하구 괴정3동,30대,772,141,302,2025
202506,2638053000,사하구 괴정3동,40대,1018,185,391,2025
202506,2638053000,사하구 괴정3동,50대,1423,255,541,2025
202506,2638053000,사하구 괴정3동,60대이상,4409,291,1115,2025
202506,2638054000,사하구 괴정4동,20대,771,68,188,2025
202506,2638054000,사하구 괴정4동,20대미만,1087,102,277,2025
202506,2638054000,사하구 괴정4동,30대,1055,99,221,2025
202506,2638054000,사하구 괴정4동,40대,1557,168,346,2025
202506,2638054000,사하구 괴정4동,50대,1456,149,373,2025
202506,2638054000,사하구 괴정4동,60대이상,3412,149,770,2025
202506,2638055000,사하구 당리동,20대,1590,228,647,2025
202506,2638055000,사하구 당리동,20대미만,1507,97,432,2025
202506,2638055000,사하구 당리동,30대,1636,290,675,2025
202506,2638055000,사하구 당리동,40대,2278,433,660,2025
202506,2638055000,사하구 당리동,50대,2794,432,857,2025
202506,2638055000,사하구 당리동,60대이상,7304,394,1649,2025
202506,2638056100,사하구 하단1동,20대,1922,199,411,2025
202506,2638056100,사하구 하단1동,20대미만,1072,66,227,2025
202506,2638056100,사하구 하단1동,30대,1894,172,459,2025
202506,2638056100,사하구 하단1동,40대,1984,205,464,2025
202506,2638056100,사하구 하단1동,50대,2378,295,591,2025
202506,2638056100,사하구 하단1동,60대이상,5680,300,1045,2025
202506,2638056200,사하구 하단2동,20대,3412,1449,1408,2025
202506,2638056200,사하구 하단2동,20대미만,1768,408,489,2025
202506,2638056200,사하구 하단2동,30대,2212,461,897,2025
202506,2638056200,사하구 하단2동,40대,2310,432,807,2025
202506,2638056200,사하구 하단2동,50대,2811,534,882,2025
202506,2638056200,사하구 하단2동,60대이상,5903,378,1315,2025
202506,2638057100,사하구 신평1동,20대,862,166,260,2025
202506,2638057100,사하구 신평1동,20대미만,987,179,236,2025
202506,2638057100,사하구 신평1동,30대,1123,296,358,2025
202506,2638057100,사하구 신평1동,40대,1545,318,444,2025
202506,2638057100,사하구 신평1동,50대,2016,437,618,2025
202506,2638057100,사하구 신평1동,60대이상,5214,339,893,2025
202506,2638057200,사하구 신평2동,20대,1039,205,269,2025
202506,2638057200,사하구 신평2동,20대미만,1176,57,181,2025
202506,2638057200,사하구 신평2동,30대,1576,316,426,2025
202506,2638057200,사하구 신평2동,40대,1732,360,418,2025
202506,2638057200,사하구 신평2동,50대,2112,430,595,2025
202506,2638057200,사하구 신평2동,60대이상,4226,390,925,2025
202506,2638058000,사하구 장림1동,20대,722,182,281,2025
202506,2638058000,사하구 장림1동,20대미만,1188,96,234,2025
202506,2638058000,사하구 장림1동,30대,1294,318,458,2025
202506,2638058000,사하구 장림1동,40대,1664,405,574,2025
202506,2638058000,사하구 장림1동,50대,1544,591,673,2025
202506,2638058000,사하구 장림1동,60대이상,2957,538,1081,2025
202506,2638059000,사하구 장림2동,20대,1567,238,407,2025
202506,2638059000,사하구 장림2동,20대미만,1686,116,327,2025
202506,2638059000,사하구 장림2동,30대,1910,348,570,2025
202506,2638059000,사하구 장림2동,40대,2593,466,657,2025
202506,2638059000,사하구 장림2동,50대,3215,624,758,2025
202506,2638059000,사하구 장림2동,60대이상,6348,531,1316,2025
202506,2638060100,사하구 다대1동,20대,2032,333,434,2025
202506,2638060100,사하구 다대1동,20대미만,2857,105,268,2025
202506,2638060100,사하구 다대1동,30대,2287,428,501,2025
202506,2638060100,사하구 다대1동,40대,3816,642,596,2025
202506,2638060100,사하구 다대1동,50대,5154,850,879,2025
202506,2638060100,사하구 다대1동,60대이상,10837,642,1575,2025
202506,2638060200,사하구 다대2동,20대,1664,203,241,2025
202506,2638060200,사하구 다대2동,20대미만,2034,86,163,2025
202506,2638060200,사하구 다대2동,30대,1535,190,308,2025
202506,2638060200,사하구 다대2동,40대,2391,367,350,2025
202506,2638060200,사하구 다대2동,50대,3632,493,490,2025
202506,2638060200,사하구 다대2동,60대이상,8665,368,840,2025
202506,2638061000,사하구 구평동,20대,680,112,145,2025
202506,2638061000,사하구 구평동,20대미만,903,53,131,2025
202506,2638061000,사하구 구평동,30대,1401,248,246,2025
202506,2638061000,사하구 구평동,40대,1479,332,339,2025
202506,2638061000,사하구 구평동,50대,1386,409,471,2025
202506,2638061000,사하구 구평동,60대이상,2567,401,653,2025
202506,2638062000,사하구 감천1동,20대,913,142,204,2025
202506,2638062000,사하구 감천1동,20대미만,1139,345,263,2025
202506,2638062000,사하구 감천1동,30대,978,177,256,2025
202506,2638062000,사하구 감천1동,40대,1441,272,368,2025
202506,2638062000,사하구 감천1동,50대,2093,407,545,2025
202506,2638062000,사하구 감천1동,60대이상,6092,336,842,2025
202506,2638063000,사하구 감천2동,20대,194,17,49,2025
202506,2638063000,사하구 감천2동,20대미만,121,0,33,2025
202506,2638063000,사하구 감천2동,30대,215,27,44,2025
202506,2638063000,사하구 감천2동,40대,327,34,65,2025
202506,2638063000,사하구 감천2동,50대,656,62,119,2025
202506,2638063000,사하구 감천2동,60대이상,1899,58,187,2025
202506,2641051000,금정구 서1동,20대,192,23,54,2025
202506,2641051000,금정구 서1동,20대미만,111,9,36,2025
202506,2641051000,금정구 서1동,30대,222,22,63,2025
202506,2641051000,금정구 서1동,40대,318,40,98,2025
202506,2641051000,금정구 서1동,50대,528,77,155,2025
202506,2641051000,금정구 서1동,60대이상,1790,91,355,2025
202506,2641052000,금정구 서2동,20대,226,46,135,2025
202506,2641052000,금정구 서2동,20대미만,182,52,97,2025
202506,2641052000,금정구 서2동,30대,451,54,164,2025
202506,2641052000,금정구 서2동,40대,477,79,204,2025
202506,2641052000,금정구 서2동,50대,840,134,332,2025
202506,2641052000,금정구 서2동,60대이상,2379,168,765,2025
202506,2641053000,금정구 서3동,20대,488,66,115,2025
202506,2641053000,금정구 서3동,20대미만,207,64,107,2025
202506,2641053000,금정구 서3동,30대,575,81,170,2025
202506,2641053000,금정구 서3동,40대,579,100,198,2025
202506,2641053000,금정구 서3동,50대,1256,176,321,2025
202506,2641053000,금정구 서3동,60대이상,3794,251,744,2025
202506,2641055500,금정구 금사회동동,20대,275,240,200,2025
202506,2641055500,금정구 금사회동동,20대미만,215,52,103,2025
202506,2641055500,금정구 금사회동동,30대,364,465,396,2025
202506,2641055500,금정구 금사회동동,40대,500,537,487,2025
202506,2641055500,금정구 금사회동동,50대,735,614,779,2025
202506,2641055500,금정구 금사회동동,60대이상,2581,580,1245,2025
202506,2641057000,금정구 부곡1동,20대,331,34,92,2025
202506,2641057000,금정구 부곡1동,20대미만,309,135,125,2025
202506,2641057000,금정구 부곡1동,30대,384,47,92,2025
202506,2641057000,금정구 부곡1동,40대,587,65,151,2025
202506,2641057000,금정구 부곡1동,50대,785,91,182,2025
202506,2641057000,금정구 부곡1동,60대이상,2713,104,397,2025
202506,2641058000,금정구 부곡2동,20대,1498,281,401,2025
202506,2641058000,금정구 부곡2동,20대미만,1286,404,314,2025
202506,2641058000,금정구 부곡2동,30대,1140,248,502,2025
202506,2641058000,금정구 부곡2동,40대,1543,338,584,2025
202506,2641058000,금정구 부곡2동,50대,2045,363,699,2025
202506,2641058000,금정구 부곡2동,60대이상,4516,305,1162,2025
202506,2641059000,금정구 부곡3동,20대,1200,355,378,2025
202506,2641059000,금정구 부곡3동,20대미만,1000,540,262,2025
202506,2641059000,금정구 부곡3동,30대,1141,315,360,2025
202506,2641059000,금정구 부곡3동,40대,1330,285,425,2025
202506,2641059000,금정구 부곡3동,50대,1731,339,564,2025
202506,2641059000,금정구 부곡3동,60대이상,4081,272,993,2025
202506,2641059100,금정구 부곡4동,20대,504,60,222,2025
202506,2641059100,금정구 부곡4동,20대미만,385,22,213,2025
202506,2641059100,금정구 부곡4동,30대,682,67,225,2025
202506,2641059100,금정구 부곡4동,40대,723,101,291,2025
202506,2641059100,금정구 부곡4동,50대,1127,135,363,2025
202506,2641059100,금정구 부곡4동,60대이상,2744,172,798,2025
202506,2641060000,금정구 장전1동,20대,4258,519,882,2025
202506,2641060000,금정구 장전1동,20대미만,968,131,343,2025
202506,2641060000,금정구 장전1동,30대,1280,197,419,2025
202506,2641060000,금정구 장전1동,40대,1303,219,466,2025
202506,2641060000,금정구 장전1동,50대,1394,259,531,2025
202506,2641060000,금정구 장전1동,60대이상,3393,206,774,2025
202506,2641061000,금정구 장전2동,20대,1928,2031,2161,2025
202506,2641061000,금정구 장전2동,20대미만,2308,433,937,2025
202506,2641061000,금정구 장전2동,30대,2173,706,1048,2025
202506,2641061000,금정구 장전2동,40대,3086,725,1128,2025
202506,2641061000,금정구 장전2동,50대,2671,630,1099,2025
202506,2641061000,금정구 장전2동,60대이상,5689,487,1692,2025
202506,2641063500,금정구 선두구동,20대,63,32,127,2025
202506,2641063500,금정구 선두구동,20대미만,48,7,61,2025
202506,2641063500,금정구 선두구동,30대,55,52,156,2025
202506,2641063500,금정구 선두구동,40대,107,75,244,2025
202506,2641063500,금정구 선두구동,50대,200,115,355,2025
202506,2641063500,금정구 선두구동,60대이상,794,122,593,2025
202506,2641066500,금정구 청룡노포동,20대,449,109,278,2025
202506,2641066500,금정구 청룡노포동,20대미만,475,43,120,2025
202506,2641066500,금정구 청룡노포동,30대,480,135,322,2025
202506,2641066500,금정구 청룡노포동,40대,593,170,427,2025
202506,2641066500,금정구 청룡노포동,50대,991,235,772,2025
202506,2641066500,금정구 청룡노포동,60대이상,3214,305,1528,2025
202506,2641067000,금정구 남산동,20대,1930,398,635,2025
202506,2641067000,금정구 남산동,20대미만,1198,141,372,2025
202506,2641067000,금정구 남산동,30대,1460,222,495,2025
202506,2641067000,금정구 남산동,40대,1665,323,541,2025
202506,2641067000,금정구 남산동,50대,2876,442,907,2025
202506,2641067000,금정구 남산동,60대이상,7527,413,1715,2025
202506,2641068000,금정구 구서1동,20대,886,155,353,2025
202506,2641068000,금정구 구서1동,20대미만,983,381,283,2025
202506,2641068000,금정구 구서1동,30대,1017,236,393,2025
202506,2641068000,금정구 구서1동,40대,1268,280,508,2025
202506,2641068000,금정구 구서1동,50대,1771,281,533,2025
202506,2641068000,금정구 구서1동,60대이상,3661,270,826,2025
202506,2641069000,금정구 구서2동,20대,1935,221,924,2025
202506,2641069000,금정구 구서2동,20대미만,1900,145,567,2025
202506,2641069000,금정구 구서2동,30대,2080,249,881,2025
202506,2641069000,금정구 구서2동,40대,2809,303,883,2025
202506,2641069000,금정구 구서2동,50대,3599,465,1372,2025
202506,2641069000,금정구 구서2동,60대이상,8038,452,2960,2025
202506,2641070000,금정구 금성동,20대,43,15,40,2025
202506,2641070000,금정구 금성동,20대미만,76,6,70,2025
202506,2641070000,금정구 금성동,30대,45,14,78,2025
202506,2641070000,금정구 금성동,40대,84,12,128,2025
202506,2641070000,금정구 금성동,50대,90,29,185,2025
202506,2641070000,금정구 금성동,60대이상,350,41,316,2025
202506,2644051000,강서구 대저1동,20대,499,324,369,2025
202506,2644051000,강서구 대저1동,20대미만,196,112,121,2025
202506,2644051000,강서구 대저1동,30대,339,520,474,2025
202506,2644051000,강서구 대저1동,40대,393,647,588,2025
202506,2644051000,강서구 대저1동,50대,615,790,805,2025
202506,2644051000,강서구 대저1동,60대이상,2760,660,1340,2025
202506,2644052000,강서구 대저2동,20대,766,629,2783,2025
202506,2644052000,강서구 대저2동,20대미만,516,88,922,2025
202506,2644052000,강서구 대저2동,30대,774,1004,3821,2025
202506,2644052000,강서구 대저2동,40대,541,904,3376,2025
202506,2644052000,강서구 대저2동,50대,618,1172,3528,2025
202506,2644052000,강서구 대저2동,60대이상,2185,855,3724,2025
202506,2644053000,강서구 강동동,20대,155,55,135,2025
202506,2644053000,강서구 강동동,20대미만,207,32,120,2025
202506,2644053000,강서구 강동동,30대,372,141,735,2025
202506,2644053000,강서구 강동동,40대,381,189,471,2025
202506,2644053000,강서구 강동동,50대,268,225,482,2025
202506,2644053000,강서구 강동동,60대이상,1523,291,762,2025
202506,2644053500,강서구 명지1동,20대,2468,573,888,2025
202506,2644053500,강서구 명지1동,20대미만,7325,242,480,2025
202506,2644053500,강서구 명지1동,30대,7487,1174,1421,2025
202506,2644053500,강서구 명지1동,40대,9215,1501,1441,2025
202506,2644053500,강서구 명지1동,50대,3776,855,1279,2025
202506,2644053500,강서구 명지1동,60대이상,6027,564,1514,2025
202506,2644054500,강서구 명지2동,20대,1319,263,377,2025
202506,2644054500,강서구 명지2동,20대미만,4631,140,274,2025
202506,2644054500,강서구 명지2동,30대,2449,450,543,2025
202506,2644054500,강서구 명지2동,40대,5254,769,637,2025
202506,2644054500,강서구 명지2동,50대,3067,447,500,2025
202506,2644054500,강서구 명지2동,60대이상,3654,209,621,2025
202506,2644055000,강서구 가락동,20대,47,45,90,2025
202506,2644055000,강서구 가락동,20대미만,80,24,69,2025
202506,2644055000,강서구 가락동,30대,95,115,150,2025
202506,2644055000,강서구 가락동,40대,132,151,186,2025
202506,2644055000,강서구 가락동,50대,232,209,296,2025
202506,2644055000,강서구 가락동,60대이상,1119,203,508,2025
202506,2644056000,강서구 녹산동,20대,927,1184,1055,2025
202506,2644056000,강서구 녹산동,20대미만,1880,70,258,2025
202506,2644056000,강서구 녹산동,30대,2136,2784,1935,2025
202506,2644056000,강서구 녹산동,40대,2687,3469,2499,2025
202506,2644056000,강서구 녹산동,50대,1724,2989,2578,2025
202506,2644056000,강서구 녹산동,60대이상,3388,1844,2627,2025
202506,2644058000,강서구 가덕도동,20대,178,67,317,2025
202506,2644058000,강서구 가덕도동,20대미만,114,33,91,2025
202506,2644058000,강서구 가덕도동,30대,270,129,526,2025
202506,2644058000,강서구 가덕도동,40대,323,174,898,2025
202506,2644058000,강서구 가덕도동,50대,389,157,892,2025
202506,2644058000,강서구 가덕도동,60대이상,1632,118,831,2025
202506,2644059000, ,20대,773,123,235,2025
202506,2644059000, ,20대미만,1049,55,206,2025
202506,2644059000, ,30대,1001,169,369,2025
202506,2644059000, ,40대,1366,281,498,2025
202506,2644059000, ,50대,1284,261,456,2025
202506,2644059000, ,60대이상,1941,140,541,2025
202506,2647061000,연제구 거제1동,20대,1740,561,640,2025
202506,2647061000,연제구 거제1동,20대미만,2031,431,757,2025
202506,2647061000,연제구 거제1동,30대,1774,728,731,2025
202506,2647061000,연제구 거제1동,40대,2726,910,952,2025
202506,2647061000,연제구 거제1동,50대,2678,958,1049,2025
202506,2647061000,연제구 거제1동,60대이상,5811,681,1640,2025
202506,2647062000,연제구 거제2동,20대,1479,191,483,2025
202506,2647062000,연제구 거제2동,20대미만,2471,142,459,2025
202506,2647062000,연제구 거제2동,30대,2212,253,545,2025
202506,2647062000,연제구 거제2동,40대,3283,405,716,2025
202506,2647062000,연제구 거제2동,50대,2581,428,800,2025
202506,2647062000,연제구 거제2동,60대이상,3637,287,1390,2025
202506,2647063000,연제구 거제3동,20대,584,99,700,2025
202506,2647063000,연제구 거제3동,20대미만,377,5,289,2025
202506,2647063000,연제구 거제3동,30대,605,135,984,2025
202506,2647063000,연제구 거제3동,40대,675,146,954,2025
202506,2647063000,연제구 거제3동,50대,1067,209,1081,2025
202506,2647063000,연제구 거제3동,60대이상,2423,179,1219,2025
202506,2647064000,연제구 거제4동,20대,638,42,237,2025
202506,2647064000,연제구 거제4동,20대미만,882,114,255,2025
202506,2647064000,연제구 거제4동,30대,567,64,393,2025
202506,2647064000,연제구 거제4동,40대,852,88,410,2025
202506,2647064000,연제구 거제4동,50대,1184,124,386,2025
202506,2647064000,연제구 거제4동,60대이상,2645,116,601,2025
202506,2647065000,연제구 연산1동,20대,790,132,388,2025
202506,2647065000,연제구 연산1동,20대미만,1017,119,321,2025
202506,2647065000,연제구 연산1동,30대,1141,222,437,2025
202506,2647065000,연제구 연산1동,40대,1428,255,478,2025
202506,2647065000,연제구 연산1동,50대,1482,310,555,2025
202506,2647065000,연제구 연산1동,60대이상,3669,316,1064,2025
202506,2647066000,연제구 연산2동,20대,1459,202,894,2025
202506,2647066000,연제구 연산2동,20대미만,1131,206,782,2025
202506,2647066000,연제구 연산2동,30대,2778,452,1713,2025
202506,2647066000,연제구 연산2동,40대,2082,469,1539,2025
202506,2647066000,연제구 연산2동,50대,2067,464,1363,2025
202506,2647066000,연제구 연산2동,60대이상,4696,337,2548,2025
202506,2647067000,연제구 연산3동,20대,267,6,72,2025
202506,2647067000,연제구 연산3동,20대미만,171,56,72,2025
202506,2647067000,연제구 연산3동,30대,413,17,119,2025
202506,2647067000,연제구 연산3동,40대,490,33,119,2025
202506,2647067000,연제구 연산3동,50대,560,53,114,2025
202506,2647067000,연제구 연산3동,60대이상,1697,59,277,2025
202506,2647068000,연제구 연산4동,20대,1011,211,967,2025
202506,2647068000,연제구 연산4동,20대미만,721,21,255,2025
202506,2647068000,연제구 연산4동,30대,1365,256,987,2025
202506,2647068000,연제구 연산4동,40대,1556,291,966,2025
202506,2647068000,연제구 연산4동,50대,1854,373,1155,2025
202506,2647068000,연제구 연산4동,60대이상,4984,366,2400,2025
202506,2647069000,연제구 연산5동,20대,1598,328,763,2025
202506,2647069000,연제구 연산5동,20대미만,425,20,148,2025
202506,2647069000,연제구 연산5동,30대,1875,485,806,2025
202506,2647069000,연제구 연산5동,40대,1199,495,680,2025
202506,2647069000,연제구 연산5동,50대,1288,561,836,2025
202506,2647069000,연제구 연산5동,60대이상,2871,517,1420,2025
202506,2647070000,연제구 연산6동,20대,771,98,485,2025
202506,2647070000,연제구 연산6동,20대미만,731,152,319,2025
202506,2647070000,연제구 연산6동,30대,1086,110,628,2025
202506,2647070000,연제구 연산6동,40대,1207,175,628,2025
202506,2647070000,연제구 연산6동,50대,1437,213,798,2025
202506,2647070000,연제구 연산6동,60대이상,4348,240,1875,2025
202506,2647072000,연제구 연산8동,20대,502,65,295,2025
202506,2647072000,연제구 연산8동,20대미만,612,111,340,2025
202506,2647072000,연제구 연산8동,30대,756,99,359,2025
202506,2647072000,연제구 연산8동,40대,869,118,460,2025
202506,2647072000,연제구 연산8동,50대,1131,142,557,2025
202506,2647072000,연제구 연산8동,60대이상,2362,139,1321,2025
202506,2647073000,연제구 연산9동,20대,2095,299,444,2025
202506,2647073000,연제구 연산9동,20대미만,2300,262,428,2025
202506,2647073000,연제구 연산9동,30대,2458,338,682,2025
202506,2647073000,연제구 연산9동,40대,3109,493,749,2025
202506,2647073000,연제구 연산9동,50대,4047,570,966,2025
202506,2647073000,연제구 연산9동,60대이상,9187,477,1438,2025
202506,2650066000,수영구 남천1동,20대,1096,354,747,2025
202506,2650066000,수영구 남천1동,20대미만,1349,190,694,2025
202506,2650066000,수영구 남천1동,30대,1352,446,789,2025
202506,2650066000,수영구 남천1동,40대,1525,500,990,2025
202506,2650066000,수영구 남천1동,50대,1775,501,1116,2025
202506,2650066000,수영구 남천1동,60대이상,3648,443,1778,2025
202506,2650067000,수영구 남천2동,20대,454,69,534,2025
202506,2650067000,수영구 남천2동,20대미만,473,35,195,2025
202506,2650067000,수영구 남천2동,30대,675,86,505,2025
202506,2650067000,수영구 남천2동,40대,774,119,461,2025
202506,2650067000,수영구 남천2동,50대,1220,123,435,2025
202506,2650067000,수영구 남천2동,60대이상,2602,124,744,2025
202506,2650073000,수영구 수영동,20대,960,169,423,2025
202506,2650073000,수영구 수영동,20대미만,549,75,203,2025
202506,2650073000,수영구 수영동,30대,1087,200,458,2025
202506,2650073000,수영구 수영동,40대,1084,166,429,2025
202506,2650073000,수영구 수영동,50대,1454,260,593,2025
202506,2650073000,수영구 수영동,60대이상,5080,301,1220,2025
202506,2650074000,수영구 망미1동,20대,1428,188,406,2025
202506,2650074000,수영구 망미1동,20대미만,1699,119,317,2025
202506,2650074000,수영구 망미1동,30대,1886,229,490,2025
202506,2650074000,수영구 망미1동,40대,2417,301,490,2025
202506,2650074000,수영구 망미1동,50대,2713,356,587,2025
202506,2650074000,수영구 망미1동,60대이상,8673,410,1233,2025
202506,2650075000,수영구 망미2동,20대,522,67,236,2025
202506,2650075000,수영구 망미2동,20대미만,444,38,182,2025
202506,2650075000,수영구 망미2동,30대,595,91,314,2025
202506,2650075000,수영구 망미2동,40대,813,100,406,2025
202506,2650075000,수영구 망미2동,50대,1088,115,445,2025
202506,2650075000,수영구 망미2동,60대이상,2531,108,834,2025
202506,2650076000,수영구 광안1동,20대,2371,181,564,2025
202506,2650076000,수영구 광안1동,20대미만,796,32,193,2025
202506,2650076000,수영구 광안1동,30대,2430,201,460,2025
202506,2650076000,수영구 광안1동,40대,1395,209,410,2025
202506,2650076000,수영구 광안1동,50대,1440,199,489,2025
202506,2650076000,수영구 광안1동,60대이상,3896,227,1016,2025
202506,2650077000,수영구 광안2동,20대,1445,288,1908,2025
202506,2650077000,수영구 광안2동,20대미만,877,158,422,2025
202506,2650077000,수영구 광안2동,30대,1649,389,1297,2025
202506,2650077000,수영구 광안2동,40대,1581,265,872,2025
202506,2650077000,수영구 광안2동,50대,1650,289,822,2025
202506,2650077000,수영구 광안2동,60대이상,3981,267,1302,2025
202506,2650078000,수영구 광안3동,20대,1149,174,793,2025
202506,2650078000,수영구 광안3동,20대미만,285,31,260,2025
202506,2650078000,수영구 광안3동,30대,1065,169,710,2025
202506,2650078000,수영구 광안3동,40대,741,206,588,2025
202506,2650078000,수영구 광안3동,50대,826,201,697,2025
202506,2650078000,수영구 광안3동,60대이상,2536,233,1468,2025
202506,2650079000,수영구 광안4동,20대,868,100,615,2025
202506,2650079000,수영구 광안4동,20대미만,704,202,439,2025
202506,2650079000,수영구 광안4동,30대,1108,124,747,2025
202506,2650079000,수영구 광안4동,40대,1192,156,717,2025
202506,2650079000,수영구 광안4동,50대,1404,165,739,2025
202506,2650079000,수영구 광안4동,60대이상,3199,143,1390,2025
202506,2650080000,수영구 민락동,20대,1788,368,2314,2025
202506,2650080000,수영구 민락동,20대미만,1456,36,583,2025
202506,2650080000,수영구 민락동,30대,2661,393,1718,2025
202506,2650080000,수영구 민락동,40대,2822,380,1219,2025
202506,2650080000,수영구 민락동,50대,3184,468,1223,2025
202506,2650080000,수영구 민락동,60대이상,7276,435,1711,2025
202506,2653058000,사상구 삼락동,20대,219,148,262,2025
202506,2653058000,사상구 삼락동,20대미만,170,56,198,2025
202506,2653058000,사상구 삼락동,30대,276,269,389,2025
202506,2653058000,사상구 삼락동,40대,323,357,463,2025
202506,2653058000,사상구 삼락동,50대,632,549,719,2025
202506,2653058000,사상구 삼락동,60대이상,1551,495,1248,2025
202506,2653059100,사상구 모라1동,20대,1663,290,362,2025
202506,2653059100,사상구 모라1동,20대미만,1223,84,226,2025
202506,2653059100,사상구 모라1동,30대,2022,463,483,2025
202506,2653059100,사상구 모라1동,40대,1765,480,492,2025
202506,2653059100,사상구 모라1동,50대,3268,806,805,2025
202506,2653059100,사상구 모라1동,60대이상,8210,801,1382,2025
202506,2653059300,사상구 모라3동,20대,320,52,171,2025
202506,2653059300,사상구 모라3동,20대미만,299,40,67,2025
202506,2653059300,사상구 모라3동,30대,411,41,100,2025
202506,2653059300,사상구 모라3동,40대,632,79,147,2025
202506,2653059300,사상구 모라3동,50대,1178,149,238,2025
202506,2653059300,사상구 모라3동,60대이상,4596,162,583,2025
202506,2653060000,사상구 덕포1동,20대,617,91,223,2025
202506,2653060000,사상구 덕포1동,20대미만,698,107,126,2025
202506,2653060000,사상구 덕포1동,30대,1093,104,232,2025
202506,2653060000,사상구 덕포1동,40대,985,125,233,2025
202506,2653060000,사상구 덕포1동,50대,1129,200,333,2025
202506,2653060000,사상구 덕포1동,60대이상,2552,187,603,2025
202506,2653061000,사상구 덕포2동,20대,783,181,376,2025
202506,2653061000,사상구 덕포2동,20대미만,807,142,232,2025
202506,2653061000,사상구 덕포2동,30대,822,215,338,2025
202506,2653061000,사상구 덕포2동,40대,962,310,368,2025
202506,2653061000,사상구 덕포2동,50대,1477,410,513,2025
202506,2653061000,사상구 덕포2동,60대이상,3693,369,857,2025
202506,2653062000,사상구 괘법동,20대,2879,766,1593,2025
202506,2653062000,사상구 괘법동,20대미만,734,103,506,2025
202506,2653062000,사상구 괘법동,30대,2833,535,1212,2025
202506,2653062000,사상구 괘법동,40대,1880,617,1052,2025
202506,2653062000,사상구 괘법동,50대,2657,796,1444,2025
202506,2653062000,사상구 괘법동,60대이상,5675,743,2400,2025
202506,2653064500,사상구 감전동,20대,603,396,501,2025
202506,2653064500,사상구 감전동,20대미만,286,37,135,2025
202506,2653064500,사상구 감전동,30대,796,681,608,2025
202506,2653064500,사상구 감전동,40대,786,744,626,2025
202506,2653064500,사상구 감전동,50대,1242,883,930,2025
202506,2653064500,사상구 감전동,60대이상,3510,858,1301,2025
202506,2653065000,사상구 주례1동,20대,1110,196,343,2025
202506,2653065000,사상구 주례1동,20대미만,1219,25,120,2025
202506,2653065000,사상구 주례1동,30대,1533,298,400,2025
202506,2653065000,사상구 주례1동,40대,1543,327,373,2025
202506,2653065000,사상구 주례1동,50대,2054,419,551,2025
202506,2653065000,사상구 주례1동,60대이상,4351,388,1213,2025
202506,2653066000,사상구 주례2동,20대,2471,739,856,2025
202506,2653066000,사상구 주례2동,20대미만,1624,316,364,2025
202506,2653066000,사상구 주례2동,30대,1741,323,485,2025
202506,2653066000,사상구 주례2동,40대,1932,322,487,2025
202506,2653066000,사상구 주례2동,50대,2332,369,728,2025
202506,2653066000,사상구 주례2동,60대이상,5232,340,1385,2025
202506,2653066100,사상구 주례3동,20대,384,61,156,2025
202506,2653066100,사상구 주례3동,20대미만,369,42,82,2025
202506,2653066100,사상구 주례3동,30대,382,88,179,2025
202506,2653066100,사상구 주례3동,40대,488,103,207,2025
202506,2653066100,사상구 주례3동,50대,799,125,234,2025
202506,2653066100,사상구 주례3동,60대이상,1946,128,400,2025
202506,2653067000,사상구 학장동,20대,1388,309,447,2025
202506,2653067000,사상구 학장동,20대미만,1235,172,332,2025
202506,2653067000,사상구 학장동,30대,1443,432,571,2025
202506,2653067000,사상구 학장동,40대,2035,553,714,2025
202506,2653067000,사상구 학장동,50대,2406,704,1121,2025
202506,2653067000,사상구 학장동,60대이상,6130,617,1872,2025
202506,2653068000,사상구 엄궁동,20대,1483,238,264,2025
202506,2653068000,사상구 엄궁동,20대미만,2262,13,122,2025
202506,2653068000,사상구 엄궁동,30대,1866,292,401,2025
202506,2653068000,사상구 엄궁동,40대,2469,483,469,2025
202506,2653068000,사상구 엄궁동,50대,3388,584,697,2025
202506,2653068000,사상구 엄궁동,60대이상,6096,399,985,2025
202506,2671025000,기장군 기장읍,20대,3629,945,1601,2025
202506,2671025000,기장군 기장읍,20대미만,3850,140,914,2025
202506,2671025000,기장군 기장읍,30대,4212,1082,2475,2025
202506,2671025000,기장군 기장읍,40대,5493,1269,2546,2025
202506,2671025000,기장군 기장읍,50대,7298,1603,2669,2025
202506,2671025000,기장군 기장읍,60대이상,17264,1095,3599,2025
202506,2671025300,기장군 장안읍,20대,471,489,612,2025
202506,2671025300,기장군 장안읍,20대미만,326,224,319,2025
202506,2671025300,기장군 장안읍,30대,625,982,989,2025
202506,2671025300,기장군 장안읍,40대,610,1107,1341,2025
202506,2671025300,기장군 장안읍,50대,1011,1009,1413,2025
202506,2671025300,기장군 장안읍,60대이상,3023,607,1750,2025
202506,2671025600,기장군 정관읍,20대,4527,907,837,2025
202506,2671025600,기장군 정관읍,20대미만,14187,72,415,2025
202506,2671025600,기장군 정관읍,30대,6555,1165,975,2025
202506,2671025600,기장군 정관읍,40대,13945,2329,1301,2025
202506,2671025600,기장군 정관읍,50대,9064,1821,1420,2025
202506,2671025600,기장군 정관읍,60대이상,13362,907,1818,2025
202506,2671025900,기장군 일광읍,20대,1726,291,751,2025
202506,2671025900,기장군 일광읍,20대미만,2622,46,352,2025
202506,2671025900,기장군 일광읍,30대,3620,482,1023,2025
202506,2671025900,기장군 일광읍,40대,4011,599,1084,2025
202506,2671025900,기장군 일광읍,50대,3079,536,1295,2025
202506,2671025900,기장군 일광읍,60대이상,5619,420,1746,2025
202506,2671033000,기장군 철마면,20대,162,44,87,2025
202506,2671033000,기장군 철마면,20대미만,202,11,52,2025
202506,2671033000,기장군 철마면,30대,234,80,158,2025
202506,2671033000,기장군 철마면,40대,461,139,230,2025
202506,2671033000,기장군 철마면,50대,700,245,498,2025
202506,2671033000,기장군 철마면,60대이상,3190,315,1029,2025
202505,2611051000,중구 중앙동,20대,526,726,994,2025
202505,2611051000,중구 중앙동,20대미만,241,62,387,2025
202505,2611051000,중구 중앙동,30대,566,1117,1145,2025
202505,2611051000,중구 중앙동,40대,552,1001,1130,2025
202505,2611051000,중구 중앙동,50대,773,1009,1210,2025
202505,2611051000,중구 중앙동,60대이상,1544,601,1661,2025
202505,2611052000,중구 동광동,20대,113,64,165,2025
202505,2611052000,중구 동광동,20대미만,40,18,87,2025
202505,2611052000,중구 동광동,30대,124,95,168,2025
202505,2611052000,중구 동광동,40대,177,120,187,2025
202505,2611052000,중구 동광동,50대,254,117,216,2025
202505,2611052000,중구 동광동,60대이상,987,100,392,2025
202505,2611053000,중구 대청동,20대,485,160,341,2025
202505,2611053000,중구 대청동,20대미만,249,73,138,2025
202505,2611053000,중구 대청동,30대,375,224,285,2025
202505,2611053000,중구 대청동,40대,487,194,298,2025
202505,2611053000,중구 대청동,50대,658,202,371,2025
202505,2611053000,중구 대청동,60대이상,1991,203,662,2025
202505,2611054500,중구 보수동,20대,856,98,221,2025
202505,2611054500,중구 보수동,20대미만,346,78,111,2025
202505,2611054500,중구 보수동,30대,519,68,150,2025
202505,2611054500,중구 보수동,40대,565,83,179,2025
202505,2611054500,중구 보수동,50대,1033,158,245,2025
202505,2611054500,중구 보수동,60대이상,2323,132,549,2025
202505,2611056000,중구 부평동,20대,339,104,835,2025
202505,2611056000,중구 부평동,20대미만,153,4,261,2025
202505,2611056000,중구 부평동,30대,233,185,742,2025
202505,2611056000,중구 부평동,40대,318,203,748,2025
202505,2611056000,중구 부평동,50대,480,259,1026,2025
202505,2611056000,중구 부평동,60대이상,1507,307,1857,2025
202505,2611057000,중구 광복동,20대,51,81,244,2025
202505,2611057000,중구 광복동,20대미만,26,29,152,2025
202505,2611057000,중구 광복동,30대,36,76,203,2025
202505,2611057000,중구 광복동,40대,76,95,240,2025
202505,2611057000,중구 광복동,50대,95,137,284,2025
202505,2611057000,중구 광복동,60대이상,330,272,495,2025
202505,2611058000,중구 남포동,20대,100,222,899,2025
202505,2611058000,중구 남포동,20대미만,41,12,503,2025
202505,2611058000,중구 남포동,30대,157,299,835,2025
202505,2611058000,중구 남포동,40대,196,306,933,2025
202505,2611058000,중구 남포동,50대,349,444,1337,2025
202505,2611058000,중구 남포동,60대이상,750,808,3139,2025
202505,2611059000,중구 영주1동,20대,37,18,66,2025
202505,2611059000,중구 영주1동,20대미만,11,0,56,2025
202505,2611059000,중구 영주1동,30대,33,17,56,2025
202505,2611059000,중구 영주1동,40대,38,17,66,2025
202505,2611059000,중구 영주1동,50대,31,20,82,2025
202505,2611059000,중구 영주1동,60대이상,111,21,138,2025
202505,2611060000,중구 영주2동,20대,350,39,146,2025
202505,2611060000,중구 영주2동,20대미만,231,50,73,2025
202505,2611060000,중구 영주2동,30대,335,47,147,2025
202505,2611060000,중구 영주2동,40대,462,62,139,2025
202505,2611060000,중구 영주2동,50대,802,93,228,2025
202505,2611060000,중구 영주2동,60대이상,2604,89,505,2025
202505,2614051000,서구 동대신1동,20대,306,37,175,2025
202505,2614051000,서구 동대신1동,20대미만,238,19,145,2025
202505,2614051000,서구 동대신1동,30대,352,44,128,2025
202505,2614051000,서구 동대신1동,40대,433,44,163,2025
202505,2614051000,서구 동대신1동,50대,542,65,222,2025
202505,2614051000,서구 동대신1동,60대이상,1482,74,408,2025
202505,2614052000,서구 동대신2동,20대,136,14,48,2025
202505,2614052000,서구 동대신2동,20대미만,101,16,57,2025
202505,2614052000,서구 동대신2동,30대,123,12,47,2025
202505,2614052000,서구 동대신2동,40대,272,20,68,2025
202505,2614052000,서구 동대신2동,50대,346,37,92,2025
202505,2614052000,서구 동대신2동,60대이상,1343,45,196,2025
202505,2614053000,서구 동대신3동,20대,640,283,554,2025
202505,2614053000,서구 동대신3동,20대미만,441,200,385,2025
202505,2614053000,서구 동대신3동,30대,458,250,452,2025
202505,2614053000,서구 동대신3동,40대,582,231,550,2025
202505,2614053000,서구 동대신3동,50대,732,280,692,2025
202505,2614053000,서구 동대신3동,60대이상,2072,191,1520,2025
202505,2614054000,서구 서대신1동,20대,1020,153,323,2025
202505,2614054000,서구 서대신1동,20대미만,1124,20,224,2025
202505,2614054000,서구 서대신1동,30대,1208,170,296,2025
202505,2614054000,서구 서대신1동,40대,1625,199,363,2025
202505,2614054000,서구 서대신1동,50대,1540,250,488,2025
202505,2614054000,서구 서대신1동,60대이상,3657,234,856,2025
202505,2614056000,서구 서대신3동,20대,213,44,98,2025
202505,2614056000,서구 서대신3동,20대미만,336,120,120,2025
202505,2614056000,서구 서대신3동,30대,240,59,120,2025
202505,2614056000,서구 서대신3동,40대,355,73,162,2025
202505,2614056000,서구 서대신3동,50대,451,65,193,2025
202505,2614056000,서구 서대신3동,60대이상,1026,76,371,2025
202505,2614057000,서구 서대신4동,20대,388,50,185,2025
202505,2614057000,서구 서대신4동,20대미만,511,70,153,2025
202505,2614057000,서구 서대신4동,30대,377,52,137,2025
202505,2614057000,서구 서대신4동,40대,676,73,188,2025
202505,2614057000,서구 서대신4동,50대,758,78,288,2025
202505,2614057000,서구 서대신4동,60대이상,1882,106,584,2025
202505,2614059000,서구 부민동,20대,550,264,340,2025
202505,2614059000,서구 부민동,20대미만,424,79,174,2025
202505,2614059000,서구 부민동,30대,316,52,130,2025
202505,2614059000,서구 부민동,40대,446,65,128,2025
202505,2614059000,서구 부민동,50대,448,77,188,2025
202505,2614059000,서구 부민동,60대이상,1251,63,286,2025
202505,2614061500,서구 아미동,20대,469,42,227,2025
202505,2614061500,서구 아미동,20대미만,156,1,85,2025
202505,2614061500,서구 아미동,30대,473,95,242,2025
202505,2614061500,서구 아미동,40대,363,88,197,2025
202505,2614061500,서구 아미동,50대,644,96,256,2025
202505,2614061500,서구 아미동,60대이상,2539,97,623,2025
202505,2614063000,서구 초장동,20대,161,31,87,2025
202505,2614063000,서구 초장동,20대미만,104,43,62,2025
202505,2614063000,서구 초장동,30대,162,11,49,2025
202505,2614063000,서구 초장동,40대,282,33,106,2025
202505,2614063000,서구 초장동,50대,440,41,153,2025
202505,2614063000,서구 초장동,60대이상,1649,57,363,2025
202505,2614064000,서구 충무동,20대,565,67,166,2025
202505,2614064000,서구 충무동,20대미만,244,93,97,2025
202505,2614064000,서구 충무동,30대,380,111,135,2025
202505,2614064000,서구 충무동,40대,528,138,181,2025
202505,2614064000,서구 충무동,50대,760,169,282,2025
202505,2614064000,서구 충무동,60대이상,2011,147,627,2025
202505,2614065000,서구 남부민1동,20대,109,14,49,2025
202505,2614065000,서구 남부민1동,20대미만,46,3,21,2025
202505,2614065000,서구 남부민1동,30대,68,14,51,2025
202505,2614065000,서구 남부민1동,40대,151,27,73,2025
202505,2614065000,서구 남부민1동,50대,395,44,125,2025
202505,2614065000,서구 남부민1동,60대이상,942,47,249,2025
202505,2614066000,서구 남부민2동,20대,348,67,209,2025
202505,2614066000,서구 남부민2동,20대미만,325,68,155,2025
202505,2614066000,서구 남부민2동,30대,392,69,269,2025
202505,2614066000,서구 남부민2동,40대,551,83,303,2025
202505,2614066000,서구 남부민2동,50대,909,104,350,2025
202505,2614066000,서구 남부민2동,60대이상,3171,140,727,2025
202505,2614068000,서구 암남동,20대,1126,351,715,2025
202505,2614068000,서구 암남동,20대미만,760,43,354,2025
202505,2614068000,서구 암남동,30대,1220,423,784,2025
202505,2614068000,서구 암남동,40대,1569,516,965,2025
202505,2614068000,서구 암남동,50대,2045,569,1205,2025
202505,2614068000,서구 암남동,60대이상,4990,388,2087,2025
202505,2617051000,동구 초량1동,20대,129,139,356,2025
202505,2617051000,동구 초량1동,20대미만,106,14,105,2025
202505,2617051000,동구 초량1동,30대,141,196,377,2025
202505,2617051000,동구 초량1동,40대,190,173,369,2025
202505,2617051000,동구 초량1동,50대,338,159,400,2025
202505,2617051000,동구 초량1동,60대이상,1013,101,648,2025
202505,2617052000,동구 초량2동,20대,258,106,579,2025
202505,2617052000,동구 초량2동,20대미만,199,171,225,2025
202505,2617052000,동구 초량2동,30대,239,133,495,2025
202505,2617052000,동구 초량2동,40대,350,144,489,2025
202505,2617052000,동구 초량2동,50대,589,175,611,2025
202505,2617052000,동구 초량2동,60대이상,1992,206,979,2025
202505,2617053000,동구 초량3동,20대,996,444,1350,2025
202505,2617053000,동구 초량3동,20대미만,650,114,539,2025
202505,2617053000,동구 초량3동,30대,1516,608,1439,2025
202505,2617053000,동구 초량3동,40대,1389,550,1463,2025
202505,2617053000,동구 초량3동,50대,1173,572,1761,2025
202505,2617053000,동구 초량3동,60대이상,2135,391,2343,2025
202505,2617055000,동구 초량6동,20대,67,24,110,2025
202505,2617055000,동구 초량6동,20대미만,54,36,99,2025
202505,2617055000,동구 초량6동,30대,76,17,121,2025
202505,2617055000,동구 초량6동,40대,78,26,141,2025
202505,2617055000,동구 초량6동,50대,152,36,134,2025
202505,2617055000,동구 초량6동,60대이상,417,20,167,2025
202505,2617056000,동구 수정1동,20대,275,79,172,2025
202505,2617056000,동구 수정1동,20대미만,241,36,96,2025
202505,2617056000,동구 수정1동,30대,238,81,198,2025
202505,2617056000,동구 수정1동,40대,344,68,177,2025
202505,2617056000,동구 수정1동,50대,465,81,227,2025
202505,2617056000,동구 수정1동,60대이상,1321,68,384,2025
202505,2617057000,동구 수정2동,20대,389,77,135,2025
202505,2617057000,동구 수정2동,20대미만,362,99,109,2025
202505,2617057000,동구 수정2동,30대,513,114,177,2025
202505,2617057000,동구 수정2동,40대,618,134,206,2025
202505,2617057000,동구 수정2동,50대,798,174,300,2025
202505,2617057000,동구 수정2동,60대이상,2675,136,554,2025
202505,2617059000,동구 수정4동,20대,109,17,25,2025
202505,2617059000,동구 수정4동,20대미만,65,0,23,2025
202505,2617059000,동구 수정4동,30대,108,9,33,2025
202505,2617059000,동구 수정4동,40대,167,16,41,2025
202505,2617059000,동구 수정4동,50대,371,27,69,2025
202505,2617059000,동구 수정4동,60대이상,1275,29,160,2025
202505,2617060000,동구 수정5동,20대,271,17,51,2025
202505,2617060000,동구 수정5동,20대미만,193,30,41,2025
202505,2617060000,동구 수정5동,30대,205,31,48,2025
202505,2617060000,동구 수정5동,40대,349,43,70,2025
202505,2617060000,동구 수정5동,50대,582,56,97,2025
202505,2617060000,동구 수정5동,60대이상,2092,46,227,2025
202505,2617064500,동구 좌천동,20대,201,21,193,2025
202505,2617064500,동구 좌천동,20대미만,116,46,168,2025
202505,2617064500,동구 좌천동,30대,233,38,224,2025
202505,2617064500,동구 좌천동,40대,240,53,224,2025
202505,2617064500,동구 좌천동,50대,398,84,329,2025
202505,2617064500,동구 좌천동,60대이상,1293,72,784,2025
202505,2617065000,동구 범일1동,20대,528,56,192,2025
202505,2617065000,동구 범일1동,20대미만,303,57,89,2025
202505,2617065000,동구 범일1동,30대,599,92,240,2025
202505,2617065000,동구 범일1동,40대,706,106,208,2025
202505,2617065000,동구 범일1동,50대,1026,150,293,2025
202505,2617065000,동구 범일1동,60대이상,3848,182,625,2025
202505,2617066000,동구 범일2동,20대,520,367,561,2025
202505,2617066000,동구 범일2동,20대미만,337,24,181,2025
202505,2617066000,동구 범일2동,30대,653,684,754,2025
202505,2617066000,동구 범일2동,40대,629,813,788,2025
202505,2617066000,동구 범일2동,50대,862,976,1057,2025
202505,2617066000,동구 범일2동,60대이상,2036,826,1992,2025
202505,2617068000,동구 범일5동,20대,514,81,398,2025
202505,2617068000,동구 범일5동,20대미만,455,90,210,2025
202505,2617068000,동구 범일5동,30대,1319,151,515,2025
202505,2617068000,동구 범일5동,40대,1010,190,524,2025
202505,2617068000,동구 범일5동,50대,835,203,668,2025
202505,2617068000,동구 범일5동,60대이상,1630,316,1350,2025
202505,2620053000,영도구 남항동,20대,563,161,477,2025
202505,2620053000,영도구 남항동,20대미만,430,36,199,2025
202505,2620053000,영도구 남항동,30대,586,230,521,2025
202505,2620053000,영도구 남항동,40대,787,321,664,2025
202505,2620053000,영도구 남항동,50대,1275,421,977,2025
202505,2620053000,영도구 남항동,60대이상,4107,496,1950,2025
202505,2620054000,영도구 영선1동,20대,40,11,22,2025
202505,2620054000,영도구 영선1동,20대미만,41,1,20,2025
202505,2620054000,영도구 영선1동,30대,22,7,31,2025
202505,2620054000,영도구 영선1동,40대,86,24,48,2025
202505,2620054000,영도구 영선1동,50대,117,41,93,2025
202505,2620054000,영도구 영선1동,60대이상,396,59,223,2025
202505,2620055000,영도구 영선2동,20대,343,73,183,2025
202505,2620055000,영도구 영선2동,20대미만,305,101,132,2025
202505,2620055000,영도구 영선2동,30대,421,45,132,2025
202505,2620055000,영도구 영선2동,40대,492,67,171,2025
202505,2620055000,영도구 영선2동,50대,869,94,228,2025
202505,2620055000,영도구 영선2동,60대이상,2871,100,478,2025
202505,2620058500,영도구 신선동,20대,252,28,66,2025
202505,2620058500,영도구 신선동,20대미만,198,139,93,2025
202505,2620058500,영도구 신선동,30대,275,44,87,2025
202505,2620058500,영도구 신선동,40대,474,62,123,2025
202505,2620058500,영도구 신선동,50대,783,92,174,2025
202505,2620058500,영도구 신선동,60대이상,2836,90,352,2025
202505,2620059000,영도구 봉래1동,20대,237,32,191,2025
202505,2620059000,영도구 봉래1동,20대미만,278,7,107,2025
202505,2620059000,영도구 봉래1동,30대,287,70,249,2025
202505,2620059000,영도구 봉래1동,40대,443,92,270,2025
202505,2620059000,영도구 봉래1동,50대,549,139,331,2025
202505,2620059000,영도구 봉래1동,60대이상,1934,200,631,2025
202505,2620060500,영도구 봉래2동,20대,329,53,115,2025
202505,2620060500,영도구 봉래2동,20대미만,236,22,94,2025
202505,2620060500,영도구 봉래2동,30대,448,65,137,2025
202505,2620060500,영도구 봉래2동,40대,453,105,175,2025
202505,2620060500,영도구 봉래2동,50대,848,127,230,2025
202505,2620060500,영도구 봉래2동,60대이상,2374,133,492,2025
202505,2620063000,영도구 청학1동,20대,178,30,90,2025
202505,2620063000,영도구 청학1동,20대미만,160,20,46,2025
202505,2620063000,영도구 청학1동,30대,210,43,129,2025
202505,2620063000,영도구 청학1동,40대,398,136,184,2025
202505,2620063000,영도구 청학1동,50대,582,159,257,2025
202505,2620063000,영도구 청학1동,60대이상,1805,106,406,2025
202505,2620064000,영도구 청학2동,20대,637,123,278,2025
202505,2620064000,영도구 청학2동,20대미만,669,17,168,2025
202505,2620064000,영도구 청학2동,30대,919,165,287,2025
202505,2620064000,영도구 청학2동,40대,1151,243,402,2025
202505,2620064000,영도구 청학2동,50대,1945,349,464,2025
202505,2620064000,영도구 청학2동,60대이상,4784,283,850,2025
202505,2620065000,영도구 동삼1동,20대,1734,346,458,2025
202505,2620065000,영도구 동삼1동,20대미만,1910,179,341,2025
202505,2620065000,영도구 동삼1동,30대,1714,329,469,2025
202505,2620065000,영도구 동삼1동,40대,2364,445,561,2025
202505,2620065000,영도구 동삼1동,50대,3329,526,732,2025
202505,2620065000,영도구 동삼1동,60대이상,9237,368,1125,2025
202505,2620066000,영도구 동삼2동,20대,846,360,522,2025
202505,2620066000,영도구 동삼2동,20대미만,604,75,466,2025
202505,2620066000,영도구 동삼2동,30대,271,110,483,2025
202505,2620066000,영도구 동삼2동,40대,443,150,628,2025
202505,2620066000,영도구 동삼2동,50대,510,145,686,2025
202505,2620066000,영도구 동삼2동,60대이상,1345,102,1053,2025
202505,2620067000,영도구 동삼3동,20대,342,64,177,2025
202505,2620067000,영도구 동삼3동,20대미만,352,56,179,2025
202505,2620067000,영도구 동삼3동,30대,412,67,210,2025
202505,2620067000,영도구 동삼3동,40대,613,99,253,2025
202505,2620067000,영도구 동삼3동,50대,943,136,376,2025
202505,2620067000,영도구 동삼3동,60대이상,3601,134,594,2025
202505,2623051000,부산진구 부전1동,20대,2132,667,1743,2025
202505,2623051000,부산진구 부전1동,20대미만,383,44,452,2025
202505,2623051000,부산진구 부전1동,30대,1769,840,1430,2025
202505,2623051000,부산진구 부전1동,40대,1034,717,1225,2025
202505,2623051000,부산진구 부전1동,50대,1273,879,1701,2025
202505,2623051000,부산진구 부전1동,60대이상,2781,1150,4531,2025
202505,2623052000,부산진구 부전2동,20대,1819,1660,6045,2025
202505,2623052000,부산진구 부전2동,20대미만,346,115,1725,2025
202505,2623052000,부산진구 부전2동,30대,1766,1324,3392,2025
202505,2623052000,부산진구 부전2동,40대,1202,931,2139,2025
202505,2623052000,부산진구 부전2동,50대,1114,873,1979,2025
202505,2623052000,부산진구 부전2동,60대이상,1747,673,2689,2025
202505,2623054000,부산진구 연지동,20대,606,81,244,2025
202505,2623054000,부산진구 연지동,20대미만,637,50,217,2025
202505,2623054000,부산진구 연지동,30대,928,97,295,2025
202505,2623054000,부산진구 연지동,40대,1261,142,298,2025
202505,2623054000,부산진구 연지동,50대,1395,158,307,2025
202505,2623054000,부산진구 연지동,60대이상,3881,137,634,2025
202505,2623055000,부산진구 초읍동,20대,1241,199,415,2025
202505,2623055000,부산진구 초읍동,20대미만,1745,124,282,2025
202505,2623055000,부산진구 초읍동,30대,1661,204,599,2025
202505,2623055000,부산진구 초읍동,40대,2091,319,670,2025
202505,2623055000,부산진구 초읍동,50대,2627,416,846,2025
202505,2623055000,부산진구 초읍동,60대이상,7544,350,1523,2025
202505,2623056000,부산진구 양정1동,20대,1540,531,786,2025
202505,2623056000,부산진구 양정1동,20대미만,1146,399,365,2025
202505,2623056000,부산진구 양정1동,30대,1631,396,743,2025
202505,2623056000,부산진구 양정1동,40대,1629,407,652,2025
202505,2623056000,부산진구 양정1동,50대,2277,454,814,2025
202505,2623056000,부산진구 양정1동,60대이상,5373,457,1274,2025
202505,2623057000,부산진구 양정2동,20대,1946,283,566,2025
202505,2623057000,부산진구 양정2동,20대미만,771,267,263,2025
202505,2623057000,부산진구 양정2동,30대,2318,314,617,2025
202505,2623057000,부산진구 양정2동,40대,1499,277,519,2025
202505,2623057000,부산진구 양정2동,50대,1345,314,673,2025
202505,2623057000,부산진구 양정2동,60대이상,2509,250,1095,2025
202505,2623060000,부산진구 전포1동,20대,2720,812,2351,2025
202505,2623060000,부산진구 전포1동,20대미만,714,402,609,2025
202505,2623060000,부산진구 전포1동,30대,2609,648,1272,2025
202505,2623060000,부산진구 전포1동,40대,1380,379,671,2025
202505,2623060000,부산진구 전포1동,50대,1649,374,585,2025
202505,2623060000,부산진구 전포1동,60대이상,2639,297,695,2025
202505,2623061000,부산진구 전포2동,20대,2105,468,1720,2025
202505,2623061000,부산진구 전포2동,20대미만,929,80,534,2025
202505,2623061000,부산진구 전포2동,30대,2478,453,1217,2025
202505,2623061000,부산진구 전포2동,40대,2118,321,711,2025
202505,2623061000,부산진구 전포2동,50대,2235,394,673,2025
202505,2623061000,부산진구 전포2동,60대이상,5427,355,1187,2025
202505,2623064000,부산진구 부암1동,20대,1489,180,545,2025
202505,2623064000,부산진구 부암1동,20대미만,1151,36,231,2025
202505,2623064000,부산진구 부암1동,30대,2134,266,582,2025
202505,2623064000,부산진구 부암1동,40대,2033,293,528,2025
202505,2623064000,부산진구 부암1동,50대,2301,338,677,2025
202505,2623064000,부산진구 부암1동,60대이상,5009,280,1085,2025
202505,2623066000,부산진구 부암3동,20대,1226,129,401,2025
202505,2623066000,부산진구 부암3동,20대미만,1523,166,390,2025
202505,2623066000,부산진구 부암3동,30대,1875,157,574,2025
202505,2623066000,부산진구 부암3동,40대,2013,215,626,2025
202505,2623066000,부산진구 부암3동,50대,2637,310,753,2025
202505,2623066000,부산진구 부암3동,60대이상,4999,285,1575,2025
202505,2623067000,부산진구 당감1동,20대,1269,162,348,2025
202505,2623067000,부산진구 당감1동,20대미만,1243,176,264,2025
202505,2623067000,부산진구 당감1동,30대,1351,169,406,2025
202505,2623067000,부산진구 당감1동,40대,1685,210,433,2025
202505,2623067000,부산진구 당감1동,50대,2739,375,648,2025
202505,2623067000,부산진구 당감1동,60대이상,6248,315,1065,2025
202505,2623068000,부산진구 당감2동,20대,526,46,181,2025
202505,2623068000,부산진구 당감2동,20대미만,302,3,94,2025
202505,2623068000,부산진구 당감2동,30대,540,66,236,2025
202505,2623068000,부산진구 당감2동,40대,663,68,265,2025
202505,2623068000,부산진구 당감2동,50대,688,102,311,2025
202505,2623068000,부산진구 당감2동,60대이상,1642,83,505,2025
202505,2623070000,부산진구 당감4동,20대,522,53,180,2025
202505,2623070000,부산진구 당감4동,20대미만,598,22,187,2025
202505,2623070000,부산진구 당감4동,30대,592,56,243,2025
202505,2623070000,부산진구 당감4동,40대,797,79,276,2025
202505,2623070000,부산진구 당감4동,50대,1141,122,363,2025
202505,2623070000,부산진구 당감4동,60대이상,2570,139,600,2025
202505,2623071000,부산진구 가야1동,20대,1576,918,931,2025
202505,2623071000,부산진구 가야1동,20대미만,1719,350,535,2025
202505,2623071000,부산진구 가야1동,30대,1144,217,593,2025
202505,2623071000,부산진구 가야1동,40대,1418,269,669,2025
202505,2623071000,부산진구 가야1동,50대,1804,396,738,2025
202505,2623071000,부산진구 가야1동,60대이상,5044,312,1247,2025
202505,2623072000,부산진구 가야2동,20대,590,91,300,2025
202505,2623072000,부산진구 가야2동,20대미만,473,99,237,2025
202505,2623072000,부산진구 가야2동,30대,652,68,359,2025
202505,2623072000,부산진구 가야2동,40대,835,107,399,2025
202505,2623072000,부산진구 가야2동,50대,1090,146,538,2025
202505,2623072000,부산진구 가야2동,60대이상,3152,151,963,2025
202505,2623074000,부산진구 개금1동,20대,2068,224,512,2025
202505,2623074000,부산진구 개금1동,20대미만,687,9,272,2025
202505,2623074000,부산진구 개금1동,30대,1768,182,426,2025
202505,2623074000,부산진구 개금1동,40대,1355,199,400,2025
202505,2623074000,부산진구 개금1동,50대,1695,266,566,2025
202505,2623074000,부산진구 개금1동,60대이상,3656,268,895,2025
202505,2623075000,부산진구 개금2동,20대,730,153,524,2025
202505,2623075000,부산진구 개금2동,20대미만,539,21,177,2025
202505,2623075000,부산진구 개금2동,30대,586,187,433,2025
202505,2623075000,부산진구 개금2동,40대,724,159,378,2025
202505,2623075000,부산진구 개금2동,50대,1056,165,489,2025
202505,2623075000,부산진구 개금2동,60대이상,2740,149,1018,2025
202505,2623076000,부산진구 개금3동,20대,1700,171,322,2025
202505,2623076000,부산진구 개금3동,20대미만,1501,134,276,2025
202505,2623076000,부산진구 개금3동,30대,1839,173,405,2025
202505,2623076000,부산진구 개금3동,40대,2187,178,357,2025
202505,2623076000,부산진구 개금3동,50대,2893,294,530,2025
202505,2623076000,부산진구 개금3동,60대이상,7663,320,950,2025
202505,2623077000,부산진구 범천1동,20대,1500,392,1046,2025
202505,2623077000,부산진구 범천1동,20대미만,379,19,309,2025
202505,2623077000,부산진구 범천1동,30대,1711,544,1122,2025
202505,2623077000,부산진구 범천1동,40대,1070,583,967,2025
202505,2623077000,부산진구 범천1동,50대,1151,667,1189,2025
202505,2623077000,부산진구 범천1동,60대이상,2609,667,2259,2025
202505,2623078000,부산진구 범천2동,20대,1338,142,505,2025
202505,2623078000,부산진구 범천2동,20대미만,757,7,154,2025
202505,2623078000,부산진구 범천2동,30대,2349,269,590,2025
202505,2623078000,부산진구 범천2동,40대,1955,214,481,2025
202505,2623078000,부산진구 범천2동,50대,1944,285,511,2025
202505,2623078000,부산진구 범천2동,60대이상,5518,307,1103,2025
202505,2626051000,동래구 수민동,20대,1584,212,554,2025
202505,2626051000,동래구 수민동,20대미만,1313,59,507,2025
202505,2626051000,동래구 수민동,30대,1578,270,743,2025
202505,2626051000,동래구 수민동,40대,1968,312,848,2025
202505,2626051000,동래구 수민동,50대,2187,414,1189,2025
202505,2626051000,동래구 수민동,60대이상,7662,430,2585,2025
202505,2626052000,동래구 복산동,20대,429,48,117,2025
202505,2626052000,동래구 복산동,20대미만,322,13,130,2025
202505,2626052000,동래구 복산동,30대,399,75,139,2025
202505,2626052000,동래구 복산동,40대,582,90,170,2025
202505,2626052000,동래구 복산동,50대,897,145,247,2025
202505,2626052000,동래구 복산동,60대이상,2836,127,450,2025
202505,2626054500,동래구 명륜동,20대,1474,477,1389,2025
202505,2626054500,동래구 명륜동,20대미만,2234,353,752,2025
202505,2626054500,동래구 명륜동,30대,1883,568,1245,2025
202505,2626054500,동래구 명륜동,40대,2996,630,1340,2025
202505,2626054500,동래구 명륜동,50대,3093,775,1517,2025
202505,2626054500,동래구 명륜동,60대이상,4489,540,2697,2025
202505,2626055000,동래구 온천1동,20대,2728,372,1065,2025
202505,2626055000,동래구 온천1동,20대미만,2258,235,613,2025
202505,2626055000,동래구 온천1동,30대,3923,469,1248,2025
202505,2626055000,동래구 온천1동,40대,3665,516,1336,2025
202505,2626055000,동래구 온천1동,50대,3367,590,1451,2025
202505,2626055000,동래구 온천1동,60대이상,6077,542,2362,2025
202505,2626056000,동래구 온천2동,20대,866,229,434,2025
202505,2626056000,동래구 온천2동,20대미만,1333,203,308,2025
202505,2626056000,동래구 온천2동,30대,1192,293,471,2025
202505,2626056000,동래구 온천2동,40대,1764,350,555,2025
202505,2626056000,동래구 온천2동,50대,1545,333,723,2025
202505,2626056000,동래구 온천2동,60대이상,3657,308,1236,2025
202505,2626057000,동래구 온천3동,20대,2750,261,1319,2025
202505,2626057000,동래구 온천3동,20대미만,2193,191,1677,2025
202505,2626057000,동래구 온천3동,30대,3022,293,1903,2025
202505,2626057000,동래구 온천3동,40대,3217,419,2337,2025
202505,2626057000,동래구 온천3동,50대,4015,524,1992,2025
202505,2626057000,동래구 온천3동,60대이상,9163,441,3730,2025
202505,2626058000,동래구 사직1동,20대,581,195,622,2025
202505,2626058000,동래구 사직1동,20대미만,877,98,744,2025
202505,2626058000,동래구 사직1동,30대,845,192,711,2025
202505,2626058000,동래구 사직1동,40대,1064,216,845,2025
202505,2626058000,동래구 사직1동,50대,1009,239,870,2025
202505,2626058000,동래구 사직1동,60대이상,2363,247,1415,2025
202505,2626059000,동래구 사직2동,20대,1399,192,1289,2025
202505,2626059000,동래구 사직2동,20대미만,3012,421,1183,2025
202505,2626059000,동래구 사직2동,30대,1421,181,956,2025
202505,2626059000,동래구 사직2동,40대,2813,303,1165,2025
202505,2626059000,동래구 사직2동,50대,3114,313,1009,2025
202505,2626059000,동래구 사직2동,60대이상,4180,241,1281,2025
202505,2626060000,동래구 사직3동,20대,898,128,350,2025
202505,2626060000,동래구 사직3동,20대미만,1482,78,475,2025
202505,2626060000,동래구 사직3동,30대,1081,193,360,2025
202505,2626060000,동래구 사직3동,40대,2097,237,523,2025
202505,2626060000,동래구 사직3동,50대,1739,261,532,2025
202505,2626060000,동래구 사직3동,60대이상,3843,216,826,2025
202505,2626074000,동래구 안락1동,20대,685,190,325,2025
202505,2626074000,동래구 안락1동,20대미만,592,37,250,2025
202505,2626074000,동래구 안락1동,30대,815,211,429,2025
202505,2626074000,동래구 안락1동,40대,951,205,552,2025
202505,2626074000,동래구 안락1동,50대,1237,314,762,2025
202505,2626074000,동래구 안락1동,60대이상,4009,327,1509,2025
202505,2626075000,동래구 안락2동,20대,1522,227,390,2025
202505,2626075000,동래구 안락2동,20대미만,1926,115,382,2025
202505,2626075000,동래구 안락2동,30대,1830,279,539,2025
202505,2626075000,동래구 안락2동,40대,2474,372,615,2025
202505,2626075000,동래구 안락2동,50대,3047,452,703,2025
202505,2626075000,동래구 안락2동,60대이상,6643,369,1180,2025
202505,2626076100,동래구 명장1동,20대,709,90,241,2025
202505,2626076100,동래구 명장1동,20대미만,915,288,252,2025
202505,2626076100,동래구 명장1동,30대,965,102,292,2025
202505,2626076100,동래구 명장1동,40대,1365,165,358,2025
202505,2626076100,동래구 명장1동,50대,1465,253,439,2025
202505,2626076100,동래구 명장1동,60대이상,4201,371,922,2025
202505,2626076200,동래구 명장2동,20대,412,37,89,2025
202505,2626076200,동래구 명장2동,20대미만,517,206,216,2025
202505,2626076200,동래구 명장2동,30대,646,52,139,2025
202505,2626076200,동래구 명장2동,40대,752,88,169,2025
202505,2626076200,동래구 명장2동,50대,901,119,194,2025
202505,2626076200,동래구 명장2동,60대이상,2205,128,377,2025
202505,2629051000,남구 대연1동,20대,2470,291,1091,2025
202505,2629051000,남구 대연1동,20대미만,785,97,593,2025
202505,2629051000,남구 대연1동,30대,1116,201,829,2025
202505,2629051000,남구 대연1동,40대,1137,202,924,2025
202505,2629051000,남구 대연1동,50대,1569,293,1136,2025
202505,2629051000,남구 대연1동,60대이상,4175,266,1767,2025
202505,2629053000,남구 대연3동,20대,5083,2647,2881,2025
202505,2629053000,남구 대연3동,20대미만,3608,708,1553,2025
202505,2629053000,남구 대연3동,30대,3031,838,1388,2025
202505,2629053000,남구 대연3동,40대,4051,862,1345,2025
202505,2629053000,남구 대연3동,50대,3801,800,1509,2025
202505,2629053000,남구 대연3동,60대이상,6222,546,1784,2025
202505,2629054000,남구 대연4동,20대,707,80,217,2025
202505,2629054000,남구 대연4동,20대미만,816,68,217,2025
202505,2629054000,남구 대연4동,30대,1342,106,266,2025
202505,2629054000,남구 대연4동,40대,1334,131,319,2025
202505,2629054000,남구 대연4동,50대,1357,172,372,2025
202505,2629054000,남구 대연4동,60대이상,3339,178,756,2025
202505,2629055000,남구 대연5동,20대,1575,246,455,2025
202505,2629055000,남구 대연5동,20대미만,817,110,222,2025
202505,2629055000,남구 대연5동,30대,1060,185,310,2025
202505,2629055000,남구 대연5동,40대,1292,224,341,2025
202505,2629055000,남구 대연5동,50대,1661,267,428,2025
202505,2629055000,남구 대연5동,60대이상,3779,219,748,2025
202505,2629056000,남구 대연6동,20대,817,129,227,2025
202505,2629056000,남구 대연6동,20대미만,1446,213,172,2025
202505,2629056000,남구 대연6동,30대,1214,229,251,2025
202505,2629056000,남구 대연6동,40대,1824,293,292,2025
202505,2629056000,남구 대연6동,50대,1561,266,369,2025
202505,2629056000,남구 대연6동,60대이상,2814,146,562,2025
202505,2629057000,남구 용호1동,20대,2309,296,593,2025
202505,2629057000,남구 용호1동,20대미만,3671,171,482,2025
202505,2629057000,남구 용호1동,30대,2454,281,593,2025
202505,2629057000,남구 용호1동,40대,3991,477,717,2025
202505,2629057000,남구 용호1동,50대,5638,568,889,2025
202505,2629057000,남구 용호1동,60대이상,10391,436,1643,2025
202505,2629058000,남구 용호2동,20대,822,127,391,2025
202505,2629058000,남구 용호2동,20대미만,1445,32,198,2025
202505,2629058000,남구 용호2동,30대,1408,127,401,2025
202505,2629058000,남구 용호2동,40대,1946,209,483,2025
202505,2629058000,남구 용호2동,50대,1892,218,585,2025
202505,2629058000,남구 용호2동,60대이상,4827,200,1053,2025
202505,2629059000,남구 용호3동,20대,644,92,223,2025
202505,2629059000,남구 용호3동,20대미만,627,263,224,2025
202505,2629059000,남구 용호3동,30대,590,84,276,2025
202505,2629059000,남구 용호3동,40대,804,148,323,2025
202505,2629059000,남구 용호3동,50대,1248,223,452,2025
202505,2629059000,남구 용호3동,60대이상,3923,256,799,2025
202505,2629060000,남구 용호4동,20대,372,107,240,2025
202505,2629060000,남구 용호4동,20대미만,388,17,152,2025
202505,2629060000,남구 용호4동,30대,428,66,222,2025
202505,2629060000,남구 용호4동,40대,587,100,232,2025
202505,2629060000,남구 용호4동,50대,728,127,326,2025
202505,2629060000,남구 용호4동,60대이상,2031,184,651,2025
202505,2629061000,남구 용당동,20대,516,314,417,2025
202505,2629061000,남구 용당동,20대미만,514,173,220,2025
202505,2629061000,남구 용당동,30대,444,171,293,2025
202505,2629061000,남구 용당동,40대,666,276,416,2025
202505,2629061000,남구 용당동,50대,1044,291,569,2025
202505,2629061000,남구 용당동,60대이상,2170,238,694,2025
202505,2629062000,남구 감만1동,20대,357,114,216,2025
202505,2629062000,남구 감만1동,20대미만,288,21,82,2025
202505,2629062000,남구 감만1동,30대,382,162,345,2025
202505,2629062000,남구 감만1동,40대,584,177,439,2025
202505,2629062000,남구 감만1동,50대,781,252,625,2025
202505,2629062000,남구 감만1동,60대이상,2094,237,619,2025
202505,2629063000,남구 감만2동,20대,161,22,65,2025
202505,2629063000,남구 감만2동,20대미만,175,41,82,2025
202505,2629063000,남구 감만2동,30대,212,26,87,2025
202505,2629063000,남구 감만2동,40대,317,52,132,2025
202505,2629063000,남구 감만2동,50대,669,86,161,2025
202505,2629063000,남구 감만2동,60대이상,1632,93,375,2025
202505,2629064500,남구 우암동,20대,612,96,283,2025
202505,2629064500,남구 우암동,20대미만,770,68,164,2025
202505,2629064500,남구 우암동,30대,638,149,363,2025
202505,2629064500,남구 우암동,40대,1006,179,415,2025
202505,2629064500,남구 우암동,50대,1358,269,672,2025
202505,2629064500,남구 우암동,60대이상,4635,225,1160,2025
202505,2629068000,남구 문현1동,20대,523,48,177,2025
202505,2629068000,남구 문현1동,20대미만,582,105,188,2025
202505,2629068000,남구 문현1동,30대,437,52,246,2025
202505,2629068000,남구 문현1동,40대,719,92,263,2025
202505,2629068000,남구 문현1동,50대,1055,122,353,2025
202505,2629068000,남구 문현1동,60대이상,2677,120,643,2025
202505,2629069000,남구 문현2동,20대,379,282,363,2025
202505,2629069000,남구 문현2동,20대미만,187,52,186,2025
202505,2629069000,남구 문현2동,30대,631,588,491,2025
202505,2629069000,남구 문현2동,40대,462,450,451,2025
202505,2629069000,남구 문현2동,50대,507,402,490,2025
202505,2629069000,남구 문현2동,60대이상,1687,247,741,2025
202505,2629070000,남구 문현3동,20대,623,86,707,2025
202505,2629070000,남구 문현3동,20대미만,570,102,770,2025
202505,2629070000,남구 문현3동,30대,960,114,707,2025
202505,2629070000,남구 문현3동,40대,1152,173,965,2025
202505,2629070000,남구 문현3동,50대,1101,180,1330,2025
202505,2629070000,남구 문현3동,60대이상,2922,189,2596,2025
202505,2629071000,남구 문현4동,20대,384,74,196,2025
202505,2629071000,남구 문현4동,20대미만,300,85,134,2025
202505,2629071000,남구 문현4동,30대,490,100,226,2025
202505,2629071000,남구 문현4동,40대,484,104,233,2025
202505,2629071000,남구 문현4동,50대,686,99,261,2025
202505,2629071000,남구 문현4동,60대이상,1724,115,408,2025
202505,2632051000,북구 구포1동,20대,948,97,477,2025
202505,2632051000,북구 구포1동,20대미만,584,4,209,2025
202505,2632051000,북구 구포1동,30대,1285,155,510,2025
202505,2632051000,북구 구포1동,40대,1180,192,550,2025
202505,2632051000,북구 구포1동,50대,1603,362,921,2025
202505,2632051000,북구 구포1동,60대이상,4464,482,2233,2025
202505,2632052000,북구 구포2동,20대,1556,189,333,2025
202505,2632052000,북구 구포2동,20대미만,1115,181,235,2025
202505,2632052000,북구 구포2동,30대,1864,278,383,2025
202505,2632052000,북구 구포2동,40대,1898,318,390,2025
202505,2632052000,북구 구포2동,50대,2801,428,574,2025
202505,2632052000,북구 구포2동,60대이상,7073,360,1058,2025
202505,2632052100,북구 구포3동,20대,1336,136,233,2025
202505,2632052100,북구 구포3동,20대미만,1091,201,139,2025
202505,2632052100,북구 구포3동,30대,1187,121,205,2025
202505,2632052100,북구 구포3동,40대,1558,167,239,2025
202505,2632052100,북구 구포3동,50대,2607,295,370,2025
202505,2632052100,북구 구포3동,60대이상,5829,264,655,2025
202505,2632053000,북구 금곡동,20대,2059,263,409,2025
202505,2632053000,북구 금곡동,20대미만,2047,96,374,2025
202505,2632053000,북구 금곡동,30대,2259,240,581,2025
202505,2632053000,북구 금곡동,40대,2787,309,627,2025
202505,2632053000,북구 금곡동,50대,4532,478,881,2025
202505,2632053000,북구 금곡동,60대이상,11856,453,1561,2025
202505,2632054100,북구 화명1동,20대,2519,220,1005,2025
202505,2632054100,북구 화명1동,20대미만,2785,73,980,2025
202505,2632054100,북구 화명1동,30대,3196,253,1242,2025
202505,2632054100,북구 화명1동,40대,3163,319,1200,2025
202505,2632054100,북구 화명1동,50대,4752,467,1455,2025
202505,2632054100,북구 화명1동,60대이상,7897,411,2289,2025
202505,2632054200,북구 화명2동,20대,1227,160,368,2025
202505,2632054200,북구 화명2동,20대미만,1301,131,356,2025
202505,2632054200,북구 화명2동,30대,1496,142,419,2025
202505,2632054200,북구 화명2동,40대,1470,180,430,2025
202505,2632054200,북구 화명2동,50대,2209,262,611,2025
202505,2632054200,북구 화명2동,60대이상,4409,245,1003,2025
202505,2632054300,북구 화명3동,20대,1901,350,854,2025
202505,2632054300,북구 화명3동,20대미만,2303,303,723,2025
202505,2632054300,북구 화명3동,30대,1630,318,843,2025
202505,2632054300,북구 화명3동,40대,2423,403,775,2025
202505,2632054300,북구 화명3동,50대,3232,525,1024,2025
202505,2632054300,북구 화명3동,60대이상,4774,346,1723,2025
202505,2632055000,북구 덕천1동,20대,912,204,357,2025
202505,2632055000,북구 덕천1동,20대미만,500,43,200,2025
202505,2632055000,북구 덕천1동,30대,1399,162,417,2025
202505,2632055000,북구 덕천1동,40대,1048,176,411,2025
202505,2632055000,북구 덕천1동,50대,1381,290,575,2025
202505,2632055000,북구 덕천1동,60대이상,4080,266,1204,2025
202505,2632056000,북구 덕천2동,20대,801,371,1067,2025
202505,2632056000,북구 덕천2동,20대미만,516,206,562,2025
202505,2632056000,북구 덕천2동,30대,855,445,1129,2025
202505,2632056000,북구 덕천2동,40대,806,390,1039,2025
202505,2632056000,북구 덕천2동,50대,1212,457,1381,2025
202505,2632056000,북구 덕천2동,60대이상,3370,421,2408,2025
202505,2632056100,북구 덕천3동,20대,385,21,80,2025
202505,2632056100,북구 덕천3동,20대미만,215,11,42,2025
202505,2632056100,북구 덕천3동,30대,317,34,96,2025
202505,2632056100,북구 덕천3동,40대,510,29,89,2025
202505,2632056100,북구 덕천3동,50대,724,78,146,2025
202505,2632056100,북구 덕천3동,60대이상,2543,66,293,2025
202505,2632057100,북구 만덕1동,20대,845,90,232,2025
202505,2632057100,북구 만덕1동,20대미만,902,84,162,2025
202505,2632057100,북구 만덕1동,30대,1797,141,360,2025
202505,2632057100,북구 만덕1동,40대,1592,137,347,2025
202505,2632057100,북구 만덕1동,50대,1453,135,374,2025
202505,2632057100,북구 만덕1동,60대이상,3685,172,812,2025
202505,2632057200,북구 만덕2동,20대,1552,188,299,2025
202505,2632057200,북구 만덕2동,20대미만,2234,172,278,2025
202505,2632057200,북구 만덕2동,30대,2189,216,417,2025
202505,2632057200,북구 만덕2동,40대,2643,271,444,2025
202505,2632057200,북구 만덕2동,50대,2878,293,509,2025
202505,2632057200,북구 만덕2동,60대이상,6821,290,1077,2025
202505,2632057300,북구 만덕3동,20대,1026,78,225,2025
202505,2632057300,북구 만덕3동,20대미만,940,28,209,2025
202505,2632057300,북구 만덕3동,30대,1230,89,287,2025
202505,2632057300,북구 만덕3동,40대,1416,119,296,2025
202505,2632057300,북구 만덕3동,50대,1906,190,344,2025
202505,2632057300,북구 만덕3동,60대이상,5291,225,693,2025
202505,2635051000,해운대구 우1동,20대,1681,605,2298,2025
202505,2635051000,해운대구 우1동,20대미만,1925,404,1394,2025
202505,2635051000,해운대구 우1동,30대,2070,664,2339,2025
202505,2635051000,해운대구 우1동,40대,2488,631,2425,2025
202505,2635051000,해운대구 우1동,50대,2814,699,2258,2025
202505,2635051000,해운대구 우1동,60대이상,5934,724,3217,2025
202505,2635052000,해운대구 우2동,20대,1589,1614,2086,2025
202505,2635052000,해운대구 우2동,20대미만,2078,641,1441,2025
202505,2635052000,해운대구 우2동,30대,2230,1983,2576,2025
202505,2635052000,해운대구 우2동,40대,3104,1475,2487,2025
202505,2635052000,해운대구 우2동,50대,3766,1389,2240,2025
202505,2635052000,해운대구 우2동,60대이상,6558,761,2759,2025
202505,2635052500,해운대구 우3동,20대,1052,174,522,2025
202505,2635052500,해운대구 우3동,20대미만,1987,49,437,2025
202505,2635052500,해운대구 우3동,30대,1923,232,648,2025
202505,2635052500,해운대구 우3동,40대,2907,363,814,2025
202505,2635052500,해운대구 우3동,50대,3105,359,830,2025
202505,2635052500,해운대구 우3동,60대이상,6071,342,1163,2025
202505,2635053000,해운대구 중1동,20대,1872,620,1795,2025
202505,2635053000,해운대구 중1동,20대미만,1808,101,1391,2025
202505,2635053000,해운대구 중1동,30대,2235,651,2297,2025
202505,2635053000,해운대구 중1동,40대,3112,710,2323,2025
202505,2635053000,해운대구 중1동,50대,3384,807,2152,2025
202505,2635053000,해운대구 중1동,60대이상,5808,604,2706,2025
202505,2635054000,해운대구 중2동,20대,856,134,520,2025
202505,2635054000,해운대구 중2동,20대미만,1274,49,266,2025
202505,2635054000,해운대구 중2동,30대,1334,173,624,2025
202505,2635054000,해운대구 중2동,40대,1751,218,638,2025
202505,2635054000,해운대구 중2동,50대,1872,245,715,2025
202505,2635054000,해운대구 중2동,60대이상,3801,235,1152,2025
202505,2635055100,해운대구 좌1동,20대,1300,359,714,2025
202505,2635055100,해운대구 좌1동,20대미만,999,45,602,2025
202505,2635055100,해운대구 좌1동,30대,1299,365,745,2025
202505,2635055100,해운대구 좌1동,40대,1660,393,800,2025
202505,2635055100,해운대구 좌1동,50대,2252,484,1027,2025
202505,2635055100,해운대구 좌1동,60대이상,3233,349,1378,2025
202505,2635055200,해운대구 좌2동,20대,2438,291,551,2025
202505,2635055200,해운대구 좌2동,20대미만,2043,114,485,2025
202505,2635055200,해운대구 좌2동,30대,2943,261,540,2025
202505,2635055200,해운대구 좌2동,40대,3025,320,590,2025
202505,2635055200,해운대구 좌2동,50대,3711,412,626,2025
202505,2635055200,해운대구 좌2동,60대이상,6755,322,893,2025
202505,2635055300,해운대구 좌3동,20대,961,88,283,2025
202505,2635055300,해운대구 좌3동,20대미만,1092,283,329,2025
202505,2635055300,해운대구 좌3동,30대,1050,90,280,2025
202505,2635055300,해운대구 좌3동,40대,1353,104,323,2025
202505,2635055300,해운대구 좌3동,50대,1986,196,436,2025
202505,2635055300,해운대구 좌3동,60대이상,4231,156,711,2025
202505,2635055400,해운대구 좌4동,20대,1631,344,607,2025
202505,2635055400,해운대구 좌4동,20대미만,2583,393,470,2025
202505,2635055400,해운대구 좌4동,30대,1575,307,590,2025
202505,2635055400,해운대구 좌4동,40대,2294,387,749,2025
202505,2635055400,해운대구 좌4동,50대,2886,441,988,2025
202505,2635055400,해운대구 좌4동,60대이상,4698,328,1726,2025
202505,2635056000,해운대구 송정동,20대,488,244,1207,2025
202505,2635056000,해운대구 송정동,20대미만,552,136,923,2025
202505,2635056000,해운대구 송정동,30대,695,276,1232,2025
202505,2635056000,해운대구 송정동,40대,844,301,1262,2025
202505,2635056000,해운대구 송정동,50대,1087,392,1227,2025
202505,2635056000,해운대구 송정동,60대이상,3209,335,1734,2025
202505,2635057000,해운대구 반여1동,20대,2501,349,537,2025
202505,2635057000,해운대구 반여1동,20대미만,3763,221,386,2025
202505,2635057000,해운대구 반여1동,30대,2767,393,676,2025
202505,2635057000,해운대구 반여1동,40대,3963,509,791,2025
202505,2635057000,해운대구 반여1동,50대,4783,658,938,2025
202505,2635057000,해운대구 반여1동,60대이상,8073,524,1450,2025
202505,2635058000,해운대구 반여2동,20대,638,65,210,2025
202505,2635058000,해운대구 반여2동,20대미만,404,38,122,2025
202505,2635058000,해운대구 반여2동,30대,855,85,209,2025
202505,2635058000,해운대구 반여2동,40대,1031,101,269,2025
202505,2635058000,해운대구 반여2동,50대,1515,176,444,2025
202505,2635058000,해운대구 반여2동,60대이상,4096,144,879,2025
202505,2635059000,해운대구 반여3동,20대,364,17,78,2025
202505,2635059000,해운대구 반여3동,20대미만,182,9,41,2025
202505,2635059000,해운대구 반여3동,30대,404,32,86,2025
202505,2635059000,해운대구 반여3동,40대,512,51,79,2025
202505,2635059000,해운대구 반여3동,50대,828,84,156,2025
202505,2635059000,해운대구 반여3동,60대이상,2251,76,240,2025
202505,2635059500,해운대구 반여4동,20대,547,69,188,2025
202505,2635059500,해운대구 반여4동,20대미만,761,27,181,2025
202505,2635059500,해운대구 반여4동,30대,706,56,252,2025
202505,2635059500,해운대구 반여4동,40대,913,97,294,2025
202505,2635059500,해운대구 반여4동,50대,1089,110,326,2025
202505,2635059500,해운대구 반여4동,60대이상,2081,92,818,2025
202505,2635061000,해운대구 반송1동,20대,745,153,157,2025
202505,2635061000,해운대구 반송1동,20대미만,302,149,90,2025
202505,2635061000,해운대구 반송1동,30대,526,117,185,2025
202505,2635061000,해운대구 반송1동,40대,705,162,259,2025
202505,2635061000,해운대구 반송1동,50대,1233,241,393,2025
202505,2635061000,해운대구 반송1동,60대이상,3490,242,648,2025
202505,2635062000,해운대구 반송2동,20대,1055,98,124,2025
202505,2635062000,해운대구 반송2동,20대미만,943,19,98,2025
202505,2635062000,해운대구 반송2동,30대,1126,96,172,2025
202505,2635062000,해운대구 반송2동,40대,1770,187,251,2025
202505,2635062000,해운대구 반송2동,50대,2731,334,341,2025
202505,2635062000,해운대구 반송2동,60대이상,8033,287,643,2025
202505,2635065000,해운대구 재송1동,20대,2272,417,754,2025
202505,2635065000,해운대구 재송1동,20대미만,4120,197,505,2025
202505,2635065000,해운대구 재송1동,30대,2646,602,923,2025
202505,2635065000,해운대구 재송1동,40대,5028,730,1141,2025
202505,2635065000,해운대구 재송1동,50대,4222,629,1235,2025
202505,2635065000,해운대구 재송1동,60대이상,6589,509,1907,2025
202505,2635066000,해운대구 재송2동,20대,1343,136,297,2025
202505,2635066000,해운대구 재송2동,20대미만,1116,41,218,2025
202505,2635066000,해운대구 재송2동,30대,1458,184,364,2025
202505,2635066000,해운대구 재송2동,40대,2029,237,448,2025
202505,2635066000,해운대구 재송2동,50대,2732,297,530,2025
202505,2635066000,해운대구 재송2동,60대이상,6321,246,872,2025
202505,2638051000,사하구 괴정1동,20대,988,112,368,2025
202505,2638051000,사하구 괴정1동,20대미만,1059,106,292,2025
202505,2638051000,사하구 괴정1동,30대,978,106,388,2025
202505,2638051000,사하구 괴정1동,40대,1538,155,495,2025
202505,2638051000,사하구 괴정1동,50대,1868,219,648,2025
202505,2638051000,사하구 괴정1동,60대이상,5605,206,1096,2025
202505,2638052000,사하구 괴정2동,20대,814,55,119,2025
202505,2638052000,사하구 괴정2동,20대미만,757,52,108,2025
202505,2638052000,사하구 괴정2동,30대,866,60,133,2025
202505,2638052000,사하구 괴정2동,40대,1230,102,164,2025
202505,2638052000,사하구 괴정2동,50대,1530,129,195,2025
202505,2638052000,사하구 괴정2동,60대이상,4239,142,437,2025
202505,2638053000,사하구 괴정3동,20대,768,244,326,2025
202505,2638053000,사하구 괴정3동,20대미만,615,81,270,2025
202505,2638053000,사하구 괴정3동,30대,770,148,315,2025
202505,2638053000,사하구 괴정3동,40대,1006,211,422,2025
202505,2638053000,사하구 괴정3동,50대,1392,280,539,2025
202505,2638053000,사하구 괴정3동,60대이상,4357,294,1129,2025
202505,2638054000,사하구 괴정4동,20대,758,65,212,2025
202505,2638054000,사하구 괴정4동,20대미만,1075,82,288,2025
202505,2638054000,사하구 괴정4동,30대,1062,115,236,2025
202505,2638054000,사하구 괴정4동,40대,1556,167,314,2025
202505,2638054000,사하구 괴정4동,50대,1462,154,371,2025
202505,2638054000,사하구 괴정4동,60대이상,3373,141,804,2025
202505,2638055000,사하구 당리동,20대,1513,244,667,2025
202505,2638055000,사하구 당리동,20대미만,1475,88,412,2025
202505,2638055000,사하구 당리동,30대,1619,292,666,2025
202505,2638055000,사하구 당리동,40대,2309,440,690,2025
202505,2638055000,사하구 당리동,50대,2878,420,878,2025
202505,2638055000,사하구 당리동,60대이상,7149,361,1678,2025
202505,2638056100,사하구 하단1동,20대,1945,177,423,2025
202505,2638056100,사하구 하단1동,20대미만,1029,67,243,2025
202505,2638056100,사하구 하단1동,30대,1853,162,485,2025
202505,2638056100,사하구 하단1동,40대,1969,195,476,2025
202505,2638056100,사하구 하단1동,50대,2415,291,570,2025
202505,2638056100,사하구 하단1동,60대이상,5644,303,1058,2025
202505,2638056200,사하구 하단2동,20대,3373,1603,1492,2025
202505,2638056200,사하구 하단2동,20대미만,1828,458,681,2025
202505,2638056200,사하구 하단2동,30대,2158,442,917,2025
202505,2638056200,사하구 하단2동,40대,2257,447,805,2025
202505,2638056200,사하구 하단2동,50대,2804,508,885,2025
202505,2638056200,사하구 하단2동,60대이상,5828,406,1343,2025
202505,2638057100,사하구 신평1동,20대,869,146,231,2025
202505,2638057100,사하구 신평1동,20대미만,958,150,218,2025
202505,2638057100,사하구 신평1동,30대,1073,283,353,2025
202505,2638057100,사하구 신평1동,40대,1494,309,399,2025
202505,2638057100,사하구 신평1동,50대,1954,439,540,2025
202505,2638057100,사하구 신평1동,60대이상,5020,331,780,2025
202505,2638057200,사하구 신평2동,20대,1072,195,285,2025
202505,2638057200,사하구 신평2동,20대미만,1156,65,177,2025
202505,2638057200,사하구 신평2동,30대,1573,311,449,2025
202505,2638057200,사하구 신평2동,40대,1730,359,442,2025
202505,2638057200,사하구 신평2동,50대,2149,406,642,2025
202505,2638057200,사하구 신평2동,60대이상,4233,374,921,2025
202505,2638058000,사하구 장림1동,20대,722,174,277,2025
202505,2638058000,사하구 장림1동,20대미만,1165,93,237,2025
202505,2638058000,사하구 장림1동,30대,1251,334,436,2025
202505,2638058000,사하구 장림1동,40대,1675,388,563,2025
202505,2638058000,사하구 장림1동,50대,1497,581,679,2025
202505,2638058000,사하구 장림1동,60대이상,2915,518,1066,2025
202505,2638059000,사하구 장림2동,20대,1591,237,393,2025
202505,2638059000,사하구 장림2동,20대미만,1640,142,308,2025
202505,2638059000,사하구 장림2동,30대,1911,326,598,2025
202505,2638059000,사하구 장림2동,40대,2586,521,674,2025
202505,2638059000,사하구 장림2동,50대,3230,633,789,2025
202505,2638059000,사하구 장림2동,60대이상,6339,562,1244,2025
202505,2638060100,사하구 다대1동,20대,1987,321,466,2025
202505,2638060100,사하구 다대1동,20대미만,2850,92,265,2025
202505,2638060100,사하구 다대1동,30대,2317,448,515,2025
202505,2638060100,사하구 다대1동,40대,3878,682,615,2025
202505,2638060100,사하구 다대1동,50대,5112,872,854,2025
202505,2638060100,사하구 다대1동,60대이상,10735,649,1495,2025
202505,2638060200,사하구 다대2동,20대,1588,209,264,2025
202505,2638060200,사하구 다대2동,20대미만,1969,85,180,2025
202505,2638060200,사하구 다대2동,30대,1514,191,328,2025
202505,2638060200,사하구 다대2동,40대,2298,363,400,2025
202505,2638060200,사하구 다대2동,50대,3621,464,481,2025
202505,2638060200,사하구 다대2동,60대이상,8588,371,864,2025
202505,2638061000,사하구 구평동,20대,692,129,145,2025
202505,2638061000,사하구 구평동,20대미만,871,55,136,2025
202505,2638061000,사하구 구평동,30대,1408,249,278,2025
202505,2638061000,사하구 구평동,40대,1459,325,373,2025
202505,2638061000,사하구 구평동,50대,1379,433,459,2025
202505,2638061000,사하구 구평동,60대이상,2560,411,700,2025
202505,2638062000,사하구 감천1동,20대,920,157,198,2025
202505,2638062000,사하구 감천1동,20대미만,1129,328,220,2025
202505,2638062000,사하구 감천1동,30대,978,175,265,2025
202505,2638062000,사하구 감천1동,40대,1425,305,362,2025
202505,2638062000,사하구 감천1동,50대,2070,396,555,2025
202505,2638062000,사하구 감천1동,60대이상,6169,343,834,2025
202505,2638063000,사하구 감천2동,20대,175,14,52,2025
202505,2638063000,사하구 감천2동,20대미만,122,0,70,2025
202505,2638063000,사하구 감천2동,30대,190,25,54,2025
202505,2638063000,사하구 감천2동,40대,344,38,77,2025
202505,2638063000,사하구 감천2동,50대,587,71,123,2025
202505,2638063000,사하구 감천2동,60대이상,1907,60,197,2025
202505,2641051000,금정구 서1동,20대,187,16,58,2025
202505,2641051000,금정구 서1동,20대미만,107,9,38,2025
202505,2641051000,금정구 서1동,30대,221,27,73,2025
202505,2641051000,금정구 서1동,40대,328,45,99,2025
202505,2641051000,금정구 서1동,50대,544,71,154,2025
202505,2641051000,금정구 서1동,60대이상,1759,97,339,2025
202505,2641052000,금정구 서2동,20대,230,40,142,2025
202505,2641052000,금정구 서2동,20대미만,166,53,91,2025
202505,2641052000,금정구 서2동,30대,475,53,161,2025
202505,2641052000,금정구 서2동,40대,483,78,204,2025
202505,2641052000,금정구 서2동,50대,714,141,337,2025
202505,2641052000,금정구 서2동,60대이상,2238,206,686,2025
202505,2641053000,금정구 서3동,20대,481,63,129,2025
202505,2641053000,금정구 서3동,20대미만,236,51,109,2025
202505,2641053000,금정구 서3동,30대,581,98,185,2025
202505,2641053000,금정구 서3동,40대,572,104,194,2025
202505,2641053000,금정구 서3동,50대,1276,189,307,2025
202505,2641053000,금정구 서3동,60대이상,3684,227,767,2025
202505,2641055500,금정구 금사회동동,20대,274,233,216,2025
202505,2641055500,금정구 금사회동동,20대미만,236,55,120,2025
202505,2641055500,금정구 금사회동동,30대,361,442,407,2025
202505,2641055500,금정구 금사회동동,40대,479,522,520,2025
202505,2641055500,금정구 금사회동동,50대,752,660,777,2025
202505,2641055500,금정구 금사회동동,60대이상,2554,590,1249,2025
202505,2641057000,금정구 부곡1동,20대,337,31,86,2025
202505,2641057000,금정구 부곡1동,20대미만,298,131,107,2025
202505,2641057000,금정구 부곡1동,30대,395,41,104,2025
202505,2641057000,금정구 부곡1동,40대,577,62,148,2025
202505,2641057000,금정구 부곡1동,50대,797,100,213,2025
202505,2641057000,금정구 부곡1동,60대이상,2711,109,372,2025
202505,2641058000,금정구 부곡2동,20대,1471,298,433,2025
202505,2641058000,금정구 부곡2동,20대미만,1255,385,312,2025
202505,2641058000,금정구 부곡2동,30대,1141,274,530,2025
202505,2641058000,금정구 부곡2동,40대,1496,348,551,2025
202505,2641058000,금정구 부곡2동,50대,2025,354,641,2025
202505,2641058000,금정구 부곡2동,60대이상,4442,304,1145,2025
202505,2641059000,금정구 부곡3동,20대,1156,346,387,2025
202505,2641059000,금정구 부곡3동,20대미만,954,546,272,2025
202505,2641059000,금정구 부곡3동,30대,1131,297,370,2025
202505,2641059000,금정구 부곡3동,40대,1307,268,462,2025
202505,2641059000,금정구 부곡3동,50대,1693,329,571,2025
202505,2641059000,금정구 부곡3동,60대이상,3936,263,940,2025
202505,2641059100,금정구 부곡4동,20대,496,69,226,2025
202505,2641059100,금정구 부곡4동,20대미만,359,19,216,2025
202505,2641059100,금정구 부곡4동,30대,704,82,248,2025
202505,2641059100,금정구 부곡4동,40대,724,86,325,2025
202505,2641059100,금정구 부곡4동,50대,1079,127,380,2025
202505,2641059100,금정구 부곡4동,60대이상,2834,180,848,2025
202505,2641060000,금정구 장전1동,20대,4107,548,814,2025
202505,2641060000,금정구 장전1동,20대미만,948,119,341,2025
202505,2641060000,금정구 장전1동,30대,1272,189,429,2025
202505,2641060000,금정구 장전1동,40대,1298,241,479,2025
202505,2641060000,금정구 장전1동,50대,1406,259,511,2025
202505,2641060000,금정구 장전1동,60대이상,3342,213,770,2025
202505,2641061000,금정구 장전2동,20대,1857,2152,2263,2025
202505,2641061000,금정구 장전2동,20대미만,2247,484,1086,2025
202505,2641061000,금정구 장전2동,30대,2169,702,1114,2025
202505,2641061000,금정구 장전2동,40대,3095,738,1168,2025
202505,2641061000,금정구 장전2동,50대,2602,670,1150,2025
202505,2641061000,금정구 장전2동,60대이상,5634,489,1742,2025
202505,2641063500,금정구 선두구동,20대,62,27,126,2025
202505,2641063500,금정구 선두구동,20대미만,57,1,59,2025
202505,2641063500,금정구 선두구동,30대,57,64,155,2025
202505,2641063500,금정구 선두구동,40대,94,74,254,2025
202505,2641063500,금정구 선두구동,50대,196,111,358,2025
202505,2641063500,금정구 선두구동,60대이상,853,121,586,2025
202505,2641066500,금정구 청룡노포동,20대,459,109,327,2025
202505,2641066500,금정구 청룡노포동,20대미만,480,50,176,2025
202505,2641066500,금정구 청룡노포동,30대,463,135,370,2025
202505,2641066500,금정구 청룡노포동,40대,602,145,492,2025
202505,2641066500,금정구 청룡노포동,50대,995,230,821,2025
202505,2641066500,금정구 청룡노포동,60대이상,3248,273,1656,2025
202505,2641067000,금정구 남산동,20대,1978,478,612,2025
202505,2641067000,금정구 남산동,20대미만,1238,143,377,2025
202505,2641067000,금정구 남산동,30대,1452,233,504,2025
202505,2641067000,금정구 남산동,40대,1647,330,590,2025
202505,2641067000,금정구 남산동,50대,2874,466,949,2025
202505,2641067000,금정구 남산동,60대이상,7381,410,1670,2025
202505,2641068000,금정구 구서1동,20대,907,160,368,2025
202505,2641068000,금정구 구서1동,20대미만,945,354,327,2025
202505,2641068000,금정구 구서1동,30대,886,217,401,2025
202505,2641068000,금정구 구서1동,40대,1241,274,545,2025
202505,2641068000,금정구 구서1동,50대,1578,276,569,2025
202505,2641068000,금정구 구서1동,60대이상,3650,233,890,2025
202505,2641069000,금정구 구서2동,20대,1491,205,962,2025
202505,2641069000,금정구 구서2동,20대미만,1850,97,565,2025
202505,2641069000,금정구 구서2동,30대,2023,238,918,2025
202505,2641069000,금정구 구서2동,40대,2714,350,964,2025
202505,2641069000,금정구 구서2동,50대,3610,469,1402,2025
202505,2641069000,금정구 구서2동,60대이상,7776,466,2995,2025
202505,2641070000,금정구 금성동,20대,40,15,49,2025
202505,2641070000,금정구 금성동,20대미만,68,7,82,2025
202505,2641070000,금정구 금성동,30대,32,17,87,2025
202505,2641070000,금정구 금성동,40대,78,11,135,2025
202505,2641070000,금정구 금성동,50대,93,31,193,2025
202505,2641070000,금정구 금성동,60대이상,350,40,319,2025
202505,2644051000,강서구 대저1동,20대,506,310,367,2025
202505,2644051000,강서구 대저1동,20대미만,178,109,117,2025
202505,2644051000,강서구 대저1동,30대,348,524,465,2025
202505,2644051000,강서구 대저1동,40대,377,639,604,2025
202505,2644051000,강서구 대저1동,50대,633,807,794,2025
202505,2644051000,강서구 대저1동,60대이상,2664,666,1349,2025
202505,2644052000,강서구 대저2동,20대,751,597,2525,2025
202505,2644052000,강서구 대저2동,20대미만,510,87,1007,2025
202505,2644052000,강서구 대저2동,30대,796,987,3435,2025
202505,2644052000,강서구 대저2동,40대,553,965,3084,2025
202505,2644052000,강서구 대저2동,50대,610,1193,3375,2025
202505,2644052000,강서구 대저2동,60대이상,2181,870,3664,2025
202505,2644053000,강서구 강동동,20대,85,57,124,2025
202505,2644053000,강서구 강동동,20대미만,131,26,94,2025
202505,2644053000,강서구 강동동,30대,205,125,438,2025
202505,2644053000,강서구 강동동,40대,293,163,368,2025
202505,2644053000,강서구 강동동,50대,253,235,438,2025
202505,2644053000,강서구 강동동,60대이상,1447,284,696,2025
202505,2644053500,강서구 명지1동,20대,2460,570,924,2025
202505,2644053500,강서구 명지1동,20대미만,7140,236,568,2025
202505,2644053500,강서구 명지1동,30대,7612,1167,1509,2025
202505,2644053500,강서구 명지1동,40대,9251,1472,1497,2025
202505,2644053500,강서구 명지1동,50대,3782,874,1268,2025
202505,2644053500,강서구 명지1동,60대이상,6142,560,1527,2025
202505,2644054500,강서구 명지2동,20대,1307,259,404,2025
202505,2644054500,강서구 명지2동,20대미만,4365,135,293,2025
202505,2644054500,강서구 명지2동,30대,2424,455,568,2025
202505,2644054500,강서구 명지2동,40대,5160,785,691,2025
202505,2644054500,강서구 명지2동,50대,3018,435,501,2025
202505,2644054500,강서구 명지2동,60대이상,3696,234,633,2025
202505,2644055000,강서구 가락동,20대,40,52,95,2025
202505,2644055000,강서구 가락동,20대미만,91,6,44,2025
202505,2644055000,강서구 가락동,30대,95,106,170,2025
202505,2644055000,강서구 가락동,40대,130,143,209,2025
202505,2644055000,강서구 가락동,50대,231,232,284,2025
202505,2644055000,강서구 가락동,60대이상,1089,226,510,2025
202505,2644056000,강서구 녹산동,20대,912,1186,1031,2025
202505,2644056000,강서구 녹산동,20대미만,1849,74,293,2025
202505,2644056000,강서구 녹산동,30대,2184,2686,1918,2025
202505,2644056000,강서구 녹산동,40대,2640,3401,2460,2025
202505,2644056000,강서구 녹산동,50대,1717,2947,2443,2025
202505,2644056000,강서구 녹산동,60대이상,3287,1804,2460,2025
202505,2644058000,강서구 가덕도동,20대,175,68,309,2025
202505,2644058000,강서구 가덕도동,20대미만,113,38,118,2025
202505,2644058000,강서구 가덕도동,30대,258,125,562,2025
202505,2644058000,강서구 가덕도동,40대,274,180,921,2025
202505,2644058000,강서구 가덕도동,50대,475,163,909,2025
202505,2644058000,강서구 가덕도동,60대이상,1598,118,808,2025
202505,2644059000, ,20대,667,138,217,2025
202505,2644059000, ,20대미만,1044,57,203,2025
202505,2644059000, ,30대,1047,185,371,2025
202505,2644059000, ,40대,1349,321,531,2025
202505,2644059000, ,50대,1123,302,438,2025
202505,2644059000, ,60대이상,1743,139,517,2025
202505,2647061000,연제구 거제1동,20대,1820,578,611,2025
202505,2647061000,연제구 거제1동,20대미만,2041,411,674,2025
202505,2647061000,연제구 거제1동,30대,1767,696,741,2025
202505,2647061000,연제구 거제1동,40대,2669,916,939,2025
202505,2647061000,연제구 거제1동,50대,2650,930,1063,2025
202505,2647061000,연제구 거제1동,60대이상,5671,683,1550,2025
202505,2647062000,연제구 거제2동,20대,1399,205,442,2025
202505,2647062000,연제구 거제2동,20대미만,2409,135,512,2025
202505,2647062000,연제구 거제2동,30대,2176,244,553,2025
202505,2647062000,연제구 거제2동,40대,2993,400,760,2025
202505,2647062000,연제구 거제2동,50대,2576,445,809,2025
202505,2647062000,연제구 거제2동,60대이상,3603,314,1343,2025
202505,2647063000,연제구 거제3동,20대,559,108,691,2025
202505,2647063000,연제구 거제3동,20대미만,367,8,277,2025
202505,2647063000,연제구 거제3동,30대,617,137,1012,2025
202505,2647063000,연제구 거제3동,40대,647,151,968,2025
202505,2647063000,연제구 거제3동,50대,1094,192,1078,2025
202505,2647063000,연제구 거제3동,60대이상,2242,206,1190,2025
202505,2647064000,연제구 거제4동,20대,621,38,245,2025
202505,2647064000,연제구 거제4동,20대미만,869,118,247,2025
202505,2647064000,연제구 거제4동,30대,569,77,413,2025
202505,2647064000,연제구 거제4동,40대,864,76,402,2025
202505,2647064000,연제구 거제4동,50대,1176,131,388,2025
202505,2647064000,연제구 거제4동,60대이상,2665,123,571,2025
202505,2647065000,연제구 연산1동,20대,772,143,394,2025
202505,2647065000,연제구 연산1동,20대미만,1020,119,340,2025
202505,2647065000,연제구 연산1동,30대,1159,215,474,2025
202505,2647065000,연제구 연산1동,40대,1415,246,525,2025
202505,2647065000,연제구 연산1동,50대,1476,322,652,2025
202505,2647065000,연제구 연산1동,60대이상,3706,312,1114,2025
202505,2647066000,연제구 연산2동,20대,1473,187,932,2025
202505,2647066000,연제구 연산2동,20대미만,1128,186,787,2025
202505,2647066000,연제구 연산2동,30대,2784,502,1792,2025
202505,2647066000,연제구 연산2동,40대,2124,476,1595,2025
202505,2647066000,연제구 연산2동,50대,2119,478,1399,2025
202505,2647066000,연제구 연산2동,60대이상,4780,339,2695,2025
202505,2647067000,연제구 연산3동,20대,234,7,60,2025
202505,2647067000,연제구 연산3동,20대미만,165,64,57,2025
202505,2647067000,연제구 연산3동,30대,365,13,105,2025
202505,2647067000,연제구 연산3동,40대,492,31,97,2025
202505,2647067000,연제구 연산3동,50대,548,51,106,2025
202505,2647067000,연제구 연산3동,60대이상,1661,55,233,2025
202505,2647068000,연제구 연산4동,20대,1045,220,927,2025
202505,2647068000,연제구 연산4동,20대미만,675,12,286,2025
202505,2647068000,연제구 연산4동,30대,1392,248,1014,2025
202505,2647068000,연제구 연산4동,40대,1580,311,961,2025
202505,2647068000,연제구 연산4동,50대,1852,390,1143,2025
202505,2647068000,연제구 연산4동,60대이상,4851,361,2345,2025
202505,2647069000,연제구 연산5동,20대,1557,312,719,2025
202505,2647069000,연제구 연산5동,20대미만,438,17,170,2025
202505,2647069000,연제구 연산5동,30대,1866,498,779,2025
202505,2647069000,연제구 연산5동,40대,1158,489,673,2025
202505,2647069000,연제구 연산5동,50대,1235,571,844,2025
202505,2647069000,연제구 연산5동,60대이상,2852,515,1376,2025
202505,2647070000,연제구 연산6동,20대,751,95,456,2025
202505,2647070000,연제구 연산6동,20대미만,683,139,308,2025
202505,2647070000,연제구 연산6동,30대,1079,122,589,2025
202505,2647070000,연제구 연산6동,40대,1211,157,620,2025
202505,2647070000,연제구 연산6동,50대,1394,203,770,2025
202505,2647070000,연제구 연산6동,60대이상,4289,238,1775,2025
202505,2647072000,연제구 연산8동,20대,433,67,310,2025
202505,2647072000,연제구 연산8동,20대미만,588,107,365,2025
202505,2647072000,연제구 연산8동,30대,876,93,383,2025
202505,2647072000,연제구 연산8동,40대,848,118,492,2025
202505,2647072000,연제구 연산8동,50대,1200,155,604,2025
202505,2647072000,연제구 연산8동,60대이상,2442,160,1276,2025
202505,2647073000,연제구 연산9동,20대,2046,290,506,2025
202505,2647073000,연제구 연산9동,20대미만,2214,259,436,2025
202505,2647073000,연제구 연산9동,30대,2495,324,719,2025
202505,2647073000,연제구 연산9동,40대,3102,506,808,2025
202505,2647073000,연제구 연산9동,50대,4016,586,974,2025
202505,2647073000,연제구 연산9동,60대이상,9117,480,1557,2025
202505,2650066000,수영구 남천1동,20대,1125,338,758,2025
202505,2650066000,수영구 남천1동,20대미만,1326,208,681,2025
202505,2650066000,수영구 남천1동,30대,1364,451,841,2025
202505,2650066000,수영구 남천1동,40대,1537,486,985,2025
202505,2650066000,수영구 남천1동,50대,1768,505,1117,2025
202505,2650066000,수영구 남천1동,60대이상,3577,455,1848,2025
202505,2650067000,수영구 남천2동,20대,447,67,518,2025
202505,2650067000,수영구 남천2동,20대미만,481,37,221,2025
202505,2650067000,수영구 남천2동,30대,680,75,475,2025
202505,2650067000,수영구 남천2동,40대,770,119,445,2025
202505,2650067000,수영구 남천2동,50대,1274,112,410,2025
202505,2650067000,수영구 남천2동,60대이상,2550,120,721,2025
202505,2650073000,수영구 수영동,20대,964,152,467,2025
202505,2650073000,수영구 수영동,20대미만,524,67,215,2025
202505,2650073000,수영구 수영동,30대,1066,207,469,2025
202505,2650073000,수영구 수영동,40대,1074,178,487,2025
202505,2650073000,수영구 수영동,50대,1490,268,624,2025
202505,2650073000,수영구 수영동,60대이상,4986,310,1251,2025
202505,2650074000,수영구 망미1동,20대,1422,186,399,2025
202505,2650074000,수영구 망미1동,20대미만,1663,110,309,2025
202505,2650074000,수영구 망미1동,30대,1881,245,523,2025
202505,2650074000,수영구 망미1동,40대,2414,312,552,2025
202505,2650074000,수영구 망미1동,50대,2754,336,607,2025
202505,2650074000,수영구 망미1동,60대이상,8729,419,1208,2025
202505,2650075000,수영구 망미2동,20대,471,65,254,2025
202505,2650075000,수영구 망미2동,20대미만,434,31,184,2025
202505,2650075000,수영구 망미2동,30대,580,84,331,2025
202505,2650075000,수영구 망미2동,40대,780,94,414,2025
202505,2650075000,수영구 망미2동,50대,1051,110,448,2025
202505,2650075000,수영구 망미2동,60대이상,2427,112,814,2025
202505,2650076000,수영구 광안1동,20대,1899,161,568,2025
202505,2650076000,수영구 광안1동,20대미만,760,51,193,2025
202505,2650076000,수영구 광안1동,30대,2108,217,494,2025
202505,2650076000,수영구 광안1동,40대,1366,212,423,2025
202505,2650076000,수영구 광안1동,50대,1422,208,491,2025
202505,2650076000,수영구 광안1동,60대이상,3865,237,1003,2025
202505,2650077000,수영구 광안2동,20대,1460,292,1964,2025
202505,2650077000,수영구 광안2동,20대미만,871,149,495,2025
202505,2650077000,수영구 광안2동,30대,1632,372,1382,2025
202505,2650077000,수영구 광안2동,40대,1572,264,974,2025
202505,2650077000,수영구 광안2동,50대,1653,318,907,2025
202505,2650077000,수영구 광안2동,60대이상,4033,276,1381,2025
202505,2650078000,수영구 광안3동,20대,1131,157,782,2025
202505,2650078000,수영구 광안3동,20대미만,282,23,246,2025
202505,2650078000,수영구 광안3동,30대,1047,179,627,2025
202505,2650078000,수영구 광안3동,40대,746,222,565,2025
202505,2650078000,수영구 광안3동,50대,811,227,653,2025
202505,2650078000,수영구 광안3동,60대이상,2522,241,1259,2025
202505,2650079000,수영구 광안4동,20대,859,99,615,2025
202505,2650079000,수영구 광안4동,20대미만,690,209,420,2025
202505,2650079000,수영구 광안4동,30대,1073,125,731,2025
202505,2650079000,수영구 광안4동,40대,1275,160,707,2025
202505,2650079000,수영구 광안4동,50대,1385,173,739,2025
202505,2650079000,수영구 광안4동,60대이상,3067,157,1381,2025
202505,2650080000,수영구 민락동,20대,1829,342,2359,2025
202505,2650080000,수영구 민락동,20대미만,1438,39,747,2025
202505,2650080000,수영구 민락동,30대,2622,379,1791,2025
202505,2650080000,수영구 민락동,40대,2783,384,1302,2025
202505,2650080000,수영구 민락동,50대,3230,470,1258,2025
202505,2650080000,수영구 민락동,60대이상,7037,447,1786,2025
202505,2653058000,사상구 삼락동,20대,214,140,268,2025
202505,2653058000,사상구 삼락동,20대미만,180,57,191,2025
202505,2653058000,사상구 삼락동,30대,278,245,425,2025
202505,2653058000,사상구 삼락동,40대,312,325,506,2025
202505,2653058000,사상구 삼락동,50대,619,536,714,2025
202505,2653058000,사상구 삼락동,60대이상,1568,491,1234,2025
202505,2653059100,사상구 모라1동,20대,1621,279,373,2025
202505,2653059100,사상구 모라1동,20대미만,1184,89,202,2025
202505,2653059100,사상구 모라1동,30대,2013,453,471,2025
202505,2653059100,사상구 모라1동,40대,1804,429,523,2025
202505,2653059100,사상구 모라1동,50대,3274,774,770,2025
202505,2653059100,사상구 모라1동,60대이상,8175,780,1350,2025
202505,2653059300,사상구 모라3동,20대,319,52,117,2025
202505,2653059300,사상구 모라3동,20대미만,290,41,70,2025
202505,2653059300,사상구 모라3동,30대,408,35,104,2025
202505,2653059300,사상구 모라3동,40대,650,78,170,2025
202505,2653059300,사상구 모라3동,50대,1182,121,274,2025
202505,2653059300,사상구 모라3동,60대이상,4537,185,579,2025
202505,2653060000,사상구 덕포1동,20대,621,87,252,2025
202505,2653060000,사상구 덕포1동,20대미만,679,101,142,2025
202505,2653060000,사상구 덕포1동,30대,1111,97,245,2025
202505,2653060000,사상구 덕포1동,40대,983,113,257,2025
202505,2653060000,사상구 덕포1동,50대,1132,193,356,2025
202505,2653060000,사상구 덕포1동,60대이상,2550,181,590,2025
202505,2653061000,사상구 덕포2동,20대,765,182,395,2025
202505,2653061000,사상구 덕포2동,20대미만,816,116,222,2025
202505,2653061000,사상구 덕포2동,30대,831,231,381,2025
202505,2653061000,사상구 덕포2동,40대,985,300,373,2025
202505,2653061000,사상구 덕포2동,50대,1469,412,530,2025
202505,2653061000,사상구 덕포2동,60대이상,3650,373,873,2025
202505,2653062000,사상구 괘법동,20대,2855,825,1650,2025
202505,2653062000,사상구 괘법동,20대미만,761,138,561,2025
202505,2653062000,사상구 괘법동,30대,2815,544,1224,2025
202505,2653062000,사상구 괘법동,40대,1922,640,1064,2025
202505,2653062000,사상구 괘법동,50대,2641,813,1467,2025
202505,2653062000,사상구 괘법동,60대이상,5454,708,2377,2025
202505,2653064500,사상구 감전동,20대,589,407,442,2025
202505,2653064500,사상구 감전동,20대미만,296,32,144,2025
202505,2653064500,사상구 감전동,30대,775,671,586,2025
202505,2653064500,사상구 감전동,40대,763,720,609,2025
202505,2653064500,사상구 감전동,50대,1237,896,855,2025
202505,2653064500,사상구 감전동,60대이상,3468,849,1214,2025
202505,2653065000,사상구 주례1동,20대,1093,221,349,2025
202505,2653065000,사상구 주례1동,20대미만,1190,29,131,2025
202505,2653065000,사상구 주례1동,30대,1536,296,405,2025
202505,2653065000,사상구 주례1동,40대,1534,331,388,2025
202505,2653065000,사상구 주례1동,50대,2041,419,570,2025
202505,2653065000,사상구 주례1동,60대이상,4310,419,1156,2025
202505,2653066000,사상구 주례2동,20대,2458,817,868,2025
202505,2653066000,사상구 주례2동,20대미만,1655,373,425,2025
202505,2653066000,사상구 주례2동,30대,1736,298,542,2025
202505,2653066000,사상구 주례2동,40대,1982,315,538,2025
202505,2653066000,사상구 주례2동,50대,2337,366,736,2025
202505,2653066000,사상구 주례2동,60대이상,5227,362,1380,2025
202505,2653066100,사상구 주례3동,20대,401,52,143,2025
202505,2653066100,사상구 주례3동,20대미만,362,47,91,2025
202505,2653066100,사상구 주례3동,30대,369,88,168,2025
202505,2653066100,사상구 주례3동,40대,521,101,185,2025
202505,2653066100,사상구 주례3동,50대,762,112,238,2025
202505,2653066100,사상구 주례3동,60대이상,1897,108,364,2025
202505,2653067000,사상구 학장동,20대,973,271,560,2025
202505,2653067000,사상구 학장동,20대미만,985,175,495,2025
202505,2653067000,사상구 학장동,30대,1094,408,789,2025
202505,2653067000,사상구 학장동,40대,1689,525,1051,2025
202505,2653067000,사상구 학장동,50대,2104,686,1314,2025
202505,2653067000,사상구 학장동,60대이상,5220,597,2488,2025
202505,2653068000,사상구 엄궁동,20대,1384,216,280,2025
202505,2653068000,사상구 엄궁동,20대미만,2159,12,128,2025
202505,2653068000,사상구 엄궁동,30대,1649,284,410,2025
202505,2653068000,사상구 엄궁동,40대,2303,470,470,2025
202505,2653068000,사상구 엄궁동,50대,3123,555,709,2025
202505,2653068000,사상구 엄궁동,60대이상,5417,403,931,2025
202505,2671025000,기장군 기장읍,20대,3694,935,1670,2025
202505,2671025000,기장군 기장읍,20대미만,3638,116,1567,2025
202505,2671025000,기장군 기장읍,30대,4221,1132,2615,2025
202505,2671025000,기장군 기장읍,40대,5416,1269,2878,2025
202505,2671025000,기장군 기장읍,50대,7288,1582,2868,2025
202505,2671025000,기장군 기장읍,60대이상,17085,1077,4098,2025
202505,2671025300,기장군 장안읍,20대,478,484,673,2025
202505,2671025300,기장군 장안읍,20대미만,354,235,443,2025
202505,2671025300,기장군 장안읍,30대,672,930,1102,2025
202505,2671025300,기장군 장안읍,40대,634,1112,1396,2025
202505,2671025300,기장군 장안읍,50대,1027,1004,1495,2025
202505,2671025300,기장군 장안읍,60대이상,2998,605,1823,2025
202505,2671025600,기장군 정관읍,20대,4452,897,828,2025
202505,2671025600,기장군 정관읍,20대미만,13460,70,494,2025
202505,2671025600,기장군 정관읍,30대,6594,1118,1041,2025
202505,2671025600,기장군 정관읍,40대,13770,2272,1351,2025
202505,2671025600,기장군 정관읍,50대,8942,1867,1422,2025
202505,2671025600,기장군 정관읍,60대이상,13284,945,1767,2025
202505,2671025900,기장군 일광읍,20대,1766,305,705,2025
202505,2671025900,기장군 일광읍,20대미만,2441,39,364,2025
202505,2671025900,기장군 일광읍,30대,3606,492,903,2025
202505,2671025900,기장군 일광읍,40대,3883,580,1067,2025
202505,2671025900,기장군 일광읍,50대,3100,531,1242,2025
202505,2671025900,기장군 일광읍,60대이상,5356,417,1774,2025
202505,2671033000,기장군 철마면,20대,155,42,106,2025
202505,2671033000,기장군 철마면,20대미만,190,10,84,2025
202505,2671033000,기장군 철마면,30대,234,82,186,2025
202505,2671033000,기장군 철마면,40대,440,134,266,2025
202505,2671033000,기장군 철마면,50대,705,247,524,2025
202505,2671033000,기장군 철마면,60대이상,3235,315,1015,2025
202504,2611051000,중구 중앙동,20대,515,844,978,2025
202504,2611051000,중구 중앙동,20대미만,243,84,246,2025
202504,2611051000,중구 중앙동,30대,569,1268,1120,2025
202504,2611051000,중구 중앙동,40대,653,1150,1028,2025
202504,2611051000,중구 중앙동,50대,788,1133,1137,2025
202504,2611051000,중구 중앙동,60대이상,1781,667,1598,2025
202504,2611052000,중구 동광동,20대,116,62,173,2025
202504,2611052000,중구 동광동,20대미만,39,19,53,2025
202504,2611052000,중구 동광동,30대,126,84,173,2025
202504,2611052000,중구 동광동,40대,159,121,189,2025
202504,2611052000,중구 동광동,50대,270,107,224,2025
202504,2611052000,중구 동광동,60대이상,989,86,491,2025
202504,2611053000,중구 대청동,20대,496,162,309,2025
202504,2611053000,중구 대청동,20대미만,210,80,101,2025
202504,2611053000,중구 대청동,30대,363,229,264,2025
202504,2611053000,중구 대청동,40대,473,217,271,2025
202504,2611053000,중구 대청동,50대,645,216,353,2025
202504,2611053000,중구 대청동,60대이상,1954,196,715,2025
202504,2611054500,중구 보수동,20대,971,114,211,2025
202504,2611054500,중구 보수동,20대미만,335,96,119,2025
202504,2611054500,중구 보수동,30대,534,60,138,2025
202504,2611054500,중구 보수동,40대,549,89,157,2025
202504,2611054500,중구 보수동,50대,1028,158,229,2025
202504,2611054500,중구 보수동,60대이상,2102,137,564,2025
202504,2611056000,중구 부평동,20대,261,119,778,2025
202504,2611056000,중구 부평동,20대미만,149,7,184,2025
202504,2611056000,중구 부평동,30대,226,202,677,2025
202504,2611056000,중구 부평동,40대,308,214,723,2025
202504,2611056000,중구 부평동,50대,490,265,988,2025
202504,2611056000,중구 부평동,60대이상,1445,289,1829,2025
202504,2611057000,중구 광복동,20대,56,90,207,2025
202504,2611057000,중구 광복동,20대미만,24,31,91,2025
202504,2611057000,중구 광복동,30대,37,76,180,2025
202504,2611057000,중구 광복동,40대,75,89,203,2025
202504,2611057000,중구 광복동,50대,83,132,261,2025
202504,2611057000,중구 광복동,60대이상,312,258,479,2025
202504,2611058000,중구 남포동,20대,102,231,787,2025
202504,2611058000,중구 남포동,20대미만,48,16,275,2025
202504,2611058000,중구 남포동,30대,162,346,728,2025
202504,2611058000,중구 남포동,40대,203,324,817,2025
202504,2611058000,중구 남포동,50대,361,471,1219,2025
202504,2611058000,중구 남포동,60대이상,908,807,3083,2025
202504,2611059000,중구 영주1동,20대,41,19,56,2025
202504,2611059000,중구 영주1동,20대미만,11,0,11,2025
202504,2611059000,중구 영주1동,30대,29,25,50,2025
202504,2611059000,중구 영주1동,40대,33,21,55,2025
202504,2611059000,중구 영주1동,50대,38,19,72,2025
202504,2611059000,중구 영주1동,60대이상,114,22,105,2025
202504,2611060000,중구 영주2동,20대,355,43,137,2025
202504,2611060000,중구 영주2동,20대미만,235,49,66,2025
202504,2611060000,중구 영주2동,30대,334,48,150,2025
202504,2611060000,중구 영주2동,40대,489,59,151,2025
202504,2611060000,중구 영주2동,50대,809,94,223,2025
202504,2611060000,중구 영주2동,60대이상,2585,85,510,2025
202504,2614051000,서구 동대신1동,20대,319,36,158,2025
202504,2614051000,서구 동대신1동,20대미만,237,24,132,2025
202504,2614051000,서구 동대신1동,30대,339,39,137,2025
202504,2614051000,서구 동대신1동,40대,420,47,150,2025
202504,2614051000,서구 동대신1동,50대,530,63,210,2025
202504,2614051000,서구 동대신1동,60대이상,1439,76,403,2025
202504,2614052000,서구 동대신2동,20대,133,15,47,2025
202504,2614052000,서구 동대신2동,20대미만,98,17,56,2025
202504,2614052000,서구 동대신2동,30대,137,13,36,2025
202504,2614052000,서구 동대신2동,40대,280,22,60,2025
202504,2614052000,서구 동대신2동,50대,354,34,84,2025
202504,2614052000,서구 동대신2동,60대이상,1318,35,213,2025
202504,2614053000,서구 동대신3동,20대,640,306,525,2025
202504,2614053000,서구 동대신3동,20대미만,452,238,430,2025
202504,2614053000,서구 동대신3동,30대,447,285,454,2025
202504,2614053000,서구 동대신3동,40대,578,263,552,2025
202504,2614053000,서구 동대신3동,50대,693,297,666,2025
202504,2614053000,서구 동대신3동,60대이상,2074,204,1612,2025
202504,2614054000,서구 서대신1동,20대,1043,156,311,2025
202504,2614054000,서구 서대신1동,20대미만,1121,20,220,2025
202504,2614054000,서구 서대신1동,30대,1198,166,299,2025
202504,2614054000,서구 서대신1동,40대,1622,211,390,2025
202504,2614054000,서구 서대신1동,50대,1518,235,474,2025
202504,2614054000,서구 서대신1동,60대이상,3718,211,904,2025
202504,2614056000,서구 서대신3동,20대,220,51,94,2025
202504,2614056000,서구 서대신3동,20대미만,318,128,159,2025
202504,2614056000,서구 서대신3동,30대,229,67,119,2025
202504,2614056000,서구 서대신3동,40대,347,83,159,2025
202504,2614056000,서구 서대신3동,50대,423,68,213,2025
202504,2614056000,서구 서대신3동,60대이상,1045,62,387,2025
202504,2614057000,서구 서대신4동,20대,420,50,213,2025
202504,2614057000,서구 서대신4동,20대미만,538,82,169,2025
202504,2614057000,서구 서대신4동,30대,387,59,125,2025
202504,2614057000,서구 서대신4동,40대,701,77,190,2025
202504,2614057000,서구 서대신4동,50대,757,79,269,2025
202504,2614057000,서구 서대신4동,60대이상,1906,98,567,2025
202504,2614059000,서구 부민동,20대,565,301,393,2025
202504,2614059000,서구 부민동,20대미만,463,117,198,2025
202504,2614059000,서구 부민동,30대,305,75,117,2025
202504,2614059000,서구 부민동,40대,452,81,128,2025
202504,2614059000,서구 부민동,50대,446,66,201,2025
202504,2614059000,서구 부민동,60대이상,1243,65,290,2025
202504,2614061500,서구 아미동,20대,465,53,240,2025
202504,2614061500,서구 아미동,20대미만,171,3,43,2025
202504,2614061500,서구 아미동,30대,454,108,223,2025
202504,2614061500,서구 아미동,40대,364,89,198,2025
202504,2614061500,서구 아미동,50대,647,94,284,2025
202504,2614061500,서구 아미동,60대이상,2588,99,675,2025
202504,2614063000,서구 초장동,20대,167,41,109,2025
202504,2614063000,서구 초장동,20대미만,95,55,82,2025
202504,2614063000,서구 초장동,30대,168,13,55,2025
202504,2614063000,서구 초장동,40대,268,24,98,2025
202504,2614063000,서구 초장동,50대,432,43,167,2025
202504,2614063000,서구 초장동,60대이상,1639,49,351,2025
202504,2614064000,서구 충무동,20대,512,78,149,2025
202504,2614064000,서구 충무동,20대미만,259,105,105,2025
202504,2614064000,서구 충무동,30대,391,126,132,2025
202504,2614064000,서구 충무동,40대,558,145,178,2025
202504,2614064000,서구 충무동,50대,729,193,295,2025
202504,2614064000,서구 충무동,60대이상,2015,151,647,2025
202504,2614065000,서구 남부민1동,20대,116,16,50,2025
202504,2614065000,서구 남부민1동,20대미만,50,4,17,2025
202504,2614065000,서구 남부민1동,30대,80,17,47,2025
202504,2614065000,서구 남부민1동,40대,147,34,80,2025
202504,2614065000,서구 남부민1동,50대,388,52,140,2025
202504,2614065000,서구 남부민1동,60대이상,1076,52,286,2025
202504,2614066000,서구 남부민2동,20대,352,55,193,2025
202504,2614066000,서구 남부민2동,20대미만,318,79,111,2025
202504,2614066000,서구 남부민2동,30대,383,64,261,2025
202504,2614066000,서구 남부민2동,40대,549,74,294,2025
202504,2614066000,서구 남부민2동,50대,918,120,365,2025
202504,2614066000,서구 남부민2동,60대이상,3110,132,776,2025
202504,2614068000,서구 암남동,20대,1145,381,648,2025
202504,2614068000,서구 암남동,20대미만,763,50,209,2025
202504,2614068000,서구 암남동,30대,1236,452,702,2025
202504,2614068000,서구 암남동,40대,1567,558,859,2025
202504,2614068000,서구 암남동,50대,2006,626,1166,2025
202504,2614068000,서구 암남동,60대이상,5018,412,2137,2025
202504,2617051000,동구 초량1동,20대,140,144,321,2025
202504,2617051000,동구 초량1동,20대미만,107,16,72,2025
202504,2617051000,동구 초량1동,30대,145,230,365,2025
202504,2617051000,동구 초량1동,40대,206,201,339,2025
202504,2617051000,동구 초량1동,50대,336,168,417,2025
202504,2617051000,동구 초량1동,60대이상,935,109,656,2025
202504,2617052000,동구 초량2동,20대,272,100,512,2025
202504,2617052000,동구 초량2동,20대미만,215,187,174,2025
202504,2617052000,동구 초량2동,30대,241,154,455,2025
202504,2617052000,동구 초량2동,40대,354,159,431,2025
202504,2617052000,동구 초량2동,50대,598,175,599,2025
202504,2617052000,동구 초량2동,60대이상,1964,191,994,2025
202504,2617053000,동구 초량3동,20대,1006,487,1117,2025
202504,2617053000,동구 초량3동,20대미만,643,116,349,2025
202504,2617053000,동구 초량3동,30대,1525,669,1336,2025
202504,2617053000,동구 초량3동,40대,1390,580,1379,2025
202504,2617053000,동구 초량3동,50대,1205,605,1751,2025
202504,2617053000,동구 초량3동,60대이상,2118,436,2353,2025
202504,2617055000,동구 초량6동,20대,66,27,88,2025
202504,2617055000,동구 초량6동,20대미만,53,43,70,2025
202504,2617055000,동구 초량6동,30대,83,21,103,2025
202504,2617055000,동구 초량6동,40대,86,25,112,2025
202504,2617055000,동구 초량6동,50대,158,35,113,2025
202504,2617055000,동구 초량6동,60대이상,417,18,158,2025
202504,2617056000,동구 수정1동,20대,266,82,173,2025
202504,2617056000,동구 수정1동,20대미만,261,44,98,2025
202504,2617056000,동구 수정1동,30대,244,81,183,2025
202504,2617056000,동구 수정1동,40대,344,73,171,2025
202504,2617056000,동구 수정1동,50대,462,85,227,2025
202504,2617056000,동구 수정1동,60대이상,1315,77,398,2025
202504,2617057000,동구 수정2동,20대,395,75,139,2025
202504,2617057000,동구 수정2동,20대미만,364,113,115,2025
202504,2617057000,동구 수정2동,30대,607,119,163,2025
202504,2617057000,동구 수정2동,40대,614,141,195,2025
202504,2617057000,동구 수정2동,50대,862,179,296,2025
202504,2617057000,동구 수정2동,60대이상,2706,148,529,2025
202504,2617059000,동구 수정4동,20대,110,17,27,2025
202504,2617059000,동구 수정4동,20대미만,63,1,22,2025
202504,2617059000,동구 수정4동,30대,123,10,37,2025
202504,2617059000,동구 수정4동,40대,156,19,30,2025
202504,2617059000,동구 수정4동,50대,364,27,68,2025
202504,2617059000,동구 수정4동,60대이상,1234,21,179,2025
202504,2617060000,동구 수정5동,20대,264,18,35,2025
202504,2617060000,동구 수정5동,20대미만,210,31,33,2025
202504,2617060000,동구 수정5동,30대,206,36,50,2025
202504,2617060000,동구 수정5동,40대,353,41,64,2025
202504,2617060000,동구 수정5동,50대,593,58,101,2025
202504,2617060000,동구 수정5동,60대이상,2036,31,244,2025
202504,2617064500,동구 좌천동,20대,190,26,172,2025
202504,2617064500,동구 좌천동,20대미만,119,45,188,2025
202504,2617064500,동구 좌천동,30대,236,36,217,2025
202504,2617064500,동구 좌천동,40대,236,50,224,2025
202504,2617064500,동구 좌천동,50대,392,71,347,2025
202504,2617064500,동구 좌천동,60대이상,1270,70,773,2025
202504,2617065000,동구 범일1동,20대,526,59,164,2025
202504,2617065000,동구 범일1동,20대미만,291,68,81,2025
202504,2617065000,동구 범일1동,30대,598,97,260,2025
202504,2617065000,동구 범일1동,40대,723,115,207,2025
202504,2617065000,동구 범일1동,50대,1023,152,268,2025
202504,2617065000,동구 범일1동,60대이상,3850,208,616,2025
202504,2617066000,동구 범일2동,20대,526,398,544,2025
202504,2617066000,동구 범일2동,20대미만,332,30,168,2025
202504,2617066000,동구 범일2동,30대,670,762,794,2025
202504,2617066000,동구 범일2동,40대,678,921,812,2025
202504,2617066000,동구 범일2동,50대,884,1043,1136,2025
202504,2617066000,동구 범일2동,60대이상,2153,878,2038,2025
202504,2617068000,동구 범일5동,20대,517,86,390,2025
202504,2617068000,동구 범일5동,20대미만,461,125,186,2025
202504,2617068000,동구 범일5동,30대,1295,141,502,2025
202504,2617068000,동구 범일5동,40대,987,179,532,2025
202504,2617068000,동구 범일5동,50대,812,218,677,2025
202504,2617068000,동구 범일5동,60대이상,1601,312,1291,2025
202504,2620053000,영도구 남항동,20대,562,186,443,2025
202504,2620053000,영도구 남항동,20대미만,438,45,169,2025
202504,2620053000,영도구 남항동,30대,597,253,509,2025
202504,2620053000,영도구 남항동,40대,793,346,635,2025
202504,2620053000,영도구 남항동,50대,1266,453,974,2025
202504,2620053000,영도구 남항동,60대이상,4068,521,1956,2025
202504,2620054000,영도구 영선1동,20대,45,9,21,2025
202504,2620054000,영도구 영선1동,20대미만,38,1,22,2025
202504,2620054000,영도구 영선1동,30대,23,9,31,2025
202504,2620054000,영도구 영선1동,40대,94,23,52,2025
202504,2620054000,영도구 영선1동,50대,119,36,108,2025
202504,2620054000,영도구 영선1동,60대이상,394,57,208,2025
202504,2620055000,영도구 영선2동,20대,391,103,178,2025
202504,2620055000,영도구 영선2동,20대미만,323,108,108,2025
202504,2620055000,영도구 영선2동,30대,431,47,126,2025
202504,2620055000,영도구 영선2동,40대,477,79,128,2025
202504,2620055000,영도구 영선2동,50대,810,102,204,2025
202504,2620055000,영도구 영선2동,60대이상,2840,87,448,2025
202504,2620058500,영도구 신선동,20대,236,30,52,2025
202504,2620058500,영도구 신선동,20대미만,197,173,89,2025
202504,2620058500,영도구 신선동,30대,283,35,71,2025
202504,2620058500,영도구 신선동,40대,472,60,98,2025
202504,2620058500,영도구 신선동,50대,789,91,134,2025
202504,2620058500,영도구 신선동,60대이상,2906,72,356,2025
202504,2620059000,영도구 봉래1동,20대,249,28,130,2025
202504,2620059000,영도구 봉래1동,20대미만,267,5,80,2025
202504,2620059000,영도구 봉래1동,30대,275,74,205,2025
202504,2620059000,영도구 봉래1동,40대,439,97,247,2025
202504,2620059000,영도구 봉래1동,50대,546,135,341,2025
202504,2620059000,영도구 봉래1동,60대이상,1947,186,640,2025
202504,2620060500,영도구 봉래2동,20대,338,53,104,2025
202504,2620060500,영도구 봉래2동,20대미만,239,24,97,2025
202504,2620060500,영도구 봉래2동,30대,449,69,121,2025
202504,2620060500,영도구 봉래2동,40대,455,120,184,2025
202504,2620060500,영도구 봉래2동,50대,809,147,213,2025
202504,2620060500,영도구 봉래2동,60대이상,2376,145,442,2025
202504,2620063000,영도구 청학1동,20대,155,34,71,2025
202504,2620063000,영도구 청학1동,20대미만,166,20,46,2025
202504,2620063000,영도구 청학1동,30대,234,47,103,2025
202504,2620063000,영도구 청학1동,40대,413,145,196,2025
202504,2620063000,영도구 청학1동,50대,561,164,260,2025
202504,2620063000,영도구 청학1동,60대이상,1801,114,387,2025
202504,2620064000,영도구 청학2동,20대,622,125,248,2025
202504,2620064000,영도구 청학2동,20대미만,663,14,146,2025
202504,2620064000,영도구 청학2동,30대,981,190,273,2025
202504,2620064000,영도구 청학2동,40대,1226,258,361,2025
202504,2620064000,영도구 청학2동,50대,1739,348,474,2025
202504,2620064000,영도구 청학2동,60대이상,4914,291,904,2025
202504,2620065000,영도구 동삼1동,20대,1777,394,435,2025
202504,2620065000,영도구 동삼1동,20대미만,1995,245,278,2025
202504,2620065000,영도구 동삼1동,30대,1715,344,416,2025
202504,2620065000,영도구 동삼1동,40대,2398,485,462,2025
202504,2620065000,영도구 동삼1동,50대,3334,544,678,2025
202504,2620065000,영도구 동삼1동,60대이상,9157,383,1111,2025
202504,2620066000,영도구 동삼2동,20대,969,507,611,2025
202504,2620066000,영도구 동삼2동,20대미만,740,123,429,2025
202504,2620066000,영도구 동삼2동,30대,311,120,476,2025
202504,2620066000,영도구 동삼2동,40대,448,165,578,2025
202504,2620066000,영도구 동삼2동,50대,511,155,651,2025
202504,2620066000,영도구 동삼2동,60대이상,1339,101,1041,2025
202504,2620067000,영도구 동삼3동,20대,343,76,186,2025
202504,2620067000,영도구 동삼3동,20대미만,324,69,162,2025
202504,2620067000,영도구 동삼3동,30대,396,84,187,2025
202504,2620067000,영도구 동삼3동,40대,598,97,229,2025
202504,2620067000,영도구 동삼3동,50대,958,152,318,2025
202504,2620067000,영도구 동삼3동,60대이상,3568,138,603,2025
202504,2623051000,부산진구 부전1동,20대,2171,687,1648,2025
202504,2623051000,부산진구 부전1동,20대미만,373,53,378,2025
202504,2623051000,부산진구 부전1동,30대,1733,862,1378,2025
202504,2623051000,부산진구 부전1동,40대,1058,755,1173,2025
202504,2623051000,부산진구 부전1동,50대,1276,935,1704,2025
202504,2623051000,부산진구 부전1동,60대이상,2792,1160,4635,2025
202504,2623052000,부산진구 부전2동,20대,1817,1681,5521,2025
202504,2623052000,부산진구 부전2동,20대미만,352,104,1297,2025
202504,2623052000,부산진구 부전2동,30대,1780,1360,3264,2025
202504,2623052000,부산진구 부전2동,40대,1188,941,2076,2025
202504,2623052000,부산진구 부전2동,50대,1135,925,1941,2025
202504,2623052000,부산진구 부전2동,60대이상,1778,675,2656,2025
202504,2623054000,부산진구 연지동,20대,599,83,217,2025
202504,2623054000,부산진구 연지동,20대미만,644,50,187,2025
202504,2623054000,부산진구 연지동,30대,923,93,255,2025
202504,2623054000,부산진구 연지동,40대,1234,149,252,2025
202504,2623054000,부산진구 연지동,50대,1371,169,299,2025
202504,2623054000,부산진구 연지동,60대이상,3862,138,610,2025
202504,2623055000,부산진구 초읍동,20대,1225,198,372,2025
202504,2623055000,부산진구 초읍동,20대미만,1754,137,237,2025
202504,2623055000,부산진구 초읍동,30대,1659,221,511,2025
202504,2623055000,부산진구 초읍동,40대,2062,313,576,2025
202504,2623055000,부산진구 초읍동,50대,2591,430,772,2025
202504,2623055000,부산진구 초읍동,60대이상,7447,355,1407,2025
202504,2623056000,부산진구 양정1동,20대,1576,625,752,2025
202504,2623056000,부산진구 양정1동,20대미만,1194,512,374,2025
202504,2623056000,부산진구 양정1동,30대,1656,412,770,2025
202504,2623056000,부산진구 양정1동,40대,1633,410,672,2025
202504,2623056000,부산진구 양정1동,50대,2325,499,811,2025
202504,2623056000,부산진구 양정1동,60대이상,5300,461,1294,2025
202504,2623057000,부산진구 양정2동,20대,1836,288,600,2025
202504,2623057000,부산진구 양정2동,20대미만,751,326,271,2025
202504,2623057000,부산진구 양정2동,30대,2015,337,690,2025
202504,2623057000,부산진구 양정2동,40대,1370,282,554,2025
202504,2623057000,부산진구 양정2동,50대,1179,342,740,2025
202504,2623057000,부산진구 양정2동,60대이상,2350,240,1225,2025
202504,2623060000,부산진구 전포1동,20대,2725,843,2023,2025
202504,2623060000,부산진구 전포1동,20대미만,701,442,530,2025
202504,2623060000,부산진구 전포1동,30대,2616,677,1153,2025
202504,2623060000,부산진구 전포1동,40대,1450,426,581,2025
202504,2623060000,부산진구 전포1동,50대,1658,412,568,2025
202504,2623060000,부산진구 전포1동,60대이상,2671,347,686,2025
202504,2623061000,부산진구 전포2동,20대,2141,451,1547,2025
202504,2623061000,부산진구 전포2동,20대미만,986,85,373,2025
202504,2623061000,부산진구 전포2동,30대,2451,462,1136,2025
202504,2623061000,부산진구 전포2동,40대,2112,341,628,2025
202504,2623061000,부산진구 전포2동,50대,2212,391,667,2025
202504,2623061000,부산진구 전포2동,60대이상,5401,349,1128,2025
202504,2623064000,부산진구 부암1동,20대,1481,195,491,2025
202504,2623064000,부산진구 부암1동,20대미만,1168,35,207,2025
202504,2623064000,부산진구 부암1동,30대,2176,293,552,2025
202504,2623064000,부산진구 부암1동,40대,1980,320,477,2025
202504,2623064000,부산진구 부암1동,50대,2291,334,650,2025
202504,2623064000,부산진구 부암1동,60대이상,4973,288,1085,2025
202504,2623066000,부산진구 부암3동,20대,1150,132,369,2025
202504,2623066000,부산진구 부암3동,20대미만,1480,175,389,2025
202504,2623066000,부산진구 부암3동,30대,1788,133,506,2025
202504,2623066000,부산진구 부암3동,40대,1962,236,550,2025
202504,2623066000,부산진구 부암3동,50대,2571,311,717,2025
202504,2623066000,부산진구 부암3동,60대이상,5032,241,1548,2025
202504,2623067000,부산진구 당감1동,20대,1384,195,294,2025
202504,2623067000,부산진구 당감1동,20대미만,1348,216,392,2025
202504,2623067000,부산진구 당감1동,30대,1321,173,354,2025
202504,2623067000,부산진구 당감1동,40대,1654,208,403,2025
202504,2623067000,부산진구 당감1동,50대,2788,380,630,2025
202504,2623067000,부산진구 당감1동,60대이상,6231,327,1032,2025
202504,2623068000,부산진구 당감2동,20대,566,47,187,2025
202504,2623068000,부산진구 당감2동,20대미만,302,6,87,2025
202504,2623068000,부산진구 당감2동,30대,582,75,267,2025
202504,2623068000,부산진구 당감2동,40대,681,83,248,2025
202504,2623068000,부산진구 당감2동,50대,710,91,322,2025
202504,2623068000,부산진구 당감2동,60대이상,1714,80,526,2025
202504,2623070000,부산진구 당감4동,20대,504,47,162,2025
202504,2623070000,부산진구 당감4동,20대미만,600,28,150,2025
202504,2623070000,부산진구 당감4동,30대,582,60,206,2025
202504,2623070000,부산진구 당감4동,40대,809,78,257,2025
202504,2623070000,부산진구 당감4동,50대,1157,127,335,2025
202504,2623070000,부산진구 당감4동,60대이상,2479,129,621,2025
202504,2623071000,부산진구 가야1동,20대,1660,1158,982,2025
202504,2623071000,부산진구 가야1동,20대미만,1865,414,550,2025
202504,2623071000,부산진구 가야1동,30대,1132,232,558,2025
202504,2623071000,부산진구 가야1동,40대,1415,306,584,2025
202504,2623071000,부산진구 가야1동,50대,1775,422,705,2025
202504,2623071000,부산진구 가야1동,60대이상,5026,312,1299,2025
202504,2623072000,부산진구 가야2동,20대,608,87,284,2025
202504,2623072000,부산진구 가야2동,20대미만,475,99,234,2025
202504,2623072000,부산진구 가야2동,30대,633,67,357,2025
202504,2623072000,부산진구 가야2동,40대,841,90,368,2025
202504,2623072000,부산진구 가야2동,50대,1085,138,511,2025
202504,2623072000,부산진구 가야2동,60대이상,3113,185,893,2025
202504,2623074000,부산진구 개금1동,20대,2106,218,512,2025
202504,2623074000,부산진구 개금1동,20대미만,724,16,255,2025
202504,2623074000,부산진구 개금1동,30대,1782,157,418,2025
202504,2623074000,부산진구 개금1동,40대,1441,202,400,2025
202504,2623074000,부산진구 개금1동,50대,1707,281,535,2025
202504,2623074000,부산진구 개금1동,60대이상,3636,281,969,2025
202504,2623075000,부산진구 개금2동,20대,736,188,498,2025
202504,2623075000,부산진구 개금2동,20대미만,527,25,178,2025
202504,2623075000,부산진구 개금2동,30대,562,194,414,2025
202504,2623075000,부산진구 개금2동,40대,730,183,389,2025
202504,2623075000,부산진구 개금2동,50대,1042,171,508,2025
202504,2623075000,부산진구 개금2동,60대이상,2755,142,1091,2025
202504,2623076000,부산진구 개금3동,20대,1664,177,269,2025
202504,2623076000,부산진구 개금3동,20대미만,1489,163,263,2025
202504,2623076000,부산진구 개금3동,30대,1840,159,370,2025
202504,2623076000,부산진구 개금3동,40대,2188,195,332,2025
202504,2623076000,부산진구 개금3동,50대,2967,299,521,2025
202504,2623076000,부산진구 개금3동,60대이상,7650,335,893,2025
202504,2623077000,부산진구 범천1동,20대,1509,441,1060,2025
202504,2623077000,부산진구 범천1동,20대미만,424,19,292,2025
202504,2623077000,부산진구 범천1동,30대,1690,618,1093,2025
202504,2623077000,부산진구 범천1동,40대,1112,640,951,2025
202504,2623077000,부산진구 범천1동,50대,1148,729,1195,2025
202504,2623077000,부산진구 범천1동,60대이상,2543,656,2253,2025
202504,2623078000,부산진구 범천2동,20대,1316,148,435,2025
202504,2623078000,부산진구 범천2동,20대미만,709,9,136,2025
202504,2623078000,부산진구 범천2동,30대,2236,268,540,2025
202504,2623078000,부산진구 범천2동,40대,1973,220,400,2025
202504,2623078000,부산진구 범천2동,50대,1931,270,451,2025
202504,2623078000,부산진구 범천2동,60대이상,5473,293,976,2025
202504,2626051000,동래구 수민동,20대,1553,201,560,2025
202504,2626051000,동래구 수민동,20대미만,1391,57,507,2025
202504,2626051000,동래구 수민동,30대,1849,273,708,2025
202504,2626051000,동래구 수민동,40대,2018,332,857,2025
202504,2626051000,동래구 수민동,50대,2695,441,1198,2025
202504,2626051000,동래구 수민동,60대이상,7929,455,2564,2025
202504,2626052000,동래구 복산동,20대,425,51,104,2025
202504,2626052000,동래구 복산동,20대미만,328,13,138,2025
202504,2626052000,동래구 복산동,30대,382,77,122,2025
202504,2626052000,동래구 복산동,40대,573,99,151,2025
202504,2626052000,동래구 복산동,50대,902,151,242,2025
202504,2626052000,동래구 복산동,60대이상,2767,131,410,2025
202504,2626054500,동래구 명륜동,20대,1476,492,1322,2025
202504,2626054500,동래구 명륜동,20대미만,2239,392,702,2025
202504,2626054500,동래구 명륜동,30대,1828,587,1187,2025
202504,2626054500,동래구 명륜동,40대,3002,656,1287,2025
202504,2626054500,동래구 명륜동,50대,3074,801,1506,2025
202504,2626054500,동래구 명륜동,60대이상,4441,568,2640,2025
202504,2626055000,동래구 온천1동,20대,2702,371,926,2025
202504,2626055000,동래구 온천1동,20대미만,2229,263,538,2025
202504,2626055000,동래구 온천1동,30대,3898,475,1141,2025
202504,2626055000,동래구 온천1동,40대,3654,510,1261,2025
202504,2626055000,동래구 온천1동,50대,3299,572,1387,2025
202504,2626055000,동래구 온천1동,60대이상,5951,539,2365,2025
202504,2626056000,동래구 온천2동,20대,854,231,432,2025
202504,2626056000,동래구 온천2동,20대미만,1341,240,292,2025
202504,2626056000,동래구 온천2동,30대,1188,317,454,2025
202504,2626056000,동래구 온천2동,40대,1651,376,509,2025
202504,2626056000,동래구 온천2동,50대,1517,355,696,2025
202504,2626056000,동래구 온천2동,60대이상,3674,296,1307,2025
202504,2626057000,동래구 온천3동,20대,2782,254,1206,2025
202504,2626057000,동래구 온천3동,20대미만,2177,211,1567,2025
202504,2626057000,동래구 온천3동,30대,2998,291,1849,2025
202504,2626057000,동래구 온천3동,40대,3204,460,2177,2025
202504,2626057000,동래구 온천3동,50대,4107,510,1941,2025
202504,2626057000,동래구 온천3동,60대이상,9086,479,3487,2025
202504,2626058000,동래구 사직1동,20대,604,186,578,2025
202504,2626058000,동래구 사직1동,20대미만,879,94,791,2025
202504,2626058000,동래구 사직1동,30대,833,206,675,2025
202504,2626058000,동래구 사직1동,40대,1039,231,824,2025
202504,2626058000,동래구 사직1동,50대,1009,234,870,2025
202504,2626058000,동래구 사직1동,60대이상,2332,235,1431,2025
202504,2626059000,동래구 사직2동,20대,1387,171,1111,2025
202504,2626059000,동래구 사직2동,20대미만,3054,456,1018,2025
202504,2626059000,동래구 사직2동,30대,1415,170,816,2025
202504,2626059000,동래구 사직2동,40대,2697,323,1038,2025
202504,2626059000,동래구 사직2동,50대,3125,308,928,2025
202504,2626059000,동래구 사직2동,60대이상,4116,233,1248,2025
202504,2626060000,동래구 사직3동,20대,913,151,334,2025
202504,2626060000,동래구 사직3동,20대미만,1519,80,493,2025
202504,2626060000,동래구 사직3동,30대,1089,206,359,2025
202504,2626060000,동래구 사직3동,40대,2088,243,547,2025
202504,2626060000,동래구 사직3동,50대,1740,251,571,2025
202504,2626060000,동래구 사직3동,60대이상,3816,212,847,2025
202504,2626074000,동래구 안락1동,20대,622,188,358,2025
202504,2626074000,동래구 안락1동,20대미만,535,43,317,2025
202504,2626074000,동래구 안락1동,30대,770,216,522,2025
202504,2626074000,동래구 안락1동,40대,850,214,647,2025
202504,2626074000,동래구 안락1동,50대,1147,307,810,2025
202504,2626074000,동래구 안락1동,60대이상,3666,319,1690,2025
202504,2626075000,동래구 안락2동,20대,1512,229,399,2025
202504,2626075000,동래구 안락2동,20대미만,1920,127,434,2025
202504,2626075000,동래구 안락2동,30대,1822,301,563,2025
202504,2626075000,동래구 안락2동,40대,2305,380,612,2025
202504,2626075000,동래구 안락2동,50대,3048,461,689,2025
202504,2626075000,동래구 안락2동,60대이상,6536,373,1210,2025
202504,2626076100,동래구 명장1동,20대,709,90,209,2025
202504,2626076100,동래구 명장1동,20대미만,927,333,285,2025
202504,2626076100,동래구 명장1동,30대,987,106,272,2025
202504,2626076100,동래구 명장1동,40대,1329,189,346,2025
202504,2626076100,동래구 명장1동,50대,1478,259,407,2025
202504,2626076100,동래구 명장1동,60대이상,4188,344,872,2025
202504,2626076200,동래구 명장2동,20대,405,36,93,2025
202504,2626076200,동래구 명장2동,20대미만,517,256,225,2025
202504,2626076200,동래구 명장2동,30대,655,50,121,2025
202504,2626076200,동래구 명장2동,40대,752,78,163,2025
202504,2626076200,동래구 명장2동,50대,914,110,177,2025
202504,2626076200,동래구 명장2동,60대이상,2180,124,396,2025
202504,2629051000,남구 대연1동,20대,2536,314,1148,2025
202504,2629051000,남구 대연1동,20대미만,837,126,636,2025
202504,2629051000,남구 대연1동,30대,1092,210,845,2025
202504,2629051000,남구 대연1동,40대,1141,230,913,2025
202504,2629051000,남구 대연1동,50대,1520,319,1153,2025
202504,2629051000,남구 대연1동,60대이상,4155,268,1731,2025
202504,2629053000,남구 대연3동,20대,5344,3096,2946,2025
202504,2629053000,남구 대연3동,20대미만,3775,925,1505,2025
202504,2629053000,남구 대연3동,30대,2982,866,1358,2025
202504,2629053000,남구 대연3동,40대,4120,913,1308,2025
202504,2629053000,남구 대연3동,50대,3728,812,1487,2025
202504,2629053000,남구 대연3동,60대이상,6176,556,1821,2025
202504,2629054000,남구 대연4동,20대,704,75,216,2025
202504,2629054000,남구 대연4동,20대미만,843,78,190,2025
202504,2629054000,남구 대연4동,30대,1316,116,245,2025
202504,2629054000,남구 대연4동,40대,1386,144,286,2025
202504,2629054000,남구 대연4동,50대,1279,161,344,2025
202504,2629054000,남구 대연4동,60대이상,3357,182,699,2025
202504,2629055000,남구 대연5동,20대,1584,237,385,2025
202504,2629055000,남구 대연5동,20대미만,851,135,250,2025
202504,2629055000,남구 대연5동,30대,1048,187,298,2025
202504,2629055000,남구 대연5동,40대,1300,219,337,2025
202504,2629055000,남구 대연5동,50대,1668,258,433,2025
202504,2629055000,남구 대연5동,60대이상,3675,223,752,2025
202504,2629056000,남구 대연6동,20대,815,155,212,2025
202504,2629056000,남구 대연6동,20대미만,1408,252,155,2025
202504,2629056000,남구 대연6동,30대,1211,232,248,2025
202504,2629056000,남구 대연6동,40대,1844,282,312,2025
202504,2629056000,남구 대연6동,50대,1514,274,386,2025
202504,2629056000,남구 대연6동,60대이상,2767,159,654,2025
202504,2629057000,남구 용호1동,20대,2080,294,506,2025
202504,2629057000,남구 용호1동,20대미만,3865,211,474,2025
202504,2629057000,남구 용호1동,30대,2418,283,521,2025
202504,2629057000,남구 용호1동,40대,4230,472,678,2025
202504,2629057000,남구 용호1동,50대,5585,553,869,2025
202504,2629057000,남구 용호1동,60대이상,10524,411,1623,2025
202504,2629058000,남구 용호2동,20대,877,126,332,2025
202504,2629058000,남구 용호2동,20대미만,1460,36,150,2025
202504,2629058000,남구 용호2동,30대,1423,134,372,2025
202504,2629058000,남구 용호2동,40대,2056,208,448,2025
202504,2629058000,남구 용호2동,50대,1848,195,541,2025
202504,2629058000,남구 용호2동,60대이상,4724,171,1034,2025
202504,2629059000,남구 용호3동,20대,654,99,189,2025
202504,2629059000,남구 용호3동,20대미만,610,299,242,2025
202504,2629059000,남구 용호3동,30대,586,109,243,2025
202504,2629059000,남구 용호3동,40대,795,164,307,2025
202504,2629059000,남구 용호3동,50대,1247,224,434,2025
202504,2629059000,남구 용호3동,60대이상,3921,245,785,2025
202504,2629060000,남구 용호4동,20대,377,102,270,2025
202504,2629060000,남구 용호4동,20대미만,370,26,160,2025
202504,2629060000,남구 용호4동,30대,416,62,230,2025
202504,2629060000,남구 용호4동,40대,594,95,273,2025
202504,2629060000,남구 용호4동,50대,746,112,347,2025
202504,2629060000,남구 용호4동,60대이상,2044,143,675,2025
202504,2629061000,남구 용당동,20대,504,335,453,2025
202504,2629061000,남구 용당동,20대미만,519,256,199,2025
202504,2629061000,남구 용당동,30대,425,190,316,2025
202504,2629061000,남구 용당동,40대,670,296,434,2025
202504,2629061000,남구 용당동,50대,1025,303,586,2025
202504,2629061000,남구 용당동,60대이상,2177,260,726,2025
202504,2629062000,남구 감만1동,20대,408,112,208,2025
202504,2629062000,남구 감만1동,20대미만,294,29,83,2025
202504,2629062000,남구 감만1동,30대,400,191,339,2025
202504,2629062000,남구 감만1동,40대,625,178,490,2025
202504,2629062000,남구 감만1동,50대,793,262,668,2025
202504,2629062000,남구 감만1동,60대이상,2127,257,698,2025
202504,2629063000,남구 감만2동,20대,194,15,67,2025
202504,2629063000,남구 감만2동,20대미만,181,37,84,2025
202504,2629063000,남구 감만2동,30대,200,35,80,2025
202504,2629063000,남구 감만2동,40대,313,43,129,2025
202504,2629063000,남구 감만2동,50대,647,87,144,2025
202504,2629063000,남구 감만2동,60대이상,1630,77,373,2025
202504,2629064500,남구 우암동,20대,612,91,265,2025
202504,2629064500,남구 우암동,20대미만,755,88,151,2025
202504,2629064500,남구 우암동,30대,657,123,386,2025
202504,2629064500,남구 우암동,40대,1005,172,393,2025
202504,2629064500,남구 우암동,50대,1334,263,674,2025
202504,2629064500,남구 우암동,60대이상,4574,238,1192,2025
202504,2629068000,남구 문현1동,20대,510,57,178,2025
202504,2629068000,남구 문현1동,20대미만,565,114,179,2025
202504,2629068000,남구 문현1동,30대,401,48,234,2025
202504,2629068000,남구 문현1동,40대,680,106,255,2025
202504,2629068000,남구 문현1동,50대,1008,131,353,2025
202504,2629068000,남구 문현1동,60대이상,2555,137,629,2025
202504,2629069000,남구 문현2동,20대,377,323,357,2025
202504,2629069000,남구 문현2동,20대미만,192,59,152,2025
202504,2629069000,남구 문현2동,30대,630,668,475,2025
202504,2629069000,남구 문현2동,40대,455,542,433,2025
202504,2629069000,남구 문현2동,50대,525,453,510,2025
202504,2629069000,남구 문현2동,60대이상,1666,241,784,2025
202504,2629070000,남구 문현3동,20대,529,79,679,2025
202504,2629070000,남구 문현3동,20대미만,571,87,831,2025
202504,2629070000,남구 문현3동,30대,939,99,724,2025
202504,2629070000,남구 문현3동,40대,1144,200,920,2025
202504,2629070000,남구 문현3동,50대,1060,177,1274,2025
202504,2629070000,남구 문현3동,60대이상,3076,201,2564,2025
202504,2629071000,남구 문현4동,20대,389,83,169,2025
202504,2629071000,남구 문현4동,20대미만,296,98,117,2025
202504,2629071000,남구 문현4동,30대,471,112,235,2025
202504,2629071000,남구 문현4동,40대,480,105,238,2025
202504,2629071000,남구 문현4동,50대,659,112,284,2025
202504,2629071000,남구 문현4동,60대이상,1712,124,423,2025
202504,2632051000,북구 구포1동,20대,955,125,410,2025
202504,2632051000,북구 구포1동,20대미만,575,2,158,2025
202504,2632051000,북구 구포1동,30대,1297,180,474,2025
202504,2632051000,북구 구포1동,40대,1188,206,527,2025
202504,2632051000,북구 구포1동,50대,1627,376,885,2025
202504,2632051000,북구 구포1동,60대이상,4470,472,2067,2025
202504,2632052000,북구 구포2동,20대,1558,178,325,2025
202504,2632052000,북구 구포2동,20대미만,1197,196,199,2025
202504,2632052000,북구 구포2동,30대,1832,280,339,2025
202504,2632052000,북구 구포2동,40대,1979,336,356,2025
202504,2632052000,북구 구포2동,50대,2865,427,563,2025
202504,2632052000,북구 구포2동,60대이상,7023,356,1039,2025
202504,2632052100,북구 구포3동,20대,1335,153,208,2025
202504,2632052100,북구 구포3동,20대미만,1093,241,132,2025
202504,2632052100,북구 구포3동,30대,1169,123,177,2025
202504,2632052100,북구 구포3동,40대,1538,170,206,2025
202504,2632052100,북구 구포3동,50대,2626,283,373,2025
202504,2632052100,북구 구포3동,60대이상,5712,245,647,2025
202504,2632053000,북구 금곡동,20대,2135,249,358,2025
202504,2632053000,북구 금곡동,20대미만,2067,138,326,2025
202504,2632053000,북구 금곡동,30대,2205,264,564,2025
202504,2632053000,북구 금곡동,40대,2790,326,574,2025
202504,2632053000,북구 금곡동,50대,4569,501,864,2025
202504,2632053000,북구 금곡동,60대이상,11861,437,1661,2025
202504,2632054100,북구 화명1동,20대,2638,245,886,2025
202504,2632054100,북구 화명1동,20대미만,2824,44,995,2025
202504,2632054100,북구 화명1동,30대,3179,235,1147,2025
202504,2632054100,북구 화명1동,40대,3229,337,1078,2025
202504,2632054100,북구 화명1동,50대,4885,433,1394,2025
202504,2632054100,북구 화명1동,60대이상,7708,404,2058,2025
202504,2632054200,북구 화명2동,20대,1224,149,315,2025
202504,2632054200,북구 화명2동,20대미만,1320,178,265,2025
202504,2632054200,북구 화명2동,30대,1501,144,350,2025
202504,2632054200,북구 화명2동,40대,1494,184,367,2025
202504,2632054200,북구 화명2동,50대,2150,293,545,2025
202504,2632054200,북구 화명2동,60대이상,4381,246,880,2025
202504,2632054300,북구 화명3동,20대,1922,373,756,2025
202504,2632054300,북구 화명3동,20대미만,2364,353,682,2025
202504,2632054300,북구 화명3동,30대,1615,306,733,2025
202504,2632054300,북구 화명3동,40대,2443,436,682,2025
202504,2632054300,북구 화명3동,50대,3183,551,981,2025
202504,2632054300,북구 화명3동,60대이상,4739,300,1463,2025
202504,2632055000,북구 덕천1동,20대,946,236,335,2025
202504,2632055000,북구 덕천1동,20대미만,515,47,207,2025
202504,2632055000,북구 덕천1동,30대,1349,195,379,2025
202504,2632055000,북구 덕천1동,40대,1040,194,420,2025
202504,2632055000,북구 덕천1동,50대,1345,293,604,2025
202504,2632055000,북구 덕천1동,60대이상,4140,253,1271,2025
202504,2632056000,북구 덕천2동,20대,846,377,999,2025
202504,2632056000,북구 덕천2동,20대미만,523,214,537,2025
202504,2632056000,북구 덕천2동,30대,850,447,1101,2025
202504,2632056000,북구 덕천2동,40대,824,437,1012,2025
202504,2632056000,북구 덕천2동,50대,1261,504,1408,2025
202504,2632056000,북구 덕천2동,60대이상,3468,426,2468,2025
202504,2632056100,북구 덕천3동,20대,379,25,75,2025
202504,2632056100,북구 덕천3동,20대미만,207,12,29,2025
202504,2632056100,북구 덕천3동,30대,318,22,86,2025
202504,2632056100,북구 덕천3동,40대,527,29,74,2025
202504,2632056100,북구 덕천3동,50대,920,103,119,2025
202504,2632056100,북구 덕천3동,60대이상,2644,53,282,2025
202504,2632057100,북구 만덕1동,20대,867,90,202,2025
202504,2632057100,북구 만덕1동,20대미만,920,113,168,2025
202504,2632057100,북구 만덕1동,30대,1877,128,348,2025
202504,2632057100,북구 만덕1동,40대,1624,148,321,2025
202504,2632057100,북구 만덕1동,50대,1474,148,358,2025
202504,2632057100,북구 만덕1동,60대이상,3712,182,818,2025
202504,2632057200,북구 만덕2동,20대,1574,189,276,2025
202504,2632057200,북구 만덕2동,20대미만,2277,203,289,2025
202504,2632057200,북구 만덕2동,30대,2239,222,386,2025
202504,2632057200,북구 만덕2동,40대,2660,293,378,2025
202504,2632057200,북구 만덕2동,50대,2928,273,484,2025
202504,2632057200,북구 만덕2동,60대이상,6704,302,1022,2025
202504,2632057300,북구 만덕3동,20대,1030,76,239,2025
202504,2632057300,북구 만덕3동,20대미만,1007,31,200,2025
202504,2632057300,북구 만덕3동,30대,1237,96,243,2025
202504,2632057300,북구 만덕3동,40대,1346,130,295,2025
202504,2632057300,북구 만덕3동,50대,1947,184,321,2025
202504,2632057300,북구 만덕3동,60대이상,5284,219,682,2025
202504,2635051000,해운대구 우1동,20대,1695,588,1973,2025
202504,2635051000,해운대구 우1동,20대미만,1950,622,909,2025
202504,2635051000,해운대구 우1동,30대,2068,683,2012,2025
202504,2635051000,해운대구 우1동,40대,2579,685,2039,2025
202504,2635051000,해운대구 우1동,50대,2756,695,2213,2025
202504,2635051000,해운대구 우1동,60대이상,5911,692,3090,2025
202504,2635052000,해운대구 우2동,20대,1529,1714,1827,2025
202504,2635052000,해운대구 우2동,20대미만,2190,655,1192,2025
202504,2635052000,해운대구 우2동,30대,2076,2174,2410,2025
202504,2635052000,해운대구 우2동,40대,2858,1592,2212,2025
202504,2635052000,해운대구 우2동,50대,3345,1375,2078,2025
202504,2635052000,해운대구 우2동,60대이상,5873,780,2497,2025
202504,2635052500,해운대구 우3동,20대,1002,168,533,2025
202504,2635052500,해운대구 우3동,20대미만,1538,150,684,2025
202504,2635052500,해운대구 우3동,30대,1654,230,754,2025
202504,2635052500,해운대구 우3동,40대,2168,330,1093,2025
202504,2635052500,해운대구 우3동,50대,2675,315,1119,2025
202504,2635052500,해운대구 우3동,60대이상,5396,322,1613,2025
202504,2635053000,해운대구 중1동,20대,1825,591,1477,2025
202504,2635053000,해운대구 중1동,20대미만,1794,98,768,2025
202504,2635053000,해운대구 중1동,30대,2263,664,1901,2025
202504,2635053000,해운대구 중1동,40대,3059,712,1809,2025
202504,2635053000,해운대구 중1동,50대,3311,765,1950,2025
202504,2635053000,해운대구 중1동,60대이상,5734,596,2581,2025
202504,2635054000,해운대구 중2동,20대,862,115,496,2025
202504,2635054000,해운대구 중2동,20대미만,1322,52,210,2025
202504,2635054000,해운대구 중2동,30대,1289,182,589,2025
202504,2635054000,해운대구 중2동,40대,1807,209,594,2025
202504,2635054000,해운대구 중2동,50대,1900,231,741,2025
202504,2635054000,해운대구 중2동,60대이상,3798,222,1151,2025
202504,2635055100,해운대구 좌1동,20대,1328,363,702,2025
202504,2635055100,해운대구 좌1동,20대미만,966,33,565,2025
202504,2635055100,해운대구 좌1동,30대,1280,374,740,2025
202504,2635055100,해운대구 좌1동,40대,1725,409,854,2025
202504,2635055100,해운대구 좌1동,50대,2021,464,1037,2025
202504,2635055100,해운대구 좌1동,60대이상,3241,364,1410,2025
202504,2635055200,해운대구 좌2동,20대,2446,262,517,2025
202504,2635055200,해운대구 좌2동,20대미만,2102,113,453,2025
202504,2635055200,해운대구 좌2동,30대,2947,244,487,2025
202504,2635055200,해운대구 좌2동,40대,2985,341,514,2025
202504,2635055200,해운대구 좌2동,50대,3891,401,550,2025
202504,2635055200,해운대구 좌2동,60대이상,6714,323,913,2025
202504,2635055300,해운대구 좌3동,20대,928,84,242,2025
202504,2635055300,해운대구 좌3동,20대미만,1092,396,309,2025
202504,2635055300,해운대구 좌3동,30대,1016,94,239,2025
202504,2635055300,해운대구 좌3동,40대,1386,117,276,2025
202504,2635055300,해운대구 좌3동,50대,1989,190,410,2025
202504,2635055300,해운대구 좌3동,60대이상,4234,170,710,2025
202504,2635055400,해운대구 좌4동,20대,1599,354,679,2025
202504,2635055400,해운대구 좌4동,20대미만,2535,437,456,2025
202504,2635055400,해운대구 좌4동,30대,1555,320,603,2025
202504,2635055400,해운대구 좌4동,40대,2308,410,735,2025
202504,2635055400,해운대구 좌4동,50대,2900,444,962,2025
202504,2635055400,해운대구 좌4동,60대이상,4680,308,1761,2025
202504,2635056000,해운대구 송정동,20대,476,282,1024,2025
202504,2635056000,해운대구 송정동,20대미만,541,144,561,2025
202504,2635056000,해운대구 송정동,30대,697,310,1051,2025
202504,2635056000,해운대구 송정동,40대,824,295,1056,2025
202504,2635056000,해운대구 송정동,50대,1065,396,1202,2025
202504,2635056000,해운대구 송정동,60대이상,3169,315,1648,2025
202504,2635057000,해운대구 반여1동,20대,2467,322,460,2025
202504,2635057000,해운대구 반여1동,20대미만,3826,238,381,2025
202504,2635057000,해운대구 반여1동,30대,2710,411,610,2025
202504,2635057000,해운대구 반여1동,40대,3924,562,727,2025
202504,2635057000,해운대구 반여1동,50대,4736,645,844,2025
202504,2635057000,해운대구 반여1동,60대이상,7915,450,1419,2025
202504,2635058000,해운대구 반여2동,20대,649,68,190,2025
202504,2635058000,해운대구 반여2동,20대미만,390,45,133,2025
202504,2635058000,해운대구 반여2동,30대,810,74,226,2025
202504,2635058000,해운대구 반여2동,40대,1033,92,249,2025
202504,2635058000,해운대구 반여2동,50대,1499,176,486,2025
202504,2635058000,해운대구 반여2동,60대이상,4036,139,901,2025
202504,2635059000,해운대구 반여3동,20대,362,18,77,2025
202504,2635059000,해운대구 반여3동,20대미만,181,15,27,2025
202504,2635059000,해운대구 반여3동,30대,388,36,77,2025
202504,2635059000,해운대구 반여3동,40대,517,43,83,2025
202504,2635059000,해운대구 반여3동,50대,822,73,150,2025
202504,2635059000,해운대구 반여3동,60대이상,2128,67,271,2025
202504,2635059500,해운대구 반여4동,20대,563,60,180,2025
202504,2635059500,해운대구 반여4동,20대미만,745,27,169,2025
202504,2635059500,해운대구 반여4동,30대,699,54,225,2025
202504,2635059500,해운대구 반여4동,40대,915,96,286,2025
202504,2635059500,해운대구 반여4동,50대,1055,116,347,2025
202504,2635059500,해운대구 반여4동,60대이상,2024,90,806,2025
202504,2635061000,해운대구 반송1동,20대,780,178,161,2025
202504,2635061000,해운대구 반송1동,20대미만,318,173,78,2025
202504,2635061000,해운대구 반송1동,30대,536,126,189,2025
202504,2635061000,해운대구 반송1동,40대,648,166,262,2025
202504,2635061000,해운대구 반송1동,50대,1241,244,401,2025
202504,2635061000,해운대구 반송1동,60대이상,3245,239,657,2025
202504,2635062000,해운대구 반송2동,20대,1059,93,117,2025
202504,2635062000,해운대구 반송2동,20대미만,959,24,54,2025
202504,2635062000,해운대구 반송2동,30대,1035,96,150,2025
202504,2635062000,해운대구 반송2동,40대,1742,205,207,2025
202504,2635062000,해운대구 반송2동,50대,2664,339,313,2025
202504,2635062000,해운대구 반송2동,60대이상,8317,284,650,2025
202504,2635065000,해운대구 재송1동,20대,2273,448,725,2025
202504,2635065000,해운대구 재송1동,20대미만,4243,243,465,2025
202504,2635065000,해운대구 재송1동,30대,2692,658,905,2025
202504,2635065000,해운대구 재송1동,40대,5111,758,1069,2025
202504,2635065000,해운대구 재송1동,50대,4166,627,1210,2025
202504,2635065000,해운대구 재송1동,60대이상,6513,519,1928,2025
202504,2635066000,해운대구 재송2동,20대,1389,139,273,2025
202504,2635066000,해운대구 재송2동,20대미만,1153,44,197,2025
202504,2635066000,해운대구 재송2동,30대,1448,180,368,2025
202504,2635066000,해운대구 재송2동,40대,2002,243,421,2025
202504,2635066000,해운대구 재송2동,50대,2676,287,482,2025
202504,2635066000,해운대구 재송2동,60대이상,6171,251,795,2025
202504,2638051000,사하구 괴정1동,20대,947,95,330,2025
202504,2638051000,사하구 괴정1동,20대미만,1091,146,273,2025
202504,2638051000,사하구 괴정1동,30대,1043,96,369,2025
202504,2638051000,사하구 괴정1동,40대,1571,147,481,2025
202504,2638051000,사하구 괴정1동,50대,1863,215,628,2025
202504,2638051000,사하구 괴정1동,60대이상,5599,203,1091,2025
202504,2638052000,사하구 괴정2동,20대,774,53,139,2025
202504,2638052000,사하구 괴정2동,20대미만,761,56,86,2025
202504,2638052000,사하구 괴정2동,30대,887,48,114,2025
202504,2638052000,사하구 괴정2동,40대,1143,92,156,2025
202504,2638052000,사하구 괴정2동,50대,1385,118,205,2025
202504,2638052000,사하구 괴정2동,60대이상,4297,102,464,2025
202504,2638053000,사하구 괴정3동,20대,793,254,320,2025
202504,2638053000,사하구 괴정3동,20대미만,612,115,254,2025
202504,2638053000,사하구 괴정3동,30대,790,151,295,2025
202504,2638053000,사하구 괴정3동,40대,986,202,401,2025
202504,2638053000,사하구 괴정3동,50대,1369,250,532,2025
202504,2638053000,사하구 괴정3동,60대이상,4341,290,1140,2025
202504,2638054000,사하구 괴정4동,20대,799,64,169,2025
202504,2638054000,사하구 괴정4동,20대미만,1089,87,272,2025
202504,2638054000,사하구 괴정4동,30대,1094,98,223,2025
202504,2638054000,사하구 괴정4동,40대,1505,190,309,2025
202504,2638054000,사하구 괴정4동,50대,1452,142,353,2025
202504,2638054000,사하구 괴정4동,60대이상,3411,135,796,2025
202504,2638055000,사하구 당리동,20대,1510,243,671,2025
202504,2638055000,사하구 당리동,20대미만,1522,107,402,2025
202504,2638055000,사하구 당리동,30대,1609,289,636,2025
202504,2638055000,사하구 당리동,40대,2288,437,642,2025
202504,2638055000,사하구 당리동,50대,2717,413,856,2025
202504,2638055000,사하구 당리동,60대이상,7142,386,1639,2025
202504,2638056100,사하구 하단1동,20대,1915,179,414,2025
202504,2638056100,사하구 하단1동,20대미만,1035,71,216,2025
202504,2638056100,사하구 하단1동,30대,1876,177,498,2025
202504,2638056100,사하구 하단1동,40대,1814,225,476,2025
202504,2638056100,사하구 하단1동,50대,2391,281,596,2025
202504,2638056100,사하구 하단1동,60대이상,5547,299,1093,2025
202504,2638056200,사하구 하단2동,20대,3467,1874,1381,2025
202504,2638056200,사하구 하단2동,20대미만,1916,588,542,2025
202504,2638056200,사하구 하단2동,30대,2147,460,868,2025
202504,2638056200,사하구 하단2동,40대,2256,458,762,2025
202504,2638056200,사하구 하단2동,50대,2784,531,850,2025
202504,2638056200,사하구 하단2동,60대이상,5766,373,1302,2025
202504,2638057100,사하구 신평1동,20대,848,187,183,2025
202504,2638057100,사하구 신평1동,20대미만,959,203,198,2025
202504,2638057100,사하구 신평1동,30대,1052,354,344,2025
202504,2638057100,사하구 신평1동,40대,1527,352,394,2025
202504,2638057100,사하구 신평1동,50대,1930,470,536,2025
202504,2638057100,사하구 신평1동,60대이상,4976,326,717,2025
202504,2638057200,사하구 신평2동,20대,1076,223,288,2025
202504,2638057200,사하구 신평2동,20대미만,1144,67,187,2025
202504,2638057200,사하구 신평2동,30대,1578,361,424,2025
202504,2638057200,사하구 신평2동,40대,1685,400,424,2025
202504,2638057200,사하구 신평2동,50대,2087,452,599,2025
202504,2638057200,사하구 신평2동,60대이상,4160,423,917,2025
202504,2638058000,사하구 장림1동,20대,723,182,296,2025
202504,2638058000,사하구 장림1동,20대미만,1146,84,232,2025
202504,2638058000,사하구 장림1동,30대,1246,363,441,2025
202504,2638058000,사하구 장림1동,40대,1639,424,534,2025
202504,2638058000,사하구 장림1동,50대,1490,636,753,2025
202504,2638058000,사하구 장림1동,60대이상,2901,580,1101,2025
202504,2638059000,사하구 장림2동,20대,1666,213,404,2025
202504,2638059000,사하구 장림2동,20대미만,1652,156,288,2025
202504,2638059000,사하구 장림2동,30대,1870,313,583,2025
202504,2638059000,사하구 장림2동,40대,2593,511,667,2025
202504,2638059000,사하구 장림2동,50대,3212,606,837,2025
202504,2638059000,사하구 장림2동,60대이상,6356,555,1323,2025
202504,2638060100,사하구 다대1동,20대,2061,318,382,2025
202504,2638060100,사하구 다대1동,20대미만,2901,109,217,2025
202504,2638060100,사하구 다대1동,30대,2348,461,433,2025
202504,2638060100,사하구 다대1동,40대,3944,684,548,2025
202504,2638060100,사하구 다대1동,50대,5183,877,803,2025
202504,2638060100,사하구 다대1동,60대이상,10524,694,1428,2025
202504,2638060200,사하구 다대2동,20대,1677,217,243,2025
202504,2638060200,사하구 다대2동,20대미만,1988,77,156,2025
202504,2638060200,사하구 다대2동,30대,1530,197,292,2025
202504,2638060200,사하구 다대2동,40대,2397,367,345,2025
202504,2638060200,사하구 다대2동,50대,3604,472,460,2025
202504,2638060200,사하구 다대2동,60대이상,8555,384,810,2025
202504,2638061000,사하구 구평동,20대,677,133,141,2025
202504,2638061000,사하구 구평동,20대미만,882,52,129,2025
202504,2638061000,사하구 구평동,30대,1407,267,264,2025
202504,2638061000,사하구 구평동,40대,1457,353,356,2025
202504,2638061000,사하구 구평동,50대,1395,456,488,2025
202504,2638061000,사하구 구평동,60대이상,2506,421,710,2025
202504,2638062000,사하구 감천1동,20대,939,154,205,2025
202504,2638062000,사하구 감천1동,20대미만,1163,411,272,2025
202504,2638062000,사하구 감천1동,30대,962,188,255,2025
202504,2638062000,사하구 감천1동,40대,1467,304,394,2025
202504,2638062000,사하구 감천1동,50대,2122,429,577,2025
202504,2638062000,사하구 감천1동,60대이상,6112,337,908,2025
202504,2638063000,사하구 감천2동,20대,197,13,38,2025
202504,2638063000,사하구 감천2동,20대미만,115,0,25,2025
202504,2638063000,사하구 감천2동,30대,196,25,41,2025
202504,2638063000,사하구 감천2동,40대,356,41,49,2025
202504,2638063000,사하구 감천2동,50대,632,59,132,2025
202504,2638063000,사하구 감천2동,60대이상,1908,54,211,2025
202504,2641051000,금정구 서1동,20대,201,18,57,2025
202504,2641051000,금정구 서1동,20대미만,108,8,36,2025
202504,2641051000,금정구 서1동,30대,208,22,68,2025
202504,2641051000,금정구 서1동,40대,322,42,106,2025
202504,2641051000,금정구 서1동,50대,520,75,157,2025
202504,2641051000,금정구 서1동,60대이상,1789,98,358,2025
202504,2641052000,금정구 서2동,20대,293,50,127,2025
202504,2641052000,금정구 서2동,20대미만,179,59,99,2025
202504,2641052000,금정구 서2동,30대,491,49,175,2025
202504,2641052000,금정구 서2동,40대,477,84,216,2025
202504,2641052000,금정구 서2동,50대,773,146,365,2025
202504,2641052000,금정구 서2동,60대이상,2114,191,686,2025
202504,2641053000,금정구 서3동,20대,487,61,119,2025
202504,2641053000,금정구 서3동,20대미만,236,50,109,2025
202504,2641053000,금정구 서3동,30대,564,87,154,2025
202504,2641053000,금정구 서3동,40대,610,106,174,2025
202504,2641053000,금정구 서3동,50대,1261,198,311,2025
202504,2641053000,금정구 서3동,60대이상,3690,225,718,2025
202504,2641055500,금정구 금사회동동,20대,279,264,222,2025
202504,2641055500,금정구 금사회동동,20대미만,242,67,106,2025
202504,2641055500,금정구 금사회동동,30대,356,498,439,2025
202504,2641055500,금정구 금사회동동,40대,494,588,512,2025
202504,2641055500,금정구 금사회동동,50대,749,705,818,2025
202504,2641055500,금정구 금사회동동,60대이상,2538,628,1211,2025
202504,2641057000,금정구 부곡1동,20대,350,39,90,2025
202504,2641057000,금정구 부곡1동,20대미만,317,173,117,2025
202504,2641057000,금정구 부곡1동,30대,395,41,85,2025
202504,2641057000,금정구 부곡1동,40대,590,69,151,2025
202504,2641057000,금정구 부곡1동,50대,776,104,175,2025
202504,2641057000,금정구 부곡1동,60대이상,2756,100,365,2025
202504,2641058000,금정구 부곡2동,20대,1460,305,370,2025
202504,2641058000,금정구 부곡2동,20대미만,1274,492,292,2025
202504,2641058000,금정구 부곡2동,30대,1103,271,494,2025
202504,2641058000,금정구 부곡2동,40대,1485,340,499,2025
202504,2641058000,금정구 부곡2동,50대,1990,353,624,2025
202504,2641058000,금정구 부곡2동,60대이상,4407,293,1103,2025
202504,2641059000,금정구 부곡3동,20대,1228,428,367,2025
202504,2641059000,금정구 부곡3동,20대미만,1046,665,272,2025
202504,2641059000,금정구 부곡3동,30대,1106,330,385,2025
202504,2641059000,금정구 부곡3동,40대,1301,318,461,2025
202504,2641059000,금정구 부곡3동,50대,1700,337,595,2025
202504,2641059000,금정구 부곡3동,60대이상,3939,261,935,2025
202504,2641059100,금정구 부곡4동,20대,508,56,213,2025
202504,2641059100,금정구 부곡4동,20대미만,408,15,214,2025
202504,2641059100,금정구 부곡4동,30대,714,76,229,2025
202504,2641059100,금정구 부곡4동,40대,743,103,281,2025
202504,2641059100,금정구 부곡4동,50대,1153,132,379,2025
202504,2641059100,금정구 부곡4동,60대이상,3071,155,841,2025
202504,2641060000,금정구 장전1동,20대,4274,576,849,2025
202504,2641060000,금정구 장전1동,20대미만,1007,153,353,2025
202504,2641060000,금정구 장전1동,30대,1273,195,433,2025
202504,2641060000,금정구 장전1동,40대,1277,238,437,2025
202504,2641060000,금정구 장전1동,50대,1404,264,528,2025
202504,2641060000,금정구 장전1동,60대이상,3332,204,801,2025
202504,2641061000,금정구 장전2동,20대,1972,2531,2324,2025
202504,2641061000,금정구 장전2동,20대미만,2340,611,1054,2025
202504,2641061000,금정구 장전2동,30대,2173,760,1084,2025
202504,2641061000,금정구 장전2동,40대,3052,768,1174,2025
202504,2641061000,금정구 장전2동,50대,2605,704,1120,2025
202504,2641061000,금정구 장전2동,60대이상,5659,481,1745,2025
202504,2641063500,금정구 선두구동,20대,63,34,166,2025
202504,2641063500,금정구 선두구동,20대미만,57,0,68,2025
202504,2641063500,금정구 선두구동,30대,66,59,188,2025
202504,2641063500,금정구 선두구동,40대,94,84,284,2025
202504,2641063500,금정구 선두구동,50대,189,136,402,2025
202504,2641063500,금정구 선두구동,60대이상,832,138,609,2025
202504,2641066500,금정구 청룡노포동,20대,471,122,247,2025
202504,2641066500,금정구 청룡노포동,20대미만,476,54,115,2025
202504,2641066500,금정구 청룡노포동,30대,470,131,321,2025
202504,2641066500,금정구 청룡노포동,40대,570,163,417,2025
202504,2641066500,금정구 청룡노포동,50대,980,226,738,2025
202504,2641066500,금정구 청룡노포동,60대이상,3168,270,1527,2025
202504,2641067000,금정구 남산동,20대,1994,560,590,2025
202504,2641067000,금정구 남산동,20대미만,1293,167,408,2025
202504,2641067000,금정구 남산동,30대,1417,252,496,2025
202504,2641067000,금정구 남산동,40대,1654,324,589,2025
202504,2641067000,금정구 남산동,50대,2826,478,955,2025
202504,2641067000,금정구 남산동,60대이상,7329,403,1713,2025
202504,2641068000,금정구 구서1동,20대,797,152,356,2025
202504,2641068000,금정구 구서1동,20대미만,958,408,321,2025
202504,2641068000,금정구 구서1동,30대,1066,221,388,2025
202504,2641068000,금정구 구서1동,40대,1244,272,538,2025
202504,2641068000,금정구 구서1동,50대,1531,287,597,2025
202504,2641068000,금정구 구서1동,60대이상,3299,251,861,2025
202504,2641069000,금정구 구서2동,20대,1322,181,1029,2025
202504,2641069000,금정구 구서2동,20대미만,1772,155,638,2025
202504,2641069000,금정구 구서2동,30대,2142,217,955,2025
202504,2641069000,금정구 구서2동,40대,2543,319,993,2025
202504,2641069000,금정구 구서2동,50대,3611,423,1569,2025
202504,2641069000,금정구 구서2동,60대이상,7507,448,3173,2025
202504,2641070000,금정구 금성동,20대,39,14,41,2025
202504,2641070000,금정구 금성동,20대미만,72,6,94,2025
202504,2641070000,금정구 금성동,30대,27,16,63,2025
202504,2641070000,금정구 금성동,40대,78,14,110,2025
202504,2641070000,금정구 금성동,50대,84,37,173,2025
202504,2641070000,금정구 금성동,60대이상,331,37,280,2025
202504,2644051000,강서구 대저1동,20대,523,365,433,2025
202504,2644051000,강서구 대저1동,20대미만,193,130,134,2025
202504,2644051000,강서구 대저1동,30대,341,596,531,2025
202504,2644051000,강서구 대저1동,40대,397,711,719,2025
202504,2644051000,강서구 대저1동,50대,675,864,986,2025
202504,2644051000,강서구 대저1동,60대이상,2696,693,1526,2025
202504,2644052000,강서구 대저2동,20대,772,646,2512,2025
202504,2644052000,강서구 대저2동,20대미만,541,103,595,2025
202504,2644052000,강서구 대저2동,30대,824,1092,3318,2025
202504,2644052000,강서구 대저2동,40대,537,1019,2908,2025
202504,2644052000,강서구 대저2동,50대,623,1382,3531,2025
202504,2644052000,강서구 대저2동,60대이상,2184,971,3989,2025
202504,2644053000,강서구 강동동,20대,84,65,114,2025
202504,2644053000,강서구 강동동,20대미만,119,21,53,2025
202504,2644053000,강서구 강동동,30대,220,144,212,2025
202504,2644053000,강서구 강동동,40대,284,201,297,2025
202504,2644053000,강서구 강동동,50대,263,274,455,2025
202504,2644053000,강서구 강동동,60대이상,1517,300,676,2025
202504,2644053500,강서구 명지1동,20대,2430,600,768,2025
202504,2644053500,강서구 명지1동,20대미만,7331,266,443,2025
202504,2644053500,강서구 명지1동,30대,7717,1231,1371,2025
202504,2644053500,강서구 명지1동,40대,9291,1541,1390,2025
202504,2644053500,강서구 명지1동,50대,3797,901,1246,2025
202504,2644053500,강서구 명지1동,60대이상,6204,574,1499,2025
202504,2644054500,강서구 명지2동,20대,1325,282,347,2025
202504,2644054500,강서구 명지2동,20대미만,4509,153,262,2025
202504,2644054500,강서구 명지2동,30대,2451,492,519,2025
202504,2644054500,강서구 명지2동,40대,5089,799,648,2025
202504,2644054500,강서구 명지2동,50대,2993,467,503,2025
202504,2644054500,강서구 명지2동,60대이상,3568,221,587,2025
202504,2644055000,강서구 가락동,20대,39,61,78,2025
202504,2644055000,강서구 가락동,20대미만,119,11,46,2025
202504,2644055000,강서구 가락동,30대,91,120,155,2025
202504,2644055000,강서구 가락동,40대,127,165,194,2025
202504,2644055000,강서구 가락동,50대,220,244,299,2025
202504,2644055000,강서구 가락동,60대이상,1060,245,505,2025
202504,2644056000,강서구 녹산동,20대,945,1376,1077,2025
202504,2644056000,강서구 녹산동,20대미만,1882,61,250,2025
202504,2644056000,강서구 녹산동,30대,2214,3084,2015,2025
202504,2644056000,강서구 녹산동,40대,2700,3922,2603,2025
202504,2644056000,강서구 녹산동,50대,1718,3297,2648,2025
202504,2644056000,강서구 녹산동,60대이상,3325,2070,2598,2025
202504,2644058000,강서구 가덕도동,20대,193,75,270,2025
202504,2644058000,강서구 가덕도동,20대미만,119,35,55,2025
202504,2644058000,강서구 가덕도동,30대,261,130,528,2025
202504,2644058000,강서구 가덕도동,40대,309,178,889,2025
202504,2644058000,강서구 가덕도동,50대,411,179,892,2025
202504,2644058000,강서구 가덕도동,60대이상,1609,124,853,2025
202504,2644059000, ,20대,670,153,213,2025
202504,2644059000, ,20대미만,1050,58,182,2025
202504,2644059000, ,30대,1008,223,348,2025
202504,2644059000, ,40대,1338,346,524,2025
202504,2644059000, ,50대,1130,340,448,2025
202504,2644059000, ,60대이상,1846,165,478,2025
202504,2647061000,연제구 거제1동,20대,1805,657,592,2025
202504,2647061000,연제구 거제1동,20대미만,2113,504,706,2025
202504,2647061000,연제구 거제1동,30대,1737,767,710,2025
202504,2647061000,연제구 거제1동,40대,2754,975,940,2025
202504,2647061000,연제구 거제1동,50대,2647,1003,1088,2025
202504,2647061000,연제구 거제1동,60대이상,5678,742,1575,2025
202504,2647062000,연제구 거제2동,20대,1388,198,370,2025
202504,2647062000,연제구 거제2동,20대미만,2490,128,431,2025
202504,2647062000,연제구 거제2동,30대,2205,265,501,2025
202504,2647062000,연제구 거제2동,40대,3226,435,669,2025
202504,2647062000,연제구 거제2동,50대,2562,474,769,2025
202504,2647062000,연제구 거제2동,60대이상,3563,329,1346,2025
202504,2647063000,연제구 거제3동,20대,578,108,747,2025
202504,2647063000,연제구 거제3동,20대미만,367,9,283,2025
202504,2647063000,연제구 거제3동,30대,604,131,1042,2025
202504,2647063000,연제구 거제3동,40대,646,163,1039,2025
202504,2647063000,연제구 거제3동,50대,1085,203,1111,2025
202504,2647063000,연제구 거제3동,60대이상,2396,174,1228,2025
202504,2647064000,연제구 거제4동,20대,614,40,230,2025
202504,2647064000,연제구 거제4동,20대미만,863,113,241,2025
202504,2647064000,연제구 거제4동,30대,565,67,395,2025
202504,2647064000,연제구 거제4동,40대,856,86,386,2025
202504,2647064000,연제구 거제4동,50대,1174,130,374,2025
202504,2647064000,연제구 거제4동,60대이상,2643,122,594,2025
202504,2647065000,연제구 연산1동,20대,790,153,358,2025
202504,2647065000,연제구 연산1동,20대미만,1039,138,314,2025
202504,2647065000,연제구 연산1동,30대,1151,230,415,2025
202504,2647065000,연제구 연산1동,40대,1430,265,493,2025
202504,2647065000,연제구 연산1동,50대,1464,308,608,2025
202504,2647065000,연제구 연산1동,60대이상,3700,283,1081,2025
202504,2647066000,연제구 연산2동,20대,1468,223,880,2025
202504,2647066000,연제구 연산2동,20대미만,1142,202,783,2025
202504,2647066000,연제구 연산2동,30대,2731,511,1698,2025
202504,2647066000,연제구 연산2동,40대,2128,514,1510,2025
202504,2647066000,연제구 연산2동,50대,2068,507,1402,2025
202504,2647066000,연제구 연산2동,60대이상,4693,339,2594,2025
202504,2647067000,연제구 연산3동,20대,236,12,57,2025
202504,2647067000,연제구 연산3동,20대미만,174,57,62,2025
202504,2647067000,연제구 연산3동,30대,367,21,85,2025
202504,2647067000,연제구 연산3동,40대,509,27,91,2025
202504,2647067000,연제구 연산3동,50대,546,63,96,2025
202504,2647067000,연제구 연산3동,60대이상,1708,57,230,2025
202504,2647068000,연제구 연산4동,20대,1000,233,916,2025
202504,2647068000,연제구 연산4동,20대미만,700,15,242,2025
202504,2647068000,연제구 연산4동,30대,1389,282,975,2025
202504,2647068000,연제구 연산4동,40대,1562,327,960,2025
202504,2647068000,연제구 연산4동,50대,1803,428,1154,2025
202504,2647068000,연제구 연산4동,60대이상,5082,374,2410,2025
202504,2647069000,연제구 연산5동,20대,1564,341,742,2025
202504,2647069000,연제구 연산5동,20대미만,438,27,141,2025
202504,2647069000,연제구 연산5동,30대,1848,517,820,2025
202504,2647069000,연제구 연산5동,40대,1168,538,675,2025
202504,2647069000,연제구 연산5동,50대,1249,605,886,2025
202504,2647069000,연제구 연산5동,60대이상,2843,556,1445,2025
202504,2647070000,연제구 연산6동,20대,758,90,428,2025
202504,2647070000,연제구 연산6동,20대미만,752,194,278,2025
202504,2647070000,연제구 연산6동,30대,1079,125,567,2025
202504,2647070000,연제구 연산6동,40대,1205,167,637,2025
202504,2647070000,연제구 연산6동,50대,1423,204,778,2025
202504,2647070000,연제구 연산6동,60대이상,4348,220,1818,2025
202504,2647072000,연제구 연산8동,20대,410,68,316,2025
202504,2647072000,연제구 연산8동,20대미만,638,126,347,2025
202504,2647072000,연제구 연산8동,30대,852,104,360,2025
202504,2647072000,연제구 연산8동,40대,861,117,477,2025
202504,2647072000,연제구 연산8동,50대,1137,161,558,2025
202504,2647072000,연제구 연산8동,60대이상,2538,157,1251,2025
202504,2647073000,연제구 연산9동,20대,2122,272,494,2025
202504,2647073000,연제구 연산9동,20대미만,2248,279,443,2025
202504,2647073000,연제구 연산9동,30대,2432,339,720,2025
202504,2647073000,연제구 연산9동,40대,3136,531,750,2025
202504,2647073000,연제구 연산9동,50대,3984,609,1013,2025
202504,2647073000,연제구 연산9동,60대이상,9084,483,1507,2025
202504,2650066000,수영구 남천1동,20대,1111,365,695,2025
202504,2650066000,수영구 남천1동,20대미만,1340,209,700,2025
202504,2650066000,수영구 남천1동,30대,1352,482,800,2025
202504,2650066000,수영구 남천1동,40대,1486,498,938,2025
202504,2650066000,수영구 남천1동,50대,1768,526,1082,2025
202504,2650066000,수영구 남천1동,60대이상,3580,445,1806,2025
202504,2650067000,수영구 남천2동,20대,467,63,448,2025
202504,2650067000,수영구 남천2동,20대미만,472,40,155,2025
202504,2650067000,수영구 남천2동,30대,744,81,428,2025
202504,2650067000,수영구 남천2동,40대,791,117,398,2025
202504,2650067000,수영구 남천2동,50대,1242,117,405,2025
202504,2650067000,수영구 남천2동,60대이상,2596,119,675,2025
202504,2650073000,수영구 수영동,20대,944,174,388,2025
202504,2650073000,수영구 수영동,20대미만,511,71,202,2025
202504,2650073000,수영구 수영동,30대,1080,204,453,2025
202504,2650073000,수영구 수영동,40대,1059,190,432,2025
202504,2650073000,수영구 수영동,50대,1430,267,590,2025
202504,2650073000,수영구 수영동,60대이상,5030,303,1217,2025
202504,2650074000,수영구 망미1동,20대,1440,180,396,2025
202504,2650074000,수영구 망미1동,20대미만,1667,107,260,2025
202504,2650074000,수영구 망미1동,30대,1884,224,475,2025
202504,2650074000,수영구 망미1동,40대,2494,309,480,2025
202504,2650074000,수영구 망미1동,50대,2691,348,580,2025
202504,2650074000,수영구 망미1동,60대이상,8624,409,1161,2025
202504,2650075000,수영구 망미2동,20대,522,65,233,2025
202504,2650075000,수영구 망미2동,20대미만,455,37,172,2025
202504,2650075000,수영구 망미2동,30대,619,88,301,2025
202504,2650075000,수영구 망미2동,40대,804,110,382,2025
202504,2650075000,수영구 망미2동,50대,1038,125,416,2025
202504,2650075000,수영구 망미2동,60대이상,2509,98,835,2025
202504,2650076000,수영구 광안1동,20대,1860,169,572,2025
202504,2650076000,수영구 광안1동,20대미만,778,44,182,2025
202504,2650076000,수영구 광안1동,30대,2055,217,457,2025
202504,2650076000,수영구 광안1동,40대,1387,208,413,2025
202504,2650076000,수영구 광안1동,50대,1403,227,465,2025
202504,2650076000,수영구 광안1동,60대이상,3788,211,1000,2025
202504,2650077000,수영구 광안2동,20대,1451,302,1644,2025
202504,2650077000,수영구 광안2동,20대미만,878,184,356,2025
202504,2650077000,수영구 광안2동,30대,1601,380,1258,2025
202504,2650077000,수영구 광안2동,40대,1599,293,866,2025
202504,2650077000,수영구 광안2동,50대,1666,314,838,2025
202504,2650077000,수영구 광안2동,60대이상,3979,314,1383,2025
202504,2650078000,수영구 광안3동,20대,1122,168,702,2025
202504,2650078000,수영구 광안3동,20대미만,274,26,249,2025
202504,2650078000,수영구 광안3동,30대,1056,174,615,2025
202504,2650078000,수영구 광안3동,40대,751,213,547,2025
202504,2650078000,수영구 광안3동,50대,798,232,663,2025
202504,2650078000,수영구 광안3동,60대이상,2504,228,1332,2025
202504,2650079000,수영구 광안4동,20대,897,100,601,2025
202504,2650079000,수영구 광안4동,20대미만,699,211,452,2025
202504,2650079000,수영구 광안4동,30대,1055,128,714,2025
202504,2650079000,수영구 광안4동,40대,1264,152,705,2025
202504,2650079000,수영구 광안4동,50대,1290,150,768,2025
202504,2650079000,수영구 광안4동,60대이상,3158,146,1415,2025
202504,2650080000,수영구 민락동,20대,1850,342,1867,2025
202504,2650080000,수영구 민락동,20대미만,1380,28,474,2025
202504,2650080000,수영구 민락동,30대,2624,354,1538,2025
202504,2650080000,수영구 민락동,40대,2637,373,1174,2025
202504,2650080000,수영구 민락동,50대,3204,451,1227,2025
202504,2650080000,수영구 민락동,60대이상,6938,441,1839,2025
202504,2653058000,사상구 삼락동,20대,224,152,273,2025
202504,2653058000,사상구 삼락동,20대미만,161,65,193,2025
202504,2653058000,사상구 삼락동,30대,278,286,384,2025
202504,2653058000,사상구 삼락동,40대,303,371,505,2025
202504,2653058000,사상구 삼락동,50대,625,603,764,2025
202504,2653058000,사상구 삼락동,60대이상,1542,523,1270,2025
202504,2653059100,사상구 모라1동,20대,1645,290,364,2025
202504,2653059100,사상구 모라1동,20대미만,1176,93,196,2025
202504,2653059100,사상구 모라1동,30대,1986,489,486,2025
202504,2653059100,사상구 모라1동,40대,1788,502,504,2025
202504,2653059100,사상구 모라1동,50대,3142,791,815,2025
202504,2653059100,사상구 모라1동,60대이상,8024,793,1396,2025
202504,2653059300,사상구 모라3동,20대,335,61,165,2025
202504,2653059300,사상구 모라3동,20대미만,299,57,73,2025
202504,2653059300,사상구 모라3동,30대,404,42,83,2025
202504,2653059300,사상구 모라3동,40대,625,75,142,2025
202504,2653059300,사상구 모라3동,50대,1198,137,233,2025
202504,2653059300,사상구 모라3동,60대이상,4499,170,525,2025
202504,2653060000,사상구 덕포1동,20대,611,72,225,2025
202504,2653060000,사상구 덕포1동,20대미만,696,122,126,2025
202504,2653060000,사상구 덕포1동,30대,1079,106,234,2025
202504,2653060000,사상구 덕포1동,40대,977,124,223,2025
202504,2653060000,사상구 덕포1동,50대,1111,202,323,2025
202504,2653060000,사상구 덕포1동,60대이상,2506,185,593,2025
202504,2653061000,사상구 덕포2동,20대,780,192,365,2025
202504,2653061000,사상구 덕포2동,20대미만,826,136,232,2025
202504,2653061000,사상구 덕포2동,30대,844,217,373,2025
202504,2653061000,사상구 덕포2동,40대,987,324,383,2025
202504,2653061000,사상구 덕포2동,50대,1476,437,536,2025
202504,2653061000,사상구 덕포2동,60대이상,3614,386,848,2025
202504,2653062000,사상구 괘법동,20대,2941,960,1622,2025
202504,2653062000,사상구 괘법동,20대미만,783,219,488,2025
202504,2653062000,사상구 괘법동,30대,2824,561,1198,2025
202504,2653062000,사상구 괘법동,40대,1842,667,1052,2025
202504,2653062000,사상구 괘법동,50대,2725,849,1460,2025
202504,2653062000,사상구 괘법동,60대이상,5204,755,2333,2025
202504,2653064500,사상구 감전동,20대,588,430,458,2025
202504,2653064500,사상구 감전동,20대미만,292,35,136,2025
202504,2653064500,사상구 감전동,30대,771,761,592,2025
202504,2653064500,사상구 감전동,40대,763,805,648,2025
202504,2653064500,사상구 감전동,50대,1275,960,956,2025
202504,2653064500,사상구 감전동,60대이상,3499,878,1287,2025
202504,2653065000,사상구 주례1동,20대,1113,220,343,2025
202504,2653065000,사상구 주례1동,20대미만,1215,30,115,2025
202504,2653065000,사상구 주례1동,30대,1501,310,376,2025
202504,2653065000,사상구 주례1동,40대,1543,345,365,2025
202504,2653065000,사상구 주례1동,50대,2041,460,556,2025
202504,2653065000,사상구 주례1동,60대이상,4266,391,1224,2025
202504,2653066000,사상구 주례2동,20대,2546,1046,933,2025
202504,2653066000,사상구 주례2동,20대미만,1711,503,433,2025
202504,2653066000,사상구 주례2동,30대,1719,318,508,2025
202504,2653066000,사상구 주례2동,40대,1982,339,521,2025
202504,2653066000,사상구 주례2동,50대,2318,394,731,2025
202504,2653066000,사상구 주례2동,60대이상,5080,350,1356,2025
202504,2653066100,사상구 주례3동,20대,408,65,149,2025
202504,2653066100,사상구 주례3동,20대미만,366,50,82,2025
202504,2653066100,사상구 주례3동,30대,349,93,177,2025
202504,2653066100,사상구 주례3동,40대,535,114,176,2025
202504,2653066100,사상구 주례3동,50대,782,121,242,2025
202504,2653066100,사상구 주례3동,60대이상,1851,119,364,2025
202504,2653067000,사상구 학장동,20대,962,308,466,2025
202504,2653067000,사상구 학장동,20대미만,1008,167,361,2025
202504,2653067000,사상구 학장동,30대,1059,453,631,2025
202504,2653067000,사상구 학장동,40대,1668,553,836,2025
202504,2653067000,사상구 학장동,50대,2080,760,1153,2025
202504,2653067000,사상구 학장동,60대이상,5065,625,2107,2025
202504,2653068000,사상구 엄궁동,20대,1523,249,255,2025
202504,2653068000,사상구 엄궁동,20대미만,2348,19,98,2025
202504,2653068000,사상구 엄궁동,30대,1763,303,411,2025
202504,2653068000,사상구 엄궁동,40대,2448,502,457,2025
202504,2653068000,사상구 엄궁동,50대,3341,587,703,2025
202504,2653068000,사상구 엄궁동,60대이상,5761,406,977,2025
202504,2671025000,기장군 기장읍,20대,3659,920,1422,2025
202504,2671025000,기장군 기장읍,20대미만,3713,137,802,2025
202504,2671025000,기장군 기장읍,30대,4236,1137,2272,2025
202504,2671025000,기장군 기장읍,40대,5422,1299,2298,2025
202504,2671025000,기장군 기장읍,50대,7206,1653,2654,2025
202504,2671025000,기장군 기장읍,60대이상,16782,1091,3778,2025
202504,2671025300,기장군 장안읍,20대,504,570,620,2025
202504,2671025300,기장군 장안읍,20대미만,371,260,331,2025
202504,2671025300,기장군 장안읍,30대,650,1064,994,2025
202504,2671025300,기장군 장안읍,40대,682,1234,1337,2025
202504,2671025300,기장군 장안읍,50대,1028,1085,1432,2025
202504,2671025300,기장군 장안읍,60대이상,3032,624,1806,2025
202504,2671025600,기장군 정관읍,20대,4393,952,769,2025
202504,2671025600,기장군 정관읍,20대미만,13940,94,331,2025
202504,2671025600,기장군 정관읍,30대,6570,1236,920,2025
202504,2671025600,기장군 정관읍,40대,13874,2375,1227,2025
202504,2671025600,기장군 정관읍,50대,8777,1836,1375,2025
202504,2671025600,기장군 정관읍,60대이상,13304,953,1674,2025
202504,2671025900,기장군 일광읍,20대,1771,309,589,2025
202504,2671025900,기장군 일광읍,20대미만,2452,56,222,2025
202504,2671025900,기장군 일광읍,30대,3532,497,768,2025
202504,2671025900,기장군 일광읍,40대,3862,612,890,2025
202504,2671025900,기장군 일광읍,50대,3076,518,1141,2025
202504,2671025900,기장군 일광읍,60대이상,5530,404,1640,2025
202504,2671033000,기장군 철마면,20대,155,51,81,2025
202504,2671033000,기장군 철마면,20대미만,176,12,49,2025
202504,2671033000,기장군 철마면,30대,238,92,158,2025
202504,2671033000,기장군 철마면,40대,419,152,253,2025
202504,2671033000,기장군 철마면,50대,633,273,503,2025
202504,2671033000,기장군 철마면,60대이상,3185,275,1080,2025
202503,2611051000,중구 중앙동,20대,516,752,1125,2025
202503,2611051000,중구 중앙동,20대미만,252,40,346,2025
202503,2611051000,중구 중앙동,30대,568,1191,1149,2025
202503,2611051000,중구 중앙동,40대,655,1060,1037,2025
202503,2611051000,중구 중앙동,50대,781,1076,1145,2025
202503,2611051000,중구 중앙동,60대이상,1818,629,1549,2025
202503,2611052000,중구 동광동,20대,110,52,158,2025
202503,2611052000,중구 동광동,20대미만,35,0,67,2025
202503,2611052000,중구 동광동,30대,134,67,145,2025
202503,2611052000,중구 동광동,40대,164,93,168,2025
202503,2611052000,중구 동광동,50대,268,99,199,2025
202503,2611052000,중구 동광동,60대이상,1000,76,397,2025
202503,2611053000,중구 대청동,20대,486,140,352,2025
202503,2611053000,중구 대청동,20대미만,221,23,170,2025
202503,2611053000,중구 대청동,30대,359,224,268,2025
202503,2611053000,중구 대청동,40대,479,196,261,2025
202503,2611053000,중구 대청동,50대,674,192,337,2025
202503,2611053000,중구 대청동,60대이상,1996,186,662,2025
202503,2611054500,중구 보수동,20대,853,69,323,2025
202503,2611054500,중구 보수동,20대미만,288,10,258,2025
202503,2611054500,중구 보수동,30대,497,71,166,2025
202503,2611054500,중구 보수동,40대,521,73,182,2025
202503,2611054500,중구 보수동,50대,1101,141,235,2025
202503,2611054500,중구 보수동,60대이상,2150,135,520,2025
202503,2611056000,중구 부평동,20대,256,113,907,2025
202503,2611056000,중구 부평동,20대미만,145,7,263,2025
202503,2611056000,중구 부평동,30대,236,173,693,2025
202503,2611056000,중구 부평동,40대,313,196,703,2025
202503,2611056000,중구 부평동,50대,497,240,960,2025
202503,2611056000,중구 부평동,60대이상,1484,302,1775,2025
202503,2611057000,중구 광복동,20대,44,84,262,2025
202503,2611057000,중구 광복동,20대미만,18,11,131,2025
202503,2611057000,중구 광복동,30대,38,73,195,2025
202503,2611057000,중구 광복동,40대,71,85,221,2025
202503,2611057000,중구 광복동,50대,73,121,274,2025
202503,2611057000,중구 광복동,60대이상,306,264,470,2025
202503,2611058000,중구 남포동,20대,107,232,845,2025
202503,2611058000,중구 남포동,20대미만,40,21,332,2025
202503,2611058000,중구 남포동,30대,166,333,762,2025
202503,2611058000,중구 남포동,40대,206,310,830,2025
202503,2611058000,중구 남포동,50대,305,448,1238,2025
202503,2611058000,중구 남포동,60대이상,831,777,2988,2025
202503,2611059000,중구 영주1동,20대,47,16,82,2025
202503,2611059000,중구 영주1동,20대미만,11,0,14,2025
202503,2611059000,중구 영주1동,30대,33,24,52,2025
202503,2611059000,중구 영주1동,40대,37,22,51,2025
202503,2611059000,중구 영주1동,50대,48,17,71,2025
202503,2611059000,중구 영주1동,60대이상,133,19,102,2025
202503,2611060000,중구 영주2동,20대,351,39,144,2025
202503,2611060000,중구 영주2동,20대미만,257,4,96,2025
202503,2611060000,중구 영주2동,30대,341,43,121,2025
202503,2611060000,중구 영주2동,40대,498,56,123,2025
202503,2611060000,중구 영주2동,50대,842,94,185,2025
202503,2611060000,중구 영주2동,60대이상,2639,69,529,2025
202503,2614051000,서구 동대신1동,20대,332,29,233,2025
202503,2614051000,서구 동대신1동,20대미만,218,7,179,2025
202503,2614051000,서구 동대신1동,30대,349,42,128,2025
202503,2614051000,서구 동대신1동,40대,441,39,173,2025
202503,2614051000,서구 동대신1동,50대,560,60,233,2025
202503,2614051000,서구 동대신1동,60대이상,1465,61,396,2025
202503,2614052000,서구 동대신2동,20대,141,7,59,2025
202503,2614052000,서구 동대신2동,20대미만,104,2,70,2025
202503,2614052000,서구 동대신2동,30대,148,7,40,2025
202503,2614052000,서구 동대신2동,40대,303,25,58,2025
202503,2614052000,서구 동대신2동,50대,371,38,76,2025
202503,2614052000,서구 동대신2동,60대이상,1371,37,187,2025
202503,2614053000,서구 동대신3동,20대,656,251,619,2025
202503,2614053000,서구 동대신3동,20대미만,447,117,515,2025
202503,2614053000,서구 동대신3동,30대,460,240,470,2025
202503,2614053000,서구 동대신3동,40대,574,230,541,2025
202503,2614053000,서구 동대신3동,50대,716,266,707,2025
202503,2614053000,서구 동대신3동,60대이상,2090,189,1564,2025
202503,2614054000,서구 서대신1동,20대,981,123,381,2025
202503,2614054000,서구 서대신1동,20대미만,1065,25,249,2025
202503,2614054000,서구 서대신1동,30대,1208,168,308,2025
202503,2614054000,서구 서대신1동,40대,1684,198,405,2025
202503,2614054000,서구 서대신1동,50대,1537,253,480,2025
202503,2614054000,서구 서대신1동,60대이상,3657,210,913,2025
202503,2614056000,서구 서대신3동,20대,231,30,114,2025
202503,2614056000,서구 서대신3동,20대미만,302,27,263,2025
202503,2614056000,서구 서대신3동,30대,224,66,120,2025
202503,2614056000,서구 서대신3동,40대,361,68,160,2025
202503,2614056000,서구 서대신3동,50대,416,60,211,2025
202503,2614056000,서구 서대신3동,60대이상,1068,59,369,2025
202503,2614057000,서구 서대신4동,20대,407,41,239,2025
202503,2614057000,서구 서대신4동,20대미만,529,16,239,2025
202503,2614057000,서구 서대신4동,30대,414,51,148,2025
202503,2614057000,서구 서대신4동,40대,714,69,191,2025
202503,2614057000,서구 서대신4동,50대,785,72,280,2025
202503,2614057000,서구 서대신4동,60대이상,1927,91,545,2025
202503,2614059000,서구 부민동,20대,472,82,639,2025
202503,2614059000,서구 부민동,20대미만,290,4,435,2025
202503,2614059000,서구 부민동,30대,322,50,140,2025
202503,2614059000,서구 부민동,40대,454,64,153,2025
202503,2614059000,서구 부민동,50대,498,64,199,2025
202503,2614059000,서구 부민동,60대이상,1261,56,280,2025
202503,2614061500,서구 아미동,20대,457,50,270,2025
202503,2614061500,서구 아미동,20대미만,160,3,69,2025
202503,2614061500,서구 아미동,30대,459,92,249,2025
202503,2614061500,서구 아미동,40대,390,82,215,2025
202503,2614061500,서구 아미동,50대,670,79,255,2025
202503,2614061500,서구 아미동,60대이상,2545,97,638,2025
202503,2614063000,서구 초장동,20대,166,11,129,2025
202503,2614063000,서구 초장동,20대미만,105,2,122,2025
202503,2614063000,서구 초장동,30대,174,12,57,2025
202503,2614063000,서구 초장동,40대,285,18,110,2025
202503,2614063000,서구 초장동,50대,454,35,178,2025
202503,2614063000,서구 초장동,60대이상,1688,44,328,2025
202503,2614064000,서구 충무동,20대,506,62,172,2025
202503,2614064000,서구 충무동,20대미만,255,35,161,2025
202503,2614064000,서구 충무동,30대,390,118,137,2025
202503,2614064000,서구 충무동,40대,550,136,170,2025
202503,2614064000,서구 충무동,50대,644,171,281,2025
202503,2614064000,서구 충무동,60대이상,2042,168,614,2025
202503,2614065000,서구 남부민1동,20대,131,14,54,2025
202503,2614065000,서구 남부민1동,20대미만,56,5,17,2025
202503,2614065000,서구 남부민1동,30대,85,14,52,2025
202503,2614065000,서구 남부민1동,40대,167,30,77,2025
202503,2614065000,서구 남부민1동,50대,424,48,134,2025
202503,2614065000,서구 남부민1동,60대이상,1160,60,359,2025
202503,2614066000,서구 남부민2동,20대,344,50,186,2025
202503,2614066000,서구 남부민2동,20대미만,312,8,189,2025
202503,2614066000,서구 남부민2동,30대,391,56,259,2025
202503,2614066000,서구 남부민2동,40대,557,75,282,2025
202503,2614066000,서구 남부민2동,50대,922,92,359,2025
202503,2614066000,서구 남부민2동,60대이상,3098,111,770,2025
202503,2614068000,서구 암남동,20대,1109,310,750,2025
202503,2614068000,서구 암남동,20대미만,768,27,227,2025
202503,2614068000,서구 암남동,30대,1154,408,720,2025
202503,2614068000,서구 암남동,40대,1596,510,895,2025
202503,2614068000,서구 암남동,50대,1988,602,1105,2025
202503,2614068000,서구 암남동,60대이상,5025,405,1930,2025
202503,2617051000,동구 초량1동,20대,136,138,370,2025
202503,2617051000,동구 초량1동,20대미만,109,12,84,2025
202503,2617051000,동구 초량1동,30대,156,222,346,2025
202503,2617051000,동구 초량1동,40대,206,183,335,2025
202503,2617051000,동구 초량1동,50대,321,173,391,2025
202503,2617051000,동구 초량1동,60대이상,939,119,636,2025
202503,2617052000,동구 초량2동,20대,271,103,546,2025
202503,2617052000,동구 초량2동,20대미만,199,61,370,2025
202503,2617052000,동구 초량2동,30대,253,135,455,2025
202503,2617052000,동구 초량2동,40대,365,161,433,2025
202503,2617052000,동구 초량2동,50대,632,169,579,2025
202503,2617052000,동구 초량2동,60대이상,1989,174,977,2025
202503,2617053000,동구 초량3동,20대,1006,420,1298,2025
202503,2617053000,동구 초량3동,20대미만,640,27,434,2025
202503,2617053000,동구 초량3동,30대,1571,614,1294,2025
202503,2617053000,동구 초량3동,40대,1421,533,1331,2025
202503,2617053000,동구 초량3동,50대,1241,583,1636,2025
202503,2617053000,동구 초량3동,60대이상,2147,388,2175,2025
202503,2617055000,동구 초량6동,20대,72,22,112,2025
202503,2617055000,동구 초량6동,20대미만,45,1,121,2025
202503,2617055000,동구 초량6동,30대,84,20,119,2025
202503,2617055000,동구 초량6동,40대,95,22,126,2025
202503,2617055000,동구 초량6동,50대,167,31,129,2025
202503,2617055000,동구 초량6동,60대이상,431,21,162,2025
202503,2617056000,동구 수정1동,20대,270,64,177,2025
202503,2617056000,동구 수정1동,20대미만,251,10,121,2025
202503,2617056000,동구 수정1동,30대,251,74,200,2025
202503,2617056000,동구 수정1동,40대,363,77,185,2025
202503,2617056000,동구 수정1동,50대,469,78,211,2025
202503,2617056000,동구 수정1동,60대이상,1359,72,388,2025
202503,2617057000,동구 수정2동,20대,388,69,140,2025
202503,2617057000,동구 수정2동,20대미만,354,48,180,2025
202503,2617057000,동구 수정2동,30대,633,115,157,2025
202503,2617057000,동구 수정2동,40대,604,142,192,2025
202503,2617057000,동구 수정2동,50대,886,162,293,2025
202503,2617057000,동구 수정2동,60대이상,2706,132,576,2025
202503,2617059000,동구 수정4동,20대,121,10,27,2025
202503,2617059000,동구 수정4동,20대미만,76,0,25,2025
202503,2617059000,동구 수정4동,30대,114,14,38,2025
202503,2617059000,동구 수정4동,40대,153,15,42,2025
202503,2617059000,동구 수정4동,50대,371,25,65,2025
202503,2617059000,동구 수정4동,60대이상,1331,26,151,2025
202503,2617060000,동구 수정5동,20대,263,11,38,2025
202503,2617060000,동구 수정5동,20대미만,216,13,47,2025
202503,2617060000,동구 수정5동,30대,208,32,44,2025
202503,2617060000,동구 수정5동,40대,367,32,73,2025
202503,2617060000,동구 수정5동,50대,598,44,93,2025
202503,2617060000,동구 수정5동,60대이상,2083,32,203,2025
202503,2617064500,동구 좌천동,20대,212,18,173,2025
202503,2617064500,동구 좌천동,20대미만,116,11,211,2025
202503,2617064500,동구 좌천동,30대,244,32,224,2025
202503,2617064500,동구 좌천동,40대,248,39,215,2025
202503,2617064500,동구 좌천동,50대,395,69,321,2025
202503,2617064500,동구 좌천동,60대이상,1404,64,733,2025
202503,2617065000,동구 범일1동,20대,572,50,193,2025
202503,2617065000,동구 범일1동,20대미만,298,32,124,2025
202503,2617065000,동구 범일1동,30대,620,84,262,2025
202503,2617065000,동구 범일1동,40대,748,105,195,2025
202503,2617065000,동구 범일1동,50대,1049,145,283,2025
202503,2617065000,동구 범일1동,60대이상,4003,177,627,2025
202503,2617066000,동구 범일2동,20대,545,370,567,2025
202503,2617066000,동구 범일2동,20대미만,312,13,176,2025
202503,2617066000,동구 범일2동,30대,687,687,783,2025
202503,2617066000,동구 범일2동,40대,692,865,803,2025
202503,2617066000,동구 범일2동,50대,925,988,1053,2025
202503,2617066000,동구 범일2동,60대이상,2193,842,1953,2025
202503,2617068000,동구 범일5동,20대,533,77,412,2025
202503,2617068000,동구 범일5동,20대미만,392,20,318,2025
202503,2617068000,동구 범일5동,30대,1344,129,511,2025
202503,2617068000,동구 범일5동,40대,1032,158,513,2025
202503,2617068000,동구 범일5동,50대,844,199,627,2025
202503,2617068000,동구 범일5동,60대이상,1679,306,1255,2025
202503,2620053000,영도구 남항동,20대,557,171,470,2025
202503,2620053000,영도구 남항동,20대미만,408,17,206,2025
202503,2620053000,영도구 남항동,30대,622,229,504,2025
202503,2620053000,영도구 남항동,40대,789,325,620,2025
202503,2620053000,영도구 남항동,50대,1276,440,950,2025
202503,2620053000,영도구 남항동,60대이상,4112,490,1899,2025
202503,2620054000,영도구 영선1동,20대,57,8,31,2025
202503,2620054000,영도구 영선1동,20대미만,42,6,24,2025
202503,2620054000,영도구 영선1동,30대,39,7,35,2025
202503,2620054000,영도구 영선1동,40대,113,20,62,2025
202503,2620054000,영도구 영선1동,50대,144,33,107,2025
202503,2620054000,영도구 영선1동,60대이상,464,58,211,2025
202503,2620055000,영도구 영선2동,20대,389,32,396,2025
202503,2620055000,영도구 영선2동,20대미만,352,7,261,2025
202503,2620055000,영도구 영선2동,30대,414,48,119,2025
202503,2620055000,영도구 영선2동,40대,518,54,140,2025
202503,2620055000,영도구 영선2동,50대,857,87,217,2025
202503,2620055000,영도구 영선2동,60대이상,2932,95,426,2025
202503,2620058500,영도구 신선동,20대,274,28,61,2025
202503,2620058500,영도구 신선동,20대미만,203,34,221,2025
202503,2620058500,영도구 신선동,30대,298,34,80,2025
202503,2620058500,영도구 신선동,40대,501,50,114,2025
202503,2620058500,영도구 신선동,50대,803,81,162,2025
202503,2620058500,영도구 신선동,60대이상,2979,61,332,2025
202503,2620059000,영도구 봉래1동,20대,248,26,145,2025
202503,2620059000,영도구 봉래1동,20대미만,270,7,92,2025
202503,2620059000,영도구 봉래1동,30대,288,75,200,2025
202503,2620059000,영도구 봉래1동,40대,440,99,260,2025
202503,2620059000,영도구 봉래1동,50대,568,128,360,2025
202503,2620059000,영도구 봉래1동,60대이상,1946,177,643,2025
202503,2620060500,영도구 봉래2동,20대,328,44,107,2025
202503,2620060500,영도구 봉래2동,20대미만,288,26,94,2025
202503,2620060500,영도구 봉래2동,30대,443,72,115,2025
202503,2620060500,영도구 봉래2동,40대,502,119,188,2025
202503,2620060500,영도구 봉래2동,50대,818,141,240,2025
202503,2620060500,영도구 봉래2동,60대이상,2435,136,444,2025
202503,2620063000,영도구 청학1동,20대,195,23,74,2025
202503,2620063000,영도구 청학1동,20대미만,186,12,66,2025
202503,2620063000,영도구 청학1동,30대,246,50,106,2025
202503,2620063000,영도구 청학1동,40대,413,129,190,2025
202503,2620063000,영도구 청학1동,50대,571,167,245,2025
202503,2620063000,영도구 청학1동,60대이상,1878,108,407,2025
202503,2620064000,영도구 청학2동,20대,696,113,260,2025
202503,2620064000,영도구 청학2동,20대미만,761,12,149,2025
202503,2620064000,영도구 청학2동,30대,1014,173,273,2025
202503,2620064000,영도구 청학2동,40대,1321,225,370,2025
202503,2620064000,영도구 청학2동,50대,1777,302,461,2025
202503,2620064000,영도구 청학2동,60대이상,4820,254,857,2025
202503,2620065000,영도구 동삼1동,20대,1801,273,790,2025
202503,2620065000,영도구 동삼1동,20대미만,2035,125,693,2025
202503,2620065000,영도구 동삼1동,30대,1777,312,444,2025
202503,2620065000,영도구 동삼1동,40대,2475,422,508,2025
202503,2620065000,영도구 동삼1동,50대,3410,513,733,2025
202503,2620065000,영도구 동삼1동,60대이상,9318,356,1110,2025
202503,2620066000,영도구 동삼2동,20대,500,168,1729,2025
202503,2620066000,영도구 동삼2동,20대미만,247,20,1472,2025
202503,2620066000,영도구 동삼2동,30대,327,113,459,2025
202503,2620066000,영도구 동삼2동,40대,419,144,562,2025
202503,2620066000,영도구 동삼2동,50대,536,156,648,2025
202503,2620066000,영도구 동삼2동,60대이상,1331,95,1037,2025
202503,2620067000,영도구 동삼3동,20대,355,47,219,2025
202503,2620067000,영도구 동삼3동,20대미만,333,21,259,2025
202503,2620067000,영도구 동삼3동,30대,435,75,200,2025
202503,2620067000,영도구 동삼3동,40대,624,92,262,2025
202503,2620067000,영도구 동삼3동,50대,977,140,315,2025
202503,2620067000,영도구 동삼3동,60대이상,3639,129,580,2025
202503,2623051000,부산진구 부전1동,20대,2186,659,1813,2025
202503,2623051000,부산진구 부전1동,20대미만,358,44,414,2025
202503,2623051000,부산진구 부전1동,30대,1802,844,1397,2025
202503,2623051000,부산진구 부전1동,40대,1052,733,1189,2025
202503,2623051000,부산진구 부전1동,50대,1311,891,1778,2025
202503,2623051000,부산진구 부전1동,60대이상,2816,1110,4610,2025
202503,2623052000,부산진구 부전2동,20대,1837,1659,6156,2025
202503,2623052000,부산진구 부전2동,20대미만,331,113,1587,2025
202503,2623052000,부산진구 부전2동,30대,1775,1255,3373,2025
202503,2623052000,부산진구 부전2동,40대,1233,897,2130,2025
202503,2623052000,부산진구 부전2동,50대,1141,873,1999,2025
202503,2623052000,부산진구 부전2동,60대이상,1797,652,2650,2025
202503,2623054000,부산진구 연지동,20대,634,69,224,2025
202503,2623054000,부산진구 연지동,20대미만,629,35,185,2025
202503,2623054000,부산진구 연지동,30대,908,93,258,2025
202503,2623054000,부산진구 연지동,40대,1282,175,234,2025
202503,2623054000,부산진구 연지동,50대,1431,149,274,2025
202503,2623054000,부산진구 연지동,60대이상,3929,151,544,2025
202503,2623055000,부산진구 초읍동,20대,1208,163,368,2025
202503,2623055000,부산진구 초읍동,20대미만,1688,36,356,2025
202503,2623055000,부산진구 초읍동,30대,1653,204,570,2025
202503,2623055000,부산진구 초읍동,40대,2113,286,584,2025
202503,2623055000,부산진구 초읍동,50대,2633,416,760,2025
202503,2623055000,부산진구 초읍동,60대이상,7590,338,1363,2025
202503,2623056000,부산진구 양정1동,20대,1619,339,1118,2025
202503,2623056000,부산진구 양정1동,20대미만,1151,88,916,2025
202503,2623056000,부산진구 양정1동,30대,1708,349,827,2025
202503,2623056000,부산진구 양정1동,40대,1672,352,688,2025
202503,2623056000,부산진구 양정1동,50대,2409,471,835,2025
202503,2623056000,부산진구 양정1동,60대이상,5477,414,1355,2025
202503,2623057000,부산진구 양정2동,20대,1714,194,788,2025
202503,2623057000,부산진구 양정2동,20대미만,561,75,560,2025
202503,2623057000,부산진구 양정2동,30대,1626,270,884,2025
202503,2623057000,부산진구 양정2동,40대,1137,254,700,2025
202503,2623057000,부산진구 양정2동,50대,1046,308,777,2025
202503,2623057000,부산진구 양정2동,60대이상,2194,222,1332,2025
202503,2623060000,부산진구 전포1동,20대,2655,785,2276,2025
202503,2623060000,부산진구 전포1동,20대미만,669,102,917,2025
202503,2623060000,부산진구 전포1동,30대,2626,589,1248,2025
202503,2623060000,부산진구 전포1동,40대,1466,349,659,2025
202503,2623060000,부산진구 전포1동,50대,1662,374,631,2025
202503,2623060000,부산진구 전포1동,60대이상,2776,277,684,2025
202503,2623061000,부산진구 전포2동,20대,2193,440,1680,2025
202503,2623061000,부산진구 전포2동,20대미만,989,44,477,2025
202503,2623061000,부산진구 전포2동,30대,2547,427,1171,2025
202503,2623061000,부산진구 전포2동,40대,2157,337,640,2025
202503,2623061000,부산진구 전포2동,50대,2264,409,664,2025
202503,2623061000,부산진구 전포2동,60대이상,5491,333,1093,2025
202503,2623064000,부산진구 부암1동,20대,1431,159,579,2025
202503,2623064000,부산진구 부암1동,20대미만,1194,31,217,2025
202503,2623064000,부산진구 부암1동,30대,2229,235,576,2025
202503,2623064000,부산진구 부암1동,40대,1948,279,484,2025
202503,2623064000,부산진구 부암1동,50대,2378,333,656,2025
202503,2623064000,부산진구 부암1동,60대이상,5062,266,1045,2025
202503,2623066000,부산진구 부암3동,20대,1285,88,374,2025
202503,2623066000,부산진구 부암3동,20대미만,1524,83,429,2025
202503,2623066000,부산진구 부암3동,30대,1874,130,402,2025
202503,2623066000,부산진구 부암3동,40대,1997,184,465,2025
202503,2623066000,부산진구 부암3동,50대,2644,298,696,2025
202503,2623066000,부산진구 부암3동,60대이상,5138,252,1522,2025
202503,2623067000,부산진구 당감1동,20대,1312,148,343,2025
202503,2623067000,부산진구 당감1동,20대미만,1341,59,827,2025
202503,2623067000,부산진구 당감1동,30대,1388,160,370,2025
202503,2623067000,부산진구 당감1동,40대,1742,191,430,2025
202503,2623067000,부산진구 당감1동,50대,2864,338,627,2025
202503,2623067000,부산진구 당감1동,60대이상,6256,293,1038,2025
202503,2623068000,부산진구 당감2동,20대,594,39,189,2025
202503,2623068000,부산진구 당감2동,20대미만,337,13,87,2025
202503,2623068000,부산진구 당감2동,30대,610,73,259,2025
202503,2623068000,부산진구 당감2동,40대,694,74,264,2025
202503,2623068000,부산진구 당감2동,50대,780,87,316,2025
202503,2623068000,부산진구 당감2동,60대이상,1703,87,514,2025
202503,2623070000,부산진구 당감4동,20대,511,41,181,2025
202503,2623070000,부산진구 당감4동,20대미만,584,29,161,2025
202503,2623070000,부산진구 당감4동,30대,592,55,241,2025
202503,2623070000,부산진구 당감4동,40대,799,76,268,2025
202503,2623070000,부산진구 당감4동,50대,1141,115,324,2025
202503,2623070000,부산진구 당감4동,60대이상,2472,131,565,2025
202503,2623071000,부산진구 가야1동,20대,1676,338,2605,2025
202503,2623071000,부산진구 가야1동,20대미만,1032,84,1998,2025
202503,2623071000,부산진구 가야1동,30대,1151,197,568,2025
202503,2623071000,부산진구 가야1동,40대,1445,278,623,2025
202503,2623071000,부산진구 가야1동,50대,1827,341,756,2025
202503,2623071000,부산진구 가야1동,60대이상,5073,288,1236,2025
202503,2623072000,부산진구 가야2동,20대,630,44,354,2025
202503,2623072000,부산진구 가야2동,20대미만,511,21,359,2025
202503,2623072000,부산진구 가야2동,30대,641,56,359,2025
202503,2623072000,부산진구 가야2동,40대,858,75,393,2025
202503,2623072000,부산진구 가야2동,50대,1131,160,489,2025
202503,2623072000,부산진구 가야2동,60대이상,3141,154,935,2025
202503,2623074000,부산진구 개금1동,20대,1959,161,732,2025
202503,2623074000,부산진구 개금1동,20대미만,709,33,280,2025
202503,2623074000,부산진구 개금1동,30대,1815,154,445,2025
202503,2623074000,부산진구 개금1동,40대,1429,181,424,2025
202503,2623074000,부산진구 개금1동,50대,1702,266,566,2025
202503,2623074000,부산진구 개금1동,60대이상,3689,257,966,2025
202503,2623075000,부산진구 개금2동,20대,714,123,628,2025
202503,2623075000,부산진구 개금2동,20대미만,526,17,182,2025
202503,2623075000,부산진구 개금2동,30대,541,187,407,2025
202503,2623075000,부산진구 개금2동,40대,726,154,354,2025
202503,2623075000,부산진구 개금2동,50대,1059,177,479,2025
202503,2623075000,부산진구 개금2동,60대이상,2785,125,963,2025
202503,2623076000,부산진구 개금3동,20대,1543,118,345,2025
202503,2623076000,부산진구 개금3동,20대미만,1567,57,416,2025
202503,2623076000,부산진구 개금3동,30대,1874,157,480,2025
202503,2623076000,부산진구 개금3동,40대,2065,180,391,2025
202503,2623076000,부산진구 개금3동,50대,2746,266,549,2025
202503,2623076000,부산진구 개금3동,60대이상,7881,304,974,2025
202503,2623077000,부산진구 범천1동,20대,1520,419,1106,2025
202503,2623077000,부산진구 범천1동,20대미만,385,19,315,2025
202503,2623077000,부산진구 범천1동,30대,1731,583,1126,2025
202503,2623077000,부산진구 범천1동,40대,1103,569,942,2025
202503,2623077000,부산진구 범천1동,50대,1175,662,1190,2025
202503,2623077000,부산진구 범천1동,60대이상,2638,602,2216,2025
202503,2623078000,부산진구 범천2동,20대,1281,133,459,2025
202503,2623078000,부산진구 범천2동,20대미만,690,18,134,2025
202503,2623078000,부산진구 범천2동,30대,2217,257,561,2025
202503,2623078000,부산진구 범천2동,40대,1939,229,397,2025
202503,2623078000,부산진구 범천2동,50대,2024,260,449,2025
202503,2623078000,부산진구 범천2동,60대이상,5498,272,950,2025
202503,2626051000,동래구 수민동,20대,1561,168,625,2025
202503,2626051000,동래구 수민동,20대미만,1433,37,544,2025
202503,2626051000,동래구 수민동,30대,2258,282,710,2025
202503,2626051000,동래구 수민동,40대,2227,323,903,2025
202503,2626051000,동래구 수민동,50대,2607,409,1256,2025
202503,2626051000,동래구 수민동,60대이상,8176,428,2662,2025
202503,2626052000,동래구 복산동,20대,421,40,108,2025
202503,2626052000,동래구 복산동,20대미만,318,14,133,2025
202503,2626052000,동래구 복산동,30대,387,72,119,2025
202503,2626052000,동래구 복산동,40대,575,93,165,2025
202503,2626052000,동래구 복산동,50대,933,143,235,2025
202503,2626052000,동래구 복산동,60대이상,2809,113,388,2025
202503,2626054500,동래구 명륜동,20대,1459,444,1398,2025
202503,2626054500,동래구 명륜동,20대미만,2166,126,924,2025
202503,2626054500,동래구 명륜동,30대,1886,555,1218,2025
202503,2626054500,동래구 명륜동,40대,3077,586,1320,2025
202503,2626054500,동래구 명륜동,50대,3087,769,1516,2025
202503,2626054500,동래구 명륜동,60대이상,4573,553,2707,2025
202503,2626055000,동래구 온천1동,20대,2644,321,1203,2025
202503,2626055000,동래구 온천1동,20대미만,2148,45,822,2025
202503,2626055000,동래구 온천1동,30대,3988,448,1221,2025
202503,2626055000,동래구 온천1동,40대,3636,469,1353,2025
202503,2626055000,동래구 온천1동,50대,3322,565,1538,2025
202503,2626055000,동래구 온천1동,60대이상,6023,521,2414,2025
202503,2626056000,동래구 온천2동,20대,857,184,482,2025
202503,2626056000,동래구 온천2동,20대미만,1283,76,428,2025
202503,2626056000,동래구 온천2동,30대,1225,292,500,2025
202503,2626056000,동래구 온천2동,40대,1716,314,540,2025
202503,2626056000,동래구 온천2동,50대,1520,321,710,2025
202503,2626056000,동래구 온천2동,60대이상,3714,283,1324,2025
202503,2626057000,동래구 온천3동,20대,2791,205,1315,2025
202503,2626057000,동래구 온천3동,20대미만,2126,94,1609,2025
202503,2626057000,동래구 온천3동,30대,3088,311,1921,2025
202503,2626057000,동래구 온천3동,40대,3344,375,2301,2025
202503,2626057000,동래구 온천3동,50대,4206,489,1920,2025
202503,2626057000,동래구 온천3동,60대이상,9234,478,3594,2025
202503,2626058000,동래구 사직1동,20대,592,176,601,2025
202503,2626058000,동래구 사직1동,20대미만,820,141,724,2025
202503,2626058000,동래구 사직1동,30대,883,213,696,2025
202503,2626058000,동래구 사직1동,40대,1065,199,872,2025
202503,2626058000,동래구 사직1동,50대,1017,221,944,2025
202503,2626058000,동래구 사직1동,60대이상,2350,229,1517,2025
202503,2626059000,동래구 사직2동,20대,1484,130,808,2025
202503,2626059000,동래구 사직2동,20대미만,2965,164,1151,2025
202503,2626059000,동래구 사직2동,30대,1441,135,744,2025
202503,2626059000,동래구 사직2동,40대,2738,285,1053,2025
202503,2626059000,동래구 사직2동,50대,3134,313,901,2025
202503,2626059000,동래구 사직2동,60대이상,4245,214,1247,2025
202503,2626060000,동래구 사직3동,20대,892,118,371,2025
202503,2626060000,동래구 사직3동,20대미만,1467,60,481,2025
202503,2626060000,동래구 사직3동,30대,1115,192,362,2025
202503,2626060000,동래구 사직3동,40대,2109,232,514,2025
202503,2626060000,동래구 사직3동,50대,1727,242,546,2025
202503,2626060000,동래구 사직3동,60대이상,3890,177,851,2025
202503,2626074000,동래구 안락1동,20대,693,126,457,2025
202503,2626074000,동래구 안락1동,20대미만,563,41,279,2025
202503,2626074000,동래구 안락1동,30대,842,189,517,2025
202503,2626074000,동래구 안락1동,40대,991,205,625,2025
202503,2626074000,동래구 안락1동,50대,1246,261,843,2025
202503,2626074000,동래구 안락1동,60대이상,3972,348,1931,2025
202503,2626075000,동래구 안락2동,20대,1600,199,412,2025
202503,2626075000,동래구 안락2동,20대미만,1848,71,440,2025
202503,2626075000,동래구 안락2동,30대,1924,266,559,2025
202503,2626075000,동래구 안락2동,40대,2376,344,602,2025
202503,2626075000,동래구 안락2동,50대,3146,444,674,2025
202503,2626075000,동래구 안락2동,60대이상,6807,371,1193,2025
202503,2626076100,동래구 명장1동,20대,735,74,222,2025
202503,2626076100,동래구 명장1동,20대미만,910,64,496,2025
202503,2626076100,동래구 명장1동,30대,1018,97,278,2025
202503,2626076100,동래구 명장1동,40대,1354,161,370,2025
202503,2626076100,동래구 명장1동,50대,1496,212,401,2025
202503,2626076100,동래구 명장1동,60대이상,4269,239,916,2025
202503,2626076200,동래구 명장2동,20대,406,35,104,2025
202503,2626076200,동래구 명장2동,20대미만,463,125,392,2025
202503,2626076200,동래구 명장2동,30대,566,44,155,2025
202503,2626076200,동래구 명장2동,40대,783,69,191,2025
202503,2626076200,동래구 명장2동,50대,909,107,207,2025
202503,2626076200,동래구 명장2동,60대이상,2253,114,402,2025
202503,2629051000,남구 대연1동,20대,2470,239,1762,2025
202503,2629051000,남구 대연1동,20대미만,734,20,1183,2025
202503,2629051000,남구 대연1동,30대,1155,196,811,2025
202503,2629051000,남구 대연1동,40대,1172,209,920,2025
202503,2629051000,남구 대연1동,50대,1609,299,1127,2025
202503,2629051000,남구 대연1동,60대이상,4187,238,1784,2025
202503,2629053000,남구 대연3동,20대,5284,1548,5484,2025
202503,2629053000,남구 대연3동,20대미만,3350,274,3726,2025
202503,2629053000,남구 대연3동,30대,3043,812,1402,2025
202503,2629053000,남구 대연3동,40대,4226,828,1367,2025
202503,2629053000,남구 대연3동,50대,3777,747,1515,2025
202503,2629053000,남구 대연3동,60대이상,6258,533,1789,2025
202503,2629054000,남구 대연4동,20대,715,45,228,2025
202503,2629054000,남구 대연4동,20대미만,794,31,269,2025
202503,2629054000,남구 대연4동,30대,1357,89,280,2025
202503,2629054000,남구 대연4동,40대,1380,132,315,2025
202503,2629054000,남구 대연4동,50대,1333,156,381,2025
202503,2629054000,남구 대연4동,60대이상,3200,177,796,2025
202503,2629055000,남구 대연5동,20대,1576,163,540,2025
202503,2629055000,남구 대연5동,20대미만,823,52,432,2025
202503,2629055000,남구 대연5동,30대,1136,162,318,2025
202503,2629055000,남구 대연5동,40대,1336,201,322,2025
202503,2629055000,남구 대연5동,50대,1704,254,431,2025
202503,2629055000,남구 대연5동,60대이상,3873,193,732,2025
202503,2629056000,남구 대연6동,20대,852,113,253,2025
202503,2629056000,남구 대연6동,20대미만,1379,41,379,2025
202503,2629056000,남구 대연6동,30대,1243,203,258,2025
202503,2629056000,남구 대연6동,40대,1895,241,332,2025
202503,2629056000,남구 대연6동,50대,1535,243,374,2025
202503,2629056000,남구 대연6동,60대이상,2727,118,549,2025
202503,2629057000,남구 용호1동,20대,1954,234,687,2025
202503,2629057000,남구 용호1동,20대미만,3820,92,771,2025
202503,2629057000,남구 용호1동,30대,2518,278,642,2025
202503,2629057000,남구 용호1동,40대,4211,443,735,2025
202503,2629057000,남구 용호1동,50대,5811,569,890,2025
202503,2629057000,남구 용호1동,60대이상,10640,449,1679,2025
202503,2629058000,남구 용호2동,20대,830,102,363,2025
202503,2629058000,남구 용호2동,20대미만,1505,21,177,2025
202503,2629058000,남구 용호2동,30대,1433,133,344,2025
202503,2629058000,남구 용호2동,40대,1983,188,425,2025
202503,2629058000,남구 용호2동,50대,1923,171,556,2025
202503,2629058000,남구 용호2동,60대이상,4783,176,921,2025
202503,2629059000,남구 용호3동,20대,664,69,215,2025
202503,2629059000,남구 용호3동,20대미만,595,50,556,2025
202503,2629059000,남구 용호3동,30대,592,89,250,2025
202503,2629059000,남구 용호3동,40대,829,147,327,2025
202503,2629059000,남구 용호3동,50대,1298,201,469,2025
202503,2629059000,남구 용호3동,60대이상,3960,249,756,2025
202503,2629060000,남구 용호4동,20대,410,107,288,2025
202503,2629060000,남구 용호4동,20대미만,392,25,162,2025
202503,2629060000,남구 용호4동,30대,422,72,242,2025
202503,2629060000,남구 용호4동,40대,604,95,292,2025
202503,2629060000,남구 용호4동,50대,751,129,332,2025
202503,2629060000,남구 용호4동,60대이상,2033,147,687,2025
202503,2629061000,남구 용당동,20대,506,162,634,2025
202503,2629061000,남구 용당동,20대미만,458,26,478,2025
202503,2629061000,남구 용당동,30대,461,169,325,2025
202503,2629061000,남구 용당동,40대,687,250,448,2025
202503,2629061000,남구 용당동,50대,1086,249,560,2025
202503,2629061000,남구 용당동,60대이상,2186,215,695,2025
202503,2629062000,남구 감만1동,20대,418,105,215,2025
202503,2629062000,남구 감만1동,20대미만,319,9,96,2025
202503,2629062000,남구 감만1동,30대,383,184,343,2025
202503,2629062000,남구 감만1동,40대,548,171,472,2025
202503,2629062000,남구 감만1동,50대,818,240,624,2025
202503,2629062000,남구 감만1동,60대이상,2162,257,646,2025
202503,2629063000,남구 감만2동,20대,213,18,65,2025
202503,2629063000,남구 감만2동,20대미만,213,18,93,2025
202503,2629063000,남구 감만2동,30대,231,29,86,2025
202503,2629063000,남구 감만2동,40대,332,37,137,2025
202503,2629063000,남구 감만2동,50대,662,70,167,2025
202503,2629063000,남구 감만2동,60대이상,1867,84,374,2025
202503,2629064500,남구 우암동,20대,619,77,281,2025
202503,2629064500,남구 우암동,20대미만,765,27,216,2025
202503,2629064500,남구 우암동,30대,670,139,345,2025
202503,2629064500,남구 우암동,40대,1050,157,412,2025
202503,2629064500,남구 우암동,50대,1361,229,629,2025
202503,2629064500,남구 우암동,60대이상,4637,211,1153,2025
202503,2629068000,남구 문현1동,20대,532,43,198,2025
202503,2629068000,남구 문현1동,20대미만,588,30,335,2025
202503,2629068000,남구 문현1동,30대,407,57,259,2025
202503,2629068000,남구 문현1동,40대,692,95,314,2025
202503,2629068000,남구 문현1동,50대,1048,136,372,2025
202503,2629068000,남구 문현1동,60대이상,2622,115,702,2025
202503,2629069000,남구 문현2동,20대,386,292,373,2025
202503,2629069000,남구 문현2동,20대미만,180,24,193,2025
202503,2629069000,남구 문현2동,30대,645,613,481,2025
202503,2629069000,남구 문현2동,40대,483,505,423,2025
202503,2629069000,남구 문현2동,50대,540,412,488,2025
202503,2629069000,남구 문현2동,60대이상,1712,222,718,2025
202503,2629070000,남구 문현3동,20대,540,71,706,2025
202503,2629070000,남구 문현3동,20대미만,611,41,882,2025
202503,2629070000,남구 문현3동,30대,788,102,750,2025
202503,2629070000,남구 문현3동,40대,1203,159,985,2025
202503,2629070000,남구 문현3동,50대,1051,147,1349,2025
202503,2629070000,남구 문현3동,60대이상,3104,196,2696,2025
202503,2629071000,남구 문현4동,20대,382,66,211,2025
202503,2629071000,남구 문현4동,20대미만,295,11,227,2025
202503,2629071000,남구 문현4동,30대,470,107,254,2025
202503,2629071000,남구 문현4동,40대,496,90,256,2025
202503,2629071000,남구 문현4동,50대,675,110,267,2025
202503,2629071000,남구 문현4동,60대이상,1734,111,445,2025
202503,2632051000,북구 구포1동,20대,971,97,469,2025
202503,2632051000,북구 구포1동,20대미만,539,3,146,2025
202503,2632051000,북구 구포1동,30대,1300,166,487,2025
202503,2632051000,북구 구포1동,40대,1197,206,492,2025
202503,2632051000,북구 구포1동,50대,1660,370,873,2025
202503,2632051000,북구 구포1동,60대이상,4486,470,1983,2025
202503,2632052000,북구 구포2동,20대,1609,147,360,2025
202503,2632052000,북구 구포2동,20대미만,1130,83,294,2025
202503,2632052000,북구 구포2동,30대,1805,255,358,2025
202503,2632052000,북구 구포2동,40대,1967,312,399,2025
202503,2632052000,북구 구포2동,50대,2870,402,602,2025
202503,2632052000,북구 구포2동,60대이상,7013,331,1010,2025
202503,2632052100,북구 구포3동,20대,1347,94,307,2025
202503,2632052100,북구 구포3동,20대미만,1046,45,399,2025
202503,2632052100,북구 구포3동,30대,1218,92,220,2025
202503,2632052100,북구 구포3동,40대,1593,147,233,2025
202503,2632052100,북구 구포3동,50대,2701,261,387,2025
202503,2632052100,북구 구포3동,60대이상,5895,236,659,2025
202503,2632053000,북구 금곡동,20대,2098,192,403,2025
202503,2632053000,북구 금곡동,20대미만,2002,55,404,2025
202503,2632053000,북구 금곡동,30대,2332,230,565,2025
202503,2632053000,북구 금곡동,40대,2874,302,592,2025
202503,2632053000,북구 금곡동,50대,4651,530,823,2025
202503,2632053000,북구 금곡동,60대이상,12062,418,1633,2025
202503,2632054100,북구 화명1동,20대,2730,206,901,2025
202503,2632054100,북구 화명1동,20대미만,2755,89,921,2025
202503,2632054100,북구 화명1동,30대,3216,242,1209,2025
202503,2632054100,북구 화명1동,40대,3384,292,1117,2025
202503,2632054100,북구 화명1동,50대,4933,437,1395,2025
202503,2632054100,북구 화명1동,60대이상,8047,361,2084,2025
202503,2632054200,북구 화명2동,20대,1225,129,305,2025
202503,2632054200,북구 화명2동,20대미만,1283,41,350,2025
202503,2632054200,북구 화명2동,30대,1522,133,387,2025
202503,2632054200,북구 화명2동,40대,1487,161,369,2025
202503,2632054200,북구 화명2동,50대,2224,246,537,2025
202503,2632054200,북구 화명2동,60대이상,4436,230,831,2025
202503,2632054300,북구 화명3동,20대,1963,345,841,2025
202503,2632054300,북구 화명3동,20대미만,2328,218,758,2025
202503,2632054300,북구 화명3동,30대,1642,302,801,2025
202503,2632054300,북구 화명3동,40대,2450,407,727,2025
202503,2632054300,북구 화명3동,50대,3360,531,1026,2025
202503,2632054300,북구 화명3동,60대이상,4887,293,1395,2025
202503,2632055000,북구 덕천1동,20대,931,115,588,2025
202503,2632055000,북구 덕천1동,20대미만,481,24,255,2025
202503,2632055000,북구 덕천1동,30대,1409,156,455,2025
202503,2632055000,북구 덕천1동,40대,1081,168,448,2025
202503,2632055000,북구 덕천1동,50대,1428,280,657,2025
202503,2632055000,북구 덕천1동,60대이상,4125,230,1230,2025
202503,2632056000,북구 덕천2동,20대,848,331,1070,2025
202503,2632056000,북구 덕천2동,20대미만,497,73,664,2025
202503,2632056000,북구 덕천2동,30대,858,406,1146,2025
202503,2632056000,북구 덕천2동,40대,841,398,1041,2025
202503,2632056000,북구 덕천2동,50대,1280,455,1439,2025
202503,2632056000,북구 덕천2동,60대이상,3542,393,2547,2025
202503,2632056100,북구 덕천3동,20대,384,19,74,2025
202503,2632056100,북구 덕천3동,20대미만,211,4,34,2025
202503,2632056100,북구 덕천3동,30대,342,19,92,2025
202503,2632056100,북구 덕천3동,40대,545,38,85,2025
202503,2632056100,북구 덕천3동,50대,979,75,130,2025
202503,2632056100,북구 덕천3동,60대이상,2700,51,289,2025
202503,2632057100,북구 만덕1동,20대,863,64,206,2025
202503,2632057100,북구 만덕1동,20대미만,912,19,213,2025
202503,2632057100,북구 만덕1동,30대,1871,114,376,2025
202503,2632057100,북구 만덕1동,40대,1605,126,343,2025
202503,2632057100,북구 만덕1동,50대,1530,116,350,2025
202503,2632057100,북구 만덕1동,60대이상,3708,167,794,2025
202503,2632057200,북구 만덕2동,20대,1598,121,279,2025
202503,2632057200,북구 만덕2동,20대미만,2194,97,341,2025
202503,2632057200,북구 만덕2동,30대,2261,202,392,2025
202503,2632057200,북구 만덕2동,40대,2711,262,403,2025
202503,2632057200,북구 만덕2동,50대,3024,261,512,2025
202503,2632057200,북구 만덕2동,60대이상,6853,272,1006,2025
202503,2632057300,북구 만덕3동,20대,1067,49,244,2025
202503,2632057300,북구 만덕3동,20대미만,1011,33,186,2025
202503,2632057300,북구 만덕3동,30대,1277,78,282,2025
202503,2632057300,북구 만덕3동,40대,1431,123,294,2025
202503,2632057300,북구 만덕3동,50대,1946,177,364,2025
202503,2632057300,북구 만덕3동,60대이상,5230,199,693,2025
202503,2635051000,해운대구 우1동,20대,1624,544,2169,2025
202503,2635051000,해운대구 우1동,20대미만,1839,181,1547,2025
202503,2635051000,해운대구 우1동,30대,2102,654,2109,2025
202503,2635051000,해운대구 우1동,40대,2591,611,2045,2025
202503,2635051000,해운대구 우1동,50대,2848,654,2218,2025
202503,2635051000,해운대구 우1동,60대이상,5976,636,3020,2025
202503,2635052000,해운대구 우2동,20대,1602,1564,1994,2025
202503,2635052000,해운대구 우2동,20대미만,2415,265,1571,2025
202503,2635052000,해운대구 우2동,30대,2230,2030,2527,2025
202503,2635052000,해운대구 우2동,40대,3173,1517,2310,2025
202503,2635052000,해운대구 우2동,50대,3658,1349,2058,2025
202503,2635052000,해운대구 우2동,60대이상,6405,740,2617,2025
202503,2635052500,해운대구 우3동,20대,962,145,450,2025
202503,2635052500,해운대구 우3동,20대미만,1446,62,535,2025
202503,2635052500,해운대구 우3동,30대,1366,181,639,2025
202503,2635052500,해운대구 우3동,40대,2116,303,899,2025
202503,2635052500,해운대구 우3동,50대,2555,294,887,2025
202503,2635052500,해운대구 우3동,60대이상,5458,297,1275,2025
202503,2635053000,해운대구 중1동,20대,1775,549,1598,2025
202503,2635053000,해운대구 중1동,20대미만,1766,75,853,2025
202503,2635053000,해운대구 중1동,30대,2344,619,1938,2025
202503,2635053000,해운대구 중1동,40대,3156,697,1834,2025
202503,2635053000,해운대구 중1동,50대,3460,783,1876,2025
202503,2635053000,해운대구 중1동,60대이상,5941,573,2431,2025
202503,2635054000,해운대구 중2동,20대,813,104,451,2025
202503,2635054000,해운대구 중2동,20대미만,1246,34,233,2025
202503,2635054000,해운대구 중2동,30대,1318,173,581,2025
202503,2635054000,해운대구 중2동,40대,1822,188,557,2025
202503,2635054000,해운대구 중2동,50대,1877,230,678,2025
202503,2635054000,해운대구 중2동,60대이상,3847,207,1047,2025
202503,2635055100,해운대구 좌1동,20대,1304,330,766,2025
202503,2635055100,해운대구 좌1동,20대미만,987,71,521,2025
202503,2635055100,해운대구 좌1동,30대,1325,367,764,2025
202503,2635055100,해운대구 좌1동,40대,1643,389,858,2025
202503,2635055100,해운대구 좌1동,50대,2283,454,1023,2025
202503,2635055100,해운대구 좌1동,60대이상,3277,346,1399,2025
202503,2635055200,해운대구 좌2동,20대,2423,218,514,2025
202503,2635055200,해운대구 좌2동,20대미만,2040,77,427,2025
202503,2635055200,해운대구 좌2동,30대,2995,239,507,2025
202503,2635055200,해운대구 좌2동,40대,3102,327,510,2025
202503,2635055200,해운대구 좌2동,50대,3781,372,613,2025
202503,2635055200,해운대구 좌2동,60대이상,6838,290,954,2025
202503,2635055300,해운대구 좌3동,20대,945,66,261,2025
202503,2635055300,해운대구 좌3동,20대미만,1021,79,578,2025
202503,2635055300,해운대구 좌3동,30대,1095,82,282,2025
202503,2635055300,해운대구 좌3동,40대,1315,80,337,2025
202503,2635055300,해운대구 좌3동,50대,2071,174,451,2025
202503,2635055300,해운대구 좌3동,60대이상,4348,170,750,2025
202503,2635055400,해운대구 좌4동,20대,1518,290,645,2025
202503,2635055400,해운대구 좌4동,20대미만,2416,122,716,2025
202503,2635055400,해운대구 좌4동,30대,1607,306,631,2025
202503,2635055400,해운대구 좌4동,40대,2357,412,732,2025
202503,2635055400,해운대구 좌4동,50대,2913,425,927,2025
202503,2635055400,해운대구 좌4동,60대이상,4784,320,1637,2025
202503,2635056000,해운대구 송정동,20대,489,254,1150,2025
202503,2635056000,해운대구 송정동,20대미만,519,23,781,2025
202503,2635056000,해운대구 송정동,30대,720,301,1136,2025
202503,2635056000,해운대구 송정동,40대,813,247,1174,2025
202503,2635056000,해운대구 송정동,50대,1073,366,1187,2025
202503,2635056000,해운대구 송정동,60대이상,3190,296,1559,2025
202503,2635057000,해운대구 반여1동,20대,2474,290,469,2025
202503,2635057000,해운대구 반여1동,20대미만,3758,76,487,2025
202503,2635057000,해운대구 반여1동,30대,2820,373,669,2025
202503,2635057000,해운대구 반여1동,40대,4067,479,762,2025
202503,2635057000,해운대구 반여1동,50대,4818,631,921,2025
202503,2635057000,해운대구 반여1동,60대이상,8062,447,1400,2025
202503,2635058000,해운대구 반여2동,20대,680,65,212,2025
202503,2635058000,해운대구 반여2동,20대미만,379,13,151,2025
202503,2635058000,해운대구 반여2동,30대,867,78,237,2025
202503,2635058000,해운대구 반여2동,40대,1074,91,275,2025
202503,2635058000,해운대구 반여2동,50대,1541,156,476,2025
202503,2635058000,해운대구 반여2동,60대이상,4278,118,900,2025
202503,2635059000,해운대구 반여3동,20대,388,11,64,2025
202503,2635059000,해운대구 반여3동,20대미만,178,3,36,2025
202503,2635059000,해운대구 반여3동,30대,405,30,83,2025
202503,2635059000,해운대구 반여3동,40대,518,47,70,2025
202503,2635059000,해운대구 반여3동,50대,775,69,153,2025
202503,2635059000,해운대구 반여3동,60대이상,1950,65,267,2025
202503,2635059500,해운대구 반여4동,20대,680,35,170,2025
202503,2635059500,해운대구 반여4동,20대미만,750,27,174,2025
202503,2635059500,해운대구 반여4동,30대,735,51,236,2025
202503,2635059500,해운대구 반여4동,40대,966,84,274,2025
202503,2635059500,해운대구 반여4동,50대,1100,93,348,2025
202503,2635059500,해운대구 반여4동,60대이상,2073,72,802,2025
202503,2635061000,해운대구 반송1동,20대,717,105,315,2025
202503,2635061000,해운대구 반송1동,20대미만,262,15,319,2025
202503,2635061000,해운대구 반송1동,30대,612,113,169,2025
202503,2635061000,해운대구 반송1동,40대,727,152,250,2025
202503,2635061000,해운대구 반송1동,50대,1087,201,411,2025
202503,2635061000,해운대구 반송1동,60대이상,3267,201,660,2025
202503,2635062000,해운대구 반송2동,20대,1056,72,135,2025
202503,2635062000,해운대구 반송2동,20대미만,937,12,86,2025
202503,2635062000,해운대구 반송2동,30대,1164,73,162,2025
202503,2635062000,해운대구 반송2동,40대,1833,174,226,2025
202503,2635062000,해운대구 반송2동,50대,2786,287,339,2025
202503,2635062000,해운대구 반송2동,60대이상,8424,293,595,2025
202503,2635065000,해운대구 재송1동,20대,2168,402,726,2025
202503,2635065000,해운대구 재송1동,20대미만,4067,136,534,2025
202503,2635065000,해운대구 재송1동,30대,2775,562,896,2025
202503,2635065000,해운대구 재송1동,40대,5274,739,1124,2025
202503,2635065000,해운대구 재송1동,50대,4297,594,1246,2025
202503,2635065000,해운대구 재송1동,60대이상,6622,458,1829,2025
202503,2635066000,해운대구 재송2동,20대,1373,121,269,2025
202503,2635066000,해운대구 재송2동,20대미만,1179,27,190,2025
202503,2635066000,해운대구 재송2동,30대,1416,176,349,2025
202503,2635066000,해운대구 재송2동,40대,2043,234,408,2025
202503,2635066000,해운대구 재송2동,50대,2743,271,514,2025
202503,2635066000,해운대구 재송2동,60대이상,6271,217,776,2025
202503,2638051000,사하구 괴정1동,20대,1069,82,341,2025
202503,2638051000,사하구 괴정1동,20대미만,1098,74,349,2025
202503,2638051000,사하구 괴정1동,30대,1018,97,404,2025
202503,2638051000,사하구 괴정1동,40대,1606,137,501,2025
202503,2638051000,사하구 괴정1동,50대,1975,200,648,2025
202503,2638051000,사하구 괴정1동,60대이상,5817,190,1137,2025
202503,2638052000,사하구 괴정2동,20대,758,34,157,2025
202503,2638052000,사하구 괴정2동,20대미만,773,4,168,2025
202503,2638052000,사하구 괴정2동,30대,899,52,119,2025
202503,2638052000,사하구 괴정2동,40대,1135,76,185,2025
202503,2638052000,사하구 괴정2동,50대,1536,116,181,2025
202503,2638052000,사하구 괴정2동,60대이상,4343,111,431,2025
202503,2638053000,사하구 괴정3동,20대,778,117,520,2025
202503,2638053000,사하구 괴정3동,20대미만,580,27,431,2025
202503,2638053000,사하구 괴정3동,30대,813,126,329,2025
202503,2638053000,사하구 괴정3동,40대,1010,188,390,2025
202503,2638053000,사하구 괴정3동,50대,1407,251,556,2025
202503,2638053000,사하구 괴정3동,60대이상,4443,263,1173,2025
202503,2638054000,사하구 괴정4동,20대,788,44,208,2025
202503,2638054000,사하구 괴정4동,20대미만,1102,40,371,2025
202503,2638054000,사하구 괴정4동,30대,1109,86,242,2025
202503,2638054000,사하구 괴정4동,40대,1576,151,377,2025
202503,2638054000,사하구 괴정4동,50대,1506,128,346,2025
202503,2638054000,사하구 괴정4동,60대이상,3515,130,802,2025
202503,2638055000,사하구 당리동,20대,1624,219,724,2025
202503,2638055000,사하구 당리동,20대미만,1451,137,518,2025
202503,2638055000,사하구 당리동,30대,1634,276,644,2025
202503,2638055000,사하구 당리동,40대,2391,411,637,2025
202503,2638055000,사하구 당리동,50대,2950,393,853,2025
202503,2638055000,사하구 당리동,60대이상,7301,359,1634,2025
202503,2638056100,사하구 하단1동,20대,2014,135,511,2025
202503,2638056100,사하구 하단1동,20대미만,1109,32,255,2025
202503,2638056100,사하구 하단1동,30대,1850,153,479,2025
202503,2638056100,사하구 하단1동,40대,1854,211,493,2025
202503,2638056100,사하구 하단1동,50대,2451,251,572,2025
202503,2638056100,사하구 하단1동,60대이상,5583,315,1030,2025
202503,2638056200,사하구 하단2동,20대,3567,786,3130,2025
202503,2638056200,사하구 하단2동,20대미만,1635,151,1970,2025
202503,2638056200,사하구 하단2동,30대,2141,418,947,2025
202503,2638056200,사하구 하단2동,40대,2336,403,828,2025
202503,2638056200,사하구 하단2동,50대,2849,487,955,2025
202503,2638056200,사하구 하단2동,60대이상,5886,332,1279,2025
202503,2638057100,사하구 신평1동,20대,871,157,241,2025
202503,2638057100,사하구 신평1동,20대미만,951,62,337,2025
202503,2638057100,사하구 신평1동,30대,1094,338,352,2025
202503,2638057100,사하구 신평1동,40대,1590,353,397,2025
202503,2638057100,사하구 신평1동,50대,2040,487,581,2025
202503,2638057100,사하구 신평1동,60대이상,5077,338,710,2025
202503,2638057200,사하구 신평2동,20대,1089,201,292,2025
202503,2638057200,사하구 신평2동,20대미만,1161,48,210,2025
202503,2638057200,사하구 신평2동,30대,1644,327,418,2025
202503,2638057200,사하구 신평2동,40대,1745,365,400,2025
202503,2638057200,사하구 신평2동,50대,2167,424,600,2025
202503,2638057200,사하구 신평2동,60대이상,4222,384,877,2025
202503,2638058000,사하구 장림1동,20대,712,167,309,2025
202503,2638058000,사하구 장림1동,20대미만,1107,37,422,2025
202503,2638058000,사하구 장림1동,30대,1264,323,463,2025
202503,2638058000,사하구 장림1동,40대,1655,386,566,2025
202503,2638058000,사하구 장림1동,50대,1496,593,728,2025
202503,2638058000,사하구 장림1동,60대이상,2917,489,1062,2025
202503,2638059000,사하구 장림2동,20대,1689,197,432,2025
202503,2638059000,사하구 장림2동,20대미만,1664,62,413,2025
202503,2638059000,사하구 장림2동,30대,1948,303,577,2025
202503,2638059000,사하구 장림2동,40대,2389,443,654,2025
202503,2638059000,사하구 장림2동,50대,3307,552,766,2025
202503,2638059000,사하구 장림2동,60대이상,6321,465,1325,2025
202503,2638060100,사하구 다대1동,20대,2139,279,439,2025
202503,2638060100,사하구 다대1동,20대미만,2915,58,282,2025
202503,2638060100,사하구 다대1동,30대,2411,441,465,2025
202503,2638060100,사하구 다대1동,40대,3800,620,580,2025
202503,2638060100,사하구 다대1동,50대,5306,828,854,2025
202503,2638060100,사하구 다대1동,60대이상,10785,613,1468,2025
202503,2638060200,사하구 다대2동,20대,1706,180,267,2025
202503,2638060200,사하구 다대2동,20대미만,2063,38,180,2025
202503,2638060200,사하구 다대2동,30대,1543,202,307,2025
202503,2638060200,사하구 다대2동,40대,2417,375,352,2025
202503,2638060200,사하구 다대2동,50대,3729,481,477,2025
202503,2638060200,사하구 다대2동,60대이상,8692,365,769,2025
202503,2638061000,사하구 구평동,20대,678,122,151,2025
202503,2638061000,사하구 구평동,20대미만,878,22,147,2025
202503,2638061000,사하구 구평동,30대,1417,245,262,2025
202503,2638061000,사하구 구평동,40대,1491,319,324,2025
202503,2638061000,사하구 구평동,50대,1395,431,471,2025
202503,2638061000,사하구 구평동,60대이상,2563,400,661,2025
202503,2638062000,사하구 감천1동,20대,961,119,225,2025
202503,2638062000,사하구 감천1동,20대미만,1096,135,657,2025
202503,2638062000,사하구 감천1동,30대,1015,182,256,2025
202503,2638062000,사하구 감천1동,40대,1510,249,407,2025
202503,2638062000,사하구 감천1동,50대,2232,368,573,2025
202503,2638062000,사하구 감천1동,60대이상,6266,313,842,2025
202503,2638063000,사하구 감천2동,20대,213,16,43,2025
202503,2638063000,사하구 감천2동,20대미만,109,0,25,2025
202503,2638063000,사하구 감천2동,30대,191,24,46,2025
202503,2638063000,사하구 감천2동,40대,375,36,55,2025
202503,2638063000,사하구 감천2동,50대,736,60,117,2025
202503,2638063000,사하구 감천2동,60대이상,1923,46,197,2025
202503,2641051000,금정구 서1동,20대,206,17,68,2025
202503,2641051000,금정구 서1동,20대미만,115,8,38,2025
202503,2641051000,금정구 서1동,30대,218,19,77,2025
202503,2641051000,금정구 서1동,40대,339,38,102,2025
202503,2641051000,금정구 서1동,50대,541,90,171,2025
202503,2641051000,금정구 서1동,60대이상,1837,91,334,2025
202503,2641052000,금정구 서2동,20대,349,36,148,2025
202503,2641052000,금정구 서2동,20대미만,201,8,135,2025
202503,2641052000,금정구 서2동,30대,473,47,170,2025
202503,2641052000,금정구 서2동,40대,494,71,195,2025
202503,2641052000,금정구 서2동,50대,798,146,370,2025
202503,2641052000,금정구 서2동,60대이상,2135,171,663,2025
202503,2641053000,금정구 서3동,20대,524,49,123,2025
202503,2641053000,금정구 서3동,20대미만,279,19,149,2025
202503,2641053000,금정구 서3동,30대,587,88,176,2025
202503,2641053000,금정구 서3동,40대,666,77,194,2025
202503,2641053000,금정구 서3동,50대,1278,158,346,2025
202503,2641053000,금정구 서3동,60대이상,3766,213,747,2025
202503,2641055500,금정구 금사회동동,20대,280,239,217,2025
202503,2641055500,금정구 금사회동동,20대미만,239,14,165,2025
202503,2641055500,금정구 금사회동동,30대,367,452,393,2025
202503,2641055500,금정구 금사회동동,40대,493,531,481,2025
202503,2641055500,금정구 금사회동동,50대,758,654,765,2025
202503,2641055500,금정구 금사회동동,60대이상,2599,550,1206,2025
202503,2641057000,금정구 부곡1동,20대,358,30,96,2025
202503,2641057000,금정구 부곡1동,20대미만,308,20,256,2025
202503,2641057000,금정구 부곡1동,30대,412,41,97,2025
202503,2641057000,금정구 부곡1동,40대,599,55,156,2025
202503,2641057000,금정구 부곡1동,50대,806,71,206,2025
202503,2641057000,금정구 부곡1동,60대이상,2784,92,375,2025
202503,2641058000,금정구 부곡2동,20대,1507,154,614,2025
202503,2641058000,금정구 부곡2동,20대미만,1273,95,758,2025
202503,2641058000,금정구 부곡2동,30대,1152,260,540,2025
202503,2641058000,금정구 부곡2동,40대,1581,328,571,2025
202503,2641058000,금정구 부곡2동,50대,2071,352,650,2025
202503,2641058000,금정구 부곡2동,60대이상,4527,291,1147,2025
202503,2641059000,금정구 부곡3동,20대,1136,202,737,2025
202503,2641059000,금정구 부곡3동,20대미만,899,129,1073,2025
202503,2641059000,금정구 부곡3동,30대,1154,293,413,2025
202503,2641059000,금정구 부곡3동,40대,1385,253,461,2025
202503,2641059000,금정구 부곡3동,50대,1746,290,608,2025
202503,2641059000,금정구 부곡3동,60대이상,4000,224,928,2025
202503,2641059100,금정구 부곡4동,20대,520,51,245,2025
202503,2641059100,금정구 부곡4동,20대미만,411,16,212,2025
202503,2641059100,금정구 부곡4동,30대,710,64,246,2025
202503,2641059100,금정구 부곡4동,40대,780,89,305,2025
202503,2641059100,금정구 부곡4동,50대,1160,114,409,2025
202503,2641059100,금정구 부곡4동,60대이상,2982,161,842,2025
202503,2641060000,금정구 장전1동,20대,4208,288,2481,2025
202503,2641060000,금정구 장전1동,20대미만,820,32,965,2025
202503,2641060000,금정구 장전1동,30대,1286,175,448,2025
202503,2641060000,금정구 장전1동,40대,1334,224,456,2025
202503,2641060000,금정구 장전1동,50대,1434,248,566,2025
202503,2641060000,금정구 장전1동,60대이상,3429,196,779,2025
202503,2641061000,금정구 장전2동,20대,2000,1373,4405,2025
202503,2641061000,금정구 장전2동,20대미만,2070,167,2627,2025
202503,2641061000,금정구 장전2동,30대,2221,684,1202,2025
202503,2641061000,금정구 장전2동,40대,3148,682,1258,2025
202503,2641061000,금정구 장전2동,50대,2660,640,1234,2025
202503,2641061000,금정구 장전2동,60대이상,5743,456,1783,2025
202503,2641063500,금정구 선두구동,20대,65,33,165,2025
202503,2641063500,금정구 선두구동,20대미만,53,1,63,2025
202503,2641063500,금정구 선두구동,30대,73,58,152,2025
202503,2641063500,금정구 선두구동,40대,93,72,251,2025
202503,2641063500,금정구 선두구동,50대,202,126,350,2025
202503,2641063500,금정구 선두구동,60대이상,799,112,543,2025
202503,2641066500,금정구 청룡노포동,20대,490,91,297,2025
202503,2641066500,금정구 청룡노포동,20대미만,466,23,161,2025
202503,2641066500,금정구 청룡노포동,30대,464,126,302,2025
202503,2641066500,금정구 청룡노포동,40대,597,151,425,2025
202503,2641066500,금정구 청룡노포동,50대,1016,216,695,2025
202503,2641066500,금정구 청룡노포동,60대이상,3250,242,1321,2025
202503,2641067000,금정구 남산동,20대,2045,231,1566,2025
202503,2641067000,금정구 남산동,20대미만,1176,73,1182,2025
202503,2641067000,금정구 남산동,30대,1503,222,566,2025
202503,2641067000,금정구 남산동,40대,1682,320,652,2025
202503,2641067000,금정구 남산동,50대,2974,435,996,2025
202503,2641067000,금정구 남산동,60대이상,7579,381,1825,2025
202503,2641068000,금정구 구서1동,20대,1000,130,404,2025
202503,2641068000,금정구 구서1동,20대미만,988,127,650,2025
202503,2641068000,금정구 구서1동,30대,1016,195,382,2025
202503,2641068000,금정구 구서1동,40대,1248,273,538,2025
202503,2641068000,금정구 구서1동,50대,1549,263,584,2025
202503,2641068000,금정구 구서1동,60대이상,3318,229,849,2025
202503,2641069000,금정구 구서2동,20대,1659,182,998,2025
202503,2641069000,금정구 구서2동,20대미만,1994,80,590,2025
202503,2641069000,금정구 구서2동,30대,2094,202,770,2025
202503,2641069000,금정구 구서2동,40대,2529,296,815,2025
202503,2641069000,금정구 구서2동,50대,3723,396,1253,2025
202503,2641069000,금정구 구서2동,60대이상,7650,395,2629,2025
202503,2641070000,금정구 금성동,20대,33,11,43,2025
202503,2641070000,금정구 금성동,20대미만,73,2,60,2025
202503,2641070000,금정구 금성동,30대,29,10,69,2025
202503,2641070000,금정구 금성동,40대,81,16,105,2025
202503,2641070000,금정구 금성동,50대,87,26,156,2025
202503,2641070000,금정구 금성동,60대이상,320,39,252,2025
202503,2644051000,강서구 대저1동,20대,490,333,381,2025
202503,2644051000,강서구 대저1동,20대미만,191,40,192,2025
202503,2644051000,강서구 대저1동,30대,363,515,451,2025
202503,2644051000,강서구 대저1동,40대,394,653,564,2025
202503,2644051000,강서구 대저1동,50대,678,773,828,2025
202503,2644051000,강서구 대저1동,60대이상,2716,625,1182,2025
202503,2644052000,강서구 대저2동,20대,793,578,2750,2025
202503,2644052000,강서구 대저2동,20대미만,519,28,684,2025
202503,2644052000,강서구 대저2동,30대,805,998,3346,2025
202503,2644052000,강서구 대저2동,40대,556,914,2895,2025
202503,2644052000,강서구 대저2동,50대,648,1210,3716,2025
202503,2644052000,강서구 대저2동,60대이상,2231,896,3942,2025
202503,2644053000,강서구 강동동,20대,65,41,151,2025
202503,2644053000,강서구 강동동,20대미만,44,3,126,2025
202503,2644053000,강서구 강동동,30대,157,110,313,2025
202503,2644053000,강서구 강동동,40대,186,155,417,2025
202503,2644053000,강서구 강동동,50대,223,217,535,2025
202503,2644053000,강서구 강동동,60대이상,1484,241,704,2025
202503,2644053500,강서구 명지1동,20대,2619,601,988,2025
202503,2644053500,강서구 명지1동,20대미만,7135,153,599,2025
202503,2644053500,강서구 명지1동,30대,7914,1185,1526,2025
202503,2644053500,강서구 명지1동,40대,9407,1407,1515,2025
202503,2644053500,강서구 명지1동,50대,3829,844,1279,2025
202503,2644053500,강서구 명지1동,60대이상,6171,548,1474,2025
202503,2644054500,강서구 명지2동,20대,1384,255,411,2025
202503,2644054500,강서구 명지2동,20대미만,4384,91,323,2025
202503,2644054500,강서구 명지2동,30대,2499,435,597,2025
202503,2644054500,강서구 명지2동,40대,5282,676,719,2025
202503,2644054500,강서구 명지2동,50대,3039,423,533,2025
202503,2644054500,강서구 명지2동,60대이상,3628,221,596,2025
202503,2644055000,강서구 가락동,20대,40,56,76,2025
202503,2644055000,강서구 가락동,20대미만,28,4,168,2025
202503,2644055000,강서구 가락동,30대,99,113,143,2025
202503,2644055000,강서구 가락동,40대,125,152,177,2025
202503,2644055000,강서구 가락동,50대,240,224,264,2025
202503,2644055000,강서구 가락동,60대이상,1078,226,458,2025
202503,2644056000,강서구 녹산동,20대,920,1211,1046,2025
202503,2644056000,강서구 녹산동,20대미만,1838,52,277,2025
202503,2644056000,강서구 녹산동,30대,2208,2843,1884,2025
202503,2644056000,강서구 녹산동,40대,2740,3602,2424,2025
202503,2644056000,강서구 녹산동,50대,1684,3025,2455,2025
202503,2644056000,강서구 녹산동,60대이상,3315,1883,2433,2025
202503,2644058000,강서구 가덕도동,20대,163,84,280,2025
202503,2644058000,강서구 가덕도동,20대미만,101,3,103,2025
202503,2644058000,강서구 가덕도동,30대,254,119,543,2025
202503,2644058000,강서구 가덕도동,40대,302,175,872,2025
202503,2644058000,강서구 가덕도동,50대,399,179,891,2025
202503,2644058000,강서구 가덕도동,60대이상,1625,107,795,2025
202503,2644059000, ,20대,664,168,238,2025
202503,2644059000, ,20대미만,1045,21,210,2025
202503,2644059000, ,30대,1078,198,364,2025
202503,2644059000, ,40대,1384,328,516,2025
202503,2644059000, ,50대,1008,281,469,2025
202503,2644059000, ,60대이상,1888,163,474,2025
202503,2647061000,연제구 거제1동,20대,1658,453,926,2025
202503,2647061000,연제구 거제1동,20대미만,1827,265,1046,2025
202503,2647061000,연제구 거제1동,30대,1800,707,750,2025
202503,2647061000,연제구 거제1동,40대,2598,912,986,2025
202503,2647061000,연제구 거제1동,50대,2736,921,1107,2025
202503,2647061000,연제구 거제1동,60대이상,5784,664,1573,2025
202503,2647062000,연제구 거제2동,20대,1374,158,397,2025
202503,2647062000,연제구 거제2동,20대미만,2432,54,532,2025
202503,2647062000,연제구 거제2동,30대,2194,278,556,2025
202503,2647062000,연제구 거제2동,40대,3218,373,795,2025
202503,2647062000,연제구 거제2동,50대,2567,434,819,2025
202503,2647062000,연제구 거제2동,60대이상,3640,289,1364,2025
202503,2647063000,연제구 거제3동,20대,576,93,787,2025
202503,2647063000,연제구 거제3동,20대미만,371,14,269,2025
202503,2647063000,연제구 거제3동,30대,629,128,1070,2025
202503,2647063000,연제구 거제3동,40대,668,142,1042,2025
202503,2647063000,연제구 거제3동,50대,1074,184,1102,2025
202503,2647063000,연제구 거제3동,60대이상,2309,177,1267,2025
202503,2647064000,연제구 거제4동,20대,632,31,221,2025
202503,2647064000,연제구 거제4동,20대미만,846,15,362,2025
202503,2647064000,연제구 거제4동,30대,571,70,398,2025
202503,2647064000,연제구 거제4동,40대,867,75,400,2025
202503,2647064000,연제구 거제4동,50대,1180,121,384,2025
202503,2647064000,연제구 거제4동,60대이상,2598,109,581,2025
202503,2647065000,연제구 연산1동,20대,781,140,388,2025
202503,2647065000,연제구 연산1동,20대미만,999,76,340,2025
202503,2647065000,연제구 연산1동,30대,1196,225,459,2025
202503,2647065000,연제구 연산1동,40대,1465,246,492,2025
202503,2647065000,연제구 연산1동,50대,1476,320,635,2025
202503,2647065000,연제구 연산1동,60대이상,3794,277,1077,2025
202503,2647066000,연제구 연산2동,20대,1483,203,1034,2025
202503,2647066000,연제구 연산2동,20대미만,1099,69,941,2025
202503,2647066000,연제구 연산2동,30대,2828,478,1729,2025
202503,2647066000,연제구 연산2동,40대,2197,451,1544,2025
202503,2647066000,연제구 연산2동,50대,2178,462,1432,2025
202503,2647066000,연제구 연산2동,60대이상,4878,339,2637,2025
202503,2647067000,연제구 연산3동,20대,248,15,48,2025
202503,2647067000,연제구 연산3동,20대미만,169,9,117,2025
202503,2647067000,연제구 연산3동,30대,382,16,96,2025
202503,2647067000,연제구 연산3동,40대,539,20,95,2025
202503,2647067000,연제구 연산3동,50대,636,52,108,2025
202503,2647067000,연제구 연산3동,60대이상,1753,55,229,2025
202503,2647068000,연제구 연산4동,20대,1027,231,975,2025
202503,2647068000,연제구 연산4동,20대미만,677,18,268,2025
202503,2647068000,연제구 연산4동,30대,1414,265,1045,2025
202503,2647068000,연제구 연산4동,40대,1540,304,974,2025
202503,2647068000,연제구 연산4동,50대,1791,407,1156,2025
202503,2647068000,연제구 연산4동,60대이상,4995,353,2428,2025
202503,2647069000,연제구 연산5동,20대,1528,282,876,2025
202503,2647069000,연제구 연산5동,20대미만,405,31,148,2025
202503,2647069000,연제구 연산5동,30대,1809,462,822,2025
202503,2647069000,연제구 연산5동,40대,1165,498,649,2025
202503,2647069000,연제구 연산5동,50대,1271,564,875,2025
202503,2647069000,연제구 연산5동,60대이상,2847,506,1394,2025
202503,2647070000,연제구 연산6동,20대,747,90,476,2025
202503,2647070000,연제구 연산6동,20대미만,681,43,419,2025
202503,2647070000,연제구 연산6동,30대,1081,112,578,2025
202503,2647070000,연제구 연산6동,40대,1255,145,625,2025
202503,2647070000,연제구 연산6동,50대,1482,191,771,2025
202503,2647070000,연제구 연산6동,60대이상,4412,189,1854,2025
202503,2647072000,연제구 연산8동,20대,417,44,323,2025
202503,2647072000,연제구 연산8동,20대미만,606,29,451,2025
202503,2647072000,연제구 연산8동,30대,775,80,383,2025
202503,2647072000,연제구 연산8동,40대,874,115,484,2025
202503,2647072000,연제구 연산8동,50대,1140,145,585,2025
202503,2647072000,연제구 연산8동,60대이상,2531,140,1272,2025
202503,2647073000,연제구 연산9동,20대,2133,205,488,2025
202503,2647073000,연제구 연산9동,20대미만,2141,55,545,2025
202503,2647073000,연제구 연산9동,30대,2513,311,705,2025
202503,2647073000,연제구 연산9동,40대,3264,459,786,2025
202503,2647073000,연제구 연산9동,50대,4105,559,941,2025
202503,2647073000,연제구 연산9동,60대이상,9255,443,1427,2025
202503,2650066000,수영구 남천1동,20대,1086,314,823,2025
202503,2650066000,수영구 남천1동,20대미만,1276,138,832,2025
202503,2650066000,수영구 남천1동,30대,1377,440,845,2025
202503,2650066000,수영구 남천1동,40대,1585,478,959,2025
202503,2650066000,수영구 남천1동,50대,1853,489,1099,2025
202503,2650066000,수영구 남천1동,60대이상,3719,440,1738,2025
202503,2650067000,수영구 남천2동,20대,467,61,480,2025
202503,2650067000,수영구 남천2동,20대미만,487,12,180,2025
202503,2650067000,수영구 남천2동,30대,759,88,438,2025
202503,2650067000,수영구 남천2동,40대,876,108,381,2025
202503,2650067000,수영구 남천2동,50대,1298,107,410,2025
202503,2650067000,수영구 남천2동,60대이상,2638,101,690,2025
202503,2650073000,수영구 수영동,20대,925,140,455,2025
202503,2650073000,수영구 수영동,20대미만,493,33,243,2025
202503,2650073000,수영구 수영동,30대,1095,178,454,2025
202503,2650073000,수영구 수영동,40대,1092,162,476,2025
202503,2650073000,수영구 수영동,50대,1492,246,606,2025
202503,2650073000,수영구 수영동,60대이상,5072,293,1200,2025
202503,2650074000,수영구 망미1동,20대,1474,142,419,2025
202503,2650074000,수영구 망미1동,20대미만,1673,45,293,2025
202503,2650074000,수영구 망미1동,30대,1891,219,464,2025
202503,2650074000,수영구 망미1동,40대,2533,256,487,2025
202503,2650074000,수영구 망미1동,50대,2741,332,568,2025
202503,2650074000,수영구 망미1동,60대이상,8787,370,1207,2025
202503,2650075000,수영구 망미2동,20대,438,58,261,2025
202503,2650075000,수영구 망미2동,20대미만,454,31,217,2025
202503,2650075000,수영구 망미2동,30대,536,78,316,2025
202503,2650075000,수영구 망미2동,40대,874,107,433,2025
202503,2650075000,수영구 망미2동,50대,1094,134,444,2025
202503,2650075000,수영구 망미2동,60대이상,2519,109,778,2025
202503,2650076000,수영구 광안1동,20대,1833,158,630,2025
202503,2650076000,수영구 광안1동,20대미만,744,57,196,2025
202503,2650076000,수영구 광안1동,30대,1795,189,463,2025
202503,2650076000,수영구 광안1동,40대,1448,213,438,2025
202503,2650076000,수영구 광안1동,50대,1464,187,521,2025
202503,2650076000,수영구 광안1동,60대이상,3896,172,1026,2025
202503,2650077000,수영구 광안2동,20대,1480,271,1822,2025
202503,2650077000,수영구 광안2동,20대미만,857,40,494,2025
202503,2650077000,수영구 광안2동,30대,1630,365,1248,2025
202503,2650077000,수영구 광안2동,40대,1627,286,859,2025
202503,2650077000,수영구 광안2동,50대,1706,302,889,2025
202503,2650077000,수영구 광안2동,60대이상,4070,283,1334,2025
202503,2650078000,수영구 광안3동,20대,1153,158,774,2025
202503,2650078000,수영구 광안3동,20대미만,261,11,271,2025
202503,2650078000,수영구 광안3동,30대,1092,173,622,2025
202503,2650078000,수영구 광안3동,40대,754,192,576,2025
202503,2650078000,수영구 광안3동,50대,834,206,695,2025
202503,2650078000,수영구 광안3동,60대이상,2598,233,1336,2025
202503,2650079000,수영구 광안4동,20대,886,101,623,2025
202503,2650079000,수영구 광안4동,20대미만,686,31,560,2025
202503,2650079000,수영구 광안4동,30대,1004,102,730,2025
202503,2650079000,수영구 광안4동,40대,1299,136,737,2025
202503,2650079000,수영구 광안4동,50대,1359,147,743,2025
202503,2650079000,수영구 광안4동,60대이상,3125,131,1382,2025
202503,2650080000,수영구 민락동,20대,1928,338,2044,2025
202503,2650080000,수영구 민락동,20대미만,1382,25,501,2025
202503,2650080000,수영구 민락동,30대,2700,337,1535,2025
202503,2650080000,수영구 민락동,40대,2709,368,1098,2025
202503,2650080000,수영구 민락동,50대,3307,410,1112,2025
202503,2650080000,수영구 민락동,60대이상,7140,437,1594,2025
202503,2653058000,사상구 삼락동,20대,213,129,261,2025
202503,2653058000,사상구 삼락동,20대미만,177,17,236,2025
202503,2653058000,사상구 삼락동,30대,290,252,379,2025
202503,2653058000,사상구 삼락동,40대,313,345,499,2025
202503,2653058000,사상구 삼락동,50대,639,545,735,2025
202503,2653058000,사상구 삼락동,60대이상,1574,499,1229,2025
202503,2653059100,사상구 모라1동,20대,1706,263,373,2025
202503,2653059100,사상구 모라1동,20대미만,1266,49,217,2025
202503,2653059100,사상구 모라1동,30대,2034,474,478,2025
202503,2653059100,사상구 모라1동,40대,1806,449,511,2025
202503,2653059100,사상구 모라1동,50대,3244,713,832,2025
202503,2653059100,사상구 모라1동,60대이상,8273,742,1320,2025
202503,2653059300,사상구 모라3동,20대,335,54,116,2025
202503,2653059300,사상구 모라3동,20대미만,298,27,88,2025
202503,2653059300,사상구 모라3동,30대,414,38,89,2025
202503,2653059300,사상구 모라3동,40대,652,67,139,2025
202503,2653059300,사상구 모라3동,50대,1230,126,234,2025
202503,2653059300,사상구 모라3동,60대이상,4585,169,503,2025
202503,2653060000,사상구 덕포1동,20대,632,63,296,2025
202503,2653060000,사상구 덕포1동,20대미만,663,35,260,2025
202503,2653060000,사상구 덕포1동,30대,1126,92,262,2025
202503,2653060000,사상구 덕포1동,40대,985,91,254,2025
202503,2653060000,사상구 덕포1동,50대,1190,173,358,2025
202503,2653060000,사상구 덕포1동,60대이상,2558,182,617,2025
202503,2653061000,사상구 덕포2동,20대,816,161,454,2025
202503,2653061000,사상구 덕포2동,20대미만,792,73,382,2025
202503,2653061000,사상구 덕포2동,30대,878,211,359,2025
202503,2653061000,사상구 덕포2동,40대,999,303,386,2025
202503,2653061000,사상구 덕포2동,50대,1524,417,585,2025
202503,2653061000,사상구 덕포2동,60대이상,3735,379,846,2025
202503,2653062000,사상구 괘법동,20대,2944,539,2268,2025
202503,2653062000,사상구 괘법동,20대미만,721,36,956,2025
202503,2653062000,사상구 괘법동,30대,2801,512,1239,2025
202503,2653062000,사상구 괘법동,40대,1884,586,1091,2025
202503,2653062000,사상구 괘법동,50대,2743,740,1482,2025
202503,2653062000,사상구 괘법동,60대이상,5453,669,2335,2025
202503,2653064500,사상구 감전동,20대,579,412,475,2025
202503,2653064500,사상구 감전동,20대미만,303,18,164,2025
202503,2653064500,사상구 감전동,30대,792,690,595,2025
202503,2653064500,사상구 감전동,40대,791,737,604,2025
202503,2653064500,사상구 감전동,50대,1300,916,901,2025
202503,2653064500,사상구 감전동,60대이상,3341,812,1236,2025
202503,2653065000,사상구 주례1동,20대,1127,189,348,2025
202503,2653065000,사상구 주례1동,20대미만,1165,22,112,2025
202503,2653065000,사상구 주례1동,30대,1543,290,389,2025
202503,2653065000,사상구 주례1동,40대,1583,310,346,2025
202503,2653065000,사상구 주례1동,50대,2096,428,572,2025
202503,2653065000,사상구 주례1동,60대이상,4350,381,1180,2025
202503,2653066000,사상구 주례2동,20대,2629,379,1880,2025
202503,2653066000,사상구 주례2동,20대미만,1567,37,1502,2025
202503,2653066000,사상구 주례2동,30대,1796,301,535,2025
202503,2653066000,사상구 주례2동,40대,2008,294,557,2025
202503,2653066000,사상구 주례2동,50대,2410,362,739,2025
202503,2653066000,사상구 주례2동,60대이상,5234,322,1380,2025
202503,2653066100,사상구 주례3동,20대,421,52,177,2025
202503,2653066100,사상구 주례3동,20대미만,335,11,162,2025
202503,2653066100,사상구 주례3동,30대,356,82,171,2025
202503,2653066100,사상구 주례3동,40대,550,92,203,2025
202503,2653066100,사상구 주례3동,50대,811,119,235,2025
202503,2653066100,사상구 주례3동,60대이상,1861,110,373,2025
202503,2653067000,사상구 학장동,20대,955,282,471,2025
202503,2653067000,사상구 학장동,20대미만,1039,54,389,2025
202503,2653067000,사상구 학장동,30대,1102,410,548,2025
202503,2653067000,사상구 학장동,40대,1718,486,701,2025
202503,2653067000,사상구 학장동,50대,2162,694,965,2025
202503,2653067000,사상구 학장동,60대이상,5141,605,1714,2025
202503,2653068000,사상구 엄궁동,20대,1731,228,260,2025
202503,2653068000,사상구 엄궁동,20대미만,2389,10,137,2025
202503,2653068000,사상구 엄궁동,30대,1885,276,412,2025
202503,2653068000,사상구 엄궁동,40대,2659,433,490,2025
202503,2653068000,사상구 엄궁동,50대,3553,572,670,2025
202503,2653068000,사상구 엄궁동,60대이상,6067,410,906,2025
202503,2671025000,기장군 기장읍,20대,3609,846,1548,2025
202503,2671025000,기장군 기장읍,20대미만,3619,77,889,2025
202503,2671025000,기장군 기장읍,30대,4246,1097,2312,2025
202503,2671025000,기장군 기장읍,40대,5628,1224,2418,2025
202503,2671025000,기장군 기장읍,50대,7434,1554,2638,2025
202503,2671025000,기장군 기장읍,60대이상,17170,1003,3456,2025
202503,2671025300,기장군 장안읍,20대,497,536,635,2025
202503,2671025300,기장군 장안읍,20대미만,332,64,576,2025
202503,2671025300,기장군 장안읍,30대,654,993,994,2025
202503,2671025300,기장군 장안읍,40대,648,1125,1312,2025
202503,2671025300,기장군 장안읍,50대,1032,1040,1361,2025
202503,2671025300,기장군 장안읍,60대이상,3040,575,1668,2025
202503,2671025600,기장군 정관읍,20대,4286,832,830,2025
202503,2671025600,기장군 정관읍,20대미만,13475,56,402,2025
202503,2671025600,기장군 정관읍,30대,6867,1147,990,2025
202503,2671025600,기장군 정관읍,40대,14272,2199,1303,2025
202503,2671025600,기장군 정관읍,50대,8928,1692,1364,2025
202503,2671025600,기장군 정관읍,60대이상,13469,858,1631,2025
202503,2671025900,기장군 일광읍,20대,1798,279,662,2025
202503,2671025900,기장군 일광읍,20대미만,2421,35,265,2025
202503,2671025900,기장군 일광읍,30대,3655,458,865,2025
202503,2671025900,기장군 일광읍,40대,3995,556,970,2025
202503,2671025900,기장군 일광읍,50대,3117,499,1184,2025
202503,2671025900,기장군 일광읍,60대이상,5507,410,1685,2025
202503,2671033000,기장군 철마면,20대,174,42,88,2025
202503,2671033000,기장군 철마면,20대미만,181,2,53,2025
202503,2671033000,기장군 철마면,30대,247,81,168,2025
202503,2671033000,기장군 철마면,40대,447,132,229,2025
202503,2671033000,기장군 철마면,50대,658,252,453,2025
202503,2671033000,기장군 철마면,60대이상,3151,235,972,2025
202502,2611051000,중구 중앙동,20대,537,839,1248,2025
202502,2611051000,중구 중앙동,20대미만,296,30,412,2025
202502,2611051000,중구 중앙동,30대,592,1282,1228,2025
202502,2611051000,중구 중앙동,40대,544,1107,1192,2025
202502,2611051000,중구 중앙동,50대,771,1107,1321,2025
202502,2611051000,중구 중앙동,60대이상,1852,643,1709,2025
202502,2611052000,중구 동광동,20대,104,56,146,2025
202502,2611052000,중구 동광동,20대미만,36,0,51,2025
202502,2611052000,중구 동광동,30대,132,69,130,2025
202502,2611052000,중구 동광동,40대,177,106,146,2025
202502,2611052000,중구 동광동,50대,270,101,188,2025
202502,2611052000,중구 동광동,60대이상,1034,79,382,2025
202502,2611053000,중구 대청동,20대,483,165,365,2025
202502,2611053000,중구 대청동,20대미만,232,23,126,2025
202502,2611053000,중구 대청동,30대,390,223,282,2025
202502,2611053000,중구 대청동,40대,492,200,259,2025
202502,2611053000,중구 대청동,50대,684,205,332,2025
202502,2611053000,중구 대청동,60대이상,2024,195,600,2025
202502,2611054500,중구 보수동,20대,830,76,216,2025
202502,2611054500,중구 보수동,20대미만,322,3,119,2025
202502,2611054500,중구 보수동,30대,533,65,162,2025
202502,2611054500,중구 보수동,40대,548,76,185,2025
202502,2611054500,중구 보수동,50대,1093,140,252,2025
202502,2611054500,중구 보수동,60대이상,2543,132,523,2025
202502,2611056000,중구 부평동,20대,265,124,850,2025
202502,2611056000,중구 부평동,20대미만,158,15,284,2025
202502,2611056000,중구 부평동,30대,241,187,701,2025
202502,2611056000,중구 부평동,40대,309,216,732,2025
202502,2611056000,중구 부평동,50대,492,252,983,2025
202502,2611056000,중구 부평동,60대이상,1530,296,1900,2025
202502,2611057000,중구 광복동,20대,48,97,263,2025
202502,2611057000,중구 광복동,20대미만,16,8,139,2025
202502,2611057000,중구 광복동,30대,30,68,193,2025
202502,2611057000,중구 광복동,40대,79,93,207,2025
202502,2611057000,중구 광복동,50대,65,112,283,2025
202502,2611057000,중구 광복동,60대이상,298,209,491,2025
202502,2611058000,중구 남포동,20대,133,238,945,2025
202502,2611058000,중구 남포동,20대미만,56,23,461,2025
202502,2611058000,중구 남포동,30대,168,326,756,2025
202502,2611058000,중구 남포동,40대,217,302,875,2025
202502,2611058000,중구 남포동,50대,374,432,1269,2025
202502,2611058000,중구 남포동,60대이상,942,748,2850,2025
202502,2611059000,중구 영주1동,20대,48,18,93,2025
202502,2611059000,중구 영주1동,20대미만,12,0,21,2025
202502,2611059000,중구 영주1동,30대,33,24,60,2025
202502,2611059000,중구 영주1동,40대,39,27,49,2025
202502,2611059000,중구 영주1동,50대,50,19,80,2025
202502,2611059000,중구 영주1동,60대이상,134,24,118,2025
202502,2611060000,중구 영주2동,20대,365,35,147,2025
202502,2611060000,중구 영주2동,20대미만,249,4,68,2025
202502,2611060000,중구 영주2동,30대,327,43,120,2025
202502,2611060000,중구 영주2동,40대,508,54,135,2025
202502,2611060000,중구 영주2동,50대,844,84,228,2025
202502,2611060000,중구 영주2동,60대이상,2622,78,497,2025
202502,2614051000,서구 동대신1동,20대,304,39,159,2025
202502,2614051000,서구 동대신1동,20대미만,256,4,101,2025
202502,2614051000,서구 동대신1동,30대,365,40,134,2025
202502,2614051000,서구 동대신1동,40대,434,49,155,2025
202502,2614051000,서구 동대신1동,50대,563,60,221,2025
202502,2614051000,서구 동대신1동,60대이상,1528,77,416,2025
202502,2614052000,서구 동대신2동,20대,146,15,45,2025
202502,2614052000,서구 동대신2동,20대미만,129,2,46,2025
202502,2614052000,서구 동대신2동,30대,146,6,41,2025
202502,2614052000,서구 동대신2동,40대,318,19,56,2025
202502,2614052000,서구 동대신2동,50대,387,36,75,2025
202502,2614052000,서구 동대신2동,60대이상,1417,42,187,2025
202502,2614053000,서구 동대신3동,20대,684,247,557,2025
202502,2614053000,서구 동대신3동,20대미만,498,78,338,2025
202502,2614053000,서구 동대신3동,30대,446,261,438,2025
202502,2614053000,서구 동대신3동,40대,578,227,540,2025
202502,2614053000,서구 동대신3동,50대,744,263,697,2025
202502,2614053000,서구 동대신3동,60대이상,2120,172,1634,2025
202502,2614054000,서구 서대신1동,20대,1046,136,332,2025
202502,2614054000,서구 서대신1동,20대미만,1237,27,213,2025
202502,2614054000,서구 서대신1동,30대,1214,179,297,2025
202502,2614054000,서구 서대신1동,40대,1642,217,376,2025
202502,2614054000,서구 서대신1동,50대,1584,243,458,2025
202502,2614054000,서구 서대신1동,60대이상,3807,217,862,2025
202502,2614056000,서구 서대신3동,20대,256,30,102,2025
202502,2614056000,서구 서대신3동,20대미만,362,15,129,2025
202502,2614056000,서구 서대신3동,30대,232,60,109,2025
202502,2614056000,서구 서대신3동,40대,375,61,160,2025
202502,2614056000,서구 서대신3동,50대,434,67,188,2025
202502,2614056000,서구 서대신3동,60대이상,1074,65,359,2025
202502,2614057000,서구 서대신4동,20대,427,34,211,2025
202502,2614057000,서구 서대신4동,20대미만,579,8,110,2025
202502,2614057000,서구 서대신4동,30대,411,49,148,2025
202502,2614057000,서구 서대신4동,40대,715,83,201,2025
202502,2614057000,서구 서대신4동,50대,825,90,263,2025
202502,2614057000,서구 서대신4동,60대이상,1932,100,545,2025
202502,2614059000,서구 부민동,20대,489,76,242,2025
202502,2614059000,서구 부민동,20대미만,321,6,108,2025
202502,2614059000,서구 부민동,30대,334,59,106,2025
202502,2614059000,서구 부민동,40대,412,56,133,2025
202502,2614059000,서구 부민동,50대,489,67,193,2025
202502,2614059000,서구 부민동,60대이상,1404,55,292,2025
202502,2614061500,서구 아미동,20대,466,56,243,2025
202502,2614061500,서구 아미동,20대미만,184,4,62,2025
202502,2614061500,서구 아미동,30대,461,111,255,2025
202502,2614061500,서구 아미동,40대,381,85,220,2025
202502,2614061500,서구 아미동,50대,624,92,267,2025
202502,2614061500,서구 아미동,60대이상,2624,99,641,2025
202502,2614063000,서구 초장동,20대,167,11,56,2025
202502,2614063000,서구 초장동,20대미만,113,6,35,2025
202502,2614063000,서구 초장동,30대,165,8,52,2025
202502,2614063000,서구 초장동,40대,289,19,85,2025
202502,2614063000,서구 초장동,50대,457,27,164,2025
202502,2614063000,서구 초장동,60대이상,1723,45,324,2025
202502,2614064000,서구 충무동,20대,505,81,144,2025
202502,2614064000,서구 충무동,20대미만,281,16,95,2025
202502,2614064000,서구 충무동,30대,383,124,138,2025
202502,2614064000,서구 충무동,40대,542,137,179,2025
202502,2614064000,서구 충무동,50대,664,159,279,2025
202502,2614064000,서구 충무동,60대이상,2043,153,596,2025
202502,2614065000,서구 남부민1동,20대,134,15,57,2025
202502,2614065000,서구 남부민1동,20대미만,61,4,21,2025
202502,2614065000,서구 남부민1동,30대,86,22,60,2025
202502,2614065000,서구 남부민1동,40대,163,32,84,2025
202502,2614065000,서구 남부민1동,50대,401,63,122,2025
202502,2614065000,서구 남부민1동,60대이상,1151,57,318,2025
202502,2614066000,서구 남부민2동,20대,378,52,226,2025
202502,2614066000,서구 남부민2동,20대미만,359,5,177,2025
202502,2614066000,서구 남부민2동,30대,383,70,255,2025
202502,2614066000,서구 남부민2동,40대,567,86,296,2025
202502,2614066000,서구 남부민2동,50대,933,112,382,2025
202502,2614066000,서구 남부민2동,60대이상,3172,104,744,2025
202502,2614068000,서구 암남동,20대,1090,324,702,2025
202502,2614068000,서구 암남동,20대미만,873,17,295,2025
202502,2614068000,서구 암남동,30대,1197,404,691,2025
202502,2614068000,서구 암남동,40대,1561,471,879,2025
202502,2614068000,서구 암남동,50대,2003,588,1090,2025
202502,2614068000,서구 암남동,60대이상,5015,424,1860,2025
202502,2617051000,동구 초량1동,20대,139,132,489,2025
202502,2617051000,동구 초량1동,20대미만,125,7,201,2025
202502,2617051000,동구 초량1동,30대,148,238,377,2025
202502,2617051000,동구 초량1동,40대,221,195,384,2025
202502,2617051000,동구 초량1동,50대,321,176,428,2025
202502,2617051000,동구 초량1동,60대이상,994,102,654,2025
202502,2617052000,동구 초량2동,20대,252,117,678,2025
202502,2617052000,동구 초량2동,20대미만,229,24,348,2025
202502,2617052000,동구 초량2동,30대,253,156,484,2025
202502,2617052000,동구 초량2동,40대,382,157,493,2025
202502,2617052000,동구 초량2동,50대,630,179,651,2025
202502,2617052000,동구 초량2동,60대이상,2026,174,1131,2025
202502,2617053000,동구 초량3동,20대,1034,468,1589,2025
202502,2617053000,동구 초량3동,20대미만,689,28,752,2025
202502,2617053000,동구 초량3동,30대,1551,637,1364,2025
202502,2617053000,동구 초량3동,40대,1415,552,1446,2025
202502,2617053000,동구 초량3동,50대,1201,590,1746,2025
202502,2617053000,동구 초량3동,60대이상,2186,399,2227,2025
202502,2617055000,동구 초량6동,20대,81,21,119,2025
202502,2617055000,동구 초량6동,20대미만,57,1,91,2025
202502,2617055000,동구 초량6동,30대,80,14,107,2025
202502,2617055000,동구 초량6동,40대,97,23,126,2025
202502,2617055000,동구 초량6동,50대,166,36,118,2025
202502,2617055000,동구 초량6동,60대이상,457,19,155,2025
202502,2617056000,동구 수정1동,20대,273,71,176,2025
202502,2617056000,동구 수정1동,20대미만,291,9,120,2025
202502,2617056000,동구 수정1동,30대,248,79,179,2025
202502,2617056000,동구 수정1동,40대,358,71,159,2025
202502,2617056000,동구 수정1동,50대,469,86,235,2025
202502,2617056000,동구 수정1동,60대이상,1371,68,400,2025
202502,2617057000,동구 수정2동,20대,377,79,134,2025
202502,2617057000,동구 수정2동,20대미만,374,15,96,2025
202502,2617057000,동구 수정2동,30대,626,117,156,2025
202502,2617057000,동구 수정2동,40대,639,149,191,2025
202502,2617057000,동구 수정2동,50대,893,150,279,2025
202502,2617057000,동구 수정2동,60대이상,2758,137,538,2025
202502,2617059000,동구 수정4동,20대,124,12,26,2025
202502,2617059000,동구 수정4동,20대미만,84,2,34,2025
202502,2617059000,동구 수정4동,30대,117,7,31,2025
202502,2617059000,동구 수정4동,40대,170,14,41,2025
202502,2617059000,동구 수정4동,50대,380,27,65,2025
202502,2617059000,동구 수정4동,60대이상,1277,29,158,2025
202502,2617060000,동구 수정5동,20대,257,16,52,2025
202502,2617060000,동구 수정5동,20대미만,231,9,32,2025
202502,2617060000,동구 수정5동,30대,209,28,50,2025
202502,2617060000,동구 수정5동,40대,372,28,72,2025
202502,2617060000,동구 수정5동,50대,578,52,80,2025
202502,2617060000,동구 수정5동,60대이상,2127,40,199,2025
202502,2617064500,동구 좌천동,20대,243,24,179,2025
202502,2617064500,동구 좌천동,20대미만,122,4,103,2025
202502,2617064500,동구 좌천동,30대,245,33,229,2025
202502,2617064500,동구 좌천동,40대,254,45,202,2025
202502,2617064500,동구 좌천동,50대,421,66,320,2025
202502,2617064500,동구 좌천동,60대이상,1436,66,740,2025
202502,2617065000,동구 범일1동,20대,560,63,185,2025
202502,2617065000,동구 범일1동,20대미만,308,15,98,2025
202502,2617065000,동구 범일1동,30대,625,99,225,2025
202502,2617065000,동구 범일1동,40대,745,118,218,2025
202502,2617065000,동구 범일1동,50대,1045,155,305,2025
202502,2617065000,동구 범일1동,60대이상,4050,189,619,2025
202502,2617066000,동구 범일2동,20대,563,399,607,2025
202502,2617066000,동구 범일2동,20대미만,349,15,169,2025
202502,2617066000,동구 범일2동,30대,678,749,795,2025
202502,2617066000,동구 범일2동,40대,658,887,856,2025
202502,2617066000,동구 범일2동,50대,910,1003,1164,2025
202502,2617066000,동구 범일2동,60대이상,2151,801,2064,2025
202502,2617068000,동구 범일5동,20대,539,72,367,2025
202502,2617068000,동구 범일5동,20대미만,441,15,185,2025
202502,2617068000,동구 범일5동,30대,1334,130,489,2025
202502,2617068000,동구 범일5동,40대,995,163,478,2025
202502,2617068000,동구 범일5동,50대,836,194,588,2025
202502,2617068000,동구 범일5동,60대이상,1663,283,1201,2025
202502,2620053000,영도구 남항동,20대,564,172,449,2025
202502,2620053000,영도구 남항동,20대미만,438,19,287,2025
202502,2620053000,영도구 남항동,30대,620,250,471,2025
202502,2620053000,영도구 남항동,40대,797,328,622,2025
202502,2620053000,영도구 남항동,50대,1316,474,973,2025
202502,2620053000,영도구 남항동,60대이상,4226,508,1967,2025
202502,2620054000,영도구 영선1동,20대,53,11,45,2025
202502,2620054000,영도구 영선1동,20대미만,48,1,35,2025
202502,2620054000,영도구 영선1동,30대,42,7,37,2025
202502,2620054000,영도구 영선1동,40대,114,21,57,2025
202502,2620054000,영도구 영선1동,50대,146,38,102,2025
202502,2620054000,영도구 영선1동,60대이상,468,64,226,2025
202502,2620055000,영도구 영선2동,20대,399,42,173,2025
202502,2620055000,영도구 영선2동,20대미만,413,1,103,2025
202502,2620055000,영도구 영선2동,30대,411,48,116,2025
202502,2620055000,영도구 영선2동,40대,485,60,132,2025
202502,2620055000,영도구 영선2동,50대,858,82,198,2025
202502,2620055000,영도구 영선2동,60대이상,2900,97,416,2025
202502,2620058500,영도구 신선동,20대,274,18,68,2025
202502,2620058500,영도구 신선동,20대미만,245,9,105,2025
202502,2620058500,영도구 신선동,30대,291,39,78,2025
202502,2620058500,영도구 신선동,40대,495,49,105,2025
202502,2620058500,영도구 신선동,50대,842,83,141,2025
202502,2620058500,영도구 신선동,60대이상,2946,62,345,2025
202502,2620059000,영도구 봉래1동,20대,266,34,167,2025
202502,2620059000,영도구 봉래1동,20대미만,306,12,140,2025
202502,2620059000,영도구 봉래1동,30대,294,82,210,2025
202502,2620059000,영도구 봉래1동,40대,442,96,270,2025
202502,2620059000,영도구 봉래1동,50대,584,125,350,2025
202502,2620059000,영도구 봉래1동,60대이상,1939,173,649,2025
202502,2620060500,영도구 봉래2동,20대,362,43,115,2025
202502,2620060500,영도구 봉래2동,20대미만,349,23,113,2025
202502,2620060500,영도구 봉래2동,30대,435,67,128,2025
202502,2620060500,영도구 봉래2동,40대,532,132,193,2025
202502,2620060500,영도구 봉래2동,50대,831,146,237,2025
202502,2620060500,영도구 봉래2동,60대이상,2396,158,436,2025
202502,2620063000,영도구 청학1동,20대,198,34,83,2025
202502,2620063000,영도구 청학1동,20대미만,210,5,78,2025
202502,2620063000,영도구 청학1동,30대,283,62,93,2025
202502,2620063000,영도구 청학1동,40대,409,143,182,2025
202502,2620063000,영도구 청학1동,50대,578,201,237,2025
202502,2620063000,영도구 청학1동,60대이상,1831,129,378,2025
202502,2620064000,영도구 청학2동,20대,711,113,312,2025
202502,2620064000,영도구 청학2동,20대미만,934,14,159,2025
202502,2620064000,영도구 청학2동,30대,957,198,291,2025
202502,2620064000,영도구 청학2동,40대,1212,253,356,2025
202502,2620064000,영도구 청학2동,50대,1765,324,476,2025
202502,2620064000,영도구 청학2동,60대이상,4984,254,839,2025
202502,2620065000,영도구 동삼1동,20대,1787,272,510,2025
202502,2620065000,영도구 동삼1동,20대미만,2084,81,329,2025
202502,2620065000,영도구 동삼1동,30대,1776,355,451,2025
202502,2620065000,영도구 동삼1동,40대,2427,457,521,2025
202502,2620065000,영도구 동삼1동,50대,3456,530,653,2025
202502,2620065000,영도구 동삼1동,60대이상,9365,379,1097,2025
202502,2620066000,영도구 동삼2동,20대,437,157,627,2025
202502,2620066000,영도구 동삼2동,20대미만,280,15,464,2025
202502,2620066000,영도구 동삼2동,30대,315,121,423,2025
202502,2620066000,영도구 동삼2동,40대,411,149,549,2025
202502,2620066000,영도구 동삼2동,50대,505,143,632,2025
202502,2620066000,영도구 동삼2동,60대이상,1344,84,974,2025
202502,2620067000,영도구 동삼3동,20대,375,57,172,2025
202502,2620067000,영도구 동삼3동,20대미만,375,16,155,2025
202502,2620067000,영도구 동삼3동,30대,415,78,213,2025
202502,2620067000,영도구 동삼3동,40대,609,90,251,2025
202502,2620067000,영도구 동삼3동,50대,982,150,334,2025
202502,2620067000,영도구 동삼3동,60대이상,3717,137,648,2025
202502,2623051000,부산진구 부전1동,20대,2192,760,1865,2025
202502,2623051000,부산진구 부전1동,20대미만,400,39,503,2025
202502,2623051000,부산진구 부전1동,30대,1837,885,1325,2025
202502,2623051000,부산진구 부전1동,40대,1090,745,1204,2025
202502,2623051000,부산진구 부전1동,50대,1325,916,1764,2025
202502,2623051000,부산진구 부전1동,60대이상,2836,1054,4532,2025
202502,2623052000,부산진구 부전2동,20대,1876,1801,6569,2025
202502,2623052000,부산진구 부전2동,20대미만,368,141,2160,2025
202502,2623052000,부산진구 부전2동,30대,1783,1347,3293,2025
202502,2623052000,부산진구 부전2동,40대,1214,915,2176,2025
202502,2623052000,부산진구 부전2동,50대,1162,901,1994,2025
202502,2623052000,부산진구 부전2동,60대이상,1841,634,2671,2025
202502,2623054000,부산진구 연지동,20대,683,73,184,2025
202502,2623054000,부산진구 연지동,20대미만,743,30,174,2025
202502,2623054000,부산진구 연지동,30대,902,99,209,2025
202502,2623054000,부산진구 연지동,40대,1278,159,232,2025
202502,2623054000,부산진구 연지동,50대,1417,157,257,2025
202502,2623054000,부산진구 연지동,60대이상,3928,156,559,2025
202502,2623055000,부산진구 초읍동,20대,1263,185,382,2025
202502,2623055000,부산진구 초읍동,20대미만,1761,36,280,2025
202502,2623055000,부산진구 초읍동,30대,1688,213,503,2025
202502,2623055000,부산진구 초읍동,40대,2108,284,569,2025
202502,2623055000,부산진구 초읍동,50대,2622,466,721,2025
202502,2623055000,부산진구 초읍동,60대이상,7682,340,1325,2025
202502,2623056000,부산진구 양정1동,20대,1648,330,784,2025
202502,2623056000,부산진구 양정1동,20대미만,1229,78,339,2025
202502,2623056000,부산진구 양정1동,30대,1677,360,709,2025
202502,2623056000,부산진구 양정1동,40대,1668,380,661,2025
202502,2623056000,부산진구 양정1동,50대,2373,503,757,2025
202502,2623056000,부산진구 양정1동,60대이상,5430,426,1203,2025
202502,2623057000,부산진구 양정2동,20대,1687,194,665,2025
202502,2623057000,부산진구 양정2동,20대미만,559,51,248,2025
202502,2623057000,부산진구 양정2동,30대,1581,259,710,2025
202502,2623057000,부산진구 양정2동,40대,1109,244,584,2025
202502,2623057000,부산진구 양정2동,50대,1038,302,748,2025
202502,2623057000,부산진구 양정2동,60대이상,2195,198,1212,2025
202502,2623060000,부산진구 전포1동,20대,2783,827,2570,2025
202502,2623060000,부산진구 전포1동,20대미만,685,76,783,2025
202502,2623060000,부산진구 전포1동,30대,2684,653,1227,2025
202502,2623060000,부산진구 전포1동,40대,1536,375,653,2025
202502,2623060000,부산진구 전포1동,50대,1613,358,645,2025
202502,2623060000,부산진구 전포1동,60대이상,2816,306,711,2025
202502,2623061000,부산진구 전포2동,20대,2209,462,1801,2025
202502,2623061000,부산진구 전포2동,20대미만,1093,43,593,2025
202502,2623061000,부산진구 전포2동,30대,2530,498,1165,2025
202502,2623061000,부산진구 전포2동,40대,2163,355,653,2025
202502,2623061000,부산진구 전포2동,50대,2271,430,623,2025
202502,2623061000,부산진구 전포2동,60대이상,5616,353,1079,2025
202502,2623064000,부산진구 부암1동,20대,1521,180,503,2025
202502,2623064000,부산진구 부암1동,20대미만,1319,42,218,2025
202502,2623064000,부산진구 부암1동,30대,2201,277,548,2025
202502,2623064000,부산진구 부암1동,40대,2057,300,489,2025
202502,2623064000,부산진구 부암1동,50대,2385,351,605,2025
202502,2623064000,부산진구 부암1동,60대이상,5096,270,1025,2025
202502,2623066000,부산진구 부암3동,20대,1329,119,335,2025
202502,2623066000,부산진구 부암3동,20대미만,1670,55,352,2025
202502,2623066000,부산진구 부암3동,30대,1824,152,371,2025
202502,2623066000,부산진구 부암3동,40대,1961,222,446,2025
202502,2623066000,부산진구 부암3동,50대,2633,303,658,2025
202502,2623066000,부산진구 부암3동,60대이상,5210,256,1462,2025
202502,2623067000,부산진구 당감1동,20대,1416,154,351,2025
202502,2623067000,부산진구 당감1동,20대미만,1385,33,419,2025
202502,2623067000,부산진구 당감1동,30대,1356,156,366,2025
202502,2623067000,부산진구 당감1동,40대,1724,193,433,2025
202502,2623067000,부산진구 당감1동,50대,2840,351,609,2025
202502,2623067000,부산진구 당감1동,60대이상,6401,307,1058,2025
202502,2623068000,부산진구 당감2동,20대,576,51,203,2025
202502,2623068000,부산진구 당감2동,20대미만,397,19,97,2025
202502,2623068000,부산진구 당감2동,30대,613,77,269,2025
202502,2623068000,부산진구 당감2동,40대,711,80,244,2025
202502,2623068000,부산진구 당감2동,50대,774,100,336,2025
202502,2623068000,부산진구 당감2동,60대이상,1721,82,531,2025
202502,2623070000,부산진구 당감4동,20대,534,52,202,2025
202502,2623070000,부산진구 당감4동,20대미만,696,21,196,2025
202502,2623070000,부산진구 당감4동,30대,593,60,222,2025
202502,2623070000,부산진구 당감4동,40대,806,86,247,2025
202502,2623070000,부산진구 당감4동,50대,1168,127,335,2025
202502,2623070000,부산진구 당감4동,60대이상,2481,115,562,2025
202502,2623071000,부산진구 가야1동,20대,1528,293,776,2025
202502,2623071000,부산진구 가야1동,20대미만,1126,77,411,2025
202502,2623071000,부산진구 가야1동,30대,1154,193,533,2025
202502,2623071000,부산진구 가야1동,40대,1456,262,592,2025
202502,2623071000,부산진구 가야1동,50대,1830,338,720,2025
202502,2623071000,부산진구 가야1동,60대이상,5145,292,1193,2025
202502,2623072000,부산진구 가야2동,20대,657,47,311,2025
202502,2623072000,부산진구 가야2동,20대미만,623,20,238,2025
202502,2623072000,부산진구 가야2동,30대,679,63,304,2025
202502,2623072000,부산진구 가야2동,40대,880,87,355,2025
202502,2623072000,부산진구 가야2동,50대,1135,149,472,2025
202502,2623072000,부산진구 가야2동,60대이상,3189,149,903,2025
202502,2623074000,부산진구 개금1동,20대,1927,149,620,2025
202502,2623074000,부산진구 개금1동,20대미만,805,36,290,2025
202502,2623074000,부산진구 개금1동,30대,1778,164,423,2025
202502,2623074000,부산진구 개금1동,40대,1418,184,392,2025
202502,2623074000,부산진구 개금1동,50대,1758,256,500,2025
202502,2623074000,부산진구 개금1동,60대이상,3672,263,838,2025
202502,2623075000,부산진구 개금2동,20대,737,172,561,2025
202502,2623075000,부산진구 개금2동,20대미만,634,17,193,2025
202502,2623075000,부산진구 개금2동,30대,568,199,436,2025
202502,2623075000,부산진구 개금2동,40대,742,159,376,2025
202502,2623075000,부산진구 개금2동,50대,1100,186,524,2025
202502,2623075000,부산진구 개금2동,60대이상,2869,141,1095,2025
202502,2623076000,부산진구 개금3동,20대,1581,149,337,2025
202502,2623076000,부산진구 개금3동,20대미만,1716,45,290,2025
202502,2623076000,부산진구 개금3동,30대,1887,173,411,2025
202502,2623076000,부산진구 개금3동,40대,2194,186,377,2025
202502,2623076000,부산진구 개금3동,50대,2926,297,518,2025
202502,2623076000,부산진구 개금3동,60대이상,7731,277,968,2025
202502,2623077000,부산진구 범천1동,20대,1493,433,1119,2025
202502,2623077000,부산진구 범천1동,20대미만,450,24,387,2025
202502,2623077000,부산진구 범천1동,30대,1715,606,1116,2025
202502,2623077000,부산진구 범천1동,40대,1113,574,992,2025
202502,2623077000,부산진구 범천1동,50대,1183,675,1195,2025
202502,2623077000,부산진구 범천1동,60대이상,2683,577,2130,2025
202502,2623078000,부산진구 범천2동,20대,1317,140,446,2025
202502,2623078000,부산진구 범천2동,20대미만,763,13,151,2025
202502,2623078000,부산진구 범천2동,30대,2280,255,482,2025
202502,2623078000,부산진구 범천2동,40대,1962,217,381,2025
202502,2623078000,부산진구 범천2동,50대,2045,259,431,2025
202502,2623078000,부산진구 범천2동,60대이상,5585,295,935,2025
202502,2626051000,동래구 수민동,20대,1586,192,581,2025
202502,2626051000,동래구 수민동,20대미만,1599,57,531,2025
202502,2626051000,동래구 수민동,30대,2456,293,665,2025
202502,2626051000,동래구 수민동,40대,2247,358,867,2025
202502,2626051000,동래구 수민동,50대,2644,470,1193,2025
202502,2626051000,동래구 수민동,60대이상,8205,438,2669,2025
202502,2626052000,동래구 복산동,20대,434,67,98,2025
202502,2626052000,동래구 복산동,20대미만,367,14,133,2025
202502,2626052000,동래구 복산동,30대,392,84,114,2025
202502,2626052000,동래구 복산동,40대,578,103,178,2025
202502,2626052000,동래구 복산동,50대,951,151,232,2025
202502,2626052000,동래구 복산동,60대이상,2850,104,386,2025
202502,2626054500,동래구 명륜동,20대,1525,485,1392,2025
202502,2626054500,동래구 명륜동,20대미만,2483,151,662,2025
202502,2626054500,동래구 명륜동,30대,1876,580,1180,2025
202502,2626054500,동래구 명륜동,40대,3191,634,1254,2025
202502,2626054500,동래구 명륜동,50대,3075,834,1471,2025
202502,2626054500,동래구 명륜동,60대이상,4575,558,2601,2025
202502,2626055000,동래구 온천1동,20대,2719,362,1177,2025
202502,2626055000,동래구 온천1동,20대미만,2360,51,578,2025
202502,2626055000,동래구 온천1동,30대,3983,491,1205,2025
202502,2626055000,동래구 온천1동,40대,3630,496,1370,2025
202502,2626055000,동래구 온천1동,50대,3331,599,1542,2025
202502,2626055000,동래구 온천1동,60대이상,6118,520,2463,2025
202502,2626056000,동래구 온천2동,20대,843,214,467,2025
202502,2626056000,동래구 온천2동,20대미만,1375,46,332,2025
202502,2626056000,동래구 온천2동,30대,1196,304,449,2025
202502,2626056000,동래구 온천2동,40대,1705,323,549,2025
202502,2626056000,동래구 온천2동,50대,1480,352,707,2025
202502,2626056000,동래구 온천2동,60대이상,3686,290,1265,2025
202502,2626057000,동래구 온천3동,20대,2903,249,1325,2025
202502,2626057000,동래구 온천3동,20대미만,2317,101,1679,2025
202502,2626057000,동래구 온천3동,30대,3042,326,1849,2025
202502,2626057000,동래구 온천3동,40대,3337,402,2270,2025
202502,2626057000,동래구 온천3동,50대,4166,489,1937,2025
202502,2626057000,동래구 온천3동,60대이상,9342,448,3601,2025
202502,2626058000,동래구 사직1동,20대,589,208,618,2025
202502,2626058000,동래구 사직1동,20대미만,961,172,802,2025
202502,2626058000,동래구 사직1동,30대,866,220,649,2025
202502,2626058000,동래구 사직1동,40대,1059,209,870,2025
202502,2626058000,동래구 사직1동,50대,1007,232,951,2025
202502,2626058000,동래구 사직1동,60대이상,2324,232,1522,2025
202502,2626059000,동래구 사직2동,20대,1580,160,588,2025
202502,2626059000,동래구 사직2동,20대미만,3120,93,823,2025
202502,2626059000,동래구 사직2동,30대,1429,141,559,2025
202502,2626059000,동래구 사직2동,40대,2748,275,923,2025
202502,2626059000,동래구 사직2동,50대,3160,320,839,2025
202502,2626059000,동래구 사직2동,60대이상,4237,233,1273,2025
202502,2626060000,동래구 사직3동,20대,913,133,343,2025
202502,2626060000,동래구 사직3동,20대미만,1660,90,478,2025
202502,2626060000,동래구 사직3동,30대,1113,196,379,2025
202502,2626060000,동래구 사직3동,40대,2105,239,506,2025
202502,2626060000,동래구 사직3동,50대,1794,273,571,2025
202502,2626060000,동래구 사직3동,60대이상,3945,189,860,2025
202502,2626074000,동래구 안락1동,20대,696,127,420,2025
202502,2626074000,동래구 안락1동,20대미만,627,29,322,2025
202502,2626074000,동래구 안락1동,30대,828,185,529,2025
202502,2626074000,동래구 안락1동,40대,964,192,677,2025
202502,2626074000,동래구 안락1동,50대,1225,262,870,2025
202502,2626074000,동래구 안락1동,60대이상,4038,300,1973,2025
202502,2626075000,동래구 안락2동,20대,1681,217,412,2025
202502,2626075000,동래구 안락2동,20대미만,2031,71,401,2025
202502,2626075000,동래구 안락2동,30대,1900,276,525,2025
202502,2626075000,동래구 안락2동,40대,2371,373,588,2025
202502,2626075000,동래구 안락2동,50대,3196,449,700,2025
202502,2626075000,동래구 안락2동,60대이상,6903,368,1129,2025
202502,2626076100,동래구 명장1동,20대,754,79,231,2025
202502,2626076100,동래구 명장1동,20대미만,980,24,239,2025
202502,2626076100,동래구 명장1동,30대,967,108,244,2025
202502,2626076100,동래구 명장1동,40대,1357,151,327,2025
202502,2626076100,동래구 명장1동,50대,1515,220,417,2025
202502,2626076100,동래구 명장1동,60대이상,4293,223,851,2025
202502,2626076200,동래구 명장2동,20대,426,29,93,2025
202502,2626076200,동래구 명장2동,20대미만,485,16,186,2025
202502,2626076200,동래구 명장2동,30대,534,44,137,2025
202502,2626076200,동래구 명장2동,40대,790,69,138,2025
202502,2626076200,동래구 명장2동,50대,913,106,187,2025
202502,2626076200,동래구 명장2동,60대이상,2301,133,363,2025
202502,2629051000,남구 대연1동,20대,2353,243,1396,2025
202502,2629051000,남구 대연1동,20대미만,803,26,651,2025
202502,2629051000,남구 대연1동,30대,1143,206,823,2025
202502,2629051000,남구 대연1동,40대,1169,228,901,2025
202502,2629051000,남구 대연1동,50대,1596,322,1110,2025
202502,2629051000,남구 대연1동,60대이상,4230,247,1792,2025
202502,2629053000,남구 대연3동,20대,4938,1556,3010,2025
202502,2629053000,남구 대연3동,20대미만,3620,209,1380,2025
202502,2629053000,남구 대연3동,30대,2997,829,1309,2025
202502,2629053000,남구 대연3동,40대,4183,855,1341,2025
202502,2629053000,남구 대연3동,50대,3774,770,1488,2025
202502,2629053000,남구 대연3동,60대이상,6350,516,1802,2025
202502,2629054000,남구 대연4동,20대,722,62,190,2025
202502,2629054000,남구 대연4동,20대미만,913,24,165,2025
202502,2629054000,남구 대연4동,30대,1366,95,267,2025
202502,2629054000,남구 대연4동,40대,1333,143,277,2025
202502,2629054000,남구 대연4동,50대,1295,150,331,2025
202502,2629054000,남구 대연4동,60대이상,3230,163,718,2025
202502,2629055000,남구 대연5동,20대,1609,216,474,2025
202502,2629055000,남구 대연5동,20대미만,949,47,263,2025
202502,2629055000,남구 대연5동,30대,1132,171,297,2025
202502,2629055000,남구 대연5동,40대,1351,209,321,2025
202502,2629055000,남구 대연5동,50대,1724,265,408,2025
202502,2629055000,남구 대연5동,60대이상,3835,203,730,2025
202502,2629056000,남구 대연6동,20대,843,149,230,2025
202502,2629056000,남구 대연6동,20대미만,1504,40,189,2025
202502,2629056000,남구 대연6동,30대,1185,218,264,2025
202502,2629056000,남구 대연6동,40대,1832,234,277,2025
202502,2629056000,남구 대연6동,50대,1545,253,357,2025
202502,2629056000,남구 대연6동,60대이상,2749,127,555,2025
202502,2629057000,남구 용호1동,20대,2205,268,515,2025
202502,2629057000,남구 용호1동,20대미만,4217,79,500,2025
202502,2629057000,남구 용호1동,30대,2414,295,586,2025
202502,2629057000,남구 용호1동,40대,4394,442,727,2025
202502,2629057000,남구 용호1동,50대,5746,575,897,2025
202502,2629057000,남구 용호1동,60대이상,10545,486,1684,2025
202502,2629058000,남구 용호2동,20대,965,123,345,2025
202502,2629058000,남구 용호2동,20대미만,1675,23,214,2025
202502,2629058000,남구 용호2동,30대,1392,136,328,2025
202502,2629058000,남구 용호2동,40대,2012,199,439,2025
202502,2629058000,남구 용호2동,50대,2086,191,505,2025
202502,2629058000,남구 용호2동,60대이상,4919,169,873,2025
202502,2629059000,남구 용호3동,20대,701,70,216,2025
202502,2629059000,남구 용호3동,20대미만,665,28,223,2025
202502,2629059000,남구 용호3동,30대,601,92,220,2025
202502,2629059000,남구 용호3동,40대,822,130,315,2025
202502,2629059000,남구 용호3동,50대,1245,209,423,2025
202502,2629059000,남구 용호3동,60대이상,4002,229,735,2025
202502,2629060000,남구 용호4동,20대,401,110,259,2025
202502,2629060000,남구 용호4동,20대미만,492,23,149,2025
202502,2629060000,남구 용호4동,30대,416,78,230,2025
202502,2629060000,남구 용호4동,40대,644,105,261,2025
202502,2629060000,남구 용호4동,50대,749,130,320,2025
202502,2629060000,남구 용호4동,60대이상,2032,138,621,2025
202502,2629061000,남구 용당동,20대,500,158,319,2025
202502,2629061000,남구 용당동,20대미만,516,21,140,2025
202502,2629061000,남구 용당동,30대,439,212,283,2025
202502,2629061000,남구 용당동,40대,662,244,426,2025
202502,2629061000,남구 용당동,50대,1062,270,553,2025
202502,2629061000,남구 용당동,60대이상,2182,205,679,2025
202502,2629062000,남구 감만1동,20대,401,117,197,2025
202502,2629062000,남구 감만1동,20대미만,366,14,68,2025
202502,2629062000,남구 감만1동,30대,368,192,334,2025
202502,2629062000,남구 감만1동,40대,568,170,475,2025
202502,2629062000,남구 감만1동,50대,850,267,644,2025
202502,2629062000,남구 감만1동,60대이상,2200,234,667,2025
202502,2629063000,남구 감만2동,20대,244,19,69,2025
202502,2629063000,남구 감만2동,20대미만,269,19,81,2025
202502,2629063000,남구 감만2동,30대,222,28,84,2025
202502,2629063000,남구 감만2동,40대,339,53,125,2025
202502,2629063000,남구 감만2동,50대,673,87,181,2025
202502,2629063000,남구 감만2동,60대이상,1859,71,403,2025
202502,2629064500,남구 우암동,20대,639,104,287,2025
202502,2629064500,남구 우암동,20대미만,879,21,181,2025
202502,2629064500,남구 우암동,30대,657,123,336,2025
202502,2629064500,남구 우암동,40대,1025,168,399,2025
202502,2629064500,남구 우암동,50대,1373,254,604,2025
202502,2629064500,남구 우암동,60대이상,4726,203,1189,2025
202502,2629068000,남구 문현1동,20대,568,53,220,2025
202502,2629068000,남구 문현1동,20대미만,655,24,258,2025
202502,2629068000,남구 문현1동,30대,452,54,284,2025
202502,2629068000,남구 문현1동,40대,696,83,323,2025
202502,2629068000,남구 문현1동,50대,1094,154,377,2025
202502,2629068000,남구 문현1동,60대이상,2721,135,713,2025
202502,2629069000,남구 문현2동,20대,399,314,430,2025
202502,2629069000,남구 문현2동,20대미만,190,21,178,2025
202502,2629069000,남구 문현2동,30대,645,673,514,2025
202502,2629069000,남구 문현2동,40대,489,517,453,2025
202502,2629069000,남구 문현2동,50대,565,417,548,2025
202502,2629069000,남구 문현2동,60대이상,1796,207,751,2025
202502,2629070000,남구 문현3동,20대,557,77,717,2025
202502,2629070000,남구 문현3동,20대미만,689,29,778,2025
202502,2629070000,남구 문현3동,30대,783,91,738,2025
202502,2629070000,남구 문현3동,40대,1180,163,945,2025
202502,2629070000,남구 문현3동,50대,1006,171,1300,2025
202502,2629070000,남구 문현3동,60대이상,3178,185,2625,2025
202502,2629071000,남구 문현4동,20대,383,77,215,2025
202502,2629071000,남구 문현4동,20대미만,335,8,121,2025
202502,2629071000,남구 문현4동,30대,479,105,236,2025
202502,2629071000,남구 문현4동,40대,480,117,227,2025
202502,2629071000,남구 문현4동,50대,681,103,300,2025
202502,2629071000,남구 문현4동,60대이상,1745,112,438,2025
202502,2632051000,북구 구포1동,20대,986,118,435,2025
202502,2632051000,북구 구포1동,20대미만,648,7,169,2025
202502,2632051000,북구 구포1동,30대,1310,161,508,2025
202502,2632051000,북구 구포1동,40대,1185,200,501,2025
202502,2632051000,북구 구포1동,50대,1688,368,912,2025
202502,2632051000,북구 구포1동,60대이상,4529,437,2054,2025
202502,2632052000,북구 구포2동,20대,1651,171,338,2025
202502,2632052000,북구 구포2동,20대미만,1222,37,242,2025
202502,2632052000,북구 구포2동,30대,1848,281,364,2025
202502,2632052000,북구 구포2동,40대,2011,311,410,2025
202502,2632052000,북구 구포2동,50대,3001,433,600,2025
202502,2632052000,북구 구포2동,60대이상,7254,360,1034,2025
202502,2632052100,북구 구포3동,20대,1375,100,236,2025
202502,2632052100,북구 구포3동,20대미만,1202,30,238,2025
202502,2632052100,북구 구포3동,30대,1215,95,171,2025
202502,2632052100,북구 구포3동,40대,1575,166,205,2025
202502,2632052100,북구 구포3동,50대,2691,275,344,2025
202502,2632052100,북구 구포3동,60대이상,5951,234,569,2025
202502,2632053000,북구 금곡동,20대,2180,215,437,2025
202502,2632053000,북구 금곡동,20대미만,2211,38,307,2025
202502,2632053000,북구 금곡동,30대,2304,235,526,2025
202502,2632053000,북구 금곡동,40대,2853,327,527,2025
202502,2632053000,북구 금곡동,50대,4684,552,810,2025
202502,2632053000,북구 금곡동,60대이상,12213,427,1431,2025
202502,2632054100,북구 화명1동,20대,2846,245,911,2025
202502,2632054100,북구 화명1동,20대미만,3091,86,950,2025
202502,2632054100,북구 화명1동,30대,3187,262,1129,2025
202502,2632054100,북구 화명1동,40대,3430,316,1064,2025
202502,2632054100,북구 화명1동,50대,5093,500,1312,2025
202502,2632054100,북구 화명1동,60대이상,8203,435,2013,2025
202502,2632054200,북구 화명2동,20대,1318,132,318,2025
202502,2632054200,북구 화명2동,20대미만,1373,34,270,2025
202502,2632054200,북구 화명2동,30대,1477,149,349,2025
202502,2632054200,북구 화명2동,40대,1496,175,355,2025
202502,2632054200,북구 화명2동,50대,2236,262,529,2025
202502,2632054200,북구 화명2동,60대이상,4493,233,817,2025
202502,2632054300,북구 화명3동,20대,2052,352,860,2025
202502,2632054300,북구 화명3동,20대미만,2584,206,721,2025
202502,2632054300,북구 화명3동,30대,1672,323,714,2025
202502,2632054300,북구 화명3동,40대,2550,418,742,2025
202502,2632054300,북구 화명3동,50대,3374,509,963,2025
202502,2632054300,북구 화명3동,60대이상,4988,312,1445,2025
202502,2632055000,북구 덕천1동,20대,917,148,357,2025
202502,2632055000,북구 덕천1동,20대미만,559,17,190,2025
202502,2632055000,북구 덕천1동,30대,1413,163,403,2025
202502,2632055000,북구 덕천1동,40대,1068,180,399,2025
202502,2632055000,북구 덕천1동,50대,1424,285,597,2025
202502,2632055000,북구 덕천1동,60대이상,4214,242,1223,2025
202502,2632056000,북구 덕천2동,20대,861,367,1037,2025
202502,2632056000,북구 덕천2동,20대미만,528,39,550,2025
202502,2632056000,북구 덕천2동,30대,836,410,1035,2025
202502,2632056000,북구 덕천2동,40대,832,391,937,2025
202502,2632056000,북구 덕천2동,50대,1284,454,1357,2025
202502,2632056000,북구 덕천2동,60대이상,3559,400,2311,2025
202502,2632056100,북구 덕천3동,20대,390,23,76,2025
202502,2632056100,북구 덕천3동,20대미만,246,2,30,2025
202502,2632056100,북구 덕천3동,30대,359,24,95,2025
202502,2632056100,북구 덕천3동,40대,548,39,85,2025
202502,2632056100,북구 덕천3동,50대,990,90,135,2025
202502,2632056100,북구 덕천3동,60대이상,2843,66,307,2025
202502,2632057100,북구 만덕1동,20대,901,72,200,2025
202502,2632057100,북구 만덕1동,20대미만,1013,19,151,2025
202502,2632057100,북구 만덕1동,30대,1834,128,325,2025
202502,2632057100,북구 만덕1동,40대,1595,121,305,2025
202502,2632057100,북구 만덕1동,50대,1545,148,309,2025
202502,2632057100,북구 만덕1동,60대이상,3780,168,708,2025
202502,2632057200,북구 만덕2동,20대,1680,147,297,2025
202502,2632057200,북구 만덕2동,20대미만,2389,54,261,2025
202502,2632057200,북구 만덕2동,30대,2265,188,419,2025
202502,2632057200,북구 만덕2동,40대,2690,262,407,2025
202502,2632057200,북구 만덕2동,50대,3020,267,495,2025
202502,2632057200,북구 만덕2동,60대이상,6981,300,992,2025
202502,2632057300,북구 만덕3동,20대,1060,84,229,2025
202502,2632057300,북구 만덕3동,20대미만,1150,42,186,2025
202502,2632057300,북구 만덕3동,30대,1283,95,237,2025
202502,2632057300,북구 만덕3동,40대,1420,120,281,2025
202502,2632057300,북구 만덕3동,50대,2003,207,351,2025
202502,2632057300,북구 만덕3동,60대이상,5420,208,672,2025
202502,2635051000,해운대구 우1동,20대,1702,596,2647,2025
202502,2635051000,해운대구 우1동,20대미만,1981,122,1874,2025
202502,2635051000,해운대구 우1동,30대,2121,633,2187,2025
202502,2635051000,해운대구 우1동,40대,2589,640,2413,2025
202502,2635051000,해운대구 우1동,50대,2879,701,2283,2025
202502,2635051000,해운대구 우1동,60대이상,6165,671,3127,2025
202502,2635052000,해운대구 우2동,20대,1801,1728,2214,2025
202502,2635052000,해운대구 우2동,20대미만,2817,405,1584,2025
202502,2635052000,해운대구 우2동,30대,2218,2137,2654,2025
202502,2635052000,해운대구 우2동,40대,3355,1556,2476,2025
202502,2635052000,해운대구 우2동,50대,3846,1422,2114,2025
202502,2635052000,해운대구 우2동,60대이상,6708,794,2499,2025
202502,2635052500,해운대구 우3동,20대,1051,155,454,2025
202502,2635052500,해운대구 우3동,20대미만,1618,29,462,2025
202502,2635052500,해운대구 우3동,30대,1422,205,529,2025
202502,2635052500,해운대구 우3동,40대,2045,311,733,2025
202502,2635052500,해운대구 우3동,50대,2725,282,727,2025
202502,2635052500,해운대구 우3동,60대이상,5545,285,1012,2025
202502,2635053000,해운대구 중1동,20대,1880,618,2084,2025
202502,2635053000,해운대구 중1동,20대미만,2034,90,1877,2025
202502,2635053000,해운대구 중1동,30대,2303,655,2088,2025
202502,2635053000,해운대구 중1동,40대,3118,701,2353,2025
202502,2635053000,해운대구 중1동,50대,3471,794,2097,2025
202502,2635053000,해운대구 중1동,60대이상,5933,600,2456,2025
202502,2635054000,해운대구 중2동,20대,863,133,517,2025
202502,2635054000,해운대구 중2동,20대미만,1355,33,336,2025
202502,2635054000,해운대구 중2동,30대,1335,187,515,2025
202502,2635054000,해운대구 중2동,40대,1781,203,602,2025
202502,2635054000,해운대구 중2동,50대,1916,234,699,2025
202502,2635054000,해운대구 중2동,60대이상,3883,196,994,2025
202502,2635055100,해운대구 좌1동,20대,1354,353,812,2025
202502,2635055100,해운대구 좌1동,20대미만,1179,108,579,2025
202502,2635055100,해운대구 좌1동,30대,1328,367,763,2025
202502,2635055100,해운대구 좌1동,40대,1670,399,822,2025
202502,2635055100,해운대구 좌1동,50대,2272,478,954,2025
202502,2635055100,해운대구 좌1동,60대이상,3267,352,1319,2025
202502,2635055200,해운대구 좌2동,20대,2664,255,550,2025
202502,2635055200,해운대구 좌2동,20대미만,2272,93,465,2025
202502,2635055200,해운대구 좌2동,30대,2986,258,512,2025
202502,2635055200,해운대구 좌2동,40대,3076,330,503,2025
202502,2635055200,해운대구 좌2동,50대,3935,430,589,2025
202502,2635055200,해운대구 좌2동,60대이상,6811,295,910,2025
202502,2635055300,해운대구 좌3동,20대,1019,70,271,2025
202502,2635055300,해운대구 좌3동,20대미만,1082,57,314,2025
202502,2635055300,해운대구 좌3동,30대,1056,69,280,2025
202502,2635055300,해운대구 좌3동,40대,1322,97,284,2025
202502,2635055300,해운대구 좌3동,50대,2054,157,419,2025
202502,2635055300,해운대구 좌3동,60대이상,4305,169,780,2025
202502,2635055400,해운대구 좌4동,20대,1643,336,621,2025
202502,2635055400,해운대구 좌4동,20대미만,2606,115,507,2025
202502,2635055400,해운대구 좌4동,30대,1564,319,632,2025
202502,2635055400,해운대구 좌4동,40대,2372,386,773,2025
202502,2635055400,해운대구 좌4동,50대,2884,440,912,2025
202502,2635055400,해운대구 좌4동,60대이상,4829,306,1725,2025
202502,2635056000,해운대구 송정동,20대,496,233,1149,2025
202502,2635056000,해운대구 송정동,20대미만,581,31,887,2025
202502,2635056000,해운대구 송정동,30대,696,284,1091,2025
202502,2635056000,해운대구 송정동,40대,798,257,1267,2025
202502,2635056000,해운대구 송정동,50대,1081,381,1235,2025
202502,2635056000,해운대구 송정동,60대이상,3317,272,1543,2025
202502,2635057000,해운대구 반여1동,20대,2649,315,521,2025
202502,2635057000,해운대구 반여1동,20대미만,4053,54,415,2025
202502,2635057000,해운대구 반여1동,30대,2763,411,642,2025
202502,2635057000,해운대구 반여1동,40대,3989,527,735,2025
202502,2635057000,해운대구 반여1동,50대,4786,671,889,2025
202502,2635057000,해운대구 반여1동,60대이상,8037,478,1399,2025
202502,2635058000,해운대구 반여2동,20대,682,66,215,2025
202502,2635058000,해운대구 반여2동,20대미만,436,8,146,2025
202502,2635058000,해운대구 반여2동,30대,856,76,216,2025
202502,2635058000,해운대구 반여2동,40대,1055,104,267,2025
202502,2635058000,해운대구 반여2동,50대,1544,174,464,2025
202502,2635058000,해운대구 반여2동,60대이상,4325,122,917,2025
202502,2635059000,해운대구 반여3동,20대,398,19,50,2025
202502,2635059000,해운대구 반여3동,20대미만,189,3,29,2025
202502,2635059000,해운대구 반여3동,30대,382,33,64,2025
202502,2635059000,해운대구 반여3동,40대,496,38,64,2025
202502,2635059000,해운대구 반여3동,50대,835,77,133,2025
202502,2635059000,해운대구 반여3동,60대이상,2161,90,221,2025
202502,2635059500,해운대구 반여4동,20대,699,47,164,2025
202502,2635059500,해운대구 반여4동,20대미만,862,23,181,2025
202502,2635059500,해운대구 반여4동,30대,733,50,213,2025
202502,2635059500,해운대구 반여4동,40대,958,87,237,2025
202502,2635059500,해운대구 반여4동,50대,1087,100,318,2025
202502,2635059500,해운대구 반여4동,60대이상,2039,77,713,2025
202502,2635061000,해운대구 반송1동,20대,735,96,152,2025
202502,2635061000,해운대구 반송1동,20대미만,289,6,82,2025
202502,2635061000,해운대구 반송1동,30대,587,115,164,2025
202502,2635061000,해운대구 반송1동,40대,742,148,229,2025
202502,2635061000,해운대구 반송1동,50대,1095,202,337,2025
202502,2635061000,해운대구 반송1동,60대이상,3316,200,561,2025
202502,2635062000,해운대구 반송2동,20대,1117,74,109,2025
202502,2635062000,해운대구 반송2동,20대미만,1013,9,87,2025
202502,2635062000,해운대구 반송2동,30대,1114,94,150,2025
202502,2635062000,해운대구 반송2동,40대,1729,185,193,2025
202502,2635062000,해운대구 반송2동,50대,2748,317,295,2025
202502,2635062000,해운대구 반송2동,60대이상,8529,289,531,2025
202502,2635065000,해운대구 재송1동,20대,2295,431,743,2025
202502,2635065000,해운대구 재송1동,20대미만,4300,107,588,2025
202502,2635065000,해운대구 재송1동,30대,2739,597,882,2025
202502,2635065000,해운대구 재송1동,40대,5244,699,1090,2025
202502,2635065000,해운대구 재송1동,50대,4188,642,1137,2025
202502,2635065000,해운대구 재송1동,60대이상,6766,489,1807,2025
202502,2635066000,해운대구 재송2동,20대,1383,128,311,2025
202502,2635066000,해운대구 재송2동,20대미만,1361,26,229,2025
202502,2635066000,해운대구 재송2동,30대,1487,185,387,2025
202502,2635066000,해운대구 재송2동,40대,2151,221,438,2025
202502,2635066000,해운대구 재송2동,50대,2810,294,514,2025
202502,2635066000,해운대구 재송2동,60대이상,6420,249,825,2025
202502,2638051000,사하구 괴정1동,20대,1169,87,359,2025
202502,2638051000,사하구 괴정1동,20대미만,1254,45,328,2025
202502,2638051000,사하구 괴정1동,30대,1029,83,360,2025
202502,2638051000,사하구 괴정1동,40대,1633,159,435,2025
202502,2638051000,사하구 괴정1동,50대,2046,234,622,2025
202502,2638051000,사하구 괴정1동,60대이상,5871,185,1083,2025
202502,2638052000,사하구 괴정2동,20대,770,41,142,2025
202502,2638052000,사하구 괴정2동,20대미만,834,8,82,2025
202502,2638052000,사하구 괴정2동,30대,874,52,107,2025
202502,2638052000,사하구 괴정2동,40대,1125,83,150,2025
202502,2638052000,사하구 괴정2동,50대,1545,124,169,2025
202502,2638052000,사하구 괴정2동,60대이상,4353,106,400,2025
202502,2638053000,사하구 괴정3동,20대,799,141,363,2025
202502,2638053000,사하구 괴정3동,20대미만,668,37,258,2025
202502,2638053000,사하구 괴정3동,30대,807,162,297,2025
202502,2638053000,사하구 괴정3동,40대,1015,206,385,2025
202502,2638053000,사하구 괴정3동,50대,1428,269,533,2025
202502,2638053000,사하구 괴정3동,60대이상,4449,283,1066,2025
202502,2638054000,사하구 괴정4동,20대,830,43,201,2025
202502,2638054000,사하구 괴정4동,20대미만,1191,34,234,2025
202502,2638054000,사하구 괴정4동,30대,1045,91,234,2025
202502,2638054000,사하구 괴정4동,40대,1560,170,289,2025
202502,2638054000,사하구 괴정4동,50대,1516,133,344,2025
202502,2638054000,사하구 괴정4동,60대이상,3518,134,788,2025
202502,2638055000,사하구 당리동,20대,1692,253,690,2025
202502,2638055000,사하구 당리동,20대미만,1687,116,405,2025
202502,2638055000,사하구 당리동,30대,1624,276,633,2025
202502,2638055000,사하구 당리동,40대,2335,420,671,2025
202502,2638055000,사하구 당리동,50대,2936,455,834,2025
202502,2638055000,사하구 당리동,60대이상,7329,341,1575,2025
202502,2638056100,사하구 하단1동,20대,2040,169,437,2025
202502,2638056100,사하구 하단1동,20대미만,1287,21,228,2025
202502,2638056100,사하구 하단1동,30대,1839,169,458,2025
202502,2638056100,사하구 하단1동,40대,1864,250,462,2025
202502,2638056100,사하구 하단1동,50대,2459,271,582,2025
202502,2638056100,사하구 하단1동,60대이상,5653,303,973,2025
202502,2638056200,사하구 하단2동,20대,3309,722,1663,2025
202502,2638056200,사하구 하단2동,20대미만,1802,81,620,2025
202502,2638056200,사하구 하단2동,30대,2157,410,882,2025
202502,2638056200,사하구 하단2동,40대,2297,435,758,2025
202502,2638056200,사하구 하단2동,50대,2849,498,859,2025
202502,2638056200,사하구 하단2동,60대이상,5997,336,1227,2025
202502,2638057100,사하구 신평1동,20대,900,160,248,2025
202502,2638057100,사하구 신평1동,20대미만,1073,31,227,2025
202502,2638057100,사하구 신평1동,30대,1082,367,354,2025
202502,2638057100,사하구 신평1동,40대,1591,360,396,2025
202502,2638057100,사하구 신평1동,50대,2010,544,568,2025
202502,2638057100,사하구 신평1동,60대이상,5169,333,782,2025
202502,2638057200,사하구 신평2동,20대,1179,220,284,2025
202502,2638057200,사하구 신평2동,20대미만,1340,29,197,2025
202502,2638057200,사하구 신평2동,30대,1603,340,397,2025
202502,2638057200,사하구 신평2동,40대,1773,387,410,2025
202502,2638057200,사하구 신평2동,50대,2184,445,620,2025
202502,2638057200,사하구 신평2동,60대이상,4255,398,895,2025
202502,2638058000,사하구 장림1동,20대,725,210,317,2025
202502,2638058000,사하구 장림1동,20대미만,1271,29,197,2025
202502,2638058000,사하구 장림1동,30대,1204,346,487,2025
202502,2638058000,사하구 장림1동,40대,1656,387,564,2025
202502,2638058000,사하구 장림1동,50대,1492,643,739,2025
202502,2638058000,사하구 장림1동,60대이상,2964,563,1058,2025
202502,2638059000,사하구 장림2동,20대,1726,203,470,2025
202502,2638059000,사하구 장림2동,20대미만,1841,54,304,2025
202502,2638059000,사하구 장림2동,30대,1930,288,570,2025
202502,2638059000,사하구 장림2동,40대,2576,472,647,2025
202502,2638059000,사하구 장림2동,50대,3233,589,727,2025
202502,2638059000,사하구 장림2동,60대이상,6369,469,1182,2025
202502,2638060100,사하구 다대1동,20대,2158,320,413,2025
202502,2638060100,사하구 다대1동,20대미만,3053,44,283,2025
202502,2638060100,사하구 다대1동,30대,2366,455,436,2025
202502,2638060100,사하구 다대1동,40대,3891,622,567,2025
202502,2638060100,사하구 다대1동,50대,5305,852,825,2025
202502,2638060100,사하구 다대1동,60대이상,10790,652,1292,2025
202502,2638060200,사하구 다대2동,20대,1754,206,280,2025
202502,2638060200,사하구 다대2동,20대미만,2276,37,164,2025
202502,2638060200,사하구 다대2동,30대,1545,206,286,2025
202502,2638060200,사하구 다대2동,40대,2453,356,329,2025
202502,2638060200,사하구 다대2동,50대,3755,481,461,2025
202502,2638060200,사하구 다대2동,60대이상,8726,373,777,2025
202502,2638061000,사하구 구평동,20대,693,126,148,2025
202502,2638061000,사하구 구평동,20대미만,1002,27,85,2025
202502,2638061000,사하구 구평동,30대,1397,262,249,2025
202502,2638061000,사하구 구평동,40대,1510,333,354,2025
202502,2638061000,사하구 구평동,50대,1393,425,467,2025
202502,2638061000,사하구 구평동,60대이상,2617,378,665,2025
202502,2638062000,사하구 감천1동,20대,1027,123,183,2025
202502,2638062000,사하구 감천1동,20대미만,1169,30,185,2025
202502,2638062000,사하구 감천1동,30대,1014,182,243,2025
202502,2638062000,사하구 감천1동,40대,1533,251,370,2025
202502,2638062000,사하구 감천1동,50대,2180,394,540,2025
202502,2638062000,사하구 감천1동,60대이상,6269,331,873,2025
202502,2638063000,사하구 감천2동,20대,219,19,54,2025
202502,2638063000,사하구 감천2동,20대미만,115,0,39,2025
202502,2638063000,사하구 감천2동,30대,183,19,43,2025
202502,2638063000,사하구 감천2동,40대,362,36,68,2025
202502,2638063000,사하구 감천2동,50대,758,58,105,2025
202502,2638063000,사하구 감천2동,60대이상,1925,52,174,2025
202502,2641051000,금정구 서1동,20대,203,24,50,2025
202502,2641051000,금정구 서1동,20대미만,137,6,50,2025
202502,2641051000,금정구 서1동,30대,214,18,74,2025
202502,2641051000,금정구 서1동,40대,328,45,98,2025
202502,2641051000,금정구 서1동,50대,539,81,149,2025
202502,2641051000,금정구 서1동,60대이상,1840,81,353,2025
202502,2641052000,금정구 서2동,20대,345,46,150,2025
202502,2641052000,금정구 서2동,20대미만,233,5,80,2025
202502,2641052000,금정구 서2동,30대,490,54,166,2025
202502,2641052000,금정구 서2동,40대,515,91,184,2025
202502,2641052000,금정구 서2동,50대,748,148,366,2025
202502,2641052000,금정구 서2동,60대이상,2217,184,660,2025
202502,2641053000,금정구 서3동,20대,546,56,126,2025
202502,2641053000,금정구 서3동,20대미만,312,13,86,2025
202502,2641053000,금정구 서3동,30대,589,91,164,2025
202502,2641053000,금정구 서3동,40대,607,84,196,2025
202502,2641053000,금정구 서3동,50대,1294,165,315,2025
202502,2641053000,금정구 서3동,60대이상,3725,201,760,2025
202502,2641055500,금정구 금사회동동,20대,298,267,232,2025
202502,2641055500,금정구 금사회동동,20대미만,256,24,103,2025
202502,2641055500,금정구 금사회동동,30대,388,494,429,2025
202502,2641055500,금정구 금사회동동,40대,525,552,513,2025
202502,2641055500,금정구 금사회동동,50대,817,697,796,2025
202502,2641055500,금정구 금사회동동,60대이상,2822,575,1175,2025
202502,2641057000,금정구 부곡1동,20대,368,43,100,2025
202502,2641057000,금정구 부곡1동,20대미만,353,17,99,2025
202502,2641057000,금정구 부곡1동,30대,398,46,102,2025
202502,2641057000,금정구 부곡1동,40대,618,54,169,2025
202502,2641057000,금정구 부곡1동,50대,803,80,182,2025
202502,2641057000,금정구 부곡1동,60대이상,2775,100,384,2025
202502,2641058000,금정구 부곡2동,20대,1543,188,464,2025
202502,2641058000,금정구 부곡2동,20대미만,1343,53,359,2025
202502,2641058000,금정구 부곡2동,30대,1113,227,482,2025
202502,2641058000,금정구 부곡2동,40대,1542,310,564,2025
202502,2641058000,금정구 부곡2동,50대,2069,346,657,2025
202502,2641058000,금정구 부곡2동,60대이상,4547,282,1207,2025
202502,2641059000,금정구 부곡3동,20대,1067,230,415,2025
202502,2641059000,금정구 부곡3동,20대미만,989,58,305,2025
202502,2641059000,금정구 부곡3동,30대,1116,289,345,2025
202502,2641059000,금정구 부곡3동,40대,1344,266,404,2025
202502,2641059000,금정구 부곡3동,50대,1696,311,548,2025
202502,2641059000,금정구 부곡3동,60대이상,4010,219,865,2025
202502,2641059100,금정구 부곡4동,20대,527,59,246,2025
202502,2641059100,금정구 부곡4동,20대미만,460,22,178,2025
202502,2641059100,금정구 부곡4동,30대,722,76,239,2025
202502,2641059100,금정구 부곡4동,40대,753,99,298,2025
202502,2641059100,금정구 부곡4동,50대,1223,127,361,2025
202502,2641059100,금정구 부곡4동,60대이상,3076,172,767,2025
202502,2641060000,금정구 장전1동,20대,3637,313,1248,2025
202502,2641060000,금정구 장전1동,20대미만,959,30,357,2025
202502,2641060000,금정구 장전1동,30대,1270,180,416,2025
202502,2641060000,금정구 장전1동,40대,1299,221,390,2025
202502,2641060000,금정구 장전1동,50대,1446,251,514,2025
202502,2641060000,금정구 장전1동,60대이상,3479,217,745,2025
202502,2641061000,금정구 장전2동,20대,1823,1189,2043,2025
202502,2641061000,금정구 장전2동,20대미만,2273,154,1027,2025
202502,2641061000,금정구 장전2동,30대,2178,683,1069,2025
202502,2641061000,금정구 장전2동,40대,3148,666,1139,2025
202502,2641061000,금정구 장전2동,50대,2639,636,1159,2025
202502,2641061000,금정구 장전2동,60대이상,5791,451,1771,2025
202502,2641063500,금정구 선두구동,20대,64,33,131,2025
202502,2641063500,금정구 선두구동,20대미만,56,4,65,2025
202502,2641063500,금정구 선두구동,30대,78,57,151,2025
202502,2641063500,금정구 선두구동,40대,105,86,238,2025
202502,2641063500,금정구 선두구동,50대,212,124,340,2025
202502,2641063500,금정구 선두구동,60대이상,843,104,502,2025
202502,2641066500,금정구 청룡노포동,20대,487,91,303,2025
202502,2641066500,금정구 청룡노포동,20대미만,521,10,165,2025
202502,2641066500,금정구 청룡노포동,30대,455,129,293,2025
202502,2641066500,금정구 청룡노포동,40대,595,137,372,2025
202502,2641066500,금정구 청룡노포동,50대,1036,204,672,2025
202502,2641066500,금정구 청룡노포동,60대이상,3322,240,1257,2025
202502,2641067000,금정구 남산동,20대,1998,255,834,2025
202502,2641067000,금정구 남산동,20대미만,1283,61,425,2025
202502,2641067000,금정구 남산동,30대,1481,241,568,2025
202502,2641067000,금정구 남산동,40대,1673,357,662,2025
202502,2641067000,금정구 남산동,50대,2987,470,1016,2025
202502,2641067000,금정구 남산동,60대이상,7749,397,1957,2025
202502,2641068000,금정구 구서1동,20대,1022,168,401,2025
202502,2641068000,금정구 구서1동,20대미만,1142,70,363,2025
202502,2641068000,금정구 구서1동,30대,1005,206,417,2025
202502,2641068000,금정구 구서1동,40대,1281,282,539,2025
202502,2641068000,금정구 구서1동,50대,1560,262,622,2025
202502,2641068000,금정구 구서1동,60대이상,3637,242,973,2025
202502,2641069000,금정구 구서2동,20대,1798,219,912,2025
202502,2641069000,금정구 구서2동,20대미만,2341,45,551,2025
202502,2641069000,금정구 구서2동,30대,2035,210,736,2025
202502,2641069000,금정구 구서2동,40대,2782,312,817,2025
202502,2641069000,금정구 구서2동,50대,3688,478,1233,2025
202502,2641069000,금정구 구서2동,60대이상,7803,399,2621,2025
202502,2641070000,금정구 금성동,20대,37,8,35,2025
202502,2641070000,금정구 금성동,20대미만,83,6,43,2025
202502,2641070000,금정구 금성동,30대,41,13,53,2025
202502,2641070000,금정구 금성동,40대,85,13,84,2025
202502,2641070000,금정구 금성동,50대,94,24,153,2025
202502,2641070000,금정구 금성동,60대이상,359,34,240,2025
202502,2644051000,강서구 대저1동,20대,556,368,342,2025
202502,2644051000,강서구 대저1동,20대미만,200,19,133,2025
202502,2644051000,강서구 대저1동,30대,372,556,430,2025
202502,2644051000,강서구 대저1동,40대,408,635,606,2025
202502,2644051000,강서구 대저1동,50대,666,746,817,2025
202502,2644051000,강서구 대저1동,60대이상,2754,590,1232,2025
202502,2644052000,강서구 대저2동,20대,815,639,3707,2025
202502,2644052000,강서구 대저2동,20대미만,555,21,2059,2025
202502,2644052000,강서구 대저2동,30대,521,1046,3011,2025
202502,2644052000,강서구 대저2동,40대,561,952,3434,2025
202502,2644052000,강서구 대저2동,50대,654,1248,3836,2025
202502,2644052000,강서구 대저2동,60대이상,2305,844,3436,2025
202502,2644053000,강서구 강동동,20대,62,36,115,2025
202502,2644053000,강서구 강동동,20대미만,46,1,37,2025
202502,2644053000,강서구 강동동,30대,154,101,181,2025
202502,2644053000,강서구 강동동,40대,174,142,277,2025
202502,2644053000,강서구 강동동,50대,219,203,389,2025
202502,2644053000,강서구 강동동,60대이상,1449,227,583,2025
202502,2644053500,강서구 명지1동,20대,2748,580,967,2025
202502,2644053500,강서구 명지1동,20대미만,7200,121,574,2025
202502,2644053500,강서구 명지1동,30대,7816,1220,1513,2025
202502,2644053500,강서구 명지1동,40대,9370,1432,1570,2025
202502,2644053500,강서구 명지1동,50대,3829,879,1350,2025
202502,2644053500,강서구 명지1동,60대이상,6239,520,1461,2025
202502,2644054500,강서구 명지2동,20대,1450,262,404,2025
202502,2644054500,강서구 명지2동,20대미만,4531,59,306,2025
202502,2644054500,강서구 명지2동,30대,2538,452,540,2025
202502,2644054500,강서구 명지2동,40대,5162,750,616,2025
202502,2644054500,강서구 명지2동,50대,3069,439,508,2025
202502,2644054500,강서구 명지2동,60대이상,3780,210,591,2025
202502,2644055000,강서구 가락동,20대,45,47,72,2025
202502,2644055000,강서구 가락동,20대미만,34,6,25,2025
202502,2644055000,강서구 가락동,30대,84,115,137,2025
202502,2644055000,강서구 가락동,40대,127,150,164,2025
202502,2644055000,강서구 가락동,50대,245,234,250,2025
202502,2644055000,강서구 가락동,60대이상,1085,206,409,2025
202502,2644056000,강서구 녹산동,20대,1017,1430,1353,2025
202502,2644056000,강서구 녹산동,20대미만,2372,71,328,2025
202502,2644056000,강서구 녹산동,30대,2387,3187,2168,2025
202502,2644056000,강서구 녹산동,40대,2856,3980,2977,2025
202502,2644056000,강서구 녹산동,50대,1839,3363,3009,2025
202502,2644056000,강서구 녹산동,60대이상,3609,2003,2722,2025
202502,2644058000,강서구 가덕도동,20대,177,87,276,2025
202502,2644058000,강서구 가덕도동,20대미만,113,0,73,2025
202502,2644058000,강서구 가덕도동,30대,242,134,512,2025
202502,2644058000,강서구 가덕도동,40대,293,170,854,2025
202502,2644058000,강서구 가덕도동,50대,409,183,863,2025
202502,2644058000,강서구 가덕도동,60대이상,1546,108,703,2025
202502,2647061000,연제구 거제1동,20대,1758,499,649,2025
202502,2647061000,연제구 거제1동,20대미만,2070,213,794,2025
202502,2647061000,연제구 거제1동,30대,1769,733,720,2025
202502,2647061000,연제구 거제1동,40대,2742,908,936,2025
202502,2647061000,연제구 거제1동,50대,2740,963,1053,2025
202502,2647061000,연제구 거제1동,60대이상,5830,680,1540,2025
202502,2647062000,연제구 거제2동,20대,1489,171,404,2025
202502,2647062000,연제구 거제2동,20대미만,2736,53,506,2025
202502,2647062000,연제구 거제2동,30대,2220,259,529,2025
202502,2647062000,연제구 거제2동,40대,3191,366,742,2025
202502,2647062000,연제구 거제2동,50대,2608,449,778,2025
202502,2647062000,연제구 거제2동,60대이상,3698,303,1327,2025
202502,2647063000,연제구 거제3동,20대,588,119,731,2025
202502,2647063000,연제구 거제3동,20대미만,451,34,269,2025
202502,2647063000,연제구 거제3동,30대,622,160,1037,2025
202502,2647063000,연제구 거제3동,40대,664,148,1040,2025
202502,2647063000,연제구 거제3동,50대,1097,190,1099,2025
202502,2647063000,연제구 거제3동,60대이상,2204,174,1230,2025
202502,2647064000,연제구 거제4동,20대,635,46,233,2025
202502,2647064000,연제구 거제4동,20대미만,919,15,255,2025
202502,2647064000,연제구 거제4동,30대,558,72,410,2025
202502,2647064000,연제구 거제4동,40대,862,84,388,2025
202502,2647064000,연제구 거제4동,50대,1186,144,355,2025
202502,2647064000,연제구 거제4동,60대이상,2703,119,521,2025
202502,2647065000,연제구 연산1동,20대,817,148,367,2025
202502,2647065000,연제구 연산1동,20대미만,1131,70,330,2025
202502,2647065000,연제구 연산1동,30대,1199,238,467,2025
202502,2647065000,연제구 연산1동,40대,1482,246,495,2025
202502,2647065000,연제구 연산1동,50대,1482,300,620,2025
202502,2647065000,연제구 연산1동,60대이상,3857,279,1065,2025
202502,2647066000,연제구 연산2동,20대,1551,228,1032,2025
202502,2647066000,연제구 연산2동,20대미만,1218,35,817,2025
202502,2647066000,연제구 연산2동,30대,2778,512,1710,2025
202502,2647066000,연제구 연산2동,40대,2196,478,1492,2025
202502,2647066000,연제구 연산2동,50대,2145,495,1379,2025
202502,2647066000,연제구 연산2동,60대이상,4940,304,2479,2025
202502,2647067000,연제구 연산3동,20대,271,15,45,2025
202502,2647067000,연제구 연산3동,20대미만,188,10,59,2025
202502,2647067000,연제구 연산3동,30대,370,20,78,2025
202502,2647067000,연제구 연산3동,40대,530,19,101,2025
202502,2647067000,연제구 연산3동,50대,623,70,100,2025
202502,2647067000,연제구 연산3동,60대이상,1893,61,213,2025
202502,2647068000,연제구 연산4동,20대,1021,256,995,2025
202502,2647068000,연제구 연산4동,20대미만,769,31,292,2025
202502,2647068000,연제구 연산4동,30대,1367,298,1037,2025
202502,2647068000,연제구 연산4동,40대,1576,318,975,2025
202502,2647068000,연제구 연산4동,50대,1864,425,1214,2025
202502,2647068000,연제구 연산4동,60대이상,5076,351,2521,2025
202502,2647069000,연제구 연산5동,20대,1591,320,794,2025
202502,2647069000,연제구 연산5동,20대미만,428,27,188,2025
202502,2647069000,연제구 연산5동,30대,1848,472,807,2025
202502,2647069000,연제구 연산5동,40대,1178,522,711,2025
202502,2647069000,연제구 연산5동,50대,1266,619,856,2025
202502,2647069000,연제구 연산5동,60대이상,2891,514,1388,2025
202502,2647070000,연제구 연산6동,20대,770,101,522,2025
202502,2647070000,연제구 연산6동,20대미만,759,39,360,2025
202502,2647070000,연제구 연산6동,30대,1095,117,584,2025
202502,2647070000,연제구 연산6동,40대,1295,159,615,2025
202502,2647070000,연제구 연산6동,50대,1514,224,788,2025
202502,2647070000,연제구 연산6동,60대이상,4584,248,1837,2025
202502,2647072000,연제구 연산8동,20대,441,60,292,2025
202502,2647072000,연제구 연산8동,20대미만,655,22,313,2025
202502,2647072000,연제구 연산8동,30대,865,91,376,2025
202502,2647072000,연제구 연산8동,40대,844,112,452,2025
202502,2647072000,연제구 연산8동,50대,1138,136,541,2025
202502,2647072000,연제구 연산8동,60대이상,2621,136,1247,2025
202502,2647073000,연제구 연산9동,20대,2205,259,498,2025
202502,2647073000,연제구 연산9동,20대미만,2402,53,361,2025
202502,2647073000,연제구 연산9동,30대,2543,306,643,2025
202502,2647073000,연제구 연산9동,40대,3216,476,728,2025
202502,2647073000,연제구 연산9동,50대,4147,596,959,2025
202502,2647073000,연제구 연산9동,60대이상,9279,477,1384,2025
202502,2650066000,수영구 남천1동,20대,1115,366,822,2025
202502,2650066000,수영구 남천1동,20대미만,1421,220,716,2025
202502,2650066000,수영구 남천1동,30대,1374,489,884,2025
202502,2650066000,수영구 남천1동,40대,1535,468,1005,2025
202502,2650066000,수영구 남천1동,50대,1830,532,1100,2025
202502,2650066000,수영구 남천1동,60대이상,3802,440,1810,2025
202502,2650067000,수영구 남천2동,20대,493,68,606,2025
202502,2650067000,수영구 남천2동,20대미만,560,11,322,2025
202502,2650067000,수영구 남천2동,30대,859,96,410,2025
202502,2650067000,수영구 남천2동,40대,840,95,408,2025
202502,2650067000,수영구 남천2동,50대,1288,129,410,2025
202502,2650067000,수영구 남천2동,60대이상,2714,116,665,2025
202502,2650073000,수영구 수영동,20대,981,153,438,2025
202502,2650073000,수영구 수영동,20대미만,585,23,204,2025
202502,2650073000,수영구 수영동,30대,1068,201,447,2025
202502,2650073000,수영구 수영동,40대,1107,155,412,2025
202502,2650073000,수영구 수영동,50대,1508,261,571,2025
202502,2650073000,수영구 수영동,60대이상,5161,257,1199,2025
202502,2650074000,수영구 망미1동,20대,1511,165,392,2025
202502,2650074000,수영구 망미1동,20대미만,1877,43,258,2025
202502,2650074000,수영구 망미1동,30대,1894,236,441,2025
202502,2650074000,수영구 망미1동,40대,2483,286,442,2025
202502,2650074000,수영구 망미1동,50대,2733,358,529,2025
202502,2650074000,수영구 망미1동,60대이상,8933,379,1153,2025
202502,2650075000,수영구 망미2동,20대,445,58,244,2025
202502,2650075000,수영구 망미2동,20대미만,539,20,216,2025
202502,2650075000,수영구 망미2동,30대,667,91,284,2025
202502,2650075000,수영구 망미2동,40대,825,99,381,2025
202502,2650075000,수영구 망미2동,50대,1087,141,400,2025
202502,2650075000,수영구 망미2동,60대이상,2580,103,702,2025
202502,2650076000,수영구 광안1동,20대,1814,150,656,2025
202502,2650076000,수영구 광안1동,20대미만,862,38,232,2025
202502,2650076000,수영구 광안1동,30대,1912,190,461,2025
202502,2650076000,수영구 광안1동,40대,1466,194,420,2025
202502,2650076000,수영구 광안1동,50대,1422,212,493,2025
202502,2650076000,수영구 광안1동,60대이상,3919,180,1010,2025
202502,2650077000,수영구 광안2동,20대,1481,303,2163,2025
202502,2650077000,수영구 광안2동,20대미만,951,32,786,2025
202502,2650077000,수영구 광안2동,30대,1635,365,1162,2025
202502,2650077000,수영구 광안2동,40대,1609,294,814,2025
202502,2650077000,수영구 광안2동,50대,1692,318,860,2025
202502,2650077000,수영구 광안2동,60대이상,4101,288,1355,2025
202502,2650078000,수영구 광안3동,20대,1176,170,795,2025
202502,2650078000,수영구 광안3동,20대미만,309,17,231,2025
202502,2650078000,수영구 광안3동,30대,1095,182,612,2025
202502,2650078000,수영구 광안3동,40대,776,198,554,2025
202502,2650078000,수영구 광안3동,50대,829,213,652,2025
202502,2650078000,수영구 광안3동,60대이상,2646,221,1322,2025
202502,2650079000,수영구 광안4동,20대,887,114,641,2025
202502,2650079000,수영구 광안4동,20대미만,675,47,481,2025
202502,2650079000,수영구 광안4동,30대,1070,111,710,2025
202502,2650079000,수영구 광안4동,40대,1242,147,682,2025
202502,2650079000,수영구 광안4동,50대,1423,153,733,2025
202502,2650079000,수영구 광안4동,60대이상,3193,152,1319,2025
202502,2650080000,수영구 민락동,20대,1896,353,2531,2025
202502,2650080000,수영구 민락동,20대미만,1547,18,1112,2025
202502,2650080000,수영구 민락동,30대,2700,357,1403,2025
202502,2650080000,수영구 민락동,40대,2751,338,1070,2025
202502,2650080000,수영구 민락동,50대,3307,454,1065,2025
202502,2650080000,수영구 민락동,60대이상,7287,424,1498,2025
202502,2653058000,사상구 삼락동,20대,242,140,273,2025
202502,2653058000,사상구 삼락동,20대미만,198,19,227,2025
202502,2653058000,사상구 삼락동,30대,267,266,356,2025
202502,2653058000,사상구 삼락동,40대,278,354,448,2025
202502,2653058000,사상구 삼락동,50대,671,561,725,2025
202502,2653058000,사상구 삼락동,60대이상,1570,479,1219,2025
202502,2653059100,사상구 모라1동,20대,1768,276,370,2025
202502,2653059100,사상구 모라1동,20대미만,1434,29,167,2025
202502,2653059100,사상구 모라1동,30대,1915,499,477,2025
202502,2653059100,사상구 모라1동,40대,1865,448,488,2025
202502,2653059100,사상구 모라1동,50대,3174,792,775,2025
202502,2653059100,사상구 모라1동,60대이상,8207,768,1275,2025
202502,2653059300,사상구 모라3동,20대,341,64,77,2025
202502,2653059300,사상구 모라3동,20대미만,341,20,66,2025
202502,2653059300,사상구 모라3동,30대,408,44,109,2025
202502,2653059300,사상구 모라3동,40대,691,67,152,2025
202502,2653059300,사상구 모라3동,50대,1234,134,234,2025
202502,2653059300,사상구 모라3동,60대이상,4638,174,554,2025
202502,2653060000,사상구 덕포1동,20대,646,64,263,2025
202502,2653060000,사상구 덕포1동,20대미만,710,26,128,2025
202502,2653060000,사상구 덕포1동,30대,1107,109,261,2025
202502,2653060000,사상구 덕포1동,40대,1016,95,227,2025
202502,2653060000,사상구 덕포1동,50대,1168,182,339,2025
202502,2653060000,사상구 덕포1동,60대이상,2563,173,606,2025
202502,2653061000,사상구 덕포2동,20대,829,170,474,2025
202502,2653061000,사상구 덕포2동,20대미만,908,31,343,2025
202502,2653061000,사상구 덕포2동,30대,865,212,396,2025
202502,2653061000,사상구 덕포2동,40대,1008,299,407,2025
202502,2653061000,사상구 덕포2동,50대,1547,425,579,2025
202502,2653061000,사상구 덕포2동,60대이상,3801,356,945,2025
202502,2653062000,사상구 괘법동,20대,2893,568,1622,2025
202502,2653062000,사상구 괘법동,20대미만,857,47,486,2025
202502,2653062000,사상구 괘법동,30대,2876,551,1173,2025
202502,2653062000,사상구 괘법동,40대,1866,622,1021,2025
202502,2653062000,사상구 괘법동,50대,2674,771,1383,2025
202502,2653062000,사상구 괘법동,60대이상,5495,667,2220,2025
202502,2653064500,사상구 감전동,20대,586,442,492,2025
202502,2653064500,사상구 감전동,20대미만,351,19,161,2025
202502,2653064500,사상구 감전동,30대,799,739,605,2025
202502,2653064500,사상구 감전동,40대,797,750,653,2025
202502,2653064500,사상구 감전동,50대,1306,955,991,2025
202502,2653064500,사상구 감전동,60대이상,3454,831,1262,2025
202502,2653065000,사상구 주례1동,20대,1150,234,342,2025
202502,2653065000,사상구 주례1동,20대미만,1300,15,124,2025
202502,2653065000,사상구 주례1동,30대,1534,304,393,2025
202502,2653065000,사상구 주례1동,40대,1552,318,361,2025
202502,2653065000,사상구 주례1동,50대,2080,475,556,2025
202502,2653065000,사상구 주례1동,60대이상,4349,395,1192,2025
202502,2653066000,사상구 주례2동,20대,2565,346,907,2025
202502,2653066000,사상구 주례2동,20대미만,1710,37,345,2025
202502,2653066000,사상구 주례2동,30대,1763,312,511,2025
202502,2653066000,사상구 주례2동,40대,2049,320,503,2025
202502,2653066000,사상구 주례2동,50대,2423,386,727,2025
202502,2653066000,사상구 주례2동,60대이상,5298,338,1389,2025
202502,2653066100,사상구 주례3동,20대,438,56,162,2025
202502,2653066100,사상구 주례3동,20대미만,389,6,87,2025
202502,2653066100,사상구 주례3동,30대,376,92,169,2025
202502,2653066100,사상구 주례3동,40대,555,113,188,2025
202502,2653066100,사상구 주례3동,50대,809,122,235,2025
202502,2653066100,사상구 주례3동,60대이상,1928,111,379,2025
202502,2653067000,사상구 학장동,20대,1021,301,423,2025
202502,2653067000,사상구 학장동,20대미만,1154,20,302,2025
202502,2653067000,사상구 학장동,30대,1108,419,546,2025
202502,2653067000,사상구 학장동,40대,1761,526,702,2025
202502,2653067000,사상구 학장동,50대,2158,748,1012,2025
202502,2653067000,사상구 학장동,60대이상,5291,569,1763,2025
202502,2653068000,사상구 엄궁동,20대,1787,233,282,2025
202502,2653068000,사상구 엄궁동,20대미만,2644,13,138,2025
202502,2653068000,사상구 엄궁동,30대,1872,266,388,2025
202502,2653068000,사상구 엄궁동,40대,2634,434,471,2025
202502,2653068000,사상구 엄궁동,50대,3553,565,660,2025
202502,2653068000,사상구 엄궁동,60대이상,6161,428,937,2025
202502,2671025000,기장군 기장읍,20대,3729,1006,1667,2025
202502,2671025000,기장군 기장읍,20대미만,3806,65,1450,2025
202502,2671025000,기장군 기장읍,30대,4211,1116,2353,2025
202502,2671025000,기장군 기장읍,40대,5525,1286,2720,2025
202502,2671025000,기장군 기장읍,50대,7398,1645,2601,2025
202502,2671025000,기장군 기장읍,60대이상,17209,1022,3208,2025
202502,2671025300,기장군 장안읍,20대,511,551,651,2025
202502,2671025300,기장군 장안읍,20대미만,385,26,417,2025
202502,2671025300,기장군 장안읍,30대,682,1064,983,2025
202502,2671025300,기장군 장안읍,40대,693,1168,1344,2025
202502,2671025300,기장군 장안읍,50대,1082,1063,1389,2025
202502,2671025300,기장군 장안읍,60대이상,3064,587,1563,2025
202502,2671025600,기장군 정관읍,20대,4699,862,866,2025
202502,2671025600,기장군 정관읍,20대미만,13869,55,469,2025
202502,2671025600,기장군 정관읍,30대,6738,1190,901,2025
202502,2671025600,기장군 정관읍,40대,14015,2216,1255,2025
202502,2671025600,기장군 정관읍,50대,8871,1790,1292,2025
202502,2671025600,기장군 정관읍,60대이상,13604,889,1555,2025
202502,2671025900,기장군 일광읍,20대,1902,314,652,2025
202502,2671025900,기장군 일광읍,20대미만,2586,32,429,2025
202502,2671025900,기장군 일광읍,30대,3556,475,827,2025
202502,2671025900,기장군 일광읍,40대,3830,573,912,2025
202502,2671025900,기장군 일광읍,50대,3185,534,1101,2025
202502,2671025900,기장군 일광읍,60대이상,5538,361,1465,2025
202502,2671033000,기장군 철마면,20대,189,57,89,2025
202502,2671033000,기장군 철마면,20대미만,212,6,57,2025
202502,2671033000,기장군 철마면,30대,239,83,138,2025
202502,2671033000,기장군 철마면,40대,434,141,215,2025
202502,2671033000,기장군 철마면,50대,717,238,389,2025
202502,2671033000,기장군 철마면,60대이상,3173,217,699,2025
202501,2611051000,중구 중앙동,20대,538,664,1127,2025
202501,2611051000,중구 중앙동,20대미만,293,26,368,2025
202501,2611051000,중구 중앙동,30대,555,1042,1149,2025
202501,2611051000,중구 중앙동,40대,516,902,1092,2025
202501,2611051000,중구 중앙동,50대,759,931,1230,2025
202501,2611051000,중구 중앙동,60대이상,1696,544,1621,2025
202501,2611052000,중구 동광동,20대,108,49,157,2025
202501,2611052000,중구 동광동,20대미만,39,0,52,2025
202501,2611052000,중구 동광동,30대,139,59,143,2025
202501,2611052000,중구 동광동,40대,174,87,164,2025
202501,2611052000,중구 동광동,50대,258,81,192,2025
202501,2611052000,중구 동광동,60대이상,996,82,337,2025
202501,2611053000,중구 대청동,20대,447,133,353,2025
202501,2611053000,중구 대청동,20대미만,209,30,143,2025
202501,2611053000,중구 대청동,30대,356,206,299,2025
202501,2611053000,중구 대청동,40대,484,181,294,2025
202501,2611053000,중구 대청동,50대,692,185,349,2025
202501,2611053000,중구 대청동,60대이상,1905,177,608,2025
202501,2611054500,중구 보수동,20대,932,86,216,2025
202501,2611054500,중구 보수동,20대미만,362,7,95,2025
202501,2611054500,중구 보수동,30대,515,53,175,2025
202501,2611054500,중구 보수동,40대,631,79,216,2025
202501,2611054500,중구 보수동,50대,1105,137,270,2025
202501,2611054500,중구 보수동,60대이상,2340,119,580,2025
202501,2611056000,중구 부평동,20대,235,99,859,2025
202501,2611056000,중구 부평동,20대미만,168,16,303,2025
202501,2611056000,중구 부평동,30대,242,159,743,2025
202501,2611056000,중구 부평동,40대,314,174,802,2025
202501,2611056000,중구 부평동,50대,487,220,1020,2025
202501,2611056000,중구 부평동,60대이상,1514,286,1841,2025
202501,2611057000,중구 광복동,20대,19,84,292,2025
202501,2611057000,중구 광복동,20대미만,6,3,146,2025
202501,2611057000,중구 광복동,30대,13,58,227,2025
202501,2611057000,중구 광복동,40대,47,72,266,2025
202501,2611057000,중구 광복동,50대,36,89,306,2025
202501,2611057000,중구 광복동,60대이상,194,160,514,2025
202501,2611058000,중구 남포동,20대,177,250,969,2025
202501,2611058000,중구 남포동,20대미만,47,13,469,2025
202501,2611058000,중구 남포동,30대,214,314,866,2025
202501,2611058000,중구 남포동,40대,216,310,967,2025
202501,2611058000,중구 남포동,50대,358,421,1386,2025
202501,2611058000,중구 남포동,60대이상,945,703,3033,2025
202501,2611059000,중구 영주1동,20대,41,13,74,2025
202501,2611059000,중구 영주1동,20대미만,13,0,19,2025
202501,2611059000,중구 영주1동,30대,30,16,54,2025
202501,2611059000,중구 영주1동,40대,39,17,57,2025
202501,2611059000,중구 영주1동,50대,47,14,89,2025
202501,2611059000,중구 영주1동,60대이상,135,17,106,2025
202501,2611060000,중구 영주2동,20대,361,36,163,2025
202501,2611060000,중구 영주2동,20대미만,251,2,89,2025
202501,2611060000,중구 영주2동,30대,349,37,160,2025
202501,2611060000,중구 영주2동,40대,510,47,178,2025
202501,2611060000,중구 영주2동,50대,864,78,248,2025
202501,2611060000,중구 영주2동,60대이상,2654,76,574,2025
202501,2614051000,서구 동대신1동,20대,284,23,198,2025
202501,2614051000,서구 동대신1동,20대미만,232,10,110,2025
202501,2614051000,서구 동대신1동,30대,370,36,165,2025
202501,2614051000,서구 동대신1동,40대,410,40,198,2025
202501,2614051000,서구 동대신1동,50대,516,51,235,2025
202501,2614051000,서구 동대신1동,60대이상,1479,80,473,2025
202501,2614052000,서구 동대신2동,20대,138,12,65,2025
202501,2614052000,서구 동대신2동,20대미만,126,1,39,2025
202501,2614052000,서구 동대신2동,30대,138,6,52,2025
202501,2614052000,서구 동대신2동,40대,305,23,83,2025
202501,2614052000,서구 동대신2동,50대,398,31,93,2025
202501,2614052000,서구 동대신2동,60대이상,1420,33,216,2025
202501,2614053000,서구 동대신3동,20대,652,235,567,2025
202501,2614053000,서구 동대신3동,20대미만,491,73,352,2025
202501,2614053000,서구 동대신3동,30대,454,212,458,2025
202501,2614053000,서구 동대신3동,40대,596,202,591,2025
202501,2614053000,서구 동대신3동,50대,740,244,763,2025
202501,2614053000,서구 동대신3동,60대이상,2082,161,1537,2025
202501,2614054000,서구 서대신1동,20대,1004,136,420,2025
202501,2614054000,서구 서대신1동,20대미만,1219,14,303,2025
202501,2614054000,서구 서대신1동,30대,1218,165,358,2025
202501,2614054000,서구 서대신1동,40대,1686,202,449,2025
202501,2614054000,서구 서대신1동,50대,1563,223,546,2025
202501,2614054000,서구 서대신1동,60대이상,3774,219,923,2025
202501,2614056000,서구 서대신3동,20대,235,34,124,2025
202501,2614056000,서구 서대신3동,20대미만,316,36,121,2025
202501,2614056000,서구 서대신3동,30대,229,50,129,2025
202501,2614056000,서구 서대신3동,40대,390,64,169,2025
202501,2614056000,서구 서대신3동,50대,451,56,223,2025
202501,2614056000,서구 서대신3동,60대이상,1033,58,390,2025
202501,2614057000,서구 서대신4동,20대,398,42,212,2025
202501,2614057000,서구 서대신4동,20대미만,561,10,107,2025
202501,2614057000,서구 서대신4동,30대,420,54,172,2025
202501,2614057000,서구 서대신4동,40대,660,58,244,2025
202501,2614057000,서구 서대신4동,50대,814,97,320,2025
202501,2614057000,서구 서대신4동,60대이상,1940,80,572,2025
202501,2614059000,서구 부민동,20대,459,89,266,2025
202501,2614059000,서구 부민동,20대미만,304,10,115,2025
202501,2614059000,서구 부민동,30대,337,45,134,2025
202501,2614059000,서구 부민동,40대,426,63,146,2025
202501,2614059000,서구 부민동,50대,457,63,190,2025
202501,2614059000,서구 부민동,60대이상,1311,59,318,2025
202501,2614061500,서구 아미동,20대,451,46,255,2025
202501,2614061500,서구 아미동,20대미만,175,1,86,2025
202501,2614061500,서구 아미동,30대,454,91,293,2025
202501,2614061500,서구 아미동,40대,388,71,239,2025
202501,2614061500,서구 아미동,50대,610,80,279,2025
202501,2614061500,서구 아미동,60대이상,2592,92,592,2025
202501,2614063000,서구 초장동,20대,157,12,72,2025
202501,2614063000,서구 초장동,20대미만,117,23,61,2025
202501,2614063000,서구 초장동,30대,174,7,66,2025
202501,2614063000,서구 초장동,40대,291,21,117,2025
202501,2614063000,서구 초장동,50대,445,42,183,2025
202501,2614063000,서구 초장동,60대이상,1638,54,342,2025
202501,2614064000,서구 충무동,20대,502,65,154,2025
202501,2614064000,서구 충무동,20대미만,273,26,91,2025
202501,2614064000,서구 충무동,30대,415,102,160,2025
202501,2614064000,서구 충무동,40대,536,125,208,2025
202501,2614064000,서구 충무동,50대,716,145,296,2025
202501,2614064000,서구 충무동,60대이상,2031,157,602,2025
202501,2614065000,서구 남부민1동,20대,131,9,68,2025
202501,2614065000,서구 남부민1동,20대미만,54,1,31,2025
202501,2614065000,서구 남부민1동,30대,78,23,69,2025
202501,2614065000,서구 남부민1동,40대,151,34,104,2025
202501,2614065000,서구 남부민1동,50대,406,66,144,2025
202501,2614065000,서구 남부민1동,60대이상,1166,53,337,2025
202501,2614066000,서구 남부민2동,20대,381,53,277,2025
202501,2614066000,서구 남부민2동,20대미만,354,7,192,2025
202501,2614066000,서구 남부민2동,30대,388,63,332,2025
202501,2614066000,서구 남부민2동,40대,550,67,380,2025
202501,2614066000,서구 남부민2동,50대,944,84,434,2025
202501,2614066000,서구 남부민2동,60대이상,3130,110,849,2025
202501,2614068000,서구 암남동,20대,1015,270,778,2025
202501,2614068000,서구 암남동,20대미만,796,38,344,2025
202501,2614068000,서구 암남동,30대,1174,373,763,2025
202501,2614068000,서구 암남동,40대,1459,443,938,2025
202501,2614068000,서구 암남동,50대,1974,548,1156,2025
202501,2614068000,서구 암남동,60대이상,4886,409,1893,2025
202501,2617051000,동구 초량1동,20대,159,114,402,2025
202501,2617051000,동구 초량1동,20대미만,112,19,157,2025
202501,2617051000,동구 초량1동,30대,144,193,377,2025
202501,2617051000,동구 초량1동,40대,223,157,371,2025
202501,2617051000,동구 초량1동,50대,327,138,391,2025
202501,2617051000,동구 초량1동,60대이상,1028,110,571,2025
202501,2617052000,동구 초량2동,20대,266,111,703,2025
202501,2617052000,동구 초량2동,20대미만,224,19,284,2025
202501,2617052000,동구 초량2동,30대,267,156,566,2025
202501,2617052000,동구 초량2동,40대,389,142,557,2025
202501,2617052000,동구 초량2동,50대,653,168,692,2025
202501,2617052000,동구 초량2동,60대이상,2077,176,1088,2025
202501,2617053000,동구 초량3동,20대,986,390,1363,2025
202501,2617053000,동구 초량3동,20대미만,645,43,592,2025
202501,2617053000,동구 초량3동,30대,1553,496,1328,2025
202501,2617053000,동구 초량3동,40대,1378,444,1317,2025
202501,2617053000,동구 초량3동,50대,1207,492,1604,2025
202501,2617053000,동구 초량3동,60대이상,2139,354,1976,2025
202501,2617055000,동구 초량6동,20대,79,23,108,2025
202501,2617055000,동구 초량6동,20대미만,57,2,77,2025
202501,2617055000,동구 초량6동,30대,87,17,103,2025
202501,2617055000,동구 초량6동,40대,100,21,121,2025
202501,2617055000,동구 초량6동,50대,187,39,126,2025
202501,2617055000,동구 초량6동,60대이상,484,20,134,2025
202501,2617056000,동구 수정1동,20대,281,61,207,2025
202501,2617056000,동구 수정1동,20대미만,281,16,128,2025
202501,2617056000,동구 수정1동,30대,243,66,230,2025
202501,2617056000,동구 수정1동,40대,377,59,215,2025
202501,2617056000,동구 수정1동,50대,467,80,250,2025
202501,2617056000,동구 수정1동,60대이상,1353,66,456,2025
202501,2617057000,동구 수정2동,20대,396,73,157,2025
202501,2617057000,동구 수정2동,20대미만,367,16,111,2025
202501,2617057000,동구 수정2동,30대,607,104,187,2025
202501,2617057000,동구 수정2동,40대,622,134,212,2025
202501,2617057000,동구 수정2동,50대,828,149,318,2025
202501,2617057000,동구 수정2동,60대이상,2721,135,512,2025
202501,2617059000,동구 수정4동,20대,126,15,38,2025
202501,2617059000,동구 수정4동,20대미만,90,0,47,2025
202501,2617059000,동구 수정4동,30대,123,5,45,2025
202501,2617059000,동구 수정4동,40대,184,17,65,2025
202501,2617059000,동구 수정4동,50대,385,22,90,2025
202501,2617059000,동구 수정4동,60대이상,1296,24,195,2025
202501,2617060000,동구 수정5동,20대,253,18,68,2025
202501,2617060000,동구 수정5동,20대미만,239,11,67,2025
202501,2617060000,동구 수정5동,30대,218,25,73,2025
202501,2617060000,동구 수정5동,40대,369,35,116,2025
202501,2617060000,동구 수정5동,50대,608,47,125,2025
202501,2617060000,동구 수정5동,60대이상,2118,38,256,2025
202501,2617064500,동구 좌천동,20대,236,23,202,2025
202501,2617064500,동구 좌천동,20대미만,119,6,117,2025
202501,2617064500,동구 좌천동,30대,263,26,240,2025
202501,2617064500,동구 좌천동,40대,250,37,231,2025
202501,2617064500,동구 좌천동,50대,428,64,351,2025
202501,2617064500,동구 좌천동,60대이상,1395,64,786,2025
202501,2617065000,동구 범일1동,20대,572,59,249,2025
202501,2617065000,동구 범일1동,20대미만,294,18,127,2025
202501,2617065000,동구 범일1동,30대,627,86,317,2025
202501,2617065000,동구 범일1동,40대,763,110,325,2025
202501,2617065000,동구 범일1동,50대,1097,150,326,2025
202501,2617065000,동구 범일1동,60대이상,4014,187,701,2025
202501,2617066000,동구 범일2동,20대,546,329,665,2025
202501,2617066000,동구 범일2동,20대미만,348,17,187,2025
202501,2617066000,동구 범일2동,30대,665,615,813,2025
202501,2617066000,동구 범일2동,40대,624,736,873,2025
202501,2617066000,동구 범일2동,50대,906,864,1135,2025
202501,2617066000,동구 범일2동,60대이상,2153,752,1915,2025
202501,2617068000,동구 범일5동,20대,507,57,403,2025
202501,2617068000,동구 범일5동,20대미만,436,14,198,2025
202501,2617068000,동구 범일5동,30대,1317,108,464,2025
202501,2617068000,동구 범일5동,40대,991,150,478,2025
202501,2617068000,동구 범일5동,50대,835,189,593,2025
202501,2617068000,동구 범일5동,60대이상,1633,271,1158,2025
202501,2620053000,영도구 남항동,20대,553,173,518,2025
202501,2620053000,영도구 남항동,20대미만,400,14,289,2025
202501,2620053000,영도구 남항동,30대,606,217,557,2025
202501,2620053000,영도구 남항동,40대,810,297,733,2025
202501,2620053000,영도구 남항동,50대,1347,395,1049,2025
202501,2620053000,영도구 남항동,60대이상,4161,467,1963,2025
202501,2620054000,영도구 영선1동,20대,57,10,38,2025
202501,2620054000,영도구 영선1동,20대미만,50,4,28,2025
202501,2620054000,영도구 영선1동,30대,49,10,39,2025
202501,2620054000,영도구 영선1동,40대,115,25,54,2025
202501,2620054000,영도구 영선1동,50대,157,37,85,2025
202501,2620054000,영도구 영선1동,60대이상,482,65,187,2025
202501,2620055000,영도구 영선2동,20대,360,27,173,2025
202501,2620055000,영도구 영선2동,20대미만,386,6,133,2025
202501,2620055000,영도구 영선2동,30대,413,39,162,2025
202501,2620055000,영도구 영선2동,40대,503,54,195,2025
202501,2620055000,영도구 영선2동,50대,896,77,238,2025
202501,2620055000,영도구 영선2동,60대이상,2935,92,463,2025
202501,2620058500,영도구 신선동,20대,266,20,97,2025
202501,2620058500,영도구 신선동,20대미만,228,18,99,2025
202501,2620058500,영도구 신선동,30대,286,36,100,2025
202501,2620058500,영도구 신선동,40대,530,42,172,2025
202501,2620058500,영도구 신선동,50대,814,73,212,2025
202501,2620058500,영도구 신선동,60대이상,2929,62,396,2025
202501,2620059000,영도구 봉래1동,20대,258,27,168,2025
202501,2620059000,영도구 봉래1동,20대미만,314,2,147,2025
202501,2620059000,영도구 봉래1동,30대,285,73,201,2025
202501,2620059000,영도구 봉래1동,40대,451,82,275,2025
202501,2620059000,영도구 봉래1동,50대,587,130,321,2025
202501,2620059000,영도구 봉래1동,60대이상,1943,168,573,2025
202501,2620060500,영도구 봉래2동,20대,365,46,155,2025
202501,2620060500,영도구 봉래2동,20대미만,340,16,141,2025
202501,2620060500,영도구 봉래2동,30대,471,63,176,2025
202501,2620060500,영도구 봉래2동,40대,502,124,252,2025
202501,2620060500,영도구 봉래2동,50대,880,139,302,2025
202501,2620060500,영도구 봉래2동,60대이상,2437,162,533,2025
202501,2620063000,영도구 청학1동,20대,204,31,110,2025
202501,2620063000,영도구 청학1동,20대미만,183,7,94,2025
202501,2620063000,영도구 청학1동,30대,250,66,133,2025
202501,2620063000,영도구 청학1동,40대,403,130,221,2025
202501,2620063000,영도구 청학1동,50대,573,158,286,2025
202501,2620063000,영도구 청학1동,60대이상,1907,119,412,2025
202501,2620064000,영도구 청학2동,20대,670,105,328,2025
202501,2620064000,영도구 청학2동,20대미만,810,9,236,2025
202501,2620064000,영도구 청학2동,30대,952,160,312,2025
202501,2620064000,영도구 청학2동,40대,1306,241,443,2025
202501,2620064000,영도구 청학2동,50대,1887,307,493,2025
202501,2620064000,영도구 청학2동,60대이상,4975,229,851,2025
202501,2620065000,영도구 동삼1동,20대,1662,251,588,2025
202501,2620065000,영도구 동삼1동,20대미만,1822,61,436,2025
202501,2620065000,영도구 동삼1동,30대,1787,313,534,2025
202501,2620065000,영도구 동삼1동,40대,2444,405,660,2025
202501,2620065000,영도구 동삼1동,50대,3422,502,710,2025
202501,2620065000,영도구 동삼1동,60대이상,9313,375,1068,2025
202501,2620066000,영도구 동삼2동,20대,466,140,461,2025
202501,2620066000,영도구 동삼2동,20대미만,248,14,416,2025
202501,2620066000,영도구 동삼2동,30대,303,97,453,2025
202501,2620066000,영도구 동삼2동,40대,403,121,590,2025
202501,2620066000,영도구 동삼2동,50대,499,143,641,2025
202501,2620066000,영도구 동삼2동,60대이상,1373,82,998,2025
202501,2620067000,영도구 동삼3동,20대,375,53,199,2025
202501,2620067000,영도구 동삼3동,20대미만,364,21,164,2025
202501,2620067000,영도구 동삼3동,30대,440,74,261,2025
202501,2620067000,영도구 동삼3동,40대,641,86,337,2025
202501,2620067000,영도구 동삼3동,50대,1006,127,432,2025
202501,2620067000,영도구 동삼3동,60대이상,3787,134,830,2025
202501,2623051000,부산진구 부전1동,20대,2092,625,1872,2025
202501,2623051000,부산진구 부전1동,20대미만,384,22,497,2025
202501,2623051000,부산진구 부전1동,30대,1751,740,1430,2025
202501,2623051000,부산진구 부전1동,40대,1050,667,1236,2025
202501,2623051000,부산진구 부전1동,50대,1306,802,1797,2025
202501,2623051000,부산진구 부전1동,60대이상,2771,994,4431,2025
202501,2623052000,부산진구 부전2동,20대,1733,1575,6536,2025
202501,2623052000,부산진구 부전2동,20대미만,312,83,1977,2025
202501,2623052000,부산진구 부전2동,30대,1650,1191,3430,2025
202501,2623052000,부산진구 부전2동,40대,1121,833,2204,2025
202501,2623052000,부산진구 부전2동,50대,1058,817,1994,2025
202501,2623052000,부산진구 부전2동,60대이상,1625,599,2559,2025
202501,2623054000,부산진구 연지동,20대,634,66,255,2025
202501,2623054000,부산진구 연지동,20대미만,661,39,218,2025
202501,2623054000,부산진구 연지동,30대,895,76,302,2025
202501,2623054000,부산진구 연지동,40대,1207,134,342,2025
202501,2623054000,부산진구 연지동,50대,1401,146,339,2025
202501,2623054000,부산진구 연지동,60대이상,3836,150,626,2025
202501,2623055000,부산진구 초읍동,20대,1250,176,499,2025
202501,2623055000,부산진구 초읍동,20대미만,1765,41,364,2025
202501,2623055000,부산진구 초읍동,30대,1681,178,645,2025
202501,2623055000,부산진구 초읍동,40대,2137,304,766,2025
202501,2623055000,부산진구 초읍동,50대,2702,392,837,2025
202501,2623055000,부산진구 초읍동,60대이상,7595,341,1357,2025
202501,2623056000,부산진구 양정1동,20대,1490,312,738,2025
202501,2623056000,부산진구 양정1동,20대미만,1166,82,344,2025
202501,2623056000,부산진구 양정1동,30대,1646,312,738,2025
202501,2623056000,부산진구 양정1동,40대,1695,329,728,2025
202501,2623056000,부산진구 양정1동,50대,2409,418,826,2025
202501,2623056000,부산진구 양정1동,60대이상,5474,401,1197,2025
202501,2623057000,부산진구 양정2동,20대,1648,182,557,2025
202501,2623057000,부산진구 양정2동,20대미만,544,52,172,2025
202501,2623057000,부산진구 양정2동,30대,1551,214,494,2025
202501,2623057000,부산진구 양정2동,40대,1091,208,467,2025
202501,2623057000,부산진구 양정2동,50대,1031,276,671,2025
202501,2623057000,부산진구 양정2동,60대이상,2119,186,1126,2025
202501,2623060000,부산진구 전포1동,20대,2672,652,2528,2025
202501,2623060000,부산진구 전포1동,20대미만,654,114,611,2025
202501,2623060000,부산진구 전포1동,30대,2612,544,1322,2025
202501,2623060000,부산진구 전포1동,40대,1407,309,723,2025
202501,2623060000,부산진구 전포1동,50대,1614,312,654,2025
202501,2623060000,부산진구 전포1동,60대이상,2789,282,747,2025
202501,2623061000,부산진구 전포2동,20대,2171,432,1801,2025
202501,2623061000,부산진구 전포2동,20대미만,1053,33,552,2025
202501,2623061000,부산진구 전포2동,30대,2535,407,1268,2025
202501,2623061000,부산진구 전포2동,40대,2183,316,772,2025
202501,2623061000,부산진구 전포2동,50대,2262,386,735,2025
202501,2623061000,부산진구 전포2동,60대이상,5519,315,1092,2025
202501,2623064000,부산진구 부암1동,20대,1419,170,612,2025
202501,2623064000,부산진구 부암1동,20대미만,1182,38,308,2025
202501,2623064000,부산진구 부암1동,30대,2160,235,649,2025
202501,2623064000,부산진구 부암1동,40대,2030,241,637,2025
202501,2623064000,부산진구 부암1동,50대,2267,321,730,2025
202501,2623064000,부산진구 부암1동,60대이상,4995,283,1102,2025
202501,2623066000,부산진구 부암3동,20대,1223,104,467,2025
202501,2623066000,부산진구 부암3동,20대미만,1556,75,369,2025
202501,2623066000,부산진구 부암3동,30대,1895,123,483,2025
202501,2623066000,부산진구 부암3동,40대,2002,228,548,2025
202501,2623066000,부산진구 부암3동,50대,2735,312,757,2025
202501,2623066000,부산진구 부암3동,60대이상,5345,241,1549,2025
202501,2623067000,부산진구 당감1동,20대,1302,158,409,2025
202501,2623067000,부산진구 당감1동,20대미만,1142,38,306,2025
202501,2623067000,부산진구 당감1동,30대,1385,139,462,2025
202501,2623067000,부산진구 당감1동,40대,1716,181,526,2025
202501,2623067000,부산진구 당감1동,50대,2859,312,703,2025
202501,2623067000,부산진구 당감1동,60대이상,6372,315,1094,2025
202501,2623068000,부산진구 당감2동,20대,456,49,238,2025
202501,2623068000,부산진구 당감2동,20대미만,337,6,142,2025
202501,2623068000,부산진구 당감2동,30대,600,56,304,2025
202501,2623068000,부산진구 당감2동,40대,693,62,314,2025
202501,2623068000,부산진구 당감2동,50대,733,99,362,2025
202501,2623068000,부산진구 당감2동,60대이상,1662,74,595,2025
202501,2623070000,부산진구 당감4동,20대,539,41,255,2025
202501,2623070000,부산진구 당감4동,20대미만,694,17,220,2025
202501,2623070000,부산진구 당감4동,30대,580,55,318,2025
202501,2623070000,부산진구 당감4동,40대,814,74,329,2025
202501,2623070000,부산진구 당감4동,50대,1157,137,394,2025
202501,2623070000,부산진구 당감4동,60대이상,2491,124,615,2025
202501,2623071000,부산진구 가야1동,20대,1334,266,740,2025
202501,2623071000,부산진구 가야1동,20대미만,942,73,440,2025
202501,2623071000,부산진구 가야1동,30대,1146,181,626,2025
202501,2623071000,부산진구 가야1동,40대,1469,232,710,2025
202501,2623071000,부산진구 가야1동,50대,1826,303,807,2025
202501,2623071000,부산진구 가야1동,60대이상,5198,284,1375,2025
202501,2623072000,부산진구 가야2동,20대,696,65,354,2025
202501,2623072000,부산진구 가야2동,20대미만,543,15,277,2025
202501,2623072000,부산진구 가야2동,30대,668,52,395,2025
202501,2623072000,부산진구 가야2동,40대,890,67,419,2025
202501,2623072000,부산진구 가야2동,50대,1139,136,551,2025
202501,2623072000,부산진구 가야2동,60대이상,3136,130,989,2025
202501,2623074000,부산진구 개금1동,20대,2007,171,572,2025
202501,2623074000,부산진구 개금1동,20대미만,715,24,331,2025
202501,2623074000,부산진구 개금1동,30대,1753,149,508,2025
202501,2623074000,부산진구 개금1동,40대,1420,177,519,2025
202501,2623074000,부산진구 개금1동,50대,1849,257,566,2025
202501,2623074000,부산진구 개금1동,60대이상,3755,246,966,2025
202501,2623075000,부산진구 개금2동,20대,652,131,508,2025
202501,2623075000,부산진구 개금2동,20대미만,604,16,217,2025
202501,2623075000,부산진구 개금2동,30대,574,179,435,2025
202501,2623075000,부산진구 개금2동,40대,733,144,440,2025
202501,2623075000,부산진구 개금2동,50대,1119,161,543,2025
202501,2623075000,부산진구 개금2동,60대이상,2845,114,1052,2025
202501,2623076000,부산진구 개금3동,20대,1421,140,419,2025
202501,2623076000,부산진구 개금3동,20대미만,1590,47,290,2025
202501,2623076000,부산진구 개금3동,30대,1882,141,477,2025
202501,2623076000,부산진구 개금3동,40대,2197,188,461,2025
202501,2623076000,부산진구 개금3동,50대,2729,279,596,2025
202501,2623076000,부산진구 개금3동,60대이상,7808,301,975,2025
202501,2623077000,부산진구 범천1동,20대,1496,372,1029,2025
202501,2623077000,부산진구 범천1동,20대미만,431,13,371,2025
202501,2623077000,부산진구 범천1동,30대,1670,523,1081,2025
202501,2623077000,부산진구 범천1동,40대,1116,488,923,2025
202501,2623077000,부산진구 범천1동,50대,1166,600,1149,2025
202501,2623077000,부산진구 범천1동,60대이상,2662,550,1968,2025
202501,2623078000,부산진구 범천2동,20대,1294,99,574,2025
202501,2623078000,부산진구 범천2동,20대미만,713,11,221,2025
202501,2623078000,부산진구 범천2동,30대,2263,198,683,2025
202501,2623078000,부산진구 범천2동,40대,1891,202,520,2025
202501,2623078000,부산진구 범천2동,50대,2098,239,558,2025
202501,2623078000,부산진구 범천2동,60대이상,5536,248,1094,2025
202501,2626051000,동래구 수민동,20대,1611,192,711,2025
202501,2626051000,동래구 수민동,20대미만,1542,58,600,2025
202501,2626051000,동래구 수민동,30대,1848,247,803,2025
202501,2626051000,동래구 수민동,40대,2250,318,974,2025
202501,2626051000,동래구 수민동,50대,2821,410,1256,2025
202501,2626051000,동래구 수민동,60대이상,8155,404,2668,2025
202501,2626052000,동래구 복산동,20대,435,46,164,2025
202501,2626052000,동래구 복산동,20대미만,339,11,150,2025
202501,2626052000,동래구 복산동,30대,390,51,155,2025
202501,2626052000,동래구 복산동,40대,563,73,206,2025
202501,2626052000,동래구 복산동,50대,928,96,278,2025
202501,2626052000,동래구 복산동,60대이상,2861,119,397,2025
202501,2626054500,동래구 명륜동,20대,1520,428,1676,2025
202501,2626054500,동래구 명륜동,20대미만,2379,167,831,2025
202501,2626054500,동래구 명륜동,30대,1883,495,1425,2025
202501,2626054500,동래구 명륜동,40대,3184,531,1480,2025
202501,2626054500,동래구 명륜동,50대,3116,679,1696,2025
202501,2626054500,동래구 명륜동,60대이상,4602,513,2763,2025
202501,2626055000,동래구 온천1동,20대,2563,356,1246,2025
202501,2626055000,동래구 온천1동,20대미만,2220,60,755,2025
202501,2626055000,동래구 온천1동,30대,3891,418,1411,2025
202501,2626055000,동래구 온천1동,40대,3549,445,1600,2025
202501,2626055000,동래구 온천1동,50대,3235,575,1665,2025
202501,2626055000,동래구 온천1동,60대이상,5967,475,2522,2025
202501,2626056000,동래구 온천2동,20대,843,197,559,2025
202501,2626056000,동래구 온천2동,20대미만,1307,46,291,2025
202501,2626056000,동래구 온천2동,30대,1212,254,528,2025
202501,2626056000,동래구 온천2동,40대,1649,312,598,2025
202501,2626056000,동래구 온천2동,50대,1509,326,750,2025
202501,2626056000,동래구 온천2동,60대이상,3602,285,1383,2025
202501,2626057000,동래구 온천3동,20대,2846,240,1506,2025
202501,2626057000,동래구 온천3동,20대미만,2249,81,1685,2025
202501,2626057000,동래구 온천3동,30대,3028,296,2049,2025
202501,2626057000,동래구 온천3동,40대,3272,398,2452,2025
202501,2626057000,동래구 온천3동,50대,4253,501,2120,2025
202501,2626057000,동래구 온천3동,60대이상,9304,462,3784,2025
202501,2626058000,동래구 사직1동,20대,613,176,671,2025
202501,2626058000,동래구 사직1동,20대미만,910,75,846,2025
202501,2626058000,동래구 사직1동,30대,862,178,737,2025
202501,2626058000,동래구 사직1동,40대,1022,200,901,2025
202501,2626058000,동래구 사직1동,50대,994,211,904,2025
202501,2626058000,동래구 사직1동,60대이상,2354,204,1480,2025
202501,2626059000,동래구 사직2동,20대,1434,171,702,2025
202501,2626059000,동래구 사직2동,20대미만,2932,189,712,2025
202501,2626059000,동래구 사직2동,30대,1429,144,615,2025
202501,2626059000,동래구 사직2동,40대,2704,303,982,2025
202501,2626059000,동래구 사직2동,50대,3183,323,846,2025
202501,2626059000,동래구 사직2동,60대이상,4254,244,1203,2025
202501,2626060000,동래구 사직3동,20대,949,118,395,2025
202501,2626060000,동래구 사직3동,20대미만,1597,41,532,2025
202501,2626060000,동래구 사직3동,30대,1119,166,421,2025
202501,2626060000,동래구 사직3동,40대,2094,235,589,2025
202501,2626060000,동래구 사직3동,50대,1754,226,602,2025
202501,2626060000,동래구 사직3동,60대이상,3853,177,903,2025
202501,2626074000,동래구 안락1동,20대,687,129,359,2025
202501,2626074000,동래구 안락1동,20대미만,622,26,315,2025
202501,2626074000,동래구 안락1동,30대,816,153,459,2025
202501,2626074000,동래구 안락1동,40대,925,174,598,2025
202501,2626074000,동래구 안락1동,50대,1241,246,786,2025
202501,2626074000,동래구 안락1동,60대이상,3952,275,1484,2025
202501,2626075000,동래구 안락2동,20대,1739,193,555,2025
202501,2626075000,동래구 안락2동,20대미만,1959,62,511,2025
202501,2626075000,동래구 안락2동,30대,1927,256,648,2025
202501,2626075000,동래구 안락2동,40대,2365,337,767,2025
202501,2626075000,동래구 안락2동,50대,3201,451,765,2025
202501,2626075000,동래구 안락2동,60대이상,7055,363,1249,2025
202501,2626076100,동래구 명장1동,20대,759,81,273,2025
202501,2626076100,동래구 명장1동,20대미만,949,50,232,2025
202501,2626076100,동래구 명장1동,30대,1038,102,292,2025
202501,2626076100,동래구 명장1동,40대,1350,147,388,2025
202501,2626076100,동래구 명장1동,50대,1486,219,406,2025
202501,2626076100,동래구 명장1동,60대이상,4309,215,856,2025
202501,2626076200,동래구 명장2동,20대,423,32,133,2025
202501,2626076200,동래구 명장2동,20대미만,476,30,132,2025
202501,2626076200,동래구 명장2동,30대,658,38,160,2025
202501,2626076200,동래구 명장2동,40대,770,60,229,2025
202501,2626076200,동래구 명장2동,50대,895,105,223,2025
202501,2626076200,동래구 명장2동,60대이상,2339,117,378,2025
202501,2629051000,남구 대연1동,20대,2174,220,1180,2025
202501,2629051000,남구 대연1동,20대미만,707,40,561,2025
202501,2629051000,남구 대연1동,30대,1144,179,910,2025
202501,2629051000,남구 대연1동,40대,1159,209,961,2025
202501,2629051000,남구 대연1동,50대,1635,283,1157,2025
202501,2629051000,남구 대연1동,60대이상,4208,226,1821,2025
202501,2629053000,남구 대연3동,20대,4250,1440,2393,2025
202501,2629053000,남구 대연3동,20대미만,3135,186,1109,2025
202501,2629053000,남구 대연3동,30대,3041,757,1436,2025
202501,2629053000,남구 대연3동,40대,4103,776,1472,2025
202501,2629053000,남구 대연3동,50대,3853,704,1473,2025
202501,2629053000,남구 대연3동,60대이상,6389,464,1732,2025
202501,2629054000,남구 대연4동,20대,722,65,235,2025
202501,2629054000,남구 대연4동,20대미만,877,30,217,2025
202501,2629054000,남구 대연4동,30대,1346,95,282,2025
202501,2629054000,남구 대연4동,40대,1392,129,316,2025
202501,2629054000,남구 대연4동,50대,1319,168,371,2025
202501,2629054000,남구 대연4동,60대이상,3209,157,728,2025
202501,2629055000,남구 대연5동,20대,1477,179,484,2025
202501,2629055000,남구 대연5동,20대미만,889,40,297,2025
202501,2629055000,남구 대연5동,30대,1126,160,348,2025
202501,2629055000,남구 대연5동,40대,1304,189,382,2025
202501,2629055000,남구 대연5동,50대,1732,235,436,2025
202501,2629055000,남구 대연5동,60대이상,3891,197,705,2025
202501,2629056000,남구 대연6동,20대,829,123,262,2025
202501,2629056000,남구 대연6동,20대미만,1385,69,195,2025
202501,2629056000,남구 대연6동,30대,1174,181,288,2025
202501,2629056000,남구 대연6동,40대,1826,259,332,2025
202501,2629056000,남구 대연6동,50대,1537,225,394,2025
202501,2629056000,남구 대연6동,60대이상,2708,145,570,2025
202501,2629057000,남구 용호1동,20대,1988,248,785,2025
202501,2629057000,남구 용호1동,20대미만,3948,77,501,2025
202501,2629057000,남구 용호1동,30대,2470,267,782,2025
202501,2629057000,남구 용호1동,40대,4383,446,877,2025
202501,2629057000,남구 용호1동,50대,5863,592,1002,2025
202501,2629057000,남구 용호1동,60대이상,10797,476,1717,2025
202501,2629058000,남구 용호2동,20대,912,112,471,2025
202501,2629058000,남구 용호2동,20대미만,1506,23,263,2025
202501,2629058000,남구 용호2동,30대,1381,124,438,2025
202501,2629058000,남구 용호2동,40대,2126,201,492,2025
202501,2629058000,남구 용호2동,50대,1988,217,522,2025
202501,2629058000,남구 용호2동,60대이상,4865,180,893,2025
202501,2629059000,남구 용호3동,20대,703,75,276,2025
202501,2629059000,남구 용호3동,20대미만,640,28,222,2025
202501,2629059000,남구 용호3동,30대,624,83,269,2025
202501,2629059000,남구 용호3동,40대,844,122,383,2025
202501,2629059000,남구 용호3동,50대,1263,196,481,2025
202501,2629059000,남구 용호3동,60대이상,4108,219,804,2025
202501,2629060000,남구 용호4동,20대,342,75,390,2025
202501,2629060000,남구 용호4동,20대미만,446,22,215,2025
202501,2629060000,남구 용호4동,30대,426,66,337,2025
202501,2629060000,남구 용호4동,40대,599,107,412,2025
202501,2629060000,남구 용호4동,50대,748,122,443,2025
202501,2629060000,남구 용호4동,60대이상,2094,131,825,2025
202501,2629061000,남구 용당동,20대,494,149,330,2025
202501,2629061000,남구 용당동,20대미만,467,30,236,2025
202501,2629061000,남구 용당동,30대,438,164,306,2025
202501,2629061000,남구 용당동,40대,661,203,467,2025
202501,2629061000,남구 용당동,50대,1119,218,565,2025
202501,2629061000,남구 용당동,60대이상,2169,193,673,2025
202501,2629062000,남구 감만1동,20대,380,89,222,2025
202501,2629062000,남구 감만1동,20대미만,340,18,102,2025
202501,2629062000,남구 감만1동,30대,367,168,336,2025
202501,2629062000,남구 감만1동,40대,579,164,479,2025
202501,2629062000,남구 감만1동,50대,792,227,653,2025
202501,2629062000,남구 감만1동,60대이상,2323,214,659,2025
202501,2629063000,남구 감만2동,20대,220,16,103,2025
202501,2629063000,남구 감만2동,20대미만,263,25,125,2025
202501,2629063000,남구 감만2동,30대,177,31,123,2025
202501,2629063000,남구 감만2동,40대,288,35,215,2025
202501,2629063000,남구 감만2동,50대,648,70,219,2025
202501,2629063000,남구 감만2동,60대이상,1602,64,499,2025
202501,2629064500,남구 우암동,20대,606,91,349,2025
202501,2629064500,남구 우암동,20대미만,809,37,230,2025
202501,2629064500,남구 우암동,30대,669,116,407,2025
202501,2629064500,남구 우암동,40대,1007,155,475,2025
202501,2629064500,남구 우암동,50대,1373,229,642,2025
202501,2629064500,남구 우암동,60대이상,4602,227,1113,2025
202501,2629068000,남구 문현1동,20대,572,49,311,2025
202501,2629068000,남구 문현1동,20대미만,642,41,267,2025
202501,2629068000,남구 문현1동,30대,456,49,326,2025
202501,2629068000,남구 문현1동,40대,749,95,379,2025
202501,2629068000,남구 문현1동,50대,1113,138,443,2025
202501,2629068000,남구 문현1동,60대이상,2763,134,835,2025
202501,2629069000,남구 문현2동,20대,381,278,424,2025
202501,2629069000,남구 문현2동,20대미만,181,23,194,2025
202501,2629069000,남구 문현2동,30대,616,555,507,2025
202501,2629069000,남구 문현2동,40대,487,410,470,2025
202501,2629069000,남구 문현2동,50대,556,368,557,2025
202501,2629069000,남구 문현2동,60대이상,1820,188,729,2025
202501,2629070000,남구 문현3동,20대,655,74,767,2025
202501,2629070000,남구 문현3동,20대미만,704,48,816,2025
202501,2629070000,남구 문현3동,30대,767,88,784,2025
202501,2629070000,남구 문현3동,40대,1194,140,1094,2025
202501,2629070000,남구 문현3동,50대,1046,137,1364,2025
202501,2629070000,남구 문현3동,60대이상,3251,185,2691,2025
202501,2629071000,남구 문현4동,20대,376,62,248,2025
202501,2629071000,남구 문현4동,20대미만,293,11,150,2025
202501,2629071000,남구 문현4동,30대,473,89,260,2025
202501,2629071000,남구 문현4동,40대,486,97,285,2025
202501,2629071000,남구 문현4동,50대,693,87,317,2025
202501,2629071000,남구 문현4동,60대이상,1703,95,481,2025
202501,2632051000,북구 구포1동,20대,1016,109,534,2025
202501,2632051000,북구 구포1동,20대미만,671,2,237,2025
202501,2632051000,북구 구포1동,30대,1288,159,604,2025
202501,2632051000,북구 구포1동,40대,1194,209,640,2025
202501,2632051000,북구 구포1동,50대,1709,342,971,2025
202501,2632051000,북구 구포1동,60대이상,4541,459,2134,2025
202501,2632052000,북구 구포2동,20대,1622,158,405,2025
202501,2632052000,북구 구포2동,20대미만,1195,53,255,2025
202501,2632052000,북구 구포2동,30대,1883,258,484,2025
202501,2632052000,북구 구포2동,40대,2070,274,535,2025
202501,2632052000,북구 구포2동,50대,3000,413,671,2025
202501,2632052000,북구 구포2동,60대이상,7273,361,1101,2025
202501,2632052100,북구 구포3동,20대,1323,96,290,2025
202501,2632052100,북구 구포3동,20대미만,1153,28,204,2025
202501,2632052100,북구 구포3동,30대,1266,91,290,2025
202501,2632052100,북구 구포3동,40대,1580,154,310,2025
202501,2632052100,북구 구포3동,50대,2739,278,439,2025
202501,2632052100,북구 구포3동,60대이상,5959,244,653,2025
202501,2632053000,북구 금곡동,20대,2160,220,560,2025
202501,2632053000,북구 금곡동,20대미만,2161,49,404,2025
202501,2632053000,북구 금곡동,30대,2325,218,690,2025
202501,2632053000,북구 금곡동,40대,2891,280,716,2025
202501,2632053000,북구 금곡동,50대,4729,535,979,2025
202501,2632053000,북구 금곡동,60대이상,12324,474,1580,2025
202501,2632054100,북구 화명1동,20대,2686,239,1109,2025
202501,2632054100,북구 화명1동,20대미만,2989,38,1116,2025
202501,2632054100,북구 화명1동,30대,3209,220,1304,2025
202501,2632054100,북구 화명1동,40대,3571,305,1196,2025
202501,2632054100,북구 화명1동,50대,5076,488,1446,2025
202501,2632054100,북구 화명1동,60대이상,8069,405,2081,2025
202501,2632054200,북구 화명2동,20대,1278,136,396,2025
202501,2632054200,북구 화명2동,20대미만,1309,59,290,2025
202501,2632054200,북구 화명2동,30대,1492,132,454,2025
202501,2632054200,북구 화명2동,40대,1513,159,423,2025
202501,2632054200,북구 화명2동,50대,2238,252,532,2025
202501,2632054200,북구 화명2동,60대이상,4520,220,809,2025
202501,2632054300,북구 화명3동,20대,2023,340,1038,2025
202501,2632054300,북구 화명3동,20대미만,2535,184,741,2025
202501,2632054300,북구 화명3동,30대,1723,285,869,2025
202501,2632054300,북구 화명3동,40대,2442,386,857,2025
202501,2632054300,북구 화명3동,50대,3492,503,1098,2025
202501,2632054300,북구 화명3동,60대이상,5035,285,1539,2025
202501,2632055000,북구 덕천1동,20대,915,134,424,2025
202501,2632055000,북구 덕천1동,20대미만,533,22,241,2025
202501,2632055000,북구 덕천1동,30대,1416,170,457,2025
202501,2632055000,북구 덕천1동,40대,1059,190,463,2025
202501,2632055000,북구 덕천1동,50대,1426,284,659,2025
202501,2632055000,북구 덕천1동,60대이상,4229,241,1322,2025
202501,2632056000,북구 덕천2동,20대,843,302,1104,2025
202501,2632056000,북구 덕천2동,20대미만,514,77,535,2025
202501,2632056000,북구 덕천2동,30대,857,362,1098,2025
202501,2632056000,북구 덕천2동,40대,843,338,1047,2025
202501,2632056000,북구 덕천2동,50대,1280,456,1330,2025
202501,2632056000,북구 덕천2동,60대이상,3535,397,2214,2025
202501,2632056100,북구 덕천3동,20대,368,31,104,2025
202501,2632056100,북구 덕천3동,20대미만,245,5,57,2025
202501,2632056100,북구 덕천3동,30대,359,21,104,2025
202501,2632056100,북구 덕천3동,40대,552,39,121,2025
202501,2632056100,북구 덕천3동,50대,997,82,158,2025
202501,2632056100,북구 덕천3동,60대이상,2961,65,340,2025
202501,2632057100,북구 만덕1동,20대,882,73,241,2025
202501,2632057100,북구 만덕1동,20대미만,961,16,189,2025
202501,2632057100,북구 만덕1동,30대,1837,116,405,2025
202501,2632057100,북구 만덕1동,40대,1606,112,366,2025
202501,2632057100,북구 만덕1동,50대,1545,135,357,2025
202501,2632057100,북구 만덕1동,60대이상,3908,166,713,2025
202501,2632057200,북구 만덕2동,20대,1660,138,384,2025
202501,2632057200,북구 만덕2동,20대미만,2328,84,297,2025
202501,2632057200,북구 만덕2동,30대,2246,187,537,2025
202501,2632057200,북구 만덕2동,40대,2750,269,526,2025
202501,2632057200,북구 만덕2동,50대,3019,278,551,2025
202501,2632057200,북구 만덕2동,60대이상,7068,324,1104,2025
202501,2632057300,북구 만덕3동,20대,1062,74,330,2025
202501,2632057300,북구 만덕3동,20대미만,1128,26,312,2025
202501,2632057300,북구 만덕3동,30대,1294,100,341,2025
202501,2632057300,북구 만덕3동,40대,1450,114,447,2025
202501,2632057300,북구 만덕3동,50대,2099,179,470,2025
202501,2632057300,북구 만덕3동,60대이상,5386,242,785,2025
202501,2635051000,해운대구 우1동,20대,1707,563,2700,2025
202501,2635051000,해운대구 우1동,20대미만,1827,174,1742,2025
202501,2635051000,해운대구 우1동,30대,2017,586,2397,2025
202501,2635051000,해운대구 우1동,40대,2525,570,2512,2025
202501,2635051000,해운대구 우1동,50대,2824,644,2422,2025
202501,2635051000,해운대구 우1동,60대이상,6071,635,3094,2025
202501,2635052000,해운대구 우2동,20대,1694,1486,2268,2025
202501,2635052000,해운대구 우2동,20대미만,2721,165,2164,2025
202501,2635052000,해운대구 우2동,30대,2188,1841,2668,2025
202501,2635052000,해운대구 우2동,40대,3282,1335,2594,2025
202501,2635052000,해운대구 우2동,50대,3832,1279,2178,2025
202501,2635052000,해운대구 우2동,60대이상,6718,725,2621,2025
202501,2635052500,해운대구 우3동,20대,1038,162,552,2025
202501,2635052500,해운대구 우3동,20대미만,1573,59,508,2025
202501,2635052500,해운대구 우3동,30대,1231,190,637,2025
202501,2635052500,해운대구 우3동,40대,1996,259,829,2025
202501,2635052500,해운대구 우3동,50대,2557,297,781,2025
202501,2635052500,해운대구 우3동,60대이상,5594,300,1110,2025
202501,2635053000,해운대구 중1동,20대,1892,576,2173,2025
202501,2635053000,해운대구 중1동,20대미만,1916,70,1726,2025
202501,2635053000,해운대구 중1동,30대,2261,557,2284,2025
202501,2635053000,해운대구 중1동,40대,3094,635,2515,2025
202501,2635053000,해운대구 중1동,50대,3457,750,2184,2025
202501,2635053000,해운대구 중1동,60대이상,5828,544,2542,2025
202501,2635054000,해운대구 중2동,20대,863,117,627,2025
202501,2635054000,해운대구 중2동,20대미만,1295,26,352,2025
202501,2635054000,해운대구 중2동,30대,1329,171,678,2025
202501,2635054000,해운대구 중2동,40대,1806,184,713,2025
202501,2635054000,해운대구 중2동,50대,1946,217,813,2025
202501,2635054000,해운대구 중2동,60대이상,3862,211,1192,2025
202501,2635055100,해운대구 좌1동,20대,1318,340,949,2025
202501,2635055100,해운대구 좌1동,20대미만,1154,45,716,2025
202501,2635055100,해운대구 좌1동,30대,1243,298,836,2025
202501,2635055100,해운대구 좌1동,40대,1558,353,895,2025
202501,2635055100,해운대구 좌1동,50대,2280,445,1052,2025
202501,2635055100,해운대구 좌1동,60대이상,3288,353,1406,2025
202501,2635055200,해운대구 좌2동,20대,2556,227,734,2025
202501,2635055200,해운대구 좌2동,20대미만,2187,77,553,2025
202501,2635055200,해운대구 좌2동,30대,2972,231,646,2025
202501,2635055200,해운대구 좌2동,40대,3035,303,563,2025
202501,2635055200,해운대구 좌2동,50대,3989,405,633,2025
202501,2635055200,해운대구 좌2동,60대이상,6891,304,982,2025
202501,2635055300,해운대구 좌3동,20대,979,88,335,2025
202501,2635055300,해운대구 좌3동,20대미만,1056,74,249,2025
202501,2635055300,해운대구 좌3동,30대,1040,75,324,2025
202501,2635055300,해운대구 좌3동,40대,1349,89,337,2025
202501,2635055300,해운대구 좌3동,50대,2098,159,429,2025
202501,2635055300,해운대구 좌3동,60대이상,4302,181,691,2025
202501,2635055400,해운대구 좌4동,20대,1672,327,791,2025
202501,2635055400,해운대구 좌4동,20대미만,2504,138,469,2025
202501,2635055400,해운대구 좌4동,30대,1566,281,754,2025
202501,2635055400,해운대구 좌4동,40대,2314,374,784,2025
202501,2635055400,해운대구 좌4동,50대,2925,395,1053,2025
202501,2635055400,해운대구 좌4동,60대이상,4759,316,1747,2025
202501,2635056000,해운대구 송정동,20대,491,230,1122,2025
202501,2635056000,해운대구 송정동,20대미만,568,26,805,2025
202501,2635056000,해운대구 송정동,30대,677,266,1176,2025
202501,2635056000,해운대구 송정동,40대,776,260,1269,2025
202501,2635056000,해운대구 송정동,50대,1037,363,1272,2025
202501,2635056000,해운대구 송정동,60대이상,3170,248,1459,2025
202501,2635057000,해운대구 반여1동,20대,2619,340,740,2025
202501,2635057000,해운대구 반여1동,20대미만,3888,82,476,2025
202501,2635057000,해운대구 반여1동,30대,2761,371,831,2025
202501,2635057000,해운대구 반여1동,40대,4039,496,936,2025
202501,2635057000,해운대구 반여1동,50대,4922,632,1055,2025
202501,2635057000,해운대구 반여1동,60대이상,8157,452,1605,2025
202501,2635058000,해운대구 반여2동,20대,699,59,262,2025
202501,2635058000,해운대구 반여2동,20대미만,425,9,162,2025
202501,2635058000,해운대구 반여2동,30대,870,63,264,2025
202501,2635058000,해운대구 반여2동,40대,1044,81,328,2025
202501,2635058000,해운대구 반여2동,50대,1584,152,512,2025
202501,2635058000,해운대구 반여2동,60대이상,4191,132,915,2025
202501,2635059000,해운대구 반여3동,20대,379,28,84,2025
202501,2635059000,해운대구 반여3동,20대미만,190,3,57,2025
202501,2635059000,해운대구 반여3동,30대,390,32,95,2025
202501,2635059000,해운대구 반여3동,40대,517,32,118,2025
202501,2635059000,해운대구 반여3동,50대,833,73,167,2025
202501,2635059000,해운대구 반여3동,60대이상,1972,91,243,2025
202501,2635059500,해운대구 반여4동,20대,727,43,194,2025
202501,2635059500,해운대구 반여4동,20대미만,794,26,227,2025
202501,2635059500,해운대구 반여4동,30대,743,48,255,2025
202501,2635059500,해운대구 반여4동,40대,934,84,258,2025
202501,2635059500,해운대구 반여4동,50대,1116,95,289,2025
202501,2635059500,해운대구 반여4동,60대이상,2046,77,521,2025
202501,2635061000,해운대구 반송1동,20대,624,68,149,2025
202501,2635061000,해운대구 반송1동,20대미만,264,9,95,2025
202501,2635061000,해운대구 반송1동,30대,528,95,177,2025
202501,2635061000,해운대구 반송1동,40대,670,115,282,2025
202501,2635061000,해운대구 반송1동,50대,1105,199,347,2025
202501,2635061000,해운대구 반송1동,60대이상,3302,193,557,2025
202501,2635062000,해운대구 반송2동,20대,1084,89,209,2025
202501,2635062000,해운대구 반송2동,20대미만,1016,14,170,2025
202501,2635062000,해운대구 반송2동,30대,1165,86,241,2025
202501,2635062000,해운대구 반송2동,40대,1754,165,335,2025
202501,2635062000,해운대구 반송2동,50대,2808,309,395,2025
202501,2635062000,해운대구 반송2동,60대이상,8537,279,572,2025
202501,2635065000,해운대구 재송1동,20대,2271,378,897,2025
202501,2635065000,해운대구 재송1동,20대미만,4051,114,634,2025
202501,2635065000,해운대구 재송1동,30대,2657,529,963,2025
202501,2635065000,해운대구 재송1동,40대,5063,685,1162,2025
202501,2635065000,해운대구 재송1동,50대,4251,582,1201,2025
202501,2635065000,해운대구 재송1동,60대이상,6681,468,1785,2025
202501,2635066000,해운대구 재송2동,20대,1425,142,402,2025
202501,2635066000,해운대구 재송2동,20대미만,1297,29,283,2025
202501,2635066000,해운대구 재송2동,30대,1525,178,492,2025
202501,2635066000,해운대구 재송2동,40대,2184,213,554,2025
202501,2635066000,해운대구 재송2동,50대,2858,279,595,2025
202501,2635066000,해운대구 재송2동,60대이상,6448,264,901,2025
202501,2638051000,사하구 괴정1동,20대,1135,100,458,2025
202501,2638051000,사하구 괴정1동,20대미만,1210,57,362,2025
202501,2638051000,사하구 괴정1동,30대,1064,89,481,2025
202501,2638051000,사하구 괴정1동,40대,1642,127,536,2025
202501,2638051000,사하구 괴정1동,50대,2023,208,684,2025
202501,2638051000,사하구 괴정1동,60대이상,5903,203,1108,2025
202501,2638052000,사하구 괴정2동,20대,787,47,176,2025
202501,2638052000,사하구 괴정2동,20대미만,787,41,140,2025
202501,2638052000,사하구 괴정2동,30대,911,45,158,2025
202501,2638052000,사하구 괴정2동,40대,1122,89,210,2025
202501,2638052000,사하구 괴정2동,50대,1418,111,216,2025
202501,2638052000,사하구 괴정2동,60대이상,4352,98,463,2025
202501,2638053000,사하구 괴정3동,20대,765,141,406,2025
202501,2638053000,사하구 괴정3동,20대미만,641,29,322,2025
202501,2638053000,사하구 괴정3동,30대,784,138,360,2025
202501,2638053000,사하구 괴정3동,40대,987,183,473,2025
202501,2638053000,사하구 괴정3동,50대,1417,275,559,2025
202501,2638053000,사하구 괴정3동,60대이상,4433,288,1091,2025
202501,2638054000,사하구 괴정4동,20대,837,55,255,2025
202501,2638054000,사하구 괴정4동,20대미만,1167,37,278,2025
202501,2638054000,사하구 괴정4동,30대,1078,92,269,2025
202501,2638054000,사하구 괴정4동,40대,1603,146,353,2025
202501,2638054000,사하구 괴정4동,50대,1528,131,425,2025
202501,2638054000,사하구 괴정4동,60대이상,3580,136,884,2025
202501,2638055000,사하구 당리동,20대,1677,233,763,2025
202501,2638055000,사하구 당리동,20대미만,1530,74,496,2025
202501,2638055000,사하구 당리동,30대,1624,259,719,2025
202501,2638055000,사하구 당리동,40대,2387,379,715,2025
202501,2638055000,사하구 당리동,50대,2980,413,856,2025
202501,2638055000,사하구 당리동,60대이상,7251,340,1577,2025
202501,2638056100,사하구 하단1동,20대,2009,150,497,2025
202501,2638056100,사하구 하단1동,20대미만,1150,27,269,2025
202501,2638056100,사하구 하단1동,30대,1878,165,526,2025
202501,2638056100,사하구 하단1동,40대,1886,195,543,2025
202501,2638056100,사하구 하단1동,50대,2499,250,625,2025
202501,2638056100,사하구 하단1동,60대이상,5601,283,1015,2025
202501,2638056200,사하구 하단2동,20대,2844,750,1437,2025
202501,2638056200,사하구 하단2동,20대미만,1496,83,520,2025
202501,2638056200,사하구 하단2동,30대,2151,350,965,2025
202501,2638056200,사하구 하단2동,40대,2325,399,827,2025
202501,2638056200,사하구 하단2동,50대,2885,472,881,2025
202501,2638056200,사하구 하단2동,60대이상,6020,351,1240,2025
202501,2638057100,사하구 신평1동,20대,902,143,337,2025
202501,2638057100,사하구 신평1동,20대미만,942,58,300,2025
202501,2638057100,사하구 신평1동,30대,1099,323,545,2025
202501,2638057100,사하구 신평1동,40대,1638,342,591,2025
202501,2638057100,사하구 신평1동,50대,2080,484,723,2025
202501,2638057100,사하구 신평1동,60대이상,5243,330,944,2025
202501,2638057200,사하구 신평2동,20대,1086,186,363,2025
202501,2638057200,사하구 신평2동,20대미만,1243,61,222,2025
202501,2638057200,사하구 신평2동,30대,1638,283,486,2025
202501,2638057200,사하구 신평2동,40대,1751,358,514,2025
202501,2638057200,사하구 신평2동,50대,2194,409,636,2025
202501,2638057200,사하구 신평2동,60대이상,4269,337,989,2025
202501,2638058000,사하구 장림1동,20대,724,176,375,2025
202501,2638058000,사하구 장림1동,20대미만,1206,30,281,2025
202501,2638058000,사하구 장림1동,30대,1224,288,568,2025
202501,2638058000,사하구 장림1동,40대,1651,381,616,2025
202501,2638058000,사하구 장림1동,50대,1480,570,765,2025
202501,2638058000,사하구 장림1동,60대이상,2888,487,1077,2025
202501,2638059000,사하구 장림2동,20대,1633,202,504,2025
202501,2638059000,사하구 장림2동,20대미만,1791,50,335,2025
202501,2638059000,사하구 장림2동,30대,1812,252,646,2025
202501,2638059000,사하구 장림2동,40대,2551,425,686,2025
202501,2638059000,사하구 장림2동,50대,3162,531,767,2025
202501,2638059000,사하구 장림2동,60대이상,6251,467,1243,2025
202501,2638060100,사하구 다대1동,20대,2114,312,586,2025
202501,2638060100,사하구 다대1동,20대미만,2849,27,378,2025
202501,2638060100,사하구 다대1동,30대,2413,393,587,2025
202501,2638060100,사하구 다대1동,40대,3709,564,689,2025
202501,2638060100,사하구 다대1동,50대,5338,809,907,2025
202501,2638060100,사하구 다대1동,60대이상,10811,620,1338,2025
202501,2638060200,사하구 다대2동,20대,1804,220,403,2025
202501,2638060200,사하구 다대2동,20대미만,2177,55,220,2025
202501,2638060200,사하구 다대2동,30대,1548,207,384,2025
202501,2638060200,사하구 다대2동,40대,2484,336,449,2025
202501,2638060200,사하구 다대2동,50대,3830,459,532,2025
202501,2638060200,사하구 다대2동,60대이상,8803,400,797,2025
202501,2638061000,사하구 구평동,20대,661,121,191,2025
202501,2638061000,사하구 구평동,20대미만,965,35,125,2025
202501,2638061000,사하구 구평동,30대,1364,242,279,2025
202501,2638061000,사하구 구평동,40대,1463,305,387,2025
202501,2638061000,사하구 구평동,50대,1347,382,470,2025
202501,2638061000,사하구 구평동,60대이상,2416,347,655,2025
202501,2638062000,사하구 감천1동,20대,1009,133,318,2025
202501,2638062000,사하구 감천1동,20대미만,1135,31,252,2025
202501,2638062000,사하구 감천1동,30대,1013,168,364,2025
202501,2638062000,사하구 감천1동,40대,1521,242,524,2025
202501,2638062000,사하구 감천1동,50대,2263,379,672,2025
202501,2638062000,사하구 감천1동,60대이상,6296,319,1088,2025
202501,2638063000,사하구 감천2동,20대,212,17,73,2025
202501,2638063000,사하구 감천2동,20대미만,120,0,48,2025
202501,2638063000,사하구 감천2동,30대,203,13,59,2025
202501,2638063000,사하구 감천2동,40대,382,42,91,2025
202501,2638063000,사하구 감천2동,50대,782,54,129,2025
202501,2638063000,사하구 감천2동,60대이상,1923,45,181,2025
202501,2641051000,금정구 서1동,20대,220,20,78,2025
202501,2641051000,금정구 서1동,20대미만,136,8,65,2025
202501,2641051000,금정구 서1동,30대,228,15,104,2025
202501,2641051000,금정구 서1동,40대,344,38,137,2025
202501,2641051000,금정구 서1동,50대,530,80,186,2025
202501,2641051000,금정구 서1동,60대이상,1792,86,384,2025
202501,2641052000,금정구 서2동,20대,313,51,162,2025
202501,2641052000,금정구 서2동,20대미만,227,5,86,2025
202501,2641052000,금정구 서2동,30대,506,43,210,2025
202501,2641052000,금정구 서2동,40대,513,66,234,2025
202501,2641052000,금정구 서2동,50대,876,140,368,2025
202501,2641052000,금정구 서2동,60대이상,2450,192,666,2025
202501,2641053000,금정구 서3동,20대,551,45,156,2025
202501,2641053000,금정구 서3동,20대미만,287,28,116,2025
202501,2641053000,금정구 서3동,30대,600,72,209,2025
202501,2641053000,금정구 서3동,40대,624,83,230,2025
202501,2641053000,금정구 서3동,50대,1306,147,381,2025
202501,2641053000,금정구 서3동,60대이상,3770,210,791,2025
202501,2641055500,금정구 금사회동동,20대,276,219,280,2025
202501,2641055500,금정구 금사회동동,20대미만,256,13,136,2025
202501,2641055500,금정구 금사회동동,30대,399,407,434,2025
202501,2641055500,금정구 금사회동동,40대,524,441,526,2025
202501,2641055500,금정구 금사회동동,50대,819,576,815,2025
202501,2641055500,금정구 금사회동동,60대이상,2810,492,1179,2025
202501,2641057000,금정구 부곡1동,20대,346,25,127,2025
202501,2641057000,금정구 부곡1동,20대미만,327,37,114,2025
202501,2641057000,금정구 부곡1동,30대,398,41,135,2025
202501,2641057000,금정구 부곡1동,40대,579,55,183,2025
202501,2641057000,금정구 부곡1동,50대,789,81,197,2025
202501,2641057000,금정구 부곡1동,60대이상,2779,99,362,2025
202501,2641058000,금정구 부곡2동,20대,1424,179,481,2025
202501,2641058000,금정구 부곡2동,20대미만,1294,88,361,2025
202501,2641058000,금정구 부곡2동,30대,1124,217,610,2025
202501,2641058000,금정구 부곡2동,40대,1561,291,667,2025
202501,2641058000,금정구 부곡2동,50대,2114,335,662,2025
202501,2641058000,금정구 부곡2동,60대이상,4569,283,1185,2025
202501,2641059000,금정구 부곡3동,20대,1024,202,380,2025
202501,2641059000,금정구 부곡3동,20대미만,853,55,267,2025
202501,2641059000,금정구 부곡3동,30대,1162,241,442,2025
202501,2641059000,금정구 부곡3동,40대,1276,215,484,2025
202501,2641059000,금정구 부곡3동,50대,1741,278,565,2025
202501,2641059000,금정구 부곡3동,60대이상,3931,222,930,2025
202501,2641059100,금정구 부곡4동,20대,419,48,294,2025
202501,2641059100,금정구 부곡4동,20대미만,409,7,255,2025
202501,2641059100,금정구 부곡4동,30대,741,76,308,2025
202501,2641059100,금정구 부곡4동,40대,706,77,403,2025
202501,2641059100,금정구 부곡4동,50대,1070,107,442,2025
202501,2641059100,금정구 부곡4동,60대이상,2910,173,915,2025
202501,2641060000,금정구 장전1동,20대,3305,311,918,2025
202501,2641060000,금정구 장전1동,20대미만,866,32,337,2025
202501,2641060000,금정구 장전1동,30대,1272,170,469,2025
202501,2641060000,금정구 장전1동,40대,1331,195,481,2025
202501,2641060000,금정구 장전1동,50대,1489,209,569,2025
202501,2641060000,금정구 장전1동,60대이상,3447,185,754,2025
202501,2641061000,금정구 장전2동,20대,1506,1072,1988,2025
202501,2641061000,금정구 장전2동,20대미만,1951,133,945,2025
202501,2641061000,금정구 장전2동,30대,2092,605,1181,2025
202501,2641061000,금정구 장전2동,40대,3026,642,1232,2025
202501,2641061000,금정구 장전2동,50대,2682,569,1156,2025
202501,2641061000,금정구 장전2동,60대이상,5630,420,1718,2025
202501,2641063500,금정구 선두구동,20대,60,23,141,2025
202501,2641063500,금정구 선두구동,20대미만,57,1,104,2025
202501,2641063500,금정구 선두구동,30대,70,43,188,2025
202501,2641063500,금정구 선두구동,40대,115,78,266,2025
202501,2641063500,금정구 선두구동,50대,212,104,349,2025
202501,2641063500,금정구 선두구동,60대이상,862,90,549,2025
202501,2641066500,금정구 청룡노포동,20대,505,86,330,2025
202501,2641066500,금정구 청룡노포동,20대미만,523,20,192,2025
202501,2641066500,금정구 청룡노포동,30대,482,110,339,2025
202501,2641066500,금정구 청룡노포동,40대,628,128,434,2025
202501,2641066500,금정구 청룡노포동,50대,1081,207,694,2025
202501,2641066500,금정구 청룡노포동,60대이상,3353,242,1257,2025
202501,2641067000,금정구 남산동,20대,1794,280,761,2025
202501,2641067000,금정구 남산동,20대미만,1195,50,527,2025
202501,2641067000,금정구 남산동,30대,1491,203,724,2025
202501,2641067000,금정구 남산동,40대,1720,310,792,2025
202501,2641067000,금정구 남산동,50대,3038,450,1038,2025
202501,2641067000,금정구 남산동,60대이상,7646,415,1851,2025
202501,2641068000,금정구 구서1동,20대,834,140,493,2025
202501,2641068000,금정구 구서1동,20대미만,1060,106,348,2025
202501,2641068000,금정구 구서1동,30대,1007,197,454,2025
202501,2641068000,금정구 구서1동,40대,1287,241,642,2025
202501,2641068000,금정구 구서1동,50대,1580,235,664,2025
202501,2641068000,금정구 구서1동,60대이상,3466,226,1008,2025
202501,2641069000,금정구 구서2동,20대,1750,183,1015,2025
202501,2641069000,금정구 구서2동,20대미만,2194,52,608,2025
202501,2641069000,금정구 구서2동,30대,2026,232,925,2025
202501,2641069000,금정구 구서2동,40대,2831,310,953,2025
202501,2641069000,금정구 구서2동,50대,3850,424,1353,2025
202501,2641069000,금정구 구서2동,60대이상,8084,417,2690,2025
202501,2641070000,금정구 금성동,20대,37,9,46,2025
202501,2641070000,금정구 금성동,20대미만,74,3,55,2025
202501,2641070000,금정구 금성동,30대,44,11,62,2025
202501,2641070000,금정구 금성동,40대,81,16,91,2025
202501,2641070000,금정구 금성동,50대,95,21,158,2025
202501,2641070000,금정구 금성동,60대이상,344,31,232,2025
202501,2644051000,강서구 대저1동,20대,529,308,375,2025
202501,2644051000,강서구 대저1동,20대미만,207,21,134,2025
202501,2644051000,강서구 대저1동,30대,371,452,446,2025
202501,2644051000,강서구 대저1동,40대,403,547,561,2025
202501,2644051000,강서구 대저1동,50대,662,694,698,2025
202501,2644051000,강서구 대저1동,60대이상,2773,554,1172,2025
202501,2644052000,강서구 대저2동,20대,840,553,3375,2025
202501,2644052000,강서구 대저2동,20대미만,518,16,2025,2025
202501,2644052000,강서구 대저2동,30대,793,903,3299,2025
202501,2644052000,강서구 대저2동,40대,553,854,3617,2025
202501,2644052000,강서구 대저2동,50대,646,1107,3717,2025
202501,2644052000,강서구 대저2동,60대이상,2274,750,3315,2025
202501,2644053000,강서구 강동동,20대,60,33,77,2025
202501,2644053000,강서구 강동동,20대미만,44,3,54,2025
202501,2644053000,강서구 강동동,30대,149,94,122,2025
202501,2644053000,강서구 강동동,40대,184,131,188,2025
202501,2644053000,강서구 강동동,50대,229,179,259,2025
202501,2644053000,강서구 강동동,60대이상,1490,212,403,2025
202501,2644053500,강서구 명지1동,20대,2655,553,1119,2025
202501,2644053500,강서구 명지1동,20대미만,6804,104,741,2025
202501,2644053500,강서구 명지1동,30대,7835,1221,1650,2025
202501,2644053500,강서구 명지1동,40대,9131,1413,1662,2025
202501,2644053500,강서구 명지1동,50대,3864,801,1336,2025
202501,2644053500,강서구 명지1동,60대이상,6230,544,1528,2025
202501,2644054500,강서구 명지2동,20대,1279,240,524,2025
202501,2644054500,강서구 명지2동,20대미만,4150,53,417,2025
202501,2644054500,강서구 명지2동,30대,2403,402,571,2025
202501,2644054500,강서구 명지2동,40대,5136,709,669,2025
202501,2644054500,강서구 명지2동,50대,3100,414,540,2025
202501,2644054500,강서구 명지2동,60대이상,3724,233,636,2025
202501,2644055000,강서구 가락동,20대,39,44,89,2025
202501,2644055000,강서구 가락동,20대미만,51,5,48,2025
202501,2644055000,강서구 가락동,30대,100,107,149,2025
202501,2644055000,강서구 가락동,40대,132,130,171,2025
202501,2644055000,강서구 가락동,50대,228,209,248,2025
202501,2644055000,강서구 가락동,60대이상,1092,189,386,2025
202501,2644056000,강서구 녹산동,20대,1859,1250,1268,2025
202501,2644056000,강서구 녹산동,20대미만,3445,55,435,2025
202501,2644056000,강서구 녹산동,30대,3829,2905,1978,2025
202501,2644056000,강서구 녹산동,40대,5182,3648,2509,2025
202501,2644056000,강서구 녹산동,50대,3533,3040,2549,2025
202501,2644056000,강서구 녹산동,60대이상,6459,1840,2482,2025
202501,2644058000,강서구 가덕도동,20대,159,80,327,2025
202501,2644058000,강서구 가덕도동,20대미만,112,8,117,2025
202501,2644058000,강서구 가덕도동,30대,249,130,555,2025
202501,2644058000,강서구 가덕도동,40대,314,163,890,2025
202501,2644058000,강서구 가덕도동,50대,399,157,880,2025
202501,2644058000,강서구 가덕도동,60대이상,1575,109,709,2025
202501,2647061000,연제구 거제1동,20대,1669,436,740,2025
202501,2647061000,연제구 거제1동,20대미만,1949,110,971,2025
202501,2647061000,연제구 거제1동,30대,1775,617,765,2025
202501,2647061000,연제구 거제1동,40대,2693,802,992,2025
202501,2647061000,연제구 거제1동,50대,2746,825,1129,2025
202501,2647061000,연제구 거제1동,60대이상,5769,606,1500,2025
202501,2647062000,연제구 거제2동,20대,1409,174,516,2025
202501,2647062000,연제구 거제2동,20대미만,2632,64,522,2025
202501,2647062000,연제구 거제2동,30대,2198,265,571,2025
202501,2647062000,연제구 거제2동,40대,3226,361,783,2025
202501,2647062000,연제구 거제2동,50대,2562,394,843,2025
202501,2647062000,연제구 거제2동,60대이상,3550,296,1241,2025
202501,2647063000,연제구 거제3동,20대,575,89,823,2025
202501,2647063000,연제구 거제3동,20대미만,423,4,386,2025
202501,2647063000,연제구 거제3동,30대,603,114,1075,2025
202501,2647063000,연제구 거제3동,40대,601,127,1118,2025
202501,2647063000,연제구 거제3동,50대,981,166,1207,2025
202501,2647063000,연제구 거제3동,60대이상,1919,157,1384,2025
202501,2647064000,연제구 거제4동,20대,623,33,266,2025
202501,2647064000,연제구 거제4동,20대미만,877,41,269,2025
202501,2647064000,연제구 거제4동,30대,570,62,464,2025
202501,2647064000,연제구 거제4동,40대,880,65,431,2025
202501,2647064000,연제구 거제4동,50대,1212,134,395,2025
202501,2647064000,연제구 거제4동,60대이상,2665,122,582,2025
202501,2647065000,연제구 연산1동,20대,842,140,492,2025
202501,2647065000,연제구 연산1동,20대미만,1131,73,389,2025
202501,2647065000,연제구 연산1동,30대,1210,208,539,2025
202501,2647065000,연제구 연산1동,40대,1520,239,624,2025
202501,2647065000,연제구 연산1동,50대,1510,292,658,2025
202501,2647065000,연제구 연산1동,60대이상,3974,265,1112,2025
202501,2647066000,연제구 연산2동,20대,1462,233,1047,2025
202501,2647066000,연제구 연산2동,20대미만,1208,54,733,2025
202501,2647066000,연제구 연산2동,30대,2691,449,1708,2025
202501,2647066000,연제구 연산2동,40대,2126,413,1553,2025
202501,2647066000,연제구 연산2동,50대,2146,452,1443,2025
202501,2647066000,연제구 연산2동,60대이상,4787,329,2589,2025
202501,2647067000,연제구 연산3동,20대,266,10,71,2025
202501,2647067000,연제구 연산3동,20대미만,173,9,90,2025
202501,2647067000,연제구 연산3동,30대,357,21,112,2025
202501,2647067000,연제구 연산3동,40대,513,30,125,2025
202501,2647067000,연제구 연산3동,50대,643,51,135,2025
202501,2647067000,연제구 연산3동,60대이상,1892,52,281,2025
202501,2647068000,연제구 연산4동,20대,1008,244,1042,2025
202501,2647068000,연제구 연산4동,20대미만,730,23,355,2025
202501,2647068000,연제구 연산4동,30대,1410,256,1155,2025
202501,2647068000,연제구 연산4동,40대,1519,296,1070,2025
202501,2647068000,연제구 연산4동,50대,1867,376,1229,2025
202501,2647068000,연제구 연산4동,60대이상,4973,341,2327,2025
202501,2647069000,연제구 연산5동,20대,1540,296,790,2025
202501,2647069000,연제구 연산5동,20대미만,443,13,232,2025
202501,2647069000,연제구 연산5동,30대,1806,423,819,2025
202501,2647069000,연제구 연산5동,40대,1148,427,740,2025
202501,2647069000,연제구 연산5동,50대,1272,494,897,2025
202501,2647069000,연제구 연산5동,60대이상,2881,455,1280,2025
202501,2647070000,연제구 연산6동,20대,772,87,588,2025
202501,2647070000,연제구 연산6동,20대미만,721,44,397,2025
202501,2647070000,연제구 연산6동,30대,1111,96,636,2025
202501,2647070000,연제구 연산6동,40대,1298,131,704,2025
202501,2647070000,연제구 연산6동,50대,1486,204,934,2025
202501,2647070000,연제구 연산6동,60대이상,4544,237,1973,2025
202501,2647072000,연제구 연산8동,20대,438,54,348,2025
202501,2647072000,연제구 연산8동,20대미만,552,52,370,2025
202501,2647072000,연제구 연산8동,30대,641,77,456,2025
202501,2647072000,연제구 연산8동,40대,828,104,555,2025
202501,2647072000,연제구 연산8동,50대,1106,115,643,2025
202501,2647072000,연제구 연산8동,60대이상,2410,117,1370,2025
202501,2647073000,연제구 연산9동,20대,2128,281,675,2025
202501,2647073000,연제구 연산9동,20대미만,2357,56,437,2025
202501,2647073000,연제구 연산9동,30대,2463,279,766,2025
202501,2647073000,연제구 연산9동,40대,3200,441,859,2025
202501,2647073000,연제구 연산9동,50대,4142,523,972,2025
202501,2647073000,연제구 연산9동,60대이상,9269,468,1432,2025
202501,2650066000,수영구 남천1동,20대,1097,314,871,2025
202501,2650066000,수영구 남천1동,20대미만,1320,113,805,2025
202501,2650066000,수영구 남천1동,30대,1336,423,941,2025
202501,2650066000,수영구 남천1동,40대,1542,465,1095,2025
202501,2650066000,수영구 남천1동,50대,1801,503,1155,2025
202501,2650066000,수영구 남천1동,60대이상,3732,400,1788,2025
202501,2650067000,수영구 남천2동,20대,472,71,608,2025
202501,2650067000,수영구 남천2동,20대미만,518,17,266,2025
202501,2650067000,수영구 남천2동,30대,829,93,460,2025
202501,2650067000,수영구 남천2동,40대,846,92,430,2025
202501,2650067000,수영구 남천2동,50대,1246,131,456,2025
202501,2650067000,수영구 남천2동,60대이상,2670,129,703,2025
202501,2650073000,수영구 수영동,20대,959,135,500,2025
202501,2650073000,수영구 수영동,20대미만,548,19,241,2025
202501,2650073000,수영구 수영동,30대,1054,171,513,2025
202501,2650073000,수영구 수영동,40대,1074,141,503,2025
202501,2650073000,수영구 수영동,50대,1453,235,605,2025
202501,2650073000,수영구 수영동,60대이상,5137,255,1178,2025
202501,2650074000,수영구 망미1동,20대,1513,172,523,2025
202501,2650074000,수영구 망미1동,20대미만,1867,42,412,2025
202501,2650074000,수영구 망미1동,30대,1938,202,634,2025
202501,2650074000,수영구 망미1동,40대,2476,290,677,2025
202501,2650074000,수영구 망미1동,50대,2756,355,707,2025
202501,2650074000,수영구 망미1동,60대이상,8893,362,1326,2025
202501,2650075000,수영구 망미2동,20대,444,61,298,2025
202501,2650075000,수영구 망미2동,20대미만,550,25,259,2025
202501,2650075000,수영구 망미2동,30대,506,74,356,2025
202501,2650075000,수영구 망미2동,40대,739,98,474,2025
202501,2650075000,수영구 망미2동,50대,1127,125,489,2025
202501,2650075000,수영구 망미2동,60대이상,2649,128,775,2025
202501,2650076000,수영구 광안1동,20대,1818,122,661,2025
202501,2650076000,수영구 광안1동,20대미만,835,39,266,2025
202501,2650076000,수영구 광안1동,30대,2222,167,498,2025
202501,2650076000,수영구 광안1동,40대,1451,182,519,2025
202501,2650076000,수영구 광안1동,50대,1464,196,543,2025
202501,2650076000,수영구 광안1동,60대이상,3903,203,1021,2025
202501,2650077000,수영구 광안2동,20대,1421,259,2031,2025
202501,2650077000,수영구 광안2동,20대미만,956,54,692,2025
202501,2650077000,수영구 광안2동,30대,1642,318,1349,2025
202501,2650077000,수영구 광안2동,40대,1633,256,960,2025
202501,2650077000,수영구 광안2동,50대,1720,296,954,2025
202501,2650077000,수영구 광안2동,60대이상,4081,268,1356,2025
202501,2650078000,수영구 광안3동,20대,1121,138,819,2025
202501,2650078000,수영구 광안3동,20대미만,322,10,223,2025
202501,2650078000,수영구 광안3동,30대,1085,166,705,2025
202501,2650078000,수영구 광안3동,40대,747,183,624,2025
202501,2650078000,수영구 광안3동,50대,835,194,696,2025
202501,2650078000,수영구 광안3동,60대이상,2635,229,1375,2025
202501,2650079000,수영구 광안4동,20대,881,103,691,2025
202501,2650079000,수영구 광안4동,20대미만,604,81,493,2025
202501,2650079000,수영구 광안4동,30대,962,96,794,2025
202501,2650079000,수영구 광안4동,40대,1145,141,802,2025
202501,2650079000,수영구 광안4동,50대,1456,153,771,2025
202501,2650079000,수영구 광안4동,60대이상,3085,160,1423,2025
202501,2650080000,수영구 민락동,20대,1927,315,2401,2025
202501,2650080000,수영구 민락동,20대미만,1446,28,933,2025
202501,2650080000,수영구 민락동,30대,2725,328,1624,2025
202501,2650080000,수영구 민락동,40대,2868,318,1220,2025
202501,2650080000,수영구 민락동,50대,3265,463,1165,2025
202501,2650080000,수영구 민락동,60대이상,7353,427,1513,2025
202501,2653058000,사상구 삼락동,20대,239,128,279,2025
202501,2653058000,사상구 삼락동,20대미만,210,18,249,2025
202501,2653058000,사상구 삼락동,30대,286,221,415,2025
202501,2653058000,사상구 삼락동,40대,288,289,484,2025
202501,2653058000,사상구 삼락동,50대,639,481,750,2025
202501,2653058000,사상구 삼락동,60대이상,1602,428,1258,2025
202501,2653059100,사상구 모라1동,20대,1585,274,477,2025
202501,2653059100,사상구 모라1동,20대미만,1351,29,274,2025
202501,2653059100,사상구 모라1동,30대,1984,419,548,2025
202501,2653059100,사상구 모라1동,40대,1896,429,607,2025
202501,2653059100,사상구 모라1동,50대,3171,675,835,2025
202501,2653059100,사상구 모라1동,60대이상,8329,689,1315,2025
202501,2653059300,사상구 모라3동,20대,338,61,90,2025
202501,2653059300,사상구 모라3동,20대미만,337,18,110,2025
202501,2653059300,사상구 모라3동,30대,412,34,147,2025
202501,2653059300,사상구 모라3동,40대,683,65,234,2025
202501,2653059300,사상구 모라3동,50대,1252,136,297,2025
202501,2653059300,사상구 모라3동,60대이상,4693,173,641,2025
202501,2653060000,사상구 덕포1동,20대,626,75,266,2025
202501,2653060000,사상구 덕포1동,20대미만,685,23,155,2025
202501,2653060000,사상구 덕포1동,30대,1102,92,329,2025
202501,2653060000,사상구 덕포1동,40대,992,109,315,2025
202501,2653060000,사상구 덕포1동,50대,1215,183,396,2025
202501,2653060000,사상구 덕포1동,60대이상,2590,166,714,2025
202501,2653061000,사상구 덕포2동,20대,769,155,424,2025
202501,2653061000,사상구 덕포2동,20대미만,820,28,256,2025
202501,2653061000,사상구 덕포2동,30대,834,202,359,2025
202501,2653061000,사상구 덕포2동,40대,970,271,401,2025
202501,2653061000,사상구 덕포2동,50대,1530,369,530,2025
202501,2653061000,사상구 덕포2동,60대이상,3605,352,734,2025
202501,2653062000,사상구 괘법동,20대,2642,557,1631,2025
202501,2653062000,사상구 괘법동,20대미만,740,41,584,2025
202501,2653062000,사상구 괘법동,30대,2794,496,1269,2025
202501,2653062000,사상구 괘법동,40대,1891,564,1088,2025
202501,2653062000,사상구 괘법동,50대,2763,701,1464,2025
202501,2653062000,사상구 괘법동,60대이상,5409,621,2205,2025
202501,2653064500,사상구 감전동,20대,568,371,501,2025
202501,2653064500,사상구 감전동,20대미만,325,34,177,2025
202501,2653064500,사상구 감전동,30대,781,608,591,2025
202501,2653064500,사상구 감전동,40대,790,634,644,2025
202501,2653064500,사상구 감전동,50대,1285,827,906,2025
202501,2653064500,사상구 감전동,60대이상,3495,782,1127,2025
202501,2653065000,사상구 주례1동,20대,1133,222,399,2025
202501,2653065000,사상구 주례1동,20대미만,1250,18,182,2025
202501,2653065000,사상구 주례1동,30대,1551,260,466,2025
202501,2653065000,사상구 주례1동,40대,1569,287,458,2025
202501,2653065000,사상구 주례1동,50대,2080,366,605,2025
202501,2653065000,사상구 주례1동,60대이상,4399,358,1183,2025
202501,2653066000,사상구 주례2동,20대,2263,349,783,2025
202501,2653066000,사상구 주례2동,20대미만,1490,50,337,2025
202501,2653066000,사상구 주례2동,30대,1792,269,599,2025
202501,2653066000,사상구 주례2동,40대,2014,298,600,2025
202501,2653066000,사상구 주례2동,50대,2470,341,817,2025
202501,2653066000,사상구 주례2동,60대이상,5331,337,1363,2025
202501,2653066100,사상구 주례3동,20대,420,57,169,2025
202501,2653066100,사상구 주례3동,20대미만,371,22,80,2025
202501,2653066100,사상구 주례3동,30대,376,75,192,2025
202501,2653066100,사상구 주례3동,40대,565,106,202,2025
202501,2653066100,사상구 주례3동,50대,816,107,249,2025
202501,2653066100,사상구 주례3동,60대이상,1911,110,395,2025
202501,2653067000,사상구 학장동,20대,935,278,522,2025
202501,2653067000,사상구 학장동,20대미만,1094,56,358,2025
202501,2653067000,사상구 학장동,30대,1135,359,623,2025
202501,2653067000,사상구 학장동,40대,1765,475,801,2025
202501,2653067000,사상구 학장동,50대,2198,649,1044,2025
202501,2653067000,사상구 학장동,60대이상,5340,523,1818,2025
202501,2653068000,사상구 엄궁동,20대,1677,232,374,2025
202501,2653068000,사상구 엄궁동,20대미만,2594,27,210,2025
202501,2653068000,사상구 엄궁동,30대,1919,256,496,2025
202501,2653068000,사상구 엄궁동,40대,2639,404,593,2025
202501,2653068000,사상구 엄궁동,50대,3588,537,690,2025
202501,2653068000,사상구 엄궁동,60대이상,6141,396,923,2025
202501,2671025000,기장군 기장읍,20대,3852,998,2138,2025
202501,2671025000,기장군 기장읍,20대미만,3754,58,1811,2025
202501,2671025000,기장군 기장읍,30대,4269,1069,2881,2025
202501,2671025000,기장군 기장읍,40대,5544,1287,3287,2025
202501,2671025000,기장군 기장읍,50대,7505,1605,3126,2025
202501,2671025000,기장군 기장읍,60대이상,17236,1045,3524,2025
202501,2671025300,기장군 장안읍,20대,495,452,715,2025
202501,2671025300,기장군 장안읍,20대미만,364,37,462,2025
202501,2671025300,기장군 장안읍,30대,664,843,1023,2025
202501,2671025300,기장군 장안읍,40대,664,947,1326,2025
202501,2671025300,기장군 장안읍,50대,1032,873,1322,2025
202501,2671025300,기장군 장안읍,60대이상,3018,514,1504,2025
202501,2671025600,기장군 정관읍,20대,4643,811,1159,2025
202501,2671025600,기장군 정관읍,20대미만,13189,43,819,2025
202501,2671025600,기장군 정관읍,30대,6760,1076,1113,2025
202501,2671025600,기장군 정관읍,40대,13942,2197,1550,2025
202501,2671025600,기장군 정관읍,50대,8790,1722,1492,2025
202501,2671025600,기장군 정관읍,60대이상,13475,830,1784,2025
202501,2671025900,기장군 일광읍,20대,1767,264,856,2025
202501,2671025900,기장군 일광읍,20대미만,2377,31,526,2025
202501,2671025900,기장군 일광읍,30대,3511,426,952,2025
202501,2671025900,기장군 일광읍,40대,3821,582,1042,2025
202501,2671025900,기장군 일광읍,50대,3116,499,1166,2025
202501,2671025900,기장군 일광읍,60대이상,5512,367,1412,2025
202501,2671033000,기장군 철마면,20대,169,43,148,2025
202501,2671033000,기장군 철마면,20대미만,197,5,104,2025
202501,2671033000,기장군 철마면,30대,244,74,190,2025
202501,2671033000,기장군 철마면,40대,443,105,280,2025
202501,2671033000,기장군 철마면,50대,615,206,460,2025
202501,2671033000,기장군 철마면,60대이상,3221,189,745,2025
