year,code,name,populationType,observedMonths,nameMissing,peakHours,maximum,midnight,noon,noonToMidnight
2023,2611051000,중구 중앙동,평균주거인구수,12,False,04시,6693.083333333333,6403.333333333333,3982.25,0.6219026548672567
2023,2611051000,중구 중앙동,평균직장인구수,12,False,14시,11841.916666666666,457.75,11391.75,24.88640087383943
2023,2611051000,중구 중앙동,평균방문인구수,12,False,14시,10602.333333333334,4144.166666666667,9850.916666666666,2.377056102955962
2023,2611052000,중구 동광동,평균주거인구수,12,False,04시,1852.0833333333333,1778.4166666666667,1225.8333333333333,0.6892835387282694
2023,2611052000,중구 동광동,평균직장인구수,12,False,14시,962.5,36.166666666666664,906.6666666666666,25.069124423963135
2023,2611052000,중구 동광동,평균방문인구수,12,False,12시,1420.9166666666667,846.5833333333334,1420.9166666666667,1.6784132296485874
2023,2611053000,중구 대청동,평균주거인구수,12,False,04시,5767.75,5562.916666666667,3655.4166666666665,0.6571043367538012
2023,2611053000,중구 대청동,평균직장인구수,12,False,14시,3011.8333333333335,118.0,2870.25,24.324152542372882
2023,2611053000,중구 대청동,평균방문인구수,12,False,14시,4189.583333333333,1284.5833333333333,3661.9166666666665,2.850664936749919
2023,2611054500,중구 보수동,평균주거인구수,12,False,05시,7022.833333333333,6711.583333333333,4134.5,0.6160245346974758
2023,2611054500,중구 보수동,평균직장인구수,12,False,16시,1461.9166666666667,74.41666666666667,1361.5,18.295632698768195
2023,2611054500,중구 보수동,평균방문인구수,12,False,12시,2106.8333333333335,957.6666666666666,2106.8333333333335,2.199965193177863
2023,2611056000,중구 부평동,평균주거인구수,12,False,04시,4092.5,3980.8333333333335,2671.8333333333335,0.6711743772241993
2023,2611056000,중구 부평동,평균직장인구수,12,False,15시,2542.5833333333335,228.75,2371.0,10.365027322404371
2023,2611056000,중구 부평동,평균방문인구수,12,False,19시,8586.333333333334,4830.0,6068.583333333333,1.2564354727398206
2023,2611057000,중구 광복동,평균주거인구수,12,False,06시,387.3333333333333,368.6666666666667,314.75,0.8537522603978299
2023,2611057000,중구 광복동,평균직장인구수,12,False,15시,1553.9166666666667,62.833333333333336,1396.3333333333333,22.22281167108753
2023,2611057000,중구 광복동,평균방문인구수,12,False,15시,3897.1666666666665,522.5833333333334,2989.75,5.721097113697974
2023,2611058000,중구 남포동,평균주거인구수,12,False,06시,2263.5833333333335,2044.5,1770.5833333333333,0.8660226624276514
2023,2611058000,중구 남포동,평균직장인구수,12,False,15시,5369.25,251.08333333333334,4879.916666666667,19.435446398937938
2023,2611058000,중구 남포동,평균방문인구수,12,False,14시,13300.25,3561.0833333333335,10816.5,3.037418388598975
2023,2611059000,중구 영주1동,평균주거인구수,12,False,04시|05시,367.0,346.1666666666667,201.08333333333334,0.5808858931150698
2023,2611059000,중구 영주1동,평균직장인구수,12,False,14시,191.91666666666666,11.166666666666666,182.0,16.29850746268657
2023,2611059000,중구 영주1동,평균방문인구수,12,False,12시,514.1666666666666,324.75,514.1666666666666,1.5832691814216062
2023,2611060000,중구 영주2동,평균주거인구수,12,False,04시,6723.916666666667,6594.333333333333,3996.5833333333335,0.6060632866602639
2023,2611060000,중구 영주2동,평균직장인구수,12,False,16시,790.5,52.25,751.4166666666666,14.381180223285485
2023,2611060000,중구 영주2동,평균방문인구수,12,False,11시,1554.0,1112.0,1522.3333333333333,1.3690047961630696
2023,2614051000,서구 동대신1동,평균주거인구수,12,False,04시,4825.916666666667,4647.666666666667,2710.9166666666665,0.5832855196155776
2023,2614051000,서구 동대신1동,평균직장인구수,12,False,16시,655.75,70.0,611.8333333333334,8.74047619047619
2023,2614051000,서구 동대신1동,평균방문인구수,12,False,12시,1457.25,1045.4166666666667,1457.25,1.393941809485851
2023,2614052000,서구 동대신2동,평균주거인구수,12,False,05시,3177.0,3093.75,2034.6666666666667,0.6576700336700337
2023,2614052000,서구 동대신2동,평균직장인구수,12,False,13시,298.5833333333333,27.0,298.25,11.046296296296296
2023,2614052000,서구 동대신2동,평균방문인구수,12,False,12시,697.0,460.75,697.0,1.5127509495387954
2023,2614053000,서구 동대신3동,평균주거인구수,12,False,04시,6934.083333333333,6729.916666666667,4291.5,0.6376750578882848
2023,2614053000,서구 동대신3동,평균직장인구수,12,False,15시,3327.0,231.16666666666666,3167.0,13.700072098053353
2023,2614053000,서구 동대신3동,평균방문인구수,12,False,14시,5786.25,2983.75,5472.833333333333,1.8342130987292276
2023,2614054000,서구 서대신1동,평균주거인구수,12,False,04시,13872.166666666666,13547.916666666666,7295.916666666667,0.5385268337690298
2023,2614054000,서구 서대신1동,평균직장인구수,12,False,16시,2217.5833333333335,168.83333333333334,2008.0833333333333,11.893879565646593
2023,2614054000,서구 서대신1동,평균방문인구수,12,False,19시,3308.9166666666665,2064.1666666666665,2861.25,1.386152603956399
2023,2614056000,서구 서대신3동,평균주거인구수,12,False,05시,3584.6666666666665,3437.1666666666665,1897.0833333333333,0.5519323085874994
2023,2614056000,서구 서대신3동,평균직장인구수,12,False,09시,922.9166666666666,62.5,919.8333333333334,14.717333333333334
2023,2614056000,서구 서대신3동,평균방문인구수,12,False,10시,1451.0,778.0833333333334,1353.3333333333333,1.739316697011888
2023,2614057000,서구 서대신4동,평균주거인구수,12,False,04시,6721.416666666667,6547.666666666667,3697.75,0.5647431655042509
2023,2614057000,서구 서대신4동,평균직장인구수,12,False,13시,1004.1666666666666,60.5,1003.75,16.59090909090909
2023,2614057000,서구 서대신4동,평균방문인구수,12,False,12시,2923.5,1255.6666666666667,2923.5,2.328245288027608
2023,2614059000,서구 부민동,평균주거인구수,12,False,05시,4382.083333333333,4244.083333333333,2607.6666666666665,0.6144240020420586
2023,2614059000,서구 부민동,평균직장인구수,12,False,15시,1403.0,78.75,1311.9166666666667,16.65925925925926
2023,2614059000,서구 부민동,평균방문인구수,12,False,13시,2049.3333333333335,830.9166666666666,2040.5,2.4557215926185942
2023,2614061500,서구 아미동,평균주거인구수,12,False,05시,5239.833333333333,5105.5,3453.25,0.6763784154343355
2023,2614061500,서구 아미동,평균직장인구수,12,False,14시,1080.3333333333333,64.5,1025.25,15.895348837209303
2023,2614061500,서구 아미동,평균방문인구수,12,False,14시,2432.0,1341.5,2317.0,1.7271710771524413
2023,2614063000,서구 초장동,평균주거인구수,12,False,04시,3916.0,3797.75,2448.6666666666665,0.6447677352818555
2023,2614063000,서구 초장동,평균직장인구수,12,False,14시,452.4166666666667,40.166666666666664,431.0,10.730290456431536
2023,2614063000,서구 초장동,평균방문인구수,12,False,12시,1063.1666666666667,818.5,1063.1666666666667,1.2989207900631237
2023,2614064000,서구 충무동,평균주거인구수,12,False,04시,6081.916666666667,5768.333333333333,3753.5,0.6507078878936724
2023,2614064000,서구 충무동,평균직장인구수,12,False,14시,1730.75,94.91666666666667,1646.5,17.346795434591748
2023,2614064000,서구 충무동,평균방문인구수,12,False,12시,2326.9166666666665,1075.9166666666667,2326.9166666666665,2.162729455503059
2023,2614065000,서구 남부민1동,평균주거인구수,12,False,05시,3255.4166666666665,3094.4166666666665,2250.1666666666665,0.7271699027818921
2023,2614065000,서구 남부민1동,평균직장인구수,12,False,15시,591.0833333333334,51.5,535.5,10.398058252427184
2023,2614065000,서구 남부민1동,평균방문인구수,12,False,07시,1308.0833333333333,867.0833333333334,1155.0,1.3320518981259009
2023,2614066000,서구 남부민2동,평균주거인구수,12,False,04시,7679.5,7494.333333333333,4445.75,0.5932148734599475
2023,2614066000,서구 남부민2동,평균직장인구수,12,False,16시,918.8333333333334,80.83333333333333,881.3333333333334,10.903092783505155
2023,2614066000,서구 남부민2동,평균방문인구수,12,False,10시,2173.3333333333335,1468.5833333333333,2127.8333333333335,1.4489020030641777
2023,2614068000,서구 암남동,평균주거인구수,12,False,04시,13742.666666666666,13406.166666666666,8182.833333333333,0.6103783084898741
2023,2614068000,서구 암남동,평균직장인구수,12,False,14시,4968.5,327.5833333333333,4851.5,14.809972017298398
2023,2614068000,서구 암남동,평균방문인구수,12,False,14시,8626.333333333334,4060.5,8101.583333333333,1.9952181586832491
2023,2617051000,동구 초량1동,평균주거인구수,12,False,05시,2608.8333333333335,2499.0,1607.0833333333333,0.6430905695611577
2023,2617051000,동구 초량1동,평균직장인구수,12,False,14시,2006.1666666666667,79.66666666666667,1894.6666666666667,23.782426778242677
2023,2617051000,동구 초량1동,평균방문인구수,12,False,13시,3090.0833333333335,1927.6666666666667,3086.1666666666665,1.600985647587757
2023,2617052000,동구 초량2동,평균주거인구수,12,False,05시,4759.416666666667,4616.583333333333,3133.0833333333335,0.678658459538981
2023,2617052000,동구 초량2동,평균직장인구수,12,False,15시,2234.75,146.08333333333334,2153.9166666666665,14.74443810610382
2023,2617052000,동구 초량2동,평균방문인구수,12,False,12시,5506.0,2854.0,5506.0,1.9292221443587947
2023,2617053000,동구 초량3동,평균주거인구수,12,False,05시,10262.416666666666,9888.083333333334,5647.916666666667,0.5711841694969534
2023,2617053000,동구 초량3동,평균직장인구수,12,False,14시,5423.75,260.8333333333333,5217.333333333333,20.00255591054313
2023,2617053000,동구 초량3동,평균방문인구수,12,False,15시,11801.25,3162.3333333333335,10277.0,3.2498155370507007
2023,2617055000,동구 초량6동,평균주거인구수,12,False,04시,1439.9166666666667,1394.9166666666667,846.0,0.6064878427624111
2023,2617055000,동구 초량6동,평균직장인구수,12,False,11시,237.16666666666666,13.5,233.33333333333334,17.283950617283953
2023,2617055000,동구 초량6동,평균방문인구수,12,False,14시,329.3333333333333,225.75,319.25,1.4141749723145072
2023,2617056000,동구 수정1동,평균주거인구수,12,False,05시,3829.5833333333335,3740.5,2303.25,0.6157599251436974
2023,2617056000,동구 수정1동,평균직장인구수,12,False,15시,1029.1666666666667,63.666666666666664,991.5833333333334,15.574607329842934
2023,2617056000,동구 수정1동,평균방문인구수,12,False,11시,1600.1666666666667,1084.1666666666667,1592.5833333333333,1.468946963873943
2023,2617057000,동구 수정2동,평균주거인구수,12,False,04시,7449.583333333333,7265.5,4629.916666666667,0.6372468056798111
2023,2617057000,동구 수정2동,평균직장인구수,12,False,16시,1739.25,92.41666666666667,1662.4166666666667,17.988277727682597
2023,2617057000,동구 수정2동,평균방문인구수,12,False,12시,2223.9166666666665,1095.5833333333333,2223.9166666666665,2.029892751197992
2023,2617059000,동구 수정4동,평균주거인구수,12,False,04시,2944.0833333333335,2884.25,1881.4166666666667,0.6523070700066453
2023,2617059000,동구 수정4동,평균직장인구수,12,False,16시|17시,208.58333333333334,15.0,178.66666666666666,11.91111111111111
2023,2617059000,동구 수정4동,평균방문인구수,12,False,10시,451.0833333333333,421.9166666666667,439.75,1.0422674303772466
2023,2617060000,동구 수정5동,평균주거인구수,12,False,04시,4963.583333333333,4862.583333333333,3105.9166666666665,0.6387379822111018
2023,2617060000,동구 수정5동,평균직장인구수,12,False,14시,491.75,39.75,475.25,11.955974842767295
2023,2617060000,동구 수정5동,평균방문인구수,12,False,11시,765.0,548.3333333333334,755.3333333333334,1.3775075987841945
2023,2617064500,동구 좌천동,평균주거인구수,12,False,05시,3941.5,3803.3333333333335,2450.4166666666665,0.6442813321647677
2023,2617064500,동구 좌천동,평균직장인구수,12,False,10시,775.1666666666666,52.333333333333336,764.8333333333334,14.614649681528663
2023,2617064500,동구 좌천동,평균방문인구수,12,False,11시,2759.5833333333335,1648.75,2626.4166666666665,1.592974475612838
2023,2617065000,동구 범일1동,평균주거인구수,12,False,04시,9756.083333333334,9510.833333333334,5846.0,0.6146674844475598
2023,2617065000,동구 범일1동,평균직장인구수,12,False,16시,1611.1666666666667,101.16666666666667,1550.25,15.323723228995057
2023,2617065000,동구 범일1동,평균방문인구수,12,False,11시,2407.3333333333335,1429.8333333333333,2303.5833333333335,1.6110852080662084
2023,2617066000,동구 범일2동,평균주거인구수,12,False,04시,7376.5,7231.833333333333,4331.416666666667,0.5989375676983707
2023,2617066000,동구 범일2동,평균직장인구수,12,False,13시,9097.833333333334,403.8333333333333,8958.75,22.184275691291788
2023,2617066000,동구 범일2동,평균방문인구수,12,False,13시,8832.333333333334,3433.3333333333335,8612.25,2.5084223300970874
2023,2617068000,동구 범일5동,평균주거인구수,12,False,04시,5442.583333333333,5274.833333333333,2908.5,0.5513918291257228
2023,2617068000,동구 범일5동,평균직장인구수,12,False,11시,2525.1666666666665,165.83333333333334,2484.6666666666665,14.98291457286432
2023,2617068000,동구 범일5동,평균방문인구수,12,False,11시,5858.5,3564.0833333333335,5720.166666666667,1.6049475087095795
2023,2620053000,영도구 남항동,평균주거인구수,12,False,04시,10112.416666666666,9886.666666666666,6594.083333333333,0.6669672960215779
2023,2620053000,영도구 남항동,평균직장인구수,12,False,15시,4157.166666666667,265.9166666666667,3922.5,14.750861798809149
2023,2620053000,영도구 남항동,평균방문인구수,12,False,15시,7507.25,4068.6666666666665,7140.166666666667,1.7549156152711782
2023,2620054000,영도구 영선1동,평균주거인구수,12,False,05시,1481.0,1373.9166666666667,923.4166666666666,0.6721052950809728
2023,2620054000,영도구 영선1동,평균직장인구수,12,False,14시,574.5,32.666666666666664,538.9166666666666,16.497448979591837
2023,2620054000,영도구 영선1동,평균방문인구수,12,False,14시,1097.0,518.5833333333334,1061.75,2.0474047886871283
2023,2620055000,영도구 영선2동,평균주거인구수,12,False,04시,7271.916666666667,7138.166666666667,4313.75,0.6043218380069578
2023,2620055000,영도구 영선2동,평균직장인구수,12,False,15시,1045.4166666666667,62.0,1001.75,16.157258064516128
2023,2620055000,영도구 영선2동,평균방문인구수,12,False,15시,2434.1666666666665,1028.9166666666667,2061.0,2.003077670689236
2023,2620058500,영도구 신선동,평균주거인구수,12,False,04시,6639.416666666667,6534.333333333333,4229.083333333333,0.6472096107738611
2023,2620058500,영도구 신선동,평균직장인구수,12,False,09시,935.6666666666666,45.666666666666664,917.8333333333334,20.098540145985403
2023,2620058500,영도구 신선동,평균방문인구수,12,False,11시,1315.1666666666667,804.1666666666666,1293.4166666666667,1.6083937823834198
2023,2620059000,영도구 봉래1동,평균주거인구수,12,False,04시,5309.5,5135.75,2952.1666666666665,0.5748267860909636
2023,2620059000,영도구 봉래1동,평균직장인구수,12,False,15시,1308.9166666666667,77.33333333333333,1197.3333333333333,15.482758620689655
2023,2620059000,영도구 봉래1동,평균방문인구수,12,False,14시,2968.9166666666665,1173.9166666666667,2522.0833333333335,2.1484347270533117
2023,2620060500,영도구 봉래2동,평균주거인구수,12,False,05시,6402.75,6271.333333333333,4011.25,0.6396167747422132
2023,2620060500,영도구 봉래2동,평균직장인구수,12,False,16시,1247.75,87.58333333333333,1197.75,13.675547098001903
2023,2620060500,영도구 봉래2동,평균방문인구수,12,False,12시,1799.3333333333333,944.4166666666666,1799.3333333333333,1.9052325068384364
2023,2620063000,영도구 청학1동,평균주거인구수,12,False,04시,4976.833333333333,4818.75,3041.75,0.6312321660181582
2023,2620063000,영도구 청학1동,평균직장인구수,12,False,13시,1492.0833333333333,70.75,1488.4166666666667,21.037691401649
2023,2620063000,영도구 청학1동,평균방문인구수,12,False,12시,1740.75,906.6666666666666,1740.75,1.9199448529411764
2023,2620064000,영도구 청학2동,평균주거인구수,12,False,04시,14575.916666666666,14298.25,8136.75,0.5690731383211232
2023,2620064000,영도구 청학2동,평균직장인구수,12,False,16시,3066.5833333333335,170.08333333333334,2885.0,16.962273395394412
2023,2620064000,영도구 청학2동,평균방문인구수,12,False,14시,3286.8333333333335,2052.25,3114.0833333333335,1.5173996020627767
2023,2620065000,영도구 동삼1동,평균주거인구수,12,False,04시,26441.916666666668,25962.5,16584.083333333332,0.6387706628149574
2023,2620065000,영도구 동삼1동,평균직장인구수,12,False,15시,4878.75,280.6666666666667,4768.5,16.989904988123513
2023,2620065000,영도구 동삼1동,평균방문인구수,12,False,12시,5831.416666666667,2419.25,5831.416666666667,2.41042334056698
2023,2620066000,영도구 동삼2동,평균주거인구수,12,False,04시,5001.583333333333,4909.25,3313.3333333333335,0.6749163993142198
2023,2620066000,영도구 동삼2동,평균직장인구수,12,False,14시,1926.9166666666667,183.08333333333334,1805.5833333333333,9.862084660901228
2023,2620066000,영도구 동삼2동,평균방문인구수,12,False,14시,4657.166666666667,2138.3333333333335,4362.833333333333,2.0402961808261884
2023,2620067000,영도구 동삼3동,평균주거인구수,12,False,03시,8673.833333333334,8526.25,5207.25,0.6107315642867615
2023,2620067000,영도구 동삼3동,평균직장인구수,12,False,16시,1289.8333333333333,116.75,1230.8333333333333,10.542469664525338
2023,2620067000,영도구 동삼3동,평균방문인구수,12,False,14시,2336.25,1540.1666666666667,2163.9166666666665,1.4049886375933338
2023,2623051000,부산진구 부전1동,평균주거인구수,12,False,05시,14389.5,13453.583333333334,9178.5,0.6822345967307346
2023,2623051000,부산진구 부전1동,평균직장인구수,12,False,15시,11029.583333333334,569.9166666666666,10169.25,17.843398157625384
2023,2623051000,부산진구 부전1동,평균방문인구수,12,False,14시,20797.0,5799.583333333333,17979.25,3.1000933975141893
2023,2623052000,부산진구 부전2동,평균주거인구수,12,False,04시,9801.833333333334,9499.416666666666,5902.666666666667,0.6213714877229304
2023,2623052000,부산진구 부전2동,평균직장인구수,12,False,15시,13670.083333333334,1128.3333333333333,12493.083333333334,11.072156573116693
2023,2623052000,부산진구 부전2동,평균방문인구수,12,False,19시,29326.833333333332,16812.0,21636.5,1.2869676421603617
2023,2623054000,부산진구 연지동,평균주거인구수,12,False,04시,11435.583333333334,11196.416666666666,6281.416666666667,0.5610202669008686
2023,2623054000,부산진구 연지동,평균직장인구수,12,False,16시,1670.0833333333333,124.33333333333333,1540.1666666666667,12.387399463806972
2023,2623054000,부산진구 연지동,평균방문인구수,12,False,15시,2335.0833333333335,1594.0,2158.3333333333335,1.3540359682141365
2023,2623055000,부산진구 초읍동,평균주거인구수,12,False,04시,20933.833333333332,20452.083333333332,12352.416666666666,0.603968625853112
2023,2623055000,부산진구 초읍동,평균직장인구수,12,False,16시,3214.5,223.91666666666666,3042.5,13.587644212876814
2023,2623055000,부산진구 초읍동,평균방문인구수,12,False,12시,6457.25,2764.5,6457.25,2.3357750045216132
2023,2623056000,부산진구 양정1동,평균주거인구수,12,False,04시,18509.75,18076.583333333332,10525.666666666666,0.5822818655811617
2023,2623056000,부산진구 양정1동,평균직장인구수,12,False,14시,5750.333333333333,355.1666666666667,5605.0,15.781323322383857
2023,2623056000,부산진구 양정1동,평균방문인구수,12,False,12시,6163.333333333333,3311.6666666666665,6163.333333333333,1.8610971313537996
2023,2623057000,부산진구 양정2동,평균주거인구수,12,False,04시,9943.916666666666,9491.083333333334,5709.916666666667,0.6016085273019413
2023,2623057000,부산진구 양정2동,평균직장인구수,12,False,13시,3462.75,179.0,3415.6666666666665,19.08193668528864
2023,2623057000,부산진구 양정2동,평균방문인구수,12,False,12시,4661.25,2314.9166666666665,4661.25,2.0135714028582745
2023,2623060000,부산진구 전포1동,평균주거인구수,12,False,05시,16238.333333333334,15365.5,9287.083333333334,0.6044113978284685
2023,2623060000,부산진구 전포1동,평균직장인구수,12,False,15시,5593.0,355.6666666666667,5273.583333333333,14.827319587628864
2023,2623060000,부산진구 전포1동,평균방문인구수,12,False,19시,7980.833333333333,3236.5833333333335,6183.416666666667,1.9104765828162413
2023,2623061000,부산진구 전포2동,평균주거인구수,12,False,04시,19974.833333333332,19201.75,11306.416666666666,0.5888221993655092
2023,2623061000,부산진구 전포2동,평균직장인구수,12,False,16시,5362.083333333333,340.6666666666667,4852.666666666667,14.244618395303327
2023,2623061000,부산진구 전포2동,평균방문인구수,12,False,15시,9163.916666666666,3508.75,7390.083333333333,2.1061869136682105
2023,2623064000,부산진구 부암1동,평균주거인구수,12,False,04시,18775.75,18308.583333333332,10072.833333333334,0.5501700022302837
2023,2623064000,부산진구 부암1동,평균직장인구수,12,False,16시,3060.0833333333335,213.5,2814.6666666666665,13.183450429352067
2023,2623064000,부산진구 부암1동,평균방문인구수,12,False,14시,4428.333333333333,3043.25,4207.833333333333,1.3826775103370847
2023,2623066000,부산진구 부암3동,평균주거인구수,12,False,04시,13902.583333333334,13638.333333333334,7944.25,0.5824941952829036
2023,2623066000,부산진구 부암3동,평균직장인구수,12,False,15시,2249.1666666666665,201.91666666666666,2162.5,10.709863805200166
2023,2623066000,부산진구 부암3동,평균방문인구수,12,False,12시,4277.25,3194.5,4277.25,1.3389419314446704
2023,2623067000,부산진구 당감1동,평균주거인구수,12,False,04시,18712.666666666668,18300.5,10910.666666666666,0.596195003779496
2023,2623067000,부산진구 당감1동,평균직장인구수,12,False,15시,2925.9166666666665,203.25,2777.75,13.666666666666666
2023,2623067000,부산진구 당감1동,평균방문인구수,12,False,12시,3980.8333333333335,2613.5833333333335,3980.8333333333335,1.5231323534100691
2023,2623068000,부산진구 당감2동,평균주거인구수,12,False,04시,7388.583333333333,7192.0,3895.9166666666665,0.5417014275120504
2023,2623068000,부산진구 당감2동,평균직장인구수,12,False,16시,1051.0833333333333,82.25,907.9166666666666,11.038500506585612
2023,2623068000,부산진구 당감2동,평균방문인구수,12,False,11시,1986.8333333333333,1775.5,1928.0833333333333,1.0859382333614944
2023,2623070000,부산진구 당감4동,평균주거인구수,12,False,04시,9105.0,8886.916666666666,4916.583333333333,0.5532383747644009
2023,2623070000,부산진구 당감4동,평균직장인구수,12,False,16시,1160.5,120.08333333333333,1048.9166666666667,8.734906315058987
2023,2623070000,부산진구 당감4동,평균방문인구수,12,False,12시,2203.25,1705.0833333333333,2203.25,1.2921655833048238
2023,2623071000,부산진구 가야1동,평균주거인구수,12,False,04시,17163.5,16788.583333333332,10196.0,0.6073174726872925
2023,2623071000,부산진구 가야1동,평균직장인구수,12,False,14시,4808.833333333333,432.75,4656.333333333333,10.759869054496436
2023,2623071000,부산진구 가야1동,평균방문인구수,12,False,13시,6355.0,3785.1666666666665,6344.666666666667,1.6761921535819648
2023,2623072000,부산진구 가야2동,평균주거인구수,12,False,04시,9996.5,9731.916666666666,5495.083333333333,0.5646455391623781
2023,2623072000,부산진구 가야2동,평균직장인구수,12,False,16시,1424.5833333333333,160.16666666666666,1303.25,8.136836628511967
2023,2623072000,부산진구 가야2동,평균방문인구수,12,False,19시,4075.1666666666665,2847.5,3513.8333333333335,1.2340064383962541
2023,2623074000,부산진구 개금1동,평균주거인구수,12,False,04시,15148.416666666666,14755.666666666666,8378.916666666666,0.5678439921386134
2023,2623074000,부산진구 개금1동,평균직장인구수,12,False,16시,2554.8333333333335,204.66666666666666,2349.5833333333335,11.480048859934854
2023,2623074000,부산진구 개금1동,평균방문인구수,12,False,18시,3922.1666666666665,2936.9166666666665,3726.75,1.268932837726641
2023,2623075000,부산진구 개금2동,평균주거인구수,12,False,04시,8968.25,8728.666666666666,5278.666666666667,0.6047506301076913
2023,2623075000,부산진구 개금2동,평균직장인구수,12,False,15시,2000.1666666666667,148.33333333333334,1934.0833333333333,13.038764044943818
2023,2623075000,부산진구 개금2동,평균방문인구수,12,False,11시,4035.75,2312.5833333333335,3734.9166666666665,1.6150408994270475
2023,2623076000,부산진구 개금3동,평균주거인구수,12,False,04시,21966.916666666668,21446.75,12178.5,0.5678482753797195
2023,2623076000,부산진구 개금3동,평균직장인구수,12,False,16시,2781.6666666666665,248.5,2710.8333333333335,10.908786049631122
2023,2623076000,부산진구 개금3동,평균방문인구수,12,False,11시,3602.4166666666665,2924.8333333333335,3531.9166666666665,1.207561684426463
2023,2623077000,부산진구 범천1동,평균주거인구수,12,False,04시,11669.166666666666,11141.333333333334,6955.0,0.6242520344662518
2023,2623077000,부산진구 범천1동,평균직장인구수,12,False,14시,6875.5,345.5833333333333,6734.416666666667,19.487099107788765
2023,2623077000,부산진구 범천1동,평균방문인구수,12,False,12시,10071.416666666666,5721.583333333333,10071.416666666666,1.7602499308175183
2023,2623078000,부산진구 범천2동,평균주거인구수,12,False,04시,18041.583333333332,17456.916666666668,9804.833333333334,0.5616589412983393
2023,2623078000,부산진구 범천2동,평균직장인구수,12,False,16시,2834.5,189.66666666666666,2557.6666666666665,13.48506151142355
2023,2623078000,부산진구 범천2동,평균방문인구수,12,False,15시,3623.5,2703.25,3531.3333333333335,1.3063288017509789
2023,2626051000,동래구 수민동,평균주거인구수,12,False,04시,21205.416666666668,20720.5,12210.583333333334,0.589299646887543
2023,2626051000,동래구 수민동,평균직장인구수,12,False,15시,4255.0,331.5833333333333,4058.6666666666665,12.240261372204072
2023,2626051000,동래구 수민동,평균방문인구수,12,False,14시,8466.916666666666,6451.25,8140.75,1.2618872311567526
2023,2626052000,동래구 복산동,평균주거인구수,12,False,05시,7741.666666666667,7572.833333333333,4570.916666666667,0.6035939872790897
2023,2626052000,동래구 복산동,평균직장인구수,12,False,16시,1188.75,66.08333333333333,1023.0833333333334,15.481715006305173
2023,2626052000,동래구 복산동,평균방문인구수,12,False,12시,1894.0,1171.3333333333333,1894.0,1.6169607285145136
2023,2626054500,동래구 명륜동,평균주거인구수,12,False,05시,22088.916666666668,21581.0,12340.25,0.5718108521384552
2023,2626054500,동래구 명륜동,평균직장인구수,12,False,16시,6873.416666666667,494.5833333333333,6414.333333333333,12.96916596461668
2023,2626054500,동래구 명륜동,평균방문인구수,12,False,19시,13490.916666666666,6445.25,10222.75,1.586090531786975
2023,2626055000,동래구 온천1동,평균주거인구수,12,False,04시,22791.166666666668,22151.75,12570.416666666666,0.5674683339540517
2023,2626055000,동래구 온천1동,평균직장인구수,12,False,15시,5498.083333333333,385.3333333333333,5320.5,13.807525951557095
2023,2626055000,동래구 온천1동,평균방문인구수,12,False,14시,9745.583333333334,5962.083333333333,9668.333333333334,1.6216367321266338
2023,2626056000,동래구 온천2동,평균주거인구수,12,False,04시,13334.833333333334,13159.416666666666,7612.833333333333,0.5785084191928467
2023,2626056000,동래구 온천2동,평균직장인구수,12,False,15시,3161.5833333333335,159.66666666666666,3078.6666666666665,19.281837160751564
2023,2626056000,동래구 온천2동,평균방문인구수,12,False,12시,4473.833333333333,2071.5,4473.833333333333,2.1597071365355216
2023,2626057000,동래구 온천3동,평균주거인구수,12,False,04시,35395.916666666664,34568.583333333336,19505.833333333332,0.5642647587043148
2023,2626057000,동래구 온천3동,평균직장인구수,12,False,16시,4681.25,474.5,4371.083333333333,9.211977520196697
2023,2626057000,동래구 온천3동,평균방문인구수,12,False,01시,14009.666666666666,14001.583333333334,12309.333333333334,0.879138668841024
2023,2626058000,동래구 사직1동,평균주거인구수,12,False,04시,8546.75,8289.666666666666,4819.666666666667,0.5814065704290483
2023,2626058000,동래구 사직1동,평균직장인구수,12,False,16시,2751.4166666666665,262.1666666666667,2406.3333333333335,9.178639542275906
2023,2626058000,동래구 사직1동,평균방문인구수,12,False,19시,5374.083333333333,3385.8333333333335,4709.583333333333,1.3909672655673146
2023,2626059000,동래구 사직2동,평균주거인구수,12,False,05시,21809.916666666668,21114.333333333332,12259.25,0.5806126959569329
2023,2626059000,동래구 사직2동,평균직장인구수,12,False,15시,3200.1666666666665,265.3333333333333,3049.3333333333335,11.49246231155779
2023,2626059000,동래구 사직2동,평균방문인구수,12,False,19시,7746.75,3477.8333333333335,6182.583333333333,1.777711218670628
2023,2626060000,동래구 사직3동,평균주거인구수,12,False,05시,15338.166666666666,14784.25,8433.916666666666,0.5704663183229901
2023,2626060000,동래구 사직3동,평균직장인구수,12,False,16시,2625.3333333333335,170.08333333333334,2388.0833333333335,14.040666340029398
2023,2626060000,동래구 사직3동,평균방문인구수,12,False,19시,3838.4166666666665,2320.9166666666665,3548.75,1.5290294782952139
2023,2626074000,동래구 안락1동,평균주거인구수,12,False,04시,10583.166666666666,10353.416666666666,6407.416666666667,0.6188697772876909
2023,2626074000,동래구 안락1동,평균직장인구수,12,False,16시,2394.0,175.5,2177.3333333333335,12.406457739791074
2023,2626074000,동래구 안락1동,평균방문인구수,12,False,19시,4122.25,2370.0,3847.0,1.6232067510548522
2023,2626075000,동래구 안락2동,평균주거인구수,12,False,04시,24096.0,23664.0,13544.25,0.5723567444219066
2023,2626075000,동래구 안락2동,평균직장인구수,12,False,16시,4162.0,299.8333333333333,3840.0,12.807115063924403
2023,2626075000,동래구 안락2동,평균방문인구수,12,False,14시,5266.0,3600.8333333333335,5225.25,1.451122425364499
2023,2626076100,동래구 명장1동,평균주거인구수,12,False,04시,12742.583333333334,12441.5,7377.0,0.5929349354981313
2023,2626076100,동래구 명장1동,평균직장인구수,12,False,15시,2354.9166666666665,204.41666666666666,2278.25,11.145128414186711
2023,2626076100,동래구 명장1동,평균방문인구수,12,False,19시,2549.3333333333335,1933.4166666666667,2515.5833333333335,1.3011077108745313
2023,2626076200,동래구 명장2동,평균주거인구수,12,False,04시,10023.583333333334,9785.5,5649.416666666667,0.5773252942278542
2023,2626076200,동래구 명장2동,평균직장인구수,12,False,16시,1499.1666666666667,85.08333333333333,1446.5833333333333,17.001958863858963
2023,2626076200,동래구 명장2동,평균방문인구수,12,False,11시,1623.0833333333333,1095.25,1590.6666666666667,1.452332039869132
2023,2629051000,남구 대연1동,평균주거인구수,12,False,04시,15458.166666666666,14968.083333333334,9252.25,0.6181319140170474
2023,2629051000,남구 대연1동,평균직장인구수,12,False,15시,3043.3333333333335,249.91666666666666,2960.9166666666665,11.847615871957318
2023,2629051000,남구 대연1동,평균방문인구수,12,False,12시,7864.25,5418.916666666667,7864.25,1.4512587079213248
2023,2629053000,남구 대연3동,평균주거인구수,12,False,04시,31514.25,30927.25,17589.916666666668,0.5687513977694967
2023,2629053000,남구 대연3동,평균직장인구수,12,False,15시,12225.416666666666,1053.0,11381.5,10.808641975308642
2023,2629053000,남구 대연3동,평균방문인구수,12,False,14시,13710.0,6983.166666666667,12643.25,1.8105324709420272
2023,2629054000,남구 대연4동,평균주거인구수,12,False,04시,10043.166666666666,9808.166666666666,5478.416666666667,0.5585566449727268
2023,2629054000,남구 대연4동,평균직장인구수,12,False,16시,1376.25,108.91666666666667,1331.5,12.224942616679417
2023,2629054000,남구 대연4동,평균방문인구수,12,False,12시,2430.25,1597.6666666666667,2430.25,1.5211245566451075
2023,2629055000,남구 대연5동,평균주거인구수,12,False,05시,14198.666666666666,13854.333333333334,8437.666666666666,0.6090272598224381
2023,2629055000,남구 대연5동,평균직장인구수,12,False,16시,2692.0,152.41666666666666,2537.4166666666665,16.64789502460361
2023,2629055000,남구 대연5동,평균방문인구수,12,False,12시,3308.8333333333335,1726.8333333333333,3308.8333333333335,1.9161277868931572
2023,2629056000,남구 대연6동,평균주거인구수,12,False,04시,12601.25,12281.166666666666,6822.25,0.5555050415948539
2023,2629056000,남구 대연6동,평균직장인구수,12,False,15시,2463.0,123.25,2390.4166666666665,19.394861392832993
2023,2629056000,남구 대연6동,평균방문인구수,12,False,14시,2377.25,1412.0,2300.1666666666665,1.6290132200188856
2023,2629057000,남구 용호1동,평균주거인구수,12,False,04시,37253.75,36646.916666666664,20941.666666666668,0.5714441642430128
2023,2629057000,남구 용호1동,평균직장인구수,12,False,16시,5073.583333333333,346.0833333333333,4580.083333333333,13.234047676378522
2023,2629057000,남구 용호1동,평균방문인구수,12,False,14시,6071.416666666667,3687.4166666666665,5814.333333333333,1.5768039955705213
2023,2629058000,남구 용호2동,평균주거인구수,12,False,04시,16097.166666666666,15710.25,8587.333333333334,0.5466070452942082
2023,2629058000,남구 용호2동,평균직장인구수,12,False,16시,1996.25,188.58333333333334,1905.0,10.101634997790542
2023,2629058000,남구 용호2동,평균방문인구수,12,False,14시,3722.4166666666665,2301.9166666666665,3636.3333333333335,1.5796980776888827
2023,2629059000,남구 용호3동,평균주거인구수,12,False,04시,11293.083333333334,11068.5,6951.5,0.6280435470027556
2023,2629059000,남구 용호3동,평균직장인구수,12,False,13시,2216.0833333333335,149.0,2203.3333333333335,14.787472035794185
2023,2629059000,남구 용호3동,평균방문인구수,12,False,12시,3187.0,1698.6666666666667,3187.0,1.8761773940345368
2023,2629060000,남구 용호4동,평균주거인구수,12,False,05시,6498.583333333333,6329.583333333333,3986.6666666666665,0.6298466197090382
2023,2629060000,남구 용호4동,평균직장인구수,12,False,16시,1252.5,151.33333333333334,1199.5833333333333,7.926762114537444
2023,2629060000,남구 용호4동,평균방문인구수,12,False,12시,2488.4166666666665,1655.0833333333333,2488.4166666666665,1.5034993202759177
2023,2629061000,남구 용당동,평균주거인구수,12,False,05시,6936.0,6790.333333333333,3972.4166666666665,0.5850105542192332
2023,2629061000,남구 용당동,평균직장인구수,12,False,14시,3185.75,164.91666666666666,3034.25,18.39868620515412
2023,2629061000,남구 용당동,평균방문인구수,12,False,12시,4413.083333333333,1339.3333333333333,4413.083333333333,3.2949850671976106
2023,2629062000,남구 감만1동,평균주거인구수,12,False,04시,7806.916666666667,7604.666666666667,4495.833333333333,0.5911940036819496
2023,2629062000,남구 감만1동,평균직장인구수,12,False,10시,2410.6666666666665,214.5,2339.4166666666665,10.906371406371406
2023,2629062000,남구 감만1동,평균방문인구수,12,False,11시,3511.75,1891.1666666666667,3373.5,1.7838195117652242
2023,2629063000,남구 감만2동,평균주거인구수,12,False,04시,3957.0,3857.0,2357.4166666666665,0.6112047359778757
2023,2629063000,남구 감만2동,평균직장인구수,12,False,15시,572.1666666666666,48.75,533.75,10.948717948717949
2023,2629063000,남구 감만2동,평균방문인구수,12,False,19시,1052.0,876.0,992.1666666666666,1.1326103500761036
2023,2629064500,남구 우암동,평균주거인구수,12,False,04시,12168.916666666666,11917.75,7080.166666666667,0.5940858523351025
2023,2629064500,남구 우암동,평균직장인구수,12,False,16시,2061.5833333333335,211.16666666666666,1981.6666666666667,9.384372533543806
2023,2629064500,남구 우암동,평균방문인구수,12,False,10시,3706.6666666666665,2919.0833333333335,3593.75,1.2311227839789887
2023,2629068000,남구 문현1동,평균주거인구수,12,False,04시,8615.666666666666,8463.5,4939.833333333333,0.5836631811110454
2023,2629068000,남구 문현1동,평균직장인구수,12,False,15시,1486.75,108.33333333333333,1480.25,13.663846153846155
2023,2629068000,남구 문현1동,평균방문인구수,12,False,13시,2419.1666666666665,1846.4166666666667,2413.6666666666665,1.3072166809586134
2023,2629069000,남구 문현2동,평균주거인구수,12,False,04시|05시,4912.583333333333,4759.083333333333,3036.5833333333335,0.6380605508763944
2023,2629069000,남구 문현2동,평균직장인구수,12,False,14시,4779.916666666667,195.5,4466.583333333333,22.84697357203751
2023,2629069000,남구 문현2동,평균방문인구수,12,False,14시,3953.25,1645.0,3825.1666666666665,2.3253292806484294
2023,2629070000,남구 문현3동,평균주거인구수,12,False,04시,10105.25,9853.166666666666,5489.75,0.557155905884741
2023,2629070000,남구 문현3동,평균직장인구수,12,False,16시,1400.5833333333333,189.5,1249.4166666666667,6.593227792436236
2023,2629070000,남구 문현3동,평균방문인구수,12,False,23시,7683.25,7644.583333333333,6467.416666666667,0.8460129721480352
2023,2629071000,남구 문현4동,평균주거인구수,12,False,04시,5419.166666666667,5191.416666666667,3023.9166666666665,0.5824839077323145
2023,2629071000,남구 문현4동,평균직장인구수,12,False,15시,1357.25,69.66666666666667,1303.3333333333333,18.708133971291865
2023,2629071000,남구 문현4동,평균방문인구수,12,False,14시,2102.6666666666665,1357.9166666666667,1990.1666666666667,1.4656029456888615
2023,2632051000,북구 구포1동,평균주거인구수,12,False,04시,13083.5,12805.833333333334,7632.833333333333,0.5960434697728899
2023,2632051000,북구 구포1동,평균직장인구수,12,False,16시,3246.5,215.5,2913.4166666666665,13.519334880123743
2023,2632051000,북구 구포1동,평균방문인구수,12,False,14시,7353.25,3183.75,6960.416666666667,2.1862321685643242
2023,2632052000,북구 구포2동,평균주거인구수,12,False,04시,23092.333333333332,22631.0,12428.583333333334,0.5491840101335926
2023,2632052000,북구 구포2동,평균직장인구수,12,False,16시,4005.4166666666665,193.5,3809.5833333333335,19.68776916451335
2023,2632052000,북구 구포2동,평균방문인구수,12,False,13시,4025.4166666666665,2249.0,3949.0833333333335,1.7559285608418558
2023,2632052100,북구 구포3동,평균주거인구수,12,False,04시,19235.666666666668,18818.583333333332,10673.333333333334,0.5671698631228883
2023,2632052100,북구 구포3동,평균직장인구수,12,False,16시,2651.0833333333335,137.66666666666666,2465.5,17.909200968523002
2023,2632052100,북구 구포3동,평균방문인구수,12,False,14시,2292.9166666666665,1519.3333333333333,2273.3333333333335,1.4962702939885917
2023,2632053000,북구 금곡동,평균주거인구수,12,False,04시,34558.583333333336,33972.083333333336,19657.25,0.5786295119767456
2023,2632053000,북구 금곡동,평균직장인구수,12,False,16시,4351.333333333333,299.1666666666667,4108.833333333333,13.73426183844011
2023,2632053000,북구 금곡동,평균방문인구수,12,False,11시,5628.75,3737.4166666666665,5513.333333333333,1.475172244643136
2023,2632054100,북구 화명1동,평균주거인구수,12,False,04시,33590.333333333336,32851.5,17181.166666666668,0.5229948911515964
2023,2632054100,북구 화명1동,평균직장인구수,12,False,17시,3777.75,350.75,3265.0833333333335,9.308861962461393
2023,2632054100,북구 화명1동,평균방문인구수,12,False,20시,9914.916666666666,9082.416666666666,8379.25,0.922579342869464
2023,2632054200,북구 화명2동,평균주거인구수,12,False,04시,16700.333333333332,16334.75,9221.0,0.5645020584949264
2023,2632054200,북구 화명2동,평균직장인구수,12,False,15시,2634.75,205.16666666666666,2558.6666666666665,12.471161657189278
2023,2632054200,북구 화명2동,평균방문인구수,12,False,14시,3869.5,2469.3333333333335,3790.3333333333335,1.534962203023758
2023,2632054300,북구 화명3동,평균주거인구수,12,False,04시,20632.916666666668,20381.0,11586.666666666666,0.5685033446183536
2023,2632054300,북구 화명3동,평균직장인구수,12,False,16시,4815.5,346.4166666666667,4368.583333333333,12.610777002646138
2023,2632054300,북구 화명3동,평균방문인구수,12,False,19시,7861.833333333333,3558.6666666666665,6231.0,1.750936680404646
2023,2632055000,북구 덕천1동,평균주거인구수,12,False,04시,11297.333333333334,11004.666666666666,6487.166666666667,0.5894923365844794
2023,2632055000,북구 덕천1동,평균직장인구수,12,False,15시,2341.0833333333335,158.66666666666666,2252.5,14.196428571428573
2023,2632055000,북구 덕천1동,평균방문인구수,12,False,11시,3576.3333333333335,2501.3333333333335,3529.9166666666665,1.4112140191897653
2023,2632056000,북구 덕천2동,평균주거인구수,12,False,04시,10698.583333333334,10396.666666666666,6401.666666666667,0.6157422250721386
2023,2632056000,북구 덕천2동,평균직장인구수,12,False,15시,4766.583333333333,460.25,4673.75,10.154807170016296
2023,2632056000,북구 덕천2동,평균방문인구수,12,False,19시,10596.333333333334,6831.25,9985.166666666666,1.461689539493748
2023,2632056100,북구 덕천3동,평균주거인구수,12,False,04시,6699.333333333333,6497.416666666667,3797.9166666666665,0.5845271838807731
2023,2632056100,북구 덕천3동,평균직장인구수,12,False,17시,667.9166666666666,44.916666666666664,591.25,13.16326530612245
2023,2632056100,북구 덕천3동,평균방문인구수,12,False,10시,909.5,793.0833333333334,858.9166666666666,1.0830093516864556
2023,2632057100,북구 만덕1동,평균주거인구수,12,False,04시,14530.583333333334,14184.5,7239.333333333333,0.5103692998225763
2023,2632057100,북구 만덕1동,평균직장인구수,12,False,16시,1539.5,101.16666666666667,1393.5833333333333,13.775123558484347
2023,2632057100,북구 만덕1동,평균방문인구수,12,False,14시,2236.1666666666665,2005.1666666666667,2201.75,1.0980384007979387
2023,2632057200,북구 만덕2동,평균주거인구수,12,False,04시,23859.666666666668,23328.583333333332,13295.833333333334,0.5699374515526375
2023,2632057200,북구 만덕2동,평균직장인구수,12,False,16시,2988.6666666666665,199.33333333333334,2734.8333333333335,13.71989966555184
2023,2632057200,북구 만덕2동,평균방문인구수,12,False,12시,3340.5,2568.8333333333335,3340.5,1.3003957698047102
2023,2632057300,북구 만덕3동,평균주거인구수,12,False,05시,16177.833333333334,15844.833333333334,8725.75,0.550700017881749
2023,2632057300,북구 만덕3동,평균직장인구수,12,False,17시,1854.5833333333333,172.41666666666666,1469.0,8.52005799903335
2023,2632057300,북구 만덕3동,평균방문인구수,12,False,20시,4092.0,3688.1666666666665,3216.0,0.8719779474897195
2023,2635051000,해운대구 우1동,평균주거인구수,12,False,04시,20913.166666666668,20485.416666666668,12457.916666666666,0.6081358690125088
2023,2635051000,해운대구 우1동,평균직장인구수,12,False,15시,7074.75,693.5833333333334,6846.916666666667,9.871801033281269
2023,2635051000,해운대구 우1동,평균방문인구수,12,False,20시,14954.75,11829.416666666666,14756.75,1.2474621881890486
2023,2635052000,해운대구 우2동,평균주거인구수,12,False,04시,26474.916666666668,25987.333333333332,14807.25,0.5697872040224725
2023,2635052000,해운대구 우2동,평균직장인구수,12,False,14시,19583.75,746.3333333333334,19002.25,25.460808396605625
2023,2635052000,해운대구 우2동,평균방문인구수,12,False,15시,28619.416666666668,5509.0,24235.0,4.3991650027228175
2023,2635052500,해운대구 우3동,평균주거인구수,12,False,04시,25394.25,24925.666666666668,13903.25,0.5577884911135776
2023,2635052500,해운대구 우3동,평균직장인구수,12,False,16시,4823.333333333333,290.4166666666667,4467.666666666667,15.38364418938307
2023,2635052500,해운대구 우3동,평균방문인구수,12,False,19시,6437.833333333333,4539.916666666667,6191.0,1.3636814185282402
2023,2635053000,해운대구 중1동,평균주거인구수,12,False,05시,24202.25,23543.416666666668,13712.833333333334,0.5824487383238768
2023,2635053000,해운대구 중1동,평균직장인구수,12,False,15시,7231.416666666667,491.9166666666667,6820.416666666667,13.864983906488227
2023,2635053000,해운대구 중1동,평균방문인구수,12,False,18시,14295.666666666666,9972.25,13999.666666666666,1.4038623847844434
2023,2635054000,해운대구 중2동,평균주거인구수,12,False,04시,14733.416666666666,14319.5,8468.666666666666,0.5914079867779368
2023,2635054000,해운대구 중2동,평균직장인구수,12,False,16시,2224.4166666666665,178.91666666666666,2075.8333333333335,11.602235677689801
2023,2635054000,해운대구 중2동,평균방문인구수,12,False,14시,5137.416666666667,3038.3333333333335,4625.416666666667,1.5223532638507955
2023,2635055100,해운대구 좌1동,평균주거인구수,12,False,05시,14539.833333333334,14136.75,8447.083333333334,0.5975265413431895
2023,2635055100,해운대구 좌1동,평균직장인구수,12,False,16시,4593.5,341.1666666666667,4145.666666666667,12.151441133365902
2023,2635055100,해운대구 좌1동,평균방문인구수,12,False,19시,7689.5,3907.0,6632.416666666667,1.697572732701988
2023,2635055200,해운대구 좌2동,평균주거인구수,12,False,04시,26875.5,26087.083333333332,15236.333333333334,0.584056605280391
2023,2635055200,해운대구 좌2동,평균직장인구수,12,False,16시,3873.25,230.08333333333334,3474.9166666666665,15.102861282144149
2023,2635055200,해운대구 좌2동,평균방문인구수,12,False,18시,4643.583333333333,2966.6666666666665,4121.166666666667,1.3891573033707867
2023,2635055300,해운대구 좌3동,평균주거인구수,12,False,04시,14388.166666666666,14071.666666666666,8291.75,0.5892514509060761
2023,2635055300,해운대구 좌3동,평균직장인구수,12,False,09시,1892.8333333333333,162.83333333333334,1844.9166666666667,11.330092118730809
2023,2635055300,해운대구 좌3동,평균방문인구수,12,False,12시,3076.5833333333335,2114.5,3076.5833333333335,1.4549933002285804
2023,2635055400,해운대구 좌4동,평균주거인구수,12,False,04시,21841.416666666668,21298.166666666668,12601.583333333334,0.591674557278013
2023,2635055400,해운대구 좌4동,평균직장인구수,12,False,15시,5476.5,506.5,5352.666666666667,10.56794998354722
2023,2635055400,해운대구 좌4동,평균방문인구수,12,False,11시,8371.083333333334,4274.083333333333,7867.166666666667,1.8406675895416174
2023,2635056000,해운대구 송정동,평균주거인구수,12,False,05시,9413.416666666666,9050.416666666666,5759.416666666667,0.6363703328576034
2023,2635056000,해운대구 송정동,평균직장인구수,12,False,15시,3492.75,238.0,3358.4166666666665,14.110994397759104
2023,2635056000,해운대구 송정동,평균방문인구수,12,False,14시,8864.833333333334,4728.5,8249.0,1.744527862958655
2023,2635057000,해운대구 반여1동,평균주거인구수,12,False,04시,33376.083333333336,32480.5,18815.666666666668,0.5792911644422551
2023,2635057000,해운대구 반여1동,평균직장인구수,12,False,16시,5957.75,414.9166666666667,5729.083333333333,13.807792729463747
2023,2635057000,해운대구 반여1동,평균방문인구수,12,False,11시,6705.5,4191.25,6659.583333333333,1.5889253404911023
2023,2635058000,해운대구 반여2동,평균주거인구수,12,False,04시,11729.0,11500.916666666666,7096.5,0.6170377723514793
2023,2635058000,해운대구 반여2동,평균직장인구수,12,False,16시,1403.1666666666667,131.58333333333334,1311.3333333333333,9.965801139962
2023,2635058000,해운대구 반여2동,평균방문인구수,12,False,19시,3087.3333333333335,2938.5833333333335,2931.8333333333335,0.9977029747894394
2023,2635059000,해운대구 반여3동,평균주거인구수,12,False,04시,5231.583333333333,5127.666666666667,3251.25,0.634060326334265
2023,2635059000,해운대구 반여3동,평균직장인구수,12,False,16시,557.25,39.0,506.0833333333333,12.976495726495726
2023,2635059000,해운대구 반여3동,평균방문인구수,12,False,11시,720.25,496.8333333333333,712.0833333333334,1.4332438778933245
2023,2635059500,해운대구 반여4동,평균주거인구수,12,False,04시,8399.416666666666,8213.833333333334,4394.166666666667,0.5349714911835725
2023,2635059500,해운대구 반여4동,평균직장인구수,12,False,16시,898.5,84.41666666666667,827.0833333333334,9.797630799605134
2023,2635059500,해운대구 반여4동,평균방문인구수,12,False,10시,2012.9166666666667,1939.25,1917.25,0.9886554080185639
2023,2635061000,해운대구 반송1동,평균주거인구수,12,False,04시,8764.166666666666,8544.666666666666,5742.666666666667,0.6720761488647891
2023,2635061000,해운대구 반송1동,평균직장인구수,12,False,14시,2038.25,86.16666666666667,1983.4166666666667,23.0183752417795
2023,2635061000,해운대구 반송1동,평균방문인구수,12,False,13시,2536.0,858.5833333333334,2526.8333333333335,2.9430263030185384
2023,2635062000,해운대구 반송2동,평균주거인구수,12,False,04시,19486.666666666668,19242.333333333332,12202.0,0.6341226808945555
2023,2635062000,해운대구 반송2동,평균직장인구수,12,False,16시,2357.3333333333335,106.16666666666667,2210.3333333333335,20.819466248037678
2023,2635062000,해운대구 반송2동,평균방문인구수,12,False,13시,2184.5,1148.6666666666667,2181.25,1.8989408009286128
2023,2635065000,해운대구 재송1동,평균주거인구수,12,False,04시,33974.25,33210.166666666664,18163.916666666668,0.546938437526661
2023,2635065000,해운대구 재송1동,평균직장인구수,12,False,16시,7118.083333333333,561.8333333333334,6713.166666666667,11.948679916938593
2023,2635065000,해운대구 재송1동,평균방문인구수,12,False,12시,7246.25,5552.916666666667,7246.25,1.3049448488031814
2023,2635066000,해운대구 재송2동,평균주거인구수,12,False,04시,19580.583333333332,19066.25,11124.0,0.5834393234117878
2023,2635066000,해운대구 재송2동,평균직장인구수,12,False,16시,2479.0833333333335,167.83333333333334,2211.1666666666665,13.174776564051637
2023,2635066000,해운대구 재송2동,평균방문인구수,12,False,11시,2767.0,2271.4166666666665,2704.6666666666665,1.1907399933961917
2023,2638051000,사하구 괴정1동,평균주거인구수,12,False,04시,17307.083333333332,16943.333333333332,9889.333333333334,0.5836710603974032
2023,2638051000,사하구 괴정1동,평균직장인구수,12,False,16시,2361.8333333333335,221.5,2219.0833333333335,10.018434913468774
2023,2638051000,사하구 괴정1동,평균방문인구수,12,False,19시,4282.5,3235.1666666666665,3984.3333333333335,1.2315697285044565
2023,2638052000,사하구 괴정2동,평균주거인구수,12,False,04시,13590.25,13338.916666666666,7602.416666666667,0.5699425865418857
2023,2638052000,사하구 괴정2동,평균직장인구수,12,False,09시,1299.6666666666667,66.0,1232.0,18.666666666666668
2023,2638052000,사하구 괴정2동,평균방문인구수,12,False,13시,1445.25,899.5,1437.0833333333333,1.5976468408375022
2023,2638053000,사하구 괴정3동,평균주거인구수,12,False,04시,11970.416666666666,11747.666666666666,7131.083333333333,0.6070212524472945
2023,2638053000,사하구 괴정3동,평균직장인구수,12,False,15시,2920.8333333333335,204.58333333333334,2759.3333333333335,13.487576374745418
2023,2638053000,사하구 괴정3동,평균방문인구수,12,False,14시,4646.666666666667,2389.5833333333335,4355.75,1.8228073234524846
2023,2638054000,사하구 괴정4동,평균주거인구수,12,False,04시,12107.916666666666,11847.583333333334,6522.916666666667,0.5505693847549782
2023,2638054000,사하구 괴정4동,평균직장인구수,12,False,15시,1476.25,113.66666666666667,1429.1666666666667,12.573313782991203
2023,2638054000,사하구 괴정4동,평균방문인구수,12,False,12시,2681.25,2231.6666666666665,2681.25,1.2014563106796117
2023,2638055000,사하구 당리동,평균주거인구수,12,False,04시,23606.25,23148.25,13051.416666666666,0.5638187191976355
2023,2638055000,사하구 당리동,평균직장인구수,12,False,16시,4436.666666666667,291.9166666666667,4097.416666666667,14.03625463888096
2023,2638055000,사하구 당리동,평균방문인구수,12,False,14시,5662.5,3363.8333333333335,5630.5,1.6738344151018183
2023,2638056100,사하구 하단1동,평균주거인구수,12,False,04시,20579.5,20033.083333333332,11503.5,0.5742251359209973
2023,2638056100,사하구 하단1동,평균직장인구수,12,False,16시,3152.3333333333335,220.33333333333334,2941.25,13.349092284417548
2023,2638056100,사하구 하단1동,평균방문인구수,12,False,14시,5065.0,2705.8333333333335,4929.666666666667,1.8218663381583
2023,2638056200,사하구 하단2동,평균주거인구수,12,False,04시,24583.583333333332,24219.916666666668,14000.583333333334,0.5780607557829472
2023,2638056200,사하구 하단2동,평균직장인구수,12,False,15시,7654.166666666667,513.9166666666666,7331.916666666667,14.266742338251989
2023,2638056200,사하구 하단2동,평균방문인구수,12,False,19시,8136.0,4781.333333333333,7407.0,1.54914947016174
2023,2638057100,사하구 신평1동,평균주거인구수,12,False,04시,15388.416666666666,15127.0,9183.333333333334,0.6070822590952161
2023,2638057100,사하구 신평1동,평균직장인구수,12,False,15시,4443.583333333333,187.83333333333334,4342.5,23.118899733806565
2023,2638057100,사하구 신평1동,평균방문인구수,12,False,14시,3455.0833333333335,1383.0833333333333,3314.0833333333335,2.396155931794903
2023,2638057200,사하구 신평2동,평균주거인구수,12,False,04시,15844.583333333334,15545.416666666666,8406.916666666666,0.5407971266986518
2023,2638057200,사하구 신평2동,평균직장인구수,12,False,16시,4024.1666666666665,223.08333333333334,3911.75,17.534927157265596
2023,2638057200,사하구 신평2동,평균방문인구수,12,False,14시,3837.5833333333335,2002.1666666666667,3815.1666666666665,1.9055190210605175
2023,2638058000,사하구 장림1동,평균주거인구수,12,False,04시,9720.833333333334,9529.833333333334,5907.833333333333,0.6199303940257787
2023,2638058000,사하구 장림1동,평균직장인구수,12,False,15시,4427.0,204.83333333333334,4384.833333333333,21.406834825061022
2023,2638058000,사하구 장림1동,평균방문인구수,12,False,12시,4064.1666666666665,1897.75,4064.1666666666665,2.141571158828437
2023,2638059000,사하구 장림2동,평균주거인구수,12,False,04시,23783.5,23241.5,13041.166666666666,0.5611155332773988
2023,2638059000,사하구 장림2동,평균직장인구수,12,False,15시,5002.166666666667,267.4166666666667,4951.5,18.516048613275164
2023,2638059000,사하구 장림2동,평균방문인구수,12,False,11시,5427.833333333333,3106.4166666666665,5404.5,1.7397859269791025
2023,2638060100,사하구 다대1동,평균주거인구수,12,False,04시,34962.0,34549.666666666664,20905.166666666668,0.6050757846192438
2023,2638060100,사하구 다대1동,평균직장인구수,12,False,16시,7175.5,290.4166666666667,6993.0,24.079196556671448
2023,2638060100,사하구 다대1동,평균방문인구수,12,False,14시,6599.666666666667,2464.0,6038.416666666667,2.450656114718615
2023,2638060200,사하구 다대2동,평균주거인구수,12,False,04시,26174.75,25857.833333333332,15497.75,0.5993444926424617
2023,2638060200,사하구 다대2동,평균직장인구수,12,False,16시,4052.4166666666665,204.0,3833.9166666666665,18.793709150326798
2023,2638060200,사하구 다대2동,평균방문인구수,12,False,12시,3434.75,1809.3333333333333,3434.75,1.8983511422254975
2023,2638061000,사하구 구평동,평균주거인구수,12,False,04시,11544.916666666666,11279.916666666666,6235.25,0.5527744738066919
2023,2638061000,사하구 구평동,평균직장인구수,12,False,09시,4049.1666666666665,171.16666666666666,3956.5,23.114897760467382
2023,2638061000,사하구 구평동,평균방문인구수,12,False,10시,3500.6666666666665,1397.5833333333333,3351.5833333333335,2.398127720469859
2023,2638062000,사하구 감천1동,평균주거인구수,12,False,04시,17036.666666666668,16793.666666666668,10320.916666666666,0.6145719616522101
2023,2638062000,사하구 감천1동,평균직장인구수,12,False,14시,3751.25,250.33333333333334,3701.8333333333335,14.787616511318243
2023,2638062000,사하구 감천1동,평균방문인구수,12,False,11시,3781.3333333333335,1739.0833333333333,3750.4166666666665,2.1565479898413917
2023,2638063000,사하구 감천2동,평균주거인구수,12,False,04시,4565.333333333333,4490.0,3078.3333333333335,0.6855976243504084
2023,2638063000,사하구 감천2동,평균직장인구수,12,False,16시,434.8333333333333,22.333333333333332,397.0833333333333,17.779850746268657
2023,2638063000,사하구 감천2동,평균방문인구수,12,False,15시,1055.5833333333333,346.1666666666667,953.3333333333334,2.7539720751083294
2023,2641051000,금정구 서1동,평균주거인구수,12,False,04시,4582.25,4524.5,2802.3333333333335,0.6193686226839061
2023,2641051000,금정구 서1동,평균직장인구수,12,False,16시,630.9166666666666,38.916666666666664,583.4166666666666,14.991434689507495
2023,2641051000,금정구 서1동,평균방문인구수,12,False,15시,975.5833333333334,773.1666666666666,960.25,1.241970252209528
2023,2641052000,금정구 서2동,평균주거인구수,12,False,05시,6202.916666666667,5971.5,3665.0,0.6137486393703424
2023,2641052000,금정구 서2동,평균직장인구수,12,False,15시,1380.8333333333333,114.33333333333333,1297.4166666666667,11.347667638483966
2023,2641052000,금정구 서2동,평균방문인구수,12,False,19시,2125.0833333333335,1720.75,1874.25,1.0892052883916896
2023,2641053000,금정구 서3동,평균주거인구수,12,False,04시,9070.916666666666,8829.583333333334,5895.083333333333,0.6676513614270209
2023,2641053000,금정구 서3동,평균직장인구수,12,False,15시,1665.9166666666667,100.66666666666667,1624.8333333333333,16.14072847682119
2023,2641053000,금정구 서3동,평균방문인구수,12,False,12시,2377.0833333333335,1336.5833333333333,2377.0833333333335,1.7784774611883536
2023,2641055500,금정구 금사회동동,평균주거인구수,12,False,04시,6728.583333333333,6532.083333333333,4096.166666666667,0.6270842635708364
2023,2641055500,금정구 금사회동동,평균직장인구수,12,False,14시,5833.083333333333,268.0,5749.666666666667,21.453980099502488
2023,2641055500,금정구 금사회동동,평균방문인구수,12,False,11시,5072.916666666667,2223.9166666666665,4975.083333333333,2.237081725184547
2023,2641057000,금정구 부곡1동,평균주거인구수,12,False,04시,7224.75,7048.166666666667,4108.75,0.5829530137860909
2023,2641057000,금정구 부곡1동,평균직장인구수,12,False,15시,968.75,70.83333333333333,940.5833333333334,13.278823529411767
2023,2641057000,금정구 부곡1동,평균방문인구수,12,False,11시,1326.25,1087.0,1292.6666666666667,1.1892057651027292
2023,2641058000,금정구 부곡2동,평균주거인구수,12,False,05시,16603.916666666668,15990.75,9285.5,0.5806794553101011
2023,2641058000,금정구 부곡2동,평균직장인구수,12,False,14시,4090.0833333333335,236.0,4028.25,17.06885593220339
2023,2641058000,금정구 부곡2동,평균방문인구수,12,False,14시,4668.166666666667,2605.3333333333335,4555.083333333333,1.7483687308085976
2023,2641059000,금정구 부곡3동,평균주거인구수,12,False,04시,14351.0,14052.0,7897.25,0.5620018502704242
2023,2641059000,금정구 부곡3동,평균직장인구수,12,False,13시,4639.0,219.16666666666666,4546.583333333333,20.74486692015209
2023,2641059000,금정구 부곡3동,평균방문인구수,12,False,14시,5406.25,2136.5833333333335,5185.083333333333,2.4268107180467253
2023,2641059100,금정구 부곡4동,평균주거인구수,12,False,05시,5408.083333333333,5209.333333333333,3081.5833333333335,0.5915504223189149
2023,2641059100,금정구 부곡4동,평균직장인구수,12,False,16시,947.9166666666666,90.08333333333333,869.1666666666666,9.648473635522665
2023,2641059100,금정구 부곡4동,평균방문인구수,12,False,19시,2147.4166666666665,1295.9166666666667,1882.5833333333333,1.4527040061732364
2023,2641060000,금정구 장전1동,평균주거인구수,12,False,04시,17026.0,16424.666666666668,9784.083333333334,0.5956944839063197
2023,2641060000,금정구 장전1동,평균직장인구수,12,False,16시,3127.4166666666665,189.58333333333334,2957.4166666666665,15.599560439560438
2023,2641060000,금정구 장전1동,평균방문인구수,12,False,14시,4620.666666666667,2559.0,4615.5,1.8036342321219225
2023,2641061000,금정구 장전2동,평균주거인구수,12,False,04시,24259.666666666668,23818.333333333332,13542.166666666666,0.5685606325659506
2023,2641061000,금정구 장전2동,평균직장인구수,12,False,15시,10391.416666666666,794.3333333333334,9249.5,11.644355853965589
2023,2641061000,금정구 장전2동,평균방문인구수,12,False,15시,11639.833333333334,4404.916666666667,9840.25,2.2339242134735806
2023,2641063500,금정구 선두구동,평균주거인구수,12,False,04시,1404.6666666666667,1377.5,869.75,0.6313974591651542
2023,2641063500,금정구 선두구동,평균직장인구수,12,False,13시,876.75,33.083333333333336,858.3333333333334,25.944584382871536
2023,2641063500,금정구 선두구동,평균방문인구수,12,False,12시,2993.75,358.5,2993.75,8.350767085076708
2023,2641066500,금정구 청룡노포동,평균주거인구수,12,False,04시,8435.333333333334,8289.166666666666,5120.25,0.6177038303005932
2023,2641066500,금정구 청룡노포동,평균직장인구수,12,False,15시,2280.1666666666665,127.83333333333333,2213.5833333333335,17.316166883963497
2023,2641066500,금정구 청룡노포동,평균방문인구수,12,False,13시,7437.666666666667,1682.1666666666667,7361.5,4.376201327652828
2023,2641067000,금정구 남산동,평균주거인구수,12,False,05시,23425.666666666668,22964.583333333332,13883.5,0.6045613716774019
2023,2641067000,금정구 남산동,평균직장인구수,12,False,15시,5002.25,381.4166666666667,4821.5,12.641031243172383
2023,2641067000,금정구 남산동,평균방문인구수,12,False,12시,7079.666666666667,4151.083333333333,7079.666666666667,1.705498564631723
2023,2641068000,금정구 구서1동,평균주거인구수,12,False,04시,11226.083333333334,11027.333333333334,6041.5,0.5478659089535094
2023,2641068000,금정구 구서1동,평균직장인구수,12,False,14시,2787.9166666666665,183.08333333333334,2709.25,14.797906235776058
2023,2641068000,금정구 구서1동,평균방문인구수,12,False,19시,4246.583333333333,2353.75,3575.4166666666665,1.5190299167994334
2023,2641069000,금정구 구서2동,평균주거인구수,12,False,04시,28278.083333333332,27847.416666666668,15341.583333333334,0.550915853954137
2023,2641069000,금정구 구서2동,평균직장인구수,12,False,16시,4118.75,349.25,3757.5833333333335,10.759007396802673
2023,2641069000,금정구 구서2동,평균방문인구수,12,False,11시,7456.333333333333,6672.833333333333,7380.916666666667,1.106114344231586
2023,2641070000,금정구 금성동,평균주거인구수,12,False,05시,840.75,821.4166666666666,533.5833333333334,0.649589124480065
2023,2641070000,금정구 금성동,평균직장인구수,12,False,13시,272.6666666666667,15.333333333333334,264.9166666666667,17.27717391304348
2023,2641070000,금정구 금성동,평균방문인구수,12,False,13시,2155.1666666666665,256.25,1902.75,7.425365853658537
2023,2644051000,강서구 대저1동,평균주거인구수,12,False,04시,6058.5,6014.166666666667,4182.833333333333,0.6954967437993625
2023,2644051000,강서구 대저1동,평균직장인구수,12,False,13시,7095.583333333333,377.4166666666667,6995.166666666667,18.53433429013027
2023,2644051000,강서구 대저1동,평균방문인구수,12,False,13시,6748.0,1941.5,6693.833333333333,3.4477637565456263
2023,2644052000,강서구 대저2동,평균주거인구수,12,False,05시,6518.666666666667,6343.666666666667,4508.083333333333,0.7106431611581103
2023,2644052000,강서구 대저2동,평균직장인구수,12,False,13시,10762.0,543.5,10676.25,19.643514259429622
2023,2644052000,강서구 대저2동,평균방문인구수,12,False,13시,20057.166666666668,7817.916666666667,19878.416666666668,2.5426744124073974
2023,2644053000,강서구 강동동,평균주거인구수,12,False,05시,2543.0,2492.75,1770.9166666666667,0.7104269046902685
2023,2644053000,강서구 강동동,평균직장인구수,12,False,11시,1821.25,61.333333333333336,1798.25,29.319293478260867
2023,2644053000,강서구 강동동,평균방문인구수,12,False,13시,1963.6666666666667,462.6666666666667,1948.1666666666667,4.210734870317003
2023,2644053500,강서구 명지1동,평균주거인구수,12,False,04시,47706.75,47071.583333333336,26937.583333333332,0.5722684776200786
2023,2644053500,강서구 명지1동,평균직장인구수,12,False,16시,11406.25,565.3333333333334,10622.083333333334,18.7890625
2023,2644053500,강서구 명지1동,평균방문인구수,12,False,14시,10959.5,4280.916666666667,10143.25,2.3694107570419107
2023,2644054500,강서구 명지2동,평균주거인구수,12,False,04시,25236.083333333332,24870.5,13913.916666666666,0.5594546417107282
2023,2644054500,강서구 명지2동,평균직장인구수,12,False,16시,4410.083333333333,225.83333333333334,4132.75,18.3
2023,2644054500,강서구 명지2동,평균방문인구수,12,False,12시,4138.75,2165.8333333333335,4138.75,1.9109272797229702
2023,2644055000,강서구 가락동,평균주거인구수,12,False,05시,2059.5,2015.4166666666667,1460.5833333333333,0.7247053959065536
2023,2644055000,강서구 가락동,평균직장인구수,12,False,11시,1908.6666666666667,72.33333333333333,1885.1666666666667,26.062211981566822
2023,2644055000,강서구 가락동,평균방문인구수,12,False,14시,2492.6666666666665,507.0833333333333,2415.5833333333335,4.76368118323747
2023,2644056000,강서구 녹산동,평균주거인구수,12,False,05시,32636.0,32037.916666666668,19462.416666666668,0.6074807194600148
2023,2644056000,강서구 녹산동,평균직장인구수,12,False,11시,34133.75,1465.0833333333333,33741.666666666664,23.03054433763722
2023,2644056000,강서구 녹산동,평균방문인구수,12,False,13시,20134.916666666668,5960.75,19527.0,3.275930042360441
2023,2644058000,강서구 가덕도동,평균주거인구수,12,False,03시,3219.0833333333335,3186.0833333333335,2263.9166666666665,0.7105641723118771
2023,2644058000,강서구 가덕도동,평균직장인구수,12,False,13시,1615.3333333333333,183.58333333333334,1586.9166666666667,8.644121652292329
2023,2644058000,강서구 가덕도동,평균방문인구수,12,False,14시,5975.166666666667,2396.8333333333335,5662.416666666667,2.362457409081427
2023,2647061000,연제구 거제1동,평균주거인구수,12,False,04시,22512.166666666668,22049.5,12548.083333333334,0.5690869785407077
2023,2647061000,연제구 거제1동,평균직장인구수,12,False,14시,9620.166666666666,436.1666666666667,9299.833333333334,21.321742453190677
2023,2647061000,연제구 거제1동,평균방문인구수,12,False,14시,8780.583333333334,3767.75,8604.333333333334,2.2836794727180236
2023,2647062000,연제구 거제2동,평균주거인구수,12,False,04시,11862.5,11590.5,6172.25,0.5325266381950735
2023,2647062000,연제구 거제2동,평균직장인구수,12,False,15시,3797.1666666666665,213.41666666666666,3573.0833333333335,16.74228816868411
2023,2647062000,연제구 거제2동,평균방문인구수,12,False,14시,7199.5,2842.25,6868.25,2.416483419825842
2023,2647063000,연제구 거제3동,평균주거인구수,12,False,04시,7812.25,7562.833333333333,4361.75,0.5767349097560438
2023,2647063000,연제구 거제3동,평균직장인구수,12,False,16시,1813.5833333333333,159.5,1674.9166666666667,10.501044932079415
2023,2647063000,연제구 거제3동,평균방문인구수,12,False,13시,7203.75,4354.75,7027.916666666667,1.613850775972597
2023,2647064000,연제구 거제4동,평균주거인구수,12,False,04시,8292.75,8096.833333333333,4464.083333333333,0.5513369424260514
2023,2647064000,연제구 거제4동,평균직장인구수,12,False,09시,1113.1666666666667,75.66666666666667,1057.3333333333333,13.973568281938324
2023,2647064000,연제구 거제4동,평균방문인구수,12,False,10시,1518.0833333333333,1065.5,1419.4166666666667,1.332160175191616
2023,2647065000,연제구 연산1동,평균주거인구수,12,False,04시,13595.083333333334,13247.916666666666,7616.916666666667,0.574952036483724
2023,2647065000,연제구 연산1동,평균직장인구수,12,False,15시,3543.4166666666665,268.0833333333333,3352.25,12.504507304942495
2023,2647065000,연제구 연산1동,평균방문인구수,12,False,14시,5046.833333333333,3082.8333333333335,5017.916666666667,1.6276963831972753
2023,2647066000,연제구 연산2동,평균주거인구수,12,False,04시,18839.416666666668,18241.166666666668,9755.833333333334,0.5348250751505295
2023,2647066000,연제구 연산2동,평균직장인구수,12,False,15시,4391.0,401.0833333333333,4199.333333333333,10.469977145231663
2023,2647066000,연제구 연산2동,평균방문인구수,12,False,13시,9644.416666666666,8453.416666666666,9509.0,1.1248706144458356
2023,2647067000,연제구 연산3동,평균주거인구수,12,False,05시,5030.583333333333,4907.166666666667,2833.5833333333335,0.5774377610977143
2023,2647067000,연제구 연산3동,평균직장인구수,12,False,09시,537.3333333333334,38.5,519.9166666666666,13.504329004329003
2023,2647067000,연제구 연산3동,평균방문인구수,12,False,23시,802.4166666666666,740.25,709.3333333333334,0.9582348305752562
2023,2647068000,연제구 연산4동,평균주거인구수,12,False,04시,12125.0,11880.583333333334,7238.0,0.6092293447992874
2023,2647068000,연제구 연산4동,평균직장인구수,12,False,16시,3506.25,293.6666666666667,3279.8333333333335,11.168558456299658
2023,2647068000,연제구 연산4동,평균방문인구수,12,False,19시,8901.333333333334,5808.583333333333,7980.833333333333,1.3739724258640231
2023,2647069000,연제구 연산5동,평균주거인구수,12,False,05시,12273.75,11601.416666666666,7048.416666666667,0.6075479287730665
2023,2647069000,연제구 연산5동,평균직장인구수,12,False,14시,5372.333333333333,324.6666666666667,5209.666666666667,16.046201232032853
2023,2647069000,연제구 연산5동,평균방문인구수,12,False,14시,6246.833333333333,3561.5,6059.166666666667,1.7012962702980954
2023,2647070000,연제구 연산6동,평균주거인구수,12,False,04시,11732.916666666666,11481.083333333334,7154.666666666667,0.6231699970240904
2023,2647070000,연제구 연산6동,평균직장인구수,12,False,16시,1815.3333333333333,179.75,1698.8333333333333,9.451089476124245
2023,2647070000,연제구 연산6동,평균방문인구수,12,False,19시,5102.583333333333,4819.166666666667,5062.416666666667,1.0504755317309356
2023,2647072000,연제구 연산8동,평균주거인구수,12,False,04시,6092.083333333333,5961.083333333333,3691.75,0.619308570869389
2023,2647072000,연제구 연산8동,평균직장인구수,12,False,13시,1211.5,117.83333333333333,1201.5,10.196605374823196
2023,2647072000,연제구 연산8동,평균방문인구수,12,False,10시,3430.4166666666665,3265.5,3406.5,1.043178686265503
2023,2647073000,연제구 연산9동,평균주거인구수,12,False,05시,31097.25,30237.083333333332,17852.0,0.590400859871295
2023,2647073000,연제구 연산9동,평균직장인구수,12,False,16시,5384.333333333333,336.1666666666667,5041.25,14.996281606346058
2023,2647073000,연제구 연산9동,평균방문인구수,12,False,14시,6013.166666666667,3531.6666666666665,5903.5,1.6715903728173667
2023,2650066000,수영구 남천1동,평균주거인구수,12,False,04시,14018.25,13712.75,8123.583333333333,0.5924109557407036
2023,2650066000,수영구 남천1동,평균직장인구수,12,False,15시,5886.666666666667,397.5833333333333,5498.75,13.830433871305807
2023,2650066000,수영구 남천1동,평균방문인구수,12,False,14시,9233.333333333334,3848.8333333333335,8896.416666666666,2.311458017581085
2023,2650067000,수영구 남천2동,평균주거인구수,12,False,04시,7548.75,7345.166666666667,3966.4166666666665,0.540003630505321
2023,2650067000,수영구 남천2동,평균직장인구수,12,False,16시,972.25,84.66666666666667,892.4166666666666,10.540354330708661
2023,2650067000,수영구 남천2동,평균방문인구수,12,False,19시,2914.4166666666665,2498.75,2880.5,1.1527763881940971
2023,2650073000,수영구 수영동,평균주거인구수,12,False,04시,13442.416666666666,13080.416666666666,7881.916666666667,0.6025738221896602
2023,2650073000,수영구 수영동,평균직장인구수,12,False,16시,2508.3333333333335,192.25,2276.5833333333335,11.841785869094062
2023,2650073000,수영구 수영동,평균방문인구수,12,False,19시,3926.0,2433.5833333333335,3475.6666666666665,1.4282094305379582
2023,2650074000,수영구 망미1동,평균주거인구수,12,False,04시,25767.583333333332,25306.583333333332,15219.666666666666,0.6014113587044214
2023,2650074000,수영구 망미1동,평균직장인구수,12,False,16시,3573.4166666666665,280.4166666666667,3222.0,11.490044576523031
2023,2650074000,수영구 망미1동,평균방문인구수,12,False,15시,4394.416666666667,3138.0,4228.75,1.3475940089228808
2023,2650075000,수영구 망미2동,평균주거인구수,12,False,05시,6986.583333333333,6719.5,3888.9166666666665,0.5787508991244388
2023,2650075000,수영구 망미2동,평균직장인구수,12,False,16시,1083.1666666666667,110.0,973.75,8.852272727272727
2023,2650075000,수영구 망미2동,평균방문인구수,12,False,15시,3406.0,2784.25,3148.75,1.1309149681242705
2023,2650076000,수영구 광안1동,평균주거인구수,12,False,05시,17202.5,16637.666666666668,9717.5,0.5840662753190551
2023,2650076000,수영구 광안1동,평균직장인구수,12,False,16시,2401.9166666666665,166.91666666666666,2271.3333333333335,13.60758861707439
2023,2650076000,수영구 광안1동,평균방문인구수,12,False,12시,3413.25,2542.8333333333335,3413.25,1.3423018942124925
2023,2650077000,수영구 광안2동,평균주거인구수,12,False,04시,15781.833333333334,15230.833333333334,9327.75,0.6124254527548284
2023,2650077000,수영구 광안2동,평균직장인구수,12,False,15시,3785.5833333333335,286.8333333333333,3580.5833333333335,12.483149331783848
2023,2650077000,수영구 광안2동,평균방문인구수,12,False,20시,9205.833333333334,6032.833333333333,7430.833333333333,1.2317319114843772
2023,2650078000,수영구 광안3동,평균주거인구수,12,False,05시,8823.5,8418.083333333334,5391.666666666667,0.640486254788798
2023,2650078000,수영구 광안3동,평균직장인구수,12,False,16시,2257.3333333333335,205.91666666666666,2116.6666666666665,10.27923917442331
2023,2650078000,수영구 광안3동,평균방문인구수,12,False,20시,5589.916666666667,3706.5,4530.5,1.2223121543234858
2023,2650079000,수영구 광안4동,평균주거인구수,12,False,04시,9701.75,9405.916666666666,5524.75,0.5873696520806939
2023,2650079000,수영구 광안4동,평균직장인구수,12,False,14시,1609.25,185.0,1571.25,8.493243243243244
2023,2650079000,수영구 광안4동,평균방문인구수,12,False,11시,4784.083333333333,4097.416666666667,4636.666666666667,1.1316073135512212
2023,2650080000,수영구 민락동,평균주거인구수,12,False,04시,24049.916666666668,23370.583333333332,13885.75,0.5941550453383349
2023,2650080000,수영구 민락동,평균직장인구수,12,False,16시,4303.416666666667,352.0833333333333,3896.25,11.066272189349114
2023,2650080000,수영구 민락동,평균방문인구수,12,False,20시,12493.916666666666,7248.5,8494.0,1.1718286542043181
2023,2653058000,사상구 삼락동,평균주거인구수,12,False,05시,4287.333333333333,4156.5,2766.8333333333335,0.6656642206985044
2023,2653058000,사상구 삼락동,평균직장인구수,12,False,13시,4431.75,223.5,4409.666666666667,19.73005219985086
2023,2653058000,사상구 삼락동,평균방문인구수,12,False,14시,5012.416666666667,3196.3333333333335,4756.5,1.4881113776201897
2023,2653059100,사상구 모라1동,평균주거인구수,12,False,05시,23824.5,23359.25,13473.083333333334,0.576777222442216
2023,2653059100,사상구 모라1동,평균직장인구수,12,False,16시,6770.5,309.8333333333333,6662.25,21.502689618074236
2023,2653059100,사상구 모라1동,평균방문인구수,12,False,12시,5290.5,2643.25,5290.5,2.001513288565213
2023,2653059300,사상구 모라3동,평균주거인구수,12,False,03시,9894.5,9788.25,6129.833333333333,0.6262440511157085
2023,2653059300,사상구 모라3동,평균직장인구수,12,False,16시,1238.75,86.16666666666667,1185.9166666666667,13.763056092843327
2023,2653059300,사상구 모라3동,평균방문인구수,12,False,11시,1811.9166666666667,1058.3333333333333,1720.8333333333333,1.625984251968504
2023,2653060000,사상구 덕포1동,평균주거인구수,12,False,04시,6461.916666666667,6334.333333333333,3538.3333333333335,0.5585960111561333
2023,2653060000,사상구 덕포1동,평균직장인구수,12,False,15시,979.5,64.08333333333333,936.5,14.613784135240573
2023,2653060000,사상구 덕포1동,평균방문인구수,12,False,13시,1307.0833333333333,1076.25,1299.0833333333333,1.2070460704607044
2023,2653061000,사상구 덕포2동,평균주거인구수,12,False,04시,11878.083333333334,11609.083333333334,6486.083333333333,0.5587076211874322
2023,2653061000,사상구 덕포2동,평균직장인구수,12,False,15시,3688.6666666666665,155.41666666666666,3652.4166666666665,23.500804289544238
2023,2653061000,사상구 덕포2동,평균방문인구수,12,False,14시,3791.75,1589.5833333333333,3601.9166666666665,2.2659501965923985
2023,2653062000,사상구 괘법동,평균주거인구수,12,False,04시,23221.833333333332,22941.583333333332,12650.833333333334,0.551436801441342
2023,2653062000,사상구 괘법동,평균직장인구수,12,False,15시,9145.5,608.4166666666666,8775.0,14.422681824407617
2023,2653062000,사상구 괘법동,평균방문인구수,12,False,14시,12860.333333333334,7167.333333333333,12138.0,1.6935168821504978
2023,2653064500,사상구 감전동,평균주거인구수,12,False,04시,9801.416666666666,9405.666666666666,6139.75,0.6527713789559486
2023,2653064500,사상구 감전동,평균직장인구수,12,False,11시,8651.833333333334,343.0833333333333,8567.083333333334,24.970852562545545
2023,2653064500,사상구 감전동,평균방문인구수,12,False,11시,7386.583333333333,2746.9166666666665,7234.416666666667,2.6336498498316296
2023,2653065000,사상구 주례1동,평균주거인구수,12,False,04시,15227.833333333334,14975.666666666666,8355.666666666666,0.5579495626238119
2023,2653065000,사상구 주례1동,평균직장인구수,12,False,15시,3588.0,186.66666666666666,3501.0,18.755357142857143
2023,2653065000,사상구 주례1동,평균방문인구수,12,False,11시,4021.0,1925.3333333333333,3898.0833333333335,2.024627770083103
2023,2653066000,사상구 주례2동,평균주거인구수,12,False,04시,21349.416666666668,20844.583333333332,11837.416666666666,0.5678893397565314
2023,2653066000,사상구 주례2동,평균직장인구수,12,False,15시,5348.75,395.5833333333333,5114.166666666667,12.928165156941228
2023,2653066000,사상구 주례2동,평균방문인구수,12,False,14시,6264.833333333333,3487.75,6119.083333333333,1.7544500991565717
2023,2653066100,사상구 주례3동,평균주거인구수,12,False,04시,6121.416666666667,5956.25,3396.8333333333335,0.5702973067506121
2023,2653066100,사상구 주례3동,평균직장인구수,12,False,15시,1216.75,77.41666666666667,1162.5833333333333,15.017222820236812
2023,2653066100,사상구 주례3동,평균방문인구수,12,False,11시,1787.4166666666667,948.5833333333334,1743.25,1.8377404902046912
2023,2653067000,사상구 학장동,평균주거인구수,12,False,05시,17325.166666666668,16946.833333333332,10417.5,0.6147166137233112
2023,2653067000,사상구 학장동,평균직장인구수,12,False,11시,6312.25,338.5833333333333,6245.083333333333,18.444745262121586
2023,2653067000,사상구 학장동,평균방문인구수,12,False,11시,6005.916666666667,3796.8333333333335,5801.583333333333,1.5280057943022693
2023,2653068000,사상구 엄궁동,평균주거인구수,12,False,04시,24684.833333333332,23936.083333333332,13761.333333333334,0.5749200126726386
2023,2653068000,사상구 엄궁동,평균직장인구수,12,False,16시,4785.166666666667,188.33333333333334,4615.0,24.50442477876106
2023,2653068000,사상구 엄궁동,평균방문인구수,12,False,12시,4544.75,1957.0,4544.75,2.32230454777721
2023,2671025000,기장군 기장읍,평균주거인구수,12,False,04시,53343.666666666664,52743.166666666664,33811.5,0.6410593473404138
2023,2671025000,기장군 기장읍,평균직장인구수,12,False,16시,14994.583333333334,681.0833333333334,14588.0,21.418818059464087
2023,2671025000,기장군 기장읍,평균방문인구수,12,False,14시,29652.25,7744.833333333333,24549.166666666668,3.1697475736512515
2023,2671025300,기장군 장안읍,평균주거인구수,12,False,04시,8216.5,8068.75,5342.0,0.6620604182804027
2023,2671025300,기장군 장안읍,평균직장인구수,12,False,13시,9207.25,461.8333333333333,9117.0,19.740887766149406
2023,2671025300,기장군 장안읍,평균방문인구수,12,False,14시,12043.5,2695.4166666666665,10720.25,3.97721440717267
2023,2671025600,기장군 정관읍,평균주거인구수,12,False,04시,77080.5,76328.75,46568.0,0.6100977678790757
2023,2671025600,기장군 정관읍,평균직장인구수,12,False,16시,15961.25,596.4166666666666,15535.166666666666,26.04750593824228
2023,2671025600,기장군 정관읍,평균방문인구수,12,False,14시,10043.583333333334,5143.916666666667,9692.166666666666,1.8841997829150936
2023,2671025900,기장군 일광읍,평균주거인구수,12,False,04시,22517.833333333332,22224.583333333332,12553.583333333334,0.5648512345563285
2023,2671025900,기장군 일광읍,평균직장인구수,12,False,16시,5264.75,312.0833333333333,5069.416666666667,16.243791722296397
2023,2671025900,기장군 일광읍,평균방문인구수,12,False,14시,10653.416666666666,3373.5833333333335,9761.833333333334,2.8936096633154658
2023,2671033000,기장군 철마면,평균주거인구수,12,False,04시,5729.0,5638.916666666667,3687.3333333333335,0.6539081088270501
2023,2671033000,기장군 철마면,평균직장인구수,12,False,14시,1830.0,85.41666666666667,1795.8333333333333,21.024390243902438
2023,2671033000,기장군 철마면,평균방문인구수,12,False,13시,4776.916666666667,930.1666666666666,4654.416666666667,5.003852356208565
2024,2611051000,중구 중앙동,평균주거인구수,12,False,04시,6555.583333333333,6312.333333333333,3861.25,0.6116993187938956
2024,2611051000,중구 중앙동,평균직장인구수,12,False,14시,11246.5,351.0833333333333,10810.416666666666,30.791597436506052
2024,2611051000,중구 중앙동,평균방문인구수,12,False,14시,10547.166666666666,3791.75,10010.166666666666,2.6399859343750687
2024,2611052000,중구 동광동,평균주거인구수,12,False,04시,2038.5833333333333,1971.0,1375.6666666666667,0.6979536614239811
2024,2611052000,중구 동광동,평균직장인구수,12,False,15시,1027.25,27.0,963.6666666666666,35.691358024691354
2024,2611052000,중구 동광동,평균방문인구수,12,False,12시,1423.9166666666667,797.25,1423.9166666666667,1.7860353297794502
2024,2611053000,중구 대청동,평균주거인구수,12,False,04시,5613.75,5425.666666666667,3536.9166666666665,0.6518860969466117
2024,2611053000,중구 대청동,평균직장인구수,12,False,14시,2852.5833333333335,87.58333333333333,2694.5833333333335,30.765937202664134
2024,2611053000,중구 대청동,평균방문인구수,12,False,14시,3836.8333333333335,1028.3333333333333,3371.5833333333335,3.278687196110211
2024,2611054500,중구 보수동,평균주거인구수,12,False,04시,7531.833333333333,7235.916666666667,4407.083333333333,0.6090566733079199
2024,2611054500,중구 보수동,평균직장인구수,12,False,16시,1416.25,66.58333333333333,1296.75,19.475594493116397
2024,2611054500,중구 보수동,평균방문인구수,12,False,13시,2177.5,925.4166666666666,2168.9166666666665,2.343719045475011
2024,2611056000,중구 부평동,평균주거인구수,12,False,04시,3995.4166666666665,3895.8333333333335,2563.4166666666665,0.6579893048128341
2024,2611056000,중구 부평동,평균직장인구수,12,False,15시,2565.4166666666665,221.0,2368.8333333333335,10.71870286576169
2024,2611056000,중구 부평동,평균방문인구수,12,False,19시,8368.333333333334,4587.583333333333,5870.083333333333,1.2795589544240795
2024,2611057000,중구 광복동,평균주거인구수,12,False,05시,417.0833333333333,399.25,339.0,0.8490920475892298
2024,2611057000,중구 광복동,평균직장인구수,12,False,15시,1585.1666666666667,54.083333333333336,1430.5,26.449922958397533
2024,2611057000,중구 광복동,평균방문인구수,12,False,14시,3778.25,434.75,2974.5833333333335,6.842054820778225
2024,2611058000,중구 남포동,평균주거인구수,12,False,06시,2697.6666666666665,2480.25,2051.4166666666665,0.8271007626919329
2024,2611058000,중구 남포동,평균직장인구수,12,False,15시,5709.333333333333,223.0,5198.0,23.309417040358746
2024,2611058000,중구 남포동,평균방문인구수,12,False,14시,13528.916666666666,3478.4166666666665,11182.75,3.2148966244220314
2024,2611059000,중구 영주1동,평균주거인구수,12,False,04시,408.75,384.4166666666667,220.58333333333334,0.5738131367873401
2024,2611059000,중구 영주1동,평균직장인구수,12,False,14시,240.41666666666666,7.666666666666667,217.33333333333334,28.347826086956523
2024,2611059000,중구 영주1동,평균방문인구수,12,False,12시,502.4166666666667,317.6666666666667,502.4166666666667,1.5815844700944386
2024,2611060000,중구 영주2동,평균주거인구수,12,False,04시,6440.416666666667,6309.5,3836.0833333333335,0.6079853131521251
2024,2611060000,중구 영주2동,평균직장인구수,12,False,16시,809.25,43.166666666666664,740.8333333333334,17.162162162162165
2024,2611060000,중구 영주2동,평균방문인구수,12,False,14시,1438.0833333333333,976.8333333333334,1400.4166666666667,1.433629073536939
2024,2614051000,서구 동대신1동,평균주거인구수,12,False,04시,4624.083333333333,4457.25,2580.5833333333335,0.5789631125320172
2024,2614051000,서구 동대신1동,평균직장인구수,12,False,16시,624.75,50.666666666666664,583.9166666666666,11.524671052631579
2024,2614051000,서구 동대신1동,평균방문인구수,12,False,12시,1373.3333333333333,1007.75,1373.3333333333333,1.3627718514843297
2024,2614052000,서구 동대신2동,평균주거인구수,12,False,04시,3181.75,3101.8333333333335,2044.1666666666667,0.6590188598140885
2024,2614052000,서구 동대신2동,평균직장인구수,12,False,13시,311.1666666666667,22.0,307.5,13.977272727272727
2024,2614052000,서구 동대신2동,평균방문인구수,12,False,12시,651.9166666666666,411.25,651.9166666666666,1.585207700101317
2024,2614053000,서구 동대신3동,평균주거인구수,12,False,04시,6770.333333333333,6579.833333333333,4140.583333333333,0.6292839230983561
2024,2614053000,서구 동대신3동,평균직장인구수,12,False,15시,3331.25,202.83333333333334,3162.6666666666665,15.592440427280195
2024,2614053000,서구 동대신3동,평균방문인구수,12,False,14시,5750.416666666667,2631.9166666666665,5463.583333333333,2.075895260108286
2024,2614054000,서구 서대신1동,평균주거인구수,12,False,04시,14022.916666666666,13756.0,7398.166666666667,0.537813802461956
2024,2614054000,서구 서대신1동,평균직장인구수,12,False,16시,2277.9166666666665,154.41666666666666,2036.0833333333333,13.1856449001619
2024,2614054000,서구 서대신1동,평균방문인구수,12,False,19시,3358.5,1996.25,2920.8333333333335,1.4631600918388645
2024,2614056000,서구 서대신3동,평균주거인구수,12,False,05시,3688.0833333333335,3586.5,1889.1666666666667,0.5267438077977601
2024,2614056000,서구 서대신3동,평균직장인구수,12,False,09시|13시,903.75,62.583333333333336,899.5,14.372836218375499
2024,2614056000,서구 서대신3동,평균방문인구수,12,False,10시,1404.6666666666667,765.1666666666666,1330.25,1.7385101285123068
2024,2614057000,서구 서대신4동,평균주거인구수,12,False,04시,6503.416666666667,6343.583333333333,3626.0,0.571601224334301
2024,2614057000,서구 서대신4동,평균직장인구수,12,False,13시,1023.5833333333334,67.58333333333333,1018.1666666666666,15.065351418002466
2024,2614057000,서구 서대신4동,평균방문인구수,12,False,12시,2802.6666666666665,1003.3333333333334,2802.6666666666665,2.7933554817275743
2024,2614059000,서구 부민동,평균주거인구수,12,False,04시,4639.5,4519.166666666667,2718.8333333333335,0.6016227180527384
2024,2614059000,서구 부민동,평균직장인구수,12,False,15시,1291.5833333333333,69.16666666666667,1185.4166666666667,17.13855421686747
2024,2614059000,서구 부민동,평균방문인구수,12,False,13시,1984.6666666666667,747.9166666666666,1966.0,2.6286350974930364
2024,2614061500,서구 아미동,평균주거인구수,12,False,04시,5874.083333333333,5737.583333333333,3694.5833333333335,0.6439267403523552
2024,2614061500,서구 아미동,평균직장인구수,12,False,14시,1015.0833333333334,55.0,962.4166666666666,17.498484848484846
2024,2614061500,서구 아미동,평균방문인구수,12,False,10시,2168.5,1268.1666666666667,2094.5,1.6515967932711262
2024,2614063000,서구 초장동,평균주거인구수,12,False,04시,3736.0833333333335,3638.5833333333335,2286.8333333333335,0.6284955225247921
2024,2614063000,서구 초장동,평균직장인구수,12,False,14시,485.3333333333333,42.416666666666664,459.1666666666667,10.82514734774067
2024,2614063000,서구 초장동,평균방문인구수,12,False,12시,993.75,726.5833333333334,993.75,1.3677027182016286
2024,2614064000,서구 충무동,평균주거인구수,12,False,04시,6161.916666666667,5892.166666666667,3843.0,0.6522218765027012
2024,2614064000,서구 충무동,평균직장인구수,12,False,14시,1686.5,80.33333333333333,1593.8333333333333,19.8402489626556
2024,2614064000,서구 충무동,평균방문인구수,12,False,12시,2180.3333333333335,947.5833333333334,2180.3333333333335,2.3009409902383258
2024,2614065000,서구 남부민1동,평균주거인구수,12,False,05시,2646.9166666666665,2527.9166666666665,1843.1666666666667,0.729124773364101
2024,2614065000,서구 남부민1동,평균직장인구수,12,False,15시,451.75,38.25,416.1666666666667,10.880174291938998
2024,2614065000,서구 남부민1동,평균방문인구수,12,False,11시,930.75,598.75,905.0833333333334,1.5116214335421017
2024,2614066000,서구 남부민2동,평균주거인구수,12,False,04시,7496.916666666667,7333.666666666667,4346.75,0.592711694922958
2024,2614066000,서구 남부민2동,평균직장인구수,12,False,16시,968.75,75.41666666666667,931.0,12.344751381215469
2024,2614066000,서구 남부민2동,평균방문인구수,12,False,10시,2398.5,1720.6666666666667,2215.6666666666665,1.2876791941108097
2024,2614068000,서구 암남동,평균주거인구수,12,False,04시,14259.333333333334,13932.583333333334,8277.666666666666,0.594122889389979
2024,2614068000,서구 암남동,평균직장인구수,12,False,14시,5074.5,263.6666666666667,4907.666666666667,18.61314791403287
2024,2614068000,서구 암남동,평균방문인구수,12,False,14시,8271.583333333334,3811.75,7804.666666666667,2.0475284755471024
2024,2617051000,동구 초량1동,평균주거인구수,12,False,05시,2311.25,2240.5,1470.5,0.6563267127873242
2024,2617051000,동구 초량1동,평균직장인구수,12,False,14시,2088.6666666666665,69.16666666666667,1950.0,28.19277108433735
2024,2617051000,동구 초량1동,평균방문인구수,12,False,12시,3061.6666666666665,1836.9166666666667,3061.6666666666665,1.666742276459647
2024,2617052000,동구 초량2동,평균주거인구수,12,False,04시,4722.75,4641.083333333333,3124.1666666666665,0.6731546154812993
2024,2617052000,동구 초량2동,평균직장인구수,12,False,15시,2267.0833333333335,132.25,2206.5833333333335,16.68494013862634
2024,2617052000,동구 초량2동,평균방문인구수,12,False,12시,5781.25,2882.5,5781.25,2.005637467476149
2024,2617053000,동구 초량3동,평균주거인구수,12,False,04시,10668.666666666666,10354.916666666666,5819.416666666667,0.5619955093796023
2024,2617053000,동구 초량3동,평균직장인구수,12,False,14시,5881.583333333333,216.58333333333334,5641.5,26.047710657945363
2024,2617053000,동구 초량3동,평균방문인구수,12,False,15시,12619.833333333334,3258.3333333333335,11098.833333333334,3.406291560102302
2024,2617055000,동구 초량6동,평균주거인구수,12,False,04시,1375.0833333333333,1328.9166666666667,817.4166666666666,0.6151000188123157
2024,2617055000,동구 초량6동,평균직장인구수,12,False,14시,388.0833333333333,16.5,355.8333333333333,21.565656565656564
2024,2617055000,동구 초량6동,평균방문인구수,12,False,15시,1332.3333333333333,418.9166666666667,954.4166666666666,2.27829719514621
2024,2617056000,동구 수정1동,평균주거인구수,12,False,04시,3859.0833333333335,3772.5,2308.0,0.6117958913187541
2024,2617056000,동구 수정1동,평균직장인구수,12,False,15시,955.75,57.416666666666664,915.1666666666666,15.939042089985486
2024,2617056000,동구 수정1동,평균방문인구수,12,False,12시,1501.1666666666667,1023.8333333333334,1501.1666666666667,1.4662217157740518
2024,2617057000,동구 수정2동,평균주거인구수,12,False,04시,7319.666666666667,7135.916666666667,4528.25,0.6345715920636218
2024,2617057000,동구 수정2동,평균직장인구수,12,False,16시,1685.75,76.33333333333333,1606.6666666666667,21.048034934497817
2024,2617057000,동구 수정2동,평균방문인구수,12,False,12시,2095.4166666666665,931.25,2095.4166666666665,2.250111856823266
2024,2617059000,동구 수정4동,평균주거인구수,12,False,04시,2915.3333333333335,2855.8333333333335,1842.9166666666667,0.6453166034432448
2024,2617059000,동구 수정4동,평균직장인구수,12,False,16시,244.16666666666666,14.083333333333334,214.75,15.248520710059172
2024,2617059000,동구 수정4동,평균방문인구수,12,False,10시,400.25,378.1666666666667,391.6666666666667,1.0356985456148082
2024,2617060000,동구 수정5동,평균주거인구수,12,False,04시,4754.583333333333,4663.916666666667,3009.1666666666665,0.6452016366787571
2024,2617060000,동구 수정5동,평균직장인구수,12,False,13시,503.0833333333333,33.916666666666664,487.5833333333333,14.375921375921376
2024,2617060000,동구 수정5동,평균방문인구수,12,False,11시,711.1666666666666,461.75,687.9166666666666,1.4898032846056668
2024,2617064500,동구 좌천동,평균주거인구수,12,False,04시,3602.1666666666665,3505.1666666666665,2144.75,0.6118824592268556
2024,2617064500,동구 좌천동,평균직장인구수,12,False,10시,652.5,44.0,643.4166666666666,14.62310606060606
2024,2617064500,동구 좌천동,평균방문인구수,12,False,11시,2527.6666666666665,1568.25,2423.75,1.545512513948669
2024,2617065000,동구 범일1동,평균주거인구수,12,False,04시,9454.583333333334,9238.166666666666,5698.666666666667,0.6168612098360065
2024,2617065000,동구 범일1동,평균직장인구수,12,False,16시,1530.3333333333333,81.33333333333333,1460.5833333333333,17.957991803278688
2024,2617065000,동구 범일1동,평균방문인구수,12,False,11시,2351.8333333333335,1266.25,2223.5,1.7559723593287266
2024,2617066000,동구 범일2동,평균주거인구수,12,False,04시,7102.75,6950.583333333333,4174.916666666667,0.6006570191950317
2024,2617066000,동구 범일2동,평균직장인구수,12,False,13시,8985.583333333334,351.9166666666667,8831.5,25.095429789249348
2024,2617066000,동구 범일2동,평균방문인구수,12,False,13시,9425.166666666666,3459.4166666666665,9226.083333333334,2.6669477031291406
2024,2617068000,동구 범일5동,평균주거인구수,12,False,04시,7765.75,7534.083333333333,3985.5833333333335,0.5290070678804102
2024,2617068000,동구 범일5동,평균직장인구수,12,False,13시,2554.1666666666665,132.33333333333334,2522.1666666666665,19.059193954659946
2024,2617068000,동구 범일5동,평균방문인구수,12,False,11시,5272.083333333333,3116.4166666666665,5258.333333333333,1.6873011204107282
2024,2620053000,영도구 남항동,평균주거인구수,12,False,04시,9935.5,9702.666666666666,6471.166666666667,0.6669472310017865
2024,2620053000,영도구 남항동,평균직장인구수,12,False,15시,3913.6666666666665,226.25,3713.5,16.41325966850829
2024,2620053000,영도구 남항동,평균방문인구수,12,False,12시,6364.0,3500.0,6364.0,1.8182857142857143
2024,2620054000,영도구 영선1동,평균주거인구수,12,False,04시,1314.3333333333333,1254.0833333333333,791.5,0.6311382816133962
2024,2620054000,영도구 영선1동,평균직장인구수,12,False,15시,476.0833333333333,21.916666666666668,445.0833333333333,20.307984790874524
2024,2620054000,영도구 영선1동,평균방문인구수,12,False,14시,955.9166666666666,458.4166666666667,936.0833333333334,2.041992365024541
2024,2620055000,영도구 영선2동,평균주거인구수,12,False,04시,7044.5,6904.583333333333,4202.416666666667,0.6086416028000725
2024,2620055000,영도구 영선2동,평균직장인구수,12,False,14시,1061.5,59.333333333333336,1022.3333333333334,17.230337078651687
2024,2620055000,영도구 영선2동,평균방문인구수,12,False,14시,2191.4166666666665,891.25,1881.4166666666667,2.11098644226274
2024,2620058500,영도구 신선동,평균주거인구수,12,False,04시,6488.833333333333,6373.75,4124.916666666667,0.6471726482316794
2024,2620058500,영도구 신선동,평균직장인구수,12,False,09시,890.1666666666666,39.916666666666664,880.5833333333334,22.060542797494783
2024,2620058500,영도구 신선동,평균방문인구수,12,False,11시,1266.75,714.25,1239.6666666666667,1.7356201143390504
2024,2620059000,영도구 봉래1동,평균주거인구수,12,False,04시,5039.166666666667,4907.833333333333,2891.1666666666665,0.5890922674635787
2024,2620059000,영도구 봉래1동,평균직장인구수,12,False,15시,1273.9166666666667,68.16666666666667,1150.25,16.87408312958435
2024,2620059000,영도구 봉래1동,평균방문인구수,12,False,14시,3092.6666666666665,966.75,2586.5833333333335,2.675545211619688
2024,2620060500,영도구 봉래2동,평균주거인구수,12,False,04시,6322.083333333333,6187.25,3864.9166666666665,0.6246582353495764
2024,2620060500,영도구 봉래2동,평균직장인구수,12,False,15시,1278.0833333333333,69.25,1220.5833333333333,17.62575210589651
2024,2620060500,영도구 봉래2동,평균방문인구수,12,False,12시,1735.9166666666667,884.9166666666666,1735.9166666666667,1.961672473867596
2024,2620063000,영도구 청학1동,평균주거인구수,12,False,04시,4624.666666666667,4504.666666666667,2827.75,0.6277379014355483
2024,2620063000,영도구 청학1동,평균직장인구수,12,False,13시,1387.9166666666667,53.0,1380.0833333333333,26.039308176100626
2024,2620063000,영도구 청학1동,평균방문인구수,12,False,12시,1675.75,844.4166666666666,1675.75,1.9845060692785947
2024,2620064000,영도구 청학2동,평균주거인구수,12,False,04시,14089.916666666666,13825.916666666666,7880.916666666667,0.5700104272772752
2024,2620064000,영도구 청학2동,평균직장인구수,12,False,16시,2865.9166666666665,157.0,2691.5,17.143312101910826
2024,2620064000,영도구 청학2동,평균방문인구수,12,False,14시,3135.5833333333335,1916.9166666666667,2979.5,1.5543190018693214
2024,2620065000,영도구 동삼1동,평균주거인구수,12,False,04시,25759.666666666668,25328.916666666668,16031.083333333334,0.6329162650067282
2024,2620065000,영도구 동삼1동,평균직장인구수,12,False,16시,4759.083333333333,262.6666666666667,4647.916666666667,17.695114213197968
2024,2620065000,영도구 동삼1동,평균방문인구수,12,False,13시,5661.166666666667,2275.25,5654.083333333333,2.4850382741823243
2024,2620066000,영도구 동삼2동,평균주거인구수,12,False,04시,5051.666666666667,4957.333333333333,3264.6666666666665,0.6585529854760624
2024,2620066000,영도구 동삼2동,평균직장인구수,12,False,14시,1954.5833333333333,217.5,1841.5,8.466666666666667
2024,2620066000,영도구 동삼2동,평균방문인구수,12,False,14시,5441.75,3553.4166666666665,5257.5,1.4795619239698883
2024,2620067000,영도구 동삼3동,평균주거인구수,12,False,04시,8471.0,8308.75,5169.5,0.6221754174815707
2024,2620067000,영도구 동삼3동,평균직장인구수,12,False,16시,1275.5833333333333,113.0,1235.0,10.929203539823009
2024,2620067000,영도구 동삼3동,평균방문인구수,12,False,14시,2624.5833333333335,1450.9166666666667,2474.5,1.7054735512032622
2024,2623051000,부산진구 부전1동,평균주거인구수,12,False,05시,13980.916666666666,13078.25,8944.5,0.6839217785254144
2024,2623051000,부산진구 부전1동,평균직장인구수,12,False,15시,10750.083333333334,474.0,9904.25,20.895042194092827
2024,2623051000,부산진구 부전1동,평균방문인구수,12,False,14시,20211.0,5326.333333333333,17718.166666666668,3.3265223105325745
2024,2623052000,부산진구 부전2동,평균주거인구수,12,False,04시,10810.333333333334,10455.0,6506.25,0.6223098995695839
2024,2623052000,부산진구 부전2동,평균직장인구수,12,False,15시,13998.916666666666,1019.6666666666666,12777.583333333334,12.531137626675385
2024,2623052000,부산진구 부전2동,평균방문인구수,12,False,19시,28616.916666666668,16318.916666666666,21994.5,1.3477916732626247
2024,2623054000,부산진구 연지동,평균주거인구수,12,False,04시,11040.833333333334,10795.666666666666,6144.25,0.5691403958378362
2024,2623054000,부산진구 연지동,평균직장인구수,12,False,16시,1562.25,104.66666666666667,1401.75,13.392515923566878
2024,2623054000,부산진구 연지동,평균방문인구수,12,False,15시,2215.5833333333335,1373.75,2020.75,1.4709736123748862
2024,2623055000,부산진구 초읍동,평균주거인구수,12,False,04시,21388.166666666668,20960.666666666668,12493.333333333334,0.5960370217232276
2024,2623055000,부산진구 초읍동,평균직장인구수,12,False,16시,3400.1666666666665,219.41666666666666,3244.25,14.785795670338018
2024,2623055000,부산진구 초읍동,평균방문인구수,12,False,12시,6439.333333333333,2620.8333333333335,6439.333333333333,2.4569793322734497
2024,2623056000,부산진구 양정1동,평균주거인구수,12,False,04시,18440.166666666668,18050.583333333332,10414.916666666666,0.5769850466513086
2024,2623056000,부산진구 양정1동,평균직장인구수,12,False,14시,5745.0,315.1666666666667,5577.333333333333,17.696456901110523
2024,2623056000,부산진구 양정1동,평균방문인구수,12,False,12시,6132.083333333333,2916.3333333333335,6132.083333333333,2.1026688764430217
2024,2623057000,부산진구 양정2동,평균주거인구수,12,False,04시,10584.5,10114.833333333334,6050.583333333333,0.5981891281780882
2024,2623057000,부산진구 양정2동,평균직장인구수,12,False,13시,3356.75,141.66666666666666,3313.9166666666665,23.392352941176473
2024,2623057000,부산진구 양정2동,평균방문인구수,12,False,12시,4502.333333333333,2140.0833333333335,4502.333333333333,2.1038121568474746
2024,2623060000,부산진구 전포1동,평균주거인구수,12,False,05시,16396.5,15592.75,9349.583333333334,0.599610930293459
2024,2623060000,부산진구 전포1동,평균직장인구수,12,False,15시,6075.833333333333,371.9166666666667,5680.416666666667,15.273358727313466
2024,2623060000,부산진구 전포1동,평균방문인구수,12,False,19시,8923.0,3361.4166666666665,6766.25,2.0129161811736123
2024,2623061000,부산진구 전포2동,평균주거인구수,12,False,04시,20547.416666666668,19798.166666666668,11678.5,0.5898778506427362
2024,2623061000,부산진구 전포2동,평균직장인구수,12,False,16시,5286.0,304.0,4802.75,15.798519736842104
2024,2623061000,부산진구 전포2동,평균방문인구수,12,False,15시,9478.0,3499.5,7663.333333333333,2.1898366433299996
2024,2623064000,부산진구 부암1동,평균주거인구수,12,False,04시,18927.833333333332,18385.166666666668,10152.583333333334,0.5522160074697899
2024,2623064000,부산진구 부암1동,평균직장인구수,12,False,16시,2926.3333333333335,184.83333333333334,2697.5,14.594229035166816
2024,2623064000,부산진구 부암1동,평균방문인구수,12,False,14시,4443.083333333333,2828.0833333333335,4236.333333333333,1.4979520876918995
2024,2623066000,부산진구 부암3동,평균주거인구수,12,False,04시,17526.166666666668,17203.583333333332,9706.833333333334,0.5642332266049225
2024,2623066000,부산진구 부암3동,평균직장인구수,12,False,16시,2429.75,185.25,2278.4166666666665,12.299145299145298
2024,2623066000,부산진구 부암3동,평균방문인구수,12,False,12시,4304.75,3274.75,4304.75,1.3145278265516451
2024,2623067000,부산진구 당감1동,평균주거인구수,12,False,04시,18723.75,18288.833333333332,10900.75,0.5960330985209554
2024,2623067000,부산진구 당감1동,평균직장인구수,12,False,15시,2836.5,191.41666666666666,2705.8333333333335,14.135829342620811
2024,2623067000,부산진구 당감1동,평균방문인구수,12,False,12시,3783.5,2472.0,3783.5,1.530542071197411
2024,2623068000,부산진구 당감2동,평균주거인구수,12,False,04시,5972.0,5795.583333333333,3128.8333333333335,0.5398651271801803
2024,2623068000,부산진구 당감2동,평균직장인구수,12,False,16시,828.4166666666666,63.833333333333336,718.25,11.251958224543081
2024,2623068000,부산진구 당감2동,평균방문인구수,12,False,11시,1689.25,1421.1666666666667,1642.3333333333333,1.1556233141784917
2024,2623070000,부산진구 당감4동,평균주거인구수,12,False,04시,8647.416666666666,8465.5,4673.666666666667,0.5520839485755912
2024,2623070000,부산진구 당감4동,평균직장인구수,12,False,16시,1118.8333333333333,107.25,985.5833333333334,9.18958818958819
2024,2623070000,부산진구 당감4동,평균방문인구수,12,False,19시,2163.5,1593.1666666666667,2159.6666666666665,1.3555811277330263
2024,2623071000,부산진구 가야1동,평균주거인구수,12,False,04시,16562.166666666668,16187.916666666666,9750.416666666666,0.6023268384340171
2024,2623071000,부산진구 가야1동,평균직장인구수,12,False,14시,4624.916666666667,399.5833333333333,4427.833333333333,11.081126173096976
2024,2623071000,부산진구 가야1동,평균방문인구수,12,False,13시,6395.25,3552.6666666666665,6380.0,1.7958341152186152
2024,2623072000,부산진구 가야2동,평균주거인구수,12,False,04시,9669.083333333334,9452.25,5362.916666666667,0.5673693212374479
2024,2623072000,부산진구 가야2동,평균직장인구수,12,False,16시,1305.25,125.0,1190.1666666666667,9.521333333333335
2024,2623072000,부산진구 가야2동,평균방문인구수,12,False,19시,3638.6666666666665,2435.0,3228.4166666666665,1.3258384668035592
2024,2623074000,부산진구 개금1동,평균주거인구수,12,False,04시,15087.0,14635.833333333334,8405.416666666666,0.5743039344075613
2024,2623074000,부산진구 개금1동,평균직장인구수,12,False,16시,2404.1666666666665,183.83333333333334,2205.0,11.99456029011786
2024,2623074000,부산진구 개금1동,평균방문인구수,12,False,18시,3626.75,2500.5833333333335,3538.0,1.4148698636984702
2024,2623075000,부산진구 개금2동,평균주거인구수,12,False,04시,8815.75,8571.333333333334,5100.583333333333,0.5950746674963054
2024,2623075000,부산진구 개금2동,평균직장인구수,12,False,15시,1893.0833333333333,129.91666666666666,1815.25,13.972418216805645
2024,2623075000,부산진구 개금2동,평균방문인구수,12,False,10시,3953.1666666666665,2411.0,3623.1666666666665,1.5027651043826904
2024,2623076000,부산진구 개금3동,평균주거인구수,12,False,04시,22621.75,22109.0,12538.583333333334,0.567125755725421
2024,2623076000,부산진구 개금3동,평균직장인구수,12,False,16시,2795.8333333333335,231.5,2696.1666666666665,11.646508279337652
2024,2623076000,부산진구 개금3동,평균방문인구수,12,False,11시,3476.8333333333335,2604.5,3389.8333333333335,1.3015294042362577
2024,2623077000,부산진구 범천1동,평균주거인구수,12,False,05시,11542.833333333334,10994.666666666666,6788.25,0.61741298811545
2024,2623077000,부산진구 범천1동,평균직장인구수,12,False,14시,6925.416666666667,270.8333333333333,6791.916666666667,25.077846153846156
2024,2623077000,부산진구 범천1동,평균방문인구수,12,False,11시,9487.083333333334,5029.583333333333,9444.666666666666,1.877822881285726
2024,2623078000,부산진구 범천2동,평균주거인구수,12,False,04시,18120.0,17595.833333333332,9878.916666666666,0.5614349988160076
2024,2623078000,부산진구 범천2동,평균직장인구수,12,False,16시,2283.3333333333335,136.66666666666666,2059.8333333333335,15.071951219512197
2024,2623078000,부산진구 범천2동,평균방문인구수,12,False,11시,2711.75,2263.3333333333335,2635.6666666666665,1.1645066273932252
2024,2626051000,동래구 수민동,평균주거인구수,12,False,04시,22761.5,22239.75,12925.583333333334,0.5811928341520626
2024,2626051000,동래구 수민동,평균직장인구수,12,False,15시,4459.333333333333,287.75,4185.0,14.543874891398783
2024,2626051000,동래구 수민동,평균방문인구수,12,False,14시,7848.0,5250.166666666667,7303.0,1.3910034602076125
2024,2626052000,동래구 복산동,평균주거인구수,12,False,04시,7952.75,7755.0,4642.333333333333,0.5986245433053944
2024,2626052000,동래구 복산동,평균직장인구수,12,False,16시,1174.25,61.333333333333336,1006.5,16.41032608695652
2024,2626052000,동래구 복산동,평균방문인구수,12,False,14시,1899.9166666666667,884.6666666666666,1846.75,2.087509419743783
2024,2626054500,동래구 명륜동,평균주거인구수,12,False,04시,22162.75,21747.166666666668,12225.5,0.5621651862694756
2024,2626054500,동래구 명륜동,평균직장인구수,12,False,15시,6933.166666666667,480.6666666666667,6427.416666666667,13.371879334257976
2024,2626054500,동래구 명륜동,평균방문인구수,12,False,19시,13433.75,6360.0,10515.083333333334,1.6533149895178199
2024,2626055000,동래구 온천1동,평균주거인구수,12,False,04시,24600.833333333332,23987.25,13421.916666666666,0.5595437854137788
2024,2626055000,동래구 온천1동,평균직장인구수,12,False,15시,5679.416666666667,364.4166666666667,5455.333333333333,14.970043448433568
2024,2626055000,동래구 온천1동,평균방문인구수,12,False,14시,10073.25,5764.0,9984.75,1.7322605829285218
2024,2626056000,동래구 온천2동,평균주거인구수,12,False,04시,12412.416666666666,12224.083333333334,7100.833333333333,0.5808888192025304
2024,2626056000,동래구 온천2동,평균직장인구수,12,False,14시,3324.75,150.08333333333334,3257.4166666666665,21.704053303720155
2024,2626056000,동래구 온천2동,평균방문인구수,12,False,12시,4698.0,1958.6666666666667,4698.0,2.39857045609258
2024,2626057000,동래구 온천3동,평균주거인구수,12,False,04시,33787.333333333336,32940.5,18436.333333333332,0.5596858983116022
2024,2626057000,동래구 온천3동,평균직장인구수,12,False,16시,4537.666666666667,421.75,4184.833333333333,9.922544951590593
2024,2626057000,동래구 온천3동,평균방문인구수,12,False,23시,14286.5,14234.0,12713.666666666666,0.8931900145192262
2024,2626058000,동래구 사직1동,평균주거인구수,12,False,04시,8488.0,8239.083333333334,4788.166666666667,0.5811528386046182
2024,2626058000,동래구 사직1동,평균직장인구수,12,False,16시,2682.6666666666665,275.25,2361.25,8.578564940962762
2024,2626058000,동래구 사직1동,평균방문인구수,12,False,19시,5949.166666666667,4067.8333333333335,5252.166666666667,1.2911459827098783
2024,2626059000,동래구 사직2동,평균주거인구수,12,False,04시,21349.75,20897.666666666668,11746.25,0.562084283731836
2024,2626059000,동래구 사직2동,평균직장인구수,12,False,15시,3238.0833333333335,287.5833333333333,3099.4166666666665,10.77745580991017
2024,2626059000,동래구 사직2동,평균방문인구수,12,False,19시,8628.916666666666,3892.5833333333335,6337.0,1.6279677163837212
2024,2626060000,동래구 사직3동,평균주거인구수,12,False,04시,15406.666666666666,15025.333333333334,8402.333333333334,0.559211110125122
2024,2626060000,동래구 사직3동,평균직장인구수,12,False,16시,2638.5833333333335,157.58333333333334,2366.5833333333335,15.017979904812268
2024,2626060000,동래구 사직3동,평균방문인구수,12,False,19시,4022.75,2190.5833333333335,3658.25,1.6699889679309163
2024,2626074000,동래구 안락1동,평균주거인구수,12,False,04시,10660.583333333334,10433.25,6383.0,0.611794023913929
2024,2626074000,동래구 안락1동,평균직장인구수,12,False,16시,2435.75,178.5,2249.0,12.599439775910364
2024,2626074000,동래구 안락1동,평균방문인구수,12,False,19시,4344.833333333333,2540.8333333333335,4229.583333333333,1.664644145621515
2024,2626075000,동래구 안락2동,평균주거인구수,12,False,04시,23880.0,23398.083333333332,13455.0,0.5750471014363713
2024,2626075000,동래구 안락2동,평균직장인구수,12,False,16시,4289.666666666667,258.4166666666667,3965.1666666666665,15.344082554014832
2024,2626075000,동래구 안락2동,평균방문인구수,12,False,14시,5153.083333333333,2996.4166666666665,5100.25,1.702116416831215
2024,2626076100,동래구 명장1동,평균주거인구수,12,False,04시,12759.25,12443.916666666666,7297.75,0.5864512111004708
2024,2626076100,동래구 명장1동,평균직장인구수,12,False,15시,2343.1666666666665,195.75,2288.0,11.68837803320562
2024,2626076100,동래구 명장1동,평균방문인구수,12,False,18시,2543.0833333333335,1849.1666666666667,2537.75,1.372374943668319
2024,2626076200,동래구 명장2동,평균주거인구수,12,False,04시,8320.583333333334,8099.25,4666.0,0.5761027255610087
2024,2626076200,동래구 명장2동,평균직장인구수,12,False,16시,1329.4166666666667,76.83333333333333,1263.5,16.444685466377443
2024,2626076200,동래구 명장2동,평균방문인구수,12,False,11시,1510.1666666666667,1054.0,1464.6666666666667,1.3896268184693232
2024,2629051000,남구 대연1동,평균주거인구수,12,False,04시,15158.833333333334,14619.25,9041.916666666666,0.618493880785038
2024,2629051000,남구 대연1동,평균직장인구수,12,False,16시,2990.3333333333335,239.83333333333334,2859.5,11.922863099374565
2024,2629051000,남구 대연1동,평균방문인구수,12,False,12시,8132.333333333333,5063.75,8132.333333333333,1.6059902904632601
2024,2629053000,남구 대연3동,평균주거인구수,12,False,04시,34078.75,33456.916666666664,18814.583333333332,0.5623525778177407
2024,2629053000,남구 대연3동,평균직장인구수,12,False,15시,12668.583333333334,1027.1666666666667,11786.5,11.47476878143761
2024,2629053000,남구 대연3동,평균방문인구수,12,False,14시,14375.75,7042.583333333333,13280.833333333334,1.8857900155009408
2024,2629054000,남구 대연4동,평균주거인구수,12,False,04시,12150.583333333334,11895.916666666666,6488.416666666667,0.5454322561663316
2024,2629054000,남구 대연4동,평균직장인구수,12,False,14시,1501.4166666666667,121.33333333333333,1462.0833333333333,12.050137362637363
2024,2629054000,남구 대연4동,평균방문인구수,12,False,13시,2323.6666666666665,1689.5833333333333,2316.5,1.3710480887792849
2024,2629055000,남구 대연5동,평균주거인구수,12,False,04시,14170.25,13775.416666666666,8281.916666666666,0.6012098847584767
2024,2629055000,남구 대연5동,평균직장인구수,12,False,16시,2718.3333333333335,152.91666666666666,2514.8333333333335,16.445776566757495
2024,2629055000,남구 대연5동,평균방문인구수,12,False,14시,3378.75,1612.6666666666667,3375.5833333333335,2.0931686647374947
2024,2629056000,남구 대연6동,평균주거인구수,12,False,04시,12635.5,12355.416666666666,6770.75,0.5479985161703707
2024,2629056000,남구 대연6동,평균직장인구수,12,False,15시,2539.0833333333335,121.91666666666667,2425.25,19.89268626110731
2024,2629056000,남구 대연6동,평균방문인구수,12,False,11시,2456.75,1333.0833333333333,2335.3333333333335,1.7518284678377198
2024,2629057000,남구 용호1동,평균주거인구수,12,False,04시,38009.5,37362.416666666664,21365.166666666668,0.5718357797162479
2024,2629057000,남구 용호1동,평균직장인구수,12,False,16시,5084.75,332.6666666666667,4548.916666666667,13.674098196392785
2024,2629057000,남구 용호1동,평균방문인구수,12,False,14시,6423.75,3836.9166666666665,6170.583333333333,1.608214060769281
2024,2629058000,남구 용호2동,평균주거인구수,12,False,04시,16922.416666666668,16537.0,9305.583333333334,0.5627129064118845
2024,2629058000,남구 용호2동,평균직장인구수,12,False,16시,2164.3333333333335,214.0,2019.25,9.435747663551401
2024,2629058000,남구 용호2동,평균방문인구수,12,False,14시,3923.75,2089.0,3807.8333333333335,1.8228019786181586
2024,2629059000,남구 용호3동,평균주거인구수,12,False,04시,10897.25,10670.5,6620.5,0.6204489011761398
2024,2629059000,남구 용호3동,평균직장인구수,12,False,13시,2299.75,135.41666666666666,2276.9166666666665,16.814153846153847
2024,2629059000,남구 용호3동,평균방문인구수,12,False,12시,3100.8333333333335,1622.3333333333333,3100.8333333333335,1.9113416889254162
2024,2629060000,남구 용호4동,평균주거인구수,12,False,04시,6257.166666666667,6118.083333333333,3687.9166666666665,0.6027895446558699
2024,2629060000,남구 용호4동,평균직장인구수,12,False,16시,1235.4166666666667,159.08333333333334,1184.9166666666667,7.448402304871661
2024,2629060000,남구 용호4동,평균방문인구수,12,False,12시,2455.5833333333335,1723.25,2455.5833333333335,1.4249721940132503
2024,2629061000,남구 용당동,평균주거인구수,12,False,04시,6742.916666666667,6587.166666666667,3867.4166666666665,0.5871138324519899
2024,2629061000,남구 용당동,평균직장인구수,12,False,14시,2997.4166666666665,132.66666666666666,2884.5833333333335,21.74309045226131
2024,2629061000,남구 용당동,평균방문인구수,12,False,11시,4170.916666666667,1271.8333333333333,4138.583333333333,3.2540296160398374
2024,2629062000,남구 감만1동,평균주거인구수,12,False,04시,5646.416666666667,5502.916666666667,3134.3333333333335,0.5695767396077838
2024,2629062000,남구 감만1동,평균직장인구수,12,False,14시,2034.1666666666667,173.16666666666666,1961.0,11.324350336862368
2024,2629062000,남구 감만1동,평균방문인구수,12,False,14시,3079.4166666666665,1611.0833333333333,2933.8333333333335,1.8210313970930536
2024,2629063000,남구 감만2동,평균주거인구수,12,False,04시,4185.583333333333,4074.0,2454.4166666666665,0.6024586810669285
2024,2629063000,남구 감만2동,평균직장인구수,12,False,16시,600.0833333333334,56.416666666666664,541.75,9.602658788774002
2024,2629063000,남구 감만2동,평균방문인구수,12,False,23시,1818.0,1723.5,1650.0833333333333,0.9574025722850787
2024,2629064500,남구 우암동,평균주거인구수,12,False,04시,11948.833333333334,11686.833333333334,6936.0,0.5934883986252335
2024,2629064500,남구 우암동,평균직장인구수,12,False,16시,2135.6666666666665,212.66666666666666,2051.8333333333335,9.648119122257054
2024,2629064500,남구 우암동,평균방문인구수,12,False,10시,3653.0,2668.9166666666665,3517.6666666666665,1.318012926593187
2024,2629068000,남구 문현1동,평균주거인구수,12,False,04시,8048.333333333333,7869.416666666667,4549.75,0.5781559412493513
2024,2629068000,남구 문현1동,평균직장인구수,12,False,15시,1324.4166666666667,107.25,1312.25,12.235431235431236
2024,2629068000,남구 문현1동,평균방문인구수,12,False,12시,2474.9166666666665,1827.4166666666667,2474.9166666666665,1.3543253226321308
2024,2629069000,남구 문현2동,평균주거인구수,12,False,04시,5197.25,5040.166666666667,3153.3333333333335,0.6256406864852353
2024,2629069000,남구 문현2동,평균직장인구수,12,False,14시,4936.25,164.83333333333334,4496.083333333333,27.276541961577347
2024,2629069000,남구 문현2동,평균방문인구수,12,False,14시,4215.333333333333,1562.3333333333333,4038.5833333333335,2.5849690633667595
2024,2629070000,남구 문현3동,평균주거인구수,12,False,04시,10561.083333333334,10296.666666666666,5744.666666666667,0.5579151829070897
2024,2629070000,남구 문현3동,평균직장인구수,12,False,16시,1523.8333333333333,213.91666666666666,1366.8333333333333,6.389559797428905
2024,2629070000,남구 문현3동,평균방문인구수,12,False,23시,7970.25,7909.5,6905.75,0.8730956444781591
2024,2629071000,남구 문현4동,평균주거인구수,12,False,04시,5260.666666666667,5053.916666666667,2937.5833333333335,0.581248866390753
2024,2629071000,남구 문현4동,평균직장인구수,12,False,15시,1236.1666666666667,46.166666666666664,1156.1666666666667,25.043321299638993
2024,2629071000,남구 문현4동,평균방문인구수,12,False,14시,1798.1666666666667,1060.3333333333333,1784.1666666666667,1.6826469663627792
2024,2632051000,북구 구포1동,평균주거인구수,12,False,04시,13346.583333333334,13058.75,7858.666666666667,0.6017931782648926
2024,2632051000,북구 구포1동,평균직장인구수,12,False,16시,3327.75,199.0,2980.75,14.978643216080402
2024,2632051000,북구 구포1동,평균방문인구수,12,False,14시,7360.25,3019.1666666666665,7032.166666666667,2.3291747170852886
2024,2632052000,북구 구포2동,평균주거인구수,12,False,04시,22363.916666666668,21954.916666666668,12092.583333333334,0.5507915842692791
2024,2632052000,북구 구포2동,평균직장인구수,12,False,16시,3987.0833333333335,166.58333333333334,3768.6666666666665,22.623311655827912
2024,2632052000,북구 구포2동,평균방문인구수,12,False,13시,3955.5,2031.4166666666667,3889.4166666666665,1.9146326455265208
2024,2632052100,북구 구포3동,평균주거인구수,12,False,04시,18524.333333333332,18168.0,10321.083333333334,0.5680913327462205
2024,2632052100,북구 구포3동,평균직장인구수,12,False,16시,2648.6666666666665,129.0,2453.1666666666665,19.016795865633075
2024,2632052100,북구 구포3동,평균방문인구수,12,False,14시,2283.3333333333335,1438.1666666666667,2233.0,1.5526712249391585
2024,2632053000,북구 금곡동,평균주거인구수,12,False,04시,34481.5,33894.083333333336,19704.0,0.5813404011024539
2024,2632053000,북구 금곡동,평균직장인구수,12,False,16시,4329.833333333333,292.4166666666667,4064.4166666666665,13.89940153889997
2024,2632053000,북구 금곡동,평균방문인구수,12,False,11시,5794.833333333333,3488.5,5688.083333333333,1.6305241030051119
2024,2632054100,북구 화명1동,평균주거인구수,12,False,04시,33846.75,33074.083333333336,17276.083333333332,0.5223450385372231
2024,2632054100,북구 화명1동,평균직장인구수,12,False,17시,3786.0833333333335,353.5833333333333,3242.3333333333335,9.16992693848692
2024,2632054100,북구 화명1동,평균방문인구수,12,False,19시,8840.0,7878.333333333333,7681.166666666667,0.974973556166702
2024,2632054200,북구 화명2동,평균주거인구수,12,False,04시,16601.833333333332,16270.5,8982.666666666666,0.5520830132243426
2024,2632054200,북구 화명2동,평균직장인구수,12,False,16시,2561.25,171.41666666666666,2435.5833333333335,14.208556149732622
2024,2632054200,북구 화명2동,평균방문인구수,12,False,14시,3763.5,2149.3333333333335,3707.4166666666665,1.7249147022332505
2024,2632054300,북구 화명3동,평균주거인구수,12,False,04시,21440.833333333332,21130.333333333332,11927.25,0.5644610433657775
2024,2632054300,북구 화명3동,평균직장인구수,12,False,16시,4757.416666666667,335.6666666666667,4282.25,12.757447864945382
2024,2632054300,북구 화명3동,평균방문인구수,12,False,19시,8150.083333333333,3794.9166666666665,6712.666666666667,1.7688574628340545
2024,2632055000,북구 덕천1동,평균주거인구수,12,False,04시,12399.083333333334,12048.583333333334,7136.583333333333,0.5923172157169238
2024,2632055000,북구 덕천1동,평균직장인구수,12,False,16시,2447.5,137.66666666666666,2359.5,17.139225181598064
2024,2632055000,북구 덕천1동,평균방문인구수,12,False,11시,3772.75,2358.1666666666665,3605.6666666666665,1.5290126510707471
2024,2632056000,북구 덕천2동,평균주거인구수,12,False,04시,10510.083333333334,10263.166666666666,6152.25,0.5994494876500106
2024,2632056000,북구 덕천2동,평균직장인구수,12,False,15시,4697.166666666667,429.9166666666667,4639.25,10.791044776119403
2024,2632056000,북구 덕천2동,평균방문인구수,12,False,19시,9939.166666666666,5944.25,9395.916666666666,1.5806731995906407
2024,2632056100,북구 덕천3동,평균주거인구수,12,False,04시,6716.166666666667,6523.083333333333,3875.75,0.5941592038529837
2024,2632056100,북구 덕천3동,평균직장인구수,12,False,16시,559.5,30.833333333333332,502.0833333333333,16.283783783783782
2024,2632056100,북구 덕천3동,평균방문인구수,12,False,10시,819.25,740.5,770.8333333333334,1.04096331307675
2024,2632057100,북구 만덕1동,평균주거인구수,12,False,04시,14227.166666666666,13923.25,7264.25,0.5217352270482826
2024,2632057100,북구 만덕1동,평균직장인구수,12,False,16시,1637.8333333333333,115.33333333333333,1457.3333333333333,12.635838150289016
2024,2632057100,북구 만덕1동,평균방문인구수,12,False,14시,2412.5833333333335,1895.25,2389.4166666666665,1.2607395682187925
2024,2632057200,북구 만덕2동,평균주거인구수,12,False,04시,24536.666666666668,24025.583333333332,13646.583333333334,0.5680021643595196
2024,2632057200,북구 만덕2동,평균직장인구수,12,False,16시,2969.6666666666665,201.08333333333334,2703.25,13.443431413178615
2024,2632057200,북구 만덕2동,평균방문인구수,12,False,12시,3301.75,2503.25,3301.75,1.3189853190851892
2024,2632057300,북구 만덕3동,평균주거인구수,12,False,04시,16206.75,15861.583333333334,8531.416666666666,0.5378666484535486
2024,2632057300,북구 만덕3동,평균직장인구수,12,False,17시,1726.75,126.66666666666667,1361.0833333333333,10.745394736842105
2024,2632057300,북구 만덕3동,평균방문인구수,12,False,19시,3151.3333333333335,2599.1666666666665,2471.5833333333335,0.9509137544084644
2024,2635051000,해운대구 우1동,평균주거인구수,12,False,04시,21465.333333333332,20995.916666666668,12536.5,0.5970922917551428
2024,2635051000,해운대구 우1동,평균직장인구수,12,False,15시,8044.666666666667,852.0833333333334,7777.416666666667,9.127530562347188
2024,2635051000,해운대구 우1동,평균방문인구수,12,False,11시,16163.166666666666,12200.0,16162.75,1.3248155737704919
2024,2635052000,해운대구 우2동,평균주거인구수,12,False,04시,26640.25,26111.333333333332,14825.25,0.5677706998238313
2024,2635052000,해운대구 우2동,평균직장인구수,12,False,14시,19554.0,651.9166666666666,18951.416666666668,29.070305509395375
2024,2635052000,해운대구 우2동,평균방문인구수,12,False,15시,28213.666666666668,5308.083333333333,24051.916666666668,4.531186712090052
2024,2635052500,해운대구 우3동,평균주거인구수,12,False,04시,22310.333333333332,21843.416666666668,11732.75,0.5371297988333632
2024,2635052500,해운대구 우3동,평균직장인구수,12,False,16시,3536.6666666666665,234.58333333333334,3287.5833333333335,14.0145648312611
2024,2635052500,해운대구 우3동,평균방문인구수,12,False,19시,5323.666666666667,3887.4166666666665,5005.25,1.287551716006774
2024,2635053000,해운대구 중1동,평균주거인구수,12,False,04시,24192.333333333332,23541.5,13624.666666666666,0.5787510000070797
2024,2635053000,해운대구 중1동,평균직장인구수,12,False,15시,7122.916666666667,422.1666666666667,6670.833333333333,15.801421239636793
2024,2635053000,해운대구 중1동,평균방문인구수,12,False,18시,13570.416666666666,9211.916666666666,13421.75,1.4569986340157224
2024,2635054000,해운대구 중2동,평균주거인구수,12,False,04시,14652.666666666666,14238.75,8463.083333333334,0.5943698241301613
2024,2635054000,해운대구 중2동,평균직장인구수,12,False,16시,2259.9166666666665,168.83333333333334,2105.5,12.470878578479763
2024,2635054000,해운대구 중2동,평균방문인구수,12,False,14시,5274.75,3011.6666666666665,4755.333333333333,1.5789706696181516
2024,2635055100,해운대구 좌1동,평균주거인구수,12,False,04시,14403.0,14044.333333333334,8218.416666666666,0.5851767023473287
2024,2635055100,해운대구 좌1동,평균직장인구수,12,False,16시,4525.416666666667,331.1666666666667,4113.0,12.419728233517866
2024,2635055100,해운대구 좌1동,평균방문인구수,12,False,19시,7646.916666666667,3850.0,6623.916666666667,1.7204978354978355
2024,2635055200,해운대구 좌2동,평균주거인구수,12,False,04시,28140.583333333332,27423.416666666668,15850.666666666666,0.5779975142897948
2024,2635055200,해운대구 좌2동,평균직장인구수,12,False,16시,3897.4166666666665,209.33333333333334,3500.8333333333335,16.723726114649683
2024,2635055200,해운대구 좌2동,평균방문인구수,12,False,17시,4488.833333333333,2727.8333333333335,3998.1666666666665,1.4656931630720351
2024,2635055300,해운대구 좌3동,평균주거인구수,12,False,04시,13945.25,13638.75,7938.083333333333,0.5820242568661596
2024,2635055300,해운대구 좌3동,평균직장인구수,12,False,09시,1922.0833333333333,138.91666666666666,1855.5833333333333,13.35752849430114
2024,2635055300,해운대구 좌3동,평균방문인구수,12,False,12시,2882.75,1778.75,2882.75,1.6206605762473647
2024,2635055400,해운대구 좌4동,평균주거인구수,12,False,04시,21284.666666666668,20778.416666666668,12164.666666666666,0.5854472389217978
2024,2635055400,해운대구 좌4동,평균직장인구수,12,False,15시,4872.916666666667,428.8333333333333,4691.25,10.939564710454723
2024,2635055400,해운대구 좌4동,평균방문인구수,12,False,11시,7660.833333333333,3772.1666666666665,7177.666666666667,1.9027968011310918
2024,2635056000,해운대구 송정동,평균주거인구수,12,False,04시,9306.25,9067.583333333334,5557.25,0.6128700223323009
2024,2635056000,해운대구 송정동,평균직장인구수,12,False,15시,3857.5833333333335,262.5833333333333,3710.8333333333335,14.132021580450653
2024,2635056000,해운대구 송정동,평균방문인구수,12,False,14시,9387.666666666666,5178.916666666667,8739.416666666666,1.6874989943199188
2024,2635057000,해운대구 반여1동,평균주거인구수,12,False,04시,33794.5,32914.666666666664,18870.0,0.5733006562424047
2024,2635057000,해운대구 반여1동,평균직장인구수,12,False,16시,5916.583333333333,370.1666666666667,5667.833333333333,15.311571364250335
2024,2635057000,해운대구 반여1동,평균방문인구수,12,False,11시,6631.833333333333,3931.4166666666665,6561.25,1.6689276554253132
2024,2635058000,해운대구 반여2동,평균주거인구수,12,False,04시,11376.666666666666,11162.0,7009.166666666667,0.6279489936092696
2024,2635058000,해운대구 반여2동,평균직장인구수,12,False,16시,1322.0,137.16666666666666,1239.0833333333333,9.033414337788578
2024,2635058000,해운대구 반여2동,평균방문인구수,12,False,19시,2767.6666666666665,2632.9166666666665,2663.6666666666665,1.0116790631429025
2024,2635059000,해운대구 반여3동,평균주거인구수,12,False,04시,5189.166666666667,5101.166666666667,3235.75,0.6343156794197405
2024,2635059000,해운대구 반여3동,평균직장인구수,12,False,16시,551.0833333333334,34.166666666666664,492.0833333333333,14.402439024390244
2024,2635059000,해운대구 반여3동,평균방문인구수,12,False,14시,757.3333333333334,433.0833333333333,745.75,1.7219549740234752
2024,2635059500,해운대구 반여4동,평균주거인구수,12,False,04시,8127.916666666667,7959.25,4134.416666666667,0.5194480216938363
2024,2635059500,해운대구 반여4동,평균직장인구수,12,False,16시,823.25,72.5,755.4166666666666,10.419540229885056
2024,2635059500,해운대구 반여4동,평균방문인구수,12,False,10시,1779.0,1667.4166666666667,1689.6666666666667,1.013343995202159
2024,2635061000,해운대구 반송1동,평균주거인구수,12,False,04시,8473.0,8216.916666666666,5582.583333333333,0.6794012352565338
2024,2635061000,해운대구 반송1동,평균직장인구수,12,False,15시,2074.75,76.83333333333333,2029.5,26.41431670281996
2024,2635061000,해운대구 반송1동,평균방문인구수,12,False,12시,2630.4166666666665,813.25,2630.4166666666665,3.2344502510503124
2024,2635062000,해운대구 반송2동,평균주거인구수,12,False,04시,20239.75,20009.75,12660.166666666666,0.632699892135917
2024,2635062000,해운대구 반송2동,평균직장인구수,12,False,16시,2326.0,105.16666666666667,2205.8333333333335,20.974643423137877
2024,2635062000,해운대구 반송2동,평균방문인구수,12,False,12시,2159.8333333333335,1121.0833333333333,2159.8333333333335,1.9265591317921655
2024,2635065000,해운대구 재송1동,평균주거인구수,12,False,04시,33679.0,32990.5,18123.166666666668,0.5493450134634719
2024,2635065000,해운대구 재송1동,평균직장인구수,12,False,16시,6612.916666666667,459.4166666666667,6204.833333333333,13.505895156901866
2024,2635065000,해운대구 재송1동,평균방문인구수,12,False,12시,6499.416666666667,4376.333333333333,6499.416666666667,1.4851283418386778
2024,2635066000,해운대구 재송2동,평균주거인구수,12,False,04시,21008.083333333332,20413.166666666668,11970.75,0.5864229786330718
2024,2635066000,해운대구 재송2동,평균직장인구수,12,False,16시,2637.1666666666665,178.5,2350.8333333333335,13.169934640522877
2024,2635066000,해운대구 재송2동,평균방문인구수,12,False,11시,3125.8333333333335,2333.0833333333335,3023.75,1.2960317176840375
2024,2638051000,사하구 괴정1동,평균주거인구수,12,False,04시,16963.166666666668,16613.0,9779.416666666666,0.5886604867673909
2024,2638051000,사하구 괴정1동,평균직장인구수,12,False,16시,2055.25,177.5,1868.4166666666667,10.526291079812207
2024,2638051000,사하구 괴정1동,평균방문인구수,12,False,19시,4082.6666666666665,2995.6666666666665,3767.1666666666665,1.2575386669633917
2024,2638052000,사하구 괴정2동,평균주거인구수,12,False,04시,12786.583333333334,12530.333333333334,7117.666666666667,0.5680349019712165
2024,2638052000,사하구 괴정2동,평균직장인구수,12,False,09시,1183.9166666666667,62.0,1122.5833333333333,18.106182795698924
2024,2638052000,사하구 괴정2동,평균방문인구수,12,False,13시,1398.9166666666667,913.8333333333334,1398.75,1.5306401604960786
2024,2638053000,사하구 괴정3동,평균주거인구수,12,False,04시,11733.0,11529.666666666666,7017.416666666667,0.6086400300673626
2024,2638053000,사하구 괴정3동,평균직장인구수,12,False,15시,2779.8333333333335,166.41666666666666,2582.25,15.516775162744118
2024,2638053000,사하구 괴정3동,평균방문인구수,12,False,14시,4459.25,2117.4166666666665,4217.333333333333,1.9917352119327798
2024,2638054000,사하구 괴정4동,평균주거인구수,12,False,04시,12884.833333333334,12658.75,6939.166666666667,0.5481715545900399
2024,2638054000,사하구 괴정4동,평균직장인구수,12,False,16시,1488.75,117.25,1421.0833333333333,12.120113717128643
2024,2638054000,사하구 괴정4동,평균방문인구수,12,False,11시,2655.0,2058.9166666666665,2623.9166666666665,1.2744161573643098
2024,2638055000,사하구 당리동,평균주거인구수,12,False,04시,22972.583333333332,22554.0,12686.75,0.5625055422541456
2024,2638055000,사하구 당리동,평균직장인구수,12,False,16시,4175.75,244.0,3887.75,15.933401639344263
2024,2638055000,사하구 당리동,평균방문인구수,12,False,14시,5895.583333333333,3249.8333333333335,5828.833333333333,1.7935791579055334
2024,2638056100,사하구 하단1동,평균주거인구수,12,False,04시,20273.666666666668,19722.833333333332,11094.0,0.5624952466261609
2024,2638056100,사하구 하단1동,평균직장인구수,12,False,16시,2864.9166666666665,175.08333333333334,2664.3333333333335,15.21751546882437
2024,2638056100,사하구 하단1동,평균방문인구수,12,False,14시,4669.416666666667,2394.0833333333335,4483.583333333333,1.8727766368477843
2024,2638056200,사하구 하단2동,평균주거인구수,12,False,04시,24357.666666666668,24002.166666666668,13846.333333333334,0.576878476248672
2024,2638056200,사하구 하단2동,평균직장인구수,12,False,15시,7401.666666666667,484.4166666666667,7103.333333333333,14.663684844314467
2024,2638056200,사하구 하단2동,평균방문인구수,12,False,19시,8132.5,4506.333333333333,7843.333333333333,1.7405133515792588
2024,2638057100,사하구 신평1동,평균주거인구수,12,False,04시,15152.833333333334,14873.5,8928.166666666666,0.600273416927197
2024,2638057100,사하구 신평1동,평균직장인구수,12,False,15시,4227.25,167.58333333333334,4102.5,24.48035803083043
2024,2638057100,사하구 신평1동,평균방문인구수,12,False,11시,3470.0,1656.9166666666667,3379.8333333333335,2.039833023185636
2024,2638057200,사하구 신평2동,평균주거인구수,12,False,04시,15966.333333333334,15667.333333333334,8454.666666666666,0.5396366112080336
2024,2638057200,사하구 신평2동,평균직장인구수,12,False,16시,4069.1666666666665,190.16666666666666,3910.1666666666665,20.561787905346186
2024,2638057200,사하구 신평2동,평균방문인구수,12,False,14시,3926.8333333333335,1843.1666666666667,3878.0,2.103987702323899
2024,2638058000,사하구 장림1동,평균주거인구수,12,False,04시,9991.75,9809.0,5941.833333333333,0.6057532198321269
2024,2638058000,사하구 장림1동,평균직장인구수,12,False,13시,4519.666666666667,198.83333333333334,4495.75,22.610645431684826
2024,2638058000,사하구 장림1동,평균방문인구수,12,False,12시,4499.0,2159.8333333333335,4499.0,2.083031098078555
2024,2638059000,사하구 장림2동,평균주거인구수,12,False,04시,23916.583333333332,23412.333333333332,13280.833333333334,0.5672579979213236
2024,2638059000,사하구 장림2동,평균직장인구수,12,False,15시,4947.75,230.16666666666666,4862.75,21.127081824764666
2024,2638059000,사하구 장림2동,평균방문인구수,12,False,11시,5378.583333333333,2901.3333333333335,5306.666666666667,1.8290441176470589
2024,2638060100,사하구 다대1동,평균주거인구수,12,False,04시,34542.416666666664,34146.583333333336,20754.25,0.6077987304732781
2024,2638060100,사하구 다대1동,평균직장인구수,12,False,16시,7050.666666666667,278.5833333333333,6808.5,24.439724798085553
2024,2638060100,사하구 다대1동,평균방문인구수,12,False,14시,6785.916666666667,2324.5,6232.75,2.681329318132932
2024,2638060200,사하구 다대2동,평균주거인구수,12,False,04시,25984.833333333332,25699.333333333332,15303.166666666666,0.5954694025785364
2024,2638060200,사하구 다대2동,평균직장인구수,12,False,16시,4027.0833333333335,178.33333333333334,3774.5833333333335,21.16588785046729
2024,2638060200,사하구 다대2동,평균방문인구수,12,False,12시,3385.4166666666665,1659.5833333333333,3385.4166666666665,2.0399196585488326
2024,2638061000,사하구 구평동,평균주거인구수,12,False,04시,11534.083333333334,11287.333333333334,6273.916666666667,0.5558369263481189
2024,2638061000,사하구 구평동,평균직장인구수,12,False,09시,3815.0,141.16666666666666,3731.0,26.429752066115704
2024,2638061000,사하구 구평동,평균방문인구수,12,False,10시,3354.3333333333335,1323.9166666666667,3217.0,2.429911248190344
2024,2638062000,사하구 감천1동,평균주거인구수,12,False,04시,16754.166666666668,16483.75,10151.416666666666,0.6158438866560502
2024,2638062000,사하구 감천1동,평균직장인구수,12,False,15시,3513.5833333333335,207.5,3433.25,16.545783132530122
2024,2638062000,사하구 감천1동,평균방문인구수,12,False,11시,3625.3333333333335,1621.75,3580.4166666666665,2.2077488309953237
2024,2638063000,사하구 감천2동,평균주거인구수,12,False,03시,4501.166666666667,4419.75,2999.6666666666665,0.6786960046759809
2024,2638063000,사하구 감천2동,평균직장인구수,12,False,16시,413.5,17.666666666666668,389.1666666666667,22.028301886792452
2024,2638063000,사하구 감천2동,평균방문인구수,12,False,15시,948.3333333333334,304.0833333333333,890.75,2.929295697451357
2024,2641051000,금정구 서1동,평균주거인구수,12,False,04시,4241.166666666667,4167.0,2626.25,0.6302495800335973
2024,2641051000,금정구 서1동,평균직장인구수,12,False,16시,581.75,27.333333333333332,539.8333333333334,19.750000000000004
2024,2641051000,금정구 서1동,평균방문인구수,12,False,12시,898.9166666666666,642.5833333333334,898.9166666666666,1.3989106471274801
2024,2641052000,금정구 서2동,평균주거인구수,12,False,04시,6177.833333333333,6013.916666666667,3595.5,0.5978632893150608
2024,2641052000,금정구 서2동,평균직장인구수,12,False,15시,1329.6666666666667,103.16666666666667,1245.1666666666667,12.069466882067852
2024,2641052000,금정구 서2동,평균방문인구수,12,False,19시,2111.4166666666665,1649.6666666666667,1769.5833333333333,1.0726914528187512
2024,2641053000,금정구 서3동,평균주거인구수,12,False,04시,9064.666666666666,8813.5,5931.416666666667,0.6729921900115353
2024,2641053000,금정구 서3동,평균직장인구수,12,False,15시,1671.9166666666667,90.16666666666667,1617.3333333333333,17.937153419593344
2024,2641053000,금정구 서3동,평균방문인구수,12,False,12시,2315.5,1201.5,2315.5,1.9271743653766125
2024,2641055500,금정구 금사회동동,평균주거인구수,12,False,04시,6558.333333333333,6388.666666666667,4028.0833333333335,0.6305045392883231
2024,2641055500,금정구 금사회동동,평균직장인구수,12,False,15시,5754.25,240.58333333333334,5647.416666666667,23.47384828541739
2024,2641055500,금정구 금사회동동,평균방문인구수,12,False,11시,5065.25,2064.0833333333335,4961.166666666667,2.4035689773507207
2024,2641057000,금정구 부곡1동,평균주거인구수,12,False,04시,7129.916666666667,6968.166666666667,4072.3333333333335,0.5844196225693032
2024,2641057000,금정구 부곡1동,평균직장인구수,12,False,14시,963.5,70.16666666666667,946.4166666666666,13.488123515439428
2024,2641057000,금정구 부곡1동,평균방문인구수,12,False,11시,1279.25,944.0833333333334,1236.8333333333333,1.3100891517344866
2024,2641058000,금정구 부곡2동,평균주거인구수,12,False,04시,16420.5,15979.5,9054.666666666666,0.5666426775973382
2024,2641058000,금정구 부곡2동,평균직장인구수,12,False,14시,4156.416666666667,219.0,4112.5,18.77853881278539
2024,2641058000,금정구 부곡2동,평균방문인구수,12,False,14시,4769.416666666667,2751.5,4737.75,1.7218789751044885
2024,2641059000,금정구 부곡3동,평균주거인구수,12,False,04시,13920.583333333334,13600.833333333334,7775.416666666667,0.5716867838980455
2024,2641059000,금정구 부곡3동,평균직장인구수,12,False,13시,4218.75,168.58333333333334,4119.25,24.434503213049926
2024,2641059000,금정구 부곡3동,평균방문인구수,12,False,13시,5256.083333333333,1694.3333333333333,5107.666666666667,3.0145583316938818
2024,2641059100,금정구 부곡4동,평균주거인구수,12,False,04시,6635.416666666667,6449.0,3613.0833333333335,0.5602548198687135
2024,2641059100,금정구 부곡4동,평균직장인구수,12,False,16시,1020.0833333333334,88.83333333333333,909.5833333333334,10.239212007504692
2024,2641059100,금정구 부곡4동,평균방문인구수,12,False,19시,2268.5,1432.6666666666667,1987.75,1.3874476500697999
2024,2641060000,금정구 장전1동,평균주거인구수,12,False,04시,16912.0,16265.25,9597.75,0.5900770046571678
2024,2641060000,금정구 장전1동,평균직장인구수,12,False,16시,3156.0833333333335,170.83333333333334,2972.1666666666665,17.3980487804878
2024,2641060000,금정구 장전1동,평균방문인구수,12,False,14시,4384.75,2315.8333333333335,4356.916666666667,1.881360201511335
2024,2641061000,금정구 장전2동,평균주거인구수,12,False,04시,23779.25,23372.916666666668,13259.5,0.5673018985649344
2024,2641061000,금정구 장전2동,평균직장인구수,12,False,15시,10476.666666666666,804.25,9308.833333333334,11.57455185991089
2024,2641061000,금정구 장전2동,평균방문인구수,12,False,15시,11917.0,4465.416666666667,10204.166666666666,2.2851544275450215
2024,2641063500,금정구 선두구동,평균주거인구수,12,False,04시,1603.9166666666667,1563.1666666666667,962.0833333333334,0.615470732487472
2024,2641063500,금정구 선두구동,평균직장인구수,12,False,13시,899.9166666666666,29.666666666666668,874.5,29.477528089887638
2024,2641063500,금정구 선두구동,평균방문인구수,12,False,12시,3130.5833333333335,448.0,3130.5833333333335,6.987909226190476
2024,2641066500,금정구 청룡노포동,평균주거인구수,12,False,04시,8226.0,8082.833333333333,5051.5,0.6249664927727488
2024,2641066500,금정구 청룡노포동,평균직장인구수,12,False,14시,2165.6666666666665,100.33333333333333,2107.9166666666665,21.009136212624583
2024,2641066500,금정구 청룡노포동,평균방문인구수,12,False,13시,7001.333333333333,1271.8333333333333,6971.833333333333,5.481719302843664
2024,2641067000,금정구 남산동,평균주거인구수,12,False,04시,22742.916666666668,22402.416666666668,13388.083333333334,0.5976178165302106
2024,2641067000,금정구 남산동,평균직장인구수,12,False,15시,4658.583333333333,387.8333333333333,4495.166666666667,11.5904598195101
2024,2641067000,금정구 남산동,평균방문인구수,12,False,12시,6890.666666666667,4458.25,6890.666666666667,1.5455989831585637
2024,2641068000,금정구 구서1동,평균주거인구수,12,False,04시,11741.083333333334,11518.75,6222.166666666667,0.5401772472418159
2024,2641068000,금정구 구서1동,평균직장인구수,12,False,14시,2907.8333333333335,168.08333333333334,2805.5833333333335,16.69162121963312
2024,2641068000,금정구 구서1동,평균방문인구수,12,False,19시,4161.083333333333,2161.3333333333335,3606.25,1.668530228254164
2024,2641069000,금정구 구서2동,평균주거인구수,12,False,04시,27844.416666666668,27372.166666666668,15172.166666666666,0.5542917684022091
2024,2641069000,금정구 구서2동,평균직장인구수,12,False,16시,4052.75,337.5833333333333,3707.8333333333335,10.983460873858307
2024,2641069000,금정구 구서2동,평균방문인구수,12,False,11시,7626.583333333333,6504.666666666667,7577.0,1.164856000819924
2024,2641070000,금정구 금성동,평균주거인구수,12,False,04시,868.0833333333334,849.25,520.25,0.6125993523697381
2024,2641070000,금정구 금성동,평균직장인구수,12,False,14시,265.5,15.166666666666666,256.3333333333333,16.9010989010989
2024,2641070000,금정구 금성동,평균방문인구수,12,False,13시,2012.25,264.6666666666667,1791.25,6.767947103274559
2024,2644051000,강서구 대저1동,평균주거인구수,12,False,04시,6046.166666666667,5982.583333333333,4207.083333333333,0.7032218523213216
2024,2644051000,강서구 대저1동,평균직장인구수,12,False,13시,7149.0,317.0833333333333,7067.416666666667,22.288830486202368
2024,2644051000,강서구 대저1동,평균방문인구수,12,False,13시,6914.166666666667,1745.6666666666667,6881.5,3.9420469734580865
2024,2644052000,강서구 대저2동,평균주거인구수,12,False,05시,6768.25,6596.0,4656.5,0.7059581564584597
2024,2644052000,강서구 대저2동,평균직장인구수,12,False,13시,10954.25,510.5833333333333,10828.0,21.20711604374082
2024,2644052000,강서구 대저2동,평균방문인구수,12,False,12시,23282.75,9845.083333333334,23282.75,2.3649114194056255
2024,2644053000,강서구 강동동,평균주거인구수,12,False,05시,2569.5833333333335,2471.0,1843.25,0.7459530554431404
2024,2644053000,강서구 강동동,평균직장인구수,12,False,11시,1747.5833333333333,46.583333333333336,1718.9166666666667,36.89982110912344
2024,2644053000,강서구 강동동,평균방문인구수,12,False,13시,2219.3333333333335,442.8333333333333,2216.1666666666665,5.004516371847949
2024,2644053500,강서구 명지1동,평균주거인구수,12,False,04시,48520.083333333336,47961.166666666664,27589.083333333332,0.5752379529271946
2024,2644053500,강서구 명지1동,평균직장인구수,12,False,16시,11415.916666666666,513.4166666666666,10661.25,20.76529784125954
2024,2644053500,강서구 명지1동,평균방문인구수,12,False,14시,11282.25,4116.333333333333,10530.333333333334,2.5581828488136695
2024,2644054500,강서구 명지2동,평균주거인구수,12,False,04시,25843.166666666668,25500.416666666668,14338.166666666666,0.5622718583029689
2024,2644054500,강서구 명지2동,평균직장인구수,12,False,16시,4598.416666666667,211.25,4283.166666666667,20.275345167652862
2024,2644054500,강서구 명지2동,평균방문인구수,12,False,12시,4317.583333333333,2050.5833333333335,4317.583333333333,2.105539074247165
2024,2644055000,강서구 가락동,평균주거인구수,12,False,04시,2057.0,2022.0833333333333,1478.8333333333333,0.7313414382855965
2024,2644055000,강서구 가락동,평균직장인구수,12,False,11시,1862.9166666666667,56.75,1850.5833333333333,32.609397944199706
2024,2644055000,강서구 가락동,평균방문인구수,12,False,14시,2619.1666666666665,450.4166666666667,2492.8333333333335,5.534505087881591
2024,2644056000,강서구 녹산동,평균주거인구수,12,False,05시,31958.666666666668,31333.916666666668,19266.25,0.6148688721220615
2024,2644056000,강서구 녹산동,평균직장인구수,12,False,10시,32994.416666666664,1172.1666666666667,32538.166666666668,27.758993317218824
2024,2644056000,강서구 녹산동,평균방문인구수,12,False,13시,20423.416666666668,5542.25,19853.25,3.582164283458884
2024,2644058000,강서구 가덕도동,평균주거인구수,12,False,03시,3450.0,3417.3333333333335,2424.75,0.7095444791260241
2024,2644058000,강서구 가덕도동,평균직장인구수,12,False,13시,1580.6666666666667,185.33333333333334,1546.8333333333333,8.346223021582732
2024,2644058000,강서구 가덕도동,평균방문인구수,12,False,14시,5889.0,2381.1666666666665,5592.916666666667,2.3488136067753906
2024,2647061000,연제구 거제1동,평균주거인구수,12,False,04시,22679.083333333332,22162.916666666668,12451.5,0.5618168487150081
2024,2647061000,연제구 거제1동,평균직장인구수,12,False,14시,9650.916666666666,385.8333333333333,9301.5,24.10755939524838
2024,2647061000,연제구 거제1동,평균방문인구수,12,False,14시,8699.583333333334,3439.9166666666665,8477.666666666666,2.464497686474963
2024,2647062000,연제구 거제2동,평균주거인구수,12,False,04시,20232.333333333332,19813.0,10099.166666666666,0.5097242551186931
2024,2647062000,연제구 거제2동,평균직장인구수,12,False,15시,3983.3333333333335,232.91666666666666,3714.0833333333335,15.945974955277283
2024,2647062000,연제구 거제2동,평균방문인구수,12,False,14시,7115.333333333333,3065.5,6823.833333333333,2.226009895068776
2024,2647063000,연제구 거제3동,평균주거인구수,12,False,04시,6804.75,6587.0,3873.8333333333335,0.5881028288042104
2024,2647063000,연제구 거제3동,평균직장인구수,12,False,16시,1695.3333333333333,160.66666666666666,1551.0833333333333,9.654045643153527
2024,2647063000,연제구 거제3동,평균방문인구수,12,False,13시,7914.25,4670.5,7641.416666666667,1.6361024872426222
2024,2647064000,연제구 거제4동,평균주거인구수,12,False,04시,8937.416666666666,8722.833333333334,4710.75,0.5400481494927106
2024,2647064000,연제구 거제4동,평균직장인구수,12,False,09시,1146.0833333333333,126.66666666666667,1095.5833333333333,8.649342105263157
2024,2647064000,연제구 거제4동,평균방문인구수,12,False,23시,2466.3333333333335,2400.3333333333335,2141.8333333333335,0.892306624079989
2024,2647065000,연제구 연산1동,평균주거인구수,12,False,04시,13520.0,13173.166666666666,7507.916666666667,0.5699401561254571
2024,2647065000,연제구 연산1동,평균직장인구수,12,False,15시,3408.75,221.66666666666666,3201.0833333333335,14.440977443609023
2024,2647065000,연제구 연산1동,평균방문인구수,12,False,14시,4704.333333333333,2641.0833333333335,4668.333333333333,1.767582746978828
2024,2647066000,연제구 연산2동,평균주거인구수,12,False,04시,20199.666666666668,19621.0,10425.333333333334,0.5313354738970152
2024,2647066000,연제구 연산2동,평균직장인구수,12,False,15시,4658.666666666667,447.5833333333333,4423.083333333333,9.88214485198287
2024,2647066000,연제구 연산2동,평균방문인구수,12,False,14시,10273.666666666666,9201.833333333334,10105.0,1.098150730832624
2024,2647067000,연제구 연산3동,평균주거인구수,12,False,04시,4974.166666666667,4841.916666666667,2794.3333333333335,0.5771130578455501
2024,2647067000,연제구 연산3동,평균직장인구수,12,False,09시,479.5833333333333,30.583333333333332,465.4166666666667,15.21798365122616
2024,2647067000,연제구 연산3동,평균방문인구수,12,False,10시,670.8333333333334,630.0833333333334,644.0833333333334,1.0222192831636028
2024,2647068000,연제구 연산4동,평균주거인구수,12,False,04시,13156.333333333334,12867.833333333334,7982.5,0.6203453054774826
2024,2647068000,연제구 연산4동,평균직장인구수,12,False,15시,3591.5,259.8333333333333,3343.3333333333335,12.867222578576012
2024,2647068000,연제구 연산4동,평균방문인구수,12,False,19시,8823.583333333334,5569.833333333333,7961.75,1.4294413357670788
2024,2647069000,연제구 연산5동,평균주거인구수,12,False,04시,11910.0,11466.666666666666,6797.5,0.5928052325581395
2024,2647069000,연제구 연산5동,평균직장인구수,12,False,15시,5423.083333333333,302.1666666666667,5216.5,17.263651406508547
2024,2647069000,연제구 연산5동,평균방문인구수,12,False,14시,5960.916666666667,3479.8333333333335,5754.583333333333,1.6536951003400544
2024,2647070000,연제구 연산6동,평균주거인구수,12,False,04시,12156.166666666666,11867.0,7407.0,0.624167860453358
2024,2647070000,연제구 연산6동,평균직장인구수,12,False,16시,1874.4166666666667,177.75,1732.5833333333333,9.747304266291607
2024,2647070000,연제구 연산6동,평균방문인구수,12,False,11시,5148.833333333333,4640.0,5123.916666666667,1.1042923850574713
2024,2647072000,연제구 연산8동,평균주거인구수,12,False,04시,6276.833333333333,6136.666666666667,3734.9166666666665,0.608623030961434
2024,2647072000,연제구 연산8동,평균직장인구수,12,False,13시,1182.4166666666667,93.5,1170.5833333333333,12.519607843137255
2024,2647072000,연제구 연산8동,평균방문인구수,12,False,11시,3207.9166666666665,3023.8333333333335,3203.5833333333335,1.0594444138235133
2024,2647073000,연제구 연산9동,평균주거인구수,12,False,04시,30796.25,30087.083333333332,17556.25,0.5835145203506489
2024,2647073000,연제구 연산9동,평균직장인구수,12,False,16시,5219.166666666667,318.6666666666667,4854.416666666667,15.23352510460251
2024,2647073000,연제구 연산9동,평균방문인구수,12,False,14시,6081.583333333333,3483.6666666666665,6031.833333333333,1.731461104200555
2024,2650066000,수영구 남천1동,평균주거인구수,12,False,04시,14453.833333333334,14089.333333333334,8296.5,0.5888497208289959
2024,2650066000,수영구 남천1동,평균직장인구수,12,False,15시,5608.916666666667,398.1666666666667,5239.666666666667,13.159480954374216
2024,2650066000,수영구 남천1동,평균방문인구수,12,False,14시,8620.166666666666,3815.9166666666665,8363.25,2.1916752200214016
2024,2650067000,수영구 남천2동,평균주거인구수,12,False,04시,8160.583333333333,7916.666666666667,4238.583333333333,0.5354
2024,2650067000,수영구 남천2동,평균직장인구수,12,False,16시,1028.6666666666667,77.25,938.75,12.15210355987055
2024,2650067000,수영구 남천2동,평균방문인구수,12,False,19시,3079.0,2229.8333333333335,2988.5,1.3402346961656326
2024,2650073000,수영구 수영동,평균주거인구수,12,False,04시,13455.5,13095.75,8041.25,0.6140350877192983
2024,2650073000,수영구 수영동,평균직장인구수,12,False,16시,2559.0,164.0,2345.1666666666665,14.299796747967479
2024,2650073000,수영구 수영동,평균방문인구수,12,False,19시,4035.25,2459.25,3755.1666666666665,1.5269560502863337
2024,2650074000,수영구 망미1동,평균주거인구수,12,False,04시,25241.75,24772.333333333332,14746.833333333334,0.5952944817471104
2024,2650074000,수영구 망미1동,평균직장인구수,12,False,16시,3568.3333333333335,255.91666666666666,3214.5,12.560729404102899
2024,2650074000,수영구 망미1동,평균방문인구수,12,False,14시,4096.75,2900.5833333333335,3986.1666666666665,1.3742637975119947
2024,2650075000,수영구 망미2동,평균주거인구수,12,False,04시,7833.083333333333,7570.5,4246.0,0.5608612376989631
2024,2650075000,수영구 망미2동,평균직장인구수,12,False,16시,1185.6666666666667,84.41666666666667,1067.75,12.648568608094767
2024,2650075000,수영구 망미2동,평균방문인구수,12,False,15시,3040.0833333333335,2172.0,2791.3333333333335,1.285144260282382
2024,2650076000,수영구 광안1동,평균주거인구수,12,False,04시,15886.5,15318.5,9000.25,0.5875412083428534
2024,2650076000,수영구 광안1동,평균직장인구수,12,False,16시,2253.9166666666665,168.08333333333334,2099.1666666666665,12.488844819038174
2024,2650076000,수영구 광안1동,평균방문인구수,12,False,12시,3466.5,2503.4166666666665,3466.5,1.384707566326021
2024,2650077000,수영구 광안2동,평균주거인구수,12,False,04시,15533.416666666666,15017.75,9132.5,0.608113732083701
2024,2650077000,수영구 광안2동,평균직장인구수,12,False,14시,3873.3333333333335,280.9166666666667,3697.25,13.161376446158409
2024,2650077000,수영구 광안2동,평균방문인구수,12,False,20시,9409.0,6221.75,7577.583333333333,1.2179183241585299
2024,2650078000,수영구 광안3동,평균주거인구수,12,False,04시,8836.833333333334,8563.666666666666,5340.416666666667,0.62361332762446
2024,2650078000,수영구 광안3동,평균직장인구수,12,False,16시,2296.0833333333335,182.25,2105.8333333333335,11.554641060813902
2024,2650078000,수영구 광안3동,평균방문인구수,12,False,20시,5503.666666666667,3647.75,4559.333333333333,1.249902908185411
2024,2650079000,수영구 광안4동,평균주거인구수,12,False,04시,10269.416666666666,9927.166666666666,5788.583333333333,0.5831052834813559
2024,2650079000,수영구 광안4동,평균직장인구수,12,False,14시,1696.0833333333333,159.66666666666666,1639.1666666666667,10.266179540709814
2024,2650079000,수영구 광안4동,평균방문인구수,12,False,11시,4830.25,3819.25,4626.083333333333,1.2112543911326394
2024,2650080000,수영구 민락동,평균주거인구수,12,False,04시,24970.166666666668,24308.916666666668,14466.583333333334,0.5951142756258849
2024,2650080000,수영구 민락동,평균직장인구수,12,False,16시,4442.166666666667,348.0,3980.5833333333335,11.438457854406131
2024,2650080000,수영구 민락동,평균방문인구수,12,False,20시,12955.75,7189.5,8808.083333333334,1.2251315575955677
2024,2653058000,사상구 삼락동,평균주거인구수,12,False,04시,4073.5833333333335,3943.3333333333335,2608.1666666666665,0.661411665257819
2024,2653058000,사상구 삼락동,평균직장인구수,12,False,13시,4295.083333333333,206.66666666666666,4264.166666666667,20.633064516129036
2024,2653058000,사상구 삼락동,평균방문인구수,12,False,14시,4776.666666666667,2904.9166666666665,4514.166666666667,1.5539745833213805
2024,2653059100,사상구 모라1동,평균주거인구수,12,False,04시,24029.833333333332,23627.083333333332,13549.583333333334,0.573476765717309
2024,2653059100,사상구 모라1동,평균직장인구수,12,False,16시,6409.833333333333,271.9166666666667,6363.416666666667,23.402083971805087
2024,2653059100,사상구 모라1동,평균방문인구수,12,False,12시,5163.916666666667,2526.6666666666665,5163.916666666667,2.043766490765172
2024,2653059300,사상구 모라3동,평균주거인구수,12,False,03시,9502.583333333334,9366.333333333334,6070.833333333333,0.6481547386027972
2024,2653059300,사상구 모라3동,평균직장인구수,12,False,16시,1181.25,80.83333333333333,1139.5,14.096907216494847
2024,2653059300,사상구 모라3동,평균방문인구수,12,False,11시,1825.0833333333333,908.3333333333334,1706.0,1.8781651376146788
2024,2653060000,사상구 덕포1동,평균주거인구수,12,False,03시,8719.666666666666,8574.25,4530.583333333333,0.5283941258224722
2024,2653060000,사상구 덕포1동,평균직장인구수,12,False,16시,1210.4166666666667,74.25,1138.1666666666667,15.328843995510663
2024,2653060000,사상구 덕포1동,평균방문인구수,12,False,12시,1490.8333333333333,1209.3333333333333,1490.8333333333333,1.2327728776185227
2024,2653061000,사상구 덕포2동,평균주거인구수,12,False,04시,11697.5,11408.25,6484.25,0.5683825301864879
2024,2653061000,사상구 덕포2동,평균직장인구수,12,False,15시,3698.9166666666665,149.58333333333334,3639.9166666666665,24.333704735376042
2024,2653061000,사상구 덕포2동,평균방문인구수,12,False,14시,4031.4166666666665,1700.75,3804.4166666666665,2.2369052868832378
2024,2653062000,사상구 괘법동,평균주거인구수,12,False,04시,23293.25,22926.916666666668,12578.5,0.5486346107013953
2024,2653062000,사상구 괘법동,평균직장인구수,12,False,15시,8731.75,512.5833333333334,8394.916666666666,16.377662168753044
2024,2653062000,사상구 괘법동,평균방문인구수,12,False,14시,12736.666666666666,6436.75,12059.25,1.873499825222356
2024,2653064500,사상구 감전동,평균주거인구수,12,False,04시,9561.666666666666,9237.416666666666,6102.833333333333,0.6606645075733656
2024,2653064500,사상구 감전동,평균직장인구수,12,False,11시,8705.083333333334,284.1666666666667,8594.0,30.24281524926686
2024,2653064500,사상구 감전동,평균방문인구수,12,False,11시,6773.083333333333,2798.3333333333335,6643.5,2.374091721262656
2024,2653065000,사상구 주례1동,평균주거인구수,12,False,04시,15405.0,15115.166666666666,8413.916666666666,0.5566539127366552
2024,2653065000,사상구 주례1동,평균직장인구수,12,False,16시,3754.9166666666665,158.08333333333334,3654.3333333333335,23.116499736425936
2024,2653065000,사상구 주례1동,평균방문인구수,12,False,11시,4036.25,1831.9166666666667,3883.4166666666665,2.119865350498112
2024,2653066000,사상구 주례2동,평균주거인구수,12,False,04시,21006.916666666668,20556.75,11643.416666666666,0.5664035738463846
2024,2653066000,사상구 주례2동,평균직장인구수,12,False,15시,5156.333333333333,326.5833333333333,4953.5,15.167644807348815
2024,2653066000,사상구 주례2동,평균방문인구수,12,False,14시,5896.666666666667,3095.6666666666665,5875.416666666667,1.8979487455583075
2024,2653066100,사상구 주례3동,평균주거인구수,12,False,04시,6032.083333333333,5858.083333333333,3312.5833333333335,0.565472210762906
2024,2653066100,사상구 주례3동,평균직장인구수,12,False,15시,1162.8333333333333,63.583333333333336,1107.5833333333333,17.41939711664482
2024,2653066100,사상구 주례3동,평균방문인구수,12,False,11시,1606.6666666666667,859.5,1560.25,1.8152995927865039
2024,2653067000,사상구 학장동,평균주거인구수,12,False,04시,16246.0,15966.666666666666,9818.333333333334,0.6149269311064719
2024,2653067000,사상구 학장동,평균직장인구수,12,False,11시,5804.166666666667,287.6666666666667,5743.083333333333,19.964368482039394
2024,2653067000,사상구 학장동,평균방문인구수,12,False,11시,5983.166666666667,3859.9166666666665,5768.416666666667,1.4944407262678383
2024,2653068000,사상구 엄궁동,평균주거인구수,12,False,04시,24323.5,23612.583333333332,13516.416666666666,0.5724243076608164
2024,2653068000,사상구 엄궁동,평균직장인구수,12,False,16시,4647.333333333333,170.58333333333334,4486.75,26.30239374694675
2024,2653068000,사상구 엄궁동,평균방문인구수,12,False,12시,4584.833333333333,1850.8333333333333,4584.833333333333,2.4771724448446646
2024,2671025000,기장군 기장읍,평균주거인구수,12,False,04시,52816.75,52236.333333333336,33225.833333333336,0.6360674881468199
2024,2671025000,기장군 기장읍,평균직장인구수,12,False,15시,14721.833333333334,587.8333333333334,14335.333333333334,24.38673093280408
2024,2671025000,기장군 기장읍,평균방문인구수,12,False,14시,29174.25,7841.25,24538.916666666668,3.1294649024921624
2024,2671025300,기장군 장안읍,평균주거인구수,12,False,04시,8137.416666666667,7984.25,5326.0,0.6670632808341422
2024,2671025300,기장군 장안읍,평균직장인구수,12,False,13시,10056.333333333334,434.5,9943.75,22.885500575373992
2024,2671025300,기장군 장안읍,평균방문인구수,12,False,14시,12906.75,2860.5,11620.916666666666,4.062547340208588
2024,2671025600,기장군 정관읍,평균주거인구수,12,False,04시,77248.5,76625.5,47140.416666666664,0.6152053385187263
2024,2671025600,기장군 정관읍,평균직장인구수,12,False,16시,16219.333333333334,548.1666666666666,15746.916666666666,28.726512617816965
2024,2671025600,기장군 정관읍,평균방문인구수,12,False,14시,9817.583333333334,4347.833333333333,9519.083333333334,2.189385517690804
2024,2671025900,기장군 일광읍,평균주거인구수,12,False,04시,26363.916666666668,26018.416666666668,14450.666666666666,0.5554014624256536
2024,2671025900,기장군 일광읍,평균직장인구수,12,False,16시,5376.916666666667,269.25,5109.166666666667,18.975549365521513
2024,2671025900,기장군 일광읍,평균방문인구수,12,False,13시,10702.666666666666,3289.9166666666665,9827.5,2.9871577294257707
2024,2671033000,기장군 철마면,평균주거인구수,12,False,04시,6107.0,6012.583333333333,3932.25,0.6540034095161537
2024,2671033000,기장군 철마면,평균직장인구수,12,False,14시,1782.5833333333333,68.5,1733.5833333333333,25.30778588807786
2024,2671033000,기장군 철마면,평균방문인구수,12,False,13시,4489.5,872.4166666666666,4435.0,5.083580093609705
2025,2611051000,중구 중앙동,평균주거인구수,12,False,04시,5661.25,5459.5,3245.9166666666665,0.5945446774735171
2025,2611051000,중구 중앙동,평균직장인구수,12,False,13시,10350.666666666666,323.1666666666667,9949.5,30.78751933986591
2025,2611051000,중구 중앙동,평균방문인구수,12,False,13시,11323.75,3677.75,10817.0,2.941200462239141
2025,2611052000,중구 동광동,평균주거인구수,12,False,04시,2066.1666666666665,1999.5833333333333,1350.5,0.6753907063971661
2025,2611052000,중구 동광동,평균직장인구수,12,False,14시,1103.5833333333333,32.833333333333336,1036.5,31.568527918781722
2025,2611052000,중구 동광동,평균방문인구수,12,False,12시,1717.5,848.75,1717.5,2.023564064801178
2025,2611053000,중구 대청동,평균주거인구수,12,False,04시,5187.916666666667,5028.083333333333,3191.3333333333335,0.6347017584566684
2025,2611053000,중구 대청동,평균직장인구수,12,False,14시,2331.4166666666665,60.583333333333336,2217.1666666666665,36.596973865199445
2025,2611053000,중구 대청동,평균방문인구수,12,False,14시,3770.9166666666665,1008.75,3375.75,3.3464684014869888
2025,2611054500,중구 보수동,평균주거인구수,12,False,04시,7224.416666666667,6948.5,4200.75,0.6045549399150896
2025,2611054500,중구 보수동,평균직장인구수,12,False,16시,1286.3333333333333,60.833333333333336,1171.3333333333333,19.254794520547943
2025,2611054500,중구 보수동,평균방문인구수,12,False,13시,2217.9166666666665,934.0833333333334,2215.1666666666665,2.371487197787492
2025,2611056000,중구 부평동,평균주거인구수,12,False,04시,3651.1666666666665,3563.5833333333335,2293.0,0.6434534527512101
2025,2611056000,중구 부평동,평균직장인구수,12,False,15시,2244.3333333333335,202.16666666666666,2071.75,10.247732893652103
2025,2611056000,중구 부평동,평균방문인구수,12,False,19시,8189.333333333333,4550.833333333333,6003.25,1.3191540010987
2025,2611057000,중구 광복동,평균주거인구수,12,False,04시,637.75,611.25,456.0833333333333,0.7461486025903203
2025,2611057000,중구 광복동,평균직장인구수,12,False,15시,1562.75,40.5,1428.3333333333333,35.267489711934154
2025,2611057000,중구 광복동,평균방문인구수,12,False,14시,3661.1666666666665,429.0833333333333,2982.6666666666665,6.951252670421441
2025,2611058000,중구 남포동,평균주거인구수,12,False,06시,1996.25,1818.1666666666667,1539.3333333333333,0.8466403886699055
2025,2611058000,중구 남포동,평균직장인구수,12,False,15시,4677.666666666667,169.5,4298.416666666667,25.359390363815145
2025,2611058000,중구 남포동,평균방문인구수,12,False,14시,13738.083333333334,3335.6666666666665,11428.166666666666,3.426051763765364
2025,2611059000,중구 영주1동,평균주거인구수,12,False,03시,455.75,423.0,237.66666666666666,0.561859732072498
2025,2611059000,중구 영주1동,평균직장인구수,12,False,14시,214.0,10.0,193.25,19.325
2025,2611059000,중구 영주1동,평균방문인구수,12,False,12시,568.8333333333334,389.75,568.8333333333334,1.4594825742997648
2025,2611060000,중구 영주2동,평균주거인구수,12,False,04시,5953.083333333333,5831.75,3545.5833333333335,0.607979308669496
2025,2611060000,중구 영주2동,평균직장인구수,12,False,16시,690.75,36.833333333333336,624.0833333333334,16.943438914027148
2025,2611060000,중구 영주2동,평균방문인구수,12,False,14시,1514.3333333333333,1033.9166666666667,1456.0833333333333,1.4083178850648825
2025,2614051000,서구 동대신1동,평균주거인구수,12,False,03시,4335.5,4167.416666666667,2357.3333333333335,0.565658181527325
2025,2614051000,서구 동대신1동,평균직장인구수,12,False,15시,525.8333333333334,51.083333333333336,501.75,9.822185970636214
2025,2614051000,서구 동대신1동,평균방문인구수,12,False,11시,1463.3333333333333,1201.6666666666667,1450.3333333333333,1.2069348127600554
2025,2614052000,서구 동대신2동,평균주거인구수,12,False,04시,3101.5,3014.9166666666665,1947.25,0.6458719146466182
2025,2614052000,서구 동대신2동,평균직장인구수,12,False,13시,332.6666666666667,20.25,329.9166666666667,16.292181069958847
2025,2614052000,서구 동대신2동,평균방문인구수,12,False,12시,752.0,489.1666666666667,752.0,1.5373083475298126
2025,2614053000,서구 동대신3동,평균주거인구수,12,False,04시,6112.583333333333,5941.416666666667,3691.4166666666665,0.6213024390928089
2025,2614053000,서구 동대신3동,평균직장인구수,12,False,15시,2898.0,190.75,2745.5833333333335,14.393621668851027
2025,2614053000,서구 동대신3동,평균방문인구수,12,False,14시,5996.083333333333,2862.5,5751.25,2.009170305676856
2025,2614054000,서구 서대신1동,평균주거인구수,12,False,04시,13144.833333333334,12924.25,6870.5,0.5315975781960268
2025,2614054000,서구 서대신1동,평균직장인구수,12,False,16시,2012.5833333333333,140.66666666666666,1835.5833333333333,13.049170616113745
2025,2614054000,서구 서대신1동,평균방문인구수,12,False,19시,3452.0833333333335,2147.5833333333335,3053.9166666666665,1.4220247565092545
2025,2614056000,서구 서대신3동,평균주거인구수,12,False,04시,3497.0833333333335,3405.6666666666665,1783.0,0.5235391993735931
2025,2614056000,서구 서대신3동,평균직장인구수,12,False,09시,799.1666666666666,61.0,782.1666666666666,12.8224043715847
2025,2614056000,서구 서대신3동,평균방문인구수,12,False,11시,1539.1666666666667,885.3333333333334,1493.9166666666667,1.6874058734939759
2025,2614057000,서구 서대신4동,평균주거인구수,12,False,04시,6022.916666666667,5880.5,3374.4166666666665,0.5738315902842729
2025,2614057000,서구 서대신4동,평균직장인구수,12,False,13시,833.3333333333334,49.083333333333336,827.8333333333334,16.865874363327674
2025,2614057000,서구 서대신4동,평균방문인구수,12,False,12시,2701.5833333333335,1036.5,2701.5833333333335,2.606447981990674
2025,2614059000,서구 부민동,평균주거인구수,12,False,04시,4211.416666666667,4109.75,2442.9166666666665,0.5944197741144027
2025,2614059000,서구 부민동,평균직장인구수,12,False,15시,968.8333333333334,69.66666666666667,896.9166666666666,12.874401913875596
2025,2614059000,서구 부민동,평균방문인구수,12,False,13시,2087.3333333333335,825.25,2055.3333333333335,2.490558416641422
2025,2614061500,서구 아미동,평균주거인구수,12,False,05시,5605.833333333333,5491.416666666667,3524.8333333333335,0.6418805104936491
2025,2614061500,서구 아미동,평균직장인구수,12,False,14시,924.75,57.25,883.9166666666666,15.439592430858806
2025,2614061500,서구 아미동,평균방문인구수,12,False,10시,2329.5833333333335,1391.25,2243.5,1.6125786163522013
2025,2614063000,서구 초장동,평균주거인구수,12,False,04시,3441.0,3358.5,2102.0833333333335,0.6258994590839164
2025,2614063000,서구 초장동,평균직장인구수,12,False,14시,370.5,31.666666666666668,361.0,11.4
2025,2614063000,서구 초장동,평균방문인구수,12,False,12시,988.6666666666666,708.5,988.6666666666666,1.395436367913432
2025,2614064000,서구 충무동,평균주거인구수,12,False,04시,5534.416666666667,5317.75,3385.3333333333335,0.6366100951216837
2025,2614064000,서구 충무동,평균직장인구수,12,False,14시,1539.75,74.08333333333333,1468.3333333333333,19.820022497187853
2025,2614064000,서구 충무동,평균방문인구수,12,False,12시,2310.0833333333335,944.25,2310.0833333333335,2.446474274115259
2025,2614065000,서구 남부민1동,평균주거인구수,12,False,04시,2217.6666666666665,2138.75,1427.1666666666667,0.6672900837716735
2025,2614065000,서구 남부민1동,평균직장인구수,12,False,15시,345.4166666666667,21.0,316.9166666666667,15.091269841269842
2025,2614065000,서구 남부민1동,평균방문인구수,12,False,11시,855.8333333333334,552.3333333333334,841.1666666666666,1.5229330114665056
2025,2614066000,서구 남부민2동,평균주거인구수,12,False,04시,6848.916666666667,6697.916666666667,4028.0,0.6013810264385692
2025,2614066000,서구 남부민2동,평균직장인구수,12,False,14시,935.25,61.0,903.5833333333334,14.812841530054646
2025,2614066000,서구 남부민2동,평균방문인구수,12,False,09시,2667.25,1734.3333333333333,2386.5833333333335,1.376081107053623
2025,2614068000,서구 암남동,평균주거인구수,12,False,04시,15144.166666666666,14781.0,8412.916666666666,0.5691710078253613
2025,2614068000,서구 암남동,평균직장인구수,12,False,14시,4949.416666666667,245.33333333333334,4787.583333333333,19.514605978260867
2025,2614068000,서구 암남동,평균방문인구수,12,False,14시,8559.25,4367.75,8057.833333333333,1.844847652300002
2025,2617051000,동구 초량1동,평균주거인구수,12,False,04시,2372.5833333333335,2304.3333333333335,1487.8333333333333,0.6456675828149862
2025,2617051000,동구 초량1동,평균직장인구수,12,False,14시,1852.0833333333333,68.25,1724.75,25.27106227106227
2025,2617051000,동구 초량1동,평균방문인구수,12,False,12시,3181.3333333333335,1895.4166666666667,3181.3333333333335,1.678434820839745
2025,2617052000,동구 초량2동,평균주거인구수,12,False,04시,4281.583333333333,4216.75,2842.5833333333335,0.6741171123100335
2025,2617052000,동구 초량2동,평균직장인구수,12,False,14시,1838.3333333333333,101.66666666666667,1786.8333333333333,17.57540983606557
2025,2617052000,동구 초량2동,평균방문인구수,12,False,18시,4982.75,2369.0833333333335,4866.5,2.0541700376376233
2025,2617053000,동구 초량3동,평균주거인구수,12,False,05시,10177.333333333334,9883.75,5552.583333333333,0.561789131992749
2025,2617053000,동구 초량3동,평균직장인구수,12,False,14시,5755.583333333333,226.33333333333334,5519.416666666667,24.386229749631813
2025,2617053000,동구 초량3동,평균방문인구수,12,False,15시,13748.416666666666,3794.0,12553.416666666666,3.3087550518362323
2025,2617055000,동구 초량6동,평균주거인구수,12,False,04시,1104.9166666666667,1079.5,677.4166666666666,0.6275281766249806
2025,2617055000,동구 초량6동,평균직장인구수,12,False,14시,281.5833333333333,9.25,262.5833333333333,28.387387387387385
2025,2617055000,동구 초량6동,평균방문인구수,12,False,15시,1111.3333333333333,324.4166666666667,806.3333333333334,2.485486771127665
2025,2617056000,동구 수정1동,평균주거인구수,12,False,04시,3619.25,3536.9166666666665,2171.4166666666665,0.6139292698442617
2025,2617056000,동구 수정1동,평균직장인구수,12,False,14시,842.1666666666666,47.583333333333336,799.4166666666666,16.80035026269702
2025,2617056000,동구 수정1동,평균방문인구수,12,False,14시,1598.25,1136.8333333333333,1587.8333333333333,1.3967160240433953
2025,2617057000,동구 수정2동,평균주거인구수,12,False,04시,6863.666666666667,6697.083333333333,4218.166666666667,0.6298513034281094
2025,2617057000,동구 수정2동,평균직장인구수,12,False,16시,1513.0833333333333,68.41666666666667,1460.4166666666667,21.345919610231423
2025,2617057000,동구 수정2동,평균방문인구수,12,False,12시,2149.9166666666665,985.5833333333334,2149.9166666666665,2.1813646740509003
2025,2617059000,동구 수정4동,평균주거인구수,12,False,04시,2676.0833333333335,2615.6666666666665,1658.8333333333333,0.6341914107302153
2025,2617059000,동구 수정4동,평균직장인구수,12,False,16시,210.5,11.583333333333334,173.91666666666666,15.014388489208631
2025,2617059000,동구 수정4동,평균방문인구수,12,False,11시,403.9166666666667,385.9166666666667,393.1666666666667,1.0187864392139927
2025,2617060000,동구 수정5동,평균주거인구수,12,False,04시,4487.666666666667,4403.916666666667,2828.1666666666665,0.642193501996329
2025,2617060000,동구 수정5동,평균직장인구수,12,False,15시,411.5,22.833333333333332,383.5,16.795620437956206
2025,2617060000,동구 수정5동,평균방문인구수,12,False,11시,677.4166666666666,446.6666666666667,646.9166666666666,1.4483208955223879
2025,2617064500,동구 좌천동,평균주거인구수,12,False,04시,3139.3333333333335,3058.5833333333335,1820.75,0.5952919379887203
2025,2617064500,동구 좌천동,평균직장인구수,12,False,10시,594.8333333333334,41.333333333333336,579.1666666666666,14.012096774193546
2025,2617064500,동구 좌천동,평균방문인구수,12,False,11시,2607.0,1506.6666666666667,2467.5,1.637721238938053
2025,2617065000,동구 범일1동,평균주거인구수,12,False,04시,8879.083333333334,8685.666666666666,5349.75,0.6159285412748974
2025,2617065000,동구 범일1동,평균직장인구수,12,False,16시,1329.5,62.25,1275.5,20.48995983935743
2025,2617065000,동구 범일1동,평균방문인구수,12,False,11시,2278.0,1227.5,2158.1666666666665,1.7581805838424982
2025,2617066000,동구 범일2동,평균주거인구수,12,False,04시,6164.833333333333,6040.583333333333,3584.5,0.593402955012623
2025,2617066000,동구 범일2동,평균직장인구수,12,False,13시,8036.833333333333,290.4166666666667,7897.833333333333,27.194835007173598
2025,2617066000,동구 범일2동,평균방문인구수,12,False,13시,9375.5,3241.6666666666665,9218.5,2.8437532133676093
2025,2617068000,동구 범일5동,평균주거인구수,12,False,04시,7452.916666666667,7254.083333333333,3807.5833333333335,0.5248882813128238
2025,2617068000,동구 범일5동,평균직장인구수,12,False,13시,2101.5833333333335,104.0,2079.9166666666665,19.999198717948715
2025,2617068000,동구 범일5동,평균방문인구수,12,False,11시,4689.166666666667,2665.5,4595.583333333333,1.724098042893766
2025,2620053000,영도구 남항동,평균주거인구수,12,False,04시,9215.583333333334,9009.083333333334,6047.25,0.6712392122764986
2025,2620053000,영도구 남항동,평균직장인구수,12,False,15시,3576.3333333333335,188.66666666666666,3428.4166666666665,18.171819787985864
2025,2620053000,영도구 남항동,평균방문인구수,12,False,12시,6559.75,3478.3333333333335,6559.75,1.8858888356492571
2025,2620054000,영도구 영선1동,평균주거인구수,12,False,04시,891.0833333333334,864.5,551.8333333333334,0.6383265856950068
2025,2620054000,영도구 영선1동,평균직장인구수,12,False,15시,303.6666666666667,12.75,289.75,22.725490196078432
2025,2620054000,영도구 영선1동,평균방문인구수,12,False,14시,684.8333333333334,275.6666666666667,648.6666666666666,2.3530834340991533
2025,2620055000,영도구 영선2동,평균주거인구수,12,False,04시,6562.833333333333,6446.416666666667,3935.1666666666665,0.6104424938919554
2025,2620055000,영도구 영선2동,평균직장인구수,12,False,14시,891.8333333333334,47.416666666666664,861.4166666666666,18.166959578207383
2025,2620055000,영도구 영선2동,평균방문인구수,12,False,14시,2108.3333333333335,910.4166666666666,1906.0,2.093546910755149
2025,2620058500,영도구 신선동,평균주거인구수,12,False,04시,5996.916666666667,5899.833333333333,3835.0,0.6500183621006244
2025,2620058500,영도구 신선동,평균직장인구수,12,False,10시,783.5,40.666666666666664,775.6666666666666,19.07377049180328
2025,2620058500,영도구 신선동,평균방문인구수,12,False,11시,1273.4166666666667,727.25,1232.5,1.694740460639395
2025,2620059000,영도구 봉래1동,평균주거인구수,12,False,04시,4849.416666666667,4741.5,2769.0,0.5839924074659918
2025,2620059000,영도구 봉래1동,평균직장인구수,12,False,15시,1195.5,56.5,1078.0,19.079646017699115
2025,2620059000,영도구 봉래1동,평균방문인구수,12,False,14시,3123.6666666666665,1059.3333333333333,2628.9166666666665,2.48167086217747
2025,2620060500,영도구 봉래2동,평균주거인구수,12,False,04시,5875.416666666667,5730.75,3516.75,0.6136631330977621
2025,2620060500,영도구 봉래2동,평균직장인구수,12,False,15시,1065.0833333333333,61.416666666666664,1030.25,16.774762550881956
2025,2620060500,영도구 봉래2동,평균방문인구수,12,False,12시,1708.25,920.3333333333334,1708.25,1.8561209706628032
2025,2620063000,영도구 청학1동,평균주거인구수,12,False,04시,4382.5,4259.833333333333,2605.0833333333335,0.61154583512657
2025,2620063000,영도구 청학1동,평균직장인구수,12,False,11시,1084.75,55.25,1076.5833333333333,19.485671191553543
2025,2620063000,영도구 청학1동,평균방문인구수,12,False,11시,1575.8333333333333,884.0,1574.5833333333333,1.7812028657616892
2025,2620064000,영도구 청학2동,평균주거인구수,12,False,04시,13068.916666666666,12883.75,7388.833333333333,0.5735002102131237
2025,2620064000,영도구 청학2동,평균직장인구수,12,False,16시,2432.25,126.41666666666667,2239.3333333333335,17.7139090309822
2025,2620064000,영도구 청학2동,평균방문인구수,12,False,14시,3209.8333333333335,1800.1666666666667,3095.25,1.7194241273956115
2025,2620065000,영도구 동삼1동,평균주거인구수,12,False,04시,24959.75,24589.166666666668,15428.666666666666,0.6274578913478157
2025,2620065000,영도구 동삼1동,평균직장인구수,12,False,15시,4424.416666666667,211.83333333333334,4309.583333333333,20.344217151848934
2025,2620065000,영도구 동삼1동,평균방문인구수,12,False,13시,5772.0,2339.5,5764.666666666667,2.4640592719242003
2025,2620066000,영도구 동삼2동,평균주거인구수,12,False,04시,4592.083333333333,4508.666666666667,2855.75,0.6333912464882449
2025,2620066000,영도구 동삼2동,평균직장인구수,12,False,14시,1687.5833333333333,188.5,1584.25,8.404509283819628
2025,2620066000,영도구 동삼2동,평균방문인구수,12,False,14시,5381.833333333333,3383.3333333333335,5232.5,1.546551724137931
2025,2620067000,영도구 동삼3동,평균주거인구수,12,False,03시,7826.333333333333,7641.5,4659.166666666667,0.6097188597352178
2025,2620067000,영도구 동삼3동,평균직장인구수,12,False,15시,1086.5,78.66666666666667,1064.25,13.528601694915253
2025,2620067000,영도구 동삼3동,평균방문인구수,12,False,14시,2572.8333333333335,1400.5,2498.5,1.7840057122456265
2025,2623051000,부산진구 부전1동,평균주거인구수,12,False,05시,11802.916666666666,11045.583333333334,7453.0,0.6747493341984352
2025,2623051000,부산진구 부전1동,평균직장인구수,12,False,15시,9570.416666666666,395.75,8924.75,22.551484523057486
2025,2623051000,부산진구 부전1동,평균방문인구수,12,False,14시,20480.0,5094.25,18251.416666666668,3.5827485236622993
2025,2623052000,부산진구 부전2동,평균주거인구수,12,False,04시,10093.416666666666,9807.75,5998.083333333333,0.611565683600554
2025,2623052000,부산진구 부전2동,평균직장인구수,12,False,15시,11696.083333333334,920.6666666666666,10798.833333333334,11.729362780593775
2025,2623052000,부산진구 부전2동,평균방문인구수,12,False,19시,27223.083333333332,14901.0,22145.083333333332,1.4861474621390063
2025,2623054000,부산진구 연지동,평균주거인구수,12,False,04시,10987.333333333334,10747.666666666666,6105.416666666667,0.5680690382408585
2025,2623054000,부산진구 연지동,평균직장인구수,12,False,16시,1390.9166666666667,87.75,1222.0833333333333,13.92687559354226
2025,2623054000,부산진구 연지동,평균방문인구수,12,False,15시,2462.5,1504.6666666666667,2180.9166666666665,1.4494350908285332
2025,2623055000,부산진구 초읍동,평균주거인구수,12,False,04시,21203.833333333332,20808.083333333332,12203.75,0.5864908268821812
2025,2623055000,부산진구 초읍동,평균직장인구수,12,False,15시,3205.3333333333335,171.66666666666666,3061.8333333333335,17.835922330097087
2025,2623055000,부산진구 초읍동,평균방문인구수,12,False,12시,6394.416666666667,2686.1666666666665,6394.416666666667,2.3804988521436994
2025,2623056000,부산진구 양정1동,평균주거인구수,12,False,04시,17484.416666666668,17126.916666666668,9794.083333333334,0.5718532718965761
2025,2623056000,부산진구 양정1동,평균직장인구수,12,False,14시,5048.5,273.6666666666667,4908.166666666667,17.93483556638246
2025,2623056000,부산진구 양정1동,평균방문인구수,12,False,12시,6633.916666666667,3308.5833333333335,6633.916666666667,2.0050625897287357
2025,2623057000,부산진구 양정2동,평균주거인구수,12,False,04시,13485.083333333334,12979.416666666666,7117.166666666667,0.548342568040423
2025,2623057000,부산진구 양정2동,평균직장인구수,12,False,13시,3417.0,177.33333333333334,3376.6666666666665,19.041353383458645
2025,2623057000,부산진구 양정2동,평균방문인구수,12,False,12시,5226.916666666667,2929.1666666666665,5226.916666666667,1.7844381223328594
2025,2623060000,부산진구 전포1동,평균주거인구수,12,False,05시,15175.916666666666,14507.416666666666,8751.0,0.6032087035941387
2025,2623060000,부산진구 전포1동,평균직장인구수,12,False,15시,5735.5,379.5833333333333,5390.333333333333,14.2006586169045
2025,2623060000,부산진구 전포1동,평균방문인구수,12,False,19시,10468.916666666666,3879.8333333333335,8190.916666666667,2.111151681773272
2025,2623061000,부산진구 전포2동,평균주거인구수,12,False,04시,19798.166666666668,19139.416666666668,10972.5,0.5732933344363508
2025,2623061000,부산진구 전포2동,평균직장인구수,12,False,16시,4352.833333333333,284.6666666666667,3990.5833333333335,14.01844262295082
2025,2623061000,부산진구 전포2동,평균방문인구수,12,False,15시,9185.25,3897.6666666666665,7518.0,1.9288463183101001
2025,2623064000,부산진구 부암1동,평균주거인구수,12,False,04시,18666.416666666668,18142.083333333332,9853.416666666666,0.5431248708114191
2025,2623064000,부산진구 부암1동,평균직장인구수,12,False,16시,2824.8333333333335,191.25,2632.4166666666665,13.764270152505446
2025,2623064000,부산진구 부암1동,평균방문인구수,12,False,14시,4641.166666666667,2829.3333333333335,4423.916666666667,1.5635897737983036
2025,2623066000,부산진구 부암3동,평균주거인구수,12,False,04시,19643.0,19261.166666666668,10510.916666666666,0.5457050888229338
2025,2623066000,부산진구 부암3동,평균직장인구수,12,False,16시,2425.75,194.66666666666666,2252.9166666666665,11.573202054794521
2025,2623066000,부산진구 부암3동,평균방문인구수,12,False,19시,4401.166666666667,3464.75,4373.416666666667,1.2622603843471152
2025,2623067000,부산진구 당감1동,평균주거인구수,12,False,04시,18473.75,18049.833333333332,10778.166666666666,0.5971338608851421
2025,2623067000,부산진구 당감1동,평균직장인구수,12,False,15시,2738.1666666666665,173.25,2649.0,15.29004329004329
2025,2623067000,부산진구 당감1동,평균방문인구수,12,False,12시,4142.166666666667,2632.9166666666665,4142.166666666667,1.573223611330907
2025,2623068000,부산진구 당감2동,평균주거인구수,12,False,04시,6009.583333333333,5830.666666666667,3127.5833333333335,0.5364023553624514
2025,2623068000,부산진구 당감2동,평균직장인구수,12,False,16시,757.5,58.5,680.75,11.636752136752136
2025,2623068000,부산진구 당감2동,평균방문인구수,12,False,11시,1871.0,1458.75,1817.0,1.245586975149957
2025,2623070000,부산진구 당감4동,평균주거인구수,12,False,04시,7997.166666666667,7823.333333333333,4240.583333333333,0.5420430336599915
2025,2623070000,부산진구 당감4동,평균직장인구수,12,False,16시,945.3333333333334,94.83333333333333,813.1666666666666,8.574692442882249
2025,2623070000,부산진구 당감4동,평균방문인구수,12,False,19시,2222.3333333333335,1665.9166666666667,2141.5,1.2854784653093891
2025,2623071000,부산진구 가야1동,평균주거인구수,12,False,04시,15282.75,14960.083333333334,8953.916666666666,0.598520507350115
2025,2623071000,부산진구 가야1동,평균직장인구수,12,False,14시,4115.333333333333,362.0,3983.4166666666665,11.003913443830571
2025,2623071000,부산진구 가야1동,평균방문인구수,12,False,13시,6902.083333333333,3878.0833333333335,6883.25,1.7749102864387476
2025,2623072000,부산진구 가야2동,평균주거인구수,12,False,04시,8638.25,8501.25,4968.25,0.5844140567563594
2025,2623072000,부산진구 가야2동,평균직장인구수,12,False,16시,1136.9166666666667,138.91666666666666,1078.5,7.763647270545891
2025,2623072000,부산진구 가야2동,평균방문인구수,12,False,19시,3592.8333333333335,2342.8333333333335,3252.6666666666665,1.3883474425553104
2025,2623074000,부산진구 개금1동,평균주거인구수,12,False,04시,14722.083333333334,14316.25,8162.75,0.5701737536016764
2025,2623074000,부산진구 개금1동,평균직장인구수,12,False,16시,2327.6666666666665,171.16666666666666,2135.5,12.476144109055502
2025,2623074000,부산진구 개금1동,평균방문인구수,12,False,18시,4180.0,2923.4166666666665,3988.6666666666665,1.364385279781078
2025,2623075000,부산진구 개금2동,평균주거인구수,12,False,04시,7910.583333333333,7704.666666666667,4531.75,0.588182486804534
2025,2623075000,부산진구 개금2동,평균직장인구수,12,False,15시,1737.8333333333333,129.0,1689.3333333333333,13.095607235142118
2025,2623075000,부산진구 개금2동,평균방문인구수,12,False,10시,4096.166666666667,2577.9166666666665,3731.25,1.4473896880556005
2025,2623076000,부산진구 개금3동,평균주거인구수,12,False,04시,22915.666666666668,22456.666666666668,12661.583333333334,0.5638229182128544
2025,2623076000,부산진구 개금3동,평균직장인구수,12,False,16시,2451.5833333333335,170.58333333333334,2324.0,13.623839765510503
2025,2623076000,부산진구 개금3동,평균방문인구수,12,False,10시,3371.5,2588.8333333333335,3296.25,1.2732569368441382
2025,2623077000,부산진구 범천1동,평균주거인구수,12,False,05시,10857.666666666666,10397.666666666666,6322.833333333333,0.6081011765460199
2025,2623077000,부산진구 범천1동,평균직장인구수,12,False,11시,6481.083333333333,251.41666666666666,6383.333333333333,25.389459728206827
2025,2623077000,부산진구 범천1동,평균방문인구수,12,False,11시,9908.5,4952.333333333333,9783.5,1.9755334185905635
2025,2623078000,부산진구 범천2동,평균주거인구수,12,False,04시,18097.25,17554.666666666668,9656.333333333334,0.5500721555521798
2025,2623078000,부산진구 범천2동,평균직장인구수,12,False,16시,2494.5833333333335,150.83333333333334,2284.5,15.14585635359116
2025,2623078000,부산진구 범천2동,평균방문인구수,12,False,11시,3372.0,2753.5833333333335,3248.25,1.1796447053838937
2025,2626051000,동래구 수민동,평균주거인구수,12,False,04시,21970.75,21513.25,12380.833333333334,0.5754980457779896
2025,2626051000,동래구 수민동,평균직장인구수,12,False,16시,3546.0833333333335,249.0,3365.0,13.514056224899598
2025,2626051000,동래구 수민동,평균방문인구수,12,False,14시,8135.166666666667,5283.083333333333,7636.166666666667,1.4453996245879144
2025,2626052000,동래구 복산동,평균주거인구수,12,False,04시,6870.5,6720.25,3985.8333333333335,0.5931078952915938
2025,2626052000,동래구 복산동,평균직장인구수,12,False,16시,1137.0,50.083333333333336,961.0,19.18801996672213
2025,2626052000,동래구 복산동,평균방문인구수,12,False,14시,1870.0,862.5,1801.8333333333333,2.0890821256038645
2025,2626054500,동래구 명륜동,평균주거인구수,12,False,04시,20866.75,20501.333333333332,11303.833333333334,0.5513706425598336
2025,2626054500,동래구 명륜동,평균직장인구수,12,False,15시,6735.083333333333,487.3333333333333,6332.083333333333,12.993331053351573
2025,2626054500,동래구 명륜동,평균방문인구수,12,False,19시,13826.583333333334,6551.5,11324.583333333334,1.7285481696303646
2025,2626055000,동래구 온천1동,평균주거인구수,12,False,04시,28753.5,28065.5,15211.25,0.5419910566353708
2025,2626055000,동래구 온천1동,평균직장인구수,12,False,15시,5250.916666666667,341.5833333333333,5060.833333333333,14.815808733837521
2025,2626055000,동래구 온천1동,평균방문인구수,12,False,13시,10761.333333333334,6543.833333333333,10702.75,1.6355474619871126
2025,2626056000,동래구 온천2동,평균주거인구수,12,False,04시,12984.75,12819.0,7369.0,0.574849832280209
2025,2626056000,동래구 온천2동,평균직장인구수,12,False,13시,3436.9166666666665,167.58333333333334,3402.75,20.304823470909994
2025,2626056000,동래구 온천2동,평균방문인구수,12,False,12시,5619.166666666667,2325.4166666666665,5619.166666666667,2.4164128292420717
2025,2626057000,동래구 온천3동,평균주거인구수,12,False,04시,31560.166666666668,30749.5,17088.666666666668,0.5557380336807645
2025,2626057000,동래구 온천3동,평균직장인구수,12,False,16시,4217.083333333333,398.0,3898.1666666666665,9.794388609715243
2025,2626057000,동래구 온천3동,평균방문인구수,12,False,23시,13189.5,13031.416666666666,11989.583333333334,0.9200521815868064
2025,2626058000,동래구 사직1동,평균주거인구수,12,False,04시,8637.083333333334,8400.416666666666,4846.75,0.5769654283021676
2025,2626058000,동래구 사직1동,평균직장인구수,12,False,16시,2396.9166666666665,274.5833333333333,2135.1666666666665,7.776024279210926
2025,2626058000,동래구 사직1동,평균방문인구수,12,False,19시,6493.833333333333,4779.25,5803.0,1.2142072500915415
2025,2626059000,동래구 사직2동,평균주거인구수,12,False,04시,20256.25,19881.833333333332,11061.0,0.5563370245869345
2025,2626059000,동래구 사직2동,평균직장인구수,12,False,15시,2818.0833333333335,298.8333333333333,2730.8333333333335,9.138315672058004
2025,2626059000,동래구 사직2동,평균방문인구수,12,False,19시,9078.833333333334,3966.5833333333335,6225.5,1.5694867539234016
2025,2626060000,동래구 사직3동,평균주거인구수,12,False,04시,14468.666666666666,14149.083333333334,7815.083333333333,0.5523384907149461
2025,2626060000,동래구 사직3동,평균직장인구수,12,False,16시,2245.5833333333335,139.58333333333334,2003.5833333333333,14.354029850746267
2025,2626060000,동래구 사직3동,평균방문인구수,12,False,19시,4102.166666666667,2458.6666666666665,3813.25,1.550942245119306
2025,2626074000,동래구 안락1동,평균주거인구수,12,False,04시,10281.0,10024.583333333334,6110.916666666667,0.609593083669313
2025,2626074000,동래구 안락1동,평균직장인구수,12,False,16시,2498.5833333333335,186.25,2328.4166666666665,12.501565995525727
2025,2626074000,동래구 안락1동,평균방문인구수,12,False,19시,5122.583333333333,3177.5,5000.166666666667,1.5736165748754263
2025,2626075000,동래구 안락2동,평균주거인구수,12,False,04시,22428.416666666668,22028.0,12591.166666666666,0.5715982688699232
2025,2626075000,동래구 안락2동,평균직장인구수,12,False,16시,3758.9166666666665,209.25,3509.4166666666665,16.771405814416568
2025,2626075000,동래구 안락2동,평균방문인구수,12,False,13시,5106.0,2874.75,5096.25,1.7727628489433864
2025,2626076100,동래구 명장1동,평균주거인구수,12,False,04시,12144.0,11880.083333333334,6980.166666666667,0.5875519952862284
2025,2626076100,동래구 명장1동,평균직장인구수,12,False,15시,2143.1666666666665,254.08333333333334,2093.9166666666665,8.241062643489668
2025,2626076100,동래구 명장1동,평균방문인구수,12,False,15시,2792.9166666666665,2035.8333333333333,2792.75,1.371796970937372
2025,2626076200,동래구 명장2동,평균주거인구수,12,False,04시,6900.083333333333,6705.916666666667,3934.8333333333335,0.5867703893328031
2025,2626076200,동래구 명장2동,평균직장인구수,12,False,09시,1147.75,67.91666666666667,1118.6666666666667,16.47116564417178
2025,2626076200,동래구 명장2동,평균방문인구수,12,False,10시,1512.9166666666667,1039.9166666666667,1460.5833333333333,1.404519592916099
2025,2629051000,남구 대연1동,평균주거인구수,12,False,04시,14148.583333333334,13648.0,8310.5,0.6089170574443142
2025,2629051000,남구 대연1동,평균직장인구수,12,False,16시,2483.0,219.16666666666666,2415.8333333333335,11.02281368821293
2025,2629051000,남구 대연1동,평균방문인구수,12,False,12시,7826.583333333333,5150.666666666667,7826.583333333333,1.5195282164121149
2025,2629053000,남구 대연3동,평균주거인구수,12,False,04시,32786.666666666664,32228.916666666668,17846.833333333332,0.553752194587159
2025,2629053000,남구 대연3동,평균직장인구수,12,False,15시,11539.833333333334,969.25,10801.5,11.144183647149859
2025,2629053000,남구 대연3동,평균방문인구수,12,False,14시,15907.666666666666,7771.916666666667,14822.083333333334,1.9071335899552877
2025,2629054000,남구 대연4동,평균주거인구수,12,False,04시,11730.0,11523.916666666666,6248.833333333333,0.5422490906592811
2025,2629054000,남구 대연4동,평균직장인구수,12,False,16시,1513.0,119.33333333333333,1465.6666666666667,12.282122905027935
2025,2629054000,남구 대연4동,평균방문인구수,12,False,12시,2873.3333333333335,1864.0,2873.3333333333335,1.5414878397711016
2025,2629055000,남구 대연5동,평균주거인구수,12,False,04시,13045.083333333334,12712.083333333334,7542.416666666667,0.5933265593759218
2025,2629055000,남구 대연5동,평균직장인구수,12,False,16시,2481.3333333333335,119.16666666666667,2318.0833333333335,19.452447552447552
2025,2629055000,남구 대연5동,평균방문인구수,12,False,15시,3543.5,1803.5,3538.5833333333335,1.962064504204787
2025,2629056000,남구 대연6동,평균주거인구수,12,False,04시,12355.083333333334,12116.166666666666,6640.166666666667,0.5480418724293988
2025,2629056000,남구 대연6동,평균직장인구수,12,False,15시,2388.1666666666665,121.16666666666667,2312.0,19.08115543328748
2025,2629056000,남구 대연6동,평균방문인구수,12,False,11시,2729.8333333333335,1417.4166666666667,2600.0,1.8343230054676936
2025,2629057000,남구 용호1동,평균주거인구수,12,False,04시,36408.0,35827.416666666664,20208.166666666668,0.5640419697205818
2025,2629057000,남구 용호1동,평균직장인구수,12,False,16시,4513.416666666667,265.9166666666667,4040.5833333333335,15.19492322156064
2025,2629057000,남구 용호1동,평균방문인구수,12,False,14시,6399.333333333333,3977.0,6165.916666666667,1.5503939317743693
2025,2629058000,남구 용호2동,평균주거인구수,12,False,04시,16304.0,15973.166666666666,8857.0,0.554492430012834
2025,2629058000,남구 용호2동,평균직장인구수,12,False,09시,1840.9166666666667,122.16666666666667,1700.1666666666667,13.916780354706685
2025,2629058000,남구 용호2동,평균방문인구수,12,False,14시,4189.5,2259.5833333333335,3977.9166666666665,1.7604646874423748
2025,2629059000,남구 용호3동,평균주거인구수,12,False,04시,9694.666666666666,9507.25,5870.583333333333,0.6174849018731319
2025,2629059000,남구 용호3동,평균직장인구수,12,False,14시,2045.25,113.0,2029.0833333333333,17.956489675516224
2025,2629059000,남구 용호3동,평균방문인구수,12,False,13시,3440.1666666666665,1647.4166666666667,3437.9166666666665,2.0868531539278665
2025,2629060000,남구 용호4동,평균주거인구수,12,False,04시,5754.666666666667,5587.833333333333,3408.25,0.6099412413875385
2025,2629060000,남구 용호4동,평균직장인구수,12,False,15시,1112.5,127.83333333333333,1058.1666666666667,8.277705345501957
2025,2629060000,남구 용호4동,평균방문인구수,12,False,12시,2531.0,1610.0,2531.0,1.5720496894409939
2025,2629061000,남구 용당동,평균주거인구수,12,False,04시,6763.5,6607.666666666667,3733.6666666666665,0.5650506986833476
2025,2629061000,남구 용당동,평균직장인구수,12,False,13시,2792.5,122.5,2709.25,22.116326530612245
2025,2629061000,남구 용당동,평균방문인구수,12,False,11시,4473.083333333333,1479.1666666666667,4430.583333333333,2.9953239436619716
2025,2629062000,남구 감만1동,평균주거인구수,12,False,04시,5968.666666666667,5837.75,3269.5,0.5600616675945356
2025,2629062000,남구 감만1동,평균직장인구수,12,False,10시,1965.75,141.16666666666666,1893.8333333333333,13.415584415584416
2025,2629062000,남구 감만1동,평균방문인구수,12,False,11시,3315.6666666666665,1637.6666666666667,3150.5833333333335,1.923824547119886
2025,2629063000,남구 감만2동,평균주거인구수,12,False,03시,4089.0,3970.5,2403.6666666666665,0.6053813541535491
2025,2629063000,남구 감만2동,평균직장인구수,12,False,15시,517.9166666666666,50.666666666666664,475.5,9.384868421052632
2025,2629063000,남구 감만2동,평균방문인구수,12,False,15시,1066.0,857.6666666666666,1032.1666666666667,1.2034589972794405
2025,2629064500,남구 우암동,평균주거인구수,12,False,04시,11285.25,11068.5,6565.833333333333,0.5931999216997184
2025,2629064500,남구 우암동,평균직장인구수,12,False,09시,1887.8333333333333,155.91666666666666,1781.0,11.42276857295564
2025,2629064500,남구 우암동,평균방문인구수,12,False,10시,4046.25,2728.5833333333335,3845.5,1.4093394007879545
2025,2629068000,남구 문현1동,평균주거인구수,12,False,04시,7527.083333333333,7374.666666666667,4324.916666666667,0.5864558850117519
2025,2629068000,남구 문현1동,평균직장인구수,12,False,15시,1070.0833333333333,82.75,1056.1666666666667,12.763343403826788
2025,2629068000,남구 문현1동,평균방문인구수,12,False,12시,2486.9166666666665,1835.6666666666667,2486.9166666666665,1.3547757399673142
2025,2629069000,남구 문현2동,평균주거인구수,12,False,05시,4697.666666666667,4559.083333333333,2884.9166666666665,0.6327843682026724
2025,2629069000,남구 문현2동,평균직장인구수,12,False,14시,4576.333333333333,146.5,4172.166666666667,28.478953356086464
2025,2629069000,남구 문현2동,평균방문인구수,12,False,14시,4497.083333333333,1491.0833333333333,4317.833333333333,2.8957692952551275
2025,2629070000,남구 문현3동,평균주거인구수,12,False,04시,9802.916666666666,9584.916666666666,5266.583333333333,0.5494657404428833
2025,2629070000,남구 문현3동,평균직장인구수,12,False,16시,1503.5,238.58333333333334,1358.0,5.691931540342298
2025,2629070000,남구 문현3동,평균방문인구수,12,False,01시,7317.166666666667,7315.666666666667,6722.333333333333,0.9188955210279308
2025,2629071000,남구 문현4동,평균주거인구수,12,False,04시,5296.083333333333,5129.833333333333,2913.3333333333335,0.5679196854998538
2025,2629071000,남구 문현4동,평균직장인구수,12,False,15시,1106.9166666666667,39.25,1060.6666666666667,27.02335456475584
2025,2629071000,남구 문현4동,평균방문인구수,12,False,14시,2145.9166666666665,1197.6666666666667,2038.1666666666667,1.7017812413025326
2025,2632051000,북구 구포1동,평균주거인구수,12,False,04시,13193.0,12901.416666666666,7654.916666666667,0.593339232771595
2025,2632051000,북구 구포1동,평균직장인구수,12,False,16시,2829.75,159.5,2600.5,16.304075235109718
2025,2632051000,북구 구포1동,평균방문인구수,12,False,13시,7495.333333333333,3107.6666666666665,7181.166666666667,2.3107905180735817
2025,2632052000,북구 구포2동,평균주거인구수,12,False,04시,21214.333333333332,20833.75,11575.0,0.5555888882222355
2025,2632052000,북구 구포2동,평균직장인구수,12,False,16시,3497.1666666666665,136.66666666666666,3314.6666666666665,24.253658536585366
2025,2632052000,북구 구포2동,평균방문인구수,12,False,13시,4122.916666666667,2130.5,4051.6666666666665,1.9017445044199326
2025,2632052100,북구 구포3동,평균주거인구수,12,False,04시,17274.75,16950.0,9607.25,0.5667994100294985
2025,2632052100,북구 구포3동,평균직장인구수,12,False,16시,2278.3333333333335,111.75,2086.75,18.67337807606264
2025,2632052100,북구 구포3동,평균방문인구수,12,False,11시,2392.5,1534.5,2365.6666666666665,1.5416530900401868
2025,2632053000,북구 금곡동,평균주거인구수,12,False,04시,32512.416666666668,31949.166666666668,18542.666666666668,0.5803802916090665
2025,2632053000,북구 금곡동,평균직장인구수,12,False,16시,3764.3333333333335,236.33333333333334,3580.4166666666665,15.149858956276445
2025,2632053000,북구 금곡동,평균방문인구수,12,False,11시,5820.416666666667,3479.0,5690.083333333333,1.6355514036600556
2025,2632054100,북구 화명1동,평균주거인구수,12,False,04시,32765.166666666668,32083.166666666668,16703.666666666668,0.5206364708388096
2025,2632054100,북구 화명1동,평균직장인구수,12,False,17시,3490.3333333333335,341.0833333333333,2975.8333333333335,8.724651844612755
2025,2632054100,북구 화명1동,평균방문인구수,12,False,20시,8777.916666666666,7898.083333333333,7753.0,0.9816305643774333
2025,2632054200,북구 화명2동,평균주거인구수,12,False,04시,15561.5,15271.833333333334,8416.583333333334,0.5511180713950519
2025,2632054200,북구 화명2동,평균직장인구수,12,False,16시,2134.0,139.83333333333334,2036.0,14.560190703218115
2025,2632054200,북구 화명2동,평균방문인구수,12,False,14시,3785.0,2134.25,3751.0,1.7575260630197962
2025,2632054300,북구 화명3동,평균주거인구수,12,False,04시,20837.0,20547.666666666668,11689.416666666666,0.5688926561004493
2025,2632054300,북구 화명3동,평균직장인구수,12,False,16시,4452.833333333333,331.75,4035.75,12.165033911077618
2025,2632054300,북구 화명3동,평균방문인구수,12,False,19시,8448.25,3943.75,7378.75,1.870998415213946
2025,2632055000,북구 덕천1동,평균주거인구수,12,False,04시,11946.25,11641.25,6715.416666666667,0.5768638820287054
2025,2632055000,북구 덕천1동,평균직장인구수,12,False,15시,2251.1666666666665,130.66666666666666,2168.6666666666665,16.596938775510203
2025,2632055000,북구 덕천1동,평균방문인구수,12,False,11시,4278.333333333333,2619.1666666666665,4042.5,1.5434298440979957
2025,2632056000,북구 덕천2동,평균주거인구수,12,False,04시,9709.416666666666,9503.083333333334,5727.333333333333,0.6026815858010995
2025,2632056000,북구 덕천2동,평균직장인구수,12,False,14시,4516.25,387.3333333333333,4459.833333333333,11.514199655765921
2025,2632056000,북구 덕천2동,평균방문인구수,12,False,14시,9644.25,5136.333333333333,9437.583333333334,1.8374164449347785
2025,2632056100,북구 덕천3동,평균주거인구수,12,False,03시,6307.166666666667,6180.916666666667,3627.0833333333335,0.5868196464925645
2025,2632056100,북구 덕천3동,평균직장인구수,12,False,17시,521.8333333333334,34.916666666666664,460.25,13.181384248210025
2025,2632056100,북구 덕천3동,평균방문인구수,12,False,10시,966.6666666666666,840.6666666666666,890.4166666666666,1.0591792228390167
2025,2632057100,북구 만덕1동,평균주거인구수,12,False,04시,13991.333333333334,13685.0,7182.75,0.5248629886737304
2025,2632057100,북구 만덕1동,평균직장인구수,12,False,16시,1467.1666666666667,105.75,1386.3333333333333,13.109535066981875
2025,2632057100,북구 만덕1동,평균방문인구수,12,False,14시,2689.25,1983.3333333333333,2524.3333333333335,1.2727731092436976
2025,2632057200,북구 만덕2동,평균주거인구수,12,False,04시,23612.25,23148.5,12985.333333333334,0.5609578734403238
2025,2632057200,북구 만덕2동,평균직장인구수,12,False,16시,2722.0,184.58333333333334,2474.8333333333335,13.407674943566592
2025,2632057200,북구 만덕2동,평균방문인구수,12,False,12시,3594.5833333333335,2763.5,3594.5833333333335,1.3007357819190641
2025,2632057300,북구 만덕3동,평균주거인구수,12,False,04시,15160.166666666666,14819.833333333334,7948.5,0.5363420641257773
2025,2632057300,북구 만덕3동,평균직장인구수,12,False,17시,1556.0,115.08333333333333,1261.3333333333333,10.960173787110788
2025,2632057300,북구 만덕3동,평균방문인구수,12,False,19시,2587.4166666666665,1920.8333333333333,2083.5,1.0846854663774403
2025,2635051000,해운대구 우1동,평균주거인구수,12,False,04시,21358.25,20887.333333333332,12387.833333333334,0.5930787399061633
2025,2635051000,해운대구 우1동,평균직장인구수,12,False,14시,7145.5,715.4166666666666,6985.916666666667,9.764822364589401
2025,2635051000,해운대구 우1동,평균방문인구수,12,False,12시,16522.583333333332,11858.416666666666,16522.583333333332,1.3933211994293786
2025,2635052000,해운대구 우2동,평균주거인구수,12,False,04시,24924.083333333332,24437.75,13846.5,0.5666028992030772
2025,2635052000,해운대구 우2동,평균직장인구수,12,False,14시,17443.5,593.5,16983.666666666668,28.61611906767762
2025,2635052000,해운대구 우2동,평균방문인구수,12,False,15시,28931.25,5491.916666666667,24880.666666666668,4.5304159142982865
2025,2635052500,해운대구 우3동,평균주거인구수,12,False,04시,21320.0,20959.916666666668,11182.0,0.5334944874939865
2025,2635052500,해운대구 우3동,평균직장인구수,12,False,16시,3187.5833333333335,203.58333333333334,2952.0833333333335,14.500613999181335
2025,2635052500,해운대구 우3동,평균방문인구수,12,False,19시,5468.25,3798.0,5427.5,1.4290416008425486
2025,2635053000,해운대구 중1동,평균주거인구수,12,False,04시,23044.416666666668,22518.166666666668,13057.583333333334,0.5798688466349392
2025,2635053000,해운대구 중1동,평균직장인구수,12,False,15시,7042.333333333333,455.4166666666667,6611.916666666667,14.518389752973468
2025,2635053000,해운대구 중1동,평균방문인구수,12,False,18시,15701.833333333334,10665.25,15365.333333333334,1.4406913418188354
2025,2635054000,해운대구 중2동,평균주거인구수,12,False,04시,13891.583333333334,13505.916666666666,7957.416666666667,0.5891800507185123
2025,2635054000,해운대구 중2동,평균직장인구수,12,False,16시,2038.0,147.41666666666666,1936.1666666666667,13.133973996608255
2025,2635054000,해운대구 중2동,평균방문인구수,12,False,14시,5547.666666666667,3232.9166666666665,5093.5,1.5755123082871505
2025,2635055100,해운대구 좌1동,평균주거인구수,12,False,04시,12781.083333333334,12474.75,7205.333333333333,0.5775934053454644
2025,2635055100,해운대구 좌1동,평균직장인구수,12,False,16시,3684.3333333333335,287.25,3376.5,11.754569190600522
2025,2635055100,해운대구 좌1동,평균방문인구수,12,False,19시,7419.333333333333,3713.5833333333335,6564.833333333333,1.7677894217175683
2025,2635055200,해운대구 좌2동,평균주거인구수,12,False,04시,27355.5,26714.0,15180.0,0.5682413715654713
2025,2635055200,해운대구 좌2동,평균직장인구수,12,False,16시,3501.0,202.33333333333334,3141.1666666666665,15.52471169686985
2025,2635055200,해운대구 좌2동,평균방문인구수,12,False,17시,4969.166666666667,3365.8333333333335,4457.083333333333,1.3242139143352314
2025,2635055300,해운대구 좌3동,평균주거인구수,12,False,04시,13673.25,13402.5,7748.583333333333,0.5781446247590624
2025,2635055300,해운대구 좌3동,평균직장인구수,12,False,09시,1723.8333333333333,117.16666666666667,1634.0833333333333,13.946657183499287
2025,2635055300,해운대구 좌3동,평균방문인구수,12,False,12시,3139.0,1868.1666666666667,3139.0,1.6802569363904005
2025,2635055400,해운대구 좌4동,평균주거인구수,12,False,04시,19996.75,19562.5,11171.083333333334,0.5710457933972312
2025,2635055400,해운대구 좌4동,평균직장인구수,12,False,15시,4173.333333333333,355.8333333333333,4017.9166666666665,11.291569086651053
2025,2635055400,해운대구 좌4동,평균방문인구수,12,False,10시,7402.666666666667,3790.1666666666665,6930.333333333333,1.8285035838353634
2025,2635056000,해운대구 송정동,평균주거인구수,12,False,04시,8447.083333333334,8229.25,4982.75,0.6054926026065559
2025,2635056000,해운대구 송정동,평균직장인구수,12,False,15시,3368.9166666666665,209.5,3205.5833333333335,15.301113762927606
2025,2635056000,해운대구 송정동,평균방문인구수,12,False,14시,9823.416666666666,6032.833333333333,9106.083333333334,1.5094206702212893
2025,2635057000,해운대구 반여1동,평균주거인구수,12,False,04시,33104.416666666664,32363.75,18339.666666666668,0.5666731039099816
2025,2635057000,해운대구 반여1동,평균직장인구수,12,False,16시,5131.416666666667,303.0833333333333,4872.25,16.07561176794061
2025,2635057000,해운대구 반여1동,평균방문인구수,12,False,11시,5992.833333333333,3744.25,5958.916666666667,1.59148472101667
2025,2635058000,해운대구 반여2동,평균주거인구수,12,False,04시,10471.833333333334,10265.666666666666,6466.916666666667,0.6299558398545314
2025,2635058000,해운대구 반여2동,평균직장인구수,12,False,16시,1111.0833333333333,85.33333333333333,1055.1666666666667,12.365234375000002
2025,2635058000,해운대구 반여2동,평균방문인구수,12,False,11시,2279.9166666666665,2071.0833333333335,2261.8333333333335,1.0921015571560777
2025,2635059000,해운대구 반여3동,평균주거인구수,12,False,04시,5252.333333333333,5174.0,3296.6666666666665,0.637160159773225
2025,2635059000,해운대구 반여3동,평균직장인구수,12,False,16시,533.75,29.0,489.1666666666667,16.867816091954023
2025,2635059000,해운대구 반여3동,평균방문인구수,12,False,12시,823.25,494.25,823.25,1.6656550328780981
2025,2635059500,해운대구 반여4동,평균주거인구수,12,False,04시,8556.666666666666,8364.416666666666,4394.083333333333,0.5253305171709524
2025,2635059500,해운대구 반여4동,평균직장인구수,12,False,16시,882.0,84.33333333333333,794.9166666666666,9.42588932806324
2025,2635059500,해운대구 반여4동,평균방문인구수,12,False,10시,2341.6666666666665,1978.25,2188.9166666666665,1.1064914276085764
2025,2635061000,해운대구 반송1동,평균주거인구수,12,False,04시,8370.25,8041.916666666667,5485.083333333333,0.6820616975638062
2025,2635061000,해운대구 반송1동,평균직장인구수,12,False,15시,1977.4166666666667,60.75,1929.9166666666667,31.7681755829904
2025,2635061000,해운대구 반송1동,평균방문인구수,12,False,13시,2930.75,780.1666666666666,2930.0,3.7556077761162148
2025,2635062000,해운대구 반송2동,평균주거인구수,12,False,03시,19387.0,19176.833333333332,12062.75,0.6290272116529494
2025,2635062000,해운대구 반송2동,평균직장인구수,12,False,16시,2133.6666666666665,63.25,2023.3333333333333,31.98945981554677
2025,2635062000,해운대구 반송2동,평균방문인구수,12,False,12시,2193.0,1156.0,2193.0,1.8970588235294117
2025,2635065000,해운대구 재송1동,평균주거인구수,12,False,04시,32308.583333333332,31740.75,17377.333333333332,0.5474770865002665
2025,2635065000,해운대구 재송1동,평균직장인구수,12,False,16시,6227.583333333333,446.5,5850.5,13.103023516237402
2025,2635065000,해운대구 재송1동,평균방문인구수,12,False,12시,7746.583333333333,5214.5,7746.583333333333,1.4855850672803401
2025,2635066000,해운대구 재송2동,평균주거인구수,12,False,04시,19508.166666666668,18973.833333333332,11060.166666666666,0.5829168240471526
2025,2635066000,해운대구 재송2동,평균직장인구수,12,False,16시,2394.6666666666665,142.0,2173.5,15.306338028169014
2025,2635066000,해운대구 재송2동,평균방문인구수,12,False,11시,3402.25,2533.0,3301.5,1.3033951835767865
2025,2638051000,사하구 괴정1동,평균주거인구수,12,False,04시,15274.833333333334,14981.333333333334,8767.666666666666,0.5852394090423637
2025,2638051000,사하구 괴정1동,평균직장인구수,12,False,16시,1683.1666666666667,174.83333333333334,1525.4166666666667,8.724976167778838
2025,2638051000,사하구 괴정1동,평균방문인구수,12,False,19시,3994.3333333333335,2964.9166666666665,3699.0833333333335,1.247617976896484
2025,2638052000,사하구 괴정2동,평균주거인구수,12,False,04시,11798.583333333334,11582.166666666666,6513.25,0.562351603758652
2025,2638052000,사하구 괴정2동,평균직장인구수,12,False,09시,995.3333333333334,49.666666666666664,942.0833333333334,18.96812080536913
2025,2638052000,사하구 괴정2동,평균방문인구수,12,False,12시,1410.5,967.1666666666666,1410.5,1.4583835946924006
2025,2638053000,사하구 괴정3동,평균주거인구수,12,False,04시,11097.583333333334,10920.75,6593.916666666667,0.603797053010706
2025,2638053000,사하구 괴정3동,평균직장인구수,12,False,15시,2399.0,146.33333333333334,2246.3333333333335,15.350797266514807
2025,2638053000,사하구 괴정3동,평균방문인구수,12,False,14시,4454.916666666667,2145.25,4232.166666666667,1.9728081420191899
2025,2638054000,사하구 괴정4동,평균주거인구수,12,False,04시,12003.166666666666,11779.833333333334,6516.083333333333,0.5531558171451209
2025,2638054000,사하구 괴정4동,평균직장인구수,12,False,16시,1329.75,108.91666666666667,1276.8333333333333,11.723029839326701
2025,2638054000,사하구 괴정4동,평균방문인구수,12,False,11시,2623.5833333333335,2018.1666666666667,2582.75,1.2797505987282187
2025,2638055000,사하구 당리동,평균주거인구수,12,False,04시,21686.083333333332,21340.083333333332,11985.083333333334,0.5616230801972814
2025,2638055000,사하구 당리동,평균직장인구수,12,False,16시,3817.8333333333335,244.0,3633.3333333333335,14.890710382513662
2025,2638055000,사하구 당리동,평균방문인구수,12,False,14시,6590.416666666667,3658.4166666666665,6538.416666666667,1.7872258035124486
2025,2638056100,사하구 하단1동,평균주거인구수,12,False,04시,18983.5,18543.75,10527.583333333334,0.5677159869677565
2025,2638056100,사하구 하단1동,평균직장인구수,12,False,16시,2424.3333333333335,131.58333333333334,2305.75,17.523115896136794
2025,2638056100,사하구 하단1동,평균방문인구수,12,False,14시,4471.25,2303.5,4428.25,1.9224006945951813
2025,2638056200,사하구 하단2동,평균주거인구수,12,False,04시,23045.25,22708.166666666668,13032.333333333334,0.5739051295789327
2025,2638056200,사하구 하단2동,평균직장인구수,12,False,15시,6649.666666666667,453.3333333333333,6421.833333333333,14.165808823529412
2025,2638056200,사하구 하단2동,평균방문인구수,12,False,13시,8797.25,4888.0,8714.583333333334,1.7828525641025643
2025,2638057100,사하구 신평1동,평균주거인구수,12,False,04시,14354.916666666666,14095.333333333334,8431.166666666666,0.598153053019912
2025,2638057100,사하구 신평1동,평균직장인구수,12,False,15시,3572.1666666666665,161.41666666666666,3475.6666666666665,21.532266391326793
2025,2638057100,사하구 신평1동,평균방문인구수,12,False,11시,4005.5833333333335,1994.25,3914.8333333333335,1.9630604655049937
2025,2638057200,사하구 신평2동,평균주거인구수,12,False,04시,15462.666666666666,15175.333333333334,8102.916666666667,0.533953125686421
2025,2638057200,사하구 신평2동,평균직장인구수,12,False,16시,3689.5833333333335,157.0,3554.6666666666665,22.641188959660298
2025,2638057200,사하구 신평2동,평균방문인구수,12,False,14시,4124.833333333333,1999.6666666666667,4072.5,2.0365894315719286
2025,2638058000,사하구 장림1동,평균주거인구수,12,False,04시,11694.083333333334,11486.583333333334,6692.5,0.5826362640471855
2025,2638058000,사하구 장림1동,평균직장인구수,12,False,15시,4426.666666666667,195.33333333333334,4392.083333333333,22.485068259385663
2025,2638058000,사하구 장림1동,평균방문인구수,12,False,12시,4661.416666666667,2368.5,4661.416666666667,1.9680881007670117
2025,2638059000,사하구 장림2동,평균주거인구수,12,False,04시,22040.0,21631.583333333332,12271.166666666666,0.5672800958475069
2025,2638059000,사하구 장림2동,평균직장인구수,12,False,15시,4547.0,208.08333333333334,4496.75,21.610332398878654
2025,2638059000,사하구 장림2동,평균방문인구수,12,False,11시,5532.666666666667,2826.5833333333335,5450.583333333333,1.9283292549898285
2025,2638060100,사하구 다대1동,평균주거인구수,12,False,04시,33324.916666666664,32952.333333333336,19989.916666666668,0.6066312957099649
2025,2638060100,사하구 다대1동,평균직장인구수,12,False,16시,6301.0,175.16666666666666,6124.75,34.96527117031399
2025,2638060100,사하구 다대1동,평균방문인구수,12,False,14시,6731.333333333333,2388.8333333333335,6255.75,2.6187469476034324
2025,2638060200,사하구 다대2동,평균주거인구수,12,False,04시,24751.583333333332,24492.25,14569.166666666666,0.5948480301592
2025,2638060200,사하구 다대2동,평균직장인구수,12,False,16시,3517.75,119.66666666666667,3271.0833333333335,27.334958217270195
2025,2638060200,사하구 다대2동,평균방문인구수,12,False,12시,3441.0,1649.25,3441.0,2.0864029104138244
2025,2638061000,사하구 구평동,평균주거인구수,12,False,04시,10714.333333333334,10502.75,5715.333333333333,0.5441749383098077
2025,2638061000,사하구 구평동,평균직장인구수,12,False,09시,3273.1666666666665,94.25,3165.1666666666665,33.582670203359854
2025,2638061000,사하구 구평동,평균방문인구수,12,False,10시,3272.9166666666665,1158.0,3135.4166666666665,2.707613701784686
2025,2638062000,사하구 감천1동,평균주거인구수,12,False,04시,15669.333333333334,15444.083333333334,9349.333333333334,0.6053666722423366
2025,2638062000,사하구 감천1동,평균직장인구수,12,False,15시,3116.5833333333335,161.66666666666666,3060.4166666666665,18.93041237113402
2025,2638062000,사하구 감천1동,평균방문인구수,12,False,11시,3904.0,1668.6666666666667,3847.0833333333335,2.3054834198961247
2025,2638063000,사하구 감천2동,평균주거인구수,12,False,03시,4106.166666666667,4038.9166666666665,2686.25,0.6650917118864382
2025,2638063000,사하구 감천2동,평균직장인구수,12,False,16시,435.4166666666667,13.0,419.9166666666667,32.30128205128205
2025,2638063000,사하구 감천2동,평균방문인구수,12,False,14시,923.5,282.5833333333333,871.25,3.083161309348275
2025,2641051000,금정구 서1동,평균주거인구수,12,False,04시,3810.9166666666665,3731.0,2343.4166666666665,0.6280934512641829
2025,2641051000,금정구 서1동,평균직장인구수,12,False,16시,545.4166666666666,30.25,510.9166666666667,16.889807162534435
2025,2641051000,금정구 서1동,평균방문인구수,12,False,11시,1031.4166666666667,636.9166666666666,1001.0,1.5716341750621485
2025,2641052000,금정구 서2동,평균주거인구수,12,False,04시,5896.583333333333,5758.666666666667,3479.5833333333335,0.6042341977309562
2025,2641052000,금정구 서2동,평균직장인구수,12,False,16시,1147.0,99.66666666666667,1036.9166666666667,10.403846153846153
2025,2641052000,금정구 서2동,평균방문인구수,12,False,19시,2153.25,1667.8333333333333,1870.0833333333333,1.1212651144199062
2025,2641053000,금정구 서3동,평균주거인구수,12,False,04시,8160.5,7946.083333333333,5307.583333333333,0.667949618784936
2025,2641053000,금정구 서3동,평균직장인구수,12,False,15시,1447.6666666666667,80.91666666666667,1411.75,17.446961894953656
2025,2641053000,금정구 서3동,평균방문인구수,12,False,12시,2359.5,1207.3333333333333,2359.5,1.9543070127001658
2025,2641055500,금정구 금사회동동,평균주거인구수,12,False,04시,5686.833333333333,5558.833333333333,3587.0833333333335,0.6452942763769377
2025,2641055500,금정구 금사회동동,평균직장인구수,12,False,10시,5330.916666666667,196.75,5265.25,26.761118170266837
2025,2641055500,금정구 금사회동동,평균방문인구수,12,False,11시,4994.666666666667,1883.8333333333333,4924.25,2.6139520481288154
2025,2641057000,금정구 부곡1동,평균주거인구수,12,False,04시,6524.25,6390.333333333333,3734.0833333333335,0.5843331072974807
2025,2641057000,금정구 부곡1동,평균직장인구수,12,False,14시,942.5833333333334,66.75,928.25,13.906367041198502
2025,2641057000,금정구 부곡1동,평균방문인구수,12,False,11시,1530.1666666666667,1084.3333333333333,1494.1666666666667,1.3779588072548419
2025,2641058000,금정구 부곡2동,평균주거인구수,12,False,04시,15278.416666666666,14897.0,8368.75,0.5617741827213533
2025,2641058000,금정구 부곡2동,평균직장인구수,12,False,10시,3622.25,195.33333333333334,3554.0833333333335,18.19496587030717
2025,2641058000,금정구 부곡2동,평균방문인구수,12,False,11시,4693.666666666667,2931.3333333333335,4692.25,1.6007220832385716
2025,2641059000,금정구 부곡3동,평균주거인구수,12,False,04시,13002.666666666666,12727.666666666666,7316.0,0.5748107796663436
2025,2641059000,금정구 부곡3동,평균직장인구수,12,False,11시,3848.6666666666665,162.58333333333334,3769.75,23.186570989236287
2025,2641059000,금정구 부곡3동,평균방문인구수,12,False,13시,5388.5,1699.5,5270.666666666667,3.1013043051878006
2025,2641059100,금정구 부곡4동,평균주거인구수,12,False,04시,7590.916666666667,7398.25,4062.6666666666665,0.5491388729316617
2025,2641059100,금정구 부곡4동,평균직장인구수,12,False,16시,1032.5833333333333,84.08333333333333,920.25,10.944499504459863
2025,2641059100,금정구 부곡4동,평균방문인구수,12,False,19시,2639.5833333333335,1828.5833333333333,2329.3333333333335,1.273845873399262
2025,2641060000,금정구 장전1동,평균주거인구수,12,False,04시,15911.166666666666,15342.416666666666,8981.0,0.5853706228375583
2025,2641060000,금정구 장전1동,평균직장인구수,12,False,16시,2854.5,160.33333333333334,2715.4166666666665,16.936070686070686
2025,2641060000,금정구 장전1동,평균방문인구수,12,False,12시,4842.833333333333,2876.4166666666665,4842.833333333333,1.6836341512877713
2025,2641061000,금정구 장전2동,평균주거인구수,12,False,04시,22660.916666666668,22278.916666666668,12412.75,0.5571523151559583
2025,2641061000,금정구 장전2동,평균직장인구수,12,False,15시,9327.916666666666,838.5833333333334,8402.75,10.020172910662824
2025,2641061000,금정구 장전2동,평균방문인구수,12,False,15시,13296.416666666666,5846.166666666667,11631.333333333334,1.9895658123556748
2025,2641063500,금정구 선두구동,평균주거인구수,12,False,05시,1531.3333333333333,1505.4166666666667,943.1666666666666,0.6265153611956822
2025,2641063500,금정구 선두구동,평균직장인구수,12,False,13시,819.75,33.583333333333336,802.5833333333334,23.898263027295286
2025,2641063500,금정구 선두구동,평균방문인구수,12,False,12시,3220.9166666666665,468.5833333333333,3220.9166666666665,6.873732882802774
2025,2641066500,금정구 청룡노포동,평균주거인구수,12,False,04시,7669.916666666667,7538.083333333333,4664.916666666667,0.6188465237626718
2025,2641066500,금정구 청룡노포동,평균직장인구수,12,False,13시,2012.25,83.41666666666667,1973.3333333333333,23.656343656343655
2025,2641066500,금정구 청룡노포동,평균방문인구수,12,False,12시,6937.666666666667,1263.0833333333333,6937.666666666667,5.492643662993997
2025,2641067000,금정구 남산동,평균주거인구수,12,False,04시,20703.25,20415.333333333332,12084.916666666666,0.5919529438657218
2025,2641067000,금정구 남산동,평균직장인구수,12,False,15시,3867.0,292.3333333333333,3735.75,12.779076396807298
2025,2641067000,금정구 남산동,평균방문인구수,12,False,12시,6339.833333333333,4073.9166666666665,6339.833333333333,1.5562010350399902
2025,2641068000,금정구 구서1동,평균주거인구수,12,False,04시,11916.833333333334,11725.083333333334,6431.0,0.5484822424858388
2025,2641068000,금정구 구서1동,평균직장인구수,12,False,15시,2902.4166666666665,173.58333333333334,2805.1666666666665,16.160345655304848
2025,2641068000,금정구 구서1동,평균방문인구수,12,False,19시,4578.25,2186.25,4223.25,1.9317324185248714
2025,2641069000,금정구 구서2동,평균주거인구수,12,False,04시,26419.416666666668,26004.166666666668,14351.333333333334,0.5518859157186349
2025,2641069000,금정구 구서2동,평균직장인구수,12,False,16시,3590.6666666666665,363.9166666666667,3288.25,9.03572246393405
2025,2641069000,금정구 구서2동,평균방문인구수,12,False,11시,8453.5,7317.666666666667,8339.083333333334,1.1395822894365235
2025,2641070000,금정구 금성동,평균주거인구수,12,False,03시,822.8333333333334,804.75,489.9166666666667,0.6087811949880916
2025,2641070000,금정구 금성동,평균직장인구수,12,False,14시,236.75,11.416666666666666,231.25,20.255474452554747
2025,2641070000,금정구 금성동,평균방문인구수,12,False,13시,1891.1666666666667,273.1666666666667,1674.75,6.130872483221476
2025,2644051000,강서구 대저1동,평균주거인구수,12,False,05시,5540.666666666667,5498.333333333333,3834.4166666666665,0.6973779933313126
2025,2644051000,강서구 대저1동,평균직장인구수,12,False,13시,6529.916666666667,215.66666666666666,6444.083333333333,29.87982998454405
2025,2644051000,강서구 대저1동,평균방문인구수,12,False,13시,6914.166666666667,1419.4166666666667,6880.5,4.847413843715141
2025,2644052000,강서구 대저2동,평균주거인구수,12,False,05시,6242.0,6121.0,4169.583333333333,0.6811931601590153
2025,2644052000,강서구 대저2동,평균직장인구수,12,False,13시,9928.75,363.4166666666667,9811.166666666666,26.99701903233203
2025,2644052000,강서구 대저2동,평균방문인구수,12,False,12시,23902.75,10254.5,23902.75,2.33095226485933
2025,2644053000,강서구 강동동,평균주거인구수,12,False,05시,5101.25,5011.25,2967.75,0.5922175106011475
2025,2644053000,강서구 강동동,평균직장인구수,12,False,10시,2107.0833333333335,73.58333333333333,2063.25,28.039637599094
2025,2644053000,강서구 강동동,평균방문인구수,12,False,13시,3787.6666666666665,1221.3333333333333,3729.75,3.0538346069868996
2025,2644053500,강서구 명지1동,평균주거인구수,12,False,04시,46312.583333333336,45831.0,25898.583333333332,0.5650887681554697
2025,2644053500,강서구 명지1동,평균직장인구수,12,False,16시,10381.416666666666,459.4166666666667,9707.666666666666,21.13041900961364
2025,2644053500,강서구 명지1동,평균방문인구수,12,False,14시,11806.333333333334,4441.833333333333,11191.583333333334,2.5195865070729058
2025,2644054500,강서구 명지2동,평균주거인구수,12,False,04시,25667.0,25358.833333333332,14147.333333333334,0.5578858123073486
2025,2644054500,강서구 명지2동,평균직장인구수,12,False,16시,4680.333333333333,214.33333333333334,4384.083333333333,20.454510108864696
2025,2644054500,강서구 명지2동,평균방문인구수,12,False,12시,4647.75,2197.0,4647.75,2.115498406918525
2025,2644055000,강서구 가락동,평균주거인구수,12,False,04시,1905.1666666666667,1883.0833333333333,1350.5,0.7171748462185246
2025,2644055000,강서구 가락동,평균직장인구수,12,False,13시,1612.0833333333333,48.583333333333336,1595.6666666666667,32.843910806174954
2025,2644055000,강서구 가락동,평균방문인구수,12,False,14시,2469.25,389.4166666666667,2314.75,5.944147228760967
2025,2644056000,강서구 녹산동,평균주거인구수,12,False,05시,16832.583333333332,16416.416666666668,10442.583333333334,0.636106133595943
2025,2644056000,강서구 녹산동,평균직장인구수,12,False,10시,26923.833333333332,859.5,26489.833333333332,30.820050416909055
2025,2644056000,강서구 녹산동,평균방문인구수,12,False,13시,19782.833333333332,4964.75,19323.416666666668,3.892122799066754
2025,2644058000,강서구 가덕도동,평균주거인구수,12,False,02시,3378.0,3343.6666666666665,2368.5,0.708354102282923
2025,2644058000,강서구 가덕도동,평균직장인구수,12,False,13시,1451.8333333333333,128.16666666666666,1417.9166666666667,11.063068920676205
2025,2644058000,강서구 가덕도동,평균방문인구수,12,False,14시,5603.666666666667,2146.25,5321.416666666667,2.479402057852844
2025,2644059000, ,평균주거인구수,10,True,03시,9706.2,9597.2,5245.2,0.5465344058683782
2025,2644059000, ,평균직장인구수,10,True,15시,2254.8,260.1,2031.6,7.810841983852363
2025,2644059000, ,평균방문인구수,10,True,12시,2842.4,1918.9,2842.4,1.481265308249518
2025,2647061000,연제구 거제1동,평균주거인구수,12,False,04시,21872.25,21446.583333333332,11823.916666666666,0.5513193632241343
2025,2647061000,연제구 거제1동,평균직장인구수,12,False,14시,9015.166666666666,348.25,8678.666666666666,24.920794448432638
2025,2647061000,연제구 거제1동,평균방문인구수,12,False,14시,9289.833333333334,3637.8333333333335,9071.25,2.4935859256883677
2025,2647062000,연제구 거제2동,평균주거인구수,12,False,04시,20636.5,20261.916666666668,10230.166666666666,0.5048962955955959
2025,2647062000,연제구 거제2동,평균직장인구수,12,False,15시,3474.25,196.66666666666666,3261.5,16.583898305084748
2025,2647062000,연제구 거제2동,평균방문인구수,12,False,14시,6751.0,2827.8333333333335,6517.75,2.3048564861201153
2025,2647063000,연제구 거제3동,평균주거인구수,12,False,04시,7067.583333333333,6849.583333333333,3993.3333333333335,0.5830038323498997
2025,2647063000,연제구 거제3동,평균직장인구수,12,False,16시,1552.8333333333333,134.16666666666666,1423.25,10.608074534161492
2025,2647063000,연제구 거제3동,평균방문인구수,12,False,13시,7024.0,4205.25,6789.333333333333,1.614489824227652
2025,2647064000,연제구 거제4동,평균주거인구수,12,False,04시,8709.583333333334,8514.75,4608.083333333333,0.5411883300547089
2025,2647064000,연제구 거제4동,평균직장인구수,12,False,09시,1019.0833333333334,108.25,956.4166666666666,8.835257890685142
2025,2647064000,연제구 거제4동,평균방문인구수,12,False,23시,2528.75,2450.0833333333335,2179.5833333333335,0.8895955919866672
2025,2647065000,연제구 연산1동,평균주거인구수,12,False,04시,12296.166666666666,12008.416666666666,6700.0,0.5579419990145801
2025,2647065000,연제구 연산1동,평균직장인구수,12,False,15시,2771.25,185.75,2610.5,14.053835800807537
2025,2647065000,연제구 연산1동,평균방문인구수,12,False,14시,4412.25,2576.1666666666665,4332.0,1.681568221517759
2025,2647066000,연제구 연산2동,평균주거인구수,12,False,04시,18970.5,18447.5,9828.083333333334,0.5327596331932963
2025,2647066000,연제구 연산2동,평균직장인구수,12,False,15시,4216.75,371.0833333333333,4000.4166666666665,10.780372782393892
2025,2647066000,연제구 연산2동,평균방문인구수,12,False,14시,10770.333333333334,8601.416666666666,10462.166666666666,1.2163306432079988
2025,2647067000,연제구 연산3동,평균주거인구수,12,False,04시,4735.166666666667,4622.25,2673.0833333333335,0.578307822669335
2025,2647067000,연제구 연산3동,평균직장인구수,12,False,09시,423.0,32.583333333333336,403.6666666666667,12.388746803069054
2025,2647067000,연제구 연산3동,평균방문인구수,12,False,10시,800.0,750.25,772.25,1.0293235588137288
2025,2647068000,연제구 연산4동,평균주거인구수,12,False,04시,14373.0,14077.5,8507.583333333334,0.6043390753566567
2025,2647068000,연제구 연산4동,평균직장인구수,12,False,16시,3205.5,251.66666666666666,3006.5,11.94635761589404
2025,2647068000,연제구 연산4동,평균방문인구수,12,False,19시,8864.5,5716.333333333333,8280.166666666666,1.4485101172080004
2025,2647069000,연제구 연산5동,평균주거인구수,12,False,04시,11558.833333333334,11164.75,6607.333333333333,0.5918030706763101
2025,2647069000,연제구 연산5동,평균직장인구수,12,False,15시,5047.583333333333,267.5833333333333,4883.916666666667,18.251946434132673
2025,2647069000,연제구 연산5동,평균방문인구수,12,False,14시,6310.333333333333,3677.0,6202.333333333333,1.6867917686519807
2025,2647070000,연제구 연산6동,평균주거인구수,12,False,04시,11583.166666666666,11290.333333333334,6941.0,0.6147737002155236
2025,2647070000,연제구 연산6동,평균직장인구수,12,False,16시,1755.1666666666667,192.58333333333334,1684.0833333333333,8.74469926438771
2025,2647070000,연제구 연산6동,평균방문인구수,12,False,11시,5217.333333333333,4387.583333333333,5105.833333333333,1.1637005944806367
2025,2647072000,연제구 연산8동,평균주거인구수,12,False,04시,7747.75,7564.0,4512.583333333333,0.5965869028732592
2025,2647072000,연제구 연산8동,평균직장인구수,12,False,13시,1189.3333333333333,116.16666666666667,1166.8333333333333,10.044476327116211
2025,2647072000,연제구 연산8동,평균방문인구수,12,False,11시,3533.1666666666665,3243.1666666666665,3532.5833333333335,1.089238912585436
2025,2647073000,연제구 연산9동,평균주거인구수,12,False,04시,29247.75,28679.083333333332,16482.25,0.5747132782602884
2025,2647073000,연제구 연산9동,평균직장인구수,12,False,16시,4781.416666666667,269.5,4459.666666666667,16.54792826221398
2025,2647073000,연제구 연산9동,평균방문인구수,12,False,14시,6121.25,3654.0833333333335,6074.333333333333,1.6623412164473532
2025,2650066000,수영구 남천1동,평균주거인구수,12,False,04시,13554.916666666666,13231.666666666666,7657.5,0.5787252802619978
2025,2650066000,수영구 남천1동,평균직장인구수,12,False,16시,5004.666666666667,379.5,4690.5,12.359683794466402
2025,2650066000,수영구 남천1동,평균방문인구수,12,False,14시,8749.416666666666,4046.25,8561.5,2.115909793018227
2025,2650067000,수영구 남천2동,평균주거인구수,12,False,04시,8858.0,8618.0,4600.0,0.5337665351589695
2025,2650067000,수영구 남천2동,평균직장인구수,12,False,16시,1074.0833333333333,105.75,1000.0,9.456264775413711
2025,2650067000,수영구 남천2동,평균방문인구수,12,False,19시,3773.0,2693.75,3439.6666666666665,1.276906419180201
2025,2650073000,수영구 수영동,평균주거인구수,12,False,04시,12596.916666666666,12286.583333333334,7490.916666666667,0.6096826484173116
2025,2650073000,수영구 수영동,평균직장인구수,12,False,16시,2337.3333333333335,162.25,2142.9166666666665,13.20749871597329
2025,2650073000,수영구 수영동,평균방문인구수,12,False,15시,4375.75,2669.0,4217.916666666667,1.5803359560384664
2025,2650074000,수영구 망미1동,평균주거인구수,12,False,04시,23482.25,23058.916666666668,13769.333333333334,0.597137043876736
2025,2650074000,수영구 망미1동,평균직장인구수,12,False,16시,3218.8333333333335,196.83333333333334,2927.6666666666665,14.873835732430143
2025,2650074000,수영구 망미1동,평균방문인구수,12,False,14시,4385.5,2887.0833333333335,4250.666666666667,1.4723048058882955
2025,2650075000,수영구 망미2동,평균주거인구수,12,False,04시,7592.416666666667,7376.833333333333,4100.0,0.555794039899686
2025,2650075000,수영구 망미2동,평균직장인구수,12,False,15시,1050.9166666666667,81.58333333333333,944.5833333333334,11.578140960163433
2025,2650075000,수영구 망미2동,평균방문인구수,12,False,15시,3148.1666666666665,2008.0,2893.4166666666665,1.4409445551128817
2025,2650076000,수영구 광안1동,평균주거인구수,12,False,05시,15409.416666666666,14872.916666666666,8673.166666666666,0.5831517019190363
2025,2650076000,수영구 광안1동,평균직장인구수,12,False,16시,2139.0833333333335,163.83333333333334,1984.1666666666667,12.110885045778229
2025,2650076000,수영구 광안1동,평균방문인구수,12,False,11시,3813.5833333333335,2616.0,3808.8333333333335,1.4559760448521917
2025,2650077000,수영구 광안2동,평균주거인구수,12,False,04시,14131.083333333334,13696.166666666666,8218.5,0.6000584105041556
2025,2650077000,수영구 광안2동,평균직장인구수,12,False,15시,3401.1666666666665,264.5,3279.25,12.397920604914933
2025,2650077000,수영구 광안2동,평균방문인구수,12,False,20시,9040.666666666666,6134.25,7611.333333333333,1.2407928162910433
2025,2650078000,수영구 광안3동,평균주거인구수,12,False,05시,8180.916666666667,7938.333333333333,4894.75,0.6165966827629645
2025,2650078000,수영구 광안3동,평균직장인구수,12,False,16시,2074.5,188.41666666666666,1953.0,10.365325077399381
2025,2650078000,수영구 광안3동,평균방문인구수,12,False,19시,5786.833333333333,3936.3333333333335,4981.083333333333,1.265411973918198
2025,2650079000,수영구 광안4동,평균주거인구수,12,False,03시,10837.166666666666,10468.0,5876.916666666667,0.5614173353712903
2025,2650079000,수영구 광안4동,평균직장인구수,12,False,14시,1659.6666666666667,168.0,1635.25,9.733630952380953
2025,2650079000,수영구 광안4동,평균방문인구수,12,False,11시,5407.166666666667,4509.083333333333,5209.083333333333,1.1552421963074535
2025,2650080000,수영구 민락동,평균주거인구수,12,False,04시,23955.583333333332,23335.0,13805.25,0.5916113134776088
2025,2650080000,수영구 민락동,평균직장인구수,12,False,16시,4111.916666666667,317.25,3760.3333333333335,11.85290254793801
2025,2650080000,수영구 민락동,평균방문인구수,12,False,20시,13094.916666666666,7535.833333333333,9290.833333333334,1.232887316156143
2025,2653058000,사상구 삼락동,평균주거인구수,12,False,05시,3949.1666666666665,3831.3333333333335,2493.5,0.6508178179919958
2025,2653058000,사상구 삼락동,평균직장인구수,12,False,13시,3853.25,182.83333333333334,3813.3333333333335,20.856882406563354
2025,2653058000,사상구 삼락동,평균방문인구수,12,False,14시,4566.75,2515.3333333333335,4350.75,1.7296912271402067
2025,2653059100,사상구 모라1동,평균주거인구수,12,False,04시,22688.166666666668,22325.75,12805.666666666666,0.5735828210325148
2025,2653059100,사상구 모라1동,평균직장인구수,12,False,16시,5832.833333333333,238.75,5761.0,24.129842931937173
2025,2653059100,사상구 모라1동,평균방문인구수,12,False,12시,5427.25,2542.4166666666665,5427.25,2.134681569372972
2025,2653059300,사상구 모라3동,평균주거인구수,12,False,03시,8847.25,8723.583333333334,5684.333333333333,0.6516053227362608
2025,2653059300,사상구 모라3동,평균직장인구수,12,False,15시,1035.9166666666667,69.66666666666667,1002.5833333333334,14.39114832535885
2025,2653059300,사상구 모라3동,평균방문인구수,12,False,10시,1924.4166666666667,920.4166666666666,1804.0,1.9599818922589407
2025,2653060000,사상구 덕포1동,평균주거인구수,12,False,03시,8945.416666666666,8799.5,4937.0,0.5610546053753054
2025,2653060000,사상구 덕포1동,평균직장인구수,12,False,16시,1498.5833333333333,95.33333333333333,1400.75,14.693181818181818
2025,2653060000,사상구 덕포1동,평균방문인구수,12,False,19시,2261.6666666666665,1461.3333333333333,2249.3333333333335,1.539233576642336
2025,2653061000,사상구 덕포2동,평균주거인구수,12,False,04시,10930.166666666666,10670.166666666666,6080.75,0.5698833195357773
2025,2653061000,사상구 덕포2동,평균직장인구수,12,False,15시,3318.5833333333335,151.08333333333334,3248.75,21.50303364589079
2025,2653061000,사상구 덕포2동,평균방문인구수,12,False,14시,4267.75,1954.5,4024.8333333333335,2.059264944145988
2025,2653062000,사상구 괘법동,평균주거인구수,12,False,04시,21129.833333333332,20801.166666666668,11225.5,0.5396572307643
2025,2653062000,사상구 괘법동,평균직장인구수,12,False,15시,7262.0,373.8333333333333,7036.166666666667,18.82166740971913
2025,2653062000,사상구 괘법동,평균방문인구수,12,False,14시,11761.833333333334,5728.5,11170.166666666666,1.9499287189782082
2025,2653064500,사상구 감전동,평균주거인구수,12,False,04시,9031.0,8751.083333333334,5678.0,0.648833953891423
2025,2653064500,사상구 감전동,평균직장인구수,12,False,11시,7878.5,232.75,7770.0,33.38345864661654
2025,2653064500,사상구 감전동,평균방문인구수,12,False,11시,6254.0,2300.8333333333335,6162.75,2.6784860557768924
2025,2653065000,사상구 주례1동,평균주거인구수,12,False,04시,14955.416666666666,14712.833333333334,8130.333333333333,0.552601470371671
2025,2653065000,사상구 주례1동,평균직장인구수,12,False,15시,3450.75,149.0,3341.3333333333335,22.425055928411634
2025,2653065000,사상구 주례1동,평균방문인구수,12,False,11시,4359.333333333333,1964.0833333333333,4227.416666666667,2.1523611523611526
2025,2653066000,사상구 주례2동,평균주거인구수,12,False,04시,19750.75,19336.583333333332,10805.416666666666,0.5588069246980033
2025,2653066000,사상구 주례2동,평균직장인구수,12,False,14시,4469.0,274.0833333333333,4371.916666666667,15.951048951048953
2025,2653066000,사상구 주례2동,평균방문인구수,12,False,12시,6460.5,3489.8333333333335,6460.5,1.851234538421128
2025,2653066100,사상구 주례3동,평균주거인구수,12,False,04시,5621.666666666667,5472.0,3051.0833333333335,0.5575810185185186
2025,2653066100,사상구 주례3동,평균직장인구수,12,False,15시,1033.5833333333333,67.41666666666667,973.6666666666666,14.442521631644004
2025,2653066100,사상구 주례3동,평균방문인구수,12,False,14시,1652.75,886.0833333333334,1587.3333333333333,1.791404119251387
2025,2653067000,사상구 학장동,평균주거인구수,12,False,04시,18371.916666666668,18077.0,10903.583333333334,0.603174383655105
2025,2653067000,사상구 학장동,평균직장인구수,12,False,10시,5761.75,290.0833333333333,5666.416666666667,19.533754668198796
2025,2653067000,사상구 학장동,평균방문인구수,12,False,11시,6389.666666666667,3931.5,6190.416666666667,1.5745686548815125
2025,2653068000,사상구 엄궁동,평균주거인구수,12,False,04시,22416.583333333332,21754.25,12390.25,0.569555374237218
2025,2653068000,사상구 엄궁동,평균직장인구수,12,False,16시,4163.0,124.16666666666667,3993.3333333333335,32.16107382550336
2025,2653068000,사상구 엄궁동,평균방문인구수,12,False,12시,4453.25,1721.1666666666667,4453.25,2.5873438559116875
2025,2671025000,기장군 기장읍,평균주거인구수,12,False,04시,50399.5,49931.666666666664,31739.916666666668,0.6356670783403986
2025,2671025000,기장군 기장읍,평균직장인구수,12,False,16시,12888.25,421.0833333333333,12510.166666666666,29.70947951711854
2025,2671025000,기장군 기장읍,평균방문인구수,12,False,14시,28296.916666666668,7338.166666666667,23797.416666666668,3.242964864066865
2025,2671025300,기장군 장안읍,평균주거인구수,12,False,04시,7484.666666666667,7385.0,4937.5,0.6685849695328369
2025,2671025300,기장군 장안읍,평균직장인구수,12,False,13시,9532.25,380.25,9424.916666666666,24.786105632259478
2025,2671025300,기장군 장안읍,평균방문인구수,12,False,14시,13147.25,2706.5833333333335,11752.583333333334,4.342221127497767
2025,2671025600,기장군 정관읍,평균주거인구수,12,False,04시,74372.08333333333,73853.16666666667,45598.583333333336,0.6174221823031736
2025,2671025600,기장군 정관읍,평균직장인구수,12,False,16시,14924.833333333334,404.0,14547.0,36.007425742574256
2025,2671025600,기장군 정관읍,평균방문인구수,12,False,14시,10656.916666666666,4475.166666666667,10259.916666666666,2.2926334214740605
2025,2671025900,기장군 일광읍,평균주거인구수,12,False,04시,26073.416666666668,25784.583333333332,14348.166666666666,0.5564630027632791
2025,2671025900,기장군 일광읍,평균직장인구수,12,False,16시,4788.666666666667,198.5,4557.5,22.95969773299748
2025,2671025900,기장군 일광읍,평균방문인구수,12,False,13시,10398.75,3268.0833333333335,9620.0,2.943621388683479
2025,2671033000,기장군 철마면,평균주거인구수,12,False,04시,5898.0,5824.0,3746.6666666666665,0.6433150183150182
2025,2671033000,기장군 철마면,평균직장인구수,12,False,14시,1659.4166666666667,52.333333333333336,1620.0,30.955414012738853
2025,2671033000,기장군 철마면,평균방문인구수,12,False,13시,4569.833333333333,725.9166666666666,4485.083333333333,6.178509929973597
