district,type,subtype,countP,districtDenominator,pctDistrict,pctRestBusan,withinTypePct,aboveRestConditions,withinTypeAboveRestConditions,aboveRestYears,observedYears,2020,2021,2022,2023,2024,districtTypeCountRank,largestRawNames,largestRawNameCount,childState,districtTotalRank,pooledCountRank,rankWithout2020,rankWithout2021,rankWithout2022,rankWithout2023,rankWithout2024,withoutYearBestRank,withoutYearWorstRank,withoutYearTop10Count,largestYearSharePct,typeCountRankAcrossDistricts
부산진구,구급,질병외,22421,64059,35.000546371313945,33.84845656227948,41.02352984228053,6,6,5,5,2968,3780,5038,5051,5584,1,부전동,4625,선택 조건 접수 있음,1,1,1,1,1,1,2,1,2,5,24.905222782213105,1
부산진구,구급,질병,21439,64059,33.467584570474095,34.41808157778605,39.22677205694002,0,0,0,5,4371,4505,4894,4432,3237,1,부전동,3420,선택 조건 접수 있음,1,2,2,2,2,2,1,1,2,5,22.827557255469006,1
부산진구,구급,부상,4894,64059,7.639832029847485,7.652213524984392,8.9545138507703,4,4,1,5,875,940,1037,1069,973,1,부전동,1178,선택 조건 접수 있음,1,3,3,3,3,3,3,3,3,5,21.843073150796894,1
부산진구,구급,교통사고,3164,64059,4.939196678062411,4.440878780298824,5.789146265598126,6,6,5,5,696,730,604,599,535,1,부전동,723,선택 조건 접수 있음,1,4,4,4,4,4,4,4,4,5,23.072060682680153,1
부산진구,기타,화재확인출동,2111,64059,3.2953995535365834,2.636218877547908,57.25522104692162,6,6,5,5,205,373,372,557,604,1,부전동,557,선택 조건 접수 있음,1,5,5,5,5,5,5,5,5,5,28.612032212221695,1
부산진구,구급,심정지,1312,64059,2.048111896845096,2.2522659931222,2.4005562264427125,0,0,0,5,212,233,284,278,305,1,개금동,208,선택 조건 접수 있음,1,6,6,6,6,7,8,6,8,5,23.246951219512198,1
부산진구,구조,시건개방,1297,64059,2.024695983390312,1.9063423403636568,28.374535112666813,6,6,5,5,248,241,279,266,263,1,부전동,195,선택 조건 접수 있음,1,7,7,7,7,8,7,7,8,5,21.51117964533539,1
부산진구,기타,기타출동,1203,64059,1.8779562590736665,1.5833989185055937,32.628152969894224,3,0,4,5,340,337,273,124,129,1,전포동,259,선택 조건 접수 있음,1,8,8,8,8,6,6,6,8,5,28.262676641729012,1
부산진구,구조,E/V사고,884,64059,1.379977832935263,1.1246077599969089,19.33931306059943,6,6,5,5,133,149,178,210,214,1,부전동,202,선택 조건 접수 있음,1,9,9,9,9,9,9,9,9,5,24.20814479638009,1
부산진구,구조,동물구조,739,64059,1.153624002872352,1.52055917206092,16.16714066943776,0,0,0,5,143,155,129,163,149,4,초읍동,113,선택 조건 접수 있음,1,10,10,10,10,10,10,10,10,5,22.056833558863328,4
부산진구,구조,기타안전사고,691,64059,1.0786930798170435,1.226086832734424,15.11704222270838,0,3,0,5,128,113,148,152,150,2,부전동,124,선택 조건 접수 있음,1,11,11,11,11,11,11,11,11,0,21.99710564399421,2
부산진구,구급,구급기타,542,64059,0.8460950061661905,1.1378264768865651,0.9916931972042302,0,0,0,5,28,199,248,60,7,4,개금동,77,선택 조건 접수 있음,1,12,12,13,13,12,12,12,13,0,45.75645756457565,4
부산진구,화재,기타화재,433,64059,0.6759393683947611,0.719911658298202,37.75065387968614,0,3,2,5,86,72,109,71,95,2,부전동,119,선택 조건 접수 있음,1,13,13,12,12,13,13,12,13,0,25.17321016166282,2
부산진구,화재,"고층건물(3층이상,아파트)",344,64059,0.5370049485630435,0.4431320631163226,29.99128160418483,6,6,5,5,66,66,61,82,69,1,부전동,93,선택 조건 접수 있음,1,14,14,14,14,14,15,14,15,0,23.837209302325583,1
부산진구,구조,교통사고,313,64059,0.4886120607564901,0.817120068655982,6.8475169547145045,0,0,0,5,65,56,67,51,74,6,전포동,48,선택 조건 접수 있음,1,15,15,15,16,14,16,14,16,0,23.642172523961662,6
부산진구,구조,자연재해,309,64059,0.4823678171685477,0.5078020934380255,6.760008750820389,0,3,1,5,135,70,26,55,23,2,부전동,64,선택 조건 접수 있음,1,16,18,16,14,16,14,14,18,0,43.689320388349515,2
부산진구,구급,사고부상,242,64059,0.3777767370705131,0.4038826421978048,0.4427855234749515,1,0,1,5,103,60,41,26,12,1,부전동,65,선택 조건 접수 있음,1,17,20,18,18,17,17,17,20,0,42.561983471074385,1
부산진구,화재,일반화재(주택),235,64059,0.366849310791614,0.4423186036154207,20.48823016564952,0,4,1,5,53,58,33,44,47,1,부전동,34,선택 조건 접수 있음,1,18,17,19,17,18,18,17,19,0,24.680851063829788,1
부산진구,구급,약물중독,201,64059,0.3137732402941039,0.3188761243535539,0.3677681413986167,3,2,2,5,38,30,39,48,46,1,당감동,32,선택 조건 접수 있음,1,19,19,20,20,19,19,19,20,0,23.88059701492537,1
부산진구,구급,U안심폰대상자,199,64059,0.3106511185001327,0.4925497277961145,0.3641087569070882,0,0,0,5,1,5,18,75,100,5,개금동,50,선택 조건 접수 있음,1,20,16,17,19,22,23,16,23,0,50.25125628140703,5
부산진구,기타,상황출동,175,64059,0.2731856569724785,0.2397671878908419,4.746406292378627,6,4,3,5,44,9,38,49,35,1,부전동,43,선택 조건 접수 있음,1,21,21,21,21,20,20,20,21,0,28.000000000000004,1
부산진구,구조,자살,157,64059,0.2450865608267378,0.2226845383719014,3.4346970028440165,5,6,4,5,30,31,29,32,35,2,범천동 / 부전동 / 전포동,24,선택 조건 접수 있음,1,22,22,22,22,21,21,21,22,0,22.29299363057325,2
부산진구,구조,산악사고,113,64059,0.1763998813593718,0.2123129297354019,2.4721067600087507,0,0,1,5,21,37,21,21,13,3,초읍동,64,선택 조건 접수 있음,1,23,23,25,23,23,22,22,25,0,32.743362831858406,3
부산진구,구급,임산부,112,64059,0.1748388204623862,0.1809947389506779,0.2049255315255974,0,0,4,5,25,11,27,22,27,1,전포동,22,선택 조건 접수 있음,1,24,25,23,25,24,25,23,25,0,24.107142857142858,1
부산진구,기타,민원출동,112,64059,0.1748388204623862,0.1840452120790601,3.037700027122322,1,2,2,5,24,23,20,25,20,1,부전동,26,선택 조건 접수 있음,1,24,24,24,23,25,24,23,25,0,22.321428571428573,1
부산진구,화재,일반화재(차량),61,64059,0.095224714716121,0.1449991560357678,5.3182214472537055,0,0,0,5,13,9,16,12,11,5,개금동,13,선택 조건 접수 있음,1,26,26,26,27,26,26,26,27,0,26.229508196721312,5
부산진구,구급,화상,56,64059,0.0874194102311931,0.0778887472113591,0.1024627657627987,6,6,3,5,9,11,18,8,10,1,부전동,15,선택 조건 접수 있음,1,27,27,27,29,27,27,27,29,0,32.142857142857146,1
부산진구,화재,"대형화재(시장,공장)",52,64059,0.0811751666432507,0.1706231303141784,4.533565823888405,0,0,0,5,15,15,8,8,6,5,부전동,20,선택 조건 접수 있음,1,28,29,29,28,28,27,27,29,0,28.846153846153843,5
부산진구,기타,지원출동(배수),51,64059,0.0796141057462651,0.0577556245640365,1.3832384052074858,6,6,4,5,10,10,4,12,15,1,부전동,15,선택 조건 접수 있음,1,29,28,28,26,30,29,26,30,0,29.411764705882355,1
부산진구,구조,추락사고,43,64059,0.0671256185703804,0.0904973694753389,0.9407131918617372,0,0,2,5,12,12,7,1,11,3,부전동,10,선택 조건 접수 있음,1,30,30,31,30,29,30,29,31,0,27.906976744186046,3
부산진구,구급,행려병자,36,64059,0.0561981922914813,0.0282677176563418,0.0658689208475134,6,6,5,5,5,3,7,4,17,1,부전동,20,선택 조건 접수 있음,1,31,30,30,31,31,31,30,31,0,47.22222222222222,1
부산진구,구급,흉통,28,64059,0.0437097051155965,0.0719911658298202,0.0512313828813993,0,0,0,4,0,1,4,11,12,5,부전동,7,선택 조건 접수 있음,1,32,32,32,32,32,32,32,32,0,42.857142857142854,5
부산진구,기타,대민지원,16,64059,0.0249769743517694,0.0284710825315673,0.4339571467317602,1,0,2,5,5,1,3,5,2,2,부전동,3,선택 조건 접수 있음,1,33,33,33,33,33,33,33,33,0,31.25,2
부산진구,구조,기계사고,13,64059,0.0202937916608126,0.0412830696707726,0.2844016626558739,0,0,0,5,2,3,1,4,3,6,부전동,4,선택 조건 접수 있음,1,34,33,34,34,34,34,33,34,0,30.76923076923077,6
부산진구,화재,기타화재(속보설비),9,64059,0.0140495480728703,0.0117951627630778,0.7846556233653008,2,4,2,3,0,0,2,1,6,3,부전동,4,선택 조건 접수 있음,1,35,35,35,35,35,39,35,39,0,66.66666666666666,3
부산진구,구조,실종자,7,64059,0.0109274262788991,0.0126086222639798,0.1531393568147013,0,0,2,4,0,1,3,1,2,2,부전동 / 초읍동,2,선택 조건 접수 있음,1,36,36,36,38,36,35,35,38,0,42.857142857142854,2
부산진구,기타,지원출동(근접배치),6,64059,0.0093663653819135,0.0197263928968716,0.16273393002441,0,0,1,3,0,0,1,3,2,6,초읍동,2,선택 조건 접수 있음,1,37,37,36,36,40,38,36,40,0,50.0,6
부산진구,화재,산불,6,64059,0.0093663653819135,0.0355888531644591,0.5231037489102005,0,0,0,4,0,1,2,2,1,10,가야동 / 전포동,2,선택 조건 접수 있음,1,37,37,38,38,37,35,35,38,0,33.33333333333333,10
부산진구,구급,응급신경증상(뇌졸중),5,64059,0.0078053044849279,0.0136254466401072,0.0091484612288213,0,0,0,2,0,0,0,1,4,5,가야동 / 개금동 / 당감동 / 부전동 / 연지동,1,선택 조건 접수 있음,1,39,39,38,36,37,44,36,44,0,80.0,5
부산진구,화재,지하화재,5,64059,0.0078053044849279,0.0150490007666855,0.4359197907585004,2,4,1,4,2,1,1,1,0,7,부전동,3,선택 조건 접수 있음,1,39,40,40,38,37,35,35,40,0,40.0,7
부산진구,구조,수난사고,3,64059,0.0046831826909567,0.1549640349218163,0.0656311529205863,0,0,0,2,0,0,0,1,2,15,초읍동,3,선택 조건 접수 있음,1,41,40,41,41,41,44,40,44,0,66.66666666666666,15
부산진구,구급,가스중독,2,64059,0.0031221217939711,0.0067110408824408,0.0036593844915285,3,3,1,2,0,1,1,0,0,8,가야동 / 부암동,1,선택 조건 접수 있음,1,42,42,47,47,41,40,40,47,0,50.0,8
부산진구,구조,약물사고,2,64059,0.0031221217939711,0.0030504731283822,0.0437541019470575,3,4,2,2,1,0,0,0,1,3,범천동,2,선택 조건 접수 있음,1,42,44,42,42,41,44,41,44,0,50.0,3
부산진구,기타,순찰출동,2,64059,0.0031221217939711,0.02114994702345,0.05424464334147,0,0,0,1,2,0,0,0,0,12,가야동 / 부전동,1,선택 조건 접수 있음,1,42,,42,42,41,40,40,42,0,100.0,12
부산진구,기타,지원출동(가스),2,64059,0.0031221217939711,0.0061009462567644,0.05424464334147,1,1,1,2,1,0,0,1,0,6,개금동 / 부암동,1,선택 조건 접수 있음,1,42,44,42,42,46,40,40,46,0,50.0,6
부산진구,기타,지원출동(기타),2,64059,0.0031221217939711,0.0022370136274802,0.05424464334147,3,3,2,2,0,0,0,1,1,2,부전동,2,선택 조건 접수 있음,1,42,42,42,42,46,44,42,46,0,50.0,2
부산진구,기타,지원출동(풍수해),2,64059,0.0031221217939711,0.0024403785027057,0.05424464334147,3,2,1,1,2,0,0,0,0,1,개금동 / 범천동,1,선택 조건 접수 있음,1,42,,42,42,41,40,40,42,0,100.0,1
부산진구,구급,무선페이징,1,64059,0.0015610608969855,0.0091514193851466,0.0018296922457642,0,0,0,1,0,0,0,1,0,12,당감동,1,선택 조건 접수 있음,1,48,44,47,47,,44,44,47,0,100.0,12
부산진구,기타,산사태,1,64059,0.0015610608969855,0.0004067297504509,0.027122321670735,3,3,1,1,0,0,1,0,0,2,양정동,1,선택 조건 접수 있음,1,48,44,47,,46,44,44,47,0,100.0,2
부산진구,기타,예방경계,1,64059,0.0015610608969855,0.0022370136274802,0.027122321670735,0,0,1,1,1,0,0,0,0,4,부전동,1,선택 조건 접수 있음,1,48,,47,47,46,44,44,47,0,100.0,4
부산진구,기타,응원출동,1,64059,0.0015610608969855,0.0034572028788331,0.027122321670735,0,0,1,1,0,0,1,0,0,4,당감동,1,선택 조건 접수 있음,1,48,44,47,,46,44,44,47,0,100.0,4
부산진구,기타,지원출동(재해),1,64059,0.0015610608969855,0.0010168243761274,0.027122321670735,3,3,1,1,0,0,0,1,0,2,부전동,1,선택 조건 접수 있음,1,48,44,47,47,,44,44,47,0,100.0,2
부산진구,기타,지원출동(전기),1,64059,0.0015610608969855,0.0018302838770293,0.027122321670735,3,3,1,1,0,0,0,0,1,2,범천동,1,선택 조건 접수 있음,1,48,44,47,47,46,,44,47,0,100.0,2
부산진구,화재,"사회적약자시설(요양원,장애인시설)",1,64059,0.0015610608969855,0.0008134595009019,0.0871839581517,5,5,1,1,0,0,0,1,0,1,부암동,1,선택 조건 접수 있음,1,48,44,47,47,,44,44,47,0,100.0,1
부산진구,화재,전기차화재,1,64059,0.0015610608969855,0.0,0.0871839581517,5,5,1,1,0,0,0,0,1,1,개금동,1,선택 조건 접수 있음,1,48,44,47,47,46,,44,47,0,100.0,1
부산진구,구급,구급예약,0,64059,0.0,0.0008134595009019,0.0,0,0,0,0,0,0,0,0,0,4,,0,선택 조건 접수 0건,1,,,,,,,,,0,,
부산진구,구급,아나필락시스,0,64059,0.0,0.0054908516310879,0.0,0,0,0,0,0,0,0,0,0,12,,0,선택 조건 접수 0건,1,,,,,,,,,0,,
부산진구,구조,붕괴사고,0,64059,0.0,0.0016269190018038,0.0,0,0,0,0,0,0,0,0,0,8,,0,선택 조건 접수 0건,1,,,,,,,,,0,,
부산진구,구조,폭발사고,0,64059,0.0,0.0010168243761274,0.0,0,0,0,0,0,0,0,0,0,5,,0,선택 조건 접수 0건,1,,,,,,,,,0,,
부산진구,구조,항공구조(수색구조),0,64059,0.0,0.0002033648752254,0.0,0,0,0,0,0,0,0,0,0,2,,0,선택 조건 접수 0건,1,,,,,,,,,0,,
부산진구,구조,화학사고,0,64059,0.0,0.0004067297504509,0.0,2,2,0,0,0,0,0,0,0,3,,0,선택 조건 접수 0건,1,,,,,,,,,0,,
부산진구,기타,기타,0,64059,0.0,0.0002033648752254,0.0,4,4,0,0,0,0,0,0,0,2,,0,선택 조건 접수 0건,1,,,,,,,,,0,,
부산진구,기타,지원출동(경호),0,64059,0.0,0.0002033648752254,0.0,3,3,0,0,0,0,0,0,0,2,,0,선택 조건 접수 0건,1,,,,,,,,,0,,
부산진구,기타,지원출동(급수),0,64059,0.0,0.0002033648752254,0.0,0,0,0,0,0,0,0,0,0,2,,0,선택 조건 접수 0건,1,,,,,,,,,0,,
부산진구,기타,지원출동(데모시위),0,64059,0.0,0.0002033648752254,0.0,0,0,0,0,0,0,0,0,0,2,,0,선택 조건 접수 0건,1,,,,,,,,,0,,
부산진구,기타,지원출동(도로세척),0,64059,0.0,0.0004067297504509,0.0,0,0,0,0,0,0,0,0,0,3,,0,선택 조건 접수 0건,1,,,,,,,,,0,,
부산진구,기타,지원출동(한해),0,64059,0.0,0.0008134595009019,0.0,0,0,0,0,0,0,0,0,0,5,,0,선택 조건 접수 0건,1,,,,,,,,,0,,
부산진구,기타,지원출동(행사지원),0,64059,0.0,0.0026437433779312,0.0,0,0,0,0,0,0,0,0,0,11,,0,선택 조건 접수 0건,1,,,,,,,,,0,,
부산진구,기타,지원출동(환경),0,64059,0.0,0.0002033648752254,0.0,0,0,0,0,0,0,0,0,0,2,,0,선택 조건 접수 0건,1,,,,,,,,,0,,
부산진구,화재,"특수화재(선박,위험물)",0,64059,0.0,0.0174893792693913,0.0,0,0,0,0,0,0,0,0,0,12,,0,선택 조건 접수 0건,1,,,,,,,,,0,,
해운대구,구급,질병,19987,56927,35.109877562492315,34.21708338428293,40.93934986993302,6,6,5,5,3980,4198,4619,4122,3068,2,우동,3985,선택 조건 접수 있음,2,1,2,2,1,1,1,1,2,5,23.110021513984087,2
해운대구,구급,질병외,19468,56927,34.19818363869517,33.9564887072299,39.87628274717847,3,2,2,5,2544,3393,4445,4172,4914,2,우동,4093,선택 조건 접수 있음,2,2,1,1,2,2,2,1,2,5,25.24142182042326,2
해운대구,구급,부상,4270,56927,7.500834401953379,7.667898143563612,8.746236250793716,0,0,1,5,729,853,914,915,859,2,우동,1000,선택 조건 접수 있음,2,3,3,3,3,3,3,3,3,5,21.428571428571427,2
해운대구,구급,교통사고,2205,56927,3.873381699369368,4.569627890846912,4.516499047541017,0,0,0,5,490,457,468,439,351,3,우동,615,선택 조건 접수 있음,2,4,4,4,4,4,4,4,4,5,22.22222222222222,3
해운대구,기타,화재확인출동,1302,56927,2.287139670103817,2.760699917211076,54.59119496855346,0,1,0,5,127,207,263,344,361,2,중동,250,선택 조건 접수 있음,2,5,5,5,5,6,6,5,6,5,27.72657450076805,2
해운대구,구급,심정지,1265,56927,2.22214414952483,2.229487690910658,2.5910980930337355,2,2,3,5,178,230,300,267,290,2,반여동,239,선택 조건 접수 있음,2,6,6,6,6,5,5,5,6,5,23.715415019762844,2
해운대구,구조,시건개방,1142,56927,2.006077959491981,1.9101589827987469,24.21543681085666,6,0,4,5,206,238,263,231,204,2,좌동,211,선택 조건 접수 있음,2,7,7,7,7,7,7,7,7,5,23.029772329246935,2
해운대구,구조,동물구조,786,56927,1.3807156533806453,1.4893988080800389,16.666666666666668,0,0,1,5,177,158,151,155,145,3,우동,221,선택 조건 접수 있음,2,8,11,8,8,10,10,8,11,4,22.519083969465647,3
해운대구,기타,기타출동,775,56927,1.3613926607760816,1.6465574440874071,32.494758909853246,0,0,0,5,221,185,159,127,83,3,우동,188,선택 조건 접수 있음,2,9,12,11,10,8,9,8,12,3,28.516129032258064,3
해운대구,구조,E/V사고,756,56927,1.328016582640926,1.1341882175123632,16.03053435114504,6,6,5,5,123,146,139,192,156,2,우동,192,선택 조건 접수 있음,2,10,9,10,9,12,11,9,12,3,25.396825396825395,2
해운대구,구조,기타안전사고,756,56927,1.328016582640926,1.1955281953417698,16.03053435114504,6,3,4,5,130,133,150,187,156,1,우동,200,선택 조건 접수 있음,2,10,10,9,11,11,11,9,11,2,24.735449735449734,1
해운대구,구급,구급기타,709,56927,1.245454705148699,1.0880830054183646,1.4522439114315562,6,6,4,5,25,273,337,63,11,1,우동,173,선택 조건 접수 있음,2,12,8,12,12,9,8,8,12,3,47.53173483779972,1
해운대구,구조,교통사고,384,56927,0.6745481054684069,0.7912055310217917,8.142493638676845,0,0,0,5,93,71,72,75,73,4,우동,99,선택 조건 접수 있음,2,13,13,13,13,13,14,13,14,0,24.21875,4
해운대구,화재,기타화재,355,56927,0.6236056704200116,0.7252550319829851,35.32338308457712,0,2,1,5,72,71,82,63,67,4,우동,71,선택 조건 접수 있음,2,14,14,14,16,14,15,14,16,0,23.098591549295776,4
해운대구,화재,"고층건물(3층이상,아파트)",341,56927,0.599012770741476,0.4373981425613249,33.930348258706466,6,6,5,5,73,66,62,69,71,2,좌동,85,선택 조건 접수 있음,2,15,16,15,15,16,16,15,16,0,21.407624633431084,2
해운대구,구조,자연재해,332,56927,0.5832030495195601,0.4959317161763143,7.039864291772688,6,6,2,5,165,57,42,52,16,1,중동,83,선택 조건 접수 있음,2,16,17,15,14,15,13,13,17,0,49.6987951807229,1
해운대구,구급,U안심폰대상자,276,56927,0.4848314508054174,0.4700727059148978,0.5653304930255423,6,6,2,5,3,12,26,88,147,1,반송동,96,선택 조건 접수 있음,2,17,15,17,17,18,22,15,22,0,53.2608695652174,1
해운대구,구급,사고부상,219,56927,0.3847032163999508,0.4027190047688826,0.4485774564224412,0,0,2,5,91,63,27,23,15,2,우동,54,선택 조건 접수 있음,2,18,21,18,18,17,17,17,21,0,41.55251141552511,2
해운대구,구급,약물중독,182,56927,0.3197076958209637,0.3181259634485897,0.3727903975748141,3,1,2,5,33,42,36,32,39,2,우동,46,선택 조건 접수 있음,2,19,18,20,20,19,19,18,20,0,23.076923076923077,2
해운대구,화재,일반화재(주택),182,56927,0.3197076958209637,0.4466191849801246,18.109452736318406,0,0,0,5,46,32,35,41,28,5,반송동,40,선택 조건 접수 있음,2,19,19,19,19,20,18,18,20,0,25.274725274725274,5
해운대구,구조,산악사고,163,56927,0.2863316176858081,0.1992546992236283,3.4563189143341817,6,6,5,5,30,34,45,25,29,2,우동,55,선택 조건 접수 있음,2,21,20,21,23,21,21,20,23,0,27.607361963190186,2
해운대구,구조,수난사고,158,56927,0.2775484392291882,0.1216776684393786,3.3502968617472435,6,6,5,5,34,31,28,34,31,1,우동,57,선택 조건 접수 있음,2,22,23,22,21,23,23,21,23,0,21.518987341772153,1
해운대구,구조,자살,158,56927,0.2775484392291882,0.2193004436123233,3.3502968617472435,6,5,4,5,33,40,35,27,23,1,우동,42,선택 조건 접수 있음,2,22,22,23,22,22,20,20,23,0,25.31645569620253,1
해운대구,기타,상황출동,120,56927,0.2107962829588771,0.2473644857564963,5.031446540880503,0,3,1,5,33,5,38,22,22,2,우동,32,선택 조건 접수 있음,2,24,25,24,25,24,24,24,25,0,31.666666666666664,2
해운대구,구급,임산부,111,56927,0.1949865617369613,0.1786075825032724,0.2273611765428811,6,6,4,5,19,26,25,17,24,2,우동,35,선택 조건 접수 있음,2,25,24,25,24,25,25,24,25,0,23.423423423423422,2
해운대구,기타,민원출동,94,56927,0.1651237549844537,0.1850222207076548,3.941299790356394,0,3,1,5,23,11,17,25,18,2,중동,20,선택 조건 접수 있음,2,26,26,26,26,26,26,26,26,0,26.595744680851062,2
해운대구,화재,일반화재(차량),71,56927,0.1247211340840023,0.1409215830525258,7.064676616915423,0,2,1,5,13,14,12,14,18,4,우동,19,선택 조건 접수 있음,2,27,27,27,27,27,27,27,27,0,25.352112676056336,4
해운대구,구급,화상,54,56927,0.0948583273314947,0.0771761158964757,0.11060813993978,3,3,3,5,10,14,10,9,11,2,우동,15,선택 조건 접수 있음,2,28,28,28,28,28,28,28,28,0,25.925925925925924,2
해운대구,구조,추락사고,46,56927,0.0808052418009029,0.0886021901980319,0.9754028837998304,0,0,2,5,4,15,11,8,8,2,중동,13,선택 조건 접수 있음,2,29,30,30,29,29,29,29,30,0,32.608695652173914,2
해운대구,구급,흉통,43,56927,0.0755353347269309,0.067955073477676,0.0880768521742692,3,3,3,4,0,4,8,17,14,1,반송동,11,선택 조건 접수 있음,2,30,29,29,29,31,30,29,31,0,39.53488372093023,1
해운대구,기타,지원출동(배수),34,56927,0.0597256135050151,0.0603376906099719,1.4255765199161423,0,3,2,5,7,9,5,5,8,2,중동,10,선택 조건 접수 있음,2,31,31,31,31,30,32,30,32,0,26.47058823529412,2
해운대구,구조,기계사고,27,56927,0.0474291636657473,0.0378864568946335,0.5725190839694656,5,3,4,4,6,4,7,10,0,3,우동,11,선택 조건 접수 있음,2,32,32,32,33,32,31,31,33,0,37.03703703703704,3
해운대구,기타,순찰출동,22,56927,0.0386459852091274,0.0168384252865038,0.9224318658280922,6,6,5,5,5,2,1,6,8,1,좌동,11,선택 조건 접수 있음,2,33,33,33,32,33,34,32,34,0,36.36363636363637,1
해운대구,화재,"대형화재(시장,공장)",19,56927,0.0333760781351555,0.1747988910694204,1.890547263681592,0,0,0,4,4,7,5,3,0,8,우동,4,선택 조건 접수 있음,2,34,34,36,34,33,33,33,36,0,36.84210526315789,8
해운대구,화재,산불,17,56927,0.0298628067525075,0.0328750207974598,1.691542288557214,2,4,2,5,5,3,3,3,3,3,반송동,5,선택 조건 접수 있음,2,35,36,34,34,36,34,34,36,0,29.411764705882355,3
해운대구,기타,지원출동(근접배치),16,56927,0.0281061710611836,0.0174397976181646,0.6708595387840671,6,6,3,5,3,3,2,1,7,2,우동,11,선택 조건 접수 있음,2,36,35,35,34,35,38,34,38,0,43.75,2
해운대구,구급,행려병자,12,56927,0.0210796282958877,0.0326745633535728,0.0245795866532844,0,0,0,5,2,1,1,1,7,5,반송동 / 좌동 / 중동,3,선택 조건 접수 있음,2,37,37,37,37,37,41,37,41,0,58.333333333333336,5
해운대구,기타,대민지원,12,56927,0.0210796282958877,0.0288658719197208,0.5031446540880503,0,0,2,4,2,4,4,2,0,4,좌동,4,선택 조건 접수 있음,2,37,37,40,38,38,36,36,40,0,33.33333333333333,4
해운대구,화재,지하화재,11,56927,0.0193229926045637,0.0136311061843126,1.0945273631840795,5,6,3,5,4,1,3,2,1,1,좌동,5,선택 조건 접수 있음,2,39,40,38,38,39,37,37,40,0,36.36363636363637,1
해운대구,구급,응급신경증상(뇌졸중),9,56927,0.0158097212219157,0.0126288189648778,0.0184346899899633,6,6,1,3,0,0,1,5,3,2,반송동 / 반여동 / 좌동,2,선택 조건 접수 있음,2,40,39,39,38,41,39,38,41,0,55.55555555555556,2
해운대구,구조,실종자,6,56927,0.0105398141479438,0.0126288189648778,0.1272264631043257,3,2,2,4,2,0,1,1,2,4,우동,3,선택 조건 접수 있음,2,41,42,41,41,40,42,40,42,0,33.33333333333333,4
해운대구,화재,"특수화재(선박,위험물)",6,56927,0.0105398141479438,0.016036595510956,0.5970149253731343,0,1,1,4,1,2,1,2,0,4,우동,5,선택 조건 접수 있음,2,41,41,42,41,41,39,39,42,0,33.33333333333333,4
해운대구,구급,가스중독,4,56927,0.0070265427652959,0.0062141807604954,0.0081931955510948,6,6,2,3,0,1,2,0,1,1,좌동,3,선택 조건 접수 있음,2,43,42,43,46,41,43,41,46,0,50.0,1
해운대구,구급,무선페이징,4,56927,0.0070265427652959,0.0084192126432519,0.0081931955510948,3,3,1,3,0,2,0,1,1,5,재송동,2,선택 조건 접수 있음,2,43,42,46,43,44,43,42,46,0,50.0,5
해운대구,구급,아나필락시스,3,56927,0.0052699070739719,0.0048109786532868,0.0061448966633211,6,6,2,3,0,0,1,1,1,3,송정동 / 재송동 / 좌동,1,선택 조건 접수 있음,2,45,45,43,46,46,46,43,46,0,33.33333333333333,3
해운대구,기타,지원출동(가스),3,56927,0.0052699070739719,0.0058132658727215,0.1257861635220125,3,5,2,2,0,2,0,0,1,2,우동 / 재송동 / 중동,1,선택 조건 접수 있음,2,45,45,48,44,44,46,44,48,0,66.66666666666666,2
해운대구,화재,기타화재(속보설비),3,56927,0.0052699070739719,0.0128292764087648,0.2985074626865671,0,4,0,1,0,0,0,3,0,9,중동,2,선택 조건 접수 있음,2,45,45,43,44,,43,43,45,0,100.0,9
해운대구,기타,지원출동(행사지원),2,56927,0.0035132713826479,0.0022050318827564,0.0838574423480083,6,6,2,2,0,0,1,1,0,1,우동 / 좌동,1,선택 조건 접수 있음,2,48,48,46,48,47,46,46,48,0,50.0,1
해운대구,구조,약물사고,1,56927,0.0017566356913239,0.0032073191021912,0.0212044105173876,3,3,1,1,0,0,0,0,1,6,중동,1,선택 조건 접수 있음,2,49,49,48,48,47,,47,49,0,100.0,6
해운대구,구조,항공구조(수색구조),1,56927,0.0017566356913239,0.0,0.0212044105173876,6,6,1,1,1,0,0,0,0,1,좌동,1,선택 조건 접수 있음,2,49,,48,48,47,49,47,49,0,100.0,1
해운대구,기타,예방경계,1,56927,0.0017566356913239,0.0022050318827564,0.0419287211740041,0,0,1,1,1,0,0,0,0,4,송정동,1,선택 조건 접수 있음,2,49,,48,48,47,49,47,49,0,100.0,4
해운대구,기타,지원출동(경호),1,56927,0.0017566356913239,0.0,0.0419287211740041,6,6,1,1,0,0,0,1,0,1,좌동,1,선택 조건 접수 있음,2,49,49,48,48,,49,48,49,0,100.0,1
해운대구,기타,지원출동(재해),1,56927,0.0017566356913239,0.0010022872194347,0.0419287211740041,6,6,1,1,0,1,0,0,0,2,반여동,1,선택 조건 접수 있음,2,49,49,,48,47,49,47,49,0,100.0,2
해운대구,기타,지원출동(전기),1,56927,0.0017566356913239,0.0018041169949825,0.0419287211740041,3,6,1,1,0,0,0,0,1,2,중동,1,선택 조건 접수 있음,2,49,49,48,48,47,,47,49,0,100.0,2
해운대구,기타,지원출동(풍수해),1,56927,0.0017566356913239,0.0026059467705303,0.0419287211740041,4,4,1,1,0,0,0,0,1,4,반송동,1,선택 조건 접수 있음,2,49,49,48,48,47,,47,49,0,100.0,4
해운대구,구급,구급예약,0,56927,0.0,0.0008018297755478,0.0,0,0,0,0,0,0,0,0,0,4,,0,선택 조건 접수 0건,2,,,,,,,,,0,,
해운대구,구조,붕괴사고,0,56927,0.0,0.0016036595510956,0.0,2,0,0,0,0,0,0,0,0,8,,0,선택 조건 접수 0건,2,,,,,,,,,0,,
해운대구,구조,폭발사고,0,56927,0.0,0.0010022872194347,0.0,0,0,0,0,0,0,0,0,0,5,,0,선택 조건 접수 0건,2,,,,,,,,,0,,
해운대구,구조,화학사고,0,56927,0.0,0.0004009148877739,0.0,3,3,0,0,0,0,0,0,0,3,,0,선택 조건 접수 0건,2,,,,,,,,,0,,
해운대구,기타,기타,0,56927,0.0,0.0002004574438869,0.0,3,3,0,0,0,0,0,0,0,2,,0,선택 조건 접수 0건,2,,,,,,,,,0,,
해운대구,기타,산사태,0,56927,0.0,0.0006013723316608,0.0,0,0,0,0,0,0,0,0,0,3,,0,선택 조건 접수 0건,2,,,,,,,,,0,,
해운대구,기타,응원출동,0,56927,0.0,0.0036082339899651,0.0,0,1,0,0,0,0,0,0,0,8,,0,선택 조건 접수 0건,2,,,,,,,,,0,,
해운대구,기타,지원출동(급수),0,56927,0.0,0.0002004574438869,0.0,3,3,0,0,0,0,0,0,0,2,,0,선택 조건 접수 0건,2,,,,,,,,,0,,
해운대구,기타,지원출동(기타),0,56927,0.0,0.0026059467705303,0.0,3,3,0,0,0,0,0,0,0,10,,0,선택 조건 접수 0건,2,,,,,,,,,0,,
해운대구,기타,지원출동(데모시위),0,56927,0.0,0.0002004574438869,0.0,0,0,0,0,0,0,0,0,0,2,,0,선택 조건 접수 0건,2,,,,,,,,,0,,
해운대구,기타,지원출동(도로세척),0,56927,0.0,0.0004009148877739,0.0,3,3,0,0,0,0,0,0,0,3,,0,선택 조건 접수 0건,2,,,,,,,,,0,,
해운대구,기타,지원출동(한해),0,56927,0.0,0.0008018297755478,0.0,0,0,0,0,0,0,0,0,0,5,,0,선택 조건 접수 0건,2,,,,,,,,,0,,
해운대구,기타,지원출동(환경),0,56927,0.0,0.0002004574438869,0.0,0,0,0,0,0,0,0,0,0,2,,0,선택 조건 접수 0건,2,,,,,,,,,0,,
해운대구,화재,"사회적약자시설(요양원,장애인시설)",0,56927,0.0,0.0010022872194347,0.0,0,0,0,0,0,0,0,0,0,6,,0,선택 조건 접수 0건,2,,,,,,,,,0,,
해운대구,화재,전기차화재,0,56927,0.0,0.0002004574438869,0.0,0,0,0,0,0,0,0,0,0,2,,0,선택 조건 접수 0건,2,,,,,,,,,0,,
사하구,구급,질병,16544,48076,34.4121807138697,34.29871383269977,40.34925125603629,5,6,2,5,3441,3544,3676,3396,2487,3,다대동,4054,선택 조건 접수 있음,3,1,2,2,1,1,1,1,2,5,22.219535783365572,3
사하구,구급,질병외,16277,48076,33.85681005075297,33.99302751570779,39.69806350909712,3,0,2,5,2253,2810,3685,3597,3932,3,다대동,3895,선택 조건 접수 있음,3,2,1,1,2,2,2,1,2,5,24.156785648461018,3
사하구,구급,부상,3632,48076,7.554705050336967,7.659884579779795,8.85810448270816,3,1,2,5,669,696,752,771,744,3,다대동,794,선택 조건 접수 있음,3,3,3,3,3,3,3,3,3,5,21.22797356828194,3
사하구,구급,교통사고,2051,48076,4.266161910308678,4.520297019952335,5.002195014877323,0,0,0,5,464,446,431,348,362,4,하단동,473,선택 조건 접수 있음,3,4,4,4,4,4,4,4,4,5,22.623110677718188,4
사하구,기타,화재확인출동,1247,48076,2.5938098011481823,2.7234050934588643,51.76421751764217,0,1,1,5,121,212,233,367,314,3,하단동,338,선택 조건 접수 있음,3,5,5,5,5,6,5,5,6,5,29.430633520449078,3
사하구,구급,심정지,1147,48076,2.3858058074715034,2.213862244194521,2.797424515877274,6,6,5,5,202,221,245,231,248,3,다대동,267,선택 조건 접수 있음,3,6,6,6,6,5,6,5,6,5,21.62162162162162,3
사하구,구조,시건개방,910,48076,1.8928363424577752,1.9225542140198144,24.08044456205345,4,4,3,5,151,192,165,217,185,3,다대동,220,선택 조건 접수 있음,3,7,7,7,7,8,8,7,8,5,23.846153846153847,3
사하구,기타,기타출동,890,48076,1.85123554372244,1.5952019853853578,36.9447903694479,3,6,5,5,228,207,207,133,115,2,신평동,197,선택 조건 접수 있음,3,8,8,8,8,7,7,7,8,5,25.617977528089884,2
사하구,구조,동물구조,727,48076,1.5121890340294533,1.4750546571861889,19.23789362265149,6,6,2,5,196,146,157,98,130,5,다대동,146,선택 조건 접수 있음,3,9,9,9,9,9,9,9,9,5,26.960110041265473,5
사하구,구조,기타안전사고,617,48076,1.2833846409851069,1.2020641704910284,16.32707065361207,4,3,3,5,122,133,114,140,108,3,다대동,126,선택 조건 접수 있음,3,10,11,10,10,11,11,10,11,2,22.690437601296594,3
사하구,구조,E/V사고,559,48076,1.1627423246526334,1.1532173878789072,14.79227308811855,2,0,3,5,108,93,126,105,127,3,하단동,154,선택 조건 접수 있음,3,11,12,11,11,12,12,11,12,0,22.719141323792485,3
사하구,구급,구급기타,557,48076,1.1585822447791,1.0990526087727246,1.3584703185210478,3,3,4,5,43,221,249,37,7,3,다대동,120,선택 조건 접수 있음,3,12,10,12,12,10,10,10,12,3,44.703770197486534,3
사하구,구조,교통사고,304,48076,0.632332140777103,0.7931693289476276,8.044456205345329,0,0,0,5,71,72,49,58,54,7,하단동,75,선택 조건 접수 있음,3,13,14,15,14,14,14,14,15,0,23.684210526315788,7
사하구,구조,자연재해,299,48076,0.621931941093269,0.4937858226152725,7.912146070388991,6,6,5,5,128,62,33,51,25,3,다대동,62,선택 조건 접수 있음,3,14,16,14,13,13,13,13,16,0,42.80936454849498,3
사하구,화재,기타화재,283,48076,0.5886513021050004,0.7267928541884147,31.941309255079005,0,0,1,5,60,67,62,40,54,6,다대동,52,선택 조건 접수 있음,3,15,15,16,15,15,15,15,16,0,23.674911660777383,6
사하구,구급,U안심폰대상자,247,48076,0.513769864381396,0.4675897658111914,0.6024096385542169,6,6,3,4,0,4,36,102,105,3,다대동,79,선택 조건 접수 있음,3,16,13,13,16,18,19,13,19,0,42.51012145748988,3
사하구,구급,사고부상,200,48076,0.4160079873533571,0.399440625553958,0.4877810838495683,6,6,3,5,80,57,33,21,9,3,다대동,44,선택 조건 접수 있음,3,17,19,19,17,16,16,16,19,0,40.0,3
사하구,화재,"고층건물(3층이상,아파트)",193,48076,0.4014477077959897,0.4589234011542021,21.783295711060948,0,4,2,5,33,34,40,49,37,4,다대동,49,선택 조건 접수 있음,3,18,17,17,19,19,17,17,19,0,25.38860103626943,4
사하구,화재,일반화재(주택),193,48076,0.4014477077959897,0.4366666010123889,21.783295711060948,0,3,1,5,42,45,35,33,38,3,괴정동,35,선택 조건 접수 있음,3,18,18,18,18,17,18,17,18,0,23.316062176165804,3
사하구,구급,약물중독,156,48076,0.3244862301356186,0.3177010498119005,0.3804692454026633,6,3,2,5,40,28,30,24,34,3,다대동,37,선택 조건 접수 있음,3,20,20,20,20,20,20,20,20,0,25.64102564102564,3
사하구,기타,상황출동,120,48076,0.2496047924120143,0.2430521360619251,4.981320049813201,2,1,3,5,36,5,33,29,17,2,하단동,29,선택 조건 접수 있음,3,21,22,21,22,21,21,21,22,0,30.0,2
사하구,화재,"대형화재(시장,공장)",118,48076,0.2454447125384807,0.1522522699966516,13.318284424379232,6,6,5,5,23,22,25,29,19,3,장림동,40,선택 조건 접수 있음,3,22,21,22,21,22,22,21,22,0,24.576271186440678,3
사하구,구조,수난사고,99,48076,0.2059239537399118,0.1311772468535187,2.6197406721354857,6,6,4,5,31,25,17,12,14,3,다대동,67,선택 조건 접수 있음,3,23,27,24,23,23,23,23,27,0,31.313131313131315,3
사하구,구조,자살,99,48076,0.2059239537399118,0.2270981465797404,2.6197406721354857,4,4,1,5,19,15,17,19,29,4,다대동,30,선택 조건 접수 있음,3,23,24,23,23,24,26,23,26,0,29.292929292929294,4
사하구,구조,산악사고,98,48076,0.203843913803145,0.2085836402670816,2.5932786451442182,1,1,1,5,15,31,20,18,14,5,당리동,33,선택 조건 접수 있음,3,25,23,27,25,24,24,23,27,0,31.63265306122449,5
사하구,구급,임산부,87,48076,0.1809634744987103,0.1802209922987532,0.2121847714745622,2,2,4,5,18,18,22,17,12,3,신평동,19,선택 조건 접수 있음,3,26,26,25,27,26,25,25,27,0,25.287356321839084,3
사하구,기타,민원출동,87,48076,0.1809634744987103,0.1831754347954541,3.61145703611457,3,3,2,5,16,19,14,21,17,3,다대동,20,선택 조건 접수 있음,3,26,25,26,26,27,26,25,27,0,24.137931034482758,3
사하구,구조,추락사고,47,48076,0.0977618770280389,0.0868606094030056,1.243715268589574,3,2,4,5,10,14,9,6,8,1,다대동,16,선택 조건 접수 있음,3,28,28,29,28,28,28,28,29,0,29.78723404255319,1
사하구,화재,일반화재(차량),38,48076,0.0790415175971378,0.1449646451714561,4.288939051918736,0,0,0,5,10,9,6,6,7,9,하단동,8,선택 조건 접수 있음,3,29,30,30,29,29,29,29,30,0,26.31578947368421,9
사하구,구급,흉통,37,48076,0.076961477660371,0.06795217742412,0.0902395005121701,6,6,3,4,0,2,10,12,13,2,다대동,7,선택 조건 접수 있음,3,30,28,28,30,31,31,28,31,0,35.13513513513514,2
사하구,구급,화상,35,48076,0.0728013977868375,0.0795729845778101,0.0853616896736744,0,0,2,5,7,6,9,9,4,4,다대동,11,선택 조건 접수 있음,3,31,30,30,31,30,29,29,31,0,25.71428571428571,4
사하구,기타,지원출동(배수),25,48076,0.0520009984191696,0.0610584782651513,1.03777501037775,0,0,1,5,3,4,2,5,11,5,괴정동,7,선택 조건 접수 있음,3,32,33,32,32,32,33,32,33,0,44.0,5
사하구,화재,"특수화재(선박,위험물)",25,48076,0.0520009984191696,0.0120147328199168,2.8216704288939054,6,6,5,5,1,8,6,5,5,2,구평동,12,선택 조건 접수 있음,3,32,32,33,33,32,32,32,33,0,32.0,2
사하구,구조,기계사고,16,48076,0.0332806389882685,0.0393925666226783,0.4233924318602804,1,1,2,4,4,0,7,2,3,5,다대동 / 장림동,5,선택 조건 접수 있음,3,34,34,34,39,34,35,34,39,0,43.75,5
사하구,화재,산불,16,48076,0.0332806389882685,0.0324988674637096,1.8058690744920995,2,4,3,5,4,3,3,4,2,4,다대동,4,선택 조건 접수 있음,3,34,34,35,34,35,33,33,35,0,25.0,4
사하구,구급,행려병자,13,48076,0.0270405191779682,0.0319079789643694,0.0317057704502219,1,1,2,4,1,0,3,1,8,4,다대동,5,선택 조건 접수 있음,3,36,34,35,37,35,40,34,40,0,61.53846153846154,4
사하구,기타,순찰출동,13,48076,0.0270405191779682,0.0183175434795454,0.5396430053964301,6,6,3,5,5,1,2,2,3,2,하단동,5,선택 조건 접수 있음,3,36,39,37,35,37,36,35,39,0,38.46153846153847,2
사하구,기타,대민지원,12,48076,0.0249604792412014,0.0283626479683283,0.49813200498132,0,0,3,5,5,3,1,1,2,4,장림동,4,선택 조건 접수 있음,3,38,40,40,35,37,36,35,40,0,41.66666666666667,4
사하구,구급,응급신경증상(뇌졸중),11,48076,0.0228804393044346,0.0120147328199168,0.0268279596117262,6,6,3,3,0,1,5,0,5,1,다대동,4,선택 조건 접수 있음,3,39,37,39,41,37,39,37,41,0,45.45454545454545,1
사하구,화재,기타화재(속보설비),11,48076,0.0228804393044346,0.0110299186543499,1.2415349887133182,2,2,3,3,0,0,1,7,3,2,괴정동,7,선택 조건 접수 있음,3,39,37,38,37,41,38,37,41,0,63.63636363636363,2
사하구,화재,지하화재,8,48076,0.0166403194941342,0.0139843611510507,0.9029345372460496,4,6,2,3,4,1,0,0,3,2,하단동,2,선택 조건 접수 있음,3,41,41,41,40,40,40,40,41,0,50.0,2
사하구,구급,가스중독,4,48076,0.0083201597470671,0.0061058478265151,0.0097556216769913,4,4,3,3,1,2,0,0,1,1,장림동,2,선택 조건 접수 있음,3,42,43,43,42,41,43,41,43,0,50.0,1
사하구,구조,실종자,4,48076,0.0083201597470671,0.0128025841523704,0.1058481079650701,0,0,1,1,0,0,0,4,0,8,다대동,2,선택 조건 접수 있음,3,42,41,42,42,,42,41,42,0,100.0,8
사하구,구급,무선페이징,2,48076,0.0041600798735335,0.0086663646569892,0.0048778108384956,0,0,1,2,0,0,0,1,1,9,다대동 / 하단동,1,선택 조건 접수 있음,3,44,44,43,44,47,48,43,48,0,50.0,9
사하구,구급,아나필락시스,2,48076,0.0041600798735335,0.0049240708278347,0.0048778108384956,0,0,2,2,0,0,1,1,0,7,하단동,2,선택 조건 접수 있음,3,44,44,43,48,47,44,43,48,0,50.0,7
사하구,기타,산사태,2,48076,0.0041600798735335,0.0001969628331133,0.08302200083022,6,6,2,2,0,0,1,1,0,1,괴정동 / 다대동,1,선택 조건 접수 있음,3,44,44,43,48,47,44,43,48,0,50.0,1
사하구,기타,예방경계,2,48076,0.0041600798735335,0.0019696283311339,0.08302200083022,6,6,2,2,1,1,0,0,0,1,구평동 / 신평동,1,선택 조건 접수 있음,3,44,50,48,44,43,44,43,50,0,50.0,1
사하구,기타,지원출동(가스),2,48076,0.0041600798735335,0.0059088849934017,0.08302200083022,0,0,2,2,0,1,0,0,1,6,구평동 / 하단동,1,선택 조건 접수 있음,3,44,44,48,44,43,48,43,48,0,50.0,6
사하구,기타,지원출동(근접배치),2,48076,0.0041600798735335,0.0198932461444525,0.08302200083022,0,0,1,1,0,0,0,0,2,14,감천동 / 신평동,1,선택 조건 접수 있음,3,44,44,43,44,43,,43,44,0,100.0,14
사하구,기타,지원출동(풍수해),2,48076,0.0041600798735335,0.0023635539973606,0.08302200083022,6,6,2,2,0,1,1,0,0,1,괴정동 / 장림동,1,선택 조건 접수 있음,3,44,44,48,48,43,44,43,48,0,50.0,1
사하구,기타,응원출동,1,48076,0.0020800399367667,0.0033483681629276,0.04151100041511,0,0,1,1,0,0,0,0,1,4,구평동,1,선택 조건 접수 있음,3,51,50,48,48,47,,47,50,0,100.0,4
사하구,기타,지원출동(기타),1,48076,0.0020800399367667,0.0023635539973606,0.04151100041511,0,0,1,1,0,0,0,1,0,4,하단동,1,선택 조건 접수 있음,3,51,50,48,48,,48,48,50,0,100.0,4
사하구,기타,지원출동(도로세척),1,48076,0.0020800399367667,0.0001969628331133,0.04151100041511,6,6,1,1,1,0,0,0,0,1,하단동,1,선택 조건 접수 있음,3,51,,48,48,47,48,47,48,0,100.0,1
사하구,기타,지원출동(재해),1,48076,0.0020800399367667,0.0009848141655669,0.04151100041511,3,3,1,1,0,0,0,0,1,2,신평동,1,선택 조건 접수 있음,3,51,50,48,48,47,,47,50,0,100.0,2
사하구,기타,지원출동(행사지원),1,48076,0.0020800399367667,0.0023635539973606,0.04151100041511,0,1,1,1,0,0,0,0,1,4,다대동,1,선택 조건 접수 있음,3,51,50,48,48,47,,47,50,0,100.0,4
사하구,화재,"사회적약자시설(요양원,장애인시설)",1,48076,0.0020800399367667,0.0007878513324535,0.1128668171557562,6,6,1,1,0,0,0,1,0,1,다대동,1,선택 조건 접수 있음,3,51,50,48,48,,48,48,50,0,100.0,1
사하구,구급,구급예약,0,48076,0.0,0.0007878513324535,0.0,3,3,0,0,0,0,0,0,0,4,,0,선택 조건 접수 0건,3,,,,,,,,,0,,
사하구,구조,붕괴사고,0,48076,0.0,0.0015757026649071,0.0,0,0,0,0,0,0,0,0,0,8,,0,선택 조건 접수 0건,3,,,,,,,,,0,,
사하구,구조,약물사고,0,48076,0.0,0.0033483681629276,0.0,0,0,0,0,0,0,0,0,0,11,,0,선택 조건 접수 0건,3,,,,,,,,,0,,
사하구,구조,폭발사고,0,48076,0.0,0.0009848141655669,0.0,0,0,0,0,0,0,0,0,0,5,,0,선택 조건 접수 0건,3,,,,,,,,,0,,
사하구,구조,항공구조(수색구조),0,48076,0.0,0.0001969628331133,0.0,0,0,0,0,0,0,0,0,0,2,,0,선택 조건 접수 0건,3,,,,,,,,,0,,
사하구,구조,화학사고,0,48076,0.0,0.0003939256662267,0.0,4,4,0,0,0,0,0,0,0,3,,0,선택 조건 접수 0건,3,,,,,,,,,0,,
사하구,기타,기타,0,48076,0.0,0.0001969628331133,0.0,0,0,0,0,0,0,0,0,0,2,,0,선택 조건 접수 0건,3,,,,,,,,,0,,
사하구,기타,지원출동(경호),0,48076,0.0,0.0001969628331133,0.0,0,0,0,0,0,0,0,0,0,2,,0,선택 조건 접수 0건,3,,,,,,,,,0,,
사하구,기타,지원출동(급수),0,48076,0.0,0.0001969628331133,0.0,0,0,0,0,0,0,0,0,0,2,,0,선택 조건 접수 0건,3,,,,,,,,,0,,
사하구,기타,지원출동(데모시위),0,48076,0.0,0.0001969628331133,0.0,0,0,0,0,0,0,0,0,0,2,,0,선택 조건 접수 0건,3,,,,,,,,,0,,
사하구,기타,지원출동(전기),0,48076,0.0,0.0019696283311339,0.0,0,0,0,0,0,0,0,0,0,10,,0,선택 조건 접수 0건,3,,,,,,,,,0,,
사하구,기타,지원출동(한해),0,48076,0.0,0.0007878513324535,0.0,0,0,0,0,0,0,0,0,0,5,,0,선택 조건 접수 0건,3,,,,,,,,,0,,
사하구,기타,지원출동(환경),0,48076,0.0,0.0001969628331133,0.0,0,0,0,0,0,0,0,0,0,2,,0,선택 조건 접수 0건,3,,,,,,,,,0,,
사하구,화재,전기차화재,0,48076,0.0,0.0001969628331133,0.0,0,0,0,0,0,0,0,0,0,2,,0,선택 조건 접수 0건,3,,,,,,,,,0,,
사상구,구급,질병,14336,41747,34.340192109612666,34.30595733008585,39.90313691652518,5,0,2,5,3015,3110,3132,2883,2196,5,모라동,2839,선택 조건 접수 있음,4,1,2,2,1,1,1,1,2,5,21.847098214285715,5
사상구,구급,질병외,14284,41747,34.21563226100079,33.962209093084375,39.75839897570073,6,0,4,5,2000,2517,3205,3041,3521,5,괘법동,2719,선택 조건 접수 있음,4,2,1,1,2,2,2,1,2,5,24.649957994959397,5
사상구,구급,부상,3102,41747,7.430474046039236,7.668678835652548,8.634174854566204,0,0,1,5,553,621,685,650,593,4,괘법동,632,선택 조건 접수 있음,4,3,3,3,3,3,3,3,3,5,22.082527401676337,4
사상구,구급,교통사고,2214,41747,5.303375092821041,4.432932131608691,6.1624961727948335,6,6,5,5,518,514,409,403,370,2,괘법동,372,선택 조건 접수 있음,4,4,4,4,4,4,4,4,4,5,23.396567299006325,2
사상구,기타,화재확인출동,1000,41747,2.3953817040745444,2.737924554362607,52.770448548812666,0,0,0,5,87,149,197,276,291,6,괘법동,311,선택 조건 접수 있음,4,5,5,5,5,5,5,5,5,5,29.099999999999998,6
사상구,구급,심정지,876,41747,2.098354372769301,2.239324253607217,2.438277618504189,0,0,2,5,158,159,189,190,180,7,모라동,175,선택 조건 접수 있음,4,6,6,6,6,6,6,6,6,5,21.689497716894977,7
사상구,구조,시건개방,728,41747,1.7438378805662684,1.934289032544224,23.82198952879581,0,3,1,5,154,143,143,141,147,6,모라동,172,선택 조건 접수 있음,4,7,7,7,7,7,8,7,8,5,21.153846153846153,6
사상구,기타,기타출동,689,41747,1.650417994107361,1.6146634788410996,36.35883905013193,2,4,2,5,176,164,136,135,78,5,감전동,137,선택 조건 접수 있음,4,8,8,8,8,8,7,7,8,5,25.544267053701013,5
사상구,구조,동물구조,578,41747,1.3845306249550866,1.4858794760708818,18.913612565445025,0,1,2,5,105,155,104,90,124,7,학장동,90,선택 조건 접수 있음,4,9,9,9,9,9,9,9,9,5,26.81660899653979,7
사상구,구조,기타안전사고,483,41747,1.156969363068005,1.2133320623532455,15.80497382198953,0,3,2,5,67,112,87,120,97,4,주례동,80,선택 조건 접수 있음,4,10,11,10,10,11,11,10,11,2,24.84472049689441,4
사상구,구급,구급기타,445,41747,1.065944858313172,1.1073089785016312,1.2386227628246165,0,0,0,5,11,186,205,38,5,6,주례동,98,선택 조건 접수 있음,4,11,10,13,13,10,10,10,13,3,46.06741573033708,6
사상구,구조,교통사고,431,41747,1.0324095144561287,0.7586972972867817,14.103403141361255,6,6,5,5,110,77,75,92,77,3,감전동,80,선택 조건 접수 있음,4,12,13,12,11,12,12,11,13,0,25.52204176334107,3
사상구,구조,E/V사고,422,41747,1.0108510791194576,1.1656703090621527,13.80890052356021,0,1,0,5,73,63,84,97,105,7,괘법동,103,선택 조건 접수 있음,4,13,12,11,12,13,13,11,13,0,24.881516587677723,7
사상구,화재,기타화재,285,41747,0.6826837856612451,0.7174552903573465,32.79631760644419,0,0,1,5,55,49,64,57,60,5,괘법동,66,선택 조건 접수 있음,4,14,14,14,14,14,14,14,14,0,22.45614035087719,5
사상구,구급,U안심폰대상자,216,41747,0.5174024480801015,0.4678633333268487,0.601219138809252,6,6,4,5,4,5,23,81,103,4,모라동,71,선택 조건 접수 있음,4,15,15,15,15,18,20,15,20,0,47.68518518518518,4
사상구,화재,일반화재(주택),181,41747,0.4335640884374925,0.4336246860646761,20.828538550057537,2,2,1,5,38,35,50,31,27,6,감전동 / 괘법동,34,선택 조건 접수 있음,4,16,16,16,18,15,15,15,18,0,27.624309392265197,6
사상구,구조,자연재해,172,41747,0.4120056531008216,0.5124124823213803,5.628272251308901,2,3,1,5,63,46,14,31,18,5,괘법동,38,선택 조건 접수 있음,4,17,19,18,16,17,15,15,19,0,36.627906976744185,5
사상구,구급,사고부상,168,41747,0.4024241262845234,0.4007478031822488,0.4676148857405294,3,0,3,5,63,38,28,25,14,4,괘법동,30,선택 조건 접수 있음,4,18,20,17,17,16,15,15,20,0,37.5,4
사상구,화재,"고층건물(3층이상,아파트)",152,41747,0.3640980190193307,0.4612490491966562,17.491369390103568,0,0,0,5,30,35,26,25,36,8,괘법동,38,선택 조건 접수 있음,4,19,17,19,19,19,19,17,19,0,23.684210526315788,8
사상구,화재,"대형화재(시장,공장)",147,41747,0.352121110498958,0.1447360997900937,16.915995397008054,6,6,5,5,37,33,26,27,24,2,감전동,42,선택 조건 접수 있음,4,20,18,20,20,20,18,18,20,0,25.170068027210885,2
사상구,구급,약물중독,134,41747,0.3209811483459889,0.3180692515548431,0.3729785398168508,3,3,2,5,31,24,18,24,37,6,괘법동,32,선택 조건 접수 있음,4,21,21,21,21,21,21,21,21,0,27.611940298507463,6
사상구,기타,상황출동,92,41747,0.220375116774858,0.2455066638912611,4.854881266490765,0,1,1,5,21,4,28,21,18,5,괘법동,24,선택 조건 접수 있음,4,22,24,22,24,22,22,22,24,0,30.434782608695656,5
사상구,구조,자살,86,41747,0.2060028265504108,0.2268310381118942,2.8141361256544504,0,0,2,5,11,21,15,24,15,7,주례동,20,선택 조건 접수 있음,4,23,22,23,22,25,23,22,25,0,27.906976744186046,7
사상구,화재,일반화재(차량),83,41747,0.1988166814381871,0.1344255980577349,9.5512082853855,6,6,4,5,9,22,15,20,17,3,감전동,16,선택 조건 접수 있음,4,24,23,25,23,23,24,23,25,0,26.506024096385545,3
사상구,구급,임산부,74,41747,0.1772582461015162,0.180531049200547,0.2059732234809475,0,0,2,5,13,18,20,11,12,7,주례동,15,선택 조건 접수 있음,4,25,25,26,26,23,25,23,26,0,27.027027027027028,7
사상구,기타,민원출동,68,41747,0.162885955877069,0.1846163423397835,3.588390501319261,1,2,2,5,28,6,8,19,7,7,괘법동,20,선택 조건 접수 있음,4,26,27,24,25,27,26,24,27,0,41.17647058823529,7
사상구,구조,산악사고,65,41747,0.1556998107648453,0.2124352432402989,2.1269633507853403,0,0,0,5,14,17,13,7,14,8,엄궁동,19,선택 조건 접수 있음,4,27,26,27,27,26,27,26,27,0,26.153846153846157,8
사상구,구조,추락사고,36,41747,0.0862337413466836,0.0879310713778526,1.1780104712041886,2,5,3,5,12,6,9,7,2,5,괘법동 / 주례동,9,선택 조건 접수 있음,4,28,28,28,28,28,28,28,28,0,33.33333333333333,5
사상구,구조,기계사고,30,41747,0.0718614511222363,0.0361840249475234,0.981675392670157,6,6,4,5,12,6,5,2,5,2,삼락동,7,선택 조건 접수 있음,4,29,31,29,29,29,29,29,31,0,40.0,2
사상구,구급,화상,27,41747,0.0646753060100126,0.0801495606364497,0.0751523923511565,3,3,2,5,4,5,2,9,7,7,엄궁동,6,선택 조건 접수 있음,4,30,29,30,29,30,30,29,30,0,33.33333333333333,7
사상구,구급,흉통,22,41747,0.0526983974896399,0.070033596672626,0.0612352826564979,0,0,1,3,0,0,8,6,8,9,주례동,6,선택 조건 접수 있음,4,31,30,30,31,31,32,30,32,0,36.36363636363637,9
사상구,구조,수난사고,17,41747,0.0407214889692672,0.145514250864234,0.556282722513089,0,0,0,5,5,1,3,6,2,11,삼락동,8,선택 조건 접수 있음,4,32,33,32,31,33,31,31,33,0,35.294117647058826,11
사상구,기타,지원출동(배수),15,41747,0.0359307255611181,0.0622520859312231,0.7915567282321899,3,3,1,5,1,5,3,3,3,10,괘법동,8,선택 조건 접수 있음,4,33,32,33,33,32,33,32,33,0,33.33333333333333,10
사상구,기타,순찰출동,12,41747,0.0287445804488945,0.0182865502422967,0.633245382585752,6,6,4,5,3,4,1,3,1,3,모라동,4,선택 조건 접수 있음,4,34,35,35,34,35,34,34,35,0,33.33333333333333,3
사상구,구급,행려병자,11,41747,0.0263491987448199,0.0319041940397518,0.0306176413282489,2,2,1,4,0,1,1,1,8,7,모라동,4,선택 조건 접수 있음,4,35,34,33,35,34,40,33,40,0,72.72727272727273,7
사상구,구급,응급신경증상(뇌졸중),7,41747,0.0167676719285218,0.0126449549547796,0.019483953572522,6,6,2,3,0,2,0,1,4,3,주례동,2,선택 조건 접수 있음,4,36,36,38,36,37,40,36,40,0,57.14285714285714,3
사상구,기타,대민지원,7,41747,0.0167676719285218,0.0289861275117257,0.3693931398416886,0,0,0,4,3,0,1,2,1,11,덕포동,3,선택 조건 접수 있음,4,36,42,36,37,38,35,35,42,0,42.857142857142854,11
사상구,화재,산불,7,41747,0.0167676719285218,0.0338495717251025,0.8055235903337169,0,0,0,4,1,1,3,0,2,7,학장동,3,선택 조건 접수 있음,4,36,37,37,41,36,37,36,41,0,42.857142857142854,7
사상구,화재,지하화재,7,41747,0.0167676719285218,0.0140067193345252,0.8055235903337169,4,6,3,5,1,2,1,2,1,3,괘법동,3,선택 조건 접수 있음,4,36,37,38,37,38,35,35,38,0,28.57142857142857,3
사상구,구급,무선페이징,5,41747,0.0119769085203727,0.0079760485099379,0.0139171096946586,6,6,3,3,0,0,2,2,1,4,모라동,3,선택 조건 접수 있음,4,40,39,38,43,42,38,38,43,0,40.0,4
사상구,구조,실종자,5,41747,0.0119769085203727,0.0124504171862446,0.1636125654450261,3,6,2,3,2,0,1,0,2,5,삼락동,2,선택 조건 접수 있음,4,40,44,38,41,38,40,38,44,0,40.0,5
사상구,기타,지원출동(근접배치),5,41747,0.0119769085203727,0.019064701316437,0.2638522427440633,0,0,1,3,0,1,0,3,1,10,삼락동,2,선택 조건 접수 있음,4,40,39,43,39,44,38,38,44,0,60.0,10
사상구,화재,기타화재(속보설비),5,41747,0.0119769085203727,0.0120613416491744,0.5753739930955121,1,1,1,2,0,0,0,1,4,5,모라동,2,선택 조건 접수 있음,4,40,39,38,39,41,46,38,46,0,80.0,5
사상구,구급,아나필락시스,4,41747,0.0095815268162981,0.0044743686763066,0.0111336877557268,6,6,3,3,0,0,2,1,1,1,괘법동 / 모라동 / 엄궁동 / 주례동,1,선택 조건 접수 있음,4,44,42,43,44,42,40,40,44,0,50.0,1
사상구,구급,가스중독,2,41747,0.004790763408149,0.0064197463616573,0.0055668438778634,0,0,1,1,2,0,0,0,0,8,모라동 / 학장동,1,선택 조건 접수 있음,4,45,,45,44,44,44,44,45,0,100.0,8
사상구,기타,지원출동(가스),2,41747,0.004790763408149,0.0058361330560521,0.1055408970976253,2,2,2,2,0,1,1,0,0,6,주례동,2,선택 조건 접수 있음,4,45,45,47,47,44,44,44,47,0,50.0,6
사상구,화재,"특수화재(선박,위험물)",2,41747,0.004790763408149,0.016341172556946,0.2301495972382048,0,0,1,2,0,0,0,1,1,7,감전동 / 삼락동,1,선택 조건 접수 있음,4,45,45,45,44,47,46,44,47,0,50.0,7
사상구,구조,붕괴사고,1,41747,0.0023953817040745,0.0013617643797455,0.0327225130890052,4,4,1,1,1,0,0,0,0,2,삼락동,1,선택 조건 접수 있음,4,48,,47,47,47,46,46,47,0,100.0,2
사상구,구조,약물사고,1,41747,0.0023953817040745,0.0031126042965611,0.0327225130890052,0,0,1,1,0,0,1,0,0,6,삼락동,1,선택 조건 접수 있음,4,48,47,47,,47,46,46,47,0,100.0,6
사상구,구조,화학사고,1,41747,0.0023953817040745,0.000194537768535,0.0327225130890052,6,6,1,1,0,0,0,0,1,1,덕포동,1,선택 조건 접수 있음,4,48,47,47,47,47,,47,47,0,100.0,1
사상구,기타,예방경계,1,41747,0.0023953817040745,0.0021399154538857,0.0527704485488126,3,3,1,1,0,1,0,0,0,4,감전동,1,선택 조건 접수 있음,4,48,47,,47,47,46,46,47,0,100.0,4
사상구,기타,지원출동(기타),1,41747,0.0023953817040745,0.0023344532224208,0.0527704485488126,5,5,1,1,0,1,0,0,0,4,감전동,1,선택 조건 접수 있음,4,48,47,,47,47,46,46,47,0,100.0,4
사상구,기타,지원출동(전기),1,41747,0.0023953817040745,0.0017508399168156,0.0527704485488126,3,3,1,1,0,0,0,0,1,2,덕포동,1,선택 조건 접수 있음,4,48,47,47,47,47,,47,47,0,100.0,2
사상구,기타,지원출동(한해),1,41747,0.0023953817040745,0.0005836133056052,0.0527704485488126,6,6,1,1,0,0,0,1,0,1,주례동,1,선택 조건 접수 있음,4,48,47,47,47,,46,46,47,0,100.0,1
사상구,기타,지원출동(행사지원),1,41747,0.0023953817040745,0.0023344532224208,0.0527704485488126,5,6,1,1,0,0,0,1,0,4,삼락동,1,선택 조건 접수 있음,4,48,47,47,47,,46,46,47,0,100.0,4
사상구,구급,구급예약,0,41747,0.0,0.0007781510741402,0.0,0,0,0,0,0,0,0,0,0,4,,0,선택 조건 접수 0건,4,,,,,,,,,0,,
사상구,구조,폭발사고,0,41747,0.0,0.0009726888426753,0.0,2,2,0,0,0,0,0,0,0,5,,0,선택 조건 접수 0건,4,,,,,,,,,0,,
사상구,구조,항공구조(수색구조),0,41747,0.0,0.000194537768535,0.0,0,0,0,0,0,0,0,0,0,2,,0,선택 조건 접수 0건,4,,,,,,,,,0,,
사상구,기타,기타,0,41747,0.0,0.000194537768535,0.0,0,0,0,0,0,0,0,0,0,2,,0,선택 조건 접수 0건,4,,,,,,,,,0,,
사상구,기타,산사태,0,41747,0.0,0.0005836133056052,0.0,0,0,0,0,0,0,0,0,0,3,,0,선택 조건 접수 0건,4,,,,,,,,,0,,
사상구,기타,응원출동,0,41747,0.0,0.0035016798336313,0.0,0,0,0,0,0,0,0,0,0,8,,0,선택 조건 접수 0건,4,,,,,,,,,0,,
사상구,기타,지원출동(경호),0,41747,0.0,0.000194537768535,0.0,0,0,0,0,0,0,0,0,0,2,,0,선택 조건 접수 0건,4,,,,,,,,,0,,
사상구,기타,지원출동(급수),0,41747,0.0,0.000194537768535,0.0,3,3,0,0,0,0,0,0,0,2,,0,선택 조건 접수 0건,4,,,,,,,,,0,,
사상구,기타,지원출동(데모시위),0,41747,0.0,0.000194537768535,0.0,0,0,0,0,0,0,0,0,0,2,,0,선택 조건 접수 0건,4,,,,,,,,,0,,
사상구,기타,지원출동(도로세척),0,41747,0.0,0.0003890755370701,0.0,0,0,0,0,0,0,0,0,0,3,,0,선택 조건 접수 0건,4,,,,,,,,,0,,
사상구,기타,지원출동(재해),0,41747,0.0,0.0011672266112104,0.0,2,3,0,0,0,0,0,0,0,6,,0,선택 조건 접수 0건,4,,,,,,,,,0,,
사상구,기타,지원출동(풍수해),0,41747,0.0,0.002723528759491,0.0,0,0,0,0,0,0,0,0,0,12,,0,선택 조건 접수 0건,4,,,,,,,,,0,,
사상구,기타,지원출동(환경),0,41747,0.0,0.000194537768535,0.0,0,0,0,0,0,0,0,0,0,2,,0,선택 조건 접수 0건,4,,,,,,,,,0,,
사상구,화재,"사회적약자시설(요양원,장애인시설)",0,41747,0.0,0.0009726888426753,0.0,0,0,0,0,0,0,0,0,0,6,,0,선택 조건 접수 0건,4,,,,,,,,,0,,
사상구,화재,전기차화재,0,41747,0.0,0.000194537768535,0.0,0,0,0,0,0,0,0,0,0,2,,0,선택 조건 접수 0건,4,,,,,,,,,0,,
북구,구급,질병,14937,41205,36.25045504186385,34.15302935786592,41.14422653151168,6,6,5,5,3168,3250,3301,2914,2304,4,금곡동,3615,선택 조건 접수 있음,5,1,2,2,1,1,1,1,2,5,22.099484501573276,4
북구,구급,질병외,14540,41205,35.286979735469,33.87668802384853,40.05068312031732,6,6,5,5,2028,2648,3191,3103,3570,4,금곡동,3426,선택 조건 접수 있음,5,2,1,1,2,2,2,1,2,5,24.55295735900963,4
북구,구급,부상,3056,41205,7.416575658293896,7.669540849739885,8.417805200528868,3,0,1,5,560,575,658,662,601,5,구포동,750,선택 조건 접수 있음,5,3,3,3,3,3,3,3,3,5,21.662303664921467,5
북구,구급,교통사고,1573,41205,3.817497876471302,4.552830361012163,4.332855883649184,0,0,0,5,356,336,302,298,281,8,구포동,394,선택 조건 접수 있음,5,4,4,4,4,4,4,4,4,5,22.63191354100445,8
북구,구급,심정지,932,41205,2.261861424584396,2.226082968473379,2.5672102247686204,6,0,3,5,150,179,207,186,210,4,금곡동,232,선택 조건 접수 있음,5,5,5,5,5,5,5,5,5,5,22.532188841201716,4
북구,구조,시건개방,823,41205,1.9973304210654048,1.913790054432636,29.174051754696915,6,6,4,5,159,159,176,151,178,4,금곡동,244,선택 조건 접수 있음,5,6,7,6,6,6,6,6,7,5,21.628189550425272,4
북구,기타,화재확인출동,753,41205,1.827448125227521,2.783040959537954,51.39931740614335,0,0,0,5,80,128,130,190,225,11,구포동,208,선택 조건 접수 있음,5,7,6,7,7,7,8,6,8,5,29.880478087649404,11
북구,구급,구급기타,558,41205,1.3542045868219876,1.084183053785507,1.5370207139709122,6,6,4,5,15,218,267,52,6,2,화명동,143,선택 조건 접수 있음,5,8,8,11,12,8,7,7,12,3,47.8494623655914,2
북구,기타,기타출동,524,41205,1.2716903288435868,1.6450277021499045,35.767918088737204,0,4,1,5,125,119,110,99,71,7,덕천동,215,선택 조건 접수 있음,5,9,9,8,8,9,9,8,9,5,23.85496183206107,7
북구,구조,동물구조,467,41205,1.1333576022327387,1.5058853708162565,16.554413328606877,0,0,0,5,119,99,81,87,81,8,화명동,116,선택 조건 접수 있음,5,10,10,9,9,10,10,9,10,5,25.481798715203425,8
북구,구조,E/V사고,437,41205,1.0605509040165029,1.1615275340519764,15.490960652250974,4,6,1,5,94,71,85,100,87,6,화명동,131,선택 조건 접수 있음,5,11,11,10,10,11,11,10,11,2,22.883295194508012,6
북구,구조,기타안전사고,419,41205,1.0168668850867613,1.224491382309102,14.852889046437433,0,0,0,5,86,85,68,86,94,8,구포동,101,선택 조건 접수 있음,5,12,12,12,11,12,12,11,12,0,22.434367541766107,8
북구,구급,U안심폰대상자,265,41205,0.6431258342434171,0.4578482299190992,0.7299471132657558,6,6,5,5,12,10,34,87,122,2,금곡동,105,선택 조건 접수 있음,5,13,13,13,13,14,16,13,16,0,46.0377358490566,2
북구,구조,교통사고,240,41205,0.5824535857298871,0.7950157506787076,8.507621410847218,0,0,0,5,60,44,37,49,50,9,덕천동,58,선택 조건 접수 있음,5,14,14,14,14,13,13,13,14,0,25.0,9
북구,화재,"고층건물(3층이상,아파트)",209,41205,0.5072199975731101,0.4496862495894718,33.983739837398375,6,6,4,5,41,49,38,37,44,3,화명동,60,선택 조건 접수 있음,5,15,15,16,15,15,15,15,16,0,23.444976076555022,3
북구,화재,기타화재,199,41205,0.482951098167698,0.7334122324765198,32.357723577235774,0,2,0,5,46,31,54,40,28,11,덕천동 / 화명동,53,선택 조건 접수 있음,5,16,16,15,16,16,14,14,16,0,27.1356783919598,11
북구,구조,자연재해,142,41205,0.3446183715568499,0.5177027523363669,5.033676001417937,0,0,1,5,35,66,5,29,7,10,구포동,50,선택 조건 접수 있음,5,17,17,22,17,19,17,17,22,0,46.478873239436616,10
북구,구급,약물중독,136,41205,0.3300570319136027,0.3173455685305131,0.374614367562803,6,3,2,5,36,35,27,21,17,5,구포동,41,선택 조건 접수 있음,5,18,18,18,18,18,19,18,19,0,26.47058823529412,5
북구,구급,사고부상,134,41205,0.3252032520325203,0.4069330192914235,0.3691053327457029,0,0,0,5,54,29,26,15,10,9,구포동,34,선택 조건 접수 있음,5,19,21,17,19,17,18,17,21,0,40.298507462686565,9
북구,화재,일반화재(주택),117,41205,0.28394612304332,0.4456052594246581,19.02439024390244,0,2,0,5,29,21,28,14,25,12,구포동,46,선택 조건 접수 있음,5,20,20,19,20,20,20,19,20,0,24.786324786324787,12
북구,구조,산악사고,109,41205,0.2645310035189904,0.2036608425107028,3.8638780574264446,6,6,4,5,20,14,20,26,29,4,만덕동,43,선택 조건 접수 있음,5,21,19,20,20,22,21,19,22,0,26.605504587155966,4
북구,구조,자살,100,41205,0.2426889940541196,0.2238714604697803,3.544842254519674,6,6,3,5,24,16,24,15,21,3,구포동,29,선택 조건 접수 있음,5,22,22,21,22,21,22,21,22,0,24.0,3
북구,구급,임산부,87,41205,0.2111394248270841,0.1778145714668827,0.2396430145438519,6,6,4,5,13,20,22,15,17,3,화명동,29,선택 조건 접수 있음,5,23,23,24,23,23,23,23,24,0,25.287356321839084,3
북구,기타,상황출동,75,41205,0.1820167455405897,0.2485517343236536,5.119453924914676,0,2,0,5,19,3,26,13,14,8,구포동,22,선택 조건 접수 있음,5,24,24,23,24,24,24,23,24,0,34.66666666666667,8
북구,기타,민원출동,59,41205,0.1431865064919306,0.1861708846615013,4.027303754266212,0,6,1,5,8,13,12,9,17,8,구포동,18,선택 조건 접수 있음,5,25,25,25,25,25,25,25,25,0,28.8135593220339,8
북구,화재,일반화재(차량),50,41205,0.1213444970270598,0.1406969942535771,8.130081300813009,0,6,2,5,5,15,12,7,11,8,덕천동,13,선택 조건 접수 있음,5,26,26,26,26,26,26,26,26,0,30.0,8
북구,구급,흉통,36,41205,0.087368037859483,0.0672391712869305,0.0991626267078008,6,6,4,4,0,2,9,12,13,3,화명동,10,선택 조건 접수 있음,5,27,27,27,27,28,29,27,29,0,36.11111111111111,3
북구,구조,추락사고,35,41205,0.0849411479189418,0.0880327878409813,1.2406947890818858,4,6,3,5,3,8,9,7,8,6,화명동,14,선택 조건 접수 있음,5,28,28,28,28,27,27,27,28,0,25.71428571428571,6
북구,구조,수난사고,30,41205,0.0728066982162359,0.1428346557684796,1.0634526763559022,0,0,0,5,4,7,6,7,6,9,덕천동,14,선택 조건 접수 있음,5,29,29,29,29,29,28,28,29,0,23.333333333333332,9
북구,구급,화상,27,41205,0.0655260283946123,0.080065140376345,0.0743719700308506,0,0,1,5,7,5,6,5,4,7,만덕동,8,선택 조건 접수 있음,5,30,30,30,30,30,29,29,30,0,25.925925925925924,7
북구,기타,지원출동(배수),22,41205,0.0533915786919063,0.0608261867422232,1.501706484641638,0,6,1,5,2,7,2,5,6,7,구포동,6,선택 조건 접수 있음,5,31,30,31,31,31,32,30,32,0,31.818181818181817,7
북구,화재,"대형화재(시장,공장)",19,41205,0.0461109088702827,0.1694582582722642,3.089430894308943,0,0,0,5,4,6,3,5,1,8,구포동,8,선택 조건 접수 있음,5,32,32,32,32,32,31,31,32,0,31.57894736842105,8
북구,구조,실종자,14,41205,0.0339764591675767,0.010688307574512,0.4962779156327543,6,6,5,5,4,2,4,2,2,1,덕천동,7,선택 조건 접수 있음,5,33,33,33,34,33,34,33,34,0,28.57142857142857,1
북구,화재,산불,13,41205,0.0315495692270355,0.0326479213185096,2.113821138211382,3,6,4,4,4,2,4,3,0,5,금곡동,5,선택 조건 접수 있음,5,34,35,34,35,35,33,33,35,0,30.76923076923077,5
북구,구급,행려병자,12,41205,0.0291226792864943,0.0316762569935539,0.0330542089026002,2,1,3,4,2,3,0,2,5,5,구포동,6,선택 조건 접수 있음,5,35,33,35,33,35,37,33,37,0,41.66666666666667,5
북구,기타,대민지원,12,41205,0.0291226792864943,0.0279839325587225,0.8191126279863481,3,6,2,4,3,4,4,1,0,4,만덕동 / 화명동,3,선택 조건 접수 있음,5,35,35,36,37,34,34,34,37,0,33.33333333333333,4
북구,기타,지원출동(근접배치),9,41205,0.0218420094648707,0.018267289309166,0.6143344709897611,3,6,1,1,0,9,0,0,0,3,덕천동,8,선택 조건 접수 있음,5,37,35,,35,37,36,35,37,0,100.0,3
북구,화재,지하화재,6,41205,0.0145613396432471,0.0141862991443523,0.975609756097561,2,5,3,4,1,2,0,1,2,5,화명동,4,선택 조건 접수 있음,5,38,38,37,38,38,38,37,38,0,33.33333333333333,5
북구,구급,가스중독,4,41205,0.0097075597621647,0.0060243188147249,0.0110180696342,4,4,3,3,0,1,1,2,0,1,화명동,3,선택 조건 접수 있음,5,39,39,38,39,42,38,38,42,0,50.0,1
북구,구급,무선페이징,4,41205,0.0097075597621647,0.0081619803296274,0.0110180696342,3,3,3,3,0,1,2,0,1,5,금곡동 / 덕천동,2,선택 조건 접수 있음,5,39,39,38,42,39,40,38,42,0,50.0,5
북구,구급,응급신경증상(뇌졸중),3,41205,0.0072806698216235,0.0134089676843878,0.00826355222565,0,0,0,2,0,0,1,0,2,9,구포동 / 금곡동 / 덕천동,1,선택 조건 접수 있음,5,41,41,38,42,40,46,38,46,0,66.66666666666666,9
북구,구조,약물사고,3,41205,0.0072806698216235,0.0027206601098758,0.1063452676355902,4,6,2,2,0,2,1,0,0,1,구포동 / 금곡동 / 덕천동,1,선택 조건 접수 있음,5,41,41,44,42,40,40,40,44,0,66.66666666666666,1
북구,기타,순찰출동,3,41205,0.0072806698216235,0.0200162850940862,0.204778156996587,0,3,1,2,1,0,0,2,0,10,덕천동,2,선택 조건 접수 있음,5,41,43,38,39,44,40,38,44,0,66.66666666666666,10
북구,기타,응원출동,3,41205,0.0072806698216235,0.0029149929748669,0.204778156996587,6,6,2,2,2,0,0,1,0,3,금곡동,3,선택 조건 접수 있음,5,41,46,38,39,42,40,38,46,0,66.66666666666666,3
북구,구조,기계사고,2,41205,0.0048537798810823,0.0415872331081015,0.0708968450903934,0,0,0,2,0,1,0,1,0,16,구포동 / 화명동,1,선택 조건 접수 있음,5,45,43,44,42,44,44,42,44,0,50.0,16
북구,기타,지원출동(가스),2,41205,0.0048537798810823,0.0058299859497338,0.136518771331058,0,2,1,1,0,0,0,2,0,6,덕천동 / 화명동,1,선택 조건 접수 있음,5,45,43,43,42,,44,42,44,0,100.0,6
북구,기타,예방경계,1,41205,0.0024268899405411,0.0021376615149024,0.068259385665529,3,5,1,1,0,0,1,0,0,4,만덕동,1,선택 조건 접수 있음,5,47,46,44,,44,46,44,46,0,100.0,4
북구,기타,지원출동(기타),1,41205,0.0024268899405411,0.0023319943798935,0.068259385665529,2,3,1,1,0,1,0,0,0,4,덕천동,1,선택 조건 접수 있음,5,47,46,,47,44,46,44,47,0,100.0,4
북구,기타,지원출동(전기),1,41205,0.0024268899405411,0.0017489957849201,0.068259385665529,6,6,1,1,0,0,0,0,1,2,만덕동,1,선택 조건 접수 있음,5,47,46,44,47,44,,44,47,0,100.0,2
북구,화재,기타화재(속보설비),1,41205,0.0024268899405411,0.0128259690894144,0.1626016260162601,0,0,0,1,0,0,0,0,1,11,구포동,1,선택 조건 접수 있음,5,47,46,44,47,44,,44,47,0,100.0,11
북구,화재,"사회적약자시설(요양원,장애인시설)",1,41205,0.0024268899405411,0.0007773314599645,0.1626016260162601,5,5,1,1,0,0,0,0,1,1,만덕동,1,선택 조건 접수 있음,5,47,46,44,47,44,,44,47,0,100.0,1
북구,구급,구급예약,0,41205,0.0,0.0007773314599645,0.0,0,0,0,0,0,0,0,0,0,4,,0,선택 조건 접수 0건,5,,,,,,,,,0,,
북구,구급,아나필락시스,0,41205,0.0,0.0052469873547604,0.0,0,0,0,0,0,0,0,0,0,12,,0,선택 조건 접수 0건,5,,,,,,,,,0,,
북구,구조,붕괴사고,0,41205,0.0,0.001554662919929,0.0,0,0,0,0,0,0,0,0,0,8,,0,선택 조건 접수 0건,5,,,,,,,,,0,,
북구,구조,폭발사고,0,41205,0.0,0.0009716643249556,0.0,2,4,0,0,0,0,0,0,0,5,,0,선택 조건 접수 0건,5,,,,,,,,,0,,
북구,구조,항공구조(수색구조),0,41205,0.0,0.0001943328649911,0.0,0,0,0,0,0,0,0,0,0,2,,0,선택 조건 접수 0건,5,,,,,,,,,0,,
북구,구조,화학사고,0,41205,0.0,0.0003886657299822,0.0,0,0,0,0,0,0,0,0,0,3,,0,선택 조건 접수 0건,5,,,,,,,,,0,,
북구,기타,기타,0,41205,0.0,0.0001943328649911,0.0,0,0,0,0,0,0,0,0,0,2,,0,선택 조건 접수 0건,5,,,,,,,,,0,,
북구,기타,산사태,0,41205,0.0,0.0005829985949733,0.0,3,3,0,0,0,0,0,0,0,3,,0,선택 조건 접수 0건,5,,,,,,,,,0,,
북구,기타,지원출동(경호),0,41205,0.0,0.0001943328649911,0.0,0,0,0,0,0,0,0,0,0,2,,0,선택 조건 접수 0건,5,,,,,,,,,0,,
북구,기타,지원출동(급수),0,41205,0.0,0.0001943328649911,0.0,0,0,0,0,0,0,0,0,0,2,,0,선택 조건 접수 0건,5,,,,,,,,,0,,
북구,기타,지원출동(데모시위),0,41205,0.0,0.0001943328649911,0.0,0,0,0,0,0,0,0,0,0,2,,0,선택 조건 접수 0건,5,,,,,,,,,0,,
북구,기타,지원출동(도로세척),0,41205,0.0,0.0003886657299822,0.0,0,0,0,0,0,0,0,0,0,3,,0,선택 조건 접수 0건,5,,,,,,,,,0,,
북구,기타,지원출동(재해),0,41205,0.0,0.0011659971899467,0.0,0,0,0,0,0,0,0,0,0,6,,0,선택 조건 접수 0건,5,,,,,,,,,0,,
북구,기타,지원출동(풍수해),0,41205,0.0,0.0027206601098758,0.0,0,0,0,0,0,0,0,0,0,12,,0,선택 조건 접수 0건,5,,,,,,,,,0,,
북구,기타,지원출동(한해),0,41205,0.0,0.0007773314599645,0.0,0,0,0,0,0,0,0,0,0,5,,0,선택 조건 접수 0건,5,,,,,,,,,0,,
북구,기타,지원출동(행사지원),0,41205,0.0,0.0025263272448846,0.0,0,0,0,0,0,0,0,0,0,11,,0,선택 조건 접수 0건,5,,,,,,,,,0,,
북구,기타,지원출동(환경),0,41205,0.0,0.0001943328649911,0.0,0,0,0,0,0,0,0,0,0,2,,0,선택 조건 접수 0건,5,,,,,,,,,0,,
북구,화재,전기차화재,0,41205,0.0,0.0001943328649911,0.0,0,0,0,0,0,0,0,0,0,2,,0,선택 조건 접수 0건,5,,,,,,,,,0,,
북구,화재,"특수화재(선박,위험물)",0,41205,0.0,0.016712626389237,0.0,0,0,0,0,0,0,0,0,0,12,,0,선택 조건 접수 0건,5,,,,,,,,,0,,
동래구,구급,질병,13143,37226,35.30596894643529,34.23692533168775,40.75096118070197,6,6,5,5,2620,2648,2995,2758,2122,6,온천동,3963,선택 조건 접수 있음,6,1,2,2,1,1,1,1,2,5,22.787795784828425,6
동래구,구급,질병외,12792,37226,34.363079568043844,33.95383369330454,39.66265657943693,6,3,4,5,1690,2186,2910,2899,3107,6,온천동,4051,선택 조건 접수 있음,6,2,1,1,2,2,2,1,2,5,24.288617886178862,6
동래구,구급,부상,2836,37226,7.618331273840864,7.653116322122802,8.793253131588738,4,0,2,5,490,543,579,656,568,7,온천동,920,선택 조건 접수 있음,6,3,3,3,3,3,3,3,3,5,23.1311706629055,7
동래구,구급,교통사고,1586,37226,4.260463117176167,4.515388768898488,4.917524494604986,0,0,0,5,345,332,334,282,293,7,온천동,504,선택 조건 접수 있음,6,4,4,4,4,4,4,4,4,5,21.752837326607818,7
동래구,기타,화재확인출동,1000,37226,2.6862945253317574,2.7140543042270906,52.60389268805891,4,3,2,5,102,167,172,261,298,6,온천동,456,선택 조건 접수 있음,6,5,5,5,5,5,5,5,5,5,29.799999999999997,6
동래구,구급,심정지,879,37226,2.361252887766615,2.219222462203024,2.725412377526975,6,6,4,5,138,177,195,186,183,6,온천동,253,선택 조건 접수 있음,6,6,6,6,6,6,6,6,6,5,22.18430034129693,6
동래구,기타,기타출동,701,37226,1.8830924622575616,1.5982721382289418,36.8753287743293,3,6,5,5,201,158,150,104,88,4,온천동,250,선택 조건 접수 있음,6,7,8,7,7,7,7,7,8,5,28.673323823109843,4
동래구,구조,시건개방,644,37226,1.7299736743136518,1.933623881518049,26.26427406199021,0,6,0,5,104,119,136,141,144,9,온천동,240,선택 조건 접수 있음,6,8,7,8,8,8,8,7,8,5,22.36024844720497,9
동래구,구조,E/V사고,453,37226,1.216891419975286,1.149529466214131,18.474714518760194,4,6,2,5,94,109,83,87,80,4,온천동,189,선택 조건 접수 있음,6,9,11,9,9,10,10,9,11,4,24.061810154525386,4
동래구,구급,구급기타,445,37226,1.195401063772632,1.097655044739278,1.379759394766216,3,3,5,5,24,171,202,42,6,6,온천동,121,선택 조건 접수 있음,6,10,9,12,12,9,9,9,12,3,45.39325842696629,6
동래구,구조,동물구조,433,37226,1.163165529468651,1.5008870718913916,17.65905383360522,0,0,0,5,79,92,80,89,93,10,온천동,158,선택 조건 접수 있음,6,11,12,10,10,11,12,10,12,2,21.478060046189377,10
동래구,구조,기타안전사고,426,37226,1.1443614677913283,1.2137457574822583,17.37357259380098,0,6,2,5,60,87,96,105,78,7,온천동,153,선택 조건 접수 있음,6,12,10,11,11,12,11,10,12,1,24.647887323943664,7
동래구,화재,기타화재,212,37226,0.5694944393703325,0.7252776920703486,34.13848631239936,0,0,0,5,41,32,55,47,37,9,온천동,72,선택 조건 접수 있음,6,13,13,13,13,13,13,13,13,0,25.943396226415093,9
동래구,화재,"고층건물(3층이상,아파트)",182,37226,0.4889056036103798,0.4514424560320889,29.30756843800322,5,6,2,5,30,39,29,35,49,6,온천동,76,선택 조건 접수 있음,6,14,14,14,14,15,16,14,16,0,26.923076923076923,6
동래구,구조,교통사고,173,37226,0.464728952882394,0.8018358531317495,7.055464926590538,0,0,0,5,48,38,33,25,29,10,온천동,57,선택 조건 접수 있음,6,15,16,15,15,14,15,14,16,0,27.74566473988439,10
동래구,구급,사고부상,160,37226,0.4298071240530812,0.3987966676951558,0.4960932655339203,6,6,3,5,58,42,24,28,8,6,온천동,42,선택 조건 접수 있음,6,16,19,17,16,16,14,14,19,0,36.25,6
동래구,화재,일반화재(주택),160,37226,0.4298071240530812,0.4338938599197778,25.76489533011272,3,6,3,5,21,37,36,28,38,8,온천동,53,선택 조건 접수 있음,6,16,15,16,17,16,18,15,18,0,23.75,8
동래구,구조,자연재해,137,37226,0.3680223499704507,0.5146945387226165,5.587275693311582,0,0,1,5,48,43,13,26,7,12,온천동,44,선택 조건 접수 있음,6,18,20,20,17,18,17,17,20,0,35.03649635036496,12
동래구,구급,약물중독,128,37226,0.3438456992424649,0.316453255168158,0.3968746124271363,6,6,2,5,17,19,35,23,34,7,온천동,42,선택 조건 접수 있음,6,19,17,18,20,19,19,17,20,0,27.34375,7
동래구,구급,U안심폰대상자,111,37226,0.2981786923118251,0.4840327059549522,0.3441647029641572,0,0,0,5,3,6,5,43,54,12,안락동,24,선택 조건 접수 있음,6,20,18,19,19,20,23,18,23,0,48.64864864864865,12
동래구,구조,자살,90,37226,0.2417665072798581,0.2240820734341252,3.6704730831973897,2,6,3,5,15,15,19,22,19,5,온천동,35,선택 조건 접수 있음,6,21,21,22,21,20,20,20,22,0,24.444444444444443,5
동래구,기타,상황출동,88,37226,0.2363939182291946,0.244137611848195,4.629142556549184,0,0,3,5,16,7,18,24,23,7,온천동,41,선택 조건 접수 있음,6,22,22,21,22,23,21,21,23,0,27.27272727272727,7
동래구,구급,임산부,83,37226,0.2229624456025358,0.1772215365627892,0.2573483814957212,6,6,5,5,14,17,17,16,19,5,온천동,33,선택 조건 접수 있음,6,23,23,23,23,22,22,22,23,0,22.89156626506024,5
동래구,기타,민원출동,59,37226,0.1584913769945737,0.1847423634680654,3.103629668595476,0,2,0,5,15,11,10,13,10,8,온천동,17,선택 조건 접수 있음,6,24,24,24,24,24,24,24,24,0,25.423728813559322,8
동래구,구조,산악사고,43,37226,0.1155106645892655,0.21482567108917,1.7536704730831971,0,0,0,5,10,7,11,7,8,10,온천동,29,선택 조건 접수 있음,6,25,25,25,25,25,25,25,25,0,25.581395348837212,10
동래구,구급,화상,38,37226,0.1020791919626067,0.0773295279234804,0.117822150564306,6,6,3,5,9,11,6,6,6,3,온천동,14,선택 조건 접수 있음,6,26,27,27,25,26,26,25,27,0,28.947368421052634,3
동래구,구조,추락사고,35,37226,0.0940203083866115,0.0873572971305152,1.4274061990212072,6,6,2,5,4,12,5,9,5,6,온천동,14,선택 조건 접수 있음,6,27,26,29,27,27,27,26,29,0,34.285714285714285,6
동래구,기타,지원출동(배수),31,37226,0.0832751302852844,0.0586238815180499,1.6307206733298265,3,3,3,5,4,2,3,9,13,3,온천동,9,선택 조건 접수 있음,6,28,28,26,28,28,29,26,29,0,41.935483870967744,3
동래구,화재,일반화재(차량),27,37226,0.0725299521839574,0.1440527614933662,4.3478260869565215,0,2,1,5,8,2,10,5,2,10,온천동,11,선택 조건 접수 있음,6,29,30,28,30,28,28,28,30,0,37.03703703703704,10
동래구,구급,흉통,23,37226,0.0617847740826304,0.0692301758716445,0.071313406920501,0,0,2,4,0,2,4,10,7,8,온천동,11,선택 조건 접수 있음,6,30,29,30,29,32,31,29,32,0,43.47826086956522,8
동래구,화재,"대형화재(시장,공장)",19,37226,0.0510395959813033,0.1681579759333539,3.059581320450885,0,0,0,5,5,4,5,4,1,8,안락동,7,선택 조건 접수 있음,6,31,31,31,31,30,29,29,31,0,26.31578947368421,8
동래구,구급,행려병자,15,37226,0.0402944178799763,0.0308546744831842,0.046508743643805,6,6,3,4,2,3,1,0,9,3,온천동,7,선택 조건 접수 있음,6,32,32,33,31,30,35,30,35,0,60.0,3
동래구,기타,대민지원,14,37226,0.0376081233546446,0.0273835236038259,0.7364544976328248,6,6,4,4,5,3,4,2,0,3,수안동 / 안락동,3,선택 조건 접수 있음,6,33,34,34,34,33,32,32,34,0,35.714285714285715,3
동래구,화재,기타화재(속보설비),13,37226,0.0349218288293128,0.0104134526380746,2.0933977455716586,4,6,3,3,0,0,2,6,5,1,명장동,8,선택 조건 접수 있음,6,34,32,32,33,34,33,32,34,0,46.15384615384615,1
동래구,구조,기계사고,8,37226,0.021490356202654,0.0401110768281394,0.3262642740619902,0,0,0,5,2,1,2,2,1,9,안락동,3,선택 조건 접수 있음,6,35,35,35,35,35,34,34,35,0,25.0,9
동래구,구급,무선페이징,6,37226,0.0161177671519905,0.007713668620796,0.018603497457522,6,6,3,3,0,0,1,4,1,1,안락동,2,선택 조건 접수 있음,6,36,35,36,36,38,36,35,38,0,66.66666666666666,1
동래구,구조,수난사고,5,37226,0.0134314726266587,0.1465597037951249,0.2039151712887439,0,0,0,2,0,1,0,4,0,14,온천동,3,선택 조건 접수 있음,6,37,37,37,36,43,36,36,43,0,80.0,14
동래구,화재,산불,4,37226,0.010745178101327,0.0341329836470225,0.644122383252818,0,0,1,3,1,2,1,0,0,12,온천동,4,선택 조건 접수 있음,6,38,39,40,38,36,38,36,40,0,50.0,12
동래구,화재,지하화재,4,37226,0.010745178101327,0.0144631286639925,0.644122383252818,2,3,2,3,0,2,1,0,1,10,온천동,2,선택 조건 접수 있음,6,38,38,40,38,36,39,36,40,0,50.0,10
동래구,구급,아나필락시스,3,37226,0.0080588835759952,0.0046282011724776,0.009301748728761,6,6,2,2,0,0,0,1,2,3,온천동,2,선택 조건 접수 있음,6,40,39,38,38,38,43,38,43,0,66.66666666666666,3
동래구,구급,응급신경증상(뇌졸중),3,37226,0.0080588835759952,0.0133060783708731,0.009301748728761,0,0,1,2,0,0,2,1,0,9,온천동,2,선택 조건 접수 있음,6,40,39,38,44,38,39,38,44,0,66.66666666666666,9
동래구,구조,실종자,2,37226,0.0053725890506635,0.0129203949398333,0.0815660685154975,0,0,1,2,0,0,0,1,1,12,사직동 / 온천동,1,선택 조건 접수 있음,6,42,42,40,41,43,43,40,43,0,50.0,12
동래구,구조,약물사고,2,37226,0.0053725890506635,0.0028926257327985,0.0815660685154975,6,6,1,1,0,2,0,0,0,3,사직동 / 온천동,1,선택 조건 접수 있음,6,42,42,,41,38,41,38,42,0,100.0,3
동래구,기타,지원출동(가스),2,37226,0.0053725890506635,0.005785251465597,0.1052077853761178,1,3,2,2,0,1,0,1,0,6,사직동 / 온천동,1,선택 조건 접수 있음,6,42,42,44,41,43,41,41,44,0,50.0,6
동래구,기타,지원출동(기타),2,37226,0.0053725890506635,0.0021212588707189,0.1052077853761178,3,3,2,2,0,0,1,0,1,2,수안동 / 온천동,1,선택 조건 접수 있음,6,42,42,40,44,38,43,38,44,0,50.0,2
동래구,구급,구급예약,1,37226,0.0026862945253317,0.0005785251465597,0.003100582909587,6,6,1,1,0,0,1,0,0,2,온천동,1,선택 조건 접수 있음,6,46,46,44,,43,43,43,46,0,100.0,2
동래구,구조,붕괴사고,1,37226,0.0026862945253317,0.0013498920086393,0.0407830342577487,2,3,1,1,0,0,0,0,1,2,수안동,1,선택 조건 접수 있음,6,46,46,44,44,43,,43,46,0,100.0,2
동래구,기타,순찰출동,1,37226,0.0026862945253317,0.0202483801295896,0.0526038926880589,0,0,0,1,1,0,0,0,0,15,사직동,1,선택 조건 접수 있음,6,46,,44,44,43,43,43,44,0,100.0,15
동래구,기타,지원출동(근접배치),1,37226,0.0026862945253317,0.0196698549830299,0.0526038926880589,0,0,0,1,0,1,0,0,0,15,사직동,1,선택 조건 접수 있음,6,46,46,,44,43,43,43,46,0,100.0,15
동래구,기타,지원출동(전기),1,37226,0.0026862945253317,0.0017355754396791,0.0526038926880589,3,3,1,1,0,0,0,0,1,2,온천동,1,선택 조건 접수 있음,6,46,46,44,44,43,,43,46,0,100.0,2
동래구,기타,지원출동(풍수해),1,37226,0.0026862945253317,0.0025069423017587,0.0526038926880589,2,1,1,1,0,0,1,0,0,4,안락동,1,선택 조건 접수 있음,6,46,46,44,,43,43,43,46,0,100.0,4
동래구,구급,가스중독,0,37226,0.0,0.0067494600431965,0.0,0,0,0,0,0,0,0,0,0,13,,0,선택 조건 접수 0건,6,,,,,,,,,0,,
동래구,구조,폭발사고,0,37226,0.0,0.0009642085775995,0.0,0,2,0,0,0,0,0,0,0,5,,0,선택 조건 접수 0건,6,,,,,,,,,0,,
동래구,구조,항공구조(수색구조),0,37226,0.0,0.0001928417155199,0.0,0,0,0,0,0,0,0,0,0,2,,0,선택 조건 접수 0건,6,,,,,,,,,0,,
동래구,구조,화학사고,0,37226,0.0,0.0003856834310398,0.0,0,0,0,0,0,0,0,0,0,3,,0,선택 조건 접수 0건,6,,,,,,,,,0,,
동래구,기타,기타,0,37226,0.0,0.0001928417155199,0.0,0,0,0,0,0,0,0,0,0,2,,0,선택 조건 접수 0건,6,,,,,,,,,0,,
동래구,기타,산사태,0,37226,0.0,0.0005785251465597,0.0,0,0,0,0,0,0,0,0,0,3,,0,선택 조건 접수 0건,6,,,,,,,,,0,,
동래구,기타,예방경계,0,37226,0.0,0.0023141005862388,0.0,0,0,0,0,0,0,0,0,0,10,,0,선택 조건 접수 0건,6,,,,,,,,,0,,
동래구,기타,응원출동,0,37226,0.0,0.0034711508793582,0.0,0,0,0,0,0,0,0,0,0,8,,0,선택 조건 접수 0건,6,,,,,,,,,0,,
동래구,기타,지원출동(경호),0,37226,0.0,0.0001928417155199,0.0,0,0,0,0,0,0,0,0,0,2,,0,선택 조건 접수 0건,6,,,,,,,,,0,,
동래구,기타,지원출동(급수),0,37226,0.0,0.0001928417155199,0.0,0,0,0,0,0,0,0,0,0,2,,0,선택 조건 접수 0건,6,,,,,,,,,0,,
동래구,기타,지원출동(데모시위),0,37226,0.0,0.0001928417155199,0.0,0,0,0,0,0,0,0,0,0,2,,0,선택 조건 접수 0건,6,,,,,,,,,0,,
동래구,기타,지원출동(도로세척),0,37226,0.0,0.0003856834310398,0.0,0,0,0,0,0,0,0,0,0,3,,0,선택 조건 접수 0건,6,,,,,,,,,0,,
동래구,기타,지원출동(재해),0,37226,0.0,0.0011570502931194,0.0,0,0,0,0,0,0,0,0,0,6,,0,선택 조건 접수 0건,6,,,,,,,,,0,,
동래구,기타,지원출동(한해),0,37226,0.0,0.0007713668620796,0.0,0,0,0,0,0,0,0,0,0,5,,0,선택 조건 접수 0건,6,,,,,,,,,0,,
동래구,기타,지원출동(행사지원),0,37226,0.0,0.0025069423017587,0.0,0,0,0,0,0,0,0,0,0,11,,0,선택 조건 접수 0건,6,,,,,,,,,0,,
동래구,기타,지원출동(환경),0,37226,0.0,0.0001928417155199,0.0,0,0,0,0,0,0,0,0,0,2,,0,선택 조건 접수 0건,6,,,,,,,,,0,,
동래구,화재,"사회적약자시설(요양원,장애인시설)",0,37226,0.0,0.0009642085775995,0.0,2,3,0,0,0,0,0,0,0,6,,0,선택 조건 접수 0건,6,,,,,,,,,0,,
동래구,화재,전기차화재,0,37226,0.0,0.0001928417155199,0.0,2,3,0,0,0,0,0,0,0,2,,0,선택 조건 접수 0건,6,,,,,,,,,0,,
동래구,화재,"특수화재(선박,위험물)",0,37226,0.0,0.0165843875347115,0.0,0,0,0,0,0,0,0,0,0,12,,0,선택 조건 접수 0건,6,,,,,,,,,0,,
금정구,구급,질병,12911,36852,35.03473352870943,34.256957532171725,41.28877518388232,6,6,4,5,2784,2667,2826,2665,1969,7,부곡동,2639,선택 조건 접수 있음,7,1,2,1,1,1,1,1,2,5,21.888312291844166,7
금정구,구급,질병외,12302,36852,33.38217735808097,34.02378722535043,39.341221618164376,0,0,0,5,1667,2134,2782,2738,2981,7,부곡동,2503,선택 조건 접수 있음,7,2,1,2,2,2,2,1,2,5,24.23183222240286,7
금정구,구급,부상,2734,36852,7.41886464778031,7.667256337029372,8.743204349216501,0,0,2,5,465,551,624,561,533,8,장전동,499,선택 조건 접수 있음,7,3,3,3,3,3,3,3,3,5,22.82370153621068,8
금정구,구급,교통사고,1512,36852,4.102898078801694,4.526394493326704,4.835305404541094,0,0,1,5,289,325,308,262,328,10,부곡동,329,선택 조건 접수 있음,7,4,4,4,4,4,4,4,4,5,21.693121693121693,10
금정구,기타,화재확인출동,1045,36852,2.8356669922934983,2.7034266399966085,53.58974358974359,6,3,4,5,110,165,219,275,276,5,남산동 / 장전동,192,선택 조건 접수 있음,7,5,5,5,5,5,5,5,5,5,26.411483253588518,5
금정구,구급,심정지,837,36852,2.271247150765223,2.2257165651123265,2.6766869203709627,5,6,4,5,139,165,161,173,199,8,부곡동,171,선택 조건 접수 있음,7,6,6,6,6,6,6,6,6,5,23.775388291517324,8
금정구,구조,시건개방,694,36852,1.883208509714534,1.922595166244648,23.40640809443508,0,0,3,5,101,116,168,156,153,7,부곡동,142,선택 조건 접수 있음,7,7,7,7,8,8,8,7,8,5,24.207492795389047,7
금정구,기타,기타출동,685,36852,1.8587864973407144,1.600203494085953,35.12820512820513,3,5,5,5,184,157,154,111,79,6,부곡동,153,선택 조건 접수 있음,7,8,8,8,7,7,7,7,8,5,26.86131386861314,6
금정구,구조,동물구조,642,36852,1.742103549332465,1.4595304990615376,21.652613827993253,6,6,5,5,158,137,130,109,108,6,부곡동,109,선택 조건 접수 있음,7,9,9,9,9,9,9,9,9,5,24.610591900311526,6
금정구,구급,구급기타,462,36852,1.253663301856073,1.093588009265147,1.4774544291653342,6,6,4,5,22,209,189,36,6,5,부곡동,77,선택 조건 접수 있음,7,10,10,12,12,10,10,10,12,3,45.23809523809524,5
금정구,구조,기타안전사고,419,36852,1.1369803538478238,1.2142199200669064,14.131534569983137,3,0,0,5,70,88,89,89,83,8,부곡동,84,선택 조건 접수 있음,7,11,11,10,10,11,11,10,11,2,21.241050119331742,8
금정구,구조,E/V사고,368,36852,0.9985889503961792,1.165080723174816,12.411467116357503,0,0,1,5,50,76,76,81,85,9,장전동,93,선택 조건 접수 있음,7,12,12,11,11,12,12,11,12,0,23.097826086956523,9
금정구,구조,교통사고,326,36852,0.8846195593183546,0.7717744453051834,10.994940978077572,6,6,3,5,65,81,63,56,61,5,부곡동,59,선택 조건 접수 있음,7,13,13,13,13,13,13,13,13,0,24.846625766871167,5
금정구,화재,기타화재,246,36852,0.6675350048844024,0.7182030855561594,36.8815592203898,1,2,1,5,45,43,54,53,51,7,장전동,53,선택 조건 접수 있음,7,14,14,14,14,14,14,14,14,0,21.951219512195124,7
금정구,구조,산악사고,231,36852,0.6268316509280365,0.1784427306748064,7.790893760539629,6,6,5,5,39,46,42,58,46,1,금성동,61,선택 조건 접수 있음,7,15,15,15,15,15,15,15,15,0,25.108225108225106,1
금정구,화재,일반화재(주택),186,36852,0.5047215890589384,0.4285708779921917,27.886056971514243,6,6,5,5,41,44,32,38,31,4,서동,34,선택 조건 접수 있음,7,16,17,17,17,16,16,16,17,0,23.655913978494624,4
금정구,구급,U안심폰대상자,182,36852,0.4938673613372408,0.4700019655678756,0.582027502398465,6,6,3,5,3,10,22,70,77,7,서동,48,선택 조건 접수 있음,7,17,16,16,16,18,19,16,19,0,42.30769230769231,7
금정구,구조,자연재해,156,36852,0.4233148811462064,0.510662242211919,5.261382799325464,0,0,0,5,60,40,14,31,11,6,장전동,32,선택 조건 접수 있음,7,18,19,18,18,17,17,17,19,0,38.46153846153847,6
금정구,화재,"고층건물(3층이상,아파트)",130,36852,0.3527624009551721,0.4611376398540084,19.49025487256372,0,0,0,5,24,21,22,37,26,10,부곡동 / 장전동,35,선택 조건 접수 있음,7,19,18,19,19,19,20,18,20,0,28.46153846153846,10
금정구,구급,사고부상,111,36852,0.3012048192771084,0.4079516855708048,0.354972817396866,0,0,0,5,36,34,21,18,2,10,부곡동,25,선택 조건 접수 있음,7,20,21,22,20,19,18,18,22,0,32.432432432432435,10
금정구,구급,약물중독,107,36852,0.2903505915554108,0.3202719420966828,0.3421810041573393,1,1,0,5,18,22,25,22,20,9,구서동,23,선택 조건 접수 있음,7,21,20,20,21,21,21,20,21,0,23.364485981308412,9
금정구,기타,상황출동,90,36852,0.244220123738196,0.2435762543984398,4.615384615384615,1,3,3,5,27,7,26,16,14,6,구서동 / 장전동,17,선택 조건 접수 있음,7,22,22,21,22,22,22,21,22,0,30.0,6
금정구,기타,민원출동,69,36852,0.1872354281992836,0.1826821907988299,3.5384615384615383,4,3,3,5,16,11,10,18,14,5,구서동,17,선택 조건 접수 있음,7,23,23,24,23,24,23,23,24,0,26.08695652173913,5
금정구,구조,자살,67,36852,0.1818083143384348,0.2283527384985373,2.259696458684654,0,0,0,5,15,6,15,15,16,10,장전동,13,선택 조건 접수 있음,7,24,24,23,24,23,24,23,24,0,23.88059701492537,10
금정구,구급,임산부,52,36852,0.1411049603820688,0.1830675962646502,0.1662935721138471,0,0,0,5,9,11,13,8,11,10,구서동 / 장전동,12,선택 조건 접수 있음,7,25,25,26,26,25,25,25,26,0,25.0,10
금정구,화재,일반화재(차량),52,36852,0.1411049603820688,0.1391313731611341,7.796101949025488,5,5,2,5,10,9,10,9,14,6,노포동,9,선택 조건 접수 있음,7,25,26,25,25,26,26,25,26,0,26.923076923076923,6
금정구,구조,추락사고,31,36852,0.0841202648431564,0.0880651489399422,1.045531197301855,4,2,3,5,4,7,7,6,7,9,구서동,7,선택 조건 접수 있음,7,27,28,28,27,27,27,27,28,0,22.58064516129032,9
금정구,기타,지원출동(배수),29,36852,0.0786931509823076,0.0589670362705083,1.4871794871794872,4,6,4,5,1,4,7,9,8,4,남산동,8,선택 조건 접수 있음,7,28,27,27,28,28,29,27,29,0,31.03448275862069,4
금정구,화재,"대형화재(시장,공장)",23,36852,0.0624118093997612,0.1672659721660172,3.4482758620689653,0,0,0,5,7,4,6,5,1,6,서동,8,선택 조건 접수 있음,7,29,32,30,29,29,28,28,32,0,30.434782608695656,6
금정구,화재,산불,22,36852,0.0596982524693368,0.0306397345327151,3.2983508245877062,6,6,4,4,4,0,5,8,5,2,금성동,6,선택 조건 접수 있음,7,30,30,29,29,33,30,29,33,0,36.36363636363637,2
금정구,구급,흉통,21,36852,0.0569846955389124,0.069565686580567,0.0671570195075152,0,0,2,4,0,2,5,4,10,10,남산동,6,선택 조건 접수 있음,7,31,29,30,31,30,33,29,33,0,47.61904761904761,10
금정구,구급,화상,20,36852,0.054271138608488,0.0807424450893562,0.0639590661976335,0,0,1,5,3,7,4,3,3,11,구서동,6,선택 조건 접수 있음,7,32,31,33,31,30,30,30,33,0,35.0,11
금정구,기타,대민지원,17,36852,0.0461304678172148,0.0267856798745119,0.8717948717948718,6,6,5,5,6,2,4,2,3,1,장전동,5,선택 조건 접수 있음,7,33,33,32,33,32,32,32,33,0,35.294117647058826,1
금정구,구조,수난사고,12,36852,0.0325626831650928,0.145105157881349,0.4047217537942664,0,0,0,5,3,1,2,2,4,12,구서동,5,선택 조건 접수 있음,7,34,34,34,34,34,35,34,35,0,33.33333333333333,12
금정구,구조,기계사고,11,36852,0.0298491262346684,0.0395040602465824,0.3709949409780775,0,0,1,5,3,2,1,4,1,7,남산동,4,선택 조건 접수 있음,7,35,36,35,34,36,34,34,36,0,36.36363636363637,7
금정구,구급,행려병자,10,36852,0.027135569304244,0.031795950930176,0.0319795330988167,0,0,2,4,1,2,0,1,6,8,구서동,3,선택 조건 접수 있음,7,36,34,36,34,35,36,34,36,0,60.0,8
금정구,구조,실종자,5,36852,0.013567784652122,0.0123329749062501,0.1686340640809443,6,4,3,4,1,0,2,1,1,5,구서동 / 금성동 / 부곡동 / 서동 / 선동,1,선택 조건 접수 있음,7,37,39,37,40,37,36,36,40,0,40.0,5
금정구,기타,지원출동(근접배치),5,36852,0.013567784652122,0.0188848678251954,0.2564102564102564,0,0,2,2,0,0,0,2,3,10,금성동,3,선택 조건 접수 있음,7,37,37,37,37,38,41,37,41,0,60.0,10
금정구,화재,기타화재(속보설비),5,36852,0.013567784652122,0.0119475694404298,0.7496251874062968,2,2,1,2,0,0,0,4,1,5,서동,3,선택 조건 접수 있음,7,37,37,37,37,43,36,36,43,0,80.0,5
금정구,기타,지원출동(가스),4,36852,0.0108542277216976,0.0053956765214844,0.2051282051282051,5,6,3,3,0,2,0,1,1,1,부곡동,3,선택 조건 접수 있음,7,40,39,42,39,38,39,38,42,0,50.0,1
금정구,구급,무선페이징,3,36852,0.0081406707912732,0.0082862175151368,0.009593859929645,3,3,1,1,0,0,0,3,0,7,부곡동,3,선택 조건 접수 있음,7,41,41,40,40,,39,39,41,0,100.0,7
금정구,구급,응급신경증상(뇌졸중),3,36852,0.0081406707912732,0.0132964885708009,0.009593859929645,2,3,1,2,0,0,2,0,1,9,남산동 / 부곡동 / 서동,1,선택 조건 접수 있음,7,41,41,40,45,38,41,38,45,0,66.66666666666666,9
금정구,기타,순찰출동,3,36852,0.0081406707912732,0.0198483814897462,0.1538461538461538,0,0,1,2,0,1,0,0,2,10,금성동,2,선택 조건 접수 있음,7,41,41,42,40,38,43,38,43,0,66.66666666666666,10
금정구,구급,가스중독,2,36852,0.0054271138608488,0.0063591901860352,0.0063959066197633,0,0,2,2,0,0,0,1,1,8,구서동 / 부곡동,1,선택 조건 접수 있음,7,44,44,42,43,43,43,42,44,0,50.0,8
금정구,구조,폭발사고,2,36852,0.0054271138608488,0.0005781081987304,0.0674536256323777,6,6,2,2,1,0,0,0,1,1,금사동 / 부곡동,1,선택 조건 접수 있음,7,44,45,42,43,42,43,42,45,0,50.0,1
금정구,구급,구급예약,1,36852,0.0027135569304244,0.0005781081987304,0.0031979533098816,6,6,1,1,0,1,0,0,0,2,서동,1,선택 조건 접수 있음,7,46,45,,45,43,43,43,45,0,100.0,2
금정구,구조,붕괴사고,1,36852,0.0027135569304244,0.0013489191303711,0.0337268128161888,6,6,1,1,0,0,0,1,0,2,부곡동,1,선택 조건 접수 있음,7,46,45,46,45,,43,43,46,0,100.0,2
금정구,기타,응원출동,1,36852,0.0027135569304244,0.0032759464594726,0.0512820512820512,2,3,1,1,0,0,0,0,1,4,두구동,1,선택 조건 접수 있음,7,46,45,46,45,43,,43,46,0,100.0,4
금정구,기타,지원출동(한해),1,36852,0.0027135569304244,0.0005781081987304,0.0512820512820512,6,6,1,1,0,0,1,0,0,1,구서동,1,선택 조건 접수 있음,7,46,45,46,,43,43,43,46,0,100.0,1
금정구,기타,지원출동(환경),1,36852,0.0027135569304244,0.0,0.0512820512820512,6,6,1,1,1,0,0,0,0,1,남산동,1,선택 조건 접수 있음,7,46,,46,45,43,43,43,46,0,100.0,1
금정구,화재,"사회적약자시설(요양원,장애인시설)",1,36852,0.0027135569304244,0.0007708109316406,0.1499250374812593,6,6,1,1,0,0,0,1,0,1,서동,1,선택 조건 접수 있음,7,46,45,46,45,,43,43,46,0,100.0,1
금정구,화재,지하화재,1,36852,0.0027135569304244,0.0150308131669923,0.1499250374812593,0,0,1,1,0,0,0,1,0,15,서동,1,선택 조건 접수 있음,7,46,45,46,45,,43,43,46,0,100.0,15
금정구,화재,"특수화재(선박,위험물)",1,36852,0.0027135569304244,0.0163797322973634,0.1499250374812593,0,0,0,1,0,0,1,0,0,9,장전동,1,선택 조건 접수 있음,7,46,45,46,,43,43,43,46,0,100.0,9
금정구,구급,아나필락시스,0,36852,0.0,0.0052029737885742,0.0,0,0,0,0,0,0,0,0,0,12,,0,선택 조건 접수 0건,7,,,,,,,,,0,,
금정구,구조,약물사고,0,36852,0.0,0.0032759464594726,0.0,0,0,0,0,0,0,0,0,0,11,,0,선택 조건 접수 0건,7,,,,,,,,,0,,
금정구,구조,항공구조(수색구조),0,36852,0.0,0.0001927027329101,0.0,3,3,0,0,0,0,0,0,0,2,,0,선택 조건 접수 0건,7,,,,,,,,,0,,
금정구,구조,화학사고,0,36852,0.0,0.0003854054658203,0.0,0,0,0,0,0,0,0,0,0,3,,0,선택 조건 접수 0건,7,,,,,,,,,0,,
금정구,기타,기타,0,36852,0.0,0.0001927027329101,0.0,0,1,0,0,0,0,0,0,0,2,,0,선택 조건 접수 0건,7,,,,,,,,,0,,
금정구,기타,산사태,0,36852,0.0,0.0005781081987304,0.0,0,0,0,0,0,0,0,0,0,3,,0,선택 조건 접수 0건,7,,,,,,,,,0,,
금정구,기타,예방경계,0,36852,0.0,0.0023124327949218,0.0,0,0,0,0,0,0,0,0,0,10,,0,선택 조건 접수 0건,7,,,,,,,,,0,,
금정구,기타,지원출동(경호),0,36852,0.0,0.0001927027329101,0.0,0,0,0,0,0,0,0,0,0,2,,0,선택 조건 접수 0건,7,,,,,,,,,0,,
금정구,기타,지원출동(급수),0,36852,0.0,0.0001927027329101,0.0,0,0,0,0,0,0,0,0,0,2,,0,선택 조건 접수 0건,7,,,,,,,,,0,,
금정구,기타,지원출동(기타),0,36852,0.0,0.002505135527832,0.0,3,3,0,0,0,0,0,0,0,10,,0,선택 조건 접수 0건,7,,,,,,,,,0,,
금정구,기타,지원출동(데모시위),0,36852,0.0,0.0001927027329101,0.0,0,0,0,0,0,0,0,0,0,2,,0,선택 조건 접수 0건,7,,,,,,,,,0,,
금정구,기타,지원출동(도로세척),0,36852,0.0,0.0003854054658203,0.0,0,0,0,0,0,0,0,0,0,3,,0,선택 조건 접수 0건,7,,,,,,,,,0,,
금정구,기타,지원출동(재해),0,36852,0.0,0.0011562163974609,0.0,3,3,0,0,0,0,0,0,0,6,,0,선택 조건 접수 0건,7,,,,,,,,,0,,
금정구,기타,지원출동(전기),0,36852,0.0,0.0019270273291015,0.0,0,0,0,0,0,0,0,0,0,10,,0,선택 조건 접수 0건,7,,,,,,,,,0,,
금정구,기타,지원출동(풍수해),0,36852,0.0,0.0026978382607422,0.0,0,0,0,0,0,0,0,0,0,12,,0,선택 조건 접수 0건,7,,,,,,,,,0,,
금정구,기타,지원출동(행사지원),0,36852,0.0,0.002505135527832,0.0,0,0,0,0,0,0,0,0,0,11,,0,선택 조건 접수 0건,7,,,,,,,,,0,,
금정구,화재,전기차화재,0,36852,0.0,0.0001927027329101,0.0,4,4,0,0,0,0,0,0,0,2,,0,선택 조건 접수 0건,7,,,,,,,,,0,,
남구,구급,질병,12876,36320,35.451541850220266,34.22861168969673,40.87100050787202,6,6,5,5,2731,2720,2777,2651,1997,8,대연동,4368,선택 조건 접수 있음,8,1,2,1,1,1,1,1,2,5,21.5672569120845,8
남구,구급,질병외,12245,36320,33.71420704845815,33.99991529763257,38.86808024377856,4,0,1,5,1672,2105,2669,2687,3112,8,대연동,4347,선택 조건 접수 있음,8,2,1,2,2,2,2,1,2,5,25.41445487954267,8
남구,구급,부상,2852,36320,7.852422907488988,7.63668844544205,9.0528186896902,6,5,5,5,507,566,578,630,571,6,대연동,1017,선택 조건 접수 있음,8,3,3,3,3,3,3,3,3,5,22.08976157082749,6
남구,구급,교통사고,1621,36320,4.463105726872247,4.500775796683517,5.145378364652108,3,2,2,5,383,336,336,290,276,6,대연동,736,선택 조건 접수 있음,8,4,4,4,4,4,4,4,4,5,23.627390499691547,6
남구,구급,심정지,885,36320,2.4366740088105727,2.214196886802986,2.809167089893347,6,6,4,5,132,180,190,186,197,5,용호동,276,선택 조건 접수 있음,8,5,5,5,6,5,5,5,6,5,22.259887005649716,5
남구,기타,화재확인출동,831,36320,2.2879955947136565,2.7418541348230683,55.54812834224599,0,4,0,5,84,167,129,217,234,9,대연동,400,선택 조건 접수 있음,8,6,6,6,5,6,6,5,6,5,28.158844765342963,9
남구,구조,시건개방,733,36320,2.018171806167401,1.913118471661283,27.018061186878,6,6,3,5,126,154,140,152,161,5,대연동,290,선택 조건 접수 있음,8,7,7,7,7,7,7,7,7,5,21.964529331514324,5
남구,기타,기타출동,475,36320,1.307819383259912,1.6389908097931338,31.75133689839572,0,0,1,5,130,129,80,69,67,9,대연동,193,선택 조건 접수 있음,8,8,10,10,8,8,8,8,10,5,27.368421052631582,9
남구,구조,기타안전사고,440,36320,1.2114537444933922,1.208933789699422,16.218208625138224,4,6,2,5,75,89,81,86,109,5,대연동,182,선택 조건 접수 있음,8,9,9,9,9,10,11,9,11,4,24.772727272727273,5
남구,구조,동물구조,435,36320,1.1976872246696035,1.497884365868026,16.033910799852563,0,0,1,5,99,82,105,68,81,9,대연동,167,선택 조건 접수 있음,8,10,11,8,11,9,10,8,11,3,24.137931034482758,9
남구,구조,E/V사고,395,36320,1.0875550660792952,1.1586898853822964,14.55952819756727,0,4,2,5,76,68,62,88,101,8,대연동,201,선택 조건 접수 있음,8,11,12,11,10,12,12,10,12,1,25.569620253164555,8
남구,구급,구급기타,388,36320,1.0682819383259912,1.1067134326404424,1.2315896394108683,1,1,2,5,13,154,180,36,5,8,대연동,155,선택 조건 접수 있음,8,12,8,12,13,11,9,8,13,2,46.391752577319586,8
남구,구조,교통사고,284,36320,0.7819383259911895,0.7790692749862359,10.46811647622558,2,6,3,5,56,69,53,61,45,8,대연동,98,선택 조건 접수 있음,8,13,13,13,12,13,13,12,13,0,24.295774647887324,8
남구,화재,기타화재,224,36320,0.6167400881057269,0.7217026715896709,36.902800658978585,0,2,1,5,39,39,47,61,38,8,대연동,88,선택 조건 접수 있음,8,14,15,15,14,14,14,14,15,0,27.232142857142854,8
남구,구급,U안심폰대상자,195,36320,0.5368942731277533,0.4670180531545856,0.6189690198070086,6,5,4,5,7,5,21,73,89,6,대연동,55,선택 조건 접수 있음,8,15,14,14,15,18,20,14,20,0,45.64102564102564,6
남구,구조,자연재해,179,36320,0.4928414096916299,0.5057116346401882,6.597862145226686,0,2,3,5,88,26,14,36,15,4,대연동,61,선택 조건 접수 있음,8,16,20,16,16,15,15,15,20,0,49.162011173184354,4
남구,화재,"고층건물(3층이상,아파트)",163,36320,0.4487885462555065,0.4543126980399102,26.85337726523888,0,6,2,5,25,36,26,40,36,7,대연동,70,선택 조건 접수 있음,8,17,16,17,17,17,17,16,17,0,24.539877300613497,7
남구,구급,사고부상,150,36320,0.4129955947136564,0.4000261807317514,0.4761300152361605,6,6,3,5,56,45,20,18,11,8,대연동,43,선택 조건 접수 있음,8,18,19,20,18,16,16,16,20,0,37.333333333333336,8
남구,구급,약물중독,145,36320,0.3992290748898678,0.3126287379732264,0.4602590147282884,6,6,3,5,19,30,32,41,23,4,대연동,60,선택 조건 접수 있음,8,19,17,18,19,20,18,17,20,0,28.27586206896552,4
남구,화재,일반화재(주택),137,36320,0.3772026431718062,0.4375647299342016,22.57001647446458,2,6,1,5,25,29,26,32,25,10,대연동,48,선택 조건 접수 있음,8,20,18,19,20,19,19,18,20,0,23.357664233576642,10
남구,구조,자살,88,36320,0.2422907488986784,0.2240762629315489,3.243641725027645,2,3,4,5,22,10,19,17,20,6,대연동,38,선택 조건 접수 있음,8,21,21,21,21,21,21,21,21,0,25.0,6
남구,구급,임산부,81,36320,0.2230176211453744,0.1772974554638802,0.2571102082275266,6,6,5,5,18,15,15,16,17,6,대연동,27,선택 조건 접수 있음,8,22,22,22,22,22,22,22,22,0,22.22222222222222,6
남구,기타,상황출동,75,36320,0.2064977973568282,0.2462143816919683,5.01336898395722,0,4,2,5,25,9,16,10,15,8,대연동,34,선택 조건 접수 있음,8,23,25,22,23,22,24,22,25,0,33.33333333333333,8
남구,구조,산악사고,73,36320,0.2009911894273127,0.208675832489518,2.69074824917066,0,2,1,5,14,17,20,10,12,7,용호동,43,선택 조건 접수 있음,8,24,23,25,25,24,23,23,25,0,27.397260273972602,7
남구,기타,민원출동,69,36320,0.1899779735682819,0.1824951007380656,4.612299465240642,3,6,3,5,16,11,14,16,12,5,대연동,26,선택 조건 접수 있음,8,25,24,24,24,25,25,24,25,0,23.18840579710145,5
남구,화재,일반화재(차량),52,36320,0.1431718061674008,0.1389888847393284,8.566721581548599,6,6,3,5,16,5,7,12,12,6,대연동,21,선택 조건 접수 있음,8,26,26,26,26,26,26,26,26,0,30.76923076923077,6
남구,구조,추락사고,40,36320,0.1101321585903083,0.0862424104753727,1.474382602285293,6,6,4,5,11,7,9,7,6,4,용호동,14,선택 조건 접수 있음,8,27,27,27,27,27,27,27,27,0,27.500000000000004,4
남구,구조,수난사고,31,36320,0.0853524229074889,0.141298949305633,1.1426465167711022,0,0,0,5,6,7,6,7,5,8,용호동,23,선택 조건 접수 있음,8,28,28,28,28,28,28,28,28,0,22.58064516129032,8
남구,구급,화상,26,36320,0.0715859030837004,0.0795047221569842,0.0825292026409344,1,0,2,5,3,7,6,6,4,10,대연동,11,선택 조건 접수 있음,8,29,29,29,29,29,29,29,29,0,26.923076923076923,10
남구,화재,"대형화재(시장,공장)",22,36320,0.0605726872246696,0.1672871756765601,3.624382207578254,0,0,0,5,6,5,3,4,4,7,감만동,7,선택 조건 접수 있음,8,30,31,31,30,30,30,30,31,0,27.27272727272727,7
남구,구급,흉통,20,36320,0.0550660792951541,0.0696869477501896,0.063484002031488,1,1,1,4,0,1,9,4,6,11,대연동 / 용호동,9,선택 조건 접수 있음,8,31,30,29,32,31,31,29,32,0,45.0,11
남구,기타,지원출동(배수),16,36320,0.0440528634361233,0.061409216387598,1.0695187165775402,0,3,1,5,4,2,3,3,4,9,대연동,8,선택 조건 접수 있음,8,32,32,32,31,32,32,31,32,0,25.0,9
남구,기타,대민지원,11,36320,0.0302863436123348,0.0279132801761809,0.7352941176470589,5,6,4,5,3,2,3,2,1,7,대연동 / 용호동 / 우암동,3,선택 조건 접수 있음,8,33,33,33,33,33,33,33,33,0,27.27272727272727,7
남구,구조,기계사고,8,36320,0.0220264317180616,0.0400411191492802,0.2948765204570586,0,0,0,4,2,0,2,2,2,9,감만동 / 대연동,2,선택 조건 접수 있음,8,34,34,34,34,34,34,34,34,0,25.0,9
남구,구급,무선페이징,6,36320,0.0165198237885462,0.0077002152210154,0.0190452006094464,6,6,2,3,0,0,3,1,2,1,용호동,3,선택 조건 접수 있음,8,35,34,35,40,36,36,34,40,0,50.0,1
남구,기타,지원출동(근접배치),6,36320,0.0165198237885462,0.0186730219109624,0.4010695187165775,3,5,3,3,1,3,2,0,0,6,대연동,4,선택 조건 접수 있음,8,35,36,40,37,34,34,34,40,0,50.0,6
남구,구급,응급신경증상(뇌졸중),5,36320,0.0137665198237885,0.0128978604952008,0.015871000507872,5,5,2,3,0,1,0,3,1,5,용호동,3,선택 조건 접수 있음,8,37,36,38,35,43,36,35,43,0,60.0,5
남구,구조,실종자,5,36320,0.0137665198237885,0.0123203443536246,0.1842978252856616,4,4,2,4,0,2,1,1,1,5,용호동,3,선택 조건 접수 있음,8,37,36,40,37,37,36,36,40,0,40.0,5
남구,기타,순찰출동,5,36320,0.0137665198237885,0.0194430434330639,0.3342245989304813,3,3,2,2,0,0,0,2,3,9,대연동,5,선택 조건 접수 있음,8,37,36,36,35,40,43,35,43,0,60.0,9
남구,화재,산불,5,36320,0.0137665198237885,0.0338809469724678,0.8237232289950577,0,0,0,3,0,0,2,1,2,11,대연동,3,선택 조건 접수 있음,8,37,36,36,40,37,39,36,40,0,40.0,11
남구,구급,행려병자,4,36320,0.0110132158590308,0.0329184200698409,0.0126968004062976,0,0,1,2,2,0,0,0,2,16,대연동,3,선택 조건 접수 있음,8,41,42,38,37,37,43,37,43,0,50.0,16
남구,구급,가스중독,3,36320,0.0082599118942731,0.0061601721768123,0.0095226003047232,6,6,3,3,1,1,1,0,0,5,용호동,2,선택 조건 접수 있음,8,42,42,44,44,40,39,39,44,0,33.33333333333333,5
남구,기타,지원출동(가스),3,36320,0.0082599118942731,0.0055826560352361,0.2005347593582887,6,6,1,1,0,0,0,3,0,2,용호동,2,선택 조건 접수 있음,8,42,41,40,40,,39,39,41,0,100.0,2
남구,화재,지하화재,3,36320,0.0082599118942731,0.0146304089199293,0.4942339373970346,0,0,1,1,3,0,0,0,0,13,대연동,2,선택 조건 접수 있음,8,42,,40,40,40,39,39,40,0,100.0,13
남구,구급,아나필락시스,2,36320,0.0055066079295154,0.0048126345131346,0.0063484002031488,6,6,2,2,0,0,1,0,1,7,대연동,2,선택 조건 접수 있음,8,45,42,44,46,43,47,42,47,0,50.0,7
남구,기타,예방경계,2,36320,0.0055066079295154,0.0019250538052538,0.1336898395721925,6,6,2,2,1,0,1,0,0,1,대연동 / 문현동,1,선택 조건 접수 있음,8,45,46,44,46,43,43,43,46,0,50.0,1
남구,기타,지원출동(행사지원),2,36320,0.0055066079295154,0.0021175591857792,0.1336898395721925,3,3,1,1,0,0,0,2,0,1,대연동,2,선택 조건 접수 있음,8,45,42,44,44,,43,42,44,0,100.0,1
남구,구조,폭발사고,1,36320,0.0027533039647577,0.0007700215221015,0.0368595650571323,6,6,1,1,0,0,0,0,1,2,대연동,1,선택 조건 접수 있음,8,48,46,48,46,46,,46,48,0,100.0,2
남구,구조,화학사고,1,36320,0.0027533039647577,0.0001925053805253,0.0368595650571323,6,6,1,1,0,0,0,0,1,1,감만동,1,선택 조건 접수 있음,8,48,46,48,46,46,,46,48,0,100.0,1
남구,기타,지원출동(데모시위),1,36320,0.0027533039647577,0.0,0.0668449197860962,6,6,1,1,0,0,1,0,0,1,감만동,1,선택 조건 접수 있음,8,48,46,48,,46,47,46,48,0,100.0,1
남구,화재,기타화재(속보설비),1,36320,0.0027533039647577,0.0127053551146754,0.1647446457990115,0,4,0,1,0,0,0,1,0,11,문현동,1,선택 조건 접수 있음,8,48,46,48,46,,47,46,48,0,100.0,11
남구,구급,구급예약,0,36320,0.0,0.0007700215221015,0.0,0,0,0,0,0,0,0,0,0,4,,0,선택 조건 접수 0건,8,,,,,,,,,0,,
남구,구조,붕괴사고,0,36320,0.0,0.001540043044203,0.0,0,0,0,0,0,0,0,0,0,8,,0,선택 조건 접수 0건,8,,,,,,,,,0,,
남구,구조,약물사고,0,36320,0.0,0.0032725914689315,0.0,3,3,0,0,0,0,0,0,0,11,,0,선택 조건 접수 0건,8,,,,,,,,,0,,
남구,구조,항공구조(수색구조),0,36320,0.0,0.0001925053805253,0.0,0,0,0,0,0,0,0,0,0,2,,0,선택 조건 접수 0건,8,,,,,,,,,0,,
남구,기타,기타,0,36320,0.0,0.0001925053805253,0.0,0,1,0,0,0,0,0,0,0,2,,0,선택 조건 접수 0건,8,,,,,,,,,0,,
남구,기타,산사태,0,36320,0.0,0.0005775161415761,0.0,0,0,0,0,0,0,0,0,0,3,,0,선택 조건 접수 0건,8,,,,,,,,,0,,
남구,기타,응원출동,0,36320,0.0,0.0034650968494569,0.0,1,2,0,0,0,0,0,0,0,8,,0,선택 조건 접수 0건,8,,,,,,,,,0,,
남구,기타,지원출동(경호),0,36320,0.0,0.0001925053805253,0.0,0,0,0,0,0,0,0,0,0,2,,0,선택 조건 접수 0건,8,,,,,,,,,0,,
남구,기타,지원출동(급수),0,36320,0.0,0.0001925053805253,0.0,2,3,0,0,0,0,0,0,0,2,,0,선택 조건 접수 0건,8,,,,,,,,,0,,
남구,기타,지원출동(기타),0,36320,0.0,0.00250256994683,0.0,1,2,0,0,0,0,0,0,0,10,,0,선택 조건 접수 0건,8,,,,,,,,,0,,
남구,기타,지원출동(도로세척),0,36320,0.0,0.0003850107610507,0.0,0,0,0,0,0,0,0,0,0,3,,0,선택 조건 접수 0건,8,,,,,,,,,0,,
남구,기타,지원출동(재해),0,36320,0.0,0.0011550322831523,0.0,3,3,0,0,0,0,0,0,0,6,,0,선택 조건 접수 0건,8,,,,,,,,,0,,
남구,기타,지원출동(전기),0,36320,0.0,0.0019250538052538,0.0,0,0,0,0,0,0,0,0,0,10,,0,선택 조건 접수 0건,8,,,,,,,,,0,,
남구,기타,지원출동(풍수해),0,36320,0.0,0.0026950753273553,0.0,0,0,0,0,0,0,0,0,0,12,,0,선택 조건 접수 0건,8,,,,,,,,,0,,
남구,기타,지원출동(한해),0,36320,0.0,0.0007700215221015,0.0,0,0,0,0,0,0,0,0,0,5,,0,선택 조건 접수 0건,8,,,,,,,,,0,,
남구,기타,지원출동(환경),0,36320,0.0,0.0001925053805253,0.0,0,0,0,0,0,0,0,0,0,2,,0,선택 조건 접수 0건,8,,,,,,,,,0,,
남구,화재,"사회적약자시설(요양원,장애인시설)",0,36320,0.0,0.0009625269026269,0.0,0,0,0,0,0,0,0,0,0,6,,0,선택 조건 접수 0건,8,,,,,,,,,0,,
남구,화재,전기차화재,0,36320,0.0,0.0001925053805253,0.0,0,0,0,0,0,0,0,0,0,2,,0,선택 조건 접수 0건,8,,,,,,,,,0,,
남구,화재,"특수화재(선박,위험물)",0,36320,0.0,0.0165554627251831,0.0,0,0,0,0,0,0,0,0,0,12,,0,선택 조건 접수 0건,8,,,,,,,,,0,,
수영구,구급,질병외,10473,31015,33.767531839432536,33.993875423756265,39.76987924356345,3,1,2,5,1304,1739,2419,2359,2652,9,광안동,3834,선택 조건 접수 있음,9,1,1,1,2,2,2,1,2,5,25.32225723288456,9
수영구,구급,질병,10449,31015,33.69014992745446,34.34507623325222,39.678742310321255,2,0,1,5,1983,2220,2347,2188,1711,9,광안동,3857,선택 조건 접수 있음,9,2,2,2,1,1,1,1,2,5,22.46147956742272,9
수영구,구급,부상,2450,31015,7.899403514428502,7.636092695671063,9.303561935140882,6,6,4,5,406,470,540,571,463,9,광안동,869,선택 조건 접수 있음,9,3,3,3,3,3,3,3,3,5,23.30612244897959,9
수영구,구급,교통사고,1525,31015,4.91697565694019,4.473570376411806,5.790992633097896,6,6,5,5,295,358,325,281,266,9,광안동,611,선택 조건 접수 있음,9,4,4,4,4,4,4,4,4,5,23.475409836065573,9
수영구,기타,화재확인출동,1120,31015,3.611155892310172,2.659064620567829,62.291434927697445,6,6,5,5,100,211,193,289,327,4,광안동,550,선택 조건 접수 있음,9,5,5,5,5,5,5,5,5,5,29.196428571428573,4
수영구,구조,시건개방,674,31015,2.173142028050943,1.9050214283944809,29.278887923544744,6,6,5,5,110,136,158,136,134,8,광안동,267,선택 조건 접수 있음,9,6,6,6,6,6,6,6,6,5,23.44213649851632,8
수영구,구급,심정지,639,31015,2.06029340641625,2.2386907813122296,2.426520847573479,0,0,1,5,103,127,144,121,144,11,광안동,223,선택 조건 접수 있음,9,7,7,7,7,7,7,7,7,5,22.535211267605636,11
수영구,기타,기타출동,459,31015,1.4799290665806868,1.625470919696401,25.52836484983315,0,0,1,5,139,114,91,70,45,10,광안동,231,선택 조건 접수 있음,9,8,10,9,8,8,8,8,10,5,30.28322440087146,10
수영구,구조,E/V사고,445,31015,1.4347896179268096,1.1374485251662154,19.331016507384884,6,6,5,5,59,69,96,112,109,5,광안동,165,선택 조건 접수 있음,9,9,8,8,9,9,10,8,10,5,25.168539325842698,5
수영구,구조,기타안전사고,372,31015,1.1994196356601643,1.209670503895985,16.159860990443093,4,6,1,5,57,70,91,80,74,11,광안동,125,선택 조건 접수 있음,9,10,11,10,10,11,11,10,11,2,24.462365591397848,11
수영구,구급,구급기타,354,31015,1.141383201676608,1.102004493388545,1.344269765322397,5,5,2,5,13,149,157,33,2,11,광안동,148,선택 조건 접수 있음,9,11,9,12,12,10,9,9,12,3,44.35028248587571,11
수영구,구조,동물구조,301,31015,0.9704981460583588,1.5082769436573285,13.075586446568202,0,0,0,5,53,56,55,59,78,13,광안동,113,선택 조건 접수 있음,9,12,12,11,11,12,12,11,12,0,25.91362126245847,13
수영구,화재,기타화재,210,31015,0.6770917298081573,0.7170746859106163,36.14457831325301,0,0,1,5,33,33,43,59,42,10,광안동,94,선택 조건 접수 있음,9,13,13,13,13,13,13,13,13,0,28.095238095238095,10
수영구,화재,"고층건물(3층이상,아파트)",185,31015,0.5964855714976625,0.4455276682591073,31.841652323580035,6,6,4,5,29,29,24,58,45,5,광안동,70,선택 조건 접수 있음,9,14,14,14,14,14,15,14,15,0,31.351351351351354,5
수영구,구조,자연재해,151,31015,0.4868611961953893,0.5059349697296535,6.5595134665508255,1,3,3,5,60,33,20,35,3,8,광안동,57,선택 조건 접수 있음,9,15,19,15,15,15,14,14,19,0,39.735099337748345,8
수영구,화재,일반화재(주택),139,31015,0.4481702402063517,0.4327601944467205,23.92426850258176,6,6,3,5,25,32,22,26,34,9,광안동,52,선택 조건 접수 있음,9,16,15,17,16,16,17,15,17,0,24.46043165467626,9
수영구,구조,교통사고,126,31015,0.4062550378848944,0.8013019012102421,5.473501303214596,0,0,0,5,26,20,29,19,32,12,광안동 / 남천동,36,선택 조건 접수 있음,9,17,17,18,18,17,18,17,18,0,25.396825396825395,12
수영구,구급,약물중독,120,31015,0.3869095598903756,0.3142323032332198,0.455684666210982,6,6,4,5,22,31,28,26,13,8,광안동,50,선택 조건 접수 있음,9,18,18,20,19,18,16,16,20,0,25.833333333333336,8
수영구,구급,U안심폰대상자,114,31015,0.3675640818958569,0.4777321917560231,0.4329004329004329,0,0,0,5,1,5,13,44,51,11,망미동,36,선택 조건 접수 있음,9,19,16,16,17,22,22,16,22,0,44.73684210526316,11
수영구,기타,상황출동,106,31015,0.3417701112364985,0.237818019669532,5.89543937708565,6,6,5,5,24,8,25,31,18,4,광안동,50,선택 조건 접수 있음,9,20,21,19,21,21,20,19,21,0,29.245283018867923,4
수영구,구조,수난사고,101,31015,0.3256488795743995,0.1265313822600715,4.387489139878366,6,6,5,5,11,30,25,19,16,2,민락동,42,선택 조건 접수 있음,9,21,20,22,22,20,21,20,22,0,29.7029702970297,2
수영구,구급,사고부상,100,31015,0.3224246332419797,0.4055102130262534,0.379737221842485,0,0,1,5,35,22,18,16,9,11,광안동,37,선택 조건 접수 있음,9,22,23,21,20,19,19,19,23,0,35.0,11
수영구,구조,자살,80,31015,0.2579397065935837,0.2233355120614515,3.475238922675934,5,5,4,5,11,16,17,16,20,8,광안동,37,선택 조건 접수 있음,9,23,22,23,23,23,23,22,23,0,25.0,8
수영구,기타,민원출동,74,31015,0.2385942285990649,0.1796974299265775,4.115684093437152,6,6,3,5,11,16,13,12,22,4,민락동,23,선택 조건 접수 있음,9,24,24,24,24,24,24,24,24,0,29.72972972972973,4
수영구,구급,임산부,46,31015,0.1483153312913106,0.1821747009648018,0.1746791220475431,3,3,1,5,8,6,10,12,10,12,광안동,18,선택 조건 접수 있음,9,25,25,25,25,25,25,25,25,0,26.08695652173913,12
수영구,구급,화상,27,31015,0.0870546509753345,0.0785104359806467,0.1025290498974709,6,6,3,5,6,6,5,3,7,7,광안동,14,선택 조건 접수 있음,9,26,26,26,26,26,27,26,27,0,25.925925925925924,7
수영구,화재,일반화재(차량),25,31015,0.0806061583104949,0.1427289236638457,4.3029259896729775,0,0,0,5,5,5,3,6,6,11,광안동,11,선택 조건 접수 있음,9,27,27,27,26,27,28,26,28,0,24.0,11
수영구,구조,산악사고,22,31015,0.0709334193132355,0.2162848175680439,0.9556907037358818,0,0,0,5,3,5,8,5,1,14,망미동,10,선택 조건 접수 있음,9,28,28,28,30,28,26,26,30,0,36.36363636363637,14
수영구,구급,흉통,19,31015,0.0612606803159761,0.0691730297596475,0.0721500721500721,0,0,2,4,0,4,7,4,4,13,광안동,7,선택 조건 접수 있음,9,29,28,29,31,29,29,28,31,0,36.84210526315789,13
수영구,구조,추락사고,19,31015,0.0612606803159761,0.0893723166867071,0.8253692441355344,0,0,1,5,5,4,1,4,5,14,광안동,7,선택 조건 접수 있음,9,29,30,29,28,29,30,28,30,0,26.31578947368421,14
수영구,기타,지원출동(배수),17,31015,0.0548121876511365,0.0605978607811788,0.9454949944382648,2,2,2,5,4,2,2,6,3,8,광안동,11,선택 조건 접수 있음,9,31,31,29,29,32,30,29,32,0,35.294117647058826,8
수영구,화재,"대형화재(시장,공장)",15,31015,0.0483636949862969,0.1669299561141907,2.5817555938037864,0,0,0,5,3,3,5,2,2,14,수영동,6,선택 조건 접수 있음,9,32,32,32,32,31,32,31,32,0,33.33333333333333,14
수영구,구조,기계사고,8,31015,0.0257939706593583,0.0396363366115886,0.3475238922675934,0,0,1,4,3,0,2,2,1,9,민락동,4,선택 조건 접수 있음,9,33,33,33,33,34,33,33,34,0,37.5,9
수영구,기타,대민지원,8,31015,0.0257939706593583,0.0282027779736304,0.4449388209121245,2,3,2,4,3,0,2,1,2,10,광안동 / 민락동,3,선택 조건 접수 있음,9,33,33,33,33,33,34,33,34,0,37.5,10
수영구,기타,순찰출동,6,31015,0.0193454779945187,0.0190559310632637,0.3337041156840934,6,3,2,4,2,1,0,2,1,7,광안동 / 망미동,3,선택 조건 접수 있음,9,35,36,35,33,36,35,33,36,0,33.33333333333333,7
수영구,구급,응급신경증상(뇌졸중),5,31015,0.0161212316620989,0.0127674738123867,0.0189868610921242,6,6,2,3,0,2,1,0,2,5,광안동 / 민락동,2,선택 조건 접수 있음,9,36,33,37,37,35,36,33,37,0,40.0,5
수영구,구급,행려병자,5,31015,0.0161212316620989,0.0323950828075484,0.0189868610921242,0,0,0,3,1,0,0,1,3,12,광안동,3,선택 조건 접수 있음,9,36,36,35,36,36,40,35,40,0,60.0,12
수영구,화재,지하화재,4,31015,0.0128969853296791,0.0142919482974478,0.6884681583476764,2,3,1,3,1,2,0,0,1,10,광안동,2,선택 조건 접수 있음,9,38,38,41,37,36,36,36,41,0,50.0,10
수영구,구급,무선페이징,3,31015,0.0096727389972593,0.0081940503572034,0.0113921166552745,6,6,1,2,0,0,2,1,0,7,광안동,2,선택 조건 접수 있음,9,39,38,37,44,39,36,36,44,0,66.66666666666666,7
수영구,구급,아나필락시스,3,31015,0.0096727389972593,0.0045734234551833,0.0113921166552745,6,6,3,3,0,0,1,1,1,3,광안동 / 망미동 / 수영동,1,선택 조건 접수 있음,9,39,38,37,40,39,40,37,40,0,33.33333333333333,3
수영구,기타,지원출동(근접배치),3,31015,0.0096727389972593,0.0190559310632637,0.1668520578420467,4,4,1,2,2,0,0,1,0,13,광안동,2,선택 조건 접수 있음,9,39,44,37,39,39,36,36,44,0,66.66666666666666,13
수영구,구급,가스중독,2,31015,0.0064484926648395,0.006288457250877,0.0075947444368497,2,2,2,2,0,1,0,1,0,8,광안동 / 민락동,1,선택 조건 접수 있음,9,42,41,43,40,44,40,40,44,0,50.0,8
수영구,구조,실종자,2,31015,0.0064484926648395,0.0127674738123867,0.0868809730668983,0,0,2,2,0,1,0,0,1,12,광안동 / 민락동,1,선택 조건 접수 있음,9,42,41,43,40,39,43,39,43,0,50.0,12
수영구,기타,지원출동(행사지원),2,31015,0.0064484926648395,0.002096152416959,0.1112347052280311,5,5,1,1,0,0,0,0,2,1,광안동 / 민락동,1,선택 조건 접수 있음,9,42,41,41,40,39,,39,41,0,100.0,1
수영구,구조,약물사고,1,31015,0.0032242463324197,0.0030489489701222,0.0434404865334491,3,2,1,1,1,0,0,0,0,6,수영동,1,선택 조건 접수 있음,9,45,,43,44,44,43,43,44,0,100.0,6
수영구,기타,지원출동(가스),1,31015,0.0032242463324197,0.0059073386296117,0.0556173526140155,1,2,1,1,0,0,0,0,1,12,망미동,1,선택 조건 접수 있음,9,45,44,43,44,44,,43,44,0,100.0,12
수영구,기타,지원출동(기타),1,31015,0.0032242463324197,0.0022867117275916,0.0556173526140155,3,2,1,1,1,0,0,0,0,4,광안동,1,선택 조건 접수 있음,9,45,,43,44,44,43,43,44,0,100.0,4
수영구,기타,지원출동(풍수해),1,31015,0.0032242463324197,0.0024772710382242,0.0556173526140155,3,2,1,1,0,0,0,1,0,4,망미동,1,선택 조건 접수 있음,9,45,44,43,44,,43,43,44,0,100.0,4
수영구,화재,기타화재(속보설비),1,31015,0.0032242463324197,0.0125769145017541,0.1721170395869191,3,3,0,1,0,0,0,1,0,11,남천동,1,선택 조건 접수 있음,9,45,44,43,44,,43,43,44,0,100.0,11
수영구,화재,산불,1,31015,0.0032242463324197,0.0343006759138748,0.1721170395869191,0,0,0,1,1,0,0,0,0,15,광안동,1,선택 조건 접수 있음,9,45,,43,44,44,43,43,44,0,100.0,15
수영구,화재,"특수화재(선박,위험물)",1,31015,0.0032242463324197,0.0161975414037742,0.1721170395869191,0,0,1,1,0,0,0,0,1,9,민락동,1,선택 조건 접수 있음,9,45,44,43,44,44,,43,44,0,100.0,9
수영구,구급,구급예약,0,31015,0.0,0.0007622372425305,0.0,3,3,0,0,0,0,0,0,0,4,,0,선택 조건 접수 0건,9,,,,,,,,,0,,
수영구,구조,붕괴사고,0,31015,0.0,0.0015244744850611,0.0,2,2,0,0,0,0,0,0,0,8,,0,선택 조건 접수 0건,9,,,,,,,,,0,,
수영구,구조,폭발사고,0,31015,0.0,0.0009527965531631,0.0,0,0,0,0,0,0,0,0,0,5,,0,선택 조건 접수 0건,9,,,,,,,,,0,,
수영구,구조,항공구조(수색구조),0,31015,0.0,0.0001905593106326,0.0,0,0,0,0,0,0,0,0,0,2,,0,선택 조건 접수 0건,9,,,,,,,,,0,,
수영구,구조,화학사고,0,31015,0.0,0.0003811186212652,0.0,0,0,0,0,0,0,0,0,0,3,,0,선택 조건 접수 0건,9,,,,,,,,,0,,
수영구,기타,기타,0,31015,0.0,0.0001905593106326,0.0,4,4,0,0,0,0,0,0,0,2,,0,선택 조건 접수 0건,9,,,,,,,,,0,,
수영구,기타,산사태,0,31015,0.0,0.0005716779318979,0.0,0,0,0,0,0,0,0,0,0,3,,0,선택 조건 접수 0건,9,,,,,,,,,0,,
수영구,기타,예방경계,0,31015,0.0,0.0022867117275916,0.0,0,0,0,0,0,0,0,0,0,10,,0,선택 조건 접수 0건,9,,,,,,,,,0,,
수영구,기타,응원출동,0,31015,0.0,0.0034300675913874,0.0,0,0,0,0,0,0,0,0,0,8,,0,선택 조건 접수 0건,9,,,,,,,,,0,,
수영구,기타,지원출동(경호),0,31015,0.0,0.0001905593106326,0.0,0,0,0,0,0,0,0,0,0,2,,0,선택 조건 접수 0건,9,,,,,,,,,0,,
수영구,기타,지원출동(급수),0,31015,0.0,0.0001905593106326,0.0,0,0,0,0,0,0,0,0,0,2,,0,선택 조건 접수 0건,9,,,,,,,,,0,,
수영구,기타,지원출동(데모시위),0,31015,0.0,0.0001905593106326,0.0,0,0,0,0,0,0,0,0,0,2,,0,선택 조건 접수 0건,9,,,,,,,,,0,,
수영구,기타,지원출동(도로세척),0,31015,0.0,0.0003811186212652,0.0,0,0,0,0,0,0,0,0,0,3,,0,선택 조건 접수 0건,9,,,,,,,,,0,,
수영구,기타,지원출동(재해),0,31015,0.0,0.0011433558637958,0.0,3,3,0,0,0,0,0,0,0,6,,0,선택 조건 접수 0건,9,,,,,,,,,0,,
수영구,기타,지원출동(전기),0,31015,0.0,0.0019055931063263,0.0,0,0,0,0,0,0,0,0,0,10,,0,선택 조건 접수 0건,9,,,,,,,,,0,,
수영구,기타,지원출동(한해),0,31015,0.0,0.0007622372425305,0.0,0,0,0,0,0,0,0,0,0,5,,0,선택 조건 접수 0건,9,,,,,,,,,0,,
수영구,기타,지원출동(환경),0,31015,0.0,0.0001905593106326,0.0,3,3,0,0,0,0,0,0,0,2,,0,선택 조건 접수 0건,9,,,,,,,,,0,,
수영구,화재,"사회적약자시설(요양원,장애인시설)",0,31015,0.0,0.0009527965531631,0.0,0,0,0,0,0,0,0,0,0,6,,0,선택 조건 접수 0건,9,,,,,,,,,0,,
수영구,화재,전기차화재,0,31015,0.0,0.0001905593106326,0.0,0,0,0,0,0,0,0,0,0,2,,0,선택 조건 접수 0건,9,,,,,,,,,0,,
연제구,구급,질병,10432,29648,35.18618456556935,34.25907271476304,40.2997759406629,3,3,5,5,2051,2195,2300,2141,1745,10,연산동,7588,선택 조건 접수 있음,10,1,2,2,1,1,1,1,2,5,22.04754601226994,10
연제구,구급,질병외,10324,29648,34.82191041554236,33.93387286225287,39.882562002626905,3,3,4,5,1336,1665,2340,2268,2715,10,연산동,7576,선택 조건 접수 있음,10,2,1,1,2,2,2,1,2,5,26.2979465323518,10
연제구,구급,부상,2249,29648,7.585671883432273,7.654455675127057,8.6880939503979,1,0,1,5,391,422,484,485,467,10,연산동,1701,선택 조건 접수 있음,10,3,3,3,3,3,3,3,3,5,21.56514006224989,10
연제구,구급,교통사고,1404,29648,4.735563950350782,4.484945014425873,5.423781194468052,3,3,4,5,291,326,272,258,257,11,연산동,981,선택 조건 접수 있음,10,4,4,4,4,4,4,4,4,5,23.219373219373217,11
연제구,기타,화재확인출동,816,29648,2.752293577981652,2.7099354161835865,57.10286913925823,3,3,2,5,96,141,154,195,230,10,연산동,633,선택 조건 접수 있음,10,5,5,5,5,5,5,5,5,5,28.186274509803923,10
연제구,구급,심정지,708,29648,2.388019427954668,2.21975983487222,2.735069149347137,3,3,3,5,93,146,171,160,138,9,연산동,511,선택 조건 접수 있음,10,6,6,6,6,6,6,6,6,5,24.152542372881356,9
연제구,구조,시건개방,598,29648,2.0169994603345924,1.9145167237492824,31.60676532769556,3,6,4,5,104,101,132,134,127,10,연산동,460,선택 조건 접수 있음,10,7,7,7,7,7,7,7,7,5,22.40802675585284,10
연제구,기타,기타출동,438,29648,1.47733405288721,1.625239005736138,30.650804758572427,3,3,1,5,115,106,118,61,38,11,연산동,359,선택 조건 접수 있음,10,8,9,8,8,8,8,8,9,5,26.94063926940639,11
연제구,구급,구급기타,357,29648,1.2041284403669723,1.0985710973166736,1.3791238507301244,6,6,4,5,22,127,175,27,6,9,연산동,249,선택 조건 접수 있음,10,9,8,11,12,9,9,8,12,3,49.01960784313725,9
연제구,구조,E/V사고,346,29648,1.1670264436049649,1.153309587978819,18.287526427061312,3,6,3,5,40,59,77,78,92,10,연산동,257,선택 조건 접수 있음,10,10,10,9,9,10,10,9,10,5,26.589595375722542,10
연제구,구조,동물구조,302,29648,1.0186184565569347,1.504168107986878,15.961945031712473,0,0,0,5,66,48,55,70,63,12,연산동,218,선택 조건 접수 있음,10,11,11,10,10,11,11,10,11,2,23.178807947019866,12
연제구,구조,기타안전사고,275,29648,0.9275499190501888,1.2249637927691974,14.534883720930232,0,3,0,5,49,48,52,72,54,14,연산동,203,선택 조건 접수 있음,10,12,12,12,11,12,12,11,12,0,26.181818181818183,14
연제구,화재,기타화재,154,29648,0.5194279546681058,0.7258551938844943,34.92063492063492,0,4,0,5,27,21,45,35,26,12,연산동,127,선택 조건 접수 있음,10,13,13,13,15,14,13,13,15,0,29.22077922077922,12
연제구,화재,"고층건물(3층이상,아파트)",151,29648,0.5093092282784674,0.4508322911479498,34.240362811791385,6,6,3,5,39,28,28,27,29,9,연산동,114,선택 조건 접수 있음,10,14,14,14,14,13,14,13,14,0,25.82781456953642,9
연제구,구조,자연재해,136,29648,0.4587155963302752,0.5074714238469755,7.188160676532769,0,4,2,5,57,34,4,27,14,13,연산동,107,선택 조건 접수 있음,10,15,17,16,13,15,14,13,17,0,41.911764705882355,13
연제구,구급,U안심폰대상자,106,29648,0.357528332433891,0.4780114722753346,0.4094877539983002,0,0,0,4,0,1,5,39,61,13,연산동,80,선택 조건 접수 있음,10,16,15,15,16,20,22,15,22,0,57.54716981132076,13
연제구,구조,교통사고,104,29648,0.3507825148407987,0.8034013889892005,5.496828752642706,0,0,0,5,26,23,21,14,20,13,연산동,72,선택 조건 접수 있음,10,17,18,17,18,16,17,16,18,0,25.0,13
연제구,구급,사고부상,99,29648,0.333917970858068,0.4046466896517643,0.382446109866337,0,0,1,5,41,26,13,9,10,12,연산동,80,선택 조건 접수 있음,10,18,20,20,17,16,16,16,20,0,41.41414141414141,12
연제구,구급,약물중독,97,29648,0.3271721532649757,0.3177873485663457,0.3747199258286332,5,6,3,5,14,19,28,11,25,10,연산동,74,선택 조건 접수 있음,10,19,16,18,20,18,19,16,20,0,28.865979381443296,10
연제구,화재,일반화재(주택),95,29648,0.3204263356718834,0.4399986315377334,21.54195011337869,0,1,0,5,19,18,21,18,19,14,연산동,77,선택 조건 접수 있음,10,20,19,19,19,19,18,18,19,0,22.105263157894736,14
연제구,구조,자살,70,29648,0.2361036157582299,0.2246558887592228,3.699788583509514,2,6,4,5,15,13,17,10,15,9,연산동,60,선택 조건 접수 있음,10,21,21,21,21,21,20,20,21,0,24.285714285714285,9
연제구,기타,상황출동,63,29648,0.2124932541824069,0.2453728869612154,4.408677396780965,3,1,2,5,13,6,17,16,11,12,연산동,48,선택 조건 접수 있음,10,22,22,21,23,22,21,21,23,0,26.984126984126984,12
연제구,기타,민원출동,53,29648,0.1787641662169455,0.1832218923552376,3.70888733379986,3,1,2,5,9,9,5,13,17,12,연산동,42,선택 조건 접수 있음,10,23,23,23,22,24,24,22,24,0,32.075471698113205,12
연제구,구급,임산부,48,29648,0.1618996222342147,0.1813212503183575,0.1854284169048906,0,0,1,5,7,15,10,7,9,11,연산동,35,선택 조건 접수 있음,10,24,24,24,24,23,23,23,24,0,31.25,11
연제구,구조,산악사고,28,29648,0.0944414463032919,0.2145824859637585,1.4799154334038056,0,0,0,5,4,8,4,7,5,11,연산동,26,선택 조건 접수 있음,10,25,26,28,25,26,25,25,28,0,28.57142857142857,11
연제구,구급,흉통,27,29648,0.0910685375067458,0.067472792309242,0.104303484509001,6,6,3,3,0,0,11,7,9,6,연산동,21,선택 조건 접수 있음,10,26,25,25,29,28,27,25,29,0,40.74074074074074,6
연제구,기타,지원출동(배수),25,29648,0.0843227199136535,0.0589199031432818,1.7494751574527645,6,3,3,5,6,2,3,4,10,5,연산동,19,선택 조건 접수 있음,10,27,28,26,26,26,29,26,29,0,40.0,5
연제구,화재,일반화재(차량),25,29648,0.0843227199136535,0.1423580885623163,5.668934240362812,0,1,1,5,10,3,3,2,7,11,연산동,20,선택 조건 접수 있음,10,27,30,27,26,25,27,25,30,0,40.0,11
연제구,구조,추락사고,24,29648,0.0809498111171073,0.0881897905112347,1.2684989429175475,0,6,1,5,4,6,2,10,2,12,연산동,19,선택 조건 접수 있음,10,29,27,29,26,29,26,26,29,0,41.66666666666667,12
연제구,기타,지원출동(근접배치),17,29648,0.0573394495412844,0.0163455215171685,1.1896431070678797,6,6,4,4,0,8,3,4,2,1,연산동,11,선택 조건 접수 있음,10,30,29,31,30,30,29,29,31,0,47.05882352941176,1
연제구,구급,화상,13,29648,0.0438478143550998,0.0809673507710904,0.0502201962450745,0,0,0,5,2,2,5,1,3,13,연산동,12,선택 조건 접수 있음,10,31,31,30,32,31,31,30,32,0,38.46153846153847,13
연제구,구급,행려병자,9,29648,0.0303561791689152,0.0315506578122089,0.034767828169667,1,1,2,3,0,3,0,1,5,9,연산동,7,선택 조건 접수 있음,10,32,32,32,31,32,36,31,36,0,55.55555555555556,9
연제구,기타,순찰출동,8,29648,0.0269832703723691,0.0186262919614245,0.5598320503848845,6,6,3,3,2,3,3,0,0,6,연산동,8,선택 조건 접수 있음,10,33,33,34,34,32,32,32,34,0,37.5,6
연제구,화재,"대형화재(시장,공장)",8,29648,0.0269832703723691,0.1678266918565091,1.8140589569161,0,0,0,4,4,2,1,1,0,16,연산동,5,선택 조건 접수 있음,10,33,36,32,33,34,32,32,36,0,50.0,16
연제구,구급,무선페이징,6,29648,0.0202374527792768,0.0076025681475202,0.0231785521131113,5,5,4,4,0,1,1,3,1,1,연산동,5,선택 조건 접수 있음,10,35,33,34,34,39,34,33,39,0,50.0,1
연제구,구급,응급신경증상(뇌졸중),6,29648,0.0202374527792768,0.0125442374434083,0.0231785521131113,6,6,4,4,0,1,1,1,3,4,연산동,5,선택 조건 접수 있음,10,35,33,34,34,35,38,33,38,0,50.0,4
연제구,구조,기계사고,5,29648,0.0168645439827307,0.0401035469781692,0.2642706131078224,0,0,1,3,2,2,0,1,0,13,연산동,4,선택 조건 접수 있음,10,37,39,38,34,37,34,34,39,0,40.0,13
연제구,기타,대민지원,5,29648,0.0168645439827307,0.0286996947568888,0.3498950314905528,3,2,1,5,1,1,1,1,1,14,연산동,4,선택 조건 접수 있음,10,37,36,37,39,37,36,36,39,0,20.0,14
연제구,화재,지하화재,5,29648,0.0168645439827307,0.0140647510729124,1.1337868480725624,3,4,2,3,1,2,0,0,2,7,연산동,3,선택 조건 접수 있음,10,37,36,38,34,35,38,34,38,0,40.0,7
연제구,화재,산불,3,29648,0.0101187263896384,0.033831428256465,0.6802721088435374,0,0,0,2,0,1,2,0,0,13,연산동,2,선택 조건 접수 있음,10,40,39,40,41,39,38,38,41,0,66.66666666666666,13
연제구,구조,수난사고,2,29648,0.0067458175930922,0.1450189874139484,0.1057082452431289,0,0,0,1,0,2,0,0,0,16,연산동,2,선택 조건 접수 있음,10,41,41,,40,41,41,40,41,0,100.0,16
연제구,구급,아나필락시스,1,29648,0.0033729087965461,0.0049416692958881,0.0038630920188518,0,0,1,1,0,0,0,1,0,9,연산동,1,선택 조건 접수 있음,10,42,42,41,41,,42,41,42,0,100.0,9
연제구,구조,실종자,1,29648,0.0033729087965461,0.0129243658507843,0.0528541226215644,0,0,1,1,0,0,1,0,0,14,연산동,1,선택 조건 접수 있음,10,42,42,41,,42,42,41,42,0,100.0,14
연제구,구조,약물사고,1,29648,0.0033729087965461,0.003041027259008,0.0528541226215644,6,6,1,1,0,1,0,0,0,6,연산동,1,선택 조건 접수 있음,10,42,42,,41,42,42,41,42,0,100.0,6
연제구,기타,응원출동,1,29648,0.0033729087965461,0.003231091462696,0.0699790062981105,4,2,1,1,0,0,0,0,1,4,연산동,1,선택 조건 접수 있음,10,42,42,41,41,42,,41,42,0,100.0,4
연제구,기타,지원출동(가스),1,29648,0.0033729087965461,0.0058919903143281,0.0699790062981105,0,0,1,1,1,0,0,0,0,12,거제동,1,선택 조건 접수 있음,10,42,,41,41,42,42,41,42,0,100.0,12
연제구,기타,지원출동(풍수해),1,29648,0.0033729087965461,0.002470834647944,0.0699790062981105,3,3,1,1,0,0,0,0,1,4,연산동,1,선택 조건 접수 있음,10,42,42,41,41,42,,41,42,0,100.0,4
연제구,기타,지원출동(행사지원),1,29648,0.0033729087965461,0.002280770444256,0.0699790062981105,6,6,1,1,0,0,0,1,0,4,거제동,1,선택 조건 접수 있음,10,42,42,41,41,,42,41,42,0,100.0,4
연제구,구급,가스중독,0,29648,0.0,0.0066522471290802,0.0,0,0,0,0,0,0,0,0,0,13,,0,선택 조건 접수 0건,10,,,,,,,,,0,,
연제구,구급,구급예약,0,29648,0.0,0.000760256814752,0.0,3,3,0,0,0,0,0,0,0,4,,0,선택 조건 접수 0건,10,,,,,,,,,0,,
연제구,구조,붕괴사고,0,29648,0.0,0.001520513629504,0.0,4,4,0,0,0,0,0,0,0,8,,0,선택 조건 접수 0건,10,,,,,,,,,0,,
연제구,구조,폭발사고,0,29648,0.0,0.00095032101844,0.0,3,3,0,0,0,0,0,0,0,5,,0,선택 조건 접수 0건,10,,,,,,,,,0,,
연제구,구조,항공구조(수색구조),0,29648,0.0,0.000190064203688,0.0,0,0,0,0,0,0,0,0,0,2,,0,선택 조건 접수 0건,10,,,,,,,,,0,,
연제구,구조,화학사고,0,29648,0.0,0.000380128407376,0.0,3,3,0,0,0,0,0,0,0,3,,0,선택 조건 접수 0건,10,,,,,,,,,0,,
연제구,기타,기타,0,29648,0.0,0.000190064203688,0.0,2,2,0,0,0,0,0,0,0,2,,0,선택 조건 접수 0건,10,,,,,,,,,0,,
연제구,기타,산사태,0,29648,0.0,0.000570192611064,0.0,3,3,0,0,0,0,0,0,0,3,,0,선택 조건 접수 0건,10,,,,,,,,,0,,
연제구,기타,예방경계,0,29648,0.0,0.002280770444256,0.0,3,3,0,0,0,0,0,0,0,10,,0,선택 조건 접수 0건,10,,,,,,,,,0,,
연제구,기타,지원출동(경호),0,29648,0.0,0.000190064203688,0.0,0,0,0,0,0,0,0,0,0,2,,0,선택 조건 접수 0건,10,,,,,,,,,0,,
연제구,기타,지원출동(급수),0,29648,0.0,0.000190064203688,0.0,3,2,0,0,0,0,0,0,0,2,,0,선택 조건 접수 0건,10,,,,,,,,,0,,
연제구,기타,지원출동(기타),0,29648,0.0,0.002470834647944,0.0,3,0,0,0,0,0,0,0,0,10,,0,선택 조건 접수 0건,10,,,,,,,,,0,,
연제구,기타,지원출동(데모시위),0,29648,0.0,0.000190064203688,0.0,3,3,0,0,0,0,0,0,0,2,,0,선택 조건 접수 0건,10,,,,,,,,,0,,
연제구,기타,지원출동(도로세척),0,29648,0.0,0.000380128407376,0.0,0,0,0,0,0,0,0,0,0,3,,0,선택 조건 접수 0건,10,,,,,,,,,0,,
연제구,기타,지원출동(재해),0,29648,0.0,0.001140385222128,0.0,0,0,0,0,0,0,0,0,0,6,,0,선택 조건 접수 0건,10,,,,,,,,,0,,
연제구,기타,지원출동(전기),0,29648,0.0,0.00190064203688,0.0,0,0,0,0,0,0,0,0,0,10,,0,선택 조건 접수 0건,10,,,,,,,,,0,,
연제구,기타,지원출동(한해),0,29648,0.0,0.000760256814752,0.0,0,0,0,0,0,0,0,0,0,5,,0,선택 조건 접수 0건,10,,,,,,,,,0,,
연제구,기타,지원출동(환경),0,29648,0.0,0.000190064203688,0.0,0,0,0,0,0,0,0,0,0,2,,0,선택 조건 접수 0건,10,,,,,,,,,0,,
연제구,화재,기타화재(속보설비),0,29648,0.0,0.0127343016470963,0.0,0,2,0,0,0,0,0,0,0,16,,0,선택 조건 접수 0건,10,,,,,,,,,0,,
연제구,화재,"사회적약자시설(요양원,장애인시설)",0,29648,0.0,0.00095032101844,0.0,0,0,0,0,0,0,0,0,0,6,,0,선택 조건 접수 0건,10,,,,,,,,,0,,
연제구,화재,전기차화재,0,29648,0.0,0.000190064203688,0.0,0,0,0,0,0,0,0,0,0,2,,0,선택 조건 접수 0건,10,,,,,,,,,0,,
연제구,화재,"특수화재(선박,위험물)",0,29648,0.0,0.0163455215171685,0.0,0,0,0,0,0,0,0,0,0,12,,0,선택 조건 접수 0건,10,,,,,,,,,0,,
기장군,구급,질병,9490,29393,32.28659885006635,34.42143037616381,39.83378106111484,0,3,0,5,1823,2023,2208,1923,1513,11,기장읍,4773,선택 조건 접수 있음,11,1,2,2,1,1,1,1,2,5,23.26659641728135,11
기장군,구급,질병외,9211,29393,31.3373932568979,34.12887329428773,38.66269308260578,0,0,0,5,1161,1680,2116,2002,2252,11,기장읍,4658,선택 조건 접수 있음,11,2,1,1,2,2,2,1,2,5,24.449028335685593,11
기장군,구급,부상,2237,29393,7.610655598271697,7.6530273008949585,9.38969106783076,0,3,2,5,371,449,481,497,439,11,기장읍,1023,선택 조건 접수 있음,11,3,3,3,3,3,3,3,3,5,22.217255252570407,11
기장군,구급,교통사고,1352,29393,4.599734630694384,4.492650928108846,5.67494963062458,4,6,3,5,291,315,265,268,213,12,기장읍,651,선택 조건 접수 있음,11,4,4,4,4,4,4,4,4,5,23.298816568047336,12
기장군,기타,화재확인출동,894,29393,3.0415405028408125,2.693804818833077,56.36822194199243,6,6,5,5,84,171,187,220,232,8,기장읍,453,선택 조건 접수 있음,11,5,5,5,6,6,6,5,6,5,25.95078299776286,8
기장군,구조,동물구조,887,29393,3.017725308746981,1.3923057487466588,28.393085787451984,6,6,5,5,215,204,160,152,156,2,기장읍,269,선택 조건 접수 있음,11,6,6,6,5,5,5,5,6,5,24.23900789177001,2
기장군,구급,심정지,658,29393,2.238628244820195,2.228183125535484,2.761920752182673,3,4,3,5,101,123,147,136,151,10,기장읍,360,선택 조건 접수 있음,11,7,7,7,7,7,7,7,7,5,22.9483282674772,10
기장군,구조,시건개방,566,29393,1.925628551015548,1.9196683846479723,18.117797695262485,2,0,2,5,107,114,132,115,98,11,기장읍,340,선택 조건 접수 있음,11,8,8,8,8,9,8,8,9,5,23.32155477031802,11
기장군,기타,기타출동,511,29393,1.738509168849726,1.610583727367195,32.21941992433796,4,2,3,5,157,146,111,48,49,8,기장읍,252,선택 조건 접수 있음,11,9,10,10,10,8,9,8,10,5,30.724070450097845,8
기장군,구조,교통사고,495,29393,1.6840744394923963,0.7287330948549848,15.845070422535212,6,6,5,5,99,103,90,99,104,2,기장읍,146,선택 조건 접수 있음,11,10,9,9,9,10,10,9,10,5,21.01010101010101,2
기장군,구조,기타안전사고,395,29393,1.343857381009084,1.201573729133936,12.64404609475032,6,0,4,5,78,81,79,75,82,10,기장읍,174,선택 조건 접수 있음,11,11,12,11,11,11,12,11,12,0,20.759493670886076,10
기장군,화재,기타화재,368,29393,1.2519987752185897,0.6848495325735715,42.84051222351572,6,6,5,5,91,63,73,72,69,3,기장읍,152,선택 조건 접수 있음,11,12,13,12,12,13,13,12,13,0,24.728260869565215,3
기장군,구급,구급기타,357,29393,1.214574898785425,1.0980389176907748,1.4984889187374075,6,6,4,5,8,142,164,39,4,9,기장읍,141,선택 조건 접수 있음,11,13,11,14,14,12,11,11,14,0,45.938375350140056,9
기장군,구조,E/V사고,340,29393,1.156737998843262,1.1538907242307554,10.88348271446863,5,0,2,5,71,66,60,69,74,11,기장읍,173,선택 조건 접수 있음,11,14,14,13,13,14,14,13,14,0,21.764705882352942,11
기장군,화재,일반화재(주택),175,29393,0.5953798523457966,0.4245877129825054,20.372526193247964,6,0,5,5,45,31,32,37,30,7,기장읍,76,선택 조건 접수 있음,11,15,15,15,15,16,16,15,16,0,25.71428571428571,7
기장군,구급,사고부상,161,29393,0.5477494641581329,0.3926723949596594,0.6757891202149093,6,6,5,5,52,47,26,22,14,5,기장읍,75,선택 조건 접수 있음,11,16,17,18,16,15,15,15,18,0,32.298136645962735,5
기장군,구조,자연재해,149,29393,0.5069234171401353,0.5047559523017974,4.769526248399488,3,0,2,5,80,16,14,31,8,9,기장읍,85,선택 조건 접수 있음,11,17,21,16,16,17,17,16,21,0,53.691275167785236,9
기장군,구급,U안심폰대상자,127,29393,0.4320756642738067,0.473790494934393,0.5330758898589657,0,1,1,5,2,11,12,40,62,10,기장읍,53,선택 조건 접수 있음,11,18,16,17,18,18,23,16,23,0,48.818897637795274,10
기장군,구조,산악사고,93,29393,0.3164018643894805,0.2021303474780249,2.976952624839949,6,6,5,5,17,31,15,13,17,6,기장읍,26,선택 조건 접수 있음,11,19,18,24,19,19,18,18,24,0,33.33333333333333,6
기장군,화재,"고층건물(3층이상,아파트)",93,29393,0.3164018643894805,0.4616322785447375,10.826542491268915,0,0,0,5,18,16,16,24,19,12,기장읍,56,선택 조건 접수 있음,11,19,19,19,20,21,20,19,21,0,25.806451612903224,12
기장군,화재,일반화재(차량),91,29393,0.3095975232198142,0.1297509655333562,10.59371362048894,6,6,5,5,21,21,15,19,15,2,장안읍,26,선택 조건 접수 있음,11,21,20,20,21,20,18,18,21,0,23.076923076923077,2
기장군,구급,약물중독,86,29393,0.2925866702956486,0.3197230966217256,0.3609805238415043,0,4,2,5,20,16,15,18,17,11,기장읍,41,선택 조건 접수 있음,11,22,22,20,22,22,21,20,22,0,23.25581395348837,11
기장군,구조,수난사고,77,29393,0.2619671350321505,0.1307008261887981,2.464788732394366,6,6,5,5,19,14,16,20,8,5,기장읍,36,선택 조건 접수 있음,11,23,23,23,23,23,21,21,23,0,25.97402597402597,5
기장군,기타,상황출동,70,29393,0.2381519409383186,0.2439242163174662,4.4136191677175285,0,0,4,5,19,6,21,16,8,11,기장읍,35,선택 조건 접수 있음,11,24,25,22,27,24,24,22,27,0,30.0,11
기장군,화재,"대형화재(시장,공장)",66,29393,0.2245432585989861,0.1567270081479047,7.683352735739231,6,0,5,5,11,14,13,16,12,4,정관읍,21,선택 조건 접수 있음,11,25,24,26,24,27,25,24,27,0,24.242424242424242,4
기장군,구급,임산부,64,29393,0.2177389174293199,0.1781938589608904,0.2686366689053056,6,6,5,5,16,11,13,12,12,9,기장읍,36,선택 조건 접수 있음,11,26,27,25,25,25,26,25,27,0,25.0,9
기장군,구조,자살,60,29393,0.2041302350899874,0.2264467802573362,1.9206145966709347,3,0,2,5,15,16,12,8,9,11,기장읍 / 정관읍,20,선택 조건 접수 있음,11,27,28,28,28,25,27,25,28,0,26.666666666666668,11
기장군,화재,산불,58,29393,0.1973258939203211,0.0233665721238694,6.752037252619325,6,6,5,5,9,6,17,14,12,1,철마면,20,선택 조건 접수 있음,11,28,26,26,29,28,28,26,29,0,29.310344827586203,1
기장군,기타,민원출동,54,29393,0.1837172115809886,0.1829431622380996,3.4047919293820934,2,0,3,5,16,11,4,12,11,11,기장읍,27,선택 조건 접수 있음,11,29,29,29,26,29,29,26,29,0,29.629629629629626,11
기장군,구조,추락사고,35,29393,0.1190759704691593,0.0860573753830313,1.120358514724712,6,0,4,5,10,11,7,1,6,6,기장읍,18,선택 조건 접수 있음,11,30,31,32,30,30,31,30,32,0,31.428571428571427,6
기장군,구급,화상,34,29393,0.1156737998843261,0.0769387130907895,0.1427132303559435,6,6,4,5,10,3,7,10,4,5,기장읍,11,선택 조건 접수 있음,11,31,32,30,31,31,30,30,32,0,29.411764705882355,5
기장군,구급,흉통,31,29393,0.1054672881298268,0.0666802180120176,0.1301208865010074,6,6,4,4,0,3,7,10,11,4,기장읍,13,선택 조건 접수 있음,11,32,30,31,32,32,32,30,32,0,35.483870967741936,4
기장군,구조,기계사고,19,29393,0.0646412411118293,0.0374245098244087,0.6081946222791293,6,5,5,5,3,3,7,3,3,4,기장읍,7,선택 조건 접수 있음,11,33,33,33,33,33,33,33,33,0,36.84210526315789,4
기장군,기타,지원출동(배수),13,29393,0.0442282176028306,0.0611710262104549,0.819672131147541,0,0,1,5,2,2,6,1,2,11,기장읍,10,선택 조건 접수 있음,11,34,34,34,36,34,34,34,36,0,46.15384615384615,11
기장군,기타,순찰출동,11,29393,0.0374238764331643,0.018047352453395,0.6935687263556116,6,6,3,4,5,1,0,3,2,4,정관읍,4,선택 조건 접수 있음,11,35,36,35,34,35,35,34,36,0,45.45454545454545,4
기장군,기타,지원출동(근접배치),9,29393,0.0306195352634981,0.0178573803223067,0.5674653215636822,6,6,4,5,1,2,1,3,2,3,장안읍,5,선택 조건 접수 있음,11,36,35,36,35,36,36,35,36,0,33.33333333333333,3
기장군,구조,실종자,7,29393,0.0238151940938318,0.0117782721274788,0.2240717029449423,6,5,4,4,2,0,2,1,2,2,철마면,3,선택 조건 접수 있음,11,37,37,36,37,36,37,36,37,0,28.57142857142857,2
기장군,구급,행려병자,5,29393,0.0170108529241656,0.0322952622850227,0.0209872397582269,0,0,2,3,0,2,1,2,0,12,기장읍,3,선택 조건 접수 있음,11,38,37,40,38,41,37,37,41,0,40.0,12
기장군,기타,대민지원,5,29393,0.0170108529241656,0.0286857917943437,0.3152585119798234,0,0,2,4,1,0,1,2,1,14,기장읍,3,선택 조건 접수 있음,11,38,39,38,38,41,41,38,41,0,40.0,14
기장군,기타,응원출동,5,29393,0.0170108529241656,0.0024696377041488,0.3152585119798234,6,6,3,3,1,3,1,0,0,2,장안읍,3,선택 조건 접수 있음,11,38,39,45,38,38,37,37,45,0,60.0,2
기장군,화재,지하화재,5,29393,0.0170108529241656,0.0140579377005393,0.5820721769499418,3,0,3,3,2,2,1,0,0,7,기장읍,3,선택 조건 접수 있음,11,38,43,40,38,38,37,37,43,0,40.0,7
기장군,구급,아나필락시스,4,29393,0.0136086823393324,0.0043693590150324,0.0167897918065816,6,6,2,2,0,1,0,3,0,1,기장읍,3,선택 조건 접수 있음,11,42,39,40,38,47,41,38,47,0,75.0,1
기장군,구급,응급신경증상(뇌졸중),4,29393,0.0136086823393324,0.0129181049140091,0.0167897918065816,3,4,2,2,0,0,1,0,3,8,기장읍,3,선택 조건 접수 있음,11,42,39,39,43,40,47,39,47,0,75.0,8
기장군,구급,가스중독,3,29393,0.0102065117544993,0.0060791081948278,0.0125923438549361,6,6,2,2,0,2,0,1,0,5,철마면,2,선택 조건 접수 있음,11,44,43,47,43,44,43,43,47,0,66.66666666666666,5
기장군,기타,지원출동(가스),3,29393,0.0102065117544993,0.0055091918015627,0.189155107187894,6,6,2,2,0,0,1,0,2,2,기장읍,2,선택 조건 접수 있음,11,44,43,40,46,41,47,40,47,0,66.66666666666666,2
기장군,기타,지원출동(기타),3,29393,0.0102065117544993,0.0018997213108836,0.189155107187894,6,6,3,3,1,0,0,1,1,1,일광읍 / 정관읍 / 철마면,1,선택 조건 접수 있음,11,44,46,40,43,44,44,40,46,0,33.33333333333333,1
기장군,기타,지원출동(풍수해),2,29393,0.0068043411696662,0.0022796655730604,0.1261034047919293,3,3,2,2,0,0,1,1,0,1,일광읍 / 장안읍,1,선택 조건 접수 있음,11,47,46,45,48,47,44,44,48,0,50.0,1
기장군,화재,"특수화재(선박,위험물)",2,29393,0.0068043411696662,0.015957659011423,0.2328288707799767,0,0,1,2,1,1,0,0,0,7,기장읍 / 일광면,1,선택 조건 접수 있음,11,47,48,47,46,44,44,44,48,0,50.0,7
기장군,구조,붕괴사고,1,29393,0.0034021705848331,0.0013298049176185,0.0320102432778489,6,3,1,1,0,0,0,0,1,2,장안읍,1,선택 조건 접수 있음,11,49,48,47,48,47,,47,48,0,100.0,2
기장군,기타,기타,1,29393,0.0034021705848331,0.0,0.0630517023959646,5,5,1,1,1,0,0,0,0,1,기장읍,1,선택 조건 접수 있음,11,49,,47,48,47,47,47,48,0,100.0,1
기장군,기타,예방경계,1,29393,0.0034021705848331,0.002089693441972,0.0630517023959646,6,6,1,1,1,0,0,0,0,4,일광면,1,선택 조건 접수 있음,11,49,,47,48,47,47,47,48,0,100.0,4
기장군,기타,지원출동(도로세척),1,29393,0.0034021705848331,0.0001899721310883,0.0630517023959646,6,6,1,1,1,0,0,0,0,1,기장읍,1,선택 조건 접수 있음,11,49,,47,48,47,47,47,48,0,100.0,1
기장군,기타,지원출동(전기),1,29393,0.0034021705848331,0.0017097491797953,0.0630517023959646,3,3,1,1,0,0,0,1,0,2,기장읍,1,선택 조건 접수 있음,11,49,48,47,48,,47,47,48,0,100.0,2
기장군,기타,지원출동(한해),1,29393,0.0034021705848331,0.0005699163932651,0.0630517023959646,6,6,1,1,0,0,0,1,0,1,기장읍,1,선택 조건 접수 있음,11,49,48,47,48,,47,47,48,0,100.0,1
기장군,기타,지원출동(행사지원),1,29393,0.0034021705848331,0.0022796655730604,0.0630517023959646,3,3,1,1,0,0,0,1,0,4,일광읍,1,선택 조건 접수 있음,11,49,48,47,48,,47,47,48,0,100.0,4
기장군,화재,기타화재(속보설비),1,29393,0.0034021705848331,0.0125381606518323,0.1164144353899883,4,2,0,1,0,0,0,1,0,11,장안읍,1,선택 조건 접수 있음,11,49,48,47,48,,47,47,48,0,100.0,11
기장군,구급,구급예약,0,29393,0.0,0.0007598885243534,0.0,0,0,0,0,0,0,0,0,0,4,,0,선택 조건 접수 0건,11,,,,,,,,,0,,
기장군,구급,무선페이징,0,29393,0.0,0.0087387180300649,0.0,0,0,0,0,0,0,0,0,0,15,,0,선택 조건 접수 0건,11,,,,,,,,,0,,
기장군,구조,약물사고,0,29393,0.0,0.0032295262285022,0.0,0,0,0,0,0,0,0,0,0,11,,0,선택 조건 접수 0건,11,,,,,,,,,0,,
기장군,구조,폭발사고,0,29393,0.0,0.0009498606554418,0.0,0,0,0,0,0,0,0,0,0,5,,0,선택 조건 접수 0건,11,,,,,,,,,0,,
기장군,구조,항공구조(수색구조),0,29393,0.0,0.0001899721310883,0.0,3,2,0,0,0,0,0,0,0,2,,0,선택 조건 접수 0건,11,,,,,,,,,0,,
기장군,구조,화학사고,0,29393,0.0,0.0003799442621767,0.0,0,0,0,0,0,0,0,0,0,3,,0,선택 조건 접수 0건,11,,,,,,,,,0,,
기장군,기타,산사태,0,29393,0.0,0.0005699163932651,0.0,0,0,0,0,0,0,0,0,0,3,,0,선택 조건 접수 0건,11,,,,,,,,,0,,
기장군,기타,지원출동(경호),0,29393,0.0,0.0001899721310883,0.0,0,0,0,0,0,0,0,0,0,2,,0,선택 조건 접수 0건,11,,,,,,,,,0,,
기장군,기타,지원출동(급수),0,29393,0.0,0.0001899721310883,0.0,4,4,0,0,0,0,0,0,0,2,,0,선택 조건 접수 0건,11,,,,,,,,,0,,
기장군,기타,지원출동(데모시위),0,29393,0.0,0.0001899721310883,0.0,0,0,0,0,0,0,0,0,0,2,,0,선택 조건 접수 0건,11,,,,,,,,,0,,
기장군,기타,지원출동(재해),0,29393,0.0,0.0011398327865302,0.0,0,0,0,0,0,0,0,0,0,6,,0,선택 조건 접수 0건,11,,,,,,,,,0,,
기장군,기타,지원출동(환경),0,29393,0.0,0.0001899721310883,0.0,0,0,0,0,0,0,0,0,0,2,,0,선택 조건 접수 0건,11,,,,,,,,,0,,
기장군,화재,"사회적약자시설(요양원,장애인시설)",0,29393,0.0,0.0009498606554418,0.0,0,0,0,0,0,0,0,0,0,6,,0,선택 조건 접수 0건,11,,,,,,,,,0,,
기장군,화재,전기차화재,0,29393,0.0,0.0001899721310883,0.0,3,3,0,0,0,0,0,0,0,2,,0,선택 조건 접수 0건,11,,,,,,,,,0,,
강서구,구급,질병,7210,24603,29.305369263910908,34.540262018927564,37.93538882458172,0,0,0,5,1407,1520,1662,1544,1077,14,명지동,2517,선택 조건 접수 있음,12,1,2,2,1,1,1,1,2,5,23.05131761442441,14
강서구,구급,질병외,7096,24603,28.84201113685323,34.21928036100553,37.33557823845101,0,0,0,5,969,1224,1641,1565,1697,15,명지동,2382,선택 조건 접수 있음,12,2,1,1,2,2,2,1,2,5,23.91488162344983,15
강서구,구급,부상,2017,24603,8.198187212941512,7.625432289813491,10.612438177417658,2,6,5,5,352,400,443,419,403,12,명지동,565,선택 조건 접수 있음,12,3,3,3,3,3,3,3,3,5,21.963311849281112,12
강서구,구급,교통사고,1676,24603,6.812177376742673,4.391142035795573,8.818267915395138,6,6,5,5,338,326,370,325,317,5,명지동,429,선택 조건 접수 있음,12,4,4,4,4,4,4,4,4,5,22.0763723150358,5
강서구,구조,동물구조,897,24603,3.6458968418485553,1.3778678911034428,30.36560595802302,6,6,5,5,206,249,150,138,154,1,명지동,182,선택 조건 접수 있음,12,5,5,5,5,5,5,5,5,5,27.759197324414714,1
강서구,구조,교통사고,755,24603,3.0687314555135554,0.6732143159702023,25.558564658090724,6,6,5,5,165,182,120,168,120,1,대저1동,136,선택 조건 접수 있음,12,6,7,7,6,6,6,6,7,5,24.10596026490066,1
강서구,기타,화재확인출동,748,24603,3.0402796406942243,2.6969989626927067,54.95958853783982,6,4,5,5,85,136,161,185,181,12,명지동,205,선택 조건 접수 있음,12,7,6,6,7,7,7,6,7,5,24.732620320855613,12
강서구,화재,기타화재,507,24603,2.0607243019144006,0.6525058219107163,39.54758190327613,6,6,5,5,108,83,126,108,82,1,대저1동,99,선택 조건 접수 있음,12,8,8,8,8,8,8,8,8,5,24.85207100591716,1
강서구,구조,기타안전사고,433,24603,1.7599479738243304,1.1835845650180823,14.658090724441434,6,0,5,5,68,89,89,103,84,6,명지동,100,선택 조건 접수 있음,12,9,9,9,10,10,10,9,10,5,23.787528868360276,6
강서구,기타,기타출동,425,24603,1.7274316140308092,1.6122503920494444,31.227038941954444,6,3,4,5,125,131,62,58,49,12,명지동 / 신호동,64,선택 조건 접수 있음,12,10,11,10,9,9,9,9,11,4,30.823529411764707,12
강서구,구급,심정지,366,24603,1.487623460553591,2.263061882628021,1.9257076712617067,0,0,0,5,61,75,71,79,80,15,명지동,81,선택 조건 접수 있음,12,11,10,11,11,11,11,10,11,1,21.85792349726776,15
강서구,구조,시건개방,320,24603,1.3006543917408446,1.948669290997641,10.832769126607989,0,0,0,5,66,66,74,57,57,15,명지동,137,선택 조건 접수 있음,12,12,12,12,13,12,13,12,13,0,23.125,15
강서구,화재,"대형화재(시장,공장)",317,24603,1.2884607568182742,0.1080606871831365,24.726989079563182,6,6,5,5,70,74,66,58,49,1,송정동,90,선택 조건 접수 있음,12,13,13,13,12,13,12,12,13,0,23.34384858044164,1
강서구,구급,구급기타,219,24603,0.8901353493476405,1.1141169804003517,1.1522677049352836,0,2,0,5,9,98,93,18,1,14,명지동,74,선택 조건 접수 있음,12,14,14,16,18,14,14,14,18,0,44.74885844748858,14
강서구,화재,일반화재(주택),206,24603,0.8372962646831686,0.4149229173373394,16.068642745709827,6,0,5,5,45,43,47,37,34,2,대저2동,41,선택 조건 접수 있음,12,15,15,14,14,15,15,14,15,0,22.815533980582526,2
강서구,구조,E/V사고,192,24603,0.7803926350445068,1.171347727619295,6.4996614759647935,0,0,0,5,36,30,33,39,54,15,명지동,116,선택 조건 접수 있음,12,16,16,15,14,16,17,14,17,0,28.125,15
강서구,구급,사고부상,156,24603,0.6340690159736617,0.3900727244659562,0.8207934336525308,6,6,5,5,47,42,28,26,13,7,명지동,35,선택 조건 접수 있음,12,17,19,18,17,17,16,16,19,0,30.128205128205128,7
강서구,구조,자연재해,154,24603,0.6259399260252815,0.4992629658705192,5.213270142180095,6,0,4,5,42,34,17,40,21,7,대저1동,28,선택 조건 접수 있음,12,18,17,17,16,18,18,16,18,0,27.27272727272727,7
강서구,화재,일반화재(차량),133,24603,0.5405844815672886,0.1206740426557325,10.374414976599065,6,5,5,5,21,28,28,31,25,1,대저1동,25,선택 조건 접수 있음,12,19,17,19,19,19,19,17,19,0,23.308270676691727,1
강서구,화재,"고층건물(3층이상,아파트)",98,24603,0.3983254074706337,0.4565281644932161,7.644305772230889,0,0,2,5,10,19,25,18,26,11,명지동,47,선택 조건 접수 있음,12,20,20,20,20,20,20,20,20,0,26.53061224489796,11
강서구,기타,상황출동,73,24603,0.2967117831158802,0.2411598262745607,5.363703159441587,6,6,4,5,25,6,16,13,13,10,명지동,16,선택 조건 접수 있음,12,21,25,21,21,21,21,21,25,0,34.24657534246575,10
강서구,구급,임산부,66,24603,0.2682599682965492,0.1762104585425362,0.3472587603914553,6,6,5,5,9,19,15,14,9,8,명지동,39,선택 조건 접수 있음,12,22,22,23,24,22,22,22,24,0,28.78787878787879,8
강서구,구급,U안심폰대상자,64,24603,0.2601308783481689,0.4813783573645994,0.3367357676523203,0,0,1,5,4,4,12,17,27,16,대저2동,15,선택 조건 접수 있음,12,23,21,22,22,24,26,21,26,0,42.1875,16
강서구,구급,약물중독,61,24603,0.2479372434255985,0.3215464350327476,0.3209512785436178,0,0,1,5,8,14,19,10,10,14,명지동,21,선택 조건 접수 있음,12,24,23,23,26,23,23,23,26,0,31.147540983606557,14
강서구,기타,민원출동,59,24603,0.2398081534772182,0.1803521573544333,4.335047759000735,5,3,3,5,9,12,7,15,16,8,송정동,11,선택 조건 접수 있음,12,25,24,23,22,26,25,22,26,0,27.11864406779661,8
강서구,구조,자살,56,24603,0.2276145185546478,0.2251578081376851,1.895734597156398,6,0,2,5,8,14,13,11,10,12,명지동,15,선택 조건 접수 있음,12,26,25,26,25,25,24,24,26,0,25.0,12
강서구,구조,기계사고,44,24603,0.1788399788643661,0.03238055434756,1.4895057549085986,6,6,5,5,11,9,7,10,7,1,송정동,16,선택 조건 접수 있음,12,27,28,28,27,27,26,26,28,0,25.0,1
강서구,구조,수난사고,44,24603,0.1788399788643661,0.1357347656080861,1.4895057549085986,6,0,4,5,10,7,8,12,7,7,신호동,7,선택 조건 접수 있음,12,27,27,27,28,28,26,26,28,0,27.27272727272727,7
강서구,구급,화상,33,24603,0.1341299841482746,0.0764331689831941,0.1736293801957276,6,6,4,5,8,4,5,11,5,6,명지동,16,선택 조건 접수 있음,12,29,30,29,29,29,29,29,30,0,33.33333333333333,6
강서구,구조,산악사고,27,24603,0.1097427143031337,0.2127327117019934,0.9140148950575492,0,0,1,5,3,4,12,6,2,13,천성동,8,선택 조건 접수 있음,12,30,31,31,32,30,30,30,32,0,44.44444444444444,13
강서구,구급,흉통,26,24603,0.1056781693289436,0.0670202171379731,0.1367989056087551,6,6,3,3,0,0,7,9,10,7,대저2동 / 신호동,5,선택 조건 접수 있음,12,31,29,30,31,32,32,29,32,0,38.46153846153847,7
강서구,구조,추락사고,26,24603,0.1056781693289436,0.0869756750498415,0.8801624915368991,3,0,3,5,7,5,4,6,4,10,명지동 / 성북동,4,선택 조건 접수 있음,12,31,32,32,30,31,31,30,32,0,26.923076923076923,10
강서구,기타,지원출동(배수),13,24603,0.0528390846644718,0.0606194098832229,0.9551800146950772,0,0,2,4,0,2,1,4,6,11,대저2동,4,선택 조건 접수 있음,12,33,33,33,33,33,35,33,35,0,46.15384615384615,11
강서구,기타,대민지원,9,24603,0.0365809047677112,0.0276740784249495,0.6612784717119765,6,6,3,4,4,1,2,2,0,9,대저1동,2,선택 조건 접수 있음,12,34,37,34,36,35,33,33,37,0,44.44444444444444,9
강서구,기타,순찰출동,9,24603,0.0365809047677112,0.0182611265797286,0.6612784717119765,6,4,4,5,1,2,1,4,1,5,송정동,3,선택 조건 접수 있음,12,34,34,35,34,38,34,34,38,0,44.44444444444444,5
강서구,기타,지원출동(근접배치),8,24603,0.0325163597935211,0.0178846085059198,0.5878030859662013,6,6,3,3,3,4,0,0,1,5,강동동 / 대저1동,3,선택 조건 접수 있음,12,36,37,40,34,34,35,34,40,0,50.0,5
강서구,화재,산불,7,24603,0.0284518148193309,0.0327570724213689,0.5460218408736349,4,1,2,3,0,1,5,1,0,7,녹산동,3,선택 조건 접수 있음,12,37,35,36,42,36,35,35,42,0,71.42857142857143,7
강서구,기타,응원출동,6,24603,0.0243872698451408,0.002259108442853,0.440852314474651,6,6,4,4,1,0,2,1,2,1,대저1동 / 송정동,2,선택 조건 접수 있음,12,38,37,36,38,38,39,36,39,0,33.33333333333333,1
강서구,화재,기타화재(속보설비),6,24603,0.0243872698451408,0.0114838012511695,0.4680187207488299,6,4,2,2,0,0,3,0,3,4,미음동,6,선택 조건 접수 있음,12,38,36,36,41,36,41,36,41,0,50.0,4
강서구,화재,"특수화재(선박,위험물)",6,24603,0.0243872698451408,0.0150607229523535,0.4680187207488299,4,0,2,3,2,0,1,3,0,4,신호동,3,선택 조건 접수 있음,12,38,41,36,37,42,38,36,42,0,50.0,4
강서구,구급,행려병자,5,24603,0.0203227248709506,0.0320040362737512,0.0263074818478375,0,0,1,4,0,1,1,1,2,12,명지동 / 화전동,2,선택 조건 접수 있음,12,41,37,40,38,40,41,37,41,0,40.0,12
강서구,구급,가스중독,4,24603,0.0162581798967605,0.0058360301440369,0.02104598547827,6,6,3,3,2,1,0,1,0,1,송정동,2,선택 조건 접수 있음,12,42,44,43,38,42,39,38,44,0,50.0,1
강서구,구조,실종자,4,24603,0.0162581798967605,0.0122368373987872,0.1354096140825998,6,4,2,2,0,0,2,0,2,8,대저2동,2,선택 조건 접수 있음,12,42,41,40,42,40,45,40,45,0,50.0,8
강서구,구급,아나필락시스,3,24603,0.0121936349225704,0.004518216885706,0.0157844891087025,6,6,2,2,0,1,2,0,0,3,대항동 / 명지동 / 지사동,1,선택 조건 접수 있음,12,44,43,44,47,42,41,41,47,0,66.66666666666666,3
강서구,기타,지원출동(가스),3,24603,0.0121936349225704,0.0054595120702281,0.2204261572373255,6,6,3,3,1,1,1,0,0,2,대저1동 / 명지동 / 죽림동,1,선택 조건 접수 있음,12,44,44,44,42,42,41,41,44,0,33.33333333333333,2
강서구,구급,구급예약,2,24603,0.0081290899483802,0.0003765180738088,0.010522992739135,6,6,2,2,0,0,1,1,0,1,지사동 / 화전동,1,선택 조건 접수 있음,12,46,44,44,47,49,45,44,49,0,50.0,1
강서구,구급,응급신경증상(뇌졸중),2,24603,0.0081290899483802,0.0131781325833093,0.010522992739135,1,2,1,1,0,0,0,0,2,14,강동동 / 신호동,1,선택 조건 접수 있음,12,46,44,44,42,46,,42,46,0,100.0,14
강서구,기타,예방경계,2,24603,0.0081290899483802,0.0018825903690441,0.1469507714915503,6,3,2,2,0,1,1,0,0,1,대저1동 / 지사동,1,선택 조건 접수 있음,12,46,44,48,47,46,45,44,48,0,50.0,1
강서구,화재,지하화재,2,24603,0.0081290899483802,0.0144959458416402,0.15600624024961,2,0,2,2,0,1,0,0,1,14,명지동 / 지사동,1,선택 조건 접수 있음,12,46,44,48,42,46,48,42,48,0,50.0,14
강서구,구조,붕괴사고,1,24603,0.0040645449741901,0.0013178132583309,0.0338524035206499,5,2,1,1,0,1,0,0,0,2,송정동,1,선택 조건 접수 있음,12,50,50,,47,49,48,47,50,0,100.0,2
강서구,구조,폭발사고,1,24603,0.0040645449741901,0.0007530361476176,0.0338524035206499,6,5,1,1,1,0,0,0,0,2,송정동,1,선택 조건 접수 있음,12,50,,48,47,49,48,47,49,0,100.0,2
강서구,기타,지원출동(급수),1,24603,0.0040645449741901,0.0,0.0734753857457751,6,6,1,1,0,0,0,0,1,1,동선동,1,선택 조건 접수 있음,12,50,50,48,47,49,,47,50,0,100.0,1
강서구,기타,지원출동(기타),1,24603,0.0040645449741901,0.002259108442853,0.0734753857457751,6,4,1,1,0,0,0,1,0,4,대저1동,1,선택 조건 접수 있음,12,50,50,48,47,,48,47,50,0,100.0,4
강서구,기타,지원출동(재해),1,24603,0.0040645449741901,0.000941295184522,0.0734753857457751,3,3,1,1,0,1,0,0,0,2,명지동,1,선택 조건 접수 있음,12,50,50,,47,49,48,47,50,0,100.0,2
강서구,기타,지원출동(전기),1,24603,0.0040645449741901,0.0016943313321397,0.0734753857457751,6,4,1,1,0,0,0,0,1,2,명지동,1,선택 조건 접수 있음,12,50,50,48,47,49,,47,50,0,100.0,2
강서구,기타,지원출동(풍수해),1,24603,0.0040645449741901,0.0024473674797574,0.0734753857457751,6,6,1,1,0,0,0,0,1,4,송정동,1,선택 조건 접수 있음,12,50,50,48,47,49,,47,50,0,100.0,4
강서구,기타,지원출동(행사지원),1,24603,0.0040645449741901,0.002259108442853,0.0734753857457751,6,6,1,1,0,0,0,0,1,4,대저2동,1,선택 조건 접수 있음,12,50,50,48,47,49,,47,50,0,100.0,4
강서구,구급,무선페이징,0,24603,0.0,0.0086599156976032,0.0,0,0,0,0,0,0,0,0,0,15,,0,선택 조건 접수 0건,12,,,,,,,,,0,,
강서구,구조,약물사고,0,24603,0.0,0.0032004036273751,0.0,0,0,0,0,0,0,0,0,0,11,,0,선택 조건 접수 0건,12,,,,,,,,,0,,
강서구,구조,항공구조(수색구조),0,24603,0.0,0.0001882590369044,0.0,3,2,0,0,0,0,0,0,0,2,,0,선택 조건 접수 0건,12,,,,,,,,,0,,
강서구,구조,화학사고,0,24603,0.0,0.0003765180738088,0.0,0,0,0,0,0,0,0,0,0,3,,0,선택 조건 접수 0건,12,,,,,,,,,0,,
강서구,기타,기타,0,24603,0.0,0.0001882590369044,0.0,0,0,0,0,0,0,0,0,0,2,,0,선택 조건 접수 0건,12,,,,,,,,,0,,
강서구,기타,산사태,0,24603,0.0,0.0005647771107132,0.0,3,3,0,0,0,0,0,0,0,3,,0,선택 조건 접수 0건,12,,,,,,,,,0,,
강서구,기타,지원출동(경호),0,24603,0.0,0.0001882590369044,0.0,0,0,0,0,0,0,0,0,0,2,,0,선택 조건 접수 0건,12,,,,,,,,,0,,
강서구,기타,지원출동(데모시위),0,24603,0.0,0.0001882590369044,0.0,3,3,0,0,0,0,0,0,0,2,,0,선택 조건 접수 0건,12,,,,,,,,,0,,
강서구,기타,지원출동(도로세척),0,24603,0.0,0.0003765180738088,0.0,0,0,0,0,0,0,0,0,0,3,,0,선택 조건 접수 0건,12,,,,,,,,,0,,
강서구,기타,지원출동(한해),0,24603,0.0,0.0007530361476176,0.0,0,0,0,0,0,0,0,0,0,5,,0,선택 조건 접수 0건,12,,,,,,,,,0,,
강서구,기타,지원출동(환경),0,24603,0.0,0.0001882590369044,0.0,0,0,0,0,0,0,0,0,0,2,,0,선택 조건 접수 0건,12,,,,,,,,,0,,
강서구,화재,"사회적약자시설(요양원,장애인시설)",0,24603,0.0,0.000941295184522,0.0,3,0,0,0,0,0,0,0,0,6,,0,선택 조건 접수 0건,12,,,,,,,,,0,,
강서구,화재,전기차화재,0,24603,0.0,0.0001882590369044,0.0,3,2,0,0,0,0,0,0,0,2,,0,선택 조건 접수 0건,12,,,,,,,,,0,,
영도구,구급,질병,8169,22532,36.25510385229895,34.22627865895052,41.44176136363637,6,6,5,5,1761,1795,1784,1659,1170,12,동삼동,3166,선택 조건 접수 있음,13,1,2,1,1,1,1,1,2,5,21.973313747092668,12
영도구,구급,질병외,7829,22532,34.74613882478253,33.94892490257926,39.716923701298704,6,2,5,5,1130,1462,1743,1719,1775,12,동삼동,3104,선택 조건 접수 있음,13,2,1,2,2,2,2,1,2,5,22.672116489973178,12
영도구,구급,부상,1747,22532,7.753417361974082,7.646449909424027,8.862621753246753,6,0,2,5,290,341,401,352,363,13,동삼동,721,선택 조건 접수 있음,13,3,3,3,3,3,3,3,3,5,22.953634802518604,13
영도구,구급,교통사고,757,22532,3.359666252440973,4.5464262809092855,3.840300324675325,0,0,0,5,152,182,163,145,115,15,동삼동,206,선택 조건 접수 있음,13,4,4,4,4,4,4,4,4,5,24.042272126816382,15
영도구,구급,심정지,604,22532,2.6806319900585835,2.2096411841261387,3.0641233766233764,6,6,5,5,97,131,120,121,135,12,동삼동,239,선택 조건 접수 있음,13,5,5,5,5,5,5,5,5,5,22.350993377483444,12
영도구,기타,화재확인출동,448,22532,1.9882833303745784,2.7427829889696094,55.65217391304348,0,3,0,5,54,67,83,121,123,16,동삼동,124,선택 조건 접수 있음,13,6,6,6,6,7,7,6,7,5,27.455357142857146,16
영도구,구조,시건개방,424,22532,1.8817681519616547,1.9215983377527408,25.94859241126071,3,6,3,5,85,79,101,95,64,12,동삼동,186,선택 조건 접수 있음,13,7,7,7,7,6,6,6,7,5,23.82075471698113,12
영도구,구조,기타안전사고,289,22532,1.282620273388958,1.20599189129383,17.686658506731945,6,6,3,5,58,60,54,67,50,12,동삼동,107,선택 조건 접수 있음,13,8,8,8,9,9,9,8,9,5,23.18339100346021,12
영도구,구조,동물구조,285,22532,1.2648677436534703,1.4872837334553517,17.441860465116278,0,0,0,5,76,71,44,52,42,14,동삼동,123,선택 조건 접수 있음,13,9,10,9,8,8,8,8,10,5,26.666666666666668,14
영도구,기타,기타출동,243,22532,1.0784661814308538,1.640118967696445,30.18633540372671,0,4,0,5,60,77,47,38,21,16,동삼동,60,선택 조건 접수 있음,13,10,12,11,10,10,10,10,12,3,31.68724279835391,16
영도구,구급,구급기타,222,22532,0.9852654003195456,1.1092274975902665,1.1262175324675323,0,0,2,5,11,72,110,26,3,13,동삼동,78,선택 조건 접수 있음,13,11,9,13,14,11,11,9,14,1,49.549549549549546,13
영도구,구조,E/V사고,222,22532,0.9852654003195456,1.161172724442761,13.586291309669525,0,0,2,5,27,45,52,40,58,12,동삼동,75,선택 조건 접수 있음,13,11,11,10,11,12,12,10,12,1,26.126126126126124,12
영도구,구급,U안심폰대상자,162,22532,0.7189774542872359,0.4611310932501209,0.8218344155844156,6,6,3,5,1,2,23,58,78,9,동삼동,59,선택 조건 접수 있음,13,13,13,12,12,13,15,12,15,0,48.148148148148145,9
영도구,화재,기타화재,135,22532,0.5991478785726966,0.7197320601439464,35.43307086614173,0,2,0,5,26,23,31,31,24,13,동삼동,53,선택 조건 접수 있음,13,14,14,14,15,13,14,13,15,0,22.962962962962962,13
영도구,구조,자연재해,131,22532,0.5813953488372093,0.50163711852138,8.017135862913097,6,6,4,5,60,27,5,29,10,14,동삼동,41,선택 조건 접수 있음,13,15,16,15,13,15,13,13,16,0,45.80152671755725,14
영도구,구조,교통사고,96,22532,0.4260607136516953,0.7941806343693625,5.875152998776009,0,0,0,5,14,18,21,24,19,15,청학동,27,선택 조건 접수 있음,13,16,15,16,17,18,17,15,18,0,25.0,15
영도구,구조,수난사고,88,22532,0.3905556541807208,0.1269563847622334,5.385556915544676,6,6,5,5,21,24,20,9,14,4,동삼동,29,선택 조건 접수 있음,13,17,17,19,20,16,18,16,20,0,27.27272727272727,4
영도구,화재,일반화재(주택),87,22532,0.3861175217468489,0.4356272995608096,22.834645669291337,0,4,3,5,23,11,12,20,21,15,동삼동,21,선택 조건 접수 있음,13,18,18,17,17,19,19,17,19,0,26.436781609195403,15
영도구,구급,사고부상,86,22532,0.381679389312977,0.4016847506066527,0.4362824675324675,0,0,1,5,37,25,10,11,3,14,동삼동,36,선택 조건 접수 있음,13,19,21,20,16,17,16,16,21,0,43.02325581395349,14
영도구,화재,"고층건물(3층이상,아파트)",81,22532,0.3594887271436179,0.457943119038957,21.25984251968504,0,2,1,5,17,16,12,14,22,13,동삼동,33,선택 조건 접수 있음,13,20,18,18,19,19,20,18,20,0,27.160493827160494,13
영도구,구급,약물중독,66,22532,0.2929167406355406,0.3193600048007141,0.3348214285714285,0,0,2,5,16,8,15,12,15,12,동삼동,24,선택 조건 접수 있음,13,21,20,21,21,21,21,20,21,0,24.242424242424242,12
영도구,기타,민원출동,45,22532,0.1997159595242322,0.1822771137206659,5.590062111801243,6,6,2,5,7,6,9,15,8,13,동삼동,12,선택 조건 접수 있음,13,22,22,23,22,23,22,22,23,0,33.33333333333333,13
영도구,기타,상황출동,44,22532,0.1952778270903604,0.2456615421543954,5.46583850931677,0,3,0,5,12,2,12,10,8,16,동삼동,18,선택 조건 접수 있음,13,23,24,22,23,22,23,22,24,0,27.27272727272727,16
영도구,구조,자살,37,22532,0.1642109000532575,0.2278463921508324,2.2643818849449207,0,0,2,5,4,11,6,11,5,14,동삼동,17,선택 조건 접수 있음,13,24,23,24,24,24,24,23,24,0,29.72972972972973,14
영도구,구조,산악사고,28,22532,0.1242677081484111,0.2117189932002385,1.7135862913096696,0,0,0,5,4,4,9,4,7,11,동삼동,12,선택 조건 접수 있음,13,25,26,25,26,26,27,25,27,0,32.142857142857146,11
영도구,화재,"특수화재(선박,위험물)",28,22532,0.1242677081484111,0.0108766178969121,7.349081364829396,6,6,5,5,3,8,12,3,2,1,청학동,10,선택 조건 접수 있음,13,25,25,26,28,25,25,25,28,0,42.857142857142854,1
영도구,구조,추락사고,25,22532,0.1109533108467956,0.0868254152805229,1.5299877600979193,6,6,4,5,6,7,4,5,3,11,동삼동,13,선택 조건 접수 있음,13,27,29,28,25,27,26,25,29,0,28.000000000000004,11
영도구,구급,임산부,23,22532,0.102077045979052,0.1835898089840864,0.1166801948051948,0,0,1,5,3,9,4,3,4,15,동삼동,6,선택 조건 접수 있음,13,28,27,30,26,27,28,26,30,0,39.130434782608695,15
영도구,구급,흉통,20,22532,0.0887626486774365,0.0678850979083138,0.1014610389610389,6,6,2,4,0,1,8,5,6,11,동삼동,7,선택 조건 접수 있음,13,29,27,27,30,29,30,27,30,0,40.0,11
영도구,화재,"대형화재(시장,공장)",17,22532,0.075448251375821,0.1638993800327798,4.461942257217848,0,0,0,5,5,3,3,4,2,12,청학동,6,선택 조건 접수 있음,13,30,30,30,29,30,29,29,30,0,29.411764705882355,12
영도구,화재,일반화재(차량),16,22532,0.0710101189419492,0.1421461442389555,4.199475065616798,0,0,0,4,4,0,4,4,4,15,동삼동 / 청학동,6,선택 조건 접수 있음,13,31,30,29,30,31,32,29,32,0,25.0,15
영도구,구급,화상,13,22532,0.0576957216403337,0.0798868831738721,0.0659496753246753,0,0,2,4,5,2,2,4,0,13,동삼동,4,선택 조건 접수 있음,13,32,34,32,32,33,31,31,34,0,38.46153846153847,13
영도구,기타,지원출동(배수),12,22532,0.0532575892064619,0.0605715100121143,1.4906832298136643,1,3,2,4,0,2,3,4,3,14,동삼동,3,선택 조건 접수 있음,13,33,30,33,33,34,33,30,34,0,33.33333333333333,14
영도구,화재,산불,11,22532,0.0488194567725901,0.0318797421116391,2.8871391076115485,6,6,4,4,2,2,5,0,2,6,동삼동,5,선택 조건 접수 있음,13,34,33,34,34,32,33,32,34,0,45.45454545454545,6
영도구,구급,행려병자,8,22532,0.0355050594709746,0.031317158427316,0.0405844155844155,6,6,4,5,1,2,2,1,2,11,영선동1가,2,선택 조건 접수 있음,13,35,35,35,34,35,35,34,35,0,25.0,11
영도구,기타,순찰출동,6,22532,0.0266287946032309,0.0187527894774347,0.7453416149068323,6,6,2,2,5,1,0,0,0,7,동삼동,6,선택 조건 접수 있음,13,36,40,36,34,36,35,34,40,0,83.33333333333334,7
영도구,구조,기계사고,5,22532,0.0221906621693591,0.0395683857973873,0.3059975520195838,0,0,1,3,1,0,0,3,1,13,청학동,4,선택 조건 접수 있음,13,37,36,36,37,39,37,36,39,0,60.0,13
영도구,기타,대민지원,4,22532,0.0177525297354873,0.0285042400057008,0.4968944099378882,3,3,2,2,3,0,0,0,1,16,남항동2가 / 동삼동 / 영선동1가 / 청학동,1,선택 조건 접수 있음,13,38,40,38,38,37,38,37,40,0,75.0,16
영도구,화재,지하화재,4,22532,0.0177525297354873,0.014064592108076,1.0498687664041997,6,6,3,3,0,2,1,0,1,10,대교동2가 / 동삼동 / 봉래동1가 / 봉래동2가,1,선택 조건 접수 있음,13,38,36,40,39,37,38,36,40,0,50.0,10
영도구,구급,응급신경증상(뇌졸중),3,22532,0.0133143973016154,0.0129394247394299,0.0152191558441558,2,2,1,2,0,0,0,2,1,9,대교동1가 / 대교동2가 / 영선동4가,1,선택 조건 접수 있음,13,40,38,39,39,42,40,38,42,0,66.66666666666666,9
영도구,구급,무선페이징,2,22532,0.0088762648677436,0.0082512273700712,0.0101461038961038,5,5,2,2,1,0,0,0,1,9,봉래동3가 / 신선동2가,1,선택 조건 접수 있음,13,41,40,40,41,39,42,39,42,0,50.0,9
영도구,구조,약물사고,2,22532,0.0088762648677436,0.0028129184216152,0.1223990208078335,6,6,2,2,0,1,1,0,0,3,청학동,2,선택 조건 접수 있음,13,41,39,42,42,39,40,39,42,0,50.0,3
영도구,구급,아나필락시스,1,22532,0.0044381324338718,0.004875725264133,0.0050730519480519,3,3,1,1,0,0,0,0,1,9,동삼동,1,선택 조건 접수 있음,13,43,40,42,42,42,,40,42,0,100.0,9
영도구,구조,실종자,1,22532,0.0044381324338718,0.0127518968446556,0.0611995104039167,3,3,1,1,0,0,0,1,0,14,동삼동,1,선택 조건 접수 있음,13,43,40,42,42,,42,40,42,0,100.0,14
영도구,구조,폭발사고,1,22532,0.0044381324338718,0.0007501115790973,0.0611995104039167,6,6,1,1,1,0,0,0,0,2,청학동,1,선택 조건 접수 있음,13,43,,42,42,42,42,42,42,0,100.0,2
영도구,기타,지원출동(가스),1,22532,0.0044381324338718,0.0058133647380047,0.124223602484472,0,2,1,1,0,0,1,0,0,12,신선동3가,1,선택 조건 접수 있음,13,43,40,42,,42,42,40,42,0,100.0,12
영도구,기타,지원출동(기타),1,22532,0.0044381324338718,0.0022503347372921,0.124223602484472,6,6,1,1,0,0,0,1,0,4,봉래동1가,1,선택 조건 접수 있음,13,43,40,42,42,,42,40,42,0,100.0,4
영도구,기타,지원출동(전기),1,22532,0.0044381324338718,0.0016877510529691,0.124223602484472,6,6,1,1,1,0,0,0,0,2,청학동,1,선택 조건 접수 있음,13,43,,42,42,42,42,42,42,0,100.0,2
영도구,화재,기타화재(속보설비),1,22532,0.0044381324338718,0.0123768410551069,0.2624671916010498,0,0,0,1,0,0,0,0,1,11,영선동2가,1,선택 조건 접수 있음,13,43,40,42,42,42,,40,42,0,100.0,11
영도구,화재,"사회적약자시설(요양원,장애인시설)",1,22532,0.0044381324338718,0.0007501115790973,0.2624671916010498,6,6,1,1,0,0,0,1,0,1,동삼동,1,선택 조건 접수 있음,13,43,40,42,42,,42,40,42,0,100.0,1
영도구,구급,가스중독,0,22532,0.0,0.0065634763171021,0.0,0,0,0,0,0,0,0,0,0,13,,0,선택 조건 접수 0건,13,,,,,,,,,0,,
영도구,구급,구급예약,0,22532,0.0,0.0007501115790973,0.0,0,0,0,0,0,0,0,0,0,4,,0,선택 조건 접수 0건,13,,,,,,,,,0,,
영도구,구조,붕괴사고,0,22532,0.0,0.0015002231581947,0.0,0,0,0,0,0,0,0,0,0,8,,0,선택 조건 접수 0건,13,,,,,,,,,0,,
영도구,구조,항공구조(수색구조),0,22532,0.0,0.0001875278947743,0.0,0,0,0,0,0,0,0,0,0,2,,0,선택 조건 접수 0건,13,,,,,,,,,0,,
영도구,구조,화학사고,0,22532,0.0,0.0003750557895486,0.0,3,3,0,0,0,0,0,0,0,3,,0,선택 조건 접수 0건,13,,,,,,,,,0,,
영도구,기타,기타,0,22532,0.0,0.0001875278947743,0.0,0,0,0,0,0,0,0,0,0,2,,0,선택 조건 접수 0건,13,,,,,,,,,0,,
영도구,기타,산사태,0,22532,0.0,0.000562583684323,0.0,0,0,0,0,0,0,0,0,0,3,,0,선택 조건 접수 0건,13,,,,,,,,,0,,
영도구,기타,예방경계,0,22532,0.0,0.0022503347372921,0.0,0,0,0,0,0,0,0,0,0,10,,0,선택 조건 접수 0건,13,,,,,,,,,0,,
영도구,기타,응원출동,0,22532,0.0,0.0033755021059382,0.0,0,0,0,0,0,0,0,0,0,8,,0,선택 조건 접수 0건,13,,,,,,,,,0,,
영도구,기타,지원출동(경호),0,22532,0.0,0.0001875278947743,0.0,0,0,0,0,0,0,0,0,0,2,,0,선택 조건 접수 0건,13,,,,,,,,,0,,
영도구,기타,지원출동(근접배치),0,22532,0.0,0.0193153731617578,0.0,0,0,0,0,0,0,0,0,0,16,,0,선택 조건 접수 0건,13,,,,,,,,,0,,
영도구,기타,지원출동(급수),0,22532,0.0,0.0001875278947743,0.0,0,0,0,0,0,0,0,0,0,2,,0,선택 조건 접수 0건,13,,,,,,,,,0,,
영도구,기타,지원출동(데모시위),0,22532,0.0,0.0001875278947743,0.0,0,0,0,0,0,0,0,0,0,2,,0,선택 조건 접수 0건,13,,,,,,,,,0,,
영도구,기타,지원출동(도로세척),0,22532,0.0,0.0003750557895486,0.0,0,0,0,0,0,0,0,0,0,3,,0,선택 조건 접수 0건,13,,,,,,,,,0,,
영도구,기타,지원출동(재해),0,22532,0.0,0.001125167368646,0.0,0,0,0,0,0,0,0,0,0,6,,0,선택 조건 접수 0건,13,,,,,,,,,0,,
영도구,기타,지원출동(풍수해),0,22532,0.0,0.0026253905268408,0.0,0,0,0,0,0,0,0,0,0,12,,0,선택 조건 접수 0건,13,,,,,,,,,0,,
영도구,기타,지원출동(한해),0,22532,0.0,0.0007501115790973,0.0,0,0,0,0,0,0,0,0,0,5,,0,선택 조건 접수 0건,13,,,,,,,,,0,,
영도구,기타,지원출동(행사지원),0,22532,0.0,0.0024378626320665,0.0,0,0,0,0,0,0,0,0,0,11,,0,선택 조건 접수 0건,13,,,,,,,,,0,,
영도구,기타,지원출동(환경),0,22532,0.0,0.0001875278947743,0.0,0,0,0,0,0,0,0,0,0,2,,0,선택 조건 접수 0건,13,,,,,,,,,0,,
영도구,화재,전기차화재,0,22532,0.0,0.0001875278947743,0.0,0,0,0,0,0,0,0,0,0,2,,0,선택 조건 접수 0건,13,,,,,,,,,0,,
서구,구급,질병,7466,21391,34.902529101023795,34.28475191571778,40.63350386415587,6,6,4,5,1597,1627,1659,1457,1126,13,암남동,1344,선택 조건 접수 있음,14,1,2,2,1,1,1,1,2,5,22.220733994106617,13
서구,구급,질병외,7364,21391,34.42569304847834,33.96345399938248,40.07837161206052,6,6,4,5,1051,1309,1682,1521,1801,13,암남동,1418,선택 조건 접수 있음,14,2,1,1,2,2,2,1,2,5,24.456816947311243,13
서구,구급,부상,1677,21391,7.839745687438643,7.643222709793318,9.12702732121476,6,2,4,5,288,342,366,360,321,14,암남동,382,선택 조건 접수 있음,14,3,3,3,3,3,3,3,3,5,21.82468694096601,14
서구,구급,교통사고,793,21391,3.707166565377962,4.529982503578813,4.315881136388375,0,0,0,5,190,177,150,151,125,14,암남동,148,선택 조건 접수 있음,14,4,4,4,4,4,4,4,4,5,23.959646910466585,14
서구,기타,화재확인출동,601,21391,2.809592819410032,2.708296297682426,60.1,3,6,3,5,52,106,128,168,147,14,암남동,110,선택 조건 접수 있음,14,5,5,5,5,5,5,5,5,5,27.953410981697168,14
서구,구급,심정지,532,21391,2.487027254452808,2.2183965044583127,2.8953956677914445,6,6,5,5,85,100,122,118,107,13,남부민동,93,선택 조건 접수 있음,14,6,6,6,6,6,6,6,6,5,22.932330827067666,13
서구,구조,시건개방,407,21391,1.9026693469216025,1.9206766530375472,25.0,4,3,2,5,69,86,75,102,75,14,남부민동,62,선택 조건 접수 있음,14,7,7,7,7,7,7,7,7,5,25.061425061425062,14
서구,구조,동물구조,310,21391,1.4492076106773877,1.4794300096370665,19.04176904176904,4,4,2,5,77,66,56,51,60,11,암남동,82,선택 조건 접수 있음,14,8,8,8,8,8,9,8,9,5,24.838709677419356,11
서구,기타,기타출동,281,21391,1.3136365761301485,1.6295062640930398,28.1,0,0,1,5,101,65,55,32,28,15,남부민동,55,선택 조건 접수 있음,14,9,12,9,9,9,8,8,12,4,35.94306049822064,15
서구,구조,기타안전사고,279,21391,1.304286849609649,1.2052882231308302,17.137592137592137,4,4,4,5,54,64,55,59,47,13,암남동,87,선택 조건 접수 있음,14,10,9,10,10,10,10,9,10,5,22.939068100358423,13
서구,구급,구급기타,228,21391,1.0658688233369171,1.1057363934917055,1.2408838576249048,0,0,3,5,15,86,99,24,4,12,암남동,35,선택 조건 접수 있음,14,11,10,12,12,11,11,10,12,1,43.42105263157895,12
서구,구조,E/V사고,216,21391,1.0097704642139218,1.1598162407956665,13.267813267813269,0,0,1,5,28,39,40,55,54,13,암남동,65,선택 조건 접수 있음,14,12,11,11,11,12,12,11,12,0,25.462962962962965,13
서구,화재,일반화재(주택),127,21391,0.593707634051704,0.4272120809513562,32.64781491002571,6,6,5,5,24,20,35,25,23,11,암남동,21,선택 조건 접수 있음,14,13,13,13,16,14,14,13,16,0,27.559055118110237,11
서구,화재,기타화재,126,21391,0.5890327707914543,0.7198794898904368,32.390745501285345,0,0,1,5,29,23,23,22,29,14,암남동,34,선택 조건 접수 있음,14,14,15,15,14,13,15,13,15,0,23.015873015873016,14
서구,구조,자연재해,124,21391,0.5796830442709551,0.5018759531806997,7.616707616707616,6,6,3,5,54,20,18,25,7,15,암남동,33,선택 조건 접수 있음,14,15,17,14,13,15,13,13,17,0,43.54838709677419,15
서구,구급,U안심폰대상자,106,21391,0.4955355055864616,0.470625660793982,0.5769021443343856,4,4,4,5,4,4,7,38,53,13,암남동,22,선택 조건 접수 있음,14,16,14,16,15,18,20,14,20,0,50.0,13
서구,구조,교통사고,99,21391,0.4628114627647142,0.7919235771292771,6.081081081081081,0,0,0,5,24,16,21,21,17,14,암남동,36,선택 조건 접수 있음,14,17,16,17,17,17,17,16,17,0,24.242424242424242,14
서구,구급,사고부상,95,21391,0.4441120097237155,0.3991429560531068,0.5170349406770437,6,6,3,5,30,29,18,9,9,13,남부민동 / 암남동,15,선택 조건 접수 있음,14,18,18,18,18,16,16,16,18,0,31.57894736842105,13
서구,화재,"고층건물(3층이상,아파트)",76,21391,0.3552896077789724,0.4579009908401089,19.53727506426735,0,0,0,5,15,13,9,20,19,14,암남동,18,선택 조건 접수 있음,14,19,19,19,19,19,18,18,19,0,26.31578947368421,14
서구,구조,수난사고,65,21391,0.3038661119162264,0.1309892495251639,3.9926289926289926,6,6,5,5,12,15,11,19,8,6,암남동,37,선택 조건 접수 있음,14,20,20,21,20,21,18,18,21,0,29.230769230769234,6
서구,기타,상황출동,61,21391,0.2851666588752278,0.24195585662291,6.1,3,6,3,5,20,3,16,13,9,13,남부민동 / 암남동,10,선택 조건 접수 있음,14,21,22,20,21,20,21,20,22,0,32.78688524590164,13
서구,구급,약물중독,51,21391,0.2384180262727315,0.3214850438346167,0.277566126047676,0,0,1,5,8,8,11,15,9,15,암남동,11,선택 조건 접수 있음,14,22,21,22,22,24,22,21,24,0,29.411764705882355,15
서구,구조,산악사고,48,21391,0.2243934364919826,0.207524396747724,2.9484029484029484,6,6,2,5,18,8,10,6,6,9,서대신동3가,24,선택 조건 접수 있음,14,23,24,23,24,22,22,22,24,0,37.5,9
서구,구조,자살,46,21391,0.2150437099714833,0.2256757641819253,2.8255528255528257,0,0,2,5,13,6,7,9,11,13,암남동,11,선택 조건 접수 있음,14,24,23,23,23,23,24,23,24,0,28.26086956521739,13
서구,기타,민원출동,29,21391,0.1355710345472395,0.1848819693298028,2.9,1,3,1,5,11,3,6,4,5,16,암남동,5,선택 조건 접수 있음,14,25,26,25,25,25,25,25,26,0,37.93103448275862,16
서구,구급,임산부,26,21391,0.1215464447664905,0.1826364393379429,0.1415042995537172,0,0,2,5,2,1,8,7,8,14,암남동,7,선택 조건 접수 있음,14,26,25,26,27,26,26,25,27,0,30.76923076923077,14
서구,구조,추락사고,22,21391,0.102846991725492,0.0872014146838948,1.351351351351351,6,6,3,5,5,4,2,6,5,13,서대신동3가,4,선택 조건 접수 있음,14,27,27,27,26,28,28,26,28,0,27.27272727272727,13
서구,화재,일반화재(차량),19,21391,0.0888224019447431,0.1412812619878554,4.884318766066838,0,0,1,5,4,3,2,2,8,13,암남동,10,선택 조건 접수 있음,14,28,28,28,28,27,30,27,30,0,42.10526315789473,13
서구,화재,"대형화재(시장,공장)",18,21391,0.0841475386844934,0.1633623069078116,4.627249357326479,0,0,0,4,7,3,3,5,0,11,암남동,8,선택 조건 접수 있음,14,29,30,29,29,29,26,26,30,0,38.88888888888889,11
서구,구급,화상,15,21391,0.0701229489037445,0.079342059712385,0.0816370958963753,0,0,2,5,3,2,4,3,3,12,동대신동3가,4,선택 조건 접수 있음,14,30,29,30,30,30,29,29,30,0,26.666666666666668,12
서구,구급,흉통,11,21391,0.051423495862746,0.0694243022483369,0.0598672036573419,0,0,1,3,0,0,2,5,4,14,암남동,4,선택 조건 접수 있음,14,31,30,31,31,33,32,30,33,0,45.45454545454545,14
서구,화재,"특수화재(선박,위험물)",11,21391,0.051423495862746,0.0140345624491247,2.827763496143959,6,6,4,4,0,2,4,3,2,3,암남동,6,선택 조건 접수 있음,14,31,30,32,32,31,31,30,32,0,36.36363636363637,3
서구,구조,기계사고,7,21391,0.0327240428217474,0.0391096473582275,0.42997542997543,0,0,2,4,1,3,0,1,2,12,동대신동2가 / 암남동,2,선택 조건 접수 있음,14,33,34,37,32,33,34,32,37,0,42.857142857142854,12
서구,기타,지원출동(배수),7,21391,0.0327240428217474,0.0613778197775054,0.7,3,3,2,2,0,0,2,0,5,16,동대신동2가 / 동대신동3가 / 부민동2가 / 서대신동2가 / 암남동 / 충무동3가 / 토성동1가,1,선택 조건 접수 있음,14,33,33,33,35,32,38,32,38,0,71.42857142857143,16
서구,화재,산불,7,21391,0.0327240428217474,0.0325601848819693,1.7994858611825193,6,6,2,4,1,0,2,2,2,7,서대신동3가 / 암남동,3,선택 조건 접수 있음,14,33,34,33,35,36,34,33,36,0,28.57142857142857,7
서구,기타,대민지원,6,21391,0.0280491795614978,0.0280691248982494,0.6,1,3,2,3,2,1,3,0,0,13,충무동1가,2,선택 조건 접수 있음,14,36,38,35,39,33,33,33,39,0,50.0,13
서구,기타,지원출동(근접배치),6,21391,0.0280491795614978,0.0181513674342012,0.6,6,6,3,3,0,4,0,1,1,6,부용동2가 / 토성동5가,2,선택 조건 접수 있음,14,36,34,39,34,36,34,34,39,0,66.66666666666666,6
서구,구급,행려병자,5,21391,0.0233743163012481,0.0318116748846826,0.0272123652987917,3,3,1,2,0,0,0,2,3,12,남부민동 / 부민동1가 / 부용동1가 / 충무동1가 / 충무동2가,1,선택 조건 접수 있음,14,38,37,35,35,38,38,35,38,0,60.0,12
서구,화재,기타화재(속보설비),4,21391,0.0186994530409985,0.0117890324572647,1.0282776349614395,4,4,2,2,0,0,0,2,2,7,남부민동,2,선택 조건 접수 있음,14,39,38,37,38,40,38,37,40,0,50.0,7
서구,구조,실종자,3,21391,0.0140245897807489,0.0123504149552297,0.1842751842751842,3,3,2,2,1,2,0,0,0,10,암남동,2,선택 조건 접수 있음,14,40,40,41,39,38,37,37,41,0,66.66666666666666,10
서구,구급,가스중독,2,21391,0.0093497265204992,0.0061752074776148,0.0108849461195167,3,3,2,2,0,0,1,0,1,8,서대신동3가 / 암남동,1,선택 조건 접수 있음,14,41,40,39,43,40,44,39,44,0,50.0,8
서구,기타,순찰출동,2,21391,0.0093497265204992,0.0194612599294529,0.2,0,0,1,2,1,1,0,0,0,12,서대신동1가 / 아미동2가,1,선택 조건 접수 있음,14,41,44,41,41,40,38,38,44,0,50.0,12
서구,기타,지원출동(가스),2,21391,0.0093497265204992,0.0056138249796498,0.2,6,6,2,2,0,1,1,0,0,6,서대신동2가 / 토성동5가,1,선택 조건 접수 있음,14,41,40,41,43,40,38,38,43,0,50.0,6
서구,기타,지원출동(재해),2,21391,0.0093497265204992,0.0007485099972866,0.2,6,6,1,1,0,2,0,0,0,1,동대신동3가 / 암남동,1,선택 조건 접수 있음,14,41,40,,41,40,38,38,41,0,100.0,1
서구,구급,무선페이징,1,21391,0.0046748632602496,0.0084207374694748,0.0054424730597583,0,0,1,1,0,0,0,1,0,12,충무동1가,1,선택 조건 접수 있음,14,45,44,41,43,,44,41,44,0,100.0,12
서구,구급,아나필락시스,1,21391,0.0046748632602496,0.0048653149823632,0.0054424730597583,0,0,1,1,0,0,0,1,0,9,서대신동3가,1,선택 조건 접수 있음,14,45,44,41,43,,44,41,44,0,100.0,9
서구,구급,응급신경증상(뇌졸중),1,21391,0.0046748632602496,0.013286052451838,0.0054424730597583,0,0,0,1,0,0,0,0,1,16,토성동1가,1,선택 조건 접수 있음,14,45,44,41,43,45,,41,45,0,100.0,16
서구,구조,붕괴사고,1,21391,0.0046748632602496,0.0013098924952516,0.0614250614250614,5,5,1,1,0,0,0,1,0,2,남부민동,1,선택 조건 접수 있음,14,45,44,41,43,,44,41,44,0,100.0,2
서구,구조,약물사고,1,21391,0.0046748632602496,0.0029940399891466,0.0614250614250614,4,4,1,1,0,0,0,1,0,6,암남동,1,선택 조건 접수 있음,14,45,44,41,43,,44,41,44,0,100.0,6
서구,기타,지원출동(풍수해),1,21391,0.0046748632602496,0.0024326574911816,0.1,3,3,1,1,0,0,0,0,1,4,서대신동2가,1,선택 조건 접수 있음,14,45,44,41,43,45,,41,45,0,100.0,4
서구,기타,지원출동(한해),1,21391,0.0046748632602496,0.0005613824979649,0.1,6,6,1,1,0,0,1,0,0,1,서대신동2가,1,선택 조건 접수 있음,14,45,44,41,,45,44,41,45,0,100.0,1
서구,기타,지원출동(행사지원),1,21391,0.0046748632602496,0.0022455299918599,0.1,3,3,1,1,0,0,0,0,1,4,암남동,1,선택 조건 접수 있음,14,45,44,41,43,45,,41,45,0,100.0,4
서구,화재,지하화재,1,21391,0.0046748632602496,0.0145959449470897,0.2570694087403599,0,0,1,1,0,0,0,1,0,15,동대신동2가,1,선택 조건 접수 있음,14,45,44,41,43,,44,41,44,0,100.0,15
서구,구급,구급예약,0,21391,0.0,0.0007485099972866,0.0,0,0,0,0,0,0,0,0,0,4,,0,선택 조건 접수 0건,14,,,,,,,,,0,,
서구,구조,폭발사고,0,21391,0.0,0.0009356374966083,0.0,0,0,0,0,0,0,0,0,0,5,,0,선택 조건 접수 0건,14,,,,,,,,,0,,
서구,구조,항공구조(수색구조),0,21391,0.0,0.0001871274993216,0.0,0,0,0,0,0,0,0,0,0,2,,0,선택 조건 접수 0건,14,,,,,,,,,0,,
서구,구조,화학사고,0,21391,0.0,0.0003742549986433,0.0,0,0,0,0,0,0,0,0,0,3,,0,선택 조건 접수 0건,14,,,,,,,,,0,,
서구,기타,기타,0,21391,0.0,0.0001871274993216,0.0,1,1,0,0,0,0,0,0,0,2,,0,선택 조건 접수 0건,14,,,,,,,,,0,,
서구,기타,산사태,0,21391,0.0,0.0005613824979649,0.0,0,0,0,0,0,0,0,0,0,3,,0,선택 조건 접수 0건,14,,,,,,,,,0,,
서구,기타,예방경계,0,21391,0.0,0.0022455299918599,0.0,0,0,0,0,0,0,0,0,0,10,,0,선택 조건 접수 0건,14,,,,,,,,,0,,
서구,기타,응원출동,0,21391,0.0,0.0033682949877899,0.0,0,0,0,0,0,0,0,0,0,8,,0,선택 조건 접수 0건,14,,,,,,,,,0,,
서구,기타,지원출동(경호),0,21391,0.0,0.0001871274993216,0.0,0,0,0,0,0,0,0,0,0,2,,0,선택 조건 접수 0건,14,,,,,,,,,0,,
서구,기타,지원출동(급수),0,21391,0.0,0.0001871274993216,0.0,0,0,0,0,0,0,0,0,0,2,,0,선택 조건 접수 0건,14,,,,,,,,,0,,
서구,기타,지원출동(기타),0,21391,0.0,0.0024326574911816,0.0,3,3,0,0,0,0,0,0,0,10,,0,선택 조건 접수 0건,14,,,,,,,,,0,,
서구,기타,지원출동(데모시위),0,21391,0.0,0.0001871274993216,0.0,0,0,0,0,0,0,0,0,0,2,,0,선택 조건 접수 0건,14,,,,,,,,,0,,
서구,기타,지원출동(도로세척),0,21391,0.0,0.0003742549986433,0.0,0,0,0,0,0,0,0,0,0,3,,0,선택 조건 접수 0건,14,,,,,,,,,0,,
서구,기타,지원출동(전기),0,21391,0.0,0.0018712749932166,0.0,0,0,0,0,0,0,0,0,0,10,,0,선택 조건 접수 0건,14,,,,,,,,,0,,
서구,기타,지원출동(환경),0,21391,0.0,0.0001871274993216,0.0,0,0,0,0,0,0,0,0,0,2,,0,선택 조건 접수 0건,14,,,,,,,,,0,,
서구,화재,"사회적약자시설(요양원,장애인시설)",0,21391,0.0,0.0009356374966083,0.0,0,0,0,0,0,0,0,0,0,6,,0,선택 조건 접수 0건,14,,,,,,,,,0,,
서구,화재,전기차화재,0,21391,0.0,0.0001871274993216,0.0,0,0,0,0,0,0,0,0,0,2,,0,선택 조건 접수 0건,14,,,,,,,,,0,,
동구,구급,질병외,7241,20332,35.61381074168798,33.919253568000244,41.24985758231742,6,6,5,5,985,1196,1597,1633,1830,14,초량동,2848,선택 조건 접수 있음,15,1,1,1,1,1,2,1,2,5,25.272752382267644,14
동구,구급,질병,6892,20332,33.89730474129451,34.324143623915404,39.26170673350804,1,0,2,5,1465,1447,1499,1425,1056,15,초량동,2552,선택 조건 접수 있음,15,2,2,2,2,2,1,1,2,5,21.749854904236795,15
동구,구급,부상,1570,20332,7.721817824119615,7.648089284980595,8.943830465990658,3,0,3,5,280,317,322,357,294,15,초량동,652,선택 조건 접수 있음,15,3,3,3,3,3,3,3,3,5,22.738853503184714,15
동구,구급,교통사고,822,20332,4.042888058233326,4.515607316408133,4.682693403212943,0,0,0,5,163,165,179,164,151,13,초량동,356,선택 조건 접수 있음,15,4,4,4,4,4,4,4,4,5,21.776155717761558,13
동구,기타,화재확인출동,542,20332,2.665748573676962,2.7139586220291565,52.62135922330097,0,0,3,5,44,69,122,150,157,15,초량동,207,선택 조건 접수 있음,15,5,5,5,5,5,5,5,5,5,28.96678966789668,15
동구,구급,심정지,476,20332,2.341137123745819,2.224467461257176,2.711632676313091,3,3,4,5,83,90,104,90,109,14,초량동,142,선택 조건 접수 있음,15,6,6,6,6,6,6,6,6,5,22.899159663865547,14
동구,구조,시건개방,411,20332,2.021444029116663,1.9161309841741776,28.80168185003504,3,6,3,5,63,70,96,87,95,13,초량동,158,선택 조건 접수 있음,15,7,7,7,7,7,8,7,8,5,23.357664233576642,13
동구,기타,기타출동,365,20332,1.7951996852252607,1.6105958681791526,35.43689320388349,6,6,4,5,106,91,67,61,40,13,초량동,122,선택 조건 접수 있음,15,8,8,8,8,8,7,7,8,5,29.041095890410958,13
동구,구조,동물구조,250,20332,1.2295888254967535,1.487709495120029,17.51927119831815,0,0,1,5,63,41,57,42,47,15,초량동,105,선택 조건 접수 있음,15,9,9,9,9,9,9,9,9,5,25.2,15
동구,구조,기타안전사고,223,20332,1.0967932323431049,1.2133628659044473,15.62718990889979,0,5,1,5,36,52,40,50,45,15,초량동,81,선택 조건 접수 있음,15,10,9,10,10,10,10,9,10,5,23.318385650224215,15
동구,구조,E/V사고,186,20332,0.9148140861695848,1.1631251237267817,13.034337771548705,0,0,1,5,34,34,47,34,37,16,초량동,92,선택 조건 접수 있음,15,11,13,12,12,11,12,11,13,0,25.268817204301076,16
동구,구급,U안심폰대상자,174,20332,0.8557938225457408,0.4569953721514826,0.9912270707531048,6,6,5,5,2,4,21,78,69,8,수정동,67,선택 조건 접수 있음,15,12,11,11,11,15,14,11,15,0,44.827586206896555,8
동구,구급,구급기타,170,20332,0.8361204013377926,1.1143814407960349,0.9684402415403895,3,3,1,4,9,71,68,22,0,15,초량동,58,선택 조건 접수 있음,15,13,12,15,15,12,11,11,15,0,41.76470588235294,15
동구,구조,자연재해,142,20332,0.6984064528821562,0.4975217292241723,9.950946040644707,6,6,5,5,56,27,23,28,8,10,초량동,51,선택 조건 접수 있음,15,14,16,13,13,13,13,13,16,0,39.436619718309856,10
동구,구조,교통사고,132,20332,0.6492228998622861,0.7841943472268393,9.250175192711984,0,0,0,5,33,24,22,26,27,11,초량동,49,선택 조건 접수 있음,15,15,14,14,14,14,14,14,14,0,25.0,11
동구,화재,기타화재,118,20332,0.5803659256344679,0.7199497996093035,36.7601246105919,0,3,0,5,27,23,27,25,16,15,초량동,44,선택 조건 접수 있음,15,16,15,16,16,17,16,15,17,0,22.88135593220339,15
동구,화재,일반화재(주택),107,20332,0.5262640173126107,0.4301023057069327,33.333333333333336,6,6,3,5,30,26,17,11,23,13,수정동,32,선택 조건 접수 있음,15,17,17,17,17,15,17,15,17,0,28.037383177570092,13
동구,구급,사고부상,70,20332,0.344284871139091,0.403022481856518,0.3987695112225133,0,0,1,5,21,20,12,12,5,16,초량동,34,선택 조건 접수 있음,15,18,19,18,18,18,18,18,19,0,30.0,16
동구,구급,약물중독,64,20332,0.314774739327169,0.3184213769997049,0.3645892674034408,0,0,3,5,8,19,9,14,14,13,초량동,27,선택 조건 접수 있음,15,19,18,20,19,19,19,18,20,0,29.6875,13
동구,화재,"고층건물(3층이상,아파트)",55,20332,0.2705095416092858,0.4609172776746462,17.133956386292834,0,0,0,5,10,9,10,13,13,16,초량동,26,선택 조건 접수 있음,15,20,20,19,20,21,20,19,21,0,23.636363636363637,16
동구,기타,상황출동,51,20332,0.2508361204013378,0.2433448998420032,4.951456310679611,5,1,4,5,14,6,16,4,11,14,초량동,21,선택 조건 접수 있음,15,21,21,20,21,20,21,20,21,0,31.372549019607842,14
동구,기타,민원출동,43,20332,0.2114892779854416,0.1819017133124414,4.174757281553398,6,3,4,5,9,10,10,4,10,14,초량동,20,선택 조건 접수 있음,15,22,22,22,22,22,22,22,22,0,23.25581395348837,14
동구,구조,자살,33,20332,0.1623057249655715,0.2276572777493491,2.312543798177996,0,1,1,5,3,8,5,10,7,15,초량동,19,선택 조건 접수 있음,15,23,23,24,23,24,23,23,24,0,30.303030303030305,15
동구,구급,임산부,30,20332,0.1475506590596104,0.1815281985007115,0.1709012190953628,0,0,1,5,6,3,5,6,10,13,초량동,12,선택 조건 접수 있음,15,24,24,23,24,23,24,23,24,0,33.33333333333333,13
동구,구급,행려병자,16,20332,0.0786936848317922,0.0296944275325238,0.0911473168508602,6,6,5,5,3,2,2,2,7,2,초량동,8,선택 조건 접수 있음,15,25,27,25,26,25,29,25,29,0,43.75,2
동구,구조,산악사고,16,20332,0.0786936848317922,0.2130902000918846,1.1212333566923616,0,0,0,5,2,3,5,4,2,15,수정동 / 초량동,8,선택 조건 접수 있음,15,25,25,26,29,26,25,25,29,0,31.25,15
동구,구조,추락사고,16,20332,0.0786936848317922,0.0881494955682467,1.1212333566923616,0,2,1,5,2,4,1,6,3,15,좌천동,5,선택 조건 접수 있음,15,25,25,28,25,28,26,25,28,0,37.5,15
동구,화재,"대형화재(시장,공장)",14,20332,0.0688569742278182,0.1637862449435432,4.361370716510903,0,0,0,5,5,1,1,5,2,15,범일동,5,선택 조건 접수 있음,15,28,31,26,27,29,27,26,31,0,35.714285714285715,15
동구,화재,일반화재(차량),13,20332,0.0639386189258312,0.1421223858632114,4.049844236760125,0,0,0,5,1,2,1,4,5,16,범일동 / 좌천동,5,선택 조건 접수 있음,15,29,28,29,28,29,32,28,32,0,38.46153846153847,16
동구,기타,지원출동(배수),12,20332,0.0590202636238441,0.0603226420943722,1.1650485436893203,3,3,3,5,1,3,2,4,2,14,범일동,5,선택 조건 접수 있음,15,30,29,30,30,31,28,28,31,0,33.33333333333333,14
동구,구급,화상,11,20332,0.0541019083218571,0.0799321697101898,0.0626637803349663,0,0,1,4,3,4,2,0,2,15,범일동,4,선택 조건 접수 있음,15,31,32,32,31,27,29,27,32,0,36.36363636363637,15
동구,구급,흉통,10,20332,0.0491835530198701,0.0694737549817538,0.0569670730317876,0,0,2,4,0,1,3,5,1,15,초량동,6,선택 조건 접수 있음,15,32,30,30,32,33,29,29,33,0,50.0,15
동구,기타,대민지원,7,20332,0.0344284871139091,0.0278268534738745,0.6796116504854369,3,3,3,4,2,1,1,3,0,11,범일동,3,선택 조건 접수 있음,15,33,34,33,33,35,33,33,35,0,42.857142857142854,11
동구,구조,수난사고,6,20332,0.029510131811922,0.1417488710514815,0.4204625087596356,0,0,0,5,1,1,1,1,2,13,초량동,6,선택 조건 접수 있음,15,34,34,35,36,33,35,33,36,0,33.33333333333333,13
동구,기타,지원출동(근접배치),6,20332,0.029510131811922,0.0181154683688981,0.5825242718446602,6,6,2,2,0,2,0,4,0,6,초량동,4,선택 조건 접수 있음,15,34,33,36,33,39,34,33,39,0,66.66666666666666,6
동구,화재,지하화재,6,20332,0.029510131811922,0.0136332906281398,1.8691588785046729,6,6,2,2,3,0,0,0,3,5,초량동,3,선택 조건 접수 있음,15,34,37,33,33,32,36,32,37,0,50.0,5
동구,구조,기계사고,4,20332,0.019673421207948,0.039592570043365,0.2803083391730904,2,2,1,3,0,0,1,2,1,15,초량동,2,선택 조건 접수 있음,15,37,36,36,37,39,36,36,39,0,50.0,15
동구,구급,가스중독,3,20332,0.014755065905961,0.0059762369876777,0.0170901219095362,6,6,2,2,0,1,0,0,2,5,좌천동,2,선택 조건 접수 있음,15,38,37,40,37,36,44,36,44,0,66.66666666666666,5
동구,구급,응급신경증상(뇌졸중),3,20332,0.014755065905961,0.0128862610046801,0.0170901219095362,6,6,2,3,0,1,0,1,1,9,범일동 / 좌천동 / 초량동,1,선택 조건 접수 있음,15,38,37,40,37,39,40,37,40,0,33.33333333333333,9
동구,구조,실종자,3,20332,0.014755065905961,0.0123259887870853,0.2102312543798178,2,2,3,3,0,1,0,1,1,10,범일동 / 좌천동 / 초량동,1,선택 조건 접수 있음,15,38,37,40,37,39,40,37,40,0,33.33333333333333,10
동구,구조,약물사고,3,20332,0.014755065905961,0.002614603682109,0.2102312543798178,6,6,3,3,0,1,1,1,0,1,초량동,2,선택 조건 접수 있음,15,38,37,40,43,39,36,36,43,0,33.33333333333333,1
동구,화재,산불,3,20332,0.014755065905961,0.0332428182439574,0.9345794392523364,0,0,1,2,2,0,0,0,1,13,범일동,2,선택 조건 접수 있음,15,38,44,38,37,36,40,36,44,0,66.66666666666666,13
동구,화재,"특수화재(선박,위험물)",3,20332,0.014755065905961,0.0155008646867891,0.9345794392523364,0,2,1,1,3,0,0,0,0,6,초량동,3,선택 조건 접수 있음,15,38,,38,37,36,36,36,38,0,100.0,6
동구,구급,무선페이징,2,20332,0.009836710603974,0.0082173258580569,0.0113934146063575,6,6,2,2,0,0,1,0,1,9,범일동 / 수정동,1,선택 조건 접수 있음,15,44,42,40,46,39,44,39,46,0,50.0,9
동구,구조,붕괴사고,2,20332,0.009836710603974,0.0011205444351895,0.1401541695865452,6,6,2,2,1,0,0,0,1,1,범일동 / 초량동,1,선택 조건 접수 있음,15,44,44,40,43,39,44,39,44,0,50.0,1
동구,화재,기타화재(속보설비),2,20332,0.009836710603974,0.0121392313812204,0.6230529595015576,4,6,1,1,0,0,0,2,0,10,초량동,2,선택 조건 접수 있음,15,44,42,40,43,,40,40,43,0,100.0,10
동구,기타,순찰출동,1,20332,0.004918355301987,0.0196095276158176,0.0970873786407767,0,0,0,1,1,0,0,0,0,15,수정동,1,선택 조건 접수 있음,15,47,,47,46,46,44,44,47,0,100.0,15
동구,기타,지원출동(가스),1,20332,0.004918355301987,0.0057894795818128,0.0970873786407767,0,0,1,1,0,0,0,1,0,12,좌천동,1,선택 조건 접수 있음,15,47,44,47,46,,44,44,47,0,100.0,12
동구,기타,지원출동(풍수해),1,20332,0.004918355301987,0.002427846276244,0.0970873786407767,3,3,1,1,1,0,0,0,0,4,수정동,1,선택 조건 접수 있음,15,47,,47,46,46,44,44,47,0,100.0,4
동구,기타,지원출동(행사지원),1,20332,0.004918355301987,0.0022410888703791,0.0970873786407767,6,6,1,1,1,0,0,0,0,4,범일동,1,선택 조건 접수 있음,15,47,,47,46,46,44,44,47,0,100.0,4
동구,구급,구급예약,0,20332,0.0,0.0007470296234597,0.0,0,0,0,0,0,0,0,0,0,4,,0,선택 조건 접수 0건,15,,,,,,,,,0,,
동구,구급,아나필락시스,0,20332,0.0,0.005042449958353,0.0,0,0,0,0,0,0,0,0,0,12,,0,선택 조건 접수 0건,15,,,,,,,,,0,,
동구,구조,폭발사고,0,20332,0.0,0.0009337870293246,0.0,0,0,0,0,0,0,0,0,0,5,,0,선택 조건 접수 0건,15,,,,,,,,,0,,
동구,구조,항공구조(수색구조),0,20332,0.0,0.0001867574058649,0.0,0,0,0,0,0,0,0,0,0,2,,0,선택 조건 접수 0건,15,,,,,,,,,0,,
동구,구조,화학사고,0,20332,0.0,0.0003735148117298,0.0,0,0,0,0,0,0,0,0,0,3,,0,선택 조건 접수 0건,15,,,,,,,,,0,,
동구,기타,기타,0,20332,0.0,0.0001867574058649,0.0,0,0,0,0,0,0,0,0,0,2,,0,선택 조건 접수 0건,15,,,,,,,,,0,,
동구,기타,산사태,0,20332,0.0,0.0005602722175947,0.0,3,3,0,0,0,0,0,0,0,3,,0,선택 조건 접수 0건,15,,,,,,,,,0,,
동구,기타,예방경계,0,20332,0.0,0.0022410888703791,0.0,3,2,0,0,0,0,0,0,0,10,,0,선택 조건 접수 0건,15,,,,,,,,,0,,
동구,기타,응원출동,0,20332,0.0,0.0033616333055687,0.0,0,0,0,0,0,0,0,0,0,8,,0,선택 조건 접수 0건,15,,,,,,,,,0,,
동구,기타,지원출동(경호),0,20332,0.0,0.0001867574058649,0.0,0,0,0,0,0,0,0,0,0,2,,0,선택 조건 접수 0건,15,,,,,,,,,0,,
동구,기타,지원출동(급수),0,20332,0.0,0.0001867574058649,0.0,0,0,0,0,0,0,0,0,0,2,,0,선택 조건 접수 0건,15,,,,,,,,,0,,
동구,기타,지원출동(기타),0,20332,0.0,0.002427846276244,0.0,1,1,0,0,0,0,0,0,0,10,,0,선택 조건 접수 0건,15,,,,,,,,,0,,
동구,기타,지원출동(데모시위),0,20332,0.0,0.0001867574058649,0.0,0,0,0,0,0,0,0,0,0,2,,0,선택 조건 접수 0건,15,,,,,,,,,0,,
동구,기타,지원출동(도로세척),0,20332,0.0,0.0003735148117298,0.0,0,0,0,0,0,0,0,0,0,3,,0,선택 조건 접수 0건,15,,,,,,,,,0,,
동구,기타,지원출동(재해),0,20332,0.0,0.0011205444351895,0.0,0,0,0,0,0,0,0,0,0,6,,0,선택 조건 접수 0건,15,,,,,,,,,0,,
동구,기타,지원출동(전기),0,20332,0.0,0.0018675740586492,0.0,3,3,0,0,0,0,0,0,0,10,,0,선택 조건 접수 0건,15,,,,,,,,,0,,
동구,기타,지원출동(한해),0,20332,0.0,0.0007470296234597,0.0,0,0,0,0,0,0,0,0,0,5,,0,선택 조건 접수 0건,15,,,,,,,,,0,,
동구,기타,지원출동(환경),0,20332,0.0,0.0001867574058649,0.0,0,0,0,0,0,0,0,0,0,2,,0,선택 조건 접수 0건,15,,,,,,,,,0,,
동구,화재,"사회적약자시설(요양원,장애인시설)",0,20332,0.0,0.0009337870293246,0.0,0,0,0,0,0,0,0,0,0,6,,0,선택 조건 접수 0건,15,,,,,,,,,0,,
동구,화재,전기차화재,0,20332,0.0,0.0001867574058649,0.0,0,0,0,0,0,0,0,0,0,2,,0,선택 조건 접수 0건,15,,,,,,,,,0,,
중구,구급,질병외,4996,14460,34.55048409405256,33.966038948803494,41.74465240641711,6,6,3,5,741,913,1163,1141,1038,16,영주동,574,선택 조건 접수 있음,16,1,1,1,1,1,1,1,1,5,23.278622898318655,16
중구,구급,질병,4401,14460,30.435684647302903,34.41198095048086,36.7730614973262,0,0,0,5,1015,909,1038,855,584,16,영주동,567,선택 조건 접수 있음,16,2,2,2,2,2,2,2,2,5,23.585548738922974,16
중구,구급,부상,1199,14460,8.291839557399722,7.633662524984944,10.018382352941176,6,6,4,5,209,239,293,278,180,16,영주동,120,선택 조건 접수 있음,16,3,3,3,3,3,3,3,3,5,24.43703085904921,16
중구,구급,교통사고,746,14460,5.159059474412171,4.480664146928099,6.233288770053476,6,6,3,5,150,176,200,124,96,16,남포동6가,78,선택 조건 접수 있음,16,4,4,4,4,4,4,4,4,5,26.80965147453083,16
중구,기타,화재확인출동,616,14460,4.260027662517289,2.6708489893336,57.62394761459308,6,6,5,5,59,105,131,167,154,13,보수동2가,70,선택 조건 접수 있음,16,5,5,5,5,5,5,5,5,5,27.110389610389614,13
중구,기타,기타출동,325,14460,2.247579529737206,1.6005142926813047,30.4022450888681,6,1,4,5,110,95,66,36,18,14,중앙동4가,56,선택 조건 접수 있음,16,6,8,6,6,6,6,6,8,5,33.84615384615385,14
중구,구조,시건개방,300,14460,2.0746887966804977,1.9158510768003016,27.17391304347826,3,6,4,5,53,74,63,60,50,16,영주동,68,선택 조건 접수 있음,16,7,6,8,7,7,7,6,8,5,24.666666666666668,16
중구,구급,심정지,271,14460,1.8741355463347165,2.238207660448602,2.2643716577540105,0,0,0,5,50,41,72,47,61,16,영주동,64,선택 조건 접수 있음,16,8,7,6,8,8,8,6,8,5,26.56826568265683,16
중구,구조,기타안전사고,203,14460,1.4038727524204704,1.2038956192756305,18.38768115942029,6,6,4,5,28,45,49,44,37,16,영주동,27,선택 조건 접수 있음,16,9,9,10,9,9,9,9,10,5,24.137931034482758,16
중구,구조,E/V사고,193,14460,1.334716459197787,1.149215075573684,17.481884057971016,6,6,4,5,32,30,42,53,36,14,영주동,19,선택 조건 접수 있음,16,10,10,9,10,11,10,9,11,4,27.461139896373055,14
중구,구조,동물구조,177,14460,1.224066390041494,1.4850570635809106,16.032608695652176,0,0,1,5,43,40,32,24,38,16,영주동,35,선택 조건 접수 있음,16,11,11,11,11,10,11,10,11,1,24.293785310734464,16
중구,구급,구급기타,124,14460,0.8575380359612725,1.110790909729073,1.036096256684492,3,3,0,5,4,60,47,12,1,16,중앙동4가,24,선택 조건 접수 있음,16,12,12,15,14,12,12,12,15,0,48.38709677419355,16
중구,화재,기타화재,118,14460,0.8160442600276626,0.7121401890912316,36.99059561128527,3,6,4,5,26,16,32,25,19,15,영주동,13,선택 조건 접수 있음,16,13,13,12,12,13,13,12,13,0,27.11864406779661,15
중구,구조,자연재해,93,14460,0.6431535269709543,0.5011767400789912,8.423913043478262,6,6,4,5,37,27,9,11,9,16,부평동2가,14,선택 조건 접수 있음,16,14,17,14,13,14,14,13,17,0,39.784946236559136,16
중구,화재,일반화재(주택),83,14460,0.5739972337482712,0.4298703553865878,26.018808777429467,6,6,4,5,14,22,20,12,15,16,영주동,14,선택 조건 접수 있음,16,15,15,16,16,15,16,15,16,0,26.506024096385545,16
중구,구급,U안심폰대상자,77,14460,0.5325034578146611,0.4699571053302446,0.6433823529411765,6,6,4,5,2,6,4,28,37,15,영주동,25,선택 조건 접수 있음,16,16,14,13,15,19,20,13,20,0,48.05194805194805,15
중구,구급,사고부상,77,14460,0.5325034578146611,0.3973575996719167,0.6433823529411765,6,6,4,5,28,20,14,13,2,15,남포동6가,13,선택 조건 접수 있음,16,16,18,18,16,16,15,15,18,0,36.36363636363637,15
중구,화재,"고층건물(3층이상,아파트)",70,14460,0.4840940525587828,0.4531465327732272,21.9435736677116,2,2,3,5,10,10,17,19,14,15,영주동,10,선택 조건 접수 있음,16,18,16,17,19,18,18,16,19,0,27.142857142857142,15
중구,구조,교통사고,69,14460,0.4771784232365145,0.7873259366814083,6.25,0,0,0,5,21,15,13,10,10,16,중앙동4가,12,선택 조건 접수 있음,16,19,19,19,18,17,17,17,19,0,30.434782608695656,16
중구,기타,상황출동,51,14460,0.3526970954356846,0.2407052312285018,4.770813844714687,5,1,4,5,15,2,13,11,10,14,영주동,9,선택 조건 접수 있음,16,20,20,20,20,20,19,19,20,0,29.411764705882355,14
중구,기타,민원출동,43,14460,0.297372060857538,0.1799285458300543,4.022450888681011,6,6,5,5,13,8,9,6,7,14,보수동1가,7,선택 조건 접수 있음,16,21,21,21,21,21,21,21,21,0,30.23255813953488,14
중구,구급,약물중독,35,14460,0.2420470262793914,0.3203245364161337,0.2924465240641711,0,0,1,5,9,6,11,4,5,16,대청동4가,9,선택 조건 접수 있음,16,22,22,22,22,22,22,22,22,0,31.428571428571427,16
중구,구조,수난사고,27,14460,0.1867219917012448,0.1363318961217454,2.4456521739130435,4,4,5,5,5,5,6,8,3,10,중앙동7가,9,선택 조건 접수 있음,16,23,23,23,23,24,23,23,24,0,29.629629629629626,10
중구,구조,자살,25,14460,0.1728907330567081,0.2266656321698939,2.2644927536231885,0,0,1,5,4,5,4,5,7,16,대청동4가,4,선택 조건 접수 있음,16,24,24,24,23,23,24,23,24,0,28.000000000000004,16
중구,화재,일반화재(차량),18,14460,0.1244813278008298,0.1396570643198368,5.6426332288401255,1,2,2,5,5,4,4,3,2,14,중앙동4가,3,선택 조건 접수 있음,16,25,26,26,25,25,25,25,26,0,27.77777777777778,14
중구,화재,"대형화재(시장,공장)",17,14460,0.1175656984785615,0.1614553891739912,5.329153605015674,0,0,1,5,3,2,4,6,2,12,부평동1가 / 부평동2가,3,선택 조건 접수 있음,16,26,25,25,26,26,26,25,26,0,35.294117647058826,12
중구,기타,지원출동(배수),13,14460,0.0899031811894882,0.0594835644325231,1.216089803554724,6,5,3,5,1,3,3,4,2,11,영주동,3,선택 조건 접수 있음,16,27,27,28,27,27,27,27,28,0,30.76923076923077,11
중구,구급,임산부,12,14460,0.0829875518672199,0.1828842508950244,0.1002673796791443,0,0,0,5,1,1,4,3,3,16,대청동1가 / 중앙동4가,2,선택 조건 접수 있음,16,28,28,27,28,27,30,27,30,0,33.33333333333333,16
중구,기타,대민지원,11,14460,0.0760719225449516,0.0267860771512914,1.028999064546305,6,6,4,4,4,2,3,2,0,7,보수동1가 / 영주동,2,선택 조건 접수 있음,16,29,31,30,28,27,27,27,31,0,36.36363636363637,7
중구,구급,화상,10,14460,0.0691562932226832,0.0792498420545105,0.0835561497326203,0,0,2,3,1,0,6,3,0,16,보수동1가,2,선택 조건 접수 있음,16,30,29,28,35,31,29,28,35,0,60.0,16
중구,구급,행려병자,9,14460,0.0622406639004149,0.0306654400490647,0.0752005347593582,6,6,4,4,2,0,4,1,2,9,남포동6가 / 부평동1가,2,선택 조건 접수 있음,16,31,31,30,32,30,31,30,32,0,44.44444444444444,9
중구,구조,기계사고,9,14460,0.0622406639004149,0.0382394342780505,0.8152173913043478,5,6,5,5,2,1,2,2,2,8,대청동2가 / 영주동,2,선택 조건 접수 있음,16,31,31,32,31,31,31,31,32,0,22.22222222222222,8
중구,구급,흉통,8,14460,0.0553250345781466,0.0690896058936759,0.0668449197860962,0,0,2,3,0,2,0,4,2,16,보수동1가,2,선택 조건 접수 있음,16,33,30,34,28,35,33,28,35,0,50.0,16
중구,구조,추락사고,8,14460,0.0553250345781466,0.0886711519491027,0.7246376811594203,0,0,2,4,1,0,3,1,3,16,대청동2가 / 보수동1가 / 부평동3가 / 영주동 / 중앙동3가 / 중앙동4가 / 중앙동6가 / 중앙동7가,1,선택 조건 접수 있음,16,33,31,32,32,31,34,31,34,0,37.5,16
중구,화재,지하화재,7,14460,0.0484094052558782,0.0133006727923654,2.19435736677116,6,6,4,4,1,1,2,0,3,3,남포동2가 / 동광동2가 / 보수동1가 / 보수동3가 / 부평동4가 / 중앙동2가 / 중앙동4가,1,선택 조건 접수 있음,16,35,35,34,32,31,35,31,35,0,42.857142857142854,3
중구,기타,지원출동(근접배치),4,14460,0.0276625172890733,0.0182884250895024,0.3741814780168381,6,3,2,2,0,3,0,0,1,12,부평동1가 / 중앙동4가,2,선택 조건 접수 있음,16,36,36,39,35,35,36,35,39,0,75.0,12
중구,화재,기타화재(속보설비),4,14460,0.0276625172890733,0.0116380886933197,1.2539184952978055,3,3,2,2,0,0,0,2,2,7,남포동4가,3,선택 조건 접수 있음,16,36,36,36,35,37,37,35,37,0,50.0,7
중구,구급,응급신경증상(뇌졸중),2,14460,0.0138312586445366,0.0129312096592441,0.016711229946524,2,2,1,1,0,0,0,0,2,14,남포동4가 / 대청동2가,1,선택 조건 접수 있음,16,38,38,37,38,37,,37,38,0,100.0,14
중구,기타,순찰출동,2,14460,0.0138312586445366,0.0192120829223056,0.187090739008419,0,0,1,1,0,2,0,0,0,12,남포동6가 / 중앙동4가,1,선택 조건 접수 있음,16,38,38,,38,37,37,37,38,0,100.0,12
중구,기타,지원출동(전기),2,14460,0.0138312586445366,0.001477852532485,0.187090739008419,6,6,2,2,1,0,0,0,1,1,신창동3가 / 중앙동3가,1,선택 조건 접수 있음,16,38,40,37,38,37,39,37,40,0,50.0,1
중구,구급,무선페이징,1,14460,0.0069156293222683,0.0083129204952283,0.008355614973262,3,3,1,1,0,0,0,1,0,12,영주동,1,선택 조건 접수 있음,16,41,40,39,41,,39,39,41,0,100.0,12
중구,기타,예방경계,1,14460,0.0069156293222683,0.0020320472321669,0.0935453695042095,6,6,1,1,0,1,0,0,0,4,중앙동4가,1,선택 조건 접수 있음,16,41,40,,41,41,39,39,41,0,100.0,4
중구,기타,지원출동(풍수해),1,14460,0.0069156293222683,0.0024015103652882,0.0935453695042095,3,3,1,1,0,0,1,0,0,4,남포동5가,1,선택 조건 접수 있음,16,41,40,39,,41,39,39,41,0,100.0,4
중구,화재,산불,1,14460,0.0069156293222683,0.0332516819809135,0.3134796238244514,0,0,1,1,0,0,0,0,1,15,영주동,1,선택 조건 접수 있음,16,41,40,39,41,41,,39,41,0,100.0,15
중구,화재,"특수화재(선박,위험물)",1,14460,0.0069156293222683,0.0157021831576536,0.3134796238244514,0,0,1,1,0,1,0,0,0,9,남포동1가,1,선택 조건 접수 있음,16,41,40,,41,41,39,39,41,0,100.0,9
중구,구급,가스중독,0,14460,0.0,0.006465604829622,0.0,0,0,0,0,0,0,0,0,0,13,,0,선택 조건 접수 0건,16,,,,,,,,,0,,
중구,구급,구급예약,0,14460,0.0,0.0007389262662425,0.0,0,0,0,0,0,0,0,0,0,4,,0,선택 조건 접수 0건,16,,,,,,,,,0,,
중구,구급,아나필락시스,0,14460,0.0,0.004987752297137,0.0,0,0,0,0,0,0,0,0,0,12,,0,선택 조건 접수 0건,16,,,,,,,,,0,,
중구,구조,붕괴사고,0,14460,0.0,0.001477852532485,0.0,0,0,0,0,0,0,0,0,0,8,,0,선택 조건 접수 0건,16,,,,,,,,,0,,
중구,구조,산악사고,0,14460,0.0,0.2137344225106497,0.0,0,0,0,0,0,0,0,0,0,16,,0,선택 조건 접수 0건,16,,,,,,,,,0,,
중구,구조,실종자,0,14460,0.0,0.0127464780926835,0.0,0,0,0,0,0,0,0,0,0,16,,0,선택 조건 접수 0건,16,,,,,,,,,0,,
중구,구조,약물사고,0,14460,0.0,0.0031404366315307,0.0,0,0,0,0,0,0,0,0,0,11,,0,선택 조건 접수 0건,16,,,,,,,,,0,,
중구,구조,폭발사고,0,14460,0.0,0.0009236578328031,0.0,0,0,0,0,0,0,0,0,0,5,,0,선택 조건 접수 0건,16,,,,,,,,,0,,
중구,구조,항공구조(수색구조),0,14460,0.0,0.0001847315665606,0.0,0,0,0,0,0,0,0,0,0,2,,0,선택 조건 접수 0건,16,,,,,,,,,0,,
중구,구조,화학사고,0,14460,0.0,0.0003694631331212,0.0,0,0,0,0,0,0,0,0,0,3,,0,선택 조건 접수 0건,16,,,,,,,,,0,,
중구,기타,기타,0,14460,0.0,0.0001847315665606,0.0,0,0,0,0,0,0,0,0,0,2,,0,선택 조건 접수 0건,16,,,,,,,,,0,,
중구,기타,산사태,0,14460,0.0,0.0005541946996818,0.0,0,0,0,0,0,0,0,0,0,3,,0,선택 조건 접수 0건,16,,,,,,,,,0,,
중구,기타,응원출동,0,14460,0.0,0.0033251681980913,0.0,0,0,0,0,0,0,0,0,0,8,,0,선택 조건 접수 0건,16,,,,,,,,,0,,
중구,기타,지원출동(가스),0,14460,0.0,0.0059114101299401,0.0,3,3,0,0,0,0,0,0,0,16,,0,선택 조건 접수 0건,16,,,,,,,,,0,,
중구,기타,지원출동(경호),0,14460,0.0,0.0001847315665606,0.0,0,0,0,0,0,0,0,0,0,2,,0,선택 조건 접수 0건,16,,,,,,,,,0,,
중구,기타,지원출동(급수),0,14460,0.0,0.0001847315665606,0.0,0,0,0,0,0,0,0,0,0,2,,0,선택 조건 접수 0건,16,,,,,,,,,0,,
중구,기타,지원출동(기타),0,14460,0.0,0.0024015103652882,0.0,0,0,0,0,0,0,0,0,0,10,,0,선택 조건 접수 0건,16,,,,,,,,,0,,
중구,기타,지원출동(데모시위),0,14460,0.0,0.0001847315665606,0.0,0,0,0,0,0,0,0,0,0,2,,0,선택 조건 접수 0건,16,,,,,,,,,0,,
중구,기타,지원출동(도로세척),0,14460,0.0,0.0003694631331212,0.0,0,0,0,0,0,0,0,0,0,3,,0,선택 조건 접수 0건,16,,,,,,,,,0,,
중구,기타,지원출동(재해),0,14460,0.0,0.0011083893993637,0.0,0,0,0,0,0,0,0,0,0,6,,0,선택 조건 접수 0건,16,,,,,,,,,0,,
중구,기타,지원출동(한해),0,14460,0.0,0.0007389262662425,0.0,0,0,0,0,0,0,0,0,0,5,,0,선택 조건 접수 0건,16,,,,,,,,,0,,
중구,기타,지원출동(행사지원),0,14460,0.0,0.0024015103652882,0.0,0,0,0,0,0,0,0,0,0,11,,0,선택 조건 접수 0건,16,,,,,,,,,0,,
중구,기타,지원출동(환경),0,14460,0.0,0.0001847315665606,0.0,0,0,0,0,0,0,0,0,0,2,,0,선택 조건 접수 0건,16,,,,,,,,,0,,
중구,화재,"사회적약자시설(요양원,장애인시설)",0,14460,0.0,0.0009236578328031,0.0,0,0,0,0,0,0,0,0,0,6,,0,선택 조건 접수 0건,16,,,,,,,,,0,,
중구,화재,전기차화재,0,14460,0.0,0.0001847315665606,0.0,3,3,0,0,0,0,0,0,0,2,,0,선택 조건 접수 0건,16,,,,,,,,,0,,
