district,rawDong,year,candidateCode,candidateName,populationAvailable,candidateCount,residentTotal,geographyConfirmed,residents_0_14,pct_0_14,residents_15_39,pct_15_39,residents_40_64,pct_40_64,residents_65plus,pct_65plus,age_0,age_1,age_2,age_3,age_4,age_5,age_6,age_7,age_8,age_9,age_10,age_11,age_12,age_13,age_14,age_15,age_16,age_17,age_18,age_19,age_20,age_21,age_22,age_23,age_24,age_25,age_26,age_27,age_28,age_29,age_30,age_31,age_32,age_33,age_34,age_35,age_36,age_37,age_38,age_39,age_40,age_41,age_42,age_43,age_44,age_45,age_46,age_47,age_48,age_49,age_50,age_51,age_52,age_53,age_54,age_55,age_56,age_57,age_58,age_59,age_60,age_61,age_62,age_63,age_64,age_65,age_66,age_67,age_68,age_69,age_70,age_71,age_72,age_73,age_74,age_75,age_76,age_77,age_78,age_79,age_80,age_81,age_82,age_83,age_84,age_85,age_86,age_87,age_88,age_89,age_90,age_91,age_92,age_93,age_94,age_95,age_96,age_97,age_98,age_99,age_100
부산진구,개금동,2020,2623074000,개금제1동,True,3.0,17190.0,False,1737.0,10.104712041884817,6601.0,38.40023269342641,6214.0,36.14892379290285,2638.0,15.346131471785922,116.0,110.0,118.0,100.0,131.0,155.0,170.0,119.0,129.0,120.0,109.0,92.0,87.0,100.0,81.0,88.0,80.0,116.0,106.0,151.0,187.0,234.0,269.0,338.0,376.0,358.0,381.0,387.0,396.0,348.0,330.0,312.0,272.0,296.0,232.0,252.0,250.0,269.0,283.0,290.0,282.0,275.0,213.0,251.0,222.0,211.0,266.0,229.0,241.0,246.0,250.0,277.0,265.0,280.0,240.0,261.0,234.0,228.0,237.0,289.0,268.0,271.0,225.0,234.0,219.0,226.0,166.0,184.0,189.0,146.0,153.0,148.0,148.0,138.0,121.0,88.0,100.0,89.0,115.0,103.0,86.0,89.0,73.0,45.0,40.0,50.0,34.0,22.0,16.0,14.0,14.0,8.0,12.0,4.0,4.0,2.0,1.0,4.0,3.0,1.0,2.0
부산진구,개금동,2020,2623075000,개금제2동,True,3.0,11299.0,False,1034.0,9.151252323214443,3188.0,28.214886273121515,4569.0,40.43720683246305,2508.0,22.19665457120099,34.0,40.0,54.0,67.0,49.0,84.0,64.0,61.0,91.0,94.0,78.0,82.0,79.0,84.0,73.0,69.0,90.0,73.0,100.0,105.0,159.0,152.0,163.0,181.0,171.0,151.0,172.0,138.0,138.0,149.0,118.0,121.0,119.0,101.0,109.0,114.0,111.0,122.0,119.0,143.0,136.0,150.0,135.0,123.0,158.0,141.0,166.0,162.0,161.0,202.0,196.0,178.0,198.0,183.0,211.0,197.0,182.0,168.0,218.0,211.0,252.0,231.0,203.0,215.0,192.0,190.0,188.0,172.0,152.0,143.0,131.0,146.0,135.0,124.0,99.0,91.0,119.0,101.0,119.0,98.0,77.0,81.0,68.0,54.0,50.0,36.0,27.0,23.0,25.0,16.0,11.0,8.0,8.0,5.0,2.0,3.0,0.0,1.0,2.0,0.0,3.0
부산진구,개금동,2020,2623076000,개금제3동,True,3.0,29438.0,False,3009.0,10.2214824376656,8415.0,28.58550173245465,12629.0,42.90033290305048,5385.0,18.29268292682927,86.0,142.0,166.0,165.0,185.0,237.0,198.0,226.0,229.0,212.0,247.0,202.0,231.0,243.0,240.0,242.0,263.0,275.0,261.0,319.0,339.0,324.0,359.0,374.0,377.0,379.0,374.0,360.0,395.0,363.0,329.0,347.0,322.0,296.0,281.0,293.0,325.0,381.0,443.0,394.0,439.0,374.0,364.0,384.0,381.0,403.0,425.0,524.0,473.0,521.0,464.0,524.0,528.0,536.0,508.0,508.0,532.0,538.0,547.0,665.0,699.0,626.0,547.0,600.0,519.0,543.0,434.0,377.0,373.0,318.0,306.0,262.0,274.0,267.0,188.0,154.0,199.0,183.0,205.0,164.0,147.0,181.0,122.0,114.0,98.0,95.0,87.0,60.0,69.0,49.0,23.0,26.0,16.0,12.0,8.0,10.0,5.0,2.0,5.0,0.0,9.0
부산진구,개금동,2021,2623074000,개금제1동,True,3.0,16724.0,False,1650.0,9.866060751016503,6212.0,37.14422386988759,6116.0,36.57019851710117,2746.0,16.419516861994737,78.0,96.0,101.0,111.0,96.0,124.0,147.0,163.0,120.0,120.0,121.0,106.0,90.0,79.0,98.0,78.0,87.0,85.0,110.0,120.0,176.0,233.0,280.0,317.0,331.0,369.0,307.0,351.0,366.0,363.0,315.0,299.0,281.0,247.0,274.0,221.0,228.0,246.0,258.0,270.0,272.0,262.0,268.0,206.0,242.0,209.0,215.0,254.0,225.0,235.0,243.0,249.0,274.0,257.0,268.0,234.0,264.0,230.0,234.0,233.0,287.0,260.0,261.0,211.0,223.0,223.0,217.0,169.0,181.0,180.0,137.0,145.0,142.0,144.0,131.0,117.0,83.0,96.0,89.0,109.0,103.0,81.0,90.0,70.0,42.0,32.0,46.0,29.0,21.0,15.0,14.0,12.0,5.0,8.0,4.0,3.0,2.0,1.0,2.0,2.0,1.0
부산진구,개금동,2021,2623075000,개금제2동,True,3.0,10948.0,False,973.0,8.887468030690536,2996.0,27.365728900255757,4412.0,40.299598100109606,2567.0,23.4472049689441,32.0,36.0,36.0,53.0,63.0,50.0,83.0,63.0,59.0,94.0,87.0,75.0,80.0,79.0,83.0,69.0,68.0,93.0,70.0,95.0,121.0,159.0,155.0,152.0,176.0,148.0,152.0,158.0,148.0,126.0,129.0,118.0,113.0,104.0,110.0,99.0,102.0,100.0,115.0,116.0,137.0,137.0,142.0,131.0,119.0,154.0,139.0,162.0,164.0,154.0,201.0,187.0,176.0,192.0,178.0,202.0,198.0,178.0,168.0,215.0,202.0,247.0,222.0,200.0,207.0,183.0,187.0,183.0,164.0,146.0,146.0,127.0,138.0,132.0,114.0,97.0,85.0,112.0,95.0,109.0,90.0,74.0,78.0,65.0,57.0,47.0,37.0,23.0,17.0,17.0,14.0,8.0,6.0,6.0,4.0,2.0,2.0,0.0,0.0,2.0,0.0
부산진구,개금동,2021,2623076000,개금제3동,True,3.0,28813.0,False,2868.0,9.953840280428974,8024.0,27.848540589317324,12219.0,42.40794086002846,5702.0,19.789678270225245,103.0,104.0,141.0,164.0,161.0,181.0,235.0,202.0,221.0,227.0,212.0,242.0,203.0,227.0,245.0,230.0,250.0,256.0,270.0,258.0,303.0,338.0,317.0,339.0,360.0,354.0,366.0,361.0,352.0,373.0,350.0,312.0,336.0,320.0,298.0,277.0,300.0,309.0,371.0,424.0,382.0,435.0,376.0,355.0,363.0,375.0,384.0,418.0,496.0,459.0,515.0,450.0,503.0,527.0,514.0,492.0,505.0,526.0,530.0,538.0,649.0,683.0,612.0,549.0,583.0,514.0,542.0,428.0,380.0,364.0,314.0,301.0,256.0,270.0,254.0,187.0,151.0,197.0,177.0,195.0,154.0,142.0,169.0,115.0,102.0,90.0,81.0,74.0,50.0,65.0,46.0,19.0,24.0,13.0,9.0,2.0,8.0,3.0,0.0,4.0,2.0
부산진구,개금동,2022,2623074000,개금제1동,True,3.0,16486.0,False,1536.0,9.316996239233289,6020.0,36.51583161470339,6063.0,36.77665898337984,2867.0,17.39051316268349,77.0,73.0,82.0,92.0,95.0,82.0,123.0,136.0,161.0,106.0,111.0,119.0,103.0,96.0,80.0,106.0,80.0,84.0,87.0,135.0,173.0,245.0,315.0,336.0,320.0,322.0,330.0,293.0,340.0,335.0,331.0,310.0,264.0,259.0,227.0,254.0,202.0,208.0,221.0,243.0,255.0,256.0,242.0,259.0,208.0,248.0,208.0,199.0,251.0,231.0,226.0,246.0,244.0,279.0,240.0,264.0,239.0,271.0,217.0,234.0,226.0,285.0,266.0,254.0,215.0,219.0,214.0,222.0,169.0,182.0,174.0,128.0,145.0,135.0,140.0,132.0,118.0,82.0,97.0,87.0,100.0,100.0,80.0,79.0,69.0,37.0,34.0,39.0,22.0,14.0,12.0,12.0,9.0,1.0,5.0,2.0,2.0,2.0,1.0,2.0,1.0
부산진구,개금동,2022,2623075000,개금제2동,True,3.0,10556.0,False,857.0,8.118605532398636,2817.0,26.686244789693067,4223.0,40.005683971201215,2659.0,25.18946570670709,14.0,29.0,31.0,36.0,54.0,57.0,48.0,80.0,65.0,51.0,89.0,81.0,70.0,75.0,77.0,77.0,67.0,69.0,94.0,69.0,97.0,142.0,165.0,139.0,135.0,162.0,131.0,139.0,165.0,127.0,113.0,119.0,103.0,106.0,96.0,106.0,96.0,94.0,95.0,111.0,117.0,135.0,135.0,142.0,126.0,113.0,143.0,143.0,159.0,163.0,153.0,185.0,181.0,176.0,182.0,173.0,199.0,190.0,178.0,166.0,210.0,203.0,234.0,222.0,195.0,207.0,187.0,186.0,177.0,157.0,144.0,137.0,123.0,137.0,128.0,113.0,93.0,81.0,106.0,89.0,106.0,88.0,66.0,65.0,58.0,49.0,40.0,35.0,21.0,15.0,14.0,10.0,8.0,6.0,4.0,4.0,2.0,2.0,0.0,0.0,1.0
부산진구,개금동,2022,2623076000,개금제3동,True,3.0,27885.0,False,2657.0,9.528420297651069,7429.0,26.64156356464049,11757.0,42.1624529316837,6042.0,21.667563206024745,92.0,107.0,100.0,130.0,147.0,160.0,180.0,230.0,203.0,219.0,220.0,208.0,239.0,196.0,226.0,241.0,214.0,247.0,249.0,258.0,249.0,284.0,322.0,299.0,302.0,324.0,324.0,347.0,346.0,345.0,345.0,344.0,303.0,300.0,314.0,281.0,259.0,280.0,302.0,350.0,398.0,367.0,426.0,358.0,346.0,349.0,360.0,373.0,411.0,469.0,451.0,513.0,445.0,483.0,525.0,508.0,489.0,489.0,524.0,515.0,526.0,637.0,663.0,598.0,534.0,568.0,505.0,525.0,425.0,374.0,362.0,307.0,295.0,249.0,264.0,252.0,178.0,145.0,188.0,171.0,187.0,143.0,131.0,156.0,109.0,91.0,82.0,75.0,61.0,44.0,54.0,42.0,13.0,20.0,11.0,5.0,1.0,4.0,2.0,0.0,3.0
부산진구,개금동,2023,2623074000,개금제1동,True,3.0,18235.0,False,1764.0,9.673704414587332,6673.0,36.59446120098711,6663.0,36.53962160680011,3135.0,17.192212777625446,81.0,94.0,103.0,104.0,114.0,104.0,98.0,141.0,160.0,175.0,119.0,119.0,126.0,121.0,105.0,93.0,126.0,92.0,95.0,135.0,201.0,250.0,354.0,399.0,374.0,329.0,323.0,335.0,336.0,343.0,337.0,366.0,335.0,284.0,310.0,247.0,283.0,223.0,246.0,257.0,278.0,286.0,285.0,275.0,299.0,233.0,276.0,235.0,226.0,263.0,263.0,261.0,268.0,278.0,301.0,263.0,282.0,266.0,285.0,236.0,247.0,234.0,285.0,272.0,266.0,231.0,239.0,220.0,230.0,171.0,181.0,178.0,140.0,148.0,143.0,141.0,133.0,117.0,79.0,97.0,89.0,98.0,98.0,76.0,79.0,66.0,39.0,32.0,34.0,19.0,13.0,10.0,11.0,9.0,1.0,6.0,2.0,2.0,2.0,0.0,1.0
부산진구,개금동,2023,2623075000,개금제2동,True,3.0,10162.0,False,781.0,7.685494981302893,2654.0,26.116906120842355,4023.0,39.588663648888016,2704.0,26.608935248966738,27.0,17.0,29.0,27.0,32.0,50.0,56.0,48.0,75.0,63.0,50.0,86.0,82.0,67.0,72.0,78.0,76.0,68.0,66.0,87.0,69.0,111.0,139.0,166.0,141.0,121.0,151.0,134.0,134.0,152.0,112.0,103.0,109.0,93.0,93.0,85.0,98.0,86.0,94.0,88.0,100.0,104.0,132.0,123.0,139.0,120.0,105.0,135.0,143.0,158.0,167.0,154.0,178.0,174.0,171.0,175.0,169.0,196.0,187.0,175.0,169.0,202.0,196.0,227.0,224.0,184.0,199.0,181.0,181.0,170.0,152.0,144.0,131.0,118.0,130.0,123.0,109.0,93.0,75.0,105.0,83.0,101.0,78.0,55.0,60.0,53.0,42.0,31.0,34.0,17.0,14.0,11.0,9.0,4.0,4.0,3.0,5.0,2.0,2.0,0.0,1.0
부산진구,개금동,2023,2623076000,개금제3동,True,3.0,26999.0,False,2395.0,8.870698914774621,6832.0,25.304640912626397,11387.0,42.175636134671656,6385.0,23.64902403792733,74.0,88.0,94.0,94.0,120.0,131.0,158.0,178.0,218.0,191.0,215.0,211.0,202.0,233.0,188.0,224.0,230.0,207.0,234.0,242.0,228.0,235.0,266.0,304.0,276.0,265.0,305.0,289.0,333.0,343.0,327.0,323.0,304.0,265.0,286.0,283.0,260.0,252.0,264.0,287.0,337.0,375.0,358.0,409.0,345.0,334.0,348.0,352.0,371.0,406.0,471.0,454.0,510.0,440.0,476.0,503.0,504.0,486.0,487.0,518.0,503.0,534.0,620.0,651.0,595.0,526.0,542.0,502.0,521.0,427.0,359.0,356.0,303.0,288.0,240.0,266.0,251.0,170.0,139.0,181.0,171.0,180.0,148.0,121.0,150.0,101.0,79.0,71.0,68.0,58.0,41.0,46.0,32.0,10.0,16.0,10.0,4.0,1.0,3.0,1.0,3.0
부산진구,개금동,2024,2623074000,개금제1동,True,3.0,18239.0,False,1723.0,9.446789845934536,6590.0,36.13136685125281,6610.0,36.24102198585449,3316.0,18.180821316958166,96.0,82.0,84.0,99.0,97.0,111.0,101.0,99.0,132.0,158.0,175.0,117.0,123.0,127.0,122.0,107.0,95.0,128.0,93.0,135.0,187.0,262.0,352.0,390.0,423.0,368.0,293.0,283.0,337.0,329.0,331.0,331.0,339.0,310.0,280.0,293.0,230.0,260.0,201.0,233.0,245.0,284.0,294.0,283.0,283.0,292.0,233.0,271.0,235.0,217.0,253.0,265.0,257.0,274.0,278.0,300.0,257.0,278.0,261.0,275.0,235.0,251.0,244.0,278.0,267.0,257.0,228.0,247.0,221.0,226.0,172.0,183.0,179.0,143.0,144.0,142.0,141.0,136.0,111.0,75.0,95.0,77.0,95.0,92.0,69.0,73.0,61.0,32.0,28.0,30.0,14.0,9.0,9.0,10.0,5.0,1.0,6.0,2.0,1.0,1.0,1.0
부산진구,개금동,2024,2623075000,개금제2동,True,3.0,9841.0,False,719.0,7.306168072350371,2509.0,25.49537648612946,3820.0,38.817193374657045,2793.0,28.381262066863123,25.0,31.0,18.0,23.0,26.0,31.0,45.0,49.0,49.0,79.0,62.0,50.0,83.0,82.0,66.0,71.0,73.0,73.0,67.0,60.0,95.0,83.0,109.0,126.0,157.0,140.0,111.0,145.0,129.0,128.0,133.0,103.0,98.0,98.0,94.0,82.0,79.0,91.0,79.0,85.0,83.0,96.0,98.0,127.0,116.0,135.0,113.0,102.0,135.0,141.0,157.0,165.0,154.0,172.0,179.0,165.0,174.0,173.0,193.0,185.0,177.0,163.0,199.0,193.0,225.0,220.0,181.0,198.0,172.0,176.0,172.0,149.0,141.0,119.0,116.0,128.0,118.0,108.0,88.0,74.0,101.0,73.0,96.0,71.0,47.0,55.0,46.0,35.0,26.0,27.0,15.0,8.0,7.0,7.0,6.0,1.0,3.0,4.0,2.0,2.0,1.0
부산진구,개금동,2024,2623076000,개금제3동,True,3.0,26137.0,False,2200.0,8.41718636415809,6410.0,24.52462027011516,10778.0,41.23656119677087,6749.0,25.821632168955887,61.0,78.0,77.0,87.0,86.0,117.0,125.0,152.0,177.0,210.0,186.0,208.0,207.0,204.0,225.0,188.0,219.0,218.0,200.0,218.0,226.0,230.0,220.0,242.0,296.0,265.0,260.0,296.0,262.0,321.0,320.0,308.0,293.0,285.0,238.0,281.0,265.0,249.0,247.0,263.0,271.0,318.0,363.0,363.0,398.0,321.0,323.0,342.0,341.0,355.0,394.0,464.0,434.0,500.0,426.0,461.0,487.0,498.0,466.0,482.0,507.0,491.0,516.0,612.0,645.0,583.0,504.0,539.0,489.0,529.0,416.0,350.0,340.0,307.0,275.0,231.0,261.0,249.0,161.0,137.0,174.0,161.0,165.0,142.0,118.0,133.0,94.0,77.0,67.0,63.0,47.0,33.0,38.0,29.0,8.0,15.0,8.0,2.0,1.0,1.0,2.0
부산진구,부전동,2020,2623051000,부전제1동,True,2.0,15533.0,False,842.0,5.4207171827721625,6043.0,38.90426833193845,5676.0,36.54155668576579,2972.0,19.133457799523597,74.0,59.0,93.0,61.0,73.0,53.0,64.0,54.0,48.0,51.0,36.0,47.0,37.0,43.0,49.0,48.0,51.0,64.0,65.0,111.0,164.0,183.0,236.0,319.0,335.0,418.0,432.0,399.0,431.0,380.0,305.0,301.0,235.0,266.0,232.0,222.0,215.0,217.0,214.0,200.0,210.0,183.0,130.0,162.0,141.0,167.0,202.0,209.0,196.0,196.0,228.0,258.0,269.0,269.0,224.0,251.0,246.0,217.0,281.0,269.0,301.0,278.0,270.0,270.0,249.0,275.0,221.0,167.0,222.0,170.0,152.0,175.0,155.0,161.0,108.0,127.0,96.0,105.0,121.0,104.0,99.0,82.0,73.0,72.0,50.0,32.0,41.0,32.0,30.0,19.0,14.0,15.0,11.0,7.0,4.0,4.0,3.0,1.0,5.0,3.0,16.0
부산진구,부전동,2020,2623052000,부전제2동,True,2.0,9915.0,False,832.0,8.391326273323248,3941.0,39.74785678265255,3776.0,38.08371154815936,1366.0,13.77710539586485,46.0,53.0,58.0,69.0,83.0,83.0,53.0,70.0,53.0,52.0,45.0,50.0,44.0,37.0,36.0,29.0,47.0,45.0,58.0,74.0,112.0,112.0,180.0,183.0,204.0,222.0,225.0,247.0,229.0,223.0,188.0,188.0,182.0,172.0,150.0,160.0,151.0,177.0,199.0,184.0,172.0,167.0,128.0,140.0,116.0,136.0,130.0,164.0,152.0,169.0,141.0,159.0,162.0,141.0,147.0,152.0,142.0,143.0,142.0,201.0,174.0,146.0,173.0,147.0,132.0,133.0,108.0,94.0,108.0,87.0,64.0,76.0,82.0,60.0,49.0,50.0,33.0,50.0,56.0,44.0,37.0,28.0,31.0,37.0,20.0,13.0,22.0,12.0,10.0,9.0,7.0,9.0,8.0,5.0,3.0,4.0,2.0,4.0,3.0,1.0,7.0
부산진구,부전동,2021,2623051000,부전제1동,True,2.0,15902.0,False,848.0,5.332662558168784,6487.0,40.793610866557664,5580.0,35.08992579549742,2987.0,18.78380077977613,64.0,67.0,61.0,93.0,62.0,66.0,51.0,65.0,49.0,48.0,51.0,42.0,48.0,37.0,44.0,56.0,51.0,53.0,74.0,90.0,142.0,205.0,262.0,317.0,398.0,434.0,454.0,477.0,436.0,447.0,388.0,324.0,298.0,224.0,268.0,227.0,226.0,223.0,208.0,205.0,206.0,208.0,172.0,137.0,166.0,141.0,162.0,199.0,190.0,196.0,212.0,237.0,268.0,258.0,262.0,219.0,240.0,241.0,218.0,277.0,267.0,295.0,280.0,263.0,266.0,243.0,267.0,204.0,162.0,188.0,164.0,151.0,165.0,146.0,154.0,100.0,116.0,90.0,96.0,109.0,103.0,95.0,73.0,66.0,61.0,53.0,31.0,36.0,31.0,26.0,15.0,13.0,11.0,8.0,4.0,1.0,1.0,1.0,1.0,2.0,0.0
부산진구,부전동,2021,2623052000,부전제2동,True,2.0,9930.0,False,864.0,8.700906344410877,3889.0,39.16414904330312,3818.0,38.44914400805639,1359.0,13.685800604229607,62.0,50.0,58.0,58.0,65.0,89.0,81.0,49.0,67.0,53.0,50.0,47.0,46.0,53.0,36.0,39.0,31.0,47.0,49.0,71.0,91.0,135.0,129.0,204.0,212.0,227.0,246.0,248.0,239.0,214.0,220.0,168.0,176.0,182.0,158.0,149.0,162.0,135.0,162.0,195.0,197.0,176.0,170.0,127.0,145.0,121.0,134.0,128.0,165.0,153.0,174.0,140.0,164.0,165.0,144.0,145.0,160.0,144.0,132.0,129.0,189.0,168.0,143.0,166.0,139.0,123.0,129.0,102.0,90.0,101.0,78.0,58.0,65.0,76.0,57.0,46.0,46.0,34.0,46.0,54.0,37.0,33.0,25.0,21.0,35.0,15.0,10.0,17.0,9.0,7.0,9.0,7.0,8.0,4.0,4.0,4.0,2.0,2.0,2.0,2.0,1.0
부산진구,부전동,2022,2623051000,부전제1동,True,2.0,15768.0,False,791.0,5.016489091831557,6534.0,41.43835616438356,5397.0,34.227549467275495,3046.0,19.317605276509383,60.0,57.0,61.0,57.0,84.0,54.0,52.0,50.0,62.0,44.0,40.0,50.0,42.0,46.0,32.0,43.0,59.0,54.0,58.0,111.0,136.0,199.0,276.0,349.0,376.0,458.0,460.0,474.0,469.0,408.0,388.0,363.0,309.0,258.0,218.0,239.0,208.0,217.0,206.0,198.0,195.0,187.0,193.0,170.0,137.0,163.0,137.0,164.0,200.0,193.0,197.0,207.0,235.0,266.0,246.0,257.0,209.0,235.0,228.0,206.0,284.0,265.0,287.0,275.0,261.0,258.0,224.0,258.0,197.0,154.0,180.0,155.0,144.0,150.0,130.0,139.0,103.0,114.0,87.0,89.0,102.0,98.0,86.0,64.0,61.0,60.0,41.0,27.0,32.0,27.0,20.0,16.0,8.0,11.0,5.0,3.0,0.0,0.0,1.0,1.0,1.0
부산진구,부전동,2022,2623052000,부전제2동,True,2.0,10699.0,False,821.0,7.673614356481914,4715.0,44.069539209271895,3758.0,35.124778016637066,1405.0,13.132068417609124,49.0,57.0,48.0,46.0,52.0,64.0,79.0,69.0,53.0,68.0,51.0,48.0,44.0,40.0,53.0,37.0,34.0,42.0,50.0,70.0,108.0,157.0,228.0,236.0,284.0,344.0,324.0,326.0,307.0,291.0,249.0,261.0,203.0,185.0,180.0,170.0,151.0,166.0,140.0,172.0,184.0,187.0,165.0,165.0,125.0,144.0,121.0,126.0,136.0,172.0,148.0,159.0,141.0,165.0,166.0,137.0,144.0,150.0,133.0,133.0,127.0,178.0,158.0,140.0,154.0,130.0,120.0,122.0,95.0,88.0,95.0,74.0,56.0,67.0,76.0,52.0,43.0,40.0,32.0,46.0,51.0,29.0,30.0,26.0,20.0,31.0,14.0,8.0,13.0,5.0,6.0,7.0,4.0,8.0,5.0,5.0,3.0,1.0,0.0,1.0,2.0
부산진구,부전동,2023,2623051000,부전제1동,True,2.0,15712.0,False,745.0,4.741598778004073,6693.0,42.598014256619145,5165.0,32.8729633401222,3109.0,19.787423625254583,57.0,54.0,56.0,54.0,48.0,73.0,44.0,52.0,47.0,59.0,39.0,30.0,47.0,40.0,45.0,31.0,46.0,58.0,53.0,93.0,148.0,190.0,256.0,362.0,421.0,457.0,495.0,494.0,466.0,460.0,368.0,363.0,344.0,285.0,260.0,212.0,233.0,197.0,205.0,196.0,189.0,196.0,173.0,177.0,163.0,133.0,173.0,131.0,158.0,192.0,195.0,203.0,201.0,226.0,255.0,239.0,253.0,209.0,229.0,209.0,200.0,270.0,251.0,279.0,261.0,243.0,251.0,217.0,239.0,195.0,145.0,172.0,141.0,143.0,144.0,123.0,136.0,99.0,108.0,83.0,82.0,91.0,87.0,83.0,58.0,55.0,54.0,39.0,24.0,23.0,22.0,17.0,13.0,7.0,5.0,4.0,3.0,0.0,0.0,1.0,2.0
부산진구,부전동,2023,2623052000,부전제2동,True,2.0,11886.0,False,955.0,8.034662628302204,5402.0,45.44842672051153,3993.0,33.59414437152953,1536.0,12.92276627965674,67.0,75.0,64.0,69.0,55.0,74.0,81.0,80.0,72.0,55.0,70.0,54.0,49.0,44.0,46.0,51.0,43.0,38.0,46.0,91.0,117.0,151.0,208.0,315.0,273.0,340.0,368.0,360.0,352.0,345.0,316.0,308.0,281.0,236.0,218.0,204.0,204.0,190.0,194.0,153.0,184.0,203.0,194.0,164.0,175.0,134.0,156.0,136.0,137.0,148.0,175.0,169.0,170.0,157.0,171.0,174.0,149.0,135.0,151.0,149.0,145.0,131.0,177.0,163.0,146.0,148.0,134.0,118.0,129.0,90.0,87.0,98.0,74.0,57.0,70.0,74.0,47.0,41.0,39.0,33.0,45.0,45.0,32.0,31.0,30.0,18.0,30.0,11.0,8.0,10.0,5.0,5.0,6.0,3.0,6.0,4.0,3.0,3.0,0.0,0.0,2.0
부산진구,부전동,2024,2623051000,부전제1동,True,2.0,14234.0,False,645.0,4.531403681326402,6533.0,45.89714767458199,4379.0,30.76436700857103,2677.0,18.807081635520586,54.0,60.0,43.0,52.0,44.0,45.0,48.0,34.0,42.0,42.0,51.0,32.0,23.0,42.0,33.0,33.0,21.0,41.0,54.0,91.0,128.0,182.0,237.0,304.0,408.0,445.0,434.0,493.0,473.0,472.0,425.0,329.0,350.0,323.0,275.0,236.0,199.0,220.0,175.0,185.0,166.0,172.0,182.0,167.0,157.0,144.0,121.0,153.0,111.0,133.0,165.0,173.0,183.0,182.0,196.0,207.0,195.0,218.0,180.0,177.0,170.0,154.0,224.0,210.0,239.0,226.0,206.0,206.0,178.0,193.0,146.0,122.0,138.0,111.0,114.0,117.0,103.0,107.0,80.0,82.0,62.0,62.0,71.0,71.0,64.0,41.0,37.0,40.0,30.0,15.0,11.0,14.0,10.0,8.0,4.0,3.0,2.0,2.0,0.0,0.0,1.0
부산진구,부전동,2024,2623052000,부전제2동,True,2.0,12202.0,False,961.0,7.87575807244714,5652.0,46.32027536469431,3990.0,32.69955744959843,1599.0,13.104409113260122,50.0,66.0,72.0,71.0,70.0,56.0,68.0,77.0,80.0,71.0,61.0,67.0,56.0,47.0,49.0,48.0,48.0,44.0,36.0,62.0,112.0,140.0,184.0,262.0,323.0,352.0,393.0,378.0,369.0,344.0,355.0,314.0,308.0,300.0,243.0,205.0,214.0,228.0,192.0,198.0,172.0,172.0,200.0,197.0,173.0,184.0,134.0,155.0,133.0,132.0,147.0,172.0,156.0,169.0,165.0,174.0,173.0,150.0,132.0,153.0,150.0,144.0,128.0,170.0,155.0,134.0,148.0,132.0,124.0,129.0,90.0,83.0,88.0,68.0,56.0,66.0,72.0,44.0,38.0,33.0,34.0,39.0,41.0,27.0,28.0,27.0,15.0,26.0,11.0,8.0,11.0,3.0,3.0,5.0,3.0,4.0,3.0,2.0,2.0,0.0,2.0
부산진구,전포동,2020,2623060000,전포제1동,True,2.0,21842.0,False,1936.0,8.863657174251442,9392.0,42.99972529988096,7144.0,32.70762750663859,3370.0,15.428990019229008,133.0,153.0,127.0,154.0,147.0,147.0,131.0,115.0,121.0,139.0,113.0,115.0,107.0,117.0,117.0,117.0,124.0,121.0,145.0,180.0,229.0,286.0,340.0,417.0,469.0,559.0,593.0,566.0,584.0,558.0,438.0,474.0,474.0,445.0,399.0,378.0,350.0,383.0,403.0,360.0,356.0,346.0,254.0,265.0,279.0,273.0,308.0,297.0,322.0,308.0,293.0,310.0,318.0,296.0,227.0,250.0,238.0,231.0,321.0,294.0,279.0,273.0,282.0,271.0,253.0,296.0,244.0,174.0,215.0,167.0,182.0,181.0,182.0,167.0,115.0,129.0,124.0,137.0,154.0,131.0,121.0,115.0,80.0,88.0,65.0,57.0,55.0,37.0,28.0,18.0,27.0,20.0,12.0,7.0,7.0,6.0,5.0,3.0,3.0,2.0,16.0
부산진구,전포동,2020,2623061000,전포제2동,True,2.0,21097.0,False,1545.0,7.323316111295445,7040.0,33.36967341328151,7926.0,37.56932265250983,4586.0,21.73768782291321,70.0,67.0,68.0,102.0,103.0,106.0,115.0,111.0,123.0,120.0,123.0,109.0,103.0,130.0,95.0,102.0,100.0,122.0,134.0,159.0,203.0,197.0,273.0,307.0,369.0,418.0,385.0,431.0,388.0,430.0,335.0,321.0,326.0,300.0,270.0,269.0,252.0,307.0,315.0,327.0,348.0,326.0,245.0,267.0,264.0,267.0,289.0,293.0,323.0,335.0,341.0,310.0,303.0,309.0,271.0,295.0,284.0,296.0,318.0,370.0,377.0,393.0,384.0,367.0,351.0,337.0,294.0,290.0,270.0,260.0,255.0,265.0,244.0,247.0,188.0,168.0,187.0,215.0,202.0,177.0,147.0,161.0,122.0,108.0,82.0,84.0,68.0,53.0,34.0,28.0,20.0,17.0,17.0,9.0,7.0,4.0,9.0,2.0,0.0,2.0,13.0
부산진구,전포동,2021,2623060000,전포제1동,True,2.0,21776.0,False,2013.0,9.244121969140338,9515.0,43.69489346069067,7072.0,32.47612049963262,3176.0,14.584864070536373,153.0,138.0,152.0,140.0,171.0,139.0,150.0,132.0,111.0,126.0,138.0,118.0,118.0,106.0,121.0,116.0,128.0,125.0,133.0,181.0,221.0,291.0,340.0,415.0,464.0,519.0,544.0,554.0,572.0,584.0,571.0,453.0,477.0,483.0,442.0,377.0,379.0,358.0,378.0,410.0,364.0,362.0,350.0,256.0,279.0,264.0,280.0,312.0,294.0,314.0,300.0,293.0,303.0,313.0,283.0,213.0,244.0,220.0,216.0,299.0,281.0,253.0,264.0,263.0,252.0,230.0,261.0,217.0,158.0,190.0,156.0,165.0,171.0,163.0,154.0,100.0,120.0,107.0,121.0,125.0,104.0,109.0,99.0,71.0,73.0,58.0,51.0,43.0,27.0,21.0,18.0,21.0,17.0,10.0,5.0,4.0,2.0,2.0,2.0,0.0,1.0
부산진구,전포동,2021,2623061000,전포제2동,True,2.0,20853.0,False,1441.0,6.910276698796336,6915.0,33.16069630269026,7754.0,37.18409821128854,4743.0,22.74492878722486,59.0,65.0,63.0,69.0,82.0,99.0,100.0,111.0,101.0,117.0,120.0,116.0,109.0,101.0,129.0,100.0,103.0,106.0,127.0,132.0,187.0,241.0,234.0,319.0,343.0,402.0,414.0,404.0,448.0,421.0,401.0,315.0,303.0,322.0,284.0,245.0,249.0,231.0,291.0,293.0,315.0,322.0,288.0,248.0,257.0,263.0,271.0,277.0,291.0,318.0,330.0,333.0,315.0,292.0,302.0,276.0,298.0,281.0,293.0,319.0,361.0,381.0,391.0,371.0,361.0,346.0,344.0,296.0,274.0,269.0,250.0,245.0,258.0,244.0,235.0,185.0,167.0,188.0,203.0,186.0,168.0,141.0,147.0,121.0,102.0,69.0,79.0,57.0,44.0,35.0,24.0,16.0,12.0,13.0,7.0,6.0,2.0,5.0,3.0,1.0,1.0
부산진구,전포동,2022,2623060000,전포제1동,True,2.0,21221.0,False,1932.0,9.104189246501107,9303.0,43.83865039347816,6900.0,32.51496159464681,3086.0,14.542198765373922,147.0,132.0,136.0,139.0,131.0,151.0,129.0,146.0,131.0,104.0,119.0,134.0,114.0,117.0,102.0,117.0,114.0,126.0,123.0,159.0,200.0,260.0,397.0,384.0,428.0,518.0,556.0,549.0,552.0,561.0,566.0,514.0,453.0,455.0,440.0,422.0,355.0,346.0,346.0,362.0,380.0,367.0,345.0,328.0,248.0,252.0,263.0,278.0,296.0,286.0,303.0,293.0,275.0,291.0,301.0,275.0,203.0,220.0,217.0,197.0,279.0,263.0,253.0,244.0,243.0,228.0,211.0,241.0,197.0,145.0,178.0,137.0,148.0,158.0,151.0,145.0,93.0,112.0,104.0,107.0,111.0,97.0,91.0,86.0,56.0,60.0,53.0,41.0,31.0,24.0,18.0,16.0,15.0,13.0,8.0,5.0,4.0,0.0,1.0,1.0,0.0
부산진구,전포동,2022,2623061000,전포제2동,True,2.0,22765.0,False,1744.0,7.660882934329014,7697.0,33.810674280694045,8212.0,36.072918954535474,5112.0,22.455523830441468,103.0,111.0,116.0,108.0,113.0,104.0,123.0,110.0,118.0,121.0,125.0,128.0,130.0,123.0,111.0,135.0,117.0,113.0,120.0,149.0,148.0,210.0,318.0,309.0,358.0,385.0,417.0,421.0,433.0,444.0,461.0,435.0,377.0,367.0,405.0,343.0,292.0,313.0,297.0,330.0,336.0,352.0,363.0,326.0,265.0,274.0,276.0,281.0,300.0,302.0,331.0,365.0,364.0,331.0,312.0,324.0,298.0,314.0,296.0,299.0,333.0,383.0,395.0,408.0,384.0,364.0,364.0,350.0,312.0,286.0,273.0,251.0,251.0,272.0,241.0,228.0,193.0,168.0,188.0,195.0,187.0,163.0,140.0,134.0,113.0,97.0,66.0,73.0,50.0,41.0,30.0,23.0,16.0,9.0,11.0,6.0,7.0,3.0,3.0,2.0,2.0
부산진구,전포동,2023,2623060000,전포제1동,True,2.0,20809.0,False,1809.0,8.693353837281945,9149.0,43.96655293382671,6689.0,32.14474506223269,3162.0,15.195348166658658,139.0,126.0,109.0,118.0,112.0,111.0,136.0,119.0,139.0,125.0,104.0,121.0,126.0,114.0,110.0,99.0,119.0,103.0,126.0,134.0,194.0,254.0,305.0,445.0,466.0,525.0,501.0,570.0,546.0,565.0,544.0,560.0,501.0,419.0,427.0,388.0,379.0,338.0,318.0,323.0,338.0,358.0,339.0,310.0,312.0,231.0,237.0,256.0,264.0,297.0,277.0,299.0,282.0,260.0,277.0,295.0,252.0,196.0,203.0,224.0,197.0,268.0,249.0,239.0,229.0,238.0,219.0,206.0,235.0,183.0,134.0,169.0,131.0,146.0,153.0,149.0,141.0,91.0,100.0,96.0,104.0,106.0,93.0,80.0,83.0,54.0,55.0,44.0,35.0,28.0,20.0,15.0,14.0,13.0,9.0,7.0,5.0,3.0,0.0,1.0,2.0
부산진구,전포동,2023,2623061000,전포제2동,True,2.0,23354.0,False,1800.0,7.707459107647512,7890.0,33.78436242185493,8293.0,35.50997687762268,5371.0,22.99820159287488,105.0,120.0,112.0,122.0,111.0,117.0,101.0,122.0,111.0,121.0,124.0,133.0,137.0,133.0,131.0,115.0,144.0,123.0,124.0,142.0,157.0,180.0,254.0,360.0,345.0,386.0,424.0,452.0,438.0,429.0,453.0,467.0,464.0,399.0,377.0,396.0,351.0,291.0,321.0,298.0,329.0,341.0,367.0,371.0,325.0,275.0,275.0,277.0,287.0,318.0,317.0,330.0,372.0,366.0,344.0,326.0,326.0,299.0,310.0,298.0,307.0,340.0,383.0,400.0,410.0,388.0,357.0,365.0,347.0,306.0,286.0,277.0,248.0,246.0,267.0,232.0,226.0,186.0,155.0,186.0,192.0,181.0,158.0,128.0,133.0,109.0,93.0,58.0,67.0,46.0,36.0,30.0,19.0,18.0,6.0,7.0,4.0,5.0,3.0,2.0,4.0
부산진구,전포동,2024,2623060000,전포제1동,True,2.0,20303.0,False,1662.0,8.18598236713786,9025.0,44.451558882923706,6464.0,31.837659459193222,3152.0,15.52479929074521,108.0,119.0,116.0,92.0,104.0,97.0,81.0,137.0,113.0,127.0,120.0,99.0,115.0,125.0,109.0,107.0,98.0,121.0,101.0,143.0,156.0,217.0,321.0,378.0,487.0,508.0,522.0,500.0,577.0,532.0,566.0,541.0,578.0,487.0,404.0,406.0,346.0,359.0,298.0,272.0,290.0,319.0,327.0,319.0,299.0,304.0,231.0,231.0,250.0,246.0,292.0,270.0,289.0,277.0,247.0,258.0,269.0,246.0,194.0,202.0,212.0,189.0,247.0,235.0,221.0,222.0,214.0,211.0,186.0,224.0,178.0,130.0,158.0,118.0,129.0,152.0,138.0,136.0,88.0,93.0,91.0,94.0,97.0,84.0,76.0,74.0,48.0,50.0,37.0,29.0,23.0,18.0,16.0,13.0,5.0,6.0,4.0,5.0,3.0,0.0,2.0
부산진구,전포동,2024,2623061000,전포제2동,True,2.0,23209.0,False,1673.0,7.208410530397691,7793.0,33.577491490370114,8073.0,34.78392003102245,5670.0,24.430177948209742,94.0,106.0,108.0,102.0,108.0,105.0,110.0,93.0,115.0,108.0,110.0,119.0,134.0,131.0,130.0,131.0,114.0,144.0,120.0,139.0,155.0,172.0,250.0,292.0,389.0,406.0,407.0,409.0,471.0,432.0,427.0,435.0,448.0,421.0,388.0,355.0,379.0,324.0,289.0,296.0,295.0,319.0,331.0,352.0,356.0,318.0,266.0,263.0,268.0,283.0,315.0,312.0,322.0,375.0,360.0,350.0,316.0,332.0,297.0,305.0,302.0,310.0,338.0,384.0,404.0,394.0,388.0,355.0,363.0,354.0,315.0,287.0,286.0,247.0,247.0,259.0,229.0,222.0,191.0,159.0,178.0,191.0,177.0,144.0,123.0,124.0,100.0,81.0,53.0,59.0,37.0,34.0,22.0,15.0,13.0,4.0,7.0,3.0,5.0,2.0,2.0
북구,구포동,2020,2632051000,구포제1동,True,3.0,14735.0,False,1033.0,7.010519172039362,4464.0,30.29521547336274,6315.0,42.85714285714285,2923.0,19.83712249745504,83.0,92.0,83.0,75.0,97.0,63.0,52.0,59.0,73.0,70.0,65.0,50.0,50.0,67.0,54.0,54.0,75.0,89.0,96.0,114.0,147.0,111.0,174.0,179.0,206.0,238.0,245.0,245.0,226.0,253.0,220.0,239.0,195.0,210.0,192.0,199.0,183.0,170.0,204.0,200.0,171.0,177.0,140.0,178.0,144.0,165.0,182.0,204.0,203.0,195.0,222.0,260.0,279.0,283.0,274.0,290.0,291.0,300.0,329.0,389.0,401.0,366.0,297.0,312.0,263.0,246.0,254.0,201.0,210.0,162.0,182.0,174.0,141.0,140.0,116.0,120.0,106.0,101.0,114.0,97.0,91.0,78.0,75.0,52.0,53.0,42.0,32.0,23.0,25.0,18.0,23.0,7.0,13.0,5.0,2.0,3.0,2.0,5.0,1.0,4.0,5.0
북구,구포동,2020,2632052000,구포제2동,True,3.0,26303.0,False,2289.0,8.70242938067901,7942.0,30.19427441736684,11424.0,43.43230810173745,4648.0,17.670988100216704,103.0,99.0,138.0,126.0,153.0,172.0,154.0,165.0,178.0,169.0,165.0,169.0,175.0,162.0,161.0,184.0,179.0,172.0,182.0,230.0,277.0,284.0,305.0,362.0,393.0,420.0,407.0,429.0,404.0,400.0,362.0,355.0,325.0,288.0,304.0,297.0,293.0,339.0,381.0,370.0,333.0,349.0,337.0,312.0,285.0,305.0,358.0,392.0,387.0,447.0,469.0,498.0,489.0,508.0,529.0,504.0,500.0,528.0,574.0,657.0,677.0,549.0,515.0,462.0,460.0,471.0,394.0,320.0,372.0,280.0,261.0,258.0,260.0,237.0,179.0,151.0,140.0,167.0,202.0,167.0,122.0,109.0,91.0,71.0,86.0,71.0,58.0,32.0,28.0,25.0,19.0,11.0,18.0,9.0,5.0,3.0,8.0,2.0,1.0,1.0,19.0
북구,구포동,2020,2632052100,구포제3동,True,3.0,20420.0,False,1631.0,7.987267384916748,5907.0,28.927522037218413,9329.0,45.68560235063663,3553.0,17.399608227228207,54.0,55.0,65.0,83.0,99.0,114.0,114.0,135.0,122.0,133.0,134.0,116.0,141.0,145.0,121.0,138.0,157.0,177.0,169.0,245.0,255.0,277.0,302.0,321.0,331.0,322.0,325.0,289.0,291.0,267.0,216.0,211.0,185.0,172.0,193.0,177.0,176.0,204.0,249.0,258.0,238.0,268.0,237.0,255.0,266.0,279.0,310.0,327.0,366.0,376.0,376.0,409.0,406.0,423.0,452.0,451.0,406.0,421.0,486.0,478.0,513.0,442.0,385.0,398.0,361.0,376.0,325.0,241.0,264.0,213.0,222.0,211.0,205.0,189.0,135.0,116.0,127.0,135.0,144.0,93.0,90.0,74.0,72.0,57.0,53.0,33.0,42.0,25.0,23.0,24.0,10.0,18.0,6.0,9.0,5.0,4.0,2.0,3.0,2.0,1.0,4.0
북구,구포동,2021,2632051000,구포제1동,True,3.0,16096.0,False,1213.0,7.5360337972166995,4807.0,29.86456262425447,6804.0,42.2713717693837,3272.0,20.32803180914513,81.0,94.0,84.0,91.0,92.0,116.0,82.0,80.0,64.0,82.0,87.0,75.0,52.0,53.0,80.0,60.0,64.0,79.0,94.0,111.0,135.0,168.0,148.0,200.0,184.0,245.0,261.0,256.0,246.0,241.0,280.0,242.0,257.0,226.0,236.0,218.0,219.0,196.0,205.0,236.0,232.0,202.0,193.0,155.0,194.0,160.0,175.0,210.0,221.0,221.0,217.0,243.0,284.0,309.0,314.0,301.0,318.0,309.0,327.0,363.0,416.0,419.0,380.0,309.0,332.0,288.0,268.0,260.0,204.0,234.0,179.0,184.0,173.0,157.0,133.0,122.0,123.0,113.0,100.0,119.0,98.0,85.0,74.0,71.0,51.0,46.0,41.0,30.0,22.0,23.0,18.0,26.0,7.0,11.0,2.0,2.0,2.0,0.0,3.0,1.0,2.0
북구,구포동,2021,2632052000,구포제2동,True,3.0,25270.0,False,2097.0,8.298377522754254,7290.0,28.84843688167788,11026.0,43.63276612584092,4857.0,19.22041946972695,102.0,89.0,86.0,127.0,114.0,139.0,153.0,147.0,161.0,170.0,166.0,152.0,159.0,176.0,156.0,165.0,172.0,180.0,170.0,179.0,220.0,279.0,291.0,302.0,343.0,374.0,382.0,388.0,398.0,383.0,391.0,316.0,316.0,304.0,266.0,273.0,264.0,280.0,307.0,347.0,373.0,311.0,340.0,315.0,311.0,285.0,297.0,341.0,383.0,381.0,433.0,459.0,487.0,492.0,497.0,514.0,471.0,488.0,496.0,569.0,643.0,662.0,541.0,493.0,444.0,448.0,470.0,384.0,313.0,358.0,265.0,254.0,240.0,261.0,223.0,174.0,147.0,127.0,155.0,189.0,160.0,114.0,112.0,83.0,61.0,75.0,55.0,55.0,26.0,27.0,16.0,17.0,9.0,16.0,7.0,4.0,1.0,5.0,1.0,1.0,4.0
북구,구포동,2021,2632052100,구포제3동,True,3.0,19686.0,False,1458.0,7.406278573605608,5406.0,27.46113989637306,9046.0,45.95143756984659,3776.0,19.181143960174744,40.0,44.0,48.0,67.0,68.0,93.0,110.0,89.0,126.0,114.0,131.0,132.0,116.0,140.0,140.0,116.0,133.0,156.0,171.0,173.0,248.0,245.0,280.0,276.0,305.0,302.0,292.0,311.0,270.0,266.0,237.0,192.0,181.0,172.0,148.0,179.0,163.0,152.0,203.0,235.0,243.0,242.0,253.0,231.0,251.0,252.0,266.0,288.0,321.0,349.0,372.0,387.0,409.0,400.0,424.0,445.0,442.0,408.0,417.0,476.0,474.0,503.0,429.0,378.0,386.0,354.0,361.0,315.0,237.0,261.0,212.0,213.0,203.0,197.0,183.0,134.0,107.0,123.0,130.0,141.0,90.0,90.0,71.0,71.0,52.0,49.0,30.0,38.0,23.0,20.0,21.0,10.0,16.0,4.0,6.0,5.0,3.0,2.0,2.0,0.0,2.0
북구,구포동,2022,2632051000,구포제1동,True,3.0,15947.0,False,1224.0,7.675424844798394,4605.0,28.876904746974358,6614.0,41.47488555841224,3504.0,21.97278484981501,108.0,83.0,86.0,76.0,85.0,88.0,113.0,83.0,84.0,67.0,82.0,83.0,75.0,53.0,58.0,85.0,58.0,66.0,83.0,97.0,113.0,142.0,154.0,157.0,201.0,180.0,256.0,245.0,252.0,246.0,264.0,290.0,229.0,248.0,217.0,215.0,206.0,210.0,188.0,203.0,226.0,232.0,196.0,186.0,154.0,195.0,158.0,172.0,206.0,208.0,218.0,222.0,248.0,279.0,305.0,304.0,305.0,309.0,308.0,317.0,368.0,399.0,410.0,382.0,307.0,325.0,292.0,274.0,259.0,200.0,230.0,168.0,181.0,167.0,155.0,137.0,124.0,123.0,108.0,91.0,114.0,97.0,84.0,64.0,68.0,47.0,40.0,42.0,26.0,20.0,18.0,12.0,17.0,5.0,7.0,2.0,2.0,0.0,0.0,2.0,3.0
북구,구포동,2022,2632052000,구포제2동,True,3.0,24551.0,False,1942.0,7.910064763146104,6811.0,27.74225082481365,10696.0,43.56645350494888,5102.0,20.78123090709136,80.0,87.0,88.0,84.0,127.0,109.0,130.0,144.0,138.0,151.0,162.0,166.0,146.0,161.0,169.0,149.0,156.0,175.0,170.0,175.0,176.0,229.0,275.0,265.0,297.0,331.0,375.0,370.0,353.0,368.0,361.0,375.0,307.0,309.0,295.0,249.0,256.0,243.0,269.0,283.0,338.0,357.0,302.0,324.0,312.0,295.0,279.0,294.0,331.0,386.0,373.0,422.0,454.0,475.0,484.0,484.0,505.0,469.0,491.0,485.0,551.0,628.0,649.0,528.0,480.0,436.0,437.0,451.0,372.0,303.0,350.0,264.0,249.0,230.0,253.0,214.0,179.0,144.0,122.0,150.0,177.0,153.0,105.0,108.0,74.0,57.0,69.0,50.0,44.0,25.0,23.0,12.0,12.0,9.0,12.0,5.0,5.0,0.0,3.0,1.0,4.0
북구,구포동,2022,2632052100,구포제3동,True,3.0,19051.0,False,1293.0,6.787045299459346,5013.0,26.31357933966721,8697.0,45.65114692142145,4048.0,21.248228439452,31.0,39.0,46.0,36.0,64.0,63.0,83.0,95.0,83.0,122.0,117.0,129.0,130.0,114.0,141.0,141.0,116.0,132.0,153.0,182.0,164.0,243.0,238.0,255.0,246.0,272.0,278.0,279.0,286.0,249.0,240.0,216.0,178.0,171.0,162.0,139.0,164.0,165.0,147.0,197.0,235.0,217.0,231.0,240.0,222.0,245.0,234.0,260.0,282.0,315.0,343.0,367.0,391.0,408.0,387.0,428.0,431.0,436.0,389.0,413.0,465.0,469.0,498.0,422.0,369.0,387.0,346.0,362.0,310.0,241.0,253.0,210.0,208.0,195.0,194.0,180.0,128.0,108.0,120.0,127.0,134.0,84.0,80.0,66.0,68.0,48.0,46.0,30.0,35.0,19.0,19.0,15.0,10.0,11.0,4.0,3.0,2.0,0.0,2.0,2.0,1.0
북구,구포동,2023,2632051000,구포제1동,True,3.0,15521.0,False,1201.0,7.737903485600155,4287.0,27.620642999806712,6343.0,40.86721216416468,3690.0,23.77424135042845,80.0,92.0,81.0,80.0,65.0,79.0,92.0,103.0,82.0,84.0,68.0,87.0,81.0,76.0,51.0,56.0,84.0,58.0,70.0,89.0,97.0,113.0,151.0,144.0,165.0,181.0,184.0,256.0,241.0,244.0,241.0,242.0,267.0,210.0,230.0,195.0,205.0,187.0,192.0,185.0,192.0,222.0,233.0,187.0,179.0,145.0,195.0,158.0,173.0,200.0,200.0,220.0,223.0,244.0,270.0,297.0,292.0,297.0,303.0,303.0,309.0,357.0,380.0,391.0,373.0,301.0,321.0,279.0,267.0,258.0,197.0,226.0,159.0,186.0,166.0,152.0,129.0,127.0,116.0,108.0,91.0,113.0,97.0,72.0,62.0,58.0,43.0,32.0,38.0,25.0,15.0,16.0,8.0,13.0,3.0,6.0,2.0,0.0,0.0,0.0,4.0
북구,구포동,2023,2632052000,구포제2동,True,3.0,23761.0,False,1784.0,7.508101510879172,6300.0,26.514035604562096,10304.0,43.36517823323934,5373.0,22.612684651319388,64.0,86.0,79.0,79.0,84.0,121.0,99.0,121.0,141.0,127.0,154.0,160.0,164.0,149.0,156.0,159.0,154.0,156.0,178.0,154.0,166.0,173.0,213.0,260.0,244.0,275.0,311.0,362.0,351.0,332.0,335.0,327.0,330.0,277.0,300.0,269.0,226.0,244.0,240.0,264.0,262.0,334.0,338.0,282.0,325.0,301.0,290.0,282.0,287.0,328.0,375.0,369.0,422.0,460.0,465.0,470.0,480.0,495.0,455.0,488.0,470.0,544.0,615.0,648.0,519.0,476.0,422.0,432.0,432.0,367.0,294.0,341.0,263.0,242.0,233.0,243.0,208.0,170.0,136.0,116.0,143.0,169.0,144.0,100.0,98.0,65.0,53.0,58.0,40.0,41.0,23.0,18.0,10.0,8.0,5.0,8.0,5.0,3.0,0.0,3.0,4.0
북구,구포동,2023,2632052100,구포제3동,True,3.0,18300.0,False,1134.0,6.19672131147541,4573.0,24.989071038251367,8338.0,45.56284153005465,4255.0,23.25136612021858,30.0,26.0,38.0,49.0,32.0,65.0,57.0,78.0,93.0,80.0,117.0,112.0,123.0,122.0,112.0,137.0,141.0,114.0,125.0,156.0,180.0,143.0,236.0,215.0,233.0,216.0,241.0,241.0,244.0,253.0,230.0,214.0,209.0,149.0,161.0,153.0,129.0,157.0,154.0,142.0,197.0,206.0,205.0,216.0,235.0,211.0,242.0,234.0,258.0,269.0,306.0,350.0,363.0,386.0,392.0,385.0,404.0,417.0,437.0,385.0,407.0,455.0,458.0,497.0,423.0,354.0,382.0,337.0,356.0,306.0,227.0,241.0,204.0,210.0,192.0,191.0,175.0,128.0,103.0,110.0,121.0,123.0,80.0,73.0,59.0,63.0,43.0,43.0,29.0,28.0,16.0,17.0,14.0,8.0,10.0,2.0,4.0,2.0,0.0,2.0,2.0
북구,구포동,2024,2632051000,구포제1동,True,3.0,15046.0,False,1143.0,7.596703442775489,3929.0,26.113252691745316,6026.0,40.05051176392397,3948.0,26.23953210155523,67.0,75.0,81.0,73.0,69.0,65.0,79.0,86.0,94.0,76.0,78.0,67.0,80.0,80.0,73.0,50.0,53.0,76.0,54.0,60.0,81.0,89.0,119.0,146.0,146.0,150.0,195.0,168.0,234.0,237.0,215.0,223.0,232.0,243.0,209.0,219.0,181.0,193.0,175.0,181.0,175.0,184.0,211.0,227.0,184.0,184.0,143.0,191.0,143.0,163.0,192.0,205.0,225.0,220.0,241.0,271.0,290.0,278.0,285.0,295.0,293.0,312.0,358.0,376.0,380.0,375.0,292.0,311.0,271.0,261.0,252.0,199.0,222.0,156.0,177.0,164.0,144.0,127.0,123.0,112.0,107.0,86.0,112.0,89.0,67.0,58.0,53.0,43.0,33.0,36.0,24.0,13.0,11.0,8.0,10.0,3.0,4.0,2.0,0.0,0.0,3.0
북구,구포동,2024,2632052000,구포제2동,True,3.0,23166.0,False,1661.0,7.169990503323836,5890.0,25.42519209185876,9912.0,42.78684278684279,5703.0,24.617974617974618,72.0,50.0,79.0,74.0,76.0,76.0,126.0,93.0,122.0,140.0,129.0,159.0,155.0,161.0,149.0,157.0,160.0,155.0,154.0,167.0,160.0,168.0,162.0,201.0,236.0,242.0,275.0,302.0,337.0,350.0,294.0,315.0,292.0,292.0,262.0,269.0,270.0,202.0,237.0,231.0,249.0,255.0,325.0,334.0,275.0,314.0,289.0,291.0,292.0,292.0,312.0,370.0,386.0,421.0,462.0,460.0,462.0,469.0,485.0,464.0,462.0,465.0,525.0,613.0,640.0,514.0,466.0,413.0,425.0,420.0,360.0,291.0,326.0,255.0,230.0,233.0,240.0,199.0,164.0,134.0,115.0,141.0,151.0,138.0,90.0,99.0,60.0,47.0,47.0,35.0,35.0,20.0,13.0,11.0,7.0,5.0,7.0,3.0,3.0,0.0,6.0
북구,구포동,2024,2632052100,구포제3동,True,3.0,17531.0,False,1003.0,5.721293708288175,4180.0,23.843477268838058,7839.0,44.71507615081855,4509.0,25.720152872055216,24.0,20.0,26.0,33.0,46.0,38.0,71.0,49.0,77.0,89.0,78.0,111.0,108.0,115.0,118.0,107.0,134.0,137.0,109.0,126.0,150.0,161.0,138.0,217.0,191.0,191.0,190.0,217.0,231.0,234.0,229.0,207.0,193.0,176.0,132.0,148.0,144.0,123.0,144.0,151.0,139.0,186.0,205.0,205.0,206.0,235.0,208.0,233.0,229.0,261.0,261.0,292.0,332.0,343.0,375.0,389.0,374.0,387.0,399.0,429.0,376.0,392.0,452.0,443.0,488.0,416.0,360.0,377.0,327.0,348.0,299.0,220.0,232.0,198.0,208.0,189.0,187.0,164.0,122.0,102.0,106.0,111.0,110.0,75.0,69.0,56.0,54.0,38.0,39.0,21.0,24.0,13.0,14.0,11.0,5.0,5.0,2.0,3.0,1.0,0.0,3.0
북구,금곡동,2020,2632053000,금곡동,True,1.0,38997.0,False,3568.0,9.149421750391056,10215.0,26.194322640203094,16801.0,43.08280124112111,8413.0,21.57345436828474,134.0,140.0,196.0,196.0,238.0,243.0,235.0,245.0,258.0,284.0,252.0,278.0,292.0,312.0,265.0,284.0,324.0,372.0,375.0,436.0,440.0,421.0,480.0,464.0,485.0,444.0,469.0,497.0,453.0,411.0,386.0,381.0,360.0,356.0,349.0,322.0,360.0,423.0,446.0,477.0,483.0,497.0,417.0,421.0,441.0,522.0,576.0,610.0,608.0,707.0,695.0,714.0,727.0,761.0,709.0,763.0,768.0,723.0,868.0,858.0,935.0,830.0,748.0,734.0,686.0,686.0,601.0,483.0,509.0,427.0,446.0,392.0,391.0,400.0,351.0,299.0,305.0,341.0,381.0,327.0,286.0,285.0,239.0,201.0,212.0,172.0,170.0,113.0,118.0,77.0,45.0,43.0,39.0,27.0,12.0,13.0,8.0,5.0,5.0,1.0,3.0
북구,금곡동,2021,2632053000,금곡동,True,1.0,37959.0,False,3326.0,8.762085407940146,9532.0,25.111304302010065,16237.0,42.775099449405936,8864.0,23.35151084064385,144.0,125.0,139.0,184.0,184.0,219.0,235.0,230.0,245.0,254.0,275.0,242.0,265.0,279.0,306.0,254.0,277.0,312.0,363.0,349.0,424.0,409.0,398.0,440.0,435.0,433.0,414.0,439.0,477.0,417.0,403.0,379.0,359.0,354.0,338.0,352.0,313.0,364.0,396.0,433.0,454.0,461.0,476.0,390.0,406.0,438.0,516.0,574.0,601.0,592.0,689.0,677.0,685.0,723.0,743.0,694.0,733.0,759.0,720.0,868.0,833.0,918.0,817.0,743.0,727.0,680.0,669.0,591.0,484.0,510.0,429.0,451.0,394.0,393.0,402.0,350.0,284.0,309.0,333.0,382.0,316.0,283.0,267.0,224.0,186.0,196.0,159.0,158.0,101.0,97.0,70.0,31.0,34.0,31.0,19.0,8.0,8.0,6.0,3.0,4.0,2.0
북구,금곡동,2022,2632053000,금곡동,True,1.0,36742.0,False,3052.0,8.306570137717054,8923.0,24.28555876109085,15525.0,42.25409612976975,9242.0,25.15377497142235,132.0,139.0,118.0,143.0,171.0,180.0,202.0,229.0,224.0,236.0,247.0,269.0,236.0,250.0,276.0,293.0,244.0,275.0,320.0,352.0,330.0,402.0,381.0,354.0,398.0,392.0,384.0,360.0,423.0,430.0,408.0,389.0,371.0,359.0,352.0,321.0,335.0,316.0,345.0,389.0,413.0,430.0,441.0,450.0,368.0,392.0,432.0,495.0,546.0,587.0,575.0,668.0,661.0,687.0,703.0,723.0,691.0,714.0,744.0,721.0,861.0,812.0,897.0,791.0,723.0,709.0,660.0,648.0,584.0,480.0,507.0,426.0,442.0,390.0,398.0,398.0,338.0,276.0,298.0,327.0,374.0,298.0,262.0,250.0,208.0,174.0,176.0,145.0,135.0,90.0,80.0,61.0,22.0,26.0,24.0,13.0,6.0,7.0,5.0,1.0,4.0
북구,금곡동,2023,2632053000,금곡동,True,1.0,35750.0,False,2772.0,7.753846153846154,8237.0,23.04055944055944,15043.0,42.07832167832168,9698.0,27.12727272727273,83.0,126.0,130.0,110.0,137.0,168.0,166.0,204.0,217.0,213.0,239.0,242.0,265.0,231.0,241.0,277.0,283.0,237.0,280.0,294.0,332.0,308.0,368.0,356.0,304.0,360.0,344.0,351.0,335.0,388.0,396.0,354.0,391.0,347.0,334.0,318.0,315.0,327.0,304.0,334.0,381.0,397.0,428.0,435.0,455.0,366.0,374.0,439.0,491.0,538.0,576.0,561.0,649.0,656.0,679.0,700.0,716.0,680.0,698.0,744.0,712.0,857.0,819.0,900.0,792.0,723.0,708.0,654.0,658.0,578.0,474.0,503.0,413.0,440.0,385.0,395.0,399.0,326.0,270.0,291.0,310.0,366.0,286.0,245.0,228.0,192.0,161.0,158.0,131.0,117.0,75.0,69.0,53.0,16.0,23.0,23.0,9.0,5.0,5.0,4.0,5.0
북구,금곡동,2024,2632053000,금곡동,True,1.0,34752.0,False,2559.0,7.363604972375691,7640.0,21.984346224677715,14344.0,41.275322283609576,10209.0,29.376726519337016,89.0,83.0,114.0,128.0,103.0,124.0,155.0,168.0,197.0,225.0,210.0,235.0,245.0,251.0,232.0,234.0,252.0,274.0,222.0,258.0,288.0,307.0,286.0,329.0,328.0,289.0,334.0,317.0,327.0,302.0,387.0,361.0,352.0,370.0,326.0,304.0,296.0,298.0,317.0,282.0,320.0,376.0,382.0,415.0,431.0,436.0,366.0,374.0,429.0,484.0,522.0,571.0,530.0,627.0,641.0,672.0,684.0,702.0,677.0,689.0,744.0,707.0,849.0,826.0,890.0,788.0,704.0,704.0,648.0,664.0,570.0,479.0,502.0,404.0,438.0,383.0,392.0,395.0,309.0,255.0,291.0,297.0,356.0,271.0,222.0,215.0,176.0,147.0,145.0,121.0,94.0,63.0,63.0,42.0,14.0,18.0,19.0,9.0,4.0,3.0,4.0
북구,화명동,2020,2632054100,화명제1동,True,3.0,42593.0,False,6273.0,14.727772169135774,13702.0,32.16960533420985,18318.0,43.00706688892541,4300.0,10.09555560772897,248.0,297.0,334.0,394.0,489.0,496.0,479.0,439.0,477.0,454.0,433.0,419.0,438.0,454.0,422.0,440.0,430.0,447.0,500.0,532.0,671.0,593.0,620.0,605.0,571.0,622.0,579.0,535.0,541.0,561.0,500.0,476.0,515.0,502.0,512.0,504.0,536.0,589.0,640.0,681.0,699.0,676.0,593.0,635.0,603.0,625.0,606.0,734.0,693.0,799.0,770.0,845.0,888.0,868.0,776.0,851.0,800.0,808.0,828.0,925.0,831.0,729.0,649.0,600.0,487.0,506.0,414.0,311.0,352.0,277.0,256.0,248.0,209.0,221.0,173.0,132.0,131.0,122.0,144.0,127.0,112.0,92.0,59.0,62.0,63.0,55.0,47.0,36.0,35.0,25.0,15.0,15.0,16.0,11.0,8.0,10.0,5.0,2.0,1.0,3.0,5.0
북구,화명동,2020,2632054200,화명제2동,True,3.0,15437.0,False,1515.0,9.814083047224202,4654.0,30.14834488566431,6651.0,43.08479626870506,2617.0,16.952775798406424,59.0,57.0,81.0,92.0,97.0,127.0,110.0,94.0,135.0,112.0,109.0,111.0,100.0,118.0,113.0,120.0,121.0,144.0,158.0,155.0,229.0,222.0,228.0,220.0,239.0,238.0,228.0,230.0,237.0,213.0,208.0,178.0,155.0,161.0,167.0,132.0,152.0,146.0,197.0,176.0,181.0,189.0,150.0,178.0,160.0,194.0,214.0,222.0,232.0,287.0,295.0,267.0,315.0,327.0,307.0,324.0,327.0,336.0,370.0,337.0,345.0,275.0,300.0,259.0,260.0,250.0,182.0,181.0,180.0,148.0,146.0,121.0,116.0,139.0,102.0,87.0,104.0,89.0,123.0,91.0,66.0,64.0,59.0,59.0,40.0,41.0,39.0,33.0,24.0,21.0,19.0,11.0,12.0,7.0,4.0,4.0,4.0,2.0,7.0,4.0,38.0
북구,화명동,2020,2632054300,화명제3동,True,3.0,30381.0,False,4511.0,14.848095849379549,9234.0,30.393996247654783,12814.0,42.17767683749712,3822.0,12.58023106546855,134.0,176.0,153.0,248.0,262.0,291.0,340.0,342.0,328.0,352.0,352.0,351.0,374.0,398.0,410.0,396.0,406.0,410.0,400.0,451.0,472.0,439.0,436.0,418.0,429.0,419.0,351.0,357.0,346.0,344.0,275.0,313.0,267.0,247.0,264.0,307.0,273.0,369.0,396.0,449.0,488.0,520.0,436.0,525.0,503.0,521.0,600.0,617.0,659.0,607.0,656.0,639.0,640.0,601.0,527.0,522.0,510.0,456.0,470.0,448.0,466.0,380.0,349.0,353.0,321.0,337.0,262.0,242.0,273.0,201.0,227.0,203.0,215.0,194.0,160.0,127.0,149.0,153.0,173.0,121.0,120.0,106.0,107.0,69.0,87.0,61.0,45.0,44.0,33.0,29.0,21.0,18.0,13.0,9.0,4.0,10.0,1.0,3.0,2.0,2.0,1.0
북구,화명동,2021,2632054100,화명제1동,True,3.0,41610.0,False,6029.0,14.48930545541937,12816.0,30.80028839221341,18136.0,43.58567652006729,4629.0,11.124729632299928,251.0,266.0,300.0,342.0,388.0,472.0,498.0,469.0,426.0,463.0,436.0,423.0,416.0,421.0,458.0,405.0,432.0,434.0,450.0,471.0,515.0,655.0,558.0,578.0,551.0,511.0,549.0,507.0,501.0,496.0,543.0,474.0,478.0,497.0,513.0,499.0,502.0,504.0,567.0,626.0,688.0,675.0,673.0,578.0,616.0,582.0,598.0,592.0,716.0,692.0,769.0,755.0,842.0,852.0,841.0,770.0,847.0,786.0,791.0,813.0,903.0,809.0,719.0,635.0,594.0,482.0,504.0,413.0,300.0,346.0,268.0,250.0,244.0,197.0,218.0,171.0,128.0,121.0,124.0,140.0,122.0,109.0,85.0,57.0,55.0,55.0,47.0,41.0,33.0,26.0,26.0,11.0,14.0,10.0,9.0,7.0,9.0,2.0,2.0,1.0,2.0
북구,화명동,2021,2632054200,화명제2동,True,3.0,17112.0,False,1828.0,10.682561944834037,5250.0,30.68022440392707,7191.0,42.02314165497896,2843.0,16.614071996259934,67.0,93.0,98.0,124.0,118.0,129.0,159.0,131.0,118.0,161.0,132.0,117.0,134.0,120.0,127.0,127.0,139.0,143.0,157.0,170.0,171.0,236.0,245.0,231.0,228.0,253.0,259.0,246.0,264.0,279.0,232.0,229.0,209.0,200.0,207.0,204.0,172.0,207.0,194.0,248.0,214.0,216.0,226.0,176.0,219.0,184.0,227.0,239.0,255.0,261.0,309.0,329.0,299.0,338.0,365.0,346.0,336.0,343.0,365.0,381.0,352.0,350.0,292.0,302.0,267.0,270.0,251.0,198.0,186.0,178.0,143.0,150.0,125.0,117.0,140.0,101.0,88.0,101.0,91.0,126.0,89.0,62.0,66.0,57.0,60.0,45.0,34.0,42.0,29.0,23.0,18.0,13.0,11.0,9.0,4.0,5.0,4.0,2.0,1.0,2.0,2.0
북구,화명동,2021,2632054300,화명제3동,True,3.0,29748.0,False,4235.0,14.236251176549684,8883.0,29.860830980233967,12626.0,42.44318945811483,4004.0,13.45972838510152,132.0,140.0,176.0,162.0,249.0,275.0,313.0,333.0,332.0,324.0,335.0,360.0,342.0,372.0,390.0,399.0,387.0,387.0,397.0,388.0,415.0,437.0,410.0,413.0,394.0,375.0,358.0,318.0,340.0,319.0,345.0,275.0,330.0,284.0,255.0,281.0,314.0,272.0,386.0,404.0,450.0,486.0,501.0,448.0,525.0,500.0,515.0,585.0,609.0,626.0,595.0,641.0,599.0,624.0,579.0,500.0,489.0,491.0,452.0,454.0,445.0,462.0,369.0,340.0,341.0,323.0,332.0,241.0,230.0,273.0,200.0,220.0,200.0,213.0,194.0,156.0,124.0,142.0,144.0,167.0,115.0,114.0,99.0,102.0,68.0,81.0,57.0,46.0,34.0,31.0,28.0,17.0,18.0,12.0,7.0,2.0,6.0,1.0,4.0,1.0,2.0
북구,화명동,2022,2632054100,화명제1동,True,3.0,40555.0,False,5688.0,14.025397608186411,12094.0,29.82123042781408,17740.0,43.74306497349279,5033.0,12.41030699050672,248.0,269.0,264.0,281.0,333.0,373.0,455.0,490.0,462.0,424.0,439.0,414.0,418.0,407.0,411.0,452.0,388.0,419.0,417.0,450.0,445.0,476.0,597.0,495.0,538.0,495.0,466.0,501.0,481.0,475.0,510.0,542.0,478.0,487.0,480.0,490.0,497.0,486.0,487.0,542.0,612.0,652.0,670.0,672.0,562.0,613.0,566.0,584.0,574.0,681.0,676.0,736.0,738.0,815.0,847.0,830.0,742.0,828.0,769.0,768.0,790.0,887.0,802.0,716.0,610.0,585.0,483.0,497.0,407.0,296.0,338.0,263.0,247.0,227.0,184.0,209.0,163.0,124.0,118.0,117.0,128.0,116.0,107.0,80.0,51.0,50.0,50.0,45.0,32.0,23.0,20.0,20.0,8.0,12.0,8.0,7.0,4.0,6.0,2.0,3.0,3.0
북구,화명동,2022,2632054200,화명제2동,True,3.0,17512.0,False,1921.0,10.969620831429877,5219.0,29.80242119689356,7304.0,41.70854271356784,3068.0,17.519415258108726,100.0,87.0,98.0,108.0,123.0,133.0,137.0,173.0,136.0,128.0,162.0,139.0,126.0,142.0,129.0,135.0,133.0,144.0,141.0,156.0,175.0,168.0,238.0,235.0,231.0,232.0,239.0,262.0,225.0,261.0,278.0,248.0,229.0,227.0,216.0,233.0,204.0,178.0,226.0,205.0,248.0,232.0,229.0,233.0,185.0,226.0,192.0,234.0,235.0,262.0,261.0,317.0,341.0,311.0,349.0,371.0,346.0,339.0,349.0,370.0,374.0,345.0,353.0,298.0,304.0,274.0,272.0,243.0,203.0,193.0,178.0,146.0,146.0,131.0,120.0,142.0,102.0,87.0,102.0,86.0,119.0,85.0,60.0,61.0,52.0,52.0,43.0,28.0,37.0,30.0,19.0,15.0,10.0,11.0,5.0,3.0,4.0,4.0,1.0,1.0,3.0
북구,화명동,2022,2632054300,화명제3동,True,3.0,28938.0,False,3894.0,13.456354965788927,8443.0,29.17616974220748,12387.0,42.80530789964752,4214.0,14.562167392356072,121.0,140.0,137.0,173.0,166.0,245.0,269.0,293.0,319.0,318.0,325.0,328.0,354.0,339.0,367.0,367.0,386.0,377.0,381.0,363.0,354.0,402.0,400.0,386.0,371.0,361.0,353.0,334.0,296.0,324.0,327.0,338.0,269.0,320.0,261.0,255.0,280.0,302.0,269.0,367.0,389.0,445.0,474.0,489.0,452.0,506.0,493.0,509.0,574.0,603.0,606.0,591.0,622.0,584.0,605.0,559.0,480.0,468.0,481.0,431.0,445.0,437.0,450.0,361.0,333.0,323.0,320.0,323.0,237.0,226.0,270.0,198.0,220.0,199.0,215.0,185.0,163.0,121.0,146.0,138.0,160.0,114.0,105.0,92.0,92.0,63.0,75.0,50.0,41.0,30.0,29.0,23.0,13.0,16.0,9.0,6.0,2.0,4.0,1.0,3.0,2.0
북구,화명동,2023,2632054100,화명제1동,True,3.0,40118.0,False,5511.0,13.736975921032952,11718.0,29.20883393987736,17391.0,43.34961862505608,5498.0,13.7045715140336,228.0,268.0,267.0,269.0,280.0,339.0,374.0,455.0,479.0,452.0,418.0,446.0,415.0,416.0,405.0,400.0,448.0,388.0,423.0,391.0,443.0,431.0,449.0,557.0,472.0,486.0,453.0,430.0,486.0,471.0,492.0,526.0,531.0,495.0,504.0,492.0,483.0,501.0,491.0,475.0,541.0,611.0,639.0,650.0,667.0,552.0,612.0,545.0,575.0,573.0,676.0,661.0,731.0,710.0,802.0,832.0,816.0,742.0,818.0,748.0,753.0,779.0,869.0,791.0,698.0,602.0,574.0,477.0,489.0,397.0,294.0,333.0,265.0,238.0,226.0,180.0,198.0,162.0,124.0,111.0,111.0,124.0,109.0,105.0,76.0,50.0,46.0,50.0,36.0,30.0,21.0,17.0,16.0,5.0,9.0,6.0,4.0,1.0,6.0,1.0,5.0
북구,화명동,2023,2632054200,화명제2동,True,3.0,17292.0,False,1895.0,10.9588248901226,4975.0,28.7705297247282,7163.0,41.423779782558405,3259.0,18.846865602590796,87.0,92.0,91.0,97.0,108.0,133.0,137.0,143.0,182.0,135.0,129.0,159.0,137.0,125.0,140.0,125.0,130.0,131.0,146.0,144.0,154.0,175.0,155.0,234.0,228.0,225.0,214.0,233.0,241.0,224.0,245.0,277.0,245.0,214.0,228.0,200.0,221.0,191.0,185.0,210.0,208.0,240.0,232.0,231.0,222.0,180.0,223.0,189.0,234.0,233.0,259.0,256.0,323.0,338.0,327.0,358.0,374.0,346.0,336.0,333.0,358.0,370.0,346.0,353.0,294.0,292.0,273.0,269.0,238.0,195.0,186.0,180.0,147.0,145.0,123.0,118.0,146.0,96.0,85.0,101.0,82.0,114.0,79.0,57.0,57.0,52.0,48.0,40.0,22.0,33.0,24.0,17.0,13.0,5.0,8.0,3.0,3.0,3.0,3.0,0.0,2.0
북구,화명동,2023,2632054300,화명제3동,True,3.0,28554.0,False,3674.0,12.86684877775443,8193.0,28.693002731666315,12228.0,42.82412271485606,4459.0,15.616025775723193,105.0,140.0,135.0,141.0,182.0,172.0,257.0,267.0,288.0,322.0,310.0,324.0,338.0,350.0,343.0,354.0,356.0,387.0,372.0,353.0,354.0,351.0,378.0,369.0,344.0,351.0,347.0,338.0,326.0,295.0,323.0,325.0,330.0,276.0,295.0,270.0,247.0,281.0,305.0,266.0,362.0,373.0,437.0,470.0,489.0,448.0,518.0,470.0,497.0,560.0,577.0,600.0,570.0,613.0,573.0,592.0,536.0,477.0,460.0,480.0,436.0,449.0,428.0,446.0,367.0,334.0,325.0,319.0,325.0,241.0,227.0,274.0,199.0,215.0,202.0,211.0,182.0,157.0,116.0,141.0,137.0,151.0,107.0,101.0,86.0,90.0,54.0,66.0,50.0,35.0,23.0,28.0,18.0,10.0,15.0,6.0,4.0,2.0,3.0,1.0,4.0
북구,화명동,2024,2632054100,화명제1동,True,3.0,39212.0,False,5205.0,13.273997755789043,11269.0,28.738651433234725,16739.0,42.688462715495255,5999.0,15.298888095480976,240.0,238.0,240.0,268.0,249.0,274.0,324.0,368.0,441.0,459.0,438.0,414.0,442.0,407.0,403.0,403.0,369.0,434.0,387.0,392.0,354.0,422.0,395.0,412.0,508.0,442.0,466.0,433.0,421.0,482.0,453.0,502.0,525.0,545.0,489.0,498.0,489.0,479.0,500.0,469.0,451.0,523.0,599.0,602.0,642.0,641.0,545.0,591.0,544.0,554.0,561.0,664.0,656.0,717.0,690.0,781.0,808.0,811.0,734.0,789.0,727.0,735.0,759.0,847.0,768.0,686.0,585.0,560.0,466.0,481.0,394.0,288.0,319.0,264.0,241.0,223.0,179.0,188.0,154.0,118.0,105.0,108.0,115.0,103.0,91.0,70.0,43.0,42.0,44.0,30.0,32.0,17.0,15.0,13.0,4.0,6.0,4.0,3.0,1.0,4.0,3.0
북구,화명동,2024,2632054200,화명제2동,True,3.0,16784.0,False,1723.0,10.265729265967588,4704.0,28.02669208770257,6923.0,41.2476167778837,3434.0,20.45996186844614,68.0,87.0,83.0,85.0,86.0,105.0,115.0,126.0,135.0,177.0,134.0,121.0,144.0,132.0,125.0,133.0,125.0,129.0,130.0,136.0,136.0,138.0,163.0,148.0,216.0,212.0,215.0,204.0,228.0,228.0,224.0,242.0,259.0,225.0,207.0,220.0,198.0,218.0,183.0,187.0,195.0,210.0,228.0,235.0,222.0,227.0,173.0,216.0,182.0,225.0,227.0,251.0,250.0,317.0,343.0,320.0,346.0,364.0,342.0,327.0,324.0,354.0,361.0,341.0,343.0,285.0,293.0,265.0,265.0,234.0,188.0,187.0,179.0,147.0,139.0,121.0,116.0,137.0,96.0,85.0,94.0,77.0,108.0,77.0,55.0,51.0,47.0,44.0,34.0,18.0,27.0,21.0,14.0,10.0,2.0,6.0,3.0,1.0,4.0,2.0,2.0
북구,화명동,2024,2632054300,화명제3동,True,3.0,28092.0,False,3445.0,12.263277801509329,8030.0,28.58465043428734,11914.0,42.41065071906593,4703.0,16.741421045137404,115.0,111.0,144.0,140.0,147.0,184.0,185.0,252.0,274.0,276.0,316.0,303.0,313.0,334.0,351.0,328.0,335.0,346.0,385.0,336.0,345.0,342.0,316.0,351.0,327.0,333.0,327.0,333.0,321.0,320.0,297.0,311.0,338.0,321.0,301.0,296.0,282.0,258.0,277.0,304.0,265.0,354.0,377.0,436.0,446.0,488.0,424.0,494.0,453.0,491.0,547.0,559.0,600.0,565.0,613.0,548.0,580.0,534.0,468.0,460.0,471.0,424.0,447.0,427.0,443.0,367.0,332.0,322.0,321.0,332.0,238.0,215.0,268.0,203.0,209.0,190.0,209.0,181.0,158.0,110.0,139.0,134.0,147.0,97.0,95.0,87.0,77.0,52.0,60.0,43.0,30.0,18.0,21.0,17.0,8.0,12.0,4.0,2.0,1.0,1.0,3.0
사상구,괘법동,2020,2653062000,괘법동,True,1.0,22045.0,False,1534.0,6.958493989566795,7849.0,35.60444545248355,9173.0,41.61034248128827,3489.0,15.826718076661374,94.0,101.0,112.0,128.0,109.0,119.0,112.0,93.0,109.0,112.0,93.0,80.0,82.0,104.0,86.0,86.0,120.0,95.0,127.0,187.0,227.0,230.0,346.0,386.0,415.0,470.0,487.0,510.0,499.0,451.0,391.0,378.0,294.0,315.0,291.0,325.0,268.0,323.0,293.0,335.0,297.0,287.0,252.0,247.0,231.0,239.0,252.0,293.0,295.0,337.0,348.0,393.0,440.0,385.0,436.0,441.0,445.0,399.0,482.0,523.0,491.0,464.0,432.0,403.0,361.0,349.0,337.0,279.0,267.0,218.0,217.0,213.0,190.0,205.0,146.0,105.0,119.0,122.0,127.0,102.0,69.0,74.0,55.0,56.0,44.0,35.0,33.0,22.0,29.0,15.0,11.0,12.0,6.0,8.0,1.0,2.0,2.0,0.0,3.0,2.0,14.0
사상구,괘법동,2021,2653062000,괘법동,True,1.0,22414.0,False,1475.0,6.580708485767824,8177.0,36.48166324618542,9077.0,40.49701079682342,3685.0,16.44061747122334,90.0,83.0,86.0,114.0,114.0,107.0,116.0,103.0,90.0,102.0,111.0,94.0,80.0,83.0,102.0,88.0,85.0,116.0,100.0,154.0,215.0,272.0,299.0,401.0,477.0,494.0,524.0,571.0,548.0,530.0,463.0,409.0,374.0,291.0,313.0,292.0,299.0,258.0,311.0,293.0,339.0,297.0,288.0,252.0,242.0,227.0,233.0,273.0,283.0,293.0,338.0,342.0,392.0,433.0,380.0,436.0,436.0,436.0,380.0,481.0,517.0,491.0,457.0,439.0,392.0,353.0,341.0,328.0,267.0,256.0,211.0,205.0,210.0,181.0,201.0,142.0,92.0,113.0,126.0,120.0,102.0,66.0,68.0,50.0,50.0,41.0,35.0,30.0,19.0,24.0,13.0,11.0,7.0,6.0,4.0,2.0,2.0,2.0,0.0,3.0,4.0
사상구,괘법동,2022,2653062000,괘법동,True,1.0,23504.0,False,1424.0,6.05854322668482,8795.0,37.41916269571137,9211.0,39.18907420013615,4074.0,17.333219877467666,64.0,96.0,87.0,76.0,110.0,120.0,112.0,106.0,104.0,87.0,98.0,111.0,92.0,79.0,82.0,101.0,87.0,89.0,120.0,134.0,209.0,277.0,408.0,413.0,449.0,567.0,530.0,538.0,658.0,595.0,536.0,489.0,425.0,385.0,288.0,334.0,292.0,318.0,257.0,296.0,305.0,346.0,297.0,291.0,245.0,246.0,234.0,241.0,283.0,302.0,303.0,337.0,357.0,401.0,445.0,398.0,451.0,423.0,453.0,402.0,488.0,537.0,505.0,474.0,447.0,411.0,365.0,356.0,338.0,271.0,255.0,216.0,211.0,209.0,178.0,200.0,142.0,98.0,113.0,115.0,117.0,95.0,63.0,57.0,44.0,47.0,36.0,27.0,27.0,17.0,23.0,12.0,8.0,6.0,4.0,4.0,2.0,2.0,2.0,0.0,3.0
사상구,괘법동,2023,2653062000,괘법동,True,1.0,24359.0,False,1363.0,5.595467794244427,9302.0,38.18711769777085,9212.0,37.81764440247957,4482.0,18.39977010550515,97.0,73.0,89.0,84.0,82.0,104.0,101.0,99.0,92.0,103.0,81.0,87.0,102.0,87.0,82.0,82.0,97.0,85.0,92.0,156.0,154.0,245.0,347.0,502.0,513.0,502.0,602.0,594.0,621.0,661.0,608.0,577.0,490.0,449.0,416.0,309.0,333.0,293.0,330.0,244.0,307.0,305.0,347.0,299.0,285.0,237.0,261.0,241.0,255.0,281.0,303.0,306.0,345.0,370.0,416.0,453.0,409.0,454.0,449.0,450.0,416.0,492.0,539.0,517.0,475.0,454.0,432.0,369.0,359.0,327.0,272.0,250.0,221.0,208.0,210.0,171.0,198.0,138.0,90.0,107.0,116.0,114.0,89.0,60.0,48.0,41.0,49.0,37.0,25.0,25.0,17.0,19.0,12.0,6.0,5.0,3.0,3.0,2.0,2.0,1.0,2.0
사상구,괘법동,2024,2653062000,괘법동,True,1.0,24292.0,False,1330.0,5.475053515560679,9235.0,38.016630989626215,8910.0,36.6787419726659,4817.0,19.82957352214721,105.0,75.0,65.0,81.0,81.0,77.0,100.0,95.0,98.0,97.0,102.0,80.0,84.0,104.0,86.0,77.0,84.0,96.0,92.0,143.0,199.0,187.0,297.0,435.0,513.0,512.0,524.0,627.0,613.0,591.0,630.0,595.0,558.0,448.0,422.0,387.0,299.0,320.0,275.0,311.0,230.0,308.0,290.0,333.0,284.0,280.0,242.0,247.0,239.0,248.0,279.0,299.0,314.0,340.0,371.0,408.0,459.0,419.0,443.0,458.0,456.0,420.0,503.0,528.0,512.0,475.0,449.0,432.0,366.0,356.0,327.0,265.0,242.0,211.0,205.0,202.0,169.0,194.0,132.0,85.0,104.0,113.0,103.0,83.0,54.0,42.0,38.0,38.0,34.0,21.0,21.0,16.0,14.0,7.0,4.0,3.0,3.0,4.0,1.0,2.0,2.0
사상구,모라동,2020,2653059100,모라제1동,True,2.0,28199.0,False,2540.0,9.007411610340792,7952.0,28.199581545444875,12338.0,43.75332458597823,5369.0,19.03968225823611,105.0,128.0,153.0,156.0,152.0,189.0,177.0,166.0,197.0,171.0,196.0,183.0,186.0,199.0,182.0,165.0,218.0,204.0,223.0,254.0,299.0,303.0,339.0,340.0,372.0,409.0,406.0,362.0,384.0,409.0,337.0,357.0,324.0,307.0,261.0,278.0,306.0,318.0,388.0,389.0,381.0,398.0,337.0,339.0,324.0,356.0,379.0,425.0,415.0,428.0,436.0,510.0,532.0,536.0,524.0,543.0,544.0,525.0,670.0,755.0,702.0,613.0,557.0,586.0,523.0,581.0,460.0,349.0,445.0,345.0,312.0,323.0,318.0,261.0,191.0,187.0,178.0,190.0,204.0,161.0,135.0,117.0,117.0,94.0,70.0,75.0,58.0,40.0,30.0,29.0,22.0,23.0,10.0,8.0,7.0,3.0,4.0,3.0,2.0,1.0,16.0
사상구,모라동,2020,2653059300,모라제3동,True,2.0,11022.0,False,482.0,4.373072037742697,2007.0,18.209036472509528,4841.0,43.92124841226638,3692.0,33.4966430774814,19.0,18.0,19.0,26.0,42.0,25.0,31.0,35.0,39.0,36.0,33.0,35.0,40.0,38.0,46.0,46.0,54.0,57.0,56.0,75.0,99.0,81.0,91.0,82.0,90.0,82.0,97.0,80.0,104.0,85.0,84.0,84.0,75.0,58.0,63.0,79.0,62.0,82.0,121.0,120.0,108.0,118.0,114.0,124.0,96.0,135.0,143.0,152.0,139.0,150.0,185.0,179.0,229.0,200.0,188.0,220.0,216.0,224.0,290.0,288.0,272.0,283.0,272.0,256.0,260.0,274.0,240.0,208.0,253.0,204.0,204.0,206.0,209.0,222.0,163.0,123.0,131.0,135.0,154.0,143.0,123.0,111.0,97.0,105.0,85.0,72.0,46.0,46.0,45.0,12.0,18.0,17.0,14.0,10.0,7.0,7.0,1.0,2.0,0.0,1.0,4.0
사상구,모라동,2021,2653059100,모라제1동,True,2.0,27998.0,False,2414.0,8.622044431745124,7747.0,27.669833559539967,12085.0,43.163797414101005,5752.0,20.5443245946139,101.0,100.0,122.0,144.0,150.0,142.0,171.0,184.0,169.0,199.0,169.0,195.0,183.0,187.0,198.0,181.0,167.0,220.0,194.0,215.0,260.0,276.0,311.0,327.0,329.0,371.0,410.0,407.0,384.0,410.0,405.0,369.0,352.0,316.0,321.0,257.0,265.0,304.0,307.0,389.0,361.0,369.0,396.0,328.0,331.0,325.0,351.0,377.0,421.0,405.0,431.0,443.0,503.0,526.0,537.0,521.0,548.0,550.0,523.0,658.0,747.0,696.0,606.0,556.0,576.0,505.0,579.0,454.0,356.0,435.0,344.0,304.0,321.0,322.0,260.0,189.0,187.0,175.0,188.0,193.0,153.0,133.0,112.0,113.0,86.0,67.0,63.0,52.0,38.0,27.0,23.0,19.0,19.0,10.0,7.0,5.0,3.0,3.0,3.0,1.0,3.0
사상구,모라동,2021,2653059300,모라제3동,True,2.0,10412.0,False,414.0,3.9761813292354975,1719.0,16.509796388782174,4505.0,43.26738378793699,3774.0,36.246638494045335,14.0,16.0,15.0,15.0,26.0,39.0,25.0,31.0,29.0,34.0,34.0,28.0,32.0,36.0,40.0,40.0,42.0,50.0,51.0,46.0,67.0,92.0,74.0,79.0,75.0,74.0,66.0,85.0,68.0,97.0,77.0,69.0,69.0,71.0,50.0,57.0,81.0,55.0,78.0,106.0,105.0,102.0,113.0,112.0,116.0,92.0,124.0,134.0,151.0,141.0,138.0,178.0,162.0,219.0,202.0,182.0,218.0,205.0,216.0,279.0,268.0,265.0,276.0,264.0,243.0,259.0,264.0,239.0,197.0,251.0,197.0,198.0,199.0,205.0,214.0,155.0,119.0,127.0,131.0,150.0,132.0,117.0,102.0,91.0,96.0,82.0,65.0,40.0,37.0,38.0,11.0,14.0,13.0,10.0,7.0,5.0,4.0,0.0,2.0,0.0,3.0
사상구,모라동,2022,2653059100,모라제1동,True,2.0,27327.0,False,2268.0,8.299484026786695,7288.0,26.66959417425989,11695.0,42.7965016284261,6076.0,22.23442017052732,92.0,104.0,106.0,113.0,135.0,152.0,133.0,177.0,173.0,166.0,190.0,168.0,194.0,177.0,188.0,194.0,182.0,167.0,223.0,184.0,209.0,258.0,266.0,290.0,308.0,303.0,352.0,388.0,390.0,386.0,382.0,397.0,357.0,348.0,292.0,301.0,261.0,268.0,291.0,291.0,373.0,345.0,366.0,397.0,317.0,333.0,324.0,339.0,366.0,427.0,407.0,420.0,438.0,500.0,507.0,521.0,516.0,544.0,535.0,515.0,649.0,737.0,675.0,598.0,546.0,578.0,498.0,577.0,440.0,341.0,426.0,332.0,290.0,304.0,323.0,241.0,186.0,175.0,168.0,179.0,179.0,139.0,133.0,104.0,104.0,74.0,58.0,52.0,44.0,35.0,23.0,17.0,18.0,18.0,6.0,4.0,2.0,2.0,2.0,1.0,3.0
사상구,모라동,2022,2653059300,모라제3동,True,2.0,9774.0,False,347.0,3.5502353181911195,1488.0,15.224063842848372,4132.0,42.27542459586658,3807.0,38.95027624309392,9.0,13.0,13.0,12.0,12.0,21.0,31.0,21.0,29.0,32.0,32.0,35.0,27.0,27.0,33.0,38.0,37.0,38.0,47.0,46.0,44.0,61.0,84.0,66.0,70.0,56.0,67.0,64.0,77.0,63.0,83.0,75.0,66.0,62.0,59.0,44.0,54.0,66.0,52.0,69.0,97.0,93.0,90.0,101.0,101.0,106.0,87.0,118.0,124.0,140.0,134.0,131.0,175.0,165.0,204.0,193.0,179.0,209.0,191.0,206.0,263.0,251.0,253.0,264.0,257.0,225.0,249.0,261.0,239.0,191.0,240.0,188.0,195.0,196.0,196.0,212.0,150.0,113.0,118.0,128.0,135.0,122.0,112.0,95.0,84.0,88.0,67.0,58.0,31.0,28.0,32.0,10.0,11.0,10.0,6.0,6.0,4.0,3.0,0.0,2.0,2.0
사상구,모라동,2023,2653059100,모라제1동,True,2.0,26390.0,False,2069.0,7.840090943539219,6720.0,25.46419098143236,11195.0,42.42137173171656,6406.0,24.274346343311866,88.0,84.0,89.0,94.0,107.0,126.0,129.0,134.0,170.0,170.0,165.0,189.0,166.0,187.0,171.0,183.0,188.0,177.0,160.0,206.0,185.0,213.0,248.0,266.0,284.0,291.0,278.0,323.0,359.0,357.0,348.0,338.0,356.0,305.0,299.0,291.0,282.0,249.0,250.0,284.0,274.0,360.0,347.0,355.0,376.0,306.0,328.0,326.0,342.0,363.0,413.0,405.0,414.0,430.0,500.0,495.0,512.0,499.0,537.0,515.0,512.0,635.0,714.0,655.0,582.0,534.0,561.0,496.0,575.0,435.0,325.0,416.0,325.0,286.0,293.0,317.0,240.0,179.0,175.0,159.0,164.0,167.0,132.0,126.0,103.0,93.0,66.0,54.0,47.0,39.0,25.0,18.0,16.0,13.0,14.0,4.0,2.0,2.0,1.0,1.0,3.0
사상구,모라동,2023,2653059300,모라제3동,True,2.0,9327.0,False,306.0,3.280797684142811,1305.0,13.991637182373754,3835.0,41.11718666237804,3881.0,41.61037847110539,11.0,5.0,13.0,14.0,12.0,15.0,18.0,28.0,19.0,28.0,33.0,31.0,32.0,25.0,22.0,33.0,35.0,35.0,35.0,43.0,42.0,40.0,54.0,75.0,54.0,52.0,44.0,64.0,55.0,81.0,62.0,76.0,67.0,55.0,57.0,49.0,36.0,50.0,63.0,48.0,64.0,90.0,88.0,89.0,104.0,93.0,96.0,85.0,115.0,121.0,136.0,121.0,133.0,178.0,158.0,198.0,192.0,176.0,208.0,186.0,202.0,253.0,242.0,250.0,257.0,252.0,221.0,240.0,258.0,240.0,191.0,239.0,179.0,189.0,187.0,189.0,205.0,144.0,104.0,111.0,119.0,124.0,117.0,102.0,92.0,73.0,81.0,52.0,53.0,24.0,28.0,25.0,12.0,9.0,7.0,4.0,4.0,3.0,0.0,0.0,3.0
사상구,모라동,2024,2653059100,모라제1동,True,2.0,25863.0,False,1903.0,7.358001778602637,6427.0,24.850172060472488,10734.0,41.503305880988286,6799.0,26.288520279936588,76.0,85.0,76.0,78.0,88.0,87.0,108.0,131.0,134.0,165.0,171.0,165.0,193.0,162.0,184.0,165.0,184.0,185.0,184.0,158.0,208.0,182.0,219.0,240.0,260.0,276.0,302.0,289.0,331.0,351.0,345.0,321.0,325.0,324.0,287.0,286.0,263.0,273.0,234.0,235.0,273.0,268.0,352.0,348.0,352.0,356.0,295.0,311.0,310.0,334.0,365.0,422.0,407.0,410.0,433.0,512.0,486.0,511.0,496.0,519.0,520.0,500.0,626.0,703.0,625.0,575.0,526.0,566.0,477.0,571.0,433.0,325.0,411.0,317.0,288.0,281.0,302.0,238.0,172.0,166.0,155.0,157.0,162.0,125.0,113.0,97.0,83.0,55.0,47.0,40.0,32.0,22.0,17.0,13.0,9.0,11.0,3.0,3.0,2.0,1.0,4.0
사상구,모라동,2024,2653059300,모라제3동,True,2.0,8991.0,False,269.0,2.991880769658548,1199.0,13.335557780002224,3582.0,39.83983983983984,3941.0,43.83272161049939,8.0,7.0,4.0,9.0,12.0,9.0,15.0,18.0,25.0,20.0,27.0,30.0,28.0,31.0,26.0,23.0,33.0,39.0,35.0,35.0,37.0,42.0,33.0,47.0,59.0,55.0,46.0,43.0,64.0,53.0,75.0,57.0,62.0,62.0,50.0,57.0,48.0,34.0,51.0,59.0,48.0,63.0,88.0,81.0,87.0,104.0,89.0,99.0,86.0,113.0,122.0,135.0,113.0,134.0,174.0,156.0,194.0,196.0,172.0,206.0,185.0,193.0,257.0,244.0,243.0,258.0,249.0,210.0,235.0,247.0,238.0,183.0,233.0,175.0,184.0,179.0,175.0,202.0,142.0,96.0,105.0,115.0,118.0,103.0,91.0,86.0,61.0,73.0,40.0,46.0,20.0,24.0,19.0,10.0,8.0,5.0,3.0,3.0,2.0,0.0,3.0
사상구,주례동,2020,2653065000,주례제1동,True,3.0,15551.0,False,1484.0,9.542794675583565,4592.0,29.52864767539065,6805.0,43.75924377853514,2670.0,17.169313870490644,65.0,87.0,101.0,83.0,98.0,102.0,105.0,99.0,118.0,114.0,99.0,98.0,95.0,118.0,102.0,95.0,121.0,120.0,118.0,155.0,169.0,173.0,210.0,215.0,237.0,242.0,253.0,224.0,237.0,191.0,179.0,201.0,167.0,177.0,170.0,167.0,159.0,178.0,206.0,228.0,220.0,193.0,177.0,196.0,193.0,173.0,186.0,208.0,235.0,233.0,249.0,294.0,335.0,314.0,293.0,302.0,316.0,312.0,380.0,353.0,387.0,353.0,295.0,325.0,283.0,278.0,232.0,213.0,212.0,162.0,135.0,166.0,141.0,141.0,98.0,104.0,103.0,88.0,87.0,84.0,60.0,65.0,38.0,42.0,45.0,32.0,35.0,28.0,17.0,13.0,16.0,6.0,7.0,7.0,2.0,4.0,2.0,3.0,1.0,1.0,2.0
사상구,주례동,2020,2653066000,주례제2동,True,3.0,23455.0,False,2360.0,10.06182050735451,8089.0,34.48731613728416,9349.0,39.85930505222767,3657.0,15.59155830313366,102.0,108.0,116.0,146.0,157.0,153.0,153.0,173.0,195.0,170.0,204.0,168.0,164.0,176.0,175.0,152.0,186.0,176.0,184.0,246.0,356.0,366.0,409.0,460.0,445.0,418.0,425.0,412.0,417.0,399.0,354.0,297.0,279.0,282.0,277.0,280.0,263.0,343.0,326.0,337.0,370.0,349.0,333.0,340.0,303.0,307.0,332.0,362.0,392.0,360.0,384.0,400.0,363.0,373.0,353.0,365.0,374.0,419.0,417.0,492.0,444.0,410.0,397.0,378.0,332.0,326.0,306.0,256.0,230.0,239.0,202.0,211.0,226.0,178.0,135.0,125.0,123.0,145.0,151.0,140.0,111.0,109.0,83.0,68.0,49.0,41.0,44.0,35.0,31.0,18.0,22.0,9.0,9.0,5.0,10.0,6.0,1.0,1.0,2.0,3.0,7.0
사상구,주례동,2020,2653066100,주례제3동,True,3.0,13405.0,False,1232.0,9.190600522193211,3910.0,29.16822081312943,5687.0,42.42446848190973,2576.0,19.216710182767624,36.0,57.0,71.0,55.0,75.0,88.0,88.0,85.0,106.0,86.0,97.0,89.0,91.0,107.0,101.0,94.0,128.0,115.0,124.0,123.0,148.0,165.0,163.0,188.0,198.0,189.0,179.0,208.0,199.0,173.0,152.0,170.0,138.0,137.0,137.0,136.0,120.0,167.0,172.0,187.0,179.0,180.0,145.0,168.0,158.0,166.0,211.0,199.0,191.0,208.0,235.0,251.0,262.0,220.0,232.0,254.0,238.0,250.0,240.0,302.0,303.0,323.0,293.0,242.0,237.0,235.0,230.0,166.0,198.0,149.0,164.0,144.0,118.0,142.0,99.0,83.0,99.0,90.0,82.0,84.0,68.0,71.0,57.0,52.0,34.0,36.0,53.0,34.0,31.0,10.0,11.0,11.0,11.0,3.0,5.0,1.0,2.0,1.0,2.0,0.0,0.0
사상구,주례동,2021,2653065000,주례제1동,True,3.0,15160.0,False,1417.0,9.346965699208443,4296.0,28.3377308707124,6624.0,43.693931398416886,2823.0,18.62137203166227,59.0,74.0,88.0,94.0,81.0,99.0,101.0,97.0,96.0,112.0,110.0,98.0,95.0,96.0,117.0,98.0,95.0,123.0,122.0,120.0,153.0,163.0,177.0,195.0,206.0,209.0,230.0,220.0,219.0,229.0,189.0,171.0,196.0,169.0,175.0,160.0,161.0,157.0,167.0,192.0,217.0,212.0,192.0,167.0,198.0,188.0,171.0,185.0,200.0,237.0,228.0,257.0,291.0,335.0,312.0,284.0,305.0,317.0,311.0,364.0,347.0,370.0,336.0,288.0,312.0,280.0,261.0,227.0,203.0,205.0,161.0,128.0,155.0,137.0,145.0,98.0,98.0,95.0,80.0,80.0,81.0,59.0,59.0,37.0,42.0,45.0,29.0,29.0,26.0,16.0,9.0,12.0,6.0,7.0,6.0,2.0,2.0,1.0,1.0,1.0,0.0
사상구,주례동,2021,2653066000,주례제2동,True,3.0,23075.0,False,2213.0,9.590465872156011,7861.0,34.067172264355364,9169.0,39.735644637053085,3832.0,16.606717226435535,93.0,93.0,100.0,112.0,141.0,151.0,141.0,150.0,174.0,189.0,167.0,194.0,168.0,161.0,179.0,176.0,150.0,185.0,173.0,245.0,260.0,390.0,451.0,443.0,438.0,372.0,387.0,422.0,383.0,389.0,384.0,330.0,306.0,253.0,276.0,261.0,268.0,253.0,325.0,341.0,316.0,363.0,352.0,320.0,333.0,302.0,311.0,323.0,365.0,384.0,348.0,377.0,398.0,356.0,360.0,355.0,366.0,364.0,404.0,406.0,476.0,441.0,397.0,385.0,367.0,326.0,328.0,303.0,238.0,229.0,225.0,191.0,211.0,223.0,181.0,133.0,125.0,121.0,139.0,136.0,133.0,106.0,102.0,77.0,65.0,43.0,37.0,37.0,32.0,24.0,15.0,17.0,7.0,9.0,5.0,5.0,5.0,1.0,0.0,1.0,2.0
사상구,주례동,2021,2653066100,주례제3동,True,3.0,13154.0,False,1148.0,8.727383305458416,3759.0,28.576858750190056,5554.0,42.22289797780143,2693.0,20.4728599665501,28.0,44.0,49.0,71.0,60.0,68.0,92.0,84.0,76.0,103.0,87.0,95.0,90.0,93.0,108.0,99.0,95.0,125.0,113.0,132.0,127.0,151.0,172.0,181.0,174.0,188.0,184.0,170.0,204.0,189.0,161.0,143.0,162.0,143.0,129.0,131.0,132.0,120.0,163.0,171.0,167.0,168.0,178.0,151.0,166.0,151.0,166.0,212.0,196.0,195.0,212.0,236.0,241.0,260.0,221.0,233.0,249.0,237.0,242.0,230.0,297.0,313.0,314.0,277.0,242.0,225.0,240.0,220.0,166.0,193.0,144.0,158.0,141.0,115.0,134.0,99.0,81.0,90.0,82.0,74.0,78.0,69.0,69.0,56.0,46.0,32.0,33.0,46.0,29.0,29.0,7.0,9.0,9.0,12.0,1.0,4.0,0.0,2.0,0.0,0.0,0.0
사상구,주례동,2022,2653065000,주례제1동,True,3.0,16182.0,False,1581.0,9.770114942528735,4612.0,28.50080336175998,6901.0,42.64615004325794,3088.0,19.082931652453343,94.0,93.0,96.0,114.0,114.0,91.0,108.0,113.0,102.0,104.0,126.0,110.0,104.0,108.0,104.0,128.0,110.0,103.0,134.0,141.0,123.0,166.0,176.0,181.0,201.0,215.0,201.0,226.0,231.0,238.0,242.0,218.0,197.0,216.0,203.0,197.0,198.0,189.0,194.0,184.0,218.0,229.0,239.0,210.0,173.0,212.0,200.0,190.0,206.0,219.0,250.0,266.0,281.0,312.0,361.0,338.0,297.0,314.0,315.0,318.0,379.0,355.0,374.0,336.0,309.0,302.0,282.0,263.0,226.0,214.0,212.0,159.0,129.0,154.0,141.0,145.0,94.0,94.0,95.0,81.0,84.0,81.0,54.0,56.0,33.0,38.0,35.0,24.0,27.0,23.0,8.0,7.0,10.0,3.0,6.0,4.0,1.0,0.0,1.0,1.0,1.0
사상구,주례동,2022,2653066000,주례제2동,True,3.0,22192.0,False,2002.0,9.021268925739005,7594.0,34.219538572458546,8653.0,38.99152847873108,3943.0,17.767664023071376,82.0,86.0,86.0,85.0,99.0,131.0,140.0,130.0,144.0,170.0,175.0,166.0,187.0,163.0,158.0,167.0,166.0,148.0,191.0,275.0,259.0,305.0,462.0,487.0,422.0,419.0,338.0,383.0,388.0,344.0,388.0,355.0,302.0,287.0,239.0,255.0,254.0,229.0,235.0,296.0,321.0,295.0,332.0,318.0,305.0,303.0,284.0,297.0,304.0,333.0,364.0,331.0,352.0,371.0,366.0,334.0,346.0,361.0,344.0,391.0,380.0,457.0,434.0,372.0,358.0,358.0,301.0,319.0,292.0,233.0,217.0,226.0,186.0,198.0,206.0,177.0,128.0,121.0,115.0,120.0,130.0,118.0,93.0,89.0,66.0,57.0,35.0,33.0,30.0,27.0,19.0,9.0,15.0,6.0,7.0,3.0,3.0,3.0,1.0,0.0,2.0
사상구,주례동,2022,2653066100,주례제3동,True,3.0,12643.0,False,1031.0,8.154710116269873,3486.0,27.572569801471168,5339.0,42.22890136834612,2787.0,22.04381871391284,34.0,33.0,43.0,39.0,69.0,58.0,67.0,84.0,77.0,74.0,99.0,83.0,93.0,89.0,89.0,98.0,102.0,95.0,121.0,120.0,127.0,113.0,152.0,169.0,172.0,159.0,182.0,182.0,162.0,200.0,161.0,151.0,131.0,141.0,134.0,121.0,113.0,124.0,113.0,143.0,164.0,165.0,167.0,169.0,141.0,160.0,144.0,161.0,212.0,188.0,193.0,211.0,233.0,233.0,256.0,211.0,221.0,244.0,224.0,246.0,228.0,284.0,305.0,306.0,273.0,228.0,217.0,233.0,222.0,154.0,177.0,139.0,156.0,132.0,110.0,127.0,92.0,84.0,87.0,79.0,71.0,74.0,60.0,66.0,51.0,44.0,29.0,30.0,41.0,27.0,26.0,5.0,6.0,10.0,7.0,0.0,2.0,0.0,1.0,0.0,0.0
사상구,주례동,2023,2653065000,주례제1동,True,3.0,16590.0,False,1649.0,9.939722724532851,4709.0,28.38456901748041,6920.0,41.71187462326703,3312.0,19.96383363471971,94.0,120.0,102.0,99.0,117.0,117.0,94.0,115.0,120.0,114.0,106.0,128.0,109.0,107.0,107.0,102.0,129.0,112.0,104.0,133.0,145.0,135.0,165.0,176.0,184.0,194.0,200.0,202.0,220.0,228.0,253.0,268.0,244.0,214.0,236.0,209.0,221.0,212.0,210.0,213.0,205.0,224.0,244.0,253.0,211.0,188.0,217.0,205.0,193.0,210.0,240.0,259.0,260.0,289.0,325.0,365.0,335.0,302.0,311.0,324.0,312.0,379.0,368.0,368.0,333.0,299.0,307.0,287.0,263.0,226.0,216.0,201.0,162.0,129.0,149.0,133.0,132.0,95.0,92.0,87.0,78.0,78.0,76.0,47.0,49.0,33.0,31.0,31.0,24.0,27.0,23.0,8.0,6.0,10.0,3.0,3.0,3.0,1.0,0.0,1.0,2.0
사상구,주례동,2023,2653066000,주례제2동,True,3.0,21774.0,False,1768.0,8.1197758794893,7475.0,34.32993478460549,8383.0,38.50004592633416,4148.0,19.05024340957105,67.0,67.0,66.0,73.0,77.0,90.0,118.0,127.0,125.0,134.0,161.0,168.0,160.0,184.0,151.0,151.0,164.0,160.0,154.0,293.0,350.0,343.0,401.0,482.0,462.0,402.0,401.0,332.0,357.0,364.0,320.0,358.0,324.0,286.0,264.0,216.0,232.0,238.0,209.0,212.0,283.0,308.0,288.0,315.0,296.0,297.0,291.0,271.0,288.0,294.0,330.0,356.0,327.0,338.0,364.0,359.0,330.0,346.0,363.0,347.0,381.0,371.0,437.0,433.0,370.0,356.0,359.0,293.0,308.0,283.0,226.0,213.0,221.0,180.0,194.0,202.0,174.0,123.0,119.0,115.0,113.0,122.0,111.0,84.0,85.0,57.0,56.0,29.0,25.0,24.0,23.0,14.0,7.0,10.0,5.0,5.0,3.0,3.0,3.0,1.0,2.0
사상구,주례동,2023,2653066100,주례제3동,True,3.0,12284.0,False,946.0,7.701074568544448,3273.0,26.644415499837187,5092.0,41.45229566916314,2973.0,24.202214262455225,29.0,35.0,37.0,43.0,43.0,63.0,58.0,69.0,76.0,73.0,71.0,97.0,74.0,90.0,88.0,92.0,100.0,100.0,96.0,126.0,115.0,133.0,121.0,149.0,166.0,151.0,141.0,170.0,164.0,160.0,181.0,148.0,139.0,123.0,137.0,118.0,115.0,105.0,114.0,109.0,139.0,163.0,153.0,157.0,165.0,135.0,155.0,149.0,154.0,207.0,189.0,194.0,214.0,227.0,227.0,247.0,209.0,224.0,236.0,216.0,237.0,227.0,279.0,282.0,307.0,263.0,221.0,210.0,232.0,223.0,157.0,176.0,135.0,158.0,132.0,106.0,126.0,92.0,83.0,87.0,77.0,62.0,72.0,55.0,59.0,48.0,41.0,28.0,29.0,33.0,22.0,23.0,5.0,2.0,8.0,3.0,0.0,3.0,0.0,2.0,0.0
사상구,주례동,2024,2653065000,주례제1동,True,3.0,16344.0,False,1618.0,9.89965736661772,4493.0,27.49021047479197,6717.0,41.09765051395007,3516.0,21.51248164464024,98.0,101.0,115.0,97.0,92.0,107.0,119.0,92.0,111.0,117.0,115.0,105.0,125.0,114.0,110.0,106.0,100.0,131.0,112.0,109.0,130.0,142.0,131.0,143.0,176.0,175.0,192.0,199.0,176.0,218.0,240.0,240.0,274.0,243.0,191.0,229.0,198.0,213.0,210.0,215.0,204.0,193.0,219.0,241.0,250.0,212.0,191.0,220.0,205.0,196.0,217.0,249.0,258.0,253.0,283.0,323.0,355.0,330.0,297.0,302.0,316.0,307.0,375.0,354.0,367.0,329.0,298.0,289.0,284.0,260.0,219.0,208.0,196.0,156.0,125.0,147.0,127.0,125.0,92.0,88.0,81.0,78.0,72.0,68.0,43.0,45.0,35.0,30.0,30.0,21.0,23.0,16.0,8.0,5.0,7.0,2.0,2.0,3.0,1.0,0.0,3.0
사상구,주례동,2024,2653066000,주례제2동,True,3.0,21252.0,False,1576.0,7.415772633163938,7174.0,33.75682288725767,8115.0,38.18464144551101,4387.0,20.642763034067386,58.0,50.0,58.0,60.0,74.0,67.0,83.0,113.0,123.0,123.0,128.0,155.0,161.0,147.0,176.0,149.0,140.0,162.0,154.0,261.0,348.0,385.0,433.0,416.0,442.0,376.0,329.0,373.0,319.0,323.0,333.0,284.0,315.0,303.0,257.0,230.0,199.0,217.0,225.0,201.0,213.0,270.0,300.0,269.0,308.0,288.0,278.0,283.0,275.0,292.0,303.0,314.0,363.0,331.0,332.0,363.0,354.0,322.0,342.0,348.0,351.0,378.0,372.0,429.0,437.0,372.0,359.0,356.0,293.0,303.0,280.0,220.0,209.0,217.0,176.0,193.0,198.0,163.0,117.0,114.0,114.0,107.0,117.0,102.0,76.0,73.0,50.0,49.0,24.0,22.0,22.0,16.0,11.0,7.0,9.0,5.0,2.0,2.0,3.0,3.0,3.0
사상구,주례동,2024,2653066100,주례제3동,True,3.0,11863.0,False,847.0,7.139846581808986,3074.0,25.912501053696367,4796.0,40.428222203489845,3146.0,26.51943016100481,20.0,29.0,25.0,37.0,46.0,40.0,59.0,55.0,61.0,74.0,70.0,72.0,94.0,76.0,89.0,87.0,95.0,101.0,102.0,100.0,133.0,113.0,137.0,129.0,143.0,160.0,132.0,135.0,161.0,143.0,134.0,165.0,132.0,125.0,103.0,125.0,110.0,103.0,104.0,102.0,111.0,138.0,156.0,151.0,151.0,161.0,132.0,148.0,152.0,149.0,201.0,187.0,195.0,206.0,220.0,222.0,243.0,196.0,213.0,241.0,215.0,234.0,229.0,273.0,272.0,302.0,252.0,208.0,204.0,222.0,216.0,158.0,179.0,130.0,160.0,128.0,101.0,122.0,92.0,72.0,80.0,76.0,54.0,67.0,50.0,59.0,41.0,38.0,25.0,28.0,28.0,21.0,20.0,2.0,1.0,5.0,2.0,0.0,2.0,0.0,1.0
사하구,괴정동,2020,2638051000,괴정제1동,True,4.0,20127.0,False,1833.0,9.10716947384111,5515.0,27.40100362696875,8147.0,40.4779649227406,4632.0,23.013861976449544,75.0,76.0,93.0,86.0,102.0,132.0,117.0,123.0,156.0,143.0,153.0,133.0,134.0,158.0,152.0,136.0,172.0,186.0,184.0,195.0,221.0,213.0,232.0,248.0,222.0,229.0,244.0,252.0,256.0,236.0,218.0,224.0,186.0,187.0,204.0,227.0,221.0,245.0,288.0,289.0,269.0,270.0,259.0,259.0,236.0,244.0,271.0,324.0,308.0,310.0,345.0,351.0,362.0,343.0,319.0,305.0,339.0,309.0,406.0,371.0,440.0,380.0,371.0,385.0,371.0,375.0,335.0,271.0,329.0,255.0,237.0,242.0,261.0,222.0,198.0,157.0,189.0,184.0,192.0,154.0,128.0,142.0,132.0,108.0,76.0,72.0,73.0,47.0,48.0,42.0,34.0,25.0,17.0,15.0,7.0,10.0,8.0,6.0,8.0,5.0,28.0
사하구,괴정동,2020,2638052000,괴정제2동,True,4.0,14343.0,False,1447.0,10.088544934811406,3662.0,25.531618210974,5908.0,41.19082479258175,3326.0,23.18901206163285,42.0,60.0,60.0,77.0,95.0,95.0,126.0,96.0,126.0,126.0,119.0,90.0,118.0,110.0,107.0,82.0,103.0,131.0,121.0,147.0,143.0,151.0,158.0,173.0,168.0,157.0,152.0,156.0,152.0,142.0,142.0,131.0,140.0,111.0,131.0,154.0,163.0,155.0,195.0,204.0,223.0,222.0,197.0,233.0,186.0,219.0,230.0,207.0,257.0,227.0,242.0,251.0,237.0,214.0,207.0,236.0,233.0,192.0,229.0,284.0,288.0,267.0,268.0,288.0,271.0,302.0,258.0,218.0,255.0,175.0,215.0,203.0,191.0,178.0,134.0,121.0,131.0,124.0,134.0,101.0,93.0,88.0,67.0,64.0,53.0,44.0,45.0,24.0,21.0,9.0,13.0,19.0,16.0,10.0,5.0,2.0,1.0,2.0,1.0,0.0,9.0
사하구,괴정동,2020,2638053000,괴정제3동,True,4.0,12984.0,False,873.0,6.72365988909427,3473.0,26.7483056069008,5313.0,40.91959334565619,3325.0,25.608441158348736,42.0,37.0,59.0,50.0,78.0,45.0,60.0,58.0,60.0,63.0,70.0,60.0,64.0,73.0,54.0,79.0,77.0,91.0,92.0,104.0,138.0,134.0,136.0,135.0,133.0,150.0,149.0,189.0,149.0,156.0,171.0,171.0,166.0,142.0,143.0,165.0,150.0,154.0,134.0,165.0,180.0,172.0,137.0,155.0,141.0,154.0,154.0,202.0,185.0,198.0,204.0,213.0,233.0,198.0,201.0,208.0,204.0,212.0,279.0,262.0,299.0,299.0,298.0,270.0,255.0,311.0,265.0,212.0,232.0,157.0,185.0,210.0,157.0,158.0,129.0,118.0,143.0,131.0,162.0,115.0,87.0,83.0,71.0,66.0,73.0,48.0,50.0,33.0,28.0,17.0,14.0,14.0,14.0,11.0,3.0,4.0,8.0,1.0,1.0,2.0,12.0
사하구,괴정동,2020,2638054000,괴정제4동,True,4.0,11346.0,False,891.0,7.852987837123215,3003.0,26.467477525118984,4717.0,41.57412303895646,2735.0,24.10541159880134,28.0,35.0,51.0,49.0,61.0,60.0,68.0,65.0,60.0,57.0,66.0,58.0,75.0,86.0,72.0,76.0,68.0,94.0,99.0,98.0,129.0,131.0,135.0,167.0,154.0,139.0,160.0,138.0,138.0,135.0,116.0,99.0,96.0,95.0,92.0,114.0,111.0,126.0,147.0,146.0,165.0,132.0,127.0,133.0,137.0,163.0,153.0,183.0,190.0,209.0,204.0,199.0,211.0,166.0,172.0,183.0,179.0,153.0,237.0,261.0,265.0,240.0,220.0,225.0,210.0,238.0,215.0,199.0,190.0,160.0,157.0,174.0,149.0,142.0,126.0,85.0,93.0,100.0,108.0,95.0,65.0,82.0,73.0,32.0,46.0,37.0,32.0,36.0,19.0,20.0,12.0,11.0,10.0,10.0,4.0,2.0,2.0,3.0,1.0,0.0,7.0
사하구,괴정동,2021,2638051000,괴정제1동,True,4.0,19535.0,False,1691.0,8.656257998464294,5166.0,26.44484259022268,7892.0,40.39928333759918,4786.0,24.499616073713845,65.0,68.0,72.0,93.0,84.0,106.0,127.0,105.0,121.0,151.0,140.0,147.0,127.0,128.0,157.0,147.0,143.0,177.0,188.0,188.0,200.0,218.0,208.0,222.0,225.0,199.0,224.0,224.0,244.0,233.0,207.0,192.0,218.0,193.0,172.0,188.0,226.0,217.0,231.0,282.0,273.0,252.0,255.0,255.0,252.0,225.0,241.0,271.0,318.0,293.0,312.0,334.0,338.0,374.0,342.0,307.0,293.0,334.0,302.0,404.0,370.0,438.0,378.0,363.0,368.0,355.0,369.0,320.0,272.0,321.0,250.0,229.0,235.0,260.0,222.0,197.0,155.0,189.0,181.0,188.0,144.0,119.0,125.0,124.0,106.0,68.0,62.0,74.0,43.0,42.0,34.0,32.0,18.0,14.0,8.0,5.0,5.0,5.0,5.0,6.0,4.0
사하구,괴정동,2021,2638052000,괴정제2동,True,4.0,14022.0,False,1368.0,9.75609756097561,3485.0,24.853801169590643,5704.0,40.67893310512053,3465.0,24.71116816431322,46.0,40.0,61.0,59.0,77.0,97.0,92.0,123.0,96.0,118.0,123.0,121.0,91.0,114.0,110.0,99.0,85.0,103.0,128.0,119.0,148.0,158.0,146.0,148.0,163.0,161.0,160.0,153.0,148.0,153.0,124.0,141.0,129.0,136.0,115.0,122.0,152.0,157.0,152.0,185.0,194.0,232.0,216.0,187.0,219.0,186.0,204.0,223.0,210.0,250.0,219.0,250.0,243.0,239.0,214.0,210.0,232.0,227.0,181.0,229.0,270.0,278.0,257.0,259.0,275.0,266.0,308.0,265.0,209.0,242.0,170.0,212.0,192.0,182.0,175.0,127.0,116.0,128.0,117.0,127.0,101.0,88.0,80.0,55.0,62.0,51.0,42.0,43.0,21.0,17.0,10.0,13.0,15.0,15.0,6.0,4.0,3.0,1.0,2.0,0.0,0.0
사하구,괴정동,2021,2638053000,괴정제3동,True,4.0,12474.0,False,826.0,6.621773288439955,3228.0,25.87782587782588,5050.0,40.48420715087381,3370.0,27.01619368286035,43.0,39.0,36.0,44.0,50.0,70.0,42.0,57.0,59.0,57.0,63.0,73.0,60.0,64.0,69.0,57.0,79.0,83.0,91.0,91.0,114.0,137.0,121.0,138.0,128.0,138.0,148.0,143.0,176.0,147.0,152.0,149.0,157.0,147.0,128.0,129.0,153.0,139.0,152.0,131.0,159.0,174.0,154.0,130.0,149.0,128.0,150.0,152.0,198.0,189.0,195.0,202.0,214.0,218.0,199.0,194.0,200.0,200.0,203.0,260.0,258.0,287.0,285.0,281.0,271.0,250.0,300.0,251.0,209.0,221.0,154.0,174.0,200.0,147.0,165.0,123.0,107.0,133.0,119.0,158.0,106.0,80.0,79.0,68.0,60.0,59.0,42.0,44.0,29.0,22.0,15.0,11.0,13.0,11.0,7.0,3.0,4.0,5.0,0.0,1.0,0.0
사하구,괴정동,2021,2638054000,괴정제4동,True,4.0,12258.0,False,1165.0,9.503997389459943,3198.0,26.08908467939305,5026.0,41.00179474628814,2869.0,23.40512318485887,40.0,38.0,46.0,76.0,70.0,84.0,102.0,90.0,82.0,81.0,89.0,91.0,78.0,94.0,104.0,92.0,82.0,91.0,106.0,118.0,102.0,129.0,130.0,137.0,162.0,154.0,146.0,155.0,150.0,143.0,132.0,128.0,109.0,114.0,112.0,117.0,135.0,120.0,157.0,177.0,182.0,187.0,179.0,147.0,167.0,164.0,185.0,172.0,195.0,197.0,230.0,212.0,204.0,212.0,173.0,187.0,196.0,181.0,171.0,242.0,271.0,268.0,243.0,238.0,223.0,217.0,249.0,218.0,208.0,190.0,152.0,154.0,167.0,147.0,141.0,122.0,84.0,80.0,94.0,103.0,90.0,62.0,79.0,73.0,28.0,40.0,36.0,27.0,29.0,18.0,15.0,10.0,10.0,7.0,10.0,0.0,2.0,2.0,3.0,0.0,2.0
사하구,괴정동,2022,2638051000,괴정제1동,True,4.0,18840.0,False,1546.0,8.205944798301486,4770.0,25.318471337579616,7582.0,40.24416135881104,4942.0,26.23142250530785,60.0,60.0,57.0,65.0,92.0,78.0,103.0,122.0,110.0,114.0,147.0,138.0,147.0,125.0,128.0,157.0,150.0,141.0,171.0,168.0,178.0,194.0,189.0,192.0,213.0,220.0,200.0,231.0,214.0,221.0,212.0,187.0,182.0,191.0,187.0,166.0,167.0,213.0,206.0,220.0,268.0,265.0,236.0,249.0,239.0,243.0,229.0,248.0,264.0,310.0,281.0,308.0,327.0,327.0,349.0,335.0,287.0,289.0,327.0,289.0,408.0,352.0,421.0,376.0,355.0,352.0,346.0,366.0,314.0,265.0,311.0,245.0,231.0,235.0,251.0,221.0,189.0,145.0,182.0,176.0,173.0,139.0,110.0,119.0,112.0,93.0,63.0,56.0,68.0,38.0,34.0,29.0,23.0,11.0,11.0,8.0,5.0,5.0,5.0,4.0,7.0
사하구,괴정동,2022,2638052000,괴정제2동,True,4.0,15476.0,False,1567.0,10.125355388989403,3941.0,25.4652364952184,6174.0,39.89402946497803,3794.0,24.515378650814164,60.0,73.0,68.0,80.0,82.0,100.0,127.0,109.0,138.0,109.0,130.0,137.0,141.0,96.0,117.0,112.0,124.0,101.0,120.0,147.0,136.0,165.0,170.0,153.0,141.0,166.0,162.0,170.0,166.0,163.0,189.0,157.0,171.0,180.0,172.0,160.0,159.0,192.0,174.0,191.0,217.0,236.0,256.0,243.0,207.0,243.0,202.0,224.0,245.0,225.0,272.0,255.0,270.0,263.0,269.0,231.0,234.0,253.0,242.0,203.0,238.0,302.0,291.0,279.0,274.0,292.0,281.0,324.0,272.0,217.0,248.0,176.0,215.0,195.0,190.0,182.0,134.0,118.0,130.0,111.0,130.0,102.0,78.0,82.0,52.0,56.0,45.0,35.0,43.0,16.0,18.0,9.0,13.0,11.0,9.0,4.0,2.0,2.0,0.0,0.0,2.0
사하구,괴정동,2022,2638053000,괴정제3동,True,4.0,12042.0,False,758.0,6.294635442617506,2980.0,24.746719813984388,4822.0,40.04318219564856,3482.0,28.91546254774954,40.0,32.0,31.0,37.0,40.0,46.0,64.0,44.0,51.0,57.0,60.0,62.0,67.0,62.0,65.0,68.0,52.0,78.0,84.0,90.0,94.0,104.0,123.0,119.0,116.0,126.0,136.0,135.0,143.0,167.0,134.0,153.0,136.0,145.0,128.0,115.0,117.0,145.0,127.0,145.0,135.0,152.0,163.0,148.0,127.0,142.0,124.0,149.0,154.0,199.0,183.0,196.0,205.0,211.0,216.0,198.0,189.0,193.0,199.0,208.0,256.0,253.0,271.0,276.0,275.0,262.0,239.0,288.0,241.0,207.0,221.0,155.0,167.0,195.0,148.0,160.0,120.0,104.0,128.0,116.0,142.0,99.0,76.0,73.0,66.0,57.0,51.0,33.0,40.0,23.0,17.0,10.0,10.0,12.0,8.0,4.0,3.0,2.0,5.0,0.0,0.0
사하구,괴정동,2022,2638054000,괴정제4동,True,4.0,11900.0,False,1088.0,9.142857142857142,2986.0,25.09243697478992,4899.0,41.16806722689076,2927.0,24.596638655462183,38.0,45.0,35.0,45.0,71.0,72.0,89.0,93.0,89.0,78.0,86.0,81.0,94.0,81.0,91.0,106.0,90.0,81.0,92.0,100.0,115.0,102.0,134.0,122.0,136.0,144.0,150.0,132.0,141.0,144.0,127.0,127.0,115.0,110.0,102.0,115.0,112.0,120.0,117.0,152.0,169.0,174.0,187.0,175.0,137.0,162.0,161.0,186.0,166.0,187.0,196.0,225.0,209.0,211.0,215.0,181.0,189.0,190.0,177.0,173.0,241.0,258.0,273.0,231.0,226.0,210.0,211.0,248.0,206.0,203.0,184.0,143.0,150.0,160.0,143.0,138.0,115.0,79.0,72.0,90.0,94.0,81.0,58.0,75.0,66.0,25.0,36.0,31.0,23.0,26.0,13.0,14.0,9.0,6.0,6.0,6.0,0.0,1.0,1.0,3.0,1.0
사하구,괴정동,2023,2638051000,괴정제1동,True,4.0,18155.0,False,1403.0,7.727898650509501,4398.0,24.224731478931425,7250.0,39.93390250619664,5104.0,28.113467364362435,39.0,55.0,54.0,50.0,62.0,89.0,84.0,93.0,121.0,103.0,116.0,141.0,134.0,143.0,119.0,120.0,150.0,143.0,140.0,159.0,153.0,173.0,195.0,190.0,180.0,200.0,201.0,199.0,203.0,199.0,224.0,184.0,175.0,161.0,179.0,166.0,148.0,159.0,197.0,200.0,222.0,253.0,265.0,225.0,244.0,227.0,242.0,215.0,244.0,255.0,306.0,277.0,298.0,313.0,298.0,335.0,325.0,282.0,285.0,317.0,291.0,393.0,343.0,422.0,373.0,349.0,344.0,346.0,365.0,312.0,258.0,307.0,243.0,220.0,220.0,242.0,216.0,183.0,143.0,177.0,178.0,162.0,132.0,107.0,113.0,103.0,76.0,60.0,44.0,60.0,39.0,27.0,26.0,17.0,6.0,10.0,4.0,5.0,2.0,1.0,7.0
사하구,괴정동,2023,2638052000,괴정제2동,True,4.0,15185.0,False,1510.0,9.94402370760619,3778.0,24.87981560750741,5991.0,39.45340796838986,3906.0,25.722752716496544,77.0,55.0,69.0,73.0,74.0,82.0,98.0,125.0,107.0,136.0,105.0,136.0,138.0,139.0,96.0,120.0,111.0,123.0,104.0,118.0,142.0,132.0,164.0,157.0,149.0,139.0,162.0,156.0,173.0,152.0,154.0,181.0,162.0,164.0,177.0,169.0,152.0,153.0,192.0,172.0,186.0,211.0,233.0,250.0,231.0,201.0,235.0,195.0,218.0,248.0,232.0,269.0,249.0,256.0,265.0,267.0,228.0,222.0,260.0,236.0,204.0,241.0,296.0,285.0,273.0,269.0,290.0,272.0,315.0,263.0,212.0,247.0,180.0,206.0,192.0,178.0,181.0,129.0,114.0,126.0,106.0,123.0,92.0,65.0,73.0,50.0,50.0,41.0,31.0,36.0,13.0,13.0,8.0,7.0,9.0,8.0,3.0,2.0,1.0,0.0,1.0
사하구,괴정동,2023,2638053000,괴정제3동,True,4.0,11607.0,False,670.0,5.7723787369690704,2717.0,23.408288102007408,4597.0,39.605410528129575,3623.0,31.213922632893944,23.0,29.0,24.0,31.0,34.0,37.0,42.0,55.0,42.0,51.0,55.0,57.0,64.0,67.0,59.0,64.0,72.0,50.0,74.0,88.0,101.0,96.0,105.0,131.0,115.0,106.0,112.0,129.0,123.0,137.0,154.0,120.0,138.0,127.0,128.0,113.0,105.0,102.0,115.0,112.0,122.0,130.0,145.0,158.0,150.0,121.0,139.0,129.0,142.0,147.0,198.0,182.0,200.0,194.0,197.0,214.0,198.0,189.0,197.0,189.0,202.0,252.0,249.0,271.0,282.0,276.0,254.0,236.0,275.0,231.0,203.0,215.0,152.0,163.0,187.0,140.0,152.0,121.0,100.0,128.0,110.0,137.0,97.0,73.0,71.0,61.0,54.0,47.0,23.0,38.0,20.0,16.0,8.0,7.0,10.0,8.0,3.0,3.0,2.0,2.0,0.0
사하구,괴정동,2023,2638054000,괴정제4동,True,4.0,15179.0,False,1863.0,12.27353580604783,3986.0,26.25996442453389,6087.0,40.101455958890575,3243.0,21.365043810527705,75.0,101.0,107.0,76.0,92.0,122.0,140.0,138.0,162.0,137.0,137.0,147.0,145.0,150.0,134.0,126.0,157.0,128.0,114.0,134.0,132.0,131.0,120.0,140.0,145.0,143.0,174.0,158.0,160.0,183.0,169.0,185.0,179.0,205.0,169.0,155.0,187.0,193.0,175.0,224.0,230.0,244.0,269.0,281.0,277.0,218.0,205.0,239.0,232.0,228.0,249.0,249.0,268.0,260.0,263.0,253.0,220.0,217.0,198.0,197.0,190.0,269.0,278.0,292.0,261.0,244.0,234.0,225.0,263.0,217.0,210.0,192.0,153.0,151.0,164.0,152.0,139.0,120.0,85.0,78.0,83.0,94.0,81.0,58.0,68.0,61.0,25.0,31.0,30.0,22.0,20.0,10.0,11.0,5.0,6.0,4.0,5.0,0.0,0.0,0.0,2.0
사하구,괴정동,2024,2638051000,괴정제1동,True,4.0,17582.0,False,1285.0,7.308611079513138,4072.0,23.16005005118872,6934.0,39.43806165396428,5291.0,30.093277215333863,34.0,37.0,49.0,47.0,51.0,65.0,82.0,82.0,89.0,115.0,101.0,111.0,140.0,134.0,148.0,119.0,125.0,147.0,141.0,135.0,151.0,151.0,158.0,196.0,185.0,169.0,174.0,182.0,181.0,177.0,183.0,213.0,169.0,165.0,147.0,170.0,159.0,135.0,142.0,198.0,198.0,212.0,236.0,248.0,215.0,245.0,218.0,240.0,216.0,248.0,246.0,303.0,272.0,306.0,320.0,297.0,332.0,311.0,280.0,282.0,305.0,278.0,382.0,339.0,405.0,358.0,342.0,338.0,335.0,366.0,307.0,247.0,312.0,232.0,213.0,217.0,229.0,209.0,181.0,142.0,170.0,169.0,156.0,129.0,99.0,107.0,94.0,67.0,52.0,39.0,54.0,36.0,23.0,27.0,16.0,5.0,8.0,2.0,2.0,2.0,6.0
사하구,괴정동,2024,2638052000,괴정제2동,True,4.0,14719.0,False,1422.0,9.660982403695904,3509.0,23.839934778177867,5761.0,39.13988722059923,4027.0,27.359195597527005,55.0,64.0,45.0,64.0,68.0,70.0,81.0,93.0,126.0,107.0,132.0,105.0,138.0,134.0,140.0,98.0,119.0,110.0,118.0,105.0,110.0,138.0,122.0,161.0,137.0,141.0,134.0,157.0,142.0,154.0,151.0,150.0,173.0,153.0,149.0,163.0,160.0,136.0,142.0,186.0,166.0,176.0,204.0,228.0,245.0,227.0,204.0,225.0,192.0,203.0,237.0,238.0,261.0,238.0,246.0,256.0,280.0,225.0,216.0,253.0,232.0,203.0,231.0,295.0,280.0,268.0,265.0,283.0,262.0,310.0,265.0,208.0,242.0,174.0,201.0,183.0,176.0,177.0,117.0,113.0,119.0,99.0,113.0,85.0,65.0,64.0,48.0,45.0,33.0,26.0,32.0,11.0,13.0,6.0,7.0,7.0,5.0,2.0,1.0,1.0,1.0
사하구,괴정동,2024,2638053000,괴정제3동,True,4.0,11352.0,False,606.0,5.338266384778013,2602.0,22.92107117688513,4374.0,38.5306553911205,3770.0,33.21000704721635,28.0,22.0,23.0,24.0,26.0,30.0,32.0,35.0,53.0,40.0,49.0,54.0,61.0,63.0,66.0,61.0,65.0,74.0,57.0,76.0,84.0,107.0,101.0,113.0,136.0,115.0,110.0,119.0,133.0,140.0,123.0,137.0,116.0,113.0,112.0,114.0,101.0,94.0,96.0,105.0,104.0,117.0,127.0,146.0,158.0,148.0,122.0,143.0,132.0,138.0,146.0,195.0,181.0,199.0,193.0,200.0,210.0,194.0,185.0,184.0,190.0,206.0,244.0,246.0,266.0,275.0,269.0,261.0,237.0,267.0,222.0,201.0,209.0,149.0,159.0,189.0,137.0,152.0,111.0,97.0,127.0,106.0,123.0,88.0,62.0,68.0,55.0,46.0,42.0,20.0,37.0,16.0,12.0,6.0,6.0,6.0,7.0,1.0,4.0,1.0,2.0
사하구,괴정동,2024,2638054000,괴정제4동,True,4.0,14874.0,False,1788.0,12.020976200080678,3745.0,25.17816323786473,5937.0,39.91528842275111,3404.0,22.885572139303484,88.0,78.0,93.0,109.0,70.0,92.0,126.0,133.0,137.0,156.0,134.0,133.0,156.0,138.0,145.0,133.0,120.0,158.0,137.0,112.0,127.0,128.0,121.0,111.0,136.0,133.0,143.0,152.0,153.0,151.0,167.0,155.0,181.0,172.0,198.0,166.0,152.0,183.0,185.0,171.0,213.0,234.0,238.0,266.0,279.0,274.0,216.0,210.0,241.0,233.0,230.0,241.0,231.0,255.0,250.0,253.0,246.0,212.0,210.0,203.0,191.0,182.0,264.0,274.0,291.0,257.0,249.0,230.0,222.0,267.0,219.0,210.0,186.0,151.0,139.0,158.0,148.0,131.0,114.0,84.0,75.0,80.0,92.0,75.0,56.0,57.0,57.0,22.0,26.0,27.0,19.0,19.0,8.0,10.0,5.0,2.0,5.0,2.0,0.0,0.0,2.0
사하구,다대동,2020,2638060100,다대제1동,True,2.0,39923.0,False,5127.0,12.842221275956216,11013.0,27.585602284397464,17150.0,42.9576935601032,6633.0,16.61448287954312,188.0,200.0,232.0,274.0,294.0,360.0,357.0,380.0,418.0,444.0,403.0,369.0,416.0,453.0,339.0,357.0,377.0,395.0,439.0,456.0,511.0,468.0,506.0,496.0,487.0,463.0,435.0,424.0,401.0,384.0,325.0,362.0,379.0,338.0,363.0,433.0,490.0,548.0,572.0,604.0,640.0,602.0,573.0,584.0,611.0,632.0,706.0,735.0,700.0,804.0,766.0,738.0,769.0,691.0,675.0,648.0,660.0,679.0,755.0,795.0,780.0,698.0,650.0,663.0,596.0,594.0,519.0,439.0,466.0,396.0,354.0,347.0,309.0,355.0,293.0,232.0,237.0,250.0,286.0,205.0,208.0,164.0,154.0,150.0,125.0,116.0,88.0,73.0,50.0,44.0,38.0,29.0,36.0,18.0,12.0,12.0,7.0,8.0,5.0,3.0,11.0
사하구,다대동,2020,2638060200,다대제2동,True,2.0,28094.0,False,2843.0,10.11959849078095,7533.0,26.81355449562184,12289.0,43.74243610735388,5429.0,19.32441090624333,90.0,110.0,133.0,166.0,196.0,201.0,184.0,199.0,232.0,225.0,219.0,219.0,228.0,212.0,229.0,222.0,260.0,277.0,289.0,345.0,371.0,345.0,366.0,343.0,340.0,360.0,334.0,324.0,306.0,278.0,235.0,234.0,243.0,218.0,234.0,263.0,264.0,301.0,377.0,404.0,363.0,363.0,312.0,374.0,368.0,413.0,432.0,443.0,494.0,481.0,541.0,534.0,559.0,525.0,532.0,512.0,525.0,489.0,587.0,635.0,667.0,578.0,544.0,552.0,466.0,538.0,420.0,382.0,390.0,292.0,285.0,273.0,281.0,292.0,215.0,183.0,192.0,184.0,203.0,157.0,155.0,155.0,118.0,112.0,108.0,92.0,72.0,74.0,58.0,30.0,31.0,43.0,27.0,17.0,11.0,17.0,6.0,7.0,2.0,0.0,7.0
사하구,다대동,2021,2638060100,다대제1동,True,2.0,38840.0,False,4764.0,12.265705458290425,10260.0,26.416065911431517,16829.0,43.329042224510815,6987.0,17.98918640576725,121.0,173.0,197.0,234.0,275.0,289.0,360.0,343.0,353.0,409.0,415.0,388.0,355.0,410.0,442.0,329.0,342.0,366.0,381.0,419.0,431.0,484.0,439.0,466.0,469.0,454.0,437.0,399.0,396.0,397.0,361.0,306.0,353.0,365.0,335.0,353.0,413.0,468.0,535.0,562.0,596.0,632.0,596.0,552.0,573.0,591.0,601.0,685.0,719.0,702.0,775.0,750.0,719.0,752.0,684.0,644.0,641.0,641.0,671.0,749.0,794.0,766.0,688.0,648.0,660.0,592.0,585.0,506.0,435.0,478.0,384.0,353.0,338.0,305.0,338.0,294.0,228.0,233.0,249.0,268.0,195.0,204.0,147.0,138.0,134.0,118.0,104.0,76.0,62.0,44.0,39.0,35.0,25.0,26.0,16.0,10.0,8.0,8.0,8.0,4.0,0.0
사하구,다대동,2021,2638060200,다대제2동,True,2.0,27296.0,False,2671.0,9.78531652989449,6875.0,25.18684056271981,11988.0,43.91852286049238,5762.0,21.10932004689332,95.0,110.0,107.0,125.0,165.0,188.0,189.0,185.0,202.0,225.0,225.0,209.0,219.0,224.0,203.0,225.0,211.0,250.0,269.0,268.0,323.0,357.0,322.0,325.0,315.0,308.0,323.0,293.0,302.0,278.0,256.0,219.0,205.0,229.0,212.0,229.0,235.0,260.0,301.0,360.0,398.0,359.0,357.0,310.0,369.0,368.0,396.0,428.0,433.0,479.0,461.0,522.0,527.0,549.0,509.0,527.0,501.0,510.0,480.0,576.0,619.0,659.0,563.0,538.0,550.0,467.0,546.0,421.0,379.0,389.0,287.0,284.0,272.0,279.0,283.0,211.0,181.0,187.0,173.0,202.0,156.0,147.0,165.0,115.0,100.0,93.0,88.0,62.0,66.0,59.0,23.0,24.0,36.0,20.0,16.0,9.0,11.0,4.0,3.0,0.0,4.0
사하구,다대동,2022,2638060100,다대제1동,True,2.0,37674.0,False,4329.0,11.490683229813664,9597.0,25.473801560758083,16347.0,43.39066730371079,7401.0,19.64484790571747,139.0,129.0,175.0,182.0,224.0,263.0,279.0,335.0,332.0,339.0,403.0,399.0,379.0,352.0,399.0,437.0,324.0,336.0,357.0,339.0,388.0,389.0,433.0,409.0,423.0,430.0,398.0,396.0,358.0,380.0,391.0,352.0,297.0,341.0,353.0,327.0,351.0,404.0,459.0,525.0,520.0,584.0,617.0,562.0,523.0,565.0,563.0,583.0,683.0,708.0,693.0,748.0,725.0,711.0,746.0,682.0,638.0,626.0,624.0,661.0,737.0,775.0,757.0,673.0,643.0,647.0,579.0,588.0,509.0,434.0,479.0,372.0,344.0,336.0,305.0,327.0,288.0,223.0,216.0,228.0,260.0,189.0,197.0,139.0,128.0,119.0,103.0,98.0,66.0,53.0,37.0,33.0,27.0,17.0,22.0,13.0,8.0,5.0,6.0,6.0,0.0
사하구,다대동,2022,2638060200,다대제2동,True,2.0,26378.0,False,2475.0,9.38281901584654,6318.0,23.95177799681553,11539.0,43.74478732276897,6046.0,22.92061566456896,61.0,106.0,109.0,99.0,123.0,162.0,183.0,192.0,167.0,200.0,215.0,217.0,204.0,214.0,223.0,198.0,213.0,211.0,247.0,258.0,262.0,305.0,322.0,285.0,289.0,276.0,290.0,288.0,275.0,281.0,257.0,239.0,208.0,188.0,220.0,211.0,220.0,219.0,255.0,301.0,339.0,392.0,345.0,353.0,301.0,355.0,363.0,384.0,414.0,411.0,462.0,448.0,525.0,525.0,541.0,493.0,516.0,498.0,492.0,471.0,570.0,616.0,644.0,559.0,522.0,535.0,473.0,523.0,408.0,367.0,384.0,272.0,291.0,264.0,276.0,274.0,204.0,179.0,184.0,165.0,194.0,149.0,129.0,146.0,104.0,97.0,85.0,71.0,52.0,56.0,48.0,21.0,16.0,29.0,15.0,13.0,7.0,8.0,3.0,3.0,1.0
사하구,다대동,2023,2638060100,다대제1동,True,2.0,36703.0,False,3897.0,10.617660681688143,8984.0,24.47756314197749,15999.0,43.59044219818544,7823.0,21.314333978148927,104.0,138.0,120.0,174.0,172.0,225.0,250.0,265.0,319.0,317.0,328.0,397.0,373.0,369.0,346.0,391.0,428.0,311.0,327.0,328.0,321.0,363.0,363.0,413.0,379.0,374.0,391.0,371.0,371.0,348.0,363.0,372.0,359.0,296.0,325.0,338.0,310.0,330.0,381.0,431.0,508.0,503.0,564.0,595.0,551.0,511.0,544.0,555.0,568.0,661.0,694.0,685.0,731.0,690.0,701.0,755.0,681.0,649.0,637.0,618.0,665.0,741.0,773.0,744.0,675.0,638.0,643.0,575.0,591.0,502.0,436.0,469.0,363.0,344.0,336.0,307.0,313.0,276.0,214.0,210.0,219.0,238.0,184.0,189.0,137.0,117.0,101.0,94.0,87.0,52.0,45.0,37.0,27.0,22.0,11.0,19.0,11.0,4.0,3.0,4.0,5.0
사하구,다대동,2023,2638060200,다대제2동,True,2.0,25818.0,False,2257.0,8.741962971570223,5883.0,22.786428073437136,11258.0,43.605236656596176,6420.0,24.866372298396467,47.0,64.0,110.0,100.0,105.0,122.0,154.0,173.0,187.0,167.0,193.0,205.0,214.0,202.0,214.0,218.0,189.0,220.0,210.0,229.0,241.0,245.0,281.0,292.0,273.0,274.0,256.0,262.0,269.0,258.0,249.0,243.0,232.0,187.0,188.0,207.0,199.0,210.0,215.0,236.0,291.0,333.0,380.0,344.0,360.0,297.0,349.0,350.0,382.0,409.0,407.0,463.0,443.0,531.0,528.0,546.0,500.0,518.0,488.0,496.0,472.0,561.0,619.0,631.0,560.0,514.0,521.0,469.0,534.0,405.0,362.0,379.0,273.0,289.0,260.0,277.0,277.0,204.0,176.0,173.0,161.0,190.0,143.0,129.0,127.0,96.0,90.0,81.0,67.0,43.0,49.0,46.0,15.0,14.0,18.0,12.0,10.0,6.0,5.0,2.0,3.0
사하구,다대동,2024,2638060100,다대제1동,True,2.0,35576.0,False,3537.0,9.942095794917922,8345.0,23.456824825725207,15417.0,43.33539464807736,8277.0,23.265684731279517,110.0,103.0,131.0,119.0,153.0,167.0,222.0,238.0,252.0,317.0,316.0,306.0,383.0,359.0,361.0,327.0,375.0,413.0,301.0,307.0,301.0,303.0,336.0,303.0,373.0,340.0,345.0,377.0,360.0,341.0,315.0,350.0,348.0,359.0,273.0,307.0,306.0,293.0,319.0,373.0,418.0,487.0,497.0,550.0,571.0,537.0,490.0,540.0,534.0,562.0,640.0,677.0,663.0,720.0,685.0,678.0,731.0,675.0,650.0,623.0,607.0,651.0,721.0,765.0,745.0,668.0,639.0,643.0,566.0,589.0,494.0,426.0,466.0,364.0,332.0,342.0,312.0,308.0,260.0,202.0,200.0,207.0,225.0,178.0,173.0,133.0,116.0,80.0,83.0,75.0,46.0,43.0,29.0,23.0,18.0,9.0,11.0,7.0,3.0,3.0,4.0
사하구,다대동,2024,2638060200,다대제2동,True,2.0,25091.0,False,2049.0,8.166274759874058,5502.0,21.928181419632537,10761.0,42.887888087362,6779.0,27.0176557331314,55.0,51.0,63.0,101.0,96.0,98.0,110.0,149.0,166.0,177.0,164.0,194.0,208.0,210.0,207.0,211.0,216.0,189.0,217.0,192.0,199.0,227.0,219.0,251.0,246.0,254.0,244.0,251.0,241.0,250.0,248.0,234.0,227.0,238.0,176.0,168.0,191.0,194.0,206.0,213.0,218.0,277.0,319.0,365.0,341.0,342.0,291.0,341.0,345.0,376.0,403.0,407.0,453.0,443.0,538.0,514.0,540.0,500.0,525.0,479.0,491.0,474.0,561.0,609.0,609.0,557.0,508.0,518.0,472.0,539.0,399.0,351.0,373.0,273.0,288.0,251.0,274.0,273.0,196.0,166.0,163.0,155.0,187.0,136.0,121.0,114.0,86.0,79.0,74.0,51.0,36.0,44.0,32.0,11.0,11.0,16.0,8.0,5.0,5.0,5.0,2.0
사하구,하단동,2020,2638056100,하단제1동,True,2.0,21792.0,False,2023.0,9.283223201174742,7439.0,34.13638032305433,8634.0,39.62004405286344,3696.0,16.96035242290749,83.0,90.0,97.0,114.0,99.0,156.0,138.0,150.0,157.0,166.0,147.0,163.0,158.0,159.0,146.0,133.0,171.0,198.0,184.0,238.0,271.0,296.0,330.0,363.0,406.0,392.0,395.0,405.0,416.0,370.0,310.0,320.0,279.0,261.0,250.0,238.0,267.0,309.0,297.0,340.0,300.0,296.0,261.0,260.0,252.0,292.0,319.0,332.0,320.0,360.0,354.0,380.0,354.0,363.0,320.0,362.0,354.0,365.0,407.0,399.0,436.0,392.0,427.0,399.0,330.0,346.0,298.0,247.0,279.0,193.0,211.0,238.0,198.0,210.0,162.0,115.0,143.0,125.0,129.0,102.0,112.0,99.0,95.0,84.0,51.0,47.0,51.0,33.0,23.0,22.0,19.0,9.0,16.0,10.0,3.0,3.0,8.0,3.0,0.0,2.0,10.0
사하구,하단동,2020,2638056200,하단제2동,True,2.0,25446.0,False,2332.0,9.164505226754695,9409.0,36.97634205769079,9798.0,38.50506955906626,3907.0,15.35408315648825,90.0,122.0,120.0,131.0,151.0,184.0,162.0,165.0,173.0,162.0,151.0,193.0,186.0,178.0,164.0,184.0,202.0,206.0,263.0,296.0,453.0,420.0,610.0,600.0,575.0,536.0,519.0,442.0,453.0,461.0,331.0,315.0,322.0,306.0,288.0,273.0,296.0,307.0,349.0,402.0,376.0,354.0,314.0,297.0,314.0,336.0,366.0,397.0,366.0,391.0,431.0,435.0,437.0,427.0,411.0,397.0,373.0,384.0,416.0,467.0,491.0,402.0,372.0,440.0,404.0,352.0,319.0,267.0,281.0,218.0,230.0,220.0,194.0,212.0,181.0,158.0,157.0,139.0,152.0,127.0,110.0,99.0,96.0,77.0,61.0,50.0,36.0,39.0,37.0,19.0,18.0,17.0,6.0,9.0,4.0,5.0,6.0,4.0,1.0,2.0,4.0
사하구,하단동,2021,2638056100,하단제1동,True,2.0,21531.0,False,1918.0,8.908086015512517,7155.0,33.2311550787237,8562.0,39.76591890762157,3896.0,18.094839998142213,63.0,81.0,85.0,94.0,108.0,97.0,160.0,133.0,155.0,158.0,162.0,152.0,160.0,151.0,159.0,139.0,126.0,173.0,204.0,198.0,246.0,285.0,315.0,331.0,365.0,396.0,386.0,390.0,388.0,400.0,357.0,319.0,307.0,258.0,241.0,248.0,229.0,260.0,298.0,296.0,330.0,299.0,290.0,277.0,263.0,250.0,288.0,314.0,313.0,311.0,358.0,363.0,382.0,348.0,365.0,320.0,343.0,352.0,356.0,402.0,393.0,426.0,400.0,423.0,396.0,326.0,347.0,298.0,243.0,278.0,185.0,204.0,236.0,185.0,197.0,153.0,115.0,139.0,123.0,124.0,97.0,107.0,89.0,88.0,84.0,52.0,46.0,47.0,30.0,21.0,19.0,17.0,7.0,17.0,8.0,3.0,2.0,5.0,2.0,0.0,2.0
사하구,하단동,2021,2638056200,하단제2동,True,2.0,25356.0,False,2216.0,8.739548824735763,9395.0,37.05237419151285,9604.0,37.87663669348478,4141.0,16.331440290266602,101.0,95.0,121.0,117.0,120.0,147.0,168.0,149.0,155.0,171.0,162.0,156.0,191.0,185.0,178.0,164.0,189.0,205.0,204.0,324.0,363.0,508.0,619.0,655.0,622.0,551.0,501.0,467.0,406.0,433.0,437.0,341.0,312.0,312.0,302.0,261.0,273.0,292.0,302.0,352.0,387.0,365.0,338.0,316.0,296.0,326.0,330.0,363.0,391.0,366.0,380.0,430.0,416.0,437.0,430.0,404.0,394.0,363.0,371.0,407.0,436.0,480.0,387.0,373.0,418.0,396.0,361.0,302.0,256.0,279.0,220.0,225.0,208.0,178.0,205.0,175.0,154.0,146.0,137.0,149.0,125.0,100.0,91.0,94.0,66.0,53.0,42.0,35.0,31.0,30.0,19.0,14.0,17.0,8.0,5.0,4.0,4.0,5.0,3.0,0.0,4.0
사하구,하단동,2022,2638056100,하단제1동,True,2.0,21541.0,False,1808.0,8.39329650434056,7149.0,33.187874286244835,8407.0,39.02790028318091,4177.0,19.39092892623369,63.0,66.0,80.0,80.0,97.0,107.0,110.0,163.0,132.0,161.0,144.0,164.0,142.0,152.0,147.0,157.0,143.0,128.0,176.0,226.0,215.0,257.0,302.0,338.0,372.0,378.0,406.0,392.0,423.0,386.0,376.0,343.0,322.0,292.0,252.0,234.0,243.0,237.0,257.0,294.0,311.0,353.0,302.0,286.0,269.0,258.0,254.0,287.0,306.0,312.0,309.0,351.0,360.0,373.0,341.0,353.0,327.0,341.0,353.0,343.0,400.0,384.0,416.0,401.0,417.0,386.0,324.0,337.0,295.0,248.0,268.0,187.0,198.0,233.0,191.0,192.0,150.0,112.0,137.0,117.0,122.0,94.0,100.0,84.0,77.0,73.0,47.0,43.0,42.0,29.0,17.0,17.0,16.0,7.0,13.0,8.0,3.0,2.0,5.0,3.0,0.0
사하구,하단동,2022,2638056200,하단제2동,True,2.0,25252.0,False,2102.0,8.324093141137336,9366.0,37.09013147473468,9379.0,37.141612545540944,4405.0,17.444162838587044,104.0,108.0,91.0,107.0,113.0,110.0,149.0,160.0,149.0,156.0,178.0,156.0,159.0,183.0,179.0,182.0,161.0,187.0,199.0,307.0,370.0,457.0,680.0,713.0,629.0,534.0,473.0,492.0,430.0,407.0,431.0,420.0,306.0,304.0,308.0,300.0,254.0,256.0,279.0,287.0,337.0,372.0,361.0,320.0,301.0,281.0,343.0,323.0,366.0,373.0,347.0,369.0,426.0,417.0,432.0,422.0,400.0,376.0,363.0,370.0,406.0,439.0,486.0,379.0,370.0,419.0,379.0,355.0,293.0,257.0,277.0,221.0,217.0,206.0,177.0,198.0,170.0,155.0,138.0,131.0,143.0,117.0,96.0,82.0,90.0,63.0,47.0,38.0,29.0,23.0,25.0,14.0,12.0,10.0,6.0,4.0,2.0,3.0,3.0,3.0,2.0
사하구,하단동,2023,2638056100,하단제1동,True,2.0,21427.0,False,1704.0,7.952583189433891,6971.0,32.53371913940356,8250.0,38.50282354039296,4502.0,21.01087413076959,71.0,57.0,65.0,80.0,80.0,98.0,114.0,100.0,156.0,123.0,160.0,142.0,167.0,139.0,152.0,145.0,160.0,144.0,128.0,192.0,238.0,228.0,276.0,312.0,358.0,360.0,389.0,409.0,392.0,391.0,382.0,368.0,325.0,290.0,283.0,254.0,218.0,235.0,244.0,250.0,292.0,304.0,348.0,306.0,281.0,266.0,266.0,256.0,284.0,301.0,305.0,309.0,357.0,360.0,386.0,346.0,348.0,320.0,344.0,350.0,346.0,399.0,385.0,405.0,386.0,413.0,379.0,318.0,338.0,296.0,249.0,259.0,183.0,189.0,237.0,187.0,196.0,144.0,109.0,130.0,118.0,119.0,93.0,102.0,79.0,73.0,67.0,44.0,39.0,37.0,29.0,15.0,14.0,12.0,6.0,11.0,5.0,4.0,1.0,4.0,3.0
사하구,하단동,2023,2638056200,하단제2동,True,2.0,25147.0,False,1929.0,7.670895136596811,9367.0,37.24897602099654,9187.0,36.53318487294707,4664.0,18.546943969459576,81.0,97.0,96.0,85.0,103.0,107.0,101.0,143.0,153.0,148.0,149.0,183.0,155.0,149.0,179.0,184.0,180.0,172.0,184.0,301.0,363.0,458.0,646.0,737.0,700.0,571.0,450.0,474.0,445.0,417.0,382.0,404.0,375.0,288.0,291.0,306.0,287.0,237.0,243.0,272.0,264.0,312.0,377.0,350.0,322.0,293.0,283.0,337.0,317.0,368.0,380.0,348.0,371.0,423.0,405.0,434.0,417.0,392.0,370.0,346.0,374.0,418.0,435.0,474.0,377.0,371.0,413.0,373.0,352.0,276.0,258.0,271.0,215.0,212.0,207.0,182.0,193.0,170.0,149.0,142.0,127.0,130.0,111.0,94.0,80.0,85.0,60.0,41.0,40.0,24.0,21.0,20.0,13.0,9.0,7.0,4.0,5.0,1.0,1.0,2.0,5.0
사하구,하단동,2024,2638056100,하단제1동,True,2.0,20845.0,False,1541.0,7.392660110338211,6563.0,31.484768529623413,7993.0,38.34492684096906,4748.0,22.77764451906932,60.0,60.0,55.0,67.0,66.0,78.0,90.0,103.0,95.0,159.0,118.0,157.0,139.0,160.0,134.0,152.0,141.0,151.0,139.0,150.0,203.0,245.0,220.0,266.0,334.0,346.0,348.0,357.0,383.0,367.0,355.0,349.0,345.0,288.0,263.0,258.0,232.0,213.0,234.0,224.0,240.0,280.0,291.0,331.0,303.0,269.0,274.0,257.0,258.0,284.0,294.0,306.0,304.0,340.0,368.0,372.0,343.0,357.0,324.0,341.0,342.0,344.0,389.0,380.0,402.0,383.0,405.0,371.0,315.0,336.0,294.0,251.0,256.0,178.0,189.0,231.0,186.0,193.0,153.0,101.0,119.0,115.0,112.0,85.0,94.0,70.0,67.0,64.0,34.0,34.0,34.0,22.0,13.0,12.0,8.0,5.0,8.0,4.0,1.0,0.0,5.0
사하구,하단동,2024,2638056200,하단제2동,True,2.0,24809.0,False,1731.0,6.977306622596639,9196.0,37.06719335724939,8984.0,36.2126647587569,4898.0,19.742835261397072,74.0,69.0,87.0,84.0,81.0,87.0,103.0,102.0,136.0,147.0,146.0,147.0,176.0,147.0,145.0,172.0,178.0,178.0,173.0,299.0,362.0,428.0,643.0,696.0,741.0,582.0,483.0,397.0,445.0,386.0,399.0,365.0,379.0,342.0,274.0,271.0,285.0,257.0,226.0,235.0,263.0,278.0,305.0,368.0,334.0,325.0,289.0,289.0,337.0,314.0,370.0,382.0,350.0,375.0,412.0,398.0,426.0,412.0,391.0,353.0,338.0,375.0,402.0,437.0,461.0,370.0,353.0,393.0,369.0,353.0,274.0,254.0,271.0,210.0,205.0,205.0,182.0,193.0,166.0,146.0,139.0,126.0,118.0,105.0,86.0,77.0,77.0,54.0,37.0,45.0,23.0,19.0,14.0,11.0,9.0,4.0,2.0,2.0,1.0,1.0,4.0
해운대구,반여동,2020,2635057000,반여제1동,True,4.0,35333.0,False,4644.0,13.143520221888886,10191.0,28.842724931367275,15336.0,43.40418305833074,5162.0,14.6095717884131,149.0,166.0,204.0,218.0,246.0,288.0,301.0,334.0,371.0,369.0,380.0,359.0,416.0,429.0,414.0,404.0,426.0,459.0,462.0,485.0,526.0,499.0,431.0,457.0,447.0,388.0,419.0,367.0,353.0,359.0,317.0,315.0,293.0,338.0,338.0,349.0,366.0,412.0,463.0,518.0,563.0,575.0,471.0,575.0,599.0,637.0,704.0,706.0,706.0,783.0,708.0,657.0,701.0,636.0,595.0,598.0,556.0,577.0,638.0,624.0,631.0,605.0,526.0,498.0,467.0,482.0,381.0,363.0,406.0,310.0,288.0,308.0,273.0,276.0,204.0,154.0,163.0,182.0,201.0,161.0,125.0,146.0,103.0,93.0,102.0,81.0,76.0,62.0,46.0,37.0,33.0,21.0,24.0,20.0,13.0,8.0,8.0,1.0,5.0,2.0,4.0
해운대구,반여동,2020,2635058000,반여제2동,True,4.0,13306.0,False,760.0,5.711709003457087,3492.0,26.243799789568616,5670.0,42.61235532842327,3384.0,25.43213587855103,59.0,52.0,48.0,53.0,53.0,63.0,37.0,40.0,54.0,51.0,42.0,51.0,55.0,44.0,58.0,65.0,71.0,83.0,98.0,107.0,139.0,112.0,129.0,155.0,164.0,168.0,161.0,150.0,146.0,157.0,171.0,177.0,155.0,140.0,149.0,156.0,154.0,155.0,166.0,164.0,164.0,162.0,152.0,157.0,145.0,158.0,194.0,200.0,225.0,221.0,236.0,239.0,257.0,223.0,247.0,217.0,248.0,250.0,246.0,298.0,323.0,273.0,278.0,280.0,277.0,292.0,229.0,202.0,222.0,198.0,183.0,184.0,200.0,189.0,130.0,122.0,146.0,131.0,157.0,132.0,105.0,92.0,70.0,72.0,68.0,58.0,30.0,39.0,37.0,23.0,14.0,10.0,10.0,4.0,5.0,6.0,5.0,2.0,1.0,1.0,15.0
해운대구,반여동,2020,2635059000,반여제3동,True,4.0,9017.0,False,462.0,5.123655317733171,2136.0,23.688588222246867,3952.0,43.828324276366864,2467.0,27.359432183653094,15.0,19.0,17.0,22.0,34.0,26.0,24.0,24.0,35.0,37.0,48.0,38.0,35.0,39.0,49.0,55.0,46.0,69.0,73.0,79.0,95.0,87.0,99.0,93.0,114.0,87.0,105.0,95.0,108.0,108.0,83.0,86.0,70.0,71.0,80.0,59.0,72.0,85.0,116.0,101.0,99.0,113.0,91.0,81.0,92.0,110.0,141.0,123.0,149.0,156.0,153.0,174.0,166.0,165.0,177.0,140.0,174.0,189.0,197.0,208.0,233.0,210.0,193.0,225.0,193.0,194.0,185.0,149.0,165.0,134.0,137.0,140.0,107.0,132.0,99.0,75.0,103.0,113.0,109.0,103.0,98.0,68.0,61.0,51.0,51.0,43.0,31.0,29.0,29.0,5.0,10.0,16.0,5.0,10.0,3.0,2.0,2.0,0.0,1.0,1.0,6.0
해운대구,반여동,2020,2635059500,반여제4동,True,4.0,16489.0,False,2029.0,12.30517314573352,5007.0,30.36569834435078,7068.0,42.864940263205774,2385.0,14.464188246709927,104.0,96.0,116.0,114.0,121.0,161.0,141.0,155.0,133.0,151.0,151.0,144.0,139.0,169.0,134.0,146.0,151.0,177.0,174.0,197.0,212.0,224.0,191.0,218.0,233.0,227.0,218.0,205.0,214.0,194.0,184.0,192.0,158.0,169.0,169.0,193.0,195.0,212.0,258.0,296.0,261.0,264.0,224.0,261.0,207.0,255.0,283.0,274.0,288.0,311.0,295.0,292.0,328.0,321.0,302.0,279.0,287.0,263.0,317.0,312.0,333.0,313.0,270.0,249.0,279.0,275.0,203.0,191.0,191.0,141.0,151.0,142.0,138.0,105.0,92.0,80.0,74.0,71.0,81.0,81.0,69.0,48.0,35.0,33.0,34.0,24.0,29.0,23.0,16.0,13.0,5.0,10.0,11.0,3.0,6.0,3.0,3.0,0.0,0.0,2.0,2.0
해운대구,반여동,2021,2635057000,반여제1동,True,4.0,34538.0,False,4414.0,12.780126237767098,9678.0,28.021309861601715,15019.0,43.48543633099774,5427.0,15.713127569633448,146.0,170.0,183.0,209.0,224.0,256.0,297.0,309.0,324.0,376.0,365.0,378.0,344.0,410.0,423.0,414.0,388.0,426.0,444.0,439.0,464.0,497.0,469.0,400.0,424.0,403.0,344.0,385.0,344.0,321.0,341.0,305.0,316.0,300.0,336.0,332.0,353.0,373.0,407.0,453.0,510.0,560.0,571.0,471.0,577.0,584.0,621.0,694.0,693.0,677.0,765.0,689.0,663.0,679.0,614.0,583.0,582.0,541.0,560.0,603.0,592.0,615.0,590.0,508.0,477.0,461.0,473.0,380.0,355.0,395.0,303.0,281.0,305.0,265.0,265.0,199.0,152.0,163.0,173.0,192.0,154.0,123.0,139.0,94.0,94.0,86.0,76.0,70.0,59.0,37.0,32.0,30.0,13.0,21.0,15.0,10.0,4.0,3.0,1.0,1.0,3.0
해운대구,반여동,2021,2635058000,반여제2동,True,4.0,12677.0,False,695.0,5.482369645815256,3182.0,25.10057584602035,5332.0,42.0604243906287,3468.0,27.35663011753569,41.0,51.0,44.0,48.0,45.0,54.0,52.0,39.0,38.0,50.0,53.0,40.0,45.0,53.0,42.0,54.0,61.0,68.0,83.0,88.0,95.0,134.0,106.0,129.0,151.0,151.0,152.0,159.0,150.0,128.0,142.0,148.0,181.0,137.0,127.0,150.0,145.0,138.0,148.0,157.0,156.0,157.0,153.0,147.0,151.0,142.0,145.0,195.0,195.0,213.0,222.0,217.0,229.0,254.0,214.0,234.0,203.0,241.0,235.0,244.0,278.0,303.0,269.0,264.0,271.0,275.0,274.0,222.0,197.0,204.0,193.0,186.0,182.0,198.0,177.0,122.0,116.0,146.0,123.0,146.0,125.0,95.0,84.0,68.0,71.0,61.0,48.0,25.0,35.0,32.0,20.0,13.0,7.0,9.0,3.0,3.0,3.0,3.0,0.0,0.0,2.0
해운대구,반여동,2021,2635059000,반여제3동,True,4.0,8559.0,False,388.0,4.533239864470149,1963.0,22.93492230400748,3706.0,43.29945087042879,2502.0,29.232386961093585,9.0,15.0,16.0,13.0,21.0,27.0,22.0,22.0,22.0,35.0,32.0,45.0,35.0,36.0,38.0,48.0,49.0,41.0,68.0,67.0,85.0,94.0,81.0,96.0,101.0,108.0,84.0,89.0,89.0,101.0,95.0,77.0,68.0,68.0,61.0,73.0,56.0,74.0,74.0,116.0,95.0,94.0,108.0,81.0,87.0,88.0,106.0,135.0,114.0,145.0,150.0,143.0,168.0,170.0,158.0,163.0,129.0,170.0,176.0,191.0,200.0,223.0,206.0,184.0,222.0,184.0,196.0,171.0,144.0,163.0,123.0,134.0,134.0,101.0,129.0,91.0,70.0,100.0,107.0,104.0,93.0,96.0,64.0,57.0,46.0,43.0,38.0,25.0,22.0,23.0,5.0,8.0,14.0,3.0,8.0,5.0,0.0,1.0,0.0,0.0,0.0
해운대구,반여동,2021,2635059500,반여제4동,True,4.0,16083.0,False,1973.0,12.267611763974385,4608.0,28.651371012870733,6908.0,42.952185537524095,2594.0,16.12883168563079,83.0,98.0,95.0,115.0,115.0,111.0,155.0,139.0,153.0,140.0,155.0,156.0,146.0,142.0,170.0,127.0,143.0,150.0,176.0,161.0,194.0,194.0,207.0,177.0,197.0,211.0,196.0,190.0,190.0,199.0,184.0,173.0,197.0,158.0,162.0,175.0,184.0,199.0,197.0,267.0,277.0,254.0,258.0,227.0,263.0,204.0,245.0,270.0,274.0,284.0,307.0,266.0,283.0,314.0,308.0,291.0,273.0,284.0,271.0,309.0,302.0,326.0,314.0,258.0,246.0,283.0,278.0,205.0,189.0,184.0,137.0,152.0,144.0,137.0,104.0,89.0,78.0,67.0,70.0,74.0,77.0,65.0,38.0,33.0,29.0,34.0,24.0,24.0,20.0,13.0,12.0,4.0,9.0,9.0,2.0,5.0,1.0,2.0,0.0,0.0,2.0
해운대구,반여동,2022,2635057000,반여제1동,True,4.0,34629.0,False,4264.0,12.313378959831356,9611.0,27.75419446128967,15008.0,43.33939761471599,5746.0,16.593028964162986,144.0,161.0,193.0,204.0,233.0,239.0,271.0,310.0,305.0,325.0,376.0,361.0,383.0,354.0,405.0,434.0,427.0,388.0,418.0,427.0,428.0,443.0,457.0,433.0,389.0,377.0,376.0,341.0,375.0,347.0,346.0,364.0,312.0,338.0,318.0,347.0,355.0,372.0,374.0,425.0,459.0,509.0,565.0,576.0,486.0,589.0,591.0,628.0,693.0,705.0,687.0,757.0,688.0,663.0,682.0,618.0,574.0,584.0,533.0,547.0,601.0,581.0,598.0,589.0,505.0,478.0,458.0,487.0,374.0,354.0,384.0,296.0,280.0,288.0,263.0,265.0,196.0,149.0,162.0,167.0,184.0,147.0,120.0,137.0,83.0,87.0,87.0,63.0,62.0,45.0,28.0,26.0,24.0,9.0,15.0,12.0,8.0,2.0,2.0,0.0,4.0
해운대구,반여동,2022,2635058000,반여제2동,True,4.0,12192.0,False,650.0,5.331364829396326,2879.0,23.613845144356954,5106.0,41.87992125984252,3557.0,29.1748687664042,36.0,44.0,46.0,39.0,46.0,43.0,42.0,50.0,39.0,31.0,48.0,51.0,35.0,46.0,54.0,43.0,59.0,58.0,65.0,83.0,82.0,86.0,121.0,102.0,118.0,130.0,130.0,154.0,139.0,149.0,127.0,132.0,144.0,163.0,128.0,122.0,140.0,144.0,118.0,142.0,144.0,161.0,152.0,153.0,153.0,144.0,136.0,137.0,193.0,192.0,208.0,218.0,213.0,219.0,253.0,209.0,222.0,197.0,235.0,236.0,238.0,276.0,298.0,260.0,259.0,266.0,271.0,266.0,208.0,188.0,197.0,182.0,177.0,178.0,189.0,172.0,115.0,112.0,140.0,122.0,136.0,118.0,87.0,83.0,68.0,64.0,54.0,43.0,20.0,30.0,24.0,17.0,7.0,5.0,9.0,3.0,1.0,3.0,1.0,0.0,1.0
해운대구,반여동,2022,2635059000,반여제3동,True,4.0,8209.0,False,342.0,4.166159093677671,1760.0,21.439883055183337,3513.0,42.794493848215374,2594.0,31.59946400292362,9.0,8.0,14.0,14.0,11.0,23.0,24.0,22.0,23.0,20.0,35.0,29.0,42.0,34.0,34.0,35.0,44.0,43.0,41.0,69.0,64.0,83.0,89.0,74.0,89.0,98.0,93.0,84.0,86.0,76.0,101.0,90.0,63.0,66.0,64.0,55.0,73.0,46.0,69.0,65.0,106.0,92.0,89.0,106.0,77.0,82.0,90.0,104.0,135.0,121.0,135.0,151.0,139.0,157.0,169.0,156.0,163.0,119.0,167.0,172.0,180.0,194.0,213.0,210.0,186.0,212.0,183.0,190.0,167.0,136.0,160.0,121.0,125.0,130.0,93.0,126.0,90.0,72.0,100.0,101.0,100.0,87.0,85.0,57.0,49.0,41.0,43.0,33.0,22.0,17.0,20.0,5.0,5.0,12.0,3.0,5.0,3.0,0.0,1.0,0.0,0.0
해운대구,반여동,2022,2635059500,반여제4동,True,4.0,15270.0,False,1841.0,12.056319580877538,4174.0,27.33464309102816,6615.0,43.32023575638507,2640.0,17.288801571709232,60.0,81.0,94.0,96.0,113.0,115.0,109.0,149.0,132.0,158.0,136.0,161.0,157.0,139.0,141.0,167.0,121.0,145.0,143.0,162.0,149.0,175.0,174.0,184.0,159.0,169.0,195.0,179.0,158.0,177.0,182.0,160.0,154.0,193.0,159.0,156.0,157.0,173.0,190.0,193.0,249.0,266.0,248.0,251.0,213.0,244.0,207.0,230.0,259.0,268.0,274.0,295.0,245.0,276.0,294.0,293.0,278.0,255.0,273.0,255.0,292.0,290.0,308.0,303.0,249.0,236.0,263.0,263.0,189.0,188.0,170.0,130.0,150.0,141.0,130.0,96.0,81.0,75.0,63.0,58.0,66.0,68.0,55.0,34.0,27.0,22.0,29.0,21.0,21.0,19.0,12.0,9.0,4.0,5.0,7.0,2.0,3.0,1.0,2.0,0.0,0.0
해운대구,반여동,2023,2635057000,반여제1동,True,4.0,34446.0,False,4075.0,11.8301108982175,9448.0,27.428438715670904,14869.0,43.16611507867387,6054.0,17.57533530743773,160.0,168.0,173.0,194.0,198.0,244.0,232.0,272.0,308.0,309.0,333.0,377.0,366.0,386.0,355.0,399.0,424.0,425.0,386.0,389.0,408.0,390.0,424.0,436.0,397.0,366.0,366.0,379.0,329.0,364.0,366.0,366.0,370.0,310.0,355.0,333.0,359.0,364.0,366.0,377.0,437.0,463.0,534.0,573.0,584.0,488.0,578.0,594.0,624.0,682.0,700.0,682.0,738.0,677.0,654.0,675.0,616.0,569.0,586.0,534.0,542.0,594.0,578.0,580.0,587.0,498.0,482.0,437.0,469.0,367.0,348.0,382.0,294.0,268.0,283.0,258.0,255.0,194.0,153.0,163.0,159.0,178.0,145.0,116.0,126.0,73.0,68.0,80.0,57.0,53.0,41.0,25.0,25.0,19.0,8.0,12.0,7.0,6.0,2.0,1.0,2.0
해운대구,반여동,2023,2635058000,반여제2동,True,4.0,11732.0,False,583.0,4.969314694851688,2591.0,22.08489601091033,4899.0,41.757586089328335,3659.0,31.188203204909648,38.0,26.0,34.0,45.0,36.0,32.0,34.0,39.0,52.0,41.0,33.0,45.0,48.0,37.0,43.0,62.0,43.0,58.0,53.0,65.0,80.0,74.0,79.0,112.0,93.0,95.0,129.0,118.0,145.0,132.0,136.0,124.0,122.0,134.0,146.0,110.0,112.0,128.0,128.0,113.0,140.0,134.0,157.0,153.0,153.0,155.0,144.0,136.0,142.0,187.0,183.0,201.0,215.0,217.0,203.0,241.0,205.0,218.0,199.0,230.0,238.0,226.0,276.0,290.0,256.0,253.0,262.0,271.0,250.0,210.0,191.0,193.0,178.0,173.0,170.0,186.0,160.0,109.0,106.0,137.0,114.0,122.0,113.0,79.0,75.0,64.0,54.0,46.0,40.0,17.0,25.0,21.0,13.0,6.0,5.0,8.0,3.0,1.0,2.0,1.0,1.0
해운대구,반여동,2023,2635059000,반여제3동,True,4.0,7853.0,False,304.0,3.8711320514453074,1595.0,20.31070928307653,3299.0,42.00942315038839,2655.0,33.80873551508977,7.0,10.0,9.0,14.0,15.0,11.0,22.0,23.0,18.0,23.0,18.0,30.0,30.0,41.0,33.0,33.0,39.0,42.0,42.0,32.0,65.0,65.0,70.0,86.0,64.0,73.0,87.0,89.0,74.0,79.0,78.0,95.0,78.0,61.0,57.0,50.0,52.0,73.0,48.0,63.0,67.0,102.0,88.0,87.0,91.0,72.0,78.0,86.0,100.0,135.0,115.0,137.0,148.0,132.0,158.0,170.0,148.0,152.0,117.0,167.0,166.0,175.0,192.0,210.0,206.0,184.0,208.0,180.0,189.0,167.0,133.0,152.0,117.0,123.0,130.0,84.0,123.0,87.0,67.0,90.0,93.0,94.0,77.0,71.0,53.0,45.0,38.0,41.0,27.0,22.0,13.0,15.0,6.0,5.0,11.0,3.0,4.0,1.0,1.0,1.0,0.0
해운대구,반여동,2023,2635059500,반여제4동,True,4.0,14870.0,False,1692.0,11.378614660390047,3944.0,26.52320107599193,6448.0,43.36247478143914,2786.0,18.735709482178883,65.0,59.0,70.0,89.0,96.0,107.0,107.0,99.0,143.0,129.0,153.0,131.0,155.0,152.0,137.0,140.0,159.0,123.0,144.0,133.0,153.0,146.0,157.0,160.0,167.0,142.0,155.0,189.0,170.0,167.0,174.0,180.0,156.0,143.0,175.0,153.0,159.0,146.0,168.0,185.0,190.0,238.0,252.0,239.0,245.0,208.0,244.0,203.0,215.0,259.0,261.0,270.0,289.0,247.0,283.0,283.0,294.0,267.0,253.0,274.0,253.0,293.0,289.0,302.0,297.0,241.0,227.0,257.0,255.0,186.0,180.0,166.0,130.0,150.0,137.0,130.0,94.0,78.0,73.0,63.0,57.0,62.0,62.0,51.0,32.0,25.0,18.0,25.0,17.0,21.0,14.0,10.0,8.0,2.0,6.0,5.0,2.0,0.0,1.0,1.0,0.0
해운대구,반여동,2024,2635057000,반여제1동,True,4.0,35467.0,False,4299.0,12.121126681140217,9678.0,27.28733752502326,14973.0,42.21670848958186,6517.0,18.37482730425466,208.0,172.0,213.0,224.0,227.0,216.0,288.0,258.0,292.0,321.0,335.0,353.0,399.0,391.0,402.0,372.0,412.0,437.0,428.0,355.0,373.0,397.0,364.0,398.0,409.0,371.0,349.0,360.0,370.0,350.0,396.0,396.0,441.0,411.0,344.0,389.0,381.0,381.0,392.0,402.0,406.0,487.0,489.0,562.0,623.0,631.0,512.0,602.0,608.0,638.0,677.0,710.0,703.0,729.0,663.0,642.0,672.0,617.0,564.0,583.0,535.0,552.0,605.0,586.0,577.0,587.0,508.0,491.0,435.0,461.0,367.0,343.0,388.0,287.0,260.0,280.0,255.0,250.0,193.0,155.0,159.0,157.0,166.0,134.0,111.0,117.0,59.0,60.0,71.0,55.0,51.0,35.0,19.0,20.0,15.0,7.0,8.0,7.0,3.0,1.0,2.0
해운대구,반여동,2024,2635058000,반여제2동,True,4.0,11290.0,False,537.0,4.756421612046059,2404.0,21.29317980513729,4609.0,40.823737821080606,3740.0,33.12666076173605,32.0,33.0,29.0,27.0,41.0,32.0,25.0,32.0,37.0,52.0,36.0,30.0,40.0,53.0,38.0,44.0,56.0,45.0,60.0,56.0,56.0,71.0,67.0,86.0,111.0,99.0,90.0,114.0,114.0,137.0,123.0,124.0,112.0,132.0,124.0,133.0,103.0,112.0,119.0,116.0,105.0,130.0,120.0,150.0,146.0,138.0,146.0,140.0,132.0,139.0,189.0,167.0,196.0,206.0,217.0,192.0,229.0,208.0,209.0,194.0,221.0,234.0,233.0,276.0,292.0,253.0,242.0,254.0,262.0,248.0,206.0,181.0,193.0,168.0,171.0,166.0,182.0,159.0,105.0,101.0,127.0,106.0,116.0,106.0,74.0,66.0,55.0,43.0,42.0,37.0,13.0,22.0,15.0,10.0,6.0,4.0,5.0,0.0,0.0,1.0,1.0
해운대구,반여동,2024,2635059000,반여제3동,True,4.0,7447.0,False,246.0,3.303343628306701,1443.0,19.376930307506377,3034.0,40.74123808244931,2724.0,36.57848798173761,6.0,6.0,9.0,9.0,13.0,12.0,9.0,16.0,19.0,16.0,22.0,17.0,24.0,26.0,42.0,34.0,31.0,37.0,39.0,38.0,32.0,61.0,56.0,58.0,77.0,56.0,71.0,81.0,77.0,70.0,72.0,67.0,86.0,70.0,61.0,50.0,51.0,55.0,65.0,48.0,56.0,60.0,96.0,84.0,83.0,89.0,69.0,76.0,80.0,93.0,126.0,111.0,124.0,148.0,127.0,149.0,161.0,139.0,147.0,120.0,160.0,166.0,174.0,188.0,208.0,204.0,175.0,207.0,179.0,177.0,160.0,131.0,150.0,114.0,115.0,122.0,83.0,116.0,82.0,62.0,84.0,85.0,90.0,70.0,62.0,48.0,40.0,35.0,34.0,26.0,20.0,12.0,13.0,5.0,4.0,9.0,3.0,4.0,1.0,1.0,1.0
해운대구,반여동,2024,2635059500,반여제4동,True,4.0,14505.0,False,1546.0,10.65839365735953,3742.0,25.79800068941744,6207.0,42.79214064115822,3010.0,20.75146501206481,58.0,62.0,53.0,62.0,86.0,84.0,89.0,103.0,91.0,140.0,128.0,156.0,134.0,150.0,150.0,136.0,138.0,157.0,120.0,137.0,122.0,132.0,130.0,146.0,146.0,156.0,135.0,147.0,178.0,157.0,164.0,185.0,185.0,152.0,148.0,162.0,138.0,150.0,155.0,166.0,173.0,178.0,229.0,247.0,235.0,244.0,203.0,235.0,197.0,213.0,255.0,255.0,264.0,280.0,246.0,279.0,273.0,291.0,263.0,248.0,278.0,244.0,293.0,285.0,299.0,290.0,234.0,229.0,250.0,255.0,181.0,179.0,161.0,128.0,142.0,136.0,125.0,91.0,77.0,72.0,57.0,56.0,57.0,61.0,49.0,34.0,25.0,16.0,26.0,17.0,20.0,11.0,11.0,7.0,2.0,6.0,3.0,1.0,0.0,1.0,0.0
해운대구,우동,2020,2635051000,우제1동,True,3.0,23031.0,False,2041.0,8.861968650948722,6895.0,29.93790977378316,9396.0,40.79718640093787,4699.0,20.40293517433025,96.0,101.0,122.0,98.0,138.0,152.0,124.0,162.0,157.0,155.0,149.0,139.0,157.0,160.0,131.0,151.0,156.0,176.0,175.0,205.0,245.0,290.0,276.0,277.0,308.0,324.0,313.0,371.0,320.0,327.0,322.0,297.0,260.0,256.0,279.0,283.0,286.0,303.0,334.0,361.0,341.0,330.0,299.0,300.0,308.0,295.0,356.0,403.0,414.0,428.0,396.0,413.0,403.0,378.0,373.0,362.0,363.0,391.0,404.0,388.0,466.0,421.0,376.0,416.0,372.0,405.0,332.0,286.0,333.0,250.0,249.0,307.0,284.0,258.0,194.0,171.0,182.0,173.0,204.0,141.0,141.0,130.0,98.0,95.0,88.0,75.0,54.0,48.0,31.0,36.0,22.0,28.0,14.0,18.0,8.0,4.0,3.0,8.0,2.0,1.0,26.0
해운대구,우동,2020,2635052000,우제2동,True,3.0,31196.0,False,4377.0,14.030644954481344,9045.0,28.994101807924093,12999.0,41.668803692781125,4775.0,15.306449544813438,177.0,224.0,253.0,274.0,320.0,318.0,315.0,333.0,356.0,303.0,284.0,296.0,312.0,328.0,284.0,282.0,317.0,337.0,340.0,387.0,406.0,392.0,355.0,388.0,336.0,365.0,335.0,335.0,300.0,320.0,248.0,281.0,332.0,322.0,358.0,360.0,433.0,443.0,536.0,537.0,542.0,524.0,420.0,505.0,464.0,489.0,576.0,552.0,612.0,644.0,627.0,651.0,589.0,568.0,470.0,490.0,514.0,477.0,516.0,497.0,520.0,476.0,428.0,429.0,419.0,396.0,359.0,308.0,318.0,261.0,274.0,256.0,246.0,252.0,204.0,172.0,192.0,148.0,182.0,160.0,157.0,131.0,125.0,104.0,94.0,94.0,67.0,52.0,39.0,27.0,32.0,33.0,29.0,12.0,16.0,5.0,9.0,3.0,5.0,5.0,8.0
해운대구,우동,2020,2635052500,우제3동,True,3.0,28674.0,False,4503.0,15.704122201297343,7863.0,27.42205482318477,12032.0,41.96135872218735,4276.0,14.912464253330544,149.0,200.0,226.0,242.0,292.0,350.0,334.0,351.0,372.0,352.0,346.0,313.0,322.0,314.0,340.0,284.0,309.0,311.0,282.0,312.0,318.0,322.0,307.0,281.0,284.0,287.0,288.0,263.0,265.0,269.0,255.0,276.0,274.0,279.0,310.0,320.0,355.0,447.0,470.0,495.0,527.0,506.0,414.0,482.0,460.0,475.0,527.0,526.0,513.0,540.0,514.0,543.0,478.0,498.0,420.0,448.0,441.0,474.0,490.0,531.0,494.0,445.0,445.0,455.0,386.0,395.0,324.0,300.0,292.0,239.0,220.0,237.0,253.0,197.0,188.0,161.0,128.0,154.0,155.0,149.0,125.0,124.0,98.0,82.0,94.0,68.0,59.0,52.0,40.0,30.0,23.0,23.0,19.0,11.0,12.0,7.0,5.0,2.0,4.0,2.0,4.0
해운대구,우동,2021,2635051000,우제1동,True,3.0,22426.0,False,1967.0,8.771069294568804,6527.0,29.104610719700347,9171.0,40.89449745830732,4761.0,21.22982252742353,95.0,101.0,96.0,119.0,96.0,146.0,130.0,125.0,156.0,158.0,146.0,145.0,142.0,155.0,157.0,125.0,158.0,153.0,181.0,166.0,207.0,245.0,300.0,287.0,267.0,312.0,307.0,319.0,374.0,323.0,312.0,309.0,271.0,261.0,249.0,270.0,256.0,288.0,284.0,303.0,346.0,335.0,315.0,298.0,287.0,300.0,290.0,349.0,388.0,406.0,434.0,388.0,389.0,402.0,371.0,371.0,346.0,357.0,381.0,399.0,376.0,465.0,409.0,366.0,403.0,353.0,402.0,321.0,274.0,324.0,243.0,241.0,289.0,273.0,240.0,180.0,157.0,168.0,165.0,186.0,130.0,127.0,124.0,94.0,86.0,78.0,66.0,48.0,49.0,26.0,30.0,19.0,21.0,12.0,16.0,8.0,4.0,2.0,2.0,1.0,2.0
해운대구,우동,2021,2635052000,우제2동,True,3.0,30613.0,False,4322.0,14.118185084767909,8528.0,27.857446182994156,12843.0,41.952765165125925,4920.0,16.07160356711201,153.0,197.0,229.0,272.0,283.0,328.0,331.0,325.0,337.0,351.0,301.0,291.0,294.0,306.0,324.0,283.0,285.0,315.0,318.0,323.0,360.0,392.0,362.0,329.0,362.0,301.0,326.0,289.0,323.0,295.0,290.0,254.0,290.0,347.0,329.0,352.0,361.0,437.0,465.0,540.0,518.0,541.0,518.0,408.0,501.0,454.0,473.0,590.0,552.0,589.0,612.0,596.0,631.0,564.0,563.0,449.0,498.0,497.0,469.0,507.0,495.0,496.0,474.0,431.0,417.0,404.0,389.0,348.0,292.0,308.0,245.0,258.0,245.0,244.0,242.0,196.0,168.0,187.0,143.0,172.0,156.0,138.0,125.0,116.0,91.0,79.0,86.0,63.0,45.0,35.0,21.0,27.0,27.0,26.0,8.0,14.0,6.0,7.0,1.0,3.0,5.0
해운대구,우동,2021,2635052500,우제3동,True,3.0,28855.0,False,4563.0,15.813550511176572,7592.0,26.310864668168428,12167.0,42.16600242592272,4533.0,15.709582394732282,148.0,172.0,223.0,255.0,271.0,322.0,398.0,352.0,365.0,386.0,361.0,349.0,323.0,315.0,323.0,347.0,275.0,301.0,318.0,267.0,298.0,302.0,301.0,297.0,261.0,256.0,261.0,259.0,245.0,237.0,263.0,241.0,249.0,285.0,293.0,340.0,339.0,383.0,473.0,501.0,549.0,560.0,538.0,423.0,482.0,470.0,485.0,521.0,523.0,500.0,544.0,534.0,534.0,484.0,484.0,424.0,423.0,424.0,456.0,474.0,523.0,476.0,458.0,437.0,441.0,375.0,396.0,312.0,300.0,286.0,234.0,219.0,235.0,235.0,199.0,178.0,157.0,137.0,148.0,149.0,136.0,119.0,121.0,91.0,87.0,90.0,65.0,51.0,46.0,36.0,26.0,23.0,21.0,16.0,10.0,12.0,8.0,5.0,3.0,4.0,3.0
해운대구,우동,2022,2635051000,우제1동,True,3.0,21949.0,False,1999.0,9.107476422616063,6189.0,28.1971843819764,8893.0,40.51665223928197,4868.0,22.178686956125564,93.0,91.0,103.0,101.0,122.0,116.0,132.0,150.0,133.0,168.0,168.0,159.0,150.0,150.0,163.0,154.0,137.0,151.0,142.0,172.0,162.0,201.0,245.0,298.0,264.0,272.0,290.0,310.0,299.0,347.0,303.0,321.0,288.0,249.0,244.0,239.0,256.0,253.0,298.0,294.0,310.0,336.0,352.0,310.0,297.0,294.0,295.0,296.0,331.0,378.0,410.0,437.0,380.0,386.0,397.0,367.0,342.0,333.0,340.0,372.0,380.0,363.0,441.0,392.0,354.0,392.0,342.0,392.0,298.0,268.0,308.0,240.0,237.0,278.0,246.0,231.0,174.0,144.0,158.0,156.0,169.0,123.0,120.0,112.0,80.0,79.0,68.0,60.0,41.0,36.0,26.0,23.0,19.0,18.0,6.0,13.0,4.0,2.0,2.0,1.0,2.0
해운대구,우동,2022,2635052000,우제2동,True,3.0,30274.0,False,4163.0,13.751073528440246,8110.0,26.78866353967101,12829.0,42.37629649203937,5172.0,17.083966439849377,159.0,164.0,201.0,220.0,265.0,293.0,324.0,327.0,313.0,336.0,352.0,302.0,290.0,299.0,318.0,327.0,286.0,289.0,318.0,303.0,321.0,337.0,365.0,323.0,316.0,330.0,278.0,292.0,271.0,311.0,296.0,297.0,242.0,292.0,342.0,356.0,350.0,387.0,425.0,456.0,552.0,518.0,519.0,519.0,431.0,498.0,447.0,455.0,602.0,563.0,587.0,608.0,575.0,604.0,566.0,534.0,455.0,478.0,483.0,462.0,509.0,478.0,492.0,465.0,429.0,408.0,400.0,380.0,339.0,283.0,306.0,245.0,260.0,243.0,240.0,235.0,191.0,165.0,180.0,139.0,161.0,147.0,135.0,122.0,113.0,90.0,73.0,82.0,54.0,35.0,25.0,20.0,24.0,25.0,19.0,6.0,12.0,4.0,5.0,1.0,5.0
해운대구,우동,2022,2635052500,우제3동,True,3.0,28384.0,False,4412.0,15.543968432919955,7061.0,24.876691093573843,12068.0,42.51691093573845,4843.0,17.062429537767756,136.0,162.0,167.0,232.0,267.0,279.0,335.0,393.0,361.0,367.0,385.0,356.0,346.0,314.0,312.0,323.0,332.0,270.0,294.0,296.0,231.0,281.0,286.0,279.0,267.0,235.0,234.0,240.0,232.0,227.0,216.0,246.0,224.0,236.0,283.0,300.0,339.0,344.0,364.0,482.0,514.0,557.0,555.0,554.0,424.0,469.0,459.0,489.0,512.0,509.0,483.0,543.0,519.0,525.0,468.0,478.0,415.0,415.0,419.0,453.0,471.0,504.0,458.0,450.0,425.0,431.0,377.0,394.0,306.0,289.0,299.0,228.0,210.0,235.0,235.0,201.0,185.0,157.0,132.0,145.0,144.0,128.0,115.0,113.0,86.0,76.0,79.0,58.0,45.0,40.0,34.0,24.0,16.0,17.0,13.0,7.0,9.0,3.0,4.0,3.0,5.0
해운대구,우동,2023,2635051000,우제1동,True,3.0,22150.0,False,1983.0,8.952595936794582,6132.0,27.68397291196388,8998.0,40.62302483069978,5037.0,22.74040632054176,64.0,106.0,97.0,104.0,105.0,123.0,111.0,145.0,156.0,138.0,179.0,173.0,169.0,155.0,158.0,168.0,177.0,147.0,161.0,147.0,170.0,164.0,216.0,256.0,311.0,267.0,286.0,289.0,290.0,294.0,334.0,301.0,322.0,282.0,261.0,241.0,248.0,249.0,258.0,293.0,317.0,320.0,356.0,377.0,316.0,307.0,314.0,309.0,317.0,327.0,396.0,402.0,417.0,415.0,408.0,394.0,370.0,337.0,325.0,342.0,368.0,383.0,359.0,427.0,395.0,349.0,382.0,335.0,375.0,302.0,267.0,300.0,233.0,231.0,277.0,243.0,220.0,171.0,136.0,149.0,149.0,156.0,116.0,111.0,103.0,76.0,77.0,62.0,56.0,35.0,28.0,21.0,17.0,16.0,14.0,7.0,12.0,5.0,1.0,2.0,3.0
해운대구,우동,2023,2635052000,우제2동,True,3.0,30023.0,False,4014.0,13.36974985844186,7870.0,26.21323651866902,12727.0,42.3908336941678,5412.0,18.026179928721312,137.0,174.0,178.0,196.0,213.0,259.0,296.0,322.0,335.0,307.0,338.0,344.0,316.0,303.0,296.0,320.0,335.0,300.0,301.0,293.0,285.0,301.0,308.0,354.0,296.0,286.0,304.0,261.0,275.0,269.0,323.0,304.0,315.0,261.0,295.0,359.0,354.0,362.0,387.0,422.0,464.0,537.0,490.0,503.0,531.0,435.0,496.0,454.0,457.0,602.0,566.0,581.0,600.0,582.0,583.0,542.0,532.0,460.0,474.0,482.0,460.0,513.0,459.0,485.0,439.0,409.0,411.0,402.0,377.0,336.0,280.0,305.0,233.0,254.0,228.0,237.0,227.0,185.0,163.0,173.0,129.0,159.0,140.0,131.0,111.0,106.0,85.0,65.0,72.0,47.0,32.0,20.0,15.0,23.0,20.0,15.0,3.0,7.0,4.0,2.0,6.0
해운대구,우동,2023,2635052500,우제3동,True,3.0,28010.0,False,4297.0,15.340949660835417,6642.0,23.712959657265262,11947.0,42.652624062834704,5124.0,18.29346661906462,131.0,136.0,170.0,170.0,252.0,278.0,307.0,336.0,393.0,369.0,358.0,383.0,359.0,341.0,314.0,307.0,298.0,330.0,256.0,265.0,257.0,223.0,271.0,252.0,248.0,234.0,216.0,222.0,220.0,217.0,223.0,218.0,241.0,229.0,263.0,274.0,306.0,359.0,355.0,358.0,493.0,531.0,573.0,546.0,537.0,417.0,473.0,453.0,478.0,502.0,501.0,475.0,524.0,491.0,507.0,460.0,467.0,407.0,403.0,410.0,447.0,460.0,489.0,460.0,443.0,418.0,418.0,380.0,395.0,306.0,291.0,296.0,225.0,204.0,230.0,221.0,195.0,181.0,153.0,131.0,137.0,143.0,121.0,110.0,102.0,74.0,69.0,75.0,53.0,41.0,37.0,30.0,21.0,15.0,15.0,12.0,5.0,7.0,3.0,3.0,7.0
해운대구,우동,2024,2635051000,우제1동,True,3.0,23491.0,False,2223.0,9.463198671831766,6422.0,27.33812949640288,9519.0,40.5219020050232,5327.0,22.67676982674216,116.0,94.0,117.0,103.0,127.0,121.0,134.0,133.0,170.0,178.0,156.0,208.0,201.0,190.0,175.0,168.0,188.0,191.0,161.0,177.0,166.0,192.0,181.0,251.0,283.0,313.0,278.0,289.0,296.0,289.0,328.0,345.0,314.0,343.0,304.0,281.0,269.0,270.0,274.0,271.0,315.0,366.0,387.0,415.0,413.0,360.0,346.0,331.0,336.0,342.0,339.0,427.0,435.0,430.0,452.0,438.0,415.0,373.0,355.0,338.0,344.0,376.0,381.0,365.0,440.0,397.0,366.0,397.0,341.0,368.0,291.0,268.0,308.0,226.0,224.0,264.0,232.0,218.0,166.0,129.0,145.0,150.0,153.0,110.0,109.0,90.0,66.0,73.0,52.0,49.0,33.0,23.0,17.0,15.0,11.0,11.0,8.0,10.0,2.0,0.0,5.0
해운대구,우동,2024,2635052000,우제2동,True,3.0,29585.0,False,3890.0,13.148555010985296,7534.0,25.465607571404423,12486.0,42.20381950312658,5675.0,19.18201791448369,152.0,149.0,182.0,181.0,192.0,217.0,263.0,296.0,320.0,329.0,315.0,334.0,350.0,302.0,308.0,292.0,319.0,339.0,287.0,278.0,266.0,273.0,271.0,294.0,314.0,267.0,268.0,286.0,269.0,258.0,256.0,323.0,319.0,313.0,285.0,289.0,358.0,350.0,381.0,379.0,408.0,452.0,533.0,505.0,513.0,533.0,431.0,495.0,437.0,450.0,576.0,544.0,561.0,591.0,577.0,577.0,526.0,500.0,446.0,473.0,480.0,453.0,502.0,442.0,481.0,437.0,413.0,412.0,391.0,379.0,334.0,269.0,304.0,231.0,244.0,222.0,234.0,222.0,180.0,157.0,169.0,120.0,155.0,124.0,126.0,100.0,93.0,80.0,57.0,61.0,39.0,31.0,17.0,14.0,17.0,14.0,12.0,4.0,5.0,3.0,5.0
해운대구,우동,2024,2635052500,우제3동,True,3.0,27951.0,False,4196.0,15.011985259919143,6511.0,23.294336517477014,11777.0,42.1344495724661,5467.0,19.55922865013774,133.0,148.0,154.0,184.0,185.0,252.0,295.0,324.0,342.0,388.0,349.0,362.0,405.0,344.0,331.0,310.0,295.0,294.0,327.0,234.0,255.0,253.0,216.0,250.0,232.0,229.0,216.0,202.0,223.0,218.0,208.0,219.0,230.0,256.0,237.0,268.0,282.0,333.0,359.0,365.0,381.0,507.0,522.0,560.0,548.0,533.0,425.0,482.0,450.0,463.0,500.0,487.0,468.0,521.0,484.0,512.0,445.0,467.0,400.0,394.0,396.0,448.0,446.0,486.0,452.0,434.0,423.0,422.0,382.0,389.0,309.0,288.0,287.0,222.0,206.0,232.0,220.0,195.0,174.0,150.0,131.0,136.0,132.0,118.0,109.0,95.0,71.0,67.0,70.0,44.0,31.0,33.0,27.0,21.0,10.0,14.0,8.0,3.0,5.0,3.0,6.0
해운대구,좌동,2020,2635055100,좌제1동,True,4.0,18263.0,False,2207.0,12.084542517658656,6037.0,33.05590538246728,7536.0,41.26375732355035,2483.0,13.595794776323714,57.0,83.0,71.0,86.0,133.0,126.0,164.0,149.0,210.0,176.0,157.0,182.0,196.0,217.0,200.0,205.0,220.0,217.0,230.0,231.0,284.0,246.0,306.0,325.0,254.0,300.0,292.0,273.0,281.0,276.0,233.0,182.0,189.0,165.0,199.0,192.0,190.0,224.0,242.0,281.0,280.0,283.0,240.0,280.0,290.0,327.0,336.0,381.0,408.0,415.0,416.0,399.0,373.0,341.0,255.0,306.0,268.0,262.0,275.0,284.0,251.0,222.0,219.0,245.0,180.0,203.0,159.0,114.0,121.0,106.0,126.0,100.0,119.0,97.0,105.0,90.0,96.0,106.0,128.0,109.0,103.0,81.0,81.0,70.0,66.0,75.0,45.0,36.0,40.0,28.0,23.0,23.0,9.0,11.0,3.0,2.0,2.0,1.0,3.0,0.0,2.0
해운대구,좌동,2020,2635055200,좌제2동,True,4.0,32243.0,False,3412.0,10.582141860248736,11148.0,34.57494650001551,13069.0,40.53282883106411,4614.0,14.31008280867165,149.0,181.0,189.0,162.0,215.0,226.0,211.0,230.0,244.0,270.0,260.0,231.0,263.0,316.0,265.0,278.0,288.0,319.0,321.0,374.0,393.0,432.0,430.0,479.0,540.0,566.0,599.0,535.0,601.0,525.0,476.0,466.0,463.0,423.0,412.0,418.0,413.0,445.0,454.0,498.0,495.0,476.0,438.0,473.0,435.0,457.0,513.0,538.0,601.0,605.0,621.0,584.0,586.0,629.0,536.0,582.0,546.0,521.0,574.0,555.0,540.0,474.0,453.0,422.0,415.0,411.0,332.0,279.0,290.0,182.0,207.0,224.0,250.0,216.0,191.0,162.0,161.0,191.0,188.0,165.0,148.0,158.0,130.0,112.0,107.0,94.0,95.0,67.0,68.0,63.0,38.0,20.0,20.0,13.0,8.0,9.0,8.0,1.0,3.0,1.0,2.0
해운대구,좌동,2020,2635055300,좌제3동,True,4.0,16329.0,False,1897.0,11.617367873109192,4664.0,28.562679894665933,6863.0,42.029518035397146,2905.0,17.79043419682773,45.0,67.0,86.0,94.0,111.0,113.0,133.0,151.0,133.0,160.0,153.0,142.0,158.0,171.0,180.0,184.0,189.0,230.0,219.0,211.0,203.0,208.0,230.0,196.0,185.0,207.0,186.0,191.0,205.0,172.0,146.0,144.0,154.0,146.0,148.0,146.0,143.0,217.0,195.0,209.0,231.0,234.0,169.0,229.0,226.0,223.0,271.0,311.0,308.0,333.0,327.0,336.0,352.0,287.0,251.0,307.0,305.0,260.0,302.0,268.0,323.0,278.0,255.0,253.0,224.0,239.0,181.0,150.0,187.0,144.0,124.0,141.0,154.0,128.0,99.0,102.0,104.0,122.0,120.0,101.0,118.0,106.0,110.0,82.0,72.0,50.0,53.0,49.0,46.0,29.0,27.0,18.0,17.0,14.0,6.0,4.0,3.0,2.0,1.0,2.0,0.0
해운대구,좌동,2020,2635055400,좌제4동,True,4.0,23436.0,False,3190.0,13.611537805086192,6972.0,29.74910394265233,10062.0,42.93394777265745,3212.0,13.705410479604028,111.0,111.0,125.0,155.0,164.0,194.0,193.0,227.0,237.0,241.0,259.0,265.0,310.0,303.0,295.0,311.0,307.0,318.0,349.0,321.0,352.0,322.0,311.0,308.0,317.0,314.0,281.0,262.0,247.0,290.0,248.0,228.0,236.0,185.0,192.0,208.0,199.0,243.0,298.0,325.0,337.0,375.0,343.0,368.0,351.0,389.0,438.0,448.0,500.0,543.0,513.0,535.0,473.0,438.0,404.0,395.0,410.0,390.0,380.0,388.0,406.0,289.0,353.0,306.0,290.0,276.0,196.0,212.0,189.0,154.0,139.0,172.0,145.0,148.0,134.0,122.0,122.0,130.0,128.0,127.0,99.0,121.0,98.0,84.0,77.0,68.0,51.0,53.0,38.0,32.0,24.0,20.0,15.0,14.0,4.0,7.0,4.0,4.0,4.0,1.0,0.0
해운대구,좌동,2021,2635055100,좌제1동,True,4.0,18104.0,False,2113.0,11.6714538223597,5842.0,32.26911179849757,7527.0,41.57644719399028,2622.0,14.482987185152451,55.0,69.0,76.0,73.0,92.0,130.0,138.0,162.0,146.0,223.0,178.0,166.0,195.0,195.0,215.0,202.0,205.0,201.0,213.0,211.0,214.0,276.0,251.0,297.0,308.0,249.0,292.0,297.0,246.0,271.0,258.0,231.0,181.0,207.0,158.0,198.0,205.0,197.0,225.0,249.0,276.0,292.0,280.0,242.0,278.0,288.0,324.0,337.0,375.0,401.0,409.0,394.0,393.0,363.0,322.0,249.0,299.0,269.0,266.0,263.0,289.0,244.0,217.0,220.0,237.0,174.0,196.0,159.0,120.0,120.0,107.0,132.0,115.0,125.0,101.0,110.0,91.0,91.0,104.0,122.0,112.0,100.0,75.0,78.0,69.0,62.0,70.0,38.0,30.0,37.0,23.0,17.0,19.0,7.0,10.0,2.0,1.0,0.0,1.0,2.0,2.0
해운대구,좌동,2021,2635055200,좌제2동,True,4.0,32065.0,False,3334.0,10.39762981443942,10863.0,33.87806019023858,12990.0,40.51146109465149,4878.0,15.212848900670512,146.0,147.0,179.0,180.0,171.0,222.0,246.0,218.0,235.0,252.0,267.0,260.0,231.0,259.0,321.0,258.0,274.0,286.0,318.0,303.0,383.0,401.0,437.0,476.0,500.0,535.0,526.0,582.0,529.0,615.0,515.0,447.0,460.0,464.0,426.0,422.0,403.0,411.0,446.0,446.0,485.0,487.0,470.0,420.0,469.0,444.0,472.0,500.0,536.0,596.0,600.0,626.0,565.0,560.0,627.0,535.0,566.0,537.0,519.0,557.0,556.0,536.0,467.0,439.0,421.0,409.0,411.0,319.0,276.0,286.0,182.0,208.0,225.0,250.0,217.0,191.0,162.0,158.0,180.0,181.0,160.0,147.0,151.0,125.0,100.0,94.0,88.0,84.0,59.0,61.0,50.0,36.0,16.0,16.0,10.0,7.0,5.0,7.0,1.0,3.0,3.0
해운대구,좌동,2021,2635055300,좌제3동,True,4.0,16150.0,False,1837.0,11.374613003095975,4466.0,27.653250773993808,6762.0,41.86996904024768,3085.0,19.102167182662537,62.0,56.0,73.0,97.0,91.0,115.0,129.0,126.0,145.0,133.0,171.0,162.0,144.0,166.0,167.0,176.0,179.0,186.0,216.0,196.0,199.0,189.0,186.0,205.0,172.0,177.0,204.0,164.0,190.0,196.0,169.0,171.0,162.0,149.0,151.0,138.0,143.0,131.0,214.0,203.0,226.0,239.0,224.0,175.0,226.0,228.0,221.0,277.0,305.0,310.0,321.0,316.0,327.0,339.0,282.0,245.0,309.0,296.0,256.0,278.0,265.0,323.0,265.0,252.0,257.0,225.0,231.0,186.0,148.0,184.0,145.0,125.0,130.0,156.0,128.0,96.0,100.0,108.0,121.0,125.0,96.0,114.0,110.0,109.0,81.0,72.0,45.0,51.0,49.0,40.0,27.0,25.0,13.0,18.0,11.0,3.0,5.0,3.0,2.0,1.0,2.0
해운대구,좌동,2021,2635055400,좌제4동,True,4.0,23142.0,False,3096.0,13.378273269380347,6768.0,29.24552761213378,9894.0,42.75343531241898,3384.0,14.62276380606689,88.0,108.0,125.0,139.0,167.0,163.0,223.0,203.0,231.0,245.0,253.0,270.0,273.0,314.0,294.0,292.0,294.0,300.0,306.0,315.0,299.0,327.0,300.0,272.0,287.0,291.0,285.0,255.0,258.0,243.0,281.0,249.0,236.0,254.0,220.0,207.0,213.0,216.0,271.0,297.0,328.0,347.0,393.0,360.0,388.0,350.0,381.0,432.0,439.0,475.0,529.0,497.0,518.0,444.0,400.0,373.0,387.0,390.0,377.0,368.0,381.0,391.0,292.0,347.0,307.0,282.0,266.0,198.0,213.0,186.0,150.0,132.0,176.0,143.0,146.0,138.0,112.0,119.0,124.0,122.0,122.0,97.0,121.0,94.0,80.0,72.0,59.0,47.0,52.0,29.0,28.0,19.0,18.0,11.0,10.0,3.0,4.0,2.0,3.0,4.0,2.0
해운대구,좌동,2022,2635055100,좌제1동,True,4.0,17620.0,False,1964.0,11.146424517593644,5556.0,31.532349602724175,7363.0,41.78774120317821,2737.0,15.533484676503972,49.0,57.0,73.0,77.0,69.0,98.0,130.0,139.0,161.0,150.0,223.0,177.0,167.0,197.0,197.0,208.0,193.0,209.0,191.0,184.0,192.0,207.0,268.0,249.0,288.0,296.0,258.0,251.0,274.0,241.0,255.0,259.0,205.0,179.0,206.0,146.0,193.0,191.0,186.0,227.0,251.0,263.0,286.0,267.0,252.0,272.0,296.0,327.0,327.0,358.0,385.0,382.0,369.0,382.0,348.0,311.0,239.0,282.0,270.0,269.0,254.0,289.0,246.0,212.0,226.0,233.0,172.0,201.0,155.0,124.0,123.0,101.0,123.0,116.0,124.0,102.0,103.0,86.0,90.0,95.0,115.0,100.0,99.0,65.0,73.0,60.0,56.0,65.0,33.0,29.0,32.0,17.0,12.0,15.0,6.0,7.0,0.0,1.0,0.0,1.0,3.0
해운대구,좌동,2022,2635055200,좌제2동,True,4.0,31270.0,False,3054.0,9.766549408378635,10403.0,33.268308282699074,12714.0,40.65877838183562,5099.0,16.306363927086664,139.0,142.0,137.0,166.0,175.0,155.0,215.0,235.0,208.0,230.0,252.0,259.0,259.0,228.0,254.0,316.0,252.0,273.0,282.0,297.0,279.0,363.0,383.0,442.0,477.0,485.0,538.0,516.0,568.0,513.0,581.0,489.0,417.0,449.0,440.0,416.0,422.0,382.0,408.0,415.0,441.0,480.0,474.0,437.0,415.0,474.0,437.0,449.0,493.0,515.0,585.0,584.0,630.0,556.0,560.0,611.0,517.0,552.0,514.0,502.0,551.0,533.0,517.0,457.0,430.0,415.0,403.0,408.0,310.0,271.0,276.0,175.0,205.0,221.0,246.0,205.0,186.0,166.0,150.0,176.0,178.0,154.0,145.0,144.0,119.0,90.0,84.0,79.0,75.0,47.0,47.0,42.0,32.0,12.0,12.0,5.0,6.0,4.0,5.0,1.0,5.0
해운대구,좌동,2022,2635055300,좌제3동,True,4.0,15631.0,False,1717.0,10.984581920542512,4169.0,26.671358198451795,6502.0,41.5968268185017,3243.0,20.747233062504,66.0,71.0,61.0,68.0,94.0,99.0,124.0,125.0,122.0,142.0,129.0,158.0,162.0,135.0,161.0,168.0,168.0,173.0,174.0,191.0,181.0,184.0,172.0,168.0,175.0,161.0,163.0,185.0,151.0,179.0,180.0,175.0,169.0,147.0,139.0,149.0,132.0,151.0,133.0,201.0,201.0,222.0,235.0,224.0,168.0,221.0,228.0,214.0,261.0,300.0,299.0,303.0,306.0,311.0,312.0,270.0,235.0,299.0,277.0,245.0,276.0,262.0,316.0,267.0,250.0,255.0,226.0,230.0,184.0,154.0,182.0,144.0,122.0,130.0,153.0,126.0,95.0,98.0,105.0,120.0,117.0,94.0,110.0,100.0,96.0,76.0,65.0,38.0,49.0,46.0,35.0,23.0,23.0,10.0,13.0,10.0,3.0,5.0,2.0,2.0,2.0
해운대구,좌동,2022,2635055400,좌제4동,True,4.0,22661.0,False,2894.0,12.77083976876572,6515.0,28.749834517452893,9694.0,42.77834164423459,3558.0,15.7009840695468,93.0,88.0,107.0,128.0,137.0,160.0,178.0,220.0,201.0,229.0,241.0,248.0,274.0,277.0,313.0,291.0,290.0,293.0,292.0,284.0,289.0,288.0,302.0,273.0,259.0,269.0,262.0,262.0,221.0,241.0,244.0,261.0,262.0,236.0,252.0,214.0,204.0,224.0,231.0,271.0,302.0,331.0,340.0,391.0,357.0,368.0,343.0,370.0,418.0,445.0,461.0,521.0,498.0,503.0,437.0,391.0,353.0,380.0,378.0,366.0,362.0,369.0,382.0,282.0,346.0,308.0,278.0,263.0,189.0,199.0,183.0,142.0,133.0,176.0,140.0,144.0,136.0,110.0,115.0,122.0,124.0,120.0,85.0,113.0,88.0,76.0,68.0,52.0,44.0,44.0,24.0,22.0,12.0,15.0,11.0,8.0,3.0,2.0,1.0,3.0,5.0
해운대구,좌동,2023,2635055100,좌제1동,True,4.0,17395.0,False,1859.0,10.686979016958896,5351.0,30.76171313595861,7287.0,41.89134808853119,2898.0,16.65995975855131,56.0,51.0,59.0,83.0,77.0,71.0,99.0,134.0,144.0,156.0,159.0,220.0,180.0,166.0,204.0,197.0,205.0,195.0,206.0,181.0,187.0,181.0,208.0,270.0,229.0,275.0,289.0,249.0,262.0,254.0,232.0,226.0,233.0,216.0,178.0,191.0,151.0,165.0,191.0,180.0,205.0,257.0,274.0,271.0,274.0,255.0,283.0,284.0,322.0,321.0,365.0,380.0,377.0,371.0,380.0,346.0,304.0,221.0,275.0,274.0,263.0,265.0,278.0,241.0,201.0,234.0,230.0,166.0,201.0,149.0,126.0,125.0,98.0,117.0,115.0,120.0,101.0,102.0,89.0,94.0,90.0,110.0,100.0,93.0,70.0,69.0,57.0,53.0,56.0,28.0,23.0,30.0,13.0,11.0,14.0,4.0,6.0,0.0,1.0,0.0,3.0
해운대구,좌동,2023,2635055200,좌제2동,True,4.0,30735.0,False,2886.0,9.389946315275743,9937.0,32.33121848055962,12527.0,40.758093378884006,5385.0,17.520741825280624,126.0,117.0,150.0,128.0,153.0,163.0,162.0,211.0,228.0,212.0,233.0,244.0,263.0,262.0,234.0,255.0,304.0,244.0,266.0,273.0,298.0,271.0,363.0,405.0,450.0,479.0,469.0,531.0,500.0,517.0,498.0,559.0,451.0,410.0,424.0,404.0,412.0,403.0,367.0,384.0,408.0,421.0,477.0,474.0,423.0,404.0,474.0,440.0,459.0,490.0,494.0,550.0,573.0,617.0,552.0,567.0,590.0,514.0,545.0,505.0,499.0,545.0,537.0,524.0,445.0,430.0,418.0,405.0,407.0,303.0,268.0,275.0,177.0,204.0,218.0,244.0,205.0,182.0,161.0,140.0,176.0,170.0,146.0,141.0,138.0,107.0,86.0,71.0,72.0,65.0,39.0,42.0,33.0,22.0,10.0,9.0,5.0,5.0,3.0,5.0,3.0
해운대구,좌동,2023,2635055300,좌제3동,True,4.0,15349.0,False,1611.0,10.495797771841811,3989.0,25.98866375659652,6380.0,41.56622581275653,3369.0,21.94931265880513,55.0,72.0,69.0,56.0,76.0,92.0,97.0,116.0,131.0,111.0,149.0,125.0,169.0,161.0,132.0,160.0,170.0,166.0,177.0,154.0,172.0,179.0,172.0,153.0,142.0,167.0,139.0,155.0,177.0,150.0,158.0,187.0,182.0,174.0,145.0,140.0,146.0,134.0,150.0,140.0,191.0,192.0,235.0,232.0,215.0,174.0,218.0,228.0,202.0,251.0,295.0,307.0,295.0,307.0,311.0,304.0,268.0,229.0,290.0,274.0,244.0,275.0,269.0,308.0,266.0,249.0,256.0,215.0,225.0,176.0,149.0,183.0,144.0,121.0,135.0,151.0,126.0,92.0,91.0,104.0,120.0,105.0,88.0,107.0,95.0,84.0,69.0,61.0,35.0,41.0,38.0,30.0,19.0,21.0,5.0,13.0,9.0,3.0,3.0,2.0,4.0
해운대구,좌동,2023,2635055400,좌제4동,True,4.0,22210.0,False,2728.0,12.282755515533545,6265.0,28.20801440792436,9472.0,42.64745610085547,3745.0,16.861773975686628,99.0,103.0,79.0,109.0,136.0,133.0,171.0,181.0,228.0,204.0,231.0,255.0,253.0,272.0,274.0,318.0,284.0,280.0,286.0,256.0,259.0,263.0,260.0,278.0,252.0,237.0,243.0,239.0,251.0,227.0,243.0,227.0,261.0,256.0,226.0,239.0,213.0,212.0,221.0,234.0,293.0,317.0,338.0,345.0,390.0,348.0,362.0,350.0,361.0,412.0,434.0,458.0,496.0,482.0,482.0,416.0,383.0,338.0,370.0,368.0,356.0,354.0,364.0,369.0,286.0,346.0,303.0,274.0,263.0,185.0,189.0,176.0,139.0,137.0,170.0,141.0,140.0,132.0,108.0,108.0,114.0,122.0,119.0,80.0,104.0,76.0,64.0,55.0,46.0,41.0,41.0,17.0,13.0,8.0,11.0,9.0,5.0,2.0,2.0,0.0,5.0
해운대구,좌동,2024,2635055100,좌제1동,True,4.0,17072.0,False,1755.0,10.279990627928772,5204.0,30.48266166822868,7111.0,41.65299906279288,3002.0,17.584348641049672,54.0,56.0,54.0,57.0,86.0,72.0,81.0,100.0,138.0,155.0,160.0,159.0,232.0,186.0,165.0,187.0,181.0,196.0,184.0,185.0,176.0,171.0,172.0,210.0,265.0,237.0,262.0,287.0,250.0,266.0,225.0,222.0,209.0,225.0,206.0,182.0,185.0,159.0,174.0,188.0,192.0,204.0,268.0,281.0,270.0,282.0,235.0,269.0,280.0,308.0,321.0,356.0,367.0,369.0,365.0,374.0,316.0,302.0,212.0,268.0,262.0,243.0,254.0,280.0,233.0,203.0,230.0,224.0,170.0,193.0,144.0,125.0,121.0,91.0,117.0,112.0,113.0,104.0,105.0,87.0,92.0,93.0,110.0,93.0,93.0,70.0,64.0,53.0,43.0,46.0,22.0,20.0,25.0,10.0,9.0,11.0,3.0,3.0,0.0,1.0,2.0
해운대구,좌동,2024,2635055200,좌제2동,True,4.0,30235.0,False,2707.0,8.953199933851497,9478.0,31.34777575657351,12326.0,40.767322639325286,5724.0,18.931701670249712,113.0,111.0,102.0,133.0,123.0,144.0,164.0,158.0,211.0,222.0,217.0,236.0,245.0,265.0,263.0,240.0,259.0,304.0,242.0,245.0,261.0,287.0,263.0,387.0,416.0,429.0,450.0,476.0,518.0,486.0,482.0,458.0,534.0,425.0,402.0,422.0,381.0,384.0,381.0,346.0,373.0,396.0,422.0,476.0,473.0,423.0,412.0,448.0,435.0,442.0,484.0,487.0,549.0,573.0,608.0,552.0,554.0,576.0,505.0,540.0,503.0,500.0,534.0,546.0,515.0,458.0,438.0,422.0,405.0,403.0,298.0,262.0,279.0,183.0,200.0,222.0,242.0,198.0,182.0,156.0,142.0,171.0,155.0,143.0,131.0,128.0,93.0,78.0,64.0,67.0,54.0,36.0,33.0,28.0,18.0,8.0,8.0,5.0,4.0,3.0,7.0
해운대구,좌동,2024,2635055300,좌제3동,True,4.0,14955.0,False,1479.0,9.889669007021062,3802.0,25.422935473085925,6158.0,41.17686392510866,3516.0,23.510531594784357,50.0,51.0,65.0,62.0,50.0,61.0,96.0,92.0,115.0,127.0,115.0,155.0,115.0,167.0,158.0,131.0,152.0,166.0,158.0,151.0,148.0,156.0,156.0,155.0,140.0,139.0,156.0,131.0,157.0,190.0,156.0,161.0,181.0,168.0,160.0,137.0,128.0,137.0,135.0,153.0,147.0,184.0,185.0,217.0,222.0,211.0,176.0,221.0,223.0,195.0,256.0,299.0,299.0,284.0,289.0,306.0,304.0,273.0,228.0,289.0,274.0,241.0,262.0,264.0,309.0,261.0,245.0,251.0,210.0,226.0,178.0,144.0,183.0,142.0,120.0,129.0,147.0,129.0,93.0,87.0,99.0,114.0,96.0,82.0,101.0,94.0,79.0,62.0,58.0,33.0,34.0,30.0,25.0,18.0,18.0,5.0,8.0,6.0,3.0,2.0,4.0
해운대구,좌동,2024,2635055400,좌제4동,True,4.0,21882.0,False,2622.0,11.98245132986016,6041.0,27.607165706973767,9304.0,42.51896535965634,3915.0,17.891417603509733,99.0,88.0,100.0,77.0,105.0,134.0,149.0,180.0,191.0,232.0,224.0,240.0,272.0,254.0,277.0,279.0,295.0,276.0,269.0,237.0,231.0,237.0,229.0,245.0,260.0,238.0,222.0,232.0,241.0,242.0,228.0,238.0,235.0,251.0,242.0,229.0,251.0,209.0,209.0,216.0,231.0,305.0,328.0,351.0,364.0,394.0,340.0,342.0,349.0,358.0,401.0,410.0,434.0,470.0,462.0,472.0,409.0,384.0,337.0,365.0,366.0,350.0,352.0,365.0,365.0,284.0,334.0,298.0,269.0,268.0,184.0,181.0,170.0,134.0,136.0,159.0,136.0,141.0,135.0,102.0,108.0,108.0,114.0,121.0,82.0,104.0,71.0,59.0,53.0,40.0,36.0,31.0,14.0,11.0,7.0,10.0,7.0,3.0,1.0,1.0,3.0
